"scenario","replicate","method_id","method","uncertainty_type","Overall_AUC","Hidden_AUC","Hidden_at_15","Hidden_Recall_at_15","Overall_Recall_at_45","Overall_LogLoss","Hidden_LogLoss","Overall_Brier","Hidden_Brier","Overall_Coverage_80","Hidden_Coverage_80","Overall_Interval_Score_80","Hidden_Interval_Score_80","Overall_Coverage_95","Hidden_Coverage_95","Overall_Interval_Score_95","Hidden_Interval_Score_95","runtime_sec"
"Linear Gaussian covariates and Bernoulli SBM, fixed mixed-signal SCAR design",1,"ADA","Ada","not available",0.802190923317684,0.739718309859155,4,0.266666666666667,0.511111111111111,0.458770029643922,0.872796393001016,0.142218251126272,0.303225007439565,NA,NA,NA,NA,NA,NA,NA,NA,0.691145896911621
"Linear Gaussian covariates and Bernoulli SBM, fixed mixed-signal SCAR design",2,"ADA","Ada","not available",0.840876369327074,0.737089201877934,4,0.266666666666667,0.466666666666667,0.466279932679645,0.774680517466024,0.148701420220174,0.27829210730421,NA,NA,NA,NA,NA,NA,NA,NA,0.259603977203369
"Linear Gaussian covariates and Bernoulli SBM, fixed mixed-signal SCAR design",3,"ADA","Ada","not available",0.778591549295775,0.659530516431925,1,0.0666666666666667,0.444444444444444,0.43696270568435,1.10034551799506,0.136529617522972,0.404212253927527,NA,NA,NA,NA,NA,NA,NA,NA,0.318788051605225
"Linear Gaussian covariates and Bernoulli SBM, fixed mixed-signal SCAR design",4,"ADA","Ada","not available",0.846823161189358,0.732394366197183,4,0.266666666666667,0.533333333333333,0.440957018673796,0.871897462582209,0.137974926789884,0.320113504859667,NA,NA,NA,NA,NA,NA,NA,NA,0.326038122177124
"Linear Gaussian covariates and Bernoulli SBM, fixed mixed-signal SCAR design",5,"ADA","Ada","not available",0.816588419405321,0.756431924882629,4,0.266666666666667,0.511111111111111,0.470741468405021,0.761417938621317,0.147528030421116,0.275537983324953,NA,NA,NA,NA,NA,NA,NA,NA,0.333969116210938
"Linear Gaussian covariates and Bernoulli SBM, fixed mixed-signal SCAR design",6,"ADA","Ada","not available",0.769953051643192,0.691643192488263,2,0.133333333333333,0.444444444444444,0.533963514026067,0.871931300872762,0.17532842057106,0.316232321225756,NA,NA,NA,NA,NA,NA,NA,NA,0.363583087921143
"Linear Gaussian covariates and Bernoulli SBM, fixed mixed-signal SCAR design",7,"ADA","Ada","not available",0.744788732394366,0.56,2,0.133333333333333,0.488888888888889,0.520988481641859,0.926927740799678,0.166098152319376,0.362933469287878,NA,NA,NA,NA,NA,NA,NA,NA,0.352644920349121
"Linear Gaussian covariates and Bernoulli SBM, fixed mixed-signal SCAR design",8,"ADA","Ada","not available",0.845696400625978,0.75924882629108,3,0.2,0.555555555555556,0.400757806695185,0.88784343276904,0.123349463164322,0.324351755136107,NA,NA,NA,NA,NA,NA,NA,NA,0.403252840042114
"Linear Gaussian covariates and Bernoulli SBM, fixed mixed-signal SCAR design",9,"ADA","Ada","not available",0.82510172143975,0.707230046948357,4,0.266666666666667,0.555555555555556,0.430162857544867,1.01015961428296,0.135091316983611,0.337603665045089,NA,NA,NA,NA,NA,NA,NA,NA,0.302302837371826
"Linear Gaussian covariates and Bernoulli SBM, fixed mixed-signal SCAR design",10,"ADA","Ada","not available",0.805508607198748,0.627042253521127,2,0.133333333333333,0.488888888888889,0.444090529122678,1.06775631866704,0.138115760227515,0.40757995701251,NA,NA,NA,NA,NA,NA,NA,NA,0.800830125808716
"Linear Gaussian covariates and Bernoulli SBM, fixed mixed-signal SCAR design",11,"ADA","Ada","not available",0.811580594679186,0.684507042253521,3,0.2,0.511111111111111,0.483718035825677,0.915426631602824,0.156838347110603,0.318485811191099,NA,NA,NA,NA,NA,NA,NA,NA,0.240077018737793
"Linear Gaussian covariates and Bernoulli SBM, fixed mixed-signal SCAR design",12,"ADA","Ada","not available",0.75981220657277,0.578215962441315,2,0.133333333333333,0.422222222222222,0.492459913239602,1.02075694182237,0.157751205093406,0.382901595595251,NA,NA,NA,NA,NA,NA,NA,NA,0.297398805618286
"Linear Gaussian covariates and Bernoulli SBM, fixed mixed-signal SCAR design",13,"ADA","Ada","not available",0.843129890453834,0.816901408450704,4,0.266666666666667,0.466666666666667,0.491263589322948,0.691263234079437,0.154611032720374,0.246032334675802,NA,NA,NA,NA,NA,NA,NA,NA,0.389189004898071
"Linear Gaussian covariates and Bernoulli SBM, fixed mixed-signal SCAR design",14,"ADA","Ada","not available",0.79830985915493,0.642441314553991,4,0.266666666666667,0.555555555555556,0.466818134956749,0.93582049328232,0.144952689231863,0.351840450877391,NA,NA,NA,NA,NA,NA,NA,NA,0.242668867111206
"Linear Gaussian covariates and Bernoulli SBM, fixed mixed-signal SCAR design",15,"ADA","Ada","not available",0.79830985915493,0.744788732394366,3,0.2,0.488888888888889,0.465901798286784,0.81832603935897,0.147051666529547,0.28302834340696,NA,NA,NA,NA,NA,NA,NA,NA,0.380523920059204
"Linear Gaussian covariates and Bernoulli SBM, fixed mixed-signal SCAR design",16,"ADA","Ada","not available",0.849452269170579,0.772206572769953,0,0,0.377777777777778,0.508586223561727,0.834678736288642,0.160863229977055,0.319508775136875,NA,NA,NA,NA,NA,NA,NA,NA,0.300232172012329
"Linear Gaussian covariates and Bernoulli SBM, fixed mixed-signal SCAR design",17,"ADA","Ada","not available",0.849452269170579,0.779718309859155,3,0.2,0.511111111111111,0.486686943590193,0.753595022148643,0.152628735710784,0.277493198229449,NA,NA,NA,NA,NA,NA,NA,NA,0.366432905197144
"Linear Gaussian covariates and Bernoulli SBM, fixed mixed-signal SCAR design",18,"ADA","Ada","not available",0.843442879499217,0.769201877934272,5,0.333333333333333,0.533333333333333,0.516416409101362,0.831619949745646,0.163747569709277,0.317694727688988,NA,NA,NA,NA,NA,NA,NA,NA,0.278232097625732
"Linear Gaussian covariates and Bernoulli SBM, fixed mixed-signal SCAR design",19,"ADA","Ada","not available",0.184851330203443,0.205633802816901,0,0,0.0222222222222222,0.550992179383968,0.969197167900108,0.179893756003957,0.385104929652776,NA,NA,NA,NA,NA,NA,NA,NA,0.304930925369263
"Linear Gaussian covariates and Bernoulli SBM, fixed mixed-signal SCAR design",20,"ADA","Ada","not available",0.78735524256651,0.743661971830986,1,0.0666666666666667,0.466666666666667,0.472099822287099,0.824621743631942,0.150778043271481,0.30526240981944,NA,NA,NA,NA,NA,NA,NA,NA,0.233334064483643
"Linear Gaussian covariates and Bernoulli SBM, fixed mixed-signal SCAR design",21,"ADA","Ada","not available",0.778028169014085,0.673427230046948,2,0.133333333333333,0.511111111111111,0.479539953373516,0.87750424771346,0.151131141665674,0.329761042708321,NA,NA,NA,NA,NA,NA,NA,NA,0.313581943511963
"Linear Gaussian covariates and Bernoulli SBM, fixed mixed-signal SCAR design",22,"ADA","Ada","not available",0.803568075117371,0.686948356807512,1,0.0666666666666667,0.488888888888889,0.459254393317456,1.00960827258138,0.149158893099867,0.383575103935775,NA,NA,NA,NA,NA,NA,NA,NA,0.307008981704712
"Linear Gaussian covariates and Bernoulli SBM, fixed mixed-signal SCAR design",23,"ADA","Ada","not available",0.796870109546166,0.662159624413146,0,0,0.311111111111111,0.595834506727692,0.766286651006469,0.203318908426338,0.281948810029648,NA,NA,NA,NA,NA,NA,NA,NA,0.328701972961426
"Linear Gaussian covariates and Bernoulli SBM, fixed mixed-signal SCAR design",24,"ADA","Ada","not available",0.803192488262911,0.730516431924883,2,0.133333333333333,0.422222222222222,0.502571992832571,0.788588496529545,0.163702621366395,0.284240713541013,NA,NA,NA,NA,NA,NA,NA,NA,0.230614900588989
"Linear Gaussian covariates and Bernoulli SBM, fixed mixed-signal SCAR design",25,"ADA","Ada","not available",0.841627543035994,0.725633802816901,3,0.2,0.488888888888889,0.455052808132761,0.839686609454855,0.13938072384737,0.319168219930624,NA,NA,NA,NA,NA,NA,NA,NA,0.298754930496216
"Linear Gaussian covariates and Bernoulli SBM, fixed mixed-signal SCAR design",26,"ADA","Ada","not available",0.196619718309859,0.444882629107981,1,0.0666666666666667,0.0222222222222222,0.577402334251997,0.896330618786004,0.192645240348973,0.350244713969924,NA,NA,NA,NA,NA,NA,NA,NA,0.391592025756836
"Linear Gaussian covariates and Bernoulli SBM, fixed mixed-signal SCAR design",27,"ADA","Ada","not available",0.832488262910798,0.746666666666667,4,0.266666666666667,0.511111111111111,0.52800423335197,0.831370692404261,0.169149404153859,0.317665525976304,NA,NA,NA,NA,NA,NA,NA,NA,0.292233943939209
"Linear Gaussian covariates and Bernoulli SBM, fixed mixed-signal SCAR design",28,"ADA","Ada","not available",0.804945226917058,0.648638497652582,1,0.0666666666666667,0.488888888888889,0.477370453178321,0.9385064487351,0.155333369686393,0.357141564449184,NA,NA,NA,NA,NA,NA,NA,NA,0.238420963287354
"Linear Gaussian covariates and Bernoulli SBM, fixed mixed-signal SCAR design",29,"ADA","Ada","not available",0.789233176838811,0.612769953051643,2,0.133333333333333,0.466666666666667,0.473595574630837,1.039255076,0.150407874365601,0.39315219514659,NA,NA,NA,NA,NA,NA,NA,NA,0.354506969451904
"Linear Gaussian covariates and Bernoulli SBM, fixed mixed-signal SCAR design",30,"ADA","Ada","not available",0.806009389671361,0.692769953051643,3,0.2,0.466666666666667,0.476835717781983,0.847282738876396,0.150438090262105,0.317947007814835,NA,NA,NA,NA,NA,NA,NA,NA,0.389908075332642
"Linear Gaussian covariates and Bernoulli SBM, fixed mixed-signal SCAR design",31,"ADA","Ada","not available",0.804444444444444,0.722629107981221,5,0.333333333333333,0.511111111111111,0.487019442087374,0.778278968233097,0.154214493484641,0.286541496821505,NA,NA,NA,NA,NA,NA,NA,NA,0.280953884124756
"Linear Gaussian covariates and Bernoulli SBM, fixed mixed-signal SCAR design",32,"ADA","Ada","not available",0.767636932707355,0.656150234741784,1,0.0666666666666667,0.466666666666667,0.537954930074725,0.88866181806009,0.173726915112084,0.346094255753495,NA,NA,NA,NA,NA,NA,NA,NA,0.231729984283447
"Linear Gaussian covariates and Bernoulli SBM, fixed mixed-signal SCAR design",33,"ADA","Ada","not available",0.810954616588419,0.755117370892019,2,0.133333333333333,0.511111111111111,0.555239357479165,0.740381543104517,0.175375952629942,0.247660203653632,NA,NA,NA,NA,NA,NA,NA,NA,0.398496866226196
"Linear Gaussian covariates and Bernoulli SBM, fixed mixed-signal SCAR design",34,"ADA","Ada","not available",0.365070422535211,0.489014084507042,1,0.0666666666666667,0.0888888888888889,0.564817645402616,0.902308285490122,0.18654884617533,0.353218935085078,NA,NA,NA,NA,NA,NA,NA,NA,0.313353061676025
"Linear Gaussian covariates and Bernoulli SBM, fixed mixed-signal SCAR design",35,"ADA","Ada","not available",0.85170579029734,0.765633802816901,3,0.2,0.533333333333333,0.434901798973843,0.856571034146701,0.130020016241567,0.321395005272405,NA,NA,NA,NA,NA,NA,NA,NA,0.321767091751099
"Linear Gaussian covariates and Bernoulli SBM, fixed mixed-signal SCAR design",36,"ADA","Ada","not available",0.751298904538341,0.651643192488263,1,0.0666666666666667,0.466666666666667,0.499414724897253,0.982070971964472,0.16270444708566,0.365310139987901,NA,NA,NA,NA,NA,NA,NA,NA,0.255546092987061
"Linear Gaussian covariates and Bernoulli SBM, fixed mixed-signal SCAR design",37,"ADA","Ada","not available",0.796557120500782,0.647699530516432,4,0.266666666666667,0.533333333333333,0.471035655824207,0.901894059611606,0.146026080094001,0.340804860596637,NA,NA,NA,NA,NA,NA,NA,NA,0.253567934036255
"Linear Gaussian covariates and Bernoulli SBM, fixed mixed-signal SCAR design",38,"ADA","Ada","not available",0.825915492957746,0.772206572769953,5,0.333333333333333,0.511111111111111,0.493269960883801,0.661891876739333,0.158597211669275,0.227867983359942,NA,NA,NA,NA,NA,NA,NA,NA,0.317076921463013
"Linear Gaussian covariates and Bernoulli SBM, fixed mixed-signal SCAR design",39,"ADA","Ada","not available",0.769139280125196,0.587981220657277,2,0.133333333333333,0.466666666666667,0.487455611834196,1.06179401473186,0.156945719724421,0.407605836035594,NA,NA,NA,NA,NA,NA,NA,NA,0.266655921936035
"Linear Gaussian covariates and Bernoulli SBM, fixed mixed-signal SCAR design",40,"ADA","Ada","not available",0.822848200312989,0.741784037558685,3,0.2,0.577777777777778,0.497090099097585,0.797542953114618,0.156145408412408,0.298885554988071,NA,NA,NA,NA,NA,NA,NA,NA,0.285324096679688
"Linear Gaussian covariates and Bernoulli SBM, fixed mixed-signal SCAR design",41,"ADA","Ada","not available",0.81508607198748,0.702535211267606,4,0.266666666666667,0.533333333333333,0.450040601273081,0.86179484707513,0.139673603776281,0.310353304187063,NA,NA,NA,NA,NA,NA,NA,NA,0.305842161178589
"Linear Gaussian covariates and Bernoulli SBM, fixed mixed-signal SCAR design",42,"ADA","Ada","not available",0.792363067292645,0.636619718309859,3,0.2,0.488888888888889,0.460418597875906,1.01712925910795,0.145514561415576,0.384181448297978,NA,NA,NA,NA,NA,NA,NA,NA,0.242573022842407
"Linear Gaussian covariates and Bernoulli SBM, fixed mixed-signal SCAR design",43,"ADA","Ada","not available",0.803943661971831,0.663849765258216,2,0.133333333333333,0.466666666666667,0.525621695676545,0.882220971846867,0.168115806701985,0.342312071333294,NA,NA,NA,NA,NA,NA,NA,NA,0.362097978591919
"Linear Gaussian covariates and Bernoulli SBM, fixed mixed-signal SCAR design",44,"ADA","Ada","not available",0.818403755868545,0.606009389671362,1,0.0666666666666667,0.466666666666667,0.491641152129001,0.953964391913279,0.155320479813508,0.373387370428856,NA,NA,NA,NA,NA,NA,NA,NA,0.467509984970093
"Linear Gaussian covariates and Bernoulli SBM, fixed mixed-signal SCAR design",45,"ADA","Ada","not available",0.82773082942097,0.753239436619718,3,0.2,0.511111111111111,0.449357274542117,0.797810701457647,0.141266627380414,0.27224358519553,NA,NA,NA,NA,NA,NA,NA,NA,0.254299163818359
"Linear Gaussian covariates and Bernoulli SBM, fixed mixed-signal SCAR design",46,"ADA","Ada","not available",0.796494522691706,0.614647887323944,3,0.2,0.511111111111111,0.475744785762249,1.25114740850575,0.151624409747737,0.413874728008148,NA,NA,NA,NA,NA,NA,NA,NA,0.253335952758789
"Linear Gaussian covariates and Bernoulli SBM, fixed mixed-signal SCAR design",47,"ADA","Ada","not available",0.862222222222222,0.829859154929578,3,0.2,0.422222222222222,0.481248252291617,0.600908418477,0.154484213694315,0.206597735099388,NA,NA,NA,NA,NA,NA,NA,NA,0.443601131439209
"Linear Gaussian covariates and Bernoulli SBM, fixed mixed-signal SCAR design",48,"ADA","Ada","not available",0.782034428794992,0.620281690140845,3,0.2,0.466666666666667,0.481052772095656,0.952598715214339,0.153095307260781,0.367745908983645,NA,NA,NA,NA,NA,NA,NA,NA,0.268378973007202
"Linear Gaussian covariates and Bernoulli SBM, fixed mixed-signal SCAR design",49,"ADA","Ada","not available",0.77452269170579,0.624037558685446,3,0.2,0.422222222222222,0.4768076808734,0.9343323377532,0.147590498126668,0.359234533595515,NA,NA,NA,NA,NA,NA,NA,NA,0.258488893508911
"Linear Gaussian covariates and Bernoulli SBM, fixed mixed-signal SCAR design",50,"ADA","Ada","not available",0.828419405320814,0.772018779342723,2,0.133333333333333,0.511111111111111,0.426773402244501,0.825690733429331,0.131140918104745,0.262052754372983,NA,NA,NA,NA,NA,NA,NA,NA,0.298274040222168
"Linear Gaussian covariates and Bernoulli SBM, fixed mixed-signal SCAR design",51,"ADA","Ada","not available",0.170829420970266,0.292206572769953,1,0.0666666666666667,0.0444444444444444,0.574786494873199,0.92080552456952,0.191328762636996,0.362043213718041,NA,NA,NA,NA,NA,NA,NA,NA,0.382823944091797
"Linear Gaussian covariates and Bernoulli SBM, fixed mixed-signal SCAR design",52,"ADA","Ada","not available",0.848137715179969,0.765633802816901,4,0.266666666666667,0.511111111111111,0.500474858554511,0.798536251909946,0.157142092303723,0.300432299649829,NA,NA,NA,NA,NA,NA,NA,NA,0.311270952224731
"Linear Gaussian covariates and Bernoulli SBM, fixed mixed-signal SCAR design",53,"ADA","Ada","not available",0.790172143974961,0.683755868544601,2,0.133333333333333,0.533333333333333,0.433776988704298,0.951570682791949,0.132544670672608,0.360078606377943,NA,NA,NA,NA,NA,NA,NA,NA,1.34200501441956
"Linear Gaussian covariates and Bernoulli SBM, fixed mixed-signal SCAR design",54,"ADA","Ada","not available",0.795680751173709,0.687511737089202,2,0.133333333333333,0.466666666666667,0.459605344645192,0.899227616910378,0.144856041554089,0.339675539200105,NA,NA,NA,NA,NA,NA,NA,NA,1.55061793327332
"Linear Gaussian covariates and Bernoulli SBM, fixed mixed-signal SCAR design",55,"ADA","Ada","not available",0.820093896713615,0.658967136150235,2,0.133333333333333,0.577777777777778,0.430015492565017,1.00505008954418,0.131742986990011,0.367620470247404,NA,NA,NA,NA,NA,NA,NA,NA,1.57012295722961
"Linear Gaussian covariates and Bernoulli SBM, fixed mixed-signal SCAR design",56,"ADA","Ada","not available",0.78660406885759,0.555680751173709,4,0.266666666666667,0.577777777777778,0.419971002084847,1.57172337137839,0.129992527405167,0.522387981220409,NA,NA,NA,NA,NA,NA,NA,NA,0.915230989456177
"Linear Gaussian covariates and Bernoulli SBM, fixed mixed-signal SCAR design",57,"ADA","Ada","not available",0.843505477308294,0.784225352112676,4,0.266666666666667,0.422222222222222,0.495686714832599,0.705285279211612,0.157496136360428,0.255898070647291,NA,NA,NA,NA,NA,NA,NA,NA,1.55809688568115
"Linear Gaussian covariates and Bernoulli SBM, fixed mixed-signal SCAR design",58,"ADA","Ada","not available",0.817339593114241,0.687136150234742,1,0.0666666666666667,0.466666666666667,0.452358565185151,1.03681133160786,0.142066722286399,0.341510565389917,NA,NA,NA,NA,NA,NA,NA,NA,1.55959606170654
"Linear Gaussian covariates and Bernoulli SBM, fixed mixed-signal SCAR design",59,"ADA","Ada","not available",0.784037558685446,0.711173708920188,1,0.0666666666666667,0.4,0.499095812703889,0.862109299313572,0.162027975444369,0.326664949262194,NA,NA,NA,NA,NA,NA,NA,NA,1.5759289264679
"Linear Gaussian covariates and Bernoulli SBM, fixed mixed-signal SCAR design",60,"ADA","Ada","not available",0.769702660406886,0.604131455399061,1,0.0666666666666667,0.444444444444444,0.527870332936336,0.906632660159637,0.169347353307426,0.353636565184611,NA,NA,NA,NA,NA,NA,NA,NA,1.54390597343445
"Linear Gaussian covariates and Bernoulli SBM, fixed mixed-signal SCAR design",61,"ADA","Ada","not available",0.849014084507042,0.780845070422535,5,0.333333333333333,0.555555555555556,0.425244319792871,0.735492762881074,0.129490745651496,0.267038269302619,NA,NA,NA,NA,NA,NA,NA,NA,1.20923399925232
"Linear Gaussian covariates and Bernoulli SBM, fixed mixed-signal SCAR design",62,"ADA","Ada","not available",0.784287949921753,0.64093896713615,2,0.133333333333333,0.466666666666667,0.468632708010187,1.01025037112086,0.147927241784802,0.369153953909469,NA,NA,NA,NA,NA,NA,NA,NA,1.44294691085815
"Linear Gaussian covariates and Bernoulli SBM, fixed mixed-signal SCAR design",63,"ADA","Ada","not available",0.818278560250391,0.685633802816901,4,0.266666666666667,0.488888888888889,0.449097963421709,0.947272859635974,0.142514927639172,0.341519126867208,NA,NA,NA,NA,NA,NA,NA,NA,1.44322395324707
"Linear Gaussian covariates and Bernoulli SBM, fixed mixed-signal SCAR design",64,"ADA","Ada","not available",0.765133020344288,0.582159624413146,1,0.0666666666666667,0.488888888888889,0.491699072672894,1.11274106160731,0.161566381092192,0.423781768133938,NA,NA,NA,NA,NA,NA,NA,NA,1.34346604347229
"Linear Gaussian covariates and Bernoulli SBM, fixed mixed-signal SCAR design",65,"ADA","Ada","not available",0.776525821596244,0.662723004694836,4,0.266666666666667,0.444444444444444,0.470283152237799,0.908622041473509,0.146372088853263,0.345518913698315,NA,NA,NA,NA,NA,NA,NA,NA,1.37252902984619
"Linear Gaussian covariates and Bernoulli SBM, fixed mixed-signal SCAR design",66,"ADA","Ada","not available",0.823286384976526,0.744413145539906,2,0.133333333333333,0.533333333333333,0.429356449092092,0.83610363269205,0.131734381710918,0.303351662764816,NA,NA,NA,NA,NA,NA,NA,NA,1.13186597824097
"Linear Gaussian covariates and Bernoulli SBM, fixed mixed-signal SCAR design",67,"ADA","Ada","not available",0.814084507042254,0.685446009389671,1,0.0666666666666667,0.533333333333333,0.460080837219485,0.922533706838944,0.141546900008188,0.351541258196975,NA,NA,NA,NA,NA,NA,NA,NA,1.04485893249512
"Linear Gaussian covariates and Bernoulli SBM, fixed mixed-signal SCAR design",68,"ADA","Ada","not available",0.805195618153365,0.604319248826291,4,0.266666666666667,0.511111111111111,0.518438908800155,0.908134399829218,0.164842742396867,0.353856694933078,NA,NA,NA,NA,NA,NA,NA,NA,0.293015003204346
"Linear Gaussian covariates and Bernoulli SBM, fixed mixed-signal SCAR design",69,"ADA","Ada","not available",0.824475743348983,0.730328638497653,1,0.0666666666666667,0.511111111111111,0.541387051945767,0.735449184593757,0.177026075632974,0.250489915715627,NA,NA,NA,NA,NA,NA,NA,NA,0.280586004257202
"Linear Gaussian covariates and Bernoulli SBM, fixed mixed-signal SCAR design",70,"ADA","Ada","not available",0.735273865414711,0.712488262910798,4,0.266666666666667,0.466666666666667,0.555247868591955,0.868762542040301,0.181958696236204,0.336814176691725,NA,NA,NA,NA,NA,NA,NA,NA,0.251377820968628
"Linear Gaussian covariates and Bernoulli SBM, fixed mixed-signal SCAR design",71,"ADA","Ada","not available",0.815148669796557,0.713615023474178,4,0.266666666666667,0.488888888888889,0.458865636452641,0.800569826029545,0.14360805484546,0.290827310885506,NA,NA,NA,NA,NA,NA,NA,NA,0.365548849105835
"Linear Gaussian covariates and Bernoulli SBM, fixed mixed-signal SCAR design",72,"ADA","Ada","not available",0.810140845070422,0.688638497652582,1,0.0666666666666667,0.377777777777778,0.478197327648294,0.909154895552895,0.149705513344355,0.352925166829466,NA,NA,NA,NA,NA,NA,NA,NA,0.355611085891724
"Linear Gaussian covariates and Bernoulli SBM, fixed mixed-signal SCAR design",73,"ADA","Ada","not available",0.799186228482003,0.702159624413146,2,0.133333333333333,0.466666666666667,0.436660312346097,0.936639224012763,0.133134451855467,0.352564438215095,NA,NA,NA,NA,NA,NA,NA,NA,0.405909061431885
"Linear Gaussian covariates and Bernoulli SBM, fixed mixed-signal SCAR design",74,"ADA","Ada","not available",0.820156494522692,0.743286384976526,4,0.266666666666667,0.466666666666667,0.485641859873755,0.735235413562897,0.157847050166204,0.261619526663927,NA,NA,NA,NA,NA,NA,NA,NA,0.267031908035278
"Linear Gaussian covariates and Bernoulli SBM, fixed mixed-signal SCAR design",75,"ADA","Ada","not available",0.81245696400626,0.688262910798122,2,0.133333333333333,0.511111111111111,0.430272931755696,1.03076022213036,0.135775924517289,0.353018918217305,NA,NA,NA,NA,NA,NA,NA,NA,0.51000714302063
"Linear Gaussian covariates and Bernoulli SBM, fixed mixed-signal SCAR design",76,"ADA","Ada","not available",0.790234741784038,0.716431924882629,3,0.2,0.577777777777778,0.411292353044961,1.04916185107432,0.1261719694713,0.360464253516899,NA,NA,NA,NA,NA,NA,NA,NA,0.28313684463501
"Linear Gaussian covariates and Bernoulli SBM, fixed mixed-signal SCAR design",77,"ADA","Ada","not available",0.801752738654147,0.712676056338028,3,0.2,0.466666666666667,0.431874034737462,0.923288314169491,0.136718275675586,0.335732262980146,NA,NA,NA,NA,NA,NA,NA,NA,1.18814086914062
"Linear Gaussian covariates and Bernoulli SBM, fixed mixed-signal SCAR design",78,"ADA","Ada","not available",0.777589984350548,0.700469483568075,3,0.2,0.444444444444444,0.462701148088658,0.949594974140842,0.146182429914989,0.343045004404476,NA,NA,NA,NA,NA,NA,NA,NA,0.854454040527344
"Linear Gaussian covariates and Bernoulli SBM, fixed mixed-signal SCAR design",79,"ADA","Ada","not available",0.837746478873239,0.752112676056338,3,0.2,0.466666666666667,0.507730079737092,0.822254502738006,0.16030471069707,0.31283479974783,NA,NA,NA,NA,NA,NA,NA,NA,1.25348615646362
"Linear Gaussian covariates and Bernoulli SBM, fixed mixed-signal SCAR design",80,"ADA","Ada","not available",0.796995305164319,0.750422535211268,3,0.2,0.511111111111111,0.462263969138362,0.770383481627256,0.145539129256802,0.272700716266661,NA,NA,NA,NA,NA,NA,NA,NA,0.598506927490234
"Linear Gaussian covariates and Bernoulli SBM, fixed mixed-signal SCAR design",81,"ADA","Ada","not available",0.784162754303599,0.68037558685446,2,0.133333333333333,0.444444444444444,0.492395797066488,0.977113864754789,0.1583252698284,0.33788815097921,NA,NA,NA,NA,NA,NA,NA,NA,0.643738031387329
"Linear Gaussian covariates and Bernoulli SBM, fixed mixed-signal SCAR design",82,"ADA","Ada","not available",0.846322378716745,0.775962441314554,5,0.333333333333333,0.488888888888889,0.509749517450257,0.799917204044141,0.161011508997272,0.30204848515915,NA,NA,NA,NA,NA,NA,NA,NA,0.906805038452148
"Linear Gaussian covariates and Bernoulli SBM, fixed mixed-signal SCAR design",83,"ADA","Ada","not available",0.83924882629108,0.716431924882629,5,0.333333333333333,0.577777777777778,0.433705399298191,0.835142902022194,0.137283922214083,0.298313587067146,NA,NA,NA,NA,NA,NA,NA,NA,0.857002019882202
"Linear Gaussian covariates and Bernoulli SBM, fixed mixed-signal SCAR design",84,"ADA","Ada","not available",0.829358372456964,0.726197183098592,4,0.266666666666667,0.511111111111111,0.488230645759503,0.797565519599789,0.152752822485917,0.299624037084188,NA,NA,NA,NA,NA,NA,NA,NA,0.751521825790405
"Linear Gaussian covariates and Bernoulli SBM, fixed mixed-signal SCAR design",85,"ADA","Ada","not available",0.853646322378717,0.823849765258216,4,0.266666666666667,0.511111111111111,0.471601921138448,0.678461445610558,0.146213719118875,0.243165775218399,NA,NA,NA,NA,NA,NA,NA,NA,0.708328008651733
"Linear Gaussian covariates and Bernoulli SBM, fixed mixed-signal SCAR design",86,"ADA","Ada","not available",0.78641627543036,0.636995305164319,1,0.0666666666666667,0.466666666666667,0.490127898645554,0.918318007461197,0.154491024817199,0.358318289725602,NA,NA,NA,NA,NA,NA,NA,NA,0.747193098068237
"Linear Gaussian covariates and Bernoulli SBM, fixed mixed-signal SCAR design",87,"ADA","Ada","not available",0.84112676056338,0.763568075117371,1,0.0666666666666667,0.466666666666667,0.479192713766649,0.735788490028745,0.154643266327349,0.255478537181761,NA,NA,NA,NA,NA,NA,NA,NA,0.825530052185059
"Linear Gaussian covariates and Bernoulli SBM, fixed mixed-signal SCAR design",88,"ADA","Ada","not available",0.839123630672927,0.786854460093897,6,0.4,0.533333333333333,0.459564986915164,0.678821336220557,0.145979011529713,0.223640160057745,NA,NA,NA,NA,NA,NA,NA,NA,0.789690017700195
"Linear Gaussian covariates and Bernoulli SBM, fixed mixed-signal SCAR design",89,"ADA","Ada","not available",0.822910798122066,0.646572769953052,2,0.133333333333333,0.533333333333333,0.471463485366365,0.944820351238418,0.151401560256017,0.347686566655335,NA,NA,NA,NA,NA,NA,NA,NA,0.696951150894165
"Linear Gaussian covariates and Bernoulli SBM, fixed mixed-signal SCAR design",90,"ADA","Ada","not available",0.834366197183099,0.657464788732394,2,0.133333333333333,0.466666666666667,0.44271179137816,1.01932776014413,0.138378060770287,0.371706522841921,NA,NA,NA,NA,NA,NA,NA,NA,0.730607032775879
"Linear Gaussian covariates and Bernoulli SBM, fixed mixed-signal SCAR design",91,"ADA","Ada","not available",0.803755868544601,0.763380281690141,3,0.2,0.511111111111111,0.445973867401571,0.75284580225968,0.139875921315957,0.258590132381704,NA,NA,NA,NA,NA,NA,NA,NA,0.527566909790039
"Linear Gaussian covariates and Bernoulli SBM, fixed mixed-signal SCAR design",92,"ADA","Ada","not available",0.821596244131455,0.746103286384976,2,0.133333333333333,0.444444444444444,0.447178076786478,0.839165186191228,0.141900565496005,0.309941072086186,NA,NA,NA,NA,NA,NA,NA,NA,0.285818815231323
"Linear Gaussian covariates and Bernoulli SBM, fixed mixed-signal SCAR design",93,"ADA","Ada","not available",0.812143974960876,0.772206572769953,3,0.2,0.466666666666667,0.47185074637465,0.788482589043115,0.14575422599076,0.293813739215968,NA,NA,NA,NA,NA,NA,NA,NA,0.282828092575073
"Linear Gaussian covariates and Bernoulli SBM, fixed mixed-signal SCAR design",94,"ADA","Ada","not available",0.843380281690141,0.776150234741784,3,0.2,0.511111111111111,0.51208398317647,0.778975387742603,0.162558678740456,0.290544336456719,NA,NA,NA,NA,NA,NA,NA,NA,0.296449184417725
"Linear Gaussian covariates and Bernoulli SBM, fixed mixed-signal SCAR design",95,"ADA","Ada","not available",0.79924882629108,0.68131455399061,2,0.133333333333333,0.422222222222222,0.511384595653621,0.850541736453286,0.168507553034751,0.311082024609525,NA,NA,NA,NA,NA,NA,NA,NA,0.305044889450073
"Linear Gaussian covariates and Bernoulli SBM, fixed mixed-signal SCAR design",96,"ADA","Ada","not available",0.81452269170579,0.732957746478873,4,0.266666666666667,0.488888888888889,0.458206267457356,0.822987181423384,0.142035030965277,0.308089413185576,NA,NA,NA,NA,NA,NA,NA,NA,0.195222139358521
"Linear Gaussian covariates and Bernoulli SBM, fixed mixed-signal SCAR design",97,"ADA","Ada","not available",0.810140845070422,0.684507042253521,1,0.0666666666666667,0.466666666666667,0.478240210453658,0.840260971329738,0.151504073868068,0.309217497106514,NA,NA,NA,NA,NA,NA,NA,NA,0.26426100730896
"Linear Gaussian covariates and Bernoulli SBM, fixed mixed-signal SCAR design",98,"ADA","Ada","not available",0.778654147104851,0.709107981220657,5,0.333333333333333,0.511111111111111,0.453397524497503,0.865782071171888,0.139504711609495,0.322983525614594,NA,NA,NA,NA,NA,NA,NA,NA,0.263788938522339
"Linear Gaussian covariates and Bernoulli SBM, fixed mixed-signal SCAR design",99,"ADA","Ada","not available",0.84056338028169,0.744788732394366,3,0.2,0.511111111111111,0.456490077795425,0.793468539610706,0.144694358047064,0.280915442691943,NA,NA,NA,NA,NA,NA,NA,NA,0.29615592956543
"Linear Gaussian covariates and Bernoulli SBM, fixed mixed-signal SCAR design",100,"ADA","Ada","not available",0.834616588419405,0.693708920187793,3,0.2,0.555555555555556,0.474616055174881,0.853784458163206,0.148856372933883,0.318752714941313,NA,NA,NA,NA,NA,NA,NA,NA,0.974447965621948
"Linear Gaussian covariates and Bernoulli SBM, fixed mixed-signal SCAR design",1,"ADA_NET","Ada + Net","not available",0.81226917057903,0.76112676056338,4,0.266666666666667,0.533333333333333,0.459917798196893,0.806645917245761,0.145149276126347,0.282751891910846,NA,NA,NA,NA,NA,NA,NA,NA,0.474737167358398
"Linear Gaussian covariates and Bernoulli SBM, fixed mixed-signal SCAR design",2,"ADA_NET","Ada + Net","not available",0.832613458528952,0.72018779342723,3,0.2,0.488888888888889,0.463780413734812,0.814133334417226,0.148121703751894,0.292086390843389,NA,NA,NA,NA,NA,NA,NA,NA,0.259115934371948
"Linear Gaussian covariates and Bernoulli SBM, fixed mixed-signal SCAR design",3,"ADA_NET","Ada + Net","not available",0.764820031298905,0.627042253521127,1,0.0666666666666667,0.4,0.449129566875813,1.14730225204889,0.141319096366192,0.419010349548122,NA,NA,NA,NA,NA,NA,NA,NA,0.437829971313477
"Linear Gaussian covariates and Bernoulli SBM, fixed mixed-signal SCAR design",4,"ADA_NET","Ada + Net","not available",0.888012519561815,0.816338028169014,3,0.2,0.555555555555556,0.391529416282236,0.721292689452558,0.120662823434863,0.266031655148476,NA,NA,NA,NA,NA,NA,NA,NA,0.344799995422363
"Linear Gaussian covariates and Bernoulli SBM, fixed mixed-signal SCAR design",5,"ADA_NET","Ada + Net","not available",0.913928012519562,0.860093896713615,8,0.533333333333333,0.711111111111111,0.387370622991529,0.524743634591797,0.1189686819662,0.171333307632292,NA,NA,NA,NA,NA,NA,NA,NA,0.256641149520874
"Linear Gaussian covariates and Bernoulli SBM, fixed mixed-signal SCAR design",6,"ADA_NET","Ada + Net","not available",0.828231611893584,0.746291079812207,3,0.2,0.444444444444444,0.512346563065363,0.701186517015551,0.168499968321446,0.252659030057737,NA,NA,NA,NA,NA,NA,NA,NA,0.315859079360962
"Linear Gaussian covariates and Bernoulli SBM, fixed mixed-signal SCAR design",7,"ADA_NET","Ada + Net","not available",0.821220657276995,0.643943661971831,1,0.0666666666666667,0.488888888888889,0.494793934248716,0.963202550527483,0.16043174634984,0.345777442148626,NA,NA,NA,NA,NA,NA,NA,NA,0.407896041870117
"Linear Gaussian covariates and Bernoulli SBM, fixed mixed-signal SCAR design",8,"ADA_NET","Ada + Net","not available",0.912112676056338,0.83906103286385,4,0.266666666666667,0.666666666666667,0.353625066273057,0.705097988210355,0.105242428539775,0.251260744230729,NA,NA,NA,NA,NA,NA,NA,NA,0.312657117843628
"Linear Gaussian covariates and Bernoulli SBM, fixed mixed-signal SCAR design",9,"ADA_NET","Ada + Net","not available",0.840876369327074,0.707042253521127,3,0.2,0.555555555555556,0.441210716855346,1.03891613515305,0.138729363530768,0.342470752993993,NA,NA,NA,NA,NA,NA,NA,NA,0.240327835083008
"Linear Gaussian covariates and Bernoulli SBM, fixed mixed-signal SCAR design",10,"ADA_NET","Ada + Net","not available",0.841940532081377,0.698967136150235,1,0.0666666666666667,0.511111111111111,0.445964815298773,0.916789014487003,0.143216001497803,0.337253699026422,NA,NA,NA,NA,NA,NA,NA,NA,0.341675043106079
"Linear Gaussian covariates and Bernoulli SBM, fixed mixed-signal SCAR design",11,"ADA_NET","Ada + Net","not available",0.875242566510172,0.765821596244131,2,0.133333333333333,0.577777777777778,0.437840009498227,0.839183801445957,0.13868446257611,0.267843083863917,NA,NA,NA,NA,NA,NA,NA,NA,0.268466949462891
"Linear Gaussian covariates and Bernoulli SBM, fixed mixed-signal SCAR design",12,"ADA_NET","Ada + Net","not available",0.793615023474178,0.575962441314554,2,0.133333333333333,0.488888888888889,0.503910008073604,0.951261272671783,0.159904150154728,0.367415594029807,NA,NA,NA,NA,NA,NA,NA,NA,0.250885963439941
"Linear Gaussian covariates and Bernoulli SBM, fixed mixed-signal SCAR design",13,"ADA_NET","Ada + Net","not available",0.873615023474178,0.845633802816901,3,0.2,0.533333333333333,0.488346160646354,0.489472214687611,0.15934897125353,0.154978060501963,NA,NA,NA,NA,NA,NA,NA,NA,0.391049861907959
"Linear Gaussian covariates and Bernoulli SBM, fixed mixed-signal SCAR design",14,"ADA_NET","Ada + Net","not available",0.794303599374022,0.672676056338028,2,0.133333333333333,0.511111111111111,0.473988542500216,1.00392850349273,0.152850592972027,0.357110933394859,NA,NA,NA,NA,NA,NA,NA,NA,0.236564159393311
"Linear Gaussian covariates and Bernoulli SBM, fixed mixed-signal SCAR design",15,"ADA_NET","Ada + Net","not available",0.881940532081377,0.84056338028169,4,0.266666666666667,0.577777777777778,0.468584360269933,0.511215860857127,0.152324161998274,0.181030182562806,NA,NA,NA,NA,NA,NA,NA,NA,0.316836833953857
"Linear Gaussian covariates and Bernoulli SBM, fixed mixed-signal SCAR design",16,"ADA_NET","Ada + Net","not available",0.84018779342723,0.738779342723005,0,0,0.355555555555556,0.505572715770736,0.858244121282649,0.159791104194806,0.330924785407026,NA,NA,NA,NA,NA,NA,NA,NA,0.301071882247925
"Linear Gaussian covariates and Bernoulli SBM, fixed mixed-signal SCAR design",17,"ADA_NET","Ada + Net","not available",0.871611893583725,0.843755868544601,4,0.266666666666667,0.6,0.44992395370766,0.55329401691476,0.143764052095832,0.183597701287473,NA,NA,NA,NA,NA,NA,NA,NA,0.328541994094849
"Linear Gaussian covariates and Bernoulli SBM, fixed mixed-signal SCAR design",18,"ADA_NET","Ada + Net","not available",0.9218779342723,0.871361502347418,8,0.533333333333333,0.755555555555556,0.355954369679831,0.62571170869849,0.100442342907075,0.218952474823413,NA,NA,NA,NA,NA,NA,NA,NA,0.315287113189697
"Linear Gaussian covariates and Bernoulli SBM, fixed mixed-signal SCAR design",19,"ADA_NET","Ada + Net","not available",0.823035993740219,0.738779342723005,2,0.133333333333333,0.466666666666667,0.543733645850928,0.876222026597593,0.176496951571933,0.340431820400845,NA,NA,NA,NA,NA,NA,NA,NA,0.286463022232056
"Linear Gaussian covariates and Bernoulli SBM, fixed mixed-signal SCAR design",20,"ADA_NET","Ada + Net","not available",0.819029733959311,0.745352112676056,1,0.0666666666666667,0.555555555555556,0.472575747250617,0.789140745295273,0.148909282632113,0.289939621715394,NA,NA,NA,NA,NA,NA,NA,NA,0.326292037963867
"Linear Gaussian covariates and Bernoulli SBM, fixed mixed-signal SCAR design",21,"ADA_NET","Ada + Net","not available",0.803317683881064,0.71868544600939,3,0.2,0.533333333333333,0.494488084366506,0.780660738347306,0.16047712031823,0.283910188661834,NA,NA,NA,NA,NA,NA,NA,NA,0.26895809173584
"Linear Gaussian covariates and Bernoulli SBM, fixed mixed-signal SCAR design",22,"ADA_NET","Ada + Net","not available",0.838059467918623,0.723004694835681,1,0.0666666666666667,0.511111111111111,0.457511859125133,0.867195738656894,0.146992404543264,0.316869554777663,NA,NA,NA,NA,NA,NA,NA,NA,0.265348196029663
"Linear Gaussian covariates and Bernoulli SBM, fixed mixed-signal SCAR design",23,"ADA_NET","Ada + Net","not available",0.837245696400626,0.72131455399061,2,0.133333333333333,0.488888888888889,0.453272239023494,0.849960515095539,0.140232271493687,0.321756466394703,NA,NA,NA,NA,NA,NA,NA,NA,0.401286840438843
"Linear Gaussian covariates and Bernoulli SBM, fixed mixed-signal SCAR design",24,"ADA_NET","Ada + Net","not available",0.860594679186228,0.686009389671361,5,0.333333333333333,0.6,0.397758789121954,0.960231457320085,0.120069006897507,0.345950769871156,NA,NA,NA,NA,NA,NA,NA,NA,0.267412900924683
"Linear Gaussian covariates and Bernoulli SBM, fixed mixed-signal SCAR design",25,"ADA_NET","Ada + Net","not available",0.862284820031299,0.766384976525822,4,0.266666666666667,0.533333333333333,0.421581789476728,0.804808668232705,0.128426371580794,0.30433127886512,NA,NA,NA,NA,NA,NA,NA,NA,0.355692863464355
"Linear Gaussian covariates and Bernoulli SBM, fixed mixed-signal SCAR design",26,"ADA_NET","Ada + Net","not available",0.82491392801252,0.671924882629108,3,0.2,0.511111111111111,0.471705648821038,0.897764669566318,0.145084272810819,0.341228462094838,NA,NA,NA,NA,NA,NA,NA,NA,0.345329999923706
"Linear Gaussian covariates and Bernoulli SBM, fixed mixed-signal SCAR design",27,"ADA_NET","Ada + Net","not available",0.870547730829421,0.796807511737089,3,0.2,0.422222222222222,0.523922205492618,0.81108307058316,0.167388305412942,0.307919891856353,NA,NA,NA,NA,NA,NA,NA,NA,0.256164073944092
"Linear Gaussian covariates and Bernoulli SBM, fixed mixed-signal SCAR design",28,"ADA_NET","Ada + Net","not available",0.893082942097027,0.824976525821596,4,0.266666666666667,0.622222222222222,0.423355660803913,0.629078260204943,0.133235629683145,0.222360562800728,NA,NA,NA,NA,NA,NA,NA,NA,0.281547069549561
"Linear Gaussian covariates and Bernoulli SBM, fixed mixed-signal SCAR design",29,"ADA_NET","Ada + Net","not available",0.877809076682316,0.79962441314554,4,0.266666666666667,0.577777777777778,0.383202220738587,0.810465619951535,0.114106117556201,0.304023783294984,NA,NA,NA,NA,NA,NA,NA,NA,0.375019073486328
"Linear Gaussian covariates and Bernoulli SBM, fixed mixed-signal SCAR design",30,"ADA_NET","Ada + Net","not available",0.806134585289515,0.711549295774648,3,0.2,0.488888888888889,0.488646392353063,0.786546847487789,0.158337687388057,0.292137195005705,NA,NA,NA,NA,NA,NA,NA,NA,0.3191819190979
"Linear Gaussian covariates and Bernoulli SBM, fixed mixed-signal SCAR design",31,"ADA_NET","Ada + Net","not available",0.809139280125196,0.708169014084507,4,0.266666666666667,0.511111111111111,0.484967095883324,0.805329820945716,0.157700124432443,0.299785587061462,NA,NA,NA,NA,NA,NA,NA,NA,0.240152835845947
"Linear Gaussian covariates and Bernoulli SBM, fixed mixed-signal SCAR design",32,"ADA_NET","Ada + Net","not available",0.892707355242567,0.835117370892019,2,0.133333333333333,0.555555555555556,0.420933576611729,0.62627716436851,0.131144792310133,0.220066317729651,NA,NA,NA,NA,NA,NA,NA,NA,0.298511981964111
"Linear Gaussian covariates and Bernoulli SBM, fixed mixed-signal SCAR design",33,"ADA_NET","Ada + Net","not available",0.818090766823161,0.763192488262911,3,0.2,0.555555555555556,0.472167749727769,0.77004094544246,0.150062590607507,0.27083042370015,NA,NA,NA,NA,NA,NA,NA,NA,0.364368915557861
"Linear Gaussian covariates and Bernoulli SBM, fixed mixed-signal SCAR design",34,"ADA_NET","Ada + Net","not available",0.180719874804382,0.381784037558685,0,0,0,0.578758533145902,0.934224695251727,0.193264889166855,0.368140162585729,NA,NA,NA,NA,NA,NA,NA,NA,0.282582998275757
"Linear Gaussian covariates and Bernoulli SBM, fixed mixed-signal SCAR design",35,"ADA_NET","Ada + Net","not available",0.843693270735524,0.768075117370892,3,0.2,0.511111111111111,0.415076256409557,0.845183813689509,0.125610876126728,0.30294546808347,NA,NA,NA,NA,NA,NA,NA,NA,0.447900772094727
"Linear Gaussian covariates and Bernoulli SBM, fixed mixed-signal SCAR design",36,"ADA_NET","Ada + Net","not available",0.779968701095462,0.649577464788732,1,0.0666666666666667,0.444444444444444,0.491409811431136,0.920255922625578,0.154115806851533,0.357625959089102,NA,NA,NA,NA,NA,NA,NA,NA,0.259995222091675
"Linear Gaussian covariates and Bernoulli SBM, fixed mixed-signal SCAR design",37,"ADA_NET","Ada + Net","not available",0.82585289514867,0.695586854460094,3,0.2,0.533333333333333,0.444037660458079,0.881160830029014,0.13512138778832,0.334431516991374,NA,NA,NA,NA,NA,NA,NA,NA,0.285067081451416
"Linear Gaussian covariates and Bernoulli SBM, fixed mixed-signal SCAR design",38,"ADA_NET","Ada + Net","not available",0.816400625978091,0.737089201877934,5,0.333333333333333,0.511111111111111,0.44294071988877,0.798852335568139,0.138481150226031,0.287239243720708,NA,NA,NA,NA,NA,NA,NA,NA,0.398308038711548
"Linear Gaussian covariates and Bernoulli SBM, fixed mixed-signal SCAR design",39,"ADA_NET","Ada + Net","not available",0.77302034428795,0.614647887323944,2,0.133333333333333,0.444444444444444,0.474872386135904,1.07991719395918,0.152268832964972,0.403265972485492,NA,NA,NA,NA,NA,NA,NA,NA,0.26147198677063
"Linear Gaussian covariates and Bernoulli SBM, fixed mixed-signal SCAR design",40,"ADA_NET","Ada + Net","not available",0.865414710485133,0.7618779342723,4,0.266666666666667,0.555555555555556,0.450011190351756,0.757825701982362,0.138496451501815,0.27552339295009,NA,NA,NA,NA,NA,NA,NA,NA,0.261032104492188
"Linear Gaussian covariates and Bernoulli SBM, fixed mixed-signal SCAR design",41,"ADA_NET","Ada + Net","not available",0.795054773082942,0.670422535211268,4,0.266666666666667,0.533333333333333,0.412626241757566,1.09680546086225,0.128238443234398,0.384396458638931,NA,NA,NA,NA,NA,NA,NA,NA,0.312441110610962
"Linear Gaussian covariates and Bernoulli SBM, fixed mixed-signal SCAR design",42,"ADA_NET","Ada + Net","not available",0.815962441314554,0.715492957746479,2,0.133333333333333,0.488888888888889,0.461822307276042,0.884511132528294,0.148263586152549,0.319037199061726,NA,NA,NA,NA,NA,NA,NA,NA,0.274399042129517
"Linear Gaussian covariates and Bernoulli SBM, fixed mixed-signal SCAR design",43,"ADA_NET","Ada + Net","not available",0.871674491392801,0.808262910798122,3,0.2,0.555555555555556,0.436711909335276,0.658371476596746,0.136356718356421,0.222394723440473,NA,NA,NA,NA,NA,NA,NA,NA,0.325976133346558
"Linear Gaussian covariates and Bernoulli SBM, fixed mixed-signal SCAR design",44,"ADA_NET","Ada + Net","not available",0.816338028169014,0.645258215962441,1,0.0666666666666667,0.488888888888889,0.453846194121821,1.03025384209277,0.14556564214177,0.385476611717568,NA,NA,NA,NA,NA,NA,NA,NA,0.435840845108032
"Linear Gaussian covariates and Bernoulli SBM, fixed mixed-signal SCAR design",45,"ADA_NET","Ada + Net","not available",0.86566510172144,0.782535211267606,4,0.266666666666667,0.6,0.415174490235709,0.761521691950711,0.129027554791818,0.25658848223394,NA,NA,NA,NA,NA,NA,NA,NA,0.291474103927612
"Linear Gaussian covariates and Bernoulli SBM, fixed mixed-signal SCAR design",46,"ADA_NET","Ada + Net","not available",0.905790297339593,0.806009389671361,5,0.333333333333333,0.688888888888889,0.336831830476965,0.841250294505484,0.101372246345931,0.303754341433555,NA,NA,NA,NA,NA,NA,NA,NA,0.269768953323364
"Linear Gaussian covariates and Bernoulli SBM, fixed mixed-signal SCAR design",47,"ADA_NET","Ada + Net","not available",0.878810641627543,0.860657276995305,3,0.2,0.511111111111111,0.453124881522729,0.495028278223937,0.145552635490477,0.161969575666649,NA,NA,NA,NA,NA,NA,NA,NA,0.360363960266113
"Linear Gaussian covariates and Bernoulli SBM, fixed mixed-signal SCAR design",48,"ADA_NET","Ada + Net","not available",0.858090766823161,0.765446009389671,3,0.2,0.533333333333333,0.460393203963029,0.77377347532862,0.142318469169984,0.287421679413095,NA,NA,NA,NA,NA,NA,NA,NA,0.253971099853516
"Linear Gaussian covariates and Bernoulli SBM, fixed mixed-signal SCAR design",49,"ADA_NET","Ada + Net","not available",0.819718309859155,0.700657276995305,3,0.2,0.555555555555556,0.440014873950687,0.916872788104174,0.139530205220868,0.345126029057615,NA,NA,NA,NA,NA,NA,NA,NA,0.246071100234985
"Linear Gaussian covariates and Bernoulli SBM, fixed mixed-signal SCAR design",50,"ADA_NET","Ada + Net","not available",0.829796557120501,0.738028169014085,3,0.2,0.511111111111111,0.421720647980514,0.919152599201019,0.131755990747561,0.297254361677008,NA,NA,NA,NA,NA,NA,NA,NA,0.257979869842529
"Linear Gaussian covariates and Bernoulli SBM, fixed mixed-signal SCAR design",51,"ADA_NET","Ada + Net","not available",0.803818466353678,0.669483568075117,2,0.133333333333333,0.488888888888889,0.512421938051129,0.8659415682993,0.163205639307163,0.332867312358128,NA,NA,NA,NA,NA,NA,NA,NA,0.39733099937439
"Linear Gaussian covariates and Bernoulli SBM, fixed mixed-signal SCAR design",52,"ADA_NET","Ada + Net","not available",0.859655712050078,0.782535211267606,2,0.133333333333333,0.511111111111111,0.444153227295644,0.722637147144258,0.140072273841323,0.262778108165509,NA,NA,NA,NA,NA,NA,NA,NA,0.252578020095825
"Linear Gaussian covariates and Bernoulli SBM, fixed mixed-signal SCAR design",53,"ADA_NET","Ada + Net","not available",0.834053208137715,0.725258215962441,2,0.133333333333333,0.488888888888889,0.421781514258583,0.958729396414916,0.129688326633297,0.356061319101442,NA,NA,NA,NA,NA,NA,NA,NA,1.55756902694702
"Linear Gaussian covariates and Bernoulli SBM, fixed mixed-signal SCAR design",54,"ADA_NET","Ada + Net","not available",0.828982785602504,0.732582159624413,3,0.2,0.533333333333333,0.498413526331328,0.875216726557551,0.163031558651432,0.285465637825021,NA,NA,NA,NA,NA,NA,NA,NA,1.36675310134888
"Linear Gaussian covariates and Bernoulli SBM, fixed mixed-signal SCAR design",55,"ADA_NET","Ada + Net","not available",0.869546165884194,0.75868544600939,2,0.133333333333333,0.6,0.404153103347563,0.885525873340837,0.124664717634625,0.303356339631854,NA,NA,NA,NA,NA,NA,NA,NA,1.67286086082458
"Linear Gaussian covariates and Bernoulli SBM, fixed mixed-signal SCAR design",56,"ADA_NET","Ada + Net","not available",0.794616588419405,0.532769953051643,2,0.133333333333333,0.555555555555556,0.487481165177195,1.54123075303262,0.155508364779287,0.511481787065226,NA,NA,NA,NA,NA,NA,NA,NA,1.00541496276855
"Linear Gaussian covariates and Bernoulli SBM, fixed mixed-signal SCAR design",57,"ADA_NET","Ada + Net","not available",0.899405320813772,0.873615023474178,6,0.4,0.533333333333333,0.464453494349116,0.475743333549598,0.147973912210772,0.154551338151164,NA,NA,NA,NA,NA,NA,NA,NA,1.51583909988403
"Linear Gaussian covariates and Bernoulli SBM, fixed mixed-signal SCAR design",58,"ADA_NET","Ada + Net","not available",0.861721439749609,0.772957746478873,4,0.266666666666667,0.6,0.422944142441594,0.779608587202995,0.133507735325271,0.288593036972933,NA,NA,NA,NA,NA,NA,NA,NA,1.56587696075439
"Linear Gaussian covariates and Bernoulli SBM, fixed mixed-signal SCAR design",59,"ADA_NET","Ada + Net","not available",0.873740219092332,0.771079812206573,2,0.133333333333333,0.577777777777778,0.454956393792217,0.834996354506127,0.138401467715595,0.316426558984743,NA,NA,NA,NA,NA,NA,NA,NA,1.65479111671448
"Linear Gaussian covariates and Bernoulli SBM, fixed mixed-signal SCAR design",60,"ADA_NET","Ada + Net","not available",0.845007824726135,0.779342723004695,2,0.133333333333333,0.533333333333333,0.510193319746722,0.789076845326073,0.161738634102645,0.296237137561009,NA,NA,NA,NA,NA,NA,NA,NA,1.35079193115234
"Linear Gaussian covariates and Bernoulli SBM, fixed mixed-signal SCAR design",61,"ADA_NET","Ada + Net","not available",0.830860719874804,0.747230046948357,5,0.333333333333333,0.555555555555556,0.427720805354753,0.79009160342362,0.132863444661592,0.285742992481881,NA,NA,NA,NA,NA,NA,NA,NA,1.33775401115417
"Linear Gaussian covariates and Bernoulli SBM, fixed mixed-signal SCAR design",62,"ADA_NET","Ada + Net","not available",0.863536776212833,0.716056338028169,3,0.2,0.577777777777778,0.452235777111871,0.839640626553761,0.14163876140465,0.313387974742917,NA,NA,NA,NA,NA,NA,NA,NA,1.59294414520264
"Linear Gaussian covariates and Bernoulli SBM, fixed mixed-signal SCAR design",63,"ADA_NET","Ada + Net","not available",0.83981220657277,0.709483568075117,3,0.2,0.511111111111111,0.424170373640181,0.922999711682063,0.132141727483518,0.334464833364122,NA,NA,NA,NA,NA,NA,NA,NA,1.09190702438354
"Linear Gaussian covariates and Bernoulli SBM, fixed mixed-signal SCAR design",64,"ADA_NET","Ada + Net","not available",0.81264475743349,0.654460093896714,3,0.2,0.577777777777778,0.440554285127043,1.01782120165762,0.139614281109918,0.388660589000284,NA,NA,NA,NA,NA,NA,NA,NA,1.43715500831604
"Linear Gaussian covariates and Bernoulli SBM, fixed mixed-signal SCAR design",65,"ADA_NET","Ada + Net","not available",0.841001564945227,0.740093896713615,1,0.0666666666666667,0.488888888888889,0.456633551909938,0.799109158606381,0.144779949968754,0.296659193535966,NA,NA,NA,NA,NA,NA,NA,NA,1.35003089904785
"Linear Gaussian covariates and Bernoulli SBM, fixed mixed-signal SCAR design",66,"ADA_NET","Ada + Net","not available",0.845508607198748,0.828356807511737,5,0.333333333333333,0.555555555555556,0.455967075410056,0.591084872344454,0.14605210405784,0.202110503212931,NA,NA,NA,NA,NA,NA,NA,NA,1.05174589157104
"Linear Gaussian covariates and Bernoulli SBM, fixed mixed-signal SCAR design",67,"ADA_NET","Ada + Net","not available",0.800876369327074,0.671549295774648,1,0.0666666666666667,0.422222222222222,0.47812267626964,0.966314335274639,0.153071532053614,0.342088776475529,NA,NA,NA,NA,NA,NA,NA,NA,1.08024001121521
"Linear Gaussian covariates and Bernoulli SBM, fixed mixed-signal SCAR design",68,"ADA_NET","Ada + Net","not available",0.816338028169014,0.611643192488263,4,0.266666666666667,0.533333333333333,0.520304163101749,0.887392623026924,0.165811964670041,0.343500367719144,NA,NA,NA,NA,NA,NA,NA,NA,0.386776208877563
"Linear Gaussian covariates and Bernoulli SBM, fixed mixed-signal SCAR design",69,"ADA_NET","Ada + Net","not available",0.86660406885759,0.806948356807512,1,0.0666666666666667,0.533333333333333,0.530550269452177,0.539822914593132,0.170935462204138,0.18404077876027,NA,NA,NA,NA,NA,NA,NA,NA,0.263643980026245
"Linear Gaussian covariates and Bernoulli SBM, fixed mixed-signal SCAR design",70,"ADA_NET","Ada + Net","not available",0.904225352112676,0.902159624413146,5,0.333333333333333,0.666666666666667,0.410660784755824,0.479601817586915,0.126494819195904,0.153266276508376,NA,NA,NA,NA,NA,NA,NA,NA,0.241678953170776
"Linear Gaussian covariates and Bernoulli SBM, fixed mixed-signal SCAR design",71,"ADA_NET","Ada + Net","not available",0.835931142410016,0.750985915492958,4,0.266666666666667,0.488888888888889,0.477131056799827,0.754025329646792,0.155740099029983,0.263188567802264,NA,NA,NA,NA,NA,NA,NA,NA,0.311491966247559
"Linear Gaussian covariates and Bernoulli SBM, fixed mixed-signal SCAR design",72,"ADA_NET","Ada + Net","not available",0.84169014084507,0.700281690140845,2,0.133333333333333,0.511111111111111,0.511295542903855,0.854150921096206,0.162038835404993,0.328335078829302,NA,NA,NA,NA,NA,NA,NA,NA,0.431639909744263
"Linear Gaussian covariates and Bernoulli SBM, fixed mixed-signal SCAR design",73,"ADA_NET","Ada + Net","not available",0.830547730829421,0.696713615023474,2,0.133333333333333,0.488888888888889,0.460515493027678,0.887481150404724,0.141233011605941,0.339959232188253,NA,NA,NA,NA,NA,NA,NA,NA,0.388874053955078
"Linear Gaussian covariates and Bernoulli SBM, fixed mixed-signal SCAR design",74,"ADA_NET","Ada + Net","not available",0.851330203442879,0.72206572769953,3,0.2,0.511111111111111,0.491420732571099,0.825684722275726,0.153620785337517,0.312580978164821,NA,NA,NA,NA,NA,NA,NA,NA,0.282057046890259
"Linear Gaussian covariates and Bernoulli SBM, fixed mixed-signal SCAR design",75,"ADA_NET","Ada + Net","not available",0.816463223787167,0.695023474178404,2,0.133333333333333,0.511111111111111,0.437981367344516,1.02522840486579,0.13812228116023,0.33831337528382,NA,NA,NA,NA,NA,NA,NA,NA,0.387089014053345
"Linear Gaussian covariates and Bernoulli SBM, fixed mixed-signal SCAR design",76,"ADA_NET","Ada + Net","not available",0.774460093896714,0.703474178403756,3,0.2,0.533333333333333,0.467401952810668,1.12439653270909,0.143957819864364,0.35675135046587,NA,NA,NA,NA,NA,NA,NA,NA,0.234757900238037
"Linear Gaussian covariates and Bernoulli SBM, fixed mixed-signal SCAR design",77,"ADA_NET","Ada + Net","not available",0.869608763693271,0.766197183098592,3,0.2,0.555555555555556,0.440230609967872,0.75254657440719,0.138782351228725,0.26654911714371,NA,NA,NA,NA,NA,NA,NA,NA,1.18970513343811
"Linear Gaussian covariates and Bernoulli SBM, fixed mixed-signal SCAR design",78,"ADA_NET","Ada + Net","not available",0.800500782472613,0.703286384976526,2,0.133333333333333,0.488888888888889,0.462545274894223,0.898002658950809,0.141861953140522,0.344319941015778,NA,NA,NA,NA,NA,NA,NA,NA,0.999804019927979
"Linear Gaussian covariates and Bernoulli SBM, fixed mixed-signal SCAR design",79,"ADA_NET","Ada + Net","not available",0.915305164319249,0.890140845070423,6,0.4,0.622222222222222,0.442054781455721,0.576741759264933,0.134561864207753,0.195179916796676,NA,NA,NA,NA,NA,NA,NA,NA,1.06552505493164
"Linear Gaussian covariates and Bernoulli SBM, fixed mixed-signal SCAR design",80,"ADA_NET","Ada + Net","not available",0.851142410015649,0.778967136150235,5,0.333333333333333,0.577777777777778,0.471530805795188,0.691648176602389,0.148162317124951,0.248688344670378,NA,NA,NA,NA,NA,NA,NA,NA,0.567322015762329
"Linear Gaussian covariates and Bernoulli SBM, fixed mixed-signal SCAR design",81,"ADA_NET","Ada + Net","not available",0.794679186228482,0.68075117370892,2,0.133333333333333,0.511111111111111,0.471681471345879,0.905958808931936,0.149347953042305,0.333986600365315,NA,NA,NA,NA,NA,NA,NA,NA,0.717437982559204
"Linear Gaussian covariates and Bernoulli SBM, fixed mixed-signal SCAR design",82,"ADA_NET","Ada + Net","not available",0.853145539906103,0.794741784037559,6,0.4,0.622222222222222,0.431743981361711,0.722403937663452,0.133907946580857,0.24744357761677,NA,NA,NA,NA,NA,NA,NA,NA,0.766915082931519
"Linear Gaussian covariates and Bernoulli SBM, fixed mixed-signal SCAR design",83,"ADA_NET","Ada + Net","not available",0.875931142410016,0.790234741784038,6,0.4,0.6,0.432990614159937,0.658740199639908,0.137427959494912,0.238094543540378,NA,NA,NA,NA,NA,NA,NA,NA,0.634085178375244
"Linear Gaussian covariates and Bernoulli SBM, fixed mixed-signal SCAR design",84,"ADA_NET","Ada + Net","not available",0.868419405320814,0.815211267605634,3,0.2,0.533333333333333,0.473724234057642,0.712849738432845,0.146729531479077,0.259359688415993,NA,NA,NA,NA,NA,NA,NA,NA,0.80115795135498
"Linear Gaussian covariates and Bernoulli SBM, fixed mixed-signal SCAR design",85,"ADA_NET","Ada + Net","not available",0.844882629107981,0.844694835680751,8,0.533333333333333,0.622222222222222,0.406682494518277,0.599713029092122,0.127214554456228,0.213646823916003,NA,NA,NA,NA,NA,NA,NA,NA,0.646713972091675
"Linear Gaussian covariates and Bernoulli SBM, fixed mixed-signal SCAR design",86,"ADA_NET","Ada + Net","not available",0.793615023474178,0.650704225352113,1,0.0666666666666667,0.466666666666667,0.491144631916339,0.895926669733694,0.154449226586357,0.346335368968972,NA,NA,NA,NA,NA,NA,NA,NA,0.793702125549316
"Linear Gaussian covariates and Bernoulli SBM, fixed mixed-signal SCAR design",87,"ADA_NET","Ada + Net","not available",0.878998435054773,0.806760563380282,3,0.2,0.511111111111111,0.441822703165737,0.653883319434321,0.141681735382936,0.221429547051292,NA,NA,NA,NA,NA,NA,NA,NA,0.769712924957275
"Linear Gaussian covariates and Bernoulli SBM, fixed mixed-signal SCAR design",88,"ADA_NET","Ada + Net","not available",0.815023474178404,0.747042253521127,6,0.4,0.555555555555556,0.46528457378059,0.770805256885525,0.147211013537364,0.258825230783801,NA,NA,NA,NA,NA,NA,NA,NA,0.774600982666016
"Linear Gaussian covariates and Bernoulli SBM, fixed mixed-signal SCAR design",89,"ADA_NET","Ada + Net","not available",0.824976525821596,0.661220657276995,2,0.133333333333333,0.533333333333333,0.431278774680901,1.00533344755798,0.133408157590181,0.384160949271178,NA,NA,NA,NA,NA,NA,NA,NA,0.752215147018433
"Linear Gaussian covariates and Bernoulli SBM, fixed mixed-signal SCAR design",90,"ADA_NET","Ada + Net","not available",0.897214397496088,0.75981220657277,3,0.2,0.622222222222222,0.421966521337926,0.797093531922443,0.127293352574024,0.299156966052285,NA,NA,NA,NA,NA,NA,NA,NA,1.28109097480774
"Linear Gaussian covariates and Bernoulli SBM, fixed mixed-signal SCAR design",91,"ADA_NET","Ada + Net","not available",0.854647887323944,0.779530516431925,3,0.2,0.533333333333333,0.438041029204863,0.739592640956047,0.1400605474547,0.262658794449618,NA,NA,NA,NA,NA,NA,NA,NA,0.36868691444397
"Linear Gaussian covariates and Bernoulli SBM, fixed mixed-signal SCAR design",92,"ADA_NET","Ada + Net","not available",0.842691705790297,0.693896713615023,1,0.0666666666666667,0.444444444444444,0.465885092316798,0.878083431172779,0.146717155629216,0.332667576641873,NA,NA,NA,NA,NA,NA,NA,NA,0.316973924636841
"Linear Gaussian covariates and Bernoulli SBM, fixed mixed-signal SCAR design",93,"ADA_NET","Ada + Net","not available",0.812895148669797,0.770140845070423,4,0.266666666666667,0.533333333333333,0.473159008297785,0.801904598393243,0.146075704688202,0.301022370255079,NA,NA,NA,NA,NA,NA,NA,NA,0.293704986572266
"Linear Gaussian covariates and Bernoulli SBM, fixed mixed-signal SCAR design",94,"ADA_NET","Ada + Net","not available",0.911924882629108,0.817089201877934,5,0.333333333333333,0.644444444444444,0.457998508681392,0.734591092804304,0.139112447512056,0.265398630984033,NA,NA,NA,NA,NA,NA,NA,NA,0.287219047546387
"Linear Gaussian covariates and Bernoulli SBM, fixed mixed-signal SCAR design",95,"ADA_NET","Ada + Net","not available",0.794491392801252,0.632488262910798,2,0.133333333333333,0.444444444444444,0.539104089664893,0.883783505498255,0.179518331727145,0.326550265052987,NA,NA,NA,NA,NA,NA,NA,NA,0.294004917144775
"Linear Gaussian covariates and Bernoulli SBM, fixed mixed-signal SCAR design",96,"ADA_NET","Ada + Net","not available",0.874553990610329,0.809953051643193,4,0.266666666666667,0.6,0.476090162265091,0.588422565917102,0.152112703876781,0.204956705094624,NA,NA,NA,NA,NA,NA,NA,NA,0.226108074188232
"Linear Gaussian covariates and Bernoulli SBM, fixed mixed-signal SCAR design",97,"ADA_NET","Ada + Net","not available",0.859655712050078,0.787417840375587,5,0.333333333333333,0.577777777777778,0.479506555662985,0.671924734552146,0.157464588888843,0.241916397098164,NA,NA,NA,NA,NA,NA,NA,NA,0.325935125350952
"Linear Gaussian covariates and Bernoulli SBM, fixed mixed-signal SCAR design",98,"ADA_NET","Ada + Net","not available",0.881752738654147,0.8018779342723,4,0.266666666666667,0.644444444444444,0.418628869774856,0.730591086334628,0.125389555112973,0.266703195242798,NA,NA,NA,NA,NA,NA,NA,NA,0.28565502166748
"Linear Gaussian covariates and Bernoulli SBM, fixed mixed-signal SCAR design",99,"ADA_NET","Ada + Net","not available",0.846635367762128,0.743474178403756,4,0.266666666666667,0.555555555555556,0.47133131156276,0.744766953079439,0.149618171309239,0.268188780450319,NA,NA,NA,NA,NA,NA,NA,NA,0.302826166152954
"Linear Gaussian covariates and Bernoulli SBM, fixed mixed-signal SCAR design",100,"ADA_NET","Ada + Net","not available",0.829608763693271,0.696150234741784,4,0.266666666666667,0.577777777777778,0.455262729434129,0.978393006364764,0.147514685649826,0.331642737180336,NA,NA,NA,NA,NA,NA,NA,NA,0.763844966888428
"Linear Gaussian covariates and Bernoulli SBM, fixed mixed-signal SCAR design",1,"WLR","WLR","WLR asymptotic Gaussian linear-predictor uncertainty plus Bernoulli posterior-predictive variation",0.761815336463224,0.716431924882629,3,0.2,0.422222222222222,0.298226945684035,1.89941337015441,0.0844068310411693,0.63184610316038,0.9775,0.8,0.7225,2.8,0.995,0.933333333333333,1.1025,3.6,0.392674207687378
"Linear Gaussian covariates and Bernoulli SBM, fixed mixed-signal SCAR design",2,"WLR","WLR","WLR asymptotic Gaussian linear-predictor uncertainty plus Bernoulli posterior-predictive variation",0.784788732394366,0.744600938967136,3,0.2,0.355555555555556,0.293035630148595,1.80958431176659,0.0852258551231392,0.627648697226395,0.98,0.8,0.685,2.8,0.9975,0.933333333333333,0.9975,3.6,0.188945055007935
"Linear Gaussian covariates and Bernoulli SBM, fixed mixed-signal SCAR design",3,"WLR","WLR","WLR asymptotic Gaussian linear-predictor uncertainty plus Bernoulli posterior-predictive variation",0.720438184663537,0.604507042253521,2,0.133333333333333,0.4,0.315884222363671,2.20301795028975,0.0887605363810564,0.696716173352679,0.965,0.6,0.82,4.6,0.9975,0.933333333333333,1.035,3.6,0.13025689125061
"Linear Gaussian covariates and Bernoulli SBM, fixed mixed-signal SCAR design",4,"WLR","WLR","WLR asymptotic Gaussian linear-predictor uncertainty plus Bernoulli posterior-predictive variation",0.817840375586854,0.72131455399061,3,0.2,0.444444444444444,0.27632479996067,2.01322943310774,0.0808275755555947,0.633252948612188,0.9725,0.6,0.68,4.6,0.9975,0.933333333333333,0.89,3.6,0.154210090637207
"Linear Gaussian covariates and Bernoulli SBM, fixed mixed-signal SCAR design",5,"WLR","WLR","WLR asymptotic Gaussian linear-predictor uncertainty plus Bernoulli posterior-predictive variation",0.781345852895149,0.781784037558685,4,0.266666666666667,0.488888888888889,0.286430889977895,1.65123719862812,0.0795733082481879,0.546599431878409,0.9775,0.8,0.75,2.8,0.9975,0.933333333333333,1.015,3.6,0.13018798828125
"Linear Gaussian covariates and Bernoulli SBM, fixed mixed-signal SCAR design",6,"WLR","WLR","WLR asymptotic Gaussian linear-predictor uncertainty plus Bernoulli posterior-predictive variation",0.749733959311424,0.682629107981221,1,0.0666666666666667,0.4,0.305856581855059,2.01283342651591,0.0877656143261259,0.695016522539982,0.98,0.8,0.695,2.8,1,1,0.9225,1,0.159449100494385
"Linear Gaussian covariates and Bernoulli SBM, fixed mixed-signal SCAR design",7,"WLR","WLR","WLR asymptotic Gaussian linear-predictor uncertainty plus Bernoulli posterior-predictive variation",0.650266040688576,0.48037558685446,1,0.0666666666666667,0.288888888888889,0.341436865204459,2.47230459292618,0.0944420206761793,0.76799953997358,0.97,0.6,0.8675,4.6,0.9925,0.866666666666667,1.2625,6.19999999999999,0.170078039169312
"Linear Gaussian covariates and Bernoulli SBM, fixed mixed-signal SCAR design",8,"WLR","WLR","WLR asymptotic Gaussian linear-predictor uncertainty plus Bernoulli posterior-predictive variation",0.842754303599374,0.772957746478873,4,0.266666666666667,0.511111111111111,0.260773848129291,1.9179040974103,0.0758017808235413,0.606497631445552,0.9775,0.733333333333333,0.605,3.4,0.995,0.866666666666667,0.915,6.19999999999999,0.146662950515747
"Linear Gaussian covariates and Bernoulli SBM, fixed mixed-signal SCAR design",9,"WLR","WLR","WLR asymptotic Gaussian linear-predictor uncertainty plus Bernoulli posterior-predictive variation",0.810766823161189,0.71906103286385,4,0.266666666666667,0.4,0.280923907089731,1.99291239630284,0.0821958723845363,0.628372340636572,0.9825,0.733333333333333,0.58,3.4,0.995,0.866666666666667,1.0175,6.19999999999999,0.152415990829468
"Linear Gaussian covariates and Bernoulli SBM, fixed mixed-signal SCAR design",10,"WLR","WLR","WLR asymptotic Gaussian linear-predictor uncertainty plus Bernoulli posterior-predictive variation",0.762190923317684,0.627793427230047,3,0.2,0.355555555555556,0.305144007777881,2.26740879075285,0.0840200099154391,0.692869935586658,0.975,0.6,0.725,4.6,0.995,0.933333333333333,1.0625,3.6,0.163658857345581
"Linear Gaussian covariates and Bernoulli SBM, fixed mixed-signal SCAR design",11,"WLR","WLR","WLR asymptotic Gaussian linear-predictor uncertainty plus Bernoulli posterior-predictive variation",0.717871674491393,0.562441314553991,2,0.133333333333333,0.355555555555556,0.317748779100907,2.34247235855349,0.0894050684510323,0.702260117145971,0.97,0.533333333333333,0.795,5.2,0.9975,0.933333333333333,0.985,3.6,0.142313957214355
"Linear Gaussian covariates and Bernoulli SBM, fixed mixed-signal SCAR design",12,"WLR","WLR","WLR asymptotic Gaussian linear-predictor uncertainty plus Bernoulli posterior-predictive variation",0.74585289514867,0.613333333333333,3,0.2,0.377777777777778,0.309092882785997,2.24292555640874,0.0889444207932053,0.695481023291159,0.97,0.466666666666667,0.7625,5.8,0.9975,0.933333333333333,0.9875,3.6,0.134572982788086
"Linear Gaussian covariates and Bernoulli SBM, fixed mixed-signal SCAR design",13,"WLR","WLR","WLR asymptotic Gaussian linear-predictor uncertainty plus Bernoulli posterior-predictive variation",0.775899843505477,0.768638497652582,4,0.266666666666667,0.466666666666667,0.298505275675993,1.62259969304196,0.0861012103746297,0.557804962364987,0.985,0.866666666666667,0.7025,2.2,1,1,0.95,1,0.259891033172607
"Linear Gaussian covariates and Bernoulli SBM, fixed mixed-signal SCAR design",14,"WLR","WLR","WLR asymptotic Gaussian linear-predictor uncertainty plus Bernoulli posterior-predictive variation",0.759687010954617,0.673990610328638,2,0.133333333333333,0.377777777777778,0.305182449588234,2.0277955440667,0.085754461918623,0.650650010006492,0.9775,0.666666666666667,0.7225,4,0.995,0.933333333333333,1.13,3.6,0.1510169506073
"Linear Gaussian covariates and Bernoulli SBM, fixed mixed-signal SCAR design",15,"WLR","WLR","WLR asymptotic Gaussian linear-predictor uncertainty plus Bernoulli posterior-predictive variation",0.766760563380282,0.71924882629108,3,0.2,0.444444444444444,0.297637337432791,1.89450439327494,0.0829282913503857,0.605171114655281,0.9775,0.733333333333333,0.7225,3.4,0.9925,0.866666666666667,1.23,6.19999999999999,0.137919902801514
"Linear Gaussian covariates and Bernoulli SBM, fixed mixed-signal SCAR design",16,"WLR","WLR","WLR asymptotic Gaussian linear-predictor uncertainty plus Bernoulli posterior-predictive variation",0.819405320813771,0.864600938967136,5,0.333333333333333,0.422222222222222,0.281061121868249,1.32562256778624,0.0830025626448004,0.497333121778723,0.99,1,0.6325,1,1,1,0.9125,1,0.188761949539185
"Linear Gaussian covariates and Bernoulli SBM, fixed mixed-signal SCAR design",17,"WLR","WLR","WLR asymptotic Gaussian linear-predictor uncertainty plus Bernoulli posterior-predictive variation",0.761439749608764,0.704413145539906,4,0.266666666666667,0.377777777777778,0.303509004946798,1.9938732422951,0.0848879644738916,0.614183867679333,0.98,0.8,0.7175,2.8,0.9975,0.933333333333333,1.015,3.6,0.186055898666382
"Linear Gaussian covariates and Bernoulli SBM, fixed mixed-signal SCAR design",18,"WLR","WLR","WLR asymptotic Gaussian linear-predictor uncertainty plus Bernoulli posterior-predictive variation",0.763067292644757,0.773333333333333,4,0.266666666666667,0.422222222222222,0.299543681883849,1.71924540990171,0.0842084242603057,0.597081841364045,0.985,0.866666666666667,0.705,2.2,0.9975,0.933333333333333,1.045,3.6,0.138545989990234
"Linear Gaussian covariates and Bernoulli SBM, fixed mixed-signal SCAR design",19,"WLR","WLR","WLR asymptotic Gaussian linear-predictor uncertainty plus Bernoulli posterior-predictive variation",0.773708920187793,0.817840375586854,4,0.266666666666667,0.4,0.295333416606316,1.46608030978158,0.0841088086877898,0.538162690679557,0.985,0.933333333333333,0.7675,1.6,1,1,0.9775,1,0.214302062988281
"Linear Gaussian covariates and Bernoulli SBM, fixed mixed-signal SCAR design",20,"WLR","WLR","WLR asymptotic Gaussian linear-predictor uncertainty plus Bernoulli posterior-predictive variation",0.779342723004695,0.724694835680751,3,0.2,0.377777777777778,0.297343574376493,1.86086997078268,0.0865867141917341,0.632654024423178,0.9825,0.8,0.665,2.8,1,1,0.9075,1,0.184741973876953
"Linear Gaussian covariates and Bernoulli SBM, fixed mixed-signal SCAR design",21,"WLR","WLR","WLR asymptotic Gaussian linear-predictor uncertainty plus Bernoulli posterior-predictive variation",0.760688575899844,0.71981220657277,4,0.266666666666667,0.444444444444444,0.29931532585369,1.87533254578633,0.0827468711265721,0.624836751927758,0.9725,0.733333333333333,0.795,3.4,0.995,0.933333333333333,1.135,3.6,0.144123077392578
"Linear Gaussian covariates and Bernoulli SBM, fixed mixed-signal SCAR design",22,"WLR","WLR","WLR asymptotic Gaussian linear-predictor uncertainty plus Bernoulli posterior-predictive variation",0.777840375586854,0.698967136150235,4,0.266666666666667,0.4,0.291022788737075,1.95616330052624,0.0825799898948929,0.648477407033806,0.98,0.733333333333333,0.6425,3.4,0.9975,1,0.9825,1,0.156175851821899
"Linear Gaussian covariates and Bernoulli SBM, fixed mixed-signal SCAR design",23,"WLR","WLR","WLR asymptotic Gaussian linear-predictor uncertainty plus Bernoulli posterior-predictive variation",0.761251956181534,0.699342723004695,1,0.0666666666666667,0.355555555555556,0.304078687082434,1.88830902908339,0.0892390468109483,0.650385843344161,0.9775,0.6,0.7325,4.6,1,1,0.9125,1,0.189208984375
"Linear Gaussian covariates and Bernoulli SBM, fixed mixed-signal SCAR design",24,"WLR","WLR","WLR asymptotic Gaussian linear-predictor uncertainty plus Bernoulli posterior-predictive variation",0.775586854460094,0.777276995305164,3,0.2,0.4,0.300670940153989,1.60150549633461,0.0860716318715207,0.582306542881712,0.9825,0.8,0.7425,2.8,0.9975,1,1.065,1,0.134928941726685
"Linear Gaussian covariates and Bernoulli SBM, fixed mixed-signal SCAR design",25,"WLR","WLR","WLR asymptotic Gaussian linear-predictor uncertainty plus Bernoulli posterior-predictive variation",0.798372456964006,0.729577464788732,3,0.2,0.444444444444444,0.281881322104795,1.83110132016115,0.0802653081894793,0.609559004442242,0.9825,0.733333333333333,0.63,3.4,0.9975,1,0.995,1,0.181559801101685
"Linear Gaussian covariates and Bernoulli SBM, fixed mixed-signal SCAR design",26,"WLR","WLR","WLR asymptotic Gaussian linear-predictor uncertainty plus Bernoulli posterior-predictive variation",0.725446009389671,0.617464788732394,3,0.2,0.377777777777778,0.315722814718382,2.19167433000941,0.0877086666961653,0.666253085274691,0.975,0.666666666666667,0.7675,4,0.995,0.866666666666667,1.1375,6.19999999999999,0.16364312171936
"Linear Gaussian covariates and Bernoulli SBM, fixed mixed-signal SCAR design",27,"WLR","WLR","WLR asymptotic Gaussian linear-predictor uncertainty plus Bernoulli posterior-predictive variation",0.764507042253521,0.742159624413146,5,0.333333333333333,0.377777777777778,0.300499465994379,1.69951825217433,0.0856946837797087,0.582312045471699,0.9825,0.8,0.7225,2.8,1,1,0.9425,1,0.156466960906982
"Linear Gaussian covariates and Bernoulli SBM, fixed mixed-signal SCAR design",28,"WLR","WLR","WLR asymptotic Gaussian linear-predictor uncertainty plus Bernoulli posterior-predictive variation",0.762816901408451,0.697089201877934,2,0.133333333333333,0.4,0.297929431685072,1.94497536223911,0.0837838585854366,0.666064771855319,0.98,0.733333333333333,0.725,3.4,0.9975,1,1.005,1,0.185617923736572
"Linear Gaussian covariates and Bernoulli SBM, fixed mixed-signal SCAR design",29,"WLR","WLR","WLR asymptotic Gaussian linear-predictor uncertainty plus Bernoulli posterior-predictive variation",0.739655712050078,0.63924882629108,2,0.133333333333333,0.311111111111111,0.312452837164588,2.06319423690527,0.0902268420148614,0.687131004000653,0.9725,0.6,0.775,4.6,1,1,0.93,1,0.245013952255249
"Linear Gaussian covariates and Bernoulli SBM, fixed mixed-signal SCAR design",30,"WLR","WLR","WLR asymptotic Gaussian linear-predictor uncertainty plus Bernoulli posterior-predictive variation",0.742848200312989,0.75943661971831,4,0.266666666666667,0.4,0.301412664624855,1.68616675136891,0.0846236892484319,0.598651921473667,0.9775,0.8,0.7925,2.8,1,1,0.985,1,0.144537925720215
"Linear Gaussian covariates and Bernoulli SBM, fixed mixed-signal SCAR design",31,"WLR","WLR","WLR asymptotic Gaussian linear-predictor uncertainty plus Bernoulli posterior-predictive variation",0.745978090766823,0.702535211267606,5,0.333333333333333,0.422222222222222,0.305671221280243,1.85381064509919,0.0861909419024341,0.62095317768973,0.98,0.8,0.73,2.8,1,1,0.9325,1,0.150217056274414
"Linear Gaussian covariates and Bernoulli SBM, fixed mixed-signal SCAR design",32,"WLR","WLR","WLR asymptotic Gaussian linear-predictor uncertainty plus Bernoulli posterior-predictive variation",0.718998435054773,0.67830985915493,3,0.2,0.355555555555556,0.318751049325059,1.95195844182047,0.0892959072158863,0.661050589918714,0.975,0.8,0.825,2.8,0.995,0.933333333333333,1.175,3.6,0.161888122558594
"Linear Gaussian covariates and Bernoulli SBM, fixed mixed-signal SCAR design",33,"WLR","WLR","WLR asymptotic Gaussian linear-predictor uncertainty plus Bernoulli posterior-predictive variation",0.817339593114241,0.76131455399061,3,0.2,0.4,0.276132999692806,1.80006020200335,0.0803344012169399,0.621050224965194,0.9825,0.733333333333333,0.5975,3.4,0.995,1,0.995,1,0.179386138916016
"Linear Gaussian covariates and Bernoulli SBM, fixed mixed-signal SCAR design",34,"WLR","WLR","WLR asymptotic Gaussian linear-predictor uncertainty plus Bernoulli posterior-predictive variation",0.715492957746479,0.671924882629108,4,0.266666666666667,0.333333333333333,0.314110234625676,1.86639825351071,0.0891227229153702,0.645211312743239,0.9825,0.8,0.7625,2.8,1,1,0.9675,1,0.154644012451172
"Linear Gaussian covariates and Bernoulli SBM, fixed mixed-signal SCAR design",35,"WLR","WLR","WLR asymptotic Gaussian linear-predictor uncertainty plus Bernoulli posterior-predictive variation",0.809953051643193,0.776525821596244,3,0.2,0.466666666666667,0.282090571686037,1.78069522707555,0.0809085515282238,0.591641544990457,0.985,0.866666666666667,0.61,2.2,0.9975,0.933333333333333,0.985,3.6,0.217821836471558
"Linear Gaussian covariates and Bernoulli SBM, fixed mixed-signal SCAR design",36,"WLR","WLR","WLR asymptotic Gaussian linear-predictor uncertainty plus Bernoulli posterior-predictive variation",0.727010954616588,0.690140845070423,2,0.133333333333333,0.422222222222222,0.311897769419659,1.87539705667132,0.0881386447883042,0.660818079890179,0.975,0.8,0.8125,2.8,0.9975,1,1.06,1,0.136128902435303
"Linear Gaussian covariates and Bernoulli SBM, fixed mixed-signal SCAR design",37,"WLR","WLR","WLR asymptotic Gaussian linear-predictor uncertainty plus Bernoulli posterior-predictive variation",0.75887323943662,0.668732394366197,6,0.4,0.466666666666667,0.294774247698046,1.92768342221075,0.0808597574155671,0.576266883814685,0.9775,0.6,0.7275,4.6,0.9975,0.933333333333333,1.005,3.6,0.155518054962158
"Linear Gaussian covariates and Bernoulli SBM, fixed mixed-signal SCAR design",38,"WLR","WLR","WLR asymptotic Gaussian linear-predictor uncertainty plus Bernoulli posterior-predictive variation",0.756494522691706,0.768262910798122,4,0.266666666666667,0.444444444444444,0.300028193117435,1.72925039720381,0.0842711616610349,0.573725489153488,0.9825,0.8,0.73,2.8,0.9975,0.933333333333333,1.0425,3.6,0.191195011138916
"Linear Gaussian covariates and Bernoulli SBM, fixed mixed-signal SCAR design",39,"WLR","WLR","WLR asymptotic Gaussian linear-predictor uncertainty plus Bernoulli posterior-predictive variation",0.735273865414711,0.627042253521127,3,0.2,0.4,0.317148418295657,2.19673572753484,0.0887323621581559,0.675522328170241,0.9725,0.6,0.7925,4.6,0.995,0.933333333333333,1.1125,3.6,0.132207870483398
"Linear Gaussian covariates and Bernoulli SBM, fixed mixed-signal SCAR design",40,"WLR","WLR","WLR asymptotic Gaussian linear-predictor uncertainty plus Bernoulli posterior-predictive variation",0.793176838810642,0.741784037558685,5,0.333333333333333,0.444444444444444,0.284590007369784,1.6933924099713,0.0809801566468957,0.535998594615047,0.9775,0.733333333333333,0.69,3.4,1,1,0.8825,1,0.150506973266602
"Linear Gaussian covariates and Bernoulli SBM, fixed mixed-signal SCAR design",41,"WLR","WLR","WLR asymptotic Gaussian linear-predictor uncertainty plus Bernoulli posterior-predictive variation",0.787480438184664,0.68131455399061,4,0.266666666666667,0.511111111111111,0.289210748574285,2.09474804189135,0.081040102473747,0.605763655079514,0.975,0.666666666666667,0.685,4,0.995,0.866666666666667,1.035,6.19999999999999,0.152445077896118
"Linear Gaussian covariates and Bernoulli SBM, fixed mixed-signal SCAR design",42,"WLR","WLR","WLR asymptotic Gaussian linear-predictor uncertainty plus Bernoulli posterior-predictive variation",0.74585289514867,0.64056338028169,1,0.0666666666666667,0.4,0.314043713634489,2.15146996447141,0.0894308903830647,0.708682379373497,0.9775,0.666666666666667,0.7325,4,0.9925,0.866666666666667,1.22,6.19999999999999,0.134207963943481
"Linear Gaussian covariates and Bernoulli SBM, fixed mixed-signal SCAR design",43,"WLR","WLR","WLR asymptotic Gaussian linear-predictor uncertainty plus Bernoulli posterior-predictive variation",0.770704225352113,0.777652582159624,3,0.2,0.355555555555556,0.300052176254935,1.64898537541563,0.0855082574714911,0.60295018299,0.98,0.866666666666667,0.735,2.2,0.9975,1,1.0575,1,0.224157094955444
"Linear Gaussian covariates and Bernoulli SBM, fixed mixed-signal SCAR design",44,"WLR","WLR","WLR asymptotic Gaussian linear-predictor uncertainty plus Bernoulli posterior-predictive variation",0.766635367762128,0.633802816901408,1,0.0666666666666667,0.355555555555556,0.305491712884614,2.32626480102263,0.0888366262655086,0.736010649420083,0.98,0.666666666666667,0.64,4,0.995,0.933333333333333,1.045,3.6,0.228456974029541
"Linear Gaussian covariates and Bernoulli SBM, fixed mixed-signal SCAR design",45,"WLR","WLR","WLR asymptotic Gaussian linear-predictor uncertainty plus Bernoulli posterior-predictive variation",0.820532081377152,0.778215962441315,4,0.266666666666667,0.444444444444444,0.275106852206651,1.66664454973767,0.0790948913731009,0.563414867900599,0.9875,0.8,0.5875,2.8,0.995,1,1.055,1,0.154911994934082
"Linear Gaussian covariates and Bernoulli SBM, fixed mixed-signal SCAR design",46,"WLR","WLR","WLR asymptotic Gaussian linear-predictor uncertainty plus Bernoulli posterior-predictive variation",0.78660406885759,0.617464788732394,1,0.0666666666666667,0.4,0.298055106059384,2.4928666559896,0.0871953001311453,0.722684212127883,0.9725,0.533333333333333,0.66,5.2,0.995,0.866666666666667,0.965,6.19999999999999,0.132628202438354
"Linear Gaussian covariates and Bernoulli SBM, fixed mixed-signal SCAR design",47,"WLR","WLR","WLR asymptotic Gaussian linear-predictor uncertainty plus Bernoulli posterior-predictive variation",0.802253521126761,0.795680751173709,3,0.2,0.355555555555556,0.29354159574758,1.59904127296648,0.0865824051670003,0.585512211517615,0.9875,0.866666666666667,0.6275,2.2,1,1,0.955,1,0.197561979293823
"Linear Gaussian covariates and Bernoulli SBM, fixed mixed-signal SCAR design",48,"WLR","WLR","WLR asymptotic Gaussian linear-predictor uncertainty plus Bernoulli posterior-predictive variation",0.737777777777778,0.618028169014085,2,0.133333333333333,0.311111111111111,0.314223972339068,2.19099557840401,0.0902815192647089,0.687920518182621,0.9775,0.666666666666667,0.735,4,0.9975,0.933333333333333,0.975,3.6,0.152094125747681
"Linear Gaussian covariates and Bernoulli SBM, fixed mixed-signal SCAR design",49,"WLR","WLR","WLR asymptotic Gaussian linear-predictor uncertainty plus Bernoulli posterior-predictive variation",0.73471048513302,0.634553990610329,2,0.133333333333333,0.377777777777778,0.312671071384497,2.19232705595111,0.0859655434795309,0.659964718069245,0.9775,0.733333333333333,0.7625,3.4,0.99,0.8,1.3175,8.79999999999999,0.135483026504517
"Linear Gaussian covariates and Bernoulli SBM, fixed mixed-signal SCAR design",50,"WLR","WLR","WLR asymptotic Gaussian linear-predictor uncertainty plus Bernoulli posterior-predictive variation",0.810829420970266,0.782159624413146,4,0.266666666666667,0.444444444444444,0.270117536092541,1.66122096205797,0.0762191656403996,0.555063462263301,0.98,0.8,0.625,2.8,0.9975,1,0.955,1,0.133293151855469
"Linear Gaussian covariates and Bernoulli SBM, fixed mixed-signal SCAR design",51,"WLR","WLR","WLR asymptotic Gaussian linear-predictor uncertainty plus Bernoulli posterior-predictive variation",0.725383411580595,0.71924882629108,2,0.133333333333333,0.311111111111111,0.319021079614492,1.77844972225943,0.0926835594148159,0.65691368276519,0.9825,0.866666666666667,0.775,2.2,1,1,0.99,1,0.178561925888062
"Linear Gaussian covariates and Bernoulli SBM, fixed mixed-signal SCAR design",52,"WLR","WLR","WLR asymptotic Gaussian linear-predictor uncertainty plus Bernoulli posterior-predictive variation",0.763380281690141,0.746666666666667,4,0.266666666666667,0.355555555555556,0.30767220965776,1.73419057782876,0.0887673151270321,0.601806058777431,0.985,0.866666666666667,0.715,2.2,1,1,0.9675,1,0.138821125030518
"Linear Gaussian covariates and Bernoulli SBM, fixed mixed-signal SCAR design",53,"WLR","WLR","WLR asymptotic Gaussian linear-predictor uncertainty plus Bernoulli posterior-predictive variation",0.751424100156495,0.701784037558685,4,0.266666666666667,0.377777777777778,0.299039368696189,1.85931359553658,0.0841183319359905,0.636701484700712,0.9775,0.733333333333333,0.75,3.4,0.9975,1,1.0125,1,0.504780054092407
"Linear Gaussian covariates and Bernoulli SBM, fixed mixed-signal SCAR design",54,"WLR","WLR","WLR asymptotic Gaussian linear-predictor uncertainty plus Bernoulli posterior-predictive variation",0.757871674491393,0.675680751173709,2,0.133333333333333,0.355555555555556,0.30597231728953,2.09570163172204,0.0869578818859948,0.669111414566491,0.98,0.8,0.69,2.8,0.9975,0.933333333333333,1.02,3.6,0.558711051940918
"Linear Gaussian covariates and Bernoulli SBM, fixed mixed-signal SCAR design",55,"WLR","WLR","WLR asymptotic Gaussian linear-predictor uncertainty plus Bernoulli posterior-predictive variation",0.803442879499218,0.709671361502347,4,0.266666666666667,0.488888888888889,0.283167736591419,2.06577603997451,0.0793933103257628,0.602194098101144,0.975,0.6,0.6825,4.6,0.9975,0.933333333333333,0.89,3.6,0.546833992004395
"Linear Gaussian covariates and Bernoulli SBM, fixed mixed-signal SCAR design",56,"WLR","WLR","WLR asymptotic Gaussian linear-predictor uncertainty plus Bernoulli posterior-predictive variation",0.765758998435055,0.557558685446009,3,0.2,0.422222222222222,0.304818550134099,2.65970417330782,0.0858820113322992,0.707767009495493,0.97,0.4,0.7125,6.4,0.99,0.733333333333333,1.2,11.4,0.43592095375061
"Linear Gaussian covariates and Bernoulli SBM, fixed mixed-signal SCAR design",57,"WLR","WLR","WLR asymptotic Gaussian linear-predictor uncertainty plus Bernoulli posterior-predictive variation",0.774960876369327,0.772957746478873,5,0.333333333333333,0.377777777777778,0.296609011467059,1.59276529066669,0.0856232263086075,0.572243334595751,0.985,0.866666666666667,0.6875,2.2,1,1,0.945,1,0.639240980148315
"Linear Gaussian covariates and Bernoulli SBM, fixed mixed-signal SCAR design",58,"WLR","WLR","WLR asymptotic Gaussian linear-predictor uncertainty plus Bernoulli posterior-predictive variation",0.766510172143975,0.666103286384977,2,0.133333333333333,0.355555555555556,0.304009550795759,2.13922028545838,0.0886082254427496,0.707038059416694,0.9775,0.666666666666667,0.7,4,0.9975,0.933333333333333,0.98,3.6,0.713550090789795
"Linear Gaussian covariates and Bernoulli SBM, fixed mixed-signal SCAR design",59,"WLR","WLR","WLR asymptotic Gaussian linear-predictor uncertainty plus Bernoulli posterior-predictive variation",0.722316118935837,0.655774647887324,0,0,0.244444444444444,0.32570655474772,2.1021519116364,0.0943669131777312,0.721516075498118,0.98,0.866666666666667,0.76,2.2,1,1,0.9725,1,0.663777828216553
"Linear Gaussian covariates and Bernoulli SBM, fixed mixed-signal SCAR design",60,"WLR","WLR","WLR asymptotic Gaussian linear-predictor uncertainty plus Bernoulli posterior-predictive variation",0.733646322378717,0.734835680751174,4,0.266666666666667,0.4,0.310210573267926,1.68269714242834,0.0886551584449575,0.600733344566279,0.975,0.733333333333333,0.8425,3.4,1,1,0.97,1,0.730578899383545
"Linear Gaussian covariates and Bernoulli SBM, fixed mixed-signal SCAR design",61,"WLR","WLR","WLR asymptotic Gaussian linear-predictor uncertainty plus Bernoulli posterior-predictive variation",0.81170579029734,0.762816901408451,4,0.266666666666667,0.466666666666667,0.279264243220347,1.82596836083453,0.0803476015681964,0.601488373385186,0.9775,0.733333333333333,0.6675,3.4,0.9975,0.933333333333333,0.93,3.6,0.597425937652588
"Linear Gaussian covariates and Bernoulli SBM, fixed mixed-signal SCAR design",62,"WLR","WLR","WLR asymptotic Gaussian linear-predictor uncertainty plus Bernoulli posterior-predictive variation",0.714992175273865,0.592676056338028,2,0.133333333333333,0.311111111111111,0.321880719041035,2.24425976644118,0.0899083435072277,0.70677296085801,0.975,0.666666666666667,0.8,4,0.9925,0.866666666666667,1.2375,6.19999999999999,0.749399900436401
"Linear Gaussian covariates and Bernoulli SBM, fixed mixed-signal SCAR design",63,"WLR","WLR","WLR asymptotic Gaussian linear-predictor uncertainty plus Bernoulli posterior-predictive variation",0.786666666666667,0.737464788732394,3,0.2,0.488888888888889,0.28181556164514,1.81158613708669,0.0791841289745842,0.604577957639149,0.9775,0.733333333333333,0.6975,3.4,0.9975,1,0.98,1,0.511302947998047
"Linear Gaussian covariates and Bernoulli SBM, fixed mixed-signal SCAR design",64,"WLR","WLR","WLR asymptotic Gaussian linear-predictor uncertainty plus Bernoulli posterior-predictive variation",0.766572769953052,0.67962441314554,1,0.0666666666666667,0.422222222222222,0.299315147456127,2.0771236831684,0.0854335043672525,0.685730157670944,0.98,0.733333333333333,0.6725,3.4,0.9975,0.933333333333333,0.9425,3.6,0.503796100616455
"Linear Gaussian covariates and Bernoulli SBM, fixed mixed-signal SCAR design",65,"WLR","WLR","WLR asymptotic Gaussian linear-predictor uncertainty plus Bernoulli posterior-predictive variation",0.743912363067293,0.67868544600939,3,0.2,0.422222222222222,0.306223486964436,1.9797550202947,0.0857582866476265,0.656788700801277,0.98,0.733333333333333,0.71,3.4,0.995,0.933333333333333,1.1275,3.6,0.512634992599487
"Linear Gaussian covariates and Bernoulli SBM, fixed mixed-signal SCAR design",66,"WLR","WLR","WLR asymptotic Gaussian linear-predictor uncertainty plus Bernoulli posterior-predictive variation",0.794553990610329,0.769014084507042,4,0.266666666666667,0.4,0.283120008693594,1.71923408025944,0.0811930309351986,0.597790724506542,0.9725,0.666666666666667,0.7575,4,1,1,0.89,1,0.648797035217285
"Linear Gaussian covariates and Bernoulli SBM, fixed mixed-signal SCAR design",67,"WLR","WLR","WLR asymptotic Gaussian linear-predictor uncertainty plus Bernoulli posterior-predictive variation",0.757496087636933,0.697652582159624,2,0.133333333333333,0.422222222222222,0.308503376721055,2.03542092035337,0.0871253493587779,0.654136110461201,0.98,0.733333333333333,0.705,3.4,0.995,0.866666666666667,1.1075,6.19999999999999,0.516955137252808
"Linear Gaussian covariates and Bernoulli SBM, fixed mixed-signal SCAR design",68,"WLR","WLR","WLR asymptotic Gaussian linear-predictor uncertainty plus Bernoulli posterior-predictive variation",0.723442879499217,0.662535211267606,3,0.2,0.377777777777778,0.309210716199142,1.8901848669463,0.0868313028120326,0.647783415044818,0.98,0.733333333333333,0.765,3.4,1,1,0.9725,1,0.220993995666504
"Linear Gaussian covariates and Bernoulli SBM, fixed mixed-signal SCAR design",69,"WLR","WLR","WLR asymptotic Gaussian linear-predictor uncertainty plus Bernoulli posterior-predictive variation",0.790860719874804,0.71868544600939,3,0.2,0.444444444444444,0.292647496922254,1.96723784610003,0.0836922839700222,0.603781947998049,0.98,0.733333333333333,0.7025,3.4,0.995,0.866666666666667,1.0425,6.19999999999999,0.229928016662598
"Linear Gaussian covariates and Bernoulli SBM, fixed mixed-signal SCAR design",70,"WLR","WLR","WLR asymptotic Gaussian linear-predictor uncertainty plus Bernoulli posterior-predictive variation",0.761940532081377,0.738028169014085,3,0.2,0.311111111111111,0.301467790905831,1.75134940161227,0.087120534101192,0.606684012888581,0.98,0.8,0.77,2.8,0.9975,0.933333333333333,1.025,3.6,0.176051139831543
"Linear Gaussian covariates and Bernoulli SBM, fixed mixed-signal SCAR design",71,"WLR","WLR","WLR asymptotic Gaussian linear-predictor uncertainty plus Bernoulli posterior-predictive variation",0.790610328638498,0.712676056338028,5,0.333333333333333,0.444444444444444,0.288076104446406,1.90654101969462,0.08211882232418,0.58880866074236,0.98,0.733333333333333,0.665,3.4,0.995,0.866666666666667,1.04,6.19999999999999,0.140711069107056
"Linear Gaussian covariates and Bernoulli SBM, fixed mixed-signal SCAR design",72,"WLR","WLR","WLR asymptotic Gaussian linear-predictor uncertainty plus Bernoulli posterior-predictive variation",0.723067292644757,0.673051643192488,1,0.0666666666666667,0.311111111111111,0.317782592448195,1.96886652084781,0.0912255282901232,0.700251363190207,0.9825,0.8,0.7275,2.8,0.9975,1,1.0675,1,0.195806980133057
"Linear Gaussian covariates and Bernoulli SBM, fixed mixed-signal SCAR design",73,"WLR","WLR","WLR asymptotic Gaussian linear-predictor uncertainty plus Bernoulli posterior-predictive variation",0.718059467918623,0.656525821596244,2,0.133333333333333,0.4,0.314106791746082,2.00545406538965,0.0873817176291339,0.676090577807495,0.9775,0.733333333333333,0.7925,3.4,0.9975,1,1.0625,1,0.155797958374023
"Linear Gaussian covariates and Bernoulli SBM, fixed mixed-signal SCAR design",74,"WLR","WLR","WLR asymptotic Gaussian linear-predictor uncertainty plus Bernoulli posterior-predictive variation",0.754303599374022,0.666666666666667,2,0.133333333333333,0.311111111111111,0.30553155337061,2.05056628485644,0.0875075637583466,0.650709324125059,0.9775,0.666666666666667,0.7275,4,0.995,0.866666666666667,1.1025,6.19999999999999,0.157451868057251
"Linear Gaussian covariates and Bernoulli SBM, fixed mixed-signal SCAR design",75,"WLR","WLR","WLR asymptotic Gaussian linear-predictor uncertainty plus Bernoulli posterior-predictive variation",0.779405320813772,0.711173708920188,1,0.0666666666666667,0.377777777777778,0.298986508341455,1.9726830102032,0.0861986111223184,0.667706275980819,0.9825,0.8,0.6325,2.8,0.995,0.933333333333333,1.075,3.6,0.190121173858643
"Linear Gaussian covariates and Bernoulli SBM, fixed mixed-signal SCAR design",76,"WLR","WLR","WLR asymptotic Gaussian linear-predictor uncertainty plus Bernoulli posterior-predictive variation",0.780031298904538,0.723755868544601,2,0.133333333333333,0.488888888888889,0.287322189408391,1.95119158311801,0.0785109184489993,0.647350658609516,0.9775,0.733333333333333,0.66,3.4,0.9925,0.933333333333333,1.1625,3.6,0.148397922515869
"Linear Gaussian covariates and Bernoulli SBM, fixed mixed-signal SCAR design",77,"WLR","WLR","WLR asymptotic Gaussian linear-predictor uncertainty plus Bernoulli posterior-predictive variation",0.756744913928013,0.733708920187793,3,0.2,0.444444444444444,0.296469848255216,1.8089641868931,0.0826533740530774,0.614352625419241,0.9775,0.733333333333333,0.7575,3.4,1,1,0.93,1,0.565856218338013
"Linear Gaussian covariates and Bernoulli SBM, fixed mixed-signal SCAR design",78,"WLR","WLR","WLR asymptotic Gaussian linear-predictor uncertainty plus Bernoulli posterior-predictive variation",0.766447574334898,0.710610328638498,4,0.266666666666667,0.355555555555556,0.301765549124368,1.91726403951915,0.085337806773855,0.626932344247589,0.9825,0.8,0.6925,2.8,0.9975,0.933333333333333,1.015,3.6,0.410922050476074
"Linear Gaussian covariates and Bernoulli SBM, fixed mixed-signal SCAR design",79,"WLR","WLR","WLR asymptotic Gaussian linear-predictor uncertainty plus Bernoulli posterior-predictive variation",0.758372456964006,0.770704225352113,6,0.4,0.355555555555556,0.306188967628672,1.58255578258106,0.0877687091345321,0.574605741054299,0.9825,0.8,0.775,2.8,1,1,0.97,1,0.524765014648438
"Linear Gaussian covariates and Bernoulli SBM, fixed mixed-signal SCAR design",80,"WLR","WLR","WLR asymptotic Gaussian linear-predictor uncertainty plus Bernoulli posterior-predictive variation",0.794241001564945,0.767136150234742,4,0.266666666666667,0.422222222222222,0.288518889618306,1.73346941637188,0.0818149046807557,0.570164075446877,0.98,0.8,0.685,2.8,0.9975,0.933333333333333,0.985,3.6,0.259624004364014
"Linear Gaussian covariates and Bernoulli SBM, fixed mixed-signal SCAR design",81,"WLR","WLR","WLR asymptotic Gaussian linear-predictor uncertainty plus Bernoulli posterior-predictive variation",0.74566510172144,0.642253521126761,3,0.2,0.4,0.312778227458154,2.11582565907008,0.0884446288512713,0.675449695133069,0.9775,0.666666666666667,0.74,4,0.995,0.933333333333333,1.1275,3.6,0.339560985565186
"Linear Gaussian covariates and Bernoulli SBM, fixed mixed-signal SCAR design",82,"WLR","WLR","WLR asymptotic Gaussian linear-predictor uncertainty plus Bernoulli posterior-predictive variation",0.752550860719875,0.729765258215962,2,0.133333333333333,0.355555555555556,0.30343646219209,1.80360713843481,0.087890038595813,0.643599504786183,0.98,0.8,0.7275,2.8,1,1,0.9425,1,0.333256959915161
"Linear Gaussian covariates and Bernoulli SBM, fixed mixed-signal SCAR design",83,"WLR","WLR","WLR asymptotic Gaussian linear-predictor uncertainty plus Bernoulli posterior-predictive variation",0.754303599374022,0.687887323943662,5,0.333333333333333,0.466666666666667,0.29318534881868,1.86131180342101,0.079257211477692,0.606746677004249,0.97,0.6,0.8025,4.6,0.9975,1,1.0175,1,0.35978889465332
"Linear Gaussian covariates and Bernoulli SBM, fixed mixed-signal SCAR design",84,"WLR","WLR","WLR asymptotic Gaussian linear-predictor uncertainty plus Bernoulli posterior-predictive variation",0.760312989045383,0.739154929577465,5,0.333333333333333,0.422222222222222,0.299764081930698,1.67326252500217,0.0849198448472758,0.581114498883306,0.9825,0.8,0.7425,2.8,0.9975,1,1.06,1,0.304634094238281
"Linear Gaussian covariates and Bernoulli SBM, fixed mixed-signal SCAR design",85,"WLR","WLR","WLR asymptotic Gaussian linear-predictor uncertainty plus Bernoulli posterior-predictive variation",0.79849765258216,0.776525821596244,5,0.333333333333333,0.4,0.279931777004903,1.56848285390406,0.0798258709327793,0.535481262242419,0.9775,0.733333333333333,0.7,3.4,1,1,0.91,1,0.46291184425354
"Linear Gaussian covariates and Bernoulli SBM, fixed mixed-signal SCAR design",86,"WLR","WLR","WLR asymptotic Gaussian linear-predictor uncertainty plus Bernoulli posterior-predictive variation",0.712863849765258,0.636807511737089,1,0.0666666666666667,0.333333333333333,0.318697679201521,2.07990039439775,0.0907025278295313,0.714195450646798,0.9725,0.733333333333333,0.805,3.4,1,1,0.9575,1,0.251117944717407
"Linear Gaussian covariates and Bernoulli SBM, fixed mixed-signal SCAR design",87,"WLR","WLR","WLR asymptotic Gaussian linear-predictor uncertainty plus Bernoulli posterior-predictive variation",0.807198748043818,0.748732394366197,2,0.133333333333333,0.444444444444444,0.284291993886776,1.88584682101727,0.0826983824774921,0.623871349116544,0.985,0.8,0.595,2.8,0.995,0.933333333333333,1.015,3.6,0.321089029312134
"Linear Gaussian covariates and Bernoulli SBM, fixed mixed-signal SCAR design",88,"WLR","WLR","WLR asymptotic Gaussian linear-predictor uncertainty plus Bernoulli posterior-predictive variation",0.804256651017214,0.792112676056338,6,0.4,0.466666666666667,0.278998705252944,1.53344501943862,0.0782805060661475,0.514059203557841,0.9825,0.8,0.6725,2.8,0.9975,1,1.0275,1,0.396497011184692
"Linear Gaussian covariates and Bernoulli SBM, fixed mixed-signal SCAR design",89,"WLR","WLR","WLR asymptotic Gaussian linear-predictor uncertainty plus Bernoulli posterior-predictive variation",0.778841940532081,0.68075117370892,4,0.266666666666667,0.422222222222222,0.293177513741458,2.06674651208164,0.0841178996951312,0.657522804390743,0.9775,0.666666666666667,0.6575,4,0.9975,0.933333333333333,0.95,3.6,0.257317066192627
"Linear Gaussian covariates and Bernoulli SBM, fixed mixed-signal SCAR design",90,"WLR","WLR","WLR asymptotic Gaussian linear-predictor uncertainty plus Bernoulli posterior-predictive variation",0.783348982785602,0.648826291079812,2,0.133333333333333,0.4,0.295321666108937,2.27968563186152,0.0858055867072502,0.706327251403195,0.975,0.6,0.6525,4.6,0.9975,0.933333333333333,0.9025,3.6,0.492923021316528
"Linear Gaussian covariates and Bernoulli SBM, fixed mixed-signal SCAR design",91,"WLR","WLR","WLR asymptotic Gaussian linear-predictor uncertainty plus Bernoulli posterior-predictive variation",0.799687010954617,0.832676056338028,4,0.266666666666667,0.444444444444444,0.28345726148051,1.46764810146864,0.0807465587191225,0.536281680292445,0.9825,0.866666666666667,0.69,2.2,1,1,0.94,1,0.136722087860107
"Linear Gaussian covariates and Bernoulli SBM, fixed mixed-signal SCAR design",92,"WLR","WLR","WLR asymptotic Gaussian linear-predictor uncertainty plus Bernoulli posterior-predictive variation",0.796995305164319,0.75943661971831,0,0,0.4,0.291429809250151,1.79011485844739,0.0865775454021899,0.632237224767437,0.9775,0.733333333333333,0.685,3.4,1,1,0.86,1,0.218502998352051
"Linear Gaussian covariates and Bernoulli SBM, fixed mixed-signal SCAR design",93,"WLR","WLR","WLR asymptotic Gaussian linear-predictor uncertainty plus Bernoulli posterior-predictive variation",0.769702660406886,0.773145539906103,3,0.2,0.377777777777778,0.293014491044356,1.64284320667484,0.0829672452489704,0.591309248109339,0.98,0.866666666666667,0.72,2.2,1,1,0.9675,1,0.191144943237305
"Linear Gaussian covariates and Bernoulli SBM, fixed mixed-signal SCAR design",94,"WLR","WLR","WLR asymptotic Gaussian linear-predictor uncertainty plus Bernoulli posterior-predictive variation",0.801752738654147,0.776713615023474,5,0.333333333333333,0.422222222222222,0.284638566481988,1.54351876567237,0.0820914803207269,0.515707373300654,0.9875,0.866666666666667,0.6175,2.2,0.9975,0.933333333333333,1.0525,3.6,0.204582214355469
"Linear Gaussian covariates and Bernoulli SBM, fixed mixed-signal SCAR design",95,"WLR","WLR","WLR asymptotic Gaussian linear-predictor uncertainty plus Bernoulli posterior-predictive variation",0.762316118935837,0.674366197183099,2,0.133333333333333,0.4,0.310816135365067,2.1299810054326,0.0893016687806361,0.638358853430439,0.9775,0.666666666666667,0.7,4,0.9975,0.933333333333333,0.975,3.6,0.226213216781616
"Linear Gaussian covariates and Bernoulli SBM, fixed mixed-signal SCAR design",96,"WLR","WLR","WLR asymptotic Gaussian linear-predictor uncertainty plus Bernoulli posterior-predictive variation",0.784225352112676,0.763380281690141,2,0.133333333333333,0.377777777777778,0.297189342305946,1.72944359639615,0.0865474858031964,0.623884748003782,0.98,0.8,0.7075,2.8,0.9975,1,1.0175,1,0.133689880371094
"Linear Gaussian covariates and Bernoulli SBM, fixed mixed-signal SCAR design",97,"WLR","WLR","WLR asymptotic Gaussian linear-predictor uncertainty plus Bernoulli posterior-predictive variation",0.778466353677621,0.725633802816901,4,0.266666666666667,0.377777777777778,0.299077122785733,1.76015906697619,0.0862019944527443,0.601566302505977,0.98,0.733333333333333,0.7125,3.4,0.9975,1,1.035,1,0.153133869171143
"Linear Gaussian covariates and Bernoulli SBM, fixed mixed-signal SCAR design",98,"WLR","WLR","WLR asymptotic Gaussian linear-predictor uncertainty plus Bernoulli posterior-predictive variation",0.748043818466354,0.724131455399061,4,0.266666666666667,0.444444444444444,0.298508646327812,1.73096620725604,0.0833277296243923,0.602530864543529,0.975,0.733333333333333,0.7825,3.4,0.9975,1,1.0475,1,0.162185907363892
"Linear Gaussian covariates and Bernoulli SBM, fixed mixed-signal SCAR design",99,"WLR","WLR","WLR asymptotic Gaussian linear-predictor uncertainty plus Bernoulli posterior-predictive variation",0.801815336463224,0.745352112676056,4,0.266666666666667,0.444444444444444,0.282905148758378,1.76411292636414,0.0821413494456596,0.592102769279111,0.9825,0.733333333333333,0.635,3.33333333333333,0.995,0.933333333333333,1.025,3.6,0.152088165283203
"Linear Gaussian covariates and Bernoulli SBM, fixed mixed-signal SCAR design",100,"WLR","WLR","WLR asymptotic Gaussian linear-predictor uncertainty plus Bernoulli posterior-predictive variation",0.773646322378717,0.688450704225352,3,0.2,0.422222222222222,0.302616109607373,2.02964270879966,0.0867087126292683,0.649538586593623,0.9825,0.733333333333333,0.6625,3.4,0.99,0.866666666666667,1.2725,6.19999999999999,0.444762945175171
"Linear Gaussian covariates and Bernoulli SBM, fixed mixed-signal SCAR design",1,"WLR_NET","WLR + Net","WLR asymptotic Gaussian linear-predictor uncertainty plus Bernoulli posterior-predictive variation",0.768388106416275,0.724507042253521,2,0.133333333333333,0.4,0.29546340936538,1.8676427717571,0.0839480380628456,0.629705113092024,0.98,0.8,0.6925,2.8,0.9975,0.933333333333333,0.9975,3.6,0.344946146011353
"Linear Gaussian covariates and Bernoulli SBM, fixed mixed-signal SCAR design",2,"WLR_NET","WLR + Net","WLR asymptotic Gaussian linear-predictor uncertainty plus Bernoulli posterior-predictive variation",0.784162754303599,0.733708920187793,3,0.2,0.333333333333333,0.294231383230541,1.85443432801207,0.0860034642419204,0.63822069957306,0.9825,0.8,0.6625,2.8,1,1,0.905,1,0.176759004592896
"Linear Gaussian covariates and Bernoulli SBM, fixed mixed-signal SCAR design",3,"WLR_NET","WLR + Net","WLR asymptotic Gaussian linear-predictor uncertainty plus Bernoulli posterior-predictive variation",0.747793427230047,0.653333333333333,3,0.2,0.4,0.308377684303096,2.09747356183682,0.0880439034470458,0.674852140245286,0.9675,0.6,0.8025,4.6,0.9975,0.933333333333333,1.005,3.6,0.12733006477356
"Linear Gaussian covariates and Bernoulli SBM, fixed mixed-signal SCAR design",4,"WLR_NET","WLR + Net","WLR asymptotic Gaussian linear-predictor uncertainty plus Bernoulli posterior-predictive variation",0.844131455399061,0.76056338028169,3,0.2,0.466666666666667,0.260417107874254,1.89902163865425,0.0774924315475575,0.613533805745276,0.9825,0.666666666666667,0.5675,4,1,1,0.7675,1,0.138416051864624
"Linear Gaussian covariates and Bernoulli SBM, fixed mixed-signal SCAR design",5,"WLR_NET","WLR + Net","WLR asymptotic Gaussian linear-predictor uncertainty plus Bernoulli posterior-predictive variation",0.92037558685446,0.900469483568075,9,0.6,0.688888888888889,0.186004711709978,1.16100876834122,0.0513731956841048,0.350105534688362,0.9825,0.8,0.4875,2.8,1,1,0.6575,1,0.205899953842163
"Linear Gaussian covariates and Bernoulli SBM, fixed mixed-signal SCAR design",6,"WLR_NET","WLR + Net","WLR asymptotic Gaussian linear-predictor uncertainty plus Bernoulli posterior-predictive variation",0.777276995305164,0.721877934272301,2,0.133333333333333,0.355555555555556,0.299410641136791,1.91992204609576,0.0873848765798234,0.677371287206781,0.98,0.8,0.6825,2.8,1,1,0.895,1,0.205658912658691
"Linear Gaussian covariates and Bernoulli SBM, fixed mixed-signal SCAR design",7,"WLR_NET","WLR + Net","WLR asymptotic Gaussian linear-predictor uncertainty plus Bernoulli posterior-predictive variation",0.768951486697966,0.611079812206573,0,0,0.377777777777778,0.308870045831792,2.61488681621192,0.0880591496348724,0.776994097585558,0.975,0.6,0.695,4.6,0.99,0.866666666666667,1.2275,6.19999999999999,0.189656019210815
"Linear Gaussian covariates and Bernoulli SBM, fixed mixed-signal SCAR design",8,"WLR_NET","WLR + Net","WLR asymptotic Gaussian linear-predictor uncertainty plus Bernoulli posterior-predictive variation",0.902848200312989,0.845821596244131,5,0.333333333333333,0.577777777777778,0.214589566124425,1.6597436807603,0.0630813794002728,0.512453387088418,0.98,0.666666666666667,0.5,4,0.9975,0.933333333333333,0.7,3.6,0.166579008102417
"Linear Gaussian covariates and Bernoulli SBM, fixed mixed-signal SCAR design",9,"WLR_NET","WLR + Net","WLR asymptotic Gaussian linear-predictor uncertainty plus Bernoulli posterior-predictive variation",0.817777777777778,0.729389671361502,3,0.2,0.444444444444444,0.277169485861597,1.96638987107493,0.0815948512418485,0.625552376560569,0.9825,0.733333333333333,0.5775,3.4,0.9975,0.933333333333333,0.925,3.6,0.1839439868927
"Linear Gaussian covariates and Bernoulli SBM, fixed mixed-signal SCAR design",10,"WLR_NET","WLR + Net","WLR asymptotic Gaussian linear-predictor uncertainty plus Bernoulli posterior-predictive variation",0.805821596244131,0.664413145539906,2,0.133333333333333,0.466666666666667,0.291390832610826,2.48465302273726,0.0800864980140914,0.686692157998021,0.9825,0.666666666666667,0.5775,4,0.99,0.8,1.15,8.79999999999999,0.13338303565979
"Linear Gaussian covariates and Bernoulli SBM, fixed mixed-signal SCAR design",11,"WLR_NET","WLR + Net","WLR asymptotic Gaussian linear-predictor uncertainty plus Bernoulli posterior-predictive variation",0.829420970266041,0.691830985915493,3,0.2,0.488888888888889,0.268660617518336,2.30666270644808,0.0759289604135366,0.636619348484993,0.98,0.6,0.595,4.53333333333333,0.9925,0.866666666666667,1.0275,6.19999999999999,0.18604302406311
"Linear Gaussian covariates and Bernoulli SBM, fixed mixed-signal SCAR design",12,"WLR_NET","WLR + Net","WLR asymptotic Gaussian linear-predictor uncertainty plus Bernoulli posterior-predictive variation",0.746729264475743,0.613896713615024,2,0.133333333333333,0.355555555555556,0.308915661465039,2.24709851501649,0.0891697481221883,0.703186493731577,0.975,0.533333333333333,0.73,5.2,0.9975,0.933333333333333,0.98,3.6,0.207272052764893
"Linear Gaussian covariates and Bernoulli SBM, fixed mixed-signal SCAR design",13,"WLR_NET","WLR + Net","WLR asymptotic Gaussian linear-predictor uncertainty plus Bernoulli posterior-predictive variation",0.844319248826291,0.83924882629108,5,0.333333333333333,0.444444444444444,0.267051778126575,1.40111191959177,0.0789237598499335,0.475239927453384,0.995,0.866666666666667,0.5325,2.2,1,1,0.855,1,0.213402986526489
"Linear Gaussian covariates and Bernoulli SBM, fixed mixed-signal SCAR design",14,"WLR_NET","WLR + Net","WLR asymptotic Gaussian linear-predictor uncertainty plus Bernoulli posterior-predictive variation",0.77133020344288,0.697840375586854,3,0.2,0.4,0.296873882480812,1.96613359421336,0.0841199983607707,0.64927766686908,0.9825,0.8,0.68,2.8,0.995,0.933333333333333,1.0875,3.6,0.173673152923584
"Linear Gaussian covariates and Bernoulli SBM, fixed mixed-signal SCAR design",15,"WLR_NET","WLR + Net","WLR asymptotic Gaussian linear-predictor uncertainty plus Bernoulli posterior-predictive variation",0.856338028169014,0.796995305164319,5,0.333333333333333,0.466666666666667,0.255363886512918,1.72568182174454,0.0746954109397495,0.548085141715079,0.9875,0.8,0.5275,2.8,0.995,0.933333333333333,0.99,3.6,0.149143934249878
"Linear Gaussian covariates and Bernoulli SBM, fixed mixed-signal SCAR design",16,"WLR_NET","WLR + Net","WLR asymptotic Gaussian linear-predictor uncertainty plus Bernoulli posterior-predictive variation",0.817339593114241,0.845070422535211,4,0.266666666666667,0.4,0.284355497730447,1.40843786256248,0.0846686367378839,0.528833245426963,0.9875,0.933333333333333,0.64,1.6,1,1,0.9,1,0.179798126220703
"Linear Gaussian covariates and Bernoulli SBM, fixed mixed-signal SCAR design",17,"WLR_NET","WLR + Net","WLR asymptotic Gaussian linear-predictor uncertainty plus Bernoulli posterior-predictive variation",0.832550860719875,0.807887323943662,5,0.333333333333333,0.422222222222222,0.267634946212876,1.62349031683173,0.0768781970416708,0.527798839826505,0.98,0.866666666666667,0.6425,2.2,0.9975,0.933333333333333,0.955,3.6,0.166402816772461
"Linear Gaussian covariates and Bernoulli SBM, fixed mixed-signal SCAR design",18,"WLR_NET","WLR + Net","WLR asymptotic Gaussian linear-predictor uncertainty plus Bernoulli posterior-predictive variation",0.898403755868545,0.8381220657277,6,0.4,0.622222222222222,0.211878524703454,1.6774978421395,0.0596125512015452,0.50785432906542,0.99,0.866666666666667,0.4975,2.2,1,1,0.72,1,0.196686983108521
"Linear Gaussian covariates and Bernoulli SBM, fixed mixed-signal SCAR design",19,"WLR_NET","WLR + Net","WLR asymptotic Gaussian linear-predictor uncertainty plus Bernoulli posterior-predictive variation",0.800062597809077,0.803755868544601,4,0.266666666666667,0.444444444444444,0.285347842806981,1.52376789520108,0.0828187448805613,0.548027747677769,0.985,0.933333333333333,0.6675,1.6,1,1,0.9275,1,0.162247896194458
"Linear Gaussian covariates and Bernoulli SBM, fixed mixed-signal SCAR design",20,"WLR_NET","WLR + Net","WLR asymptotic Gaussian linear-predictor uncertainty plus Bernoulli posterior-predictive variation",0.812769953051643,0.763943661971831,4,0.266666666666667,0.4,0.280975021802531,1.77409511465143,0.0824997264675459,0.592963383350686,0.9775,0.8,0.6825,2.8,0.9975,0.933333333333333,0.9425,3.6,0.151453971862793
"Linear Gaussian covariates and Bernoulli SBM, fixed mixed-signal SCAR design",21,"WLR_NET","WLR + Net","WLR asymptotic Gaussian linear-predictor uncertainty plus Bernoulli posterior-predictive variation",0.775336463223787,0.748356807511737,2,0.133333333333333,0.488888888888889,0.293447288456559,1.83170393966499,0.0818804585355134,0.614101146771009,0.975,0.8,0.7575,2.8,0.995,0.933333333333333,1.1225,3.6,0.129784822463989
"Linear Gaussian covariates and Bernoulli SBM, fixed mixed-signal SCAR design",22,"WLR_NET","WLR + Net","WLR asymptotic Gaussian linear-predictor uncertainty plus Bernoulli posterior-predictive variation",0.824851330203443,0.764131455399061,4,0.266666666666667,0.444444444444444,0.269882252169991,1.77949375421018,0.0772852765203045,0.585884925960985,0.98,0.733333333333333,0.6225,3.4,0.9975,1,0.905,1,0.185441017150879
"Linear Gaussian covariates and Bernoulli SBM, fixed mixed-signal SCAR design",23,"WLR_NET","WLR + Net","WLR asymptotic Gaussian linear-predictor uncertainty plus Bernoulli posterior-predictive variation",0.808388106416275,0.750046948356808,2,0.133333333333333,0.355555555555556,0.288622002948934,1.85661559120459,0.0860010813545791,0.656898865667824,0.985,0.8,0.61,2.8,1,1,0.87,1,0.211721897125244
"Linear Gaussian covariates and Bernoulli SBM, fixed mixed-signal SCAR design",24,"WLR_NET","WLR + Net","WLR asymptotic Gaussian linear-predictor uncertainty plus Bernoulli posterior-predictive variation",0.831987480438185,0.711924882629108,5,0.333333333333333,0.488888888888889,0.255910165176653,2.06240255415373,0.0704917164198906,0.554322377414039,0.9825,0.666666666666667,0.565,4,0.9975,0.933333333333333,0.87,3.6,0.175368070602417
"Linear Gaussian covariates and Bernoulli SBM, fixed mixed-signal SCAR design",25,"WLR_NET","WLR + Net","WLR asymptotic Gaussian linear-predictor uncertainty plus Bernoulli posterior-predictive variation",0.824037558685446,0.769953051643192,4,0.266666666666667,0.422222222222222,0.267011523195207,1.7460312210445,0.0767902261577531,0.600492804601793,0.9825,0.733333333333333,0.62,3.4,0.9975,1,0.925,1,0.192343950271606
"Linear Gaussian covariates and Bernoulli SBM, fixed mixed-signal SCAR design",26,"WLR_NET","WLR + Net","WLR asymptotic Gaussian linear-predictor uncertainty plus Bernoulli posterior-predictive variation",0.785414710485133,0.671549295774648,2,0.133333333333333,0.422222222222222,0.293492165686347,2.16926227420229,0.0834258492458117,0.643097735523266,0.9825,0.733333333333333,0.6475,3.4,0.99,0.733333333333333,1.275,11.4,0.151376008987427
"Linear Gaussian covariates and Bernoulli SBM, fixed mixed-signal SCAR design",27,"WLR_NET","WLR + Net","WLR asymptotic Gaussian linear-predictor uncertainty plus Bernoulli posterior-predictive variation",0.792363067292645,0.779342723004695,5,0.333333333333333,0.422222222222222,0.287683324439787,1.62375183635702,0.0832049624985606,0.563451497488549,0.9875,0.866666666666667,0.6275,2.2,1,1,0.895,1,0.18844199180603
"Linear Gaussian covariates and Bernoulli SBM, fixed mixed-signal SCAR design",28,"WLR_NET","WLR + Net","WLR asymptotic Gaussian linear-predictor uncertainty plus Bernoulli posterior-predictive variation",0.853834115805947,0.833239436619718,4,0.266666666666667,0.466666666666667,0.253583332767429,1.54641734494983,0.0737749144211768,0.538492360222268,0.99,0.866666666666667,0.5275,2.2,0.9975,1,0.8975,1,0.18381404876709
"Linear Gaussian covariates and Bernoulli SBM, fixed mixed-signal SCAR design",29,"WLR_NET","WLR + Net","WLR asymptotic Gaussian linear-predictor uncertainty plus Bernoulli posterior-predictive variation",0.844194053208138,0.816150234741784,5,0.333333333333333,0.488888888888889,0.254354720368573,1.64249810474303,0.0719405729509888,0.553276006428102,0.9825,0.8,0.59,2.8,0.9975,1,0.91,1,0.201673030853271
"Linear Gaussian covariates and Bernoulli SBM, fixed mixed-signal SCAR design",30,"WLR_NET","WLR + Net","WLR asymptotic Gaussian linear-predictor uncertainty plus Bernoulli posterior-predictive variation",0.753176838810642,0.740469483568075,4,0.266666666666667,0.355555555555556,0.300202271474263,1.74695942986934,0.0855611886884012,0.609775004559491,0.975,0.866666666666667,0.7825,2.2,1,1,0.96,1,0.176169157028198
"Linear Gaussian covariates and Bernoulli SBM, fixed mixed-signal SCAR design",31,"WLR_NET","WLR + Net","WLR asymptotic Gaussian linear-predictor uncertainty plus Bernoulli posterior-predictive variation",0.769640062597809,0.707417840375587,5,0.333333333333333,0.422222222222222,0.291842373196216,1.79045694973004,0.0835277316143504,0.591090750727247,0.98,0.733333333333333,0.69,3.4,1,1,0.9175,1,0.191733121871948
"Linear Gaussian covariates and Bernoulli SBM, fixed mixed-signal SCAR design",32,"WLR_NET","WLR + Net","WLR asymptotic Gaussian linear-predictor uncertainty plus Bernoulli posterior-predictive variation",0.856838810641628,0.792488262910798,4,0.266666666666667,0.511111111111111,0.252932274287576,1.69288524705971,0.0743304693991362,0.562440525496317,0.9875,0.733333333333333,0.545,3.33333333333333,1,1,0.815,1,0.159078121185303
"Linear Gaussian covariates and Bernoulli SBM, fixed mixed-signal SCAR design",33,"WLR_NET","WLR + Net","WLR asymptotic Gaussian linear-predictor uncertainty plus Bernoulli posterior-predictive variation",0.829045383411581,0.784413145539906,3,0.2,0.422222222222222,0.270521019734982,1.74222371114793,0.0791811255959002,0.606217421382084,0.985,0.8,0.59,2.8,0.995,1,1.0275,1,0.329207897186279
"Linear Gaussian covariates and Bernoulli SBM, fixed mixed-signal SCAR design",34,"WLR_NET","WLR + Net","WLR asymptotic Gaussian linear-predictor uncertainty plus Bernoulli posterior-predictive variation",0.72056338028169,0.652582159624413,4,0.266666666666667,0.333333333333333,0.313574845330018,1.91254243250796,0.0896516306160476,0.657094871799823,0.98,0.733333333333333,0.755,3.4,0.9975,1,1.0625,1,0.145330905914307
"Linear Gaussian covariates and Bernoulli SBM, fixed mixed-signal SCAR design",35,"WLR_NET","WLR + Net","WLR asymptotic Gaussian linear-predictor uncertainty plus Bernoulli posterior-predictive variation",0.81414710485133,0.778591549295775,3,0.2,0.466666666666667,0.28083059703421,1.76339973438744,0.0805504767286599,0.582790577587399,0.9825,0.8,0.635,2.8,0.9975,0.933333333333333,0.9975,3.6,0.168489933013916
"Linear Gaussian covariates and Bernoulli SBM, fixed mixed-signal SCAR design",36,"WLR_NET","WLR + Net","WLR asymptotic Gaussian linear-predictor uncertainty plus Bernoulli posterior-predictive variation",0.729139280125196,0.697089201877934,2,0.133333333333333,0.422222222222222,0.310938314541916,1.85816485438389,0.0878530654753994,0.656072998888229,0.975,0.8,0.84,2.8,0.9975,1,1.07,1,0.14794397354126
"Linear Gaussian covariates and Bernoulli SBM, fixed mixed-signal SCAR design",37,"WLR_NET","WLR + Net","WLR asymptotic Gaussian linear-predictor uncertainty plus Bernoulli posterior-predictive variation",0.797308294209703,0.72018779342723,5,0.333333333333333,0.488888888888889,0.279338080167964,1.82700261537923,0.0783004923855617,0.571916586271921,0.9775,0.666666666666667,0.71,4,1,1,0.86,1,0.1390221118927
"Linear Gaussian covariates and Bernoulli SBM, fixed mixed-signal SCAR design",38,"WLR_NET","WLR + Net","WLR asymptotic Gaussian linear-predictor uncertainty plus Bernoulli posterior-predictive variation",0.773458528951487,0.739154929577465,5,0.333333333333333,0.444444444444444,0.290740319757348,1.75713257017984,0.0824951249443112,0.581057905284728,0.98,0.8,0.73,2.8,0.9975,0.933333333333333,1.0075,3.6,0.148715972900391
"Linear Gaussian covariates and Bernoulli SBM, fixed mixed-signal SCAR design",39,"WLR_NET","WLR + Net","WLR asymptotic Gaussian linear-predictor uncertainty plus Bernoulli posterior-predictive variation",0.740344287949922,0.64037558685446,3,0.2,0.377777777777778,0.314555465722133,2.19713322530965,0.0883062666277149,0.680583172944926,0.975,0.666666666666667,0.76,4,0.995,0.933333333333333,1.09,3.6,0.138508081436157
"Linear Gaussian covariates and Bernoulli SBM, fixed mixed-signal SCAR design",40,"WLR_NET","WLR + Net","WLR asymptotic Gaussian linear-predictor uncertainty plus Bernoulli posterior-predictive variation",0.829045383411581,0.781408450704225,4,0.266666666666667,0.511111111111111,0.261374854083114,1.62710391367222,0.0737053938520988,0.521330986851425,0.9825,0.733333333333333,0.6175,3.4,1,1,0.8275,1,0.161591053009033
"Linear Gaussian covariates and Bernoulli SBM, fixed mixed-signal SCAR design",41,"WLR_NET","WLR + Net","WLR asymptotic Gaussian linear-predictor uncertainty plus Bernoulli posterior-predictive variation",0.781345852895149,0.637746478873239,4,0.266666666666667,0.511111111111111,0.287550494704965,2.34424056974021,0.0789532714123918,0.642033681877026,0.9725,0.6,0.66,4.6,0.9925,0.8,1.1,8.79999999999999,0.138154029846191
"Linear Gaussian covariates and Bernoulli SBM, fixed mixed-signal SCAR design",42,"WLR_NET","WLR + Net","WLR asymptotic Gaussian linear-predictor uncertainty plus Bernoulli posterior-predictive variation",0.784162754303599,0.699342723004695,3,0.2,0.377777777777778,0.297596821423278,1.98638675868321,0.085931124803205,0.644594403638929,0.9825,0.733333333333333,0.6675,3.4,0.9925,0.866666666666667,1.1775,6.19999999999999,0.136960983276367
"Linear Gaussian covariates and Bernoulli SBM, fixed mixed-signal SCAR design",43,"WLR_NET","WLR + Net","WLR asymptotic Gaussian linear-predictor uncertainty plus Bernoulli posterior-predictive variation",0.850579029733959,0.870234741784038,5,0.333333333333333,0.533333333333333,0.255056112124409,1.39275568197388,0.0739889182785652,0.511364424924954,0.985,0.866666666666667,0.5625,2.2,1,1,0.8425,1,0.179743051528931
"Linear Gaussian covariates and Bernoulli SBM, fixed mixed-signal SCAR design",44,"WLR_NET","WLR + Net","WLR asymptotic Gaussian linear-predictor uncertainty plus Bernoulli posterior-predictive variation",0.780093896713615,0.647136150234742,1,0.0666666666666667,0.444444444444444,0.299473019419864,2.33758395302091,0.0876439046063464,0.738913016162907,0.98,0.666666666666667,0.6375,4,0.995,0.933333333333333,1.0175,3.6,0.208033084869385
"Linear Gaussian covariates and Bernoulli SBM, fixed mixed-signal SCAR design",45,"WLR_NET","WLR + Net","WLR asymptotic Gaussian linear-predictor uncertainty plus Bernoulli posterior-predictive variation",0.848388106416275,0.813145539906103,3,0.2,0.511111111111111,0.259739488704251,1.57562951203907,0.0757802205960079,0.529601200518708,0.985,0.8,0.5825,2.8,1,1,0.81,1,0.131721019744873
"Linear Gaussian covariates and Bernoulli SBM, fixed mixed-signal SCAR design",46,"WLR_NET","WLR + Net","WLR asymptotic Gaussian linear-predictor uncertainty plus Bernoulli posterior-predictive variation",0.897089201877934,0.791924882629108,4,0.266666666666667,0.6,0.21804996293248,2.28028277667218,0.0630779196809418,0.646598269771554,0.9825,0.6,0.4725,4.6,0.9975,0.933333333333333,0.6675,3.6,0.135058164596558
"Linear Gaussian covariates and Bernoulli SBM, fixed mixed-signal SCAR design",47,"WLR_NET","WLR + Net","WLR asymptotic Gaussian linear-predictor uncertainty plus Bernoulli posterior-predictive variation",0.833239436619718,0.828356807511737,2,0.133333333333333,0.466666666666667,0.276720309852255,1.58642202645011,0.0832234370546654,0.592434897744633,0.9925,0.933333333333333,0.5475,1.6,1,1,0.8475,1,0.249335050582886
"Linear Gaussian covariates and Bernoulli SBM, fixed mixed-signal SCAR design",48,"WLR_NET","WLR + Net","WLR asymptotic Gaussian linear-predictor uncertainty plus Bernoulli posterior-predictive variation",0.783035993740219,0.697089201877934,2,0.133333333333333,0.377777777777778,0.29333483561936,2.02963918713522,0.0844437053999947,0.636180327254589,0.98,0.733333333333333,0.6725,3.4,0.9975,0.933333333333333,0.9425,3.6,0.123532056808472
"Linear Gaussian covariates and Bernoulli SBM, fixed mixed-signal SCAR design",49,"WLR_NET","WLR + Net","WLR asymptotic Gaussian linear-predictor uncertainty plus Bernoulli posterior-predictive variation",0.782097026604069,0.669295774647887,3,0.2,0.444444444444444,0.288819644619827,2.14709678565853,0.0805614237951442,0.636841187537645,0.97,0.6,0.73,4.6,0.995,0.866666666666667,1.005,6.19999999999999,0.138086080551147
"Linear Gaussian covariates and Bernoulli SBM, fixed mixed-signal SCAR design",50,"WLR_NET","WLR + Net","WLR asymptotic Gaussian linear-predictor uncertainty plus Bernoulli posterior-predictive variation",0.813333333333333,0.743286384976526,3,0.2,0.466666666666667,0.272814998471844,1.91074556038773,0.0770592781597875,0.588437774688217,0.9825,0.8,0.5775,2.8,0.9975,0.933333333333333,0.9425,3.6,0.12488579750061
"Linear Gaussian covariates and Bernoulli SBM, fixed mixed-signal SCAR design",51,"WLR_NET","WLR + Net","WLR asymptotic Gaussian linear-predictor uncertainty plus Bernoulli posterior-predictive variation",0.771392801251956,0.704037558685446,3,0.2,0.355555555555556,0.303571237739023,1.85724663882505,0.0888920008772492,0.626593293844561,0.9825,0.733333333333333,0.7075,3.4,0.9975,1,1.025,1,0.125569105148315
"Linear Gaussian covariates and Bernoulli SBM, fixed mixed-signal SCAR design",52,"WLR_NET","WLR + Net","WLR asymptotic Gaussian linear-predictor uncertainty plus Bernoulli posterior-predictive variation",0.805133020344288,0.763755868544601,4,0.266666666666667,0.4,0.283955061872757,1.78599507858178,0.0827315818453479,0.602803321725965,0.9825,0.866666666666667,0.6325,2.2,0.9975,0.933333333333333,0.9725,3.6,0.130477905273438
"Linear Gaussian covariates and Bernoulli SBM, fixed mixed-signal SCAR design",53,"WLR_NET","WLR + Net","WLR asymptotic Gaussian linear-predictor uncertainty plus Bernoulli posterior-predictive variation",0.822222222222222,0.737652582159624,3,0.2,0.444444444444444,0.274203146064218,1.98362062970358,0.0803869662685759,0.648481731874146,0.975,0.533333333333333,0.66,5.2,0.9975,1,0.8575,1,0.662693977355957
"Linear Gaussian covariates and Bernoulli SBM, fixed mixed-signal SCAR design",54,"WLR_NET","WLR + Net","WLR asymptotic Gaussian linear-predictor uncertainty plus Bernoulli posterior-predictive variation",0.814585289514867,0.739906103286385,2,0.133333333333333,0.355555555555556,0.28482044346642,1.90612943799027,0.0839971159222227,0.63584224297445,0.985,0.8,0.5925,2.8,0.9975,0.933333333333333,0.95,3.6,0.561555147171021
"Linear Gaussian covariates and Bernoulli SBM, fixed mixed-signal SCAR design",55,"WLR_NET","WLR + Net","WLR asymptotic Gaussian linear-predictor uncertainty plus Bernoulli posterior-predictive variation",0.872363067292645,0.785915492957746,4,0.266666666666667,0.511111111111111,0.243388847177822,1.94928813478059,0.0708737145205687,0.564085737088616,0.9875,0.8,0.4975,2.8,0.995,0.866666666666667,0.9025,6.19999999999999,0.64659309387207
"Linear Gaussian covariates and Bernoulli SBM, fixed mixed-signal SCAR design",56,"WLR_NET","WLR + Net","WLR asymptotic Gaussian linear-predictor uncertainty plus Bernoulli posterior-predictive variation",0.768200312989045,0.557370892018779,3,0.2,0.444444444444444,0.305838117742115,2.68643350470877,0.086305711229834,0.713468846894477,0.9725,0.4,0.6875,6.4,0.99,0.733333333333333,1.205,11.4,0.715617895126343
"Linear Gaussian covariates and Bernoulli SBM, fixed mixed-signal SCAR design",57,"WLR_NET","WLR + Net","WLR asymptotic Gaussian linear-predictor uncertainty plus Bernoulli posterior-predictive variation",0.848450704225352,0.836244131455399,5,0.333333333333333,0.466666666666667,0.265636529699533,1.43527863297402,0.0793052467369953,0.506135414930245,0.9875,0.866666666666667,0.5975,2.2,1,1,0.8575,1,0.561725854873657
"Linear Gaussian covariates and Bernoulli SBM, fixed mixed-signal SCAR design",58,"WLR_NET","WLR + Net","WLR asymptotic Gaussian linear-predictor uncertainty plus Bernoulli posterior-predictive variation",0.840500782472614,0.743098591549296,3,0.2,0.511111111111111,0.261403783542213,2.06662078076262,0.0752857693809961,0.656981419049389,0.98,0.733333333333333,0.605,3.4,0.9975,1,0.815,1,0.643075942993164
"Linear Gaussian covariates and Bernoulli SBM, fixed mixed-signal SCAR design",59,"WLR_NET","WLR + Net","WLR asymptotic Gaussian linear-predictor uncertainty plus Bernoulli posterior-predictive variation",0.800500782472613,0.789107981220657,1,0.0666666666666667,0.355555555555556,0.287143076752374,1.76909108506248,0.0825876340929572,0.620190537053807,0.9875,0.866666666666667,0.645,2.2,0.9975,0.933333333333333,1.005,3.6,0.643397808074951
"Linear Gaussian covariates and Bernoulli SBM, fixed mixed-signal SCAR design",60,"WLR_NET","WLR + Net","WLR asymptotic Gaussian linear-predictor uncertainty plus Bernoulli posterior-predictive variation",0.780594679186228,0.80056338028169,6,0.4,0.4,0.295103427009764,1.5159102581048,0.085930597006932,0.548801417111349,0.9825,0.8,0.7325,2.8,1,1,0.955,1,0.508502006530762
"Linear Gaussian covariates and Bernoulli SBM, fixed mixed-signal SCAR design",61,"WLR_NET","WLR + Net","WLR asymptotic Gaussian linear-predictor uncertainty plus Bernoulli posterior-predictive variation",0.809452269170579,0.752112676056338,4,0.266666666666667,0.488888888888889,0.280059247865377,1.87097187707445,0.0801405197479964,0.606673979540947,0.9775,0.733333333333333,0.6725,3.4,0.9975,0.933333333333333,0.9225,3.6,0.692701816558838
"Linear Gaussian covariates and Bernoulli SBM, fixed mixed-signal SCAR design",62,"WLR_NET","WLR + Net","WLR asymptotic Gaussian linear-predictor uncertainty plus Bernoulli posterior-predictive variation",0.805258215962441,0.711924882629108,3,0.2,0.422222222222222,0.284623482944185,2.01153687555292,0.0834960234579562,0.649905682200458,0.985,0.8,0.6125,2.8,1,1,0.8625,1,0.810241937637329
"Linear Gaussian covariates and Bernoulli SBM, fixed mixed-signal SCAR design",63,"WLR_NET","WLR + Net","WLR asymptotic Gaussian linear-predictor uncertainty plus Bernoulli posterior-predictive variation",0.811392801251956,0.756807511737089,3,0.2,0.488888888888889,0.272015854112295,1.78536149952931,0.0770967672819373,0.590560607437171,0.98,0.8,0.6575,2.8,0.9975,1,0.94,1,0.629221200942993
"Linear Gaussian covariates and Bernoulli SBM, fixed mixed-signal SCAR design",64,"WLR_NET","WLR + Net","WLR asymptotic Gaussian linear-predictor uncertainty plus Bernoulli posterior-predictive variation",0.811580594679186,0.72112676056338,2,0.133333333333333,0.422222222222222,0.279462326732235,2.05219310015918,0.0809901150304729,0.67537312372637,0.9775,0.6,0.6625,4.6,0.9975,0.933333333333333,0.8675,3.6,0.647642135620117
"Linear Gaussian covariates and Bernoulli SBM, fixed mixed-signal SCAR design",65,"WLR_NET","WLR + Net","WLR asymptotic Gaussian linear-predictor uncertainty plus Bernoulli posterior-predictive variation",0.804882629107981,0.777840375586854,2,0.133333333333333,0.4,0.284483852693458,1.76169239166793,0.0838981147294249,0.646921209001776,0.99,0.933333333333333,0.5875,1.6,1,1,0.8925,1,0.570106029510498
"Linear Gaussian covariates and Bernoulli SBM, fixed mixed-signal SCAR design",66,"WLR_NET","WLR + Net","WLR asymptotic Gaussian linear-predictor uncertainty plus Bernoulli posterior-predictive variation",0.826478873239437,0.836431924882629,4,0.266666666666667,0.466666666666667,0.271124275874267,1.51220498651864,0.0792506172668342,0.553898206571371,0.9825,0.866666666666667,0.645,2.2,1,1,0.8625,1,0.517388105392456
"Linear Gaussian covariates and Bernoulli SBM, fixed mixed-signal SCAR design",67,"WLR_NET","WLR + Net","WLR asymptotic Gaussian linear-predictor uncertainty plus Bernoulli posterior-predictive variation",0.758810641627543,0.699342723004695,2,0.133333333333333,0.4,0.307109649537115,2.04849481285369,0.0861186648811842,0.653404702331904,0.9775,0.733333333333333,0.7225,3.4,0.995,0.866666666666667,1.1225,6.19999999999999,0.444396018981934
"Linear Gaussian covariates and Bernoulli SBM, fixed mixed-signal SCAR design",68,"WLR_NET","WLR + Net","WLR asymptotic Gaussian linear-predictor uncertainty plus Bernoulli posterior-predictive variation",0.725258215962441,0.672488262910798,3,0.2,0.377777777777778,0.307248076199269,1.85691006688599,0.0864021586850406,0.640989986889479,0.9775,0.666666666666667,0.7925,4,1,1,0.965,1,0.232648849487305
"Linear Gaussian covariates and Bernoulli SBM, fixed mixed-signal SCAR design",69,"WLR_NET","WLR + Net","WLR asymptotic Gaussian linear-predictor uncertainty plus Bernoulli posterior-predictive variation",0.835680751173709,0.776713615023474,3,0.2,0.444444444444444,0.272812914632361,1.7944284112674,0.0813817495326135,0.58085924332188,0.9825,0.733333333333333,0.615,3.4,0.9975,0.933333333333333,0.855,3.6,0.202610969543457
"Linear Gaussian covariates and Bernoulli SBM, fixed mixed-signal SCAR design",70,"WLR_NET","WLR + Net","WLR asymptotic Gaussian linear-predictor uncertainty plus Bernoulli posterior-predictive variation",0.883442879499218,0.899718309859155,6,0.4,0.533333333333333,0.230087573448183,1.31247199359708,0.066640139714904,0.480707245676663,0.985,0.933333333333333,0.53,1.6,1,1,0.77,1,0.182426929473877
"Linear Gaussian covariates and Bernoulli SBM, fixed mixed-signal SCAR design",71,"WLR_NET","WLR + Net","WLR asymptotic Gaussian linear-predictor uncertainty plus Bernoulli posterior-predictive variation",0.821971830985916,0.738403755868545,3,0.2,0.444444444444444,0.274508551196076,1.92643948911261,0.0800666516594307,0.58835008767029,0.9825,0.733333333333333,0.5825,3.4,0.995,0.866666666666667,0.95,6.19999999999999,0.19888710975647
"Linear Gaussian covariates and Bernoulli SBM, fixed mixed-signal SCAR design",72,"WLR_NET","WLR + Net","WLR asymptotic Gaussian linear-predictor uncertainty plus Bernoulli posterior-predictive variation",0.761064162754304,0.654647887323944,1,0.0666666666666667,0.311111111111111,0.309208732628107,2.15764439260243,0.0902913727189855,0.711039948992968,0.98,0.666666666666667,0.7,4,0.9975,1,0.99,1,0.172136068344116
"Linear Gaussian covariates and Bernoulli SBM, fixed mixed-signal SCAR design",73,"WLR_NET","WLR + Net","WLR asymptotic Gaussian linear-predictor uncertainty plus Bernoulli posterior-predictive variation",0.759311424100157,0.699154929577465,0,0,0.355555555555556,0.302107036765055,2.00377314553912,0.0872029863472625,0.698410724465503,0.98,0.733333333333333,0.7125,3.4,1,1,0.92,1,0.145853042602539
"Linear Gaussian covariates and Bernoulli SBM, fixed mixed-signal SCAR design",74,"WLR_NET","WLR + Net","WLR asymptotic Gaussian linear-predictor uncertainty plus Bernoulli posterior-predictive variation",0.752613458528951,0.651267605633803,2,0.133333333333333,0.377777777777778,0.307007433784473,2.11048466117854,0.0880304797416423,0.665083370744291,0.975,0.666666666666667,0.7575,4,0.995,0.866666666666667,1.1175,6.19999999999999,0.175910949707031
"Linear Gaussian covariates and Bernoulli SBM, fixed mixed-signal SCAR design",75,"WLR_NET","WLR + Net","WLR asymptotic Gaussian linear-predictor uncertainty plus Bernoulli posterior-predictive variation",0.79906103286385,0.709671361502347,2,0.133333333333333,0.422222222222222,0.288793882340278,2.06715893209367,0.0839518493883787,0.680854001157186,0.9775,0.733333333333333,0.65,3.4,0.9975,1,0.8925,1,0.161761045455933
"Linear Gaussian covariates and Bernoulli SBM, fixed mixed-signal SCAR design",76,"WLR_NET","WLR + Net","WLR asymptotic Gaussian linear-predictor uncertainty plus Bernoulli posterior-predictive variation",0.779154929577465,0.723568075117371,3,0.2,0.488888888888889,0.285473411862153,1.9414579341433,0.0779785089701897,0.648153765071216,0.9775,0.733333333333333,0.67,3.4,0.995,1,1.075,1,0.216590881347656
"Linear Gaussian covariates and Bernoulli SBM, fixed mixed-signal SCAR design",77,"WLR_NET","WLR + Net","WLR asymptotic Gaussian linear-predictor uncertainty plus Bernoulli posterior-predictive variation",0.820907668231612,0.776713615023474,4,0.266666666666667,0.533333333333333,0.270707135508301,1.82868090447396,0.0750510401610617,0.548847864068662,0.985,0.866666666666667,0.6,2.2,0.995,0.866666666666667,1,6.19999999999999,0.417788982391357
"Linear Gaussian covariates and Bernoulli SBM, fixed mixed-signal SCAR design",78,"WLR_NET","WLR + Net","WLR asymptotic Gaussian linear-predictor uncertainty plus Bernoulli posterior-predictive variation",0.770704225352113,0.699718309859155,4,0.266666666666667,0.355555555555556,0.297364307089827,1.90059457814476,0.0851802913676211,0.629235811107948,0.9825,0.8,0.6925,2.8,0.9975,0.933333333333333,1.0075,3.6,0.411535024642944
"Linear Gaussian covariates and Bernoulli SBM, fixed mixed-signal SCAR design",79,"WLR_NET","WLR + Net","WLR asymptotic Gaussian linear-predictor uncertainty plus Bernoulli posterior-predictive variation",0.844507042253521,0.837183098591549,7,0.466666666666667,0.444444444444444,0.26934989244382,1.33031165756068,0.0792579314918108,0.450905912650276,0.99,0.866666666666667,0.5825,2.2,1,1,0.9,1,0.316314935684204
"Linear Gaussian covariates and Bernoulli SBM, fixed mixed-signal SCAR design",80,"WLR_NET","WLR + Net","WLR asymptotic Gaussian linear-predictor uncertainty plus Bernoulli posterior-predictive variation",0.809389671361502,0.775399061032864,3,0.2,0.4,0.282942910996783,1.73900521195219,0.0820144978134252,0.574671894540379,0.985,0.866666666666667,0.63,2.2,0.9975,0.933333333333333,0.9675,3.6,0.302024126052856
"Linear Gaussian covariates and Bernoulli SBM, fixed mixed-signal SCAR design",81,"WLR_NET","WLR + Net","WLR asymptotic Gaussian linear-predictor uncertainty plus Bernoulli posterior-predictive variation",0.748043818466354,0.64150234741784,3,0.2,0.377777777777778,0.311886011691156,2.13046340655365,0.0882072773222885,0.683744747786744,0.98,0.666666666666667,0.71,4,0.9975,1,1.015,1,0.312511920928955
"Linear Gaussian covariates and Bernoulli SBM, fixed mixed-signal SCAR design",82,"WLR_NET","WLR + Net","WLR asymptotic Gaussian linear-predictor uncertainty plus Bernoulli posterior-predictive variation",0.815399061032864,0.797558685446009,4,0.266666666666667,0.511111111111111,0.270744899139699,1.66486710711346,0.075355567743872,0.555580969490775,0.98,0.8,0.6975,2.8,0.995,0.933333333333333,1.035,3.6,0.375496864318848
"Linear Gaussian covariates and Bernoulli SBM, fixed mixed-signal SCAR design",83,"WLR_NET","WLR + Net","WLR asymptotic Gaussian linear-predictor uncertainty plus Bernoulli posterior-predictive variation",0.816150234741784,0.76150234741784,5,0.333333333333333,0.488888888888889,0.268470848452052,1.79467651942422,0.0745624985216327,0.570883427434631,0.9775,0.733333333333333,0.6925,3.4,0.9975,1,0.93,1,0.444504022598267
"Linear Gaussian covariates and Bernoulli SBM, fixed mixed-signal SCAR design",84,"WLR_NET","WLR + Net","WLR asymptotic Gaussian linear-predictor uncertainty plus Bernoulli posterior-predictive variation",0.802566510172144,0.797746478873239,6,0.4,0.466666666666667,0.284174336269195,1.530250681299,0.0820697077606991,0.532546982557931,0.985,0.866666666666667,0.6675,2.2,1,1,0.9375,1,0.35378098487854
"Linear Gaussian covariates and Bernoulli SBM, fixed mixed-signal SCAR design",85,"WLR_NET","WLR + Net","WLR asymptotic Gaussian linear-predictor uncertainty plus Bernoulli posterior-predictive variation",0.836494522691706,0.822535211267606,8,0.533333333333333,0.533333333333333,0.253576785966449,1.43111998338595,0.0710138057057961,0.479718850628833,0.9775,0.733333333333333,0.6475,3.33333333333333,1,1,0.8375,1,0.429517984390259
"Linear Gaussian covariates and Bernoulli SBM, fixed mixed-signal SCAR design",86,"WLR_NET","WLR + Net","WLR asymptotic Gaussian linear-predictor uncertainty plus Bernoulli posterior-predictive variation",0.714241001564945,0.646009389671361,1,0.0666666666666667,0.377777777777778,0.317189529897705,2.05252460936263,0.0902570231164944,0.712208864937355,0.9725,0.8,0.815,2.8,1,1,0.97,1,0.348336935043335
"Linear Gaussian covariates and Bernoulli SBM, fixed mixed-signal SCAR design",87,"WLR_NET","WLR + Net","WLR asymptotic Gaussian linear-predictor uncertainty plus Bernoulli posterior-predictive variation",0.855837245696401,0.788169014084507,4,0.266666666666667,0.511111111111111,0.251529401642664,1.83681610844758,0.0730517461680026,0.591207202557235,0.9825,0.733333333333333,0.5525,3.4,0.9975,0.933333333333333,0.79,3.6,0.314631938934326
"Linear Gaussian covariates and Bernoulli SBM, fixed mixed-signal SCAR design",88,"WLR_NET","WLR + Net","WLR asymptotic Gaussian linear-predictor uncertainty plus Bernoulli posterior-predictive variation",0.803192488262911,0.793051643192488,5,0.333333333333333,0.488888888888889,0.279317436078684,1.54736052278805,0.0782895785187665,0.517145947562134,0.9825,0.8,0.66,2.8,0.9975,1,1.035,1,0.354464054107666
"Linear Gaussian covariates and Bernoulli SBM, fixed mixed-signal SCAR design",89,"WLR_NET","WLR + Net","WLR asymptotic Gaussian linear-predictor uncertainty plus Bernoulli posterior-predictive variation",0.785226917057903,0.684131455399061,3,0.2,0.466666666666667,0.282462633013137,2.12267982019059,0.0796486787861941,0.673577496653587,0.9725,0.666666666666667,0.685,4,1,1,0.8275,1,0.388797044754028
"Linear Gaussian covariates and Bernoulli SBM, fixed mixed-signal SCAR design",90,"WLR_NET","WLR + Net","WLR asymptotic Gaussian linear-predictor uncertainty plus Bernoulli posterior-predictive variation",0.843693270735524,0.754178403755869,3,0.2,0.466666666666667,0.256455001302221,2.04663388704757,0.0743756556680121,0.66301773130245,0.9775,0.666666666666667,0.6475,4,1,1,0.82,1,0.378455877304077
"Linear Gaussian covariates and Bernoulli SBM, fixed mixed-signal SCAR design",91,"WLR_NET","WLR + Net","WLR asymptotic Gaussian linear-predictor uncertainty plus Bernoulli posterior-predictive variation",0.875117370892019,0.843568075117371,3,0.2,0.466666666666667,0.246901914579377,1.50164813401772,0.0750825107158094,0.51647147599975,0.99,0.866666666666667,0.535,2.2,1,1,0.7725,1,0.220766067504883
"Linear Gaussian covariates and Bernoulli SBM, fixed mixed-signal SCAR design",92,"WLR_NET","WLR + Net","WLR asymptotic Gaussian linear-predictor uncertainty plus Bernoulli posterior-predictive variation",0.819154929577465,0.773145539906103,2,0.133333333333333,0.4,0.282577139345652,1.76952141651054,0.0854711443081773,0.620613497668366,0.9875,0.866666666666667,0.5975,2.2,0.9975,0.933333333333333,0.9475,3.6,0.189050912857056
"Linear Gaussian covariates and Bernoulli SBM, fixed mixed-signal SCAR design",93,"WLR_NET","WLR + Net","WLR asymptotic Gaussian linear-predictor uncertainty plus Bernoulli posterior-predictive variation",0.774021909233177,0.782535211267606,3,0.2,0.4,0.291882447794111,1.63082060767545,0.0829447987396936,0.590794220834664,0.9775,0.866666666666667,0.7425,2.2,1,1,0.9525,1,0.23999810218811
"Linear Gaussian covariates and Bernoulli SBM, fixed mixed-signal SCAR design",94,"WLR_NET","WLR + Net","WLR asymptotic Gaussian linear-predictor uncertainty plus Bernoulli posterior-predictive variation",0.851643192488263,0.806948356807512,6,0.4,0.444444444444444,0.261818679854894,1.54315933805404,0.0774335771893031,0.477662952366992,0.9875,0.8,0.565,2.8,0.9975,0.933333333333333,0.9075,3.6,0.185057878494263
"Linear Gaussian covariates and Bernoulli SBM, fixed mixed-signal SCAR design",95,"WLR_NET","WLR + Net","WLR asymptotic Gaussian linear-predictor uncertainty plus Bernoulli posterior-predictive variation",0.753990610328638,0.63962441314554,3,0.2,0.333333333333333,0.313713410567029,2.27055199916668,0.0900573520515474,0.671996470150716,0.975,0.6,0.7225,4.6,0.9975,0.933333333333333,0.985,3.6,0.167244911193848
"Linear Gaussian covariates and Bernoulli SBM, fixed mixed-signal SCAR design",96,"WLR_NET","WLR + Net","WLR asymptotic Gaussian linear-predictor uncertainty plus Bernoulli posterior-predictive variation",0.861283255086072,0.83887323943662,8,0.533333333333333,0.511111111111111,0.249613519530078,1.44668214437069,0.0719970596575385,0.47959736266309,0.99,0.866666666666667,0.5375,2.2,0.9975,1,0.93,1,0.214760065078735
"Linear Gaussian covariates and Bernoulli SBM, fixed mixed-signal SCAR design",97,"WLR_NET","WLR + Net","WLR asymptotic Gaussian linear-predictor uncertainty plus Bernoulli posterior-predictive variation",0.873740219092332,0.87981220657277,8,0.533333333333333,0.555555555555556,0.238651406185693,1.21948613625418,0.068423408436995,0.426738259883965,0.9875,0.933333333333333,0.555,1.6,1,1,0.86,1,0.137201070785522
"Linear Gaussian covariates and Bernoulli SBM, fixed mixed-signal SCAR design",98,"WLR_NET","WLR + Net","WLR asymptotic Gaussian linear-predictor uncertainty plus Bernoulli posterior-predictive variation",0.843255086071988,0.822535211267606,6,0.4,0.511111111111111,0.256237621132491,1.54837397024554,0.0713941496897597,0.517554902831151,0.9825,0.866666666666667,0.6375,2.2,0.9975,1,0.9725,1,0.187046051025391
"Linear Gaussian covariates and Bernoulli SBM, fixed mixed-signal SCAR design",99,"WLR_NET","WLR + Net","WLR asymptotic Gaussian linear-predictor uncertainty plus Bernoulli posterior-predictive variation",0.808137715179969,0.749107981220657,4,0.266666666666667,0.466666666666667,0.281528769444052,1.76658913563637,0.0819305978596818,0.590402081159429,0.9825,0.8,0.6375,2.73333333333333,1,1,0.8275,1,0.518318176269531
"Linear Gaussian covariates and Bernoulli SBM, fixed mixed-signal SCAR design",100,"WLR_NET","WLR + Net","WLR asymptotic Gaussian linear-predictor uncertainty plus Bernoulli posterior-predictive variation",0.796807511737089,0.694084507042254,5,0.333333333333333,0.555555555555556,0.270097628447815,2.074602046281,0.07156473034852,0.591520148050975,0.9775,0.666666666666667,0.65,4,0.9875,0.733333333333333,1.275,11.4,0.43174409866333
"Linear Gaussian covariates and Bernoulli SBM, fixed mixed-signal SCAR design",1,"INLA","INLA","INLA posterior linear-predictor marginals plus Bernoulli posterior-predictive variation",0.756807511737089,0.713239436619718,4,0.266666666666667,0.422222222222222,0.314165640110235,2.62771443489354,0.0860568387014574,0.776902985034979,0.9575,0.6,0.6475,4.6,0.985,0.8,1.265,8.79999999999999,5.16350412368774
"Linear Gaussian covariates and Bernoulli SBM, fixed mixed-signal SCAR design",2,"INLA","INLA","INLA posterior linear-predictor marginals plus Bernoulli posterior-predictive variation",0.7879186228482,0.756619718309859,3,0.2,0.355555555555556,0.307044769004229,2.48007346500987,0.0871116055022158,0.766563831064566,0.96,0.6,0.6325,4.6,0.985,0.866666666666667,1.24,6.19999999999999,1.75215411186218
"Linear Gaussian covariates and Bernoulli SBM, fixed mixed-signal SCAR design",3,"INLA","INLA","INLA posterior linear-predictor marginals plus Bernoulli posterior-predictive variation",0.720250391236307,0.615774647887324,1,0.0666666666666667,0.4,0.331030479457825,2.94142710924758,0.0895390992986393,0.816322869958225,0.95,0.466666666666667,0.7275,5.8,0.985,0.8,1.295,8.79999999999999,1.47761297225952
"Linear Gaussian covariates and Bernoulli SBM, fixed mixed-signal SCAR design",4,"INLA","INLA","INLA posterior linear-predictor marginals plus Bernoulli posterior-predictive variation",0.814209702660407,0.716995305164319,3,0.2,0.422222222222222,0.295419333018174,2.77411735862226,0.0818113425551758,0.765870555576877,0.9525,0.466666666666667,0.685,5.8,0.9875,0.666666666666667,1.04,14,1.52972602844238
"Linear Gaussian covariates and Bernoulli SBM, fixed mixed-signal SCAR design",5,"INLA","INLA","INLA posterior linear-predictor marginals plus Bernoulli posterior-predictive variation",0.779843505477308,0.780093896713615,4,0.266666666666667,0.488888888888889,0.301617956918365,2.31387477735347,0.0832645724909321,0.704890380465502,0.9575,0.733333333333333,0.645,3.4,0.985,0.8,1.27,8.79999999999999,1.65155005455017
"Linear Gaussian covariates and Bernoulli SBM, fixed mixed-signal SCAR design",6,"INLA","INLA","INLA posterior linear-predictor marginals plus Bernoulli posterior-predictive variation",0.746854460093897,0.68,1,0.0666666666666667,0.377777777777778,0.322910556269551,2.78787727582853,0.0896534579383469,0.83412382615207,0.9425,0.4,0.795,6.4,0.985,0.8,1.275,8.79999999999999,1.66133594512939
"Linear Gaussian covariates and Bernoulli SBM, fixed mixed-signal SCAR design",7,"INLA","INLA","INLA posterior linear-predictor marginals plus Bernoulli posterior-predictive variation",0.648826291079812,0.477934272300469,1,0.0666666666666667,0.288888888888889,0.358706253387069,3.31091460193856,0.0947882239436306,0.872412113124372,0.9475,0.266666666666667,0.7725,7.6,0.9725,0.6,1.8525,16.6,1.87669515609741
"Linear Gaussian covariates and Bernoulli SBM, fixed mixed-signal SCAR design",8,"INLA","INLA","INLA posterior linear-predictor marginals plus Bernoulli posterior-predictive variation",0.84150234741784,0.777276995305164,3,0.2,0.488888888888889,0.279759353941848,2.6348039560873,0.0785283966450169,0.756027101416025,0.9625,0.533333333333333,0.5825,5.2,0.9825,0.8,1.1925,8.79999999999999,1.83326482772827
"Linear Gaussian covariates and Bernoulli SBM, fixed mixed-signal SCAR design",9,"INLA","INLA","INLA posterior linear-predictor marginals plus Bernoulli posterior-predictive variation",0.810266040688576,0.71962441314554,4,0.266666666666667,0.4,0.298458135807467,2.71674854295801,0.0838627353346751,0.754485268969774,0.955,0.4,0.67,6.4,0.9875,0.8,1.0575,8.79999999999999,1.95932793617249
"Linear Gaussian covariates and Bernoulli SBM, fixed mixed-signal SCAR design",10,"INLA","INLA","INLA posterior linear-predictor marginals plus Bernoulli posterior-predictive variation",0.762253521126761,0.630234741784038,3,0.2,0.377777777777778,0.32356252048486,3.0487862153648,0.0860301916001534,0.805958866357342,0.9525,0.4,0.695,6.4,0.98,0.6,1.42,16.6,1.70648002624512
"Linear Gaussian covariates and Bernoulli SBM, fixed mixed-signal SCAR design",11,"INLA","INLA","INLA posterior linear-predictor marginals plus Bernoulli posterior-predictive variation",0.72169014084507,0.574084507042254,3,0.2,0.355555555555556,0.332054758960712,3.04994085940779,0.0900433235561354,0.799642239238143,0.9525,0.4,0.7025,6.4,0.985,0.666666666666667,1.285,14,1.79651212692261
"Linear Gaussian covariates and Bernoulli SBM, fixed mixed-signal SCAR design",12,"INLA","INLA","INLA posterior linear-predictor marginals plus Bernoulli posterior-predictive variation",0.743098591549296,0.613145539906103,3,0.2,0.377777777777778,0.326300402374848,3.02387614340294,0.08924418482572,0.817068067770911,0.945,0.4,0.775,6.4,0.985,0.666666666666667,1.2425,14,1.88994908332825
"Linear Gaussian covariates and Bernoulli SBM, fixed mixed-signal SCAR design",13,"INLA","INLA","INLA posterior linear-predictor marginals plus Bernoulli posterior-predictive variation",0.775649452269171,0.771079812206573,3,0.2,0.488888888888889,0.312333402415812,2.28689263268329,0.0899128019419166,0.729091914482519,0.955,0.666666666666667,0.6825,4,0.99,0.866666666666667,1.135,6.19999999999999,2.23628497123718
"Linear Gaussian covariates and Bernoulli SBM, fixed mixed-signal SCAR design",14,"INLA","INLA","INLA posterior linear-predictor marginals plus Bernoulli posterior-predictive variation",0.758998435054773,0.677746478873239,2,0.133333333333333,0.4,0.320990343247758,2.75276255872336,0.0878581945085318,0.782825443859647,0.9625,0.6,0.62,4.6,0.9875,0.8,1.1925,8.79999999999999,1.47447180747986
"Linear Gaussian covariates and Bernoulli SBM, fixed mixed-signal SCAR design",15,"INLA","INLA","INLA posterior linear-predictor marginals plus Bernoulli posterior-predictive variation",0.764444444444444,0.72131455399061,3,0.2,0.444444444444444,0.313116686798865,2.59122375038494,0.085414618220793,0.742804243479126,0.9525,0.466666666666667,0.685,5.8,0.9825,0.8,1.35,8.79999999999999,1.76958513259888
"Linear Gaussian covariates and Bernoulli SBM, fixed mixed-signal SCAR design",16,"INLA","INLA","INLA posterior linear-predictor marginals plus Bernoulli posterior-predictive variation",0.816463223787167,0.862347417840376,5,0.333333333333333,0.422222222222222,0.294507912518023,1.95285837213978,0.0872393547437234,0.679936930012957,0.9525,0.733333333333333,0.695,3.4,1,1,0.695,1,1.7496612071991
"Linear Gaussian covariates and Bernoulli SBM, fixed mixed-signal SCAR design",17,"INLA","INLA","INLA posterior linear-predictor marginals plus Bernoulli posterior-predictive variation",0.757308294209703,0.702347417840376,4,0.266666666666667,0.4,0.320113471790544,2.72458804037505,0.0871034127721052,0.758301957758802,0.9475,0.466666666666667,0.7475,5.8,0.99,0.866666666666667,1.0775,6.19999999999999,1.4325098991394
"Linear Gaussian covariates and Bernoulli SBM, fixed mixed-signal SCAR design",18,"INLA","INLA","INLA posterior linear-predictor marginals plus Bernoulli posterior-predictive variation",0.762629107981221,0.779530516431925,4,0.266666666666667,0.422222222222222,0.313447952164208,2.39322541738512,0.0867769616789495,0.754033594693782,0.95,0.6,0.72,4.6,0.99,0.933333333333333,1.1275,3.6,1.75974988937378
"Linear Gaussian covariates and Bernoulli SBM, fixed mixed-signal SCAR design",19,"INLA","INLA","INLA posterior linear-predictor marginals plus Bernoulli posterior-predictive variation",0.77489827856025,0.822535211267606,5,0.333333333333333,0.466666666666667,0.308524754500115,2.09069898155087,0.088602820853093,0.69370589807097,0.9525,0.6,0.705,4.6,0.9975,1,0.9,1,1.55106902122498
"Linear Gaussian covariates and Bernoulli SBM, fixed mixed-signal SCAR design",20,"INLA","INLA","INLA posterior linear-predictor marginals plus Bernoulli posterior-predictive variation",0.777026604068858,0.72075117370892,3,0.2,0.355555555555556,0.313867784101164,2.60117795316943,0.0890316451163688,0.784136839551159,0.96,0.533333333333333,0.6375,5.2,0.99,0.866666666666667,1.09,6.19999999999999,1.55790901184082
"Linear Gaussian covariates and Bernoulli SBM, fixed mixed-signal SCAR design",21,"INLA","INLA","INLA posterior linear-predictor marginals plus Bernoulli posterior-predictive variation",0.757809076682316,0.714741784037559,4,0.266666666666667,0.466666666666667,0.315645719026462,2.60249290525333,0.0856906449073355,0.767309524921964,0.9575,0.533333333333333,0.6575,5.2,0.9825,0.8,1.38,8.79999999999999,1.82070088386536
"Linear Gaussian covariates and Bernoulli SBM, fixed mixed-signal SCAR design",22,"INLA","INLA","INLA posterior linear-predictor marginals plus Bernoulli posterior-predictive variation",0.779217527386541,0.707042253521127,4,0.266666666666667,0.4,0.307641475104782,2.67242102476166,0.0843604420904065,0.770762813172313,0.9475,0.333333333333333,0.7575,7,0.99,0.933333333333333,1.0125,3.6,1.63397002220154
"Linear Gaussian covariates and Bernoulli SBM, fixed mixed-signal SCAR design",23,"INLA","INLA","INLA posterior linear-predictor marginals plus Bernoulli posterior-predictive variation",0.759123630672926,0.700281690140845,2,0.133333333333333,0.377777777777778,0.319330312739175,2.62234852451845,0.0905375238930405,0.796296952265926,0.9475,0.466666666666667,0.755,5.8,0.9925,0.866666666666667,0.9825,6.19999999999999,1.57446193695068
"Linear Gaussian covariates and Bernoulli SBM, fixed mixed-signal SCAR design",24,"INLA","INLA","INLA posterior linear-predictor marginals plus Bernoulli posterior-predictive variation",0.773145539906103,0.778215962441315,3,0.2,0.4,0.314569714886368,2.27544930437732,0.0896480119683981,0.744190314728277,0.9625,0.733333333333333,0.6125,3.4,0.99,0.933333333333333,1.1525,3.6,1.72554397583008
"Linear Gaussian covariates and Bernoulli SBM, fixed mixed-signal SCAR design",25,"INLA","INLA","INLA posterior linear-predictor marginals plus Bernoulli posterior-predictive variation",0.794741784037559,0.727699530516432,3,0.2,0.444444444444444,0.299010303801907,2.53231513149884,0.0826714470773582,0.733699499287393,0.9475,0.4,0.725,6.4,0.9925,0.866666666666667,0.9475,6.19999999999999,1.71586513519287
"Linear Gaussian covariates and Bernoulli SBM, fixed mixed-signal SCAR design",26,"INLA","INLA","INLA posterior linear-predictor marginals plus Bernoulli posterior-predictive variation",0.726259780907668,0.621596244131455,3,0.2,0.377777777777778,0.331995355417239,2.94123312523647,0.0894222831115023,0.78685574354863,0.95,0.4,0.7375,6.4,0.9825,0.8,1.4075,8.79999999999999,1.77834892272949
"Linear Gaussian covariates and Bernoulli SBM, fixed mixed-signal SCAR design",27,"INLA","INLA","INLA posterior linear-predictor marginals plus Bernoulli posterior-predictive variation",0.765946791862285,0.747230046948357,5,0.333333333333333,0.4,0.313929174293829,2.35861762000469,0.0887923550089783,0.732877982280562,0.95,0.533333333333333,0.745,5.2,0.99,0.866666666666667,1.1325,6.19999999999999,1.68170714378357
"Linear Gaussian covariates and Bernoulli SBM, fixed mixed-signal SCAR design",28,"INLA","INLA","INLA posterior linear-predictor marginals plus Bernoulli posterior-predictive variation",0.759123630672926,0.696150234741784,2,0.133333333333333,0.377777777777778,0.314585411952979,2.69077488672467,0.0856153644247617,0.798395207678193,0.9575,0.466666666666667,0.6725,5.8,0.9875,0.866666666666667,1.1375,6.19999999999999,2.05262184143066
"Linear Gaussian covariates and Bernoulli SBM, fixed mixed-signal SCAR design",29,"INLA","INLA","INLA posterior linear-predictor marginals plus Bernoulli posterior-predictive variation",0.737402190923318,0.636056338028169,2,0.133333333333333,0.311111111111111,0.328426051572933,2.82212149369183,0.0914591721313778,0.811524092687983,0.95,0.266666666666667,0.7125,7.6,0.985,0.866666666666667,1.305,6.19999999999999,2.32983803749084
"Linear Gaussian covariates and Bernoulli SBM, fixed mixed-signal SCAR design",30,"INLA","INLA","INLA posterior linear-predictor marginals plus Bernoulli posterior-predictive variation",0.744100156494523,0.763943661971831,4,0.266666666666667,0.4,0.315134566657883,2.35755132405499,0.0874709820102089,0.74762133182863,0.95,0.533333333333333,0.71,5.2,0.9925,0.933333333333333,1.0975,3.6,1.53208088874817
"Linear Gaussian covariates and Bernoulli SBM, fixed mixed-signal SCAR design",31,"INLA","INLA","INLA posterior linear-predictor marginals plus Bernoulli posterior-predictive variation",0.743599374021909,0.700657276995305,5,0.333333333333333,0.444444444444444,0.321249382073767,2.5762634946204,0.0889386588035564,0.768930812143238,0.9525,0.533333333333333,0.7175,5.2,0.985,0.866666666666667,1.325,6.19999999999999,1.53742098808289
"Linear Gaussian covariates and Bernoulli SBM, fixed mixed-signal SCAR design",32,"INLA","INLA","INLA posterior linear-predictor marginals plus Bernoulli posterior-predictive variation",0.717433489827856,0.676431924882629,3,0.2,0.355555555555556,0.334243917501576,2.69985904189836,0.0920072683757535,0.805893652656903,0.9525,0.533333333333333,0.7075,5.2,0.9875,0.8,1.275,8.79999999999999,2.14730787277222
"Linear Gaussian covariates and Bernoulli SBM, fixed mixed-signal SCAR design",33,"INLA","INLA","INLA posterior linear-predictor marginals plus Bernoulli posterior-predictive variation",0.815399061032864,0.75849765258216,3,0.2,0.4,0.29363604045028,2.51592396486027,0.0831170070895547,0.755335508879837,0.965,0.533333333333333,0.575,5.2,0.9875,0.8,1.0625,8.79999999999999,2.15104699134827
"Linear Gaussian covariates and Bernoulli SBM, fixed mixed-signal SCAR design",34,"INLA","INLA","INLA posterior linear-predictor marginals plus Bernoulli posterior-predictive variation",0.710359937402191,0.662910798122066,4,0.266666666666667,0.355555555555556,0.329937981390292,2.62109114566396,0.0911174893669471,0.788719867907482,0.935,0.333333333333333,0.86,7,0.99,0.866666666666667,1.1825,6.19999999999999,1.39671897888184
"Linear Gaussian covariates and Bernoulli SBM, fixed mixed-signal SCAR design",35,"INLA","INLA","INLA posterior linear-predictor marginals plus Bernoulli posterior-predictive variation",0.806259780907668,0.770704225352113,3,0.2,0.466666666666667,0.299460077437264,2.49659225228539,0.0843110042413082,0.751775321744023,0.96,0.533333333333333,0.615,5.2,0.985,0.866666666666667,1.225,6.19999999999999,2.20811295509338
"Linear Gaussian covariates and Bernoulli SBM, fixed mixed-signal SCAR design",36,"INLA","INLA","INLA posterior linear-predictor marginals plus Bernoulli posterior-predictive variation",0.726322378716745,0.689389671361502,2,0.133333333333333,0.422222222222222,0.327176209994957,2.61107859289668,0.0904934899697457,0.802146979010001,0.95,0.466666666666667,0.72,5.8,0.9925,0.933333333333333,1.0325,3.6,1.44357800483704
"Linear Gaussian covariates and Bernoulli SBM, fixed mixed-signal SCAR design",37,"INLA","INLA","INLA posterior linear-predictor marginals plus Bernoulli posterior-predictive variation",0.755242566510172,0.670046948356808,5,0.333333333333333,0.466666666666667,0.311685121607016,2.61992922053832,0.0841192375214376,0.707224683059108,0.9525,0.466666666666667,0.695,5.8,0.9825,0.733333333333333,1.355,11.4,1.93482208251953
"Linear Gaussian covariates and Bernoulli SBM, fixed mixed-signal SCAR design",38,"INLA","INLA","INLA posterior linear-predictor marginals plus Bernoulli posterior-predictive variation",0.754428794992175,0.767699530516432,4,0.266666666666667,0.444444444444444,0.314003283398101,2.39774405005237,0.0872653919789579,0.728169066582126,0.9475,0.533333333333333,0.73,5.2,0.995,0.866666666666667,0.94,6.19999999999999,1.50416207313538
"Linear Gaussian covariates and Bernoulli SBM, fixed mixed-signal SCAR design",39,"INLA","INLA","INLA posterior linear-predictor marginals plus Bernoulli posterior-predictive variation",0.737402190923318,0.633802816901408,2,0.133333333333333,0.422222222222222,0.332494362850261,2.93600492882016,0.0901420991652766,0.799189318851378,0.95,0.466666666666667,0.735,5.8,0.985,0.733333333333333,1.275,11.4,1.63955903053284
"Linear Gaussian covariates and Bernoulli SBM, fixed mixed-signal SCAR design",40,"INLA","INLA","INLA posterior linear-predictor marginals plus Bernoulli posterior-predictive variation",0.791486697965571,0.744413145539906,5,0.333333333333333,0.488888888888889,0.299762448523183,2.33942179672749,0.0846409414649358,0.684686699772942,0.9625,0.666666666666667,0.61,4,0.99,0.8,1.045,8.79999999999999,1.39470887184143
"Linear Gaussian covariates and Bernoulli SBM, fixed mixed-signal SCAR design",41,"INLA","INLA","INLA posterior linear-predictor marginals plus Bernoulli posterior-predictive variation",0.785164319248826,0.68037558685446,4,0.266666666666667,0.511111111111111,0.306187783599756,2.8128303783219,0.0828987989791623,0.736067379447029,0.9575,0.533333333333333,0.635,5.2,0.9825,0.733333333333333,1.275,11.4,1.49832677841187
"Linear Gaussian covariates and Bernoulli SBM, fixed mixed-signal SCAR design",42,"INLA","INLA","INLA posterior linear-predictor marginals plus Bernoulli posterior-predictive variation",0.745978090766823,0.643004694835681,1,0.0666666666666667,0.4,0.330837485706071,2.93071496947591,0.0911296590160481,0.83872707745461,0.9525,0.333333333333333,0.71,7,0.9875,0.866666666666667,1.2025,6.19999999999999,1.97855997085571
"Linear Gaussian covariates and Bernoulli SBM, fixed mixed-signal SCAR design",43,"INLA","INLA","INLA posterior linear-predictor marginals plus Bernoulli posterior-predictive variation",0.765508607198748,0.772769953051643,3,0.2,0.355555555555556,0.315385378861334,2.36067802424542,0.0890078236294037,0.766354916840739,0.9575,0.533333333333333,0.6675,5.2,0.9875,0.933333333333333,1.2525,3.6,1.72220301628113
"Linear Gaussian covariates and Bernoulli SBM, fixed mixed-signal SCAR design",44,"INLA","INLA","INLA posterior linear-predictor marginals plus Bernoulli posterior-predictive variation",0.767824726134585,0.63849765258216,1,0.0666666666666667,0.355555555555556,0.323363532813188,3.12422564527676,0.0891879767418331,0.850301306501311,0.9525,0.266666666666667,0.6925,7.6,0.985,0.733333333333333,1.1525,11.4,2.0626859664917
"Linear Gaussian covariates and Bernoulli SBM, fixed mixed-signal SCAR design",45,"INLA","INLA","INLA posterior linear-predictor marginals plus Bernoulli posterior-predictive variation",0.820657276995305,0.778028169014085,4,0.266666666666667,0.444444444444444,0.291649824654775,2.33892080371145,0.0830940083112755,0.714575921977675,0.965,0.6,0.5625,4.6,0.99,0.866666666666667,1.0075,6.19999999999999,1.67701697349548
"Linear Gaussian covariates and Bernoulli SBM, fixed mixed-signal SCAR design",46,"INLA","INLA","INLA posterior linear-predictor marginals plus Bernoulli posterior-predictive variation",0.78566510172144,0.621784037558685,2,0.133333333333333,0.4,0.315771270454838,3.2700356633848,0.0866656984146734,0.830951729972804,0.9575,0.4,0.635,6.4,0.9825,0.6,1.2025,16.6,1.35805892944336
"Linear Gaussian covariates and Bernoulli SBM, fixed mixed-signal SCAR design",47,"INLA","INLA","INLA posterior linear-predictor marginals plus Bernoulli posterior-predictive variation",0.798372456964006,0.791173708920188,2,0.133333333333333,0.355555555555556,0.309419516459549,2.31367941914827,0.0897256517929426,0.756602493569907,0.9525,0.666666666666667,0.705,4,0.9925,0.933333333333333,1.01,3.6,1.79285788536072
"Linear Gaussian covariates and Bernoulli SBM, fixed mixed-signal SCAR design",48,"INLA","INLA","INLA posterior linear-predictor marginals plus Bernoulli posterior-predictive variation",0.738278560250391,0.620845070422535,2,0.133333333333333,0.288888888888889,0.330381040548963,2.94744044337256,0.0912765764213874,0.806308080931293,0.9475,0.333333333333333,0.755,7,0.985,0.733333333333333,1.2675,11.4,1.46961283683777
"Linear Gaussian covariates and Bernoulli SBM, fixed mixed-signal SCAR design",49,"INLA","INLA","INLA posterior linear-predictor marginals plus Bernoulli posterior-predictive variation",0.735399061032864,0.637183098591549,2,0.133333333333333,0.377777777777778,0.329289826491293,2.94429574600552,0.0876053697681821,0.781790385148355,0.9525,0.466666666666667,0.71,5.8,0.9825,0.733333333333333,1.385,11.4,1.44266390800476
"Linear Gaussian covariates and Bernoulli SBM, fixed mixed-signal SCAR design",50,"INLA","INLA","INLA posterior linear-predictor marginals plus Bernoulli posterior-predictive variation",0.809577464788732,0.782723004694836,4,0.266666666666667,0.466666666666667,0.286827085459041,2.33791185942679,0.0791486685146937,0.707221775031605,0.965,0.666666666666667,0.5675,4,0.985,0.8,1.18,8.79999999999999,1.6588180065155
"Linear Gaussian covariates and Bernoulli SBM, fixed mixed-signal SCAR design",51,"INLA","INLA","INLA posterior linear-predictor marginals plus Bernoulli posterior-predictive variation",0.722128325508607,0.72169014084507,2,0.133333333333333,0.311111111111111,0.33253219503793,2.50009539041926,0.0947583920186187,0.812860199356768,0.945,0.466666666666667,0.7725,5.8,0.995,1,1.035,1,1.72879981994629
"Linear Gaussian covariates and Bernoulli SBM, fixed mixed-signal SCAR design",52,"INLA","INLA","INLA posterior linear-predictor marginals plus Bernoulli posterior-predictive variation",0.762316118935837,0.745727699530516,4,0.266666666666667,0.355555555555556,0.321407785776585,2.42332043361076,0.091692650278871,0.758656878871926,0.955,0.533333333333333,0.685,5.2,0.9875,0.866666666666667,1.2525,6.19999999999999,1.57955598831177
"Linear Gaussian covariates and Bernoulli SBM, fixed mixed-signal SCAR design",53,"INLA","INLA","INLA posterior linear-predictor marginals plus Bernoulli posterior-predictive variation",0.750672926447574,0.703286384976526,4,0.266666666666667,0.377777777777778,0.314867317392455,2.58070144966016,0.086158280994978,0.771163735338969,0.9475,0.466666666666667,0.7525,5.8,0.9875,0.933333333333333,1.1875,3.6,4.26258111000061
"Linear Gaussian covariates and Bernoulli SBM, fixed mixed-signal SCAR design",54,"INLA","INLA","INLA posterior linear-predictor marginals plus Bernoulli posterior-predictive variation",0.755931142410016,0.672863849765258,3,0.2,0.355555555555556,0.322474708757481,2.84274116105279,0.088736690501075,0.799254123399199,0.945,0.333333333333333,0.7675,7,0.985,0.8,1.265,8.79999999999999,4.49137806892395
"Linear Gaussian covariates and Bernoulli SBM, fixed mixed-signal SCAR design",55,"INLA","INLA","INLA posterior linear-predictor marginals plus Bernoulli posterior-predictive variation",0.802441314553991,0.709671361502347,5,0.333333333333333,0.488888888888889,0.301753590591548,2.79470134725439,0.0828760171490845,0.742957311427069,0.9575,0.533333333333333,0.6475,5.2,0.9825,0.666666666666667,1.2525,14,4.8822910785675
"Linear Gaussian covariates and Bernoulli SBM, fixed mixed-signal SCAR design",56,"INLA","INLA","INLA posterior linear-predictor marginals plus Bernoulli posterior-predictive variation",0.764256651017214,0.562629107981221,3,0.2,0.422222222222222,0.321950229812474,3.38229784900754,0.0860133506403504,0.791671179454086,0.9525,0.333333333333333,0.6875,7,0.9775,0.533333333333333,1.4825,19.2,4.83421516418457
"Linear Gaussian covariates and Bernoulli SBM, fixed mixed-signal SCAR design",57,"INLA","INLA","INLA posterior linear-predictor marginals plus Bernoulli posterior-predictive variation",0.775837245696401,0.780281690140845,5,0.333333333333333,0.4,0.309808702591519,2.24249972836857,0.0885572560761466,0.726670625081925,0.95,0.533333333333333,0.735,5.2,0.9975,1,0.8425,1,5.22867393493652
"Linear Gaussian covariates and Bernoulli SBM, fixed mixed-signal SCAR design",58,"INLA","INLA","INLA posterior linear-predictor marginals plus Bernoulli posterior-predictive variation",0.768888888888889,0.67887323943662,2,0.133333333333333,0.355555555555556,0.319497341362469,2.87554177681396,0.0890121975276145,0.82802230554889,0.9425,0.266666666666667,0.7875,7.6,0.9875,0.866666666666667,1.1275,6.19999999999999,4.53870987892151
"Linear Gaussian covariates and Bernoulli SBM, fixed mixed-signal SCAR design",59,"INLA","INLA","INLA posterior linear-predictor marginals plus Bernoulli posterior-predictive variation",0.72,0.656901408450704,0,0,0.266666666666667,0.341106070936555,2.88424710515122,0.0953816269930175,0.858548254229714,0.945,0.266666666666667,0.79,7.6,0.9875,0.866666666666667,1.275,6.19999999999999,4.89068007469177
"Linear Gaussian covariates and Bernoulli SBM, fixed mixed-signal SCAR design",60,"INLA","INLA","INLA posterior linear-predictor marginals plus Bernoulli posterior-predictive variation",0.730641627543036,0.733333333333333,4,0.266666666666667,0.4,0.324610221868911,2.39241381465523,0.0918003653351691,0.76404460475031,0.9475,0.533333333333333,0.77,5.2,0.9975,0.933333333333333,0.895,3.6,4.52038502693176
"Linear Gaussian covariates and Bernoulli SBM, fixed mixed-signal SCAR design",61,"INLA","INLA","INLA posterior linear-predictor marginals plus Bernoulli posterior-predictive variation",0.810641627543036,0.764319248826291,4,0.266666666666667,0.466666666666667,0.296400370177451,2.53746206035641,0.0834901770164717,0.75275111142922,0.96,0.466666666666667,0.6175,5.8,0.985,0.8,1.165,8.79999999999999,4.57413697242737
"Linear Gaussian covariates and Bernoulli SBM, fixed mixed-signal SCAR design",62,"INLA","INLA","INLA posterior linear-predictor marginals plus Bernoulli posterior-predictive variation",0.712300469483568,0.589295774647887,2,0.133333333333333,0.288888888888889,0.338815119997717,3.03459851393393,0.0908459260073154,0.823592871618728,0.9525,0.4,0.73,6.4,0.985,0.8,1.335,8.79999999999999,5.31198191642761
"Linear Gaussian covariates and Bernoulli SBM, fixed mixed-signal SCAR design",63,"INLA","INLA","INLA posterior linear-predictor marginals plus Bernoulli posterior-predictive variation",0.78472613458529,0.735774647887324,4,0.266666666666667,0.466666666666667,0.298658187162915,2.51479503574389,0.0813058697083686,0.738612667970315,0.955,0.466666666666667,0.6625,5.8,0.985,0.8,1.215,8.79999999999999,4.64102697372437
"Linear Gaussian covariates and Bernoulli SBM, fixed mixed-signal SCAR design",64,"INLA","INLA","INLA posterior linear-predictor marginals plus Bernoulli posterior-predictive variation",0.766447574334898,0.685070422535211,1,0.0666666666666667,0.422222222222222,0.316164952186784,2.82717062344912,0.0868148322912668,0.81438177602432,0.95,0.4,0.7275,6.4,0.9875,0.933333333333333,1.1125,3.6,4.42023301124573
"Linear Gaussian covariates and Bernoulli SBM, fixed mixed-signal SCAR design",65,"INLA","INLA","INLA posterior linear-predictor marginals plus Bernoulli posterior-predictive variation",0.743286384976526,0.676995305164319,3,0.2,0.422222222222222,0.323548503873591,2.74617762145123,0.0884039965007031,0.800366264361419,0.9525,0.533333333333333,0.7275,5.2,0.9825,0.8,1.395,8.79999999999999,5.31672501564026
"Linear Gaussian covariates and Bernoulli SBM, fixed mixed-signal SCAR design",66,"INLA","INLA","INLA posterior linear-predictor marginals plus Bernoulli posterior-predictive variation",0.792050078247261,0.771267605633803,4,0.266666666666667,0.444444444444444,0.299034986372205,2.41473694506875,0.0836610658993443,0.750774675417543,0.96,0.6,0.625,4.6,0.985,0.866666666666667,1.2175,6.19999999999999,4.10685706138611
"Linear Gaussian covariates and Bernoulli SBM, fixed mixed-signal SCAR design",67,"INLA","INLA","INLA posterior linear-predictor marginals plus Bernoulli posterior-predictive variation",0.752175273865415,0.689577464788732,2,0.133333333333333,0.422222222222222,0.324166918172158,2.77102636203095,0.0894334261839779,0.796302709067618,0.955,0.6,0.67,4.6,0.9875,0.866666666666667,1.18,6.19999999999999,4.08853793144226
"Linear Gaussian covariates and Bernoulli SBM, fixed mixed-signal SCAR design",68,"INLA","INLA","INLA posterior linear-predictor marginals plus Bernoulli posterior-predictive variation",0.723943661971831,0.662723004694836,3,0.2,0.377777777777778,0.324289635605078,2.61011682221863,0.0886566748622868,0.776167508645832,0.9475,0.333333333333333,0.7525,7,0.9875,0.866666666666667,1.2625,6.19999999999999,1.61796092987061
"Linear Gaussian covariates and Bernoulli SBM, fixed mixed-signal SCAR design",69,"INLA","INLA","INLA posterior linear-predictor marginals plus Bernoulli posterior-predictive variation",0.788920187793427,0.717934272300469,3,0.2,0.422222222222222,0.309978603787708,2.70485512883955,0.0862333802863559,0.759619609260792,0.9575,0.6,0.6625,4.6,0.9875,0.8,1.0925,8.79999999999999,2.01975393295288
"Linear Gaussian covariates and Bernoulli SBM, fixed mixed-signal SCAR design",70,"INLA","INLA","INLA posterior linear-predictor marginals plus Bernoulli posterior-predictive variation",0.757120500782473,0.730704225352113,3,0.2,0.333333333333333,0.317210919417898,2.47460534874257,0.0896278780199985,0.759207902530442,0.9475,0.6,0.7675,4.6,0.9925,0.866666666666667,1,6.19999999999999,1.72269892692566
"Linear Gaussian covariates and Bernoulli SBM, fixed mixed-signal SCAR design",71,"INLA","INLA","INLA posterior linear-predictor marginals plus Bernoulli posterior-predictive variation",0.789921752738654,0.710798122065728,6,0.4,0.422222222222222,0.304596913234532,2.60776939899581,0.084733753797014,0.726776689727857,0.9525,0.533333333333333,0.71,5.2,0.985,0.733333333333333,1.18,11.4,1.86422204971313
"Linear Gaussian covariates and Bernoulli SBM, fixed mixed-signal SCAR design",72,"INLA","INLA","INLA posterior linear-predictor marginals plus Bernoulli posterior-predictive variation",0.724882629107981,0.68037558685446,1,0.0666666666666667,0.311111111111111,0.332367864602475,2.71206428982704,0.092335625316777,0.837071296771805,0.9425,0.466666666666667,0.805,5.8,0.99,0.8,1.155,8.79999999999999,1.93639302253723
"Linear Gaussian covariates and Bernoulli SBM, fixed mixed-signal SCAR design",73,"INLA","INLA","INLA posterior linear-predictor marginals plus Bernoulli posterior-predictive variation",0.711611893583725,0.655962441314554,2,0.133333333333333,0.444444444444444,0.329860362383455,2.75379127340782,0.0889784695004601,0.810289719774214,0.9475,0.466666666666667,0.73,5.8,0.985,0.8,1.36,8.79999999999999,1.65132904052734
"Linear Gaussian covariates and Bernoulli SBM, fixed mixed-signal SCAR design",74,"INLA","INLA","INLA posterior linear-predictor marginals plus Bernoulli posterior-predictive variation",0.753176838810642,0.676244131455399,2,0.133333333333333,0.311111111111111,0.3204327870469,2.76237296824522,0.0883520239663709,0.78205145752593,0.9475,0.533333333333333,0.7325,5.2,0.99,0.8,1.09,8.79999999999999,1.71326017379761
"Linear Gaussian covariates and Bernoulli SBM, fixed mixed-signal SCAR design",75,"INLA","INLA","INLA posterior linear-predictor marginals plus Bernoulli posterior-predictive variation",0.781095461658842,0.717746478873239,2,0.133333333333333,0.4,0.314473448662313,2.6958837240572,0.0880105017468049,0.801740590226053,0.9575,0.533333333333333,0.665,5.2,0.9875,0.866666666666667,1.0975,6.19999999999999,2.0118510723114
"Linear Gaussian covariates and Bernoulli SBM, fixed mixed-signal SCAR design",76,"INLA","INLA","INLA posterior linear-predictor marginals plus Bernoulli posterior-predictive variation",0.778215962441315,0.722253521126761,2,0.133333333333333,0.488888888888889,0.305897347172335,2.7086266659332,0.0811952747036543,0.782472239768761,0.96,0.466666666666667,0.6325,5.8,0.9775,0.733333333333333,1.4775,11.4,3.01799702644348
"Linear Gaussian covariates and Bernoulli SBM, fixed mixed-signal SCAR design",77,"INLA","INLA","INLA posterior linear-predictor marginals plus Bernoulli posterior-predictive variation",0.754929577464789,0.727323943661972,3,0.2,0.444444444444444,0.312286861500235,2.52076190450822,0.0854813134614465,0.755840912618761,0.955,0.666666666666667,0.7075,4,0.99,0.866666666666667,1.095,6.19999999999999,3.82463002204895
"Linear Gaussian covariates and Bernoulli SBM, fixed mixed-signal SCAR design",78,"INLA","INLA","INLA posterior linear-predictor marginals plus Bernoulli posterior-predictive variation",0.760876369327074,0.708920187793427,4,0.266666666666667,0.377777777777778,0.3165328393222,2.61459615871143,0.0869871255350586,0.758871221383962,0.95,0.466666666666667,0.7125,5.8,0.985,0.8,1.2875,8.79999999999999,4.00710797309875
"Linear Gaussian covariates and Bernoulli SBM, fixed mixed-signal SCAR design",79,"INLA","INLA","INLA posterior linear-predictor marginals plus Bernoulli posterior-predictive variation",0.756306729264476,0.771830985915493,6,0.4,0.355555555555556,0.319819556764336,2.26191659201129,0.0914280030270926,0.742053488053771,0.955,0.533333333333333,0.7,5.2,0.9975,1,0.9075,1,2.57546210289001
"Linear Gaussian covariates and Bernoulli SBM, fixed mixed-signal SCAR design",80,"INLA","INLA","INLA posterior linear-predictor marginals plus Bernoulli posterior-predictive variation",0.797308294209703,0.773896713615023,4,0.266666666666667,0.466666666666667,0.303113046375798,2.39099493559907,0.08521366141344,0.720624153423774,0.96,0.666666666666667,0.6325,4,0.9875,0.866666666666667,1.14,6.19999999999999,3.03191423416138
"Linear Gaussian covariates and Bernoulli SBM, fixed mixed-signal SCAR design",81,"INLA","INLA","INLA posterior linear-predictor marginals plus Bernoulli posterior-predictive variation",0.743223787167449,0.64037558685446,3,0.2,0.4,0.329204506614072,2.87539522749934,0.0903766439942971,0.809413185569909,0.945,0.333333333333333,0.7775,7,0.9825,0.666666666666667,1.3725,14,2.66582703590393
"Linear Gaussian covariates and Bernoulli SBM, fixed mixed-signal SCAR design",82,"INLA","INLA","INLA posterior linear-predictor marginals plus Bernoulli posterior-predictive variation",0.753928012519562,0.735962441314554,2,0.133333333333333,0.355555555555556,0.317314967059033,2.49653177339446,0.0895923603491654,0.783388146360689,0.945,0.466666666666667,0.765,5.8,0.9975,0.933333333333333,0.8225,3.6,3.18094396591187
"Linear Gaussian covariates and Bernoulli SBM, fixed mixed-signal SCAR design",83,"INLA","INLA","INLA posterior linear-predictor marginals plus Bernoulli posterior-predictive variation",0.752050078247261,0.688826291079812,5,0.333333333333333,0.488888888888889,0.309013809576128,2.55511880216851,0.0819460626903399,0.727799514584765,0.96,0.533333333333333,0.6275,5.2,0.9825,0.8,1.385,8.79999999999999,3.40141701698303
"Linear Gaussian covariates and Bernoulli SBM, fixed mixed-signal SCAR design",84,"INLA","INLA","INLA posterior linear-predictor marginals plus Bernoulli posterior-predictive variation",0.761627543035994,0.741596244131455,5,0.333333333333333,0.422222222222222,0.314185033943986,2.35026481374862,0.0884871522838094,0.736303331169466,0.95,0.533333333333333,0.6975,5.2,0.99,0.866666666666667,1.155,6.19999999999999,2.47076296806335
"Linear Gaussian covariates and Bernoulli SBM, fixed mixed-signal SCAR design",85,"INLA","INLA","INLA posterior linear-predictor marginals plus Bernoulli posterior-predictive variation",0.797308294209703,0.783098591549296,4,0.266666666666667,0.444444444444444,0.295013051569761,2.2029403686585,0.0834028978559507,0.683466112909096,0.955,0.6,0.68,4.6,0.9925,0.933333333333333,0.9925,3.6,3.70094394683838
"Linear Gaussian covariates and Bernoulli SBM, fixed mixed-signal SCAR design",86,"INLA","INLA","INLA posterior linear-predictor marginals plus Bernoulli posterior-predictive variation",0.708169014084507,0.63793427230047,1,0.0666666666666667,0.355555555555556,0.334438284543446,2.84946262549362,0.0920957119122762,0.840381051416694,0.9475,0.4,0.7625,6.4,0.99,0.866666666666667,1.155,6.19999999999999,3.80905103683472
"Linear Gaussian covariates and Bernoulli SBM, fixed mixed-signal SCAR design",87,"INLA","INLA","INLA posterior linear-predictor marginals plus Bernoulli posterior-predictive variation",0.803693270735524,0.742535211267606,2,0.133333333333333,0.422222222222222,0.302216993733151,2.63685287081057,0.0851732178988906,0.773870888590205,0.9575,0.533333333333333,0.6425,5.2,0.985,0.8,1.185,8.79999999999999,2.50551700592041
"Linear Gaussian covariates and Bernoulli SBM, fixed mixed-signal SCAR design",88,"INLA","INLA","INLA posterior linear-predictor marginals plus Bernoulli posterior-predictive variation",0.802253521126761,0.787230046948357,6,0.4,0.488888888888889,0.293733300453376,2.16770132607198,0.0824231904340885,0.671967443196076,0.955,0.6,0.68,4.6,0.9875,0.866666666666667,1.1625,6.19999999999999,3.46109199523926
"Linear Gaussian covariates and Bernoulli SBM, fixed mixed-signal SCAR design",89,"INLA","INLA","INLA posterior linear-predictor marginals plus Bernoulli posterior-predictive variation",0.775148669796557,0.676244131455399,3,0.2,0.422222222222222,0.312422273328171,2.8572974259707,0.0861736477288519,0.799085812265867,0.9525,0.4,0.6975,6.4,0.98,0.733333333333333,1.405,11.4,2.8439838886261
"Linear Gaussian covariates and Bernoulli SBM, fixed mixed-signal SCAR design",90,"INLA","INLA","INLA posterior linear-predictor marginals plus Bernoulli posterior-predictive variation",0.780782472613459,0.643943661971831,2,0.133333333333333,0.4,0.314373324832206,3.08050798492906,0.0869554912017043,0.821582111106497,0.9575,0.333333333333333,0.6525,7,0.9825,0.733333333333333,1.2525,11.4,2.96930313110352
"Linear Gaussian covariates and Bernoulli SBM, fixed mixed-signal SCAR design",91,"INLA","INLA","INLA posterior linear-predictor marginals plus Bernoulli posterior-predictive variation",0.798435054773083,0.834553990610329,5,0.333333333333333,0.444444444444444,0.297031107758831,2.09950774732982,0.0846402129411953,0.708008807600965,0.9575,0.666666666666667,0.64,4,0.99,0.933333333333333,1.105,3.6,3.72269105911255
"Linear Gaussian covariates and Bernoulli SBM, fixed mixed-signal SCAR design",92,"INLA","INLA","INLA posterior linear-predictor marginals plus Bernoulli posterior-predictive variation",0.796244131455399,0.763004694835681,0,0,0.4,0.306964237479824,2.50753313273513,0.088598418356286,0.790189167661622,0.9575,0.6,0.6625,4.6,0.99,0.866666666666667,1.0175,6.19999999999999,2.27052307128906
"Linear Gaussian covariates and Bernoulli SBM, fixed mixed-signal SCAR design",93,"INLA","INLA","INLA posterior linear-predictor marginals plus Bernoulli posterior-predictive variation",0.770140845070423,0.780281690140845,3,0.2,0.355555555555556,0.307015220526618,2.30218232486737,0.0859363635190214,0.739382233014629,0.9525,0.533333333333333,0.7,5.2,0.985,0.933333333333333,1.29,3.6,1.82841396331787
"Linear Gaussian covariates and Bernoulli SBM, fixed mixed-signal SCAR design",94,"INLA","INLA","INLA posterior linear-predictor marginals plus Bernoulli posterior-predictive variation",0.801564945226917,0.783474178403756,5,0.333333333333333,0.422222222222222,0.298985675708446,2.15820302095762,0.0858292965384324,0.664416444256839,0.9475,0.533333333333333,0.7725,5.2,0.995,0.866666666666667,0.905,6.19999999999999,1.80102396011353
"Linear Gaussian covariates and Bernoulli SBM, fixed mixed-signal SCAR design",95,"INLA","INLA","INLA posterior linear-predictor marginals plus Bernoulli posterior-predictive variation",0.762128325508607,0.677558685446009,2,0.133333333333333,0.4,0.326245069897698,2.85898346327893,0.0911279888584583,0.785985434616643,0.9525,0.533333333333333,0.71,5.2,0.9925,0.8,0.95,8.79999999999999,1.73127007484436
"Linear Gaussian covariates and Bernoulli SBM, fixed mixed-signal SCAR design",96,"INLA","INLA","INLA posterior linear-predictor marginals plus Bernoulli posterior-predictive variation",0.784413145539906,0.767887323943662,2,0.133333333333333,0.4,0.311230077420351,2.41074019349166,0.0898020594569876,0.775624788662408,0.955,0.533333333333333,0.6625,5.2,0.9975,1,0.8,1,2.10760498046875
"Linear Gaussian covariates and Bernoulli SBM, fixed mixed-signal SCAR design",97,"INLA","INLA","INLA posterior linear-predictor marginals plus Bernoulli posterior-predictive variation",0.771205007824726,0.722629107981221,4,0.266666666666667,0.4,0.313559709478729,2.44268824736713,0.0888021779267631,0.741622816078942,0.9475,0.4,0.7375,6.4,0.99,0.866666666666667,1.1275,6.19999999999999,1.85583901405334
"Linear Gaussian covariates and Bernoulli SBM, fixed mixed-signal SCAR design",98,"INLA","INLA","INLA posterior linear-predictor marginals plus Bernoulli posterior-predictive variation",0.742848200312989,0.710985915492958,4,0.266666666666667,0.444444444444444,0.314659981436657,2.45257547244613,0.0863081808583518,0.747021793105272,0.95,0.466666666666667,0.725,5.8,0.99,1,1.125,1,1.62128305435181
"Linear Gaussian covariates and Bernoulli SBM, fixed mixed-signal SCAR design",99,"INLA","INLA","INLA posterior linear-predictor marginals plus Bernoulli posterior-predictive variation",0.798998435054773,0.742159624413146,4,0.266666666666667,0.444444444444444,0.299268740405491,2.45514393157736,0.0852307762032152,0.733060813819241,0.955,0.533333333333333,0.6775,5.2,0.9925,0.866666666666667,0.91,6.19999999999999,4.34356904029846
"Linear Gaussian covariates and Bernoulli SBM, fixed mixed-signal SCAR design",100,"INLA","INLA","INLA posterior linear-predictor marginals plus Bernoulli posterior-predictive variation",0.77245696400626,0.687699530516432,3,0.2,0.4,0.31944308492602,2.78058156683929,0.0891531311340288,0.789831464615887,0.9575,0.466666666666667,0.67,5.8,0.9875,0.866666666666667,1.15,6.19999999999999,3.22922205924988
"Linear Gaussian covariates and Bernoulli SBM, fixed mixed-signal SCAR design",1,"INLA_NET","INLA + Net","INLA posterior linear-predictor marginals plus Bernoulli posterior-predictive variation",0.763693270735524,0.72150234741784,3,0.2,0.4,0.312061657828224,2.6054081786052,0.0854676178500291,0.774516550729443,0.955,0.533333333333333,0.67,5.2,0.985,0.8,1.2325,8.79999999999999,2.38496780395508
"Linear Gaussian covariates and Bernoulli SBM, fixed mixed-signal SCAR design",2,"INLA_NET","INLA + Net","INLA posterior linear-predictor marginals plus Bernoulli posterior-predictive variation",0.788857589984351,0.750234741784038,3,0.2,0.333333333333333,0.308846314968278,2.54249126273326,0.0876143352042077,0.777405570816342,0.9575,0.533333333333333,0.6575,5.2,0.9875,0.866666666666667,1.13,6.19999999999999,1.98963594436646
"Linear Gaussian covariates and Bernoulli SBM, fixed mixed-signal SCAR design",3,"INLA_NET","INLA + Net","INLA posterior linear-predictor marginals plus Bernoulli posterior-predictive variation",0.744726134585289,0.658215962441315,2,0.133333333333333,0.4,0.325738589389764,2.87535739055645,0.0892132465993012,0.809072836046309,0.95,0.466666666666667,0.73,5.8,0.9875,0.866666666666667,1.1575,6.19999999999999,1.64132213592529
"Linear Gaussian covariates and Bernoulli SBM, fixed mixed-signal SCAR design",4,"INLA_NET","INLA + Net","INLA posterior linear-predictor marginals plus Bernoulli posterior-predictive variation",0.840438184663537,0.755868544600939,3,0.2,0.466666666666667,0.283331603232067,2.7040357118473,0.0791587757656382,0.746655960522803,0.9575,0.466666666666667,0.6225,5.8,0.9925,0.8,0.8175,8.79999999999999,1.62863397598267
"Linear Gaussian covariates and Bernoulli SBM, fixed mixed-signal SCAR design",5,"INLA_NET","INLA + Net","INLA posterior linear-predictor marginals plus Bernoulli posterior-predictive variation",0.919123630672926,0.900657276995305,9,0.6,0.688888888888889,0.20622905295514,1.69473026375953,0.057539383071307,0.488764011893413,0.9775,0.8,0.4,2.8,0.985,0.8,1.005,8.79999999999999,1.69304895401001
"Linear Gaussian covariates and Bernoulli SBM, fixed mixed-signal SCAR design",6,"INLA_NET","INLA + Net","INLA posterior linear-predictor marginals plus Bernoulli posterior-predictive variation",0.77189358372457,0.713427230046948,2,0.133333333333333,0.355555555555556,0.317610286331853,2.71217258451251,0.0897764014597908,0.826676027413382,0.9475,0.4,0.75,6.4,0.99,0.866666666666667,1.0525,6.19999999999999,1.92515587806702
"Linear Gaussian covariates and Bernoulli SBM, fixed mixed-signal SCAR design",7,"INLA_NET","INLA + Net","INLA posterior linear-predictor marginals plus Bernoulli posterior-predictive variation",0.765884194053208,0.605633802816901,0,0,0.355555555555556,0.339379382378674,3.69422952913492,0.0891292961360835,0.900521577655767,0.9575,0.333333333333333,0.64,7,0.98,0.666666666666667,1.3325,14,2.07242202758789
"Linear Gaussian covariates and Bernoulli SBM, fixed mixed-signal SCAR design",8,"INLA_NET","INLA + Net","INLA posterior linear-predictor marginals plus Bernoulli posterior-predictive variation",0.901596244131455,0.849389671361502,5,0.333333333333333,0.577777777777778,0.238386895878813,2.3732999020397,0.0679334547706427,0.669982823651818,0.975,0.666666666666667,0.4325,4,0.985,0.733333333333333,0.982499999999999,11.4,1.71055197715759
"Linear Gaussian covariates and Bernoulli SBM, fixed mixed-signal SCAR design",9,"INLA_NET","INLA + Net","INLA posterior linear-predictor marginals plus Bernoulli posterior-predictive variation",0.817715179968701,0.731643192488263,3,0.2,0.444444444444444,0.295632828808678,2.70185144349509,0.0832336508029563,0.755055002895581,0.9525,0.4,0.675,6.4,0.99,0.8,0.955,8.79999999999999,1.73913598060608
"Linear Gaussian covariates and Bernoulli SBM, fixed mixed-signal SCAR design",10,"INLA_NET","INLA + Net","INLA posterior linear-predictor marginals plus Bernoulli posterior-predictive variation",0.804945226917058,0.665539906103286,2,0.133333333333333,0.466666666666667,0.312332927891352,3.29149737183218,0.0830275430911628,0.807821334884212,0.96,0.466666666666667,0.6175,5.8,0.9875,0.733333333333333,1.035,11.4,1.57776308059692
"Linear Gaussian covariates and Bernoulli SBM, fixed mixed-signal SCAR design",11,"INLA_NET","INLA + Net","INLA posterior linear-predictor marginals plus Bernoulli posterior-predictive variation",0.825915492957746,0.684319248826291,3,0.2,0.466666666666667,0.293480646153413,3.13624434006067,0.0786570613508395,0.743613787756384,0.9575,0.333333333333333,0.625,7,0.985,0.666666666666667,1.09,14,1.71684312820435
"Linear Gaussian covariates and Bernoulli SBM, fixed mixed-signal SCAR design",12,"INLA_NET","INLA + Net","INLA posterior linear-predictor marginals plus Bernoulli posterior-predictive variation",0.744037558685446,0.612206572769953,2,0.133333333333333,0.355555555555556,0.327094125366827,3.05068683703228,0.0894926681031464,0.826340744346612,0.945,0.4,0.785,6.4,0.985,0.666666666666667,1.215,14,2.10255789756775
"Linear Gaussian covariates and Bernoulli SBM, fixed mixed-signal SCAR design",13,"INLA_NET","INLA + Net","INLA posterior linear-predictor marginals plus Bernoulli posterior-predictive variation",0.842441314553991,0.842253521126761,5,0.333333333333333,0.422222222222222,0.282303560491058,2.02729759874114,0.0831234929320328,0.657949283071389,0.96,0.733333333333333,0.615,3.4,0.995,0.866666666666667,0.82,6.19999999999999,2.24791312217712
"Linear Gaussian covariates and Bernoulli SBM, fixed mixed-signal SCAR design",14,"INLA_NET","INLA + Net","INLA posterior linear-predictor marginals plus Bernoulli posterior-predictive variation",0.769076682316119,0.701971830985916,3,0.2,0.4,0.313367116002677,2.69663889839625,0.0858856674229966,0.78235626870233,0.95,0.4,0.715,6.4,0.9875,0.866666666666667,1.15,6.19999999999999,1.89863610267639
"Linear Gaussian covariates and Bernoulli SBM, fixed mixed-signal SCAR design",15,"INLA_NET","INLA + Net","INLA posterior linear-predictor marginals plus Bernoulli posterior-predictive variation",0.856150234741784,0.803380281690141,5,0.333333333333333,0.466666666666667,0.275219548496455,2.42208812778176,0.0780626299966673,0.692404990068505,0.9625,0.533333333333333,0.58,5.2,0.9925,0.866666666666667,0.8,6.19999999999999,1.36581206321716
"Linear Gaussian covariates and Bernoulli SBM, fixed mixed-signal SCAR design",16,"INLA_NET","INLA + Net","INLA posterior linear-predictor marginals plus Bernoulli posterior-predictive variation",0.81489827856025,0.843380281690141,4,0.266666666666667,0.422222222222222,0.298571301729256,2.0661453769408,0.0884586586951076,0.709062206060934,0.9525,0.666666666666667,0.7025,4,1,1,0.6825,1,2.0291759967804
"Linear Gaussian covariates and Bernoulli SBM, fixed mixed-signal SCAR design",17,"INLA_NET","INLA + Net","INLA posterior linear-predictor marginals plus Bernoulli posterior-predictive variation",0.826917057902973,0.804882629107981,5,0.333333333333333,0.422222222222222,0.2867860350629,2.32962083700692,0.0809572924800966,0.693812324821842,0.9675,0.733333333333333,0.5275,3.4,0.9875,0.933333333333333,1.095,3.6,1.68809700012207
"Linear Gaussian covariates and Bernoulli SBM, fixed mixed-signal SCAR design",18,"INLA_NET","INLA + Net","INLA posterior linear-predictor marginals plus Bernoulli posterior-predictive variation",0.899467918622848,0.847699530516432,7,0.466666666666667,0.622222222222222,0.244196677598428,2.50177239444486,0.0648625271805907,0.642405074379602,0.9725,0.6,0.4475,4.6,0.99,0.866666666666667,0.795,6.19999999999999,2.06778597831726
"Linear Gaussian covariates and Bernoulli SBM, fixed mixed-signal SCAR design",19,"INLA_NET","INLA + Net","INLA posterior linear-predictor marginals plus Bernoulli posterior-predictive variation",0.800625978090767,0.809014084507042,4,0.266666666666667,0.444444444444444,0.299227273760761,2.15736721111093,0.0863425759455112,0.698872887535613,0.96,0.6,0.6425,4.6,0.995,0.933333333333333,0.905,3.6,1.70262384414673
"Linear Gaussian covariates and Bernoulli SBM, fixed mixed-signal SCAR design",20,"INLA_NET","INLA + Net","INLA posterior linear-predictor marginals plus Bernoulli posterior-predictive variation",0.81264475743349,0.763755868544601,3,0.2,0.4,0.29981285363924,2.52169266749652,0.0855500566295712,0.753353417496571,0.96,0.533333333333333,0.61,5.2,0.9875,0.866666666666667,1.1075,6.19999999999999,1.63672089576721
"Linear Gaussian covariates and Bernoulli SBM, fixed mixed-signal SCAR design",21,"INLA_NET","INLA + Net","INLA posterior linear-predictor marginals plus Bernoulli posterior-predictive variation",0.77264475743349,0.744037558685446,3,0.2,0.511111111111111,0.311911157747461,2.58952080047571,0.0849059377070858,0.765675316170372,0.955,0.533333333333333,0.6575,5.2,0.9875,0.933333333333333,1.1475,3.6,1.30171895027161
"Linear Gaussian covariates and Bernoulli SBM, fixed mixed-signal SCAR design",22,"INLA_NET","INLA + Net","INLA posterior linear-predictor marginals plus Bernoulli posterior-predictive variation",0.824225352112676,0.766384976525822,4,0.266666666666667,0.466666666666667,0.288721143953323,2.48803548751087,0.0801367486048878,0.718606242372546,0.96,0.466666666666667,0.63,5.8,0.9825,0.8,1.2375,8.79999999999999,1.81950902938843
"Linear Gaussian covariates and Bernoulli SBM, fixed mixed-signal SCAR design",23,"INLA_NET","INLA + Net","INLA posterior linear-predictor marginals plus Bernoulli posterior-predictive variation",0.806697965571205,0.753051643192488,1,0.0666666666666667,0.4,0.305163393633523,2.59210182302759,0.0884925624644458,0.806572621539477,0.95,0.466666666666667,0.7,5.8,0.9925,0.933333333333333,0.945,3.6,1.43726110458374
"Linear Gaussian covariates and Bernoulli SBM, fixed mixed-signal SCAR design",24,"INLA_NET","INLA + Net","INLA posterior linear-predictor marginals plus Bernoulli posterior-predictive variation",0.830798122065728,0.712676056338028,5,0.333333333333333,0.511111111111111,0.280951589183977,2.85650531923402,0.0733141968970839,0.671307967938561,0.965,0.533333333333333,0.5475,5.2,0.9825,0.666666666666667,1.15,14,1.50767302513123
"Linear Gaussian covariates and Bernoulli SBM, fixed mixed-signal SCAR design",25,"INLA_NET","INLA + Net","INLA posterior linear-predictor marginals plus Bernoulli posterior-predictive variation",0.820532081377152,0.773145539906103,4,0.266666666666667,0.444444444444444,0.285843806478417,2.45342104055891,0.0791649783798819,0.723152613852578,0.9525,0.4,0.6775,6.4,0.99,0.866666666666667,0.9725,6.19999999999999,1.56406593322754
"Linear Gaussian covariates and Bernoulli SBM, fixed mixed-signal SCAR design",26,"INLA_NET","INLA + Net","INLA posterior linear-predictor marginals plus Bernoulli posterior-predictive variation",0.783035993740219,0.673239436619718,2,0.133333333333333,0.444444444444444,0.314083414986944,2.96757974157489,0.085476112432517,0.78081329018177,0.9575,0.6,0.6425,4.6,0.9875,0.733333333333333,1.1075,11.4,1.79784393310547
"Linear Gaussian covariates and Bernoulli SBM, fixed mixed-signal SCAR design",27,"INLA_NET","INLA + Net","INLA posterior linear-predictor marginals plus Bernoulli posterior-predictive variation",0.792613458528951,0.783098591549296,5,0.333333333333333,0.422222222222222,0.302031740571322,2.28451567407436,0.0861755774665513,0.720800162237549,0.95,0.533333333333333,0.735,5.2,0.99,0.866666666666667,1.0475,6.19999999999999,1.7520580291748
"Linear Gaussian covariates and Bernoulli SBM, fixed mixed-signal SCAR design",28,"INLA_NET","INLA + Net","INLA posterior linear-predictor marginals plus Bernoulli posterior-predictive variation",0.845884194053208,0.824976525821596,5,0.333333333333333,0.511111111111111,0.273688977080671,2.27231777498986,0.0768693162079758,0.697927119701969,0.96,0.533333333333333,0.5925,5.2,0.99,0.933333333333333,0.95,3.6,1.7793300151825
"Linear Gaussian covariates and Bernoulli SBM, fixed mixed-signal SCAR design",29,"INLA_NET","INLA + Net","INLA posterior linear-predictor marginals plus Bernoulli posterior-predictive variation",0.838622848200313,0.808450704225352,5,0.333333333333333,0.488888888888889,0.275768753911673,2.39467187810321,0.0746501219416293,0.70813861157118,0.965,0.666666666666667,0.575,4,0.9925,0.933333333333333,0.82,3.6,1.95712780952454
"Linear Gaussian covariates and Bernoulli SBM, fixed mixed-signal SCAR design",30,"INLA_NET","INLA + Net","INLA posterior linear-predictor marginals plus Bernoulli posterior-predictive variation",0.753677621283255,0.747417840375587,4,0.266666666666667,0.355555555555556,0.314319005233218,2.42784593661025,0.0876563336674863,0.753178357025809,0.95,0.533333333333333,0.7025,5.2,0.99,0.866666666666667,1.1375,6.19999999999999,1.86392521858215
"Linear Gaussian covariates and Bernoulli SBM, fixed mixed-signal SCAR design",31,"INLA_NET","INLA + Net","INLA posterior linear-predictor marginals plus Bernoulli posterior-predictive variation",0.766009389671361,0.703286384976526,5,0.333333333333333,0.422222222222222,0.309392959527306,2.5137533205086,0.0861083231290027,0.728156577873823,0.95,0.466666666666667,0.74,5.8,0.99,0.866666666666667,1.0875,6.19999999999999,1.67567110061646
"Linear Gaussian covariates and Bernoulli SBM, fixed mixed-signal SCAR design",32,"INLA_NET","INLA + Net","INLA posterior linear-predictor marginals plus Bernoulli posterior-predictive variation",0.850704225352113,0.784976525821596,3,0.2,0.511111111111111,0.277124922257897,2.4668479999153,0.0790902706876484,0.708048597130757,0.9575,0.533333333333333,0.625,5.13333333333333,0.99,0.8,0.935,8.79999999999999,2.31460309028625
"Linear Gaussian covariates and Bernoulli SBM, fixed mixed-signal SCAR design",33,"INLA_NET","INLA + Net","INLA posterior linear-predictor marginals plus Bernoulli posterior-predictive variation",0.826103286384977,0.776525821596244,3,0.2,0.4,0.290875821407329,2.50579984499367,0.0821387759417481,0.746050762506613,0.96,0.466666666666667,0.61,5.8,0.9925,0.933333333333333,0.835,3.6,1.75636291503906
"Linear Gaussian covariates and Bernoulli SBM, fixed mixed-signal SCAR design",34,"INLA_NET","INLA + Net","INLA posterior linear-predictor marginals plus Bernoulli posterior-predictive variation",0.713114241001565,0.64075117370892,4,0.266666666666667,0.355555555555556,0.330248106184173,2.68618113612336,0.0913125377963397,0.795176644954846,0.9325,0.266666666666667,0.9025,7.6,0.995,0.933333333333333,0.9525,3.6,1.66667509078979
"Linear Gaussian covariates and Bernoulli SBM, fixed mixed-signal SCAR design",35,"INLA_NET","INLA + Net","INLA posterior linear-predictor marginals plus Bernoulli posterior-predictive variation",0.808388106416275,0.772582159624413,3,0.2,0.488888888888889,0.299089140437176,2.49236030956233,0.0842759114655515,0.747681813464425,0.9625,0.533333333333333,0.6025,5.2,0.985,0.866666666666667,1.2175,6.19999999999999,1.50860095024109
"Linear Gaussian covariates and Bernoulli SBM, fixed mixed-signal SCAR design",36,"INLA_NET","INLA + Net","INLA posterior linear-predictor marginals plus Bernoulli posterior-predictive variation",0.728575899843505,0.696713615023474,2,0.133333333333333,0.422222222222222,0.326754251817944,2.60110327324447,0.0903498629321905,0.799714343889813,0.95,0.466666666666667,0.7225,5.8,0.9925,0.933333333333333,1.055,3.6,1.45076704025269
"Linear Gaussian covariates and Bernoulli SBM, fixed mixed-signal SCAR design",37,"INLA_NET","INLA + Net","INLA posterior linear-predictor marginals plus Bernoulli posterior-predictive variation",0.791048513302034,0.715680751173709,5,0.333333333333333,0.488888888888889,0.300382239931801,2.57762750879571,0.0820864396981052,0.711342671149611,0.955,0.466666666666667,0.6675,5.8,0.9775,0.666666666666667,1.4975,14,2.17164397239685
"Linear Gaussian covariates and Bernoulli SBM, fixed mixed-signal SCAR design",38,"INLA_NET","INLA + Net","INLA posterior linear-predictor marginals plus Bernoulli posterior-predictive variation",0.772331768388106,0.744225352112676,5,0.333333333333333,0.444444444444444,0.306150613126587,2.43426879762733,0.0849737424300183,0.718928650090169,0.9475,0.533333333333333,0.7375,5.2,0.995,0.933333333333333,0.8575,3.6,1.63682103157043
"Linear Gaussian covariates and Bernoulli SBM, fixed mixed-signal SCAR design",39,"INLA_NET","INLA + Net","INLA posterior linear-predictor marginals plus Bernoulli posterior-predictive variation",0.742472613458529,0.648075117370892,2,0.133333333333333,0.377777777777778,0.331040702664184,2.9596438647337,0.0894886738727598,0.807821237498153,0.95,0.4,0.7325,6.4,0.985,0.8,1.2675,8.79999999999999,1.63311195373535
"Linear Gaussian covariates and Bernoulli SBM, fixed mixed-signal SCAR design",40,"INLA_NET","INLA + Net","INLA posterior linear-predictor marginals plus Bernoulli posterior-predictive variation",0.82547730829421,0.783098591549296,5,0.333333333333333,0.488888888888889,0.279692044971311,2.28541871842013,0.07743081593781,0.661884523042909,0.96,0.666666666666667,0.6225,4,0.985,0.8,1.1675,8.79999999999999,1.58470702171326
"Linear Gaussian covariates and Bernoulli SBM, fixed mixed-signal SCAR design",41,"INLA_NET","INLA + Net","INLA posterior linear-predictor marginals plus Bernoulli posterior-predictive variation",0.778716744913928,0.636995305164319,4,0.266666666666667,0.511111111111111,0.30811480699924,3.13317540158906,0.0803626028851184,0.755532916527651,0.955,0.466666666666667,0.6525,5.8,0.975,0.6,1.52,16.6,1.50087690353394
"Linear Gaussian covariates and Bernoulli SBM, fixed mixed-signal SCAR design",42,"INLA_NET","INLA + Net","INLA posterior linear-predictor marginals plus Bernoulli posterior-predictive variation",0.782159624413146,0.698215962441315,3,0.2,0.377777777777778,0.316768483327373,2.77780311032445,0.088652169219957,0.794675345718875,0.9575,0.466666666666667,0.665,5.8,0.99,0.866666666666667,1.04,6.19999999999999,1.7366738319397
"Linear Gaussian covariates and Bernoulli SBM, fixed mixed-signal SCAR design",43,"INLA_NET","INLA + Net","INLA posterior linear-predictor marginals plus Bernoulli posterior-predictive variation",0.844882629107981,0.861408450704225,5,0.333333333333333,0.533333333333333,0.273583770421864,2.08305989759822,0.0782192655784248,0.68837953965018,0.955,0.6,0.6525,4.6,0.9875,0.866666666666667,1.04,6.19999999999999,2.00904202461243
"Linear Gaussian covariates and Bernoulli SBM, fixed mixed-signal SCAR design",44,"INLA_NET","INLA + Net","INLA posterior linear-predictor marginals plus Bernoulli posterior-predictive variation",0.780532081377152,0.653521126760563,1,0.0666666666666667,0.422222222222222,0.319836181975205,3.17885682897808,0.0882987789865626,0.85729650078604,0.95,0.266666666666667,0.7175,7.6,0.9875,0.733333333333333,1.035,11.4,2.31885504722595
"Linear Gaussian covariates and Bernoulli SBM, fixed mixed-signal SCAR design",45,"INLA_NET","INLA + Net","INLA posterior linear-predictor marginals plus Bernoulli posterior-predictive variation",0.846071987480438,0.811830985915493,3,0.2,0.511111111111111,0.279402044886244,2.28372529407408,0.0805643498522832,0.694435084547045,0.965,0.666666666666667,0.5475,4,0.99,0.866666666666667,0.965,6.19999999999999,2.23544311523438
"Linear Gaussian covariates and Bernoulli SBM, fixed mixed-signal SCAR design",46,"INLA_NET","INLA + Net","INLA posterior linear-predictor marginals plus Bernoulli posterior-predictive variation",0.894397496087637,0.789671361502347,4,0.266666666666667,0.6,0.253240097368589,3.28190799660958,0.0654511533188535,0.751197913485876,0.9625,0.333333333333333,0.525,7,0.9825,0.666666666666667,1.0425,14,1.63820195198059
"Linear Gaussian covariates and Bernoulli SBM, fixed mixed-signal SCAR design",47,"INLA_NET","INLA + Net","INLA posterior linear-predictor marginals plus Bernoulli posterior-predictive variation",0.828544600938967,0.823286384976526,2,0.133333333333333,0.466666666666667,0.295275085867561,2.33976302192585,0.0866869859591796,0.772576595632998,0.955,0.6,0.6725,4.6,0.9975,1,0.6975,1,1.76418900489807
"Linear Gaussian covariates and Bernoulli SBM, fixed mixed-signal SCAR design",48,"INLA_NET","INLA + Net","INLA posterior linear-predictor marginals plus Bernoulli posterior-predictive variation",0.782785602503912,0.697652582159624,2,0.133333333333333,0.377777777777778,0.310605771187517,2.76758296239951,0.0860648379067535,0.769724167473102,0.9525,0.466666666666667,0.6975,5.8,0.9875,0.8,1.1175,8.79999999999999,1.61105489730835
"Linear Gaussian covariates and Bernoulli SBM, fixed mixed-signal SCAR design",49,"INLA_NET","INLA + Net","INLA posterior linear-predictor marginals plus Bernoulli posterior-predictive variation",0.778779342723005,0.666854460093897,3,0.2,0.466666666666667,0.309032000757341,2.92886091009635,0.0822347483233923,0.754631483531569,0.96,0.533333333333333,0.6325,5.2,0.98,0.666666666666667,1.36,14,1.46445202827454
"Linear Gaussian covariates and Bernoulli SBM, fixed mixed-signal SCAR design",50,"INLA_NET","INLA + Net","INLA posterior linear-predictor marginals plus Bernoulli posterior-predictive variation",0.811267605633803,0.746291079812207,4,0.266666666666667,0.488888888888889,0.291096635354397,2.62710506192437,0.0794379733776273,0.729606456893371,0.9625,0.6,0.6,4.6,0.985,0.8,1.125,8.79999999999999,1.50761198997498
"Linear Gaussian covariates and Bernoulli SBM, fixed mixed-signal SCAR design",51,"INLA_NET","INLA + Net","INLA posterior linear-predictor marginals plus Bernoulli posterior-predictive variation",0.770266040688576,0.705164319248826,3,0.2,0.333333333333333,0.322087616901324,2.63853768212525,0.091654362715824,0.787502519816925,0.95,0.466666666666667,0.74,5.8,0.9925,0.866666666666667,0.9875,6.19999999999999,1.75694704055786
"Linear Gaussian covariates and Bernoulli SBM, fixed mixed-signal SCAR design",52,"INLA_NET","INLA + Net","INLA posterior linear-predictor marginals plus Bernoulli posterior-predictive variation",0.803380281690141,0.76169014084507,4,0.266666666666667,0.4,0.301888630459527,2.52303747381817,0.0851248526938876,0.747806387480734,0.96,0.466666666666667,0.6175,5.8,0.9875,0.866666666666667,1.095,6.19999999999999,1.68516087532043
"Linear Gaussian covariates and Bernoulli SBM, fixed mixed-signal SCAR design",53,"INLA_NET","INLA + Net","INLA posterior linear-predictor marginals plus Bernoulli posterior-predictive variation",0.821283255086072,0.739530516431925,3,0.2,0.444444444444444,0.294092352419551,2.7544080443391,0.0815533135590572,0.76705073932824,0.9525,0.466666666666667,0.6925,5.8,0.9875,0.8,0.9975,8.79999999999999,4.99143099784851
"Linear Gaussian covariates and Bernoulli SBM, fixed mixed-signal SCAR design",54,"INLA_NET","INLA + Net","INLA posterior linear-predictor marginals plus Bernoulli posterior-predictive variation",0.811267605633803,0.736901408450704,2,0.133333333333333,0.377777777777778,0.302474413182801,2.63543189162308,0.0870275847699048,0.768563353697135,0.95,0.333333333333333,0.7125,7,0.9875,0.866666666666667,1.095,6.19999999999999,4.71819305419922
"Linear Gaussian covariates and Bernoulli SBM, fixed mixed-signal SCAR design",55,"INLA_NET","INLA + Net","INLA posterior linear-predictor marginals plus Bernoulli posterior-predictive variation",0.865039123630673,0.773145539906103,3,0.2,0.488888888888889,0.277125101157782,2.94165160590869,0.0755669440359273,0.736807607074066,0.9725,0.6,0.48,4.6,0.985,0.733333333333333,1.0175,11.4,4.81569600105286
"Linear Gaussian covariates and Bernoulli SBM, fixed mixed-signal SCAR design",56,"INLA_NET","INLA + Net","INLA posterior linear-predictor marginals plus Bernoulli posterior-predictive variation",0.765195618153365,0.56131455399061,3,0.2,0.444444444444444,0.323491148837811,3.42179480317308,0.0863089257621415,0.7949834579128,0.9525,0.333333333333333,0.685,7,0.98,0.533333333333333,1.3625,19.2,4.93166708946228
"Linear Gaussian covariates and Bernoulli SBM, fixed mixed-signal SCAR design",57,"INLA_NET","INLA + Net","INLA posterior linear-predictor marginals plus Bernoulli posterior-predictive variation",0.847073552425665,0.837558685446009,5,0.333333333333333,0.466666666666667,0.283088452684319,2.10799055120062,0.0838264918142652,0.683947397869982,0.9575,0.666666666666667,0.63,4,0.995,0.933333333333333,0.83,3.6,5.20989394187927
"Linear Gaussian covariates and Bernoulli SBM, fixed mixed-signal SCAR design",58,"INLA_NET","INLA + Net","INLA posterior linear-predictor marginals plus Bernoulli posterior-predictive variation",0.84150234741784,0.748732394366197,3,0.2,0.533333333333333,0.285688851390179,2.90002306817436,0.0775043708940766,0.768619030569154,0.9625,0.333333333333333,0.5875,7,0.985,0.8,1.0625,8.79999999999999,5.10829281806946
"Linear Gaussian covariates and Bernoulli SBM, fixed mixed-signal SCAR design",59,"INLA_NET","INLA + Net","INLA posterior linear-predictor marginals plus Bernoulli posterior-predictive variation",0.79868544600939,0.790985915492958,1,0.0666666666666667,0.4,0.306248978054382,2.53893755972903,0.0851689150140707,0.790662708792321,0.9525,0.666666666666667,0.7075,4,0.9875,0.866666666666667,1.1475,6.19999999999999,5.22106504440308
"Linear Gaussian covariates and Bernoulli SBM, fixed mixed-signal SCAR design",60,"INLA_NET","INLA + Net","INLA posterior linear-predictor marginals plus Bernoulli posterior-predictive variation",0.776212832550861,0.79887323943662,6,0.4,0.422222222222222,0.311525259424009,2.23082044340841,0.0899829465307765,0.732462903394998,0.9425,0.533333333333333,0.81,5.2,0.9975,0.933333333333333,0.8275,3.6,5.03739714622498
"Linear Gaussian covariates and Bernoulli SBM, fixed mixed-signal SCAR design",61,"INLA_NET","INLA + Net","INLA posterior linear-predictor marginals plus Bernoulli posterior-predictive variation",0.808638497652582,0.754553990610329,3,0.2,0.488888888888889,0.297967537780387,2.59945182964554,0.0831254587313392,0.756224226201974,0.96,0.533333333333333,0.6125,5.2,0.985,0.8,1.17,8.79999999999999,3.62596988677979
"Linear Gaussian covariates and Bernoulli SBM, fixed mixed-signal SCAR design",62,"INLA_NET","INLA + Net","INLA posterior linear-predictor marginals plus Bernoulli posterior-predictive variation",0.80037558685446,0.707605633802817,3,0.2,0.444444444444444,0.307048322086902,2.84856569367859,0.0856340443457616,0.783044681592127,0.9525,0.4,0.7025,6.4,0.9875,0.8,1.0725,8.79999999999999,5.49437999725342
"Linear Gaussian covariates and Bernoulli SBM, fixed mixed-signal SCAR design",63,"INLA_NET","INLA + Net","INLA posterior linear-predictor marginals plus Bernoulli posterior-predictive variation",0.808325508607199,0.756807511737089,3,0.2,0.466666666666667,0.289808768316005,2.4815039154103,0.0796226724693091,0.722735624180421,0.9575,0.533333333333333,0.645,5.2,0.9875,0.8,1.08,8.79999999999999,4.82536196708679
"Linear Gaussian covariates and Bernoulli SBM, fixed mixed-signal SCAR design",64,"INLA_NET","INLA + Net","INLA posterior linear-predictor marginals plus Bernoulli posterior-predictive variation",0.811768388106416,0.72206572769953,1,0.0666666666666667,0.422222222222222,0.300596735151395,2.86483787527046,0.0832573866589745,0.816505544680575,0.9625,0.4,0.605,6.4,0.9875,0.866666666666667,1.0475,6.19999999999999,4.38365888595581
"Linear Gaussian covariates and Bernoulli SBM, fixed mixed-signal SCAR design",65,"INLA_NET","INLA + Net","INLA posterior linear-predictor marginals plus Bernoulli posterior-predictive variation",0.800500782472613,0.770516431924883,1,0.0666666666666667,0.4,0.303581917824914,2.53750046415905,0.0864178967844036,0.794982676955639,0.9525,0.466666666666667,0.6925,5.8,0.995,1,0.8475,1,4.21113991737366
"Linear Gaussian covariates and Bernoulli SBM, fixed mixed-signal SCAR design",66,"INLA_NET","INLA + Net","INLA posterior linear-predictor marginals plus Bernoulli posterior-predictive variation",0.819968701095462,0.830798122065728,3,0.2,0.466666666666667,0.288148619192242,2.21031614385633,0.0826122755252578,0.726089017765875,0.9625,0.6,0.615,4.6,0.99,0.933333333333333,1.0125,3.6,4.24792790412903
"Linear Gaussian covariates and Bernoulli SBM, fixed mixed-signal SCAR design",67,"INLA_NET","INLA + Net","INLA posterior linear-predictor marginals plus Bernoulli posterior-predictive variation",0.752488262910798,0.689953051643193,2,0.133333333333333,0.4,0.324105341451251,2.80842577626592,0.0885223072321016,0.797429662781015,0.9525,0.533333333333333,0.7025,5.2,0.9825,0.8,1.37,8.79999999999999,4.63382506370544
"Linear Gaussian covariates and Bernoulli SBM, fixed mixed-signal SCAR design",68,"INLA_NET","INLA + Net","INLA posterior linear-predictor marginals plus Bernoulli posterior-predictive variation",0.725320813771518,0.670610328638498,3,0.2,0.4,0.322987086302811,2.58545878670708,0.0884327932816676,0.772281463219114,0.9425,0.333333333333333,0.8025,7,0.99,0.933333333333333,1.1525,3.6,2.03500509262085
"Linear Gaussian covariates and Bernoulli SBM, fixed mixed-signal SCAR design",69,"INLA_NET","INLA + Net","INLA posterior linear-predictor marginals plus Bernoulli posterior-predictive variation",0.832926447574335,0.773333333333333,3,0.2,0.422222222222222,0.292328315807047,2.5502115167952,0.0846630528365168,0.750636826476891,0.965,0.666666666666667,0.575,4,0.99,0.8,0.9325,8.79999999999999,2.02833294868469
"Linear Gaussian covariates and Bernoulli SBM, fixed mixed-signal SCAR design",70,"INLA_NET","INLA + Net","INLA posterior linear-predictor marginals plus Bernoulli posterior-predictive variation",0.88169014084507,0.897089201877934,5,0.333333333333333,0.533333333333333,0.248754465721344,1.95450212014803,0.0710779093957609,0.65878222336424,0.97,0.8,0.515,2.8,0.99,0.933333333333333,0.87,3.6,1.84521198272705
"Linear Gaussian covariates and Bernoulli SBM, fixed mixed-signal SCAR design",71,"INLA_NET","INLA + Net","INLA posterior linear-predictor marginals plus Bernoulli posterior-predictive variation",0.821032863849765,0.737652582159624,4,0.266666666666667,0.466666666666667,0.292770073727874,2.65011637242732,0.0819999110657443,0.728130543388734,0.9575,0.466666666666667,0.655,5.8,0.9875,0.733333333333333,1.0125,11.4,2.11722993850708
"Linear Gaussian covariates and Bernoulli SBM, fixed mixed-signal SCAR design",72,"INLA_NET","INLA + Net","INLA posterior linear-predictor marginals plus Bernoulli posterior-predictive variation",0.761001564945227,0.665164319248826,2,0.133333333333333,0.311111111111111,0.326202883913286,2.93505281659371,0.0909338080527964,0.842120815835631,0.9525,0.533333333333333,0.7125,5.2,0.99,0.8,1.0275,8.79999999999999,2.33052515983582
"Linear Gaussian covariates and Bernoulli SBM, fixed mixed-signal SCAR design",73,"INLA_NET","INLA + Net","INLA posterior linear-predictor marginals plus Bernoulli posterior-predictive variation",0.753990610328638,0.699530516431925,0,0,0.377777777777778,0.321328245997195,2.82239013331207,0.0881762927909907,0.84310206734245,0.9475,0.466666666666667,0.745,5.8,0.99,0.866666666666667,1.0475,6.19999999999999,1.94917297363281
"Linear Gaussian covariates and Bernoulli SBM, fixed mixed-signal SCAR design",74,"INLA_NET","INLA + Net","INLA posterior linear-predictor marginals plus Bernoulli posterior-predictive variation",0.750234741784038,0.662535211267606,2,0.133333333333333,0.355555555555556,0.323635533632884,2.8607792509272,0.088741794231579,0.796435374535501,0.945,0.466666666666667,0.7525,5.8,0.99,0.8,1.065,8.79999999999999,1.48586797714233
"Linear Gaussian covariates and Bernoulli SBM, fixed mixed-signal SCAR design",75,"INLA_NET","INLA + Net","INLA posterior linear-predictor marginals plus Bernoulli posterior-predictive variation",0.799374021909233,0.714741784037559,2,0.133333333333333,0.444444444444444,0.306556517299208,2.82156176352402,0.0854153918164414,0.802930361031161,0.9575,0.4,0.6375,6.4,0.9825,0.733333333333333,1.255,11.4,1.84100890159607
"Linear Gaussian covariates and Bernoulli SBM, fixed mixed-signal SCAR design",76,"INLA_NET","INLA + Net","INLA posterior linear-predictor marginals plus Bernoulli posterior-predictive variation",0.776463223787167,0.72075117370892,3,0.2,0.488888888888889,0.306350970772488,2.74447277075891,0.0804252265835781,0.786308027629586,0.9575,0.466666666666667,0.655,5.8,0.98,0.8,1.38,8.79999999999999,3.8446261882782
"Linear Gaussian covariates and Bernoulli SBM, fixed mixed-signal SCAR design",77,"INLA_NET","INLA + Net","INLA posterior linear-predictor marginals plus Bernoulli posterior-predictive variation",0.819968701095462,0.776338028169014,5,0.333333333333333,0.511111111111111,0.289230338347573,2.53283631774261,0.0782963552652555,0.695866646101617,0.9575,0.6,0.6475,4.6,0.9875,0.866666666666667,1.08,6.19999999999999,4.05938696861267
"Linear Gaussian covariates and Bernoulli SBM, fixed mixed-signal SCAR design",78,"INLA_NET","INLA + Net","INLA posterior linear-predictor marginals plus Bernoulli posterior-predictive variation",0.767261345852895,0.704037558685446,4,0.266666666666667,0.355555555555556,0.313223083542667,2.60851235295348,0.0866147097284448,0.75292671523586,0.9525,0.4,0.7025,6.4,0.99,0.933333333333333,1.0525,3.6,4.61075496673584
"Linear Gaussian covariates and Bernoulli SBM, fixed mixed-signal SCAR design",79,"INLA_NET","INLA + Net","INLA posterior linear-predictor marginals plus Bernoulli posterior-predictive variation",0.84169014084507,0.83830985915493,7,0.466666666666667,0.444444444444444,0.285783851423034,1.96579617519958,0.0848725927281558,0.635895195800975,0.965,0.8,0.575,2.8,0.9925,0.866666666666667,0.99,6.19999999999999,2.55006098747253
"Linear Gaussian covariates and Bernoulli SBM, fixed mixed-signal SCAR design",80,"INLA_NET","INLA + Net","INLA posterior linear-predictor marginals plus Bernoulli posterior-predictive variation",0.807636932707355,0.777840375586854,3,0.2,0.4,0.301218929859386,2.4741755533863,0.0846157121858885,0.733199982012473,0.9575,0.6,0.6575,4.6,0.9875,0.866666666666667,1.11,6.19999999999999,2.43375492095947
"Linear Gaussian covariates and Bernoulli SBM, fixed mixed-signal SCAR design",81,"INLA_NET","INLA + Net","INLA posterior linear-predictor marginals plus Bernoulli posterior-predictive variation",0.746541471048513,0.64112676056338,3,0.2,0.377777777777778,0.329412301794685,2.91276570610747,0.0901177536410014,0.816949055623246,0.955,0.4,0.685,6.4,0.985,0.8,1.265,8.79999999999999,2.73331308364868
"Linear Gaussian covariates and Bernoulli SBM, fixed mixed-signal SCAR design",82,"INLA_NET","INLA + Net","INLA posterior linear-predictor marginals plus Bernoulli posterior-predictive variation",0.815148669796557,0.79906103286385,4,0.266666666666667,0.555555555555556,0.289078836959122,2.36802216971329,0.0788623743202487,0.70758667179194,0.96,0.6,0.61,4.6,0.985,0.866666666666667,1.1875,6.19999999999999,2.9580991268158
"Linear Gaussian covariates and Bernoulli SBM, fixed mixed-signal SCAR design",83,"INLA_NET","INLA + Net","INLA posterior linear-predictor marginals plus Bernoulli posterior-predictive variation",0.814773082942097,0.76169014084507,5,0.333333333333333,0.533333333333333,0.292488178324386,2.59838388560365,0.078723624396522,0.732006315620618,0.97,0.6,0.51,4.6,0.9825,0.8,1.2525,8.79999999999999,2.96090602874756
"Linear Gaussian covariates and Bernoulli SBM, fixed mixed-signal SCAR design",84,"INLA_NET","INLA + Net","INLA posterior linear-predictor marginals plus Bernoulli posterior-predictive variation",0.800062597809077,0.793802816901408,5,0.333333333333333,0.466666666666667,0.299992203931787,2.20249243240409,0.0862853612021952,0.699164451388817,0.9525,0.6,0.6925,4.6,0.9925,0.933333333333333,1.0025,3.6,3.28364896774292
"Linear Gaussian covariates and Bernoulli SBM, fixed mixed-signal SCAR design",85,"INLA_NET","INLA + Net","INLA posterior linear-predictor marginals plus Bernoulli posterior-predictive variation",0.832175273865415,0.824788732394366,8,0.533333333333333,0.533333333333333,0.270348612534895,2.03155274273419,0.0756045836847356,0.626578678341732,0.9575,0.533333333333333,0.635,5.2,0.9925,0.933333333333333,0.9,3.6,2.90750789642334
"Linear Gaussian covariates and Bernoulli SBM, fixed mixed-signal SCAR design",86,"INLA_NET","INLA + Net","INLA posterior linear-predictor marginals plus Bernoulli posterior-predictive variation",0.710735524256651,0.647323943661972,1,0.0666666666666667,0.377777777777778,0.333308729229,2.82572165395941,0.0916608384875736,0.841222320477236,0.945,0.4,0.79,6.4,0.9875,0.866666666666667,1.265,6.19999999999999,3.49930286407471
"Linear Gaussian covariates and Bernoulli SBM, fixed mixed-signal SCAR design",87,"INLA_NET","INLA + Net","INLA posterior linear-predictor marginals plus Bernoulli posterior-predictive variation",0.852769953051643,0.782535211267606,4,0.266666666666667,0.533333333333333,0.272341625161401,2.57801941921484,0.0764727473768651,0.725947878288278,0.965,0.533333333333333,0.55,5.2,0.9875,0.866666666666667,0.9825,6.19999999999999,2.96655201911926
"Linear Gaussian covariates and Bernoulli SBM, fixed mixed-signal SCAR design",88,"INLA_NET","INLA + Net","INLA posterior linear-predictor marginals plus Bernoulli posterior-predictive variation",0.80169014084507,0.789483568075117,6,0.4,0.488888888888889,0.294555873281503,2.19117197279376,0.0825141118778738,0.67562979455864,0.9575,0.666666666666667,0.65,4,0.9875,0.866666666666667,1.1625,6.19999999999999,3.06001400947571
"Linear Gaussian covariates and Bernoulli SBM, fixed mixed-signal SCAR design",89,"INLA_NET","INLA + Net","INLA posterior linear-predictor marginals plus Bernoulli posterior-predictive variation",0.782535211267606,0.68075117370892,3,0.2,0.444444444444444,0.304031727444689,2.93978497962301,0.0814593609912982,0.797340353176255,0.9525,0.333333333333333,0.6725,7,0.98,0.733333333333333,1.3375,11.4,3.20223808288574
"Linear Gaussian covariates and Bernoulli SBM, fixed mixed-signal SCAR design",90,"INLA_NET","INLA + Net","INLA posterior linear-predictor marginals plus Bernoulli posterior-predictive variation",0.841940532081377,0.75887323943662,3,0.2,0.444444444444444,0.291999464261188,3.08763178494017,0.0765158167206122,0.800266969259628,0.9575,0.4,0.625,6.4,0.985,0.8,1.0625,8.79999999999999,3.60342788696289
"Linear Gaussian covariates and Bernoulli SBM, fixed mixed-signal SCAR design",91,"INLA_NET","INLA + Net","INLA posterior linear-predictor marginals plus Bernoulli posterior-predictive variation",0.869921752738654,0.845258215962441,3,0.2,0.466666666666667,0.269579116544139,2.23970225208805,0.0788249470196284,0.692805609107872,0.9725,0.733333333333333,0.4925,3.4,0.9925,0.866666666666667,0.7975,6.19999999999999,3.80379509925842
"Linear Gaussian covariates and Bernoulli SBM, fixed mixed-signal SCAR design",92,"INLA_NET","INLA + Net","INLA posterior linear-predictor marginals plus Bernoulli posterior-predictive variation",0.818090766823161,0.775399061032864,2,0.133333333333333,0.4,0.301616844845999,2.5417773470698,0.0876074952598174,0.787298419178767,0.95,0.533333333333333,0.72,5.2,0.995,0.933333333333333,0.78,3.6,1.98494791984558
"Linear Gaussian covariates and Bernoulli SBM, fixed mixed-signal SCAR design",93,"INLA_NET","INLA + Net","INLA posterior linear-predictor marginals plus Bernoulli posterior-predictive variation",0.77377151799687,0.785539906103286,3,0.2,0.4,0.306693340573109,2.30502406644334,0.0859031365519233,0.741168405267046,0.955,0.533333333333333,0.685,5.2,0.9925,1,0.9925,1,2.25233221054077
"Linear Gaussian covariates and Bernoulli SBM, fixed mixed-signal SCAR design",94,"INLA_NET","INLA + Net","INLA posterior linear-predictor marginals plus Bernoulli posterior-predictive variation",0.850704225352113,0.808826291079812,6,0.4,0.444444444444444,0.280077964899788,2.19085604593759,0.0823959864754626,0.646365612379851,0.9575,0.6,0.6525,4.6,0.995,0.866666666666667,0.775,6.19999999999999,2.01059293746948
"Linear Gaussian covariates and Bernoulli SBM, fixed mixed-signal SCAR design",95,"INLA_NET","INLA + Net","INLA posterior linear-predictor marginals plus Bernoulli posterior-predictive variation",0.753176838810642,0.642065727699531,3,0.2,0.355555555555556,0.331707023216807,3.06471419149652,0.0911438714091102,0.812418825472778,0.955,0.533333333333333,0.7025,5.2,0.99,0.733333333333333,1.01,11.4,2.13470077514648
"Linear Gaussian covariates and Bernoulli SBM, fixed mixed-signal SCAR design",96,"INLA_NET","INLA + Net","INLA posterior linear-predictor marginals plus Bernoulli posterior-predictive variation",0.860907668231612,0.842253521126761,8,0.533333333333333,0.511111111111111,0.270104468563982,2.11833067284318,0.0776776688285847,0.641757347341455,0.9675,0.666666666666667,0.5425,4,0.9925,0.933333333333333,0.835,3.6,2.36067199707031
"Linear Gaussian covariates and Bernoulli SBM, fixed mixed-signal SCAR design",97,"INLA_NET","INLA + Net","INLA posterior linear-predictor marginals plus Bernoulli posterior-predictive variation",0.871486697965571,0.888262910798122,8,0.533333333333333,0.555555555555556,0.254446136251845,1.76059378254611,0.0733745004835118,0.570565997207263,0.9575,0.6,0.6325,4.6,0.9975,1,0.685,1,1.91476011276245
"Linear Gaussian covariates and Bernoulli SBM, fixed mixed-signal SCAR design",98,"INLA_NET","INLA + Net","INLA posterior linear-predictor marginals plus Bernoulli posterior-predictive variation",0.835117370892019,0.809014084507042,6,0.4,0.511111111111111,0.282727834537392,2.36906447321909,0.0769683965641564,0.692762896305783,0.96,0.6,0.6025,4.6,0.985,0.866666666666667,1.145,6.19999999999999,2.19074296951294
"Linear Gaussian covariates and Bernoulli SBM, fixed mixed-signal SCAR design",99,"INLA_NET","INLA + Net","INLA posterior linear-predictor marginals plus Bernoulli posterior-predictive variation",0.804194053208138,0.744413145539906,4,0.266666666666667,0.444444444444444,0.298804056623088,2.47210849690762,0.0853332988909155,0.732658834197232,0.9575,0.466666666666667,0.6675,5.8,0.9875,0.8,1.1025,8.79999999999999,3.45507001876831
"Linear Gaussian covariates and Bernoulli SBM, fixed mixed-signal SCAR design",100,"INLA_NET","INLA + Net","INLA posterior linear-predictor marginals plus Bernoulli posterior-predictive variation",0.790297339593114,0.686009389671361,5,0.333333333333333,0.577777777777778,0.291068617818,2.82249854466348,0.0739950991742842,0.701232797662778,0.9575,0.466666666666667,0.6075,5.8,0.98,0.733333333333333,1.365,11.4,3.22434902191162
"Linear Gaussian covariates and Bernoulli SBM, fixed mixed-signal SCAR design",1,"GNN","GNN","not available",0.776901408450704,0.645633802816901,2,0.133333333333333,0.422222222222222,0.315312992042346,2.51211618686791,0.0927748070587989,0.824140877577698,NA,NA,NA,NA,NA,NA,NA,NA,3.74863815307617
"Linear Gaussian covariates and Bernoulli SBM, fixed mixed-signal SCAR design",2,"GNN","GNN","not available",0.833615023474178,0.863098591549296,4,0.266666666666667,0.444444444444444,0.304930892916566,2.08503398342462,0.0911022088563423,0.751655459827672,NA,NA,NA,NA,NA,NA,NA,NA,3.03959393501282
"Linear Gaussian covariates and Bernoulli SBM, fixed mixed-signal SCAR design",3,"GNN","GNN","not available",0.762003129890454,0.643755868544601,3,0.2,0.377777777777778,0.324051017032558,2.46238007515435,0.0945771827475939,0.823943424947742,NA,NA,NA,NA,NA,NA,NA,NA,3.04710412025452
"Linear Gaussian covariates and Bernoulli SBM, fixed mixed-signal SCAR design",4,"GNN","GNN","not available",0.81133020344288,0.777089201877934,3,0.2,0.422222222222222,0.308422270937329,2.22999547990819,0.0917756699811722,0.776003252159202,NA,NA,NA,NA,NA,NA,NA,NA,3.07617688179016
"Linear Gaussian covariates and Bernoulli SBM, fixed mixed-signal SCAR design",5,"GNN","GNN","not available",0.813646322378717,0.715117370892019,5,0.333333333333333,0.466666666666667,0.304163640256297,2.36894024822471,0.0901759673196093,0.791070868987386,NA,NA,NA,NA,NA,NA,NA,NA,3.48018312454224
"Linear Gaussian covariates and Bernoulli SBM, fixed mixed-signal SCAR design",6,"GNN","GNN","not available",0.804757433489828,0.741220657276995,3,0.2,0.355555555555556,0.311584789175553,2.34124361991408,0.0924367569046862,0.800328345941701,NA,NA,NA,NA,NA,NA,NA,NA,2.89243197441101
"Linear Gaussian covariates and Bernoulli SBM, fixed mixed-signal SCAR design",7,"GNN","GNN","not available",0.724444444444444,0.501971830985915,2,0.133333333333333,0.4,0.329473096602877,2.78120390516596,0.0944032373395247,0.849289577133993,NA,NA,NA,NA,NA,NA,NA,NA,2.85482001304626
"Linear Gaussian covariates and Bernoulli SBM, fixed mixed-signal SCAR design",8,"GNN","GNN","not available",0.865352112676056,0.815023474178404,2,0.133333333333333,0.533333333333333,0.297115793822691,2.22209265532886,0.089689475881503,0.767787104822702,NA,NA,NA,NA,NA,NA,NA,NA,2.93593192100525
"Linear Gaussian covariates and Bernoulli SBM, fixed mixed-signal SCAR design",9,"GNN","GNN","not available",0.818090766823161,0.823661971830986,4,0.266666666666667,0.4,0.310963194211948,2.15118161361986,0.0920482735974201,0.765099588038013,NA,NA,NA,NA,NA,NA,NA,NA,3.09456086158752
"Linear Gaussian covariates and Bernoulli SBM, fixed mixed-signal SCAR design",10,"GNN","GNN","not available",0.738654147104851,0.611455399061033,3,0.2,0.333333333333333,0.324605654029359,2.48567418490655,0.0940067913377956,0.812467117731626,NA,NA,NA,NA,NA,NA,NA,NA,2.61284995079041
"Linear Gaussian covariates and Bernoulli SBM, fixed mixed-signal SCAR design",11,"GNN","GNN","not available",0.685133020344288,0.575399061032864,3,0.2,0.311111111111111,0.335907535500893,2.51964875232672,0.0961993061107649,0.827215957807774,NA,NA,NA,NA,NA,NA,NA,NA,2.85116720199585
"Linear Gaussian covariates and Bernoulli SBM, fixed mixed-signal SCAR design",12,"GNN","GNN","not available",0.811643192488263,0.745915492957747,4,0.266666666666667,0.444444444444444,0.313386092488405,2.27218877740827,0.0929309442310084,0.778980144352902,NA,NA,NA,NA,NA,NA,NA,NA,3.3987250328064
"Linear Gaussian covariates and Bernoulli SBM, fixed mixed-signal SCAR design",13,"GNN","GNN","not available",0.777464788732394,0.740093896713615,3,0.2,0.333333333333333,0.316351113608467,2.27177776112297,0.0934028470763084,0.786147795519667,NA,NA,NA,NA,NA,NA,NA,NA,3.60739898681641
"Linear Gaussian covariates and Bernoulli SBM, fixed mixed-signal SCAR design",14,"GNN","GNN","not available",0.780156494522692,0.702723004694836,1,0.0666666666666667,0.377777777777778,0.318677086197671,2.41187837707725,0.0939958357740551,0.822660662723214,NA,NA,NA,NA,NA,NA,NA,NA,3.12143898010254
"Linear Gaussian covariates and Bernoulli SBM, fixed mixed-signal SCAR design",15,"GNN","GNN","not available",0.84150234741784,0.792488262910798,7,0.466666666666667,0.466666666666667,0.302915892523319,2.20739280720364,0.0904757206318048,0.769272030988349,NA,NA,NA,NA,NA,NA,NA,NA,2.96838998794556
"Linear Gaussian covariates and Bernoulli SBM, fixed mixed-signal SCAR design",16,"GNN","GNN","not available",0.819593114241002,0.805446009389671,3,0.2,0.4,0.312040201124965,2.21727426948294,0.0932044014223953,0.784071976186846,NA,NA,NA,NA,NA,NA,NA,NA,3.54388189315796
"Linear Gaussian covariates and Bernoulli SBM, fixed mixed-signal SCAR design",17,"GNN","GNN","not available",0.78697965571205,0.736150234741784,3,0.2,0.377777777777778,0.315849563667233,2.33843127435936,0.0927808345049316,0.793738600193596,NA,NA,NA,NA,NA,NA,NA,NA,2.8995099067688
"Linear Gaussian covariates and Bernoulli SBM, fixed mixed-signal SCAR design",18,"GNN","GNN","not available",0.760125195618153,0.697089201877934,2,0.133333333333333,0.377777777777778,0.32181194706801,2.36597443121718,0.0940500749739235,0.808705699461756,NA,NA,NA,NA,NA,NA,NA,NA,2.62572193145752
"Linear Gaussian covariates and Bernoulli SBM, fixed mixed-signal SCAR design",19,"GNN","GNN","not available",0.812707355242567,0.821032863849765,4,0.266666666666667,0.422222222222222,0.307315176623039,2.17328632327482,0.0913163398227138,0.771974044361099,NA,NA,NA,NA,NA,NA,NA,NA,3.17050290107727
"Linear Gaussian covariates and Bernoulli SBM, fixed mixed-signal SCAR design",20,"GNN","GNN","not available",0.751111111111111,0.68075117370892,0,0,0.333333333333333,0.324011459905934,2.45488375892574,0.094763896619914,0.824271736848527,NA,NA,NA,NA,NA,NA,NA,NA,3.5539391040802
"Linear Gaussian covariates and Bernoulli SBM, fixed mixed-signal SCAR design",21,"GNN","GNN","not available",0.849765258215962,0.744037558685446,4,0.266666666666667,0.511111111111111,0.305928853762973,2.35677539319214,0.0911244768690967,0.789050487025142,NA,NA,NA,NA,NA,NA,NA,NA,2.71815085411072
"Linear Gaussian covariates and Bernoulli SBM, fixed mixed-signal SCAR design",22,"GNN","GNN","not available",0.805133020344288,0.712863849765258,3,0.2,0.488888888888889,0.309473187370928,2.38450426934738,0.0918789835137771,0.807670486036919,NA,NA,NA,NA,NA,NA,NA,NA,2.98827314376831
"Linear Gaussian covariates and Bernoulli SBM, fixed mixed-signal SCAR design",23,"GNN","GNN","not available",0.842003129890454,0.773333333333333,2,0.133333333333333,0.488888888888889,0.300109595088186,2.35049955683091,0.0900244109860419,0.804060283361973,NA,NA,NA,NA,NA,NA,NA,NA,2.82768201828003
"Linear Gaussian covariates and Bernoulli SBM, fixed mixed-signal SCAR design",24,"GNN","GNN","not available",0.815336463223787,0.831924882629108,5,0.333333333333333,0.444444444444444,0.311232708433621,2.15787212579628,0.0920349579834542,0.769618795170205,NA,NA,NA,NA,NA,NA,NA,NA,3.45373606681824
"Linear Gaussian covariates and Bernoulli SBM, fixed mixed-signal SCAR design",25,"GNN","GNN","not available",0.829796557120501,0.705727699530516,1,0.0666666666666667,0.4,0.30184315333852,2.45481245078265,0.0898476639714108,0.812707674690533,NA,NA,NA,NA,NA,NA,NA,NA,2.97843098640442
"Linear Gaussian covariates and Bernoulli SBM, fixed mixed-signal SCAR design",26,"GNN","GNN","not available",0.781283255086072,0.692769953051643,3,0.2,0.4,0.315860058016137,2.39987144040083,0.0925636788380382,0.793619726585294,NA,NA,NA,NA,NA,NA,NA,NA,3.08303499221802
"Linear Gaussian covariates and Bernoulli SBM, fixed mixed-signal SCAR design",27,"GNN","GNN","not available",0.82716744913928,0.740657276995305,3,0.2,0.466666666666667,0.307819747496331,2.40555937949351,0.0914481354045677,0.814510355280025,NA,NA,NA,NA,NA,NA,NA,NA,3.26711201667786
"Linear Gaussian covariates and Bernoulli SBM, fixed mixed-signal SCAR design",28,"GNN","GNN","not available",0.829420970266041,0.729953051643192,4,0.266666666666667,0.511111111111111,0.30629495116131,2.40620724024587,0.0912596505995457,0.809899907747129,NA,NA,NA,NA,NA,NA,NA,NA,2.78400611877441
"Linear Gaussian covariates and Bernoulli SBM, fixed mixed-signal SCAR design",29,"GNN","GNN","not available",0.806071987480438,0.772018779342723,2,0.133333333333333,0.4,0.312116731595742,2.28173081104,0.0925471241714144,0.791558972372318,NA,NA,NA,NA,NA,NA,NA,NA,3.04695701599121
"Linear Gaussian covariates and Bernoulli SBM, fixed mixed-signal SCAR design",30,"GNN","GNN","not available",0.817026604068858,0.861220657276995,5,0.333333333333333,0.422222222222222,0.313578560041425,2.07590190581542,0.0928732889443741,0.751597040475041,NA,NA,NA,NA,NA,NA,NA,NA,3.41850185394287
"Linear Gaussian covariates and Bernoulli SBM, fixed mixed-signal SCAR design",31,"GNN","GNN","not available",0.785602503912363,0.775774647887324,3,0.2,0.422222222222222,0.318413639324155,2.26934110691749,0.0936610575522345,0.791652297924293,NA,NA,NA,NA,NA,NA,NA,NA,2.98332500457764
"Linear Gaussian covariates and Bernoulli SBM, fixed mixed-signal SCAR design",32,"GNN","GNN","not available",0.793239436619718,0.695211267605634,1,0.0666666666666667,0.4,0.315268933584801,2.49667225488147,0.0924844929867167,0.823141885601132,NA,NA,NA,NA,NA,NA,NA,NA,3.21727800369263
"Linear Gaussian covariates and Bernoulli SBM, fixed mixed-signal SCAR design",33,"GNN","GNN","not available",0.823974960876369,0.774647887323944,3,0.2,0.422222222222222,0.303637443055704,2.32587598615642,0.0909137594303747,0.802644930674803,NA,NA,NA,NA,NA,NA,NA,NA,3.83123397827148
"Linear Gaussian covariates and Bernoulli SBM, fixed mixed-signal SCAR design",34,"GNN","GNN","not available",0.798372456964006,0.849577464788732,3,0.2,0.422222222222222,0.31703060803605,2.19250742993821,0.093263296822442,0.783303447210402,NA,NA,NA,NA,NA,NA,NA,NA,3.27329516410828
"Linear Gaussian covariates and Bernoulli SBM, fixed mixed-signal SCAR design",35,"GNN","GNN","not available",0.807511737089202,0.769765258215962,3,0.2,0.355555555555556,0.313646523670453,2.28446805481455,0.0926489561061068,0.789874505310921,NA,NA,NA,NA,NA,NA,NA,NA,2.9517719745636
"Linear Gaussian covariates and Bernoulli SBM, fixed mixed-signal SCAR design",36,"GNN","GNN","not available",0.802503912363067,0.750422535211268,4,0.266666666666667,0.422222222222222,0.312271073269044,2.30484258472427,0.0923699859573276,0.795220946077318,NA,NA,NA,NA,NA,NA,NA,NA,2.81932687759399
"Linear Gaussian covariates and Bernoulli SBM, fixed mixed-signal SCAR design",37,"GNN","GNN","not available",0.791674491392801,0.725258215962441,3,0.2,0.488888888888889,0.320045962654496,2.38224617711887,0.0942554979883518,0.811572920388918,NA,NA,NA,NA,NA,NA,NA,NA,3.23450207710266
"Linear Gaussian covariates and Bernoulli SBM, fixed mixed-signal SCAR design",38,"GNN","GNN","not available",0.750172143974961,0.749483568075117,3,0.2,0.377777777777778,0.32515556082919,2.24727559863874,0.0947786677740289,0.778602890693547,NA,NA,NA,NA,NA,NA,NA,NA,2.69880700111389
"Linear Gaussian covariates and Bernoulli SBM, fixed mixed-signal SCAR design",39,"GNN","GNN","not available",0.801377151799687,0.63906103286385,2,0.133333333333333,0.511111111111111,0.31105157873889,2.56886995230411,0.0916781681932669,0.817702797757514,NA,NA,NA,NA,NA,NA,NA,NA,2.69741010665894
"Linear Gaussian covariates and Bernoulli SBM, fixed mixed-signal SCAR design",40,"GNN","GNN","not available",0.819593114241002,0.72093896713615,2,0.133333333333333,0.377777777777778,0.309495261096418,2.43730157559675,0.0922141741480177,0.815434658633325,NA,NA,NA,NA,NA,NA,NA,NA,2.63383817672729
"Linear Gaussian covariates and Bernoulli SBM, fixed mixed-signal SCAR design",41,"GNN","GNN","not available",0.802503912363067,0.76018779342723,1,0.0666666666666667,0.422222222222222,0.30847197282591,2.291270519599,0.0912632785097274,0.792963112905523,NA,NA,NA,NA,NA,NA,NA,NA,2.7784960269928
"Linear Gaussian covariates and Bernoulli SBM, fixed mixed-signal SCAR design",42,"GNN","GNN","not available",0.758184663536776,0.668732394366197,0,0,0.333333333333333,0.327704325873331,2.48003856423076,0.0955570693817599,0.836365642889242,NA,NA,NA,NA,NA,NA,NA,NA,2.82735681533813
"Linear Gaussian covariates and Bernoulli SBM, fixed mixed-signal SCAR design",43,"GNN","GNN","not available",0.810704225352113,0.747230046948357,1,0.0666666666666667,0.4,0.314910121995863,2.4006204448903,0.093175582469542,0.817811318676187,NA,NA,NA,NA,NA,NA,NA,NA,2.69781613349915
"Linear Gaussian covariates and Bernoulli SBM, fixed mixed-signal SCAR design",44,"GNN","GNN","not available",0.805571205007825,0.790798122065728,5,0.333333333333333,0.4,0.311414329083912,2.17391168694596,0.09256190669816,0.768837132888576,NA,NA,NA,NA,NA,NA,NA,NA,3.05178880691528
"Linear Gaussian covariates and Bernoulli SBM, fixed mixed-signal SCAR design",45,"GNN","GNN","not available",0.821658841940532,0.741596244131455,3,0.2,0.4,0.307742973892505,2.3493934448278,0.0917467613086663,0.800608796023088,NA,NA,NA,NA,NA,NA,NA,NA,2.95105504989624
"Linear Gaussian covariates and Bernoulli SBM, fixed mixed-signal SCAR design",46,"GNN","GNN","not available",0.850516431924883,0.817464788732394,4,0.266666666666667,0.444444444444444,0.298600430244958,2.18630936515628,0.090178310151626,0.769923116400356,NA,NA,NA,NA,NA,NA,NA,NA,2.70507287979126
"Linear Gaussian covariates and Bernoulli SBM, fixed mixed-signal SCAR design",47,"GNN","GNN","not available",0.798435054773083,0.72018779342723,1,0.0666666666666667,0.4,0.310890434244207,2.44055175387654,0.0918318111607718,0.822794887827525,NA,NA,NA,NA,NA,NA,NA,NA,2.87561511993408
"Linear Gaussian covariates and Bernoulli SBM, fixed mixed-signal SCAR design",48,"GNN","GNN","not available",0.767198748043818,0.768638497652582,3,0.2,0.333333333333333,0.323440924908879,2.28845699622532,0.0948438935882177,0.799890342764978,NA,NA,NA,NA,NA,NA,NA,NA,2.56707286834717
"Linear Gaussian covariates and Bernoulli SBM, fixed mixed-signal SCAR design",49,"GNN","GNN","not available",0.734460093896714,0.653145539906103,3,0.2,0.311111111111111,0.328557638096027,2.38919928778018,0.0954623932027269,0.805738903359076,NA,NA,NA,NA,NA,NA,NA,NA,2.72587490081787
"Linear Gaussian covariates and Bernoulli SBM, fixed mixed-signal SCAR design",50,"GNN","GNN","not available",0.803505477308294,0.699718309859155,1,0.0666666666666667,0.444444444444444,0.308667933693582,2.4907059113886,0.0911912548209114,0.826437847666151,NA,NA,NA,NA,NA,NA,NA,NA,3.3381028175354
"Linear Gaussian covariates and Bernoulli SBM, fixed mixed-signal SCAR design",51,"GNN","GNN","not available",0.755430359937402,0.664600938967136,1,0.0666666666666667,0.377777777777778,0.322289105318126,2.44964307625958,0.094049821962564,0.813951955694633,NA,NA,NA,NA,NA,NA,NA,NA,4.13507390022278
"Linear Gaussian covariates and Bernoulli SBM, fixed mixed-signal SCAR design",52,"GNN","GNN","not available",0.782535211267606,0.818591549295775,3,0.2,0.377777777777778,0.320728272163638,2.20980571950836,0.0939092099116979,0.786460263566887,NA,NA,NA,NA,NA,NA,NA,NA,6.19659900665283
"Linear Gaussian covariates and Bernoulli SBM, fixed mixed-signal SCAR design",53,"GNN","GNN","not available",0.843380281690141,0.763004694835681,2,0.133333333333333,0.422222222222222,0.305643287059903,2.3822676592199,0.0918387202220555,0.815285719589674,NA,NA,NA,NA,NA,NA,NA,NA,8.13932490348816
"Linear Gaussian covariates and Bernoulli SBM, fixed mixed-signal SCAR design",54,"GNN","GNN","not available",0.751236306729264,0.671549295774648,2,0.133333333333333,0.333333333333333,0.325248776380562,2.38552999764672,0.0951369913112457,0.806375694734983,NA,NA,NA,NA,NA,NA,NA,NA,9.29184603691101
"Linear Gaussian covariates and Bernoulli SBM, fixed mixed-signal SCAR design",55,"GNN","GNN","not available",0.795868544600939,0.709107981220657,2,0.133333333333333,0.4,0.307165242612819,2.43351222442046,0.0907060522555811,0.80833985541243,NA,NA,NA,NA,NA,NA,NA,NA,7.91454100608826
"Linear Gaussian covariates and Bernoulli SBM, fixed mixed-signal SCAR design",56,"GNN","GNN","not available",0.783912363067293,0.528450704225352,2,0.133333333333333,0.4,0.312726225870117,2.84376528791135,0.0911813065123787,0.854310080000979,NA,NA,NA,NA,NA,NA,NA,NA,9.44372510910034
"Linear Gaussian covariates and Bernoulli SBM, fixed mixed-signal SCAR design",57,"GNN","GNN","not available",0.799374021909233,0.79887323943662,7,0.466666666666667,0.488888888888889,0.312431252005959,2.1885269242734,0.091918756884315,0.763283789074576,NA,NA,NA,NA,NA,NA,NA,NA,9.43227195739746
"Linear Gaussian covariates and Bernoulli SBM, fixed mixed-signal SCAR design",58,"GNN","GNN","not available",0.790234741784038,0.773145539906103,2,0.133333333333333,0.355555555555556,0.311290672968909,2.29724848419975,0.0920005157675459,0.800165386602769,NA,NA,NA,NA,NA,NA,NA,NA,10.0385389328003
"Linear Gaussian covariates and Bernoulli SBM, fixed mixed-signal SCAR design",59,"GNN","GNN","not available",0.742597809076682,0.64056338028169,3,0.2,0.466666666666667,0.322730387218083,2.44638562750275,0.0935013186411814,0.809697619970163,NA,NA,NA,NA,NA,NA,NA,NA,6.56816911697388
"Linear Gaussian covariates and Bernoulli SBM, fixed mixed-signal SCAR design",60,"GNN","GNN","not available",0.869233176838811,0.857652582159624,4,0.266666666666667,0.466666666666667,0.301104445778134,2.20138098186551,0.0906412742795403,0.781680881688881,NA,NA,NA,NA,NA,NA,NA,NA,9.15709590911865
"Linear Gaussian covariates and Bernoulli SBM, fixed mixed-signal SCAR design",61,"GNN","GNN","not available",0.806009389671361,0.756995305164319,4,0.266666666666667,0.4,0.312569980052466,2.23756516943007,0.0923360802126179,0.773832624825581,NA,NA,NA,NA,NA,NA,NA,NA,6.35587286949158
"Linear Gaussian covariates and Bernoulli SBM, fixed mixed-signal SCAR design",62,"GNN","GNN","not available",0.727261345852895,0.665915492957746,1,0.0666666666666667,0.266666666666667,0.333818104081228,2.41819409447468,0.0968085822170525,0.823170626502553,NA,NA,NA,NA,NA,NA,NA,NA,9.89435195922852
"Linear Gaussian covariates and Bernoulli SBM, fixed mixed-signal SCAR design",63,"GNN","GNN","not available",0.869483568075117,0.867042253521127,4,0.266666666666667,0.422222222222222,0.296209975689918,2.04138518755461,0.0899169954044206,0.741545555130632,NA,NA,NA,NA,NA,NA,NA,NA,9.46131491661072
"Linear Gaussian covariates and Bernoulli SBM, fixed mixed-signal SCAR design",64,"GNN","GNN","not available",0.832738654147105,0.815586854460094,3,0.2,0.422222222222222,0.304389786639685,2.19734734743017,0.0913890972439463,0.777198037295528,NA,NA,NA,NA,NA,NA,NA,NA,8.77056884765625
"Linear Gaussian covariates and Bernoulli SBM, fixed mixed-signal SCAR design",65,"GNN","GNN","not available",0.793928012519562,0.784600938967136,2,0.133333333333333,0.355555555555556,0.319910038493062,2.26511123996388,0.0942630706190156,0.794224851817592,NA,NA,NA,NA,NA,NA,NA,NA,7.81191492080688
"Linear Gaussian covariates and Bernoulli SBM, fixed mixed-signal SCAR design",66,"GNN","GNN","not available",0.79943661971831,0.764131455399061,2,0.133333333333333,0.4,0.30856204331912,2.33527786651648,0.0911506099890658,0.806471767904154,NA,NA,NA,NA,NA,NA,NA,NA,7.34230899810791
"Linear Gaussian covariates and Bernoulli SBM, fixed mixed-signal SCAR design",67,"GNN","GNN","not available",0.766134585289515,0.766009389671361,4,0.266666666666667,0.355555555555556,0.326231825294873,2.23817587784608,0.0953487256868142,0.783328088660091,NA,NA,NA,NA,NA,NA,NA,NA,4.21305394172668
"Linear Gaussian covariates and Bernoulli SBM, fixed mixed-signal SCAR design",68,"GNN","GNN","not available",0.798935837245696,0.689577464788732,2,0.133333333333333,0.422222222222222,0.315129789876493,2.47025831911924,0.0929330961079147,0.821521120452705,NA,NA,NA,NA,NA,NA,NA,NA,3.10806703567505
"Linear Gaussian covariates and Bernoulli SBM, fixed mixed-signal SCAR design",69,"GNN","GNN","not available",0.798372456964006,0.797370892018779,4,0.266666666666667,0.355555555555556,0.31500129722256,2.18821684087796,0.0930950995485893,0.773400189505633,NA,NA,NA,NA,NA,NA,NA,NA,3.37670803070068
"Linear Gaussian covariates and Bernoulli SBM, fixed mixed-signal SCAR design",70,"GNN","GNN","not available",0.804820031298905,0.803755868544601,4,0.266666666666667,0.377777777777778,0.306010117090716,2.19273419852326,0.0908055021017956,0.772838113272448,NA,NA,NA,NA,NA,NA,NA,NA,3.12372612953186
"Linear Gaussian covariates and Bernoulli SBM, fixed mixed-signal SCAR design",71,"GNN","GNN","not available",0.783724569640063,0.604507042253521,1,0.0666666666666667,0.444444444444444,0.315359617033214,2.64686013061246,0.0927980883440886,0.848078330900104,NA,NA,NA,NA,NA,NA,NA,NA,3.17392086982727
"Linear Gaussian covariates and Bernoulli SBM, fixed mixed-signal SCAR design",72,"GNN","GNN","not available",0.770391236306729,0.674929577464789,1,0.0666666666666667,0.4,0.315984978525856,2.43663550402968,0.0930983134295465,0.811605592883824,NA,NA,NA,NA,NA,NA,NA,NA,3.45468306541443
"Linear Gaussian covariates and Bernoulli SBM, fixed mixed-signal SCAR design",73,"GNN","GNN","not available",0.769577464788732,0.711549295774648,3,0.2,0.4,0.318549039401389,2.36997160638231,0.0931324681354304,0.798801287652704,NA,NA,NA,NA,NA,NA,NA,NA,3.05177187919617
"Linear Gaussian covariates and Bernoulli SBM, fixed mixed-signal SCAR design",74,"GNN","GNN","not available",0.796619718309859,0.743286384976526,1,0.0666666666666667,0.355555555555556,0.320810737387434,2.38607235136004,0.0942525436937805,0.817978938068715,NA,NA,NA,NA,NA,NA,NA,NA,3.63916206359863
"Linear Gaussian covariates and Bernoulli SBM, fixed mixed-signal SCAR design",75,"GNN","GNN","not available",0.831173708920188,0.784976525821596,4,0.266666666666667,0.444444444444444,0.302366233911604,2.22687590422396,0.0907366887516215,0.774274710336873,NA,NA,NA,NA,NA,NA,NA,NA,2.93761110305786
"Linear Gaussian covariates and Bernoulli SBM, fixed mixed-signal SCAR design",76,"GNN","GNN","not available",0.782723004694836,0.705539906103286,2,0.133333333333333,0.377777777777778,0.312369628205958,2.42033475435804,0.0918274832754821,0.810229990396145,NA,NA,NA,NA,NA,NA,NA,NA,7.99330806732178
"Linear Gaussian covariates and Bernoulli SBM, fixed mixed-signal SCAR design",77,"GNN","GNN","not available",0.771830985915493,0.732394366197183,1,0.0666666666666667,0.355555555555556,0.32343967009546,2.37143917425738,0.0949676814031198,0.815577241698322,NA,NA,NA,NA,NA,NA,NA,NA,6.44876098632812
"Linear Gaussian covariates and Bernoulli SBM, fixed mixed-signal SCAR design",78,"GNN","GNN","not available",0.824162754303599,0.769201877934272,3,0.2,0.4,0.313187742776841,2.29287928056725,0.0931592848547499,0.784908077446162,NA,NA,NA,NA,NA,NA,NA,NA,8.21395492553711
"Linear Gaussian covariates and Bernoulli SBM, fixed mixed-signal SCAR design",79,"GNN","GNN","not available",0.791862284820031,0.778215962441315,2,0.133333333333333,0.4,0.312686236275069,2.17770327058419,0.0925519113588876,0.767691469719352,NA,NA,NA,NA,NA,NA,NA,NA,4.66768312454224
"Linear Gaussian covariates and Bernoulli SBM, fixed mixed-signal SCAR design",80,"GNN","GNN","not available",0.77452269170579,0.734460093896714,5,0.333333333333333,0.377777777777778,0.318852492738986,2.24771594233915,0.0933555891316339,0.777338087583347,NA,NA,NA,NA,NA,NA,NA,NA,4.22388887405396
"Linear Gaussian covariates and Bernoulli SBM, fixed mixed-signal SCAR design",81,"GNN","GNN","not available",0.795492957746479,0.757183098591549,4,0.266666666666667,0.377777777777778,0.31408691272643,2.34465549665064,0.0922282037466136,0.7971908105023,NA,NA,NA,NA,NA,NA,NA,NA,5.33544898033142
"Linear Gaussian covariates and Bernoulli SBM, fixed mixed-signal SCAR design",82,"GNN","GNN","not available",0.824037558685446,0.824976525821596,4,0.266666666666667,0.488888888888889,0.307841589399379,2.177583724569,0.0917368838482582,0.771650290848565,NA,NA,NA,NA,NA,NA,NA,NA,5.59555196762085
"Linear Gaussian covariates and Bernoulli SBM, fixed mixed-signal SCAR design",83,"GNN","GNN","not available",0.791236306729264,0.732769953051643,3,0.2,0.444444444444444,0.314310935909829,2.34373007708789,0.0928380020602539,0.802088785878822,NA,NA,NA,NA,NA,NA,NA,NA,5.39493298530579
"Linear Gaussian covariates and Bernoulli SBM, fixed mixed-signal SCAR design",84,"GNN","GNN","not available",0.809890453834116,0.817276995305164,3,0.2,0.444444444444444,0.31109443790691,2.2210546903458,0.0922437677134933,0.785084207623129,NA,NA,NA,NA,NA,NA,NA,NA,6.51003313064575
"Linear Gaussian covariates and Bernoulli SBM, fixed mixed-signal SCAR design",85,"GNN","GNN","not available",0.794053208137715,0.778967136150235,2,0.133333333333333,0.422222222222222,0.311617046599074,2.24404842736361,0.0919817034573167,0.7767597106493,NA,NA,NA,NA,NA,NA,NA,NA,6.12433290481567
"Linear Gaussian covariates and Bernoulli SBM, fixed mixed-signal SCAR design",86,"GNN","GNN","not available",0.739593114241002,0.648450704225352,3,0.2,0.377777777777778,0.324309582985187,2.46365119217711,0.0941869589539354,0.823265779334772,NA,NA,NA,NA,NA,NA,NA,NA,5.89801788330078
"Linear Gaussian covariates and Bernoulli SBM, fixed mixed-signal SCAR design",87,"GNN","GNN","not available",0.820719874804382,0.738779342723005,2,0.133333333333333,0.333333333333333,0.309735871955279,2.38327911617715,0.0924128771106595,0.809067448492646,NA,NA,NA,NA,NA,NA,NA,NA,5.34812903404236
"Linear Gaussian covariates and Bernoulli SBM, fixed mixed-signal SCAR design",88,"GNN","GNN","not available",0.828982785602504,0.88150234741784,3,0.2,0.4,0.30350252553275,2.07934084283463,0.0900692788968451,0.753467507565452,NA,NA,NA,NA,NA,NA,NA,NA,5.691890001297
"Linear Gaussian covariates and Bernoulli SBM, fixed mixed-signal SCAR design",89,"GNN","GNN","not available",0.806635367762128,0.744788732394366,2,0.133333333333333,0.355555555555556,0.311861402025707,2.36199014350817,0.0925039809743845,0.805912480314479,NA,NA,NA,NA,NA,NA,NA,NA,6.05486798286438
"Linear Gaussian covariates and Bernoulli SBM, fixed mixed-signal SCAR design",90,"GNN","GNN","not available",0.766384976525822,0.715680751173709,2,0.133333333333333,0.355555555555556,0.316905902982807,2.38749421134875,0.0932500780019558,0.812404984177012,NA,NA,NA,NA,NA,NA,NA,NA,5.62562298774719
"Linear Gaussian covariates and Bernoulli SBM, fixed mixed-signal SCAR design",91,"GNN","GNN","not available",0.801940532081377,0.859906103286385,2,0.133333333333333,0.4,0.317287686823782,2.17796815637814,0.0935215862948355,0.782632956387241,NA,NA,NA,NA,NA,NA,NA,NA,3.33431911468506
"Linear Gaussian covariates and Bernoulli SBM, fixed mixed-signal SCAR design",92,"GNN","GNN","not available",0.850266040688576,0.778215962441315,2,0.133333333333333,0.444444444444444,0.298279306355894,2.34617503464831,0.0899215048639832,0.800614130891218,NA,NA,NA,NA,NA,NA,NA,NA,4.91153693199158
"Linear Gaussian covariates and Bernoulli SBM, fixed mixed-signal SCAR design",93,"GNN","GNN","not available",0.817589984350548,0.84131455399061,3,0.2,0.422222222222222,0.312468853457729,2.17529223775036,0.0927559188990533,0.777527264106776,NA,NA,NA,NA,NA,NA,NA,NA,4.04694700241089
"Linear Gaussian covariates and Bernoulli SBM, fixed mixed-signal SCAR design",94,"GNN","GNN","not available",0.77377151799687,0.813333333333333,4,0.266666666666667,0.466666666666667,0.321330787065443,2.22768615269614,0.0938771492257683,0.785264784756383,NA,NA,NA,NA,NA,NA,NA,NA,2.69080781936646
"Linear Gaussian covariates and Bernoulli SBM, fixed mixed-signal SCAR design",95,"GNN","GNN","not available",0.823474178403756,0.762065727699531,1,0.0666666666666667,0.377777777777778,0.314696638694121,2.3605358133167,0.0935134255947017,0.807089746104034,NA,NA,NA,NA,NA,NA,NA,NA,7.2655041217804
"Linear Gaussian covariates and Bernoulli SBM, fixed mixed-signal SCAR design",96,"GNN","GNN","not available",0.779405320813772,0.677746478873239,2,0.133333333333333,0.377777777777778,0.319260337714966,2.45193888089283,0.093813360812114,0.823125638709827,NA,NA,NA,NA,NA,NA,NA,NA,3.42830300331116
"Linear Gaussian covariates and Bernoulli SBM, fixed mixed-signal SCAR design",97,"GNN","GNN","not available",0.883755868544601,0.912300469483568,7,0.466666666666667,0.511111111111111,0.297479561123991,1.98938421547716,0.0902557044370302,0.736419759158924,NA,NA,NA,NA,NA,NA,NA,NA,2.98685312271118
"Linear Gaussian covariates and Bernoulli SBM, fixed mixed-signal SCAR design",98,"GNN","GNN","not available",0.841877934272301,0.856338028169014,5,0.333333333333333,0.533333333333333,0.300766686594295,2.06349614436709,0.089882383976583,0.741371679702742,NA,NA,NA,NA,NA,NA,NA,NA,2.9666531085968
"Linear Gaussian covariates and Bernoulli SBM, fixed mixed-signal SCAR design",99,"GNN","GNN","not available",0.82491392801252,0.843943661971831,5,0.333333333333333,0.422222222222222,0.308613090057455,2.06774837778358,0.0916074822333271,0.743818648404802,NA,NA,NA,NA,NA,NA,NA,NA,6.48094010353088
"Linear Gaussian covariates and Bernoulli SBM, fixed mixed-signal SCAR design",100,"GNN","GNN","not available",0.77226917057903,0.664788732394366,4,0.266666666666667,0.422222222222222,0.317352398188013,2.39267737309917,0.0931205624922606,0.799102087026672,NA,NA,NA,NA,NA,NA,NA,NA,6.19516801834106
"Linear Gaussian covariates and Bernoulli SBM, fixed mixed-signal SCAR design",1,"NNPU","nnPU","not available: official nnPU is a point-estimation classifier; probabilities are plogis(raw score)",0.703724569640063,0.656901408450704,3,0.2,0.422222222222222,0.430234313388608,4.50700774565086,0.0771096567907263,0.860914547477333,NA,NA,NA,NA,NA,NA,NA,NA,13.2957820892334
"Linear Gaussian covariates and Bernoulli SBM, fixed mixed-signal SCAR design",2,"NNPU","nnPU","not available: official nnPU is a point-estimation classifier; probabilities are plogis(raw score)",0.754929577464789,0.79924882629108,5,0.333333333333333,0.466666666666667,0.402148864160706,3.51777909867989,0.0757638209230739,0.837187276870413,NA,NA,NA,NA,NA,NA,NA,NA,17.5030720233917
"Linear Gaussian covariates and Bernoulli SBM, fixed mixed-signal SCAR design",3,"NNPU","nnPU","not available: official nnPU is a point-estimation classifier; probabilities are plogis(raw score)",0.682503912363067,0.553427230046948,1,0.0666666666666667,0.377777777777778,0.439899350276571,5.19801734946437,0.0780925093352458,0.934832986889676,NA,NA,NA,NA,NA,NA,NA,NA,10.4312598705292
"Linear Gaussian covariates and Bernoulli SBM, fixed mixed-signal SCAR design",4,"NNPU","nnPU","not available: official nnPU is a point-estimation classifier; probabilities are plogis(raw score)",0.780970266040689,0.661596244131455,4,0.266666666666667,0.488888888888889,0.365138854861215,4.28248200238866,0.0762289179444025,0.859477367527546,NA,NA,NA,NA,NA,NA,NA,NA,16.8159039020538
"Linear Gaussian covariates and Bernoulli SBM, fixed mixed-signal SCAR design",5,"NNPU","nnPU","not available: official nnPU is a point-estimation classifier; probabilities are plogis(raw score)",0.723568075117371,0.686197183098592,2,0.133333333333333,0.4,0.415986553622668,4.42425102157469,0.0804547809855766,0.933561056338572,NA,NA,NA,NA,NA,NA,NA,NA,16.1419668197632
"Linear Gaussian covariates and Bernoulli SBM, fixed mixed-signal SCAR design",6,"NNPU","nnPU","not available: official nnPU is a point-estimation classifier; probabilities are plogis(raw score)",0.725696400625978,0.64150234741784,1,0.0666666666666667,0.4,0.438669950251372,4.68398323054886,0.0836124210677557,0.925395215621451,NA,NA,NA,NA,NA,NA,NA,NA,11.4815039634705
"Linear Gaussian covariates and Bernoulli SBM, fixed mixed-signal SCAR design",7,"NNPU","nnPU","not available: official nnPU is a point-estimation classifier; probabilities are plogis(raw score)",0.630109546165884,0.516244131455399,2,0.133333333333333,0.333333333333333,0.49684642232164,5.41111565174987,0.085808699018609,0.939522069768194,NA,NA,NA,NA,NA,NA,NA,NA,9.35141110420227
"Linear Gaussian covariates and Bernoulli SBM, fixed mixed-signal SCAR design",8,"NNPU","nnPU","not available: official nnPU is a point-estimation classifier; probabilities are plogis(raw score)",0.849327073552426,0.796431924882629,2,0.133333333333333,0.466666666666667,0.31901782347725,3.62114769629328,0.0723539437782055,0.889087500803166,NA,NA,NA,NA,NA,NA,NA,NA,9.10941600799561
"Linear Gaussian covariates and Bernoulli SBM, fixed mixed-signal SCAR design",9,"NNPU","nnPU","not available: official nnPU is a point-estimation classifier; probabilities are plogis(raw score)",0.781971830985915,0.728826291079812,3,0.2,0.488888888888889,0.363939460178344,3.81711767608056,0.0731982429392909,0.813935913163897,NA,NA,NA,NA,NA,NA,NA,NA,9.3041660785675
"Linear Gaussian covariates and Bernoulli SBM, fixed mixed-signal SCAR design",10,"NNPU","nnPU","not available: official nnPU is a point-estimation classifier; probabilities are plogis(raw score)",0.728075117370892,0.621971830985915,3,0.2,0.355555555555556,0.453778936744803,4.79012620226158,0.0846123211740952,0.872209321830986,NA,NA,NA,NA,NA,NA,NA,NA,9.58084797859192
"Linear Gaussian covariates and Bernoulli SBM, fixed mixed-signal SCAR design",11,"NNPU","nnPU","not available: official nnPU is a point-estimation classifier; probabilities are plogis(raw score)",0.720500782472614,0.717558685446009,3,0.2,0.4,0.445506181535117,4.11177456244678,0.087831100779604,0.910470310738995,NA,NA,NA,NA,NA,NA,NA,NA,9.65329813957214
"Linear Gaussian covariates and Bernoulli SBM, fixed mixed-signal SCAR design",12,"NNPU","nnPU","not available: official nnPU is a point-estimation classifier; probabilities are plogis(raw score)",0.696087636932707,0.650140845070423,1,0.0666666666666667,0.377777777777778,0.462727478985798,4.7342645390342,0.087711366021438,0.93760164153348,NA,NA,NA,NA,NA,NA,NA,NA,9.92440509796143
"Linear Gaussian covariates and Bernoulli SBM, fixed mixed-signal SCAR design",13,"NNPU","nnPU","not available: official nnPU is a point-estimation classifier; probabilities are plogis(raw score)",0.71924882629108,0.79793427230047,3,0.2,0.422222222222222,0.435489954703428,3.62432624993179,0.0819165587789235,0.844789422012601,NA,NA,NA,NA,NA,NA,NA,NA,10.1703579425812
"Linear Gaussian covariates and Bernoulli SBM, fixed mixed-signal SCAR design",14,"NNPU","nnPU","not available: official nnPU is a point-estimation classifier; probabilities are plogis(raw score)",0.712050078247261,0.711549295774648,3,0.2,0.422222222222222,0.435234830504103,4.10966120957308,0.0849391488956627,0.891475504462401,NA,NA,NA,NA,NA,NA,NA,NA,9.07331299781799
"Linear Gaussian covariates and Bernoulli SBM, fixed mixed-signal SCAR design",15,"NNPU","nnPU","not available: official nnPU is a point-estimation classifier; probabilities are plogis(raw score)",0.761940532081377,0.72018779342723,4,0.266666666666667,0.466666666666667,0.39644233588069,4.08536875481337,0.0810648114856794,0.864343913215782,NA,NA,NA,NA,NA,NA,NA,NA,9.33545207977295
"Linear Gaussian covariates and Bernoulli SBM, fixed mixed-signal SCAR design",16,"NNPU","nnPU","not available: official nnPU is a point-estimation classifier; probabilities are plogis(raw score)",0.73320813771518,0.783474178403756,3,0.2,0.422222222222222,0.437611355003077,3.6955918517487,0.090726628596261,0.869245120242538,NA,NA,NA,NA,NA,NA,NA,NA,9.37586879730225
"Linear Gaussian covariates and Bernoulli SBM, fixed mixed-signal SCAR design",17,"NNPU","nnPU","not available: official nnPU is a point-estimation classifier; probabilities are plogis(raw score)",0.727762128325509,0.667417840375587,2,0.133333333333333,0.466666666666667,0.413956885154842,4.42407589373939,0.0830839645630726,0.914090818474862,NA,NA,NA,NA,NA,NA,NA,NA,9.50719380378723
"Linear Gaussian covariates and Bernoulli SBM, fixed mixed-signal SCAR design",18,"NNPU","nnPU","not available: official nnPU is a point-estimation classifier; probabilities are plogis(raw score)",0.691643192488263,0.700093896713615,2,0.133333333333333,0.355555555555556,0.468051743298986,4.49897457173578,0.084641714388718,0.925293475426691,NA,NA,NA,NA,NA,NA,NA,NA,10.551864862442
"Linear Gaussian covariates and Bernoulli SBM, fixed mixed-signal SCAR design",19,"NNPU","nnPU","not available: official nnPU is a point-estimation classifier; probabilities are plogis(raw score)",0.748920187793427,0.813708920187793,5,0.333333333333333,0.4,0.417665472193495,3.53913918635049,0.085370589728306,0.840673881477838,NA,NA,NA,NA,NA,NA,NA,NA,9.12512493133545
"Linear Gaussian covariates and Bernoulli SBM, fixed mixed-signal SCAR design",20,"NNPU","nnPU","not available: official nnPU is a point-estimation classifier; probabilities are plogis(raw score)",0.662910798122066,0.597934272300469,1,0.0666666666666667,0.333333333333333,0.479692040904028,4.99836197755104,0.0881918073339091,0.946886975649062,NA,NA,NA,NA,NA,NA,NA,NA,9.25251507759094
"Linear Gaussian covariates and Bernoulli SBM, fixed mixed-signal SCAR design",21,"NNPU","nnPU","not available: official nnPU is a point-estimation classifier; probabilities are plogis(raw score)",0.747793427230047,0.710422535211268,3,0.2,0.466666666666667,0.404324586074828,4.18658101157412,0.0776332506414717,0.871678788103869,NA,NA,NA,NA,NA,NA,NA,NA,9.31158900260925
"Linear Gaussian covariates and Bernoulli SBM, fixed mixed-signal SCAR design",22,"NNPU","nnPU","not available: official nnPU is a point-estimation classifier; probabilities are plogis(raw score)",0.783724569640063,0.752112676056338,3,0.2,0.4,0.380867456151479,4.04643091674948,0.0758657763815389,0.894060487748879,NA,NA,NA,NA,NA,NA,NA,NA,9.78134083747864
"Linear Gaussian covariates and Bernoulli SBM, fixed mixed-signal SCAR design",23,"NNPU","nnPU","not available: official nnPU is a point-estimation classifier; probabilities are plogis(raw score)",0.686885758998435,0.590798122065728,1,0.0666666666666667,0.377777777777778,0.450169569660048,4.94986717185235,0.0815406477958366,0.934156523767025,NA,NA,NA,NA,NA,NA,NA,NA,9.52752995491028
"Linear Gaussian covariates and Bernoulli SBM, fixed mixed-signal SCAR design",24,"NNPU","nnPU","not available: official nnPU is a point-estimation classifier; probabilities are plogis(raw score)",0.770078247261346,0.790046948356808,4,0.266666666666667,0.444444444444444,0.536890941791093,4.68889624952149,0.110439378146306,0.980933748335405,NA,NA,NA,NA,NA,NA,NA,NA,11.5122818946838
"Linear Gaussian covariates and Bernoulli SBM, fixed mixed-signal SCAR design",25,"NNPU","nnPU","not available: official nnPU is a point-estimation classifier; probabilities are plogis(raw score)",0.763568075117371,0.701408450704225,3,0.2,0.355555555555556,0.413531317657874,4.38208551609126,0.0804199776889931,0.882733143278919,NA,NA,NA,NA,NA,NA,NA,NA,9.20645904541016
"Linear Gaussian covariates and Bernoulli SBM, fixed mixed-signal SCAR design",26,"NNPU","nnPU","not available: official nnPU is a point-estimation classifier; probabilities are plogis(raw score)",0.686823161189358,0.591924882629108,3,0.2,0.377777777777778,0.462588275495692,5.12029371043874,0.0832026010006203,0.908888694266168,NA,NA,NA,NA,NA,NA,NA,NA,8.896479845047
"Linear Gaussian covariates and Bernoulli SBM, fixed mixed-signal SCAR design",27,"NNPU","nnPU","not available: official nnPU is a point-estimation classifier; probabilities are plogis(raw score)",0.7181220657277,0.662347417840376,4,0.266666666666667,0.4,0.431779608847529,4.19053535026544,0.0903708255926883,0.880774989462255,NA,NA,NA,NA,NA,NA,NA,NA,9.08863401412964
"Linear Gaussian covariates and Bernoulli SBM, fixed mixed-signal SCAR design",28,"NNPU","nnPU","not available: official nnPU is a point-estimation classifier; probabilities are plogis(raw score)",0.711361502347418,0.689765258215962,2,0.133333333333333,0.4,0.425116578188958,4.3480704567136,0.0777763069728173,0.880999165915663,NA,NA,NA,NA,NA,NA,NA,NA,8.86028599739075
"Linear Gaussian covariates and Bernoulli SBM, fixed mixed-signal SCAR design",29,"NNPU","nnPU","not available: official nnPU is a point-estimation classifier; probabilities are plogis(raw score)",0.739843505477308,0.645446009389671,2,0.133333333333333,0.4,0.398987271708615,4.44045039948572,0.0818442908723613,0.921752214048237,NA,NA,NA,NA,NA,NA,NA,NA,9.51826000213623
"Linear Gaussian covariates and Bernoulli SBM, fixed mixed-signal SCAR design",30,"NNPU","nnPU","not available: official nnPU is a point-estimation classifier; probabilities are plogis(raw score)",0.752363067292645,0.755868544600939,4,0.266666666666667,0.444444444444444,0.388162943359706,3.71595196244462,0.0759268101507358,0.840854274696554,NA,NA,NA,NA,NA,NA,NA,NA,10.41130900383
"Linear Gaussian covariates and Bernoulli SBM, fixed mixed-signal SCAR design",31,"NNPU","nnPU","not available: official nnPU is a point-estimation classifier; probabilities are plogis(raw score)",0.712613458528952,0.636619718309859,1,0.0666666666666667,0.377777777777778,0.437222039915313,4.61851001048511,0.0888810293046309,0.938814561891477,NA,NA,NA,NA,NA,NA,NA,NA,9.47215294837952
"Linear Gaussian covariates and Bernoulli SBM, fixed mixed-signal SCAR design",32,"NNPU","nnPU","not available: official nnPU is a point-estimation classifier; probabilities are plogis(raw score)",0.690391236306729,0.656901408450704,1,0.0666666666666667,0.422222222222222,0.444138139610481,4.55836388709915,0.0838524461778405,0.91758296263265,NA,NA,NA,NA,NA,NA,NA,NA,9.51302194595337
"Linear Gaussian covariates and Bernoulli SBM, fixed mixed-signal SCAR design",33,"NNPU","nnPU","not available: official nnPU is a point-estimation classifier; probabilities are plogis(raw score)",0.784413145539906,0.711924882629108,3,0.2,0.488888888888889,0.357522454345447,3.98531099633283,0.0726679850078456,0.836751380168028,NA,NA,NA,NA,NA,NA,NA,NA,10.2139480113983
"Linear Gaussian covariates and Bernoulli SBM, fixed mixed-signal SCAR design",34,"NNPU","nnPU","not available: official nnPU is a point-estimation classifier; probabilities are plogis(raw score)",0.691267605633803,0.63906103286385,4,0.266666666666667,0.355555555555556,0.538178046693959,4.81355891488617,0.110382394942031,0.982418126839,NA,NA,NA,NA,NA,NA,NA,NA,9.05203914642334
"Linear Gaussian covariates and Bernoulli SBM, fixed mixed-signal SCAR design",35,"NNPU","nnPU","not available: official nnPU is a point-estimation classifier; probabilities are plogis(raw score)",0.733458528951487,0.71830985915493,2,0.133333333333333,0.377777777777778,0.430961576920294,4.36642017276255,0.0797856458445774,0.915376778338613,NA,NA,NA,NA,NA,NA,NA,NA,9.26371192932129
"Linear Gaussian covariates and Bernoulli SBM, fixed mixed-signal SCAR design",36,"NNPU","nnPU","not available: official nnPU is a point-estimation classifier; probabilities are plogis(raw score)",0.713677621283255,0.622910798122066,1,0.0666666666666667,0.355555555555556,0.443634308865978,4.83118753918906,0.0860027618889127,0.936308777399322,NA,NA,NA,NA,NA,NA,NA,NA,10.3556759357452
"Linear Gaussian covariates and Bernoulli SBM, fixed mixed-signal SCAR design",37,"NNPU","nnPU","not available: official nnPU is a point-estimation classifier; probabilities are plogis(raw score)",0.74547730829421,0.6781220657277,4,0.266666666666667,0.444444444444444,0.408803237234822,4.41943453113341,0.0744181218667792,0.824807263506038,NA,NA,NA,NA,NA,NA,NA,NA,10.1215589046478
"Linear Gaussian covariates and Bernoulli SBM, fixed mixed-signal SCAR design",38,"NNPU","nnPU","not available: official nnPU is a point-estimation classifier; probabilities are plogis(raw score)",0.74829420970266,0.769953051643192,4,0.266666666666667,0.444444444444444,0.40711947163037,3.734566146297,0.0828642016514387,0.815371752554611,NA,NA,NA,NA,NA,NA,NA,NA,14.1952970027924
"Linear Gaussian covariates and Bernoulli SBM, fixed mixed-signal SCAR design",39,"NNPU","nnPU","not available: official nnPU is a point-estimation classifier; probabilities are plogis(raw score)",0.730892018779343,0.630234741784038,2,0.133333333333333,0.444444444444444,0.408966827964946,4.5866252329344,0.0766594674568607,0.868815062669051,NA,NA,NA,NA,NA,NA,NA,NA,14.9527630805969
"Linear Gaussian covariates and Bernoulli SBM, fixed mixed-signal SCAR design",40,"NNPU","nnPU","not available: official nnPU is a point-estimation classifier; probabilities are plogis(raw score)",0.783161189358372,0.739906103286385,6,0.4,0.533333333333333,0.527204611719006,4.65799631643353,0.110235704165056,0.979584649463263,NA,NA,NA,NA,NA,NA,NA,NA,17.5398230552673
"Linear Gaussian covariates and Bernoulli SBM, fixed mixed-signal SCAR design",41,"NNPU","nnPU","not available: official nnPU is a point-estimation classifier; probabilities are plogis(raw score)",0.757433489827856,0.696525821596244,4,0.266666666666667,0.488888888888889,0.388631843441227,4.28383960003822,0.0714965676959541,0.823283483184454,NA,NA,NA,NA,NA,NA,NA,NA,14.8421468734741
"Linear Gaussian covariates and Bernoulli SBM, fixed mixed-signal SCAR design",42,"NNPU","nnPU","not available: official nnPU is a point-estimation classifier; probabilities are plogis(raw score)",0.649327073552426,0.547605633802817,0,0,0.244444444444444,0.50716099643174,5.52736012305794,0.0903252672964948,0.982602660248252,NA,NA,NA,NA,NA,NA,NA,NA,15.061940908432
"Linear Gaussian covariates and Bernoulli SBM, fixed mixed-signal SCAR design",43,"NNPU","nnPU","not available: official nnPU is a point-estimation classifier; probabilities are plogis(raw score)",0.677433489827856,0.68075117370892,1,0.0666666666666667,0.311111111111111,0.484816833046128,4.52973720945009,0.0942279164041242,0.939223182701064,NA,NA,NA,NA,NA,NA,NA,NA,14.7518711090088
"Linear Gaussian covariates and Bernoulli SBM, fixed mixed-signal SCAR design",44,"NNPU","nnPU","not available: official nnPU is a point-estimation classifier; probabilities are plogis(raw score)",0.724945226917058,0.652769953051643,2,0.133333333333333,0.355555555555556,0.434896314286317,4.65001308410249,0.0835483713911622,0.916827528012509,NA,NA,NA,NA,NA,NA,NA,NA,15.33624792099
"Linear Gaussian covariates and Bernoulli SBM, fixed mixed-signal SCAR design",45,"NNPU","nnPU","not available: official nnPU is a point-estimation classifier; probabilities are plogis(raw score)",0.792801251956182,0.762253521126761,2,0.133333333333333,0.377777777777778,0.391038655495275,3.87246848059818,0.0867191657999508,0.896621307657319,NA,NA,NA,NA,NA,NA,NA,NA,14.2054920196533
"Linear Gaussian covariates and Bernoulli SBM, fixed mixed-signal SCAR design",46,"NNPU","nnPU","not available: official nnPU is a point-estimation classifier; probabilities are plogis(raw score)",0.732769953051643,0.596995305164319,1,0.0666666666666667,0.377777777777778,0.422695562951996,5.15806213374966,0.0804363371986379,0.95000398362333,NA,NA,NA,NA,NA,NA,NA,NA,14.7159659862518
"Linear Gaussian covariates and Bernoulli SBM, fixed mixed-signal SCAR design",47,"NNPU","nnPU","not available: official nnPU is a point-estimation classifier; probabilities are plogis(raw score)",0.762503912363067,0.768450704225352,3,0.2,0.422222222222222,0.402560337139759,3.8379799674052,0.0785029329147527,0.874132780866073,NA,NA,NA,NA,NA,NA,NA,NA,14.347076177597
"Linear Gaussian covariates and Bernoulli SBM, fixed mixed-signal SCAR design",48,"NNPU","nnPU","not available: official nnPU is a point-estimation classifier; probabilities are plogis(raw score)",0.648638497652582,0.668920187793427,1,0.0666666666666667,0.333333333333333,0.507115168615737,4.63534100280086,0.0880693402519519,0.926584653349253,NA,NA,NA,NA,NA,NA,NA,NA,14.4846520423889
"Linear Gaussian covariates and Bernoulli SBM, fixed mixed-signal SCAR design",49,"NNPU","nnPU","not available: official nnPU is a point-estimation classifier; probabilities are plogis(raw score)",0.739843505477308,0.636995305164319,2,0.133333333333333,0.422222222222222,0.409715891812138,4.65750163004761,0.0791111157770621,0.89696141996783,NA,NA,NA,NA,NA,NA,NA,NA,14.5412590503693
"Linear Gaussian covariates and Bernoulli SBM, fixed mixed-signal SCAR design",50,"NNPU","nnPU","not available: official nnPU is a point-estimation classifier; probabilities are plogis(raw score)",0.755931142410016,0.724507042253521,4,0.266666666666667,0.488888888888889,0.39031151381429,4.1130509526727,0.0720871750213334,0.863898262401365,NA,NA,NA,NA,NA,NA,NA,NA,14.0314218997955
"Linear Gaussian covariates and Bernoulli SBM, fixed mixed-signal SCAR design",51,"NNPU","nnPU","not available: official nnPU is a point-estimation classifier; probabilities are plogis(raw score)",0.636870109546166,0.674366197183099,3,0.2,0.355555555555556,0.495627927442019,4.44207283150005,0.0862428073769857,0.896028382762181,NA,NA,NA,NA,NA,NA,NA,NA,14.6401801109314
"Linear Gaussian covariates and Bernoulli SBM, fixed mixed-signal SCAR design",52,"NNPU","nnPU","not available: official nnPU is a point-estimation classifier; probabilities are plogis(raw score)",0.750798122065728,0.743474178403756,4,0.266666666666667,0.4,0.543880673748636,4.78225916106862,0.110592184933242,0.982633371388746,NA,NA,NA,NA,NA,NA,NA,NA,13.9963190555573
"Linear Gaussian covariates and Bernoulli SBM, fixed mixed-signal SCAR design",53,"NNPU","nnPU","not available: official nnPU is a point-estimation classifier; probabilities are plogis(raw score)",0.714178403755868,0.692018779342723,2,0.133333333333333,0.444444444444444,0.425430082062694,4.31330129417036,0.0762551565159579,0.873007034587082,NA,NA,NA,NA,NA,NA,NA,NA,14.326199054718
"Linear Gaussian covariates and Bernoulli SBM, fixed mixed-signal SCAR design",54,"NNPU","nnPU","not available: official nnPU is a point-estimation classifier; probabilities are plogis(raw score)",0.674303599374022,0.609765258215962,2,0.133333333333333,0.4,0.462418530896104,4.88097592084467,0.0825418922177008,0.903302263109121,NA,NA,NA,NA,NA,NA,NA,NA,13.8812899589539
"Linear Gaussian covariates and Bernoulli SBM, fixed mixed-signal SCAR design",55,"NNPU","nnPU","not available: official nnPU is a point-estimation classifier; probabilities are plogis(raw score)",0.764194053208138,0.648826291079812,2,0.133333333333333,0.488888888888889,0.379582412771495,4.53230919760186,0.0751423739208869,0.886782305418953,NA,NA,NA,NA,NA,NA,NA,NA,14.0455601215363
"Linear Gaussian covariates and Bernoulli SBM, fixed mixed-signal SCAR design",56,"NNPU","nnPU","not available: official nnPU is a point-estimation classifier; probabilities are plogis(raw score)",0.730266040688576,0.627981220657277,1,0.0666666666666667,0.4,0.429317203057671,4.9736683619937,0.0794156136269282,0.939993093775461,NA,NA,NA,NA,NA,NA,NA,NA,14.1815838813782
"Linear Gaussian covariates and Bernoulli SBM, fixed mixed-signal SCAR design",57,"NNPU","nnPU","not available: official nnPU is a point-estimation classifier; probabilities are plogis(raw score)",0.705414710485133,0.746103286384976,3,0.2,0.333333333333333,0.486180322437161,4.17347409535317,0.098377225251838,0.924283043706526,NA,NA,NA,NA,NA,NA,NA,NA,13.9444570541382
"Linear Gaussian covariates and Bernoulli SBM, fixed mixed-signal SCAR design",58,"NNPU","nnPU","not available: official nnPU is a point-estimation classifier; probabilities are plogis(raw score)",0.774773082942097,0.745164319248826,1,0.0666666666666667,0.488888888888889,0.368482985983467,3.92615374401911,0.0752261600958393,0.899850066491774,NA,NA,NA,NA,NA,NA,NA,NA,14.7562961578369
"Linear Gaussian covariates and Bernoulli SBM, fixed mixed-signal SCAR design",59,"NNPU","nnPU","not available: official nnPU is a point-estimation classifier; probabilities are plogis(raw score)",0.673051643192488,0.645070422535211,1,0.0666666666666667,0.355555555555556,0.470436280724245,4.65844240138208,0.0883112808724687,0.933887874355501,NA,NA,NA,NA,NA,NA,NA,NA,14.1196229457855
"Linear Gaussian covariates and Bernoulli SBM, fixed mixed-signal SCAR design",60,"NNPU","nnPU","not available: official nnPU is a point-estimation classifier; probabilities are plogis(raw score)",0.701471048513302,0.704413145539906,2,0.133333333333333,0.377777777777778,0.546561318343942,4.81561903220376,0.110622303848209,0.983206874016829,NA,NA,NA,NA,NA,NA,NA,NA,14.1595661640167
"Linear Gaussian covariates and Bernoulli SBM, fixed mixed-signal SCAR design",61,"NNPU","nnPU","not available: official nnPU is a point-estimation classifier; probabilities are plogis(raw score)",0.801377151799687,0.781408450704225,4,0.266666666666667,0.511111111111111,0.345514523744487,3.38357769651395,0.0714025170684107,0.775130657710319,NA,NA,NA,NA,NA,NA,NA,NA,15.0946500301361
"Linear Gaussian covariates and Bernoulli SBM, fixed mixed-signal SCAR design",62,"NNPU","nnPU","not available: official nnPU is a point-estimation classifier; probabilities are plogis(raw score)",0.647949921752739,0.512863849765258,2,0.133333333333333,0.355555555555556,0.478642800896322,5.2805228934972,0.0883034249258691,0.907791582869249,NA,NA,NA,NA,NA,NA,NA,NA,14.6344120502472
"Linear Gaussian covariates and Bernoulli SBM, fixed mixed-signal SCAR design",63,"NNPU","nnPU","not available: official nnPU is a point-estimation classifier; probabilities are plogis(raw score)",0.75924882629108,0.676056338028169,2,0.133333333333333,0.444444444444444,0.382561887649836,4.35042985540828,0.0749905336923172,0.894689393982629,NA,NA,NA,NA,NA,NA,NA,NA,14.4086849689484
"Linear Gaussian covariates and Bernoulli SBM, fixed mixed-signal SCAR design",64,"NNPU","nnPU","not available: official nnPU is a point-estimation classifier; probabilities are plogis(raw score)",0.739029733959311,0.72075117370892,2,0.133333333333333,0.355555555555556,0.440251720069327,4.38183416075483,0.0877715254971256,0.924399630685293,NA,NA,NA,NA,NA,NA,NA,NA,14.122857093811
"Linear Gaussian covariates and Bernoulli SBM, fixed mixed-signal SCAR design",65,"NNPU","nnPU","not available: official nnPU is a point-estimation classifier; probabilities are plogis(raw score)",0.73226917057903,0.610704225352113,2,0.133333333333333,0.444444444444444,0.414573287395567,4.84932925760433,0.0759259236766206,0.887489801235314,NA,NA,NA,NA,NA,NA,NA,NA,9.45152282714844
"Linear Gaussian covariates and Bernoulli SBM, fixed mixed-signal SCAR design",66,"NNPU","nnPU","not available: official nnPU is a point-estimation classifier; probabilities are plogis(raw score)",0.782034428794992,0.832863849765258,2,0.133333333333333,0.444444444444444,0.380613289591667,3.44986106028958,0.0744874668544764,0.881870234200141,NA,NA,NA,NA,NA,NA,NA,NA,9.54632115364075
"Linear Gaussian covariates and Bernoulli SBM, fixed mixed-signal SCAR design",67,"NNPU","nnPU","not available: official nnPU is a point-estimation classifier; probabilities are plogis(raw score)",0.679874804381847,0.605633802816901,2,0.133333333333333,0.4,0.454228848086742,4.9029213759351,0.0795913750864847,0.909503844903,NA,NA,NA,NA,NA,NA,NA,NA,8.92421507835388
"Linear Gaussian covariates and Bernoulli SBM, fixed mixed-signal SCAR design",68,"NNPU","nnPU","not available: official nnPU is a point-estimation classifier; probabilities are plogis(raw score)",0.675117370892019,0.624413145539906,2,0.133333333333333,0.266666666666667,0.481689813201128,4.79802675898382,0.092634170590217,0.940223186061458,NA,NA,NA,NA,NA,NA,NA,NA,8.97215509414673
"Linear Gaussian covariates and Bernoulli SBM, fixed mixed-signal SCAR design",69,"NNPU","nnPU","not available: official nnPU is a point-estimation classifier; probabilities are plogis(raw score)",0.709358372456964,0.661971830985915,2,0.133333333333333,0.355555555555556,0.451471174957568,4.55674022120485,0.0858006829061145,0.919918260077625,NA,NA,NA,NA,NA,NA,NA,NA,8.76305794715881
"Linear Gaussian covariates and Bernoulli SBM, fixed mixed-signal SCAR design",70,"NNPU","nnPU","not available: official nnPU is a point-estimation classifier; probabilities are plogis(raw score)",0.741220657276995,0.712300469483568,3,0.2,0.355555555555556,0.539285048703413,4.781939784028,0.110492857427315,0.982445924021093,NA,NA,NA,NA,NA,NA,NA,NA,8.46226191520691
"Linear Gaussian covariates and Bernoulli SBM, fixed mixed-signal SCAR design",71,"NNPU","nnPU","not available: official nnPU is a point-estimation classifier; probabilities are plogis(raw score)",0.751236306729264,0.697464788732394,4,0.266666666666667,0.377777777777778,0.418429501655231,4.12090676079729,0.0843169615352157,0.849739980827466,NA,NA,NA,NA,NA,NA,NA,NA,9.06496405601501
"Linear Gaussian covariates and Bernoulli SBM, fixed mixed-signal SCAR design",72,"NNPU","nnPU","not available: official nnPU is a point-estimation classifier; probabilities are plogis(raw score)",0.725508607198748,0.729577464788732,1,0.0666666666666667,0.288888888888889,0.456884334635491,4.28726951817163,0.0880565905341696,0.917255511329182,NA,NA,NA,NA,NA,NA,NA,NA,9.22268891334534
"Linear Gaussian covariates and Bernoulli SBM, fixed mixed-signal SCAR design",73,"NNPU","nnPU","not available: official nnPU is a point-estimation classifier; probabilities are plogis(raw score)",0.707230046948357,0.692582159624413,2,0.133333333333333,0.444444444444444,0.447349097589287,4.4342660025489,0.0748670622536434,0.876945069886788,NA,NA,NA,NA,NA,NA,NA,NA,9.43806505203247
"Linear Gaussian covariates and Bernoulli SBM, fixed mixed-signal SCAR design",74,"NNPU","nnPU","not available: official nnPU is a point-estimation classifier; probabilities are plogis(raw score)",0.699342723004695,0.624976525821596,2,0.133333333333333,0.333333333333333,0.469791125305414,4.86844561202753,0.0899747562355597,0.937584104441016,NA,NA,NA,NA,NA,NA,NA,NA,8.48164296150208
"Linear Gaussian covariates and Bernoulli SBM, fixed mixed-signal SCAR design",75,"NNPU","nnPU","not available: official nnPU is a point-estimation classifier; probabilities are plogis(raw score)",0.788669796557121,0.699718309859155,2,0.133333333333333,0.511111111111111,0.344555223129361,4.20143630923959,0.0637228503321505,0.891349458210423,NA,NA,NA,NA,NA,NA,NA,NA,9.23711109161377
"Linear Gaussian covariates and Bernoulli SBM, fixed mixed-signal SCAR design",76,"NNPU","nnPU","not available: official nnPU is a point-estimation classifier; probabilities are plogis(raw score)",0.780031298904538,0.698215962441315,3,0.2,0.533333333333333,0.357205206603099,4.11874159384226,0.0684288498175958,0.848512607167193,NA,NA,NA,NA,NA,NA,NA,NA,9.33639717102051
"Linear Gaussian covariates and Bernoulli SBM, fixed mixed-signal SCAR design",77,"NNPU","nnPU","not available: official nnPU is a point-estimation classifier; probabilities are plogis(raw score)",0.738278560250391,0.673615023474178,3,0.2,0.466666666666667,0.397428891429227,4.39481469563014,0.0705823816628088,0.844736536156968,NA,NA,NA,NA,NA,NA,NA,NA,9.23307085037231
"Linear Gaussian covariates and Bernoulli SBM, fixed mixed-signal SCAR design",78,"NNPU","nnPU","not available: official nnPU is a point-estimation classifier; probabilities are plogis(raw score)",0.720500782472614,0.675680751173709,2,0.133333333333333,0.422222222222222,0.417040538834395,4.21985632165642,0.0797855229222877,0.858348163810382,NA,NA,NA,NA,NA,NA,NA,NA,9.74152278900146
"Linear Gaussian covariates and Bernoulli SBM, fixed mixed-signal SCAR design",79,"NNPU","nnPU","not available: official nnPU is a point-estimation classifier; probabilities are plogis(raw score)",0.722190923317684,0.731455399061033,2,0.133333333333333,0.422222222222222,0.443188342294475,4.03387676956688,0.0956481250322904,0.92460563279228,NA,NA,NA,NA,NA,NA,NA,NA,8.72012686729431
"Linear Gaussian covariates and Bernoulli SBM, fixed mixed-signal SCAR design",80,"NNPU","nnPU","not available: official nnPU is a point-estimation classifier; probabilities are plogis(raw score)",0.744162754303599,0.688638497652582,2,0.133333333333333,0.488888888888889,0.410944611873959,4.45195929952366,0.0752565542219523,0.86117847961495,NA,NA,NA,NA,NA,NA,NA,NA,8.98459506034851
"Linear Gaussian covariates and Bernoulli SBM, fixed mixed-signal SCAR design",81,"NNPU","nnPU","not available: official nnPU is a point-estimation classifier; probabilities are plogis(raw score)",0.71943661971831,0.684131455399061,3,0.2,0.377777777777778,0.43420724760832,4.34475426365119,0.0824049903288423,0.888834173897338,NA,NA,NA,NA,NA,NA,NA,NA,9.32235193252563
"Linear Gaussian covariates and Bernoulli SBM, fixed mixed-signal SCAR design",82,"NNPU","nnPU","not available: official nnPU is a point-estimation classifier; probabilities are plogis(raw score)",0.707981220657277,0.80018779342723,4,0.266666666666667,0.4,0.45199690992514,3.60218236782758,0.0843979661967567,0.827782708886361,NA,NA,NA,NA,NA,NA,NA,NA,9.90165400505066
"Linear Gaussian covariates and Bernoulli SBM, fixed mixed-signal SCAR design",83,"NNPU","nnPU","not available: official nnPU is a point-estimation classifier; probabilities are plogis(raw score)",0.719123630672926,0.630798122065728,5,0.333333333333333,0.488888888888889,0.412429126609598,4.47564978642323,0.0703632902187741,0.800396161706983,NA,NA,NA,NA,NA,NA,NA,NA,9.21210598945618
"Linear Gaussian covariates and Bernoulli SBM, fixed mixed-signal SCAR design",84,"NNPU","nnPU","not available: official nnPU is a point-estimation classifier; probabilities are plogis(raw score)",0.695586854460094,0.697840375586854,3,0.2,0.422222222222222,0.447618868360262,4.21683329323629,0.0830532549791971,0.850305587725306,NA,NA,NA,NA,NA,NA,NA,NA,17.7887680530548
"Linear Gaussian covariates and Bernoulli SBM, fixed mixed-signal SCAR design",85,"NNPU","nnPU","not available: official nnPU is a point-estimation classifier; probabilities are plogis(raw score)",0.802190923317684,0.860093896713615,4,0.266666666666667,0.466666666666667,0.364907534372562,2.96420476072476,0.0785085995257316,0.767997574764468,NA,NA,NA,NA,NA,NA,NA,NA,20.2086591720581
"Linear Gaussian covariates and Bernoulli SBM, fixed mixed-signal SCAR design",86,"NNPU","nnPU","not available: official nnPU is a point-estimation classifier; probabilities are plogis(raw score)",0.691643192488263,0.654460093896714,2,0.133333333333333,0.422222222222222,0.460633354473617,4.64015466813533,0.0821944864161498,0.886745281347685,NA,NA,NA,NA,NA,NA,NA,NA,15.1471860408783
"Linear Gaussian covariates and Bernoulli SBM, fixed mixed-signal SCAR design",87,"NNPU","nnPU","not available: official nnPU is a point-estimation classifier; probabilities are plogis(raw score)",0.755555555555556,0.631549295774648,2,0.133333333333333,0.488888888888889,0.387203634324374,4.78166367676477,0.0723591672968107,0.877050294968143,NA,NA,NA,NA,NA,NA,NA,NA,15.3666939735413
"Linear Gaussian covariates and Bernoulli SBM, fixed mixed-signal SCAR design",88,"NNPU","nnPU","not available: official nnPU is a point-estimation classifier; probabilities are plogis(raw score)",0.753176838810642,0.771830985915493,6,0.4,0.466666666666667,0.403706123585458,3.47464112165374,0.0766246973607472,0.753497540995783,NA,NA,NA,NA,NA,NA,NA,NA,15.5141589641571
"Linear Gaussian covariates and Bernoulli SBM, fixed mixed-signal SCAR design",89,"NNPU","nnPU","not available: official nnPU is a point-estimation classifier; probabilities are plogis(raw score)",0.721064162754304,0.584225352112676,2,0.133333333333333,0.422222222222222,0.423853440938826,5.1055289118645,0.0783134301102735,0.933725317894913,NA,NA,NA,NA,NA,NA,NA,NA,15.7029089927673
"Linear Gaussian covariates and Bernoulli SBM, fixed mixed-signal SCAR design",90,"NNPU","nnPU","not available: official nnPU is a point-estimation classifier; probabilities are plogis(raw score)",0.754804381846635,0.630422535211268,2,0.133333333333333,0.466666666666667,0.378970733652893,4.55198470521318,0.0732840514340641,0.874623025499306,NA,NA,NA,NA,NA,NA,NA,NA,16.0765318870544
"Linear Gaussian covariates and Bernoulli SBM, fixed mixed-signal SCAR design",91,"NNPU","nnPU","not available: official nnPU is a point-estimation classifier; probabilities are plogis(raw score)",0.736150234741784,0.747042253521127,2,0.133333333333333,0.466666666666667,0.416392693176648,3.99724395523152,0.077482154805627,0.886578498322313,NA,NA,NA,NA,NA,NA,NA,NA,15.3865361213684
"Linear Gaussian covariates and Bernoulli SBM, fixed mixed-signal SCAR design",92,"NNPU","nnPU","not available: official nnPU is a point-estimation classifier; probabilities are plogis(raw score)",0.77133020344288,0.757746478873239,3,0.2,0.444444444444444,0.386809986783544,3.81720218374351,0.0778959357705388,0.881529921688102,NA,NA,NA,NA,NA,NA,NA,NA,15.8094079494476
"Linear Gaussian covariates and Bernoulli SBM, fixed mixed-signal SCAR design",93,"NNPU","nnPU","not available: official nnPU is a point-estimation classifier; probabilities are plogis(raw score)",0.768325508607199,0.784225352112676,1,0.0666666666666667,0.444444444444444,0.392851259059028,3.75039450296481,0.0804670757937574,0.883271858105156,NA,NA,NA,NA,NA,NA,NA,NA,15.1203811168671
"Linear Gaussian covariates and Bernoulli SBM, fixed mixed-signal SCAR design",94,"NNPU","nnPU","not available: official nnPU is a point-estimation classifier; probabilities are plogis(raw score)",0.727762128325509,0.76,4,0.266666666666667,0.4,0.431427919199488,3.79219002181146,0.0888521921200579,0.87806090726766,NA,NA,NA,NA,NA,NA,NA,NA,15.37202501297
"Linear Gaussian covariates and Bernoulli SBM, fixed mixed-signal SCAR design",95,"NNPU","nnPU","not available: official nnPU is a point-estimation classifier; probabilities are plogis(raw score)",0.677934272300469,0.697652582159624,1,0.0666666666666667,0.311111111111111,0.493983774480199,4.53586221752873,0.09583114939097,0.956255004566836,NA,NA,NA,NA,NA,NA,NA,NA,14.9609911441803
"Linear Gaussian covariates and Bernoulli SBM, fixed mixed-signal SCAR design",96,"NNPU","nnPU","not available: official nnPU is a point-estimation classifier; probabilities are plogis(raw score)",0.763505477308294,0.737276995305164,4,0.266666666666667,0.466666666666667,0.380339925837886,3.83825681482042,0.0729597168824082,0.822665639643548,NA,NA,NA,NA,NA,NA,NA,NA,15.6142191886902
"Linear Gaussian covariates and Bernoulli SBM, fixed mixed-signal SCAR design",97,"NNPU","nnPU","not available: official nnPU is a point-estimation classifier; probabilities are plogis(raw score)",0.735837245696401,0.697276995305164,3,0.2,0.4,0.41998539724464,4.17620837745548,0.0796972865999519,0.857303372950662,NA,NA,NA,NA,NA,NA,NA,NA,15.5491969585419
"Linear Gaussian covariates and Bernoulli SBM, fixed mixed-signal SCAR design",98,"NNPU","nnPU","not available: official nnPU is a point-estimation classifier; probabilities are plogis(raw score)",0.657589984350548,0.545727699530516,2,0.133333333333333,0.355555555555556,0.486576187073597,5.30057967335615,0.083364728848936,0.93926597619577,NA,NA,NA,NA,NA,NA,NA,NA,14.0908141136169
"Linear Gaussian covariates and Bernoulli SBM, fixed mixed-signal SCAR design",99,"NNPU","nnPU","not available: official nnPU is a point-estimation classifier; probabilities are plogis(raw score)",0.767949921752739,0.736150234741784,3,0.2,0.377777777777778,0.391588491326747,3.77987617707333,0.0804866574134773,0.804806956036823,NA,NA,NA,NA,NA,NA,NA,NA,17.8541150093079
"Linear Gaussian covariates and Bernoulli SBM, fixed mixed-signal SCAR design",100,"NNPU","nnPU","not available: official nnPU is a point-estimation classifier; probabilities are plogis(raw score)",0.726760563380282,0.693333333333333,1,0.0666666666666667,0.377777777777778,0.434894122204789,4.46891336703202,0.081526151203652,0.925934513458239,NA,NA,NA,NA,NA,NA,NA,NA,16.7308440208435
"Linear Gaussian covariates and Bernoulli SBM, fixed mixed-signal SCAR design",1,"NNPU_NET","nnPU + Net","not available: official nnPU is a point-estimation classifier; probabilities are plogis(raw score)",0.698090766823161,0.64150234741784,3,0.2,0.377777777777778,0.436289965769083,4.66108790335301,0.0782377378932292,0.879984615588129,NA,NA,NA,NA,NA,NA,NA,NA,13.8615489006042
"Linear Gaussian covariates and Bernoulli SBM, fixed mixed-signal SCAR design",2,"NNPU_NET","nnPU + Net","not available: official nnPU is a point-estimation classifier; probabilities are plogis(raw score)",0.759123630672926,0.805633802816901,5,0.333333333333333,0.466666666666667,0.395168246399049,3.52797766928435,0.0753167287860536,0.846386118954557,NA,NA,NA,NA,NA,NA,NA,NA,12.3486890792847
"Linear Gaussian covariates and Bernoulli SBM, fixed mixed-signal SCAR design",3,"NNPU_NET","nnPU + Net","not available: official nnPU is a point-estimation classifier; probabilities are plogis(raw score)",0.662410015649452,0.534647887323944,1,0.0666666666666667,0.355555555555556,0.460300416462752,5.48099082602557,0.078503359307316,0.953402096835662,NA,NA,NA,NA,NA,NA,NA,NA,16.3210508823395
"Linear Gaussian covariates and Bernoulli SBM, fixed mixed-signal SCAR design",4,"NNPU_NET","nnPU + Net","not available: official nnPU is a point-estimation classifier; probabilities are plogis(raw score)",0.821721439749609,0.714178403755868,3,0.2,0.577777777777778,0.307897460745502,4.10432725712146,0.058743521451332,0.828466836277639,NA,NA,NA,NA,NA,NA,NA,NA,16.7852959632874
"Linear Gaussian covariates and Bernoulli SBM, fixed mixed-signal SCAR design",5,"NNPU_NET","nnPU + Net","not available: official nnPU is a point-estimation classifier; probabilities are plogis(raw score)",0.873677621283255,0.837746478873239,5,0.333333333333333,0.644444444444444,0.241482802106273,2.94754451652228,0.0531244034079152,0.766671168894044,NA,NA,NA,NA,NA,NA,NA,NA,10.7119750976562
"Linear Gaussian covariates and Bernoulli SBM, fixed mixed-signal SCAR design",6,"NNPU_NET","nnPU + Net","not available: official nnPU is a point-estimation classifier; probabilities are plogis(raw score)",0.750672926447574,0.671549295774648,1,0.0666666666666667,0.4,0.419985896640407,4.64389151460919,0.0804721860212422,0.921508048380224,NA,NA,NA,NA,NA,NA,NA,NA,9.63540983200073
"Linear Gaussian covariates and Bernoulli SBM, fixed mixed-signal SCAR design",7,"NNPU_NET","nnPU + Net","not available: official nnPU is a point-estimation classifier; probabilities are plogis(raw score)",0.792613458528951,0.624788732394366,3,0.2,0.6,0.285433851498808,4.31186135578088,0.0532398617930881,0.895007806106343,NA,NA,NA,NA,NA,NA,NA,NA,11.3630938529968
"Linear Gaussian covariates and Bernoulli SBM, fixed mixed-signal SCAR design",8,"NNPU_NET","nnPU + Net","not available: official nnPU is a point-estimation classifier; probabilities are plogis(raw score)",0.910798122065728,0.819342723004695,2,0.133333333333333,0.622222222222222,0.211090880834087,3.1885216512447,0.052584020043835,0.846715823013386,NA,NA,NA,NA,NA,NA,NA,NA,9.83556699752808
"Linear Gaussian covariates and Bernoulli SBM, fixed mixed-signal SCAR design",9,"NNPU_NET","nnPU + Net","not available: official nnPU is a point-estimation classifier; probabilities are plogis(raw score)",0.794804381846635,0.770516431924883,4,0.266666666666667,0.488888888888889,0.376595830498828,3.84845781560162,0.0751671464829168,0.87165375040299,NA,NA,NA,NA,NA,NA,NA,NA,10.2687351703644
"Linear Gaussian covariates and Bernoulli SBM, fixed mixed-signal SCAR design",10,"NNPU_NET","nnPU + Net","not available: official nnPU is a point-estimation classifier; probabilities are plogis(raw score)",0.804131455399061,0.685821596244131,2,0.133333333333333,0.444444444444444,0.362145841375705,4.46416838804021,0.0717219153210132,0.880824962157278,NA,NA,NA,NA,NA,NA,NA,NA,9.8240909576416
"Linear Gaussian covariates and Bernoulli SBM, fixed mixed-signal SCAR design",11,"NNPU_NET","nnPU + Net","not available: official nnPU is a point-estimation classifier; probabilities are plogis(raw score)",0.78735524256651,0.687136150234742,2,0.133333333333333,0.533333333333333,0.319911520196266,4.15734132875131,0.0586507927461708,0.839136256100825,NA,NA,NA,NA,NA,NA,NA,NA,10.5866129398346
"Linear Gaussian covariates and Bernoulli SBM, fixed mixed-signal SCAR design",12,"NNPU_NET","nnPU + Net","not available: official nnPU is a point-estimation classifier; probabilities are plogis(raw score)",0.703348982785603,0.625915492957747,1,0.0666666666666667,0.355555555555556,0.451543773216769,4.84574934090199,0.0866795148217954,0.945140308373209,NA,NA,NA,NA,NA,NA,NA,NA,9.39764595031738
"Linear Gaussian covariates and Bernoulli SBM, fixed mixed-signal SCAR design",13,"NNPU_NET","nnPU + Net","not available: official nnPU is a point-estimation classifier; probabilities are plogis(raw score)",0.760438184663537,0.836431924882629,5,0.333333333333333,0.4,0.401369948988116,3.34324222563406,0.0783052831779098,0.819587232300347,NA,NA,NA,NA,NA,NA,NA,NA,9.20467710494995
"Linear Gaussian covariates and Bernoulli SBM, fixed mixed-signal SCAR design",14,"NNPU_NET","nnPU + Net","not available: official nnPU is a point-estimation classifier; probabilities are plogis(raw score)",0.748857589984351,0.712488262910798,3,0.2,0.466666666666667,0.393817829446535,4.12133583613356,0.0715224999569828,0.828890082089006,NA,NA,NA,NA,NA,NA,NA,NA,9.72709202766418
"Linear Gaussian covariates and Bernoulli SBM, fixed mixed-signal SCAR design",15,"NNPU_NET","nnPU + Net","not available: official nnPU is a point-estimation classifier; probabilities are plogis(raw score)",0.863035993740219,0.795492957746479,3,0.2,0.622222222222222,0.254906975450074,3.41496268333296,0.0562028996157053,0.862332813876083,NA,NA,NA,NA,NA,NA,NA,NA,11.5839490890503
"Linear Gaussian covariates and Bernoulli SBM, fixed mixed-signal SCAR design",16,"NNPU_NET","nnPU + Net","not available: official nnPU is a point-estimation classifier; probabilities are plogis(raw score)",0.726197183098592,0.769953051643192,3,0.2,0.4,0.442951106480893,3.88534838420638,0.0909477321772761,0.905888652430091,NA,NA,NA,NA,NA,NA,NA,NA,9.18399000167847
"Linear Gaussian covariates and Bernoulli SBM, fixed mixed-signal SCAR design",17,"NNPU_NET","nnPU + Net","not available: official nnPU is a point-estimation classifier; probabilities are plogis(raw score)",0.793990610328638,0.782347417840376,3,0.2,0.488888888888889,0.350797162164126,3.59374814880359,0.0728110706200039,0.855185731159017,NA,NA,NA,NA,NA,NA,NA,NA,10.0533928871155
"Linear Gaussian covariates and Bernoulli SBM, fixed mixed-signal SCAR design",18,"NNPU_NET","nnPU + Net","not available: official nnPU is a point-estimation classifier; probabilities are plogis(raw score)",0.921940532081377,0.874178403755869,7,0.466666666666667,0.777777777777778,0.16017814028576,2.36297929110819,0.0364329189914409,0.740049864466229,NA,NA,NA,NA,NA,NA,NA,NA,13.7765190601349
"Linear Gaussian covariates and Bernoulli SBM, fixed mixed-signal SCAR design",19,"NNPU_NET","nnPU + Net","not available: official nnPU is a point-estimation classifier; probabilities are plogis(raw score)",0.754366197183099,0.767887323943662,2,0.133333333333333,0.444444444444444,0.393092904207512,3.84273688119206,0.0762594604467473,0.867986290111951,NA,NA,NA,NA,NA,NA,NA,NA,10.0104348659515
"Linear Gaussian covariates and Bernoulli SBM, fixed mixed-signal SCAR design",20,"NNPU_NET","nnPU + Net","not available: official nnPU is a point-estimation classifier; probabilities are plogis(raw score)",0.776776212832551,0.695399061032864,2,0.133333333333333,0.511111111111111,0.362296704305327,4.30107277041085,0.0692514953192125,0.901250908271719,NA,NA,NA,NA,NA,NA,NA,NA,9.50100517272949
"Linear Gaussian covariates and Bernoulli SBM, fixed mixed-signal SCAR design",21,"NNPU_NET","nnPU + Net","not available: official nnPU is a point-estimation classifier; probabilities are plogis(raw score)",0.782410015649452,0.745915492957747,2,0.133333333333333,0.533333333333333,0.360367020750951,4.04832063416199,0.06703123832763,0.874221514056588,NA,NA,NA,NA,NA,NA,NA,NA,9.98836898803711
"Linear Gaussian covariates and Bernoulli SBM, fixed mixed-signal SCAR design",22,"NNPU_NET","nnPU + Net","not available: official nnPU is a point-estimation classifier; probabilities are plogis(raw score)",0.79793427230047,0.659342723004695,2,0.133333333333333,0.555555555555556,0.330740186174903,4.60331763048235,0.058704006088155,0.903929999322307,NA,NA,NA,NA,NA,NA,NA,NA,12.1665527820587
"Linear Gaussian covariates and Bernoulli SBM, fixed mixed-signal SCAR design",23,"NNPU_NET","nnPU + Net","not available: official nnPU is a point-estimation classifier; probabilities are plogis(raw score)",0.761064162754304,0.647136150234742,0,0,0.4,0.396729892651581,4.73589941540492,0.0775129775150454,0.959830900898159,NA,NA,NA,NA,NA,NA,NA,NA,9.31995511054993
"Linear Gaussian covariates and Bernoulli SBM, fixed mixed-signal SCAR design",24,"NNPU_NET","nnPU + Net","not available: official nnPU is a point-estimation classifier; probabilities are plogis(raw score)",0.85245696400626,0.716431924882629,5,0.333333333333333,0.666666666666667,0.239535617320689,3.70295475657405,0.0463089419955785,0.769941895266748,NA,NA,NA,NA,NA,NA,NA,NA,10.6347060203552
"Linear Gaussian covariates and Bernoulli SBM, fixed mixed-signal SCAR design",25,"NNPU_NET","nnPU + Net","not available: official nnPU is a point-estimation classifier; probabilities are plogis(raw score)",0.792363067292645,0.755680751173709,4,0.266666666666667,0.466666666666667,0.359350994984728,3.93233488695532,0.0697294119980608,0.858260085860593,NA,NA,NA,NA,NA,NA,NA,NA,9.97207808494568
"Linear Gaussian covariates and Bernoulli SBM, fixed mixed-signal SCAR design",26,"NNPU_NET","nnPU + Net","not available: official nnPU is a point-estimation classifier; probabilities are plogis(raw score)",0.686009389671361,0.6,1,0.0666666666666667,0.355555555555556,0.455780446517322,5.08294596161938,0.0788663730550685,0.938575277488983,NA,NA,NA,NA,NA,NA,NA,NA,10.2644989490509
"Linear Gaussian covariates and Bernoulli SBM, fixed mixed-signal SCAR design",27,"NNPU_NET","nnPU + Net","not available: official nnPU is a point-estimation classifier; probabilities are plogis(raw score)",0.816212832550861,0.850328638497653,4,0.266666666666667,0.466666666666667,0.361241719993557,3.15493790528812,0.0791437839316293,0.811345341375148,NA,NA,NA,NA,NA,NA,NA,NA,8.89870285987854
"Linear Gaussian covariates and Bernoulli SBM, fixed mixed-signal SCAR design",28,"NNPU_NET","nnPU + Net","not available: official nnPU is a point-estimation classifier; probabilities are plogis(raw score)",0.805884194053208,0.741596244131455,3,0.2,0.533333333333333,0.326542141656235,3.88205831518633,0.0605592833073014,0.818482124280877,NA,NA,NA,NA,NA,NA,NA,NA,9.61572790145874
"Linear Gaussian covariates and Bernoulli SBM, fixed mixed-signal SCAR design",29,"NNPU_NET","nnPU + Net","not available: official nnPU is a point-estimation classifier; probabilities are plogis(raw score)",0.789045383411581,0.72075117370892,5,0.333333333333333,0.533333333333333,0.319804142601026,3.86335072171277,0.0644389776366987,0.874377497317065,NA,NA,NA,NA,NA,NA,NA,NA,9.98412489891052
"Linear Gaussian covariates and Bernoulli SBM, fixed mixed-signal SCAR design",30,"NNPU_NET","nnPU + Net","not available: official nnPU is a point-estimation classifier; probabilities are plogis(raw score)",0.77133020344288,0.772769953051643,4,0.266666666666667,0.444444444444444,0.376386788608938,3.64229817380673,0.0740561808297437,0.818785871801916,NA,NA,NA,NA,NA,NA,NA,NA,9.10092401504517
"Linear Gaussian covariates and Bernoulli SBM, fixed mixed-signal SCAR design",31,"NNPU_NET","nnPU + Net","not available: official nnPU is a point-estimation classifier; probabilities are plogis(raw score)",0.713364632237872,0.63887323943662,2,0.133333333333333,0.377777777777778,0.431315063863731,4.75732772827986,0.0821156988465818,0.93697005024681,NA,NA,NA,NA,NA,NA,NA,NA,9.34174799919128
"Linear Gaussian covariates and Bernoulli SBM, fixed mixed-signal SCAR design",32,"NNPU_NET","nnPU + Net","not available: official nnPU is a point-estimation classifier; probabilities are plogis(raw score)",0.833928012519562,0.744976525821596,4,0.266666666666667,0.644444444444444,0.254304311290568,3.50927623313937,0.0502852397283627,0.799738323744286,NA,NA,NA,NA,NA,NA,NA,NA,10.9246690273285
"Linear Gaussian covariates and Bernoulli SBM, fixed mixed-signal SCAR design",33,"NNPU_NET","nnPU + Net","not available: official nnPU is a point-estimation classifier; probabilities are plogis(raw score)",0.830172143974961,0.747417840375587,2,0.133333333333333,0.533333333333333,0.297433487955697,3.87495003070157,0.0597654981434929,0.88710532256279,NA,NA,NA,NA,NA,NA,NA,NA,9.73957896232605
"Linear Gaussian covariates and Bernoulli SBM, fixed mixed-signal SCAR design",34,"NNPU_NET","nnPU + Net","not available: official nnPU is a point-estimation classifier; probabilities are plogis(raw score)",0.700719874804382,0.637183098591549,2,0.133333333333333,0.377777777777778,0.457304958879838,4.83384446239525,0.0829669566125173,0.902515627796227,NA,NA,NA,NA,NA,NA,NA,NA,9.03443884849548
"Linear Gaussian covariates and Bernoulli SBM, fixed mixed-signal SCAR design",35,"NNPU_NET","nnPU + Net","not available: official nnPU is a point-estimation classifier; probabilities are plogis(raw score)",0.721627543035994,0.706478873239437,1,0.0666666666666667,0.4,0.440517874775487,4.48194932730245,0.0800770619530838,0.927044838887579,NA,NA,NA,NA,NA,NA,NA,NA,8.95822691917419
"Linear Gaussian covariates and Bernoulli SBM, fixed mixed-signal SCAR design",36,"NNPU_NET","nnPU + Net","not available: official nnPU is a point-estimation classifier; probabilities are plogis(raw score)",0.720125195618153,0.609577464788732,2,0.133333333333333,0.4,0.424915779838852,4.88846068670373,0.0786111949511393,0.908268793586565,NA,NA,NA,NA,NA,NA,NA,NA,8.89663505554199
"Linear Gaussian covariates and Bernoulli SBM, fixed mixed-signal SCAR design",37,"NNPU_NET","nnPU + Net","not available: official nnPU is a point-estimation classifier; probabilities are plogis(raw score)",0.74660406885759,0.687699530516432,2,0.133333333333333,0.488888888888889,0.387581047234355,4.4079097753384,0.0669401549454231,0.890188265620904,NA,NA,NA,NA,NA,NA,NA,NA,10.2122020721436
"Linear Gaussian covariates and Bernoulli SBM, fixed mixed-signal SCAR design",38,"NNPU_NET","nnPU + Net","not available: official nnPU is a point-estimation classifier; probabilities are plogis(raw score)",0.743912363067293,0.716056338028169,5,0.333333333333333,0.422222222222222,0.406830787923234,4.00616043872331,0.0800877248663037,0.83545779304916,NA,NA,NA,NA,NA,NA,NA,NA,16.9227221012115
"Linear Gaussian covariates and Bernoulli SBM, fixed mixed-signal SCAR design",39,"NNPU_NET","nnPU + Net","not available: official nnPU is a point-estimation classifier; probabilities are plogis(raw score)",0.721815336463224,0.651267605633803,2,0.133333333333333,0.422222222222222,0.410553114394937,4.53580411102466,0.0736652939336989,0.87228810044675,NA,NA,NA,NA,NA,NA,NA,NA,16.6516411304474
"Linear Gaussian covariates and Bernoulli SBM, fixed mixed-signal SCAR design",40,"NNPU_NET","nnPU + Net","not available: official nnPU is a point-estimation classifier; probabilities are plogis(raw score)",0.801752738654147,0.740845070422535,4,0.266666666666667,0.533333333333333,0.332644210439929,3.93149869090734,0.0646080742959555,0.843795323985512,NA,NA,NA,NA,NA,NA,NA,NA,18.7548041343689
"Linear Gaussian covariates and Bernoulli SBM, fixed mixed-signal SCAR design",41,"NNPU_NET","nnPU + Net","not available: official nnPU is a point-estimation classifier; probabilities are plogis(raw score)",0.756619718309859,0.60037558685446,4,0.266666666666667,0.533333333333333,0.35620282708792,4.6015465481282,0.0596261824767187,0.741190967229707,NA,NA,NA,NA,NA,NA,NA,NA,15.4796991348267
"Linear Gaussian covariates and Bernoulli SBM, fixed mixed-signal SCAR design",42,"NNPU_NET","nnPU + Net","not available: official nnPU is a point-estimation classifier; probabilities are plogis(raw score)",0.695399061032864,0.5581220657277,0,0,0.311111111111111,0.454573465435631,5.35681579366547,0.0828059931474731,0.974542796118152,NA,NA,NA,NA,NA,NA,NA,NA,15.7571289539337
"Linear Gaussian covariates and Bernoulli SBM, fixed mixed-signal SCAR design",43,"NNPU_NET","nnPU + Net","not available: official nnPU is a point-estimation classifier; probabilities are plogis(raw score)",0.745727699530516,0.728638497652582,2,0.133333333333333,0.466666666666667,0.397801776075448,4.14429402328144,0.0729326208044285,0.901087950736104,NA,NA,NA,NA,NA,NA,NA,NA,14.7644050121307
"Linear Gaussian covariates and Bernoulli SBM, fixed mixed-signal SCAR design",44,"NNPU_NET","nnPU + Net","not available: official nnPU is a point-estimation classifier; probabilities are plogis(raw score)",0.752488262910798,0.68037558685446,3,0.2,0.422222222222222,0.408636759814932,4.52767000786552,0.0780172766649434,0.922064259990518,NA,NA,NA,NA,NA,NA,NA,NA,15.45148396492
"Linear Gaussian covariates and Bernoulli SBM, fixed mixed-signal SCAR design",45,"NNPU_NET","nnPU + Net","not available: official nnPU is a point-estimation classifier; probabilities are plogis(raw score)",0.807574334898279,0.757183098591549,4,0.266666666666667,0.533333333333333,0.327049015059994,3.84042401193193,0.0627368826454514,0.856488352964578,NA,NA,NA,NA,NA,NA,NA,NA,15.8857529163361
"Linear Gaussian covariates and Bernoulli SBM, fixed mixed-signal SCAR design",46,"NNPU_NET","nnPU + Net","not available: official nnPU is a point-estimation classifier; probabilities are plogis(raw score)",0.900845070422535,0.809953051643193,3,0.2,0.666666666666667,0.196582623477943,3.06230401464325,0.0453250454029676,0.809584852159635,NA,NA,NA,NA,NA,NA,NA,NA,17.5773718357086
"Linear Gaussian covariates and Bernoulli SBM, fixed mixed-signal SCAR design",47,"NNPU_NET","nnPU + Net","not available: official nnPU is a point-estimation classifier; probabilities are plogis(raw score)",0.780845070422535,0.785539906103286,1,0.0666666666666667,0.466666666666667,0.37686035499369,3.81083503841149,0.0749089666655993,0.903409608179311,NA,NA,NA,NA,NA,NA,NA,NA,15.2349791526794
"Linear Gaussian covariates and Bernoulli SBM, fixed mixed-signal SCAR design",48,"NNPU_NET","nnPU + Net","not available: official nnPU is a point-estimation classifier; probabilities are plogis(raw score)",0.735837245696401,0.691643192488263,3,0.2,0.422222222222222,0.40976925489203,4.37311838080368,0.0785675980668418,0.90646983024343,NA,NA,NA,NA,NA,NA,NA,NA,14.5842821598053
"Linear Gaussian covariates and Bernoulli SBM, fixed mixed-signal SCAR design",49,"NNPU_NET","nnPU + Net","not available: official nnPU is a point-estimation classifier; probabilities are plogis(raw score)",0.80131455399061,0.702159624413146,4,0.266666666666667,0.622222222222222,0.335296280773195,4.35439924655746,0.0599992063418279,0.857405059056352,NA,NA,NA,NA,NA,NA,NA,NA,15.5574698448181
"Linear Gaussian covariates and Bernoulli SBM, fixed mixed-signal SCAR design",50,"NNPU_NET","nnPU + Net","not available: official nnPU is a point-estimation classifier; probabilities are plogis(raw score)",0.771956181533646,0.723943661971831,3,0.2,0.488888888888889,0.374709003081158,4.112431415899,0.0715300040647608,0.869315009500527,NA,NA,NA,NA,NA,NA,NA,NA,15.2782061100006
"Linear Gaussian covariates and Bernoulli SBM, fixed mixed-signal SCAR design",51,"NNPU_NET","nnPU + Net","not available: official nnPU is a point-estimation classifier; probabilities are plogis(raw score)",0.729389671361502,0.677746478873239,2,0.133333333333333,0.422222222222222,0.412407232094173,4.54770717485291,0.0771157023211795,0.927023855275391,NA,NA,NA,NA,NA,NA,NA,NA,16.3533000946045
"Linear Gaussian covariates and Bernoulli SBM, fixed mixed-signal SCAR design",52,"NNPU_NET","nnPU + Net","not available: official nnPU is a point-estimation classifier; probabilities are plogis(raw score)",0.790798122065728,0.778403755868545,2,0.133333333333333,0.466666666666667,0.354010018129047,3.6764057729598,0.0709157944938753,0.850350318199071,NA,NA,NA,NA,NA,NA,NA,NA,15.3494141101837
"Linear Gaussian covariates and Bernoulli SBM, fixed mixed-signal SCAR design",53,"NNPU_NET","nnPU + Net","not available: official nnPU is a point-estimation classifier; probabilities are plogis(raw score)",0.767323943661972,0.717183098591549,1,0.0666666666666667,0.444444444444444,0.386094479827819,4.30420755248513,0.0711168278129592,0.886310521145191,NA,NA,NA,NA,NA,NA,NA,NA,15.7982530593872
"Linear Gaussian covariates and Bernoulli SBM, fixed mixed-signal SCAR design",54,"NNPU_NET","nnPU + Net","not available: official nnPU is a point-estimation classifier; probabilities are plogis(raw score)",0.709733959311424,0.654460093896714,3,0.2,0.377777777777778,0.443275358900352,4.66513844136467,0.0824201482768681,0.902719071567237,NA,NA,NA,NA,NA,NA,NA,NA,14.2379419803619
"Linear Gaussian covariates and Bernoulli SBM, fixed mixed-signal SCAR design",55,"NNPU_NET","nnPU + Net","not available: official nnPU is a point-estimation classifier; probabilities are plogis(raw score)",0.845007824726135,0.723755868544601,2,0.133333333333333,0.666666666666667,0.242625675292658,3.61868133703775,0.0512272405301069,0.858424640047995,NA,NA,NA,NA,NA,NA,NA,NA,19.3572919368744
"Linear Gaussian covariates and Bernoulli SBM, fixed mixed-signal SCAR design",56,"NNPU_NET","nnPU + Net","not available: official nnPU is a point-estimation classifier; probabilities are plogis(raw score)",0.790610328638498,0.568450704225352,4,0.266666666666667,0.555555555555556,0.332351542094928,5.1867007297835,0.062035238832611,0.883471731282237,NA,NA,NA,NA,NA,NA,NA,NA,14.9663038253784
"Linear Gaussian covariates and Bernoulli SBM, fixed mixed-signal SCAR design",57,"NNPU_NET","nnPU + Net","not available: official nnPU is a point-estimation classifier; probabilities are plogis(raw score)",0.736713615023474,0.767699530516432,4,0.266666666666667,0.377777777777778,0.436348688725706,3.95940936152419,0.0865774387745114,0.878348483240234,NA,NA,NA,NA,NA,NA,NA,NA,14.8381519317627
"Linear Gaussian covariates and Bernoulli SBM, fixed mixed-signal SCAR design",58,"NNPU_NET","nnPU + Net","not available: official nnPU is a point-estimation classifier; probabilities are plogis(raw score)",0.843442879499217,0.709483568075117,2,0.133333333333333,0.6,0.252702958011356,3.79294431962455,0.0506271258698423,0.842380410089646,NA,NA,NA,NA,NA,NA,NA,NA,17.1634340286255
"Linear Gaussian covariates and Bernoulli SBM, fixed mixed-signal SCAR design",59,"NNPU_NET","nnPU + Net","not available: official nnPU is a point-estimation classifier; probabilities are plogis(raw score)",0.757496087636933,0.650892018779343,2,0.133333333333333,0.511111111111111,0.355953104488198,4.61620071869512,0.0682391920579764,0.930098426472906,NA,NA,NA,NA,NA,NA,NA,NA,17.3725080490112
"Linear Gaussian covariates and Bernoulli SBM, fixed mixed-signal SCAR design",60,"NNPU_NET","nnPU + Net","not available: official nnPU is a point-estimation classifier; probabilities are plogis(raw score)",0.70810641627543,0.740657276995305,2,0.133333333333333,0.4,0.431204550847918,4.06771197288975,0.0793490888706268,0.89646058045217,NA,NA,NA,NA,NA,NA,NA,NA,16.5766260623932
"Linear Gaussian covariates and Bernoulli SBM, fixed mixed-signal SCAR design",61,"NNPU_NET","nnPU + Net","not available: official nnPU is a point-estimation classifier; probabilities are plogis(raw score)",0.826854460093897,0.779906103286385,3,0.2,0.577777777777778,0.310267102048303,3.40293724353836,0.0610083670012457,0.748850818912748,NA,NA,NA,NA,NA,NA,NA,NA,14.8760831356049
"Linear Gaussian covariates and Bernoulli SBM, fixed mixed-signal SCAR design",62,"NNPU_NET","nnPU + Net","not available: official nnPU is a point-estimation classifier; probabilities are plogis(raw score)",0.762378716744914,0.582159624413146,2,0.133333333333333,0.555555555555556,0.329144867091733,4.75502708669262,0.0595869396231842,0.902670880265804,NA,NA,NA,NA,NA,NA,NA,NA,16.676020860672
"Linear Gaussian covariates and Bernoulli SBM, fixed mixed-signal SCAR design",63,"NNPU_NET","nnPU + Net","not available: official nnPU is a point-estimation classifier; probabilities are plogis(raw score)",0.761377151799687,0.655962441314554,1,0.0666666666666667,0.488888888888889,0.365741947552696,4.43645675030867,0.0676812730793879,0.882631435746995,NA,NA,NA,NA,NA,NA,NA,NA,15.2928199768066
"Linear Gaussian covariates and Bernoulli SBM, fixed mixed-signal SCAR design",64,"NNPU_NET","nnPU + Net","not available: official nnPU is a point-estimation classifier; probabilities are plogis(raw score)",0.729514866979656,0.651079812206573,3,0.2,0.422222222222222,0.412161186400147,4.6479160822557,0.0730327425544779,0.883749497052225,NA,NA,NA,NA,NA,NA,NA,NA,15.0937070846558
"Linear Gaussian covariates and Bernoulli SBM, fixed mixed-signal SCAR design",65,"NNPU_NET","nnPU + Net","not available: official nnPU is a point-estimation classifier; probabilities are plogis(raw score)",0.729890453834116,0.625539906103286,1,0.0666666666666667,0.4,0.412163182895483,4.92685853880741,0.071742122712637,0.940693414738921,NA,NA,NA,NA,NA,NA,NA,NA,10.3466129302979
"Linear Gaussian covariates and Bernoulli SBM, fixed mixed-signal SCAR design",66,"NNPU_NET","nnPU + Net","not available: official nnPU is a point-estimation classifier; probabilities are plogis(raw score)",0.800125195618153,0.874741784037559,4,0.266666666666667,0.466666666666667,0.364553209853116,3.1885283173271,0.0712268890717545,0.861589935120629,NA,NA,NA,NA,NA,NA,NA,NA,9.21250700950623
"Linear Gaussian covariates and Bernoulli SBM, fixed mixed-signal SCAR design",67,"NNPU_NET","nnPU + Net","not available: official nnPU is a point-estimation classifier; probabilities are plogis(raw score)",0.695962441314554,0.604507042253521,2,0.133333333333333,0.355555555555556,0.443473374433306,5.00337076992765,0.0793790536799006,0.918248611243495,NA,NA,NA,NA,NA,NA,NA,NA,8.89651799201965
"Linear Gaussian covariates and Bernoulli SBM, fixed mixed-signal SCAR design",68,"NNPU_NET","nnPU + Net","not available: official nnPU is a point-estimation classifier; probabilities are plogis(raw score)",0.717183098591549,0.663286384976526,2,0.133333333333333,0.333333333333333,0.446099396003938,4.384932609723,0.091133742041386,0.91334215803599,NA,NA,NA,NA,NA,NA,NA,NA,9.01860690116882
"Linear Gaussian covariates and Bernoulli SBM, fixed mixed-signal SCAR design",69,"NNPU_NET","nnPU + Net","not available: official nnPU is a point-estimation classifier; probabilities are plogis(raw score)",0.786666666666667,0.756995305164319,1,0.0666666666666667,0.422222222222222,0.394418524108502,4.00867338085782,0.0821044365110319,0.905658794095209,NA,NA,NA,NA,NA,NA,NA,NA,9.89368605613708
"Linear Gaussian covariates and Bernoulli SBM, fixed mixed-signal SCAR design",70,"NNPU_NET","nnPU + Net","not available: official nnPU is a point-estimation classifier; probabilities are plogis(raw score)",0.843067292644757,0.850328638497653,6,0.4,0.6,0.302720287092754,3.08238691105886,0.0667682062819399,0.799554848957605,NA,NA,NA,NA,NA,NA,NA,NA,9.0802309513092
"Linear Gaussian covariates and Bernoulli SBM, fixed mixed-signal SCAR design",71,"NNPU_NET","nnPU + Net","not available: official nnPU is a point-estimation classifier; probabilities are plogis(raw score)",0.826353677621283,0.775774647887324,2,0.133333333333333,0.511111111111111,0.337677143726639,3.54909263616966,0.0730248733384998,0.8213321902586,NA,NA,NA,NA,NA,NA,NA,NA,9.4765419960022
"Linear Gaussian covariates and Bernoulli SBM, fixed mixed-signal SCAR design",72,"NNPU_NET","nnPU + Net","not available: official nnPU is a point-estimation classifier; probabilities are plogis(raw score)",0.775962441314554,0.744225352112676,1,0.0666666666666667,0.4,0.373980361535928,4.10735615677541,0.0700024212525043,0.918783840807962,NA,NA,NA,NA,NA,NA,NA,NA,9.78073716163635
"Linear Gaussian covariates and Bernoulli SBM, fixed mixed-signal SCAR design",73,"NNPU_NET","nnPU + Net","not available: official nnPU is a point-estimation classifier; probabilities are plogis(raw score)",0.736463223787167,0.72018779342723,2,0.133333333333333,0.488888888888889,0.414236748965027,4.24887065502356,0.072586024423248,0.881546226938213,NA,NA,NA,NA,NA,NA,NA,NA,9.55411696434021
"Linear Gaussian covariates and Bernoulli SBM, fixed mixed-signal SCAR design",74,"NNPU_NET","nnPU + Net","not available: official nnPU is a point-estimation classifier; probabilities are plogis(raw score)",0.695837245696401,0.616713615023474,2,0.133333333333333,0.311111111111111,0.456890942614704,4.88547734334756,0.0871370118441126,0.956158385731645,NA,NA,NA,NA,NA,NA,NA,NA,9.226891040802
"Linear Gaussian covariates and Bernoulli SBM, fixed mixed-signal SCAR design",75,"NNPU_NET","nnPU + Net","not available: official nnPU is a point-estimation classifier; probabilities are plogis(raw score)",0.805446009389671,0.705915492957746,2,0.133333333333333,0.533333333333333,0.32838584444956,4.22989009236414,0.0626526753812391,0.89509429071266,NA,NA,NA,NA,NA,NA,NA,NA,10.6905760765076
"Linear Gaussian covariates and Bernoulli SBM, fixed mixed-signal SCAR design",76,"NNPU_NET","nnPU + Net","not available: official nnPU is a point-estimation classifier; probabilities are plogis(raw score)",0.767887323943662,0.673802816901408,3,0.2,0.488888888888889,0.366913427862261,4.4986313164234,0.0668600541232687,0.891059074481983,NA,NA,NA,NA,NA,NA,NA,NA,9.51202607154846
"Linear Gaussian covariates and Bernoulli SBM, fixed mixed-signal SCAR design",77,"NNPU_NET","nnPU + Net","not available: official nnPU is a point-estimation classifier; probabilities are plogis(raw score)",0.806447574334898,0.735023474178404,2,0.133333333333333,0.555555555555556,0.330419085476244,4.05040931876106,0.0616845840866834,0.827323099979458,NA,NA,NA,NA,NA,NA,NA,NA,9.64339590072632
"Linear Gaussian covariates and Bernoulli SBM, fixed mixed-signal SCAR design",78,"NNPU_NET","nnPU + Net","not available: official nnPU is a point-estimation classifier; probabilities are plogis(raw score)",0.74491392801252,0.684319248826291,3,0.2,0.444444444444444,0.402296273908571,4.34795584606849,0.0770441424564546,0.864946099286707,NA,NA,NA,NA,NA,NA,NA,NA,9.21179699897766
"Linear Gaussian covariates and Bernoulli SBM, fixed mixed-signal SCAR design",79,"NNPU_NET","nnPU + Net","not available: official nnPU is a point-estimation classifier; probabilities are plogis(raw score)",0.728701095461659,0.751924882629108,2,0.133333333333333,0.422222222222222,0.417906484623439,3.92868158196348,0.079911688794043,0.898700224238436,NA,NA,NA,NA,NA,NA,NA,NA,9.26661705970764
"Linear Gaussian covariates and Bernoulli SBM, fixed mixed-signal SCAR design",80,"NNPU_NET","nnPU + Net","not available: official nnPU is a point-estimation classifier; probabilities are plogis(raw score)",0.744350547730829,0.72018779342723,4,0.266666666666667,0.511111111111111,0.388716771569084,4.29525708225453,0.0668979265847027,0.858488594300327,NA,NA,NA,NA,NA,NA,NA,NA,9.43146014213562
"Linear Gaussian covariates and Bernoulli SBM, fixed mixed-signal SCAR design",81,"NNPU_NET","nnPU + Net","not available: official nnPU is a point-estimation classifier; probabilities are plogis(raw score)",0.698779342723005,0.67830985915493,2,0.133333333333333,0.444444444444444,0.446737389126146,4.50200173473404,0.0765987376358079,0.866936753149517,NA,NA,NA,NA,NA,NA,NA,NA,9.81339311599731
"Linear Gaussian covariates and Bernoulli SBM, fixed mixed-signal SCAR design",82,"NNPU_NET","nnPU + Net","not available: official nnPU is a point-estimation classifier; probabilities are plogis(raw score)",0.798810641627543,0.80150234741784,5,0.333333333333333,0.533333333333333,0.341454807971451,3.53233080311177,0.0665900200759271,0.853557695831963,NA,NA,NA,NA,NA,NA,NA,NA,9.33014416694641
"Linear Gaussian covariates and Bernoulli SBM, fixed mixed-signal SCAR design",83,"NNPU_NET","nnPU + Net","not available: official nnPU is a point-estimation classifier; probabilities are plogis(raw score)",0.800876369327074,0.71906103286385,5,0.333333333333333,0.6,0.289695505404009,3.69233566927299,0.0556984161030479,0.839872449989458,NA,NA,NA,NA,NA,NA,NA,NA,17.5391578674316
"Linear Gaussian covariates and Bernoulli SBM, fixed mixed-signal SCAR design",84,"NNPU_NET","nnPU + Net","not available: official nnPU is a point-estimation classifier; probabilities are plogis(raw score)",0.762065727699531,0.713239436619718,2,0.133333333333333,0.444444444444444,0.389692112028554,3.92185701621032,0.0792530234121227,0.827324256923482,NA,NA,NA,NA,NA,NA,NA,NA,20.5723471641541
"Linear Gaussian covariates and Bernoulli SBM, fixed mixed-signal SCAR design",85,"NNPU_NET","nnPU + Net","not available: official nnPU is a point-estimation classifier; probabilities are plogis(raw score)",0.826353677621283,0.835680751173709,5,0.333333333333333,0.533333333333333,0.313343439006586,3.05653629395779,0.0645441709540935,0.736646258997957,NA,NA,NA,NA,NA,NA,NA,NA,15.5118300914764
"Linear Gaussian covariates and Bernoulli SBM, fixed mixed-signal SCAR design",86,"NNPU_NET","nnPU + Net","not available: official nnPU is a point-estimation classifier; probabilities are plogis(raw score)",0.697902973395931,0.672488262910798,3,0.2,0.4,0.44709495028702,4.57198359935129,0.080141249778598,0.906970018939498,NA,NA,NA,NA,NA,NA,NA,NA,15.3417940139771
"Linear Gaussian covariates and Bernoulli SBM, fixed mixed-signal SCAR design",87,"NNPU_NET","nnPU + Net","not available: official nnPU is a point-estimation classifier; probabilities are plogis(raw score)",0.851580594679186,0.754366197183099,2,0.133333333333333,0.555555555555556,0.285062023160633,3.90227643257135,0.0596961262723392,0.871868018662262,NA,NA,NA,NA,NA,NA,NA,NA,16.9768478870392
"Linear Gaussian covariates and Bernoulli SBM, fixed mixed-signal SCAR design",88,"NNPU_NET","nnPU + Net","not available: official nnPU is a point-estimation classifier; probabilities are plogis(raw score)",0.793114241001565,0.804882629107981,6,0.4,0.555555555555556,0.339753748959784,3.05537683952699,0.0622093512942513,0.686179358472293,NA,NA,NA,NA,NA,NA,NA,NA,16.4441831111908
"Linear Gaussian covariates and Bernoulli SBM, fixed mixed-signal SCAR design",89,"NNPU_NET","nnPU + Net","not available: official nnPU is a point-estimation classifier; probabilities are plogis(raw score)",0.727824726134585,0.611079812206573,1,0.0666666666666667,0.466666666666667,0.406405560480542,5.10578191450297,0.068978815645018,0.925211453664505,NA,NA,NA,NA,NA,NA,NA,NA,16.5564610958099
"Linear Gaussian covariates and Bernoulli SBM, fixed mixed-signal SCAR design",90,"NNPU_NET","nnPU + Net","not available: official nnPU is a point-estimation classifier; probabilities are plogis(raw score)",0.789984350547731,0.697652582159624,2,0.133333333333333,0.577777777777778,0.273249309504916,3.64480176513742,0.053324891523217,0.856277124759176,NA,NA,NA,NA,NA,NA,NA,NA,23.7351861000061
"Linear Gaussian covariates and Bernoulli SBM, fixed mixed-signal SCAR design",91,"NNPU_NET","nnPU + Net","not available: official nnPU is a point-estimation classifier; probabilities are plogis(raw score)",0.832801251956181,0.827417840375587,3,0.2,0.488888888888889,0.293225351664782,3.25469131003882,0.0639761003191236,0.851287350545479,NA,NA,NA,NA,NA,NA,NA,NA,19.3899419307709
"Linear Gaussian covariates and Bernoulli SBM, fixed mixed-signal SCAR design",92,"NNPU_NET","nnPU + Net","not available: official nnPU is a point-estimation classifier; probabilities are plogis(raw score)",0.776525821596244,0.752863849765258,1,0.0666666666666667,0.4,0.381051755063935,4.17890472781206,0.0738317072056428,0.941225280133984,NA,NA,NA,NA,NA,NA,NA,NA,17.6305899620056
"Linear Gaussian covariates and Bernoulli SBM, fixed mixed-signal SCAR design",93,"NNPU_NET","nnPU + Net","not available: official nnPU is a point-estimation classifier; probabilities are plogis(raw score)",0.758247261345853,0.776713615023474,2,0.133333333333333,0.422222222222222,0.400078694996392,3.8556837971892,0.0783658271295455,0.885760931385172,NA,NA,NA,NA,NA,NA,NA,NA,16.0719230175018
"Linear Gaussian covariates and Bernoulli SBM, fixed mixed-signal SCAR design",94,"NNPU_NET","nnPU + Net","not available: official nnPU is a point-estimation classifier; probabilities are plogis(raw score)",0.841251956181534,0.776901408450704,2,0.133333333333333,0.511111111111111,0.296048223913353,3.56223109948103,0.0671658224917115,0.871220821754838,NA,NA,NA,NA,NA,NA,NA,NA,17.5518298149109
"Linear Gaussian covariates and Bernoulli SBM, fixed mixed-signal SCAR design",95,"NNPU_NET","nnPU + Net","not available: official nnPU is a point-estimation classifier; probabilities are plogis(raw score)",0.67887323943662,0.625352112676056,0,0,0.355555555555556,0.478129093540976,4.99361608073291,0.089552009565632,0.959948995929692,NA,NA,NA,NA,NA,NA,NA,NA,15.8454670906067
"Linear Gaussian covariates and Bernoulli SBM, fixed mixed-signal SCAR design",96,"NNPU_NET","nnPU + Net","not available: official nnPU is a point-estimation classifier; probabilities are plogis(raw score)",0.855649452269171,0.80018779342723,5,0.333333333333333,0.6,0.255350529540855,3.30146869868789,0.0548711285816917,0.816962383581995,NA,NA,NA,NA,NA,NA,NA,NA,18.884917974472
"Linear Gaussian covariates and Bernoulli SBM, fixed mixed-signal SCAR design",97,"NNPU_NET","nnPU + Net","not available: official nnPU is a point-estimation classifier; probabilities are plogis(raw score)",0.822284820031299,0.907981220657277,6,0.4,0.533333333333333,0.320628554471669,2.63391529421403,0.0618502021018306,0.695870765571365,NA,NA,NA,NA,NA,NA,NA,NA,16.2076120376587
"Linear Gaussian covariates and Bernoulli SBM, fixed mixed-signal SCAR design",98,"NNPU_NET","nnPU + Net","not available: official nnPU is a point-estimation classifier; probabilities are plogis(raw score)",0.782973395931142,0.695399061032864,2,0.133333333333333,0.577777777777778,0.304524386678993,3.81652818476,0.057040732945698,0.838018919189481,NA,NA,NA,NA,NA,NA,NA,NA,17.2206561565399
"Linear Gaussian covariates and Bernoulli SBM, fixed mixed-signal SCAR design",99,"NNPU_NET","nnPU + Net","not available: official nnPU is a point-estimation classifier; probabilities are plogis(raw score)",0.755805946791862,0.739154929577465,3,0.2,0.355555555555556,0.40219170340091,3.82075054560807,0.0811419724488753,0.814670193538031,NA,NA,NA,NA,NA,NA,NA,NA,16.8693859577179
"Linear Gaussian covariates and Bernoulli SBM, fixed mixed-signal SCAR design",100,"NNPU_NET","nnPU + Net","not available: official nnPU is a point-estimation classifier; probabilities are plogis(raw score)",0.783724569640063,0.701596244131455,7,0.466666666666667,0.577777777777778,0.341043680766275,3.85947444373667,0.0597365835155745,0.693457607652897,NA,NA,NA,NA,NA,NA,NA,NA,16.9414839744568
