file,bytes,md5,sha256
checkpoints/DEFAULT/rep_001.rds,16141,f2d20c0be4aed27f1628ea403ac91e19,39ee575279d520ce4a96036f08032456b21d1f83464aa207ddcd7473951ffa80
checkpoints/DEFAULT/rep_002.rds,16016,600affbb41dda4d6be64c5466e4626cd,7972bd578f5b2b34e781d02be18a57aaef08b56d878b7d8e2777161dfcf60eb0
checkpoints/DEFAULT/rep_003.rds,16048,3d34940ef6c681618841146c4471f873,b40d6a784bb1ef07114de9dd7e207169e2316e611023094e3fc291558263235e
checkpoints/DEFAULT/rep_004.rds,15978,87019ad637cb00b5744e0dd00ab4f787,7952eebf4f60c7cd5be71ab417e921fc6c2f67c57a219cd2c25ce16d8fb60a0f
checkpoints/DEFAULT/rep_005.rds,16016,106a9fd5775644255c7dd1f44c8adc34,911db070e4a1472d4304133ed829dcf4b52296b5401c971dedd8785482e5a906
checkpoints/DEFAULT/rep_006.rds,16195,5f7c522d50f870dcfb9c10baa676ad1b,953b1b6e6f7101fdaaa988869ca8f5aa4dcdd78f16c444ec0b068404154f193f
checkpoints/DEFAULT/rep_007.rds,16160,6db36efb22ce438ec0ffb0a374a05cb3,c1f25e3bb5d556af7e30b8659364b1fffeefeb00412678a15166749ec6252b03
checkpoints/DEFAULT/rep_008.rds,16219,c249e0a879adaf0d67a16d0e4580baf7,780bac443b1c9446e7c9a5a485291d74f93437c1062e3454720bd4bb097badc3
checkpoints/DEFAULT/rep_009.rds,16253,c8ec0f869b611063a7856be8c85936af,3a305f724f90b2f06fc765a9decdd3d115ac774394483e1dddfd0ade8d9e67ad
checkpoints/DEFAULT/rep_010.rds,16122,3a45a0a9ae59734ba369db88dec5fc03,ddf9962dff593f9e87c1c13187a1014d6fb5684c3e45d5b88aa45fcd1e6813b4
checkpoints/DEFAULT/rep_011.rds,16281,c665f0c33e51087d2158694f5d677e56,48ccfd1992fbcae67f3e76f8897466c191adb7bcf667a70e594aecc8837a8a51
checkpoints/DEFAULT/rep_012.rds,15904,710fe16d51ff71d37a31dbddd3bfd5a3,a17b84517f1543543c18da99cefe5e3ebb6ab5d4bee386ac67dd134137b725fb
checkpoints/DEFAULT/rep_013.rds,16256,3c3c5484e1d19fbdd48a3c080450bebe,fa79a5c894f988580502189a24a036c69f3f1528b9bf4ff36726ea94e8547f9b
checkpoints/DEFAULT/rep_014.rds,15937,902d37f746a0189ee28e5641fa530bfe,5c1397e2711609fd082159b3146c9255b4321b8ecc26f24360e5d88da8bc171c
checkpoints/DEFAULT/rep_015.rds,16041,c7396f3cc3aabdeb8ee8bba57a8ab77d,4f912b0619728e8b7bda7019cc16825ee4bda00cc41ed48b484567c3f48ffff9
checkpoints/DEFAULT/rep_016.rds,16125,c390f5c447157e02a33c3786703b7db5,5645790a7c048038325e04ba49d5a58b93ee629cf000cc08f620b88000560be1
checkpoints/DEFAULT/rep_017.rds,16077,4f104893063844b3b9b786d85b42681a,7ba7008ae844a18a34e49e5cd97cfbb338162356f7df9a74f9ff0f3a7c942f04
checkpoints/DEFAULT/rep_018.rds,15824,d4fab1778878ed43971cde809b6b1d1d,0287eb6331f09afa69c41a5958ef88db9376660eb5d3f27128267cd0352fdf45
checkpoints/DEFAULT/rep_019.rds,16187,59dc21bde10b68970a2d4de6f3e5ee43,65c3378ac73b68b7d7e86690ec8187543f7552f6e0df134db52297bd849ab5b9
checkpoints/DEFAULT/rep_020.rds,16168,2b601249b6995a21260a6dde312d1cba,06956049f960328a41ca77cffe1ae0a5fd5c4c586b1ed3dceb9031f18dca6b27
checkpoints/DEFAULT/rep_021.rds,16107,baf3f2f36cbf5c7d7bf432dccaf4f792,3ddecaab380f27f11eb881a503530346d72a02cfa195cb51c5e3b4adae54af58
checkpoints/DEFAULT/rep_022.rds,16217,c7cb3b607732b98b42caf01028ecc57b,d2a731b2a577c62a9aafe2e27d0b3317510e5a031042f2f3bd1bb1e4a90cb5e7
checkpoints/DEFAULT/rep_023.rds,16166,0ad22c832aa69786863461b63e86f50e,201dfc620c46ec5e58eb071ada8347d56d116826fced3c3d2acef3db4d9139d1
checkpoints/DEFAULT/rep_024.rds,15698,6c9bd30aea814f65c29df5a9caf5f822,e9e217a8f2aa87ec0870700b615f2c2c02c0bb6dd85f565958e276dcc9ee05cf
checkpoints/DEFAULT/rep_025.rds,15681,b7196e6144f402c6875c27291441b2f5,502c1e871482e4a36c9b337dc8115be34118d452773a1f81fef0727c287bc2e9
checkpoints/DEFAULT/rep_026.rds,16092,6a97b9e0e4e2ec30f1e24ec4019b0549,8616cc1b0144967e430740a9ef8c6cf723ad705a5698a0465925ac93dbfb69e7
checkpoints/DEFAULT/rep_027.rds,16232,7dcfe9468f952de50162d53ec4f7985e,ce49d4dd9a0d8a74d49dea8ea94e2c97090989c5838dea029a5742a00aa67431
checkpoints/DEFAULT/rep_028.rds,16186,99f008f91bb0a200d449f602ea83042f,96bd1c50bd0c900662ad2b8af017867749b2527f205d244e33ea028f589f4122
checkpoints/DEFAULT/rep_029.rds,16231,d633b7160f28b5bdbea42e9987ec906c,187299d54d14658d4a963243be3b4b99e9ff3dbdbb47c4a9de66b256a0416802
checkpoints/DEFAULT/rep_030.rds,16154,cbf863a846d11dc6d5a6ec4ddbb5d602,843cc8f8f1e67528a3d2a36450ab3cedd068b5ee80f5d49e84d8b887a2e453e6
checkpoints/DEFAULT/rep_031.rds,16113,1149a04257199854f7c790a3f4c46ee5,faefcc1bf0aa5ce6fbe47153c8762c9afbd1f55f81926ad21d55aa9c33c83c64
checkpoints/DEFAULT/rep_032.rds,16109,90e3aacb7bbaf5995838a8afdaf0cf89,90fdb5653e0a768919b41e12c394345c739100343f96c3f59cbcf3736383b903
checkpoints/DEFAULT/rep_033.rds,16121,386019b6f5dfc6ce0b788d21ddf787c6,2f7686351afa1f10d9fd899705f60c438faf4a9e601e4f6a4d1f9b81ccc0d6c7
checkpoints/DEFAULT/rep_034.rds,16145,054cc34bac20ffcd2c28a61616934df4,dcf3e1c30e584d201bb93915acf630a38cf2e8623f6223e231239c53d97584c0
checkpoints/DEFAULT/rep_035.rds,16029,670f7a872d21941c4f718cd68110b60d,f2f9f06721555bebda3e8bb12ccf9c0f07fbaa60b4f0994827e5e4354df25786
checkpoints/DEFAULT/rep_036.rds,15859,c8e8fb11fdcbc9973ca586545c3e96e3,c06160db88ae704d476fb3b62d83d9f45e0fededcbc78a841b9385071bb0edad
checkpoints/DEFAULT/rep_037.rds,16188,ef93b749ac4502b5690fda852ad3df2d,70a02d98bd0dfc75ba9fe0257adba0da1a23a87f2331ac1261c74c25da60a648
checkpoints/DEFAULT/rep_038.rds,16121,f3d5f7e2cab4bf12e149d57ca0bc63b0,88ac7eac54047916b48b5b5874940a74d21d39f6b33fb1ad7c3f89c436c05c8e
checkpoints/DEFAULT/rep_039.rds,15925,7f4a646ff5d5f0699c172e4c37085f9b,12935254d06dc1f9ea72efe8e617e8cfd8ebfc921830918e80329bbe880f1642
checkpoints/DEFAULT/rep_040.rds,16165,9967970141c50c859ad84cf9225fbe27,d01ce01a772a1011605a976af27db9483ef9c38b3a3f30ab3729747e5ff1607d
checkpoints/DEFAULT/rep_041.rds,16225,34e2230fd626198816d4e46cc205ca95,486c4c60ad768fbe5f061c1df16a1514e5a501b856a00df2295a2aeaa6c1fc22
checkpoints/DEFAULT/rep_042.rds,16081,cdef5c44a03dbcd39c0b142ff5dff559,f2c750c63da97a12b13b158ca33eca8c6e5ecc2f20926f01381490a71b8813f0
checkpoints/DEFAULT/rep_043.rds,16090,5a1a501a7d577ad6d731725c99b879d1,c41e4b5cdfe4cdc5261b826884a598a49d31078b71996ba2fc4598475704e19c
checkpoints/DEFAULT/rep_044.rds,15733,ffe431462b579485355e1cdd328deb7e,b934541470eec5eaaf0a4ec931a62e3ec9d7e839fb03f9111f373b80008b70bb
checkpoints/DEFAULT/rep_045.rds,16160,162ad9a720d7a44f6171979a2fc0881a,6117a5fbb3b65f42a43d4d25e41bd8d3f2e0069625b72ef33bd6530d092da273
checkpoints/DEFAULT/rep_046.rds,16058,7c049dddac2e9b42aa9999e71a311113,791e28f07e1c9c2948719396789442bdf608459f77cfa36cf9cb32da6abe5eea
checkpoints/DEFAULT/rep_047.rds,16199,660698aea0ad6020e68c6c21b2489909,7d051bf67b7b3e05c0151899924bf51d5d89f9449a36e54cf54c5b2ed3240772
checkpoints/DEFAULT/rep_048.rds,16130,6e1f722f34f3b35e5476f6b7a86b812c,37ecf65e9f8b84f55344f1d175045c1954b185aafd90f8674b3803c049db22e9
checkpoints/DEFAULT/rep_049.rds,16096,86bc3e715fb1dc5b1798f52ec093074a,dab99656cc6c3b166da9f524f357bcb017b7e0634f3e98a7e93b576843f563ab
checkpoints/DEFAULT/rep_050.rds,16171,84dfb18e75be89798783e05292b9ff34,2f78f99d4645c23f1f3576c133424e9690961fe09c5ae83b0c3d1296b3a01597
checkpoints/DEFAULT/rep_051.rds,16181,797b67052be7991c9042946f6e941682,3c37e36bfd8133ba64b5790ccf152956c174f7f0b89e1554512c9d98bebc6226
checkpoints/DEFAULT/rep_052.rds,15789,dd8bf537ac63ed8f518ac9e8e9af8823,7be38d6d16a64b38c7ddcad2b2999221177e0b9942a53463c424493a6b9cbaae
checkpoints/DEFAULT/rep_053.rds,16114,54054a8f5bfe9cb95dac90bfb91c14b1,5587a0027917d970e37f6048e3daf4c94467a417e9b0c57d988cd9064be9b980
checkpoints/DEFAULT/rep_054.rds,16131,fa4ef45f3a2fca60b8870a7c9c0720de,d9d86dd199febabb1c0072ab96e68e61ab69b661838f6deee18ebcbaf8cf9083
checkpoints/DEFAULT/rep_055.rds,16208,2bf127c0188a5dc675207d92df9c2fea,f57dbd44dff8f2b4bdc6b6b6877e3c63e9ac81d9c1b0ed7012220de2dbf510a3
checkpoints/DEFAULT/rep_056.rds,16214,0e3ab546553dfb4da8264927e17da39e,ef677bdbc13036dc4f57ba031ce077008ed155f723cd41031003d5831046fb2f
checkpoints/DEFAULT/rep_057.rds,15702,d15e63651b96e8975dbc903981aabdf7,add130ca9d5b7c68127b1dbfaf4c8f74e80dc3d899493c015dc078420e5d7a3e
checkpoints/DEFAULT/rep_058.rds,16263,f6bb9b9f99105a66b1882883b70ef272,b38aec0f6a7acc4b1f593bc2ddbc001c8d37bcb442e2afd352819b50640ff1fd
checkpoints/DEFAULT/rep_059.rds,15936,b627a0585a60ca4bfcb4020432211baf,30fe856e77301a0d447f10ce402e53de1c3a7c2d39d35786888da06d1eb01cc8
checkpoints/DEFAULT/rep_060.rds,16160,e0d9a3833eba488dae899168aa040151,23586ac2d717e5750daba3cb8c0d8b8d40929f8637ef48a722fb9cd15a2d681f
checkpoints/DEFAULT/rep_061.rds,16173,3a1fa3c142faa166db7eb0b49c6c7806,409447a740692b746c6da5968bc991839fc2df9b29d2bbfb3420312200369fa6
checkpoints/DEFAULT/rep_062.rds,16100,150c0563bf7c0806c72aa44b807a2958,727ca817bc70256cface02caa0de3042668d256672f280ba49a23d1ad60bf9df
checkpoints/DEFAULT/rep_063.rds,16070,4b61139c1f8dc515e31e8fdf999593f8,1f5f24c3b3afcfec11d239db65d0d25f6a4613e8c94a33402246eaf7495697ba
checkpoints/DEFAULT/rep_064.rds,16203,6647494f1717d62677ecc905667f13c0,96143005f702ee5d9bed08b77d6c7eccdd46f193d11470ff726c6e43c01ed90b
checkpoints/DEFAULT/rep_065.rds,16057,49f52670e90843926cf631086cf27d19,00ba9b18948a6111844814a10eaa5e2bff07b99685adfa8ca3c840c051c4036f
checkpoints/DEFAULT/rep_066.rds,16122,12e18eb56d0806742e955428b2a84f01,1327eb7c3577294a8eb68ff3b36fadde1e2bdcfc35204f445c0ff6601e351b8e
checkpoints/DEFAULT/rep_067.rds,15407,5d8e2d24faa6c2a1f4d16df367ccd5a6,db14aca7c91b5c6a6cfa1493e3774bdbd0254ea0e1f14c3947417325c6ad91f7
checkpoints/DEFAULT/rep_068.rds,16172,406f902abd4f1ca196701c29e6b79ad0,ac7eb2020ab605967949bf944c22050be248c386168cdedca1df810252828f8b
checkpoints/DEFAULT/rep_069.rds,15985,3fdfb4793d113275be639ce0b378b7fc,d5a13f5190eb2e601bc6e826d513fd94d42e3377216f9756f0a36e5add9258e4
checkpoints/DEFAULT/rep_070.rds,15990,b8c9a8126a2e4d1f5bd80f7b78c9477e,a82c44248ca146589b65179ac945c0356794e95bee63d4025f4a84ee487c0ad3
checkpoints/DEFAULT/rep_071.rds,16238,0805dad341f3b5e40cf4cea6235e7c5d,8dbfdc301589cd4a0a9ded64a39289a7c06c4ea392c0ea2cfeda7a257dd5a1d0
checkpoints/DEFAULT/rep_072.rds,16059,f397c7d503fcdd3bc629d224777728e1,c4c7ccf213087a32cf0eeb552dddaae87c931ca83d3219802648da7d99de21f7
checkpoints/DEFAULT/rep_073.rds,16042,5b7b2665bad2abd609177ac848aff690,088801c5cbf48e20bb56c6ee506f4dc166709c8312ab7f6bb65baa720974a50a
checkpoints/DEFAULT/rep_074.rds,16214,291038c85ab533f5a67c7c8f419a72ea,7c0f85cb8d7f2b50121269ff9808c15c61180a51541363b494256b0528f171cf
checkpoints/DEFAULT/rep_075.rds,16184,61c04b442eb7543761ba3f1c6c830e52,7dfcc68e74e17213ffef36f7cf006134b20e1f46c7f36e170c0a2d33a7ddae05
checkpoints/DEFAULT/rep_076.rds,16120,0ef30ac182e4664097bcbd34eab79e61,fa775248029ab35528c96f16e88dacc68f95f957dda8b7ab5f19646627026a54
checkpoints/DEFAULT/rep_077.rds,16158,4ed234a779448d49b3870429a3234e4a,8c48fec0fef958c3ef32508bf60d1a4f17d1498e53d5db93764eaec157be6fb6
checkpoints/DEFAULT/rep_078.rds,16157,4c93df1792554e49fe962d555a82e6fd,a2b4df68421866c14a0d4ecddb018091c72fe2674f3368c2a4b78fc91c669b3b
checkpoints/DEFAULT/rep_079.rds,15965,ba5512d6073de6647cec3599195be539,d8e635f63213942073de3df630c4c680db1d670b10aaaf506136ae548da7111a
checkpoints/DEFAULT/rep_080.rds,16021,46aa57eaac990235693705c051fcdbd7,68a901d0b6fa65045c16c90f00f580f5523bb2a6e4d50b9644944762dbcbf14c
checkpoints/DEFAULT/rep_081.rds,16256,42e54c3a40aab1661678f968dc5e58ca,54217a1e4d5b66e67577a49adb3f374790c9580f56f34f27b7a25be8b6f9667b
checkpoints/DEFAULT/rep_082.rds,15964,c71a4a11a6dbef0edaad0448a37f33b4,bf332893db6c0bb6eb3419fe9dbba9db440dbe061a0c94b266e6ad3319719a35
checkpoints/DEFAULT/rep_083.rds,16030,762aeca5e62fd54ef0d95461e3353c88,f27be1bf433a137cf839abc61701f6bda4d6abd6a434feb9091a228c0e526226
checkpoints/DEFAULT/rep_084.rds,16178,00512a95ff65a0509f79e10e1ff182c6,0136dfa4d4b2dd4ac987a9fcde3cfdf958707a07cfdb67f6d77ecd73ec70e7c3
checkpoints/DEFAULT/rep_085.rds,16183,bf70f0f911338c79c191451620ed4c46,17f72ad18d39ec61737afb328e51eda3843183e8b87f23e4874df99c51b44c80
checkpoints/DEFAULT/rep_086.rds,16125,891d48d76a1d1e53a64a23d4986bac55,ef5a3cf6b72721f4bb63eead977d838dc29da5ab1f7ef8c4cfb9e6ba97eff08c
checkpoints/DEFAULT/rep_087.rds,16087,054d073f30c5dbc32580a77b9e35af13,f09af17ad1df682255945b97d0d8653e79b3d02ae9ab5fddf1d7195a0c6af200
checkpoints/DEFAULT/rep_088.rds,16099,496523824db37bc4a6821ce5c68934ea,9e18c2b1ea20f2e151bd4b82c774b12e4a424bbdf403a7ebd9c4c19956fc1896
checkpoints/DEFAULT/rep_089.rds,16215,985d7eb0657ccbf51608274429378f50,db13706f616c1654949539ccb408b7f7e97bb9ec436272eddad9b5698ac93d7c
checkpoints/DEFAULT/rep_090.rds,16071,df4982135f6b5ac2a753740b5df690a3,8f55b311ed15e9e84555a60f61400b107f21d414e3eb239eac1741a6e4ca01a2
checkpoints/DEFAULT/rep_091.rds,16043,0f261aeaea74cd74e3ffc5744cef0dc1,6797fc744a926d14137755e5f4a689ad477d1144f01b87c7f22ed6deccdbddc8
checkpoints/DEFAULT/rep_092.rds,16053,b1da4dcaa7fb926814aba91eb4983867,92b45add74ffc7bf79cb4ad73734404cd77d59c9e4062eb9347cc81a38da92da
checkpoints/DEFAULT/rep_093.rds,15633,4343d7e47fb754feb7897fe0840b8937,660f92078f2a0b0618d1d90bf3b94bdcbc2547d0d5a1bcef32cc4371346e2ab8
checkpoints/DEFAULT/rep_094.rds,15972,372a2d7855cfd0644e1267afe5af7222,5e7c614771f08d99b90cab4005338c94ea8891d5f47f534fdaeb7055792ffcb5
checkpoints/DEFAULT/rep_095.rds,16217,ff835fe995feeef3a047f0eb47f4e352,cc7b1703c2b98e1ace5d309cec0a089d9499caa6066ac720910936e9ae6f7810
checkpoints/DEFAULT/rep_096.rds,16210,95889071db40c7295064f63ffcd71873,65bd5bc9e2ebbd53268eefa4a57402e4ebb4ffc566874c4af1bd38d339b8f54c
checkpoints/DEFAULT/rep_097.rds,16123,d4cd2ba775825a0e06a13946900ffa3e,608fb5a51f665a7fd6f827a9bd04b7c214fe9e38ad1184671ba9b3b4961f4290
checkpoints/DEFAULT/rep_098.rds,16127,fe52e784ab7433222c947c7c9a0194d0,4c9c1f7ed3a9320d4f0977bca0a2e2cb045dc3dc9c318c8e19b614b876d23f23
checkpoints/DEFAULT/rep_099.rds,16172,d2e3e10a7262d6a53441f0006d8ae8ee,cd10174192926ed701b7fbd4e24bada3ab8a4cf0b84031b96d40df9e39433a90
checkpoints/DEFAULT/rep_100.rds,16120,3c84098465d1241fd98310f4deae8aeb,9e2c026447632327a6dec6db90b3e913f9abf331f26ec08bffd6bfebd55a2402
checkpoints/SIGMA_CONSERVATIVE/rep_001.rds,16456,a68a91afcf356e8d887047229427c1a2,9ba4d1315fd2bb511ace1fcc7ccfd7b8d7d196ffd9d24d1f1bb427b3520200a6
checkpoints/SIGMA_CONSERVATIVE/rep_002.rds,16572,ed50648bb75e58f65801c91733e98c8b,5747007d4e53ab66bd5d570b058d5c85cbdebe8370500935bac0fa5ddeceebfd
checkpoints/SIGMA_CONSERVATIVE/rep_003.rds,16474,04e8edef212c2d1cace1173f6435c8c5,b809de25e5ddb1912613b52a8de9cdb14481fb970a73533370831bd8484f80ee
checkpoints/SIGMA_CONSERVATIVE/rep_004.rds,16447,fa2bf62c13d10c7c38dbfa97fefd2a71,1ddf9506069e007fd2baa743da8af9547f316de0112ecbe51bbd13fd888afcf8
checkpoints/SIGMA_CONSERVATIVE/rep_005.rds,16222,4226bd7a7415d144813e2d8c78e1dc8d,46fc2c57d1ccfddd211f6f0d6576d4732f19cfcf3eac0580156596739dfb1299
checkpoints/SIGMA_CONSERVATIVE/rep_006.rds,16573,5bbe9190183170ac68cd5e3506c20fa5,61c32be1a1e9430f2fc8b7ad63985a1368cd404cc9349362dc6b9adb9220e153
checkpoints/SIGMA_CONSERVATIVE/rep_007.rds,16456,07cb286915bac36684ce443ba4d17f0e,b5665c7f62c0af05e6303ed39506cab7befe41a67bd530b6a21edeafc8ff0972
checkpoints/SIGMA_CONSERVATIVE/rep_008.rds,16609,11fba8ccb3143f3a6b22e65b3e73c14d,c37ce7097eb6941e4cd6dd7a112b1956634faf8a00f71874d9fc7d9035747a76
checkpoints/SIGMA_CONSERVATIVE/rep_009.rds,16434,7dac778b5635aa4413cb169152ad7457,28980cee358560bdfc56f5d062000f8e823eaf0219baff0ab7f9c64062864761
checkpoints/SIGMA_CONSERVATIVE/rep_010.rds,16503,c3a096ab50cfbdbae8251a921d7a6cc0,7d1d10a5e37075668b8a0f0251d6a2cb2d536860f5dff6c241d4f324af7af8b5
checkpoints/SIGMA_CONSERVATIVE/rep_011.rds,16624,6edc5831fc0004316f415d0b8d6c1070,d5bcca213e8fc22cdcc8016fa3166de198b49de2a81df81d2037e22756d7f594
checkpoints/SIGMA_CONSERVATIVE/rep_012.rds,16423,af1ae3a66aa107e9ddb668c0058dbc3b,f664668dd924c8d2f7a7fae27c5074889b5a18838d1309c18754baf10d878dcc
checkpoints/SIGMA_CONSERVATIVE/rep_013.rds,16568,cd162e36eff6c6a4d7dff3ae491398bb,ee738af2d80e2e47ca9612ef61cb59cdf338ecb722dfaac6548268b88b3e131f
checkpoints/SIGMA_CONSERVATIVE/rep_014.rds,16474,d30c9dc4a719a49940d8ae8b2766fa73,afa8d17e755fe2c0a4572e38451333bd994570c55d628940cb7ad42f25a4b2c0
checkpoints/SIGMA_CONSERVATIVE/rep_015.rds,16580,5ca784a526cbe3374fd797f9a0e8cda1,43de131cd008c344676fb31863a6e492fb47ba1146f622c72a1467b60921e67f
checkpoints/SIGMA_CONSERVATIVE/rep_016.rds,16504,8cbce21ca78969db00754167bbd901cb,0bddd14ecb97f3644635cf509a1daafa40e45c08f3045e57e1d76751e5fdfef8
checkpoints/SIGMA_CONSERVATIVE/rep_017.rds,16530,3ed7b091a5cb731bdb5c3eb54de8ee6e,ad746085d8a85d0841cd70cb697c11ea1f06f48294eba764faf95706f1d6bf80
checkpoints/SIGMA_CONSERVATIVE/rep_018.rds,15961,017838d3e68ffb0666ff2e9710d39d7e,1f2e6334e4ce5014a5b9f4dc271355414d685a5fb866b41c37f75cb272ed17cf
checkpoints/SIGMA_CONSERVATIVE/rep_019.rds,16240,bc1638f3883f09794cca856226406a60,2c356bc72040389662f1ba1f75d4116909c0b3411448bed893b9862782b3ea54
checkpoints/SIGMA_CONSERVATIVE/rep_020.rds,16538,b116870a28135fbbff4317c4444522a1,0a58aa660c58220d0fe2a59df7b736284caf7e0d40f3ba11f8409ce51322d02f
checkpoints/SIGMA_CONSERVATIVE/rep_021.rds,16513,b9f027015dbe7b1daf60a4f692fe7a10,84483dbc666d94c37a19af307b46cb13402f4999225b523939d5afd3cccef404
checkpoints/SIGMA_CONSERVATIVE/rep_022.rds,16582,fce59a9002cdc8463010e6f79a091cf1,22160ecff5877064f1fb99dbf4b2cc8c5f4b4e1341d7597a65ec1765e8be082f
checkpoints/SIGMA_CONSERVATIVE/rep_023.rds,16547,97b2910b857bd599d01b2fb53c3b12c7,63833a08fcab37a327f36f7953c66ac87f645675aaac707a493fde45335a42dd
checkpoints/SIGMA_CONSERVATIVE/rep_024.rds,16321,639b09f8a0520a3f4fbb06d869d54f62,b76204b3822c74817f1f1380d88d37da36f355124d51e5b0e313c4d6a4a3af3a
checkpoints/SIGMA_CONSERVATIVE/rep_025.rds,16187,57532625743e669b6365374af392af2f,0db308cd98ce126f829fd853a57b212dab81b97b61d64cc2aed460140aa57f40
checkpoints/SIGMA_CONSERVATIVE/rep_026.rds,16547,67d25a960ceb6f9f8026641924951dfb,d8242a54adb740ecea6a1cd68efce9c2d07dcfcbc9aee1cec075a9c45c8cc6b6
checkpoints/SIGMA_CONSERVATIVE/rep_027.rds,16587,4169fa62a916d7b3e3a11ce22896642c,b34538b7f91fb2ad992c08ad28c8783dd8451bf28730e5e60717f672507595c0
checkpoints/SIGMA_CONSERVATIVE/rep_028.rds,16520,d3e0efbb6dd07d3e43c573054f7a79f6,aa3731a7388748ed51a8ab9f59f14dbebd88e5aaf8ba10c00e27bb75f82407b1
checkpoints/SIGMA_CONSERVATIVE/rep_029.rds,16578,af08d47973715c2b22c88a583414c0bd,72b162cfe7c707937cd98eebae2b28e4dd28d20ff8fc9345c0a450c00ee21f71
checkpoints/SIGMA_CONSERVATIVE/rep_030.rds,16532,5c523534db9b4b57bc0070d8cde2978c,2829e6928d11b71c1f2bb37b216332baef66d5f6a433b37315d4efdce4ca9dc2
checkpoints/SIGMA_CONSERVATIVE/rep_031.rds,16469,03d27ae1ae38ccc0e2b884baf67c2b23,add28b4db84289dcf64a9d1fc8af1cf67087f7e1028e5fba2fcbb4358c73aa98
checkpoints/SIGMA_CONSERVATIVE/rep_032.rds,16519,1474600d59a474e1a1a5f73715338aef,c41ae02bf26ac103b91d49712f42e314e04c830fceb720bd13a7023ed379a28a
checkpoints/SIGMA_CONSERVATIVE/rep_033.rds,16396,c18358b8eb5b739700fb626bedee3f8f,f73f76ef59b5f0756d78ef929ba599712037544f1c701b071403f7829882e4a3
checkpoints/SIGMA_CONSERVATIVE/rep_034.rds,16594,d1c54b8934ee4735bd31dec21720ef3f,0fa77ff8f7c7fff07f7e8daf25e6cc61ee04bd9521a8357263c47f4aa8d8aafc
checkpoints/SIGMA_CONSERVATIVE/rep_035.rds,16357,74c2904655afc61b08f70bf1ba9b1cb6,4cb008f00534ba30044ede5849fcaee55e97c8529b7f39540a136b13ea049a65
checkpoints/SIGMA_CONSERVATIVE/rep_036.rds,16378,7a312523f333c0c095071f3809bc6f87,aa430b2bd7a4b4cb48d3c669acddcf5446992b328a7791ceb3c75a5e0c56e9a7
checkpoints/SIGMA_CONSERVATIVE/rep_037.rds,16586,9b516d6e577f4bdd39f6df7729984885,a61975b3cad7ac5aef0ad2ad8fabfe5f4cb74e253fc999b3f6979f1e247850eb
checkpoints/SIGMA_CONSERVATIVE/rep_038.rds,16408,a5b81c4910f98101e60ec148708bdf6e,2c72e561b79fa3939b83bd8abe70c20efbc9adc9e7930fa5b65ac104711151f3
checkpoints/SIGMA_CONSERVATIVE/rep_039.rds,16402,6204fdab092b3a592c6c4eaa9a813da1,37e0c3e0b7791ee85800f39ef48c039d5f982ed113c4f74aab3708ddbecfcfeb
checkpoints/SIGMA_CONSERVATIVE/rep_040.rds,15860,1745b8b8c58018f62c89cbae26152663,935235529fa669e1d13d8b325be2ae2ba422909b4ede9abb17253b8a7b46788e
checkpoints/SIGMA_CONSERVATIVE/rep_041.rds,16507,a5eb16e2399730f9eca2580944faec15,ff40a1a6bbbad311bb1325d447bac6651b6f2eb73cdd6e16ff95928ce4142f6b
checkpoints/SIGMA_CONSERVATIVE/rep_042.rds,16300,ed89d962e2dcd0679affa1e91b7d6bcb,6a5b42a54aa02e1868cde41cccb27d21b5a9cbf164bfbc17deeb6496e57482e3
checkpoints/SIGMA_CONSERVATIVE/rep_043.rds,16431,dc3f471aad2655fd0aeccbe954a9031c,4fd85c7c2121d66b1a1972fdaf541d346f978c6b1cbd9357d968d2767c63ac9b
checkpoints/SIGMA_CONSERVATIVE/rep_044.rds,16506,7491184bda6a7dfa8914c309d94f7963,c35bfd65395dae95ba3e54b4a17be60b016eab9e4564b2b68966d6e27739eab9
checkpoints/SIGMA_CONSERVATIVE/rep_045.rds,16285,aeba344e615bc5fd3f89464aafff8476,6d767ae369aa031fbaa4d4fdad8bf21c917f3271a969950f483bec3544f0f7c2
checkpoints/SIGMA_CONSERVATIVE/rep_046.rds,16487,641589a3cc566bf5378b1dd6bc5fbff5,55ac329b568a70372e13ab6e42dcfe6f2415d0d8ca5887163af7c85a869ce1cb
checkpoints/SIGMA_CONSERVATIVE/rep_047.rds,16479,2500fac58c62e49d589a6cabd04ee5af,9d31173681c3ce113afc92bac82ebe1dd0ef256b796898de3a4fdd17f6093bd4
checkpoints/SIGMA_CONSERVATIVE/rep_048.rds,16500,e933769ecfe2937a666a3016d497ed36,5314d85f6c6cbdf86a971e7e791ebc44e37822f62c3f6dfd2b47dce1a7e08ba8
checkpoints/SIGMA_CONSERVATIVE/rep_049.rds,16514,938e717c5367b93984353d7db9f29b84,271ebc8556b40774fd03245aa463df00a3c36ac150dec8535af75339afabf534
checkpoints/SIGMA_CONSERVATIVE/rep_050.rds,16516,9aa8b80b9a5d872f1f97b3d97d05704c,5e0dd0627ab50b2f64e3881aafe1af19107733d9d34ee32d18e65acc665506c8
checkpoints/SIGMA_CONSERVATIVE/rep_051.rds,16590,2315b00a03a28388ab0d111c040bc7f6,7fa6b7b11d076f9401f00a54537c9ab18a3c79b72a569e6cfaeaab656ef03170
checkpoints/SIGMA_CONSERVATIVE/rep_052.rds,16559,98619fd1b7d7d729093ba6d7cba15436,f91f4f5604a7aebd9187d52675a149e0174c1d6ada574d54dd28f078d90aeab7
checkpoints/SIGMA_CONSERVATIVE/rep_053.rds,16440,7d2a67b62577b2c055eccf21f6952b5b,432ac70ccad1681523e201397e63cabfb96164c1c487f4a0fa0e6831a27e553e
checkpoints/SIGMA_CONSERVATIVE/rep_054.rds,16562,8264ac7f076a73cada7afdc75eb326e3,d6c8053f1e6f6b45c3f417062006a43261c0d1f7cc356456c6687983c153afc7
checkpoints/SIGMA_CONSERVATIVE/rep_055.rds,16587,2dadfba1bdc64c9d1863bfc8a9c3c3d9,93013d4b67b4aa367c7332d8d40f9551af9f10b6f7313cba7862e0beb5242c51
checkpoints/SIGMA_CONSERVATIVE/rep_056.rds,16577,034ddc975ce110595e82f52feb6ed122,74ed476724781e214faceb874428d0a48d7297f6400c73a5699b9934da68efc1
checkpoints/SIGMA_CONSERVATIVE/rep_057.rds,16245,26f60c6d3790da3431271bfdb805341a,dde7aee0e1d90680cfe774a20af90d152e0ebbe832cba4742a529666820d5687
checkpoints/SIGMA_CONSERVATIVE/rep_058.rds,16589,782cbb5eddbe88e18c62de73f022eada,d067bb2a707ff8ee373eafd622deae6e5828f9ee0af0636a3fc2c0bac7df61dd
checkpoints/SIGMA_CONSERVATIVE/rep_059.rds,16495,3b914ac2f3c5af15f1b23b42f675ef60,be9eeee3072ebe3fcc0d2c7dd255f74d561ff9250fbcb42642f1a7cc6fd05bc6
checkpoints/SIGMA_CONSERVATIVE/rep_060.rds,16598,1e7f6f2f30a5f8fd3ba26aa42abda4db,580a5a7b1155abcac1d9291fab0cf59d3e8eef88904ddf8267fa76c96b8f2d32
checkpoints/SIGMA_CONSERVATIVE/rep_061.rds,16568,c9e5a6a1b7492300743ae80ec0b8971c,8d1ff29652e081dc83fbb3e504aa2a3ebf48a3a3ec1d3aa9a08ef8e08636d692
checkpoints/SIGMA_CONSERVATIVE/rep_062.rds,16371,4f7afbbfd1e55faee6a90a4801a7293c,ba9dfcdf12bcd7d60e93cd4e0d2218031817f1c3c5aac3f50354067a8f515a35
checkpoints/SIGMA_CONSERVATIVE/rep_063.rds,16092,c802b5cd3d5817bc1a66deb5b2d4a49f,4acd412ccc71e9ca1e6bc92fa094f197d2117b405256b2bb99da299cb554ba85
checkpoints/SIGMA_CONSERVATIVE/rep_064.rds,16526,75abc4e9cfd3f09455fcaba830ac2fde,8eedc95825c1d5c4ba5d853159399ca2802930315f00246c75e0747ef04aeae9
checkpoints/SIGMA_CONSERVATIVE/rep_065.rds,16540,1a8178dadac63585468289a76b8df122,9cc7d7df646d796242a1ef738a4289d0543b66359f884967ac86652fb253add8
checkpoints/SIGMA_CONSERVATIVE/rep_066.rds,16604,aea257f8f4f23a1410b4b0274cc636cc,b7fe8fac126715e2d38e3e41dac589898eaefcadbd5cc1e19984f599753d2e48
checkpoints/SIGMA_CONSERVATIVE/rep_067.rds,16047,d591a807fb8b81c144b22e404b46e76d,963260152d1ddeb57f02253635bcb5704e1fe76883f3692647b4e927dec0b155
checkpoints/SIGMA_CONSERVATIVE/rep_068.rds,16601,084afce9859d89a24b2b484ceb9903f4,f57d13e0c7bb8d49a381dae26f0aa9faca3894141813404e352d5a71eeb7084e
checkpoints/SIGMA_CONSERVATIVE/rep_069.rds,16128,2d0494f4e15080ceb6c4e2e217b085e8,f726f9a5da074ff03762f9b44ca49a7209a7b2c879d020e7de2e0d9c6c3aa6bf
checkpoints/SIGMA_CONSERVATIVE/rep_070.rds,16487,8f26bd5d62c6fd51b3481a9d694009aa,92dbf8a7a4ec0fb42c242154dc3de6d397cb6a444d7254833ab0368314a37e94
checkpoints/SIGMA_CONSERVATIVE/rep_071.rds,16606,072c1ce6b4b9390a8515f345612faf21,bce3cd7ba0c5d43da1e280dc87a12eabbc5758f03708ad0ddce3e8345e8694ba
checkpoints/SIGMA_CONSERVATIVE/rep_072.rds,16468,91a13075170891a2624190c8f1bf1ee8,f7c381c57d9a33a1a785568726329e98fbd74ab8d272541841795af86568a31a
checkpoints/SIGMA_CONSERVATIVE/rep_073.rds,16311,dee809d4878b41159d9b85a0e2ef835f,1d1b1839cb815153d70007cdab314ca45b03897416e479641b4047fb1eb874e1
checkpoints/SIGMA_CONSERVATIVE/rep_074.rds,16571,369bca054991ec79106be5b4eed2e482,3c0d5f49282fc8a6dba273532eafd9f0451e35f45b8c56249a448f39603391ca
checkpoints/SIGMA_CONSERVATIVE/rep_075.rds,16504,d5035bfbc028ae455187def3a9c4466e,ee431e351deaca678bc550168486e7ce62086ccedf3c8832c8019adc869c72db
checkpoints/SIGMA_CONSERVATIVE/rep_076.rds,16148,ab6d3bfeea98e926886faeff254bdcdb,d9eb48455e9070f7bf83ff03e8b6164bbfbb465f5bfec626d32d4f8bfa0678e1
checkpoints/SIGMA_CONSERVATIVE/rep_077.rds,16083,d67488ee8bd7948584e1d8ecee2eb3b1,001c64796c1e1995296299c9633dd5f5a6fe27a67954c3af5f5668e88d8e4c39
checkpoints/SIGMA_CONSERVATIVE/rep_078.rds,16502,a62ed18016a6ecf193565f2830c2ef06,c844ef20069df7ec197d1df1d6ba86b6ea99a72ecae2ccfa24d08db338184eb7
checkpoints/SIGMA_CONSERVATIVE/rep_079.rds,16048,fd472842b11158b6d0003756df828699,4a714390d0ed44c316f948c220a5d9a1d3607295e3ce35b8630d6d7b87394639
checkpoints/SIGMA_CONSERVATIVE/rep_080.rds,16360,1f376c2a5f3ca77147001dbd6d3421d0,15c44c933d0f346dbcd84f4254c0ab0df3b099d5f5458cacf3a28a6f2415c1cf
checkpoints/SIGMA_CONSERVATIVE/rep_081.rds,16576,dd8c0506e7eda0a67bdc0b934a1ff1f3,f5917c0e7ebfcd47ce7ca085eff1ae5860c7435441844c18bb79445af019f5f7
checkpoints/SIGMA_CONSERVATIVE/rep_082.rds,16469,3e2cf51b7835ec32ac7dd64dafca0611,1030ad2fce7827c468de023b53d4d36e06ee0d6ca097a5376ff38ec7784ae198
checkpoints/SIGMA_CONSERVATIVE/rep_083.rds,16483,81fe83234c8a0b790023078fb79ee13f,7e19122765bb7893e38fad9fb34ff36d8ce7782cde27775a9d97b7fbb48e85ec
checkpoints/SIGMA_CONSERVATIVE/rep_084.rds,16519,130fd3afd5f346dc39c3314fb7ea630f,1775f397d324d228f3d2479970715f7750046b4fdcf66cb42448f987e0ff740f
checkpoints/SIGMA_CONSERVATIVE/rep_085.rds,16606,04deee23a78078707a5b278e0945e2ac,ff8186def7ae7be00dee70cdf4bd4b03f034bb99235694fcad4ace7811b4bc0f
checkpoints/SIGMA_CONSERVATIVE/rep_086.rds,16503,0b42b7d020987e8ebae028868703beb4,7961009abfc286d8255b4f1bfd10440c85363e18f0efd380462eb0ee892b5248
checkpoints/SIGMA_CONSERVATIVE/rep_087.rds,16286,d6addc00c8d1f8fd4d292e9edfc5e27f,5016aed975e0606e133432bef36e1efd0f07d0fb09c0215badaa4092d7518281
checkpoints/SIGMA_CONSERVATIVE/rep_088.rds,16529,1ff4cb0a49b5ff77aaf48eea2e901b7c,5dfe0b3d1978fc21022176379e2c014eae544d3940498b15d0ca99d74f77b964
checkpoints/SIGMA_CONSERVATIVE/rep_089.rds,16610,a505b4fbea4fb8a3cac1535a1b8bc47d,d4004a0a3b9615115243c55bac28784d79e814c6a380a0d183c240bbb2739d66
checkpoints/SIGMA_CONSERVATIVE/rep_090.rds,16318,06d3f2bf0e50a1a18b8b4c1f142f293f,62540c7d26b2359644fbc0f96e391cae19efb106eaaff6eca9f8ca778c6c0541
checkpoints/SIGMA_CONSERVATIVE/rep_091.rds,16590,80fa51359ee8cceb20a2364bb1f4a78f,6feb10e16cc3c198cbf8817f85d2e004e8ba2f4825792044b755133f45eefc06
checkpoints/SIGMA_CONSERVATIVE/rep_092.rds,16483,4cc818532903425015c9952ffcab1005,27f2acf5e9b4d7ad727c5c3de5ec12f0f15ddb7912a1585dca9aeb2c6c2f36f2
checkpoints/SIGMA_CONSERVATIVE/rep_093.rds,16368,8b80306006cdb6262bb59ea42bea21fe,94ae7ee524092a628fb5c359111808f1e9f5796372d5e562986489ee23a09aa6
checkpoints/SIGMA_CONSERVATIVE/rep_094.rds,16419,725fad97bd17f1f836f531646844c6a4,c1f84cfe852b8d5d4d3df7546de76c5258539010c24902632f752ed169a67e40
checkpoints/SIGMA_CONSERVATIVE/rep_095.rds,16477,1e6c1a5da10f5dac4de564d74d58e01e,3aba8b79290e7726ed7a8a0553ff27c73248a4411d0b8f8eeee78d826755040b
checkpoints/SIGMA_CONSERVATIVE/rep_096.rds,16599,97025f19f4e818310b09512d72c873b6,9a021ac5039de6ce84c74a9649c1c05298c264bd12c3ca33a56e12a8eca86fd2
checkpoints/SIGMA_CONSERVATIVE/rep_097.rds,16306,2d34f20053394a802c553c6d36ec7df8,be66620bf5b3020dcdebae2b976be582ef689f8b047bf61f84f7c6f9d158188e
checkpoints/SIGMA_CONSERVATIVE/rep_098.rds,16497,6b7fc6772c21f7acd593a6faed043674,1b066c84e3aa406642fd87776e1cf5c409d42c6c4220777470579fa369a4aef3
checkpoints/SIGMA_CONSERVATIVE/rep_099.rds,16427,154d2a568e29f95e305ab48069bbbf24,d4f24b48135271f710b6c2cd7b4e17eab142ab6f5d8ba7031c384cc3e81805fe
checkpoints/SIGMA_CONSERVATIVE/rep_100.rds,16470,01bb60d8b6f6573bf364db94a8cb88dd,87600fbe562eb93e201432a9ca7ae8163a581690d7d0f15fd56f2524f701f94c
checkpoints/SIGMA_DIFFUSE/rep_001.rds,15974,100b6e31716a01b450ca864426aaecb9,4766d199762d3832a5fb5186bb013b400c26eab0da284c568134bde5ac279797
checkpoints/SIGMA_DIFFUSE/rep_002.rds,15931,b49d80d4b6654d6ab6100f3fef188f62,71ddb6af5ea10749fa2accec60c204a86b81a1ed6cdaaac6cee86bc2d54cbdf1
checkpoints/SIGMA_DIFFUSE/rep_003.rds,15926,50303c9da06244b1992c16f427fb7a59,f0c80925a0c9593b01bc5e0c26a586654d321e96eb0174464ec754b4026e1998
checkpoints/SIGMA_DIFFUSE/rep_004.rds,15573,06fbabad1a1203cf706a2f9616319a54,9c43056fff29b393d1fd97e1a372d19359e5d5158b4756179ad05d3814dfaff1
checkpoints/SIGMA_DIFFUSE/rep_005.rds,15761,16cb0366622d1d6d81dce80c0a642039,e0372bdbfbc26db18a6478b2e6049ed93d1141e4d897455b00451dd44aecdedd
checkpoints/SIGMA_DIFFUSE/rep_006.rds,15886,593fc36b78938c1a6a7008f1547aa012,78b5b4dcace00d3a88a347981edebddf3d4d0f747cfd20915cac374056a7c674
checkpoints/SIGMA_DIFFUSE/rep_007.rds,15876,eaae03afe25f9b04ace80f9b03c663da,95d59a005fb962da435708ef2ad26aa9abcbe13bcbc62bd5f827af61ff2892f4
checkpoints/SIGMA_DIFFUSE/rep_008.rds,15881,1102dec4b0c5ae9d376c42fa0359ccdd,1ffee98b537866a5680d294fa93c4aa1e3c2195683542c1b47afc7649ee7a9a6
checkpoints/SIGMA_DIFFUSE/rep_009.rds,15890,3a08990e93a656f7e7d0bbf0ba6595ea,bc4d608713eeb8df2e7af9de7b4834b796ed2996639e2e2f7dd573ecb731e0de
checkpoints/SIGMA_DIFFUSE/rep_010.rds,15889,9c641d01d0d430f3164a139344141da5,28ca83064c88ac6ba78b015eb9228e9d0395f541cdb599b076a083dec572b37c
checkpoints/SIGMA_DIFFUSE/rep_011.rds,15927,187c6c9b253c98f69f40492371f4a5aa,fa58d67b939f105d15cecb7b07b122c77aa08509440d4e86477f0e74073c843b
checkpoints/SIGMA_DIFFUSE/rep_012.rds,15675,bc6301798a47e3dbda5781f1c2a67f53,935d260c4a9bbbe3672bd94fdf8bb82574c0eb756c39bd8bc01e30f843c036f3
checkpoints/SIGMA_DIFFUSE/rep_013.rds,15923,897ffaac2b731c26eab64a1cb0329800,40d318623c913732b59f19820516779e7844225355494e1f6837fe7b1d8d43ae
checkpoints/SIGMA_DIFFUSE/rep_014.rds,15682,b7f58373547122cef086e65a3a82a7b3,0f968188f110752fcebb1cc786d99b8574480b5773d5fd5584f016592f67f50d
checkpoints/SIGMA_DIFFUSE/rep_015.rds,15906,9272e40ed81c1ddccbb5bdb2157e57bb,554ea6dc6e5748189fe27f42838099b6620dd442247274ddc394da8ca1d9c5cc
checkpoints/SIGMA_DIFFUSE/rep_016.rds,15886,c20b68cbabaa825f24e8a49249e1aca7,7e9070d3a7202520d388d35c0dae4e3fe2c46bed6d5d443ba6bb6c5de0f78aab
checkpoints/SIGMA_DIFFUSE/rep_017.rds,15863,f92c1ae43680120f50608ba438179b08,9032b6dad2af80771e711ed6490e6032a268e504eab161e66ed1b653caa4fd80
checkpoints/SIGMA_DIFFUSE/rep_018.rds,15545,3b8e6fe0a92710f2fa35ae0d029b4b81,c0a28c3135176e57a93585bc9016329eb87deb53dc2cb2ac5e3435e0a1af4ae7
checkpoints/SIGMA_DIFFUSE/rep_019.rds,15948,952859d528e9a30194a66f4e9148028b,8ce9f585fa0d3bfb42ebd222f59fb882725f7544e020a3be3f269249bf2032f1
checkpoints/SIGMA_DIFFUSE/rep_020.rds,15994,b6b1ecb5f8d5591fc37663f7ce2fdacd,27dd94c640564480b3ab67cf1e958217c117b062edaa214126f3f2f027c84e37
checkpoints/SIGMA_DIFFUSE/rep_021.rds,15848,62c0112af3bca4dda3824aa87f99de00,b3b318d4d8ab82d3992e54897624d25d95292769924b969e0c06a4e03b9ff967
checkpoints/SIGMA_DIFFUSE/rep_022.rds,15769,9865449c6272361e49ec53ca1d5f6db4,6c3d9d94228f1345e505cb427d1206a4950e072072e02d7029158598c178417a
checkpoints/SIGMA_DIFFUSE/rep_023.rds,15768,2f24b44dfc5dd6051223b45a6843a372,c82fd4b2fdda7c48590d0eebe4e9e5ba777b91713acb06b488dadea8194d7289
checkpoints/SIGMA_DIFFUSE/rep_024.rds,15467,8ab826b49c0f40855e0e754db3600fd2,f8c9a5c9e558dc53927deb33e21deda9f63f997fbc3bd19ae2d13fd8f6eab78b
checkpoints/SIGMA_DIFFUSE/rep_025.rds,15708,58f67ae930ebe929d5239830cfd7388b,e80f17a06c62d74958c4f3f763bbb2edc44b48cd3c881838f8cd7359e0230e67
checkpoints/SIGMA_DIFFUSE/rep_026.rds,15963,b118b65b512dcb33d61d2b5019c3f2f4,b933c4ccb12aab5b823b1a644e60c1277deeb5c1c76a996862e37eefebe3dc1d
checkpoints/SIGMA_DIFFUSE/rep_027.rds,15917,c184f7330be99c60843f654f7e41bbfa,448515cf741b7c71892f159920db16a9427b6fedc951e6b1239f0af59612c558
checkpoints/SIGMA_DIFFUSE/rep_028.rds,15980,b71c3f49ce061b820bcdd718a2deb987,204bb4accee8c011333ea413838120b49cd4cb1dfb88247670134de4dd107b60
checkpoints/SIGMA_DIFFUSE/rep_029.rds,15843,30097f6a71981a9990dd7f303e9a8bd9,fc1395d82a480361fa58d5ea06d67914a61e75d1a15fba3c3465d9e8ca6819f0
checkpoints/SIGMA_DIFFUSE/rep_030.rds,15551,335376a73f1207b4b42ea9c7928db85e,6999b44ee764111383440b69f99b40df5bb263f0c84bcdfdfd24bf49211637e5
checkpoints/SIGMA_DIFFUSE/rep_031.rds,16010,1f974fcf43e0bafd65ccc1d87e34926c,15eb6a6518c34260fbf7c8c63605736ff02afa4aaeedba0fe39c6f8db14ad69a
checkpoints/SIGMA_DIFFUSE/rep_032.rds,15745,21a84efc27c37a61f595ff5c585c86d7,ba4e3ac926bf08e069a55628399330dcafe94bf2b7edc42817bf2d67fb848902
checkpoints/SIGMA_DIFFUSE/rep_033.rds,15896,6aa3fd61ece071b40bca6bc2e3dc7e4f,0503c619c45f6bdce794eb14e31eba31c46c3f433a7500237ed702fb1590905e
checkpoints/SIGMA_DIFFUSE/rep_034.rds,15897,eb44b78e93b9001201d1aba75a5da370,044afc594685c05c85fcee0a20787b60a440271d4e014dd2f3aa673e7e8c2c2b
checkpoints/SIGMA_DIFFUSE/rep_035.rds,15880,77be6e1cbb93cbbdaf3bcbc70620de07,3ce278f7187df1c3759b9e38b128ddee365d277900c3d4ff7bdca59b87e6b8ae
checkpoints/SIGMA_DIFFUSE/rep_036.rds,15934,d618f7dd7d6dbb280c4480e902d85cad,83a849a4d92420caeb3bde709a8d23f1255f7523374c78b7540460b3a40fd48e
checkpoints/SIGMA_DIFFUSE/rep_037.rds,15923,6a2e05f2874eacad64dd08cbe84c801f,1508492e732ddbeb17a7d3c9751252632c22743fe462d05c0c440db36a0e061f
checkpoints/SIGMA_DIFFUSE/rep_038.rds,15918,9d303a3f30efe49927a7ca30da378e19,80b87b9b3a0d0ec4c6c0263a75dfb3912f6a35724f6c00a4aba8e9b85eff7698
checkpoints/SIGMA_DIFFUSE/rep_039.rds,15662,b28a0f5022146eb3c5b1bd5a3c160768,c2f0419d5439c74b9cb4570f46639a9a8ecbc9ad5eb9a23f455fd3f5cc2210a6
checkpoints/SIGMA_DIFFUSE/rep_040.rds,15612,f2dd3c66f9b44c8735c8fbdbd6ed1ba0,b174900cdda88127033c6b86e82599e81b60efc10dfdca52498afa69c1c0b0ae
checkpoints/SIGMA_DIFFUSE/rep_041.rds,15939,dcdea14a4a8310d1a24dc0352bbb8f59,7a9a37fe5323b85d16fdd959641c5eafc1d627734d4c86f333a182efbdf27de9
checkpoints/SIGMA_DIFFUSE/rep_042.rds,15838,ae8fa183870f5eefcc0bef1b2f6a524a,37f6ceae8be8257a1756abafadc51d6a0ad949e6747257409ceef0afba2a3615
checkpoints/SIGMA_DIFFUSE/rep_043.rds,15798,45a4f7e2fd0296e3d0c4e93f59d0000b,ef3dc28b1c2aa03ead24c323368564fae27c0187c8caf7abde557004dc210249
checkpoints/SIGMA_DIFFUSE/rep_044.rds,15912,c064f8fcf1baf13ad54ced324f5b50e0,7fe23a45c848c51aabb6a765ddff02b1442a2c3a1f4a7125ac5d8e18fc1b7976
checkpoints/SIGMA_DIFFUSE/rep_045.rds,15947,9ed8153c3aceebfa9bc7a8ace6a0000e,8c933cdc6db321eedca836171df8a1d5cfb6bc03cdbadeaff4beed201bbf47af
checkpoints/SIGMA_DIFFUSE/rep_046.rds,15891,ad4e85dcd58116d3778971992918e1ba,5e2511518304b3e51fb13e6b7b508816aab13eaf7cbd973471ce90a6511c6594
checkpoints/SIGMA_DIFFUSE/rep_047.rds,15926,b6cfd034f490bba01f12e6dea0b58e64,2206cecc4a3d96a768f1abcb72bfa73a11e4fdcaed6a01c924d9070ef55651bd
checkpoints/SIGMA_DIFFUSE/rep_048.rds,15954,8068cfa5635907185a3c0cc567bbd356,ec1777df48d6553befdb7b71313cd880c6ef867315a688b0facbbfff5b176180
checkpoints/SIGMA_DIFFUSE/rep_049.rds,15594,47b3a0b3c154f88fa7327acdbcb5fd76,01a5059b71a742db99233ec894508171127cb32069b6374948c344d9d6ed4837
checkpoints/SIGMA_DIFFUSE/rep_050.rds,16026,a6fc824fe7a58abecf562b42cc3350f0,e96fa4ca4b8c2464985e9a44b5923335ff2c30f88f7ef313ab0c4625ed97ad26
checkpoints/SIGMA_DIFFUSE/rep_051.rds,15982,f1f752f120c6b10be3002705a04b6e05,504bf10d53a85a48c31e09f165f9bdbb126568d260695e8193aa1e39a05a6444
checkpoints/SIGMA_DIFFUSE/rep_052.rds,15901,713ae7f8f6fb5fdb838337613ba80d6f,99025646de868c98f9d026b4237e81ee4492cd85d649df3361ee5895a3c2c71c
checkpoints/SIGMA_DIFFUSE/rep_053.rds,15917,0d72b69b692fde682eb5f90ad62b3d37,ae951e1a3baf9d2ec3fe07cfbb4588c73f1f508934f16a58a18599444bec1558
checkpoints/SIGMA_DIFFUSE/rep_054.rds,15854,4234786a750d286ea8dbfd11f538d04a,37c1f9ff64b41967b92dc34395114e2016f5fd7c22c0fde10e7221f3806d574e
checkpoints/SIGMA_DIFFUSE/rep_055.rds,16011,6d21b9cdca4bf511a86cad7e8f21f6aa,c636144cd36fd5129611230b3ddd9d244fbafb9b4a94e43820b6e231ef47cfed
checkpoints/SIGMA_DIFFUSE/rep_056.rds,15930,178fa4a3e529f204e04166b4a28d07cd,708a2a68b4409c96bad49194f71450eeb6f32395235e6553db3f9f079d1f8631
checkpoints/SIGMA_DIFFUSE/rep_057.rds,15914,accd49a285e9652b9a5a717084125be7,e1347c9358c44729155749004778c1a16f52da19eef4b19f959758fb64854156
checkpoints/SIGMA_DIFFUSE/rep_058.rds,15983,7b0048a955a287a03ce22ee3447455bb,09927bd5ff2e372cd5be8100aa16726f1217c3f2897e9cfb4697a357054b6518
checkpoints/SIGMA_DIFFUSE/rep_059.rds,15779,3bb515cd3938328bcb554c905e36ca53,ce491ec4b750a8aa05cca99d6258d767c2fd14514a9eb1a802ddc70fdaf983da
checkpoints/SIGMA_DIFFUSE/rep_060.rds,15892,d5c684325dec873541ae61ec3b36ebc4,c4c4c99b06e333eaf3878a45603db94b2ab6a1087d35096b9a9ce8d819e058e8
checkpoints/SIGMA_DIFFUSE/rep_061.rds,15918,295b5ec4df04a41620f904d86864e877,5ed12df262d02c53467b16953954fec36d461154cc7f03d009949ba24d6a2586
checkpoints/SIGMA_DIFFUSE/rep_062.rds,15773,2fad65b826c3e2d3deeaff2407e5c811,bfae8d1468e3030bcfbaf12c6aa9f6efb8e12ef48ac600b11eb05659a15e0b38
checkpoints/SIGMA_DIFFUSE/rep_063.rds,15970,d3c87322a4e44fc1a45137992735bcff,ad7faa07efb16546db3a5afa318c9ba3ec2365670a6495a3912c5782539c4111
checkpoints/SIGMA_DIFFUSE/rep_064.rds,15869,4519fa4f185ac454e49656870ca677f7,37f3be880f754e751c2c31b860fee84a5e820f41b88888f826c177ba6ad2a4c0
checkpoints/SIGMA_DIFFUSE/rep_065.rds,15751,d7f72b843a4adaf855562b2d1b5794ba,be181d8062d57191b4e2cb578936bba89cf90acaf468734fed32888e08cc1567
checkpoints/SIGMA_DIFFUSE/rep_066.rds,15916,33e2c9cb3814f2676e554e56f3796219,aa6a37437faed8f8ca018f296a52958f5e3d107b11547e242cc019d983885aa5
checkpoints/SIGMA_DIFFUSE/rep_067.rds,15706,766b43b267e01950b9b2da3ad714a2dd,9d471885d8240902fd783cfba4f3f10e25daf742231658f363908c4091872874
checkpoints/SIGMA_DIFFUSE/rep_068.rds,16023,941efc387f8a8d3052ed6a5b4c52cd98,23fc996e09f71036dd49551f996b5e1b7c0019544adf8dac095cb208c4619235
checkpoints/SIGMA_DIFFUSE/rep_069.rds,15853,a6d2b1c0dbc1dfe37b29fe2c5821c073,3ba6ea786e5c34b935bc316c11846641b6e4dd93c8fc8314c84a718ceb549603
checkpoints/SIGMA_DIFFUSE/rep_070.rds,15933,e050307cbb97e501badfdfcd5c56a78f,f90d5b20e6fe628ac70db27546dded811a235f6430a533590fd977fec1b00e3f
checkpoints/SIGMA_DIFFUSE/rep_071.rds,15907,359379ae6da4f5627cbef4d52f2eb92f,d46b310f88ed84b2a5ddcc8e4435f114435773f2d0617176cd2f2b431ba1d516
checkpoints/SIGMA_DIFFUSE/rep_072.rds,15882,7f95318af51cdd574110abf063b6d908,63a96d7b17664bc087561c9bfd13f3ee391258298232302e0130733638e56dc5
checkpoints/SIGMA_DIFFUSE/rep_073.rds,15853,d370257ecdc8838cce7293347848ad07,ea7d338ccd423f6907c9954e6d75ea0199463323e56f2999f1572cb021995a67
checkpoints/SIGMA_DIFFUSE/rep_074.rds,16030,cec0c409ec72f4fe935d376f4fb553de,db5b66e817040797fe3d1534c5a888733bece356e67117cd11eb482b3999cbc6
checkpoints/SIGMA_DIFFUSE/rep_075.rds,15999,543f3dca12342137f2ca59167f803b52,bb62a0345f8bd6ad04cd75afb17ab873ecb9e5af5017536a345070ee95916731
checkpoints/SIGMA_DIFFUSE/rep_076.rds,15708,bfb4ab95830eecb5c0e5a13efa4a9e2e,fda0579f887e08019ca7ed520dbeb7903d2adf698cd55998302c32f895e8c9a1
checkpoints/SIGMA_DIFFUSE/rep_077.rds,15747,952216f4a36fd2e6ca57a0fa92dd5b78,b64a31d0d2bf8cce9e2dcde82a20338cee61933fd237cd9c5930ff34b143cc30
checkpoints/SIGMA_DIFFUSE/rep_078.rds,15790,e9927e3d797454f3d17c635ca4fdb80e,69cef4650edb8f369ea9e3c78cbd4e9a7c50710b05b45b7701bfebeb4e394c52
checkpoints/SIGMA_DIFFUSE/rep_079.rds,15814,569ba9ae5d0d3a25fbe9cc51cb58fa00,72a8a53d78a1dc38d44ecf96dc3ab406b0e701b864648ee3c553e7bbcea8a9ff
checkpoints/SIGMA_DIFFUSE/rep_080.rds,15798,65e01d71a3dda4d5eabc777dc0fb6b28,514bdd5ddeb1eb4177c932e3b63f8ed6226c8f1ee78330a5ecb5f82c062882e1
checkpoints/SIGMA_DIFFUSE/rep_081.rds,16097,3e9399bd5cedab2e44f020f72bf12bd7,5478420c33b4f2753cce6159d8c4f7a4e6d74e4d744428e075ced0b74323d580
checkpoints/SIGMA_DIFFUSE/rep_082.rds,15904,66677343d13cc764d0acbbeee3660ccc,8202b96158cd465e51d8fb9311791612381db888a5dc4f5b7bd7740954cfb0c0
checkpoints/SIGMA_DIFFUSE/rep_083.rds,15904,743c2504668bdb320505b92ab9d65138,bf25bd31592a51a0d4cc40b93ae3b6e8f698c490717e10680270c7aab86a722b
checkpoints/SIGMA_DIFFUSE/rep_084.rds,15845,1b70625e4e2e4c58f36cc1bb10b3f713,476439d24676d86d2ae9cf6d523fb5a2e3acc4b4abdb754a39a53f78826dc127
checkpoints/SIGMA_DIFFUSE/rep_085.rds,15884,0e571f75c20ec72558220f39c03f3bb0,e9a5eff175d427b00a7308acd62668d8516bdc6671065380b474bac227df405a
checkpoints/SIGMA_DIFFUSE/rep_086.rds,15975,81467878f5d1ccd34e332dd156737aa4,938ff7bb448d39e18a83f3f8d7f9fff9e52cea5585e6c8dd819a2dbf1df83feb
checkpoints/SIGMA_DIFFUSE/rep_087.rds,15902,59e72105a9150001ce2ceef8d3832d94,bb14923f4948efc9233ad7459761018ab2a5dce8f6b9d783ca69d92365d20eba
checkpoints/SIGMA_DIFFUSE/rep_088.rds,15935,7a0e407e1c3e812ef6772c2fa2395ef9,59712c0ab99cfe7c9950368b354ca91f4df167ecfe59804542ed9d977b2a6875
checkpoints/SIGMA_DIFFUSE/rep_089.rds,15802,dd9d5aed51e20ec8410b2f4c36729fd6,83bd87d45590719a0d43b22d38ffc307a0cc210bd1d765abdf4dab8fe1798a57
checkpoints/SIGMA_DIFFUSE/rep_090.rds,15870,98408680a0cfe902b09d2aa810085ca6,ad3480de628c508e5b08b119be22be12cd2daadd67ce48c78c1dd5e29ede3246
checkpoints/SIGMA_DIFFUSE/rep_091.rds,15874,d97f94a0397f89b92582434c97143140,d209e4ce18be9a30eace8e0c39ded73c22d510de18cd37b3b2ddc19529fa34ba
checkpoints/SIGMA_DIFFUSE/rep_092.rds,15966,d5823aff3ae20dc6c3a3bb374c3e19df,f952dff42ba06eaed88874e830cd02caa47b06caa44b1663f356094032c6a069
checkpoints/SIGMA_DIFFUSE/rep_093.rds,15724,770a7bb19090036b519c9a868a1ec9d3,3d9ac3307e0e78a866be67bfa33a58f54c174d817fa9214d0664fd1e1b9aa653
checkpoints/SIGMA_DIFFUSE/rep_094.rds,15884,554ad2377900b9cdb683ae00847a37ae,0cdc81fd3a145ac9e6733ff8fece21d9aaeb46ab252f54eca542053fc0350da0
checkpoints/SIGMA_DIFFUSE/rep_095.rds,15886,1d49018d55a4849602f510bc22c70c50,0787ab44a5a019a02243a3f5a293c0d07505cca4c55b421c686111b7b4f5ed08
checkpoints/SIGMA_DIFFUSE/rep_096.rds,15896,0c68d26afdccf53bd5fe45ac738fe8ae,5bf48a1ff668e73171bcb9da53a3acc315be7ab20d7de8c8d7421eec9b34ed81
checkpoints/SIGMA_DIFFUSE/rep_097.rds,15733,4588f110c7a71da11c423865e9d68cee,1a497012e3621888537c689582a862876ce3ecdacb06f406bdb41b6445f02aab
checkpoints/SIGMA_DIFFUSE/rep_098.rds,15899,fd2b899de42abd824480e11ead327443,3f7939e52e4216aaae58b3ebc12adae54a524e71e4b3403a9130dbbe44b78e21
checkpoints/SIGMA_DIFFUSE/rep_099.rds,15577,d7da732fbab196fe811614fa28411da7,7a3e571505404fe48b38745ed395623cc7ac2697a39032113a70afc924ab2c38
checkpoints/SIGMA_DIFFUSE/rep_100.rds,15858,fd9e9c36e18af58a8b474c9a2ee4ece5,d16e365d442c8c024c09fa7657d5ae5c8de8ef4fc67e878220a1cd8dc8457383
checkpoints/ELL_CONSERVATIVE/rep_001.rds,16284,921a0ec8bedf83c79c780cd331b2830e,30a1532dafb79aa7297549f779c08c35bdf6be07219c0db040aed2ae3f9b04a7
checkpoints/ELL_CONSERVATIVE/rep_002.rds,16448,aa7db18b005f85e56c55e187ca21b534,fc4e7d6a9bf953cb713fc3536f5de02459c89925e3c412125861db7b79aac4f1
checkpoints/ELL_CONSERVATIVE/rep_003.rds,16389,4fd3f38e799387436b586012dc602140,6790587839dc88a2d7e7266af0c5358a46beee2713a9c18451989bf5546d1ee2
checkpoints/ELL_CONSERVATIVE/rep_004.rds,16310,a8ef90ef424387141d8d7cb49c01907e,9295fadca6117e6a671bf5865e5a2b14ac22832f62bfb27e5e10e1d7c5529044
checkpoints/ELL_CONSERVATIVE/rep_005.rds,16051,7c209f3f077b74dfab5eec101ab9287c,307ecd60aa56bc145a064b540e45d495b434bf71791cc074369bab115f80b024
checkpoints/ELL_CONSERVATIVE/rep_006.rds,16381,bee78b6c0abf2fac28f63139fa43da0b,62bb8b40d204f1ed4baeb4dee178b9a421626a61bf1b8983e984e26f11f3ecda
checkpoints/ELL_CONSERVATIVE/rep_007.rds,16371,5b434c5c103b1f001b7d558a8c66040d,9a2f93a731d9c65d9ba8e7c0a52fa9d074a2c9020ef751775191ddedf9fb0277
checkpoints/ELL_CONSERVATIVE/rep_008.rds,16381,4c8508af28d539b32d6a06007c6faf9a,6aae01bbb8246a028f3340b4ced37c4c5df295c18381bd55aa327172b136cf18
checkpoints/ELL_CONSERVATIVE/rep_009.rds,16327,0705f4956692e5f1eea17929ff1afd1d,6521580b3d8f83e9243e409c163a038bfb4ca374f213ed35c487b0df8fa8208d
checkpoints/ELL_CONSERVATIVE/rep_010.rds,16395,9329f3197a4c3e7167547de2747463bd,7133be0afb53e895cb2e45a8b3bd2af3b3fb56fb9aff035a59392ca50cac7d6d
checkpoints/ELL_CONSERVATIVE/rep_011.rds,16429,a52eb756637179567c8027ea1605d908,4894dc5cd14905034988c52f1df8e0c15e570b99e0eb12a9cf7ba08a0c49cbc0
checkpoints/ELL_CONSERVATIVE/rep_012.rds,16203,b3813862b793249bb1ced005b0a8c701,c0bf2ed67bf681d67944f02743f6c3e83d3f437171bb59611d54623571008a8f
checkpoints/ELL_CONSERVATIVE/rep_013.rds,16440,5fc075f1827522cb6c005e39a066daa0,29519653bb12ba62b0a683342aec0ea401819cbd9b2533aa069eb054f7510b00
checkpoints/ELL_CONSERVATIVE/rep_014.rds,16152,84df5be3bd3e6dc5e4f3d3fd7194ae4c,a2ba204241969293ad46e3b9c9dfac7490be66506a4fac6836f71252dad3606b
checkpoints/ELL_CONSERVATIVE/rep_015.rds,16377,8b358def53ac96056254a8c86b52315b,284f5c74a883188aeccbbc0e7cff2515002f644971c4c7c27171c8ca890a7a5f
checkpoints/ELL_CONSERVATIVE/rep_016.rds,16419,79bfbcb25c9c78712bd088a9a69e1d98,05f029492873617650b4c880ae922a89adcb256f3fb707b451cc945680024f77
checkpoints/ELL_CONSERVATIVE/rep_017.rds,16301,d07ecdf1cccd060f37f77f4d8c27f639,d3c9ebf82583c4b3276cdb957659bc16922850cd390a28b9148f03b1a600303c
checkpoints/ELL_CONSERVATIVE/rep_018.rds,15745,840443b5adab4f64f373266f12e54951,343ed0f6072703262757f8fe239252bf7e82ecb39787e538fad9d7ef4e569875
checkpoints/ELL_CONSERVATIVE/rep_019.rds,16425,18fc73307217e48ea1702186b159e510,64271bc40183b3e5578ede5b29c494110685ff4656fa3971bd851d4214b6f162
checkpoints/ELL_CONSERVATIVE/rep_020.rds,16360,75dbf3514852ec1a356c2e72f2f20d97,f2f77a1ba36111e18021e7cb9794e9f874a0f53ef43baed2be50070a2e5780f3
checkpoints/ELL_CONSERVATIVE/rep_021.rds,16341,092571c9811bc89d43d554999dde3184,1cfb16c2e6b67f08977ef15ffd845a249d251077ae2ee4648934559ab6e82ae8
checkpoints/ELL_CONSERVATIVE/rep_022.rds,16393,76a70631e50fd64e16e3ae76ec991bfa,1db6a37a66b8433e3e16f832ad13557215a4f53cc8b2676660d169163a687881
checkpoints/ELL_CONSERVATIVE/rep_023.rds,16286,7167b5c14be141087926e221497cb8b2,9f13402e4a1b490ea7e976a53b23af9b749eda16b8d7a3119b2cb4df10b84612
checkpoints/ELL_CONSERVATIVE/rep_024.rds,16157,1fb0406f21e2cc689c47b4058773e92e,00bd6c78b789b02c8cc347a2bfd45687e22f06df78395b5e6d130511fbd2571c
checkpoints/ELL_CONSERVATIVE/rep_025.rds,16054,47692e7a042baff8802f71529d7e5fe9,df6acb085c518b6df6db444a50c279f783124c875ddd4ac2fca5a1acddfe0841
checkpoints/ELL_CONSERVATIVE/rep_026.rds,16347,1e8da1a563993fe324862b6c98eb9b2e,7fa502089956d138df3e77ee6cc4d7d9abb1694744190bd48c888900a9151741
checkpoints/ELL_CONSERVATIVE/rep_027.rds,16376,2c52f15e3c21662a78ac27b6b123be06,57cb3b85bf4e9682baab8b556ca5d23bd47d2b858a93371c699946b45ba784db
checkpoints/ELL_CONSERVATIVE/rep_028.rds,16371,e8200ab1376d3d25402c03f74ca176a3,2a3e699dd1c9aa84335fe862f8a282ca18e504a65d2bc13e65b531cc79f38dfe
checkpoints/ELL_CONSERVATIVE/rep_029.rds,16339,9049591575bbffe8783175faa5ecda69,bdd0f32578ba38434fd58626e95c2dd612b784e5d95dde97a243eeec3f64580d
checkpoints/ELL_CONSERVATIVE/rep_030.rds,16455,bdcfab4a77aa98a5f536511fe18d0736,d29c05085e2fccff418e1e4773e602cba79510ad9ea30dbab63b99a75383f410
checkpoints/ELL_CONSERVATIVE/rep_031.rds,16059,78af8f5f57be19dbc7aec93c704d08ab,e78be07abee8aae02b1b292ce5239d77df03c94b31fee800e87a3052370fb623
checkpoints/ELL_CONSERVATIVE/rep_032.rds,15928,0a587b9bc4c7ae76939318f7d96050c2,f27e3646bbe86367dd34d3a9068e74608567d7e3a5be7a7b21bb3e6be40c8665
checkpoints/ELL_CONSERVATIVE/rep_033.rds,16307,37669ba1c3c0dd2c4fd0af64f7ab3212,c5181c004d48e54084dd7f4d22e17b48de3f01b98b2eea2926ea2dbaf15fc108
checkpoints/ELL_CONSERVATIVE/rep_034.rds,16420,a0c0f0cf6ed0bce7a90e4042843176b0,129e5c3d7c6dda2b070bd16fd791260a6b1872b5bc3c7e0610ee12cd2aca8fa5
checkpoints/ELL_CONSERVATIVE/rep_035.rds,16267,7e226558f4f56726cbcb06e7bbcd7482,767b968f60ae31fb81c1c3456425c0408700cefa42feaeb25297210044ae8661
checkpoints/ELL_CONSERVATIVE/rep_036.rds,16254,fe14fbcbdbec109676abc0c08aa13578,0df0fddbddb6449eced2081ebc5d3dfa6e75ae5b0c37850e210396e024b8ca3a
checkpoints/ELL_CONSERVATIVE/rep_037.rds,16439,a2500958edb144d5865c617bcbae94c1,a19ebadc8e9f7242cd760ba65673bde4ad3db31f78a0d82f7d82e0745f844fe7
checkpoints/ELL_CONSERVATIVE/rep_038.rds,16331,090efa4a367ec5360bfd7862b6a3533d,bcbf1049936b8ed9e4465cfd058b80ddd55e0310a53b21a8ee36bb30afc23f61
checkpoints/ELL_CONSERVATIVE/rep_039.rds,16262,fb6f6c2b6746cf8fbb5291fa82db5f44,13c085fed7563cd5f9e2185cf5f5b02c28e9aff112b2347541e57bc02d623b97
checkpoints/ELL_CONSERVATIVE/rep_040.rds,16317,2daf82582b3c983b4d73bc05e01e8470,5dcef2a6d05173da50f2aa799ceb40e880750e50b2fbbb837efb7708448c7b1d
checkpoints/ELL_CONSERVATIVE/rep_041.rds,16430,7e3e8b18325c963d487a8a94eb7b4b81,5c214524ec3a5f4e06b089334831d04c8b54b160e4c595ac6bfab0a80f79ce4a
checkpoints/ELL_CONSERVATIVE/rep_042.rds,15823,35e11542d61355033eca8a672876bf93,945e6d7195c81654fa11a5817aa6a2c33ee0880165056be3316a6c86d1b75b55
checkpoints/ELL_CONSERVATIVE/rep_043.rds,16464,7c4171c87ebe814bb3ebbb560ff2613b,cd81c6646787068a19d191dfa1285e9b22dc35b1b46f1ed84108478d1bc91979
checkpoints/ELL_CONSERVATIVE/rep_044.rds,16266,caf68f700233118a83136495e2aeea1b,04752703fb2237a03166b27cd382f2ba5bd1fab1a2e2f62d3e63a3114d31b48f
checkpoints/ELL_CONSERVATIVE/rep_045.rds,16355,e4a566eb7a470fa24872eb841af9c17e,cd8f7a35f99be4a200be0347f5c3c66e0b59dbf4ae2bd94c509cfbada3e87781
checkpoints/ELL_CONSERVATIVE/rep_046.rds,16305,410db49a7a61e60141cc53e264c93c3b,072ba4b2d5e79a48ae988c272e93e31848532667019b289d3b5313bb86323c54
checkpoints/ELL_CONSERVATIVE/rep_047.rds,16384,42630021a6c5c44e36439e3b2ded62c5,ed893c0231ad92f7d597916f19685d899b24fa72b71fd825e00fa02f63a4dd42
checkpoints/ELL_CONSERVATIVE/rep_048.rds,16409,20343290ac94d745cba0008c6bf8bc6f,ba84070c08dd80d220428b88f8d888006f376cbfda87e08a180c14afe9370876
checkpoints/ELL_CONSERVATIVE/rep_049.rds,16327,1d718502871ed6d1f6feb8d7d394e52d,c86d50cb14cab4e36e5f69faf25d7618ea64eac78243117151ac24871d75a2ab
checkpoints/ELL_CONSERVATIVE/rep_050.rds,16398,b28ab43216789e04aed58522fe6987df,44a8ee745fdb4319f847a72460162f32f8dc8d2b8adcafa2403d5c2b40ffa3c6
checkpoints/ELL_CONSERVATIVE/rep_051.rds,16368,f75aee56274eecbd342c96519949235d,575a993e9a330c65b37a4a02230315bd99d483252f17d62cf4d22534e8ea24ba
checkpoints/ELL_CONSERVATIVE/rep_052.rds,16348,84a591ebdfa6844fc21888ca277e4075,17e9fd2f1ed36de3abb9a43ebdace60c686a1c1681d761dfb62b1a503baa07f2
checkpoints/ELL_CONSERVATIVE/rep_053.rds,16335,251f6a886832421aa5e22d0f8b502831,ac736a61f8ca29c01aaa8019c0ecf00c9e78f60b0f8be3df0875633f3f8eeb55
checkpoints/ELL_CONSERVATIVE/rep_054.rds,16426,1b088202d55f03bcf5b94041fbc883d5,d29c33183e324f0e192c6cfb954d9b2f6a46ef28d6618d74b662d5e9db4fa257
checkpoints/ELL_CONSERVATIVE/rep_055.rds,16341,01cd7afda635a59968f71593d15708fb,0ad55de2a6e7f72517f31fe82cd347925e8f41dfc3f7a4fdd90d6430fe08c95e
checkpoints/ELL_CONSERVATIVE/rep_056.rds,16404,44d5aac760106e6b4ac6519be3bf35ad,3dac13ab8927ac32e84a17060184b6ac1e36f08a688e9713245299b1766fd185
checkpoints/ELL_CONSERVATIVE/rep_057.rds,16237,83f9ab9c3bfdda5b0bad0ee167987c15,1a41bc382196d4dbdf069061aff6f40ee57b495c016c36d7664af3b9c5ab8602
checkpoints/ELL_CONSERVATIVE/rep_058.rds,16441,8cacd50b332ee6cccc2d3c8ec32b8462,2bb2d8c1a6bdb98db51a95cc120e390b35ac73de62ec862a6be46a5465038f57
checkpoints/ELL_CONSERVATIVE/rep_059.rds,16371,e7d216557bfd81a5fedf5063402c8fcf,091ccac1e1c8d13eaf11c89ac55d66dca4321e190140eae35e0109733a9fce1a
checkpoints/ELL_CONSERVATIVE/rep_060.rds,16414,4204fdbaa435a62b843eee35314bde94,8013228766dd848f92caf1d4404d0b6ce0407ab0e324cd10dfcbfc030325a3de
checkpoints/ELL_CONSERVATIVE/rep_061.rds,16415,9166b3363533aaed4177396aec90c5f7,af4e23e72cfbbb0d490b451dc7f2492c00ae9b27d8788ad3554a5a98db7a6b73
checkpoints/ELL_CONSERVATIVE/rep_062.rds,16315,f955ffecd1646e85217f9121e6797bb1,025f1eb136abab22005eeede18c3f1a1a1af7f0c5f10c53dcf4922f9c5f4516e
checkpoints/ELL_CONSERVATIVE/rep_063.rds,15827,5331fc3f1fdb02a35863f6f8ad16998f,222fa5453ab356f35309a503cb23524ed01456f0db05a54a4ef7f9300d222488
checkpoints/ELL_CONSERVATIVE/rep_064.rds,16339,ef473533e4054b28057e703cfe8ad5c8,3c366454d0bc73db532e5b16ff5fdcd5f6e91b95a9f065547ef314921d56f2cc
checkpoints/ELL_CONSERVATIVE/rep_065.rds,16394,5f11d0c0c6f05db196f0cdfe97ce917e,091bc49bcbe35d4f219ea48c8f4521658b004de3d50f2d2dcaa5cf4710c095b8
checkpoints/ELL_CONSERVATIVE/rep_066.rds,16394,5ec318493a6cde249bb0c218b1bbfec4,77fec7fb14febc47151f374822857e3a96cb63261498a81f8b48f3701148f7b2
checkpoints/ELL_CONSERVATIVE/rep_067.rds,16206,7cd9f91ff09c462aec6219f18e1ddbbc,ce94450cbc016274e71a19ff89d1d991119cc9de11bef8918354775fb6822529
checkpoints/ELL_CONSERVATIVE/rep_068.rds,16460,4b863c0fb851b1cf17e27f1bab5011ca,6b47222a166a476328657199472040eab202887bf7c814d376a3c7b2455b2502
checkpoints/ELL_CONSERVATIVE/rep_069.rds,16359,0169f65c2b349fc67a96e0bd62e84c39,e17fc6040adf4ec5352eb2e11bd466ec33dd32951e40ac0c3d2819a9d7adaaca
checkpoints/ELL_CONSERVATIVE/rep_070.rds,16251,43cbc64eaa170836375c598ed241b249,749cd24d792ce151ed781654bb2d024a1aa5fc1d80032cd3529670eacdf56af1
checkpoints/ELL_CONSERVATIVE/rep_071.rds,16373,c0f13ff2613cde5d982490ddf433f764,2c836d80eca134de87b42fa7440f7f33a60d8ad2d0b951360be191e297022966
checkpoints/ELL_CONSERVATIVE/rep_072.rds,16280,cabe853043618de3c809f80bdf96133e,e594de074b707038d3d7cf19b917c24481abff9315a8c76873898745fa52f033
checkpoints/ELL_CONSERVATIVE/rep_073.rds,16420,b99c603ba2ec14835f7c700046dbf2e3,a516fb07597b3554617d892f5dde1602a3fbae00a74cf71395021f35198a9fd3
checkpoints/ELL_CONSERVATIVE/rep_074.rds,16417,165b70761f5729ca84ea13a67920ded8,7e7a75a1c68801f0ddcb3aa26803121ae863ac8fd4f0337b57b3f08af2693f12
checkpoints/ELL_CONSERVATIVE/rep_075.rds,16355,ee83db9bd2aae5d1d96d82c1cff67870,bd352f33957ce049d7c5b7a5504f94ec6db1b59fdaec5c647687b7259ea33fef
checkpoints/ELL_CONSERVATIVE/rep_076.rds,16381,282a2382291c821ec488e53ecd541d29,76494aa567c7655320d916af121103b41c4a8e85f342a82c3628bead3bc3b35b
checkpoints/ELL_CONSERVATIVE/rep_077.rds,16375,2afd6b3d10a48823ef8a81708135bb9a,ef6746cb191ede50c69fc81c8d1edcb653b3ef51f8a18e5fe8e664f80a57ed54
checkpoints/ELL_CONSERVATIVE/rep_078.rds,16349,97ba0c1eff08e0759a999cfa35824a58,433d22b5491f573b722f2ee8c28192131d086725242bab510b4b43fb66612ede
checkpoints/ELL_CONSERVATIVE/rep_079.rds,15950,b0b5dac37546ca0e203f2140c9595900,1bd97b868d1885e00e968fd7835983026613a29f3968745acd5f307d2c7be6ce
checkpoints/ELL_CONSERVATIVE/rep_080.rds,16329,792cf17a5298ceccdfdfe286597024ba,7d4ad2c6dacc43a5bd840441fe0793d32d705a021ee4ffe682c01e1960ec31cb
checkpoints/ELL_CONSERVATIVE/rep_081.rds,16452,a878f1f5fd24822c1bb62f84e7b5242e,22e15b7e793df40c4cb594c9ef5f006ee2f02bbdf385e04b21f41ca95a28847b
checkpoints/ELL_CONSERVATIVE/rep_082.rds,16381,a54a74ade016210e395ce424996bf948,947a2090ceb539724dd333f121fca9eb10251422ee87898346fde395a14599e1
checkpoints/ELL_CONSERVATIVE/rep_083.rds,16391,81373addf45129cd390b3929cb1a4d12,ac58a3963c162a938a62d19e87d81c5536908fc523527bd9aed3371a5aa47beb
checkpoints/ELL_CONSERVATIVE/rep_084.rds,16327,60003a66b9442dfb18086c239e13ecdb,55f4ce7b0195e87b4a3f80d556d326c86023d6cb35d0bcdfee647cd0829c9c95
checkpoints/ELL_CONSERVATIVE/rep_085.rds,16369,5d03e30c491e5835954e8a07a8106b5a,3433c64539fb54fa376d58715f0945aaedac5b40fbc96a8ceb5b90df1d32bd72
checkpoints/ELL_CONSERVATIVE/rep_086.rds,16418,20017f96cf25c5025910c65834cd4185,6170771aac9ad8c43e89ecaf1063e896cdef8e21ac16738835b6cd05f514c429
checkpoints/ELL_CONSERVATIVE/rep_087.rds,16290,d2bd0a5f6173a9004104574bb155b099,5263cf9935b8c1f636a3272c656aa0b94dee0c829997c559d549dd30def76172
checkpoints/ELL_CONSERVATIVE/rep_088.rds,16400,fb39bee593ea021f26fae6a61ebf61b5,24a6f8198c020f90ed59ee81e05f2b703f6793f6926ebb81d3d45a34101b4478
checkpoints/ELL_CONSERVATIVE/rep_089.rds,16430,e37fee731caad0b99641e6930a4022d2,09b224dc122d54c006212b566018457caf06f96afd64b7d83153015c4724d9f6
checkpoints/ELL_CONSERVATIVE/rep_090.rds,16249,7a6085950384df1dbad5b7dc64a2a39a,608920e4ec822cfa437b8397dd0a9a0b16f4fc2b161a9bfd83acd896a5925842
checkpoints/ELL_CONSERVATIVE/rep_091.rds,16356,5da5602d511564f4d82976b47259844f,e7ffb2b9c0636d84dbc8a7718b5b07491df7c5e4b6e899e4b0652c223d437c51
checkpoints/ELL_CONSERVATIVE/rep_092.rds,16200,f7d84db94727698fa5360cca29f51edd,aa9d5dc8dbeb6dc83f76ba6356779e8350b29574c68915ae914e187f7e442256
checkpoints/ELL_CONSERVATIVE/rep_093.rds,16160,6e55735b8e3f3fb5b70786f5a6373ff6,d36aaf40cb2c5852218955a108ca01a1c69a00f266ecf2bf03dd08a1391cdc91
checkpoints/ELL_CONSERVATIVE/rep_094.rds,16360,6a09692ed2e1f8466598ae6a503e624e,d84b1b65f052fcf425bac1ced0aac564307720cec4081fcf5deec06c336c13d5
checkpoints/ELL_CONSERVATIVE/rep_095.rds,16297,5764617896a04a430c55524137a7cb45,8163479114840ffd0aba04db77173ca6f6514d064805de419110b0dc5c443176
checkpoints/ELL_CONSERVATIVE/rep_096.rds,16309,d21eb2834357f6efbcf7eea40445eb05,4192623e7f509f3a5b16ab80b70b94476c4b4e89848c7247f10fc6005a2c731d
checkpoints/ELL_CONSERVATIVE/rep_097.rds,16070,535d26c56bbf966c7f1e496cfc3aba94,8c62be68a8e929f319c95ec4902310f6ffa18d4008057dd0ebdbb518b1ec2b2f
checkpoints/ELL_CONSERVATIVE/rep_098.rds,16402,e7372b8cd55dbd728032facf5a0b07e7,6f74e2a91ac05dc8d16bd4492899edc0b8a940450a660de309223a962fcd902d
checkpoints/ELL_CONSERVATIVE/rep_099.rds,16337,58bc207292d1e8d61e2d63b6b4129e9d,7825ba528c9a0fbc1bc1ea5588ca04cc9c40a8537ee26eb25dbfacc24b59b8e5
checkpoints/ELL_CONSERVATIVE/rep_100.rds,16364,360ed1f6befcf5d1ce7ccfcfa83faf88,915226d71163fa7b7034ce039807088d7f84f967619a7df055ab701c827df3b6
checkpoints/ELL_DIFFUSE/rep_001.rds,15830,1c9c5144f97e1ee814063c61c2dd9e0e,036fe5262db85179956dcc62671b2e114ea8214cbe075b86207147efc080542f
checkpoints/ELL_DIFFUSE/rep_002.rds,16200,6d8b851be49e44f0dc293b9f9fff899c,6543fde1068e45d3d17c08d7daa5c294a4e11902f19839263076bb80494bf5ed
checkpoints/ELL_DIFFUSE/rep_003.rds,16210,ea1bc9d2586a08da1a4771bc8aa12df1,4fe6f7b903d6f6149e8db98de425eb412bc3905d9f58f94cac83c8d24ed63aab
checkpoints/ELL_DIFFUSE/rep_004.rds,16017,f2d9d366857a0ca272d4806688fffc8a,ae1697c7464a9eda286720647039f91dda75246164273e8ce4d8e19002586f8e
checkpoints/ELL_DIFFUSE/rep_005.rds,16053,2df27550984d482804d8ca05de087ac4,93d1d0060ff80b780c4c71461008872c74ef4fd55a7210932e43ef166d9cf24a
checkpoints/ELL_DIFFUSE/rep_006.rds,16194,8685b003aa7705302ad3e8a1d2497153,f92cca4eba3397ab550c591ab22f826b1f36f148bd6bcff19084a7a8873a4302
checkpoints/ELL_DIFFUSE/rep_007.rds,16168,7ad964c22056ee5e0d135876ba3090ad,8aae4fa90596a0d258b9a9f29d85f8b8200b9ad9ce626f91182ae022e1a06ed3
checkpoints/ELL_DIFFUSE/rep_008.rds,16126,803797706192264749a39ab9716c3236,60e1f83b8df008753efdad3e3f582d3f1b0fcac8762ffc0a0243ac63276ac114
checkpoints/ELL_DIFFUSE/rep_009.rds,16270,428695a74be45c1f8a7bf3ebaf098bc0,ebd29bbb77ea6b4916eb82bd7a9564acb075078756afbef8f91a1f01b4a3e04f
checkpoints/ELL_DIFFUSE/rep_010.rds,16191,4f1b389e1bd9ea80cd5eb0f5968d908c,7c7a8e4b8cca120262537debb1338af2a00be3c495d48cbfdc26d7a23a0add25
checkpoints/ELL_DIFFUSE/rep_011.rds,16271,7e7420097315a8410a77dc9439f4d24b,00c8ea47f5edd635ea59ab16cff4a1584be154bafcd03d71a50498d6560473d8
checkpoints/ELL_DIFFUSE/rep_012.rds,15907,16a4ac34e01edfd8f27e6c6cc2adc3a6,2d516c95d5cde5d14b2b7c5a3767c193696ea84a453c3fd38ed1b92cb6ff1c00
checkpoints/ELL_DIFFUSE/rep_013.rds,16226,fcb313e33e3c6d372212b1c9fdb90373,31f34c63884c614cc6b4b290f64749629386cf3968f8e9ba310f03961ea764ab
checkpoints/ELL_DIFFUSE/rep_014.rds,15972,01d02fdec687c07da0be7e297e0e0cc7,b595f6ac26f894c5ad0c3fcbf14a4ad1693b3e07f3ee814f097bb60514caee42
checkpoints/ELL_DIFFUSE/rep_015.rds,16181,c38596b2f4c2f2c9f98fa72a91b820d4,5f4c4746b7551476d7aaf5ea0e5141890f51940421faf7538cd23c927e69e2d0
checkpoints/ELL_DIFFUSE/rep_016.rds,16273,18e6fde3035454005f90acc029d4c9a1,a093a113aed034d77eee770ed559917303dcb4721bacc9b6eea413793832a057
checkpoints/ELL_DIFFUSE/rep_017.rds,16106,dcf0f777f7c1fff0981c92993c21b665,355ed1d7519464062bd20e3203aaa667f8e3ef99b4b552c0ecd57b2e8ee38f6f
checkpoints/ELL_DIFFUSE/rep_018.rds,15935,ee0c4e6839e04fa2ae259bce176ee8a5,2a3c4c9d649927342bb16af31a15fc4506b7f13a1fc8c22e3aeeccf8ea78a14b
checkpoints/ELL_DIFFUSE/rep_019.rds,16215,ac46df421d0242a46cdda59fff34abaa,0ecd5ca34844719d5e6c3ba5077f8bb236d0645105ec21a4ad132e9c43f4a013
checkpoints/ELL_DIFFUSE/rep_020.rds,16211,000cc85b26e306e36c06710f1e04c8c0,e0183f0c21bf75b007b632a89877a028c5fe343be084e3bbafb041366fbfdd84
checkpoints/ELL_DIFFUSE/rep_021.rds,16106,5b0f930b14b48406bc43315d5406d3bb,29ff766fe13bca6cd59818912a670d505a99208e41195562aece2cac09dfe599
checkpoints/ELL_DIFFUSE/rep_022.rds,16243,2ac0184f0b81a10b12368b930ba72250,907309cc52fb64fdd0ebe4cf215a4f70650b36978b13d425998994d5028f5993
checkpoints/ELL_DIFFUSE/rep_023.rds,16165,74bd48d75b37b376cfe6329f0efcb90c,c5722f1581b9aab030c96c491bff8b47cbb31e4694a4608e9a6c5408b3307482
checkpoints/ELL_DIFFUSE/rep_024.rds,15951,e349289f2f4fbe6b00d80527aa9b3d30,d608c6fccabcfaae2cea12f0d2400d252339db5ac59233b26e244175a9719a62
checkpoints/ELL_DIFFUSE/rep_025.rds,16083,40b692caca0e2b7c7806cec9f73b63cd,300cc3aae9ec02d623bf2779055b798b689dc83a82050af00427e0dc4cc55f67
checkpoints/ELL_DIFFUSE/rep_026.rds,16141,0574d76e80f9d4644be5f0d16121fdd2,3d416353e90d6e8aed3cb3003d77976702db1947f82c0204879ac2e96ea5e936
checkpoints/ELL_DIFFUSE/rep_027.rds,16213,f38eca1f09dc26387fcc50ae80e429a8,2b89b9f41683467e4949990196dcf6a7059e41c3067813233b6df026a3e0d15b
checkpoints/ELL_DIFFUSE/rep_028.rds,16259,d12a3906d140caf28459bade782dc80f,2966df125fe4f453d1f1d4ed64df9eb31f41b4d4ffd62b39402df7210232f2af
checkpoints/ELL_DIFFUSE/rep_029.rds,16251,e6b145ad29ca6ffcc8bf9082615faab4,78f14a326854414ab7fe70f4f892dbc220ca179f0582477a71818756c6f480ce
checkpoints/ELL_DIFFUSE/rep_030.rds,16137,15e00a3e397b8c3ecd0bf6cdb29a2043,9488254c2be7272b6e56cd9a03a984e44eb56c088d07cfb0e86bdbc2b1c805af
checkpoints/ELL_DIFFUSE/rep_031.rds,16186,dd6fb79e127b15f89ea017e0238a825d,5250a38bccaa595de0ef09ccf9d7430e6214a1270343b414b1b77770d5309d02
checkpoints/ELL_DIFFUSE/rep_032.rds,16075,1eb4036d5c235df1c0716bc23d09f758,1e4d77a8fb83ceb4aa34ecaec5b1fe9d58e7abe93192baee69ff4b0f6dc09fea
checkpoints/ELL_DIFFUSE/rep_033.rds,15961,fe22f3bb9388b581c49a87de4cdfa5cc,1420825f49b88cfcd498c8c9cded8a1169562489c283a80489907676088da476
checkpoints/ELL_DIFFUSE/rep_034.rds,16212,8475233ca7993a949f0ee1157ce184ac,bb0eb0eefedf490183d299a806a10229bfa1a8331474eea2051a2997aaf3c630
checkpoints/ELL_DIFFUSE/rep_035.rds,16184,5f0e02eaa5dfa36347eb286255e49642,26f6e7cb3cd481c984dc59a69f63349a6135050dbacd3b3cd68e9043dfad4021
checkpoints/ELL_DIFFUSE/rep_036.rds,16153,804f36d1e82a7ea296c3e598ed336b90,b55306f5cdc5e534ddc608743e9bd67659ca83bc49d3dd8f210b895bf4577efe
checkpoints/ELL_DIFFUSE/rep_037.rds,16225,d178a33502278f19a0d27285a358dc37,9f387caccbbbc29dc0262f6f92c463af3111087f55bc6eacfdc6845d40987991
checkpoints/ELL_DIFFUSE/rep_038.rds,16100,757b1f81e8bce87127a8a9824d23e948,3723bcdd0a5e244e35836007bc46d1d1590b510ebfe6c263077f38bf8511eadc
checkpoints/ELL_DIFFUSE/rep_039.rds,15845,6b076c3cdc313736c0298cc4eda128e5,9b3556882f923b6b10366d988092755006f1a962a9990374ead2f1e406012c42
checkpoints/ELL_DIFFUSE/rep_040.rds,15976,9753d42dfc06e3a25504cfe308b9e06b,0245600fc22564865153e94bb2a923b008a7b0527138511c1a0cd3f8106499f4
checkpoints/ELL_DIFFUSE/rep_041.rds,16149,0d3edecf1f2125ec25430686afad2a0a,f5a8f8c287dbacb43e0da9ec2ee7aa1130cef25c15104583543996b16f3f1b85
checkpoints/ELL_DIFFUSE/rep_042.rds,15659,fabd632cca1e210057f4d20be1c878b0,8230cbd0f9ade7dfb2cde4d8fe5c8743e9bec111c7d9fe0ebdc4b0f545891ef7
checkpoints/ELL_DIFFUSE/rep_043.rds,16290,252069628d86a39ba28089a7309d47a3,b8f56cd40f0b54c372ed35dec8d05c79eb224b248b71f6b6d6389143c6c45651
checkpoints/ELL_DIFFUSE/rep_044.rds,15710,c7646d52f1ad121514e0f0cb6b83f5eb,6ec753d066a4268807839393efc2971352be562232a8545dd4a925ddc20bbc8b
checkpoints/ELL_DIFFUSE/rep_045.rds,16221,cf42bfce3df0a899a4dab448e5f3dda2,ad9978b4284c5b40085f10df17201b074c96431aa6960f36fa7dc487bb475e8a
checkpoints/ELL_DIFFUSE/rep_046.rds,16148,b0897eca2f6cfb44d7bbac42f4284a34,2c4510a62e65dd73470aa7e462f5805d0d583754c8703d9162367d92c368cbe7
checkpoints/ELL_DIFFUSE/rep_047.rds,16262,d5b9a2ea0a1c574171e6fee3e92be2d0,6bff3cc422adc32914995deff2dca6c947dcb6fff97856438be04016e627c42b
checkpoints/ELL_DIFFUSE/rep_048.rds,16214,046fa4c7f76a1a85014b59d58a20ff14,a05584b952506e1f93ec4395b474703adfeedcb203524407088a79fa98b01bed
checkpoints/ELL_DIFFUSE/rep_049.rds,16214,802c4a5f4ae2c1f9708a62d8d69f7350,4ebaa0d80b3b979bca41dbe4856746c466c9caaa62da38e5ac63e2fafb29fcd5
checkpoints/ELL_DIFFUSE/rep_050.rds,16186,34bb86bb8b84dc700b81cc761e9b4585,b082ae28fb44e4b6316a1bf900794dc3be53aa2a1460c3018bca2a6cf4fcea55
checkpoints/ELL_DIFFUSE/rep_051.rds,16138,ca23c3c6fa7650bab751b568203ebc97,c050c05e2794a31ff600e2722ba3e3e66cba8409f1f3d2fb0cc1ae3599af4bc3
checkpoints/ELL_DIFFUSE/rep_052.rds,16221,b8a5028a6c1cc66749a4b6102aee0320,6ceb8a7cac02c7d93b4203f6207adc498ca607908326bb895be4969df9dd9fe9
checkpoints/ELL_DIFFUSE/rep_053.rds,16125,02ddb74678762545ecd0819e6e780e7e,4fd595e42560f7cfbd1ba0c002d8a6ab13b7114158bb9c4da9537889c078c0f9
checkpoints/ELL_DIFFUSE/rep_054.rds,16129,495b1c8ae97b76a45e7a0cb0f60f3e02,76a9b0aef73423ea053fe4bd7376ecb9e4aca12058b9226325b496c1462d5c37
checkpoints/ELL_DIFFUSE/rep_055.rds,16214,c968c085eb2e2f3343f239daf60248eb,00457ba5f1a7cb1b909db8f192fb792f8e5fbe20d11f2b1a5427cb0d274b8f6a
checkpoints/ELL_DIFFUSE/rep_056.rds,16229,25f5a8d64e4c01c7aa4ca412a95d1543,3ef173cd0b69e4fd6ec3e588704f699f424bedf129080c574ea5a2f9428a1431
checkpoints/ELL_DIFFUSE/rep_057.rds,16055,59eb12fc741a1eae8a3927fb76d69b9e,625c0ef681620e9afc88b0c2ca2acc1d6856e28b74d889efeab4519c3b58ae20
checkpoints/ELL_DIFFUSE/rep_058.rds,16223,cee5611417054bee88eb8802238bf97b,476f5b370e13a0c345f99007caedb025d7961abf41871dc4e5a3258c480c4a66
checkpoints/ELL_DIFFUSE/rep_059.rds,16096,298d9e04357691b657e7f3f03b848410,1d8c591a189f2c19d1d8b4e43987301f53b246c4d8bbc8d01229f30da6321a9f
checkpoints/ELL_DIFFUSE/rep_060.rds,16182,bcc0633d46bf07b47489da4e0c916daf,0a52c915703fb6fdb9f6c3a4caf646dd4f4b38ddb5bb50c861edab4ea979a491
checkpoints/ELL_DIFFUSE/rep_061.rds,16225,8bc5e338a6fa5902fbf640971500512e,9b9e606ac58530732e7c92b778eac9d215c15f6cdb01829ddcd90354d857a403
checkpoints/ELL_DIFFUSE/rep_062.rds,16233,e4b4cd04ca11a2019fe0a2935adfa881,76d9570a02b8f06ee4c091f4410301c44eebf4732f4f275179f7a45d4fa3fec3
checkpoints/ELL_DIFFUSE/rep_063.rds,15925,a66882f300d914481616fa24f86c4649,407adf88727473616aa5505e464ac6be1eb1e7fbe8a864887ad350b923d5e6e7
checkpoints/ELL_DIFFUSE/rep_064.rds,16161,5c2c7e38f0f79aeff2dc20209ae82589,41cfdb2fb79edbc183620f361eb8e3fabe85917f44d4e5e230d3765b26054996
checkpoints/ELL_DIFFUSE/rep_065.rds,16125,c37a2552d68c672be3b332e20eb9fe08,7c3109def3b0d58bb2205a88d5a04db37b6c37ef0700e6a9d25b6a035e9580a4
checkpoints/ELL_DIFFUSE/rep_066.rds,16220,4b922a203b63eb2ec0d86612263a0821,1d219a73bea51130ddcdd938d050fd5d1d9f4a045465300bec86162c48b259b3
checkpoints/ELL_DIFFUSE/rep_067.rds,15776,e80a06728728a1efe53a64378232e598,b069b680a16787a504a04222808b415ff0e50bec6b361c68bfe48271c9c053c6
checkpoints/ELL_DIFFUSE/rep_068.rds,16303,0a9a48d976ce202e8ed829d74284b3f3,bac4191b7d89cfea7277367795569ad4ccb2752b023ee84e35828346360bc7c5
checkpoints/ELL_DIFFUSE/rep_069.rds,15856,fb44fc91e697b8ed8b195d7be6b2f2af,5c57299eb45ae2fa71bb7da0d0bc3580c815927952479ba3fee471467e526fc1
checkpoints/ELL_DIFFUSE/rep_070.rds,16168,03d5dc0d5778434a09d4f8371499b16e,5e460b410f221ee1ea4936127dc503ee49b14bf3fd2c023cabb4c4e3e1a3c7db
checkpoints/ELL_DIFFUSE/rep_071.rds,16171,592af6b63a9ce7f3ddbc4dc1715c370d,aaeb054cc950c2960b515037148f318e28fed8fd66901f9a63929875202a4f14
checkpoints/ELL_DIFFUSE/rep_072.rds,16145,8e6b9ce12947b017a1e4c70db728e1ff,97adf30cbbd9d1a54eafc0b87d39a8c37c838f12b7bc11a58e7fcf86c2620474
checkpoints/ELL_DIFFUSE/rep_073.rds,16128,13b3d0d0c3cc565ac850eb9168d6d77f,db0b58a5d139afd81effed3237494ffd3a4ca7a6b9a38a023d85e61e93680ce2
checkpoints/ELL_DIFFUSE/rep_074.rds,16274,e2ab2fef6aa2b63bb73f4923066d5f6a,33efa892968618f068a34efb45888254b3fa5fced749db1cb7c4b0f841bd7978
checkpoints/ELL_DIFFUSE/rep_075.rds,16274,4828cb875d4d49e58ffbf9f7511e61a7,321de5b3e27f9a8483f037c3d65ae88e62d48f903fada538e9efffae66461d3a
checkpoints/ELL_DIFFUSE/rep_076.rds,16204,ac6fd36b4acb77f87afe77f773f67254,8de9bea0abf3be88260d1e3cf36734ee46cf0abd5b78ba52be5ad0cf093eb08b
checkpoints/ELL_DIFFUSE/rep_077.rds,16253,7844c94ffee9787063f9b702898b5b5a,47f63946f025aaf49eaaf4c0d316db31edf3ded0b23dc9dc4f7bc938e718376e
checkpoints/ELL_DIFFUSE/rep_078.rds,16128,00d90a8a234beb0abb1781197253e328,2d5fdfb64451703fd0fa2b749407913b7087657a46fe5a461e0935264cf664de
checkpoints/ELL_DIFFUSE/rep_079.rds,16041,74a9fe54c5bb724b686fe2b673ad6bbe,94638194481aaef756dcff9fce86680a3996a08ebc60a47b31f0811b936b4e6d
checkpoints/ELL_DIFFUSE/rep_080.rds,16079,dfe07f961fe0cd7431c9d2d7ccc062bb,fc2d3a4be9011b79da726d77a8de1dab3eef7f39d535f8e621c13c435f360a62
checkpoints/ELL_DIFFUSE/rep_081.rds,16225,060532afbbf63f0238a2fbed033987d5,aa9914f11c6a93600dd7ae290e095e1c704857f84b7eaeaaa586c863186c7933
checkpoints/ELL_DIFFUSE/rep_082.rds,16194,5d688f4cc8500ef8014f0a94f386eb41,aa491203b3c8a447114b24bffcda7490debdd0bc5f959a6992d339f54ad9e6d5
checkpoints/ELL_DIFFUSE/rep_083.rds,16094,a1e91e32e8b44393425773c45ddc7e06,6c73b75b7795e7cdac8810bff8d85d2a0aa33c2a836f54dcd6ce58c905140b17
checkpoints/ELL_DIFFUSE/rep_084.rds,16223,946555250f433c65c4129900b874c4db,1610bf35fdcffcd224dbd0a6f3e9fedc9f9c3c7385c7ef9eb77e6276f89bba1f
checkpoints/ELL_DIFFUSE/rep_085.rds,16230,152de362b95ebc0e046cdcc64bc141c5,d3f84511ca2d84b7a04a1652323093c2ec034782348d241b3e27068921414460
checkpoints/ELL_DIFFUSE/rep_086.rds,16229,35273c37a5ddac48689be3ee4bad4bfd,968d253cbd3e97c8d77570ba51d6dfef235800dc8e618fae7df81d21bbd39115
checkpoints/ELL_DIFFUSE/rep_087.rds,16147,6809244161a571730828008504c5a8de,9fb12b45e343832c2f5821f89c15a1ffc47e27a93ba93384a34964b16d151895
checkpoints/ELL_DIFFUSE/rep_088.rds,16169,e9464b0278139c7083cd3992131e9a6a,b4879f6952706b85eb9a4dbea19e29c9612200a8a13299e56a5e2116821ef95c
checkpoints/ELL_DIFFUSE/rep_089.rds,16277,4b6747e0b7b37844f042bc763606c17a,7bde343f44faa81ff70184dc88f4cc395379ae421fcdd66c362e8006895e2040
checkpoints/ELL_DIFFUSE/rep_090.rds,16203,d088f0617bb6c3e9e153dab35a4f2dc0,942172731126a2f0c417d827ade38fe89fedfb53cfd695f4bd5156b9dc8ec023
checkpoints/ELL_DIFFUSE/rep_091.rds,16088,49dbfc25aeede38460508086fbde2ca7,8d7f0cd477ad8e91bcbd5c91573057675f068d95445bdf0a845df4d405fd6bd2
checkpoints/ELL_DIFFUSE/rep_092.rds,16142,4239ef013a86a4c9713c028aa715728f,8afc6f914a03ee34fa2e5740fdc5c2f8e839de829d673749c1cb465acff2ebe3
checkpoints/ELL_DIFFUSE/rep_093.rds,16078,df5260c2cad5c63967ed079c57d1f66b,c1213483fd4154b7a0382e244f73014de2cbace64b508a7d2179762f9e417ce2
checkpoints/ELL_DIFFUSE/rep_094.rds,16133,65ab8528cbeb8971edc3d96ff54be90b,2f19d8e34c05072fb0da700d8332c4b72120a8742d72da3cf9c2f3d75f673d7f
checkpoints/ELL_DIFFUSE/rep_095.rds,16167,c712c3cbc3b9525939da7029aa21ff7a,43a44806693a943627d29b9eab58ea047783040f40a2da14ad63c00e8156ac8f
checkpoints/ELL_DIFFUSE/rep_096.rds,16209,7a47312bc04653b172a8952c8112c5bb,6e885d8af03df20fd719294e6be776d9240600ab2917fdd2435ca69f1443fe56
checkpoints/ELL_DIFFUSE/rep_097.rds,16141,8cd405e1f5420212c1bad6a2f84cd65f,65d8bd40ad00cecc038f431b1caeabe0a014c1657788c8e4074248e49213272b
checkpoints/ELL_DIFFUSE/rep_098.rds,16111,a3fbd13d2e8059350feeef908007a4c6,f59e152e6e0bf06d4460b50dac875e68402f432cb67aab5de9e1cf3400588333
checkpoints/ELL_DIFFUSE/rep_099.rds,16145,0c738526cd343923e36b82c85289d552,c2b7e2c417cbe50cd433e733f2b007b57d0a360b06efb8f11fb0099a05cf3699
checkpoints/ELL_DIFFUSE/rep_100.rds,16127,db04ad0e41883924ce825b28d583ceff,3e139b5c58419ea2a772c57ae818ef523a5d9ce61750bf84b5733e1204e0efa6
checkpoints/GAMMA_CONSERVATIVE/rep_001.rds,16420,df2ac5f7189c3f85eed21968dc4efb57,00bea2242f6ebb0755ff4f0ec3e8283cf12d77ed10b481a9a9833d22a9101d8f
checkpoints/GAMMA_CONSERVATIVE/rep_002.rds,16505,82bd886681662de44a0872293cfc7fc9,6f7335ad019fe960f0593cc8378dd50e72e0577763c8b4d9a014c6fb5494d201
checkpoints/GAMMA_CONSERVATIVE/rep_003.rds,16476,8f6fb6f45bc9e3fc34879d165e4b2d51,737b78c21815932d553ea843ecbb6dbd1c33863c44441ed9a59ca1d4825256b3
checkpoints/GAMMA_CONSERVATIVE/rep_004.rds,16309,978c691bd5a6cea7661ec2e98e83f623,62d8f659f48158fbe4fef41d8ed1085ae21b8136d8929c5031f9f07a5696c4ad
checkpoints/GAMMA_CONSERVATIVE/rep_005.rds,16342,0d3b1fb4b35aa01b3c0188bd6965f9bc,5867bccbc2ff3781b79445054d45f4ff14255e4cb03360c7978308116ff4096b
checkpoints/GAMMA_CONSERVATIVE/rep_006.rds,16522,033967093a363232b1a8648d7e7b9bef,9994a7ee4258777c3373d541ed4eae289b0f32f891277ca3eae9aba7aa4da4a1
checkpoints/GAMMA_CONSERVATIVE/rep_007.rds,16454,cd4064f6dc7bd7b39bc893248351b2cf,908fac10a5b10441e2aab404f45475b4c90569dea0f77fb68962104b22d5d5f4
checkpoints/GAMMA_CONSERVATIVE/rep_008.rds,16407,dd66d134bb1013389ec93ce3741c510f,c8255c98b0901a03899ad032f49c7b88a7b422ade398e495e48b6d948377049d
checkpoints/GAMMA_CONSERVATIVE/rep_009.rds,16445,e0458e2f258859889ac44a62ebe1c504,ce4acd6a96868f3e678b0b3c1a9440872daaf2a7f710b0ab77621ad4254543e7
checkpoints/GAMMA_CONSERVATIVE/rep_010.rds,16470,f9fb0344524ae1924d1b5684e709efa6,0d82301775018a87001189441d8456ae85936d5aa3fb3cb232ad3cb0ec4eaad3
checkpoints/GAMMA_CONSERVATIVE/rep_011.rds,16496,2ef918b6388fc341dbed0de9541a214c,57d668c868ac38af436f5d4278480bf9bb316cae515c4e38295a7f089ca2746d
checkpoints/GAMMA_CONSERVATIVE/rep_012.rds,16385,10a4dcd98c4adfba682e7915188b240f,d8a1dcebe5a191ccc61ae95ade43602ea84e87ab0e531cc0f23faa4040283626
checkpoints/GAMMA_CONSERVATIVE/rep_013.rds,16480,57df93a03df1bc148c092a123217b70f,1948b43587bbc473ccf71ecd1ac3129e834d5bf8ce92e1b53cef2c97d57cce9f
checkpoints/GAMMA_CONSERVATIVE/rep_014.rds,16492,49c7f5d5950e587056b7bcaae3883087,65ff102d0745d4505cb54556aa12a685ae50f74cf22b9620277a9805bdc8c06c
checkpoints/GAMMA_CONSERVATIVE/rep_015.rds,16488,8fccdb9add952d033faf6c7c89ac0577,8efbc085831ab90c52af004fe6bdda63755173fe9295fa34ccf62a30b0aed69b
checkpoints/GAMMA_CONSERVATIVE/rep_016.rds,16473,6c7cf1c37098bb4ed6dc26068dcc7066,27eefefceb5623f75c6467cef58302f4c677d1c67651befdad953b351ce4fa59
checkpoints/GAMMA_CONSERVATIVE/rep_017.rds,16489,916812320a19bdf7eb3401ac49624326,f302c868165ccf56fd54a02174f2c700a366719da51a078cf7c44a52c04fad89
checkpoints/GAMMA_CONSERVATIVE/rep_018.rds,16424,1c9ef0010ac044c4a641f28a3fed9ed7,ac0554795bc4839843ba3fd9003c1fd63345616899ba0467d4f082157e2193b6
checkpoints/GAMMA_CONSERVATIVE/rep_019.rds,16485,787a8e65665ae4a0ba9aea6a2827eeb9,0c19d1d2e155d1c230272f6a9843d5060dae494226c814cbcebaa16436441d8a
checkpoints/GAMMA_CONSERVATIVE/rep_020.rds,16469,e70d1d0dda621a1dc432223ebd6fd0e6,7fa5743790e80b3a0ad7280bc92e8b99cf9127f9877669b6671a0bc2b6361467
checkpoints/GAMMA_CONSERVATIVE/rep_021.rds,16460,b5c4a375af248c9652401c80f9027de4,610dc655072c68e050e09e03950cb65c7ed0c0ec2f93a15ebe7973998725b48b
checkpoints/GAMMA_CONSERVATIVE/rep_022.rds,16423,f7e0d554cdca5a8b67c58c14635fa37b,0165760d4c0bdaa3ca5e4848a76236364362ee458c6f6f81df937ee2b3ba37ef
checkpoints/GAMMA_CONSERVATIVE/rep_023.rds,16447,8f338d88530ff4b5d8e8a81b17b2ee02,2e245b7d641fdc414a567e02781d6a607b48643576476407e68244635cb5ac3e
checkpoints/GAMMA_CONSERVATIVE/rep_024.rds,16261,f4b6c7bc0aa8480e16f5339099397728,3abfde33bc1d12510a72d9308ddd6373ef35f534d02b6cd6953d5a86869d23d3
checkpoints/GAMMA_CONSERVATIVE/rep_025.rds,16412,890012cf733367d7eba640a7a8792d40,3db041aab6be48dcdb90ead54bff3357cad81e8a6209d84f2526c1b9194fdb40
checkpoints/GAMMA_CONSERVATIVE/rep_026.rds,16412,412db950a89bb41583d3f12256405de3,d480a4ef75131355a236f91a3f2c090cd1f7b9c0b11b9f2ca3e6ef3da7480d0b
checkpoints/GAMMA_CONSERVATIVE/rep_027.rds,16388,a653d1ea6281f16d7f77138431c7f737,37df45db2f9c74e940153fe330d55900da119c8bff5f0d7c2b0d03fd48ebfaf1
checkpoints/GAMMA_CONSERVATIVE/rep_028.rds,16476,1c8e274da6fdaf3ca6ca8a587e01be56,d96d4b62c4b69a09010b04f580d400a3e78e8540d10fd6e7f418e4420a7893c9
checkpoints/GAMMA_CONSERVATIVE/rep_029.rds,16521,b6d2d472ed8d266ca6611e39326d08f5,a1c4ca56bce9bca0ee1a0974ba907eb2a3d8e9196427fb072507ca022b70569f
checkpoints/GAMMA_CONSERVATIVE/rep_030.rds,16445,70b2e4f4e8c332610d7ec61c8b77b950,d9cd052e757e9fbf5520925b2cabd0fe4e06f499861c0f5d0300f4293b970492
checkpoints/GAMMA_CONSERVATIVE/rep_031.rds,16562,2ec1d56997255f02873c27340cafe4cf,2b7bd023cdc2fc24034c74eb5deb94ca9d280330828effd56496d70b145ecdb7
checkpoints/GAMMA_CONSERVATIVE/rep_032.rds,16472,47b50fe6fde785354017c7585a48e9d9,e9647545f2f77e1325b2bb07ac3154136e9b144ee92870adc246bdb9b52d86f9
checkpoints/GAMMA_CONSERVATIVE/rep_033.rds,16399,73257c2b5d4ce9ac2735f956b430a472,5caa0c0e6a402abfaeb26d75994e408c47a8b6e94b96fc7f99d3d5c912fe98ee
checkpoints/GAMMA_CONSERVATIVE/rep_034.rds,16459,f5cb4e676760e88c112c126203629f02,abc246af212445e903e9de70a3708c869f0e6c14276dc1523f733bc0ecfee22b
checkpoints/GAMMA_CONSERVATIVE/rep_035.rds,16509,2a2cafe572bd16e4e168710aa7a68e3d,9ea68fa3eebec801f4b99bce734f056b1d8f38c8e3ab628bac57bd322dea4f9c
checkpoints/GAMMA_CONSERVATIVE/rep_036.rds,16506,5d7c7b8ee3754a63f06ce89d30e5fa5a,2ea8fa3beb728839c3af3dc98bb6ca38f36a12281d15fed5d4f2b78fbd3af9e9
checkpoints/GAMMA_CONSERVATIVE/rep_037.rds,16446,3e394f3fd7866a4e505ea3038879e159,4f7f36222b570a007bb74e59c03beaffa0981af4addd44d8ae65ec2762731de0
checkpoints/GAMMA_CONSERVATIVE/rep_038.rds,16441,c64bdc7d5d19c80f377417c573d0f9d2,329f9cce650761b203fa152ae253b5232e1536ccc24914c2fb5ac929d32e0cb8
checkpoints/GAMMA_CONSERVATIVE/rep_039.rds,16440,d8d3187905be5314c3ba67012424eeca,2745587d69b2ef97190cf82c9fd72111960a30dca6ae2cfb6d153a342ebdaa87
checkpoints/GAMMA_CONSERVATIVE/rep_040.rds,16446,3a0b346d50059a9973b6920adeaffd03,61f1cd747a12eabc951802b69d7858b26be29673e2597233ef834f04a36a39d8
checkpoints/GAMMA_CONSERVATIVE/rep_041.rds,16475,a2e0ca38517fd5c2ef90f4c906efca10,a29972b51bc8ba6a037ab9f47e24e1264add59f1ef082647b3a5cc8c4a4e4e96
checkpoints/GAMMA_CONSERVATIVE/rep_042.rds,16436,20db89479de0e3c710d6f693ccc455f2,109b62e299e08956a6d8963fe2c0efc9ac02d4b7c6215437ac9857bd27776797
checkpoints/GAMMA_CONSERVATIVE/rep_043.rds,16492,f4a7c4242fc7868aac8aefe978799b57,85f8ad66802c942e87fcd21147f52093b58630cc6bef1d0f078339864817bf46
checkpoints/GAMMA_CONSERVATIVE/rep_044.rds,16253,b6377eaedd97a683a56805d5b6799db7,ee53d64008cde8ea591dfcd846fed9df85616e58e7bdc6e2b28fa37038000cfc
checkpoints/GAMMA_CONSERVATIVE/rep_045.rds,16503,bc02300f9a1619cdbc8f38121c4a9491,b19d82bdc9b60b03c0a8075217180be71a9cc292da771349a6f90b39ed4151a1
checkpoints/GAMMA_CONSERVATIVE/rep_046.rds,16492,2b1a78665e6d714297261a7ac3288ed6,7ca6569a0ac4ba602fb3b2ed1312010816990cdb3e14c69b6b9a3394231fba26
checkpoints/GAMMA_CONSERVATIVE/rep_047.rds,16443,e5b02981cd19d78a38e9270af847b15c,635dc09edbf39c95c31f61b9715942349b4e81d92f0e126f1791c14a9d7d2065
checkpoints/GAMMA_CONSERVATIVE/rep_048.rds,16516,0d137abf622bf02ff26f3134b9c4782b,5bc59d0dbb9dbb92b7e0f1b8a99750e0a132d8e673640f01eb6d9dd2114b2c1b
checkpoints/GAMMA_CONSERVATIVE/rep_049.rds,16378,2c76e70e12560423ff393d31aa58c553,9ff501cc20fae5cc21a2ef0263267539da34b757029d243705daec7111d786d2
checkpoints/GAMMA_CONSERVATIVE/rep_050.rds,16471,1f92dfe443e00d6f1825f2eafcdf515e,61df0a94d0ee5091cebf1beb4ece60217cdd8c944c306fcf09829299932a47fb
checkpoints/GAMMA_CONSERVATIVE/rep_051.rds,16471,169b0e255fd8e5dfaaca3686b67dc4b7,d273bb357a05400e31296862d05203c7702a9fc92170f5cbccff75dae3867b3a
checkpoints/GAMMA_CONSERVATIVE/rep_052.rds,16435,8bf8e692888525ce300d6c65fe910f3e,963abdbee0a47812f9c20cc32cec22b6afa1cc2ffe133576834f7774d503c115
checkpoints/GAMMA_CONSERVATIVE/rep_053.rds,16476,f0bf717da0ed33835c87c072d88ccdb7,3386ab490fc431dd46aa9884dfb74d4216ebc084e12b5904c79e4b01934cf716
checkpoints/GAMMA_CONSERVATIVE/rep_054.rds,16428,b025efade16033fa2249be917ef70f0d,2f23995d3cfad67d844063c01e3e30482cde9ad51f0dcc23b4294b8509dfaa0c
checkpoints/GAMMA_CONSERVATIVE/rep_055.rds,16492,26f9c2004be73f31ef148058c1109c9a,9e1d8a08a0d2a0dced7c9150670a427c1939aeaf60921f86b46b18765f698c99
checkpoints/GAMMA_CONSERVATIVE/rep_056.rds,16453,3a25c1bcf8cfe814df71e5bacb45ce19,5b0a52e4a3d5eedb81624495f3a810e3f9f3a9f569d2b137f9b1aa7ee6eb854e
checkpoints/GAMMA_CONSERVATIVE/rep_057.rds,16416,749f37c2a101227a3cb50e7e3079e02e,6241c2725d12203b09f9d1615abfd9e659d137b517307eab45d401f6a8484e74
checkpoints/GAMMA_CONSERVATIVE/rep_058.rds,16501,ed0a60c614762e6743c05b3eb09970a8,d027da3a0783db80640045c3e373462d7447b12f69b42018342da0dd82e7373e
checkpoints/GAMMA_CONSERVATIVE/rep_059.rds,16433,4a3be0bd32edf75e003a29aa3996c5b1,217de72de1da996689389c421dd6f450307b8c0dcdc3184687799a822d0d2cf9
checkpoints/GAMMA_CONSERVATIVE/rep_060.rds,16394,60b676e561ff6d7da9d21dfa7ad522e6,19ea3f17a274c4aca118ded245775d6b3680ae0a6c468e1d6ef77f05176342ac
checkpoints/GAMMA_CONSERVATIVE/rep_061.rds,16473,9ccb4a938cce32864297ad4b0f0a4623,191697cdb80208efca77bf0373fceffdb3ed9f571c467b9fe8f6f46509a39ed7
checkpoints/GAMMA_CONSERVATIVE/rep_062.rds,16403,418e55ff1e7457678fbbc3d22d7c1b34,a986edd096c0412034b1880c005fe589cfe251b27de7192c878524158d79e568
checkpoints/GAMMA_CONSERVATIVE/rep_063.rds,16387,713318dd5f093f3105e3973671e00a53,cf240fa3fb62b63d4449105c924f02eea88bb9b63682d77f3fe5c1f9d6c1e5a0
checkpoints/GAMMA_CONSERVATIVE/rep_064.rds,16348,b0f43086f1d91477ef076890c61ceee2,6842695552f1c89fc3787b42d06032b209f5631a5b17109a6d8fa483fbaa4c2b
checkpoints/GAMMA_CONSERVATIVE/rep_065.rds,16502,0fc10f537bf106e4b07ed0006bfb2465,db7b352bf9631e2e164e2c35b7d2b1eddb66ea6dcb8b9eb10f67318e6c4bdfd6
checkpoints/GAMMA_CONSERVATIVE/rep_066.rds,16451,b33d31b3feeef2288dc8847fcff62e87,5750d8860b84788b4d2231184406c8b045979c66388efa617cdb030e66ac1169
checkpoints/GAMMA_CONSERVATIVE/rep_067.rds,16116,a6f1b141e4c55939279fb10fbe33f259,f6a7651f1375d624540c01f87e3ecb88db46b469e1cbb4e81d6b35028a9b27e9
checkpoints/GAMMA_CONSERVATIVE/rep_068.rds,16530,db564898b85cf02b6e04459d2b2b90e3,20a3a813fe8285f8ae7906c0a2549f1bc22d7006edf5c826181de1e1033c4e26
checkpoints/GAMMA_CONSERVATIVE/rep_069.rds,16432,9b6e0ea358b6097e4d48c7ba3dc0a0fc,f827b00fc6e7e7992c4c99f0ace0b8def5073d2799e4573b00a76dd612d0c636
checkpoints/GAMMA_CONSERVATIVE/rep_070.rds,16462,9f26217734d26349e4bbc170b3c4348a,6e82a9b7b54621d9449020fc23be4deeef1b4577cf083e83af8c9e6292165572
checkpoints/GAMMA_CONSERVATIVE/rep_071.rds,16446,24089892b1878c7f9788ee55b9a7569b,53676ea17d425f9fd6c87f3b668987d668554a2bd5802faafc68bb8142bcab82
checkpoints/GAMMA_CONSERVATIVE/rep_072.rds,16504,711befa9aef47ea226742e982e61bf66,a364fd1b6bb1ad2d42ab0cfe4bc6aeb3961e4516e122f3de94bbab8b4d299c7b
checkpoints/GAMMA_CONSERVATIVE/rep_073.rds,16445,1d8fe58e0c44e23925dd90cbf040af69,1925048bbcec8772932445f2fbe251fbf60336e1ef479015eee8a93cb57c6185
checkpoints/GAMMA_CONSERVATIVE/rep_074.rds,16503,966d12173e329a1ac6a000e133dac5fa,4d96254a259b9df1be2923de20cd6a6ceb81681681c0fd5c4756be94884241b6
checkpoints/GAMMA_CONSERVATIVE/rep_075.rds,16507,ab562f40695acc7380491dba2d610f1c,74b1dea66ee25444fe4ddad3dfa1f99edc3eea44def8075a5d729c21944b3a85
checkpoints/GAMMA_CONSERVATIVE/rep_076.rds,16420,8ac6bf7b7e1e855bba1cd35d6f3ef12f,8bf4f6af22f4cdfb3c6d09549af53f3041efc5f007c34a0a6a6e1fcf966ca598
checkpoints/GAMMA_CONSERVATIVE/rep_077.rds,16435,49e9fc0502a63a03d5cb58a0fddf4099,7c948d06de05fa5c6cae6e7a2a6543c6e5fd2141564613fbbc1347d78dd14b1c
checkpoints/GAMMA_CONSERVATIVE/rep_078.rds,16465,bc456df24d18ef66316ff5b7fdeb798c,034562a3aff94a349624ee20f2844cfd6f2fe18eb16d638f1815ac6ce4b74620
checkpoints/GAMMA_CONSERVATIVE/rep_079.rds,16466,7f549b753595186cb3f72b01c5d26684,0f8dfe4e7f954f6515d53b3f5c07d6ed511a10e4ea047b1ae64d416f442aa931
checkpoints/GAMMA_CONSERVATIVE/rep_080.rds,16296,048213551ceae0473a86af88545a3372,aace92df04e93d63873fca0d2c693dfb3277e6cb59b9c3f16caac20ab4f33f20
checkpoints/GAMMA_CONSERVATIVE/rep_081.rds,16552,a808fd65f42716fdd4ab963f718a057d,1b31aa3fecd32baa95213aec2a561fcce5ac18a29807dc58147ce9749c6e2843
checkpoints/GAMMA_CONSERVATIVE/rep_082.rds,16514,f5c1b745d4d2662fa4d0a49054cf03b6,6c124a2ff430e281396e46940d4f4b6b4f8ea53fcef501265bba9b3b7d620d2e
checkpoints/GAMMA_CONSERVATIVE/rep_083.rds,16502,b4fd23e45279da20a7e4f0163c9f9ec8,02fad820f2efeeefe626761b5a5640db07945eb5a0583616a80e0ee5df53412d
checkpoints/GAMMA_CONSERVATIVE/rep_084.rds,16346,830fdf1fb4338b4f0d1e0803f4313210,7084cafb37812e1da85e1a6b291dff1c12e4d76d07b3969afd146e8f38144003
checkpoints/GAMMA_CONSERVATIVE/rep_085.rds,16460,693622a99313bfce10f00a6ce0136733,988c36811ab13ec94c3dd2f6d071eb31e50c615e09c62a1e33819a6554b2ea51
checkpoints/GAMMA_CONSERVATIVE/rep_086.rds,16506,1cf469b06cea408e9f8c3937707d3919,4a7be7ed10dcd03d5d804ff4275bb991868a5f27e4ae3b0ec756f338ba33d297
checkpoints/GAMMA_CONSERVATIVE/rep_087.rds,16448,75f98dec768744374af394916e9298b8,d264beb0201ca002519df4d1eb23368e67415a5ed8b48a8a09a80ec77ff23fc7
checkpoints/GAMMA_CONSERVATIVE/rep_088.rds,16500,d121478d8b30d042f64bfb9b03ca455d,54bcbddd6739f1902abbd665f3bcb1b000a3db2d9bc0544cd929f1c5a8a0ae95
checkpoints/GAMMA_CONSERVATIVE/rep_089.rds,16482,78c5b433a86f8fa7108c816107f2bf77,8c12c0d7ccc8c07c65f49795a0635e65952d7c5a648d806e4e8309838adb2e0c
checkpoints/GAMMA_CONSERVATIVE/rep_090.rds,16484,8fc6e5a00f3a1d1d0ca13b1329d9b26b,68079ab138b1f2da410e8013fcdb0118292624d3aaf38c97fcefba750489a1a1
checkpoints/GAMMA_CONSERVATIVE/rep_091.rds,16416,a61d60d413998a44d2c957396eafa638,e11b2265a82cff68828bd741c31cd433f6376505605df3d25d86eee6a94a0fe9
checkpoints/GAMMA_CONSERVATIVE/rep_092.rds,16445,427eefcc99ed7989043069ebf6cb1c45,28fdfa5741d7ef25b3df3e9fd76223808a34b07cd1ae9d0f274a9b6d0070c985
checkpoints/GAMMA_CONSERVATIVE/rep_093.rds,16226,e3b83af473bb1915064d75e629d2c74b,5bcc60532487458995f155ef03970d68da9eab307dcbf9816fab254ebedd4394
checkpoints/GAMMA_CONSERVATIVE/rep_094.rds,16444,fa7956690dbfa44b9bfec335d1af5a07,c04bdcb32a75c8073eeec0218562366be78799bc8283e04883afc8ad8378d5d4
checkpoints/GAMMA_CONSERVATIVE/rep_095.rds,16503,41ebf252c1a271f510da35c75705464a,29da19748707f95b754850d5a9e10da6e800a58a77c9bc5f994c0171bfbc4243
checkpoints/GAMMA_CONSERVATIVE/rep_096.rds,16486,44a566c9246e22d5d47a46a50f050d86,dd985928d92109021a385770fee73dc2de8de5f08b756ac4c4eef6fcbc72cda4
checkpoints/GAMMA_CONSERVATIVE/rep_097.rds,16201,6fa8d0803a275ad2ee0319bc02601d45,da97f181131b75ffb9d986b74b6c2941f76dc42ebf9d4482cd2adc31bc06ed5d
checkpoints/GAMMA_CONSERVATIVE/rep_098.rds,16495,2897a9af75f2d7bc9f55d190127f6ae2,87a6697eb3ce6108f671bc95bf04402cd0c2a1ed07d36dec6473b4994e6e12be
checkpoints/GAMMA_CONSERVATIVE/rep_099.rds,16452,0a0ff7ced2730d722f54831cef9058b3,68d15b096d2d20debcb71d2b89667a284252623b1afd89b2ca7bbec3bba92486
checkpoints/GAMMA_CONSERVATIVE/rep_100.rds,16504,650344ef428bfaa29100cce2e933589f,4d7ab14dccd3931855f7506ddd26570f9706f38f6cccc34c779f937ed5d80edc
checkpoints/GAMMA_DIFFUSE/rep_001.rds,16131,040ea2b39365ff15b771176d698c70c5,b45f95053f2e76dc5da01a144e39c8841cdb75953c29dabf42f42d86ebb2aff4
checkpoints/GAMMA_DIFFUSE/rep_002.rds,16157,63e03622029d075ceab6704c814ff665,4e56f2821ccc242dc17bc35b5181eb7302814c201d546069925d2c362178479e
checkpoints/GAMMA_DIFFUSE/rep_003.rds,15908,adff57238026693a9d0df10c99fbba99,50506d4e3c7423df24ece3ba095151bfb6afe431e72a63140202df3261c4c3b8
checkpoints/GAMMA_DIFFUSE/rep_004.rds,15953,380bfddc89221171461a34b0c4ad351c,8e422c9d74f056c5705cfb210dddd3c0c33b11f5fe1ad912d116b81a8af15958
checkpoints/GAMMA_DIFFUSE/rep_005.rds,15594,069197948a93233e634d218a078e0be0,fe1f18ce40066d0d7768a4ca2f48d8e538f695ec8ebae70e1b73e6b6458e4177
checkpoints/GAMMA_DIFFUSE/rep_006.rds,15730,bed4784fa14e4d731239544bbbe228a6,1d35c801cf4255257cd1780aa0c3a94c9f54ebf5b98e4098bec445fa8d7d7c6b
checkpoints/GAMMA_DIFFUSE/rep_007.rds,16150,69cd3a857330953e69875bf97aaa5eaf,304df57772b4a104a73aab664b8fe5d5e1eaafebfacbe0974f4cf879791980ec
checkpoints/GAMMA_DIFFUSE/rep_008.rds,16175,8fc447ca2b5ab07509932991c8b4e060,ec507d707b27ee8c3ebefb25dfa7c5fe74b81e1c731e0a822078104706f8d5ae
checkpoints/GAMMA_DIFFUSE/rep_009.rds,16186,6790abf9d989e348f52a98ce6805d070,f8d2e9f6e5cd550f4fe5cd20bffc5262a5a699291cedccb1b5cc2a1939a4439a
checkpoints/GAMMA_DIFFUSE/rep_010.rds,16202,51e40e7cdef60cdb97491c7c92e5bbbf,98a03668c2f934af7a0839cea5d3a9a32a69df88c254bb94793cb42219f90a6c
checkpoints/GAMMA_DIFFUSE/rep_011.rds,16358,ff325bafd8c22e7ac033ee870f3251ef,0c4c6832ba0a4bbf8bc3b06edf102ce97984787a3eb51dc733780f26f80373f1
checkpoints/GAMMA_DIFFUSE/rep_012.rds,15891,e5577133d2cfb97a5191dc2e842582e5,08e7fc2c7a884a0a40497cb20cb48dc62d8d00611a29277366a419d7fca7a84a
checkpoints/GAMMA_DIFFUSE/rep_013.rds,15466,1fa6fbcbba65f4c6d255e1fb53f2e979,18c87e44462d80df60074381f9e85de8898fe14ffecc3ff89962ab941884bdaf
checkpoints/GAMMA_DIFFUSE/rep_014.rds,16113,580ce9093d774a6a1a28a09601e90df7,71c30bb3e44e35bba2e9f9c26977f8d029279a5a8d6909d8e8298887e4788dbb
checkpoints/GAMMA_DIFFUSE/rep_015.rds,15956,826cb8ebf8af25eed07e87cc3c5ca800,49128f6c367d8a9cb5528394d43d07b2159858ab350a60fd9f813f6ef5ea31f0
checkpoints/GAMMA_DIFFUSE/rep_016.rds,16187,e192183e08c222a8c0fc07294e7a4945,593b740a88fe66c2105fcd104247f350d173b87ad7e90b7fadca4dee45f5ebc2
checkpoints/GAMMA_DIFFUSE/rep_017.rds,16035,c988ddb6064b62546217624bcd414c7b,11f6732661ae288864fd9275831c1827b87ffac95e34baeaf8efa1662fe0f85a
checkpoints/GAMMA_DIFFUSE/rep_018.rds,15426,89bda65b6af6c1a594874afe3d9fd3f9,23f8f871d0b6d1df1f5bd01327c9f9e000cc004eaf3a57f0c8f97cad0b61ebce
checkpoints/GAMMA_DIFFUSE/rep_019.rds,16178,20fe45c8a75a227093f6bc7b94053db4,e8f7761bc01d4395fc8dbff60dc5ed1f9bb95fcce594737203749f64079031da
checkpoints/GAMMA_DIFFUSE/rep_020.rds,15921,ca0b6ea66ab8fcf2d6a110449b49e7ee,8bf77cd3950504f158062a51105de1663564f883b421e82a8920dcd94521f712
checkpoints/GAMMA_DIFFUSE/rep_021.rds,16040,055304643c80286bb0d2ae42c9b8425c,56f16a84f1c0d3ac0114f1f7da4536ba8f08b6e620f9e3408fa4370404996209
checkpoints/GAMMA_DIFFUSE/rep_022.rds,16268,f3297720469642d0c9a5dda650075427,0d4c2988cc8f180806c4cc0f7b9cf057a34698619382a2ebb13db5b1f7a318f5
checkpoints/GAMMA_DIFFUSE/rep_023.rds,15974,0481f5ce79fe1427a46601793edbb11d,66db81719c9099db572b1dd9682b714d4c99b00b242562d7e3cf97575a6f4118
checkpoints/GAMMA_DIFFUSE/rep_024.rds,15564,0944063810ff1bacfb36030022b0e48e,a9812c8d2e03f4ccf653c5d4f7666a142c9468bedb7c43b43e32b056c44de010
checkpoints/GAMMA_DIFFUSE/rep_025.rds,15722,7eb53916468e7700f3c307d0201b7ee4,6f0011b59d28593dcb0cc38a5efd9674baba3b5b32d30387c87c42164fae9e2f
checkpoints/GAMMA_DIFFUSE/rep_026.rds,15937,222d9a3c138afca4f41e5017a322448a,b4918502eedbb9a9f74f283f3e8a6e54893bcc85037157e92ded03f4e02a03d4
checkpoints/GAMMA_DIFFUSE/rep_027.rds,16246,c4600ff24272a9def14a93ade4938ffe,1ff4751d0ba5f26a0a002178e09e06e83e6c30f81a200bd1704a4b6a85bf2fd6
checkpoints/GAMMA_DIFFUSE/rep_028.rds,16185,26dcb9bbecc93d459f5217b5a6f078b6,cfb45fc7cb923ef4ac0b1ea39424ba9075994c8fbfe3953a2bdace369e2f6461
checkpoints/GAMMA_DIFFUSE/rep_029.rds,16253,3c3335eb46c19442d03acd71902daf4e,63dd93559beba387b291d1843af7f0c8e43319f008e2ef0563332faf75cb6bcb
checkpoints/GAMMA_DIFFUSE/rep_030.rds,15947,78d58b404b2ddf08b8b963ac7c1c2321,2f31fde51af422c70108a29579a0265f557e73b85b3b7f71accde53dcf6fb985
checkpoints/GAMMA_DIFFUSE/rep_031.rds,15980,50c09dd9ac768eae3224de8523f0c18c,618c41a81b41049389c3ee8b93232f5efe5a00b19f1986be49caecbd3f2b655d
checkpoints/GAMMA_DIFFUSE/rep_032.rds,15934,dd70574432a41ee71d73df6259eddbd3,d27eaa1993086c8c060082bc2e5c490c72bba348e11ac29f878bbb41d7aff151
checkpoints/GAMMA_DIFFUSE/rep_033.rds,15736,e6bcc90c69d2799a7e14da52f05fa68b,80ad4a80bf4fa469167cee3470ccec0eb9e0e357c8fd9fc212176e40f7c63044
checkpoints/GAMMA_DIFFUSE/rep_034.rds,16220,f284b5cd01c8591721a34c3f1584d0f9,780b1bbf49c58d6f295ce9fff1c109b223196c99cf05439009df25b2c0de8d99
checkpoints/GAMMA_DIFFUSE/rep_035.rds,16046,e23df7de30abb696199cc68d84d328b4,4e07f84d77cdaae742b1f08568c90f86c738addc02fd5622a4dfdd14c4b8b0cb
checkpoints/GAMMA_DIFFUSE/rep_036.rds,15951,b7ed21c289b61d5fba01e99270427c84,130873950088f76e8ef5f7bfbd128b89ee9fd567cba01eb5d87c29570e93ccf4
checkpoints/GAMMA_DIFFUSE/rep_037.rds,16219,303730504acc0da3a79f21c197de4fef,fcfa7174eb1a1371f147ccb0fc1d81be4f25ecb4586b3f4a7bbd56161a988b23
checkpoints/GAMMA_DIFFUSE/rep_038.rds,16186,b966cbe6c5baebc663de8e09746069e4,5dc0254f74067b80288dccff8e3ff901f4efd2fec0baa38bd604bdc22e45a063
checkpoints/GAMMA_DIFFUSE/rep_039.rds,15785,6bb060199da2f0a8e9f0fecedfa1a383,15a3b2417b56a09d25832055d71bf8383b46af12eedc8b56570a683b9195f78e
checkpoints/GAMMA_DIFFUSE/rep_040.rds,15862,642f189e3da9e06d7b5d55cec6407854,c1174616b0b472298812ef725c1d31335dc915f07c844794c916f28adb20b3a5
checkpoints/GAMMA_DIFFUSE/rep_041.rds,16100,5adccbdc808a677ae47d8d89183d2d48,659cf4a7ff138ff11b5f004d075b033f48321445a8bf2c74a47d3b40c6d92ea4
checkpoints/GAMMA_DIFFUSE/rep_042.rds,15912,817bc0de03e7304de7d40eae0e79476d,6e108673dda03f46a56bde6b9e5bd68670fd2aee02c3053e38eec1f825052b11
checkpoints/GAMMA_DIFFUSE/rep_043.rds,16131,f8d43862ced1c40df2c7f3252eee7711,d59613cc4d871eaa470bd15338bb8b795a980764c59c44fb3684126bcb84264a
checkpoints/GAMMA_DIFFUSE/rep_044.rds,16010,1c581afae9fad53451a9a73910c90651,53b9255c3f033b1af87f5d6e4d245bf83b2a7fa1523e1b725e6c3bd09ffb3975
checkpoints/GAMMA_DIFFUSE/rep_045.rds,15883,cb7b6b610a6d4526b07b2dfef45d4fab,f9718e615508736d3b25a36f13cb3fd46bf67656e3ddfbdfada47e72336ddfd8
checkpoints/GAMMA_DIFFUSE/rep_046.rds,16133,c51111876a32a97d7a8d3095e51dee00,49da8cfaf9b0af31cb9c663c3353b6ab6f5f669e97f87e80b81d5f283244930b
checkpoints/GAMMA_DIFFUSE/rep_047.rds,16172,13e6bc62256b2be6d8844255d3028c7a,3f70d20fcec5f460dbc8ec8e84fe2aed907fec45c501ba2154596fb483a6b55b
checkpoints/GAMMA_DIFFUSE/rep_048.rds,16016,94b5a8abdaf3e7e8d6ccca9459b9f582,e7979f18876e189174d887c05c2f5531c35885d91d051f10bcef708301948ddc
checkpoints/GAMMA_DIFFUSE/rep_049.rds,16069,9f22d30f76ef1d260dbbf5d327b3f2e4,bf0b49ae9a9818b2d9e91aa022d5db0d094dd3ca0126ca388f8aa4dc83c337b3
checkpoints/GAMMA_DIFFUSE/rep_050.rds,16228,aa15defeb986e96cd3da1ec8b5a4854d,43496914e49d817626f24b0acb382bc941079728f386ae807de5f19ed54f564d
checkpoints/GAMMA_DIFFUSE/rep_051.rds,16125,bc25a34d7a28a68fd04dc3d89b91c22e,7f791c6fc39a98b44dec1d87e01fd340ec569ec5a883474b10f4cf12830b71ab
checkpoints/GAMMA_DIFFUSE/rep_052.rds,16124,bbbcd548df0c9f214a615c59cf240726,7ce59f7692eb640a1e7fe7618783d094b1ac3ab35ae98d3597866fa79b200116
checkpoints/GAMMA_DIFFUSE/rep_053.rds,16181,31b7b030e3b7c6cbb1e1a28c0fa3f188,d9c292f8bc451eb02b3ee893957a1f7f800383ec9097fb2008126f428e224cc1
checkpoints/GAMMA_DIFFUSE/rep_054.rds,16165,761e0a6e9af9e0be0275a2c1e7ca247e,8b14b114333e844d7bac00f5f7572c8dad17e4d48ceaed418c0661ff77f2fec0
checkpoints/GAMMA_DIFFUSE/rep_055.rds,16282,062f395ff6195984440b2dcca84432fb,c600605f73db1ef6ef310f3be85560fa4763feea98527cd2b01d67c0fc20450e
checkpoints/GAMMA_DIFFUSE/rep_056.rds,16299,db867e944c4b07a09cc179ca9fe3ea2b,a9fc29ccf663f0d667c415321d72c94438e23528b5a06d40e08ca321a8f2d72a
checkpoints/GAMMA_DIFFUSE/rep_057.rds,16105,4ed520c5f932a04ae7c37c1e4fd8324f,5f949c57cc664f946ea38e102f92db66ae23543d26d972bfc2b6ee2a13cc01e0
checkpoints/GAMMA_DIFFUSE/rep_058.rds,16192,8a3e418ba6459045db10aa1b067b787d,103266315fbd897a5b146a7513f86f278a48927e81ac138741ba45eb8089e3e0
checkpoints/GAMMA_DIFFUSE/rep_059.rds,16209,22bca948bd6c66b6055d94db5b70d304,5b504fb7f547c4616abdf1623b642faf4f4ac1b6c33c23a301b590a27504cba7
checkpoints/GAMMA_DIFFUSE/rep_060.rds,16088,aefcb2ba68114c319a91d234a9fb342c,d7717d71a5393835e4d578a6b181b375036097ca06153a3e961d06411711619a
checkpoints/GAMMA_DIFFUSE/rep_061.rds,16229,c4d37ac6d78b6be0ca82c457572b0a52,14f71500768fbd8c114957d6ad132bbe404c4d5bda06ee5929a6f046ae29d3e8
checkpoints/GAMMA_DIFFUSE/rep_062.rds,15909,858180a8c42a36f26162735cdc4b65dd,053408e42b4b49fd72ce13c48b83c889b35705c6218500d66d60ff2b7f32a148
checkpoints/GAMMA_DIFFUSE/rep_063.rds,15598,e5ba7f3d4aecc3e3af93749d9899cc45,802a4cb62eafb66563e81f611246f9bfae02bd972501fe58515815ce8932118e
checkpoints/GAMMA_DIFFUSE/rep_064.rds,16094,020b7600a986473839a8f7919b8d3a17,fd98393f229aa995b16f80da7b06078869895da2994f9c9ab7d40adb768e2f6c
checkpoints/GAMMA_DIFFUSE/rep_065.rds,16202,798d6d9835948ae6ba3e69fd13021cd1,77e0b51aac29b1e8f842c9645b2e91c46762c9c17f93dadb6ecc2512cf1905f9
checkpoints/GAMMA_DIFFUSE/rep_066.rds,16239,bc522c6b7e16de6d84898c94ccbd4c3f,d6335e2904a9ce554000ba0d19e0968ef11858bf3275082735729950bbfa13e5
checkpoints/GAMMA_DIFFUSE/rep_067.rds,15895,568af1b84c8bed103542db266b389915,e113c29e859a356ad22a1fe7f7e43ad435d3d4e76b536817ac226eb2e78bf4a5
checkpoints/GAMMA_DIFFUSE/rep_068.rds,16270,8ec44dd696e47406b348220c55a6ecbc,ae89c00cf44c41dd4f2f757ed1526cdffb3855323218f50a00d1bf649a4b8fdd
checkpoints/GAMMA_DIFFUSE/rep_069.rds,15950,54223f419edd2ab50c3d3339ce774b39,f7139a314b34ba9a16e5b5750dd2a19afab15afae88d1656cb383466d6bb1a86
checkpoints/GAMMA_DIFFUSE/rep_070.rds,15935,5ee82547550fb5e9857edd4be67ae46a,ef4113500bfd91325020534a95dec3b21b91a74444b32afc8586c075d10b78a3
checkpoints/GAMMA_DIFFUSE/rep_071.rds,16299,5f6922a6d0a54ab0de73853ddbcee0c3,3649ea3b552ed1207771f606064ab34768f4e3d68ab858fd0f27745173021ab1
checkpoints/GAMMA_DIFFUSE/rep_072.rds,15980,338c667bbe02b6c56d0854e4adc2e2cd,0ca7f5066f543fe5080bfdd8f427b686e800c3b8020acfa32e709b02b11e05dc
checkpoints/GAMMA_DIFFUSE/rep_073.rds,16149,deb3db1df809df454ee8f8759c635773,bc3e4f60976ed30d37aa12d9c6c35316da8181709f9a0a339845185e5bd2bb19
checkpoints/GAMMA_DIFFUSE/rep_074.rds,16194,c545ca1fb4a18d19ed5ce46cee91a7e2,3db0ca3c74554f862ab11fa3016ed72b64a35b18cd2f1983563dc363e86f5bef
checkpoints/GAMMA_DIFFUSE/rep_075.rds,16126,06fd5400367c366746f685acc80be0cd,df638919f46b4aaaf57c2b22a57eda57ee528d42eb83c85d416293dc16846b5f
checkpoints/GAMMA_DIFFUSE/rep_076.rds,16024,d343e93d9949c90023c66f9f57c759dd,bc64048641b6fbcb79af696a7dc98d628ea76aeb470b1e41563aac6b14b49797
checkpoints/GAMMA_DIFFUSE/rep_077.rds,16051,64e9cb9b07df0eb7620700b513cb5bda,a3de7068aa485239e04517572c1b59e80a24e16fc5b8b81f4564527afcffc583
checkpoints/GAMMA_DIFFUSE/rep_078.rds,16202,bde8d57b76398f717a6b6d74061045a3,e20f3161fcc895b4187b57e0ec1953bde2d74818f80ddd455468c63da0929ea0
checkpoints/GAMMA_DIFFUSE/rep_079.rds,15526,39a1d151a138dc0e31ad335a47b23f2c,cdf68210a124ea98cd67e4763f1d782bd29f26993636fd693ada7bf90612b314
checkpoints/GAMMA_DIFFUSE/rep_080.rds,15654,1abb8494d919dc992039944cf1f4c23b,3811eac2909bb0ebaf9f9d434a2604cc4610fbe3b7c2b72d67500a53896e6493
checkpoints/GAMMA_DIFFUSE/rep_081.rds,15873,5c618967b85beae9fb8c34680967b7ad,b29bd6eb26201f293c424b9a76d70f4d4bbffecc39e55d5fbe0fc27687df20af
checkpoints/GAMMA_DIFFUSE/rep_082.rds,16023,478d1622f9cdf383704efa6bfec92d0a,23869eba50b9b35602aeaf1df76fdd3b7dd03ba5f78081886e60258061c966d4
checkpoints/GAMMA_DIFFUSE/rep_083.rds,16118,56dd939679daa0f88f5323dcd2adef58,7e223157e751d6580e541e02080eeb72b4168aceb956ebe1048fb61a28006936
checkpoints/GAMMA_DIFFUSE/rep_084.rds,16120,01c3a8ddafaaf5f210bca871a892a65f,fa22ebf5d6e727193c575867b10f9464200b54dd0a1db753f9adf9d18406b341
checkpoints/GAMMA_DIFFUSE/rep_085.rds,16249,69d9dc4b2e39d0ac4a847e12bb4f9792,fbf1e3b11ed5b72492e4ecb6a0d4fcd5d927d7bd4422b416e683657e52201d0a
checkpoints/GAMMA_DIFFUSE/rep_086.rds,15996,2ff274e2eb8de64050c6cf3fbcfeb473,17c11095e9a18c5554f0839a89f533b789269d58575f9dd47a497d4205626ae3
checkpoints/GAMMA_DIFFUSE/rep_087.rds,15651,db88fd14ad2386a157fc1fc7b66b0d6f,92e12378ca9216bed9d384ca74b9acb3f710ccccd28b19827609334ce3fcf00d
checkpoints/GAMMA_DIFFUSE/rep_088.rds,16136,6d75276072a8405e0fa35e5f0ade07bc,429e0f8bb1496e5b361d2e67624ea9ad3c49ee7c28a7678031f1546fa58cddd3
checkpoints/GAMMA_DIFFUSE/rep_089.rds,16087,71c6f9dd3adac629e1bd5c48fda5cc3d,42a6962439bac1b7701475e3d9662f7edcadf2f48c113f5809c90e4aaa027b85
checkpoints/GAMMA_DIFFUSE/rep_090.rds,15853,63fe708671334108aebbb1bcdd885445,23cc0ef5948e49211fba57e69385f3c38a4702d905e50fce7d929d369442f6cd
checkpoints/GAMMA_DIFFUSE/rep_091.rds,16023,3821281433331a8d73c51ee49c0cd814,c583bf24b3067277a514fac0aee6547e90a1a4a8eee5d3e8f713efc7841599e6
checkpoints/GAMMA_DIFFUSE/rep_092.rds,16090,ea8feeddcee2433f694be9c13e675fba,8cac8c775efd64a2fe7ba018c8e4078ac71a551a586a7ac06202388ee5d9de58
checkpoints/GAMMA_DIFFUSE/rep_093.rds,15836,e9c288290afd2e6a4ded8f5d8dd4975b,b8500d11f2a4df3e848af3747adfa6f93ef12ce36a1535e56f3687be05ed2fa5
checkpoints/GAMMA_DIFFUSE/rep_094.rds,15897,1354783b3974180a1b089084a8f358ee,a3db1f3a124d7279f9f86e69bcf54bb422c9d566caf30ca050d42ee941b471c1
checkpoints/GAMMA_DIFFUSE/rep_095.rds,15677,ba80ffc4081186fd7d153df5cf4333c3,e61749415b2be370939a4dfea246610fd93aa44c9eea6885f84397629b6bafa0
checkpoints/GAMMA_DIFFUSE/rep_096.rds,16312,14aa51538c0e0ff8db5b8cfbd15b1b1a,4a9b70d5ba138abae6783ee03b778e7bd3edb255e08f045da437fece7ff4a2a6
checkpoints/GAMMA_DIFFUSE/rep_097.rds,15803,eab91a7a09d853173ad74e2e5427f8b9,5c495d4f1be5acb467cc350e8dd0353000d6aeba2af1472d38e799191bc59d21
checkpoints/GAMMA_DIFFUSE/rep_098.rds,16105,1f1d4d57b0f920a18991b8794e908974,878eeb523a30754279e0541a019ea876b111a474695f9acfd43e1f620581c074
checkpoints/GAMMA_DIFFUSE/rep_099.rds,16153,4c9cdb485ad670f926129235d9138cda,1c0f5e7cb23b06febf6516f6a7e33bce1c0dc2cde95d88de004c5daa3734a0ff
checkpoints/GAMMA_DIFFUSE/rep_100.rds,15805,37f1c5124ffbabeb9967bd395bfecbd9,c6342c19d03b65e3bc70bca5f16e2a974cacf3e28348b9f78cd4ec7a0f9f528c
checkpoints/BETA0_CONSERVATIVE/rep_001.rds,16306,5c8a91355569c0488c302a8fce580b09,f90876217bca2c24a5efa24bc3afc21a6c2f7a7d115c2d43b3738cbf9d362c32
checkpoints/BETA0_CONSERVATIVE/rep_002.rds,16405,abb3fa2db484af999f052cedb5ebbb93,f11fae147528e2678f94d415357cd566209fb4178fe0541797b0daa78017c86c
checkpoints/BETA0_CONSERVATIVE/rep_003.rds,16404,506e0b72fbf9666c386c38c42068d36f,3fda00c4362e16108fedee1c062f178f8ae02af20804a63bb076f2cb145ada7f
checkpoints/BETA0_CONSERVATIVE/rep_004.rds,16213,931bbd4a9b806c511c9462b5db8c9f56,6416c24b64ed310c4ac5a0091ddaacbe12379dbbc564217fbcd0f99b6341297d
checkpoints/BETA0_CONSERVATIVE/rep_005.rds,15873,9fc8c317ba6909e9720942c1979a7929,9e732d57e9e3d55d3dc9c7e8928cb32f0862d056c08c7c267f4e9aa2374b1668
checkpoints/BETA0_CONSERVATIVE/rep_006.rds,16370,f388ae30ce55be03f1ebc87e66bf7f79,337d89b3509933b7f8e62b69955e695d917f4b23a618ba34c6f0563434eb2086
checkpoints/BETA0_CONSERVATIVE/rep_007.rds,16228,8dd8667c52ad84fa6c98f9f99ef9c426,5d01497587cef6556a379e14b99e9cc4e1909a09f134789916a6aab0b285c66d
checkpoints/BETA0_CONSERVATIVE/rep_008.rds,16424,c0a125db9b4ea57326c9f3288e250deb,419014c7dbea075e7cf5c65c62e47090c82ef601301a6a9427cc51339a86a963
checkpoints/BETA0_CONSERVATIVE/rep_009.rds,16383,c807863fd9de958bacf640793fa6a63e,a337f16ca4c23d794126b5ee3ad3d3d667b431a96d031860eb6cf0d58fd7717c
checkpoints/BETA0_CONSERVATIVE/rep_010.rds,16350,aa0b6fdc0fd2bf780c1e055e1983a2c0,500f08122616af302e2161b33ab12005e80b0d06fe7f15ce429c9bcfa0010ca2
checkpoints/BETA0_CONSERVATIVE/rep_011.rds,16263,b3e073fd163b6e47ddd48977e0a5ddca,9fffee09ef05088e259ffa86f5bd8a7afd336bf5381d98be2be5649c57fb7952
checkpoints/BETA0_CONSERVATIVE/rep_012.rds,15868,fec2b539a4ba12c2bdc9906d454bb146,884121a1f872c235034121343fd5cb1d94ee43b6641cdd6ca84621b5e3805fc7
checkpoints/BETA0_CONSERVATIVE/rep_013.rds,16380,67d3eb62a158fcada34fbc8e0a1817c3,96d85bad5502c9ebe2d164f31557527f3e585ed74f6c4a274daff394bad732d0
checkpoints/BETA0_CONSERVATIVE/rep_014.rds,16313,e415f4d9934b1373b3f389f42f2939f7,07f6a9485bb293d4e5de199f25258a5340145747556bdce19eb76f3ac4e05c00
checkpoints/BETA0_CONSERVATIVE/rep_015.rds,16238,1a0e1605792facfd051352766afa4589,4f3fdad848db8eaf7ee241fdaeb1dc6bea39d94b3052052ed6ee05e8cedddae5
checkpoints/BETA0_CONSERVATIVE/rep_016.rds,16353,736e4edb17632f84271a2224d2fdc590,4abd41ed50a152a4e5c3e61c81cf5564fb69d9500c7ac2a3eabced9854259941
checkpoints/BETA0_CONSERVATIVE/rep_017.rds,16400,17ac4bbe6249f9d395d39edbbdb6d5ef,32a76649605286b5183c5e6d71faa4860e0421d310771428bb40d365f7dcc2c8
checkpoints/BETA0_CONSERVATIVE/rep_018.rds,15737,c2c50bb3057faa9e03c5e7efc1c69efa,85dfa26eeb6efc9cec79d169082b3decc9f29deacf4a1a0065bbf86555d12b17
checkpoints/BETA0_CONSERVATIVE/rep_019.rds,16396,a9726de929975317f8e6b9803b754a6a,11beaac31804355fbb6cf919e708b7cdc40752b862b5d6d0dab072608e695264
checkpoints/BETA0_CONSERVATIVE/rep_020.rds,16425,36ec6e2dc3cf18f5b966472c0c235bfd,fa5cdc6c508284298a1e6a1ac48d13f261a9d2db4f6d2144d8424c466f82df6f
checkpoints/BETA0_CONSERVATIVE/rep_021.rds,16290,c72e159ceba9e0c75c0918a728cc899e,6040fd89ea7d5a1449172d679e66d3247ffad648f53cfb68334ec0dec0f09606
checkpoints/BETA0_CONSERVATIVE/rep_022.rds,16462,e7c196318c2635571d7a06bc01b8c1e5,5f4d08659cee5bc594f2097c42f7fbfcff8f0ad02718bec3b5915bc54db32525
checkpoints/BETA0_CONSERVATIVE/rep_023.rds,16291,eaa7e0f8043e08ac742096c1908dc675,bbf511d333b92c459ac9d474275e6db6b7e9000634d05682a261c94f45e232b1
checkpoints/BETA0_CONSERVATIVE/rep_024.rds,15932,c2ee96b4216a4ad53bffb2ca1ac3b719,29f77e9f7bcbf35cb174eefa723352dc21c9f9c4794229ecf64df81f6067c006
checkpoints/BETA0_CONSERVATIVE/rep_025.rds,16106,11b60bde4f3c4d55decb1579ff4993ad,2488b4fb59cc7bb0269649c8a008eefc0e673c3b46cc78bbdbdd52b26df53a19
checkpoints/BETA0_CONSERVATIVE/rep_026.rds,16306,fb13e6b8f4795eb35289ca73e481a4fb,92a2316a05fbbfca905e2d5487ab9599e41150d564eda27ee70d743045984e56
checkpoints/BETA0_CONSERVATIVE/rep_027.rds,16408,7fd9d990aab609f18e152b96675ca64a,70c5172dba175ddfe26ffc20f14eb3f068922477d91302c30f8454faea7cd390
checkpoints/BETA0_CONSERVATIVE/rep_028.rds,16356,44dbf6650fa79ea41fbd3b85de53c32d,0af4a0d2f181b68b0200ee64fea934a211efa0b50b7822ac24c7739591e041a0
checkpoints/BETA0_CONSERVATIVE/rep_029.rds,16448,3f623a82e01e701ec9a4d24a266ab22b,6029f3eefca2000e8f22e41c1d9097185fc38c4a3566b95fa2a0bec876aef738
checkpoints/BETA0_CONSERVATIVE/rep_030.rds,16311,daa62bdb303c50bab8ae85ce4bd85f17,7ed40f8dc374f8056f7555f07c064ce57c021691d0a24778ca29e84df8d43bb0
checkpoints/BETA0_CONSERVATIVE/rep_031.rds,16369,9efbac5aa95a7bc62c631f3c845bcfae,22ede93cd6f996d3786088dace29ae928a66ff786129edf026a278e6c6b71247
checkpoints/BETA0_CONSERVATIVE/rep_032.rds,16344,7122881638550fbf786763a4f7843103,363a256ee5bfe66390dc0d879aafb241510950919864a467a1e6c68d814b7c6c
checkpoints/BETA0_CONSERVATIVE/rep_033.rds,16269,341377850d4cab7fa61a92a74a24cf08,92b7e30256a2ec957af03ad7413fbaf9eb1fd0f86b9afbbf43dc1468f2738801
checkpoints/BETA0_CONSERVATIVE/rep_034.rds,16341,fb326782f00d4f5d9b92bad93d116322,a03a64680a8b0f07e025eb0915a9541d0da40daba940b27048cfef495a664923
checkpoints/BETA0_CONSERVATIVE/rep_035.rds,16134,5f388e3e04d229cd15cb0a945ba26a61,f9b99fbdaa65c466b652b1aca9cc10abefa5b6082d5d33e0b6c42829d270ba54
checkpoints/BETA0_CONSERVATIVE/rep_036.rds,15954,5ca4d0a783da0808aeff26c7b916b9a0,f5756dd5ea5c5c6d62f6d8c8bff622f23ecce56478a440d35fc7a131019b16a1
checkpoints/BETA0_CONSERVATIVE/rep_037.rds,16455,e9879ea9f4c18f1fd7631c3ab1868721,b207bfb92508ce3aef9c9445df9c7ae86a1ede8a9758746c2999a0359dc11081
checkpoints/BETA0_CONSERVATIVE/rep_038.rds,16304,ff76b320f38fc51c362169b8d9033070,596144eaf538d56e809ad627a3ef45fb551d1d16f163c07047af9d1aefbba063
checkpoints/BETA0_CONSERVATIVE/rep_039.rds,16110,6fc5445816f2369303aa4746cbccdcbf,13b6992d37088cb33c2b38c8b90813bccf5ad4a52f91a012abdea38f5e1c0e30
checkpoints/BETA0_CONSERVATIVE/rep_040.rds,16352,3580ab2511c5e108052cb8a5a1625932,9a1dad8e2bf2763334ad87fbee6122955df51693412a245e1b958f546e5858e0
checkpoints/BETA0_CONSERVATIVE/rep_041.rds,16429,30cf980f13c94a6a92b0f5c4a3d18920,55d9e5c9282fc4efa645f8db961283895551c2f1e30927cacecc8f92be5d84c4
checkpoints/BETA0_CONSERVATIVE/rep_042.rds,16243,1a6bf9003bbd545aeb329dadc938946d,924638b626e3cd9911ab404656a45189451023be33386bf1f2d8b8db4411646e
checkpoints/BETA0_CONSERVATIVE/rep_043.rds,16429,14a41ee822211f3f421dedb11befd324,9ad637b9bc7bee0976f60baee1da09c738db09836f3f1593a921b76a0d2994ac
checkpoints/BETA0_CONSERVATIVE/rep_044.rds,16269,8a089a549ee97eb35daeb5dbb25620a3,c2d071797190efee3967c51d9b87e04cb6002ab1f978211f4dda207d7df2db58
checkpoints/BETA0_CONSERVATIVE/rep_045.rds,16173,8a3297617baf16359b08812db53da944,7ff43e89db601b4c05347a6145cb0d73fb18231cd6d253f035a1b4e0c23874fe
checkpoints/BETA0_CONSERVATIVE/rep_046.rds,16314,771c48f2cc6a680c62add1c6b41956f2,b92a0a553e71a908fc98d6ab955797a788dbbdbfa2c1696f0d5cd7362cb63937
checkpoints/BETA0_CONSERVATIVE/rep_047.rds,16351,8d6b6b5d549c16d1ecb15faee6638117,e2216b805b8ef392ab10ff1253a74f06724ded91d34a110462610ac3f70d9f31
checkpoints/BETA0_CONSERVATIVE/rep_048.rds,16400,28a6a4810c7923f6b606162dce9d3650,68550ea84ed911a837e9178ac4c7056001a41056a6b179b18f55053696710a50
checkpoints/BETA0_CONSERVATIVE/rep_049.rds,16162,7179593bdf6be9c75652542ddc20519b,c1c8ea1f6bb97ddf911d9a635eb9d9e9235132726a469d6d9c9cef60406c29c0
checkpoints/BETA0_CONSERVATIVE/rep_050.rds,16340,b6f7469007b9d7f1b3a795be55b81cec,6f848dc1da79a305aeb26ddfed3d40db6dd67215fde3a0da29910384115f0921
checkpoints/BETA0_CONSERVATIVE/rep_051.rds,16320,77a161946b3e3629ac983569c6f2f0a6,bb3558cd73c986bfd2579c48e23f4e426315a1512a4fc52d08f7ed96632d54cc
checkpoints/BETA0_CONSERVATIVE/rep_052.rds,16334,ea450f078172aead4ee180d899099681,2e2544389283963ab6b4ee2366db9e201340da1089c5104995358a0b28ce2e10
checkpoints/BETA0_CONSERVATIVE/rep_053.rds,16256,6071bdc442a81a6d9fb00ba1b24e4236,2fd32de3a8837de3e3e657837e2a82dafbfa5b6b68d2afde082f5a9689294a37
checkpoints/BETA0_CONSERVATIVE/rep_054.rds,16412,9a0e279c1b3c6ab505f27b2809c7ef73,a32da661e4e462fad0d1268c3fc3dc991fb86acda4efb7b5f605ca4f7564c969
checkpoints/BETA0_CONSERVATIVE/rep_055.rds,16350,70ad9e966271f60792152e9274f79288,2a9a1dc5348dcd8c9f02fbb602dc78fb74b301fc4db584e1f38871df34937d2d
checkpoints/BETA0_CONSERVATIVE/rep_056.rds,16426,3baf73d7e076dceb26fdc1d84d61e9df,e4c74aa3fdbea47435b57f423dddad07c750107f48c19398039a5c31941e2d6f
checkpoints/BETA0_CONSERVATIVE/rep_057.rds,16290,a99749dc789e4e59ccbff00fafcc94d3,69877eb635b87a242307fde7db600ee5354ed1090f0042eef2af38d9dce23a82
checkpoints/BETA0_CONSERVATIVE/rep_058.rds,16388,619deae076d9e28c60205810e2e1ded5,52f84b18c97db8cc67da7b536e4b522a1862f8d2d06913242aa91bf16e3b8594
checkpoints/BETA0_CONSERVATIVE/rep_059.rds,16067,5e8396830651e12d7d2b772e1cfb6bc4,b7746ee388acad53b7fa6406832d5abd842bd467cecd5ba0ded1f2361856566c
checkpoints/BETA0_CONSERVATIVE/rep_060.rds,16416,2dec067fbd68670cebed4973f7b561b3,87de48cb40d2ad45f09c40101476d3db967624abc574558daffa5e84f99c1391
checkpoints/BETA0_CONSERVATIVE/rep_061.rds,16374,d71c591334e2c375e1842c345f084ea6,665a6b4e0668ae0176edf266039d275c921defe944ead29bc48d8d72efb1fa2f
checkpoints/BETA0_CONSERVATIVE/rep_062.rds,16280,b8c0f94c5c8e241b4dcd4fb802fc86b5,ab87994818ad7f505ab04c4790ac18fca98fe537cad53ac9e4079981a3fea87d
checkpoints/BETA0_CONSERVATIVE/rep_063.rds,15964,892e2dc6632d9e7540024f675951de08,24dff01729dea3dcdfc0bca3fe7485aed75d76399e1a04fd2ae0ae6a2977f176
checkpoints/BETA0_CONSERVATIVE/rep_064.rds,16249,3e797b73921342d753088a16645a4aef,4b0858176cf191247787f865f0eb9ea7d774cb7e3c5bf384c0844f013ff06b62
checkpoints/BETA0_CONSERVATIVE/rep_065.rds,16328,afe00efcd1006df222b3969b2483f764,0f83b65114e11c4d13f9863808c3dfb38082466183815f45a5dc00cda973179a
checkpoints/BETA0_CONSERVATIVE/rep_066.rds,16441,1313fb0decf85cd04f46b54478200b03,d9238a597c7d49a88385ce089ecc77555383ab9ce618c789704acbcc2c29c29e
checkpoints/BETA0_CONSERVATIVE/rep_067.rds,16078,0509bbcb203a5696d5c8c3f535e5fc6e,ec83a069563dd81fa10224f189cb10cc688089e57797211937a332904aaf2e88
checkpoints/BETA0_CONSERVATIVE/rep_068.rds,16453,3d480ccd6e324b9ce7d4df7fb63f15e7,cc0d4319eda7eb48e954e9a99b43f47a33626d1f913fb81b5ce52008f797fe22
checkpoints/BETA0_CONSERVATIVE/rep_069.rds,16043,a172135935927229f2e9602c0842d6c0,309c0dbcb1c1ad19d3d8456688b626a514fcced7a57ad5f3f26e18933c132c32
checkpoints/BETA0_CONSERVATIVE/rep_070.rds,16210,237434ad10e5389baaa341f563cadeca,a8bf3ba313b20db275f1771e21b23f8d2d1c84347d8577d668f1a35b49d8c5ef
checkpoints/BETA0_CONSERVATIVE/rep_071.rds,16439,20443ce44cd371ca13656cdc160a3ab6,ab2f0df8526bee7106c23b30054f6026aad9ab4625547bbd32e9a068147e5113
checkpoints/BETA0_CONSERVATIVE/rep_072.rds,16318,d7b4ee0a5cd294d5b9b07223ad43060e,b7de153f4130309533973832c5b9d349e9aec50b010561a5466eb8d6d99b5bf0
checkpoints/BETA0_CONSERVATIVE/rep_073.rds,16374,d4fd0a982af4265e709695828105920e,a22185e68cbd3dfb83c8cce22b1b33269069e5e4fa3cb06159688ecd99b9ff2c
checkpoints/BETA0_CONSERVATIVE/rep_074.rds,16345,34ad78c8224d1c807bd2065265703cd2,ff625242f73414c896506afa76a05dc5395d67f6ee89b5f211c1be72bc95b4e8
checkpoints/BETA0_CONSERVATIVE/rep_075.rds,16426,2a0c4e1ad159dc5ab0c0fff949e85315,2cecc9b89fed760a84fd6d8df9e20f0a311ab1a58958e57170ca0eedb6ca937b
checkpoints/BETA0_CONSERVATIVE/rep_076.rds,16315,fb5ad5b754ad58f17f48aee7b4f6966f,9a0d42f53ef00d892b216dec48eae7186929ade319deabe878cbca3ce509f4e3
checkpoints/BETA0_CONSERVATIVE/rep_077.rds,16372,229e0df3cec6c1874db1ffe1541845ea,d0cde35ced5956a476f868c0f3096c2714992cf3879e41be34ca4d433f80f088
checkpoints/BETA0_CONSERVATIVE/rep_078.rds,16347,afdc8343c505a1581b25917fa0d806e4,f725aed23161b9ca817c7e909223021d49d495880d1b6d5ba43ca0f5ceee3f38
checkpoints/BETA0_CONSERVATIVE/rep_079.rds,15474,e943db6b31a1f83f40b3b57e8f28beb0,67deadafb5afca360c6197df228849b8dd31e95ae28bc4dd70ee521accc3f574
checkpoints/BETA0_CONSERVATIVE/rep_080.rds,16124,46c867ff2c7bfdbf12e923099f2ceba4,5199838bb808e0bd45cd08442c2808ca0e9ce356548a57d4a69d5147dad052b3
checkpoints/BETA0_CONSERVATIVE/rep_081.rds,16376,a0516d3455862e854e17795c416f63d2,b2f31f37c9f572934b7f3e5ec64b9eb2fc50bd403a2bb6f4297290c6e590add9
checkpoints/BETA0_CONSERVATIVE/rep_082.rds,16204,5c14188cfd08d58fe9945c85797634ce,4f12e015265c935acd179664925883f2d93734c8e39c471837b810b27b6b80e6
checkpoints/BETA0_CONSERVATIVE/rep_083.rds,16243,eb250ba89bfacc31adfeb86b0012c303,e8ea179566710daae3ca6777ee50554f1c8b45ee1bccb70dfe2c3be9d159d2e6
checkpoints/BETA0_CONSERVATIVE/rep_084.rds,16340,e784e651926415cba06b5c3c940eedf2,6397ef2a66cf35c2cd0a934a98f7d9c6a1afb9fa89ebc2d8c0f97baadaf96070
checkpoints/BETA0_CONSERVATIVE/rep_085.rds,16413,d011c6c4b3a7a085e6f072de3d23f754,5da0388001d82bf3b87de6b0e8400ac4dcd7c3bcf31ab34e0ef093e6e37fa664
checkpoints/BETA0_CONSERVATIVE/rep_086.rds,16333,f82f6c1faae2f7a2d4233bce14a137cd,6568bfad7d9b81bfbb381e91bdd39e340807b67ede3aca6bc288e6420d9edfe0
checkpoints/BETA0_CONSERVATIVE/rep_087.rds,16179,cd001bb0bf2d3387784545bed7901542,23964f296d159dfc518952fc312b492cb7b70c91ff800a22dde023ac4ac311f0
checkpoints/BETA0_CONSERVATIVE/rep_088.rds,16304,5cb6056fbc9ee77f5facddbfff4d4c94,af0ca84d0386e5a403e87247fbcde7b70cda1eb5b59bdba30578e6d04c6aa092
checkpoints/BETA0_CONSERVATIVE/rep_089.rds,16433,c295c44e8c5340418e7f27740ad500e6,e21f01e5e19b45d66fed38ca4fb3da6dc6206af6be4f635b0ba30939ec969d50
checkpoints/BETA0_CONSERVATIVE/rep_090.rds,16375,6b9dd658d99ac2403712800153f702b7,32bae2211658318401bed9dde8f2ad178d40e45c7b7e46d75f013c987d2c7877
checkpoints/BETA0_CONSERVATIVE/rep_091.rds,16342,6cc7cf4bd95e503e57a2319b2cb3c8d4,374fea3df4e709c475b92de72d4bb9e1ee2346d950451662f39aec9cc5d168ff
checkpoints/BETA0_CONSERVATIVE/rep_092.rds,16366,99955750d3b4695ac6b238a2d05c69b2,6a8746c09da3bd0b5dd03004318831bf89bcb09788751450a28642602ca92ba8
checkpoints/BETA0_CONSERVATIVE/rep_093.rds,16025,31061294fa179b2b81a627d730aa603b,0aef0222dd41d5607f1ebba2c7990ee7d4c7d6eba2cba30de6d798db6b59e795
checkpoints/BETA0_CONSERVATIVE/rep_094.rds,16268,46a94296010d7c48b9bbbbbf41586f76,11c6445a502fd96624af58a85c86e37040f5a244daaa219f9df2982ac66e486e
checkpoints/BETA0_CONSERVATIVE/rep_095.rds,16343,3780be6a15ddd44eeca65931f44f9357,ba52067f90f869cbe2443e14307c17e17ed0a9c501929f1b28ca9b47234ef186
checkpoints/BETA0_CONSERVATIVE/rep_096.rds,16433,e7e28792dab72eb35842478f20cc69a8,92618cf24a7727d67794865b22f9d9f4e16f339da98a79fceffd413af40f8cbb
checkpoints/BETA0_CONSERVATIVE/rep_097.rds,16269,ef0ce0f91449c98a6721ea83b9336795,a9d0d94741f5205a397fdf721b979d07918aca355628b2e524b6956ef2a67e4c
checkpoints/BETA0_CONSERVATIVE/rep_098.rds,16255,05e41bf7a7424c83d0b769a7560c41c1,19480ed9e28cff6cb26668ed8379712506980e8018667d3a7b97a8a21dad9d9e
checkpoints/BETA0_CONSERVATIVE/rep_099.rds,16031,24cd45f048500622d4fc8d026276f258,c5ea088ad7794248da73d0b6c40bed6c6d765a52c46d36eef899701538499879
checkpoints/BETA0_CONSERVATIVE/rep_100.rds,16154,793d985550d125d7f3a56835ecd02940,5751765148ff415628016f3848a9f02a317d8b6cbc57c52614f00cf4e427d1fa
checkpoints/BETA0_DIFFUSE/rep_001.rds,16254,3874a4723afd8a4695ab2ecdd36994bf,e9f7034158af113ede4d5d3c9c1112df091468e22d82fb2b265a1a37da8d39d6
checkpoints/BETA0_DIFFUSE/rep_002.rds,16338,673197ad913dbac3a30cf31c46c0c544,a0dcbd5fd56e0e60a462f03d678828ecf3d54735a1d19664eefe727c084bd074
checkpoints/BETA0_DIFFUSE/rep_003.rds,16222,69b99e7d3925fa49ffaee6b6b9c2f191,3516ca0a1a34b2da786dc805c289ec5038404205b4a0b56481e8876f7eca91de
checkpoints/BETA0_DIFFUSE/rep_004.rds,16088,cbeae2e9ea18583f0ed032fcffe2c99a,5781e28804b663bff00021e50478bdbaa1b42614032f83a855501b670cad6eaf
checkpoints/BETA0_DIFFUSE/rep_005.rds,16226,7d49d13dd3be903957cee6ec874c233c,499276daf34df37c40b29231d81ba8115d515d139ebab50a04aea73a07674281
checkpoints/BETA0_DIFFUSE/rep_006.rds,16317,a9b57c541ae584b99f6db186b230909f,6d726c207e83c6c9f89d7e01507a913d0a9688f9670eb002e354bbf5fc8ede61
checkpoints/BETA0_DIFFUSE/rep_007.rds,16236,419a86b1778dd389b6fd576558320265,651dd97ab0c8bdff9039821aa6526b68a06c7590a1d64d2dd70092d19bd4c703
checkpoints/BETA0_DIFFUSE/rep_008.rds,16306,d28bcb5da8318bdb652c1f210b8478c6,07a83a55a79f687393466b2598c16b01bd29c43e365768398f11833b2681d6b7
checkpoints/BETA0_DIFFUSE/rep_009.rds,16319,181b75fb1187a688d508fd36c835fdb7,4f95d9e97b3f7cd0cea5fadac8b7eb40382558a8f52db6c0c11a263533102036
checkpoints/BETA0_DIFFUSE/rep_010.rds,16165,558ccb9fce6bc80ba749830e12d00ca8,3a8dc96f6728c97ffffebf0ddb178c58aa66357acfb7c955b55f28ffe1a7a198
checkpoints/BETA0_DIFFUSE/rep_011.rds,16381,d583a3c835d0eb1feb5f37013c41ba89,e8f0be2aafee91f911304ee66b6c441d9517e8954d1908d80a738b171ba769cf
checkpoints/BETA0_DIFFUSE/rep_012.rds,15923,36ea47f0816459566eab9e9cd3036f5e,6e7ee909ea2a3e85b02405196b1bb8fa4a2fdbb27a85cfde345f30b5cc45a629
checkpoints/BETA0_DIFFUSE/rep_013.rds,16368,ef01628f4ad5b85924e5b1480100285d,738c3781db157437b75ea759398d8d257e7ec088651bce5721f137558fd2c1e0
checkpoints/BETA0_DIFFUSE/rep_014.rds,16150,612ddd0b2b3f73dafaa50b71f28bf2b5,24314c65d2f7422a817b84b5cde1cf6ee652fcf57a241c35a5fa985a7930a8a4
checkpoints/BETA0_DIFFUSE/rep_015.rds,16111,9f3f57b8b7b15d5d959c99ba223a1951,20727d4268759a06a5312e2a5f7ac7203b4f341fd7a3e67f3678faca50dff5c2
checkpoints/BETA0_DIFFUSE/rep_016.rds,16318,4b03107f209de36d78c4bbfed68fff63,ab234ea875b6f628d23681150bb5fc4413bc0007dbc369587082fe618a348503
checkpoints/BETA0_DIFFUSE/rep_017.rds,16346,351eb2f38cbf07dd74aa1b3909aa7f96,ff35167d352ac2f49de273bceeb0f0f093368b5c9f93384755372808e35de5af
checkpoints/BETA0_DIFFUSE/rep_018.rds,16115,7e6018f84414f2d64a5bb52bade001d4,d2bb54f89d73fe07d55ebcb44a4c3f4814c771cdcf19f64f2a04611e6fe569b0
checkpoints/BETA0_DIFFUSE/rep_019.rds,16331,98c8919e6e2ca1a6798a2bf532b8f22b,99e881d806d23d75d6ef8baee2f539a3749b3d51d4f5b9c6e5432c65c040f1d1
checkpoints/BETA0_DIFFUSE/rep_020.rds,16205,93e1aafa7958b222f44ca33d68897efc,3d7f6ecdb4694e2cda0101cddd22f3b36cfc97d880378667fc156fb23d5e7c42
checkpoints/BETA0_DIFFUSE/rep_021.rds,16069,a82841bf7bf74faebc2128028d9c74e1,901177b6f6c197f78233b16f08eebcd2f44abdcd58053ed7d711fff9b5a65432
checkpoints/BETA0_DIFFUSE/rep_022.rds,16333,bd50cc5b9b12a301fad753ab72c06410,14b4882d8e37a7d447d1a9fdbcf76e54b05dd960d6a1a644a360aaff99988d6b
checkpoints/BETA0_DIFFUSE/rep_023.rds,16293,908d7c7123f6585ce2d523d5b6bb9975,c0265e82de50abeae6bbe49d1fa1063fef291e79318dabc1be6ea9be2b0af352
checkpoints/BETA0_DIFFUSE/rep_024.rds,16183,b311dc6312d1222df1ec804e2b58d1fc,c84a713e4b09413b42b3c0cf0aeb4f9c018ac82a470b7e1cd120397124393d26
checkpoints/BETA0_DIFFUSE/rep_025.rds,16118,70996f7c4fe62eb4f32644200ace1e37,b7c8481a29f336f69f4411aa27d2eaad227cc79587f941daea1426ef27139843
checkpoints/BETA0_DIFFUSE/rep_026.rds,16283,32782f90088ddc9e7d772dbc76e89af5,7374a9d71a8b11f8c01b6083ead3687d345139013da2cf05a5ac01c9d5e6788c
checkpoints/BETA0_DIFFUSE/rep_027.rds,16359,1a55996549fcb223e7c44c0a09e0ea3e,ae270eea587c0d1d238cf561951294f466898a9368721d181ce8159ef397ce90
checkpoints/BETA0_DIFFUSE/rep_028.rds,16351,a4a295ba16b4796e589bed0a0c8244c5,7d6e48d42b81aba486892d7661b5e90104229060bd181f9b26874fd3f6222dac
checkpoints/BETA0_DIFFUSE/rep_029.rds,16346,a6c80abbcb2a0ac6a47e504704f818d2,72dbb1e8ac159c44e516bba45ec03d563ad954de33d4df7bc9e88959c935ba1f
checkpoints/BETA0_DIFFUSE/rep_030.rds,16124,a5c28b53268ecefc57440cb52084ab56,30c11da2f961ba5f6cb8a9f95601b9295e951c02a54bdf41dbdf363b9c3a3f37
checkpoints/BETA0_DIFFUSE/rep_031.rds,16131,23f39e999f0a5acc336d97c48e49ff8b,dd4d624d79fa66bfa501fb28aea21b90d1d2648dafb7ec0ccb05d0ec8d6dc760
checkpoints/BETA0_DIFFUSE/rep_032.rds,16183,3b675a6216d61a7bedb37fec9d921f95,41723cc468e5955ea263db4720a0c8723a18fe39aae228bbaac6ae37dc117c02
checkpoints/BETA0_DIFFUSE/rep_033.rds,16165,8321b5091940e93db7205a9030393aa3,6361349cc092527f1895f48c07e64ec68f244717f351370c373482f17a3921e7
checkpoints/BETA0_DIFFUSE/rep_034.rds,16357,8f2035251822c2601117f083d2459141,af0a93f22aceb4d0bff7ebff38c9c79913e89a9acb6798a5c9156d08bd7e9dc6
checkpoints/BETA0_DIFFUSE/rep_035.rds,16280,9b04e984acfe63d16d9f64396c2c67bd,3b47492111d63b21583c0fb884b386504ff75373687772e4dd59c0d68b66f83b
checkpoints/BETA0_DIFFUSE/rep_036.rds,16273,adb219fcbbb3bd5739cedb0a82ebc09a,474da0b02c5aa4a0f7d333cf7898f1e4b3aa1b9b3f22ba3ad8c9acd4ca3b0c2a
checkpoints/BETA0_DIFFUSE/rep_037.rds,16380,620e96cf3e4991e1a54f46aad8a538c0,6635d4bd193dac85770b6ecde72549111fb4ea28802e2e273c4600ade5b07cae
checkpoints/BETA0_DIFFUSE/rep_038.rds,16164,53a7435b4f47acc053bfa9d2c290fd66,f61e7ed656738e932cd7a456c2166b3bc7f7f3df773ad13f241b7ed385129321
checkpoints/BETA0_DIFFUSE/rep_039.rds,15959,fde1134ded2fe3ee37d8db5380f6a0bb,8ecff726ac4ef136b8dc6c8f51d0b21e6e912b9154f58ce7840492e22e9a60be
checkpoints/BETA0_DIFFUSE/rep_040.rds,16172,7470c12d9cffb1401466659910ca630b,b84f11721f30788cc162308934595139fac1564be2de68d14ba8cc973fad9bbe
checkpoints/BETA0_DIFFUSE/rep_041.rds,16333,44940a0eb52162b1b7cc601fd27eee29,f8b3ff3b5bf001781ec476a270caded067ee52f7f59382dff992e493d1a77721
checkpoints/BETA0_DIFFUSE/rep_042.rds,16171,5eb2478d3921311ccd1a0c60f60b97c7,5bea8282528e2c60cbaae91463d59a0097f4a26871d412418ee037f21f7bc137
checkpoints/BETA0_DIFFUSE/rep_043.rds,16209,7073a9dd3347c7b9e5937fbedd4ea1db,ec37f8e1481e06dca4e34b67d7c7bb3d320bcbf8797910489b33e887d3b8b7e7
checkpoints/BETA0_DIFFUSE/rep_044.rds,16202,087ffb17b2ebf9e9266b7a30098e97e0,21bb3843397feb949dfcda7cd016c1927b81466713565d9b9816eacc201f2889
checkpoints/BETA0_DIFFUSE/rep_045.rds,16307,911fd235569c37abd00d5c3ca6a7cdaf,cc5c823ebf5aeb7cc4cad64a209678c8c01be2de1565da63cedbfd470885e2aa
checkpoints/BETA0_DIFFUSE/rep_046.rds,16219,7c9eb3998d41350cdeae9f1879f711af,6346f5b396eb897a30f6a45f5629e660487f0706e1c1329981327e48e3bf7db5
checkpoints/BETA0_DIFFUSE/rep_047.rds,16320,e59e2d4506b41351c25bb5cefd238a23,107adcf9530de0206c5ec24e40a34829584a64e782d0fed956bed99ca5b805d3
checkpoints/BETA0_DIFFUSE/rep_048.rds,16302,6a9d44341d6165cc5c69fdf62cade2c2,322b1abe9275ff3b7c4fea3e74a1f08deafa6a9617396a1a092f839750deb0f0
checkpoints/BETA0_DIFFUSE/rep_049.rds,15600,dcfd3124a93059f6fa3fc13317222226,7904b411259e95ab3bbe80d148244b70c9d629ab36b0f9c77c80b6f0a177b9fe
checkpoints/BETA0_DIFFUSE/rep_050.rds,16321,0cebf543c06df08b6abba9c1b482cb3d,e6cc77bef4653a3297af833188fe665a67cfdddf3696831c2d634d6180dc1a3f
checkpoints/BETA0_DIFFUSE/rep_051.rds,16323,ee52e8ef4c362fbded7de6a1f9caaeeb,f7697d581827d89d574a33b26bebfc0a1ca1a4dfa6f7e44da82244b564404e99
checkpoints/BETA0_DIFFUSE/rep_052.rds,16300,2b3f84f270c481d5a41d975fa694a7da,6c369202a36d3a768407c4c1ed16d8927f356d3782cacdacb4d735814bae4f4f
checkpoints/BETA0_DIFFUSE/rep_053.rds,16169,733755635c3a09fe3d1a7c878a62b50c,618f795c3d5536f72a0f2aa849e0b6b0a4d3dd7891444c735e7e2c15e2d8477a
checkpoints/BETA0_DIFFUSE/rep_054.rds,16326,b0d34b26d195d626cf47798b4a684faf,486a09b2194d938ebb51e64703841ef05521a83b44ba1af4b9a7c22f4c688e6f
checkpoints/BETA0_DIFFUSE/rep_055.rds,16320,da076ff52b978ce14fe2aefebb737f3e,c821330a552c67136974a60265c2bbbfd8fde01751346d2bdc37f487afa4c01b
checkpoints/BETA0_DIFFUSE/rep_056.rds,16338,a373aa5a2b9fe9b9e67b32b136c4c1d1,23807ef0a45663e13c48a955a5141231664c73ba4e4330b94b039d6f34ed3747
checkpoints/BETA0_DIFFUSE/rep_057.rds,16258,4f3fc765b245fec94071b562c4f61db1,657597dce9e1045ea9577216ade9fbd9ba9db6c902abc93c68961d8a267853ab
checkpoints/BETA0_DIFFUSE/rep_058.rds,16347,bba35d46599cf7613c939e3c43914022,af676202844248014ba9c3561d499b0502616c8031256781b084bdef0340cd9e
checkpoints/BETA0_DIFFUSE/rep_059.rds,16247,a37dac05968201204569b8591d0afead,1619e967f09543ba4ed263a937e1ff6f08d0e2c46293e8660406f97a26234191
checkpoints/BETA0_DIFFUSE/rep_060.rds,16338,f302c5917b81ae74e9268c880932d50a,dc26fbff5bed4a3d3c5bdc5c19f9812ac2b077f51f3920a5bb8d121171315f43
checkpoints/BETA0_DIFFUSE/rep_061.rds,16315,fbfc689448b2500624310945841cf690,c4f2555e6504ec4b1d557fc7931602640efeac3cef9ded784a3fdc6fe1bbd856
checkpoints/BETA0_DIFFUSE/rep_062.rds,16265,ba2322f87d85ad4b1c8a635e50d4ce8a,dace42a64c65272c5d3853157f09e6d7afac8cb865298b27a04b21d7eefee493
checkpoints/BETA0_DIFFUSE/rep_063.rds,15970,1f7b9058df75f3e33e046e4da7ccef7e,8734522f4b7c5e94b0c3369821a830413c5e271d0bfd6603c4a0ab1d22528604
checkpoints/BETA0_DIFFUSE/rep_064.rds,16294,848c96ce79a6c2e4eaa495c8d9b4a009,729fe9a9a42495e751e9725737f934a2f32a7ae44c111694c3db704765959edb
checkpoints/BETA0_DIFFUSE/rep_065.rds,16329,9ab25f4e4c425ad2bce65aeb3f6e3cbc,2a0b8de01e50bf77570fbae9aa4b9ffb6b8b62e4507e3d615e2dd416feede89e
checkpoints/BETA0_DIFFUSE/rep_066.rds,16304,d13058fa838f8f61b8ac93cd55dbdc5f,6f3a79d0650a01f29317941a933573cc31913034cfb1e0d39dab815934ee34d4
checkpoints/BETA0_DIFFUSE/rep_067.rds,15796,62e15e703104dda1291804757a383b49,172b7208c719dab27c0c24d4a2858a6b67cc2faceeaa24e90253462520da0387
checkpoints/BETA0_DIFFUSE/rep_068.rds,16338,a5ae4dea4cb5c85b9ab692d459ada969,2e614d77598e4c7664ff8994360139598e828ade640b2f44ae225d13d0a20cc7
checkpoints/BETA0_DIFFUSE/rep_069.rds,16195,287c9060122d8089c3a66b41c3395e48,a7bd93ff16de5f9015af89383343220c32131512912d343874be58a87f4bcf79
checkpoints/BETA0_DIFFUSE/rep_070.rds,16271,544e04f421f66cb9aed127bf206b13d7,5d6a9c02b6c0467ec548a16ada1617b517777ec5141314e98208de1b0e1aab83
checkpoints/BETA0_DIFFUSE/rep_071.rds,16307,c7a1679b09972a4463adaf99095a976a,85b15db44cde7b869dc2a11ab8a45943575f3055ba31201af140ef1d3a0a5b1f
checkpoints/BETA0_DIFFUSE/rep_072.rds,16278,c003c96e7a7fbd819edbdb1887f7e1f5,676ea81435efb17e58579bc5d02450dc7578dd5d4251329b160a2ad35cc72acc
checkpoints/BETA0_DIFFUSE/rep_073.rds,16268,66dcda9473a02cc3a17c6ed9e775c94c,cf7d557281c873c3af22ede002c8ee1c91f76de5e000fc0f548d61384b29caa8
checkpoints/BETA0_DIFFUSE/rep_074.rds,16356,f92fb7405b1177e5d6404a2461a7cfcb,740192770983c0e59f7589186699d259eb114738f9104971273e7db387708638
checkpoints/BETA0_DIFFUSE/rep_075.rds,16350,6c2e03909a818861056b46e631faf1eb,1604b6a4a38db9f545637a546f34df998cf2ae02cf6af9cb834b351eb9b83f5e
checkpoints/BETA0_DIFFUSE/rep_076.rds,16256,7ad497c17fcb3a348737f6db34e30039,366c6db861fe699eecdf5c26444873090165a3b923688331d68ca826ba92d563
checkpoints/BETA0_DIFFUSE/rep_077.rds,16262,3eaca88216bf1cb7b1b4ee13ade1ec1f,e86d5f814a65727b720a8f84a97e4278fd0de37e93e55c1a68c721be6d83e158
checkpoints/BETA0_DIFFUSE/rep_078.rds,16244,c1bd20b735d2e1539c7a74cde3c234f4,0cc4285ac46b94c8d7e545a60c9fac7c7d969355f2f7d8c97305b05ee950bbdb
checkpoints/BETA0_DIFFUSE/rep_079.rds,16024,07e065a04ce18d43a9abd02278b513f1,15f85c968787c3dbd3c2e7507691c8e167de85c7e4d605a252d130059e2145f4
checkpoints/BETA0_DIFFUSE/rep_080.rds,16236,cc37b48503a646054f5c8f248ba1d301,79e1484b47cf7fdb71dfa53f61c033791c0d3e0a1a533ed9da3a43e88652f1ed
checkpoints/BETA0_DIFFUSE/rep_081.rds,16304,648f98ece75e29e8928bd40cb4945f1c,22df850cfb5aaea89e3083a094bd13b34d7dffd172e13fcea690edf71a9bd303
checkpoints/BETA0_DIFFUSE/rep_082.rds,16082,d8fb4ad0a2e573c3001eeb59651d13f3,e77118ec409a57d3f9c1333b1423a4d1a99da2cafbefb7b5a1274a140bb21395
checkpoints/BETA0_DIFFUSE/rep_083.rds,16217,00a8087776aa92f25456def15d91b89b,ed7b20207f7da8d6a63d712f0050407d661d42e93e31ddf02fb4867977643408
checkpoints/BETA0_DIFFUSE/rep_084.rds,16261,5d635e810564691c9c9591deb62cf7d3,71bcc8e3916a6604f41d9e9a1c96d595adfeac02d119f564f3198fea7671d1d4
checkpoints/BETA0_DIFFUSE/rep_085.rds,16299,96fbd1249be5aa4e61aebb58ff216ee5,099478ad8dce9af6ab9691dea4943937e1d3ba5cc2c020d698252033879a1399
checkpoints/BETA0_DIFFUSE/rep_086.rds,16348,c511d03f79e8178993c931efe03e517f,0cbaa55293fb204b63a5ac64b73f63fffea47825130d0decb85e48c51c0eb02c
checkpoints/BETA0_DIFFUSE/rep_087.rds,16179,6e4def9b5c6cabb488ed9affb37bed7d,7c645ac521bf14ad5c19f95fb2586651f3040f47e85ff265c7f675722a25a382
checkpoints/BETA0_DIFFUSE/rep_088.rds,16219,89f78fdde67668ec98f87c308e18710a,803ad2dedd40c26d9498d9da457cd067a12b49494017fb42f69631ae2847cd7e
checkpoints/BETA0_DIFFUSE/rep_089.rds,16376,f430c48d8d4dd64de495911e3d319057,65e853d975743d5d833dfcc1f4307179e25b66722eaaee9cefcdc02aef6ba15c
checkpoints/BETA0_DIFFUSE/rep_090.rds,16280,03c1c7056aaad6ed043c8c255079a081,7a64e89228818311a6c2f46ceca779e8030cec9ab61d2529cfb50415410ef6b0
checkpoints/BETA0_DIFFUSE/rep_091.rds,16335,2716f2b415705abf513bc43788a4ccea,d65f8f6b802227e2acf0ef387c7b2a23e6bf1b5f373f421681b77f561dd1927f
checkpoints/BETA0_DIFFUSE/rep_092.rds,16252,aac277261afb57b9b339230c5429ed7b,e9fde776e6fbd629fdb92ae3afacf4622d4b6d197169f97c6aafe53e0ca5af1b
checkpoints/BETA0_DIFFUSE/rep_093.rds,16057,f75ce6f276475a1d19d946c9177594e4,bdd499db9b1bceedb37132fceb5d5c80981fde171c7a11f290a1391ce05d9832
checkpoints/BETA0_DIFFUSE/rep_094.rds,16017,e58bb851be56c206fde3f4f78394ecd4,0e8fa715e4d56e7aa627c13cc31fe1235cccc855243a57909ecac4f2f1abaa28
checkpoints/BETA0_DIFFUSE/rep_095.rds,16245,03b08fe41d0352e560a31db521668a9f,d49c4e14fecc2584eb23eb9d7ffaf7dfa5f8dc0941c6c827f866fe4dea39c27f
checkpoints/BETA0_DIFFUSE/rep_096.rds,16311,04e83e054787a8a21f14f76c114d38d0,8d270e51e0d26af155c4e40153d6dc6c310de03670a6c09ecf6988f116043dd2
checkpoints/BETA0_DIFFUSE/rep_097.rds,16179,434f19476e047cb6f02773a38930f0c9,0c7c0f5a4a79b45260caa3ce40618910d89eebe2d19b23f3e3840a64d20d071f
checkpoints/BETA0_DIFFUSE/rep_098.rds,16284,3acb9ba2a7420e97453e570c4ee88ac0,c0612c0ac15121fca500a8eceac94345aa3935d4defd37b2ac34f18a0619d1ed
checkpoints/BETA0_DIFFUSE/rep_099.rds,16069,dc123d33cee6db153572c61a9f80c357,b62408301cd4eb7e5a021b52adc15841cb94816f11d9d56579638234d62d4f8b
checkpoints/BETA0_DIFFUSE/rep_100.rds,16296,92fdcb5815515187427124a9d78d02de,0b157ef3a6e81598e1607cc8648cf547f6595d3783cd5926823d28e5dcc1445b
checkpoints/ETA_CONSERVATIVE/rep_001.rds,16390,b92c1bd64244df937c8c45c53cf5d897,ba1e5a7e9ea12594fe5b747d39d33bac5aa746ff0b28205c75fc3f4556110401
checkpoints/ETA_CONSERVATIVE/rep_002.rds,16401,a7362c647f42c96c0ce0a21405b78d55,f2a2603012485bf7557c9f63d7b641d8ca1d95b633d86c883997397651203647
checkpoints/ETA_CONSERVATIVE/rep_003.rds,16364,00a180ec224abac72e75376611d54ca2,fd4800b880b0c633e7db8e70e10d43d4f65c8b72bc659cf74daa176d170c8ac0
checkpoints/ETA_CONSERVATIVE/rep_004.rds,15921,160ee20286b9d562ac27d7a36c3bf7f3,b925fc4913973c7c9e84549b0350c7e524c74498b34c76fc4ef81c5f31c13447
checkpoints/ETA_CONSERVATIVE/rep_005.rds,16229,792c35fb64b489723e5a5f6c0c02af21,0f050be1e059e068fb8975a5b6b1165e41307d7141c3d493b9a352022994a5ce
checkpoints/ETA_CONSERVATIVE/rep_006.rds,16412,377b097115947ceddbaa9d7fc7d84960,cd81027900ab13a76285f08458affd807fd5ae8c52a98775ed6c94fd87647173
checkpoints/ETA_CONSERVATIVE/rep_007.rds,16329,6ff30edc1ed5b260b07abf816a0b7bec,95469fef9d10c984c3d08e5efa1fc89f4ebd0fb52663506a4b36adac183f007b
checkpoints/ETA_CONSERVATIVE/rep_008.rds,16465,2bb8c7c763974dec406295b7aa5cc506,7afc2be7c6f466aca1e38c513d2e8486b04b469da9cab83afad9a29bad7e0270
checkpoints/ETA_CONSERVATIVE/rep_009.rds,16181,305bfc2bc5b3ee744bad55d8c04c13dd,a15d17e9cf0d140df2ee6f8c6c746f7c10b2bf85967019503bca90f6590bfa0c
checkpoints/ETA_CONSERVATIVE/rep_010.rds,16380,01b32ca489863ecc445f301d893997e6,c8c227a2074f8a9ce49e7ef64c011247e42b02b62b4fea7b74e249ed7e789fdb
checkpoints/ETA_CONSERVATIVE/rep_011.rds,16459,c1885e982f1d395ee33ac9bff27315fd,b5bac18373530b8785bd0f827ca0dd080240f9b55211bd67c83521b84a9e3fe3
checkpoints/ETA_CONSERVATIVE/rep_012.rds,16284,818198804781aa049e75198144a20288,b2f8fd449fa2253dcb7905aca7ef8482341b553d028433089eb9d22a24b103dd
checkpoints/ETA_CONSERVATIVE/rep_013.rds,16382,6b430cb87b8cd9352f97b2f32a4bb9ee,a4aac5dcd47ae9be23d9076543b866dff34c27f4ee9e7fb505c3b947156fc9cd
checkpoints/ETA_CONSERVATIVE/rep_014.rds,16312,14b5ee751368f6a3dc664a5d8bd3b801,49298f0b53d03812dd68ea41057679ddc3becfcfe830ce06b200c5ff0f04b616
checkpoints/ETA_CONSERVATIVE/rep_015.rds,16335,2e426fcb117dea7149fd5c6682293e3f,27669a6d7a018c18093068ba185d550d06b2166066c59f30273d79b4cb1a4464
checkpoints/ETA_CONSERVATIVE/rep_016.rds,16358,a95aad24260428aca22d18b58f9d41e9,54512e918e4225654338b3143610814acfc31e24f20338909161ea8453350cc6
checkpoints/ETA_CONSERVATIVE/rep_017.rds,16439,194de2f25f7620af01332f2a533e86ad,da98c5be75b463185179440a06908183d9e6b270b22e85c5450f4d0f1f6be837
checkpoints/ETA_CONSERVATIVE/rep_018.rds,14999,a1f2ce62fcaa39eaf20af16542210b6a,71a824a9f56d8d23da29a5e87a6e01bb16d00c1b4c183bf3c4a7f4cdc55e3918
checkpoints/ETA_CONSERVATIVE/rep_019.rds,16358,5996685d96113cc37db7fcb3447d9c83,c6750a81095ea691be3d07c58e73409eabd2cb6f1c31ce4099b9bf0ab4a3150d
checkpoints/ETA_CONSERVATIVE/rep_020.rds,16399,0609b290d4b302ec13b5382b9a06d3ca,118321b5881c0c8bb7f394721a9b6dea450de1a93ae57529a8ab01091293031b
checkpoints/ETA_CONSERVATIVE/rep_021.rds,16349,9ac9ab6ec4820938556cae2f4d620772,729eb8cb0beb1af136c16380f7691d97bd8799982182df69cbb3b11ce2e3a9c2
checkpoints/ETA_CONSERVATIVE/rep_022.rds,16392,b01ed4380c8364bb9838bfc4e3078cc3,dddcbe86e52f6ae0943bb2a8ea80e3031292a6c3e1f5c185a41963cdae441dbe
checkpoints/ETA_CONSERVATIVE/rep_023.rds,16406,8cd9f50708e287978a8eb79e8a0a4de0,cd69bde7caa46101524d14c9da464df364275de85a2084d849c481aebe30e37f
checkpoints/ETA_CONSERVATIVE/rep_024.rds,16102,ae9cf04525cd45b0e39eb6e80c65b74b,4ee651490e4e08e6630b360f87f35fcc10706916c6b25ec885bafb8f312bae50
checkpoints/ETA_CONSERVATIVE/rep_025.rds,16170,a8783d48954c932a49dbdbdedd3ff007,14d7c57b517c93da062140286db234cc52d602558a75eb79512d940918134b01
checkpoints/ETA_CONSERVATIVE/rep_026.rds,16011,8d76fc6336f185472ffa61e94c9a272d,37d0d1bbc42e1ba1ed2b794143cf4037752b4d33aab83243a03828359ba5335f
checkpoints/ETA_CONSERVATIVE/rep_027.rds,16432,a80b016cdeeffce6afddb161122c7463,ba55889a629a4afb38011af177a1952f8e23cd5696cb8e5a8a3337acfc63bfbe
checkpoints/ETA_CONSERVATIVE/rep_028.rds,16407,a17ea48d219a4ff4bac2977cf32b32a0,75d388480950784149f891be0e7fb8c23663b0df999905b8ba061dc9848292fa
checkpoints/ETA_CONSERVATIVE/rep_029.rds,16394,4981e10f1a89f46d0534949509ecc68d,5bf8e7899d1cea787ea29584b05b65d0f6bbe71196b80c67ab17c2f1ab1ee4be
checkpoints/ETA_CONSERVATIVE/rep_030.rds,16412,ce0d515c8e8a5ce619e194bbc35e5e7b,e011a9f61f68d610b6dc3ac39f4cb8d45bf171746d2cca44e419e4a7b4edbb14
checkpoints/ETA_CONSERVATIVE/rep_031.rds,16383,13927e4265485f31ee2d115a4ad92618,d38e9718606fc751a314302fa7bed77e81762622991bc05051cea7559f83591a
checkpoints/ETA_CONSERVATIVE/rep_032.rds,16199,a8779784129fbf557d7e206f0d158b70,927982bee93840d5edb1b01d5b7a3c854292d8c672d5a3732b61db4eef3f347a
checkpoints/ETA_CONSERVATIVE/rep_033.rds,16211,7a67947a61ae138aa39584131e4a316b,cd6f35f4ccb455948b5b9dd6719b83c1808eb7cab620663eb8bd706bbd8c2d6f
checkpoints/ETA_CONSERVATIVE/rep_034.rds,16400,73d6fcc1a9d96e306f95b470c9f13dde,a2a5cb24a0891b49e9a17f89a112f0f262d99fef12aec813c9632dfbf1049cca
checkpoints/ETA_CONSERVATIVE/rep_035.rds,16331,8fc5e5c32efc5130fc9e5a6921949db0,57440477ac708ef3ec8f572d0be078ca3fa520150a9576894d07092b7f09c711
checkpoints/ETA_CONSERVATIVE/rep_036.rds,16357,c02e9e7e8f79e4ec586fe97816fdeea2,240f2a4d042bfd04f37920f1fed04342821aa8f056a8a2c357ff334b29198695
checkpoints/ETA_CONSERVATIVE/rep_037.rds,16451,449299077996ad4422df41975a4c9480,e91e73cf0d9a2ada63a8c39c134f39b814ba6e2c781f9e0c8644e883bd086663
checkpoints/ETA_CONSERVATIVE/rep_038.rds,16315,377c1e73fcd2f62cd03664b4de76fcb0,947db2e10b03dcf19df350c4a0dcd3e4427e74630a01f5edb1c866f49207634d
checkpoints/ETA_CONSERVATIVE/rep_039.rds,16144,b6f1ed18d6b6fa0c4d1d8aabf7ddebb3,f262b7a88693ba221cf39e505b824ad597d3a285d3c01af415e1f0982c069454
checkpoints/ETA_CONSERVATIVE/rep_040.rds,16073,6e5759c7690ac2318f714b88381e4ada,ecf4ec35b039160474b3b4280a7703dad20d2fe1293bef89afb60d6b4fc8512d
checkpoints/ETA_CONSERVATIVE/rep_041.rds,16401,b58d2de668dae27c899dd57bfe4ef276,a1030660f213c3087832e432edadab4be089bfd4462584c4f2022b27161823c7
checkpoints/ETA_CONSERVATIVE/rep_042.rds,16229,3a58a99e07450b931a7f28624e5af9d4,cbfa69e91bf654a40aab779c9160172267ec17f4ef17b5ace00414a225abf82f
checkpoints/ETA_CONSERVATIVE/rep_043.rds,16403,37242fe0acab69e0513fb404672a63cb,4db02a363059c183b5036e39527e32c05ed36811361ca4c349c734f2eb4eb663
checkpoints/ETA_CONSERVATIVE/rep_044.rds,16287,e831f7bcfb525cfe3e7d6ba9aa456cff,00f2cf81f1cf6a7c36a2af5979766f6f2f1df04fcaaebd50f54d85a4cfdf73ae
checkpoints/ETA_CONSERVATIVE/rep_045.rds,16232,4ffd0df162b9d678e828ea40b7ab7b9e,3654805cf69a576b6d3fc0a7ca4129a0d494badb131b246fa3b5fe08af8424a3
checkpoints/ETA_CONSERVATIVE/rep_046.rds,16309,23df842be824b80391531c50e080e30e,1ca2dd45ee4e921d1f1af3e75f32680919bec126964c0554c3fefa83d8d290e6
checkpoints/ETA_CONSERVATIVE/rep_047.rds,16328,36ae46e770ad7527537babd5a044614f,41fc70d8c5d296bc6030d97e5b68e862d1b3fac836f8f31350766be517077d4e
checkpoints/ETA_CONSERVATIVE/rep_048.rds,16404,5f59cee889e41abdcb3900777387107c,c0eef3e1bad21806287d9e77ab40dfd8e817508a3cef346faffb2fb21a4014b9
checkpoints/ETA_CONSERVATIVE/rep_049.rds,16339,2098b9fbe6956d33913626dab3f520fe,a601390940fcb1b6190e754baf0eb2c31a8ae7048219a6bd73b170848f24bce2
checkpoints/ETA_CONSERVATIVE/rep_050.rds,16356,d8c324751bf9fa83b0529eb81bf3aea1,c89328a734dd244598141f496d9c13c0ab6f0c3a60d0db6b971331e8cb1907e9
checkpoints/ETA_CONSERVATIVE/rep_051.rds,16335,c7628525a02bf5dc3b01011b552b3f92,e838568f65262b72f69d5cc4f994c24404b38e1fa731df77d686630dd87b52f6
checkpoints/ETA_CONSERVATIVE/rep_052.rds,16352,c5bcdf39f936bd0bf53e40f7a2bab262,267accd89f6fb8e39d2a29ab8989740ccd5a4dde4ce6b389b89bce2514fb1700
checkpoints/ETA_CONSERVATIVE/rep_053.rds,16352,dfe275fd40ecb768d03eb1c3f030e39b,9151009bfc539a30da6eedffbbea1c1d85678f1c699bb21b7f2b5ad227723423
checkpoints/ETA_CONSERVATIVE/rep_054.rds,16343,b64b0ef4d684214853afe279a3c3b573,cac8a3b6ba9350d9a00e61fe67fef7c4fbd35e1a157e72841b01745608f521b3
checkpoints/ETA_CONSERVATIVE/rep_055.rds,16417,1182abf0d849be77a2e511456bb55cbe,9ddca0039c5b9bdec934dc757034c5f08a15eb095b1fdd9867e07ccb19c44f36
checkpoints/ETA_CONSERVATIVE/rep_056.rds,16416,431213b1422309021306232bdec01465,c3e8c07154500af756dec837bc7933e803dc90d30de4af94e974eb92358d8ead
checkpoints/ETA_CONSERVATIVE/rep_057.rds,16339,3e3bbdd579adc1246d98d216e4da362b,8c9f1c424c7df868670b775ffdd2e3057c6b3d75db72215ee6030219ddc322e2
checkpoints/ETA_CONSERVATIVE/rep_058.rds,16437,9375191e184a2d4b4120a55dcbe5c5ff,08846f118865edd840cd9444ca6e39896d7bc32ded952944226c0c54ef3cfb3a
checkpoints/ETA_CONSERVATIVE/rep_059.rds,16297,02e532adb1323edb92e6256dcc1a8894,45dcb8f22acf060aae6b4e06feb1b93510068970938e16ce0a0e5815b91c725b
checkpoints/ETA_CONSERVATIVE/rep_060.rds,16476,aff1dfdcc59e0c34c7dc7a1e5d1ebeb8,c035848f2666caec602b3e67e03ee6193e9f2aa2506eab42cbd856814a3a5195
checkpoints/ETA_CONSERVATIVE/rep_061.rds,16398,2b52d33f3d65c288c00b15f53061f469,f72bc01aa2ffe7ca9a321e7b7fb59db637ccbd0a070fd54881e4ee9ca9b11010
checkpoints/ETA_CONSERVATIVE/rep_062.rds,16327,889c4ebd00c2fe296d75a2df83724440,4d3bd6c3475a375f0268135377f02cdf06d510fbb3b6c75a2c683740865409f4
checkpoints/ETA_CONSERVATIVE/rep_063.rds,16023,6b532745ea29e0ba034de3c0be722d6e,aaa9fd7e30af8e658b98976ea15a0306b43c6e0ce21d6c86b91932ee398eb522
checkpoints/ETA_CONSERVATIVE/rep_064.rds,16385,fc5d6595d6fc53988851db80581e3b06,a0ff05f348cb48cc0881a2afd39cbf51461f819839e021dd3a5732ec2c0f5f67
checkpoints/ETA_CONSERVATIVE/rep_065.rds,16454,bc11b4f6dc903c740227bac7a0e35c45,82cc1fb3f0a8f129be7fa946eecd58a27ebf6ef463cdeb3ba0be76c61ba80678
checkpoints/ETA_CONSERVATIVE/rep_066.rds,16399,f9262a30d8bc854a116db493dff3c531,f4ed6c9adcc96ac96addf85f3770e6ee5690fbd6b25978ad9e3b4674133a7fd4
checkpoints/ETA_CONSERVATIVE/rep_067.rds,15904,71824994f7fcc46e1f23c512ea0bc4d0,377c94e84d2191acf03f52708d86413bacd8009a7b5e767be8df1b060e4b3807
checkpoints/ETA_CONSERVATIVE/rep_068.rds,16455,fd44e3cb248bdc322b48d9c3e7734a29,b26a2c2eb319cc9ccf5fd0a49b6f7d977420733f1c7affe759efb4d1ea53857a
checkpoints/ETA_CONSERVATIVE/rep_069.rds,16329,d54025358a24078a13a28bca76da275c,37b5b42633e2c58e6e7d4ada05ef35d5f5ea3fe852e4bc05320c1c34fada6f42
checkpoints/ETA_CONSERVATIVE/rep_070.rds,16334,bd5fc17e21164b4f0ddd8253ec26945d,ceb0df1b067b4d6a0c8c1583104108327a9dfe311b4581fda5c912cf9f8a0461
checkpoints/ETA_CONSERVATIVE/rep_071.rds,16445,d63d9eb4d7b18e6772e6cb7ab098884a,27d5712c380d9c275a7266dbbd22ff945c9fc97984f041c802ca266f785c6f9e
checkpoints/ETA_CONSERVATIVE/rep_072.rds,16229,3853ce3b197dca502f560dfef12f1f72,bc7de1f0e2e88726fd3927c4941eb6eab8378331ad95041c4df821ec4683adca
checkpoints/ETA_CONSERVATIVE/rep_073.rds,16399,f54c69886f03a1db5ac6d43758b1bdc8,f0a3d1436f04b768b688f89df3890973771a7bb120c3f72bcbf513fd816dc4db
checkpoints/ETA_CONSERVATIVE/rep_074.rds,16424,5d0dc163a15e3c8eb24843c9bc5dccdb,b65a047d08a65d1a06b34b277b4ac7484a6d5f9b2cf671e89a5641169b7d388a
checkpoints/ETA_CONSERVATIVE/rep_075.rds,16466,c4cf0880b630a0ae6f9869e7c1e6c0db,0650ad409d5b54b8c9119d262cef502d4b6ae0320ba951f3429230cbe79a5d08
checkpoints/ETA_CONSERVATIVE/rep_076.rds,16308,9cd3d1df203e4e81bcbac5ec6c4941d4,b7e1e35a7b9f24978df7b4eeca9425a983318b47226cb3e011cfffa6b01aef97
checkpoints/ETA_CONSERVATIVE/rep_077.rds,16377,cd10cbe091ba153496c4d452f97b3597,8bd3cf69a728d186983ee13b64de225ae4719ca5896baf54746c6664c7e722d5
checkpoints/ETA_CONSERVATIVE/rep_078.rds,16361,d8625bbf8b108b347abb0eec8f21a395,a1e7513847959c2a684419a04a4257e022faeea6c390049660ce1b6847716443
checkpoints/ETA_CONSERVATIVE/rep_079.rds,16119,38ec7caab58fe45c3cfd95d4867fda90,e645adca1804e6f658040f05c3d07824973e462695f04d70a99e7e203bae5742
checkpoints/ETA_CONSERVATIVE/rep_080.rds,16188,0e6de59b48a4b03ea25b505280def9d2,cf17c04536f7c703f66c023da7883d71c2ec1b27d928ed3d3947885e02392ab6
checkpoints/ETA_CONSERVATIVE/rep_081.rds,16383,5364bddade9d9ee8ffdd04a56e5decb8,b21d4b768578f41b9fdb3a63725874ea5918f3ecdf1f0b9d7aad2e0bb466752a
checkpoints/ETA_CONSERVATIVE/rep_082.rds,16381,d8089ea4044b79015c1ce839d47f8f0b,b9213944ed5e9d2833b4f0f69e7d7ec16044830d6c215d6f2846220695a039ca
checkpoints/ETA_CONSERVATIVE/rep_083.rds,16175,d9ea7559e3c79b8375f099834a3a47ff,62bfeaa24898cb8c181e095e409301c0697ad8fef40d741373bd55fa93ce8921
checkpoints/ETA_CONSERVATIVE/rep_084.rds,16394,3851d59cc9098a34d07f2a0525416c73,ee025fe764039f3f6a213de3a8450f847c4bf5bb079736d7823e835850330f59
checkpoints/ETA_CONSERVATIVE/rep_085.rds,16361,344e76386851c912e2e732c54f499ac2,f564e515b2eb529a3e813dcede27a2e9250f7b8012cd9296e58e5f2d901d51f2
checkpoints/ETA_CONSERVATIVE/rep_086.rds,16353,48cf024b4be8943794243f1d9e6d797b,06b2769a72cf72cc3de4e500e9c416f0f147fe7790ebe9858f4a44243be529e4
checkpoints/ETA_CONSERVATIVE/rep_087.rds,16162,0cbaa8635a9b4410273a42d942b45fe9,d3b1515c928168ff0021a48adf97c89ef574f32dc2f8b9ff70ebdf63532ebf91
checkpoints/ETA_CONSERVATIVE/rep_088.rds,16370,71aae198895e8efef9c349f54f665885,c80eca7ff8adf8d8d8611f93d5db54e1c67abac8b25fdcf179d387add46de607
checkpoints/ETA_CONSERVATIVE/rep_089.rds,16416,3b9bae62de39fa73d442b8c8858fde6a,59d69bc31436d22ef6cb8facb33ffba3bdfeb38502f40e2281885934272250cf
checkpoints/ETA_CONSERVATIVE/rep_090.rds,16339,820efe9980edf89adb5c9ebb1eb7a8c6,afa5f7ef3fd11242f821abc77cd60e12f14109f468b53bc84af0c04bccf57e69
checkpoints/ETA_CONSERVATIVE/rep_091.rds,16336,427bd81df88f9e64fa101e63e22163d2,fd2bfb1ea330a030145e73279b7c8987d33ccc7ff1483cd433e4a6434802b46b
checkpoints/ETA_CONSERVATIVE/rep_092.rds,16322,5d50393c83cd393111ec731f8cab7343,14145797dcbef2ac79859c931e7b860b456a0133668d0c379afeab80593a1211
checkpoints/ETA_CONSERVATIVE/rep_093.rds,16111,8182047b14a95ad1c46de394edd140ce,d4e61c54a9dc169bc4728871d634b0ae936b37b25a240b73954c25e00612ee0f
checkpoints/ETA_CONSERVATIVE/rep_094.rds,16374,0a334733a17a2a970274ad7005d3c9bb,341d41cae9eab2ce03e54044d7b3125ddc8d33bfba66630cd2e8d81a0cbd1001
checkpoints/ETA_CONSERVATIVE/rep_095.rds,16350,9dfcedbc691aabf5b5f35fb5c7a90aa4,dc0a61b364ee629b64622451d92f7a66f5db21e5bb544ac70dc16bea969a07c8
checkpoints/ETA_CONSERVATIVE/rep_096.rds,16421,b8aef2d7dd6ff126d8718c148ecab9dd,d9df2aceebf8f10f65723c63d542b9d271a5de7b20c705117d004bb5cb8a8ff9
checkpoints/ETA_CONSERVATIVE/rep_097.rds,16314,3f954a095beb2e824dc9b511a0c3db06,539bf729d4cead8f6cac011afc662f45c5fc53f69843ff5fa0d5961dd7fd0d8d
checkpoints/ETA_CONSERVATIVE/rep_098.rds,16338,192e6c6f4d76e5ab9489a12bfb208ed4,80af567d4cf5d08bf0559be93cdff3dc04a42c32ee0ec6985a3aaab23edd824c
checkpoints/ETA_CONSERVATIVE/rep_099.rds,16312,ea5f90f16fac0afa0758c060cbf52714,9f0e06a1f7a3d9531108978f07a10ddd355744eebc34c92a16aa31eb8886c0fd
checkpoints/ETA_CONSERVATIVE/rep_100.rds,16444,36feae3959482b7105e724127a5210b1,5dad6a6c963e82a7b3e4932921653327a8fb82a2961dafce6b64fa3ac5cf183f
checkpoints/ETA_DIFFUSE/rep_001.rds,15832,0607e4f40a375225a2bdf85903a236ec,9559a7fc8090699d16fdeec4d94f551ad23281c1a5d06a763e03509765bf6aa6
checkpoints/ETA_DIFFUSE/rep_002.rds,16247,f76abda4c7c0ee16d362c5127ee46c61,5035374e8142f45b6bcf6816b1da49d8ffc7b45e496ceba07f9234a666741236
checkpoints/ETA_DIFFUSE/rep_003.rds,16112,b8a89268230a94461c24cef173668933,d724f7a6013e3cc514b178a83ba02e4eda3c246d93816c9df178304c16dfaf5f
checkpoints/ETA_DIFFUSE/rep_004.rds,15855,25a2bd201c22a6d4047b8cede4034841,66f958c1d8208c7e9c4d43900952c80499ae96995f6e53229f380c5b94c7783b
checkpoints/ETA_DIFFUSE/rep_005.rds,15732,9ad6c87b08edb67c867fae8dec8f594e,7cc05faa9fdb4170b1653e9c32763e7bed4bdb6c9e20184d3ae46546a777e717
checkpoints/ETA_DIFFUSE/rep_006.rds,16115,2c7ad7c7bc09387d6c6c85ef240614a2,12a51ed9689f4eed7cb5d276b54ba252a8cf8754e812906ff8807c4063a9a5a8
checkpoints/ETA_DIFFUSE/rep_007.rds,16130,199a6dca70d52cce03a82d7c5d62d8d3,ce93e75e250fd83b747c7c97d64a80a47b0dcd76ef3a11689fac15fd55d8632d
checkpoints/ETA_DIFFUSE/rep_008.rds,16200,aeebd84cb6a72e05ff417148e1a7c343,5a70e78b95d81f3bdddb549a037c7c1a6a4a611d87e62fece1c363f32d2b69e8
checkpoints/ETA_DIFFUSE/rep_009.rds,16122,f016c83f35651129192e0312dc3cc121,a18736d6bd2f70c35ab627c408c2dd5650516318ff484b953f1c1c5ef51168bc
checkpoints/ETA_DIFFUSE/rep_010.rds,16200,0687165691887afe495b96465a2a603f,7cf71c1f93e1e5dac602175c2ae5603f60eb73697e369bb280efb18567274900
checkpoints/ETA_DIFFUSE/rep_011.rds,15736,02c6552e0e0686e3ab1e8e7eddeda978,b7a8358645338eec4f6aed92612f2a847cda13f5bf9d0d35cbddef929e4b96dd
checkpoints/ETA_DIFFUSE/rep_012.rds,16023,d826cb470e22536d70ae0fae8fdb965a,69ff88f9f8510c26fef3ab9429699d9923d396052a5b03d2e72f56ff95df53d6
checkpoints/ETA_DIFFUSE/rep_013.rds,16207,122a7dd84ded69f1052caf93dcd4ea26,5d928f4b49c08e21b6f66d238da16253fb1b3f292bca2bb68758840a9ce005d8
checkpoints/ETA_DIFFUSE/rep_014.rds,16063,f8d8df8ece23f06256827d0f66f1a501,48f87dc8fa6e7d5f9d4086bcf6e570b6f197b72a77d4df23f9f6ae7ccfd49abf
checkpoints/ETA_DIFFUSE/rep_015.rds,16196,e464938a11a5dc71e98dfa3a96e65e0c,8b799603c92c587d0dc45ddf8cc4dd6b8d9273f38778216578b29dddc238fd1e
checkpoints/ETA_DIFFUSE/rep_016.rds,16177,3552fae73f22f78f553c4f88e7c861a3,77a2eae1139c32b4e5f18661284b6ce039371c27e0fa1855cbc46d902920579e
checkpoints/ETA_DIFFUSE/rep_017.rds,15906,ad8c5c30c5b5764dd598c72b4a2d58d7,b15d134628ac92ec6a95ceee2577c58cb3013083251662620144f6f1050df196
checkpoints/ETA_DIFFUSE/rep_018.rds,15723,034d0f78a22a391bc6e53ced6c49be55,fa4a80d9912ff9412d85b96ca3926ec16c3f53e4d26a3d15dacecc772a9d099c
checkpoints/ETA_DIFFUSE/rep_019.rds,16245,f9369c6c3ce4cec02c6cb1833f3f443c,f2cdeb1bcb0e973cc7b0a01ebdf3452479f8f5064c1cec630bd080134a6f8c24
checkpoints/ETA_DIFFUSE/rep_020.rds,16126,91ad14b419cea3cdaa54ffca00095828,eb8c78405f8a0a22f315993fb0eff8f05b9169fa298de5c3578f3cce6307ef42
checkpoints/ETA_DIFFUSE/rep_021.rds,16073,2ba4312d4683358f9418a7a208d7fead,46807456d03d85c235f29715663238fe2a33da7b5f95c613fe27d6d53c433512
checkpoints/ETA_DIFFUSE/rep_022.rds,16245,ad4c859bfea390cbc9df6a304977f0b7,cc1ee439bed64d9a4bd520680e6db62bf3e1dc249135b0ab6559b11f1aa69d18
checkpoints/ETA_DIFFUSE/rep_023.rds,16128,bfcca18fb9ab5fb03eef833853630de1,a8d1237b7e5ccc4406799d8d160894be740bd850064fe9c541d171e358216a8a
checkpoints/ETA_DIFFUSE/rep_024.rds,15849,30029e3bd7b1b3fbd1f3a42c19a715cf,44f6fc443478ef51251df509302e26845b51af0aa7049e2ecccfdb4ecbaee25b
checkpoints/ETA_DIFFUSE/rep_025.rds,15544,0da29e0c787aef99230264e0f645f6fb,0d67f87a58096c24b405ae452ecdf43971f166381139e2aa0af49c380e2673bd
checkpoints/ETA_DIFFUSE/rep_026.rds,16136,d8cd089db430f5cbc60661cf6217643f,8181c06f4471e199f57e6a8ed67ab8eeaf3c9b2f91d3683b3b3e1de0c391a1c5
checkpoints/ETA_DIFFUSE/rep_027.rds,16216,64596c54cc20503a5bd19fc0ecc2ea71,1cf2f668ffbc332ab1b353b63b413323099ad88e15251884892c2402b5c43ef4
checkpoints/ETA_DIFFUSE/rep_028.rds,16171,5636be9372e4495ba6d9cc6184525b01,030c41704640a85c5bf68270b56a7c69e0f1b1cdc4de6ccfeec02ddd60a8804a
checkpoints/ETA_DIFFUSE/rep_029.rds,16297,a3702aae3c0fe4a866371d74b852aba0,60e9721a3c18e58d3c8a124e8aff5073674c3f887001323110a50d257e5317f1
checkpoints/ETA_DIFFUSE/rep_030.rds,16081,c5d68ed7efacfe2e62c1fd1528493232,0412bb74c4e20a33e311be6c6616944df07041258020b0541c2567ddcfdef58e
checkpoints/ETA_DIFFUSE/rep_031.rds,15926,9b6110e3028860ecd507ef60d9c3b3da,5609b3dc36718b8276cbe72c1fefc872ddd4cec186a1036b2fc6f7320623e24c
checkpoints/ETA_DIFFUSE/rep_032.rds,15995,d2d50c0bed59e47203c23cbc8ef46723,0fb3ecc6247725c46578a0b5b470f75fe23703a9df594c67ea7f92dbd175392c
checkpoints/ETA_DIFFUSE/rep_033.rds,16017,0df4b2ae5781896f428e981a051b51b0,3fa474fb05414fd4cca8949d8326927b78a4e5f75624cf593141813afbbbc86b
checkpoints/ETA_DIFFUSE/rep_034.rds,16219,e3008927b8a391a2376d7009773f8752,ede64fb68c383f987bfd24d411c78f5c700e9ea4179eeed8e2dee1c536674af9
checkpoints/ETA_DIFFUSE/rep_035.rds,16186,60a58a3d7da14348212db37dd937bd75,21953e62217d588f42d5eb72307326ae52599e7ebd595c8618e3adcc4044e120
checkpoints/ETA_DIFFUSE/rep_036.rds,16110,48b2511e835b4c6ebc9f372df0f4f071,5e81c564b993167c19355801ea841c5f268ff9efe33f85f2c02cf7020dee1f9f
checkpoints/ETA_DIFFUSE/rep_037.rds,16121,b89d81c2d11519803a436d6e07cdd6dc,9da1221f2707e1742f0ca251758d9ffe9339c54dd2e1a8f681b09d3ca20cde22
checkpoints/ETA_DIFFUSE/rep_038.rds,16069,c3cd4e795d2881b0a0ac124813899dc1,2672893820f708f2202f19b4dbc44ddcc80820ee86c206c61acb51650d6563dd
checkpoints/ETA_DIFFUSE/rep_039.rds,15942,8c785bd2609352cf705b9803e53ed0b8,e9a4e84d908904e2d4c56012ce0dc153ae9e5941c8e9d3b464a15c2719bd2a0c
checkpoints/ETA_DIFFUSE/rep_040.rds,16100,cfe48973f9af4e999191e61899ebf708,7b79d1af3300f28599a95e62110f643d9be53e9f5755ec8b8d3862c56eb1dfa7
checkpoints/ETA_DIFFUSE/rep_041.rds,16205,d4c1cef2a00cdeaf01616484bd3486ac,44722a438c9ca40410d857bb0d4e520318b23efc03b02f8c39c1f500052b03a1
checkpoints/ETA_DIFFUSE/rep_042.rds,15912,afa81b6c3ec391ed7144201a3df2627b,bb5cd61dc0ee938657e5f667e4e0ce22fb3c062f7c5f96817ad56fabf76e9b5c
checkpoints/ETA_DIFFUSE/rep_043.rds,16094,fe2e6dc93daf39d1d4dcd2ecde84466d,aec383850975c417369b81d258310ef94513ace5adb48b3a698fb6502783b91d
checkpoints/ETA_DIFFUSE/rep_044.rds,15873,84e1cf86372aa24d2b1555b4bf38da03,63071e07a48927aa4e9768d50e836cdcc42b0fa236c09d2a4f73359e03aed62f
checkpoints/ETA_DIFFUSE/rep_045.rds,16244,e39c2bb3546f9f367a1d16c311cae562,8d7338b06231b9a9963c6667c9c6f301b13141b749158d879522090adf4aa441
checkpoints/ETA_DIFFUSE/rep_046.rds,16208,5b83f80f92e953ca808b7cecfdfa441c,533c868c49c48d82ce6e7835dffc97c691c04dfc92fd0683d46acda52cfdfe0b
checkpoints/ETA_DIFFUSE/rep_047.rds,16221,2977e523391b9f23446ba745941768c3,a48098f455a0d8463351f93ef0cc5b9a9f36f1b95ebd38cc5cc222a1b7f478ea
checkpoints/ETA_DIFFUSE/rep_048.rds,16187,15f739f3b9865c5bb62af0bcb1fc4c10,6571c824ba0cb02f10e61d49bd84ac959f2250c604049837ff16268eec435e10
checkpoints/ETA_DIFFUSE/rep_049.rds,16168,46fe95942d14e18b458c45b24f1458a9,534daad30758afb0de2a27f228d4d15054952ba14209c517a2fec23c1509096a
checkpoints/ETA_DIFFUSE/rep_050.rds,16183,e9475ed58602849f9012674f9c0e2a72,a96302ade684f9072fd6da6e13de4b1d6e351cfd3a94c3f14d4335e2f868b5a9
checkpoints/ETA_DIFFUSE/rep_051.rds,16170,a9ea53b75793bc7f081745a9a9eef312,c2f8806cdc310957afcc7fedfaf0b559526424290c6ddce36cf4d7f43ecfe449
checkpoints/ETA_DIFFUSE/rep_052.rds,16156,c4fdd664b01137bd67c4537cb3f6c48c,d7bf774e51db605b965809a2c17c79fd7c5089b7e4da2ab93100645482914c45
checkpoints/ETA_DIFFUSE/rep_053.rds,16151,2c2e2ea0c34eb45c7251aa27de43fa89,e5281c1cff74a1ce7c59a48a9de99f36dd874bcfb31572d19397547f075fcc6d
checkpoints/ETA_DIFFUSE/rep_054.rds,16217,3e1c7e5ad9e715381d8bf08f6b241d8f,a6cfbf5422f7c43f7f5f26cec9958e684282eb0df572c3db2aaba57fd9bfdfaa
checkpoints/ETA_DIFFUSE/rep_055.rds,16160,43643b60c1ce1b4a695b3891517b3b2c,405919b7238a394e90f4898aa2ee3f40384854011d724348ca1ad31f3c5919b0
checkpoints/ETA_DIFFUSE/rep_056.rds,16240,439c6130575bc1dffb1f56d5ea899b5a,aa48cabe41501c3a00597600d2086b45dd322c745ccd826b39b2759ca7bf9cdd
checkpoints/ETA_DIFFUSE/rep_057.rds,16021,35824c0a48175e91d3ba230ce12a3038,7250fae7fe96f28da992830080a333271bfb50fc846c8cbceecdb55b5c3aeec1
checkpoints/ETA_DIFFUSE/rep_058.rds,16277,a49695f9bd8e93bdcda8cca674226f56,9a264760bcdd5821f6c1fc25bd0f4ecae5aca9501b19eb90033fe1cdd3860edb
checkpoints/ETA_DIFFUSE/rep_059.rds,16088,6571668d477c9e08cb277e47a8374dd6,86da0cd18527fb2b12354106b34750cd10a2f35dca883838522dd5bb5b20226d
checkpoints/ETA_DIFFUSE/rep_060.rds,16206,8f023bec3aa7c3c8fcf37785707ecfea,4d2325cc6a9b6d29487d1bfcf9e452e35bdfd61aafddd609ecc9587156147de5
checkpoints/ETA_DIFFUSE/rep_061.rds,16208,d6f1b967019cd9564fa12dfab80e50a1,68bdca6e95471f22f339cfb7df68d2b24dcd177e06d0ab21229c52586438d5f6
checkpoints/ETA_DIFFUSE/rep_062.rds,16076,bb2f1bc861dd839a2f0774ff1dce3044,2f2117bc1ba12e62187789287aaed4b5e8deac6e7e6ee5f28a533771cbf51314
checkpoints/ETA_DIFFUSE/rep_063.rds,15883,ce8146f406280f9a66265f1f05b63907,f2bf756db7595e3d6994fb784e5dda10758991a7c0c734a45b7f7b6069bb10c3
checkpoints/ETA_DIFFUSE/rep_064.rds,16112,b230d748f62768526bca41b01f94dfa8,647d2781c49a3e5567065bd20f203c408b4d65cc1bc689328cc4a7a94d962594
checkpoints/ETA_DIFFUSE/rep_065.rds,16231,ab8246042a21826e2231e4666fb6befe,290bb1b81d3432cf6d1cafd8d1bf85e99f48d26e9b561142148c54ac300dfd7d
checkpoints/ETA_DIFFUSE/rep_066.rds,16219,a71507d7771ce7d20a81d34beca4c247,2a4ef28830a75a1adfb1b49cc61a7257c1e9db9f05ecc84dff90aead79abdf62
checkpoints/ETA_DIFFUSE/rep_067.rds,15362,fde7e7e7ff20380daf46f86c943eaf97,5c0fefa1e6769fc19cca1a033e7df68a12dd0014dacb01122002d2ff8aab38db
checkpoints/ETA_DIFFUSE/rep_068.rds,16208,7a65b1f7e0612ecfbed8d0d9b28b1a69,1df9814162aa9e6154cc0630865dc698a3968817b4dff374dede1d3532c49291
checkpoints/ETA_DIFFUSE/rep_069.rds,15557,e32645fe2eda950125d9d35bcb34bd53,8320c468f9a932b82b0f7c890425bbd7f9e23b6726665ed1a62608e8784743b4
checkpoints/ETA_DIFFUSE/rep_070.rds,16126,9204a6edf52e9bb9aff4800024868c4e,6d2592dcb484075ce01b39ebdcc9285cf5f44f0b84095203683c406156c5c29b
checkpoints/ETA_DIFFUSE/rep_071.rds,16213,b1aec85314f785784e8791ce1d06e836,59fbfe831a882a0880fd5e75aa49f5b4d3b3c856d33131f13ba497523f8c0c4f
checkpoints/ETA_DIFFUSE/rep_072.rds,16146,9c3e549354537950a08a57ca97047668,016be4caffb29886718d898590d19c615e0ad150f290644b787b6252c310f432
checkpoints/ETA_DIFFUSE/rep_073.rds,15852,d489ede22111a9336f25f9e207ef610a,86d417982712cf6745c1070956c039427a5f761c5b18670d0ba429c5c4effdb2
checkpoints/ETA_DIFFUSE/rep_074.rds,16213,553beeebf2d304047b55603f6ebd540f,02a3eba9d15391b7cbd23d5886780ecfb39fd720d6de0973f33a423ab684f432
checkpoints/ETA_DIFFUSE/rep_075.rds,16182,37194dadec2ffdc0cd51b256fb717b85,48eb5f98cd657f055b026af8c03b6bff88d0da971052a6d0e0ce4c59a643f360
checkpoints/ETA_DIFFUSE/rep_076.rds,15941,88638e337cf2a92633ef2b4c97e41ada,34f77236ba99a5be3e4638dc2ccdb4309ccb904d2bc14faa64301afbd56d99a4
checkpoints/ETA_DIFFUSE/rep_077.rds,16152,a2702b5fd59b52d4a185358b923ad119,5487e0fc754aaae2d04fcd11628943655b252d9e0f22ec2169e60169a0ee7470
checkpoints/ETA_DIFFUSE/rep_078.rds,16190,01423e0a7fd9feecf7dd8096b8a4af50,e83b34c6bedc83598d79646e83062898e3e85282bf957fbf9a89e9aedb808d1d
checkpoints/ETA_DIFFUSE/rep_079.rds,15690,47dd7affacecfef54c838c8cc53c8460,87d87f80aa0224a9546f2781c566c1d602ce6ded16812b4e79d4e9e525b227ed
checkpoints/ETA_DIFFUSE/rep_080.rds,15986,bf58f4d73904ac3a3e12e3abe261a53c,db8dc2f61b668da5bd17b29d15d4379100f9d94c8e0836bfe120f4ce43a47577
checkpoints/ETA_DIFFUSE/rep_081.rds,16131,80be549be57e479a40af620bc1d88644,deecb4d772bffb2f2c71cb26cec5565b1ef6db4ef46da727ee35ada8a732093a
checkpoints/ETA_DIFFUSE/rep_082.rds,16066,9594d4667cc9be763afbc110b7b3d72e,4c87cf0bf8ea99d342a79ff812eff1fb24b27012ddc7b1e503b05509b1263913
checkpoints/ETA_DIFFUSE/rep_083.rds,16127,2c8451a0f64834bacf24551568839d73,0975dea5783b7a2d6cab851268e8730a24dda0a1c56f91ed487f74ba7d985978
checkpoints/ETA_DIFFUSE/rep_084.rds,16055,bc835ba4e8d2945b41867ea5b778bb07,64414a7027b0d18ec885c4b9a3da01841b0de38a6d109f78191128e2de541ff8
checkpoints/ETA_DIFFUSE/rep_085.rds,16177,caef1f707ff4d630f1989898ec7e13c8,0acd33e0871ec32d913cfcff6898dad93bfb924a5bb4601dcb5f15fed13176b3
checkpoints/ETA_DIFFUSE/rep_086.rds,16092,1e31b22785e1f8083c1bccc9e6cf57a9,6d8d4f8916d5a5623a81f29eac01743303c6df9a883e41427f579a2d6bc2c69c
checkpoints/ETA_DIFFUSE/rep_087.rds,15756,b4c9ef4ccd2a3058a600af67abfcbd54,8bfd1d1c8e0c2af823069c4677554a854077b62fdb907d8b2e245a5318bd7127
checkpoints/ETA_DIFFUSE/rep_088.rds,16094,f51ed99a37e7e5dcf76f3c3279d289f8,415e92a9a125a387f3479415ffb0969195da32d905ddb51fa4c009080f530cdf
checkpoints/ETA_DIFFUSE/rep_089.rds,16201,11faf7ced3ea49ef5761cf7aef56d8be,0c482d787f7e6fe942609588dff0ee830e9c03ab8ae7e3a706b83853770450cc
checkpoints/ETA_DIFFUSE/rep_090.rds,15949,954cd07940d9215efa4d0ce90b57074b,430d39e00f1c007b24dd2aefde09ece2ee739e4d8245da1f960d5f72e449f3a2
checkpoints/ETA_DIFFUSE/rep_091.rds,16160,1c84dde855a50ff8b7baed1a3b2433a1,5a9352fb0131237bd9c5a693977b1cf133d5d7e8886fb0d257717ad5c95f3bce
checkpoints/ETA_DIFFUSE/rep_092.rds,15995,c9cba4fef955d36fcf96ff99d8b295f0,fae9e670491f37203f181b0efd73d106b005ae49da68e56a79548ad31f863d56
checkpoints/ETA_DIFFUSE/rep_093.rds,15888,055d1fdfb2e11d1f991b65fc359ef535,a6672f02ae241045284f0d65b0564060e14e2cbc700367d3d6ebdf36d7f399bb
checkpoints/ETA_DIFFUSE/rep_094.rds,15780,192fd91db038ebbcd5ac2076676a2ed8,0a17d9639db0910df68f9b230478f71be9feb05bab29394bb6257b3c40d2d077
checkpoints/ETA_DIFFUSE/rep_095.rds,16152,520decfbafa8bf98d3b1203e980f66fd,04e3e20dce7d663608dd24b27875fb2c753070a1ddbc1db8a795472ceece07f8
checkpoints/ETA_DIFFUSE/rep_096.rds,16209,7672e5f127b9bfdb7e38f25076a6adfc,4309bb1fe01535b3879de58d90051131f662fa1ee7aaec2913c0fa5c240ffacc
checkpoints/ETA_DIFFUSE/rep_097.rds,16067,70fb7ab3b436b5d4e420551dad6e78f8,7d5f2a03cbd79705d1c8e9363a12f314d5d97e370e51ade962cd52006fbbec46
checkpoints/ETA_DIFFUSE/rep_098.rds,16199,c8352fad0e7edf23823398ab6c73ef0b,78b2ea097df2bc20bed761e9bec1d2e7fdd57d6adfe932a7470a7a88337c1747
checkpoints/ETA_DIFFUSE/rep_099.rds,16073,0c8dd7f471b06a97fd3d9536f7c32a46,953cfeaba304f4df77544f39b1ca140360eebf9ea227d3bb037b813961372038
checkpoints/ETA_DIFFUSE/rep_100.rds,15995,987cb6ec549309301947b53ac621dd50,66d942bf3ee7ba8ace84ee02f7bf144d5521abd700624413c4594a14342544f7
checkpoints/JOINT_CONSERVATIVE/rep_001.rds,16539,1f6f7d8323d0256e625032e3451d91be,e393d262a16edf404c7a7ffd3144c61054548a43448fb786053272d323e9d945
checkpoints/JOINT_CONSERVATIVE/rep_002.rds,16584,e93b68ec1d66e345b9c3e8904c1094cf,2998c438fdef6600b096afe43ef48a76843af8bac0723af13084b8041808e172
checkpoints/JOINT_CONSERVATIVE/rep_003.rds,16518,0f64f9145760e6ab724e0e04c36e38dc,340382bb9d9298a83728a5ed3d2122b58f78a57505dc9751a28dd0dfcba9c962
checkpoints/JOINT_CONSERVATIVE/rep_004.rds,16426,e1ff264e5cf1796dbe971ca72f59aacf,53a26af3d94efd0091da08edead5a12b09b82e19bf439ae52953563e096e4487
checkpoints/JOINT_CONSERVATIVE/rep_005.rds,15954,05823bdd024cccfb1b04c785c15b7e7c,ecceebbb635ec77d2b355f65329822adc09db5a9cbee1d950505576129f9d543
checkpoints/JOINT_CONSERVATIVE/rep_006.rds,16590,320056d9891bbb4324f259e58a3f0cd5,39a65a72102ffa70f557bf9617a1b3ab5a3cc2d72c0439d3acf74f47bf7c8365
checkpoints/JOINT_CONSERVATIVE/rep_007.rds,16493,94247b69654e096b2b9ce26b39b32ad6,1848d22b1657ce0c963e03b5f1cb4671267652b439092f9be3b25233a49482f6
checkpoints/JOINT_CONSERVATIVE/rep_008.rds,16542,ddcab6585ec28a2b8eb4d7a6d2bf13fb,1b5d565d4a4b489763efb90e46a96e9a805b20f1261656118cdadf79d03db107
checkpoints/JOINT_CONSERVATIVE/rep_009.rds,16576,80c208601536770bac85caa511e1a2bc,6df64e3a9a31bc4d2563f03576c69859ad540df4e93dbf14d8d3b192231aaafe
checkpoints/JOINT_CONSERVATIVE/rep_010.rds,16552,11bf5c2c9cb7739b6af3865895c6eab8,c9abe063284f69e7d56f9cb0cc6e6e7af057fa7f84f0fb85e47cbbf6f6b7f01f
checkpoints/JOINT_CONSERVATIVE/rep_011.rds,16605,a7d9c871b16302419e30551548493f02,f6ab74ebb1d3fa9e0a83f26d83a97f5edba37e4560e2e3225ff8cfb049cc98e4
checkpoints/JOINT_CONSERVATIVE/rep_012.rds,16288,e5d436355410a1098d0b75069210f540,fd4a7e6557de934c5ad69eb1b4b1e7f5f99727d3d70cacebd98937831de139d5
checkpoints/JOINT_CONSERVATIVE/rep_013.rds,16565,0e2e660b6110194d4330b80991feb2d2,3ce9a711cd4924f3c587ba62de2e3ac4ed8f84a14b69be140a41a7b57419ff29
checkpoints/JOINT_CONSERVATIVE/rep_014.rds,16461,70ef3d11c7c22232901ffa9372e630e5,053f0e3bbbcfbec31a8064bb35a99fb34e3ebb45f83dd8aa816157a17e753aa8
checkpoints/JOINT_CONSERVATIVE/rep_015.rds,16586,af15819865b5faea9bbfa3ace77c6dd0,583bfefb1280dc5e6829260324d38ed3e02901291011b19ca83f3ceb5e8af708
checkpoints/JOINT_CONSERVATIVE/rep_016.rds,16487,13424d6c05fbf22eee1fe8d7742a9eeb,875df5a309a8490218e53f6aeb916565b8db42bfb8227cad71d08803a32fd67a
checkpoints/JOINT_CONSERVATIVE/rep_017.rds,16578,8f4837f616013dd3cb46143c1cd40dda,dcd0b6e67e1ed6b3d001129709bae81c63072311b83d269bbd9c5412eaee2dc7
checkpoints/JOINT_CONSERVATIVE/rep_018.rds,16403,49ead1f5fb6a309070d1cf5afdccfc94,8ca98a88d52b78f59cb9d135b3a2de337def16daa6f53aade076e4432a71b5d7
checkpoints/JOINT_CONSERVATIVE/rep_019.rds,16583,a34f52a78d77bdcbb06dc6c8c90cd874,3cbb070418e1c00c796e24400f6e28e8ca53dfbfc36605ca32a568ed843922af
checkpoints/JOINT_CONSERVATIVE/rep_020.rds,16539,198c40d653b992f5c9b9298c5c742cd4,b19660e4dd34db32cbaf51a9558207bfd541540ec725fe0b40bc1615edd3b09c
checkpoints/JOINT_CONSERVATIVE/rep_021.rds,16526,fd97e0ae380e0136d9a88e88aa42daba,af3178f5cabe3d3b7e06840d8e9b843db27fc631617b829d6121e4e5e6f21941
checkpoints/JOINT_CONSERVATIVE/rep_022.rds,16588,c1eab8b40584e764c0beaa9e7e8c817c,6d47250670b0486371a97ff9917f0a1b6b959b1a36abcf6237d833a9ee6e2df6
checkpoints/JOINT_CONSERVATIVE/rep_023.rds,16576,3d151ddb5c125b53c867cf31a5321512,9f80771218d652c4c7a02d95358add2b38ccca70e8c7e0a47a6d248ef6ba56a4
checkpoints/JOINT_CONSERVATIVE/rep_024.rds,16365,53d795315cef4fb7f81348e1e1179376,6d2bf3f294dd32573a7f0078a42e716ef429e0906408a82a5bb6501f1c6d534a
checkpoints/JOINT_CONSERVATIVE/rep_025.rds,16448,59bb3b7fc65c8231456ee5ed5cd2f802,d2cde85a5fc8fca2c80f06ee7836240fb147441951464f985b9be5f5b1809322
checkpoints/JOINT_CONSERVATIVE/rep_026.rds,16486,6e021713e7640bae8f3aee8855cf1b6c,fae592177b7d5f8316b31e661cbfd9802aeefdb58e5f31f63d84f59b38582e00
checkpoints/JOINT_CONSERVATIVE/rep_027.rds,16589,dbac254f875074235f6bf3de1cdb9b59,73d344d6e7717249d6d71f690a4d4a5ab7b9cb38137e05986c70c7ece8f38da5
checkpoints/JOINT_CONSERVATIVE/rep_028.rds,16548,cfd09d96fdf9e1515b8ec1b99fa1367c,dc2732c71b21c6bc529fe438c8a72ae4bcf67c1eff65c22b545aad0ed6c7361e
checkpoints/JOINT_CONSERVATIVE/rep_029.rds,16585,ba22ab3e2c0e0e9498b7242735169256,357ee952a961f712cc6573d8d281124da74b61390412e92b12368c22fde60d6a
checkpoints/JOINT_CONSERVATIVE/rep_030.rds,16605,ae70f9e9a46994198ef03c22ab9b2241,1e260e65fbf03931379c715810a5dae90714f334602a1722ecd9503ef304d696
checkpoints/JOINT_CONSERVATIVE/rep_031.rds,16464,dbf40c7c01a6e5a504691777afcdbceb,47252ad70a438d41a487d33e964a55acce5bae11a62bbeccf9548da0cb5fad73
checkpoints/JOINT_CONSERVATIVE/rep_032.rds,16542,86181359a1bb343c822eef1d062ff006,819f4ce590d996c085c13bfdb610c153b2198646e57749fb56bbd9949d610025
checkpoints/JOINT_CONSERVATIVE/rep_033.rds,16455,8fde700a498c255d5a86dd40efdd65dc,759322fdea4ccd00bcf08c4ebc1ef5f9f692ca3d721695611a9d1749f932c7db
checkpoints/JOINT_CONSERVATIVE/rep_034.rds,16577,8184154b3353b0bb665c41c5e4bd47ae,347d4840678a1c14d2e9f60f800383cd0e0c5e68f5c48fb1e615cf870bdb3293
checkpoints/JOINT_CONSERVATIVE/rep_035.rds,16520,3d8a2f8d99c2f66dab7b5224aa2f2d01,486083e8b282ec644e0282cd0f17cba23d54544ab6a85d209a664e6e7d7bb9b6
checkpoints/JOINT_CONSERVATIVE/rep_036.rds,16569,396a7584e4e24ac3fe5cdbdd8696a370,240ecec9d37b604ee64fec1d8cfe988011a52629b8dd62fe03dcd7dbb7afb190
checkpoints/JOINT_CONSERVATIVE/rep_037.rds,16581,008c90f6c3b0f8483a19685a4edd1dba,fea797d2c72c8e683439fc019ba305b28ea36189b1df5c8b9ce3549ebccdd7f7
checkpoints/JOINT_CONSERVATIVE/rep_038.rds,16511,213a3b5921c39f102fb16d71eaf583f6,973fb57a33d899c3b44fb4c000556820c3ec0619352fad03471e1098078026b8
checkpoints/JOINT_CONSERVATIVE/rep_039.rds,16525,936b6adbadd8c4b0c20e52a91ce701ad,7495a2fd97215f3c811d809c47a987968cb6fdece74de5762267c17e8c9bd5ef
checkpoints/JOINT_CONSERVATIVE/rep_040.rds,16519,3f3a3d903b756999a6b5f84743ca6fe2,04948b1f82d473664588f78e2b6522bf700440f99bdf83b2367afb853db5250f
checkpoints/JOINT_CONSERVATIVE/rep_041.rds,16606,9939ad5c1c86fd7026e1ae0d97ad74df,f937b60349f387125275bbfe006af31e63b46b9d6800ff83e4707bdc0c6ee361
checkpoints/JOINT_CONSERVATIVE/rep_042.rds,16443,05939ade7c230621953dda74c6cfa613,8e08a1df12bc8f4812517332006addff6554dfeff81023bc5e1895956957d80f
checkpoints/JOINT_CONSERVATIVE/rep_043.rds,16640,38b187c2dd8389c834b6a27ac6c3b2dd,6f555430077c5a83b1c33f0cd79da96588a7dcbfe76fc866838feb350e9f978b
checkpoints/JOINT_CONSERVATIVE/rep_044.rds,16413,dac10077b00bc09ecce6cf4c682b2abe,a551da9fb9851283a20d66035ac02958c2fc05800196071ae476ecbe1fa34608
checkpoints/JOINT_CONSERVATIVE/rep_045.rds,16585,7257da3c756cd73e7f32850ce1c23969,4e02190ade0f205a6e538dcd53a6abf5aad6cac29d009e9a8c21fdd27ecb73cc
checkpoints/JOINT_CONSERVATIVE/rep_046.rds,16504,6dc47d47951889cd31d89dcabd83f92b,001df06132d6ff3ff40a191baf3586ef9eb1223ba587ade8b1055e5003b9f265
checkpoints/JOINT_CONSERVATIVE/rep_047.rds,16556,d759fc3c054556473b4637964a38b30f,119f593aa641d363ffe32c89393a55f07477967ef2d190627d729b9d633e7eca
checkpoints/JOINT_CONSERVATIVE/rep_048.rds,16536,32dff4bc65d1425ea5939ea44eae686a,091fa1b8d1f9fc1a07dfffb22dc91cdd98cc376d52aaca83bc6dc22e17f717f2
checkpoints/JOINT_CONSERVATIVE/rep_049.rds,16442,cae5cbb2f11a7b08357d6bb71a0fc171,b636440f9e922739dde1697ea9ed6657bbace51079d9333e8e44f819556cc0cd
checkpoints/JOINT_CONSERVATIVE/rep_050.rds,16561,dfc9ba03736a36436276e621793a5168,121855a49835313968d9daf1eaa82b1e668d37a08079c52941c1943cc802f45f
checkpoints/JOINT_CONSERVATIVE/rep_051.rds,16545,b3879dbd43f6c7b332936a051eadeb75,ad6f1c31a79ea2abd4652778fcf8e538768f8833086b54b40949e278dd177d2d
checkpoints/JOINT_CONSERVATIVE/rep_052.rds,16463,da29233c7cc67986d09716817fea9fe5,023620758c48e92d2bf94e2b2dc9ececf6b6306528a43098aefa8f516d636d21
checkpoints/JOINT_CONSERVATIVE/rep_053.rds,16521,e71ed2edcf55d6137b5b351e68824f47,ddeec08d1f4388a0f66065fe9ea8df43fd6ec8bd2313b64d532593b897af9888
checkpoints/JOINT_CONSERVATIVE/rep_054.rds,16556,dff66d1baf607e98fedba9f402dbb7c5,b5db29a1adb4724b99e7b045b64509be1773cc927c5f37205f792097752283d9
checkpoints/JOINT_CONSERVATIVE/rep_055.rds,16514,6c5390fabe3575f2c26ade99cb65abac,6bf0d72f738dd993e58c088657982ed9e82ab7197988465a63965d736b122f13
checkpoints/JOINT_CONSERVATIVE/rep_056.rds,16570,8d1007bbb337bd103348bed42d747a6b,e91533c46984eab46ab4f8cacca22a3d7315a72fb66394955c5372ba3f7f6dca
checkpoints/JOINT_CONSERVATIVE/rep_057.rds,16453,d802052ade32b830b1a1457152ea9091,cda3c508263475f3bfa78e98f542a15715dad30eab3d840e49952881e0d56da2
checkpoints/JOINT_CONSERVATIVE/rep_058.rds,16594,8d25cc13cde12e15e46a5dd45144c3f9,be6aa9779dbc11dccfcea633f87050c3bd065efceb7f99d340a0f4a56798f0ed
checkpoints/JOINT_CONSERVATIVE/rep_059.rds,16521,e88f6bba4ae9b2fa9bc3334127da2be1,8c40ae232b8ddcffc41bc51edfe97d1b0c2c3354306a7df564f751477a012b9c
checkpoints/JOINT_CONSERVATIVE/rep_060.rds,16559,2a79ad5f8ca0684c70e01f2aa5a4b4a8,fd8fc61b934edcbb11f14f777f01c222f405d2f7c367030eba0d59b8eec2a97e
checkpoints/JOINT_CONSERVATIVE/rep_061.rds,16596,6fc7ae8ea18e951ac6b35a5f2da01ad8,1765879f6f1461eeed61171a6fb740d4a11bbc791131786103267aee787ea4d4
checkpoints/JOINT_CONSERVATIVE/rep_062.rds,16539,407b5e87ccbb7a24d0f1cbb23bbd7a1e,6e33a126fe004cbb1f7058647f94e126201d7dead92fb5c4b13ea8f7234a908f
checkpoints/JOINT_CONSERVATIVE/rep_063.rds,16213,0f1767d46e679f13dac688abde344d7c,dc9fd065072b271cf91b19f6921881bc01e04e63204882b4f3ad4444c3ae2d11
checkpoints/JOINT_CONSERVATIVE/rep_064.rds,16525,fd8b4cd74744429a1046544a80a22ff4,ad6f726a3b0d3ab4a8fbcc59c636e8ad7ec02defd4b9e0fe2bdb49838bee2c4c
checkpoints/JOINT_CONSERVATIVE/rep_065.rds,16569,5a1cd49d0add128600e86cc2f181e47a,2a3a74d332d0911cd3459facae507a40110929d6d1348e229c913c1ad6e5a9df
checkpoints/JOINT_CONSERVATIVE/rep_066.rds,16564,dfa003149ea65ab2d3a4a62e01c98948,9f9948fd3dd9c73ea7a9f30451e191cfcc814f488068b685e70fc48ad838d73e
checkpoints/JOINT_CONSERVATIVE/rep_067.rds,16401,7b78075d135c640eaa0c44aa440e3608,71ccb5a2779b53f98c7331def3f8e859bdaad400e5eaaa10d5edc1193398bc7b
checkpoints/JOINT_CONSERVATIVE/rep_068.rds,16589,e7d30aea6a4f7d8204bc4362a8007a8d,1f307bae7a5fa8e8331c6fa1c6b088634babbd374ed19aa9d739a8df08151ff3
checkpoints/JOINT_CONSERVATIVE/rep_069.rds,16481,b6ba2e11879f0aa8a70ddc3524e588a2,96c4b8c33de2f93ade2f9c8a209e3c8bb975c993775094bf66ae4a273931b56c
checkpoints/JOINT_CONSERVATIVE/rep_070.rds,16440,1d5e1a9827bd7eddbb53ab205640e548,3ddbbf7d746796951c28514a2844951421d3aa76dd47f0f7052a75ed4c8562d7
checkpoints/JOINT_CONSERVATIVE/rep_071.rds,16517,ca2d6f65af6bbefb3aa5a1212edd5392,516cd810fd7b9eeeb33904204a7efb678538ee7bcfb037e1e31b94153d077ac7
checkpoints/JOINT_CONSERVATIVE/rep_072.rds,16579,0ae1e431b8dcabf954bfda11ae6ac108,183c31b2523178589afc51a104e92420656bb1012d699f1dfe4fd44f7d852533
checkpoints/JOINT_CONSERVATIVE/rep_073.rds,16444,5f566862a7b3eb1a69ea8df1f2ba3628,dd92d99caaa9a772e6bbb932418bfd74b8245f8171bb117a7274dd3984954b82
checkpoints/JOINT_CONSERVATIVE/rep_074.rds,16471,044e0f9fdf3a3e6cc573e1fd23800340,ed89a0f3f2396cb92da5f6247d523b384569ecfecbf40342806f23622d25a192
checkpoints/JOINT_CONSERVATIVE/rep_075.rds,16574,2eea5f4377efdbf0cd403b5dfefb5321,8da6edf7386daece707e7f4ee547043b363a31af164a1f8fdbfd1d33f196ceda
checkpoints/JOINT_CONSERVATIVE/rep_076.rds,16508,3d80d571369b2b09d5fe5c21884254b5,42f83d40e9b21a6a7229c6d39f77e3903d2b4eb8f7bff9509692efbd219011ff
checkpoints/JOINT_CONSERVATIVE/rep_077.rds,16541,1efa7229cd65db4f2c082cc3d9f87d45,b6c30be7ad3e615852afdc0f00a2ffd781d310b90c3102d565f216578e7dbaff
checkpoints/JOINT_CONSERVATIVE/rep_078.rds,16569,f8c2c4bc39b1b6726ab76a1b102aae63,74082b8085dc34b2fc88b26289006bc1d083c5d0e8ccc8799d565dfda0d1698a
checkpoints/JOINT_CONSERVATIVE/rep_079.rds,16189,c3897fdb08b67ac6b9cda8f0b2faf2a5,35b6cd8d6f75eb2e617061a3574594a4e09794454bc60cb9ab208d4d8cce422d
checkpoints/JOINT_CONSERVATIVE/rep_080.rds,16491,a004a3241cc7b3023034ad75da3ee293,c1f0ae8b4cdd4d91954c645f1532b1bb86b9c9e761e375687a17cade7a0ad077
checkpoints/JOINT_CONSERVATIVE/rep_081.rds,16540,e0e04675e8c8b7c2f370aab37b9f2755,677e02f903cb3da38ce2884be3a4b4eef4870a09510e4a26670e67dde0c92e69
checkpoints/JOINT_CONSERVATIVE/rep_082.rds,16551,33e90ef8c752c1d6972d5dc0f691759a,0aca5ef7fe016516403ebbaf27cf124b5f4b74551204d82dec45019e07633352
checkpoints/JOINT_CONSERVATIVE/rep_083.rds,16534,5720cca7b2179b74747e62e09998fb38,bb9d60e4dfdb3fe94b6f396a8d04712339de8612ba8e6f7cb389a1656269696e
checkpoints/JOINT_CONSERVATIVE/rep_084.rds,16512,f00c23b5ab920eb3aa275fe8f35a5b8f,1182ad58ca26c196175122d0e8af3621acda497ba333ab119956ec9b49dcaacc
checkpoints/JOINT_CONSERVATIVE/rep_085.rds,16550,6d7d3cec04ba490ae73538e5e7b49467,99f66c6c1fe170a987abf0451263594e074908905c186dcf96dc3e32efad0ae0
checkpoints/JOINT_CONSERVATIVE/rep_086.rds,16546,1d0601f3545bf14753aa7d71696d72b6,e2937991dd9982d8aa1678219705408e7907032620b3373c3ad0d21e7a7b1496
checkpoints/JOINT_CONSERVATIVE/rep_087.rds,16359,9fb1ffbc0749530b896e8d2f91e83d0e,82d74eeb27635fd7b4590ac0f14e6bca7ad5dd4212c9c3663b40aa8f0940a04c
checkpoints/JOINT_CONSERVATIVE/rep_088.rds,16405,5cb966cf49cacf479f5254dfa3d22e55,e058d514f04036e312db2d7fb85b87fcb283a7dfb2ac3fd22d49142bf221ac32
checkpoints/JOINT_CONSERVATIVE/rep_089.rds,16603,e0e8c4a35cf366e075f3964d30ecc571,fee4c70091f86ed39bf152162a108133c13f41503d0866de1080df489a28029a
checkpoints/JOINT_CONSERVATIVE/rep_090.rds,16508,56ed512a2b2f9368903155efad466688,844b1fa7c5c00cd8b4109078916bec95486708295f2528ed6223b7629aeef479
checkpoints/JOINT_CONSERVATIVE/rep_091.rds,16512,f9d4e62afec58daba436b650ce735871,ad563694101b9cae8f398c578fbb162a67bc7f1ab00e16ebb87df84fd2933412
checkpoints/JOINT_CONSERVATIVE/rep_092.rds,16536,9aa80f2a7a99ced070e2c8a2e2dffae0,ed649efbdbaf51b4d16a117df8de7774fc289a78d2d08f49ff938d5be11fbb36
checkpoints/JOINT_CONSERVATIVE/rep_093.rds,16344,a04bc2385417df616934660b5339d939,e9fab7df42931957af5f16e9c97e8ec7ded9183408509edc7420e340be8d6dc8
checkpoints/JOINT_CONSERVATIVE/rep_094.rds,16532,9b81c5f94ddd8e3fb2bbfb3748636666,aec5ef90e2d9235644bb9843539c620084369cb35e381a9779868127a5716ec5
checkpoints/JOINT_CONSERVATIVE/rep_095.rds,16536,1d1fd475dfc3bb8d88099a9ddded54ed,2913f2d3203ade2ba1f8f5f5c56b1c155d3ef46aecacff2c45d635fd058fbc41
checkpoints/JOINT_CONSERVATIVE/rep_096.rds,16557,ff1c4afe5699f6483ad70ad762ba8e2f,cc343f32eedd4fbdce777088a56f6a58f8441a144ae0dad637323d91ad2b5399
checkpoints/JOINT_CONSERVATIVE/rep_097.rds,16517,d735d0b354f4af9d0c10cf9b4e0af320,655771ee4dca1b3c9fbb1a233df5f22d6cf09d1e92b98ae3d1a8a9953ecbc647
checkpoints/JOINT_CONSERVATIVE/rep_098.rds,16536,8a7a1d4f5fc25907ddfe255355be47c9,4e5b16c20a06e693f1686e3e4dbe5d2b409239110090984477259b7cb796d4fb
checkpoints/JOINT_CONSERVATIVE/rep_099.rds,16548,9613bd4b625d56cde176e9d3202794b9,c136626751b06eb3e63fdee54c9894a0f071091622e60c6fa2be8a382e734244
checkpoints/JOINT_CONSERVATIVE/rep_100.rds,16530,ea0a25ad9c5cd56dd578da0eb0151ed1,d9e65691263b7aa4df8d3adc4932e1f77a88bdb2bb7be41323988e80c5f7b140
checkpoints/JOINT_DIFFUSE/rep_001.rds,15474,0d7a2537003922af7c460d28b046c75e,130fd3a2de9407986c8a65d9df2214e2817c5b792fd95b74d1c994bf5491a758
checkpoints/JOINT_DIFFUSE/rep_002.rds,15809,14e52c1e3354b73432e46131d3845b72,bd728243913b97365baaf0a725ae37170c59a1140c3ccee26836e29072dfe97b
checkpoints/JOINT_DIFFUSE/rep_003.rds,15330,d21428cc503cfac3d47a4ff4a74f7f9d,63ba4a4d0b49c4fa4408a875c92a0c7590c1f58ad1a794cfabfe7bb32b187872
checkpoints/JOINT_DIFFUSE/rep_004.rds,15162,a9166a0d87bdddfe320a481a7b5be343,b99d43d1d391ed7ee307a8a44e8e2a51b39863d3c187f0355390fadb01a83dcc
checkpoints/JOINT_DIFFUSE/rep_005.rds,15336,6bc461c29c6a5fe0420c7a62c21e9b2c,3ee0ad36f28ca4b0999a533adcdd3940c5df7791886dcda2cb360183b5fddb98
checkpoints/JOINT_DIFFUSE/rep_006.rds,15128,35b9268c39685924224f098306fe5e08,6d489e33775cf61eb6b3c88e2e73ffb2c2177dbdbcdea2a49dd379bcdb1da04c
checkpoints/JOINT_DIFFUSE/rep_007.rds,15744,afb6c6da8c0004dadb8bd86828faaa7d,7b0e25bdfa21624d20c0b6d093bd8090549db1a2026ef0faa456d85154f751f0
checkpoints/JOINT_DIFFUSE/rep_008.rds,15278,eb31a9423eac88d8a8de9d937ee57bd6,811f23ac868ef6c1d16371dc27b5c27e4400082a56f5dcc3fabac4dbd0a58c47
checkpoints/JOINT_DIFFUSE/rep_009.rds,15385,9c7a92bd521c7a50ee8fdc8f47d4266b,d16da8b060c38ad10246e9b045300e0316bd05b904d99efba4674cabc4815790
checkpoints/JOINT_DIFFUSE/rep_010.rds,15532,dc048dfaecae62b6b5554e7b8ff57fd8,bda658e6e8adf30e0b8c8c249fcd73cf72b9df096f51f153a63629ee71bddbf3
checkpoints/JOINT_DIFFUSE/rep_011.rds,15531,2b38c5ae697521c4bd59b822a04aa0f7,658229ffbeb73fdd4040adb207d4b0c39c30f53f8b58ab2643a0195ec7e987ed
checkpoints/JOINT_DIFFUSE/rep_012.rds,15347,8349e4e3ee7ceb8dbbde3b05b727e09c,6ec889e71376558589fdb19ea950b004274b132f959429f5a8a2075234f74e72
checkpoints/JOINT_DIFFUSE/rep_013.rds,15623,39c212b585565f034ff112207666c1ca,037b2e5ebb20582ab9d3d7836efd675fd55de5b66da29c071438329408207bc8
checkpoints/JOINT_DIFFUSE/rep_014.rds,15461,5ed70ebcfa5cbd49a897003063ef824a,02e4b62fdbf6990c165a5039fa37beed800c56e23299587d384383778ab7d8ab
checkpoints/JOINT_DIFFUSE/rep_015.rds,15463,7de2575869dc0e29d9019778c7a6561f,2dd3b98c40646cc7fe845ee3207aa90840d960eb9cf600f55b3a736816ffb8bc
checkpoints/JOINT_DIFFUSE/rep_016.rds,15806,73ef6787eb8ee9197dc26ac897d9e3b2,e7b9889d00a837e14e0fd9eff4de1ba65f00d4af96531e285333ece1b57a95b0
checkpoints/JOINT_DIFFUSE/rep_017.rds,15508,075f71ce2f64cfbb3db0b7a726cb99d1,44a9ec75d9e6ca7271c3e44ccf4e9de42572a6bb1080cc5e0913b77987d00dae
checkpoints/JOINT_DIFFUSE/rep_018.rds,14859,3a8a9f86bd0ee0caafac6935857ecabb,5a1071dbf54d0a3ff55e3f27c748aa5aeb2f5a35d6c529dc57d3a0d02282d86f
checkpoints/JOINT_DIFFUSE/rep_019.rds,15630,9e88f43f163ae9cf694c4e2d15de621f,421962deab3289f5f112873c1b63e00e8a8f138bf46759bbb4844336fe7ada98
checkpoints/JOINT_DIFFUSE/rep_020.rds,15770,c1e6237e308c76547d29988c4620a621,65fd2c3d22935f2df70b2ee5fbebba214bd9cba615449c198f8ef1a2840bb383
checkpoints/JOINT_DIFFUSE/rep_021.rds,15132,f8c54252cf5246ed33786e4c34c422c4,d270ea1b36fb4087fa4460f941679d36e4480d14965b7b1447afe950a589ea30
checkpoints/JOINT_DIFFUSE/rep_022.rds,15715,803b9f7937b6523c95518fa6ad500f34,5ea0b41ff651dc373798b5aa1456eb29a84ad66363a65294601a02961cf027f4
checkpoints/JOINT_DIFFUSE/rep_023.rds,15490,7b0c49c8a63b416e343144d0638d60b5,487ae9d54a1145c2b60ff605af53c058791aabb178136fc3b5376e4a4a704c09
checkpoints/JOINT_DIFFUSE/rep_024.rds,15259,a1aa5ca2a56f9565b991da3c31f331c1,e6e02d7ba99e2797298a3ac0c9696477f76ad751606bdc9ac1cbdf4a383a7766
checkpoints/JOINT_DIFFUSE/rep_025.rds,15505,48b3e0dc3222059e7cb48e7312c6f892,d46332dd272b4b98deb2cc936401fd275df7c1b2923c880b86e5f284f3cc02dc
checkpoints/JOINT_DIFFUSE/rep_026.rds,15384,2d5c8d2d31421a8cbd879bb05e17804a,1b78cc43499bee2793577cd80a01fc5109a088e4470dab155e7552cb8a42873e
checkpoints/JOINT_DIFFUSE/rep_027.rds,15649,443ae9499a3ae8ca98b260940130c4ff,c82eb7ff049d500ea1ac8e18a4ff551d521e026b00873d8304ce027f0fcceeb0
checkpoints/JOINT_DIFFUSE/rep_028.rds,15613,13b4520779be7bcc98fd61452dda25c3,a16b9b7f1376db56e2e18b966b7953c5d874035dc46b74998f4c38e307d8510a
checkpoints/JOINT_DIFFUSE/rep_029.rds,15859,5c1e70a1ac9b3af77117a4eef927d64a,2c8635616573c5c35ff861bc68f96d6e0a93d9dd9db575dc549c38c080c2d0bc
checkpoints/JOINT_DIFFUSE/rep_030.rds,15582,1bbc2b1769e34dd085f90e148832ac63,40db432da18c2b7561d9432c657e35d107d5699262923eca68b464df31e9a848
checkpoints/JOINT_DIFFUSE/rep_031.rds,15632,3f5991624b3431b868dbca7b65a9f549,cbd03d82c165d6641e454871c98c1b11533e2e66c688aab27bbf9e6336338eeb
checkpoints/JOINT_DIFFUSE/rep_032.rds,15625,8627b4dd04d3903c3939fc079510d346,12387834a14813ce6f2ae3c8f2df22e4c2bbaa5b4966a77e7b232c90c584dd1f
checkpoints/JOINT_DIFFUSE/rep_033.rds,15549,1ba60ea91409af26386ff7e0b03554c4,51ec350c384c243f5e4dfd83ef9f75a0f5415b59fe52a9ef2b8f97171c11664a
checkpoints/JOINT_DIFFUSE/rep_034.rds,15757,c6c01cdf54e8f44b56a71335713803e9,71b2c72215e0a34a65fc2ec3801ccd91032664a7bd7d91ce7125d54e155fa311
checkpoints/JOINT_DIFFUSE/rep_035.rds,15294,d033772ec7d213c1e6de6dceb8fe4171,b05e2f82d7fb8b4ead55398c5d97fd40101085774d1d6f80a15180e68accd55a
checkpoints/JOINT_DIFFUSE/rep_036.rds,15588,6e921da6876acb2f6da4f8580a9cecaa,d3c02759b5e73e160883e1d359d88d164ab3cb02661d47ff64cdedad6379f92f
checkpoints/JOINT_DIFFUSE/rep_037.rds,15881,1edde1480269cf51a288e5d3cf712a34,80a49f250c42c686e249759860faeb0bff7b60f54bdb0c91149d99acff64e1b7
checkpoints/JOINT_DIFFUSE/rep_038.rds,15534,f51dc2dde7b00512a3d36031434a788d,c03add426e64c21f6c1838b1b4b33cf6e57c3a03f5f56e91f1db8943eed042db
checkpoints/JOINT_DIFFUSE/rep_039.rds,15628,336c36f6dcbb59534871a4fd4fea1892,9c9d3ade8cab4dd14717276ac86af6882f3182181e3b2fd1f36b1335695fb730
checkpoints/JOINT_DIFFUSE/rep_040.rds,15609,bf79d8d1d29716594f78617565889a13,c51edf42dbd67daf04e84640a4f61beae147f65102b02ea86f72d2952e7977b4
checkpoints/JOINT_DIFFUSE/rep_041.rds,15872,bb11298723722064f644f67bc26696dd,b1f622422d31727d64e6ca0edd2e88805ffb5ea5b8bba1b873c4e81898321398
checkpoints/JOINT_DIFFUSE/rep_042.rds,15211,1246fddc43b9f8e7a175d00a67fc65fd,664a79e53e3b6a074faf68508df74874f079738987fcc30dfb27c5267c672f08
checkpoints/JOINT_DIFFUSE/rep_043.rds,15414,7aa3fe4ce395818226741c7c530d172d,1cee2046a891afdb986ef04c834968f87d98d0d04d582acb1a6e940758e738d7
checkpoints/JOINT_DIFFUSE/rep_044.rds,15522,63fed133c0fdb7eb1173682833ef90f6,4435631473d76239990af4db2f6799a4030c6863e5da458ddb265517035f0efc
checkpoints/JOINT_DIFFUSE/rep_045.rds,15587,77757779bd6cb4811b25e8eb57931578,01cf0d71d6c6c5167a9baa54f5ee4a18138a134b6f1ff2080774b7a35bd7e23d
checkpoints/JOINT_DIFFUSE/rep_046.rds,15661,10b4b2543568c5e9bc31c61e335fcc8d,2c366af0feca6cc9d051136d537ac51396cc42b4d4daa677c35a926f6923bffa
checkpoints/JOINT_DIFFUSE/rep_047.rds,15769,fad457b8ae833bb71031f805e655e9f8,2c763243fe53930c6ffcb5bb07d7eda097c6668e1f36a6d9fad2c687d93717ed
checkpoints/JOINT_DIFFUSE/rep_048.rds,15760,97037c16a2f43aa0a87c9cf5785c3fab,339f9093a707722a9541a1b122142cf9a86c8cfb0c8a3a7e97bafcdd9d7cec1f
checkpoints/JOINT_DIFFUSE/rep_049.rds,15615,968c70eb2228d7ad69bf94f4b71af5f0,041bf7faf11dbc3251b5de504b9a873746fe93f3a5f67a52a75bd20a4293cadc
checkpoints/JOINT_DIFFUSE/rep_050.rds,15745,4083d5f19448769a6885a80e6380ea2b,cca1018720a89c05463f62f167d8524671de7a98675d2973c8f54334c080bbd3
checkpoints/JOINT_DIFFUSE/rep_051.rds,15620,2a91f2ceac953acfdb1a8f049675728f,b4c9057580e90d47856339acd5b90e11193632d597b63df4594fa2c1a5d5b83d
checkpoints/JOINT_DIFFUSE/rep_052.rds,15647,7b212eeb9d49ab6f43a801ad93db704b,3216d7b542be68d004f96bfec0aefd5b6059d029869841dcd9161740af7f22cf
checkpoints/JOINT_DIFFUSE/rep_053.rds,15136,92c4ce02a16c753a38deda2a54d2915b,0f0a640efffead329f3360f9a88e8edec7d84a872490f9ebf0d1aa61dae95a78
checkpoints/JOINT_DIFFUSE/rep_054.rds,15689,0e3842260a72a2fad5dd40e9d793981e,905fa508fa2d06393128c3c3a0199a71a62603085925d603db97f47c27933976
checkpoints/JOINT_DIFFUSE/rep_055.rds,15829,4f5af300c4562b97393210e20b3a2daa,9d1147e0b6244391cb885c2aba479003e3fafb0cd62d0d934d7cd552a5355014
checkpoints/JOINT_DIFFUSE/rep_056.rds,15951,db0cda8d2ba31f1d4bdf829bda094589,48803c43e6362dfb8a70f1dac070f22e46a24a141e2b893e3844c40037df1f6c
checkpoints/JOINT_DIFFUSE/rep_057.rds,15440,7ed7b4d61ef6fafadf2e94f1d22fd4fa,8bb8d21aaca97420b5f9fc004b44ee526dce3085053f5c3e2723ba73511a20d6
checkpoints/JOINT_DIFFUSE/rep_058.rds,15956,d66db8e19cc969414142c35227c5d72e,bc0be397d84b1eb8fbc5a265a7b0ff96ed5b4c2623b708041729e6580819e2b2
checkpoints/JOINT_DIFFUSE/rep_059.rds,15830,3993f09a115c02e91093ffc80de1967a,85e4ae22099d8c0356188f4f13055b38fe42826f177fe2573eb4447d104f1908
checkpoints/JOINT_DIFFUSE/rep_060.rds,15635,a61ad825cfdeb22bc4908c5da7b67edf,270a655308de6d48af6d82c57dc2070209cc90624c974314273fa58d7220aa8a
checkpoints/JOINT_DIFFUSE/rep_061.rds,15776,68ac76b1e5a2b36323728a74a393c483,087711fb5665c525b7e2ac637bfc0e6580033f11c45f00ac610881b6b16f1abe
checkpoints/JOINT_DIFFUSE/rep_062.rds,15345,2323ef93b5a15c6536ad6f39fbc7fc00,ef82e17eef7acfa0a82ce4861c04651d04687b7c69eb0277d08288ee96c3ea55
checkpoints/JOINT_DIFFUSE/rep_063.rds,15012,2475b34921065c1f774d468c096a241a,25dcf33a3eb0f9187726487cbb6ad3499c1f1dd1509476aa3d062fa6dcec3c30
checkpoints/JOINT_DIFFUSE/rep_064.rds,15794,7358852cd1c254636d6bdcdbb0289cb7,92d7f5d757baac59f1af05cdd299f6b3bc383ff2eea3bad7c28c869523a64a80
checkpoints/JOINT_DIFFUSE/rep_065.rds,15713,59d42846dc0983639b05ffd7fff72c20,c98706b1216b76f2fb473910cde1767408f761487296ffbc475e5129bacf0b86
checkpoints/JOINT_DIFFUSE/rep_066.rds,15711,db56fee66e0dbb322b6567bd6a994e2f,169cf8d4201fb5c362dde8f88b68be3a61d415d3811a78a79e6ca005949df72e
checkpoints/JOINT_DIFFUSE/rep_067.rds,15320,807004095cac14c23ba7ad3452fa9cbf,a43c80abf05967ad14fa1f8defc5dbe7fdbce6f7d738b5f09383068c1dca9ab8
checkpoints/JOINT_DIFFUSE/rep_068.rds,15883,add3a0306608dd60be369154deae8f71,ebf4ed49e48acbe96744e0f1393405855c776b082f79129fcede8e13b6f70b19
checkpoints/JOINT_DIFFUSE/rep_069.rds,15423,2aa3a6d27df776abe7da904c6883f0f7,500814868bfd407eec5f6cf74b3e88faf7e747ecde61356eb22237db53a977da
checkpoints/JOINT_DIFFUSE/rep_070.rds,15475,49f9656c03a0d6d0111bf5a214e6d07e,2c31b04ba032f3f23d02e3cb9c1a7e3cb0c773223477810572c060905998f674
checkpoints/JOINT_DIFFUSE/rep_071.rds,15730,e6f93b974e762c3c8564762d1d716674,c7010fd5b9bc842c1c30dd6206bc0c7948fbed943f80583b5b8b70077de1559b
checkpoints/JOINT_DIFFUSE/rep_072.rds,15315,5f7517f95fb775e47d23073a17b6da90,906e4361a8800b4819647b2b693f970c9917951c8bb6536d164aa901305eaa09
checkpoints/JOINT_DIFFUSE/rep_073.rds,15545,e3b872f038cbc6cf1eecf52468d8bc34,0587f31088cbec2a54e9825e47aa67f7f1ebeaffda5fb1f6e96c663a3b23720f
checkpoints/JOINT_DIFFUSE/rep_074.rds,15747,4f027cfa7ac3ad2f142a76868b758962,de36f6821889cdd41542bc0988932aebf33400d1cbd8a240bdbae2c8983197b3
checkpoints/JOINT_DIFFUSE/rep_075.rds,15427,0b581bb402f3df3bb0a6301b1f12059a,d67081a80f7ef83e98683d4c0e040463711059f4c08f41384c32c54f81729922
checkpoints/JOINT_DIFFUSE/rep_076.rds,15612,af675231c99b5455ec13637f35ebc6d2,643728265847319f9a4644ddc92e9b5e4d362e4782322f734edb60d32d26fd06
checkpoints/JOINT_DIFFUSE/rep_077.rds,15547,6ca3e19eec3d8f0419c0da4edf7ea2f7,3deab54145a6cfa2f07cc7a6400aacd3f4407ce1624fce5f4f58b40072e5570a
checkpoints/JOINT_DIFFUSE/rep_078.rds,15480,599b20fe63be89a13a41081ec305f871,e55dde3ab2642e42bc3187797b62100cd39413b5f8eab33b1188ceb050a6dfe4
checkpoints/JOINT_DIFFUSE/rep_079.rds,14924,086a49eada31904c338c22150cc23d90,97e64f77c1cb2065cd5aadbc4ddbd77712cde5e27a448e8bb7728294dff10d76
checkpoints/JOINT_DIFFUSE/rep_080.rds,15309,fc7a3dd68bc6499334943a103c106fc0,ab56575cccd3fe882aa2965f1c31cfae868e9962a4bbcc90a78fe0c4e2e3414a
checkpoints/JOINT_DIFFUSE/rep_081.rds,15813,d45c03769b6e8ba8952605efde2cb98a,29adb5ab10c7ad48586b35b0008510e1ed97e88c4d5cf9a0eed88086287c9b95
checkpoints/JOINT_DIFFUSE/rep_082.rds,15581,3eaa47f8dd500112204cc4db0cdb0bde,2a6ee33364ee13508147df14f25317f8b6ca41264369d0e615d18a1b420e36ec
checkpoints/JOINT_DIFFUSE/rep_083.rds,15778,ee517ba13eba3d5fadb8cbfec6c60e65,7c9f990dc3320d8b15337d1369365173852469334a3a0eebd7c1cd07c806aaec
checkpoints/JOINT_DIFFUSE/rep_084.rds,15712,04129caedf80f8a9b3eef537175cd088,1b6d64b69fbb38a28d45e1d7e12b8de23c501d2314cac323af7022efb5e36cef
checkpoints/JOINT_DIFFUSE/rep_085.rds,15718,c8d0c713fbad039e62d89c9b32090ed4,f839f158db4804772726f80de78f659a6b3b82f5fb8a6d02bb055aa5eed1c807
checkpoints/JOINT_DIFFUSE/rep_086.rds,15636,b2f9f59152a7a9c52c6e8f7115200f45,9363f83716b4eef7797b8bcbc3e7cacf79dd73969d634d3d7d759af7169afdd0
checkpoints/JOINT_DIFFUSE/rep_087.rds,15511,fd10fb7409fe1bb60099f6f106c7e0f8,ad245f69a0e34172fbe999969d36e4d289529deb2b639dc7cc3a0303b0a05863
checkpoints/JOINT_DIFFUSE/rep_088.rds,15798,1b8f1e528652e32734bfa85592aac714,8eddfc5cac7ba5e7124958f56b1b0ae2c52a6183619e210ef92b661ee6bc43c2
checkpoints/JOINT_DIFFUSE/rep_089.rds,15950,ffa5ea29216154cfaf1f7b56353d5c03,2daa83385a900c79936a5bc3e242d434d325e3037f4594feb511eec6af946503
checkpoints/JOINT_DIFFUSE/rep_090.rds,15821,2b6bae98643b9c989876f9e25352c269,861531b7888921f77e2d9c2e8251759f608df231f59678940acc66424e886a7d
checkpoints/JOINT_DIFFUSE/rep_091.rds,15611,ea11fc80865b3d171dd4a8dc72c9c17e,fb85da65d2be9b27f686e5d57cecab98cbfcf14c886784d84e063dc386d631a5
checkpoints/JOINT_DIFFUSE/rep_092.rds,15579,259b3662988b1a84a7f5866f6c2b2353,a42c2be4cc48691230f52ca31e7f350d585996290b4688e9bd711fb2a0e5f169
checkpoints/JOINT_DIFFUSE/rep_093.rds,15374,a0c7001d56ef1528c0fd5fd8cc14f663,de9e9a5dcdd14b8869c8c1f121d1d525481f3474edddb2c3489955311bef80bd
checkpoints/JOINT_DIFFUSE/rep_094.rds,15557,4fd57552e66f5e1c1fda84544d0c8c1c,b492164242617578cdd41ce550bc999647f7d0b67c8bc51fc8856a4efcc7ff68
checkpoints/JOINT_DIFFUSE/rep_095.rds,15301,9fe865ef66323d8b6a1e54a3750f14f5,d275e1c341650285f1ae2422c3dc19a861cb3ac3179e61be7e209bffb5af3884
checkpoints/JOINT_DIFFUSE/rep_096.rds,15678,19987d026302a559a7c9e4c4aaab4b82,f8fb9e332f24c5efe922162aebc10b4a1160bdae454e53c80abd37d61c538987
checkpoints/JOINT_DIFFUSE/rep_097.rds,15313,8b1f20cdf76a4ba6f47a562ad56683f7,9660969456d3f180b166427a2286af3df9777ed82f471647e218888c0901804d
checkpoints/JOINT_DIFFUSE/rep_098.rds,15830,65869f43f60c09e2d126112f5191adb9,9db158b9edc89187c72d5884bb762939e039d1bb09c1c68d0a7a76ced054d29e
checkpoints/JOINT_DIFFUSE/rep_099.rds,15851,259b06225685d0935bb77e9dcaa6ec7e,cf98880fcfd7f86d650a377accd07684e8d49d6a2a02cb6aab6015ff8dadc65b
checkpoints/JOINT_DIFFUSE/rep_100.rds,15551,9fc34c2f269844d6268a3dcd650ed2c1,87e9f1830e9d5d4019bc810d1ff17c601a766cf5d5d2eafe34494cf16a94a7bc
tables/BETA0_CONSERVATIVE/eta_by_replication.csv,19335,473df3b4e6cd565b32468dfd90a2d44d,641f91652ed20e18ec0420f3a6aaadee68bf574db883eeca72fd392fb8728b2c
tables/BETA0_CONSERVATIVE/eta_means_2dp.csv,133,6a2ec6d3a2316a9aa816d09fe188a9f0,14a7b03f62a2c5640b82d197a6fdcd5d3382cb4135b5a753ada64ab9378ea00a
tables/BETA0_CONSERVATIVE/eta_means_full_precision.csv,255,0f0d0ac2dd00055cb79659a1ecba6c82,9f8348bc3b59b0a516b552bb3eb3e32fa5f39b071465109a3c22d556a5097541
tables/BETA0_DIFFUSE/eta_by_replication.csv,17811,7908fdd5c67962e06cbac449ab1d43da,1de2d80c69a277edf8f9c06e8979069ca4c3cb46761b4e71599a845c9bbdd3b7
tables/BETA0_DIFFUSE/eta_means_2dp.csv,128,6c797ed6e1c98c13d55e6f9e439ae162,2cef6da61fe966b95519ad595f01c8cee91d9ef80877ef05af82be1e7fffa133
tables/BETA0_DIFFUSE/eta_means_full_precision.csv,247,ed11d6d78a2de7bd3eb2082909a266b0,03521b72d28ec7f03420885845d8dbe5a1dbc1fcf8a507b9dc30c4406b5cc00b
tables/DEFAULT/eta_by_replication.csv,16839,c8f05920dd82e929fb1daa72fa34825a,1adce070fd01d10f9042078026dd8ce5a555c7e7f95e98208d0afbd7d23f16fe
tables/DEFAULT/eta_means_2dp.csv,122,a6f381568e4e10a65dbc1137f2dae8dc,ef3b88477c4cf546708a8e40cea9173bcfb306641ae4c1754f0e176ab3aaa6f4
tables/DEFAULT/eta_means_full_precision.csv,244,577ea8917adb53051be35fed8c7d2ba4,1420de49491a67a68e079c2c4fe35602086eccf78616414afcf450b4269e4a43
tables/ELL_CONSERVATIVE/eta_by_replication.csv,18747,0217b6e42c6313a462504b914d504e52,33ba2ec75d8654966f9e3edb372df2cb8fb42a7f32be7056d240400b8c3ad37b
tables/ELL_CONSERVATIVE/eta_means_2dp.csv,131,6ea5e0f4e2dcd9f1f11d642511692136,9728f6bfb0cce810e96d13799712e07f591e3ca531833ea78918202da237ceeb
tables/ELL_CONSERVATIVE/eta_means_full_precision.csv,252,010c396e4e0768b8c03ae2bc6789720f,823f84f6564d6e8f0734f025f55cc1fecf0ce17fc8e00f5c6e2947de0bcaffb1
tables/ELL_DIFFUSE/eta_by_replication.csv,17231,c083da859b446b6f6ee2ac87ef5cb77b,e5ede1e7a19f49056fa652ec02658a0905bbde61909d06ecff8d83c97a522e22
tables/ELL_DIFFUSE/eta_means_2dp.csv,126,026588079665256a96d0188191f350dd,8335b66f99d56478bf7ba67e9d4982c5d75df2577aa9069abd3927835cdea209
tables/ELL_DIFFUSE/eta_means_full_precision.csv,247,852ea8c8a56c0fa0bd6d3127fb45a3cc,d631639f1993f9b826f8ed2554c892dfaa541b4dd0733dac58fe460bccd041d5
tables/ETA_CONSERVATIVE/eta_by_replication.csv,18906,033d7dec05979a085a3ca961ad9dc3d3,ebf330aae32acfc308fec358214f9838a7d343a18a08ac370544ce4fa2dd8f46
tables/ETA_CONSERVATIVE/eta_means_2dp.csv,131,78eb051427815f439303531beef12b97,54f7cf94f6ee599859be3b1f64a6b2ccba6ed0fb39a3bc0a137985f124b5bec9
tables/ETA_CONSERVATIVE/eta_means_full_precision.csv,250,13b9b4a19e05abbaa9276ac4f829b787,083a4f7bbfb9aeaa5368ea6d54207b3688630a4450e9448d40b81250572b91d1
tables/ETA_DIFFUSE/eta_by_replication.csv,17259,0527ace767c18478160ecc19f7f609d3,f35fbb943f63cf153809e22a5d8f599da622c54f5e49dc81d13d941671e9a962
tables/ETA_DIFFUSE/eta_means_2dp.csv,126,e6e34e837dd3808b2c0fd94890abe4ac,20471a1fd99bb1f9024e829212d5e9a55dec03ebdfda5178bc3662efb79fec90
tables/ETA_DIFFUSE/eta_means_full_precision.csv,248,8c792c6612e1ad55f366c98f4e7d7705,15e085c0d24b73f35e07020fc8db870b662139b9eb2e63ba0ab976e07d206042
tables/GAMMA_CONSERVATIVE/eta_by_replication.csv,19370,e46122ca696b57ebb6fe01878ca61d5d,c4e01fe666c71febab48520df7cd615558d3204f6603c27f7d9994a4c4e7a5ff
tables/GAMMA_CONSERVATIVE/eta_means_2dp.csv,133,a30cf19736b6e222a6ea6a757af5444c,06ab582a0d3647ede0acd109ed152d62fae163e0c3af21dda85a7d443b7896fa
tables/GAMMA_CONSERVATIVE/eta_means_full_precision.csv,255,19233428d4c81c3de2afee45822026e9,bce97afed4ed604952ce0a6117153efd0e0245139a4cb0f12b2f0853abcc99bc
tables/GAMMA_DIFFUSE/eta_by_replication.csv,17822,ec47a9242dd00b611724218ef8c1adba,fe7d6426fa9d4edf705a558725db593c1dff84ea04a7c0e12d1d3a08e8f1a8b4
tables/GAMMA_DIFFUSE/eta_means_2dp.csv,128,8b993dfe531b5c2db0f7939cee484f4b,10d26dccc1355130d2d4f42d11ae9341437dc63afe1243ff267338991edd610f
tables/GAMMA_DIFFUSE/eta_means_full_precision.csv,250,3ccaaadec4b3e02a3877b7a65b5be787,b60a468c35457eec214cc63a234dfae9bbf4ff1b0d35f53e4a89b3f66133ee51
tables/JOINT_CONSERVATIVE/eta_by_replication.csv,19540,98ee6019ef79fc9063dbd2a9d82d671d,d75f86dcfa7f6851100bfab4b42f2bf896c30f3eca3e2ad6e2cf8e2bcf1e061e
tables/JOINT_CONSERVATIVE/eta_means_2dp.csv,133,9ef1bca59a50098fe4d9d4b4006d9c3e,8920716dc3f17bd5a97ddbbb0ce7448e26b33ada3247e1c482e5e5c3511269ac
tables/JOINT_CONSERVATIVE/eta_means_full_precision.csv,255,5c9d69336648d7414e3306a3761dca98,f7f64d1e4d7adfcfb0672e8ecec8784b49cbc1ab7ab153a43dcbe0553d476a1a
tables/JOINT_DIFFUSE/eta_by_replication.csv,17815,4ca041af3e6d465f026919fb08cbe5e7,86b6b01cb434328f74c4190c565fed1e0cca211bc8de352ac1b5442b78d998b0
tables/JOINT_DIFFUSE/eta_means_2dp.csv,128,16551bd3637b525c6105ab33c524077f,8342f0f1a36ccc01261296e154f931943d32746e1f22219a23c0955ba36063f2
tables/JOINT_DIFFUSE/eta_means_full_precision.csv,249,f31b0f8999ed703c457b6431b6bb9cfd,a0b9e7ef8bf62838b6ebb5f3bea5569cfed4c22cbdf132ba83c9402995a27558
tables/SIGMA_CONSERVATIVE/eta_by_replication.csv,19327,0f956ff7ae10f2f26d9a285de0bc76af,866e0e925923e92c888b864e01b031e249e55e2a7d5799cc6cac411f6ca39e03
tables/SIGMA_CONSERVATIVE/eta_means_2dp.csv,133,e4315ce51927bdbdd43ba9422bac5de5,555264d6d1ad96aab2cb2a77fedf3625f636d4b00216a7440cc3fb58bf335fbe
tables/SIGMA_CONSERVATIVE/eta_means_full_precision.csv,254,4ec86946dafdc3b5c45ad8623cee78a0,1bdf6561781fec91032c9789ebf71a6c99038351276eb945ff64c403f31bb4bb
tables/SIGMA_DIFFUSE/eta_by_replication.csv,17849,ad0aa49252eaa89759748c34207948c8,af6c3f9928f8006dfcc795eb2054f8e4ba17202b7a7805bcaf519b70cf88a2c6
tables/SIGMA_DIFFUSE/eta_means_2dp.csv,128,879df0760644712649fcc809db814271,324fd89d16206409297d69c63a94894c312b97cb7334f284b5938705ce61ff3b
tables/SIGMA_DIFFUSE/eta_means_full_precision.csv,250,eb1b0786505930ab926cf2f19574da10,b099f77316c499f267863f0fe4fffb15e9e8bdb42246feb03f7ce3579455ea1d
