fit_id,position,node_group,n_replications,Mean_posterior_mean,Mean_HPD80_lower,Mean_HPD80_upper
DEFAULT,1,true zero,100,0.09461904831618305,0.0023342336024554937,0.15732952762974572
DEFAULT,2,true zero,100,0.07944132902053534,0.0012005301635001726,0.12618016364965748
DEFAULT,3,true zero,100,0.09081298290740676,0.0012663101465833979,0.15086559412568432
DEFAULT,4,true zero,100,0.092483515207662,0.011784886248635417,0.14548142391033828
DEFAULT,5,true zero,100,0.0780669193119366,0.0014474172726784496,0.12532862253922242
DEFAULT,6,true zero,100,0.08425210353137659,0.0010560240538936825,0.13458822448247462
DEFAULT,7,true zero,100,0.08127355175591405,0.005731381099159882,0.12560142867838425
DEFAULT,8,true zero,100,0.074976450257819,0.0007227598290834089,0.1199709388555375
DEFAULT,9,true zero,100,0.09628753337185202,0.006347568323227112,0.15916132616717518
DEFAULT,10,true zero,100,0.06512584039513719,0.0016372940229667581,0.09724015338197756
DEFAULT,11,true zero,100,0.07088813914409062,3.0385381886612962e-06,0.10891471919475039
DEFAULT,12,true zero,100,0.06442432169837708,0.0037950861167905785,0.09832739157296176
DEFAULT,13,true zero,100,0.07832965602514197,3.5890817654445105e-07,0.12475052885681186
DEFAULT,14,true zero,100,0.07127999367368582,1.609026749931014e-06,0.11348424390020778
DEFAULT,15,true zero,100,0.08785986624887634,0.00251296879373982,0.1400675509284206
DEFAULT,16,true zero,100,0.10485717542280833,0.0069292827954624105,0.1695700585143498
DEFAULT,17,true zero,100,0.12208579143441181,0.010267569124971343,0.20223399008869325
DEFAULT,18,true zero,100,0.08964270806416134,0.0007226875515811251,0.14906765014600393
DEFAULT,19,true zero,100,0.06695391494636858,3.0459746927481327e-07,0.10539340014708044
DEFAULT,20,true zero,100,0.08715064342709551,0.0031782931679377093,0.1381308400187585
DEFAULT,21,true zero,100,0.07925311902394616,0.0013299290439718016,0.1283832332120981
DEFAULT,22,true zero,100,0.07617822478630515,0.0011879061453980396,0.12252049266879783
DEFAULT,23,true zero,100,0.08553467004263711,0.002408341541450095,0.1414758213497471
DEFAULT,24,true zero,100,0.0708922698200011,5.804631989197225e-07,0.11409237415018574
DEFAULT,25,true zero,100,0.0833985768989401,0.0037119234090823004,0.1306333501486515
DEFAULT,26,true zero,100,0.06597995540586982,0.0018680048501444066,0.098886598887836
DEFAULT,27,true zero,100,0.10241613540217247,3.0083637899287916e-06,0.17281909282651967
DEFAULT,28,true zero,100,0.08695358421556923,0.0014914184808187017,0.14830306120244305
DEFAULT,29,true zero,100,0.08606043923790357,0.0046805838530724515,0.13679514314861804
DEFAULT,30,true zero,100,0.10153882855193697,0.0025682781196902176,0.16949259930498098
DEFAULT,31,true zero,100,0.08432450932188171,0.0011764979377631834,0.14038899568407331
DEFAULT,32,true zero,100,0.08583998807778384,0.003134786946200877,0.13928068143791422
DEFAULT,33,true zero,100,0.0625308969279341,0.001400676370868729,0.0924442302188719
DEFAULT,34,true zero,100,0.08724759242840313,0.005347121633411257,0.13804873734846787
DEFAULT,35,true zero,100,0.09283425098119233,0.0025448022879472772,0.15518496761326211
DEFAULT,36,true zero,100,0.0733743116135283,3.444137206337979e-07,0.11468102281938329
DEFAULT,37,true zero,100,0.09103041559321955,0.00338209995887047,0.14943019677482566
DEFAULT,38,true zero,100,0.07929576450068193,4.835300095354571e-06,0.12706522220363434
DEFAULT,39,true zero,100,0.08228688780748436,0.0026128927503423194,0.13146353927733598
DEFAULT,40,true zero,100,0.0673193037504343,0.0012008361814639312,0.1064910343101296
DEFAULT,41,true zero,100,0.08149778389841732,0.0012950161156892704,0.1274944696729461
DEFAULT,42,true zero,100,0.07083214996271776,1.0386476702413517e-06,0.10894959859352983
DEFAULT,43,true zero,100,0.09250082409734935,0.009068210385518334,0.14558864554535395
DEFAULT,44,true zero,100,0.09409942182942828,0.009288143142044363,0.15165045612417644
DEFAULT,45,true zero,100,0.07060510033528616,2.8682108481021237e-06,0.11070466276069124
DEFAULT,46,true zero,100,0.09277531416692636,0.0027917695541364988,0.15608082267649429
DEFAULT,47,true zero,100,0.08191796901426368,0.0058158738276367136,0.124996977746413
DEFAULT,48,true zero,100,0.0806726093940634,0.0008760979673031289,0.13164657627808518
DEFAULT,49,true zero,100,0.07639600668849797,0.0017477024147348472,0.12357162046701055
DEFAULT,50,true zero,100,0.08387242873753341,0.00897933472588796,0.13168466315854652
DEFAULT,51,true zero,100,0.07809752946860032,2.1867918950756637e-06,0.12453940563113415
DEFAULT,52,true zero,100,0.08819162965555531,8.817789857567113e-07,0.14594366660389618
DEFAULT,53,true zero,100,0.07020904295144037,0.001453029149591007,0.10794526329971277
DEFAULT,54,true zero,100,0.0732292174526247,8.933280049114216e-07,0.11473097920500913
DEFAULT,55,true zero,100,0.08782270184010475,0.003765327677332562,0.14127179668372244
DEFAULT,56,true zero,100,0.07737799765524239,0.0022990215470494284,0.118451902724324
DEFAULT,57,true zero,100,0.08848806135959604,6.336919098561975e-07,0.14444862996436877
DEFAULT,58,true zero,100,0.07391116622503326,0.0013302710319460897,0.11762419416418071
DEFAULT,59,true zero,100,0.09264043515868385,0.007285415381039109,0.14685073769983992
DEFAULT,60,true zero,100,0.09045999777511855,0.0009506034389018075,0.15166776263514725
DEFAULT,61,true zero,100,0.10496980807213602,0.012714209916790484,0.1686611677329121
DEFAULT,62,true zero,100,0.089985448364396,0.004142085173233082,0.1445524260123373
DEFAULT,63,true zero,100,0.0778655276400971,0.0019586968188895645,0.12315653741755876
DEFAULT,64,true zero,100,0.09392781490478946,0.0016456420837248653,0.15576446780455636
DEFAULT,65,true zero,100,0.08792581091669309,0.003785786224863687,0.13834090612779146
DEFAULT,66,true zero,100,0.08383982405069665,0.0013442000772711112,0.13533267946766364
DEFAULT,67,true zero,100,0.08159344444018618,0.0016528782435828637,0.1312902971203015
DEFAULT,68,true zero,100,0.09079222095250655,0.002290395911508194,0.14724217226468428
DEFAULT,69,true zero,100,0.08876744410056764,6.826506041965588e-07,0.14889161862970318
DEFAULT,70,true zero,100,0.09231387422901709,0.0061814537575052295,0.14796450262533767
DEFAULT,71,hidden positive,100,0.4929660932705897,0.2282504895042991,0.7596560599533408
DEFAULT,72,hidden positive,100,0.4586936243191224,0.1964936317006593,0.7032147691089388
DEFAULT,73,hidden positive,100,0.48031195306428337,0.19762816130455366,0.7541157545192835
DEFAULT,74,hidden positive,100,0.500697736809602,0.2301147425505867,0.7572462856592622
DEFAULT,75,hidden positive,100,0.48024134436255117,0.23020531294080895,0.7174583441479464
DEFAULT,76,hidden positive,100,0.43180622109798317,0.1748796533825921,0.6744614398829465
DEFAULT,77,hidden positive,100,0.4913108108926378,0.21495020788381589,0.7497254802024849
DEFAULT,78,hidden positive,100,0.4877210781828966,0.22054719755337437,0.7431342667715849
DEFAULT,79,hidden positive,100,0.4316987039828019,0.1713528434983796,0.6758668220123646
DEFAULT,80,hidden positive,100,0.5013095467273573,0.23003544697835715,0.7730709074392912
DEFAULT,81,observed positive,100,0.778634807341297,0.6124778343132766,0.9832242500068112
DEFAULT,82,observed positive,100,0.7954747136422496,0.6385874646238408,0.984883846970402
DEFAULT,83,observed positive,100,0.763487734558945,0.5798599523205484,0.9744271643720704
DEFAULT,84,observed positive,100,0.7691245000981864,0.5850746640589359,0.9860697968465308
DEFAULT,85,observed positive,100,0.7722026494886843,0.6007393813447938,0.9817150347324661
DEFAULT,86,observed positive,100,0.7764514862163995,0.6076615133379155,0.9799505841266763
DEFAULT,87,observed positive,100,0.7360455095004038,0.5304513022928149,0.969373310006903
DEFAULT,88,observed positive,100,0.762621562113091,0.5771501251601282,0.9779122448013227
DEFAULT,89,observed positive,100,0.7798077416704322,0.6056618402713899,0.9866348668374871
DEFAULT,90,observed positive,100,0.7705388401071006,0.6060663933209828,0.9671396553643344
DEFAULT,91,observed positive,100,0.7733256954069292,0.5918859900551109,0.9885183867466624
DEFAULT,92,observed positive,100,0.7578060195109739,0.568758014937382,0.984362355022996
DEFAULT,93,observed positive,100,0.7494185868895679,0.55951480513796,0.9790699399060795
DEFAULT,94,observed positive,100,0.7459473892896095,0.5531933660554665,0.9732464821045401
DEFAULT,95,observed positive,100,0.7421931934918479,0.5497514355320231,0.9780847073726526
DEFAULT,96,observed positive,100,0.7385608823610287,0.536001914063974,0.9727678051049449
DEFAULT,97,observed positive,100,0.7637507940040448,0.5862708717921781,0.978656035798972
DEFAULT,98,observed positive,100,0.744048240991165,0.550568971539728,0.977753664872549
DEFAULT,99,observed positive,100,0.7521655095312092,0.5670770568774168,0.9690507993424725
DEFAULT,100,observed positive,100,0.7567245057598019,0.5639875032277183,0.9871024356612853
SIGMA_CONSERVATIVE,1,true zero,100,0.1018976575968699,0.010466635407192303,0.16674227236183486
SIGMA_CONSERVATIVE,2,true zero,100,0.0864664907504427,0.004888294547916547,0.1380099649213695
SIGMA_CONSERVATIVE,3,true zero,100,0.09762501600938689,0.00369180489637992,0.16136065272755754
SIGMA_CONSERVATIVE,4,true zero,100,0.1017451906115506,0.01666070801000287,0.15828260754507487
SIGMA_CONSERVATIVE,5,true zero,100,0.08470500814281044,0.008159130172119857,0.14100023727240527
SIGMA_CONSERVATIVE,6,true zero,100,0.09164309970088463,0.004472307662527788,0.14698474463602149
SIGMA_CONSERVATIVE,7,true zero,100,0.08350649891888183,0.008256536421260771,0.1308515225628348
SIGMA_CONSERVATIVE,8,true zero,100,0.0792568267581501,0.003055775045454992,0.12845552927883996
SIGMA_CONSERVATIVE,9,true zero,100,0.10458265005446726,0.01354791195210487,0.1671072113661132
SIGMA_CONSERVATIVE,10,true zero,100,0.06712983692944101,0.0041297180733665,0.10593470789204891
SIGMA_CONSERVATIVE,11,true zero,100,0.07473672957631697,0.002550508463422754,0.11711806782351632
SIGMA_CONSERVATIVE,12,true zero,100,0.0646504967347844,0.006412580010480612,0.10037012816569713
SIGMA_CONSERVATIVE,13,true zero,100,0.0855819370965588,0.001160928438863919,0.13853942291641297
SIGMA_CONSERVATIVE,14,true zero,100,0.07532612071386763,0.0005875951419081226,0.12225683055276676
SIGMA_CONSERVATIVE,15,true zero,100,0.09533500736583839,0.005829944808541957,0.1532896213933907
SIGMA_CONSERVATIVE,16,true zero,100,0.11287679511047485,0.01616040622738967,0.17708244999263678
SIGMA_CONSERVATIVE,17,true zero,100,0.13639235018555365,0.026881126883379083,0.2118887268963997
SIGMA_CONSERVATIVE,18,true zero,100,0.09515363783391528,0.006094738813872974,0.1585661377063862
SIGMA_CONSERVATIVE,19,true zero,100,0.0710140640725183,5.041850489978194e-05,0.11533554165145643
SIGMA_CONSERVATIVE,20,true zero,100,0.095000032264354,0.010006969263197645,0.1494229251289018
SIGMA_CONSERVATIVE,21,true zero,100,0.08517262385212543,0.004336920632854371,0.1401665330505866
SIGMA_CONSERVATIVE,22,true zero,100,0.07790649417145425,0.004692933005784045,0.12661564432261213
SIGMA_CONSERVATIVE,23,true zero,100,0.09444172309660086,0.006872040036364435,0.15202836373934767
SIGMA_CONSERVATIVE,24,true zero,100,0.07482783732681181,0.0031949846085669227,0.12127201339827533
SIGMA_CONSERVATIVE,25,true zero,100,0.08666956589728318,0.00524905827475955,0.1354463203008738
SIGMA_CONSERVATIVE,26,true zero,100,0.06879859317338742,0.0035334851703588506,0.10586109995464658
SIGMA_CONSERVATIVE,27,true zero,100,0.1103821391461946,0.002773341361093648,0.18440882668837982
SIGMA_CONSERVATIVE,28,true zero,100,0.09698843497158073,0.009040842058835673,0.16464269136711276
SIGMA_CONSERVATIVE,29,true zero,100,0.0916333207541101,0.011474397518716196,0.14645565662087845
SIGMA_CONSERVATIVE,30,true zero,100,0.11006460855222314,0.008496551766085356,0.18143028512953882
SIGMA_CONSERVATIVE,31,true zero,100,0.08913114318158818,0.0008066817400887548,0.14993130751922745
SIGMA_CONSERVATIVE,32,true zero,100,0.08893554007717984,0.009320259403077609,0.14254602908077502
SIGMA_CONSERVATIVE,33,true zero,100,0.06531363453744886,0.002863798965997877,0.09896222757771334
SIGMA_CONSERVATIVE,34,true zero,100,0.09044890071978968,0.008656917909510078,0.1437642246241612
SIGMA_CONSERVATIVE,35,true zero,100,0.1014240536676832,0.006158111302865918,0.1676840170179309
SIGMA_CONSERVATIVE,36,true zero,100,0.07716008224349587,0.004720355679142388,0.12274634954711929
SIGMA_CONSERVATIVE,37,true zero,100,0.09857773973924919,0.012789865688377318,0.15844458054194616
SIGMA_CONSERVATIVE,38,true zero,100,0.08334796501269313,0.004240191631053156,0.13742815290891217
SIGMA_CONSERVATIVE,39,true zero,100,0.08677751787244731,0.005566158230367578,0.13738849142811516
SIGMA_CONSERVATIVE,40,true zero,100,0.07191854579024345,0.00591786854800624,0.1136860335099617
SIGMA_CONSERVATIVE,41,true zero,100,0.08423623552402372,0.0070173004135646025,0.13095494739178906
SIGMA_CONSERVATIVE,42,true zero,100,0.07304355992520087,0.002989084121149127,0.11474281386162291
SIGMA_CONSERVATIVE,43,true zero,100,0.10285428500726593,0.02273347346342557,0.15560598575340834
SIGMA_CONSERVATIVE,44,true zero,100,0.10050650365577876,0.011063255402800135,0.16255672941795052
SIGMA_CONSERVATIVE,45,true zero,100,0.07381976188018452,0.00046077720611538967,0.1186100318183011
SIGMA_CONSERVATIVE,46,true zero,100,0.10080043660707699,0.009512798141358242,0.16754261156737985
SIGMA_CONSERVATIVE,47,true zero,100,0.08873240348916449,0.011641457664578948,0.1344718548999489
SIGMA_CONSERVATIVE,48,true zero,100,0.0871274474499353,0.007007812251573809,0.14024564117627952
SIGMA_CONSERVATIVE,49,true zero,100,0.07973573085650777,0.0032106284586168685,0.12888719677201688
SIGMA_CONSERVATIVE,50,true zero,100,0.08848874507541801,0.010751193642725981,0.1424239824172737
SIGMA_CONSERVATIVE,51,true zero,100,0.08078248327963071,0.0036767472870598518,0.13229222035774535
SIGMA_CONSERVATIVE,52,true zero,100,0.098210682673289,0.006109062842736912,0.16577499800749212
SIGMA_CONSERVATIVE,53,true zero,100,0.07131506535622414,0.0028894492674375306,0.1109828966358295
SIGMA_CONSERVATIVE,54,true zero,100,0.07649775608194284,0.00022398521478251188,0.12131095629515094
SIGMA_CONSERVATIVE,55,true zero,100,0.09532514381064587,0.006145245138149833,0.15480597905122717
SIGMA_CONSERVATIVE,56,true zero,100,0.08086602118035234,0.004148181933010428,0.12696704738506015
SIGMA_CONSERVATIVE,57,true zero,100,0.09571565067865274,8.64950666256798e-05,0.15836935878283723
SIGMA_CONSERVATIVE,58,true zero,100,0.0779891276859221,0.007322391475823054,0.12631902747229495
SIGMA_CONSERVATIVE,59,true zero,100,0.09850811782069795,0.011985028579203227,0.15681803054719842
SIGMA_CONSERVATIVE,60,true zero,100,0.09677561142620249,0.005820480650473098,0.1598344895848904
SIGMA_CONSERVATIVE,61,true zero,100,0.11869009481918175,0.027265658958679585,0.18598891487746505
SIGMA_CONSERVATIVE,62,true zero,100,0.09675376578001149,0.007934709350207536,0.15661151627110706
SIGMA_CONSERVATIVE,63,true zero,100,0.0826531260740651,0.00907560193977965,0.13376283114198442
SIGMA_CONSERVATIVE,64,true zero,100,0.1010372042739685,0.006663124841605122,0.1669345472292134
SIGMA_CONSERVATIVE,65,true zero,100,0.09082756126641764,0.007954111917095271,0.14194111829986164
SIGMA_CONSERVATIVE,66,true zero,100,0.08933499201801531,0.002570768499763365,0.14692153852072634
SIGMA_CONSERVATIVE,67,true zero,100,0.08705680356463069,0.0045108856729244836,0.14204083488244082
SIGMA_CONSERVATIVE,68,true zero,100,0.09650684433188188,0.00866709775979687,0.1587991222168351
SIGMA_CONSERVATIVE,69,true zero,100,0.09430591787645914,0.0020188149408921657,0.15580805131422026
SIGMA_CONSERVATIVE,70,true zero,100,0.09516941340184952,0.01096666302212317,0.15201635566388197
SIGMA_CONSERVATIVE,71,hidden positive,100,0.5269785047658754,0.3024058319189067,0.7545921262029687
SIGMA_CONSERVATIVE,72,hidden positive,100,0.49439298512152724,0.2643448527014497,0.7066426591743087
SIGMA_CONSERVATIVE,73,hidden positive,100,0.5135459879611566,0.2634181912992699,0.7485209547685724
SIGMA_CONSERVATIVE,74,hidden positive,100,0.5339945072769088,0.30004765926311483,0.7551273585736162
SIGMA_CONSERVATIVE,75,hidden positive,100,0.5127446106170913,0.28833634788995227,0.717940458594707
SIGMA_CONSERVATIVE,76,hidden positive,100,0.4649443453732245,0.2384113878968285,0.6797488075217416
SIGMA_CONSERVATIVE,77,hidden positive,100,0.5276736976312659,0.2923791138027633,0.7421154547116973
SIGMA_CONSERVATIVE,78,hidden positive,100,0.5169043876158844,0.27731106552501694,0.7366240865076873
SIGMA_CONSERVATIVE,79,hidden positive,100,0.46907946840657366,0.237757179626578,0.6832816774993526
SIGMA_CONSERVATIVE,80,hidden positive,100,0.5396469544615701,0.31359293338539773,0.7728318634392644
SIGMA_CONSERVATIVE,81,observed positive,100,0.7409161149812694,0.5638650215800687,0.9446242206214609
SIGMA_CONSERVATIVE,82,observed positive,100,0.7544852447017247,0.5914856786389813,0.943179814694681
SIGMA_CONSERVATIVE,83,observed positive,100,0.722344422370957,0.5370327299198123,0.9293256739624839
SIGMA_CONSERVATIVE,84,observed positive,100,0.7267181472842635,0.5378744012856201,0.9501803960399229
SIGMA_CONSERVATIVE,85,observed positive,100,0.7325118507735027,0.5552110920739923,0.9469003101888667
SIGMA_CONSERVATIVE,86,observed positive,100,0.7372796133393343,0.5650446859992972,0.9440310657109299
SIGMA_CONSERVATIVE,87,observed positive,100,0.6837806829990858,0.48488179336546744,0.9103056986084112
SIGMA_CONSERVATIVE,88,observed positive,100,0.7181540609956297,0.530539534872887,0.9273533102208202
SIGMA_CONSERVATIVE,89,observed positive,100,0.7392717100488659,0.5567341766127296,0.9626638158641522
SIGMA_CONSERVATIVE,90,observed positive,100,0.7309631389318032,0.5643123580993037,0.9178739956418767
SIGMA_CONSERVATIVE,91,observed positive,100,0.7343826531153356,0.545026720944168,0.9592742927433399
SIGMA_CONSERVATIVE,92,observed positive,100,0.7119375623122514,0.511589206845713,0.9326999966180018
SIGMA_CONSERVATIVE,93,observed positive,100,0.7094514041161578,0.5153731999218314,0.9267989039828027
SIGMA_CONSERVATIVE,94,observed positive,100,0.6945895397120004,0.49435182903683966,0.93021009882109
SIGMA_CONSERVATIVE,95,observed positive,100,0.6893548619595552,0.4863142812784114,0.924249292594878
SIGMA_CONSERVATIVE,96,observed positive,100,0.6918360832276409,0.48499595773620396,0.9241933158480091
SIGMA_CONSERVATIVE,97,observed positive,100,0.7197481509627454,0.5340493242927752,0.9436133796418433
SIGMA_CONSERVATIVE,98,observed positive,100,0.698395496855339,0.5008392591783981,0.9169659667207388
SIGMA_CONSERVATIVE,99,observed positive,100,0.7079345374653708,0.5236853189328893,0.9283812918188896
SIGMA_CONSERVATIVE,100,observed positive,100,0.7138749796870133,0.5152839391332377,0.9507391614090682
SIGMA_DIFFUSE,1,true zero,100,0.08331129502623363,0.00046174674662727955,0.13152142167587416
SIGMA_DIFFUSE,2,true zero,100,0.07054911779096418,1.4547349061795234e-09,0.10200055285845322
SIGMA_DIFFUSE,3,true zero,100,0.0767440250882876,0.00031358560501519405,0.11923017332182577
SIGMA_DIFFUSE,4,true zero,100,0.07842879053654983,0.0025546179817318502,0.1160031353679981
SIGMA_DIFFUSE,5,true zero,100,0.06770002134240515,0.0004267708973189504,0.09685573192950316
SIGMA_DIFFUSE,6,true zero,100,0.07494918263583618,4.388101868814913e-10,0.11091051974806387
SIGMA_DIFFUSE,7,true zero,100,0.07555541571513591,0.0013646232349783982,0.10994930281981935
SIGMA_DIFFUSE,8,true zero,100,0.06488818523686736,5.791789728538057e-10,0.09021161280554889
SIGMA_DIFFUSE,9,true zero,100,0.08049599735466456,0.0011794190972040323,0.12512418120057978
SIGMA_DIFFUSE,10,true zero,100,0.05930751692397855,0.0006693115297500675,0.07497832316692107
SIGMA_DIFFUSE,11,true zero,100,0.06371253944456948,2.226947310871986e-09,0.08587386313844482
SIGMA_DIFFUSE,12,true zero,100,0.058885489979823055,0.0009281712629611819,0.08194450404651459
SIGMA_DIFFUSE,13,true zero,100,0.06874627351912635,2.7642189482734267e-10,0.09753738469034146
SIGMA_DIFFUSE,14,true zero,100,0.0639911964161321,1.468032315666387e-08,0.09110884293588711
SIGMA_DIFFUSE,15,true zero,100,0.07634591724274728,1.1298998068134928e-09,0.11307407572964027
SIGMA_DIFFUSE,16,true zero,100,0.09222549749971157,0.00194375662905788,0.1475388379582697
SIGMA_DIFFUSE,17,true zero,100,0.10466781202894616,0.0015776612805710605,0.1705401383325518
SIGMA_DIFFUSE,18,true zero,100,0.08005833321578822,0.00038496460507529587,0.12534090134346804
SIGMA_DIFFUSE,19,true zero,100,0.06079460056995227,4.0006216709582404e-10,0.08339279825115897
SIGMA_DIFFUSE,20,true zero,100,0.07524670191193664,0.000523790325002318,0.11023238881352201
SIGMA_DIFFUSE,21,true zero,100,0.06988682017612563,3.648893389540427e-09,0.10151017908391369
SIGMA_DIFFUSE,22,true zero,100,0.0711916275797386,4.539114095169595e-09,0.1082322978091271
SIGMA_DIFFUSE,23,true zero,100,0.07350647714445337,3.697617824844411e-09,0.11433615912472359
SIGMA_DIFFUSE,24,true zero,100,0.062008355503519234,1.56558029942882e-09,0.08887373895596912
SIGMA_DIFFUSE,25,true zero,100,0.07475499637960742,0.0014397698789153088,0.10879919081549348
SIGMA_DIFFUSE,26,true zero,100,0.05921342144950957,0.0007213037694144662,0.07574461945735621
SIGMA_DIFFUSE,27,true zero,100,0.090928519384087,8.79439633984653e-09,0.1470938174517504
SIGMA_DIFFUSE,28,true zero,100,0.07394923026266262,2.4946995843160645e-09,0.11684514979148362
SIGMA_DIFFUSE,29,true zero,100,0.07494157594759077,0.0016255164208794674,0.1124273734157547
SIGMA_DIFFUSE,30,true zero,100,0.08747928635805456,0.00064822085229005,0.13792356173361897
SIGMA_DIFFUSE,31,true zero,100,0.07315288881626385,1.6402428138298167e-09,0.10915346947078085
SIGMA_DIFFUSE,32,true zero,100,0.07670916158228074,2.416132049895363e-09,0.11799343553058858
SIGMA_DIFFUSE,33,true zero,100,0.05610442454733268,2.9143536090434758e-09,0.07100396873105383
SIGMA_DIFFUSE,34,true zero,100,0.07999093838864663,0.002866088200823908,0.11782321068973439
SIGMA_DIFFUSE,35,true zero,100,0.08055316827907465,0.0014422350300025788,0.12320399423416256
SIGMA_DIFFUSE,36,true zero,100,0.06576900973766212,7.685788652504414e-10,0.09404220565752171
SIGMA_DIFFUSE,37,true zero,100,0.07790544688492639,3.256146985602633e-09,0.12272668008071948
SIGMA_DIFFUSE,38,true zero,100,0.07110222485962417,1.5854990237897295e-08,0.10504103097795524
SIGMA_DIFFUSE,39,true zero,100,0.07316185045022545,0.0006094383145287906,0.10825645189671267
SIGMA_DIFFUSE,40,true zero,100,0.059001511114219765,1.287501321045178e-09,0.08275600014447278
SIGMA_DIFFUSE,41,true zero,100,0.07361833890927304,0.0006179982660924294,0.10773899177730356
SIGMA_DIFFUSE,42,true zero,100,0.06459415263740734,5.652296841649275e-10,0.09020622513956765
SIGMA_DIFFUSE,43,true zero,100,0.07922578817603904,0.001957097722181688,0.12157454774512848
SIGMA_DIFFUSE,44,true zero,100,0.0842600566574962,0.00617656862150487,0.12627634059907683
SIGMA_DIFFUSE,45,true zero,100,0.06361963514464244,4.629641803714726e-09,0.08706681880052225
SIGMA_DIFFUSE,46,true zero,100,0.07954156759541435,0.000878992546907842,0.12209067931812535
SIGMA_DIFFUSE,47,true zero,100,0.07188861377797016,0.0010931076608299744,0.10203999937905676
SIGMA_DIFFUSE,48,true zero,100,0.07178057667362864,1.1557062485770967e-09,0.10723831571268057
SIGMA_DIFFUSE,49,true zero,100,0.06878818500661185,7.156214227266427e-09,0.09959484158624912
SIGMA_DIFFUSE,50,true zero,100,0.07276626335856258,0.0008605769045638285,0.1052445151484905
SIGMA_DIFFUSE,51,true zero,100,0.07084878420037194,3.6933837096570155e-09,0.10382621983760112
SIGMA_DIFFUSE,52,true zero,100,0.07399835150665451,3.0261168277498806e-09,0.11112637237294473
SIGMA_DIFFUSE,53,true zero,100,0.06452681386095216,1.5857158688693551e-09,0.09031266357000911
SIGMA_DIFFUSE,54,true zero,100,0.06544885000960349,1.842374937817846e-09,0.08955099832901701
SIGMA_DIFFUSE,55,true zero,100,0.07594189943633092,0.0012498692539053193,0.11113286778905598
SIGMA_DIFFUSE,56,true zero,100,0.06823560511092197,0.0007133073796401089,0.09269658965681842
SIGMA_DIFFUSE,57,true zero,100,0.07816536282054974,1.1160804792105928e-09,0.11615830146699947
SIGMA_DIFFUSE,58,true zero,100,0.0668391014498274,2.862855692000966e-09,0.09930485088000411
SIGMA_DIFFUSE,59,true zero,100,0.08303531920351136,0.00226787850631118,0.12666312021517442
SIGMA_DIFFUSE,60,true zero,100,0.07821925583316378,1.439851994298716e-09,0.12461446639568685
SIGMA_DIFFUSE,61,true zero,100,0.08821367590717503,0.005956266020652211,0.1364184843781455
SIGMA_DIFFUSE,62,true zero,100,0.07911491833457038,0.0010908174108902999,0.11767088500777163
SIGMA_DIFFUSE,63,true zero,100,0.068752383195881,0.0011094699072467843,0.10171432142447795
SIGMA_DIFFUSE,64,true zero,100,0.08318749186756724,3.119356984838966e-09,0.1323819907337827
SIGMA_DIFFUSE,65,true zero,100,0.07988939856977653,0.0006774580831881788,0.11927228429640366
SIGMA_DIFFUSE,66,true zero,100,0.07318164839181739,3.7939727560272853e-10,0.1059546901866541
SIGMA_DIFFUSE,67,true zero,100,0.07229157735110828,6.226553509635758e-09,0.10625822592723248
SIGMA_DIFFUSE,68,true zero,100,0.08126434219531178,0.0009642010296900623,0.12364775703998684
SIGMA_DIFFUSE,69,true zero,100,0.07734495048721497,8.123218742596021e-09,0.12018971706555263
SIGMA_DIFFUSE,70,true zero,100,0.08328427737819447,0.003606719120064472,0.12485968450249285
SIGMA_DIFFUSE,71,hidden positive,100,0.45035884732036024,0.15233197006471283,0.7572406274743909
SIGMA_DIFFUSE,72,hidden positive,100,0.41545110364130844,0.1311587709450232,0.694633263744076
SIGMA_DIFFUSE,73,hidden positive,100,0.4349318304608126,0.11916669802972711,0.7483986304934571
SIGMA_DIFFUSE,74,hidden positive,100,0.45817213819567776,0.15803902440209203,0.7567797147780091
SIGMA_DIFFUSE,75,hidden positive,100,0.4385552389203554,0.1582103703012385,0.7132124584414389
SIGMA_DIFFUSE,76,hidden positive,100,0.3899678502425564,0.11388187660963148,0.6654273128503667
SIGMA_DIFFUSE,77,hidden positive,100,0.4455610781435287,0.14208910541843972,0.7485672980282083
SIGMA_DIFFUSE,78,hidden positive,100,0.452644111170236,0.1609183977578605,0.7399935513981261
SIGMA_DIFFUSE,79,hidden positive,100,0.38779361587835964,0.11005165383043922,0.6654850946549417
SIGMA_DIFFUSE,80,hidden positive,100,0.4552810435321797,0.1470169211084215,0.7659347207104696
SIGMA_DIFFUSE,81,observed positive,100,0.8352465751304727,0.6993616581239656,0.9999999435820841
SIGMA_DIFFUSE,82,observed positive,100,0.8488993647877016,0.727577193548912,0.9999999062315144
SIGMA_DIFFUSE,83,observed positive,100,0.8238449807028583,0.6781581561124891,0.9984903722743097
SIGMA_DIFFUSE,84,observed positive,100,0.8286497644464141,0.6861263071667811,0.9999999626222856
SIGMA_DIFFUSE,85,observed positive,100,0.8313321650515908,0.692057614234138,0.997660653762791
SIGMA_DIFFUSE,86,observed positive,100,0.8334633334182939,0.6941792815847039,0.995059793789215
SIGMA_DIFFUSE,87,observed positive,100,0.8061347993958115,0.6398226610481498,0.9999998615353591
SIGMA_DIFFUSE,88,observed positive,100,0.8233496987227434,0.6736154262593224,0.9999999321284087
SIGMA_DIFFUSE,89,observed positive,100,0.8382720013598082,0.7041620882308041,0.9999999106966116
SIGMA_DIFFUSE,90,observed positive,100,0.8288583873607018,0.694397635380871,0.9969179010620489
SIGMA_DIFFUSE,91,observed positive,100,0.8301725420805011,0.6839572500892258,0.9999999392515626
SIGMA_DIFFUSE,92,observed positive,100,0.8207613997645555,0.667276972627576,0.9983648525390478
SIGMA_DIFFUSE,93,observed positive,100,0.8125805670434196,0.6524283111096988,0.9973086326327564
SIGMA_DIFFUSE,94,observed positive,100,0.8129282424512015,0.6534565888626409,0.9950482326983037
SIGMA_DIFFUSE,95,observed positive,100,0.8099932106530852,0.6475276538359526,0.9969114745922341
SIGMA_DIFFUSE,96,observed positive,100,0.806461236654119,0.6403713780710428,0.99824291969976
SIGMA_DIFFUSE,97,observed positive,100,0.8259000739809429,0.6805871152715356,0.9969835278443804
SIGMA_DIFFUSE,98,observed positive,100,0.8085739085455478,0.6430395377971384,0.9978721542734392
SIGMA_DIFFUSE,99,observed positive,100,0.8153310372114748,0.6588185339661193,0.9963243249948832
SIGMA_DIFFUSE,100,observed positive,100,0.8184661111091266,0.6621363464768334,0.9999999718955347
ELL_CONSERVATIVE,1,true zero,100,0.09510802754938119,0.0013417684638378907,0.1585495500664411
ELL_CONSERVATIVE,2,true zero,100,0.07817381664321714,0.001085244281075173,0.12343985578455335
ELL_CONSERVATIVE,3,true zero,100,0.08965012328243396,0.00106996032437207,0.14830676050757463
ELL_CONSERVATIVE,4,true zero,100,0.09288294488049431,0.01047882594989848,0.14521530546425954
ELL_CONSERVATIVE,5,true zero,100,0.07676938056174439,6.092668858970992e-07,0.12154006169190973
ELL_CONSERVATIVE,6,true zero,100,0.08324176753797158,5.052918574944969e-07,0.1326118945190544
ELL_CONSERVATIVE,7,true zero,100,0.08055473685815052,0.005007820387015146,0.12484842508295495
ELL_CONSERVATIVE,8,true zero,100,0.07558370772536466,0.0007920450113280881,0.12082813910068736
ELL_CONSERVATIVE,9,true zero,100,0.09577433270386525,0.004305443895035487,0.1582161088812796
ELL_CONSERVATIVE,10,true zero,100,0.06565142298765242,0.001395580970588372,0.09715351664306059
ELL_CONSERVATIVE,11,true zero,100,0.07098593740416358,8.893217273718422e-07,0.10814777755824576
ELL_CONSERVATIVE,12,true zero,100,0.0637705772792523,0.0029763194692550583,0.0961666930144372
ELL_CONSERVATIVE,13,true zero,100,0.07855506429258796,4.2182837323496486e-07,0.12492420298255533
ELL_CONSERVATIVE,14,true zero,100,0.07141969604352515,9.776313280571045e-07,0.1130187837219596
ELL_CONSERVATIVE,15,true zero,100,0.08785046309557508,0.002217265572249778,0.13990476288876502
ELL_CONSERVATIVE,16,true zero,100,0.10464931057693637,0.006189845376459572,0.16997175416072843
ELL_CONSERVATIVE,17,true zero,100,0.12223972075602742,0.009260750129130517,0.20170373659532614
ELL_CONSERVATIVE,18,true zero,100,0.08824482842437234,8.373981471187819e-07,0.1467189081722774
ELL_CONSERVATIVE,19,true zero,100,0.06747342883858136,4.167684374923083e-07,0.10528987265699484
ELL_CONSERVATIVE,20,true zero,100,0.08781909085996388,0.002310462941671015,0.1386408833666436
ELL_CONSERVATIVE,21,true zero,100,0.07909318380597834,1.445112889362552e-06,0.12695150183807766
ELL_CONSERVATIVE,22,true zero,100,0.07468682139812331,0.000993242765711587,0.118868449078218
ELL_CONSERVATIVE,23,true zero,100,0.08581842586538178,0.001365829351535765,0.14132440957234405
ELL_CONSERVATIVE,24,true zero,100,0.07038955292120315,5.04995274037538e-07,0.11226639958827161
ELL_CONSERVATIVE,25,true zero,100,0.08170683676238027,0.003257637531564612,0.12658608701658153
ELL_CONSERVATIVE,26,true zero,100,0.06567854458451981,0.0014194864064368503,0.09683812124381394
ELL_CONSERVATIVE,27,true zero,100,0.10227557819332878,2.0272951092040053e-06,0.17423542443683293
ELL_CONSERVATIVE,28,true zero,100,0.08716042383506593,0.002357323367221983,0.14927084197477958
ELL_CONSERVATIVE,29,true zero,100,0.0848384432742727,0.0036915101550046557,0.13540250630348344
ELL_CONSERVATIVE,30,true zero,100,0.09994758411952011,0.0016691248256020816,0.16675070474226358
ELL_CONSERVATIVE,31,true zero,100,0.08467639931817322,0.0005770808134504137,0.14065395804302028
ELL_CONSERVATIVE,32,true zero,100,0.0841151484200542,0.003580998927873477,0.1362144755547242
ELL_CONSERVATIVE,33,true zero,100,0.06290166234813735,0.0012409857211211218,0.09239224327054357
ELL_CONSERVATIVE,34,true zero,100,0.08698031774755713,0.004184112042593076,0.1375994582519917
ELL_CONSERVATIVE,35,true zero,100,0.09204374096428221,0.001763451369837591,0.15371015038648753
ELL_CONSERVATIVE,36,true zero,100,0.07281597889372224,2.2823849503787167e-06,0.11312287040660263
ELL_CONSERVATIVE,37,true zero,100,0.09028696195992249,0.0019523654893489992,0.14706560029715862
ELL_CONSERVATIVE,38,true zero,100,0.07943491924495265,7.781770908375493e-07,0.12737466934168978
ELL_CONSERVATIVE,39,true zero,100,0.08249125732136378,0.0025800043752241277,0.1305888802926489
ELL_CONSERVATIVE,40,true zero,100,0.06747574660776028,0.0010602749909193131,0.10599778960503084
ELL_CONSERVATIVE,41,true zero,100,0.07951310292051247,0.0010063735839750288,0.12425733221947727
ELL_CONSERVATIVE,42,true zero,100,0.07080444715259673,4.570517989639973e-06,0.1083837862136032
ELL_CONSERVATIVE,43,true zero,100,0.09242910673848191,0.009444268738954174,0.14497892018033448
ELL_CONSERVATIVE,44,true zero,100,0.09247523792865613,0.006295021611703521,0.14878007405286517
ELL_CONSERVATIVE,45,true zero,100,0.06998028856986432,2.3951936113578454e-07,0.10861904794381054
ELL_CONSERVATIVE,46,true zero,100,0.0921640138639712,0.0012673589847876862,0.1547958823154701
ELL_CONSERVATIVE,47,true zero,100,0.0827142901636624,0.0049475706325025565,0.1266897040781512
ELL_CONSERVATIVE,48,true zero,100,0.08119059673279003,0.0006372937973797309,0.13281599959079204
ELL_CONSERVATIVE,49,true zero,100,0.07571521241842427,0.0011704562703436256,0.12164808790550737
ELL_CONSERVATIVE,50,true zero,100,0.08273164129501032,0.00862985303549004,0.1304142433730547
ELL_CONSERVATIVE,51,true zero,100,0.07768434695926801,9.048912414202314e-07,0.12245231289963987
ELL_CONSERVATIVE,52,true zero,100,0.08940047609725194,1.0658975029370756e-06,0.14793912718865115
ELL_CONSERVATIVE,53,true zero,100,0.06958466401554786,0.0013098156445081799,0.10584735631301104
ELL_CONSERVATIVE,54,true zero,100,0.07277702653338476,1.7469807835216624e-07,0.11258930568037588
ELL_CONSERVATIVE,55,true zero,100,0.08793943137351548,0.0027244569829124286,0.143060431738817
ELL_CONSERVATIVE,56,true zero,100,0.07721311567526337,0.001835583497415198,0.11763808954539108
ELL_CONSERVATIVE,57,true zero,100,0.08848416465713109,6.919940543478535e-07,0.1449245593081838
ELL_CONSERVATIVE,58,true zero,100,0.07334491822710115,0.0010824312288758814,0.1153018980870909
ELL_CONSERVATIVE,59,true zero,100,0.09217978756285085,0.0058313407229132275,0.14659182935723597
ELL_CONSERVATIVE,60,true zero,100,0.09076362798550244,0.0014144182060495064,0.15143029691057916
ELL_CONSERVATIVE,61,true zero,100,0.10415589008186486,0.010538946006196903,0.1666681767912696
ELL_CONSERVATIVE,62,true zero,100,0.09053090340307582,0.003597658846922544,0.14592426551321774
ELL_CONSERVATIVE,63,true zero,100,0.07637149746388695,0.0016357272301770211,0.12073082446310644
ELL_CONSERVATIVE,64,true zero,100,0.09399617555536396,0.001926983495849706,0.15444555067690158
ELL_CONSERVATIVE,65,true zero,100,0.08621908714967332,0.0032900177893240793,0.13505527961623717
ELL_CONSERVATIVE,66,true zero,100,0.08390524613866797,9.704953402021697e-07,0.13313944212871257
ELL_CONSERVATIVE,67,true zero,100,0.0803133354903742,0.0013669324686590482,0.12781010582180533
ELL_CONSERVATIVE,68,true zero,100,0.09062667491071404,0.0019034007836846354,0.14811134706362805
ELL_CONSERVATIVE,69,true zero,100,0.08721006879138762,5.089316533754315e-07,0.14523592138039565
ELL_CONSERVATIVE,70,true zero,100,0.09021908459637526,0.004451661477166434,0.14283290309402688
ELL_CONSERVATIVE,71,hidden positive,100,0.4755429113021281,0.19995519303061587,0.7453885914511015
ELL_CONSERVATIVE,72,hidden positive,100,0.44298788916737913,0.178709633017565,0.6943810256158212
ELL_CONSERVATIVE,73,hidden positive,100,0.46018121542496715,0.17047777252546964,0.7368089603688334
ELL_CONSERVATIVE,74,hidden positive,100,0.48112550825943473,0.2028107901749354,0.7446929721952968
ELL_CONSERVATIVE,75,hidden positive,100,0.46288383439742525,0.20368694858165298,0.7101753345718197
ELL_CONSERVATIVE,76,hidden positive,100,0.4164433429066451,0.15288646388421548,0.6665522561607289
ELL_CONSERVATIVE,77,hidden positive,100,0.4764971577988251,0.19600018966286128,0.7416324385420069
ELL_CONSERVATIVE,78,hidden positive,100,0.46921126659396717,0.19176561200360365,0.731469424861173
ELL_CONSERVATIVE,79,hidden positive,100,0.4160565865219991,0.14962504951329184,0.6669808001637925
ELL_CONSERVATIVE,80,hidden positive,100,0.4851890829871883,0.20318626818045754,0.7664331723628777
ELL_CONSERVATIVE,81,observed positive,100,0.784231224927026,0.6181760181837357,0.987438800200437
ELL_CONSERVATIVE,82,observed positive,100,0.798028183528585,0.6430805462058031,0.987637748254465
ELL_CONSERVATIVE,83,observed positive,100,0.7693909867295714,0.5898061501655506,0.9815628832853645
ELL_CONSERVATIVE,84,observed positive,100,0.7741524880650936,0.5891156940356788,0.9880921770279203
ELL_CONSERVATIVE,85,observed positive,100,0.7787563886852712,0.604900156839895,0.9844287960531068
ELL_CONSERVATIVE,86,observed positive,100,0.7826374480137548,0.6143609631582089,0.9845274475220631
ELL_CONSERVATIVE,87,observed positive,100,0.7422999869827427,0.5367331760683622,0.9750394088081891
ELL_CONSERVATIVE,88,observed positive,100,0.7691817955462141,0.5854411575489862,0.9825635801816452
ELL_CONSERVATIVE,89,observed positive,100,0.7836790382629905,0.6110709020237594,0.9914235544092425
ELL_CONSERVATIVE,90,observed positive,100,0.776379787423638,0.6093641993766823,0.9715540440480556
ELL_CONSERVATIVE,91,observed positive,100,0.7785699932393552,0.5990131708458777,0.9945692059272685
ELL_CONSERVATIVE,92,observed positive,100,0.7626458395892902,0.5727855352279884,0.987687034287354
ELL_CONSERVATIVE,93,observed positive,100,0.7578685100234932,0.5677644641619246,0.9828901496266635
ELL_CONSERVATIVE,94,observed positive,100,0.7516603706975034,0.5576951891267233,0.9781231490279967
ELL_CONSERVATIVE,95,observed positive,100,0.7482683597582274,0.553418210555073,0.9807556797295126
ELL_CONSERVATIVE,96,observed positive,100,0.7464048488421767,0.5479452933482833,0.9834488609235205
ELL_CONSERVATIVE,97,observed positive,100,0.7689963842315801,0.5901473469362106,0.980871722195442
ELL_CONSERVATIVE,98,observed positive,100,0.7513263476474262,0.5560457548462506,0.9802011713475076
ELL_CONSERVATIVE,99,observed positive,100,0.7584699597658091,0.5742556964932398,0.9746129476951231
ELL_CONSERVATIVE,100,observed positive,100,0.7633526179311967,0.5712241698902103,0.9907419297097876
ELL_DIFFUSE,1,true zero,100,0.09741146659106832,0.003026627932621735,0.160870650559486
ELL_DIFFUSE,2,true zero,100,0.08121925643206822,0.0014017620138036182,0.13027845628897888
ELL_DIFFUSE,3,true zero,100,0.09133796351675287,0.0012458975726364644,0.15189412677432637
ELL_DIFFUSE,4,true zero,100,0.0945523823039332,0.012970704049995794,0.1485910886161443
ELL_DIFFUSE,5,true zero,100,0.07991259222708791,0.0028795804023168388,0.13025814712192862
ELL_DIFFUSE,6,true zero,100,0.08606083216310514,0.0013451093522443055,0.13932461762738563
ELL_DIFFUSE,7,true zero,100,0.08438238690582206,0.005993304626571555,0.1315631967220598
ELL_DIFFUSE,8,true zero,100,0.07567918585950689,1.0903978313150235e-06,0.12196882226688181
ELL_DIFFUSE,9,true zero,100,0.09740579777517949,0.006991184226796411,0.16085502214653372
ELL_DIFFUSE,10,true zero,100,0.06692364675039889,0.0019668039343516967,0.10166835806535307
ELL_DIFFUSE,11,true zero,100,0.07113813437428324,0.00014178355094247129,0.11015732219839855
ELL_DIFFUSE,12,true zero,100,0.0651456560934912,0.004368027088358375,0.1008456017762158
ELL_DIFFUSE,13,true zero,100,0.0788919843639923,5.075275023215069e-07,0.12677986786964163
ELL_DIFFUSE,14,true zero,100,0.07177589659274233,1.4261113020858537e-06,0.11452863479415636
ELL_DIFFUSE,15,true zero,100,0.09084397806348779,0.0025601308642176222,0.14682959707802126
ELL_DIFFUSE,16,true zero,100,0.10557606812048989,0.009146897941098731,0.17219993463206518
ELL_DIFFUSE,17,true zero,100,0.12369844971837289,0.011244315784555871,0.20373833974494338
ELL_DIFFUSE,18,true zero,100,0.09219088682480071,0.0017185533420563948,0.15401339001572906
ELL_DIFFUSE,19,true zero,100,0.06911219164612206,1.1116951999305789e-07,0.1107151740073032
ELL_DIFFUSE,20,true zero,100,0.08888669685108219,0.0035280270063718245,0.1412321200428522
ELL_DIFFUSE,21,true zero,100,0.08162229253896648,0.001680180186145986,0.1329214317190621
ELL_DIFFUSE,22,true zero,100,0.07877625696848614,0.0015306598091255,0.12715221091839465
ELL_DIFFUSE,23,true zero,100,0.08654444282487159,0.0037183115583010596,0.14254821545029933
ELL_DIFFUSE,24,true zero,100,0.07146432716232869,2.7305234133180556e-07,0.11545240305685749
ELL_DIFFUSE,25,true zero,100,0.0842690451733646,0.0041890048507028585,0.13195102966488298
ELL_DIFFUSE,26,true zero,100,0.06709053366580808,0.0021771218196468723,0.10199645985872877
ELL_DIFFUSE,27,true zero,100,0.10434285974290962,1.008405297455478e-06,0.17624240380128398
ELL_DIFFUSE,28,true zero,100,0.08917203062202446,0.0026189063951980313,0.15114514999760195
ELL_DIFFUSE,29,true zero,100,0.08759934078806823,0.0061561971341576515,0.13951608890489947
ELL_DIFFUSE,30,true zero,100,0.10175247371782041,0.0029641016489392715,0.16860142036202252
ELL_DIFFUSE,31,true zero,100,0.08525399821751878,0.0007544381650455845,0.14130807990605831
ELL_DIFFUSE,32,true zero,100,0.08784128413462332,0.003271150533996671,0.1435193385716116
ELL_DIFFUSE,33,true zero,100,0.06314774825810825,0.0017632874601698706,0.09441250836146317
ELL_DIFFUSE,34,true zero,100,0.08908951471453949,0.005735318466022624,0.14051210283283397
ELL_DIFFUSE,35,true zero,100,0.09478798720078187,0.003327954426955941,0.15814843226437855
ELL_DIFFUSE,36,true zero,100,0.07451365116865198,5.002647932761883e-07,0.11758806914725868
ELL_DIFFUSE,37,true zero,100,0.09296265138382559,0.0038827501776037355,0.1537613044595905
ELL_DIFFUSE,38,true zero,100,0.08059967609628757,2.618017339038823e-06,0.12934854180646263
ELL_DIFFUSE,39,true zero,100,0.08373533890107698,0.0023461101717124257,0.13425411235911158
ELL_DIFFUSE,40,true zero,100,0.0670735242835108,0.0010698123254678062,0.10604798159406638
ELL_DIFFUSE,41,true zero,100,0.08303743204516252,0.0017222506715355605,0.13021029416116162
ELL_DIFFUSE,42,true zero,100,0.0724316046689756,0.0011387888021953602,0.11329019839099867
ELL_DIFFUSE,43,true zero,100,0.09502564269486419,0.011111126288898779,0.14854732091091288
ELL_DIFFUSE,44,true zero,100,0.09492269838101969,0.01003462465772336,0.15200618627089327
ELL_DIFFUSE,45,true zero,100,0.07230742751294035,2.5931321508557016e-06,0.11450561458297742
ELL_DIFFUSE,46,true zero,100,0.09393911242708476,0.0032478866498575148,0.15800549732887187
ELL_DIFFUSE,47,true zero,100,0.08296044284965884,0.005918565831274972,0.127766215312958
ELL_DIFFUSE,48,true zero,100,0.08056106438155668,0.0008818666296463881,0.13135390335190356
ELL_DIFFUSE,49,true zero,100,0.07760166807226712,0.0019438807150772952,0.12600428076005776
ELL_DIFFUSE,50,true zero,100,0.08416290930718359,0.008753938497770272,0.13347938506708926
ELL_DIFFUSE,51,true zero,100,0.08155996732212413,2.6638865393647544e-06,0.13069672859063422
ELL_DIFFUSE,52,true zero,100,0.08910713412483404,2.6070453879149056e-07,0.14841295919036437
ELL_DIFFUSE,53,true zero,100,0.07186284150536258,0.0018328193664844236,0.11117556442716416
ELL_DIFFUSE,54,true zero,100,0.07390860243495226,8.667812032449249e-07,0.11589250365673764
ELL_DIFFUSE,55,true zero,100,0.09014587201543885,0.004953417352919559,0.14482757319593983
ELL_DIFFUSE,56,true zero,100,0.07784201278522933,0.0019343991686659229,0.12132517067863458
ELL_DIFFUSE,57,true zero,100,0.09058828614392407,1.0916741753809983e-06,0.14929822765033973
ELL_DIFFUSE,58,true zero,100,0.07381623402379467,0.0015663430035776436,0.11752997446355344
ELL_DIFFUSE,59,true zero,100,0.09446222710390083,0.007849267105490016,0.15103054330474985
ELL_DIFFUSE,60,true zero,100,0.09436836438820233,0.002254713731820453,0.1589643156034878
ELL_DIFFUSE,61,true zero,100,0.10749363608902444,0.01289977342036514,0.17142605405586353
ELL_DIFFUSE,62,true zero,100,0.09027037979623852,0.004205512506057581,0.14672489283309983
ELL_DIFFUSE,63,true zero,100,0.07841984835992923,0.0026034907450008084,0.12416046262181858
ELL_DIFFUSE,64,true zero,100,0.0955910550915911,0.0035791225382557092,0.15974744441677788
ELL_DIFFUSE,65,true zero,100,0.08899117781627901,0.00364042239803247,0.1412776704263711
ELL_DIFFUSE,66,true zero,100,0.08607672634367688,0.0025518576406332706,0.14018779898068795
ELL_DIFFUSE,67,true zero,100,0.0837095336436383,0.0011294687146283305,0.1360727718840069
ELL_DIFFUSE,68,true zero,100,0.0923986729209211,0.0027159447735214093,0.14970917127485386
ELL_DIFFUSE,69,true zero,100,0.0898510263336453,7.222723096510852e-06,0.14973105419674018
ELL_DIFFUSE,70,true zero,100,0.09449872407496362,0.008434319511151261,0.15041461115910706
ELL_DIFFUSE,71,hidden positive,100,0.5064319488452336,0.2442572150087611,0.767671879133594
ELL_DIFFUSE,72,hidden positive,100,0.47098253836349435,0.21237176518971307,0.7153237292744922
ELL_DIFFUSE,73,hidden positive,100,0.4947962547068153,0.21957144041801083,0.758112736787867
ELL_DIFFUSE,74,hidden positive,100,0.5140552349972368,0.25639668298901314,0.7703090366675107
ELL_DIFFUSE,75,hidden positive,100,0.49526542796472134,0.2523684231782577,0.7238373923401583
ELL_DIFFUSE,76,hidden positive,100,0.442805142688843,0.19359751964339736,0.6764350465810266
ELL_DIFFUSE,77,hidden positive,100,0.5050477792049439,0.2342235621814093,0.7551401141462891
ELL_DIFFUSE,78,hidden positive,100,0.49981806743888785,0.23795891069846353,0.745441347420767
ELL_DIFFUSE,79,hidden positive,100,0.4455163330294834,0.18928056973179527,0.6843553013536693
ELL_DIFFUSE,80,hidden positive,100,0.5157173520853007,0.24734929097054192,0.7796856393252182
ELL_DIFFUSE,81,observed positive,100,0.7735712256596924,0.6037735131892865,0.9783643193231613
ELL_DIFFUSE,82,observed positive,100,0.792720427179231,0.6364952275028779,0.9838693554504695
ELL_DIFFUSE,83,observed positive,100,0.7569773099491931,0.5742231607760065,0.9695152134970614
ELL_DIFFUSE,84,observed positive,100,0.7657309972266719,0.5837027210263437,0.9832260662030182
ELL_DIFFUSE,85,observed positive,100,0.766706805709362,0.5923458265257927,0.9775071712550012
ELL_DIFFUSE,86,observed positive,100,0.7711066806834452,0.6018146958417497,0.9758144013699979
ELL_DIFFUSE,87,observed positive,100,0.729236455444026,0.5246646401680813,0.9674867785358673
ELL_DIFFUSE,88,observed positive,100,0.7580981094982274,0.5697520229679276,0.9694667155013417
ELL_DIFFUSE,89,observed positive,100,0.7758054807925767,0.602800944511526,0.9849607316974682
ELL_DIFFUSE,90,observed positive,100,0.7647966315651428,0.6000731649512798,0.9578770000985767
ELL_DIFFUSE,91,observed positive,100,0.7668100824393794,0.5816805388656657,0.9837280332478342
ELL_DIFFUSE,92,observed positive,100,0.7535277519915943,0.5625289403409949,0.9792318460514216
ELL_DIFFUSE,93,observed positive,100,0.743540203049536,0.548857867605626,0.9733149586226472
ELL_DIFFUSE,94,observed positive,100,0.7395824602672906,0.5445069810480591,0.9671770215917657
ELL_DIFFUSE,95,observed positive,100,0.7368213647287197,0.5430127628802919,0.9741801524952263
ELL_DIFFUSE,96,observed positive,100,0.733031691432631,0.5313150177920068,0.9706184124500277
ELL_DIFFUSE,97,observed positive,100,0.7584047964471015,0.5804436203386876,0.9771714584353335
ELL_DIFFUSE,98,observed positive,100,0.7390290335227282,0.542503670353857,0.9718818167283545
ELL_DIFFUSE,99,observed positive,100,0.7474601697391781,0.5645434102929993,0.9654769436545187
ELL_DIFFUSE,100,observed positive,100,0.7512775196569283,0.5568532723460092,0.9840452723901731
GAMMA_CONSERVATIVE,1,true zero,100,0.09118867622502305,9.719887031544907e-06,0.14898668492491585
GAMMA_CONSERVATIVE,2,true zero,100,0.07830489455601562,2.532066954667539e-06,0.12193995216207418
GAMMA_CONSERVATIVE,3,true zero,100,0.08832939496093661,0.0010880143216298543,0.14461119854694196
GAMMA_CONSERVATIVE,4,true zero,100,0.08910415910496405,0.005595038955620965,0.14006213332443523
GAMMA_CONSERVATIVE,5,true zero,100,0.07614666415233057,9.58022160681666e-07,0.11944703990388841
GAMMA_CONSERVATIVE,6,true zero,100,0.08209410662350976,1.2657260678986827e-06,0.13069929050078513
GAMMA_CONSERVATIVE,7,true zero,100,0.08136079641355597,0.003278672822259848,0.12620988396122276
GAMMA_CONSERVATIVE,8,true zero,100,0.07391098125572908,2.218833426943817e-06,0.1148532260678449
GAMMA_CONSERVATIVE,9,true zero,100,0.09233936329699206,0.0020225240567300446,0.15081655703063396
GAMMA_CONSERVATIVE,10,true zero,100,0.06699004657578095,0.0018413517947612557,0.10049819042777966
GAMMA_CONSERVATIVE,11,true zero,100,0.07087600522356119,3.599894737451466e-06,0.1084343035091205
GAMMA_CONSERVATIVE,12,true zero,100,0.06469726798763537,7.656560374708101e-07,0.09921503927239524
GAMMA_CONSERVATIVE,13,true zero,100,0.07783639497315241,1.0143743841325319e-06,0.12190328733363717
GAMMA_CONSERVATIVE,14,true zero,100,0.07242632747929788,9.718365289689732e-07,0.11373415984093611
GAMMA_CONSERVATIVE,15,true zero,100,0.0865337223448499,0.0016084865647066895,0.13780377363247343
GAMMA_CONSERVATIVE,16,true zero,100,0.10091896506658397,0.0037344704795944567,0.16300220110642627
GAMMA_CONSERVATIVE,17,true zero,100,0.11527430474008384,0.0036008443116382384,0.19306187008089587
GAMMA_CONSERVATIVE,18,true zero,100,0.08652414466046819,2.3040289511446482e-06,0.14136032354734898
GAMMA_CONSERVATIVE,19,true zero,100,0.06735959435993291,1.0262413069294742e-06,0.10427751601377047
GAMMA_CONSERVATIVE,20,true zero,100,0.0837132528462422,0.0009430414055202964,0.1342094951145779
GAMMA_CONSERVATIVE,21,true zero,100,0.07850166095386515,1.9488767827908767e-06,0.12423059990143212
GAMMA_CONSERVATIVE,22,true zero,100,0.07647676748628668,1.2760309121200007e-06,0.12112032826035922
GAMMA_CONSERVATIVE,23,true zero,100,0.08094582092690115,1.843957473156944e-06,0.13026643427360476
GAMMA_CONSERVATIVE,24,true zero,100,0.07101692517379882,1.1961958000999875e-06,0.11113378294396575
GAMMA_CONSERVATIVE,25,true zero,100,0.0817253277507419,0.0025908951606973723,0.12796905712574028
GAMMA_CONSERVATIVE,26,true zero,100,0.06625519722488757,1.1544536902123783e-06,0.09946099611716999
GAMMA_CONSERVATIVE,27,true zero,100,0.09914676564401857,3.690064307064857e-06,0.16411476666101077
GAMMA_CONSERVATIVE,28,true zero,100,0.08390653147457243,0.0027984018916029497,0.13868876743081268
GAMMA_CONSERVATIVE,29,true zero,100,0.08446353963945151,0.0033696630062592776,0.13705327682805893
GAMMA_CONSERVATIVE,30,true zero,100,0.09566315176305709,0.0013020665343999815,0.15805491644914255
GAMMA_CONSERVATIVE,31,true zero,100,0.08353032282695662,1.8990382226332635e-06,0.135031049105533
GAMMA_CONSERVATIVE,32,true zero,100,0.08416529772801865,0.0019410494254443434,0.1355795052380384
GAMMA_CONSERVATIVE,33,true zero,100,0.06423630953894013,3.3269010164493007e-06,0.09570999039396959
GAMMA_CONSERVATIVE,34,true zero,100,0.0858263816576587,0.004287700171725176,0.13259548985699068
GAMMA_CONSERVATIVE,35,true zero,100,0.08916595173608434,0.001904903332471403,0.14687617131028602
GAMMA_CONSERVATIVE,36,true zero,100,0.0731043287755773,8.509967477328368e-06,0.11259649218252886
GAMMA_CONSERVATIVE,37,true zero,100,0.08684985564159664,2.608296148877957e-06,0.14084515613203774
GAMMA_CONSERVATIVE,38,true zero,100,0.07829470232851563,1.2763300078003045e-06,0.12334773871320097
GAMMA_CONSERVATIVE,39,true zero,100,0.08141102946003693,0.0013717777888557986,0.1303165551146034
GAMMA_CONSERVATIVE,40,true zero,100,0.0676926319344667,5.69591244976595e-07,0.10518359902777272
GAMMA_CONSERVATIVE,41,true zero,100,0.0807182929349573,3.588208674004988e-06,0.12717926942689478
GAMMA_CONSERVATIVE,42,true zero,100,0.0722139323955114,1.6312361951420972e-06,0.11129316265568974
GAMMA_CONSERVATIVE,43,true zero,100,0.08974767455255607,0.005464742327820836,0.14294119363482696
GAMMA_CONSERVATIVE,44,true zero,100,0.09017546581670075,0.004436913562881835,0.14161903282914723
GAMMA_CONSERVATIVE,45,true zero,100,0.07161016829867094,8.138554787010683e-07,0.11081675452698242
GAMMA_CONSERVATIVE,46,true zero,100,0.08802031874687721,6.515176093154178e-06,0.1429799394716303
GAMMA_CONSERVATIVE,47,true zero,100,0.07992228245636278,0.0029763106327867096,0.12517171294597015
GAMMA_CONSERVATIVE,48,true zero,100,0.07648425658539434,1.3817718006572912e-06,0.12068447429793976
GAMMA_CONSERVATIVE,49,true zero,100,0.07634295992309338,3.5766196177401523e-06,0.1210962010711598
GAMMA_CONSERVATIVE,50,true zero,100,0.07993179898782113,0.004422311540189163,0.12335892181611462
GAMMA_CONSERVATIVE,51,true zero,100,0.07905231444234322,9.884895240204752e-07,0.12427271038748579
GAMMA_CONSERVATIVE,52,true zero,100,0.08441199161973068,3.2996177975303394e-06,0.1357693630710474
GAMMA_CONSERVATIVE,53,true zero,100,0.07175402157851347,1.3743405121651578e-06,0.11038357172943634
GAMMA_CONSERVATIVE,54,true zero,100,0.07294830192782689,7.50303321085054e-07,0.11202910958522366
GAMMA_CONSERVATIVE,55,true zero,100,0.08474043781135014,0.0029891828914492343,0.1370166381765508
GAMMA_CONSERVATIVE,56,true zero,100,0.07683194760754232,0.001509546421709543,0.11893890972883472
GAMMA_CONSERVATIVE,57,true zero,100,0.08533037623029129,1.2315676505002945e-06,0.13594340794141477
GAMMA_CONSERVATIVE,58,true zero,100,0.0722437308858125,1.5663244373062166e-06,0.11319935897887977
GAMMA_CONSERVATIVE,59,true zero,100,0.08853111419154783,0.0031810983540051046,0.14207864237530932
GAMMA_CONSERVATIVE,60,true zero,100,0.08784192606223115,3.0944176963019717e-06,0.1452966810038857
GAMMA_CONSERVATIVE,61,true zero,100,0.0978715456454366,0.00756483551032895,0.1579465173388651
GAMMA_CONSERVATIVE,62,true zero,100,0.08795853219294184,0.0021532963653786725,0.14146767249242617
GAMMA_CONSERVATIVE,63,true zero,100,0.07594970279223065,7.319200681302912e-05,0.11851336249680618
GAMMA_CONSERVATIVE,64,true zero,100,0.09287126337970174,1.1100280713963293e-05,0.15093742393612852
GAMMA_CONSERVATIVE,65,true zero,100,0.08656972232354741,0.0019423828688268445,0.13628023402688108
GAMMA_CONSERVATIVE,66,true zero,100,0.08274695172481199,1.5186466358722062e-06,0.1308924869790088
GAMMA_CONSERVATIVE,67,true zero,100,0.08029330131487486,2.7148127872575083e-06,0.1263514566150552
GAMMA_CONSERVATIVE,68,true zero,100,0.0888755608433312,0.0019429948085837275,0.14224613135016953
GAMMA_CONSERVATIVE,69,true zero,100,0.08519479982289468,2.769637366360286e-06,0.1383486384779073
GAMMA_CONSERVATIVE,70,true zero,100,0.09092645434391951,0.0051704124377064675,0.14146543500274558
GAMMA_CONSERVATIVE,71,hidden positive,100,0.44874268967461617,0.16733560939248082,0.7110650687686104
GAMMA_CONSERVATIVE,72,hidden positive,100,0.41652314472853397,0.14585380879756485,0.6656008158534563
GAMMA_CONSERVATIVE,73,hidden positive,100,0.4348397377786221,0.14177797305194673,0.7123699666204127
GAMMA_CONSERVATIVE,74,hidden positive,100,0.454225625472456,0.1741241895688401,0.7173143969352924
GAMMA_CONSERVATIVE,75,hidden positive,100,0.4372605605022386,0.17395264149066794,0.6846971313035395
GAMMA_CONSERVATIVE,76,hidden positive,100,0.3905218213770757,0.127505268927511,0.635261989251608
GAMMA_CONSERVATIVE,77,hidden positive,100,0.4442916375046885,0.162316800194662,0.7102573249254103
GAMMA_CONSERVATIVE,78,hidden positive,100,0.4446499888019133,0.17354105429683667,0.697560687402985
GAMMA_CONSERVATIVE,79,hidden positive,100,0.38893445131213106,0.12123124796504045,0.6351555994199252
GAMMA_CONSERVATIVE,80,hidden positive,100,0.45318187105490165,0.16500461455956505,0.7329143440810233
GAMMA_CONSERVATIVE,81,observed positive,100,0.7437096863063172,0.554164774710873,0.9767702666168827
GAMMA_CONSERVATIVE,82,observed positive,100,0.7596278221244206,0.5797408446709413,0.9829000964127917
GAMMA_CONSERVATIVE,83,observed positive,100,0.7236159953260005,0.5171935043891345,0.9649912003387742
GAMMA_CONSERVATIVE,84,observed positive,100,0.7301265468999486,0.5185015237886321,0.9789568172013376
GAMMA_CONSERVATIVE,85,observed positive,100,0.736016185734584,0.5374479625619059,0.9776401426640132
GAMMA_CONSERVATIVE,86,observed positive,100,0.7387429164405751,0.5481183415186416,0.975296796299207
GAMMA_CONSERVATIVE,87,observed positive,100,0.6988947917131968,0.4697084896326143,0.9629980621954889
GAMMA_CONSERVATIVE,88,observed positive,100,0.7268130775522187,0.5194879637556731,0.9704089976726897
GAMMA_CONSERVATIVE,89,observed positive,100,0.7430591759121082,0.5472279715339133,0.9831305907859107
GAMMA_CONSERVATIVE,90,observed positive,100,0.7353036172662658,0.5471387539592986,0.9589460598608791
GAMMA_CONSERVATIVE,91,observed positive,100,0.7346595032096126,0.5332997675348028,0.9810726526435886
GAMMA_CONSERVATIVE,92,observed positive,100,0.7187890764578263,0.5037094999614947,0.9780173420074979
GAMMA_CONSERVATIVE,93,observed positive,100,0.7093562658346407,0.4931709401838624,0.9713619284369183
GAMMA_CONSERVATIVE,94,observed positive,100,0.707115770363415,0.4941385601557298,0.970035607787514
GAMMA_CONSERVATIVE,95,observed positive,100,0.7052570743821724,0.4870229459677904,0.9680272138965715
GAMMA_CONSERVATIVE,96,observed positive,100,0.6999126608072386,0.47370540239294834,0.9644320722032306
GAMMA_CONSERVATIVE,97,observed positive,100,0.7277760857219139,0.5301462868827728,0.9766193725472774
GAMMA_CONSERVATIVE,98,observed positive,100,0.705357397680889,0.4847344864671799,0.9677642356211104
GAMMA_CONSERVATIVE,99,observed positive,100,0.7136640833760677,0.5066789063975046,0.9623084208013768
GAMMA_CONSERVATIVE,100,observed positive,100,0.7175662997779155,0.5009396955957225,0.9801635561674193
GAMMA_DIFFUSE,1,true zero,100,0.10362576399349196,0.008198815242334963,0.1732361903741692
GAMMA_DIFFUSE,2,true zero,100,0.08243968872410345,0.0016598434535623021,0.13245044512049342
GAMMA_DIFFUSE,3,true zero,100,0.0951936736835588,0.0018303493912736864,0.1589928638204091
GAMMA_DIFFUSE,4,true zero,100,0.09789216354687767,0.015299770297218627,0.15205825278339963
GAMMA_DIFFUSE,5,true zero,100,0.08219538636301366,0.003907755387079044,0.13600258163016027
GAMMA_DIFFUSE,6,true zero,100,0.08935325311389074,0.0014748547265371022,0.14668499768136722
GAMMA_DIFFUSE,7,true zero,100,0.08525028066782041,0.00828572132862953,0.13499612115887755
GAMMA_DIFFUSE,8,true zero,100,0.07674503169298397,0.002234255715719975,0.12390816578313883
GAMMA_DIFFUSE,9,true zero,100,0.10154840135427871,0.00924500499112702,0.16312347043273293
GAMMA_DIFFUSE,10,true zero,100,0.06790878635535078,0.0025867686259680605,0.10134877371170305
GAMMA_DIFFUSE,11,true zero,100,0.07439396084498451,0.0014480865960826825,0.11975313514992146
GAMMA_DIFFUSE,12,true zero,100,0.06543862006532458,0.0060955558176358305,0.09664445230394397
GAMMA_DIFFUSE,13,true zero,100,0.08092894029629362,5.353746705009455e-07,0.13260122637602006
GAMMA_DIFFUSE,14,true zero,100,0.074000940949594,0.001301259520079121,0.12230135720892382
GAMMA_DIFFUSE,15,true zero,100,0.09559653616046518,0.0036157821640811993,0.15874893968678921
GAMMA_DIFFUSE,16,true zero,100,0.11209749727562819,0.012485357628744934,0.17823064879321426
GAMMA_DIFFUSE,17,true zero,100,0.1325128873485886,0.021385472281828917,0.21010731482819922
GAMMA_DIFFUSE,18,true zero,100,0.09466348274326888,0.002823390551967001,0.15925089416185784
GAMMA_DIFFUSE,19,true zero,100,0.07177032367163692,0.0005697698913042902,0.11908981912399544
GAMMA_DIFFUSE,20,true zero,100,0.09341673421943973,0.009799954333315807,0.14906223806402236
GAMMA_DIFFUSE,21,true zero,100,0.08388865278246155,0.0025634315606248414,0.13671055492317233
GAMMA_DIFFUSE,22,true zero,100,0.08031294088924074,0.002143966496126784,0.13107233573343557
GAMMA_DIFFUSE,23,true zero,100,0.09355896190287162,0.005846303214621167,0.15419939065576738
GAMMA_DIFFUSE,24,true zero,100,0.07271082409565248,0.00042080404437692834,0.11924414317348628
GAMMA_DIFFUSE,25,true zero,100,0.08736200274043739,0.005211482481492531,0.13775951849999787
GAMMA_DIFFUSE,26,true zero,100,0.06832522232066693,0.002258321270160509,0.10171959239843475
GAMMA_DIFFUSE,27,true zero,100,0.11053039985267672,0.002621310325579888,0.1926809709951915
GAMMA_DIFFUSE,28,true zero,100,0.09413294690386867,0.00514137499646379,0.16459034443935036
GAMMA_DIFFUSE,29,true zero,100,0.0906737257448193,0.008835007582500456,0.1445349889314219
GAMMA_DIFFUSE,30,true zero,100,0.10856827161412969,0.007374970060859196,0.18198147461360023
GAMMA_DIFFUSE,31,true zero,100,0.08764871041216499,0.0009442128603219684,0.15059965550159657
GAMMA_DIFFUSE,32,true zero,100,0.0899689991022171,0.005910703960428147,0.14943119039777544
GAMMA_DIFFUSE,33,true zero,100,0.06366003033335203,0.0020047546045474578,0.092557531741113
GAMMA_DIFFUSE,34,true zero,100,0.09370983417840195,0.006732279841699218,0.15415420769627933
GAMMA_DIFFUSE,35,true zero,100,0.09833799339874977,0.0027432774497161095,0.16648125031316963
GAMMA_DIFFUSE,36,true zero,100,0.07611491410882155,0.003218236263581349,0.1212475018790211
GAMMA_DIFFUSE,37,true zero,100,0.09954992623859127,0.00797030718156625,0.15917467421262013
GAMMA_DIFFUSE,38,true zero,100,0.08444287859309954,0.0009393760152430767,0.13858432374821672
GAMMA_DIFFUSE,39,true zero,100,0.08551362015536795,0.0045046254750914175,0.13793782010760405
GAMMA_DIFFUSE,40,true zero,100,0.0688534899894447,0.0025173947457977925,0.10914980551744508
GAMMA_DIFFUSE,41,true zero,100,0.08541060698676818,0.00509993876848598,0.13081988819182055
GAMMA_DIFFUSE,42,true zero,100,0.07453844162727653,0.0017015110814429908,0.11476461700870656
GAMMA_DIFFUSE,43,true zero,100,0.10038265844104993,0.019357365825497106,0.14990431193507273
GAMMA_DIFFUSE,44,true zero,100,0.10170069742100743,0.012105015010261767,0.166498754385044
GAMMA_DIFFUSE,45,true zero,100,0.07272373305213847,0.0014196837479617597,0.1174403999066909
GAMMA_DIFFUSE,46,true zero,100,0.10019427641060111,0.004693010836659695,0.16850222270164775
GAMMA_DIFFUSE,47,true zero,100,0.08717234065581249,0.009907787597823323,0.13315160043538246
GAMMA_DIFFUSE,48,true zero,100,0.08782038069588871,0.005918317482584483,0.14159259241035507
GAMMA_DIFFUSE,49,true zero,100,0.07921029161936013,0.0019388297533636187,0.1294473494076183
GAMMA_DIFFUSE,50,true zero,100,0.08858231823530875,0.009916638879912766,0.14535824591799526
GAMMA_DIFFUSE,51,true zero,100,0.08157002330213638,0.0012697305046499088,0.13217708978801088
GAMMA_DIFFUSE,52,true zero,100,0.0950318591443098,0.002963865273319331,0.1632767551608022
GAMMA_DIFFUSE,53,true zero,100,0.07238686975745781,0.0033867359618947775,0.10842517018764605
GAMMA_DIFFUSE,54,true zero,100,0.07559580124600601,0.0013448016469762077,0.12033996477897457
GAMMA_DIFFUSE,55,true zero,100,0.09446941061644294,0.005034677960468179,0.15602563795447577
GAMMA_DIFFUSE,56,true zero,100,0.08080726507406175,0.00412490158329741,0.12445370321906564
GAMMA_DIFFUSE,57,true zero,100,0.09643085902536307,0.0018254905644728566,0.16526260630585288
GAMMA_DIFFUSE,58,true zero,100,0.07803417132020499,0.0017253719471364232,0.12733145603468343
GAMMA_DIFFUSE,59,true zero,100,0.10000932080593206,0.012289069766704937,0.16003809857385887
GAMMA_DIFFUSE,60,true zero,100,0.09662943713211986,0.0039752825397053135,0.16211371074417827
GAMMA_DIFFUSE,61,true zero,100,0.11467897103821377,0.023012259441575266,0.18239217524232387
GAMMA_DIFFUSE,62,true zero,100,0.09520223436328865,0.006505575433935461,0.1573569744166958
GAMMA_DIFFUSE,63,true zero,100,0.08091275371424748,0.0034231470245221773,0.13088716598281366
GAMMA_DIFFUSE,64,true zero,100,0.09956758234931108,0.00468763438459684,0.1666641243097755
GAMMA_DIFFUSE,65,true zero,100,0.09150852143025529,0.007643307378090986,0.1477220022482176
GAMMA_DIFFUSE,66,true zero,100,0.08910384222667071,0.0017882053320183863,0.14828516784555357
GAMMA_DIFFUSE,67,true zero,100,0.0865675226865381,0.002598217376286679,0.14306054796624926
GAMMA_DIFFUSE,68,true zero,100,0.09632593062212332,0.00555527873801632,0.15622486428739665
GAMMA_DIFFUSE,69,true zero,100,0.09328063195496249,0.0006703323335243537,0.1601222918025846
GAMMA_DIFFUSE,70,true zero,100,0.09670042039232345,0.012310275402010233,0.15657088872516092
GAMMA_DIFFUSE,71,hidden positive,100,0.5348032214326396,0.2763626483983013,0.7920931821480024
GAMMA_DIFFUSE,72,hidden positive,100,0.49825254859942986,0.25023277756600903,0.7434704369338412
GAMMA_DIFFUSE,73,hidden positive,100,0.5203039969831286,0.25077635527441794,0.7878015995491819
GAMMA_DIFFUSE,74,hidden positive,100,0.5430090491434375,0.28966282704625884,0.7948543519890784
GAMMA_DIFFUSE,75,hidden positive,100,0.5207404762449823,0.28744099451266913,0.7565463142084028
GAMMA_DIFFUSE,76,hidden positive,100,0.4676033903689573,0.23030579961569017,0.710653619105189
GAMMA_DIFFUSE,77,hidden positive,100,0.5368648497225428,0.27493342283226346,0.7891380584813282
GAMMA_DIFFUSE,78,hidden positive,100,0.5289709459983997,0.2696971610599389,0.780332983234841
GAMMA_DIFFUSE,79,hidden positive,100,0.4717359511631622,0.22423251405214362,0.7113753199279966
GAMMA_DIFFUSE,80,hidden positive,100,0.547181697783769,0.2877447722965099,0.7956946842230014
GAMMA_DIFFUSE,81,observed positive,100,0.81218603433154,0.6664171042741254,0.9897296884512287
GAMMA_DIFFUSE,82,observed positive,100,0.8265440818735763,0.696813394689334,0.9871314798508345
GAMMA_DIFFUSE,83,observed positive,100,0.799401503092855,0.642858931192035,0.9853834181123218
GAMMA_DIFFUSE,84,observed positive,100,0.8055191235635409,0.6498141815417301,0.9912442875188107
GAMMA_DIFFUSE,85,observed positive,100,0.8061344741518499,0.6562837882025936,0.9861807944004122
GAMMA_DIFFUSE,86,observed positive,100,0.8097408284512653,0.6624313669167902,0.985034895324688
GAMMA_DIFFUSE,87,observed positive,100,0.7701578525193722,0.5882444914072853,0.9746749545148303
GAMMA_DIFFUSE,88,observed positive,100,0.7953591143855653,0.6370693668119776,0.9870547518285352
GAMMA_DIFFUSE,89,observed positive,100,0.8129976479111317,0.6638506043118386,0.9911806628452046
GAMMA_DIFFUSE,90,observed positive,100,0.8026277818569973,0.6604912151446185,0.9723032638090986
GAMMA_DIFFUSE,91,observed positive,100,0.8079953460571941,0.6497517795384171,0.9963624058982076
GAMMA_DIFFUSE,92,observed positive,100,0.7929249415482995,0.6279001672088729,0.9881168165255318
GAMMA_DIFFUSE,93,observed positive,100,0.7869134306526279,0.6244192222381979,0.9857735767215229
GAMMA_DIFFUSE,94,observed positive,100,0.7812620569383125,0.6083744592685177,0.9786985084552804
GAMMA_DIFFUSE,95,observed positive,100,0.77727606329378,0.6049409005585376,0.9798202390202594
GAMMA_DIFFUSE,96,observed positive,100,0.7769287354910449,0.6012087382185566,0.9858514281194745
GAMMA_DIFFUSE,97,observed positive,100,0.7985627144004593,0.6431871163861942,0.9817362599875007
GAMMA_DIFFUSE,98,observed positive,100,0.7794304831793845,0.609528731365962,0.9807556308402195
GAMMA_DIFFUSE,99,observed positive,100,0.7870928814585502,0.6248405026550574,0.9757952426699649
GAMMA_DIFFUSE,100,observed positive,100,0.7931358897309119,0.6274866644926158,0.9915670844141651
BETA0_CONSERVATIVE,1,true zero,100,0.08748532755062702,0.0015512801825670688,0.14494963751927867
BETA0_CONSERVATIVE,2,true zero,100,0.0714773929486723,0.0009484064905596769,0.11214527854065347
BETA0_CONSERVATIVE,3,true zero,100,0.08329198993994852,0.0010527020289817452,0.1374491116839499
BETA0_CONSERVATIVE,4,true zero,100,0.08608008765884437,0.011457473760779985,0.13069750932808277
BETA0_CONSERVATIVE,5,true zero,100,0.07069625221290411,0.001284181080571762,0.11238491934035291
BETA0_CONSERVATIVE,6,true zero,100,0.07633543480817581,0.0007499687288598501,0.12123444383398507
BETA0_CONSERVATIVE,7,true zero,100,0.07487617997838635,0.005980019386483036,0.11311532303718756
BETA0_CONSERVATIVE,8,true zero,100,0.0676992820991537,3.7798660191729016e-07,0.10725460998941388
BETA0_CONSERVATIVE,9,true zero,100,0.08897992372917198,0.005637298334225599,0.1467461247897259
BETA0_CONSERVATIVE,10,true zero,100,0.05859512540843076,0.0015448078086187703,0.0851789843320919
BETA0_CONSERVATIVE,11,true zero,100,0.06385132810207271,5.416189885800739e-07,0.09510659172434983
BETA0_CONSERVATIVE,12,true zero,100,0.05852825083933635,0.0039532465203355426,0.08764701044874629
BETA0_CONSERVATIVE,13,true zero,100,0.07152152871277236,6.507593950614865e-08,0.1119796488469872
BETA0_CONSERVATIVE,14,true zero,100,0.06394744007780205,1.884029790068377e-06,0.09948864079117534
BETA0_CONSERVATIVE,15,true zero,100,0.0810284890714434,0.0020957276877537033,0.12838522202556765
BETA0_CONSERVATIVE,16,true zero,100,0.09705401956027078,0.006533106325755416,0.15575273410708884
BETA0_CONSERVATIVE,17,true zero,100,0.11448568691960663,0.009648345868009701,0.18667070982235187
BETA0_CONSERVATIVE,18,true zero,100,0.08242766956917753,0.0006646508566288141,0.13709850516130984
BETA0_CONSERVATIVE,19,true zero,100,0.061273013454591005,1.3089857176102183e-07,0.09527007808055578
BETA0_CONSERVATIVE,20,true zero,100,0.08031257025097054,0.0025769285269568454,0.12466557740811107
BETA0_CONSERVATIVE,21,true zero,100,0.07246079477761355,1.7378275107938289e-06,0.11548030205769534
BETA0_CONSERVATIVE,22,true zero,100,0.0700788138727675,0.0010234368601200119,0.11285477147266011
BETA0_CONSERVATIVE,23,true zero,100,0.07849383190678137,0.0027047750939051722,0.12796805144474047
BETA0_CONSERVATIVE,24,true zero,100,0.06326883581213648,5.275488242368171e-07,0.0998694787732987
BETA0_CONSERVATIVE,25,true zero,100,0.07560342709755986,0.004383413846734099,0.11503984814561952
BETA0_CONSERVATIVE,26,true zero,100,0.058841421475291485,0.0014914488056526627,0.08640025959364332
BETA0_CONSERVATIVE,27,true zero,100,0.09489602898402373,1.7645586174067835e-06,0.15943952404559736
BETA0_CONSERVATIVE,28,true zero,100,0.08002161677044897,0.0013910727600346929,0.1355827508161927
BETA0_CONSERVATIVE,29,true zero,100,0.07894061300721923,0.0047332449670255015,0.12534582932370888
BETA0_CONSERVATIVE,30,true zero,100,0.09261193295600187,0.0017968554684631003,0.15385478942682768
BETA0_CONSERVATIVE,31,true zero,100,0.0770535212632711,4.415331756483214e-07,0.12657992779832386
BETA0_CONSERVATIVE,32,true zero,100,0.07841732301174531,0.0028031311052186063,0.1260240572834258
BETA0_CONSERVATIVE,33,true zero,100,0.056146983103244105,0.0013729023956324169,0.07979975864253394
BETA0_CONSERVATIVE,34,true zero,100,0.08096239909680986,0.004980892556961525,0.1262962038759735
BETA0_CONSERVATIVE,35,true zero,100,0.08571272481471288,0.002215226559070829,0.14207152165822726
BETA0_CONSERVATIVE,36,true zero,100,0.06623860108369788,3.3795256585882992e-06,0.10231602529091878
BETA0_CONSERVATIVE,37,true zero,100,0.08433121962619257,0.0032634157451814764,0.13640575580366224
BETA0_CONSERVATIVE,38,true zero,100,0.07194420347471617,3.9276406939897663e-07,0.11320471669406919
BETA0_CONSERVATIVE,39,true zero,100,0.07491664192403809,0.0020232225896887886,0.11907675646330804
BETA0_CONSERVATIVE,40,true zero,100,0.060227490511263235,0.0008599516738842825,0.09427319303421515
BETA0_CONSERVATIVE,41,true zero,100,0.07390889958186363,0.0027083272339990016,0.11394445887870376
BETA0_CONSERVATIVE,42,true zero,100,0.06395357199995093,7.262288975799788e-07,0.09662386984639461
BETA0_CONSERVATIVE,43,true zero,100,0.08856306241157533,0.009603690240334481,0.13685273284010535
BETA0_CONSERVATIVE,44,true zero,100,0.08723349297151865,0.008652220648239237,0.14002699063362298
BETA0_CONSERVATIVE,45,true zero,100,0.0647373132528402,1.001715730083302e-06,0.10068823408272155
BETA0_CONSERVATIVE,46,true zero,100,0.08382123646329814,0.0015044324212215158,0.13978235805693698
BETA0_CONSERVATIVE,47,true zero,100,0.07481117899472482,0.005273699004216668,0.11230681368542551
BETA0_CONSERVATIVE,48,true zero,100,0.07373174914331652,0.000631520719567942,0.11885148818175685
BETA0_CONSERVATIVE,49,true zero,100,0.06938031968698201,0.001508597065286955,0.11042712287641754
BETA0_CONSERVATIVE,50,true zero,100,0.07736975605467966,0.009194159551279163,0.12148851297813687
BETA0_CONSERVATIVE,51,true zero,100,0.07150158395949559,8.413598755932186e-07,0.1128952966818228
BETA0_CONSERVATIVE,52,true zero,100,0.07977180693015053,0.0009719951829893722,0.13148641994153565
BETA0_CONSERVATIVE,53,true zero,100,0.06429529730711278,0.0014524730875400554,0.09720049481591726
BETA0_CONSERVATIVE,54,true zero,100,0.06519210829238901,2.830214629288194e-07,0.09974333438739429
BETA0_CONSERVATIVE,55,true zero,100,0.08087304482401297,0.0035353705298904747,0.1282909938953284
BETA0_CONSERVATIVE,56,true zero,100,0.06924261939256081,0.001816832836290691,0.10387080859891906
BETA0_CONSERVATIVE,57,true zero,100,0.08040649089703794,4.7309907367994023e-07,0.12950389445496768
BETA0_CONSERVATIVE,58,true zero,100,0.06661320645605294,0.0009530157887474097,0.10456315401863499
BETA0_CONSERVATIVE,59,true zero,100,0.08626397508235391,0.006400849174901432,0.1371041827331892
BETA0_CONSERVATIVE,60,true zero,100,0.08452508751863183,0.0012712562189901965,0.13855902745724857
BETA0_CONSERVATIVE,61,true zero,100,0.09909213084757391,0.01194992088380425,0.15580710685237448
BETA0_CONSERVATIVE,62,true zero,100,0.08225676888766759,0.0037746091913516337,0.13120989516990272
BETA0_CONSERVATIVE,63,true zero,100,0.07034078999377312,0.0017849786326746503,0.11057329140399447
BETA0_CONSERVATIVE,64,true zero,100,0.08585509893387475,0.0015602528033896604,0.1413856046670469
BETA0_CONSERVATIVE,65,true zero,100,0.07971625961252872,0.003162601013362065,0.12413942084437002
BETA0_CONSERVATIVE,66,true zero,100,0.0762803960026419,1.9034965776538491e-06,0.12042710895513015
BETA0_CONSERVATIVE,67,true zero,100,0.07354820961151008,1.0027339070942045e-06,0.11544426419512646
BETA0_CONSERVATIVE,68,true zero,100,0.08445570639796529,0.001973375061474926,0.13741574508246665
BETA0_CONSERVATIVE,69,true zero,100,0.07990085715944811,7.680991411029878e-07,0.13126165340727686
BETA0_CONSERVATIVE,70,true zero,100,0.08377840799141452,0.006059164531289555,0.13205929259706817
BETA0_CONSERVATIVE,71,hidden positive,100,0.4828057798088872,0.22296203558098615,0.7437802611028522
BETA0_CONSERVATIVE,72,hidden positive,100,0.4487502173782827,0.1930996492148671,0.6905051725985732
BETA0_CONSERVATIVE,73,hidden positive,100,0.4696214323811184,0.19026438416345368,0.7374065229960678
BETA0_CONSERVATIVE,74,hidden positive,100,0.4915571149282635,0.22623161921890922,0.7435387921856537
BETA0_CONSERVATIVE,75,hidden positive,100,0.47089649868847816,0.22785142603004332,0.7034030562370517
BETA0_CONSERVATIVE,76,hidden positive,100,0.42041781342169693,0.17095446665898006,0.6602467680226687
BETA0_CONSERVATIVE,77,hidden positive,100,0.4823999169972547,0.20954325985046737,0.7373939678540027
BETA0_CONSERVATIVE,78,hidden positive,100,0.47679389539190664,0.2140032805586497,0.7266142157043437
BETA0_CONSERVATIVE,79,hidden positive,100,0.42048340510620996,0.16765625447002389,0.6580470640363194
BETA0_CONSERVATIVE,80,hidden positive,100,0.4933410931094091,0.21952240121721148,0.7604945858217657
BETA0_CONSERVATIVE,81,observed positive,100,0.7833326326656066,0.6185972433672113,0.9848721171889985
BETA0_CONSERVATIVE,82,observed positive,100,0.8003703660761508,0.6462553683387255,0.9853345738215303
BETA0_CONSERVATIVE,83,observed positive,100,0.7664560915646567,0.5843633779688883,0.9743107223971237
BETA0_CONSERVATIVE,84,observed positive,100,0.7742178362516478,0.5929772221732997,0.9870048890958577
BETA0_CONSERVATIVE,85,observed positive,100,0.7766122305370738,0.6063153740687637,0.9827001460053567
BETA0_CONSERVATIVE,86,observed positive,100,0.7808305555002444,0.6145705370631941,0.9800178561737745
BETA0_CONSERVATIVE,87,observed positive,100,0.7396322447529796,0.5359600267846133,0.9711106356093198
BETA0_CONSERVATIVE,88,observed positive,100,0.7669887131521216,0.5815204537703357,0.9764893412213702
BETA0_CONSERVATIVE,89,observed positive,100,0.784073559070132,0.6136967730539022,0.9886536603888803
BETA0_CONSERVATIVE,90,observed positive,100,0.7748454287521831,0.6118452659741053,0.9677452765332795
BETA0_CONSERVATIVE,91,observed positive,100,0.77744294249419,0.5963940705705412,0.9897225412081024
BETA0_CONSERVATIVE,92,observed positive,100,0.7614609238735613,0.5720989530760452,0.9835548445936676
BETA0_CONSERVATIVE,93,observed positive,100,0.7544940038570097,0.5647187985285607,0.9801788493266023
BETA0_CONSERVATIVE,94,observed positive,100,0.7495164926646636,0.5593423411688221,0.9753539732678804
BETA0_CONSERVATIVE,95,observed positive,100,0.7463195741626224,0.5545417879723121,0.9783551050441229
BETA0_CONSERVATIVE,96,observed positive,100,0.7431900863298216,0.5417166152613935,0.9756917211578413
BETA0_CONSERVATIVE,97,observed positive,100,0.7687912790295338,0.5934490881738507,0.9793268370663114
BETA0_CONSERVATIVE,98,observed positive,100,0.7490451004109745,0.5562480416305192,0.9781864264842085
BETA0_CONSERVATIVE,99,observed positive,100,0.7563609133560051,0.572432473782627,0.969968535384465
BETA0_CONSERVATIVE,100,observed positive,100,0.7612615255024565,0.5697841157395762,0.9873213855541259
BETA0_DIFFUSE,1,true zero,100,0.1046399550975204,0.002867697676864603,0.17477413613707884
BETA0_DIFFUSE,2,true zero,100,0.08753851411571409,0.0013276950094831914,0.14068712869367064
BETA0_DIFFUSE,3,true zero,100,0.09730740668996901,0.0012174850721616752,0.16255890035987405
BETA0_DIFFUSE,4,true zero,100,0.10009528269960365,0.01105190270931256,0.15891282564006823
BETA0_DIFFUSE,5,true zero,100,0.0852410449271524,0.0016725495845134133,0.13825931965311658
BETA0_DIFFUSE,6,true zero,100,0.09309020820394089,0.001247274547193393,0.15098057191438818
BETA0_DIFFUSE,7,true zero,100,0.09023856386420906,0.004856897331422098,0.14399098763619547
BETA0_DIFFUSE,8,true zero,100,0.08252083318191387,0.0009177519993146378,0.13251137965204612
BETA0_DIFFUSE,9,true zero,100,0.10470131558579646,0.007441295270970193,0.1763302351999833
BETA0_DIFFUSE,10,true zero,100,0.07342589616064439,0.0017281043409423965,0.11219870722145318
BETA0_DIFFUSE,11,true zero,100,0.0785401459975577,7.635569591152437e-05,0.12293001441794082
BETA0_DIFFUSE,12,true zero,100,0.07143546172855983,0.0038702873042032833,0.11136552144965657
BETA0_DIFFUSE,13,true zero,100,0.08652816523014562,4.7062414993579885e-07,0.1405572610952134
BETA0_DIFFUSE,14,true zero,100,0.07912120130418906,4.746503547131046e-06,0.1279849647465725
BETA0_DIFFUSE,15,true zero,100,0.09667151228505626,0.002230955190218215,0.15769568197621134
BETA0_DIFFUSE,16,true zero,100,0.11409072423926353,0.007821131495684988,0.18680130414413187
BETA0_DIFFUSE,17,true zero,100,0.13121856158911127,0.009862831904608576,0.2169549830201097
BETA0_DIFFUSE,18,true zero,100,0.0977502732018248,0.0023101976752822385,0.16457480610996508
BETA0_DIFFUSE,19,true zero,100,0.07516272119434789,7.670136391395646e-07,0.12077001825329468
BETA0_DIFFUSE,20,true zero,100,0.0951730904534109,0.002711044905047886,0.153202812391395
BETA0_DIFFUSE,21,true zero,100,0.087757542741028,0.001456722299309326,0.14375765113811156
BETA0_DIFFUSE,22,true zero,100,0.0846926483532271,0.001446103257345641,0.13832302335314034
BETA0_DIFFUSE,23,true zero,100,0.09353788286754847,0.00358798885439447,0.1555519041130441
BETA0_DIFFUSE,24,true zero,100,0.07798808615919516,1.131559836683682e-06,0.1265772927768624
BETA0_DIFFUSE,25,true zero,100,0.0908712005377406,0.003254562188031103,0.1448654861661333
BETA0_DIFFUSE,26,true zero,100,0.07361365740710644,0.002063576118675753,0.11343253981018575
BETA0_DIFFUSE,27,true zero,100,0.11245081012286903,2.7112537236405802e-06,0.1912748974011187
BETA0_DIFFUSE,28,true zero,100,0.09438143107565661,0.0028427210441439852,0.16076517162353268
BETA0_DIFFUSE,29,true zero,100,0.09505494464222754,0.00512802958304804,0.15254449701706957
BETA0_DIFFUSE,30,true zero,100,0.11142860399574271,0.0034163922713799024,0.18639891365594066
BETA0_DIFFUSE,31,true zero,100,0.09139542614276794,0.001451445544684565,0.15146258427164286
BETA0_DIFFUSE,32,true zero,100,0.09253424948065464,0.0031070328877679737,0.15144860034024404
BETA0_DIFFUSE,33,true zero,100,0.07005843226160194,0.0013352622567690184,0.10651553272570981
BETA0_DIFFUSE,34,true zero,100,0.09578662114131724,0.005291628653727576,0.15283767537057036
BETA0_DIFFUSE,35,true zero,100,0.10147419832700832,0.0027589533905268,0.16988837222694608
BETA0_DIFFUSE,36,true zero,100,0.08043032851401388,0.0010649932844063134,0.128166700785215
BETA0_DIFFUSE,37,true zero,100,0.09892200845395285,0.0037919114821962753,0.16364254484923574
BETA0_DIFFUSE,38,true zero,100,0.08665443117664905,3.3538541451982923e-06,0.14045747562404554
BETA0_DIFFUSE,39,true zero,100,0.0907175698504386,0.002494181316998518,0.1466562728559329
BETA0_DIFFUSE,40,true zero,100,0.07374050024924068,0.0013226227789526865,0.11704104548098541
BETA0_DIFFUSE,41,true zero,100,0.08957138561761928,0.00134936632626338,0.14218830547891825
BETA0_DIFFUSE,42,true zero,100,0.07930253964832146,0.0011743028428276604,0.12502178687033916
BETA0_DIFFUSE,43,true zero,100,0.09919049391322345,0.009358667403461746,0.15762655576557857
BETA0_DIFFUSE,44,true zero,100,0.10291310918216974,0.009038265243824069,0.16820661419994345
BETA0_DIFFUSE,45,true zero,100,0.07779642106185258,7.5685723012134515e-06,0.12419273482617534
BETA0_DIFFUSE,46,true zero,100,0.10081384607535211,0.0031944186530274686,0.16932644351008583
BETA0_DIFFUSE,47,true zero,100,0.09046506491277156,0.0054397604891781096,0.14194800322902648
BETA0_DIFFUSE,48,true zero,100,0.08764921188162647,0.00102746061492213,0.14301488530670253
BETA0_DIFFUSE,49,true zero,100,0.08409170456832862,0.0016854987659492887,0.1383016583847058
BETA0_DIFFUSE,50,true zero,100,0.09015747436641931,0.007356080369933109,0.14521067491875952
BETA0_DIFFUSE,51,true zero,100,0.08698300231130601,3.0473075239077693e-06,0.13998638136818636
BETA0_DIFFUSE,52,true zero,100,0.0963790272076134,3.207714605241961e-06,0.16122873128047283
BETA0_DIFFUSE,53,true zero,100,0.07753161227887229,0.0016087851465320141,0.12149716729643373
BETA0_DIFFUSE,54,true zero,100,0.08209548646374971,2.62335034691587e-06,0.13082555853535813
BETA0_DIFFUSE,55,true zero,100,0.09529702552262118,0.004067229639074997,0.1554050322674212
BETA0_DIFFUSE,56,true zero,100,0.08513625488473087,0.0023682610703226314,0.1336785381532977
BETA0_DIFFUSE,57,true zero,100,0.09832744159190465,7.988211697168989e-07,0.16407772486971833
BETA0_DIFFUSE,58,true zero,100,0.0816443870720168,0.0016971265857168975,0.1309558029321334
BETA0_DIFFUSE,59,true zero,100,0.10089199403289717,0.00712040996962543,0.16253132286546643
BETA0_DIFFUSE,60,true zero,100,0.09850669331462811,0.0019003423522658109,0.16550975415136537
BETA0_DIFFUSE,61,true zero,100,0.1122965814675962,0.012119885458578165,0.18047573409834428
BETA0_DIFFUSE,62,true zero,100,0.09857320636267194,0.004264114337053202,0.16029498063802433
BETA0_DIFFUSE,63,true zero,100,0.08389100819975942,0.002342153335586983,0.13343286881191158
BETA0_DIFFUSE,64,true zero,100,0.10315486830097752,0.0031027267745589253,0.17346660582379494
BETA0_DIFFUSE,65,true zero,100,0.09618866459852776,0.005102032076044113,0.1543581868364149
BETA0_DIFFUSE,66,true zero,100,0.09226440414980557,2.083466904628886e-06,0.14920312301018246
BETA0_DIFFUSE,67,true zero,100,0.0902917573560725,0.0028835017423145147,0.1479639107417365
BETA0_DIFFUSE,68,true zero,100,0.09882646730024389,0.004352876592410196,0.16151165377674728
BETA0_DIFFUSE,69,true zero,100,0.09754229020946788,3.5663075409742512e-06,0.16340438564409587
BETA0_DIFFUSE,70,true zero,100,0.10073989492010987,0.00745647999599623,0.16160171966060985
BETA0_DIFFUSE,71,hidden positive,100,0.5041818361328737,0.23561527298182974,0.7739938800172095
BETA0_DIFFUSE,72,hidden positive,100,0.4683713493095445,0.19902386662766822,0.718217151652864
BETA0_DIFFUSE,73,hidden positive,100,0.48969830639896594,0.20083282872019168,0.7628644609296349
BETA0_DIFFUSE,74,hidden positive,100,0.5109819516184033,0.2391462267337618,0.7714912424350405
BETA0_DIFFUSE,75,hidden positive,100,0.4916339289502211,0.23678971833104565,0.7324644002881102
BETA0_DIFFUSE,76,hidden positive,100,0.44223640807229603,0.18197928391002474,0.690321427935554
BETA0_DIFFUSE,77,hidden positive,100,0.5035685797886695,0.22227666539524113,0.765161946712978
BETA0_DIFFUSE,78,hidden positive,100,0.4986885984503444,0.22615957415508084,0.7583374908724071
BETA0_DIFFUSE,79,hidden positive,100,0.44495772066560496,0.17779626206198748,0.6921122173005181
BETA0_DIFFUSE,80,hidden positive,100,0.5109969459677419,0.23734844874597008,0.7859185029189321
BETA0_DIFFUSE,81,observed positive,100,0.7763373110855885,0.610214294375754,0.9851364170732654
BETA0_DIFFUSE,82,observed positive,100,0.7913947929160635,0.6329246251970883,0.9836405893617021
BETA0_DIFFUSE,83,observed positive,100,0.7623246825819936,0.5791455856997536,0.9748703937320083
BETA0_DIFFUSE,84,observed positive,100,0.766472441743323,0.582540560340406,0.9858711555231098
BETA0_DIFFUSE,85,observed positive,100,0.7714821579663297,0.5989669536437192,0.9817679796804201
BETA0_DIFFUSE,86,observed positive,100,0.7732896977695699,0.6038444369235135,0.97980586447617
BETA0_DIFFUSE,87,observed positive,100,0.7335942852096871,0.5284553935718691,0.97043885052991
BETA0_DIFFUSE,88,observed positive,100,0.760814631191765,0.5769345633153347,0.9795907231886399
BETA0_DIFFUSE,89,observed positive,100,0.7780034999889841,0.6049526850815687,0.9886180556988561
BETA0_DIFFUSE,90,observed positive,100,0.7692105720255996,0.6032242478797248,0.9654804621724431
BETA0_DIFFUSE,91,observed positive,100,0.7695684300753559,0.5874367080798808,0.9881364208209535
BETA0_DIFFUSE,92,observed positive,100,0.7550609600648002,0.5664766857488099,0.9839047403314019
BETA0_DIFFUSE,93,observed positive,100,0.7476039534075428,0.5548614822344724,0.9763902068945193
BETA0_DIFFUSE,94,observed positive,100,0.7423927650551346,0.5480085287591888,0.9727310926988468
BETA0_DIFFUSE,95,observed positive,100,0.7407854793360983,0.5482459492317551,0.9780309746752271
BETA0_DIFFUSE,96,observed positive,100,0.7386171727044696,0.5371967611528581,0.9741246552724404
BETA0_DIFFUSE,97,observed positive,100,0.7616797733943673,0.5840448504801303,0.9780116455743307
BETA0_DIFFUSE,98,observed positive,100,0.7419138294547298,0.5487936631391644,0.9796582627655762
BETA0_DIFFUSE,99,observed positive,100,0.7498486865422314,0.5655648475493557,0.9712961214056292
BETA0_DIFFUSE,100,observed positive,100,0.7545841593376851,0.5610775726566153,0.9854738958019352
ETA_CONSERVATIVE,1,true zero,100,0.08681468485947849,0.0015984491599856903,0.14150706026213164
ETA_CONSERVATIVE,2,true zero,100,0.07245166045907044,6.824140729657035e-07,0.11276179361314938
ETA_CONSERVATIVE,3,true zero,100,0.08240002009038175,0.00096864346803833,0.13508273450305752
ETA_CONSERVATIVE,4,true zero,100,0.08501994597327284,0.008610328707540117,0.1301365698551405
ETA_CONSERVATIVE,5,true zero,100,0.07016566530378616,1.948613102707219e-06,0.10967629559001012
ETA_CONSERVATIVE,6,true zero,100,0.07681791532262748,0.0007892801816187466,0.1213803377443655
ETA_CONSERVATIVE,7,true zero,100,0.07555439598127482,0.004818339176144657,0.11507374050396015
ETA_CONSERVATIVE,8,true zero,100,0.06829821975456903,8.200564712717175e-07,0.10685057490811553
ETA_CONSERVATIVE,9,true zero,100,0.08713825371108219,0.002183862123427701,0.1411120953562085
ETA_CONSERVATIVE,10,true zero,100,0.06060248034661698,0.0016476939447080067,0.0897019921130445
ETA_CONSERVATIVE,11,true zero,100,0.06491359606726645,1.4620237832533246e-05,0.0971471883689029
ETA_CONSERVATIVE,12,true zero,100,0.05989735864920846,0.0030869269535708315,0.09147231997824333
ETA_CONSERVATIVE,13,true zero,100,0.07193896273468621,5.858702563031094e-07,0.11220921851904561
ETA_CONSERVATIVE,14,true zero,100,0.0650105453002463,2.8415116711437643e-06,0.09975841344453215
ETA_CONSERVATIVE,15,true zero,100,0.08090837397655568,0.0016428691358488573,0.12772008430480386
ETA_CONSERVATIVE,16,true zero,100,0.0963942362967024,0.005444047185986439,0.15641603447395788
ETA_CONSERVATIVE,17,true zero,100,0.11257845476691797,0.006981097879795287,0.1848783770373859
ETA_CONSERVATIVE,18,true zero,100,0.08183324540021325,0.0005790973263733764,0.1338536767273329
ETA_CONSERVATIVE,19,true zero,100,0.061928515199804135,8.694603177345288e-07,0.09524058555967307
ETA_CONSERVATIVE,20,true zero,100,0.08022122107329618,0.002846889738575599,0.12480967865745762
ETA_CONSERVATIVE,21,true zero,100,0.07350156104081183,2.3522682411734323e-06,0.11665580178308305
ETA_CONSERVATIVE,22,true zero,100,0.07021132837421279,2.086411202797883e-06,0.1113159640570726
ETA_CONSERVATIVE,23,true zero,100,0.07739043956934791,0.0010413391294607879,0.1259298354200566
ETA_CONSERVATIVE,24,true zero,100,0.06408535057109409,5.498457418418708e-07,0.09939950217782842
ETA_CONSERVATIVE,25,true zero,100,0.07484954430324772,0.0030617604406579617,0.11517933043257399
ETA_CONSERVATIVE,26,true zero,100,0.06048884727536159,1.4039819003192033e-06,0.08946370549664703
ETA_CONSERVATIVE,27,true zero,100,0.09301280709466375,2.2781380199170697e-06,0.1543073066326503
ETA_CONSERVATIVE,28,true zero,100,0.07954475948040375,0.0014423274723662227,0.13222779129821974
ETA_CONSERVATIVE,29,true zero,100,0.07858483060536425,0.0037820903006366047,0.1247903733026676
ETA_CONSERVATIVE,30,true zero,100,0.09215712678613441,0.001836827872814355,0.1517224625321133
ETA_CONSERVATIVE,31,true zero,100,0.07740472803811078,1.004910330061085e-06,0.12546493328973204
ETA_CONSERVATIVE,32,true zero,100,0.07868278529676488,0.0016610982807372476,0.12728068912915658
ETA_CONSERVATIVE,33,true zero,100,0.0583167942742483,0.0013029716565951227,0.08546560593645931
ETA_CONSERVATIVE,34,true zero,100,0.08068920413661931,0.0040861713472057646,0.12511157417943278
ETA_CONSERVATIVE,35,true zero,100,0.08464055103330458,0.0018414524835609922,0.1386460687896151
ETA_CONSERVATIVE,36,true zero,100,0.06612095554440192,4.195237647519151e-06,0.10098395769258416
ETA_CONSERVATIVE,37,true zero,100,0.08353381984061672,0.0014976214696726866,0.13662815146254473
ETA_CONSERVATIVE,38,true zero,100,0.07202265464035522,1.6841837733726486e-06,0.11260028261905589
ETA_CONSERVATIVE,39,true zero,100,0.07637317747981391,0.00168934733645021,0.12237016899139959
ETA_CONSERVATIVE,40,true zero,100,0.0618233599204211,3.02153974937073e-07,0.09698520459979283
ETA_CONSERVATIVE,41,true zero,100,0.07583689555751212,0.0009383800009949453,0.11807124044157932
ETA_CONSERVATIVE,42,true zero,100,0.06496687374270388,9.646394107238668e-07,0.0988060193705545
ETA_CONSERVATIVE,43,true zero,100,0.0851412541251055,0.006668902098805315,0.1353224303189217
ETA_CONSERVATIVE,44,true zero,100,0.08611673367591421,0.006502087498294933,0.13575151845296524
ETA_CONSERVATIVE,45,true zero,100,0.06465742199244988,1.086480474796378e-05,0.09949097498629411
ETA_CONSERVATIVE,46,true zero,100,0.08400985491312149,0.0012559674817622288,0.1384906833422038
ETA_CONSERVATIVE,47,true zero,100,0.07466398576082657,0.0031049940267789634,0.11463529595200357
ETA_CONSERVATIVE,48,true zero,100,0.07410490079251136,0.00030713423943475336,0.11997241997444778
ETA_CONSERVATIVE,49,true zero,100,0.0704283813199364,1.3404659353709351e-06,0.11123005441216093
ETA_CONSERVATIVE,50,true zero,100,0.07667220671975743,0.007679980431988626,0.11794502760425925
ETA_CONSERVATIVE,51,true zero,100,0.07262795008268874,1.075298278812167e-06,0.11424490071146591
ETA_CONSERVATIVE,52,true zero,100,0.08012841222162781,1.2695286020969436e-06,0.12993631464859942
ETA_CONSERVATIVE,53,true zero,100,0.06535506507425602,1.8186916179759167e-06,0.09907575996608245
ETA_CONSERVATIVE,54,true zero,100,0.066215099245657,9.12324186301221e-07,0.10089594869737359
ETA_CONSERVATIVE,55,true zero,100,0.08016798127798508,0.003051814504652353,0.1276195294863399
ETA_CONSERVATIVE,56,true zero,100,0.07087528347302414,0.0016591760196260465,0.10779411714746784
ETA_CONSERVATIVE,57,true zero,100,0.08119469988515682,9.954898863235812e-07,0.1306769876931138
ETA_CONSERVATIVE,58,true zero,100,0.06676631575260408,0.0010049950794292525,0.10393776554345244
ETA_CONSERVATIVE,59,true zero,100,0.08512749116207155,0.004940524288165614,0.13587715637998823
ETA_CONSERVATIVE,60,true zero,100,0.08370291635449315,0.0007948965762016052,0.13848887722101993
ETA_CONSERVATIVE,61,true zero,100,0.09534030829607286,0.007545022232833,0.15229437430474607
ETA_CONSERVATIVE,62,true zero,100,0.08287694094053641,0.0029088926679417043,0.13151255601066464
ETA_CONSERVATIVE,63,true zero,100,0.07012658883297451,0.001724738323475725,0.10991809825597829
ETA_CONSERVATIVE,64,true zero,100,0.08636194875933173,2.5820741131802925e-06,0.140572200875369
ETA_CONSERVATIVE,65,true zero,100,0.08075564231085122,0.0021941364816919708,0.12722907475829204
ETA_CONSERVATIVE,66,true zero,100,0.07812470957074759,2.8988455131089906e-06,0.1255659307071102
ETA_CONSERVATIVE,67,true zero,100,0.07398303463239672,7.480365548951567e-06,0.11625718963083803
ETA_CONSERVATIVE,68,true zero,100,0.08378344080193843,0.0017327547630525148,0.13578586653499594
ETA_CONSERVATIVE,69,true zero,100,0.08029721905337524,2.197065807004069e-06,0.13063181949254285
ETA_CONSERVATIVE,70,true zero,100,0.0838513389509251,0.0029889880820842337,0.13197895153865505
ETA_CONSERVATIVE,71,hidden positive,100,0.45109659312986544,0.1809884041281119,0.7102020908982642
ETA_CONSERVATIVE,72,hidden positive,100,0.4192122459476129,0.15901430157768937,0.663961113445745
ETA_CONSERVATIVE,73,hidden positive,100,0.4365328438473807,0.1502312031383949,0.7023752299183634
ETA_CONSERVATIVE,74,hidden positive,100,0.46012590768427036,0.18652768445206017,0.717170227373505
ETA_CONSERVATIVE,75,hidden positive,100,0.43926518281608873,0.18698172642091523,0.6778717541849839
ETA_CONSERVATIVE,76,hidden positive,100,0.39421055682551137,0.13549506370217468,0.627220116071592
ETA_CONSERVATIVE,77,hidden positive,100,0.4513089287124354,0.17284744281029168,0.709828754855816
ETA_CONSERVATIVE,78,hidden positive,100,0.44754414168649265,0.17572411190334541,0.6983567423726634
ETA_CONSERVATIVE,79,hidden positive,100,0.39401735094817253,0.1336731045009981,0.6366384160286084
ETA_CONSERVATIVE,80,hidden positive,100,0.4583237368880412,0.17576859927234767,0.7331874794594024
ETA_CONSERVATIVE,81,observed positive,100,0.7575889882281932,0.5779190563545606,0.9819745612121031
ETA_CONSERVATIVE,82,observed positive,100,0.7761140210934826,0.6044535665210009,0.9824589634398418
ETA_CONSERVATIVE,83,observed positive,100,0.7419453346223528,0.5463599546554981,0.9687376738706578
ETA_CONSERVATIVE,84,observed positive,100,0.7470103004278253,0.5465951052979967,0.9802581144793909
ETA_CONSERVATIVE,85,observed positive,100,0.7517314335985874,0.5638716823817725,0.977418322806237
ETA_CONSERVATIVE,86,observed positive,100,0.7570366436952226,0.5757098894527874,0.9757993613449492
ETA_CONSERVATIVE,87,observed positive,100,0.715253801503449,0.4946799604731019,0.9632996196522374
ETA_CONSERVATIVE,88,observed positive,100,0.7418401467869792,0.5421599293538246,0.9713489736639955
ETA_CONSERVATIVE,89,observed positive,100,0.7598798087551182,0.5717275350946663,0.9840160825067548
ETA_CONSERVATIVE,90,observed positive,100,0.7511394963672305,0.5716142156644995,0.9592419959071772
ETA_CONSERVATIVE,91,observed positive,100,0.7531065883425773,0.5596377105363585,0.9861432326856261
ETA_CONSERVATIVE,92,observed positive,100,0.736707723129455,0.5306395576282161,0.9754370255167168
ETA_CONSERVATIVE,93,observed positive,100,0.7286574669622317,0.5221773562207078,0.9717335530827436
ETA_CONSERVATIVE,94,observed positive,100,0.7240743705136586,0.517060459763743,0.9688734221673962
ETA_CONSERVATIVE,95,observed positive,100,0.7211585852370266,0.5146892254726927,0.9725535198214098
ETA_CONSERVATIVE,96,observed positive,100,0.7169535387450579,0.5028265458810071,0.9679693980634465
ETA_CONSERVATIVE,97,observed positive,100,0.7415994743631518,0.5499276749727418,0.9769993230512164
ETA_CONSERVATIVE,98,observed positive,100,0.7242288080273913,0.5160194121600751,0.9714209946061865
ETA_CONSERVATIVE,99,observed positive,100,0.7313191866803771,0.5352675103253306,0.9666369641151452
ETA_CONSERVATIVE,100,observed positive,100,0.7360033476130704,0.5281999423927242,0.9804643463731818
ETA_DIFFUSE,1,true zero,100,0.10244990771851045,0.0029677287480868258,0.16997087863166255
ETA_DIFFUSE,2,true zero,100,0.08592066041529778,0.0013435321830901979,0.13922239331765626
ETA_DIFFUSE,3,true zero,100,0.0973543653010168,0.0015244317056716692,0.1630118720074626
ETA_DIFFUSE,4,true zero,100,0.0994689805939697,0.014344388997132283,0.15580900433177333
ETA_DIFFUSE,5,true zero,100,0.08403295589391181,0.0028756345390546136,0.13711271576326353
ETA_DIFFUSE,6,true zero,100,0.09157206047459727,0.0014248424941089401,0.14945337363719585
ETA_DIFFUSE,7,true zero,100,0.0895342848980052,0.007321474437487933,0.14277338930568406
ETA_DIFFUSE,8,true zero,100,0.07957202018725201,0.0009156043464130997,0.12869865682145185
ETA_DIFFUSE,9,true zero,100,0.10263789347281374,0.006652738498497924,0.1700624317043074
ETA_DIFFUSE,10,true zero,100,0.07086593473890518,0.002651843635515956,0.10699345863065168
ETA_DIFFUSE,11,true zero,100,0.07732082028789336,1.0570270841171897e-05,0.12343221686627551
ETA_DIFFUSE,12,true zero,100,0.06849401736570679,0.004706181192080527,0.1037785342993191
ETA_DIFFUSE,13,true zero,100,0.08424482196725724,9.604125238057314e-07,0.13797457084372783
ETA_DIFFUSE,14,true zero,100,0.0749056701381762,2.202297251314299e-06,0.12104895771531449
ETA_DIFFUSE,15,true zero,100,0.0959836598576263,0.002361644051959262,0.15764316506429954
ETA_DIFFUSE,16,true zero,100,0.11239261355820011,0.010234621497879556,0.18331204270525567
ETA_DIFFUSE,17,true zero,100,0.13163864060401897,0.013182156864464278,0.2152496442979897
ETA_DIFFUSE,18,true zero,100,0.09769700234648056,0.002934794717452713,0.16428901345842434
ETA_DIFFUSE,19,true zero,100,0.07292932932477315,3.4314818204388173e-07,0.11782788203518062
ETA_DIFFUSE,20,true zero,100,0.09406451414118458,0.0047450036115041965,0.15019023370788012
ETA_DIFFUSE,21,true zero,100,0.08541113083857937,0.0022050214408167045,0.14128596736866622
ETA_DIFFUSE,22,true zero,100,0.08283058015374734,0.0020224561963049586,0.135669375379027
ETA_DIFFUSE,23,true zero,100,0.09409628384536488,0.00404996992422178,0.15790307119287791
ETA_DIFFUSE,24,true zero,100,0.07570703673925346,4.626801775872601e-07,0.12339853771000317
ETA_DIFFUSE,25,true zero,100,0.08810680645026343,0.0037417404934369657,0.13915551467918952
ETA_DIFFUSE,26,true zero,100,0.07066110468246331,0.0019972641275098095,0.1067355989108684
ETA_DIFFUSE,27,true zero,100,0.11198116824975486,0.001534564547903873,0.19149881019828321
ETA_DIFFUSE,28,true zero,100,0.09524505883633864,0.0033598302121708146,0.16266814196448073
ETA_DIFFUSE,29,true zero,100,0.09294281818627448,0.006689283149705742,0.14844969115341125
ETA_DIFFUSE,30,true zero,100,0.11030671061711245,0.005037356863953609,0.1882291279343063
ETA_DIFFUSE,31,true zero,100,0.08939150292970499,0.0014324686402267175,0.14780738428595674
ETA_DIFFUSE,32,true zero,100,0.09325222613792095,0.0047142991778551455,0.15301577213929834
ETA_DIFFUSE,33,true zero,100,0.06756768379671725,0.0019734238160620844,0.10029449767495396
ETA_DIFFUSE,34,true zero,100,0.09384992982876893,0.005800830467881827,0.1517832426739057
ETA_DIFFUSE,35,true zero,100,0.0990394792491922,0.002608456101482514,0.16716759769652545
ETA_DIFFUSE,36,true zero,100,0.08004366757562835,0.002833924260204805,0.12452514404784026
ETA_DIFFUSE,37,true zero,100,0.09788377052414449,0.00489796847612829,0.15951750605526305
ETA_DIFFUSE,38,true zero,100,0.0847585329045893,3.758961353159826e-06,0.1376221170397033
ETA_DIFFUSE,39,true zero,100,0.08859844130177001,0.003185114842754792,0.14255029323717422
ETA_DIFFUSE,40,true zero,100,0.07231616926902222,0.0014549110865847126,0.11490613078080544
ETA_DIFFUSE,41,true zero,100,0.08861801580032548,0.003788558029898104,0.13830397809987377
ETA_DIFFUSE,42,true zero,100,0.07671663960943326,0.0012061840540409676,0.12067167276159621
ETA_DIFFUSE,43,true zero,100,0.1008474996991574,0.014439975372138605,0.1552713641094276
ETA_DIFFUSE,44,true zero,100,0.10171196298652996,0.009798998695494027,0.166109020674232
ETA_DIFFUSE,45,true zero,100,0.07488413942076383,5.136465534932852e-06,0.11921849410251348
ETA_DIFFUSE,46,true zero,100,0.09945295137062708,0.003138040783215715,0.16770998972180368
ETA_DIFFUSE,47,true zero,100,0.08902129795371305,0.006415738363023718,0.13830385562827907
ETA_DIFFUSE,48,true zero,100,0.08835737059416884,0.0045760021353200815,0.14690121087667782
ETA_DIFFUSE,49,true zero,100,0.08245033407067764,0.0018039795123663835,0.13506293687875798
ETA_DIFFUSE,50,true zero,100,0.09003064579286407,0.00964593981096084,0.14568858578457117
ETA_DIFFUSE,51,true zero,100,0.08393663673302118,6.865830222387057e-07,0.13462381350455202
ETA_DIFFUSE,52,true zero,100,0.09586809044284095,0.0008306194574774161,0.16327468253698618
ETA_DIFFUSE,53,true zero,100,0.07458419708081537,0.0027528179520096207,0.11402327471058485
ETA_DIFFUSE,54,true zero,100,0.07798812638432219,1.0088441820713474e-06,0.12314039625586147
ETA_DIFFUSE,55,true zero,100,0.09597299308448298,0.005174894184525308,0.15668986730209164
ETA_DIFFUSE,56,true zero,100,0.0827524475389828,0.002303275914907519,0.12798170574730616
ETA_DIFFUSE,57,true zero,100,0.09713441999714396,1.0731178485105268e-06,0.163795463881024
ETA_DIFFUSE,58,true zero,100,0.07999675911067414,0.001827934470285266,0.13043682284674146
ETA_DIFFUSE,59,true zero,100,0.09904067325242888,0.008934796769849604,0.15938183402453768
ETA_DIFFUSE,60,true zero,100,0.09841238274115958,0.003221674751789384,0.16686090322733466
ETA_DIFFUSE,61,true zero,100,0.11276324842897906,0.01478229734248107,0.17960785902505932
ETA_DIFFUSE,62,true zero,100,0.09677648040673915,0.004093662481057011,0.1603912742534359
ETA_DIFFUSE,63,true zero,100,0.08140557784913385,0.0020605905600769416,0.1297894179077482
ETA_DIFFUSE,64,true zero,100,0.10091983624737405,0.003721208514868526,0.16999569845314602
ETA_DIFFUSE,65,true zero,100,0.09440779887043188,0.005568051409559353,0.15236372831232525
ETA_DIFFUSE,66,true zero,100,0.08984297136600049,0.0020941375593707258,0.1460535397898263
ETA_DIFFUSE,67,true zero,100,0.087486093001329,0.002657247309110515,0.14263945223320357
ETA_DIFFUSE,68,true zero,100,0.09725969079357447,0.004388825580027724,0.15771585194378984
ETA_DIFFUSE,69,true zero,100,0.09636775880027316,1.8513453624210656e-06,0.16463370630812146
ETA_DIFFUSE,70,true zero,100,0.09860596604765635,0.009615342475028913,0.15956082941637661
ETA_DIFFUSE,71,hidden positive,100,0.5125689123250595,0.24530537892454332,0.7759784660567477
ETA_DIFFUSE,72,hidden positive,100,0.47675016505304113,0.21752991350949763,0.7302821972599242
ETA_DIFFUSE,73,hidden positive,100,0.4979555158734837,0.21610487377868573,0.7708690153116732
ETA_DIFFUSE,74,hidden positive,100,0.5209956909377523,0.2564889035091199,0.78116143496986
ETA_DIFFUSE,75,hidden positive,100,0.49887475693101957,0.2489606636386906,0.7397860534688927
ETA_DIFFUSE,76,hidden positive,100,0.44967458005448063,0.1995286587674863,0.6994826506649693
ETA_DIFFUSE,77,hidden positive,100,0.5098790358230064,0.2331331002840813,0.7738697201705051
ETA_DIFFUSE,78,hidden positive,100,0.5052098582754608,0.238198875176234,0.7613269826253021
ETA_DIFFUSE,79,hidden positive,100,0.4508031631216837,0.1941392511193163,0.691270909897797
ETA_DIFFUSE,80,hidden positive,100,0.5205287101654403,0.2504772312301367,0.789407694018296
ETA_DIFFUSE,81,observed positive,100,0.7886431978224625,0.6282712550605837,0.9863283593034502
ETA_DIFFUSE,82,observed positive,100,0.8045488600479109,0.6531908010664107,0.9855396608909334
ETA_DIFFUSE,83,observed positive,100,0.7734574469543092,0.5964129655873255,0.9770501759469606
ETA_DIFFUSE,84,observed positive,100,0.7801859683774603,0.6035108635850007,0.9897616074125863
ETA_DIFFUSE,85,observed positive,100,0.7832266934351982,0.6155468472619644,0.9840263445293873
ETA_DIFFUSE,86,observed positive,100,0.7872882090615372,0.622528572982723,0.9822055772900307
ETA_DIFFUSE,87,observed positive,100,0.7475542599573557,0.5487105113690188,0.9742736997972217
ETA_DIFFUSE,88,observed positive,100,0.772889270550541,0.5934958198967901,0.982484737872538
ETA_DIFFUSE,89,observed positive,100,0.7902390284550659,0.6224797770104841,0.9893607654332631
ETA_DIFFUSE,90,observed positive,100,0.7813605636977609,0.6223972990503203,0.9684875939070798
ETA_DIFFUSE,91,observed positive,100,0.7833688276420631,0.6049999007409648,0.9882759690104785
ETA_DIFFUSE,92,observed positive,100,0.7682934744001342,0.5866800883635779,0.9876757890289491
ETA_DIFFUSE,93,observed positive,100,0.7608545634159877,0.5774950657928583,0.9810456782142459
ETA_DIFFUSE,94,observed positive,100,0.7564180548595809,0.568785587050148,0.9736553746518796
ETA_DIFFUSE,95,observed positive,100,0.7524152279326995,0.5628895528144119,0.9772693492427003
ETA_DIFFUSE,96,observed positive,100,0.7501830772136251,0.5569587323649053,0.9800654748639253
ETA_DIFFUSE,97,observed positive,100,0.7743846186467113,0.6015027600920978,0.9792472543781071
ETA_DIFFUSE,98,observed positive,100,0.7551176925467131,0.5659665110278954,0.9787849083921141
ETA_DIFFUSE,99,observed positive,100,0.7628002584842656,0.5829397638867335,0.9725683402333938
ETA_DIFFUSE,100,observed positive,100,0.7670352845259422,0.5791110035189128,0.9882306887603087
JOINT_CONSERVATIVE,1,true zero,100,0.07790545304823154,0.0021336427972051654,0.1252315307025123
JOINT_CONSERVATIVE,2,true zero,100,0.06283654616718767,0.0017140776384600633,0.09901653721189803
JOINT_CONSERVATIVE,3,true zero,100,0.07605113985888882,0.0015397683853461141,0.12344057065684805
JOINT_CONSERVATIVE,4,true zero,100,0.08078401764890235,0.01150592025413143,0.12389217194216588
JOINT_CONSERVATIVE,5,true zero,100,0.06381279774163795,0.00021746752669918456,0.10038834061214055
JOINT_CONSERVATIVE,6,true zero,100,0.0686133798068958,9.274452059909429e-05,0.10689659472708392
JOINT_CONSERVATIVE,7,true zero,100,0.06458123766433546,0.005303523546002105,0.09791624188802495
JOINT_CONSERVATIVE,8,true zero,100,0.06134313124489818,3.3505336347607994e-05,0.09527568637173585
JOINT_CONSERVATIVE,9,true zero,100,0.08409408440281207,0.005267604051188665,0.13732723957538023
JOINT_CONSERVATIVE,10,true zero,100,0.05211801731547383,0.0020370137261166554,0.07987534662008955
JOINT_CONSERVATIVE,11,true zero,100,0.05713690897839124,0.00024130246745740743,0.08618099183467115
JOINT_CONSERVATIVE,12,true zero,100,0.052109327853728786,0.002538461496556124,0.0808584140166766
JOINT_CONSERVATIVE,13,true zero,100,0.06667856499957804,0.00015682072501073884,0.10444509246017737
JOINT_CONSERVATIVE,14,true zero,100,0.05847601180665108,0.00013231530355285005,0.09129182604005753
JOINT_CONSERVATIVE,15,true zero,100,0.0734251337856788,0.0036250437333677056,0.11404902252552938
JOINT_CONSERVATIVE,16,true zero,100,0.0901711155232841,0.009869349040191905,0.14235095936120964
JOINT_CONSERVATIVE,17,true zero,100,0.10224035182520558,0.0074977723870554396,0.16359159418459415
JOINT_CONSERVATIVE,18,true zero,100,0.07373116205818045,0.00016428034519145292,0.12010887618281255
JOINT_CONSERVATIVE,19,true zero,100,0.05217891838118659,2.8842453752161444e-05,0.0798674948698739
JOINT_CONSERVATIVE,20,true zero,100,0.07011027382759549,0.0012420146784865337,0.11083056655887749
JOINT_CONSERVATIVE,21,true zero,100,0.06506102722955708,8.593488286618208e-05,0.10236462644953237
JOINT_CONSERVATIVE,22,true zero,100,0.058900335788942666,2.9998032770482142e-05,0.09110989946242815
JOINT_CONSERVATIVE,23,true zero,100,0.06930391370728133,3.08790575543825e-05,0.11116392656366873
JOINT_CONSERVATIVE,24,true zero,100,0.05927019714807589,2.449439129251805e-05,0.09360715921271634
JOINT_CONSERVATIVE,25,true zero,100,0.06639168165382155,0.0034258009922815743,0.10236428907611828
JOINT_CONSERVATIVE,26,true zero,100,0.05187162871036986,0.0001816810956882235,0.07757569856388034
JOINT_CONSERVATIVE,27,true zero,100,0.08347836590185923,0.0001882661207309689,0.13493442786891555
JOINT_CONSERVATIVE,28,true zero,100,0.07638797378371694,0.0022543239221865323,0.1269671668954791
JOINT_CONSERVATIVE,29,true zero,100,0.07148355453581105,0.0046104690619970514,0.11421535470073821
JOINT_CONSERVATIVE,30,true zero,100,0.08279158523260122,0.0018611494697457428,0.13589971601715453
JOINT_CONSERVATIVE,31,true zero,100,0.06918797680121985,5.645000392624318e-05,0.11238736847760095
JOINT_CONSERVATIVE,32,true zero,100,0.07037843704400698,0.0025910770288605145,0.11149888480557762
JOINT_CONSERVATIVE,33,true zero,100,0.05132109943418472,0.0016712729218952354,0.07868949460578904
JOINT_CONSERVATIVE,34,true zero,100,0.06938376021624028,0.004706658129632023,0.1073093569608009
JOINT_CONSERVATIVE,35,true zero,100,0.07776169008062189,0.001406906114721119,0.1254615228725935
JOINT_CONSERVATIVE,36,true zero,100,0.05916679916185022,4.4083064712617844e-05,0.09064037815826963
JOINT_CONSERVATIVE,37,true zero,100,0.07729261847299145,0.0024902975224250982,0.1238396254656878
JOINT_CONSERVATIVE,38,true zero,100,0.06457464491463857,0.00029033673423672527,0.10108193930706733
JOINT_CONSERVATIVE,39,true zero,100,0.06723849851304813,0.002546620344550453,0.10636319945725155
JOINT_CONSERVATIVE,40,true zero,100,0.05595964820000429,2.1593882652575437e-05,0.08772198025170633
JOINT_CONSERVATIVE,41,true zero,100,0.06612835285475976,0.0023261888300623273,0.10252413249805307
JOINT_CONSERVATIVE,42,true zero,100,0.056628513890565994,0.00010218334109186861,0.08640174432163952
JOINT_CONSERVATIVE,43,true zero,100,0.08161186671122886,0.010282317791425103,0.12858278157251113
JOINT_CONSERVATIVE,44,true zero,100,0.07484052872287904,0.005056707584440598,0.11541866792343802
JOINT_CONSERVATIVE,45,true zero,100,0.057224945250544286,4.4988767729531976e-05,0.0890416565318105
JOINT_CONSERVATIVE,46,true zero,100,0.0769624932367779,4.246424262430445e-05,0.12487147332429943
JOINT_CONSERVATIVE,47,true zero,100,0.06868290586872049,0.005088482345000554,0.10623208321696648
JOINT_CONSERVATIVE,48,true zero,100,0.06342785281758377,6.914949065583031e-05,0.10102057225300178
JOINT_CONSERVATIVE,49,true zero,100,0.06291961165465648,0.0019167899082980786,0.10203210606588364
JOINT_CONSERVATIVE,50,true zero,100,0.06829114076230053,0.008997615865244592,0.10300927015286683
JOINT_CONSERVATIVE,51,true zero,100,0.0635089701352405,9.49801744731282e-05,0.099166122992771
JOINT_CONSERVATIVE,52,true zero,100,0.07551902585886511,0.0001450282102295459,0.1209525574362406
JOINT_CONSERVATIVE,53,true zero,100,0.056223049855630064,0.00021031755644222974,0.08556719284898144
JOINT_CONSERVATIVE,54,true zero,100,0.05854216948366161,2.3912266254334716e-05,0.08996957374294798
JOINT_CONSERVATIVE,55,true zero,100,0.07204513195783113,0.0016168153743184774,0.11547578756779511
JOINT_CONSERVATIVE,56,true zero,100,0.06286745394035444,0.0023303576941371136,0.09734489488014977
JOINT_CONSERVATIVE,57,true zero,100,0.07030315682775322,3.11937030051262e-05,0.1108761180236144
JOINT_CONSERVATIVE,58,true zero,100,0.057861183776479086,0.0004858730409381539,0.08974201252983757
JOINT_CONSERVATIVE,59,true zero,100,0.07453769636165246,0.006009837010650288,0.12055960486332468
JOINT_CONSERVATIVE,60,true zero,100,0.07778190652864221,0.0017729171796454313,0.12696525630464767
JOINT_CONSERVATIVE,61,true zero,100,0.09143567463585553,0.011644773936714736,0.1440961677022626
JOINT_CONSERVATIVE,62,true zero,100,0.07457278702544173,0.004227023591630634,0.11696182693458614
JOINT_CONSERVATIVE,63,true zero,100,0.06407317247204242,0.0014429362720589755,0.09921106550644955
JOINT_CONSERVATIVE,64,true zero,100,0.07638329654865865,0.000653632624440453,0.12100915223838403
JOINT_CONSERVATIVE,65,true zero,100,0.07078585143442126,0.003772931760857186,0.10885525849615713
JOINT_CONSERVATIVE,66,true zero,100,0.06875459871795252,0.00021644400880091073,0.10803780565847747
JOINT_CONSERVATIVE,67,true zero,100,0.06560040915636589,0.0006391366487916723,0.10223543791112519
JOINT_CONSERVATIVE,68,true zero,100,0.07478129605979644,0.0023625638923920637,0.12213928352210317
JOINT_CONSERVATIVE,69,true zero,100,0.07191623542426888,0.00012254515999619376,0.11436621092061783
JOINT_CONSERVATIVE,70,true zero,100,0.07561506532322458,0.004443617976194611,0.11739942778048734
JOINT_CONSERVATIVE,71,hidden positive,100,0.4251176587004552,0.18665711176289912,0.6427523742367023
JOINT_CONSERVATIVE,72,hidden positive,100,0.3986218665463474,0.16300489442302107,0.6041535507721902
JOINT_CONSERVATIVE,73,hidden positive,100,0.4140021421035267,0.15275965512610096,0.6462278659795779
JOINT_CONSERVATIVE,74,hidden positive,100,0.4346602691851875,0.1862271037978358,0.660618447576246
JOINT_CONSERVATIVE,75,hidden positive,100,0.41641349924411947,0.18518999770088773,0.6293964989163745
JOINT_CONSERVATIVE,76,hidden positive,100,0.37285990734081104,0.13821725768592213,0.5747614550213954
JOINT_CONSERVATIVE,77,hidden positive,100,0.43096658509469044,0.1852338741340806,0.6589478626695429
JOINT_CONSERVATIVE,78,hidden positive,100,0.4193638463703248,0.1809930909300534,0.6389472809826369
JOINT_CONSERVATIVE,79,hidden positive,100,0.3755765523391624,0.13894558040562976,0.5824025782391028
JOINT_CONSERVATIVE,80,hidden positive,100,0.4367350793618316,0.180604863041045,0.6816050136539923
JOINT_CONSERVATIVE,81,observed positive,100,0.6850402205730752,0.47465830311396073,0.9112460510597503
JOINT_CONSERVATIVE,82,observed positive,100,0.6981622543752479,0.504906526711405,0.9298212560452914
JOINT_CONSERVATIVE,83,observed positive,100,0.6612785949104656,0.4450088517290074,0.9034969817362373
JOINT_CONSERVATIVE,84,observed positive,100,0.6676769313314784,0.4397396994106462,0.9239307817834798
JOINT_CONSERVATIVE,85,observed positive,100,0.6757889346147051,0.4594278874992538,0.9125802590590187
JOINT_CONSERVATIVE,86,observed positive,100,0.6829635995843394,0.48226896087255655,0.9206950072311251
JOINT_CONSERVATIVE,87,observed positive,100,0.6261842278216349,0.3934738249621862,0.8795367534236016
JOINT_CONSERVATIVE,88,observed positive,100,0.6622974267977447,0.446293256975075,0.9022718882706512
JOINT_CONSERVATIVE,89,observed positive,100,0.6808856814372618,0.461110461103113,0.9299442609414652
JOINT_CONSERVATIVE,90,observed positive,100,0.675080457709123,0.4810652674328968,0.8945089039207603
JOINT_CONSERVATIVE,91,observed positive,100,0.6770340794665206,0.4635734760456354,0.9310442116324232
JOINT_CONSERVATIVE,92,observed positive,100,0.652273057408785,0.4214190250778693,0.9048246981014431
JOINT_CONSERVATIVE,93,observed positive,100,0.6467617390628565,0.420580851831237,0.8997131437388685
JOINT_CONSERVATIVE,94,observed positive,100,0.6339357748096421,0.39836270300907484,0.8996343279455579
JOINT_CONSERVATIVE,95,observed positive,100,0.6287147759091005,0.39195379976898953,0.8896815138013571
JOINT_CONSERVATIVE,96,observed positive,100,0.6278365538565,0.3860494662476499,0.8887624803589251
JOINT_CONSERVATIVE,97,observed positive,100,0.6584414509662386,0.43721355720417227,0.914807559066679
JOINT_CONSERVATIVE,98,observed positive,100,0.6404887807961495,0.4119291157050005,0.8897872142483518
JOINT_CONSERVATIVE,99,observed positive,100,0.6525072886921137,0.43340742005647703,0.8941679350645539
JOINT_CONSERVATIVE,100,observed positive,100,0.653477745472114,0.42003068843328634,0.9166556132970213
JOINT_DIFFUSE,1,true zero,100,0.10878457118152841,0.0062698916627087434,0.1804981216020085
JOINT_DIFFUSE,2,true zero,100,0.09297340119310453,0.0010959921375521984,0.15416143703959084
JOINT_DIFFUSE,3,true zero,100,0.0975142996365783,0.002211481770236138,0.16228493048742856
JOINT_DIFFUSE,4,true zero,100,0.1024796989715704,0.014182192044755168,0.1574966576051515
JOINT_DIFFUSE,5,true zero,100,0.09033272270591293,0.003497850970262201,0.1497930176343254
JOINT_DIFFUSE,6,true zero,100,0.09648822654917766,0.0016632046008269073,0.15930595788757487
JOINT_DIFFUSE,7,true zero,100,0.09608136501900794,0.008912211519726708,0.15361458881777915
JOINT_DIFFUSE,8,true zero,100,0.08094436000726163,0.0010958476396328168,0.12380167466931204
JOINT_DIFFUSE,9,true zero,100,0.10305707192782948,0.006195266998216381,0.1710467492594543
JOINT_DIFFUSE,10,true zero,100,0.07355846475797502,0.001944060247141703,0.10405272106996521
JOINT_DIFFUSE,11,true zero,100,0.07979555586344522,0.0012592164349940196,0.1293521948113447
JOINT_DIFFUSE,12,true zero,100,0.07136220095376794,0.0053811387136282526,0.10210976367444397
JOINT_DIFFUSE,13,true zero,100,0.08484693221930878,9.853890496265165e-10,0.14209318372226734
JOINT_DIFFUSE,14,true zero,100,0.07810301226111556,0.002100433534220738,0.12393276068490205
JOINT_DIFFUSE,15,true zero,100,0.0987262058203518,0.0009817815621894147,0.17005881302416626
JOINT_DIFFUSE,16,true zero,100,0.11553541168392653,0.006934743217840289,0.18816280059840668
JOINT_DIFFUSE,17,true zero,100,0.1350243341023973,0.019981653052793584,0.21727650937580875
JOINT_DIFFUSE,18,true zero,100,0.10146065824097279,0.0027304248597309843,0.16761719239334272
JOINT_DIFFUSE,19,true zero,100,0.07720590409553733,0.0003500258003317073,0.12855766938328497
JOINT_DIFFUSE,20,true zero,100,0.09766593836544764,0.010104205609016077,0.15718529031590658
JOINT_DIFFUSE,21,true zero,100,0.0892958296411352,0.0016908550357786587,0.1437583673767099
JOINT_DIFFUSE,22,true zero,100,0.09036740023318361,0.0015275568462981856,0.14936324279640945
JOINT_DIFFUSE,23,true zero,100,0.09874575402349477,0.005939709353115274,0.16565262096760017
JOINT_DIFFUSE,24,true zero,100,0.0757984541968654,1.1159058527112644e-09,0.12434604462084829
JOINT_DIFFUSE,25,true zero,100,0.09336196726277661,0.00434361096955025,0.1507169374633421
JOINT_DIFFUSE,26,true zero,100,0.07526279627486873,0.002356250877667062,0.11014126392052286
JOINT_DIFFUSE,27,true zero,100,0.11702854000239261,0.001340119311107617,0.20860372794490664
JOINT_DIFFUSE,28,true zero,100,0.09626093146094147,0.0020229675057450405,0.16685440865171278
JOINT_DIFFUSE,29,true zero,100,0.0970419173818426,0.007658458567569983,0.1533656454262284
JOINT_DIFFUSE,30,true zero,100,0.11675706699668907,0.008970131574627477,0.19877567389156328
JOINT_DIFFUSE,31,true zero,100,0.09017007914634641,0.0007960500196219498,0.1482906338166752
JOINT_DIFFUSE,32,true zero,100,0.09799076524819621,0.003144343964137082,0.16562069151750705
JOINT_DIFFUSE,33,true zero,100,0.06981018861660201,0.0017013542989156574,0.10042580216666024
JOINT_DIFFUSE,34,true zero,100,0.10399270463786393,0.008667835805757161,0.17841040185476584
JOINT_DIFFUSE,35,true zero,100,0.10336746300285476,0.003162680594262579,0.17536974981118125
JOINT_DIFFUSE,36,true zero,100,0.08321918322911336,0.003139514503660652,0.12826559846806032
JOINT_DIFFUSE,37,true zero,100,0.1041880430482514,0.0034514486747104973,0.17080713824889485
JOINT_DIFFUSE,38,true zero,100,0.08939931886569098,0.0015068497908638206,0.14642427042902365
JOINT_DIFFUSE,39,true zero,100,0.09266772319512251,0.0025506525262305136,0.14886786011355382
JOINT_DIFFUSE,40,true zero,100,0.07209096578071124,0.00038213036479317516,0.11080628249360946
JOINT_DIFFUSE,41,true zero,100,0.09263677911956288,0.0036647992608333955,0.14224061647133424
JOINT_DIFFUSE,42,true zero,100,0.08171027557464237,0.0023152433209519033,0.12254489991300384
JOINT_DIFFUSE,43,true zero,100,0.10437947224548287,0.010561003961169031,0.16435128607298022
JOINT_DIFFUSE,44,true zero,100,0.10793495262878688,0.013674533377354591,0.1771848401853357
JOINT_DIFFUSE,45,true zero,100,0.07832868798011838,0.001341130054618073,0.1232700320282341
JOINT_DIFFUSE,46,true zero,100,0.10395803662682714,0.005221571319043788,0.17209610816022078
JOINT_DIFFUSE,47,true zero,100,0.09423569424734306,0.008132434868244134,0.14349017803781794
JOINT_DIFFUSE,48,true zero,100,0.09089826426490241,0.002502756953911506,0.14477302044974155
JOINT_DIFFUSE,49,true zero,100,0.085658479570965,0.0016886640313169379,0.14209902343802555
JOINT_DIFFUSE,50,true zero,100,0.0944886190793762,0.009905720466515828,0.15647310750345197
JOINT_DIFFUSE,51,true zero,100,0.08971820693480927,0.0012344455679140936,0.14448456487087913
JOINT_DIFFUSE,52,true zero,100,0.0954430278031113,0.000660620099319372,0.1631924712087735
JOINT_DIFFUSE,53,true zero,100,0.07721292197616174,0.0016454019030266184,0.11525103178569093
JOINT_DIFFUSE,54,true zero,100,0.07977890897187825,0.0009604122823642243,0.12426061015551128
JOINT_DIFFUSE,55,true zero,100,0.09983513929001905,0.009033564226437276,0.16413505617042012
JOINT_DIFFUSE,56,true zero,100,0.08646361888756957,0.0031485413102222432,0.12539980188202332
JOINT_DIFFUSE,57,true zero,100,0.10296992572547879,0.0009771372909227743,0.1814895826337009
JOINT_DIFFUSE,58,true zero,100,0.08375727573244865,0.0012368441778250643,0.1427462351739927
JOINT_DIFFUSE,59,true zero,100,0.10839564196437161,0.012246430401957642,0.17183456042183892
JOINT_DIFFUSE,60,true zero,100,0.10071155411259733,0.0019300999367995852,0.17142687093165393
JOINT_DIFFUSE,61,true zero,100,0.11695869045007631,0.01662015253124633,0.18459288780582292
JOINT_DIFFUSE,62,true zero,100,0.09811235788394125,0.005455257593595607,0.16449081389372175
JOINT_DIFFUSE,63,true zero,100,0.08429442523618665,0.003962538223649718,0.12920835888378437
JOINT_DIFFUSE,64,true zero,100,0.10609398152824015,0.0033058668263567137,0.17653268287414128
JOINT_DIFFUSE,65,true zero,100,0.09772971581383136,0.003395703921681634,0.1630294523313064
JOINT_DIFFUSE,66,true zero,100,0.09469634551318094,0.0014286039548842536,0.15567731448207994
JOINT_DIFFUSE,67,true zero,100,0.09355735223179062,0.002508883350368008,0.15178914594157855
JOINT_DIFFUSE,68,true zero,100,0.10387675537678427,0.006124852766452553,0.16309635855742255
JOINT_DIFFUSE,69,true zero,100,0.09922903836750213,0.00013625741711452449,0.1745014163570915
JOINT_DIFFUSE,70,true zero,100,0.10287700392714327,0.01163472013752638,0.16771141624732525
JOINT_DIFFUSE,71,hidden positive,100,0.5588446772269399,0.27275064692134715,0.8364943786239842
JOINT_DIFFUSE,72,hidden positive,100,0.5155326728394136,0.24846632326470877,0.7924363552054885
JOINT_DIFFUSE,73,hidden positive,100,0.5404053901267458,0.2586760831382365,0.8216012732765
JOINT_DIFFUSE,74,hidden positive,100,0.5657647180578163,0.2951179770345201,0.8324642807712574
JOINT_DIFFUSE,75,hidden positive,100,0.541938070754389,0.30329197001239866,0.7978085673866216
JOINT_DIFFUSE,76,hidden positive,100,0.48669451372061934,0.23353361808298387,0.7483474265674811
JOINT_DIFFUSE,77,hidden positive,100,0.5518569917156322,0.258921696452139,0.8388541378188005
JOINT_DIFFUSE,78,hidden positive,100,0.5509299834787886,0.28500994774149424,0.8198837284836674
JOINT_DIFFUSE,79,hidden positive,100,0.49235768440928157,0.231716207742751,0.7490816005471774
JOINT_DIFFUSE,80,hidden positive,100,0.5609121001756382,0.2803895997722504,0.8302591029457415
JOINT_DIFFUSE,81,observed positive,100,0.8625827904956124,0.751089936640459,0.9999999936457103
JOINT_DIFFUSE,82,observed positive,100,0.8769475274656099,0.7854801846337289,0.9999999958970762
JOINT_DIFFUSE,83,observed positive,100,0.8506886950976544,0.7322750332031396,0.9983413851058609
JOINT_DIFFUSE,84,observed positive,100,0.859269479695186,0.7473804556288051,0.9999999960847609
JOINT_DIFFUSE,85,observed positive,100,0.8568494810253446,0.7436944252726725,0.9973741128270918
JOINT_DIFFUSE,86,observed positive,100,0.8614476418372838,0.7504656984515178,0.9967861390267048
JOINT_DIFFUSE,87,observed positive,100,0.8336096014632252,0.6963798574641927,0.9999999757022147
JOINT_DIFFUSE,88,observed positive,100,0.851225899196337,0.7312217409951459,0.9999999932803365
JOINT_DIFFUSE,89,observed positive,100,0.8644492185904734,0.7566069094946889,0.998492278990789
JOINT_DIFFUSE,90,observed positive,100,0.8540240564361515,0.7443070322422861,0.9945450989380309
JOINT_DIFFUSE,91,observed positive,100,0.8574014887221708,0.7383188684791143,0.9999999931904681
JOINT_DIFFUSE,92,observed positive,100,0.8505437469651755,0.7283444703524224,0.9999999986541911
JOINT_DIFFUSE,93,observed positive,100,0.8422117797131229,0.7131672732793065,0.9962958398517919
JOINT_DIFFUSE,94,observed positive,100,0.841573613989246,0.7131050012734687,0.9949621905438637
JOINT_DIFFUSE,95,observed positive,100,0.8385801094711454,0.7080312287278838,0.9967645001425516
JOINT_DIFFUSE,96,observed positive,100,0.8359778224494587,0.7000483052409274,0.9980393948815655
JOINT_DIFFUSE,97,observed positive,100,0.8534413152219347,0.7381424340021868,0.9961517085084934
JOINT_DIFFUSE,98,observed positive,100,0.8390421914804408,0.7049541158276975,0.9974968471089389
JOINT_DIFFUSE,99,observed positive,100,0.8439211421952935,0.7176142390129211,0.9961779106691308
JOINT_DIFFUSE,100,observed positive,100,0.8481056435325953,0.7231167923458816,0.9999999951907325
