"scenario","replicate","method_id","method","uncertainty_type","Overall_AUC","Hidden_AUC","Hidden_at_15","Hidden_Recall_at_15","Overall_Recall_at_45","Overall_LogLoss","Hidden_LogLoss","Overall_Brier","Hidden_Brier","Overall_Coverage_80","Hidden_Coverage_80","Overall_Interval_Score_80","Hidden_Interval_Score_80","Overall_Coverage_95","Hidden_Coverage_95","Overall_Interval_Score_95","Hidden_Interval_Score_95","runtime_sec"
"Fixed mixed-signal hidden-positive design",1,"ADA","Ada","not available",0.834804381846635,0.741220657276995,3,0.2,0.555555555555556,0.450610595953842,0.83101188370299,0.136943431409668,0.311602183798708,NA,NA,NA,NA,NA,NA,NA,NA,0.529843091964722
"Fixed mixed-signal hidden-positive design",2,"ADA","Ada","not available",0.822910798122066,0.710422535211268,3,0.2,0.511111111111111,0.45889380178371,0.815889827865609,0.144725613574414,0.30809616474682,NA,NA,NA,NA,NA,NA,NA,NA,0.298197031021118
"Fixed mixed-signal hidden-positive design",3,"ADA","Ada","not available",0.860594679186228,0.836056338028169,4,0.266666666666667,0.6,0.437042222779201,0.735549776279612,0.131794584188598,0.263192323263887,NA,NA,NA,NA,NA,NA,NA,NA,0.474931955337524
"Fixed mixed-signal hidden-positive design",4,"ADA","Ada","not available",0.877370892018779,0.725821596244131,5,0.333333333333333,0.688888888888889,0.460314829250665,0.871774548650213,0.138376745683121,0.333000703709045,NA,NA,NA,NA,NA,NA,NA,NA,0.287090063095093
"Fixed mixed-signal hidden-positive design",5,"ADA","Ada","not available",0.828920187793427,0.812394366197183,5,0.333333333333333,0.555555555555556,0.456844568613868,0.715633813024961,0.139361612420058,0.256367910005764,NA,NA,NA,NA,NA,NA,NA,NA,0.506996870040894
"Fixed mixed-signal hidden-positive design",6,"ADA","Ada","not available",0.856651017214398,0.805446009389671,5,0.333333333333333,0.577777777777778,0.416416329134908,0.714378250231071,0.126631114574146,0.261551761382836,NA,NA,NA,NA,NA,NA,NA,NA,0.357720136642456
"Fixed mixed-signal hidden-positive design",7,"ADA","Ada","not available",0.854835680751174,0.806197183098592,5,0.333333333333333,0.533333333333333,0.419117424008078,0.722122466021169,0.127195358439467,0.257591564127625,NA,NA,NA,NA,NA,NA,NA,NA,0.502025127410889
"Fixed mixed-signal hidden-positive design",8,"ADA","Ada","not available",0.827480438184664,0.655023474178404,2,0.133333333333333,0.533333333333333,0.391515583202946,1.30890304149238,0.11854225745925,0.435167636785704,NA,NA,NA,NA,NA,NA,NA,NA,0.452671051025391
"Fixed mixed-signal hidden-positive design",9,"ADA","Ada","not available",0.844381846635368,0.75849765258216,1,0.0666666666666667,0.511111111111111,0.420177000410888,0.859910423706159,0.128704469919904,0.326010548707276,NA,NA,NA,NA,NA,NA,NA,NA,0.306698083877563
"Fixed mixed-signal hidden-positive design",10,"ADA","Ada","not available",0.813145539906103,0.672300469483568,3,0.2,0.6,0.447102944845536,0.995538950206227,0.13733942169795,0.357671078672218,NA,NA,NA,NA,NA,NA,NA,NA,0.407068967819214
"Fixed mixed-signal hidden-positive design",11,"ADA","Ada","not available",0.816525821596244,0.698779342723005,3,0.2,0.488888888888889,0.526344278656461,0.861173168042903,0.168542319658725,0.332464631948376,NA,NA,NA,NA,NA,NA,NA,NA,0.345908880233765
"Fixed mixed-signal hidden-positive design",12,"ADA","Ada","not available",0.776025039123631,0.624037558685446,3,0.2,0.533333333333333,0.435540179917558,1.04187833747961,0.130671178409187,0.397834495547463,NA,NA,NA,NA,NA,NA,NA,NA,0.306916952133179
"Fixed mixed-signal hidden-positive design",13,"ADA","Ada","not available",0.808012519561815,0.68056338028169,4,0.266666666666667,0.6,0.495475477890638,0.861208527804146,0.154583687032725,0.33068436485231,NA,NA,NA,NA,NA,NA,NA,NA,0.42234206199646
"Fixed mixed-signal hidden-positive design",14,"ADA","Ada","not available",0.723755868544601,0.712112676056338,4,0.266666666666667,0.4,0.522951934201633,0.946055774641314,0.166651182150603,0.373992044546877,NA,NA,NA,NA,NA,NA,NA,NA,0.408931970596313
"Fixed mixed-signal hidden-positive design",15,"ADA","Ada","not available",0.784413145539906,0.683192488262911,1,0.0666666666666667,0.511111111111111,0.461332107030234,0.909227999724137,0.14439614798075,0.351844124594041,NA,NA,NA,NA,NA,NA,NA,NA,0.384704113006592
"Fixed mixed-signal hidden-positive design",16,"ADA","Ada","not available",0.890078247261346,0.794741784037559,3,0.2,0.533333333333333,0.41791338430732,0.763965064280718,0.126900106185686,0.283613231633205,NA,NA,NA,NA,NA,NA,NA,NA,0.428789854049683
"Fixed mixed-signal hidden-positive design",17,"ADA","Ada","not available",0.856463223787167,0.769014084507042,7,0.466666666666667,0.622222222222222,0.416277137584479,0.771022846257005,0.126147819121233,0.269158631664984,NA,NA,NA,NA,NA,NA,NA,NA,0.390149831771851
"Fixed mixed-signal hidden-positive design",18,"ADA","Ada","not available",0.782723004694836,0.63943661971831,4,0.266666666666667,0.511111111111111,0.415037817071396,1.11270845661179,0.12699062021614,0.425713533054663,NA,NA,NA,NA,NA,NA,NA,NA,0.503901958465576
"Fixed mixed-signal hidden-positive design",19,"ADA","Ada","not available",0.796995305164319,0.694835680751174,2,0.133333333333333,0.488888888888889,0.526458813275946,0.87507968350081,0.175466844806475,0.316382008072046,NA,NA,NA,NA,NA,NA,NA,NA,0.485941886901855
"Fixed mixed-signal hidden-positive design",20,"ADA","Ada","not available",0.831424100156494,0.75793427230047,4,0.266666666666667,0.466666666666667,0.533471521131452,0.851928714004922,0.171691945236967,0.328229960745795,NA,NA,NA,NA,NA,NA,NA,NA,0.279182910919189
"Fixed mixed-signal hidden-positive design",21,"ADA","Ada","not available",0.890892018779343,0.860093896713615,5,0.333333333333333,0.6,0.468692269636087,0.69059540141769,0.143827251517865,0.248570239943413,NA,NA,NA,NA,NA,NA,NA,NA,0.337502002716064
"Fixed mixed-signal hidden-positive design",22,"ADA","Ada","not available",0.820845070422535,0.697652582159624,3,0.2,0.555555555555556,0.407046614309916,0.962973692506795,0.120780245163134,0.362238207075427,NA,NA,NA,NA,NA,NA,NA,NA,0.414299964904785
"Fixed mixed-signal hidden-positive design",23,"ADA","Ada","not available",0.823912363067293,0.735023474178404,2,0.133333333333333,0.444444444444444,0.499115375352583,0.759301138371676,0.159867363213097,0.281153102203797,NA,NA,NA,NA,NA,NA,NA,NA,0.386900186538696
"Fixed mixed-signal hidden-positive design",24,"ADA","Ada","not available",0.797496087636933,0.76037558685446,3,0.2,0.511111111111111,0.405437159051435,0.897646143801232,0.118895585311376,0.34245691590901,NA,NA,NA,NA,NA,NA,NA,NA,0.24747109413147
"Fixed mixed-signal hidden-positive design",25,"ADA","Ada","not available",0.739092331768388,0.6818779342723,3,0.2,0.333333333333333,0.554038831502446,0.89052322066936,0.181378741406293,0.347482379337618,NA,NA,NA,NA,NA,NA,NA,NA,0.375977993011475
"Fixed mixed-signal hidden-positive design",26,"ADA","Ada","not available",0.834992175273865,0.706291079812207,2,0.133333333333333,0.511111111111111,0.403324229141992,1.15204642539421,0.124233766656122,0.389165980436488,NA,NA,NA,NA,NA,NA,NA,NA,0.323299169540405
"Fixed mixed-signal hidden-positive design",27,"ADA","Ada","not available",0.890328638497653,0.806948356807512,4,0.266666666666667,0.6,0.408145941826803,0.748594553912197,0.122153550920939,0.271782804998898,NA,NA,NA,NA,NA,NA,NA,NA,0.375619173049927
"Fixed mixed-signal hidden-positive design",28,"ADA","Ada","not available",0.82735524256651,0.767511737089202,2,0.133333333333333,0.555555555555556,0.429940203757922,0.797238765219224,0.134506847729374,0.287663884628437,NA,NA,NA,NA,NA,NA,NA,NA,0.535912036895752
"Fixed mixed-signal hidden-positive design",29,"ADA","Ada","not available",0.835743348982786,0.765070422535211,5,0.333333333333333,0.577777777777778,0.450657278093806,0.81072648270763,0.136120880984207,0.305269894239817,NA,NA,NA,NA,NA,NA,NA,NA,0.289528846740723
"Fixed mixed-signal hidden-positive design",30,"ADA","Ada","not available",0.867230046948357,0.789483568075117,5,0.333333333333333,0.622222222222222,0.406408680144371,0.754120372563046,0.124491999183942,0.271230550342284,NA,NA,NA,NA,NA,NA,NA,NA,0.352689027786255
"Fixed mixed-signal hidden-positive design",31,"ADA","Ada","not available",0.835430359937402,0.685633802816901,4,0.266666666666667,0.577777777777778,0.498818846561852,0.856133554929148,0.155922715722914,0.32726121440796,NA,NA,NA,NA,NA,NA,NA,NA,0.333889007568359
"Fixed mixed-signal hidden-positive design",32,"ADA","Ada","not available",0.802253521126761,0.633427230046948,2,0.133333333333333,0.511111111111111,0.470445157000658,0.945578084437881,0.144376505614215,0.368200355318341,NA,NA,NA,NA,NA,NA,NA,NA,0.394491910934448
"Fixed mixed-signal hidden-positive design",33,"ADA","Ada","not available",0.80056338028169,0.664225352112676,4,0.266666666666667,0.533333333333333,0.420644290646394,0.953168608533185,0.126092693799482,0.358906975537673,NA,NA,NA,NA,NA,NA,NA,NA,1.32392692565918
"Fixed mixed-signal hidden-positive design",34,"ADA","Ada","not available",0.819217527386542,0.753802816901408,4,0.266666666666667,0.533333333333333,0.43217273102532,0.839218199288377,0.127645045627246,0.318296156114554,NA,NA,NA,NA,NA,NA,NA,NA,0.88287878036499
"Fixed mixed-signal hidden-positive design",35,"ADA","Ada","not available",0.840625978090767,0.713990610328639,6,0.4,0.577777777777778,0.42432000404735,0.863593139698264,0.129725605102164,0.3172430351296,NA,NA,NA,NA,NA,NA,NA,NA,0.443542003631592
"Fixed mixed-signal hidden-positive design",36,"ADA","Ada","not available",0.852582159624413,0.739342723004695,4,0.266666666666667,0.577777777777778,0.47103806918161,0.803652816463753,0.145851255988941,0.299733623766159,NA,NA,NA,NA,NA,NA,NA,NA,0.72774600982666
"Fixed mixed-signal hidden-positive design",37,"ADA","Ada","not available",0.822660406885759,0.806009389671361,3,0.2,0.533333333333333,0.39665602105547,0.798013679524689,0.120503255491098,0.298108565479554,NA,NA,NA,NA,NA,NA,NA,NA,0.399155855178833
"Fixed mixed-signal hidden-positive design",38,"ADA","Ada","not available",0.81283255086072,0.738591549295775,2,0.133333333333333,0.533333333333333,0.463558592540672,0.852219800715169,0.146676443597641,0.294758832394635,NA,NA,NA,NA,NA,NA,NA,NA,0.326488971710205
"Fixed mixed-signal hidden-positive design",39,"ADA","Ada","not available",0.882566510172144,0.870798122065728,7,0.466666666666667,0.666666666666667,0.390923700298913,0.553947408462031,0.116818009580638,0.1912077546069,NA,NA,NA,NA,NA,NA,NA,NA,0.277995109558105
"Fixed mixed-signal hidden-positive design",40,"ADA","Ada","not available",0.842253521126761,0.795117370892019,5,0.333333333333333,0.555555555555556,0.472120064041413,0.659529274080892,0.14847787030979,0.233846137723649,NA,NA,NA,NA,NA,NA,NA,NA,0.221653938293457
"Fixed mixed-signal hidden-positive design",41,"ADA","Ada","not available",0.78528951486698,0.63906103286385,2,0.133333333333333,0.533333333333333,0.404413065202716,1.15407842498269,0.123598892301251,0.42958361255649,NA,NA,NA,NA,NA,NA,NA,NA,0.403893947601318
"Fixed mixed-signal hidden-positive design",42,"ADA","Ada","not available",0.871549295774648,0.788544600938967,2,0.133333333333333,0.577777777777778,0.422918008808587,0.730408838051125,0.132532841732578,0.268177639474794,NA,NA,NA,NA,NA,NA,NA,NA,0.361337184906006
"Fixed mixed-signal hidden-positive design",43,"ADA","Ada","not available",0.834866979655712,0.774460093896714,4,0.266666666666667,0.6,0.438109677956139,0.734603188816022,0.138238376754253,0.264119083361582,NA,NA,NA,NA,NA,NA,NA,NA,0.522341012954712
"Fixed mixed-signal hidden-positive design",44,"ADA","Ada","not available",0.884945226917058,0.784600938967136,3,0.2,0.555555555555556,0.461783693092502,0.750427248037849,0.141895967517545,0.274286834652766,NA,NA,NA,NA,NA,NA,NA,NA,0.419003963470459
"Fixed mixed-signal hidden-positive design",45,"ADA","Ada","not available",0.836619718309859,0.788169014084507,5,0.333333333333333,0.555555555555556,0.43961217863553,0.762682710255426,0.132777490658806,0.278665778609964,NA,NA,NA,NA,NA,NA,NA,NA,0.290966987609863
"Fixed mixed-signal hidden-positive design",46,"ADA","Ada","not available",0.884319248826291,0.783849765258216,4,0.266666666666667,0.6,0.472485849180508,0.815456824024578,0.144814382894854,0.307771789168672,NA,NA,NA,NA,NA,NA,NA,NA,0.427382946014404
"Fixed mixed-signal hidden-positive design",47,"ADA","Ada","not available",0.848137715179969,0.769389671361502,3,0.2,0.6,0.417590683474481,0.845952797638906,0.123665643681968,0.316650595055155,NA,NA,NA,NA,NA,NA,NA,NA,0.597037076950073
"Fixed mixed-signal hidden-positive design",48,"ADA","Ada","not available",0.881627543035994,0.826291079812207,3,0.2,0.577777777777778,0.390418189544113,0.676657550738097,0.120443914913659,0.244230667248341,NA,NA,NA,NA,NA,NA,NA,NA,0.277933120727539
"Fixed mixed-signal hidden-positive design",49,"ADA","Ada","not available",0.81320813771518,0.740093896713615,8,0.533333333333333,0.6,0.497410959673611,0.78793470760889,0.155297862653908,0.2943203268483,NA,NA,NA,NA,NA,NA,NA,NA,0.305267095565796
"Fixed mixed-signal hidden-positive design",50,"ADA","Ada","not available",0.819968701095462,0.706854460093897,3,0.2,0.555555555555556,0.458312459902929,0.858380849311936,0.139898281954491,0.326038141970739,NA,NA,NA,NA,NA,NA,NA,NA,0.309072017669678
"Fixed mixed-signal hidden-positive design",51,"ADA","Ada","not available",0.822159624413145,0.670798122065728,3,0.2,0.488888888888889,0.471168198487547,0.865124080433904,0.148755574974244,0.325541663627956,NA,NA,NA,NA,NA,NA,NA,NA,0.254055976867676
"Fixed mixed-signal hidden-positive design",52,"ADA","Ada","not available",0.787856025039124,0.550985915492958,4,0.266666666666667,0.6,0.45247453346659,1.0868784514922,0.139771299749987,0.409078042955662,NA,NA,NA,NA,NA,NA,NA,NA,1.10147404670715
"Fixed mixed-signal hidden-positive design",53,"ADA","Ada","not available",0.815148669796557,0.67981220657277,4,0.266666666666667,0.555555555555556,0.444153986784635,0.903190124815705,0.137752183225749,0.343215463824848,NA,NA,NA,NA,NA,NA,NA,NA,0.745593786239624
"Fixed mixed-signal hidden-positive design",54,"ADA","Ada","not available",0.815148669796557,0.651455399061033,3,0.2,0.488888888888889,0.453542047263314,0.942594213368311,0.138151774643917,0.36617018661201,NA,NA,NA,NA,NA,NA,NA,NA,1.24507784843445
"Fixed mixed-signal hidden-positive design",55,"ADA","Ada","not available",0.856838810641628,0.76169014084507,5,0.333333333333333,0.6,0.451693629171735,0.747407091525678,0.144651563075707,0.259179678399435,NA,NA,NA,NA,NA,NA,NA,NA,1.10386991500854
"Fixed mixed-signal hidden-positive design",56,"ADA","Ada","not available",0.119874804381847,0.209201877934272,0,0,0,0.585312725876449,0.932044346451556,0.196418667030077,0.367376596640484,NA,NA,NA,NA,NA,NA,NA,NA,0.818602085113525
"Fixed mixed-signal hidden-positive design",57,"ADA","Ada","not available",0.814272300469484,0.71906103286385,3,0.2,0.488888888888889,0.511947079998561,0.875031027085313,0.161597775001081,0.338950441957948,NA,NA,NA,NA,NA,NA,NA,NA,0.957429170608521
"Fixed mixed-signal hidden-positive design",58,"ADA","Ada","not available",0.89264475743349,0.900093896713615,8,0.533333333333333,0.6,0.428390905185625,0.472498463667293,0.13408563785249,0.149889724607126,NA,NA,NA,NA,NA,NA,NA,NA,1.04932308197021
"Fixed mixed-signal hidden-positive design",59,"ADA","Ada","not available",0.793740219092332,0.738967136150235,3,0.2,0.555555555555556,0.510809783566835,0.808393929759123,0.169238362060911,0.293864982912152,NA,NA,NA,NA,NA,NA,NA,NA,0.700480937957764
"Fixed mixed-signal hidden-positive design",60,"ADA","Ada","not available",0.839311424100156,0.745727699530516,3,0.2,0.533333333333333,0.455382703722417,0.810967215809305,0.139995991922383,0.302207365565664,NA,NA,NA,NA,NA,NA,NA,NA,0.655730009078979
"Fixed mixed-signal hidden-positive design",61,"ADA","Ada","not available",0.845884194053208,0.754178403755869,4,0.266666666666667,0.622222222222222,0.416286794389511,0.834952066310078,0.130804128957074,0.306008545663449,NA,NA,NA,NA,NA,NA,NA,NA,0.799160003662109
"Fixed mixed-signal hidden-positive design",62,"ADA","Ada","not available",0.793677621283255,0.738215962441315,2,0.133333333333333,0.444444444444444,0.497738495372069,0.869166154921731,0.155668173021672,0.335796505491706,NA,NA,NA,NA,NA,NA,NA,NA,0.736654996871948
"Fixed mixed-signal hidden-positive design",63,"ADA","Ada","not available",0.887136150234742,0.827793427230047,5,0.333333333333333,0.577777777777778,0.391444516196285,0.713787696394051,0.115114761006737,0.263423317206195,NA,NA,NA,NA,NA,NA,NA,NA,0.695148944854736
"Fixed mixed-signal hidden-positive design",64,"ADA","Ada","not available",0.85377151799687,0.729577464788732,4,0.266666666666667,0.577777777777778,0.47750438816586,0.818147981973372,0.148090677990727,0.310002953088389,NA,NA,NA,NA,NA,NA,NA,NA,1.33542108535767
"Fixed mixed-signal hidden-positive design",65,"ADA","Ada","not available",0.839937402190923,0.770140845070423,5,0.333333333333333,0.533333333333333,0.449501781703335,0.745738570381121,0.140932773386431,0.257961444015253,NA,NA,NA,NA,NA,NA,NA,NA,1.25719094276428
"Fixed mixed-signal hidden-positive design",66,"ADA","Ada","not available",0.852206572769953,0.717934272300469,5,0.333333333333333,0.555555555555556,0.471759755602453,0.786397802151853,0.150086315725049,0.283815729138897,NA,NA,NA,NA,NA,NA,NA,NA,1.11871600151062
"Fixed mixed-signal hidden-positive design",67,"ADA","Ada","not available",0.85170579029734,0.6781220657277,3,0.2,0.6,0.441871074060112,0.934965720757569,0.132429152193738,0.3616775011098,NA,NA,NA,NA,NA,NA,NA,NA,0.736993074417114
"Fixed mixed-signal hidden-positive design",68,"ADA","Ada","not available",0.888763693270736,0.782347417840376,4,0.266666666666667,0.622222222222222,0.518116546390655,0.839494188923735,0.164391284487595,0.32191734031496,NA,NA,NA,NA,NA,NA,NA,NA,0.852514028549194
"Fixed mixed-signal hidden-positive design",69,"ADA","Ada","not available",0.796619718309859,0.675305164319249,5,0.333333333333333,0.533333333333333,0.416775330778303,0.928408603298222,0.125745701964945,0.351205266426169,NA,NA,NA,NA,NA,NA,NA,NA,0.778243780136108
"Fixed mixed-signal hidden-positive design",70,"ADA","Ada","not available",0.824475743348983,0.79887323943662,4,0.266666666666667,0.555555555555556,0.482456638771832,0.612994179688433,0.156609834806086,0.213205901479758,NA,NA,NA,NA,NA,NA,NA,NA,1.11597585678101
"Fixed mixed-signal hidden-positive design",71,"ADA","Ada","not available",0.824350547730829,0.726197183098592,4,0.266666666666667,0.488888888888889,0.472472167357345,0.792472265026982,0.148908002668398,0.292153773025674,NA,NA,NA,NA,NA,NA,NA,NA,0.974663972854614
"Fixed mixed-signal hidden-positive design",72,"ADA","Ada","not available",0.833114241001565,0.693333333333333,5,0.333333333333333,0.555555555555556,0.44109917864615,0.906128771898943,0.132333674851478,0.345420041455095,NA,NA,NA,NA,NA,NA,NA,NA,0.97849702835083
"Fixed mixed-signal hidden-positive design",73,"ADA","Ada","not available",0.823912363067293,0.755492957746479,3,0.2,0.533333333333333,0.421134427848211,0.854821106016247,0.129820585770003,0.323323596532139,NA,NA,NA,NA,NA,NA,NA,NA,0.697751045227051
"Fixed mixed-signal hidden-positive design",74,"ADA","Ada","not available",0.795931142410016,0.674929577464789,4,0.266666666666667,0.555555555555556,0.436563697280319,1.04474279356738,0.136383973531551,0.347642896665204,NA,NA,NA,NA,NA,NA,NA,NA,1.13416600227356
"Fixed mixed-signal hidden-positive design",75,"ADA","Ada","not available",0.848763693270736,0.696713615023474,3,0.2,0.577777777777778,0.469537364497253,0.855100857596943,0.146452588672658,0.316441156660239,NA,NA,NA,NA,NA,NA,NA,NA,0.879498958587646
"Fixed mixed-signal hidden-positive design",76,"ADA","Ada","not available",0.767136150234742,0.629859154929577,3,0.2,0.533333333333333,0.463669053766205,1.07692728988088,0.147337179266712,0.376218265353176,NA,NA,NA,NA,NA,NA,NA,NA,0.816602230072021
"Fixed mixed-signal hidden-positive design",77,"ADA","Ada","not available",0.816025039123631,0.650892018779343,3,0.2,0.511111111111111,0.476138795228485,0.899437933359432,0.150090716980252,0.339529398447586,NA,NA,NA,NA,NA,NA,NA,NA,1.08271193504333
"Fixed mixed-signal hidden-positive design",78,"ADA","Ada","not available",0.835054773082942,0.745164319248826,3,0.2,0.6,0.377579386412928,0.928602264489881,0.113706032787692,0.326640209652779,NA,NA,NA,NA,NA,NA,NA,NA,1.11983799934387
"Fixed mixed-signal hidden-positive design",79,"ADA","Ada","not available",0.808388106416275,0.674178403755869,6,0.4,0.577777777777778,0.467675077761364,0.826524236645681,0.145392715006378,0.306307108697473,NA,NA,NA,NA,NA,NA,NA,NA,1.09683895111084
"Fixed mixed-signal hidden-positive design",80,"ADA","Ada","not available",0.849702660406886,0.776901408450704,5,0.333333333333333,0.622222222222222,0.431268788512706,0.804506798125497,0.127136786895947,0.301356289429483,NA,NA,NA,NA,NA,NA,NA,NA,1.05613899230957
"Fixed mixed-signal hidden-positive design",81,"ADA","Ada","not available",0.821471048513302,0.715117370892019,6,0.4,0.555555555555556,0.429147755121716,0.882597331112901,0.128259457121348,0.329042265801571,NA,NA,NA,NA,NA,NA,NA,NA,1.06392908096313
"Fixed mixed-signal hidden-positive design",82,"ADA","Ada","not available",0.798935837245696,0.731079812206573,2,0.133333333333333,0.488888888888889,0.480476746860509,0.840981237937488,0.149307861067127,0.319940811197742,NA,NA,NA,NA,NA,NA,NA,NA,1.3197340965271
"Fixed mixed-signal hidden-positive design",83,"ADA","Ada","not available",0.857402190923318,0.773896713615023,5,0.333333333333333,0.622222222222222,0.421660946314308,0.787162189881468,0.127663103231688,0.285915726916282,NA,NA,NA,NA,NA,NA,NA,NA,1.13758897781372
"Fixed mixed-signal hidden-positive design",84,"ADA","Ada","not available",0.833677621283255,0.756995305164319,5,0.333333333333333,0.622222222222222,0.504724651467407,0.834871880750339,0.1583314571399,0.318662409498695,NA,NA,NA,NA,NA,NA,NA,NA,1.0164589881897
"Fixed mixed-signal hidden-positive design",85,"ADA","Ada","not available",0.807386541471048,0.71906103286385,4,0.266666666666667,0.511111111111111,0.404024398285957,0.937414343042001,0.121989184864564,0.342093334598667,NA,NA,NA,NA,NA,NA,NA,NA,1.28250980377197
"Fixed mixed-signal hidden-positive design",86,"ADA","Ada","not available",0.831987480438185,0.702347417840376,2,0.133333333333333,0.555555555555556,0.436854701688708,0.913680705220507,0.133976338028302,0.330431238258173,NA,NA,NA,NA,NA,NA,NA,NA,0.999011993408203
"Fixed mixed-signal hidden-positive design",87,"ADA","Ada","not available",0.817902973395931,0.709859154929578,3,0.2,0.488888888888889,0.418729909229166,0.929423752145547,0.128684332227907,0.346000271268338,NA,NA,NA,NA,NA,NA,NA,NA,1.04410886764526
"Fixed mixed-signal hidden-positive design",88,"ADA","Ada","not available",0.85433489827856,0.753615023474178,3,0.2,0.511111111111111,0.41309667889509,0.840382107470245,0.125890400936239,0.312296280703042,NA,NA,NA,NA,NA,NA,NA,NA,1.24074506759644
"Fixed mixed-signal hidden-positive design",89,"ADA","Ada","not available",0.866291079812207,0.815586854460094,7,0.466666666666667,0.577777777777778,0.442122069021546,0.695469471717734,0.134019526844585,0.249026963432085,NA,NA,NA,NA,NA,NA,NA,NA,1.51701903343201
"Fixed mixed-signal hidden-positive design",90,"ADA","Ada","not available",0.801377151799687,0.727887323943662,4,0.266666666666667,0.555555555555556,0.461177439301053,0.795013927868896,0.143967292072896,0.292669250955091,NA,NA,NA,NA,NA,NA,NA,NA,1.07394909858704
"Fixed mixed-signal hidden-positive design",91,"ADA","Ada","not available",0.817339593114241,0.690140845070423,3,0.2,0.555555555555556,0.43728647395063,0.952368882050326,0.131426903905839,0.364530562073204,NA,NA,NA,NA,NA,NA,NA,NA,1.28532791137695
"Fixed mixed-signal hidden-positive design",92,"ADA","Ada","not available",0.822472613458529,0.707230046948357,2,0.133333333333333,0.488888888888889,0.45733300915211,0.860986155701096,0.142853980219856,0.32635516221996,NA,NA,NA,NA,NA,NA,NA,NA,1.40497398376465
"Fixed mixed-signal hidden-positive design",93,"ADA","Ada","not available",0.798059467918623,0.682253521126761,4,0.266666666666667,0.577777777777778,0.424325233731806,0.935121582371102,0.126770085082712,0.355628861303969,NA,NA,NA,NA,NA,NA,NA,NA,1.09335494041443
"Fixed mixed-signal hidden-positive design",94,"ADA","Ada","not available",0.808075117370892,0.677746478873239,3,0.2,0.511111111111111,0.404296593478797,1.04676697669423,0.124007690139389,0.377855592228647,NA,NA,NA,NA,NA,NA,NA,NA,1.08184409141541
"Fixed mixed-signal hidden-positive design",95,"ADA","Ada","not available",0.848513302034429,0.777276995305164,3,0.2,0.577777777777778,0.421173416142857,0.794755023680306,0.129008850959132,0.294578514527369,NA,NA,NA,NA,NA,NA,NA,NA,1.11442303657532
"Fixed mixed-signal hidden-positive design",96,"ADA","Ada","not available",0.822785602503912,0.752863849765258,6,0.4,0.577777777777778,0.419243544197932,0.77799425228226,0.12386260616895,0.283792293071393,NA,NA,NA,NA,NA,NA,NA,NA,0.984823942184448
"Fixed mixed-signal hidden-positive design",97,"ADA","Ada","not available",0.843568075117371,0.737276995305164,2,0.133333333333333,0.533333333333333,0.462889324062545,0.811933373203838,0.150432665625864,0.294472257312849,NA,NA,NA,NA,NA,NA,NA,NA,1.05737900733948
"Fixed mixed-signal hidden-positive design",98,"ADA","Ada","not available",0.804569640062598,0.674178403755869,3,0.2,0.488888888888889,0.440021426442478,0.991197694474265,0.13877602050036,0.377742012873549,NA,NA,NA,NA,NA,NA,NA,NA,0.261634111404419
"Fixed mixed-signal hidden-positive design",99,"ADA","Ada","not available",0.859342723004695,0.830046948356807,8,0.533333333333333,0.711111111111111,0.345827622052023,0.693872447835166,0.0992866271454953,0.224054667873583,NA,NA,NA,NA,NA,NA,NA,NA,0.257289886474609
"Fixed mixed-signal hidden-positive design",100,"ADA","Ada","not available",0.855899843505477,0.763943661971831,7,0.466666666666667,0.666666666666667,0.394579511142592,0.797359272790151,0.115342937416155,0.276962791241209,NA,NA,NA,NA,NA,NA,NA,NA,0.375590085983276
"Fixed mixed-signal hidden-positive design",1,"ADA_NET","Ada + Net","not available",0.86528951486698,0.807699530516432,3,0.2,0.644444444444444,0.475993202025506,0.792274256925791,0.146192169317617,0.297937381204707,NA,NA,NA,NA,NA,NA,NA,NA,0.61509108543396
"Fixed mixed-signal hidden-positive design",2,"ADA_NET","Ada + Net","not available",0.805946791862285,0.601877934272301,2,0.133333333333333,0.488888888888889,0.525889650495825,0.890917934068479,0.16859564954113,0.346335986421897,NA,NA,NA,NA,NA,NA,NA,NA,0.304475069046021
"Fixed mixed-signal hidden-positive design",3,"ADA_NET","Ada + Net","not available",0.849827856025039,0.819342723004695,4,0.266666666666667,0.6,0.470577755259984,0.751907029724169,0.14465307881775,0.275135732768111,NA,NA,NA,NA,NA,NA,NA,NA,0.431994915008545
"Fixed mixed-signal hidden-positive design",4,"ADA_NET","Ada + Net","not available",0.827042253521127,0.700093896713615,1,0.0666666666666667,0.577777777777778,0.435864222669447,0.916593357235735,0.131676881780074,0.345808359136405,NA,NA,NA,NA,NA,NA,NA,NA,0.438698053359985
"Fixed mixed-signal hidden-positive design",5,"ADA_NET","Ada + Net","not available",0.124882629107981,0.260845070422535,0,0,0.0444444444444444,0.5813469506096,0.926210529989668,0.194527985979594,0.36451665493574,NA,NA,NA,NA,NA,NA,NA,NA,0.376461029052734
"Fixed mixed-signal hidden-positive design",6,"ADA_NET","Ada + Net","not available",0.842003129890454,0.766009389671361,4,0.266666666666667,0.577777777777778,0.450377150747579,0.733693851985336,0.140570256858038,0.269006580847442,NA,NA,NA,NA,NA,NA,NA,NA,0.410568952560425
"Fixed mixed-signal hidden-positive design",7,"ADA_NET","Ada + Net","not available",0.818841940532081,0.75793427230047,5,0.333333333333333,0.533333333333333,0.448329394894376,0.763396334290456,0.142351655600348,0.272261782142553,NA,NA,NA,NA,NA,NA,NA,NA,0.30363392829895
"Fixed mixed-signal hidden-positive design",8,"ADA_NET","Ada + Net","not available",0.847073552425665,0.675680751173709,2,0.133333333333333,0.555555555555556,0.397889679201668,1.11230661306052,0.122140848859602,0.386185286923331,NA,NA,NA,NA,NA,NA,NA,NA,0.507759094238281
"Fixed mixed-signal hidden-positive design",9,"ADA_NET","Ada + Net","not available",0.852519561815337,0.753427230046948,5,0.333333333333333,0.577777777777778,0.401419961175962,0.886166487775738,0.11987133913339,0.336439840309723,NA,NA,NA,NA,NA,NA,NA,NA,0.364400863647461
"Fixed mixed-signal hidden-positive design",10,"ADA_NET","Ada + Net","not available",0.803380281690141,0.60093896713615,1,0.0666666666666667,0.488888888888889,0.494434525274033,0.952799690169415,0.156185865062762,0.367590091924402,NA,NA,NA,NA,NA,NA,NA,NA,0.304373025894165
"Fixed mixed-signal hidden-positive design",11,"ADA_NET","Ada + Net","not available",0.820782472613458,0.724882629107981,4,0.266666666666667,0.577777777777778,0.489150779054481,0.829723546531488,0.152941416522075,0.314836449714893,NA,NA,NA,NA,NA,NA,NA,NA,0.344801187515259
"Fixed mixed-signal hidden-positive design",12,"ADA_NET","Ada + Net","not available",0.7339593114241,0.551361502347418,2,0.133333333333333,0.488888888888889,0.436829011585575,1.22421957638105,0.133349600263345,0.461310044334994,NA,NA,NA,NA,NA,NA,NA,NA,0.321321964263916
"Fixed mixed-signal hidden-positive design",13,"ADA_NET","Ada + Net","not available",0.782660406885759,0.666666666666667,3,0.2,0.488888888888889,0.472105790024998,0.888524335924293,0.146887961332312,0.337965191388238,NA,NA,NA,NA,NA,NA,NA,NA,0.261978149414062
"Fixed mixed-signal hidden-positive design",14,"ADA_NET","Ada + Net","not available",0.145790297339593,0.288262910798122,1,0.0666666666666667,0.0444444444444444,0.554304526372934,0.973554009930096,0.181451107359517,0.386964251982573,NA,NA,NA,NA,NA,NA,NA,NA,0.31644606590271
"Fixed mixed-signal hidden-positive design",15,"ADA_NET","Ada + Net","not available",0.714428794992175,0.511173708920188,2,0.133333333333333,0.444444444444444,0.482363477039642,1.08724486335594,0.151834810746418,0.425767233050152,NA,NA,NA,NA,NA,NA,NA,NA,0.371978044509888
"Fixed mixed-signal hidden-positive design",16,"ADA_NET","Ada + Net","not available",0.873176838810642,0.749671361502347,5,0.333333333333333,0.6,0.416925433745674,0.811204103063867,0.129969185419152,0.289745285812838,NA,NA,NA,NA,NA,NA,NA,NA,0.320224046707153
"Fixed mixed-signal hidden-positive design",17,"ADA_NET","Ada + Net","not available",0.851580594679186,0.739342723004695,5,0.333333333333333,0.6,0.424930830823244,0.852220200310553,0.134162947612051,0.286167125609413,NA,NA,NA,NA,NA,NA,NA,NA,0.491850137710571
"Fixed mixed-signal hidden-positive design",18,"ADA_NET","Ada + Net","not available",0.771142410015649,0.562253521126761,2,0.133333333333333,0.488888888888889,0.470667097107915,1.03540484740302,0.145253227967465,0.405420659086336,NA,NA,NA,NA,NA,NA,NA,NA,0.423005104064941
"Fixed mixed-signal hidden-positive design",19,"ADA_NET","Ada + Net","not available",0.787793427230047,0.662535211267606,3,0.2,0.488888888888889,0.487351266984217,0.864446370987929,0.154855088129255,0.326151126014971,NA,NA,NA,NA,NA,NA,NA,NA,0.401476144790649
"Fixed mixed-signal hidden-positive design",20,"ADA_NET","Ada + Net","not available",0.805884194053208,0.713051643192488,3,0.2,0.444444444444444,0.518146984818738,0.73851650315711,0.17294060944919,0.268979125196517,NA,NA,NA,NA,NA,NA,NA,NA,0.292901039123535
"Fixed mixed-signal hidden-positive design",21,"ADA_NET","Ada + Net","not available",0.871048513302034,0.851643192488263,2,0.133333333333333,0.555555555555556,0.47855041981877,0.618242504435478,0.151070270835251,0.214858989666455,NA,NA,NA,NA,NA,NA,NA,NA,0.489880084991455
"Fixed mixed-signal hidden-positive design",22,"ADA_NET","Ada + Net","not available",0.81377151799687,0.676056338028169,4,0.266666666666667,0.555555555555556,0.457894299549225,0.916640190377521,0.139212966609721,0.352680349030978,NA,NA,NA,NA,NA,NA,NA,NA,0.550745964050293
"Fixed mixed-signal hidden-positive design",23,"ADA_NET","Ada + Net","not available",0.824350547730829,0.712112676056338,1,0.0666666666666667,0.466666666666667,0.500290302537217,0.823209279812108,0.15909311190324,0.312186573035312,NA,NA,NA,NA,NA,NA,NA,NA,0.566956996917725
"Fixed mixed-signal hidden-positive design",24,"ADA_NET","Ada + Net","not available",0.80093896713615,0.730704225352113,3,0.2,0.488888888888889,0.451177568642401,0.855451977039701,0.138533927169717,0.320529149205431,NA,NA,NA,NA,NA,NA,NA,NA,0.496953964233398
"Fixed mixed-signal hidden-positive design",25,"ADA_NET","Ada + Net","not available",0.860093896713615,0.726572769953052,3,0.2,0.555555555555556,0.475059277889207,0.768632856232072,0.151208650356617,0.277093893058273,NA,NA,NA,NA,NA,NA,NA,NA,0.355837106704712
"Fixed mixed-signal hidden-positive design",26,"ADA_NET","Ada + Net","not available",0.839874804381847,0.747793427230047,4,0.266666666666667,0.644444444444444,0.385092281560724,1.01342227181963,0.115273476480327,0.310052781298789,NA,NA,NA,NA,NA,NA,NA,NA,0.320565938949585
"Fixed mixed-signal hidden-positive design",27,"ADA_NET","Ada + Net","not available",0.848137715179969,0.711361502347418,3,0.2,0.577777777777778,0.4426832842797,0.883555912504637,0.13398382152169,0.334112407141219,NA,NA,NA,NA,NA,NA,NA,NA,0.249910116195679
"Fixed mixed-signal hidden-positive design",28,"ADA_NET","Ada + Net","not available",0.818591549295775,0.608450704225352,0,0,0.488888888888889,0.528845633583151,0.923909110900947,0.16949743441493,0.36347378640067,NA,NA,NA,NA,NA,NA,NA,NA,0.252912998199463
"Fixed mixed-signal hidden-positive design",29,"ADA_NET","Ada + Net","not available",0.832863849765258,0.71868544600939,4,0.266666666666667,0.533333333333333,0.522742886586978,0.872626174111603,0.166593903892046,0.338199034232707,NA,NA,NA,NA,NA,NA,NA,NA,0.260164976119995
"Fixed mixed-signal hidden-positive design",30,"ADA_NET","Ada + Net","not available",0.862910798122066,0.739718309859155,6,0.4,0.666666666666667,0.446919745130544,0.825504106690065,0.134390852965177,0.309547532154225,NA,NA,NA,NA,NA,NA,NA,NA,0.395926952362061
"Fixed mixed-signal hidden-positive design",31,"ADA_NET","Ada + Net","not available",0.782660406885759,0.605070422535211,2,0.133333333333333,0.466666666666667,0.541383603149946,0.897588384962365,0.17537873884065,0.350441580907521,NA,NA,NA,NA,NA,NA,NA,NA,0.399770975112915
"Fixed mixed-signal hidden-positive design",32,"ADA_NET","Ada + Net","not available",0.848012519561815,0.67887323943662,2,0.133333333333333,0.533333333333333,0.424083746979728,0.966882674514917,0.126616000292056,0.37546312499427,NA,NA,NA,NA,NA,NA,NA,NA,0.313475131988525
"Fixed mixed-signal hidden-positive design",33,"ADA_NET","Ada + Net","not available",0.778779342723005,0.607323943661972,2,0.133333333333333,0.488888888888889,0.450168974064827,1.09283177167118,0.141370126315766,0.420042094370328,NA,NA,NA,NA,NA,NA,NA,NA,1.19228601455688
"Fixed mixed-signal hidden-positive design",34,"ADA_NET","Ada + Net","not available",0.810954616588419,0.75981220657277,5,0.333333333333333,0.622222222222222,0.455012317901296,0.821765572826019,0.137057172036502,0.311441689793514,NA,NA,NA,NA,NA,NA,NA,NA,1.27687001228333
"Fixed mixed-signal hidden-positive design",35,"ADA_NET","Ada + Net","not available",0.846697965571205,0.765258215962441,2,0.133333333333333,0.533333333333333,0.444975381862628,0.808217443531277,0.138640003971521,0.288839918792809,NA,NA,NA,NA,NA,NA,NA,NA,0.311698913574219
"Fixed mixed-signal hidden-positive design",36,"ADA_NET","Ada + Net","not available",0.822660406885759,0.676619718309859,0,0,0.466666666666667,0.495142732090055,0.862721588432491,0.156602702229321,0.329456461209968,NA,NA,NA,NA,NA,NA,NA,NA,0.854302167892456
"Fixed mixed-signal hidden-positive design",37,"ADA_NET","Ada + Net","not available",0.795618153364632,0.728638497652582,1,0.0666666666666667,0.466666666666667,0.458069909038665,0.843626626864579,0.148433008592678,0.314543033593047,NA,NA,NA,NA,NA,NA,NA,NA,0.44438099861145
"Fixed mixed-signal hidden-positive design",38,"ADA_NET","Ada + Net","not available",0.875680751173709,0.742723004694836,5,0.333333333333333,0.688888888888889,0.492554277581721,0.767204607626721,0.153909057457613,0.285194047494469,NA,NA,NA,NA,NA,NA,NA,NA,0.383228063583374
"Fixed mixed-signal hidden-positive design",39,"ADA_NET","Ada + Net","not available",0.928388106416275,0.95981220657277,9,0.6,0.711111111111111,0.356453163431973,0.236233570074766,0.107741357456687,0.0647409714848337,NA,NA,NA,NA,NA,NA,NA,NA,0.382083892822266
"Fixed mixed-signal hidden-positive design",40,"ADA_NET","Ada + Net","not available",0.827793427230047,0.743661971830986,2,0.133333333333333,0.533333333333333,0.498845253098612,0.816639400722986,0.156104761538284,0.309318317273305,NA,NA,NA,NA,NA,NA,NA,NA,0.257858037948608
"Fixed mixed-signal hidden-positive design",41,"ADA_NET","Ada + Net","not available",0.81264475743349,0.654460093896714,2,0.133333333333333,0.533333333333333,0.383740909305967,1.22231076158219,0.116309587292948,0.445726964357022,NA,NA,NA,NA,NA,NA,NA,NA,0.283010959625244
"Fixed mixed-signal hidden-positive design",42,"ADA_NET","Ada + Net","not available",0.860845070422535,0.772206572769953,1,0.0666666666666667,0.511111111111111,0.478510561050988,0.681639777735908,0.159500679812188,0.243747810016786,NA,NA,NA,NA,NA,NA,NA,NA,0.508181810379028
"Fixed mixed-signal hidden-positive design",43,"ADA_NET","Ada + Net","not available",0.844256651017214,0.773708920187793,4,0.266666666666667,0.577777777777778,0.476325560295231,0.687626834638378,0.153645534625695,0.242428922347209,NA,NA,NA,NA,NA,NA,NA,NA,0.367841005325317
"Fixed mixed-signal hidden-positive design",44,"ADA_NET","Ada + Net","not available",0.861345852895149,0.704976525821596,3,0.2,0.577777777777778,0.48019144822104,0.848451159200047,0.148889828352827,0.322726191220543,NA,NA,NA,NA,NA,NA,NA,NA,0.409924030303955
"Fixed mixed-signal hidden-positive design",45,"ADA_NET","Ada + Net","not available",0.824413145539906,0.781220657276995,5,0.333333333333333,0.555555555555556,0.447944499458801,0.757698310895285,0.135495062659206,0.275690887999183,NA,NA,NA,NA,NA,NA,NA,NA,0.404407024383545
"Fixed mixed-signal hidden-positive design",46,"ADA_NET","Ada + Net","not available",0.861533646322379,0.751737089201878,2,0.133333333333333,0.555555555555556,0.474063412734552,0.82028497502671,0.146310084443443,0.309307633568549,NA,NA,NA,NA,NA,NA,NA,NA,0.387768983840942
"Fixed mixed-signal hidden-positive design",47,"ADA_NET","Ada + Net","not available",0.802378716744914,0.727511737089202,2,0.133333333333333,0.533333333333333,0.405391763952077,0.935374167969102,0.122847445883728,0.340164564796073,NA,NA,NA,NA,NA,NA,NA,NA,0.257808208465576
"Fixed mixed-signal hidden-positive design",48,"ADA_NET","Ada + Net","not available",0.880688575899844,0.80150234741784,3,0.2,0.6,0.440134045718339,0.717711105970057,0.135961323876025,0.262462146105145,NA,NA,NA,NA,NA,NA,NA,NA,0.332834959030151
"Fixed mixed-signal hidden-positive design",49,"ADA_NET","Ada + Net","not available",0.803255086071987,0.729765258215962,7,0.466666666666667,0.555555555555556,0.505925205385966,0.818697506493793,0.159148661774114,0.309655576077002,NA,NA,NA,NA,NA,NA,NA,NA,0.377106904983521
"Fixed mixed-signal hidden-positive design",50,"ADA_NET","Ada + Net","not available",0.774272300469484,0.618967136150235,2,0.133333333333333,0.511111111111111,0.468971014756338,0.98672357273797,0.146960266847489,0.377875169574834,NA,NA,NA,NA,NA,NA,NA,NA,0.433662891387939
"Fixed mixed-signal hidden-positive design",51,"ADA_NET","Ada + Net","not available",0.809014084507042,0.621408450704225,2,0.133333333333333,0.533333333333333,0.48329200378954,0.926406300767,0.150961950388859,0.357272711047935,NA,NA,NA,NA,NA,NA,NA,NA,0.374874114990234
"Fixed mixed-signal hidden-positive design",52,"ADA_NET","Ada + Net","not available",0.808200312989045,0.593051643192488,4,0.266666666666667,0.533333333333333,0.444173207089934,1.08791102447073,0.14000776420915,0.397583606472689,NA,NA,NA,NA,NA,NA,NA,NA,0.825886011123657
"Fixed mixed-signal hidden-positive design",53,"ADA_NET","Ada + Net","not available",0.804882629107981,0.71830985915493,1,0.0666666666666667,0.488888888888889,0.466742783105361,0.8269715698751,0.149344480371005,0.304441127119564,NA,NA,NA,NA,NA,NA,NA,NA,0.716047048568726
"Fixed mixed-signal hidden-positive design",54,"ADA_NET","Ada + Net","not available",0.825539906103286,0.68093896713615,2,0.133333333333333,0.555555555555556,0.457186268384183,0.925637433021833,0.140813348442825,0.351474728747156,NA,NA,NA,NA,NA,NA,NA,NA,0.965501070022583
"Fixed mixed-signal hidden-positive design",55,"ADA_NET","Ada + Net","not available",0.845884194053208,0.749295774647887,3,0.2,0.622222222222222,0.428489127871034,0.82248310257675,0.130950952358362,0.295389782049608,NA,NA,NA,NA,NA,NA,NA,NA,1.14564394950867
"Fixed mixed-signal hidden-positive design",56,"ADA_NET","Ada + Net","not available",0.540031298904538,0.449577464788732,0,0,0.266666666666667,0.547995949286072,0.93863820930017,0.178477795830172,0.370628842007631,NA,NA,NA,NA,NA,NA,NA,NA,0.978364944458008
"Fixed mixed-signal hidden-positive design",57,"ADA_NET","Ada + Net","not available",0.797120500782473,0.669671361502347,3,0.2,0.511111111111111,0.475978090015743,0.922831472530939,0.146098958840446,0.359115013396176,NA,NA,NA,NA,NA,NA,NA,NA,1.00545501708984
"Fixed mixed-signal hidden-positive design",58,"ADA_NET","Ada + Net","not available",0.899029733959311,0.891643192488263,5,0.333333333333333,0.666666666666667,0.444111637289778,0.569135316946853,0.135886049192283,0.191428965644714,NA,NA,NA,NA,NA,NA,NA,NA,0.885183095932007
"Fixed mixed-signal hidden-positive design",59,"ADA_NET","Ada + Net","not available",0.804319248826291,0.699154929577465,3,0.2,0.444444444444444,0.545887281099662,0.75068211605024,0.185418709002094,0.27003520537479,NA,NA,NA,NA,NA,NA,NA,NA,0.804749965667725
"Fixed mixed-signal hidden-positive design",60,"ADA_NET","Ada + Net","not available",0.860532081377152,0.796056338028169,3,0.2,0.533333333333333,0.459399984635421,0.695658008981017,0.143308917999578,0.245406036173952,NA,NA,NA,NA,NA,NA,NA,NA,0.822526931762695
"Fixed mixed-signal hidden-positive design",61,"ADA_NET","Ada + Net","not available",0.853145539906103,0.766009389671361,6,0.4,0.688888888888889,0.369374392211667,0.883194132070543,0.108173047575459,0.323942698213202,NA,NA,NA,NA,NA,NA,NA,NA,0.806926012039185
"Fixed mixed-signal hidden-positive design",62,"ADA_NET","Ada + Net","not available",0.675993740219092,0.605258215962441,2,0.133333333333333,0.333333333333333,0.557860880833123,0.894230714405163,0.18321398897813,0.349270349531035,NA,NA,NA,NA,NA,NA,NA,NA,1.14359593391418
"Fixed mixed-signal hidden-positive design",63,"ADA_NET","Ada + Net","not available",0.880500782472613,0.825539906103286,5,0.333333333333333,0.577777777777778,0.389524695222033,0.689324120134286,0.118375021700745,0.255576510449991,NA,NA,NA,NA,NA,NA,NA,NA,0.805279016494751
"Fixed mixed-signal hidden-positive design",64,"ADA_NET","Ada + Net","not available",0.835680751173709,0.696713615023474,3,0.2,0.577777777777778,0.474360254683126,0.837884471319059,0.150756429311874,0.315069177830422,NA,NA,NA,NA,NA,NA,NA,NA,1.61350607872009
"Fixed mixed-signal hidden-positive design",65,"ADA_NET","Ada + Net","not available",0.855461658841941,0.775211267605634,3,0.2,0.555555555555556,0.525303229373361,0.849974501933766,0.167824947377772,0.326943008549872,NA,NA,NA,NA,NA,NA,NA,NA,1.41298604011536
"Fixed mixed-signal hidden-positive design",66,"ADA_NET","Ada + Net","not available",0.873176838810642,0.793427230046948,5,0.333333333333333,0.577777777777778,0.452114815603875,0.748669386194558,0.137121048050666,0.274659641559333,NA,NA,NA,NA,NA,NA,NA,NA,0.999695062637329
"Fixed mixed-signal hidden-positive design",67,"ADA_NET","Ada + Net","not available",0.838372456964006,0.711361502347418,2,0.133333333333333,0.533333333333333,0.443961535576613,0.871939803384916,0.137716836095353,0.330955932742487,NA,NA,NA,NA,NA,NA,NA,NA,0.761120080947876
"Fixed mixed-signal hidden-positive design",68,"ADA_NET","Ada + Net","not available",0.874741784037559,0.826103286384977,7,0.466666666666667,0.622222222222222,0.466444744564312,0.761204155467497,0.141498483880302,0.282335050937815,NA,NA,NA,NA,NA,NA,NA,NA,1.09711813926697
"Fixed mixed-signal hidden-positive design",69,"ADA_NET","Ada + Net","not available",0.802003129890454,0.63943661971831,3,0.2,0.555555555555556,0.476718309337196,0.93419065529791,0.146094052458236,0.363992664721803,NA,NA,NA,NA,NA,NA,NA,NA,1.01458501815796
"Fixed mixed-signal hidden-positive design",70,"ADA_NET","Ada + Net","not available",0.860031298904538,0.814647887323944,3,0.2,0.533333333333333,0.474898551895398,0.748061096552044,0.147266188523057,0.276930433265389,NA,NA,NA,NA,NA,NA,NA,NA,1.09741687774658
"Fixed mixed-signal hidden-positive design",71,"ADA_NET","Ada + Net","not available",0.802566510172144,0.709671361502347,5,0.333333333333333,0.555555555555556,0.500383743763595,0.78287731518245,0.162777819460374,0.286378091034181,NA,NA,NA,NA,NA,NA,NA,NA,0.786224126815796
"Fixed mixed-signal hidden-positive design",72,"ADA_NET","Ada + Net","not available",0.84018779342723,0.729577464788732,2,0.133333333333333,0.511111111111111,0.476733990230816,0.848932623353176,0.147098662699139,0.325262824913879,NA,NA,NA,NA,NA,NA,NA,NA,1.04545187950134
"Fixed mixed-signal hidden-positive design",73,"ADA_NET","Ada + Net","not available",0.840625978090767,0.80112676056338,4,0.266666666666667,0.6,0.441674184012948,0.763224207557224,0.135649045754091,0.279312823768837,NA,NA,NA,NA,NA,NA,NA,NA,0.893430948257446
"Fixed mixed-signal hidden-positive design",74,"ADA_NET","Ada + Net","not available",0.827793427230047,0.696150234741784,4,0.266666666666667,0.622222222222222,0.471635356866232,0.869581784772812,0.144475287868849,0.332750527242377,NA,NA,NA,NA,NA,NA,NA,NA,1.16809511184692
"Fixed mixed-signal hidden-positive design",75,"ADA_NET","Ada + Net","not available",0.803317683881064,0.635492957746479,3,0.2,0.511111111111111,0.484662999497433,0.960535499163024,0.156449115519693,0.348691753580788,NA,NA,NA,NA,NA,NA,NA,NA,0.878682851791382
"Fixed mixed-signal hidden-positive design",76,"ADA_NET","Ada + Net","not available",0.795367762128325,0.643568075117371,3,0.2,0.511111111111111,0.518246205265502,0.874006319199107,0.165183454521597,0.336003336743365,NA,NA,NA,NA,NA,NA,NA,NA,1.0315260887146
"Fixed mixed-signal hidden-positive design",77,"ADA_NET","Ada + Net","not available",0.837746478873239,0.731643192488263,2,0.133333333333333,0.488888888888889,0.517872653351033,0.712986090412075,0.170011736563948,0.258771585645034,NA,NA,NA,NA,NA,NA,NA,NA,1.10433316230774
"Fixed mixed-signal hidden-positive design",78,"ADA_NET","Ada + Net","not available",0.854835680751174,0.793802816901408,2,0.133333333333333,0.577777777777778,0.389025617419733,0.818596859354631,0.119677367507721,0.276728895971781,NA,NA,NA,NA,NA,NA,NA,NA,1.0342390537262
"Fixed mixed-signal hidden-positive design",79,"ADA_NET","Ada + Net","not available",0.811205007824726,0.673802816901408,5,0.333333333333333,0.533333333333333,0.442748526774001,0.91205228731834,0.139340896286848,0.336916638899658,NA,NA,NA,NA,NA,NA,NA,NA,1.00136590003967
"Fixed mixed-signal hidden-positive design",80,"ADA_NET","Ada + Net","not available",0.826103286384977,0.732394366197183,4,0.266666666666667,0.577777777777778,0.519601673843251,0.852587783495458,0.165053350490415,0.328095480332931,NA,NA,NA,NA,NA,NA,NA,NA,1.09375214576721
"Fixed mixed-signal hidden-positive design",81,"ADA_NET","Ada + Net","not available",0.882316118935837,0.781032863849765,4,0.266666666666667,0.577777777777778,0.524524472106538,0.838741770119337,0.167291570281564,0.321747183013855,NA,NA,NA,NA,NA,NA,NA,NA,1.10508513450623
"Fixed mixed-signal hidden-positive design",82,"ADA_NET","Ada + Net","not available",0.82641627543036,0.739342723004695,2,0.133333333333333,0.533333333333333,0.497307469797457,0.817269276265767,0.156201940731787,0.309929621380792,NA,NA,NA,NA,NA,NA,NA,NA,1.1793110370636
"Fixed mixed-signal hidden-positive design",83,"ADA_NET","Ada + Net","not available",0.753427230046948,0.617840375586854,3,0.2,0.488888888888889,0.423868328170372,1.10813451446634,0.130145903303823,0.410122888315205,NA,NA,NA,NA,NA,NA,NA,NA,1.09367990493774
"Fixed mixed-signal hidden-positive design",84,"ADA_NET","Ada + Net","not available",0.843818466353678,0.748544600938967,5,0.333333333333333,0.555555555555556,0.461430221382562,0.799383210190263,0.141348708864136,0.296139473022906,NA,NA,NA,NA,NA,NA,NA,NA,1.00233221054077
"Fixed mixed-signal hidden-positive design",85,"ADA_NET","Ada + Net","not available",0.845758998435055,0.743474178403756,4,0.266666666666667,0.488888888888889,0.450065909754779,0.818934872644556,0.138139331541975,0.304041770224153,NA,NA,NA,NA,NA,NA,NA,NA,1.13621020317078
"Fixed mixed-signal hidden-positive design",86,"ADA_NET","Ada + Net","not available",0.831549295774648,0.742723004694836,3,0.2,0.533333333333333,0.482814006916431,0.823496330131609,0.154074017964144,0.259854351203018,NA,NA,NA,NA,NA,NA,NA,NA,1.02765297889709
"Fixed mixed-signal hidden-positive design",87,"ADA_NET","Ada + Net","not available",0.85264475743349,0.763004694835681,3,0.2,0.488888888888889,0.426384919629383,0.837650226995203,0.129538177424808,0.315938450765042,NA,NA,NA,NA,NA,NA,NA,NA,0.986211061477661
"Fixed mixed-signal hidden-positive design",88,"ADA_NET","Ada + Net","not available",0.924006259780908,0.870234741784038,2,0.133333333333333,0.577777777777778,0.35853400832425,0.622150187516559,0.108566609444121,0.218134097052241,NA,NA,NA,NA,NA,NA,NA,NA,1.9573028087616
"Fixed mixed-signal hidden-positive design",89,"ADA_NET","Ada + Net","not available",0.863661971830986,0.79943661971831,6,0.4,0.6,0.489173829463991,0.801618999685122,0.15129525709549,0.302234666827526,NA,NA,NA,NA,NA,NA,NA,NA,1.56849098205566
"Fixed mixed-signal hidden-positive design",90,"ADA_NET","Ada + Net","not available",0.809702660406886,0.723004694835681,4,0.266666666666667,0.533333333333333,0.471024038341196,0.81926677484495,0.148833055625198,0.29524994591805,NA,NA,NA,NA,NA,NA,NA,NA,1.06282496452332
"Fixed mixed-signal hidden-positive design",91,"ADA_NET","Ada + Net","not available",0.802629107981221,0.67887323943662,2,0.133333333333333,0.422222222222222,0.435768712797669,0.985283048733713,0.132363556307589,0.378595044391895,NA,NA,NA,NA,NA,NA,NA,NA,1.22819399833679
"Fixed mixed-signal hidden-positive design",92,"ADA_NET","Ada + Net","not available",0.878998435054773,0.781032863849765,4,0.266666666666667,0.533333333333333,0.444676215927107,0.828647831656573,0.133107780498473,0.313585627459164,NA,NA,NA,NA,NA,NA,NA,NA,1.18612790107727
"Fixed mixed-signal hidden-positive design",93,"ADA_NET","Ada + Net","not available",0.875993740219092,0.785915492957746,4,0.266666666666667,0.555555555555556,0.445834391104655,0.762054777504198,0.13588071778719,0.28003454270391,NA,NA,NA,NA,NA,NA,NA,NA,1.08744597434998
"Fixed mixed-signal hidden-positive design",94,"ADA_NET","Ada + Net","not available",0.815962441314554,0.688262910798122,3,0.2,0.555555555555556,0.442843797483404,0.885974483761177,0.135352975087356,0.338753975650004,NA,NA,NA,NA,NA,NA,NA,NA,0.999019861221313
"Fixed mixed-signal hidden-positive design",95,"ADA_NET","Ada + Net","not available",0.85452269170579,0.792300469483568,4,0.266666666666667,0.555555555555556,0.448987643034366,0.719155354290712,0.138592968186141,0.260437711510414,NA,NA,NA,NA,NA,NA,NA,NA,1.22131013870239
"Fixed mixed-signal hidden-positive design",96,"ADA_NET","Ada + Net","not available",0.836744913928013,0.7981220657277,5,0.333333333333333,0.644444444444444,0.506504600564438,0.821831919788578,0.159000406710033,0.312860256911595,NA,NA,NA,NA,NA,NA,NA,NA,1.12374186515808
"Fixed mixed-signal hidden-positive design",97,"ADA_NET","Ada + Net","not available",0.832363067292645,0.75943661971831,2,0.133333333333333,0.488888888888889,0.498230863885594,0.697019622843355,0.166028553150211,0.241831467157777,NA,NA,NA,NA,NA,NA,NA,NA,0.956307888031006
"Fixed mixed-signal hidden-positive design",98,"ADA_NET","Ada + Net","not available",0.784413145539906,0.654835680751174,2,0.133333333333333,0.488888888888889,0.497942784176043,0.989463948711302,0.16279335678634,0.374443454280328,NA,NA,NA,NA,NA,NA,NA,NA,0.28181004524231
"Fixed mixed-signal hidden-positive design",99,"ADA_NET","Ada + Net","not available",0.883693270735524,0.846384976525822,7,0.466666666666667,0.666666666666667,0.388959290973577,0.697396245453591,0.112723417052348,0.241478940241536,NA,NA,NA,NA,NA,NA,NA,NA,0.330479860305786
"Fixed mixed-signal hidden-positive design",100,"ADA_NET","Ada + Net","not available",0.893270735524257,0.814084507042254,5,0.333333333333333,0.577777777777778,0.448979715977201,0.776717279503675,0.135414722828424,0.289838555523909,NA,NA,NA,NA,NA,NA,NA,NA,0.320564985275269
"Fixed mixed-signal hidden-positive design",1,"WLR","WLR","WLR asymptotic Gaussian linear-predictor uncertainty plus Bernoulli posterior-predictive variation",0.604444444444444,0.456525821596244,2,0.133333333333333,0.311111111111111,0.340751908559166,2.23635689428849,0.0940111689208584,0.749956578116146,0.975,0.6,0.92,4.6,1,1,0.995,1,0.350005865097046
"Fixed mixed-signal hidden-positive design",2,"WLR","WLR","WLR asymptotic Gaussian linear-predictor uncertainty plus Bernoulli posterior-predictive variation",0.608763693270736,0.473239436619718,2,0.133333333333333,0.222222222222222,0.349993182530845,2.2042346516326,0.0990544172518642,0.75329553316475,0.98,0.666666666666667,0.9175,4,1,1,1,1,0.216370105743408
"Fixed mixed-signal hidden-positive design",3,"WLR","WLR","WLR asymptotic Gaussian linear-predictor uncertainty plus Bernoulli posterior-predictive variation",0.565946791862285,0.381408450704225,0,0,0.2,0.358283174576895,2.3210334890053,0.101611408607434,0.790765713117889,0.9775,0.666666666666667,0.995,4,1,1,1,1,0.295341014862061
"Fixed mixed-signal hidden-positive design",4,"WLR","WLR","WLR asymptotic Gaussian linear-predictor uncertainty plus Bernoulli posterior-predictive variation",0.617089201877934,0.517746478873239,3,0.2,0.288888888888889,0.343319009212717,2.12044377836121,0.0955900311942674,0.736398695539841,0.9775,0.666666666666667,0.9625,4,1,1,1,1,0.217890024185181
"Fixed mixed-signal hidden-positive design",5,"WLR","WLR","WLR asymptotic Gaussian linear-predictor uncertainty plus Bernoulli posterior-predictive variation",0.638059467918623,0.614084507042253,3,0.2,0.266666666666667,0.336355386779265,1.89795825760904,0.0958133179755851,0.697766770830349,0.985,0.933333333333333,0.8825,1.6,1,1,1,1,0.229748964309692
"Fixed mixed-signal hidden-positive design",6,"WLR","WLR","WLR asymptotic Gaussian linear-predictor uncertainty plus Bernoulli posterior-predictive variation",0.711424100156494,0.717746478873239,4,0.266666666666667,0.311111111111111,0.319215584371013,1.79924624135567,0.0899303762669042,0.635543046890568,0.9825,0.866666666666667,0.8125,2.2,1,1,0.9925,1,0.245450019836426
"Fixed mixed-signal hidden-positive design",7,"WLR","WLR","WLR asymptotic Gaussian linear-predictor uncertainty plus Bernoulli posterior-predictive variation",0.68131455399061,0.612018779342723,2,0.133333333333333,0.244444444444444,0.330348544902767,1.97954153793273,0.094406534728975,0.687544849730613,0.9775,0.733333333333333,0.855,3.4,1,1,0.995,1,0.233465909957886
"Fixed mixed-signal hidden-positive design",8,"WLR","WLR","WLR asymptotic Gaussian linear-predictor uncertainty plus Bernoulli posterior-predictive variation",0.715054773082942,0.536901408450704,2,0.133333333333333,0.422222222222222,0.319942718505894,2.69190692248244,0.0872394129558943,0.750769235891234,0.97,0.533333333333333,0.76,5.2,0.9925,0.8,1.2175,8.79999999999999,0.274697065353394
"Fixed mixed-signal hidden-positive design",9,"WLR","WLR","WLR asymptotic Gaussian linear-predictor uncertainty plus Bernoulli posterior-predictive variation",0.643568075117371,0.513615023474178,1,0.0666666666666667,0.311111111111111,0.338744694394163,2.23981954848283,0.095597206672147,0.764990036392409,0.9725,0.666666666666667,0.8925,4,0.9975,1,1.0875,1,0.190444946289062
"Fixed mixed-signal hidden-positive design",10,"WLR","WLR","WLR asymptotic Gaussian linear-predictor uncertainty plus Bernoulli posterior-predictive variation",0.614773082942097,0.492957746478873,0,0,0.266666666666667,0.342323759120524,2.24615420292408,0.0962937723236305,0.77016527112191,0.975,0.733333333333333,0.9025,3.4,1,1,0.9975,1,0.178915977478027
"Fixed mixed-signal hidden-positive design",11,"WLR","WLR","WLR asymptotic Gaussian linear-predictor uncertainty plus Bernoulli posterior-predictive variation",0.667793427230047,0.534835680751174,2,0.133333333333333,0.288888888888889,0.333688278984471,2.17949642521837,0.0955667917035573,0.737899471844965,0.975,0.666666666666667,0.8425,4,1,1,0.975,1,0.206164836883545
"Fixed mixed-signal hidden-positive design",12,"WLR","WLR","WLR asymptotic Gaussian linear-predictor uncertainty plus Bernoulli posterior-predictive variation",0.647511737089202,0.505539906103286,2,0.133333333333333,0.266666666666667,0.33615102798098,2.22119184493096,0.0958796581359876,0.742791201946605,0.975,0.6,0.865,4.6,1,1,0.985,1,0.268941879272461
"Fixed mixed-signal hidden-positive design",13,"WLR","WLR","WLR asymptotic Gaussian linear-predictor uncertainty plus Bernoulli posterior-predictive variation",0.615148669796557,0.453896713615023,1,0.0666666666666667,0.2,0.351576612118138,2.30685056155195,0.100176686631369,0.779149641684614,0.98,0.666666666666667,0.8875,4,1,1,0.9975,1,0.160074949264526
"Fixed mixed-signal hidden-positive design",14,"WLR","WLR","WLR asymptotic Gaussian linear-predictor uncertainty plus Bernoulli posterior-predictive variation",0.606697965571205,0.592488262910798,3,0.2,0.244444444444444,0.345545054363481,1.94940916060758,0.0983845063581937,0.717344705334613,0.9875,0.8,0.95,2.8,1,1,1,1,0.236895084381104
"Fixed mixed-signal hidden-positive design",15,"WLR","WLR","WLR asymptotic Gaussian linear-predictor uncertainty plus Bernoulli posterior-predictive variation",0.580093896713615,0.32169014084507,1,0.0666666666666667,0.288888888888889,0.367047225973391,3.00046553561859,0.0992873998392083,0.842654657513527,0.965,0.4,0.955,6.4,0.995,0.866666666666667,1.1825,6.19999999999999,0.213137865066528
"Fixed mixed-signal hidden-positive design",16,"WLR","WLR","WLR asymptotic Gaussian linear-predictor uncertainty plus Bernoulli posterior-predictive variation",0.694585289514867,0.56093896713615,1,0.0666666666666667,0.288888888888889,0.330028308787966,2.21996501118648,0.0959964952000867,0.745725033295922,0.975,0.533333333333333,0.8175,5.2,1,1,0.9375,1,0.240192890167236
"Fixed mixed-signal hidden-positive design",17,"WLR","WLR","WLR asymptotic Gaussian linear-predictor uncertainty plus Bernoulli posterior-predictive variation",0.74660406885759,0.690516431924883,4,0.266666666666667,0.4,0.309624823237688,1.83963931068287,0.0879423136237837,0.621788878797672,0.98,0.733333333333333,0.765,3.4,0.9975,1,1.04,1,0.231670141220093
"Fixed mixed-signal hidden-positive design",18,"WLR","WLR","WLR asymptotic Gaussian linear-predictor uncertainty plus Bernoulli posterior-predictive variation",0.602441314553991,0.483192488262911,2,0.133333333333333,0.377777777777778,0.3432958192836,2.14895017719831,0.0940454624315393,0.746904342508825,0.9625,0.6,1.1125,4.6,1,1,1,1,0.199739933013916
"Fixed mixed-signal hidden-positive design",19,"WLR","WLR","WLR asymptotic Gaussian linear-predictor uncertainty plus Bernoulli posterior-predictive variation",0.669483568075117,0.530328638497653,1,0.0666666666666667,0.244444444444444,0.340860074577955,2.25146809872711,0.0983049235606014,0.751892381377634,0.9775,0.6,0.8425,4.6,1,1,0.9825,1,0.234921932220459
"Fixed mixed-signal hidden-positive design",20,"WLR","WLR","WLR asymptotic Gaussian linear-predictor uncertainty plus Bernoulli posterior-predictive variation",0.643818466353678,0.527699530516432,1,0.0666666666666667,0.288888888888889,0.335325216762632,2.23470225266099,0.0945315271938517,0.75502684411582,0.9825,0.666666666666667,0.795,4,1,1,0.99,1,0.233960151672363
"Fixed mixed-signal hidden-positive design",21,"WLR","WLR","WLR asymptotic Gaussian linear-predictor uncertainty plus Bernoulli posterior-predictive variation",0.650140845070423,0.585352112676056,0,0,0.244444444444444,0.341159427401058,2.17868945301094,0.0962605598807191,0.740007508171548,0.9775,0.8,0.8975,2.8,1,1,0.9975,1,0.191439867019653
"Fixed mixed-signal hidden-positive design",22,"WLR","WLR","WLR asymptotic Gaussian linear-predictor uncertainty plus Bernoulli posterior-predictive variation",0.583161189358372,0.463474178403756,3,0.2,0.311111111111111,0.343732238594681,2.15628304068508,0.0944764695238568,0.739430759407388,0.9675,0.6,1.0625,4.6,1,1,1,1,0.275454044342041
"Fixed mixed-signal hidden-positive design",23,"WLR","WLR","WLR asymptotic Gaussian linear-predictor uncertainty plus Bernoulli posterior-predictive variation",0.669170579029734,0.562065727699531,2,0.133333333333333,0.222222222222222,0.335195580935226,2.05395019593295,0.0978824063013578,0.721106780836996,0.985,0.733333333333333,0.795,3.4,1,1,0.9925,1,0.22351598739624
"Fixed mixed-signal hidden-positive design",24,"WLR","WLR","WLR asymptotic Gaussian linear-predictor uncertainty plus Bernoulli posterior-predictive variation",0.667668231611894,0.541784037558685,2,0.133333333333333,0.311111111111111,0.330215864669342,2.24527981550039,0.092669672822642,0.744024206685609,0.9725,0.6,0.8225,4.6,1,1,0.99,1,0.172160148620605
"Fixed mixed-signal hidden-positive design",25,"WLR","WLR","WLR asymptotic Gaussian linear-predictor uncertainty plus Bernoulli posterior-predictive variation",0.592550860719875,0.434553990610329,1,0.0666666666666667,0.266666666666667,0.349883629655216,2.27127770569346,0.0978653491833343,0.771020195220499,0.9725,0.6,1,4.6,1,1,1,1,0.196191072463989
"Fixed mixed-signal hidden-positive design",26,"WLR","WLR","WLR asymptotic Gaussian linear-predictor uncertainty plus Bernoulli posterior-predictive variation",0.741784037558685,0.572582159624413,1,0.0666666666666667,0.422222222222222,0.318185481284095,2.61902825280726,0.0887230164924881,0.748095182974562,0.9725,0.533333333333333,0.7175,5.2,0.995,0.866666666666667,1.0425,6.19999999999999,0.145156145095825
"Fixed mixed-signal hidden-positive design",27,"WLR","WLR","WLR asymptotic Gaussian linear-predictor uncertainty plus Bernoulli posterior-predictive variation",0.693896713615023,0.579530516431925,1,0.0666666666666667,0.266666666666667,0.330591299606845,2.16593833307699,0.0967841798352057,0.752284084554825,0.98,0.733333333333333,0.755,3.4,1,1,0.9675,1,0.169588804244995
"Fixed mixed-signal hidden-positive design",28,"WLR","WLR","WLR asymptotic Gaussian linear-predictor uncertainty plus Bernoulli posterior-predictive variation",0.677746478873239,0.667793427230047,5,0.333333333333333,0.444444444444444,0.324226574211039,1.93862801750819,0.089111250342791,0.670503371826677,0.975,0.733333333333333,0.8975,3.4,1,1,1,1,0.161530017852783
"Fixed mixed-signal hidden-positive design",29,"WLR","WLR","WLR asymptotic Gaussian linear-predictor uncertainty plus Bernoulli posterior-predictive variation",0.526885758998435,0.349295774647887,1,0.0666666666666667,0.222222222222222,0.361271596883045,2.44191757233634,0.100791426457852,0.802400298360663,0.975,0.533333333333333,0.995,5.2,1,1,1,1,0.154787063598633
"Fixed mixed-signal hidden-positive design",30,"WLR","WLR","WLR asymptotic Gaussian linear-predictor uncertainty plus Bernoulli posterior-predictive variation",0.673051643192488,0.593427230046948,1,0.0666666666666667,0.2,0.339297700054408,2.03421740708956,0.099313129521857,0.733325543363124,0.9825,0.733333333333333,0.81,3.4,1,1,0.995,1,0.186102867126465
"Fixed mixed-signal hidden-positive design",31,"WLR","WLR","WLR asymptotic Gaussian linear-predictor uncertainty plus Bernoulli posterior-predictive variation",0.627668231611894,0.538967136150235,3,0.2,0.244444444444444,0.342002189409664,2.0831383897433,0.0963958303837949,0.725020729255301,0.975,0.666666666666667,0.9625,4,1,1,1,1,0.162086009979248
"Fixed mixed-signal hidden-positive design",32,"WLR","WLR","WLR asymptotic Gaussian linear-predictor uncertainty plus Bernoulli posterior-predictive variation",0.623411580594679,0.496150234741784,3,0.2,0.4,0.340926345881195,2.19538354023656,0.0918797406341376,0.731957594531988,0.975,0.666666666666667,0.98,4,0.995,0.933333333333333,1.195,3.6,0.148452997207642
"Fixed mixed-signal hidden-positive design",33,"WLR","WLR","WLR asymptotic Gaussian linear-predictor uncertainty plus Bernoulli posterior-predictive variation",0.625727699530516,0.490140845070423,2,0.133333333333333,0.311111111111111,0.33071785125345,2.22293035791171,0.0893466568124628,0.737599419962679,0.97,0.6,0.93,4.6,1,1,0.995,1,0.42135214805603
"Fixed mixed-signal hidden-positive design",34,"WLR","WLR","WLR asymptotic Gaussian linear-predictor uncertainty plus Bernoulli posterior-predictive variation",0.614773082942097,0.580093896713615,1,0.0666666666666667,0.288888888888889,0.345774462404841,2.06424831234153,0.0960082727327035,0.722726819451194,0.975,0.8,1.0425,2.8,1,1,1,1,0.427935838699341
"Fixed mixed-signal hidden-positive design",35,"WLR","WLR","WLR asymptotic Gaussian linear-predictor uncertainty plus Bernoulli posterior-predictive variation",0.709984350547731,0.581784037558685,2,0.133333333333333,0.355555555555556,0.322701446292292,2.30336796255011,0.0897945896551602,0.70284556505845,0.975,0.666666666666667,0.7725,4,0.995,0.866666666666667,1.1375,6.19999999999999,0.196401119232178
"Fixed mixed-signal hidden-positive design",36,"WLR","WLR","WLR asymptotic Gaussian linear-predictor uncertainty plus Bernoulli posterior-predictive variation",0.568701095461659,0.416338028169014,0,0,0.2,0.356435279704472,2.3116737047605,0.100429967668776,0.787902724962223,0.9775,0.666666666666667,0.9675,4,1,1,1,1,0.351933002471924
"Fixed mixed-signal hidden-positive design",37,"WLR","WLR","WLR asymptotic Gaussian linear-predictor uncertainty plus Bernoulli posterior-predictive variation",0.628356807511737,0.486197183098592,1,0.0666666666666667,0.311111111111111,0.342669695315285,2.33403428281946,0.0963815712905541,0.780121731470146,0.97,0.666666666666667,0.91,4,1,1,0.9875,1,0.29237699508667
"Fixed mixed-signal hidden-positive design",38,"WLR","WLR","WLR asymptotic Gaussian linear-predictor uncertainty plus Bernoulli posterior-predictive variation",0.596744913928013,0.410704225352113,1,0.0666666666666667,0.266666666666667,0.349101161610912,2.38624202132984,0.0973340729845976,0.788508296614171,0.9725,0.533333333333333,0.9275,5.2,1,1,1,1,0.144545793533325
"Fixed mixed-signal hidden-positive design",39,"WLR","WLR","WLR asymptotic Gaussian linear-predictor uncertainty plus Bernoulli posterior-predictive variation",0.670422535211268,0.603192488262911,3,0.2,0.333333333333333,0.324892193211617,2.02550527863005,0.0891779885826201,0.662162931094435,0.97,0.733333333333333,0.9125,3.4,1,1,1,1,0.207933902740479
"Fixed mixed-signal hidden-positive design",40,"WLR","WLR","WLR asymptotic Gaussian linear-predictor uncertainty plus Bernoulli posterior-predictive variation",0.653145539906103,0.541971830985916,4,0.266666666666667,0.355555555555556,0.332862316265356,2.08997809046536,0.0928081116736464,0.699473183898925,0.9725,0.666666666666667,0.93,4,1,1,0.9875,1,0.184302806854248
"Fixed mixed-signal hidden-positive design",41,"WLR","WLR","WLR asymptotic Gaussian linear-predictor uncertainty plus Bernoulli posterior-predictive variation",0.603004694835681,0.35830985915493,0,0,0.4,0.354222612755905,2.83222444042625,0.0949298988400074,0.813292908397627,0.965,0.333333333333333,0.9275,7,1,1,0.985,1,0.174553871154785
"Fixed mixed-signal hidden-positive design",42,"WLR","WLR","WLR asymptotic Gaussian linear-predictor uncertainty plus Bernoulli posterior-predictive variation",0.690516431924883,0.541220657276995,2,0.133333333333333,0.333333333333333,0.324709471150253,2.42630212564898,0.0888985135481186,0.714766888992612,0.9725,0.6,0.7925,4.6,0.995,0.866666666666667,1.165,6.19999999999999,0.236501932144165
"Fixed mixed-signal hidden-positive design",43,"WLR","WLR","WLR asymptotic Gaussian linear-predictor uncertainty plus Bernoulli posterior-predictive variation",0.671424100156495,0.659342723004695,3,0.2,0.333333333333333,0.328963541185694,1.90079200657206,0.0932995154282866,0.687953338078815,0.98,0.8,0.875,2.8,1,1,1,1,0.189283132553101
"Fixed mixed-signal hidden-positive design",44,"WLR","WLR","WLR asymptotic Gaussian linear-predictor uncertainty plus Bernoulli posterior-predictive variation",0.657589984350548,0.623098591549296,2,0.133333333333333,0.377777777777778,0.336186277975003,1.98468289324009,0.093772554259818,0.686633665722393,0.975,0.666666666666667,0.95,4,1,1,1,1,0.253123998641968
"Fixed mixed-signal hidden-positive design",45,"WLR","WLR","WLR asymptotic Gaussian linear-predictor uncertainty plus Bernoulli posterior-predictive variation",0.692331768388106,0.674741784037559,2,0.133333333333333,0.288888888888889,0.329017201119798,1.86175677891738,0.0940936544567298,0.677398256847757,0.98,0.866666666666667,0.8675,2.2,1,1,0.995,1,0.190370082855225
"Fixed mixed-signal hidden-positive design",46,"WLR","WLR","WLR asymptotic Gaussian linear-predictor uncertainty plus Bernoulli posterior-predictive variation",0.638748043818466,0.508920187793427,0,0,0.222222222222222,0.342936638145323,2.35095228835055,0.0954426538351122,0.765430626614068,0.975,0.6,0.855,4.6,1,1,0.99,1,0.184870958328247
"Fixed mixed-signal hidden-positive design",47,"WLR","WLR","WLR asymptotic Gaussian linear-predictor uncertainty plus Bernoulli posterior-predictive variation",0.635680751173709,0.44150234741784,1,0.0666666666666667,0.311111111111111,0.345964422694546,2.60173526491818,0.096166787035014,0.803050714216762,0.9675,0.466666666666667,0.9025,5.8,0.995,0.866666666666667,1.1775,6.19999999999999,0.147638082504272
"Fixed mixed-signal hidden-positive design",48,"WLR","WLR","WLR asymptotic Gaussian linear-predictor uncertainty plus Bernoulli posterior-predictive variation",0.701846635367762,0.657652582159624,0,0,0.288888888888889,0.329180848996136,1.95331214027522,0.0937965609884736,0.706311260550625,0.98,0.733333333333333,0.84,3.4,0.995,1,1.18,1,0.181472063064575
"Fixed mixed-signal hidden-positive design",49,"WLR","WLR","WLR asymptotic Gaussian linear-predictor uncertainty plus Bernoulli posterior-predictive variation",0.633865414710485,0.554741784037559,2,0.133333333333333,0.311111111111111,0.332539410542246,2.07517805834874,0.0932806728739025,0.721595775614504,0.9775,0.666666666666667,0.86,4,1,1,0.995,1,0.157124042510986
"Fixed mixed-signal hidden-positive design",50,"WLR","WLR","WLR asymptotic Gaussian linear-predictor uncertainty plus Bernoulli posterior-predictive variation",0.607386541471049,0.384788732394366,1,0.0666666666666667,0.288888888888889,0.345509247215069,2.62018171760595,0.0945287748173886,0.812653188128665,0.9625,0.466666666666667,0.9625,5.8,0.9975,1,1.0775,1,0.144593954086304
"Fixed mixed-signal hidden-positive design",51,"WLR","WLR","WLR asymptotic Gaussian linear-predictor uncertainty plus Bernoulli posterior-predictive variation",0.622284820031299,0.508169014084507,1,0.0666666666666667,0.244444444444444,0.344317672978447,2.25756788273421,0.0965678004980861,0.750279526182205,0.9725,0.6,0.955,4.6,1,1,0.99,1,0.216181993484497
"Fixed mixed-signal hidden-positive design",52,"WLR","WLR","WLR asymptotic Gaussian linear-predictor uncertainty plus Bernoulli posterior-predictive variation",0.665727699530516,0.470422535211268,1,0.0666666666666667,0.311111111111111,0.340535592551994,2.49707570537341,0.0985675000970257,0.789983309486998,0.9675,0.4,0.8625,6.4,1,1,0.9525,1,0.547944068908691
"Fixed mixed-signal hidden-positive design",53,"WLR","WLR","WLR asymptotic Gaussian linear-predictor uncertainty plus Bernoulli posterior-predictive variation",0.658215962441315,0.493145539906103,3,0.2,0.355555555555556,0.326641344353935,2.43013766207396,0.0883328516892846,0.734991067543578,0.9725,0.533333333333333,0.8175,5.2,0.995,0.933333333333333,1.165,3.6,0.304910898208618
"Fixed mixed-signal hidden-positive design",54,"WLR","WLR","WLR asymptotic Gaussian linear-predictor uncertainty plus Bernoulli posterior-predictive variation",0.555805946791862,0.406760563380282,1,0.0666666666666667,0.177777777777778,0.356462258914493,2.24685582595724,0.101010053872462,0.775606894710206,0.985,0.733333333333333,0.955,3.4,1,1,1,1,0.30997109413147
"Fixed mixed-signal hidden-positive design",55,"WLR","WLR","WLR asymptotic Gaussian linear-predictor uncertainty plus Bernoulli posterior-predictive variation",0.689953051643193,0.585352112676056,1,0.0666666666666667,0.333333333333333,0.325614777459959,2.14478132280072,0.0914730600090407,0.719820629173034,0.97,0.6,0.8575,4.6,1,1,0.9825,1,0.433395147323608
"Fixed mixed-signal hidden-positive design",56,"WLR","WLR","WLR asymptotic Gaussian linear-predictor uncertainty plus Bernoulli posterior-predictive variation",0.609264475743349,0.462535211267606,0,0,0.177777777777778,0.350608059663287,2.23647272703632,0.101285650785218,0.78358675158605,0.985,0.733333333333333,0.8525,3.4,1,1,1,1,0.399960041046143
"Fixed mixed-signal hidden-positive design",57,"WLR","WLR","WLR asymptotic Gaussian linear-predictor uncertainty plus Bernoulli posterior-predictive variation",0.614647887323944,0.614460093896714,2,0.133333333333333,0.266666666666667,0.343437407415354,1.95635796483278,0.0964578558109568,0.718957962623823,0.9775,0.866666666666667,1.03,2.2,1,1,1,1,0.447919130325317
"Fixed mixed-signal hidden-positive design",58,"WLR","WLR","WLR asymptotic Gaussian linear-predictor uncertainty plus Bernoulli posterior-predictive variation",0.771643192488263,0.819718309859155,1,0.0666666666666667,0.333333333333333,0.30635901268183,1.55415582510584,0.0900952294046934,0.60851244621639,0.9875,1,0.685,1,1,1,0.9725,1,0.403923034667969
"Fixed mixed-signal hidden-positive design",59,"WLR","WLR","WLR asymptotic Gaussian linear-predictor uncertainty plus Bernoulli posterior-predictive variation",0.626291079812207,0.483004694835681,2,0.133333333333333,0.288888888888889,0.339622759725894,2.43784536440509,0.0922531020867199,0.761613799881761,0.97,0.6,0.9075,4.6,0.9975,0.933333333333333,1.085,3.6,0.358767032623291
"Fixed mixed-signal hidden-positive design",60,"WLR","WLR","WLR asymptotic Gaussian linear-predictor uncertainty plus Bernoulli posterior-predictive variation",0.651205007824726,0.523943661971831,0,0,0.244444444444444,0.341947679189213,2.35910931535671,0.0970369884083841,0.774579536019819,0.97,0.666666666666667,0.8675,4,0.9975,0.933333333333333,1.085,3.6,0.294409036636353
"Fixed mixed-signal hidden-positive design",61,"WLR","WLR","WLR asymptotic Gaussian linear-predictor uncertainty plus Bernoulli posterior-predictive variation",0.683129890453834,0.605446009389671,2,0.133333333333333,0.266666666666667,0.335433359337144,2.04887407279124,0.096907662827332,0.707037309328191,0.9825,0.8,0.795,2.8,1,1,0.9925,1,0.446911811828613
"Fixed mixed-signal hidden-positive design",62,"WLR","WLR","WLR asymptotic Gaussian linear-predictor uncertainty plus Bernoulli posterior-predictive variation",0.637809076682316,0.533521126760563,1,0.0666666666666667,0.244444444444444,0.34023831118963,2.12165668914786,0.0967081659562855,0.747123308907223,0.97,0.666666666666667,0.95,4,1,1,0.9925,1,0.402207851409912
"Fixed mixed-signal hidden-positive design",63,"WLR","WLR","WLR asymptotic Gaussian linear-predictor uncertainty plus Bernoulli posterior-predictive variation",0.739655712050078,0.667042253521127,4,0.266666666666667,0.333333333333333,0.313279854937165,2.03127667298683,0.0884786398252635,0.632201930145869,0.9825,0.733333333333333,0.7175,3.4,0.995,0.866666666666667,1.1275,6.19999999999999,0.424733877182007
"Fixed mixed-signal hidden-positive design",64,"WLR","WLR","WLR asymptotic Gaussian linear-predictor uncertainty plus Bernoulli posterior-predictive variation",0.672175273865415,0.514366197183099,2,0.133333333333333,0.311111111111111,0.335623764527715,2.52943826324036,0.093568313452492,0.761753536386942,0.9625,0.466666666666667,0.9325,5.8,0.995,0.866666666666667,1.145,6.19999999999999,0.610563039779663
"Fixed mixed-signal hidden-positive design",65,"WLR","WLR","WLR asymptotic Gaussian linear-predictor uncertainty plus Bernoulli posterior-predictive variation",0.676181533646322,0.636244131455399,2,0.133333333333333,0.333333333333333,0.329435473557575,1.95294079569684,0.0941082257266162,0.697538832571201,0.9775,0.8,0.86,2.8,1,1,0.99,1,0.412316083908081
"Fixed mixed-signal hidden-positive design",66,"WLR","WLR","WLR asymptotic Gaussian linear-predictor uncertainty plus Bernoulli posterior-predictive variation",0.709233176838811,0.683192488262911,6,0.4,0.377777777777778,0.318133807358833,1.73820021331293,0.0901181234314826,0.599375631367199,0.9775,0.733333333333333,0.8625,3.4,1,1,0.99,1,0.330022096633911
"Fixed mixed-signal hidden-positive design",67,"WLR","WLR","WLR asymptotic Gaussian linear-predictor uncertainty plus Bernoulli posterior-predictive variation",0.639499217527387,0.504600938967136,1,0.0666666666666667,0.266666666666667,0.344249162736,2.18311992321845,0.0968038520474314,0.752290849531907,0.9775,0.733333333333333,0.91,3.4,0.9975,1,1.095,1,0.328707933425903
"Fixed mixed-signal hidden-positive design",68,"WLR","WLR","WLR asymptotic Gaussian linear-predictor uncertainty plus Bernoulli posterior-predictive variation",0.642629107981221,0.552863849765258,2,0.133333333333333,0.288888888888889,0.340198722102426,2.13046933191082,0.0960959897726344,0.727397347941277,0.9775,0.733333333333333,0.9125,3.4,1,1,0.9925,1,0.390496015548706
"Fixed mixed-signal hidden-positive design",69,"WLR","WLR","WLR asymptotic Gaussian linear-predictor uncertainty plus Bernoulli posterior-predictive variation",0.622034428794992,0.583098591549296,1,0.0666666666666667,0.266666666666667,0.34904068027144,1.97454328580882,0.0987485344649375,0.722268604277265,0.9875,0.866666666666667,1.0425,2.2,1,1,1,1,0.406409025192261
"Fixed mixed-signal hidden-positive design",70,"WLR","WLR","WLR asymptotic Gaussian linear-predictor uncertainty plus Bernoulli posterior-predictive variation",0.689452269170579,0.649201877934272,1,0.0666666666666667,0.222222222222222,0.330063196732876,1.94639416576357,0.0952018023499179,0.702820629116423,0.985,0.866666666666667,0.7975,2.2,1,1,0.9975,1,0.438636064529419
"Fixed mixed-signal hidden-positive design",71,"WLR","WLR","WLR asymptotic Gaussian linear-predictor uncertainty plus Bernoulli posterior-predictive variation",0.636870109546166,0.565446009389671,2,0.133333333333333,0.288888888888889,0.340956214216837,2.01734134402702,0.094929717574527,0.715617053249274,0.9725,0.666666666666667,1.03,4,1,1,1,1,0.487313985824585
"Fixed mixed-signal hidden-positive design",72,"WLR","WLR","WLR asymptotic Gaussian linear-predictor uncertainty plus Bernoulli posterior-predictive variation",0.646447574334898,0.630798122065728,1,0.0666666666666667,0.266666666666667,0.333873596000512,1.9273099022459,0.0948902888889282,0.710983227478834,0.9825,0.933333333333333,0.88,1.6,1,1,1,1,0.390522956848145
"Fixed mixed-signal hidden-positive design",73,"WLR","WLR","WLR asymptotic Gaussian linear-predictor uncertainty plus Bernoulli posterior-predictive variation",0.608513302034429,0.454460093896714,0,0,0.222222222222222,0.349025245508503,2.34053313936557,0.099620865475741,0.79272369970205,0.9775,0.733333333333333,0.87,3.4,1,1,0.99,1,0.337887048721313
"Fixed mixed-signal hidden-positive design",74,"WLR","WLR","WLR asymptotic Gaussian linear-predictor uncertainty plus Bernoulli posterior-predictive variation",0.680500782472613,0.603755868544601,2,0.133333333333333,0.311111111111111,0.32660610505632,1.99972931256117,0.0914392350213389,0.678807383907345,0.9775,0.666666666666667,0.8525,4,0.9975,0.933333333333333,1.0925,3.6,0.389009952545166
"Fixed mixed-signal hidden-positive design",75,"WLR","WLR","WLR asymptotic Gaussian linear-predictor uncertainty plus Bernoulli posterior-predictive variation",0.596619718309859,0.513239436619718,2,0.133333333333333,0.222222222222222,0.346384843661696,2.09620505121443,0.0982218677091032,0.748471571628321,0.985,0.8,0.9075,2.8,1,1,1,1,0.392746925354004
"Fixed mixed-signal hidden-positive design",76,"WLR","WLR","WLR asymptotic Gaussian linear-predictor uncertainty plus Bernoulli posterior-predictive variation",0.666353677621283,0.539906103286385,1,0.0666666666666667,0.288888888888889,0.33526507063556,2.16770816594889,0.0955951076070332,0.737907766306957,0.9675,0.533333333333333,0.94,5.2,1,1,0.985,1,0.415993213653564
"Fixed mixed-signal hidden-positive design",77,"WLR","WLR","WLR asymptotic Gaussian linear-predictor uncertainty plus Bernoulli posterior-predictive variation",0.580782472613459,0.52075117370892,0,0,0.155555555555556,0.350733400687313,2.07077544151196,0.099954941650867,0.753043683401769,0.9875,0.866666666666667,0.97,2.2,1,1,1,1,0.388621091842651
"Fixed mixed-signal hidden-positive design",78,"WLR","WLR","WLR asymptotic Gaussian linear-predictor uncertainty plus Bernoulli posterior-predictive variation",0.636870109546166,0.416713615023474,2,0.133333333333333,0.377777777777778,0.332601933210518,2.7355081519059,0.0883413977661689,0.80909340071904,0.9525,0.333333333333333,0.955,7,0.9925,0.866666666666667,1.2525,6.19999999999999,0.505656003952026
"Fixed mixed-signal hidden-positive design",79,"WLR","WLR","WLR asymptotic Gaussian linear-predictor uncertainty plus Bernoulli posterior-predictive variation",0.638247261345853,0.569953051643193,4,0.266666666666667,0.288888888888889,0.334336893607474,1.9710611467665,0.09272383766863,0.687441588217101,0.9775,0.733333333333333,0.9425,3.4,1,1,1,1,0.454097986221313
"Fixed mixed-signal hidden-positive design",80,"WLR","WLR","WLR asymptotic Gaussian linear-predictor uncertainty plus Bernoulli posterior-predictive variation",0.553302034428795,0.486760563380282,2,0.133333333333333,0.333333333333333,0.342944966251781,2.06410419359481,0.0943738203635079,0.716756746239636,0.9775,0.733333333333333,1.035,3.4,1,1,1,1,0.397101879119873
"Fixed mixed-signal hidden-positive design",81,"WLR","WLR","WLR asymptotic Gaussian linear-predictor uncertainty plus Bernoulli posterior-predictive variation",0.580970266040689,0.510798122065728,0,0,0.133333333333333,0.350875418167841,2.03836656924408,0.100342266457086,0.749159309644446,0.995,0.933333333333333,0.91,1.6,1,1,1,1,0.439074039459229
"Fixed mixed-signal hidden-positive design",82,"WLR","WLR","WLR asymptotic Gaussian linear-predictor uncertainty plus Bernoulli posterior-predictive variation",0.657089201877934,0.563943661971831,1,0.0666666666666667,0.266666666666667,0.336733548462194,2.12130760341755,0.0959719155167241,0.745577984969089,0.9725,0.6,0.9125,4.6,1,1,0.995,1,0.445371866226196
"Fixed mixed-signal hidden-positive design",83,"WLR","WLR","WLR asymptotic Gaussian linear-predictor uncertainty plus Bernoulli posterior-predictive variation",0.627292644757434,0.411455399061033,2,0.133333333333333,0.311111111111111,0.348005257625876,2.63747271091911,0.0941911013894911,0.788573763179337,0.9675,0.466666666666667,0.8925,5.8,0.99,0.866666666666667,1.3675,6.19999999999999,0.449253082275391
"Fixed mixed-signal hidden-positive design",84,"WLR","WLR","WLR asymptotic Gaussian linear-predictor uncertainty plus Bernoulli posterior-predictive variation",0.627605633802817,0.582910798122066,2,0.133333333333333,0.333333333333333,0.340332742539422,2.00796108073113,0.0954371532742287,0.719682702557691,0.9775,0.733333333333333,0.975,3.4,1,1,1,1,0.436889886856079
"Fixed mixed-signal hidden-positive design",85,"WLR","WLR","WLR asymptotic Gaussian linear-predictor uncertainty plus Bernoulli posterior-predictive variation",0.657464788732394,0.610516431924883,1,0.0666666666666667,0.266666666666667,0.338142220860342,1.95072558941809,0.096912301183039,0.708288050946881,0.98,0.8,0.92,2.8,1,1,1,1,0.453945875167847
"Fixed mixed-signal hidden-positive design",86,"WLR","WLR","WLR asymptotic Gaussian linear-predictor uncertainty plus Bernoulli posterior-predictive variation",0.675555555555556,0.551361502347418,1,0.0666666666666667,0.311111111111111,0.333617663103009,2.19489243806518,0.094699640727402,0.747897111111706,0.9725,0.6,0.8925,4.6,1,1,0.98,1,0.471758127212524
"Fixed mixed-signal hidden-positive design",87,"WLR","WLR","WLR asymptotic Gaussian linear-predictor uncertainty plus Bernoulli posterior-predictive variation",0.6120813771518,0.469483568075117,1,0.0666666666666667,0.266666666666667,0.341142069289296,2.36495580265928,0.0929309169568122,0.765311217054932,0.9725,0.6,0.93,4.6,0.9975,0.933333333333333,1.0975,3.6,0.470383882522583
"Fixed mixed-signal hidden-positive design",88,"WLR","WLR","WLR asymptotic Gaussian linear-predictor uncertainty plus Bernoulli posterior-predictive variation",0.679311424100157,0.566197183098592,2,0.133333333333333,0.422222222222222,0.325686276482697,2.83020199364454,0.0801900301461914,0.735437895459489,0.9625,0.6,0.9175,4.6,0.9925,0.866666666666667,1.265,6.19999999999999,0.827003002166748
"Fixed mixed-signal hidden-positive design",89,"WLR","WLR","WLR asymptotic Gaussian linear-predictor uncertainty plus Bernoulli posterior-predictive variation",0.714491392801252,0.724694835680751,4,0.266666666666667,0.266666666666667,0.323026549152764,1.68617063690826,0.0929183197065548,0.620517227145168,0.9925,0.933333333333333,0.7925,1.6,1,1,0.995,1,0.69215202331543
"Fixed mixed-signal hidden-positive design",90,"WLR","WLR","WLR asymptotic Gaussian linear-predictor uncertainty plus Bernoulli posterior-predictive variation",0.67868544600939,0.675868544600939,1,0.0666666666666667,0.266666666666667,0.329386528408065,1.85456190237252,0.0942833683440582,0.683144094735758,0.98,0.866666666666667,0.8975,2.2,1,1,0.9975,1,0.41913890838623
"Fixed mixed-signal hidden-positive design",91,"WLR","WLR","WLR asymptotic Gaussian linear-predictor uncertainty plus Bernoulli posterior-predictive variation",0.629671361502347,0.525633802816901,0,0,0.266666666666667,0.347353871664984,2.40223239385134,0.0956257147379095,0.768907341688728,0.9675,0.6,0.96,4.6,0.9975,0.933333333333333,1.0925,3.6,0.4670569896698
"Fixed mixed-signal hidden-positive design",92,"WLR","WLR","WLR asymptotic Gaussian linear-predictor uncertainty plus Bernoulli posterior-predictive variation",0.676494522691706,0.556807511737089,1,0.0666666666666667,0.288888888888889,0.334969580673196,2.23682698307994,0.0936467631814845,0.728448064414318,0.9775,0.666666666666667,0.82,4,0.995,0.933333333333333,1.185,3.6,0.484401941299438
"Fixed mixed-signal hidden-positive design",93,"WLR","WLR","WLR asymptotic Gaussian linear-predictor uncertainty plus Bernoulli posterior-predictive variation",0.635555555555556,0.567136150234742,2,0.133333333333333,0.333333333333333,0.332263132098297,2.10833924158459,0.0907895345154045,0.742260216380377,0.965,0.666666666666667,1,4,1,1,1,1,0.499519109725952
"Fixed mixed-signal hidden-positive design",94,"WLR","WLR","WLR asymptotic Gaussian linear-predictor uncertainty plus Bernoulli posterior-predictive variation",0.636494522691706,0.485821596244131,2,0.133333333333333,0.311111111111111,0.340843027631932,2.25883806777205,0.0949522899734869,0.76334557411485,0.9775,0.733333333333333,0.8775,3.4,1,1,0.9925,1,0.494515895843506
"Fixed mixed-signal hidden-positive design",95,"WLR","WLR","WLR asymptotic Gaussian linear-predictor uncertainty plus Bernoulli posterior-predictive variation",0.693458528951487,0.596056338028169,1,0.0666666666666667,0.288888888888889,0.332718648215447,2.09522055951703,0.0962240864325072,0.723210156815541,0.98,0.8,0.8075,2.8,1,1,0.975,1,0.432852983474731
"Fixed mixed-signal hidden-positive design",96,"WLR","WLR","WLR asymptotic Gaussian linear-predictor uncertainty plus Bernoulli posterior-predictive variation",0.617402190923318,0.508544600938967,1,0.0666666666666667,0.266666666666667,0.345743514153337,2.17360537235418,0.0959164178506707,0.742831140317948,0.975,0.666666666666667,1.01,4,1,1,1,1,0.442070007324219
"Fixed mixed-signal hidden-positive design",97,"WLR","WLR","WLR asymptotic Gaussian linear-predictor uncertainty plus Bernoulli posterior-predictive variation",0.620782472613459,0.548544600938967,2,0.133333333333333,0.266666666666667,0.34657761511142,2.07213318217338,0.0985633037951973,0.736321961938324,0.985,0.866666666666667,0.91,2.2,1,1,1,1,0.416906118392944
"Fixed mixed-signal hidden-positive design",98,"WLR","WLR","WLR asymptotic Gaussian linear-predictor uncertainty plus Bernoulli posterior-predictive variation",0.7181220657277,0.60112676056338,2,0.133333333333333,0.333333333333333,0.319780439962016,2.15977906051483,0.092076747037188,0.706495718254963,0.9825,0.733333333333333,0.71,3.4,1,1,0.9275,1,0.213716983795166
"Fixed mixed-signal hidden-positive design",99,"WLR","WLR","WLR asymptotic Gaussian linear-predictor uncertainty plus Bernoulli posterior-predictive variation",0.726823161189358,0.739154929577465,4,0.266666666666667,0.377777777777778,0.307380312864959,1.7169955207339,0.0877027741778477,0.623024254062368,0.9775,0.733333333333333,0.795,3.4,1,1,0.965,1,0.179491996765137
"Fixed mixed-signal hidden-positive design",100,"WLR","WLR","WLR asymptotic Gaussian linear-predictor uncertainty plus Bernoulli posterior-predictive variation",0.662472613458529,0.646948356807512,4,0.266666666666667,0.288888888888889,0.324823935069311,1.78321344604187,0.0910178465870447,0.641175665985577,0.98,0.733333333333333,0.92,3.4,1,1,0.9975,1,0.193655014038086
"Fixed mixed-signal hidden-positive design",1,"WLR_NET","WLR + Net","WLR asymptotic Gaussian linear-predictor uncertainty plus Bernoulli posterior-predictive variation",0.655336463223787,0.570892018779343,2,0.133333333333333,0.355555555555556,0.329696648930852,2.08009730735954,0.092791932699927,0.725216522532765,0.9825,0.866666666666667,0.8325,2.2,1,1,0.9975,1,0.245140075683594
"Fixed mixed-signal hidden-positive design",2,"WLR_NET","WLR + Net","WLR asymptotic Gaussian linear-predictor uncertainty plus Bernoulli posterior-predictive variation",0.663348982785603,0.496338028169014,0,0,0.222222222222222,0.343129590962999,2.31258989256728,0.100156491767195,0.769686941968329,0.98,0.533333333333333,0.83,5.2,1,1,0.9775,1,0.233649969100952
"Fixed mixed-signal hidden-positive design",3,"WLR_NET","WLR + Net","WLR asymptotic Gaussian linear-predictor uncertainty plus Bernoulli posterior-predictive variation",0.57452269170579,0.392676056338028,0,0,0.2,0.357313730109184,2.31702268887086,0.101640155319032,0.793574409116084,0.975,0.6,1.0075,4.6,1,1,1,1,0.22367000579834
"Fixed mixed-signal hidden-positive design",4,"WLR_NET","WLR + Net","WLR asymptotic Gaussian linear-predictor uncertainty plus Bernoulli posterior-predictive variation",0.619467918622848,0.52169014084507,2,0.133333333333333,0.266666666666667,0.343185678775973,2.12003309590115,0.0954995565229665,0.736315614901784,0.9775,0.666666666666667,0.965,4,0.9975,1,1.0975,1,0.279406070709229
"Fixed mixed-signal hidden-positive design",5,"WLR_NET","WLR + Net","WLR asymptotic Gaussian linear-predictor uncertainty plus Bernoulli posterior-predictive variation",0.682566510172144,0.670046948356808,1,0.0666666666666667,0.266666666666667,0.328100166982479,1.86595652532481,0.0952339121221473,0.687047647786122,0.99,0.866666666666667,0.805,2.2,1,1,0.985,1,0.296410083770752
"Fixed mixed-signal hidden-positive design",6,"WLR_NET","WLR + Net","WLR asymptotic Gaussian linear-predictor uncertainty plus Bernoulli posterior-predictive variation",0.711611893583725,0.717746478873239,4,0.266666666666667,0.311111111111111,0.319228209150137,1.79942422860363,0.0899408391371754,0.635711021499045,0.985,0.866666666666667,0.81,2.2,1,1,0.9975,1,0.247044086456299
"Fixed mixed-signal hidden-positive design",7,"WLR_NET","WLR + Net","WLR asymptotic Gaussian linear-predictor uncertainty plus Bernoulli posterior-predictive variation",0.6818779342723,0.612206572769953,2,0.133333333333333,0.244444444444444,0.330348835956542,1.97955651511761,0.0944516403746321,0.687468106324969,0.9775,0.733333333333333,0.86,3.4,1,1,1,1,0.322652101516724
"Fixed mixed-signal hidden-positive design",8,"WLR_NET","WLR + Net","WLR asymptotic Gaussian linear-predictor uncertainty plus Bernoulli posterior-predictive variation",0.729327073552426,0.565821596244131,2,0.133333333333333,0.422222222222222,0.311280916626976,2.59235707843997,0.0842322658111058,0.722941783563804,0.9725,0.533333333333333,0.73,5.2,0.9925,0.8,1.195,8.79999999999999,0.215770959854126
"Fixed mixed-signal hidden-positive design",9,"WLR_NET","WLR + Net","WLR asymptotic Gaussian linear-predictor uncertainty plus Bernoulli posterior-predictive variation",0.713802816901408,0.572206572769953,3,0.2,0.355555555555556,0.318177316168019,2.3644627252259,0.0881033790227618,0.705686536669673,0.9725,0.6,0.8075,4.6,0.9975,0.933333333333333,1.0525,3.6,0.21350884437561
"Fixed mixed-signal hidden-positive design",10,"WLR_NET","WLR + Net","WLR asymptotic Gaussian linear-predictor uncertainty plus Bernoulli posterior-predictive variation",0.638247261345853,0.500657276995305,0,0,0.222222222222222,0.341001598651086,2.33064670219681,0.0967231727542915,0.778899226134545,0.9775,0.733333333333333,0.8475,3.4,0.9975,0.933333333333333,1.095,3.6,0.239661931991577
"Fixed mixed-signal hidden-positive design",11,"WLR_NET","WLR + Net","WLR asymptotic Gaussian linear-predictor uncertainty plus Bernoulli posterior-predictive variation",0.683630672926448,0.555117370892019,2,0.133333333333333,0.266666666666667,0.331293223582488,2.20173719643743,0.0963216755267019,0.734164126887446,0.9825,0.733333333333333,0.765,3.4,1,1,0.9425,1,0.202598810195923
"Fixed mixed-signal hidden-positive design",12,"WLR_NET","WLR + Net","WLR asymptotic Gaussian linear-predictor uncertainty plus Bernoulli posterior-predictive variation",0.659593114241002,0.512300469483568,2,0.133333333333333,0.266666666666667,0.335604360715758,2.25705724588366,0.0960132892548915,0.743846098630187,0.9775,0.666666666666667,0.8475,4,1,1,0.9775,1,0.194569110870361
"Fixed mixed-signal hidden-positive design",13,"WLR_NET","WLR + Net","WLR asymptotic Gaussian linear-predictor uncertainty plus Bernoulli posterior-predictive variation",0.615586854460094,0.451643192488263,1,0.0666666666666667,0.2,0.351723665462077,2.33520752347356,0.10060682500094,0.783588738498104,0.9775,0.6,0.895,4.6,1,1,0.995,1,0.223660945892334
"Fixed mixed-signal hidden-positive design",14,"WLR_NET","WLR + Net","WLR asymptotic Gaussian linear-predictor uncertainty plus Bernoulli posterior-predictive variation",0.601189358372457,0.575211267605634,1,0.0666666666666667,0.266666666666667,0.346331947698962,1.9902647884825,0.0986517792744972,0.726811682635721,0.985,0.733333333333333,0.985,3.4,1,1,1,1,0.210859060287476
"Fixed mixed-signal hidden-positive design",15,"WLR_NET","WLR + Net","WLR asymptotic Gaussian linear-predictor uncertainty plus Bernoulli posterior-predictive variation",0.637746478873239,0.405633802816901,1,0.0666666666666667,0.288888888888889,0.362246990153454,3.16147076794375,0.0975592381984041,0.824577719333155,0.9675,0.4,0.895,6.4,0.9925,0.8,1.255,8.79999999999999,0.195873975753784
"Fixed mixed-signal hidden-positive design",16,"WLR_NET","WLR + Net","WLR asymptotic Gaussian linear-predictor uncertainty plus Bernoulli posterior-predictive variation",0.766697965571205,0.685258215962441,4,0.266666666666667,0.422222222222222,0.294290312775023,1.91058267749577,0.0846803749695592,0.643247497899804,0.98,0.666666666666667,0.7375,4,1,1,0.9125,1,0.288789987564087
"Fixed mixed-signal hidden-positive design",17,"WLR_NET","WLR + Net","WLR asymptotic Gaussian linear-predictor uncertainty plus Bernoulli posterior-predictive variation",0.768262910798122,0.713615023474178,5,0.333333333333333,0.4,0.296358211295845,1.713779589733,0.083873507147733,0.57503658473135,0.9775,0.666666666666667,0.7725,4,1,1,0.945,1,0.251417875289917
"Fixed mixed-signal hidden-positive design",18,"WLR_NET","WLR + Net","WLR asymptotic Gaussian linear-predictor uncertainty plus Bernoulli posterior-predictive variation",0.599499217527387,0.474178403755869,2,0.133333333333333,0.355555555555556,0.343890897445334,2.16918270962043,0.0942033693132016,0.751572268398305,0.965,0.666666666666667,1.1,4,1,1,1,1,0.220802068710327
"Fixed mixed-signal hidden-positive design",19,"WLR_NET","WLR + Net","WLR asymptotic Gaussian linear-predictor uncertainty plus Bernoulli posterior-predictive variation",0.710735524256651,0.60075117370892,2,0.133333333333333,0.355555555555556,0.321794214855693,2.12908819698478,0.0921318611344715,0.706347156391202,0.9775,0.666666666666667,0.795,4,1,1,0.965,1,0.192934989929199
"Fixed mixed-signal hidden-positive design",20,"WLR_NET","WLR + Net","WLR asymptotic Gaussian linear-predictor uncertainty plus Bernoulli posterior-predictive variation",0.71906103286385,0.59830985915493,3,0.2,0.377777777777778,0.312841333584625,2.23361612385033,0.0865307169595481,0.685553585882392,0.975,0.666666666666667,0.76,4,1,1,0.96,1,0.204794883728027
"Fixed mixed-signal hidden-positive design",21,"WLR_NET","WLR + Net","WLR asymptotic Gaussian linear-predictor uncertainty plus Bernoulli posterior-predictive variation",0.659217527386541,0.604319248826291,0,0,0.266666666666667,0.338755900357737,2.13262178030811,0.0962354132133818,0.732539022794226,0.9775,0.8,0.8925,2.8,1,1,1,1,0.231051921844482
"Fixed mixed-signal hidden-positive design",22,"WLR_NET","WLR + Net","WLR asymptotic Gaussian linear-predictor uncertainty plus Bernoulli posterior-predictive variation",0.602128325508607,0.499342723004695,3,0.2,0.333333333333333,0.341336042357647,2.12540933204341,0.0944854101208547,0.736320418804298,0.97,0.666666666666667,1.04,4,1,1,1,1,0.219752788543701
"Fixed mixed-signal hidden-positive design",23,"WLR_NET","WLR + Net","WLR asymptotic Gaussian linear-predictor uncertainty plus Bernoulli posterior-predictive variation",0.693458528951487,0.569201877934272,2,0.133333333333333,0.222222222222222,0.332201737395848,2.14217585676186,0.0974913588731839,0.72356670006735,0.9875,0.733333333333333,0.725,3.4,1,1,0.9675,1,0.20512318611145
"Fixed mixed-signal hidden-positive design",24,"WLR_NET","WLR + Net","WLR asymptotic Gaussian linear-predictor uncertainty plus Bernoulli posterior-predictive variation",0.671674491392801,0.543474178403756,1,0.0666666666666667,0.333333333333333,0.327941659491207,2.25036786815792,0.0919745463045991,0.741951219449721,0.9725,0.6,0.825,4.6,1,1,0.985,1,0.178745031356812
"Fixed mixed-signal hidden-positive design",25,"WLR_NET","WLR + Net","WLR asymptotic Gaussian linear-predictor uncertainty plus Bernoulli posterior-predictive variation",0.661283255086072,0.498215962441315,1,0.0666666666666667,0.288888888888889,0.340231440634481,2.27676763064874,0.0965539805567932,0.769705680359536,0.975,0.6,0.8775,4.6,1,1,0.9875,1,0.179736137390137
"Fixed mixed-signal hidden-positive design",26,"WLR_NET","WLR + Net","WLR asymptotic Gaussian linear-predictor uncertainty plus Bernoulli posterior-predictive variation",0.776964006259781,0.624788732394366,2,0.133333333333333,0.444444444444444,0.295203177504674,2.46402217504388,0.0824135990677269,0.703379673495421,0.975,0.533333333333333,0.665,5.2,0.995,0.866666666666667,1.0525,6.19999999999999,0.219183921813965
"Fixed mixed-signal hidden-positive design",27,"WLR_NET","WLR + Net","WLR asymptotic Gaussian linear-predictor uncertainty plus Bernoulli posterior-predictive variation",0.696964006259781,0.581220657276995,1,0.0666666666666667,0.266666666666667,0.329852300713922,2.16583135708035,0.0966159895459296,0.746364582712348,0.9825,0.733333333333333,0.745,3.4,1,1,0.9625,1,0.196298122406006
"Fixed mixed-signal hidden-positive design",28,"WLR_NET","WLR + Net","WLR asymptotic Gaussian linear-predictor uncertainty plus Bernoulli posterior-predictive variation",0.737965571205008,0.683004694835681,2,0.133333333333333,0.377777777777778,0.312815521349223,1.96379432921232,0.0903898789331155,0.678704864203184,0.985,0.866666666666667,0.7275,2.2,1,1,0.955,1,0.253217935562134
"Fixed mixed-signal hidden-positive design",29,"WLR_NET","WLR + Net","WLR asymptotic Gaussian linear-predictor uncertainty plus Bernoulli posterior-predictive variation",0.528888888888889,0.343474178403756,1,0.0666666666666667,0.222222222222222,0.361533177549172,2.45886151530306,0.100918509643191,0.805556369437489,0.9775,0.6,0.9925,4.6,1,1,1,1,0.191823959350586
"Fixed mixed-signal hidden-positive design",30,"WLR_NET","WLR + Net","WLR asymptotic Gaussian linear-predictor uncertainty plus Bernoulli posterior-predictive variation",0.703411580594679,0.611455399061033,1,0.0666666666666667,0.288888888888889,0.333946516491415,2.07879567172601,0.098073388687291,0.720480819279607,0.9825,0.733333333333333,0.785,3.4,1,1,0.985,1,0.168524026870728
"Fixed mixed-signal hidden-positive design",31,"WLR_NET","WLR + Net","WLR asymptotic Gaussian linear-predictor uncertainty plus Bernoulli posterior-predictive variation",0.631361502347418,0.524882629107981,1,0.0666666666666667,0.288888888888889,0.344207546423548,2.18262338901942,0.0967036030014938,0.741436653187657,0.975,0.666666666666667,0.9525,4,1,1,1,1,0.163830041885376
"Fixed mixed-signal hidden-positive design",32,"WLR_NET","WLR + Net","WLR asymptotic Gaussian linear-predictor uncertainty plus Bernoulli posterior-predictive variation",0.739593114241002,0.612769953051643,2,0.133333333333333,0.444444444444444,0.315143594888694,2.20096371955537,0.0878249483419283,0.739328744422807,0.975,0.666666666666667,0.7575,4,0.9975,1,1.0525,1,0.21567702293396
"Fixed mixed-signal hidden-positive design",33,"WLR_NET","WLR + Net","WLR asymptotic Gaussian linear-predictor uncertainty plus Bernoulli posterior-predictive variation",0.690015649452269,0.546854460093897,3,0.2,0.377777777777778,0.319579277981671,2.19916543884164,0.0881956757120898,0.727821621319648,0.9725,0.666666666666667,0.8625,4,0.9975,1,1.0625,1,0.34417200088501
"Fixed mixed-signal hidden-positive design",34,"WLR_NET","WLR + Net","WLR asymptotic Gaussian linear-predictor uncertainty plus Bernoulli posterior-predictive variation",0.625602503912363,0.602441314553991,1,0.0666666666666667,0.288888888888889,0.343298961181482,2.02896712811092,0.0958901915574008,0.714213763772218,0.9775,0.866666666666667,1.0325,2.2,1,1,1,1,0.316592216491699
"Fixed mixed-signal hidden-positive design",35,"WLR_NET","WLR + Net","WLR asymptotic Gaussian linear-predictor uncertainty plus Bernoulli posterior-predictive variation",0.695461658841941,0.5218779342723,3,0.2,0.377777777777778,0.328105609449687,2.64733274327975,0.0882780524727752,0.73372845500144,0.9725,0.533333333333333,0.795,5.2,0.9925,0.8,1.23,8.79999999999999,0.266499042510986
"Fixed mixed-signal hidden-positive design",36,"WLR_NET","WLR + Net","WLR asymptotic Gaussian linear-predictor uncertainty plus Bernoulli posterior-predictive variation",0.584600938967136,0.39830985915493,0,0,0.266666666666667,0.356029238421209,2.39112958965275,0.100713568177799,0.800014141873561,0.97,0.533333333333333,1.01,5.2,1,1,1,1,0.434799194335938
"Fixed mixed-signal hidden-positive design",37,"WLR_NET","WLR + Net","WLR asymptotic Gaussian linear-predictor uncertainty plus Bernoulli posterior-predictive variation",0.680625978090767,0.566384976525822,0,0,0.311111111111111,0.333318364857343,2.35606285275218,0.0941664904696632,0.771424384009971,0.975,0.733333333333333,0.8325,3.4,0.9975,0.933333333333333,1.065,3.6,0.231404066085815
"Fixed mixed-signal hidden-positive design",38,"WLR_NET","WLR + Net","WLR asymptotic Gaussian linear-predictor uncertainty plus Bernoulli posterior-predictive variation",0.749358372456964,0.609577464788732,1,0.0666666666666667,0.422222222222222,0.310780166731635,2.28545918842093,0.0880763903022674,0.699177729456158,0.97,0.466666666666667,0.89,5.8,1,1,0.9825,1,0.203542232513428
"Fixed mixed-signal hidden-positive design",39,"WLR_NET","WLR + Net","WLR asymptotic Gaussian linear-predictor uncertainty plus Bernoulli posterior-predictive variation",0.815524256651017,0.823098591549296,7,0.466666666666667,0.533333333333333,0.259673284423459,1.45302836284005,0.069991574897604,0.479996344212596,0.98,0.866666666666667,0.685,2.2,0.9975,0.933333333333333,1.085,3.6,0.163398027420044
"Fixed mixed-signal hidden-positive design",40,"WLR_NET","WLR + Net","WLR asymptotic Gaussian linear-predictor uncertainty plus Bernoulli posterior-predictive variation",0.65358372456964,0.537276995305164,3,0.2,0.377777777777778,0.334260029577368,2.12321991537871,0.0934940266484908,0.708871698063966,0.9725,0.666666666666667,0.915,4,1,1,0.99,1,0.211838006973267
"Fixed mixed-signal hidden-positive design",41,"WLR_NET","WLR + Net","WLR asymptotic Gaussian linear-predictor uncertainty plus Bernoulli posterior-predictive variation",0.65189358372457,0.403004694835681,1,0.0666666666666667,0.4,0.330919595824589,2.9442789178626,0.0859131469372716,0.803657538394404,0.96,0.333333333333333,0.895,7,0.99,0.8,1.3225,8.79999999999999,0.20439887046814
"Fixed mixed-signal hidden-positive design",42,"WLR_NET","WLR + Net","WLR asymptotic Gaussian linear-predictor uncertainty plus Bernoulli posterior-predictive variation",0.7320813771518,0.569201877934272,2,0.133333333333333,0.377777777777778,0.31108191507054,2.51811665753055,0.0839498185005369,0.697131698984557,0.97,0.533333333333333,0.765,5.2,0.9925,0.8,1.1825,8.79999999999999,0.214362144470215
"Fixed mixed-signal hidden-positive design",43,"WLR_NET","WLR + Net","WLR asymptotic Gaussian linear-predictor uncertainty plus Bernoulli posterior-predictive variation",0.6818779342723,0.634929577464789,1,0.0666666666666667,0.311111111111111,0.327848161986404,1.96272516061177,0.0941918874858025,0.702700372779758,0.9775,0.8,0.8775,2.8,1,1,0.9825,1,0.201308012008667
"Fixed mixed-signal hidden-positive design",44,"WLR_NET","WLR + Net","WLR asymptotic Gaussian linear-predictor uncertainty plus Bernoulli posterior-predictive variation",0.656588419405321,0.619718309859155,2,0.133333333333333,0.355555555555556,0.336470188354977,1.99181983924383,0.0938540929656246,0.68840574960273,0.975,0.666666666666667,0.9575,4,1,1,1,1,0.201647996902466
"Fixed mixed-signal hidden-positive design",45,"WLR_NET","WLR + Net","WLR asymptotic Gaussian linear-predictor uncertainty plus Bernoulli posterior-predictive variation",0.693082942097027,0.671924882629108,1,0.0666666666666667,0.266666666666667,0.329524533975592,1.87710715727735,0.0944280675578397,0.683905822111156,0.98,0.8,0.8775,2.8,1,1,0.9975,1,0.214674949645996
"Fixed mixed-signal hidden-positive design",46,"WLR_NET","WLR + Net","WLR asymptotic Gaussian linear-predictor uncertainty plus Bernoulli posterior-predictive variation",0.654460093896714,0.542347417840376,1,0.0666666666666667,0.222222222222222,0.337460845202343,2.25921358767179,0.0947410918371505,0.752322193207079,0.98,0.733333333333333,0.815,3.4,1,1,0.9925,1,0.180660963058472
"Fixed mixed-signal hidden-positive design",47,"WLR_NET","WLR + Net","WLR asymptotic Gaussian linear-predictor uncertainty plus Bernoulli posterior-predictive variation",0.645946791862285,0.454835680751174,1,0.0666666666666667,0.311111111111111,0.341165460233326,2.55839730167983,0.0950596296197631,0.789532317698516,0.97,0.533333333333333,0.8975,5.2,0.9975,0.933333333333333,1.085,3.6,0.210200071334839
"Fixed mixed-signal hidden-positive design",48,"WLR_NET","WLR + Net","WLR asymptotic Gaussian linear-predictor uncertainty plus Bernoulli posterior-predictive variation",0.706353677621283,0.6418779342723,0,0,0.244444444444444,0.327989025105296,2.01415707690487,0.094202898860112,0.721771963923815,0.9775,0.733333333333333,0.8325,3.4,1,1,0.985,1,0.200018882751465
"Fixed mixed-signal hidden-positive design",49,"WLR_NET","WLR + Net","WLR asymptotic Gaussian linear-predictor uncertainty plus Bernoulli posterior-predictive variation",0.643442879499218,0.566760563380282,2,0.133333333333333,0.311111111111111,0.331840870498641,2.07056446226595,0.0933415964833771,0.718895073173395,0.9725,0.666666666666667,0.915,4,1,1,0.995,1,0.271531820297241
"Fixed mixed-signal hidden-positive design",50,"WLR_NET","WLR + Net","WLR asymptotic Gaussian linear-predictor uncertainty plus Bernoulli posterior-predictive variation",0.61283255086072,0.395492957746479,1,0.0666666666666667,0.288888888888889,0.344051878405921,2.59716043114109,0.0940044461138835,0.807750683375012,0.9675,0.466666666666667,0.92,5.8,0.9975,1,1.0875,1,0.187927007675171
"Fixed mixed-signal hidden-positive design",51,"WLR_NET","WLR + Net","WLR asymptotic Gaussian linear-predictor uncertainty plus Bernoulli posterior-predictive variation",0.626541471048513,0.510422535211268,1,0.0666666666666667,0.288888888888889,0.343889099407199,2.26056148075572,0.0964398992730503,0.747672165767734,0.97,0.533333333333333,0.9725,5.2,1,1,0.9875,1,0.22879695892334
"Fixed mixed-signal hidden-positive design",52,"WLR_NET","WLR + Net","WLR asymptotic Gaussian linear-predictor uncertainty plus Bernoulli posterior-predictive variation",0.746854460093897,0.589483568075117,1,0.0666666666666667,0.355555555555556,0.312323222861238,2.39334028497775,0.091535831525396,0.760226918784368,0.9775,0.6,0.6775,4.6,1,1,0.905,1,0.73091197013855
"Fixed mixed-signal hidden-positive design",53,"WLR_NET","WLR + Net","WLR asymptotic Gaussian linear-predictor uncertainty plus Bernoulli posterior-predictive variation",0.663098591549296,0.499718309859155,3,0.2,0.355555555555556,0.325224128530796,2.41432671323662,0.0879035611338877,0.726871388665951,0.97,0.533333333333333,0.85,5.2,0.995,0.933333333333333,1.155,3.6,0.415503025054932
"Fixed mixed-signal hidden-positive design",54,"WLR_NET","WLR + Net","WLR asymptotic Gaussian linear-predictor uncertainty plus Bernoulli posterior-predictive variation",0.660406885758998,0.504788732394366,1,0.0666666666666667,0.2,0.33634504105236,2.26038617105026,0.0970486303969573,0.775816816479912,0.9775,0.6,0.865,4.6,1,1,0.98,1,0.504693984985352
"Fixed mixed-signal hidden-positive design",55,"WLR_NET","WLR + Net","WLR asymptotic Gaussian linear-predictor uncertainty plus Bernoulli posterior-predictive variation",0.686134585289515,0.570140845070423,2,0.133333333333333,0.288888888888889,0.327240214906915,2.19519721625453,0.0917838417949275,0.722931715879834,0.9725,0.6,0.84,4.6,1,1,0.99,1,0.53649115562439
"Fixed mixed-signal hidden-positive design",56,"WLR_NET","WLR + Net","WLR asymptotic Gaussian linear-predictor uncertainty plus Bernoulli posterior-predictive variation",0.679749608763693,0.602441314553991,2,0.133333333333333,0.288888888888889,0.333789129615358,1.99991604317654,0.097210297368199,0.711099391458406,0.985,0.733333333333333,0.82,3.4,1,1,1,1,0.390077114105225
"Fixed mixed-signal hidden-positive design",57,"WLR_NET","WLR + Net","WLR asymptotic Gaussian linear-predictor uncertainty plus Bernoulli posterior-predictive variation",0.630297339593114,0.504413145539906,1,0.0666666666666667,0.311111111111111,0.332177031808808,2.18771945406848,0.0936581667702304,0.747123854424319,0.9775,0.666666666666667,0.8625,4,1,1,0.995,1,0.370346069335938
"Fixed mixed-signal hidden-positive design",58,"WLR_NET","WLR + Net","WLR asymptotic Gaussian linear-predictor uncertainty plus Bernoulli posterior-predictive variation",0.769640062597809,0.814084507042254,1,0.0666666666666667,0.355555555555556,0.306442328173799,1.56115887299554,0.0900492256455846,0.609933291918125,0.9875,1,0.7075,1,1,1,0.98,1,0.458797931671143
"Fixed mixed-signal hidden-positive design",59,"WLR_NET","WLR + Net","WLR asymptotic Gaussian linear-predictor uncertainty plus Bernoulli posterior-predictive variation",0.632613458528951,0.491830985915493,2,0.133333333333333,0.311111111111111,0.33828305116294,2.44941403535848,0.0917039526523659,0.758175122860757,0.965,0.533333333333333,0.9475,5.2,0.9975,0.933333333333333,1.08,3.6,0.46185302734375
"Fixed mixed-signal hidden-positive design",60,"WLR_NET","WLR + Net","WLR asymptotic Gaussian linear-predictor uncertainty plus Bernoulli posterior-predictive variation",0.675618153364632,0.573896713615023,1,0.0666666666666667,0.311111111111111,0.329693493809288,2.25023554579024,0.0928871518937845,0.741414723332129,0.975,0.733333333333333,0.8125,3.4,0.9975,0.933333333333333,1.085,3.6,0.458782196044922
"Fixed mixed-signal hidden-positive design",61,"WLR_NET","WLR + Net","WLR asymptotic Gaussian linear-predictor uncertainty plus Bernoulli posterior-predictive variation",0.73283255086072,0.699342723004695,3,0.2,0.288888888888889,0.315491034100428,1.85796939099435,0.0915158128571577,0.64862190903947,0.985,0.866666666666667,0.73,2.2,1,1,0.9525,1,0.340415954589844
"Fixed mixed-signal hidden-positive design",62,"WLR_NET","WLR + Net","WLR asymptotic Gaussian linear-predictor uncertainty plus Bernoulli posterior-predictive variation",0.670109546165884,0.55906103286385,0,0,0.266666666666667,0.336101384036618,2.17490737898996,0.0964257020957878,0.747749109854199,0.97,0.6,0.92,4.6,1,1,0.9775,1,0.418958902359009
"Fixed mixed-signal hidden-positive design",63,"WLR_NET","WLR + Net","WLR asymptotic Gaussian linear-predictor uncertainty plus Bernoulli posterior-predictive variation",0.765946791862285,0.676807511737089,5,0.333333333333333,0.466666666666667,0.29878921161119,1.976219494191,0.0843132195851309,0.612208700487552,0.9725,0.6,0.755,4.6,0.9975,0.933333333333333,0.995,3.6,0.354313135147095
"Fixed mixed-signal hidden-positive design",64,"WLR_NET","WLR + Net","WLR asymptotic Gaussian linear-predictor uncertainty plus Bernoulli posterior-predictive variation",0.761752738654147,0.64056338028169,1,0.0666666666666667,0.422222222222222,0.300362745378425,2.31421038210831,0.084842609081179,0.697041153931573,0.97,0.533333333333333,0.7625,5.2,0.995,0.866666666666667,1.0525,6.19999999999999,0.552771091461182
"Fixed mixed-signal hidden-positive design",65,"WLR_NET","WLR + Net","WLR asymptotic Gaussian linear-predictor uncertainty plus Bernoulli posterior-predictive variation",0.671298904538341,0.620093896713615,1,0.0666666666666667,0.333333333333333,0.329870131919919,1.98072309250035,0.0943424253962705,0.704629452182069,0.98,0.8,0.875,2.8,1,1,0.9925,1,0.534002065658569
"Fixed mixed-signal hidden-positive design",66,"WLR_NET","WLR + Net","WLR asymptotic Gaussian linear-predictor uncertainty plus Bernoulli posterior-predictive variation",0.715743348982786,0.691079812206573,6,0.4,0.377777777777778,0.318947833720657,1.77786425113527,0.0899486522993475,0.600809950534213,0.98,0.733333333333333,0.8475,3.4,1,1,0.995,1,0.431307077407837
"Fixed mixed-signal hidden-positive design",67,"WLR_NET","WLR + Net","WLR asymptotic Gaussian linear-predictor uncertainty plus Bernoulli posterior-predictive variation",0.637746478873239,0.502347417840376,1,0.0666666666666667,0.288888888888889,0.343245472902018,2.1751165406341,0.0963402305374522,0.750378682626732,0.975,0.666666666666667,0.935,4,0.9975,1,1.0975,1,0.314037084579468
"Fixed mixed-signal hidden-positive design",68,"WLR_NET","WLR + Net","WLR asymptotic Gaussian linear-predictor uncertainty plus Bernoulli posterior-predictive variation",0.644757433489828,0.555680751173709,2,0.133333333333333,0.288888888888889,0.340184019128531,2.13571772328426,0.0961429864132281,0.727141483183229,0.9775,0.733333333333333,0.9275,3.4,1,1,0.995,1,0.393311023712158
"Fixed mixed-signal hidden-positive design",69,"WLR_NET","WLR + Net","WLR asymptotic Gaussian linear-predictor uncertainty plus Bernoulli posterior-predictive variation",0.615524256651017,0.568262910798122,1,0.0666666666666667,0.244444444444444,0.350082654830449,1.99896552515599,0.0989910833698454,0.729140048892232,0.9875,0.866666666666667,1.0475,2.2,1,1,1,1,0.403969049453735
"Fixed mixed-signal hidden-positive design",70,"WLR_NET","WLR + Net","WLR asymptotic Gaussian linear-predictor uncertainty plus Bernoulli posterior-predictive variation",0.743724569640063,0.701971830985916,0,0,0.288888888888889,0.315106674938871,1.9652773800643,0.0923066415514701,0.709138561645135,0.98,0.8,0.755,2.8,1,1,0.9775,1,0.478425025939941
"Fixed mixed-signal hidden-positive design",71,"WLR_NET","WLR + Net","WLR asymptotic Gaussian linear-predictor uncertainty plus Bernoulli posterior-predictive variation",0.672237871674491,0.587605633802817,2,0.133333333333333,0.244444444444444,0.333975965380206,2.05596392863982,0.0946742654692865,0.721071172554299,0.9775,0.733333333333333,0.915,3.4,1,1,0.995,1,0.403971910476685
"Fixed mixed-signal hidden-positive design",72,"WLR_NET","WLR + Net","WLR asymptotic Gaussian linear-predictor uncertainty plus Bernoulli posterior-predictive variation",0.650516431924883,0.643568075117371,1,0.0666666666666667,0.288888888888889,0.332659982223823,1.92443704880491,0.0944634764254252,0.71116043456925,0.9825,0.933333333333333,0.8925,1.6,1,1,0.9975,1,0.538298845291138
"Fixed mixed-signal hidden-positive design",73,"WLR_NET","WLR + Net","WLR asymptotic Gaussian linear-predictor uncertainty plus Bernoulli posterior-predictive variation",0.650203442879499,0.492394366197183,1,0.0666666666666667,0.222222222222222,0.34250308150228,2.31901251265141,0.0989358543018502,0.782525985889966,0.98,0.666666666666667,0.85,4,0.9975,0.933333333333333,1.0775,3.6,0.464176893234253
"Fixed mixed-signal hidden-positive design",74,"WLR_NET","WLR + Net","WLR asymptotic Gaussian linear-predictor uncertainty plus Bernoulli posterior-predictive variation",0.783849765258216,0.684507042253521,2,0.133333333333333,0.377777777777778,0.290516745673091,2.09917625849815,0.0828110780503267,0.667025515548217,0.9825,0.8,0.6825,2.8,0.9975,0.933333333333333,1.0025,3.6,0.33636212348938
"Fixed mixed-signal hidden-positive design",75,"WLR_NET","WLR + Net","WLR asymptotic Gaussian linear-predictor uncertainty plus Bernoulli posterior-predictive variation",0.589107981220657,0.484507042253521,2,0.133333333333333,0.222222222222222,0.3476576419424,2.15005477556033,0.0981595282589535,0.753059004193966,0.98,0.733333333333333,0.925,3.4,1,1,1,1,0.5174241065979
"Fixed mixed-signal hidden-positive design",76,"WLR_NET","WLR + Net","WLR asymptotic Gaussian linear-predictor uncertainty plus Bernoulli posterior-predictive variation",0.66810641627543,0.543849765258216,1,0.0666666666666667,0.333333333333333,0.334630912765743,2.17205450648893,0.0955590529842199,0.73667334040742,0.9725,0.6,0.885,4.6,1,1,0.975,1,0.410507202148438
"Fixed mixed-signal hidden-positive design",77,"WLR_NET","WLR + Net","WLR asymptotic Gaussian linear-predictor uncertainty plus Bernoulli posterior-predictive variation",0.703161189358372,0.693708920187793,2,0.133333333333333,0.333333333333333,0.326693484008008,1.82558630528094,0.0950578216309933,0.676838308393121,0.99,0.933333333333333,0.83,1.6,1,1,0.9825,1,0.478970050811768
"Fixed mixed-signal hidden-positive design",78,"WLR_NET","WLR + Net","WLR asymptotic Gaussian linear-predictor uncertainty plus Bernoulli posterior-predictive variation",0.736087636932707,0.548356807511737,3,0.2,0.444444444444444,0.304338078690247,2.65152082326531,0.0824488119354175,0.74721716083137,0.965,0.4,0.7675,6.4,0.9925,0.866666666666667,1.1425,6.19999999999999,0.528659820556641
"Fixed mixed-signal hidden-positive design",79,"WLR_NET","WLR + Net","WLR asymptotic Gaussian linear-predictor uncertainty plus Bernoulli posterior-predictive variation",0.699906103286385,0.613145539906103,2,0.133333333333333,0.288888888888889,0.323155427557548,2.04597522077906,0.0924448345843985,0.7137949225134,0.9825,0.733333333333333,0.78,3.4,1,1,0.98,1,0.370151996612549
"Fixed mixed-signal hidden-positive design",80,"WLR_NET","WLR + Net","WLR asymptotic Gaussian linear-predictor uncertainty plus Bernoulli posterior-predictive variation",0.571205007824726,0.492206572769953,2,0.133333333333333,0.311111111111111,0.342706233647799,2.14021360641923,0.0941627083547658,0.722750196892903,0.9675,0.6,1.1325,4.6,1,1,1,1,0.435259819030762
"Fixed mixed-signal hidden-positive design",81,"WLR_NET","WLR + Net","WLR asymptotic Gaussian linear-predictor uncertainty plus Bernoulli posterior-predictive variation",0.582660406885759,0.515492957746479,0,0,0.133333333333333,0.350668524617774,2.03386885020496,0.100285085303287,0.748196686764894,0.9975,0.933333333333333,0.8875,1.6,1,1,1,1,0.476209878921509
"Fixed mixed-signal hidden-positive design",82,"WLR_NET","WLR + Net","WLR asymptotic Gaussian linear-predictor uncertainty plus Bernoulli posterior-predictive variation",0.661095461658842,0.573145539906103,1,0.0666666666666667,0.266666666666667,0.336075350211027,2.10517775530575,0.0958878187257453,0.743049125459129,0.98,0.8,0.85,2.8,1,1,0.995,1,0.479214906692505
"Fixed mixed-signal hidden-positive design",83,"WLR_NET","WLR + Net","WLR asymptotic Gaussian linear-predictor uncertainty plus Bernoulli posterior-predictive variation",0.709233176838811,0.527699530516432,3,0.2,0.355555555555556,0.32459130942831,2.64006674308918,0.0890322325189989,0.753978201369656,0.9675,0.466666666666667,0.795,5.8,0.99,0.8,1.2775,8.79999999999999,0.409019947052002
"Fixed mixed-signal hidden-positive design",84,"WLR_NET","WLR + Net","WLR asymptotic Gaussian linear-predictor uncertainty plus Bernoulli posterior-predictive variation",0.698215962441315,0.664037558685446,2,0.133333333333333,0.311111111111111,0.324802245981436,1.92378188993765,0.0914712771952813,0.690998281186284,0.9825,0.866666666666667,0.7925,2.2,1,1,0.9925,1,0.36721396446228
"Fixed mixed-signal hidden-positive design",85,"WLR_NET","WLR + Net","WLR asymptotic Gaussian linear-predictor uncertainty plus Bernoulli posterior-predictive variation",0.654835680751174,0.604131455399061,1,0.0666666666666667,0.244444444444444,0.338687991907083,1.96386663153703,0.097194887844064,0.710148643084211,0.975,0.666666666666667,0.96,4,1,1,1,1,0.392089128494263
"Fixed mixed-signal hidden-positive design",86,"WLR_NET","WLR + Net","WLR asymptotic Gaussian linear-predictor uncertainty plus Bernoulli posterior-predictive variation",0.704976525821596,0.626666666666667,1,0.0666666666666667,0.333333333333333,0.324797391981095,2.06264738680905,0.0920244387498051,0.708960962419193,0.98,0.733333333333333,0.805,3.4,1,1,0.985,1,0.490061044692993
"Fixed mixed-signal hidden-positive design",87,"WLR_NET","WLR + Net","WLR asymptotic Gaussian linear-predictor uncertainty plus Bernoulli posterior-predictive variation",0.632613458528951,0.462535211267606,1,0.0666666666666667,0.266666666666667,0.340761368062039,2.46514423661591,0.0927218668452406,0.766804657782759,0.965,0.4,0.9525,6.4,0.9975,0.933333333333333,1.0875,3.6,0.315503120422363
"Fixed mixed-signal hidden-positive design",88,"WLR_NET","WLR + Net","WLR asymptotic Gaussian linear-predictor uncertainty plus Bernoulli posterior-predictive variation",0.843505477308294,0.705539906103286,5,0.333333333333333,0.555555555555556,0.256437358300885,2.63394857147071,0.0660609057202224,0.615786024350387,0.9825,0.666666666666667,0.4975,4,0.99,0.8,1.1175,8.79999999999999,0.434206008911133
"Fixed mixed-signal hidden-positive design",89,"WLR_NET","WLR + Net","WLR asymptotic Gaussian linear-predictor uncertainty plus Bernoulli posterior-predictive variation",0.735837245696401,0.733333333333333,5,0.333333333333333,0.311111111111111,0.313710638821769,1.65678577629215,0.0907677975882439,0.599600669711808,0.99,0.933333333333333,0.725,1.6,1,1,0.9825,1,0.735713005065918
"Fixed mixed-signal hidden-positive design",90,"WLR_NET","WLR + Net","WLR asymptotic Gaussian linear-predictor uncertainty plus Bernoulli posterior-predictive variation",0.674741784037559,0.643943661971831,1,0.0666666666666667,0.266666666666667,0.330442265131733,1.92994341592967,0.0944611957804594,0.699564195680175,0.985,0.866666666666667,0.835,2.2,1,1,0.995,1,0.450489044189453
"Fixed mixed-signal hidden-positive design",91,"WLR_NET","WLR + Net","WLR asymptotic Gaussian linear-predictor uncertainty plus Bernoulli posterior-predictive variation",0.61508607198748,0.467230046948357,0,0,0.288888888888889,0.35091049541691,2.53889023725911,0.0960214413855625,0.792506626755314,0.9675,0.6,0.97,4.6,0.9975,0.933333333333333,1.095,3.6,0.565011978149414
"Fixed mixed-signal hidden-positive design",92,"WLR_NET","WLR + Net","WLR asymptotic Gaussian linear-predictor uncertainty plus Bernoulli posterior-predictive variation",0.720876369327074,0.626478873239437,2,0.133333333333333,0.333333333333333,0.326867134228044,2.22185729012456,0.0912436617238184,0.687545563626169,0.9775,0.666666666666667,0.81,4,0.9925,0.866666666666667,1.26,6.19999999999999,0.437469959259033
"Fixed mixed-signal hidden-positive design",93,"WLR_NET","WLR + Net","WLR asymptotic Gaussian linear-predictor uncertainty plus Bernoulli posterior-predictive variation",0.662284820031299,0.618028169014085,3,0.2,0.355555555555556,0.326130380368822,2.00833705634864,0.0891940594337748,0.7147590672895,0.9775,0.8,0.8725,2.8,0.9975,1,1.0925,1,0.469105005264282
"Fixed mixed-signal hidden-positive design",94,"WLR_NET","WLR + Net","WLR asymptotic Gaussian linear-predictor uncertainty plus Bernoulli posterior-predictive variation",0.633740219092332,0.477370892018779,2,0.133333333333333,0.311111111111111,0.341204508011908,2.26983342102804,0.0950070046384782,0.764970821933134,0.975,0.733333333333333,0.8925,3.4,1,1,0.995,1,0.437997817993164
"Fixed mixed-signal hidden-positive design",95,"WLR_NET","WLR + Net","WLR asymptotic Gaussian linear-predictor uncertainty plus Bernoulli posterior-predictive variation",0.702034428794992,0.622347417840376,1,0.0666666666666667,0.288888888888889,0.329849068405634,2.04123631388616,0.0955213367103636,0.711414204172678,0.98,0.8,0.82,2.8,1,1,0.9825,1,0.55753493309021
"Fixed mixed-signal hidden-positive design",96,"WLR_NET","WLR + Net","WLR asymptotic Gaussian linear-predictor uncertainty plus Bernoulli posterior-predictive variation",0.72206572769953,0.658215962441315,3,0.2,0.288888888888889,0.310520238138497,1.83244058390967,0.0877679953743446,0.636898220833274,0.9875,0.866666666666667,0.795,2.2,1,1,0.9925,1,0.404144048690796
"Fixed mixed-signal hidden-positive design",97,"WLR_NET","WLR + Net","WLR asymptotic Gaussian linear-predictor uncertainty plus Bernoulli posterior-predictive variation",0.739968701095462,0.63943661971831,3,0.2,0.333333333333333,0.318752372220391,2.06492477280073,0.0918457774548586,0.666755418695798,0.985,0.733333333333333,0.7425,3.4,1,1,0.9825,1,0.475826978683472
"Fixed mixed-signal hidden-positive design",98,"WLR_NET","WLR + Net","WLR asymptotic Gaussian linear-predictor uncertainty plus Bernoulli posterior-predictive variation",0.718184663536776,0.60075117370892,2,0.133333333333333,0.333333333333333,0.319881282796349,2.16588566623613,0.092065346671793,0.708983634342157,0.98,0.666666666666667,0.74,4,0.9975,0.933333333333333,1.03,3.6,0.174397945404053
"Fixed mixed-signal hidden-positive design",99,"WLR_NET","WLR + Net","WLR asymptotic Gaussian linear-predictor uncertainty plus Bernoulli posterior-predictive variation",0.728888888888889,0.741784037558685,5,0.333333333333333,0.377777777777778,0.307067997413412,1.7127619470823,0.0875947463860337,0.620185773093566,0.9875,0.866666666666667,0.7325,2.2,1,1,0.9775,1,0.174195051193237
"Fixed mixed-signal hidden-positive design",100,"WLR_NET","WLR + Net","WLR asymptotic Gaussian linear-predictor uncertainty plus Bernoulli posterior-predictive variation",0.767136150234742,0.767699530516432,3,0.2,0.244444444444444,0.306623042468361,1.73216804096643,0.0885309229471689,0.617625734495509,0.9925,0.933333333333333,0.715,1.6,1,1,0.99,1,0.249027967453003
"Fixed mixed-signal hidden-positive design",1,"INLA","INLA","INLA posterior linear-predictor marginals plus Bernoulli posterior-predictive variation",0.594115805946792,0.444882629107981,2,0.133333333333333,0.333333333333333,0.357299120719442,3.06786711599033,0.0943298922630964,0.856784818131131,0.9275,0.133333333333333,0.9425,8.8,0.9875,0.866666666666667,1.375,6.19999999999999,6.58292579650879
"Fixed mixed-signal hidden-positive design",2,"INLA","INLA","INLA posterior linear-predictor marginals plus Bernoulli posterior-predictive variation",0.608513302034429,0.473239436619718,2,0.133333333333333,0.222222222222222,0.364019937534982,2.99480766774904,0.0996828713579525,0.872047769426033,0.93,0.266666666666667,0.935,7.6,0.995,0.933333333333333,1.14,3.6,2.38950181007385
"Fixed mixed-signal hidden-positive design",3,"INLA","INLA","INLA posterior linear-predictor marginals plus Bernoulli posterior-predictive variation",0.562754303599374,0.377089201877934,1,0.0666666666666667,0.222222222222222,0.373186445943713,3.15437742396121,0.101584264437194,0.900098507538434,0.925,0.133333333333333,0.95,8.8,0.9975,0.933333333333333,1.07,3.6,2.38508605957031
"Fixed mixed-signal hidden-positive design",4,"INLA","INLA","INLA posterior linear-predictor marginals plus Bernoulli posterior-predictive variation",0.61226917057903,0.507042253521127,3,0.2,0.311111111111111,0.358693383410645,2.93161735859584,0.0965156620076716,0.857511364713382,0.9325,0.2,0.88,8.2,0.9925,0.866666666666667,1.245,6.19999999999999,2.17830491065979
"Fixed mixed-signal hidden-positive design",5,"INLA","INLA","INLA posterior linear-predictor marginals plus Bernoulli posterior-predictive variation",0.636494522691706,0.615774647887324,2,0.133333333333333,0.288888888888889,0.349710368798685,2.64572756785612,0.0977793766666341,0.841528617769089,0.9275,0.266666666666667,0.92,7.6,1,1,0.9425,1,2.02421903610229
"Fixed mixed-signal hidden-positive design",6,"INLA","INLA","INLA posterior linear-predictor marginals plus Bernoulli posterior-predictive variation",0.703223787167449,0.710422535211268,3,0.2,0.311111111111111,0.333568811535588,2.52792446973083,0.0922099308629244,0.777813356522778,0.94,0.466666666666667,0.8125,5.8,0.99,0.933333333333333,1.2775,3.6,2.23526406288147
"Fixed mixed-signal hidden-positive design",7,"INLA","INLA","INLA posterior linear-predictor marginals plus Bernoulli posterior-predictive variation",0.672801251956182,0.614460093896714,2,0.133333333333333,0.311111111111111,0.343748654344182,2.71470594726182,0.0953925909378043,0.821269030045709,0.9375,0.266666666666667,0.855,7.6,0.9925,0.866666666666667,1.16,6.19999999999999,2.50513005256653
"Fixed mixed-signal hidden-positive design",8,"INLA","INLA","INLA posterior linear-predictor marginals plus Bernoulli posterior-predictive variation",0.710422535211268,0.533708920187793,2,0.133333333333333,0.422222222222222,0.340441812985037,3.56206083059733,0.0866294815968193,0.854046398219444,0.9425,0.266666666666667,0.775,7.6,0.9825,0.6,1.325,16.6,2.12064814567566
"Fixed mixed-signal hidden-positive design",9,"INLA","INLA","INLA posterior linear-predictor marginals plus Bernoulli posterior-predictive variation",0.632237871674491,0.507793427230047,1,0.0666666666666667,0.288888888888889,0.35550058080497,3.08048566777315,0.09545404367917,0.882627196656326,0.9375,0.2,0.8575,8.2,0.99,0.866666666666667,1.25,6.19999999999999,2.50292110443115
"Fixed mixed-signal hidden-positive design",10,"INLA","INLA","INLA posterior linear-predictor marginals plus Bernoulli posterior-predictive variation",0.607574334898279,0.486197183098592,1,0.0666666666666667,0.244444444444444,0.357814930296855,3.06460177506515,0.0959644857155809,0.884881647679236,0.9325,0.266666666666667,0.8925,7.6,0.9875,0.8,1.3625,8.79999999999999,2.32810688018799
"Fixed mixed-signal hidden-positive design",11,"INLA","INLA","INLA posterior linear-predictor marginals plus Bernoulli posterior-predictive variation",0.669420970266041,0.544413145539906,2,0.133333333333333,0.288888888888889,0.348587926000173,2.95577898501065,0.0959684752763062,0.854020979803663,0.9375,0.2,0.8675,8.2,0.99,0.866666666666667,1.205,6.19999999999999,2.1656379699707
"Fixed mixed-signal hidden-positive design",12,"INLA","INLA","INLA posterior linear-predictor marginals plus Bernoulli posterior-predictive variation",0.629420970266041,0.468356807511737,2,0.133333333333333,0.266666666666667,0.355276646184821,3.11299275184991,0.0960094359429792,0.866378581635768,0.9375,0.266666666666667,0.8525,7.6,0.9875,0.8,1.325,8.79999999999999,2.14622712135315
"Fixed mixed-signal hidden-positive design",13,"INLA","INLA","INLA posterior linear-predictor marginals plus Bernoulli posterior-predictive variation",0.614272300469484,0.460093896713615,1,0.0666666666666667,0.2,0.365965786109735,3.11151907449441,0.100257501933031,0.891373118509067,0.9275,0.2,0.9825,8.2,0.99,0.866666666666667,1.275,6.19999999999999,2.03341603279114
"Fixed mixed-signal hidden-positive design",14,"INLA","INLA","INLA posterior linear-predictor marginals plus Bernoulli posterior-predictive variation",0.596557120500782,0.581971830985916,3,0.2,0.244444444444444,0.359267064453959,2.72734944912651,0.100078224965568,0.858130361770824,0.925,0.333333333333333,0.9375,7,1,1,0.98,1,2.43037104606628
"Fixed mixed-signal hidden-positive design",15,"INLA","INLA","INLA posterior linear-predictor marginals plus Bernoulli posterior-predictive variation",0.578841940532081,0.322629107981221,1,0.0666666666666667,0.288888888888889,0.386067197018713,3.92618374144202,0.0976063737844243,0.922367348576538,0.9275,0.0666666666666667,0.9375,9.4,0.9775,0.533333333333333,1.73,19.2,2.729168176651
"Fixed mixed-signal hidden-positive design",16,"INLA","INLA","INLA posterior linear-predictor marginals plus Bernoulli posterior-predictive variation",0.688951486697966,0.553427230046948,1,0.0666666666666667,0.311111111111111,0.345804905855164,3.02423426480482,0.0958597381154551,0.864562803277418,0.945,0.266666666666667,0.79,7.6,0.9925,0.933333333333333,1.045,3.6,2.2762598991394
"Fixed mixed-signal hidden-positive design",17,"INLA","INLA","INLA posterior linear-predictor marginals plus Bernoulli posterior-predictive variation",0.746729264475743,0.685821596244131,5,0.333333333333333,0.4,0.324358600902586,2.55688814562207,0.0906767062634386,0.766408717381061,0.955,0.533333333333333,0.6975,5.2,0.99,0.866666666666667,1.15,6.19999999999999,2.22187280654907
"Fixed mixed-signal hidden-positive design",18,"INLA","INLA","INLA posterior linear-predictor marginals plus Bernoulli posterior-predictive variation",0.602816901408451,0.485446009389671,3,0.2,0.377777777777778,0.358012867132217,2.94192326725977,0.094604015297996,0.861834169699051,0.945,0.4,0.7525,6.4,0.9825,0.933333333333333,1.6225,3.6,2.185387134552
"Fixed mixed-signal hidden-positive design",19,"INLA","INLA","INLA posterior linear-predictor marginals plus Bernoulli posterior-predictive variation",0.66829420970266,0.529201877934272,2,0.133333333333333,0.244444444444444,0.355161263504578,3.03409509447922,0.0985423671136071,0.871449484807003,0.94,0.266666666666667,0.83,7.6,0.99,0.8,1.2525,8.79999999999999,2.39755296707153
"Fixed mixed-signal hidden-positive design",20,"INLA","INLA","INLA posterior linear-predictor marginals plus Bernoulli posterior-predictive variation",0.630735524256651,0.51793427230047,2,0.133333333333333,0.266666666666667,0.3524127598713,3.08341165471728,0.0938600345109434,0.865252402874813,0.93,0.266666666666667,0.9,7.6,0.9925,0.866666666666667,1.17,6.19999999999999,2.75555396080017
"Fixed mixed-signal hidden-positive design",21,"INLA","INLA","INLA posterior linear-predictor marginals plus Bernoulli posterior-predictive variation",0.632300469483568,0.550985915492958,1,0.0666666666666667,0.266666666666667,0.360342329934369,3.08723049780327,0.0967068694616818,0.873422053792724,0.9375,0.333333333333333,0.8475,7,0.99,0.8,1.2975,8.79999999999999,2.92094397544861
"Fixed mixed-signal hidden-positive design",22,"INLA","INLA","INLA posterior linear-predictor marginals plus Bernoulli posterior-predictive variation",0.57358372456964,0.453896713615023,3,0.2,0.355555555555556,0.359174750973053,2.96340120602162,0.0955114715616213,0.859816763766773,0.93,0.266666666666667,0.8975,7.6,0.99,0.866666666666667,1.34,6.19999999999999,2.63365006446838
"Fixed mixed-signal hidden-positive design",23,"INLA","INLA","INLA posterior linear-predictor marginals plus Bernoulli posterior-predictive variation",0.666165884194053,0.555680751173709,2,0.133333333333333,0.2,0.349532308348598,2.83021177730279,0.0986505474708111,0.855160984288588,0.9325,0.266666666666667,0.9,7.6,1,1,0.8725,1,2.07746887207031
"Fixed mixed-signal hidden-positive design",24,"INLA","INLA","INLA posterior linear-predictor marginals plus Bernoulli posterior-predictive variation",0.658904538341158,0.529953051643193,2,0.133333333333333,0.333333333333333,0.34772359165815,3.07838893116133,0.0935553751818692,0.860992684881892,0.9375,0.333333333333333,0.835,7,0.9825,0.8,1.4975,8.79999999999999,2.10874104499817
"Fixed mixed-signal hidden-positive design",25,"INLA","INLA","INLA posterior linear-predictor marginals plus Bernoulli posterior-predictive variation",0.576525821596244,0.406009389671362,0,0,0.266666666666667,0.366607555101213,3.12954133268792,0.0980060571195996,0.89095970320365,0.925,0.2,0.965,8.2,0.9925,0.933333333333333,1.24,3.6,1.73753190040588
"Fixed mixed-signal hidden-positive design",26,"INLA","INLA","INLA posterior linear-predictor marginals plus Bernoulli posterior-predictive variation",0.742785602503912,0.582159624413146,1,0.0666666666666667,0.422222222222222,0.334867684516732,3.39923486076446,0.0889357620997617,0.852249492005954,0.95,0.4,0.7275,6.4,0.9825,0.666666666666667,1.28,14,1.75217795372009
"Fixed mixed-signal hidden-positive design",27,"INLA","INLA","INLA posterior linear-predictor marginals plus Bernoulli posterior-predictive variation",0.688575899843505,0.583286384976526,1,0.0666666666666667,0.266666666666667,0.345051002394018,2.94286952785486,0.09673581334189,0.872709857064305,0.9325,0.266666666666667,0.91,7.6,0.995,1,0.97,1,1.81584095954895
"Fixed mixed-signal hidden-positive design",28,"INLA","INLA","INLA posterior linear-predictor marginals plus Bernoulli posterior-predictive variation",0.672801251956182,0.655211267605634,4,0.266666666666667,0.444444444444444,0.340745554063611,2.72884910976468,0.0908690289037615,0.82042643584726,0.9475,0.533333333333333,0.76,5.2,0.98,0.8,1.6475,8.79999999999999,1.9207592010498
"Fixed mixed-signal hidden-positive design",29,"INLA","INLA","INLA posterior linear-predictor marginals plus Bernoulli posterior-predictive variation",0.513239436619718,0.329765258215962,1,0.0666666666666667,0.222222222222222,0.377833321412148,3.32023265043925,0.100193710528642,0.90490705309304,0.9175,0.0666666666666667,1.0225,9.4,0.995,0.866666666666667,1.1475,6.19999999999999,1.60886001586914
"Fixed mixed-signal hidden-positive design",30,"INLA","INLA","INLA posterior linear-predictor marginals plus Bernoulli posterior-predictive variation",0.670798122065728,0.589671361502347,1,0.0666666666666667,0.2,0.353217242432105,2.81384677946037,0.100076587349746,0.869555520399826,0.9375,0.266666666666667,0.8825,7.6,1,1,0.89,1,1.73189806938171
"Fixed mixed-signal hidden-positive design",31,"INLA","INLA","INLA posterior linear-predictor marginals plus Bernoulli posterior-predictive variation",0.621158059467919,0.526384976525822,2,0.133333333333333,0.311111111111111,0.356306821142188,2.86478915805006,0.0976324028734545,0.853865873126919,0.9275,0.266666666666667,0.93,7.6,0.9925,0.933333333333333,1.24,3.6,1.86999702453613
"Fixed mixed-signal hidden-positive design",32,"INLA","INLA","INLA posterior linear-predictor marginals plus Bernoulli posterior-predictive variation",0.616463223787167,0.492018779342723,3,0.2,0.4,0.35869735835464,3.05051840257414,0.0925305705002246,0.850805892553181,0.935,0.266666666666667,0.845,7.6,0.9775,0.733333333333333,1.795,11.4,1.99619603157043
"Fixed mixed-signal hidden-positive design",33,"INLA","INLA","INLA posterior linear-predictor marginals plus Bernoulli posterior-predictive variation",0.619467918622848,0.47943661971831,2,0.133333333333333,0.333333333333333,0.348448134005236,3.05622107464883,0.0897899460299464,0.843279276500986,0.935,0.2,0.8525,8.2,0.9825,0.866666666666667,1.56,6.19999999999999,3.26123714447021
"Fixed mixed-signal hidden-positive design",34,"INLA","INLA","INLA posterior linear-predictor marginals plus Bernoulli posterior-predictive variation",0.609514866979656,0.572206572769953,1,0.0666666666666667,0.266666666666667,0.361416406482398,2.88650618360371,0.0972224059800439,0.854362432794788,0.93,0.333333333333333,0.9075,7,0.995,0.933333333333333,1.1575,3.6,3.51285481452942
"Fixed mixed-signal hidden-positive design",35,"INLA","INLA","INLA posterior linear-predictor marginals plus Bernoulli posterior-predictive variation",0.703599374021909,0.570704225352113,2,0.133333333333333,0.377777777777778,0.341049956874062,3.13310350304138,0.0905371759263126,0.820905499392488,0.9475,0.333333333333333,0.755,7,0.9825,0.8,1.405,8.79999999999999,2.54414987564087
"Fixed mixed-signal hidden-positive design",36,"INLA","INLA","INLA posterior linear-predictor marginals plus Bernoulli posterior-predictive variation",0.556807511737089,0.410140845070423,0,0,0.177777777777778,0.371634641832213,3.14999499045718,0.100225287117567,0.898671382286114,0.9325,0.2,0.8975,8.2,0.9925,0.866666666666667,1.27,6.19999999999999,3.69942307472229
"Fixed mixed-signal hidden-positive design",37,"INLA","INLA","INLA posterior linear-predictor marginals plus Bernoulli posterior-predictive variation",0.621846635367762,0.48075117370892,1,0.0666666666666667,0.333333333333333,0.359643316168985,3.18700259033406,0.096259481633135,0.889656377579781,0.935,0.266666666666667,0.8725,7.6,0.9875,0.8,1.335,8.79999999999999,1.54685282707214
"Fixed mixed-signal hidden-positive design",38,"INLA","INLA","INLA posterior linear-predictor marginals plus Bernoulli posterior-predictive variation",0.588231611893584,0.394553990610329,1,0.0666666666666667,0.288888888888889,0.36670365345512,3.26361427096825,0.0970044910471343,0.89671268703084,0.935,0.2,0.88,8.2,0.99,0.866666666666667,1.2875,6.19999999999999,2.00310802459717
"Fixed mixed-signal hidden-positive design",39,"INLA","INLA","INLA posterior linear-predictor marginals plus Bernoulli posterior-predictive variation",0.669295774647887,0.60169014084507,3,0.2,0.355555555555556,0.339381243721699,2.75051635689801,0.0911105789421843,0.781163210005265,0.9475,0.466666666666667,0.75,5.8,0.9875,0.8,1.3725,8.79999999999999,1.80731391906738
"Fixed mixed-signal hidden-positive design",40,"INLA","INLA","INLA posterior linear-predictor marginals plus Bernoulli posterior-predictive variation",0.650892018779343,0.532394366197183,4,0.266666666666667,0.377777777777778,0.34901293056923,2.89183537623507,0.0939998034255452,0.823278924748121,0.9425,0.333333333333333,0.815,7,0.9875,0.866666666666667,1.3325,6.19999999999999,2.10019183158875
"Fixed mixed-signal hidden-positive design",41,"INLA","INLA","INLA posterior linear-predictor marginals plus Bernoulli posterior-predictive variation",0.594929577464789,0.348356807511737,0,0,0.4,0.377047266849262,3.83108314907755,0.093493792066571,0.901386418791155,0.94,0.266666666666667,0.8275,7.6,0.97,0.4,1.955,24.4,1.80440020561218
"Fixed mixed-signal hidden-positive design",42,"INLA","INLA","INLA posterior linear-predictor marginals plus Bernoulli posterior-predictive variation",0.67887323943662,0.535586854460094,2,0.133333333333333,0.377777777777778,0.342309212070567,3.23367794356837,0.0885736172445787,0.816308828028828,0.945,0.4,0.7625,6.4,0.98,0.666666666666667,1.5525,14,1.86768198013306
"Fixed mixed-signal hidden-positive design",43,"INLA","INLA","INLA posterior linear-predictor marginals plus Bernoulli posterior-predictive variation",0.667605633802817,0.654460093896714,3,0.2,0.333333333333333,0.343086656944881,2.65204027307911,0.0951536224490918,0.829499535943726,0.94,0.333333333333333,0.81,7,0.9975,0.933333333333333,0.9825,3.6,2.63904023170471
"Fixed mixed-signal hidden-positive design",44,"INLA","INLA","INLA posterior linear-predictor marginals plus Bernoulli posterior-predictive variation",0.648513302034429,0.613521126760563,2,0.133333333333333,0.377777777777778,0.351002098179613,2.76180546648611,0.0955069981145849,0.828938912163754,0.945,0.6,0.78,4.6,0.9875,0.866666666666667,1.425,6.19999999999999,1.67989110946655
"Fixed mixed-signal hidden-positive design",45,"INLA","INLA","INLA posterior linear-predictor marginals plus Bernoulli posterior-predictive variation",0.687198748043818,0.669295774647887,1,0.0666666666666667,0.333333333333333,0.343104003000638,2.6137148056663,0.0962088678344105,0.82671405966985,0.945,0.533333333333333,0.77,5.2,0.9925,0.933333333333333,1.1725,3.6,1.64087700843811
"Fixed mixed-signal hidden-positive design",46,"INLA","INLA","INLA posterior linear-predictor marginals plus Bernoulli posterior-predictive variation",0.624788732394366,0.4818779342723,0,0,0.266666666666667,0.36359142658949,3.29435142749247,0.0951294108818204,0.885256927170568,0.935,0.266666666666667,0.885,7.6,0.985,0.733333333333333,1.4475,11.4,1.81609392166138
"Fixed mixed-signal hidden-positive design",47,"INLA","INLA","INLA posterior linear-predictor marginals plus Bernoulli posterior-predictive variation",0.626291079812207,0.434929577464789,1,0.0666666666666667,0.311111111111111,0.364695444983285,3.50440494548112,0.0945529659127949,0.89675003327396,0.935,0.2,0.8475,8.2,0.9825,0.8,1.4975,8.79999999999999,1.62353682518005
"Fixed mixed-signal hidden-positive design",48,"INLA","INLA","INLA posterior linear-predictor marginals plus Bernoulli posterior-predictive variation",0.701658841940532,0.653333333333333,0,0,0.311111111111111,0.343807200458566,2.71944596247346,0.0956362974611464,0.846676342095954,0.9475,0.466666666666667,0.755,5.8,0.9925,0.933333333333333,1.17,3.6,1.70774507522583
"Fixed mixed-signal hidden-positive design",49,"INLA","INLA","INLA posterior linear-predictor marginals plus Bernoulli posterior-predictive variation",0.621095461658842,0.537089201877934,2,0.133333333333333,0.311111111111111,0.34786775825541,2.8675811960734,0.0936468715482114,0.846978343331577,0.9275,0.266666666666667,0.9325,7.6,0.995,0.933333333333333,1.0875,3.6,1.67203283309937
"Fixed mixed-signal hidden-positive design",50,"INLA","INLA","INLA posterior linear-predictor marginals plus Bernoulli posterior-predictive variation",0.607136150234742,0.384976525821596,1,0.0666666666666667,0.311111111111111,0.365531383108605,3.54209806709525,0.0937261504374041,0.900489407730725,0.9325,0.2,0.8875,8.2,0.98,0.6,1.6075,16.6,1.41981506347656
"Fixed mixed-signal hidden-positive design",51,"INLA","INLA","INLA posterior linear-predictor marginals plus Bernoulli posterior-predictive variation",0.615837245696401,0.511737089201878,1,0.0666666666666667,0.311111111111111,0.360419144236251,3.0875242067561,0.0967648674437711,0.867157862259174,0.94,0.4,0.845,6.4,0.9875,0.8,1.365,8.79999999999999,1.93432688713074
"Fixed mixed-signal hidden-positive design",52,"INLA","INLA","INLA posterior linear-predictor marginals plus Bernoulli posterior-predictive variation",0.661220657276995,0.475680751173709,1,0.0666666666666667,0.288888888888889,0.35595631047631,3.31019645845591,0.0969493259970951,0.892777369901969,0.9375,0.2,0.86,8.2,0.9875,0.733333333333333,1.2325,11.4,5.1674439907074
"Fixed mixed-signal hidden-positive design",53,"INLA","INLA","INLA posterior linear-predictor marginals plus Bernoulli posterior-predictive variation",0.654084507042254,0.498591549295775,3,0.2,0.355555555555556,0.343516388569509,3.22957127655303,0.0878545467950545,0.825994255929773,0.9325,0.266666666666667,0.8925,7.6,0.9825,0.666666666666667,1.4375,14,4.45261096954346
"Fixed mixed-signal hidden-positive design",54,"INLA","INLA","INLA posterior linear-predictor marginals plus Bernoulli posterior-predictive variation",0.541032863849765,0.386478873239437,2,0.133333333333333,0.177777777777778,0.371927118437147,3.09116406338202,0.101121851278672,0.893017864919662,0.9175,0.133333333333333,1.0375,8.8,0.995,0.866666666666667,1.18,6.19999999999999,3.99058389663696
"Fixed mixed-signal hidden-positive design",55,"INLA","INLA","INLA posterior linear-predictor marginals plus Bernoulli posterior-predictive variation",0.686197183098592,0.578591549295775,1,0.0666666666666667,0.333333333333333,0.341513606778196,2.92812283164969,0.0926040180932439,0.840301954933184,0.945,0.333333333333333,0.7825,7,0.9825,0.8,1.4675,8.79999999999999,3.8629732131958
"Fixed mixed-signal hidden-positive design",56,"INLA","INLA","INLA posterior linear-predictor marginals plus Bernoulli posterior-predictive variation",0.590735524256651,0.433239436619718,0,0,0.177777777777778,0.366059916495081,3.07829440826656,0.100919020606629,0.898997930752355,0.925,0.133333333333333,0.9775,8.8,0.9975,0.933333333333333,1.035,3.6,4.69207000732422
"Fixed mixed-signal hidden-positive design",57,"INLA","INLA","INLA posterior linear-predictor marginals plus Bernoulli posterior-predictive variation",0.6139593114241,0.614084507042253,2,0.133333333333333,0.288888888888889,0.356615677976086,2.71650277955189,0.0980200121662177,0.855396655212971,0.9325,0.333333333333333,0.8525,7,0.9975,1,1.085,1,4.12285900115967
"Fixed mixed-signal hidden-positive design",58,"INLA","INLA","INLA posterior linear-predictor marginals plus Bernoulli posterior-predictive variation",0.768826291079812,0.815962441314554,1,0.0666666666666667,0.311111111111111,0.319708042691401,2.24965378387774,0.0932198077138479,0.782249930404591,0.9625,0.666666666666667,0.6425,4,0.9925,1,1.0825,1,4.14913010597229
"Fixed mixed-signal hidden-positive design",59,"INLA","INLA","INLA posterior linear-predictor marginals plus Bernoulli posterior-predictive variation",0.611392801251956,0.463474178403756,2,0.133333333333333,0.288888888888889,0.359486363566264,3.34493040952952,0.0919565795200923,0.869279919552604,0.9375,0.266666666666667,0.8325,7.6,0.975,0.666666666666667,1.8175,14,3.78840517997742
"Fixed mixed-signal hidden-positive design",60,"INLA","INLA","INLA posterior linear-predictor marginals plus Bernoulli posterior-predictive variation",0.636118935837246,0.502723004694836,0,0,0.244444444444444,0.360767689055702,3.25929884304602,0.0966889438507751,0.892534173022313,0.94,0.2,0.825,8.2,0.99,0.8,1.2275,8.79999999999999,3.86852788925171
"Fixed mixed-signal hidden-positive design",61,"INLA","INLA","INLA posterior linear-predictor marginals plus Bernoulli posterior-predictive variation",0.67943661971831,0.60056338028169,2,0.133333333333333,0.266666666666667,0.349835436314658,2.82206223857455,0.0980052279609585,0.844851775090133,0.94,0.333333333333333,0.8425,7,0.9925,0.866666666666667,1.17,6.19999999999999,3.13877201080322
"Fixed mixed-signal hidden-positive design",62,"INLA","INLA","INLA posterior linear-predictor marginals plus Bernoulli posterior-predictive variation",0.630172143974961,0.523755868544601,1,0.0666666666666667,0.266666666666667,0.355196593117087,2.91827264480781,0.0977470812642764,0.872183766936059,0.94,0.266666666666667,0.835,7.6,0.9925,1,1.185,1,3.2686619758606
"Fixed mixed-signal hidden-positive design",63,"INLA","INLA","INLA posterior linear-predictor marginals plus Bernoulli posterior-predictive variation",0.737402190923318,0.665915492957746,5,0.333333333333333,0.355555555555556,0.328443098795792,2.75881813363062,0.0900678885671168,0.765415463224813,0.9525,0.466666666666667,0.7275,5.8,0.99,0.8,1.1175,8.79999999999999,3.13762712478638
"Fixed mixed-signal hidden-positive design",64,"INLA","INLA","INLA posterior linear-predictor marginals plus Bernoulli posterior-predictive variation",0.663035993740219,0.507042253521127,3,0.2,0.355555555555556,0.353040133287379,3.3725608868229,0.0922041259969621,0.864961242462717,0.935,0.2,0.86,8.2,0.9875,0.8,1.235,8.79999999999999,3.77711606025696
"Fixed mixed-signal hidden-positive design",65,"INLA","INLA","INLA posterior linear-predictor marginals plus Bernoulli posterior-predictive variation",0.664851330203443,0.615586854460094,2,0.133333333333333,0.311111111111111,0.34483216218187,2.74162286993791,0.0955403835168906,0.840139598927657,0.935,0.333333333333333,0.8875,7,0.995,0.866666666666667,1.0625,6.19999999999999,4.26967477798462
"Fixed mixed-signal hidden-positive design",66,"INLA","INLA","INLA posterior linear-predictor marginals plus Bernoulli posterior-predictive variation",0.70510172143975,0.68056338028169,6,0.4,0.355555555555556,0.33079783169034,2.41643549863204,0.0928658678067365,0.749437230810139,0.94,0.466666666666667,0.8275,5.8,0.9975,0.933333333333333,0.98,3.6,3.71834588050842
"Fixed mixed-signal hidden-positive design",67,"INLA","INLA","INLA posterior linear-predictor marginals plus Bernoulli posterior-predictive variation",0.629233176838811,0.491267605633803,1,0.0666666666666667,0.266666666666667,0.360533105891408,3.02013464549953,0.0973143722164397,0.874587687894033,0.94,0.266666666666667,0.815,7.6,0.99,0.8,1.2875,8.79999999999999,3.26242280006409
"Fixed mixed-signal hidden-positive design",68,"INLA","INLA","INLA posterior linear-predictor marginals plus Bernoulli posterior-predictive variation",0.642879499217527,0.56,2,0.133333333333333,0.311111111111111,0.353764676929408,2.89103899817748,0.0966994813788488,0.846955892538564,0.935,0.266666666666667,0.8575,7.6,0.9925,0.933333333333333,1.1975,3.6,2.9015109539032
"Fixed mixed-signal hidden-positive design",69,"INLA","INLA","INLA posterior linear-predictor marginals plus Bernoulli posterior-predictive variation",0.617464788732394,0.574647887323944,1,0.0666666666666667,0.288888888888889,0.362028856190079,2.74045002826544,0.100417240623089,0.859826038219614,0.9375,0.466666666666667,0.785,5.8,1,1,0.9975,1,3.37388110160828
"Fixed mixed-signal hidden-positive design",70,"INLA","INLA","INLA posterior linear-predictor marginals plus Bernoulli posterior-predictive variation",0.681940532081377,0.64037558685446,1,0.0666666666666667,0.244444444444444,0.344232634871207,2.70716938094952,0.0965527822803828,0.843009273390912,0.9375,0.333333333333333,0.845,7,0.995,0.933333333333333,1.075,3.6,2.87165403366089
"Fixed mixed-signal hidden-positive design",71,"INLA","INLA","INLA posterior linear-predictor marginals plus Bernoulli posterior-predictive variation",0.636619718309859,0.563380281690141,2,0.133333333333333,0.311111111111111,0.355230030794915,2.79277080455406,0.0965801305733482,0.845697967121848,0.9375,0.4,0.83,6.4,0.9925,0.933333333333333,1.2525,3.6,3.73802518844604
"Fixed mixed-signal hidden-positive design",72,"INLA","INLA","INLA posterior linear-predictor marginals plus Bernoulli posterior-predictive variation",0.644882629107981,0.637370892018779,1,0.0666666666666667,0.266666666666667,0.347059046510491,2.66802966276706,0.0964269451693819,0.845607041479011,0.925,0.133333333333333,0.96,8.8,0.995,1,1.1075,1,3.36629009246826
"Fixed mixed-signal hidden-positive design",73,"INLA","INLA","INLA posterior linear-predictor marginals plus Bernoulli posterior-predictive variation",0.603693270735524,0.444882629107981,0,0,0.222222222222222,0.365338193220863,3.1914891953516,0.0993996432954007,0.904215471926434,0.9275,0.0666666666666667,0.9775,9.4,0.995,0.933333333333333,1.0325,3.6,3.19330501556396
"Fixed mixed-signal hidden-positive design",74,"INLA","INLA","INLA posterior linear-predictor marginals plus Bernoulli posterior-predictive variation",0.677621283255086,0.605633802816901,2,0.133333333333333,0.311111111111111,0.340441752854203,2.72611737271239,0.0929751870516006,0.804340502802519,0.94,0.333333333333333,0.805,7,0.9875,0.866666666666667,1.3425,6.19999999999999,3.15562415122986
"Fixed mixed-signal hidden-positive design",75,"INLA","INLA","INLA posterior linear-predictor marginals plus Bernoulli posterior-predictive variation",0.583599374021909,0.495211267605634,1,0.0666666666666667,0.244444444444444,0.362287664412781,2.93060071957643,0.0991899044827264,0.879150425784849,0.93,0.266666666666667,0.93,7.6,0.995,0.933333333333333,1.15,3.6,4.15056991577148
"Fixed mixed-signal hidden-positive design",76,"INLA","INLA","INLA posterior linear-predictor marginals plus Bernoulli posterior-predictive variation",0.665790297339593,0.540093896713615,1,0.0666666666666667,0.288888888888889,0.350568472053925,2.95672535500258,0.096652751945484,0.858111300446887,0.9475,0.333333333333333,0.76,7,0.99,0.933333333333333,1.22,3.6,3.29716801643372
"Fixed mixed-signal hidden-positive design",77,"INLA","INLA","INLA posterior linear-predictor marginals plus Bernoulli posterior-predictive variation",0.577089201877934,0.522065727699531,0,0,0.177777777777778,0.363908561646066,2.84927214009469,0.100722467057744,0.880122242113813,0.915,0.0666666666666667,1.0375,9.4,1,1,0.995,1,3.76746702194214
"Fixed mixed-signal hidden-positive design",78,"INLA","INLA","INLA posterior linear-predictor marginals plus Bernoulli posterior-predictive variation",0.624162754303599,0.395305164319249,2,0.133333333333333,0.377777777777778,0.35656964912511,3.7216792270768,0.0871517883276898,0.898448925972552,0.9425,0.2,0.78,8.2,0.965,0.4,2.1175,24.4,4.34529280662537
"Fixed mixed-signal hidden-positive design",79,"INLA","INLA","INLA posterior linear-predictor marginals plus Bernoulli posterior-predictive variation",0.625915492957747,0.56018779342723,4,0.266666666666667,0.288888888888889,0.348620003163344,2.7309688051538,0.0941430545933005,0.817675046105049,0.94,0.4,0.805,6.4,0.99,0.933333333333333,1.325,3.6,3.4507999420166
"Fixed mixed-signal hidden-positive design",80,"INLA","INLA","INLA posterior linear-predictor marginals plus Bernoulli posterior-predictive variation",0.549295774647887,0.47868544600939,2,0.133333333333333,0.311111111111111,0.357478224639991,2.8476006868544,0.0955155345203688,0.838264777749011,0.9375,0.4,0.8,6.4,0.9925,0.866666666666667,1.2825,6.19999999999999,3.38920307159424
"Fixed mixed-signal hidden-positive design",81,"INLA","INLA","INLA posterior linear-predictor marginals plus Bernoulli posterior-predictive variation",0.577652582159624,0.500657276995305,0,0,0.133333333333333,0.364708726743717,2.83427043479759,0.101385236904063,0.88001930635311,0.9225,0.133333333333333,0.96,8.8,1,1,0.99,1,4.36477899551392
"Fixed mixed-signal hidden-positive design",82,"INLA","INLA","INLA posterior linear-predictor marginals plus Bernoulli posterior-predictive variation",0.657214397496088,0.572957746478873,1,0.0666666666666667,0.288888888888889,0.349729214228859,2.86671796518411,0.0964520238811362,0.863009389585132,0.9325,0.266666666666667,0.8925,7.6,0.9875,0.933333333333333,1.36,3.6,4.38940715789795
"Fixed mixed-signal hidden-positive design",83,"INLA","INLA","INLA posterior linear-predictor marginals plus Bernoulli posterior-predictive variation",0.614460093896714,0.387605633802817,2,0.133333333333333,0.311111111111111,0.368127936463476,3.56001610856619,0.093457356239965,0.883550449156982,0.9425,0.2,0.815,8.2,0.98,0.666666666666667,1.6025,14,3.87050080299377
"Fixed mixed-signal hidden-positive design",84,"INLA","INLA","INLA posterior linear-predictor marginals plus Bernoulli posterior-predictive variation",0.614460093896714,0.567136150234742,2,0.133333333333333,0.355555555555556,0.354170152315771,2.77770817680388,0.0968013819219053,0.851103994720053,0.935,0.333333333333333,0.8475,7,0.9925,0.933333333333333,1.2425,3.6,3.70365214347839
"Fixed mixed-signal hidden-positive design",85,"INLA","INLA","INLA posterior linear-predictor marginals plus Bernoulli posterior-predictive variation",0.659217527386541,0.618967136150235,0,0,0.244444444444444,0.351089936810901,2.69387845811416,0.0986088811816453,0.848679931510295,0.9375,0.333333333333333,0.8725,7,0.995,1,1.12,1,3.87816095352173
"Fixed mixed-signal hidden-positive design",86,"INLA","INLA","INLA posterior linear-predictor marginals plus Bernoulli posterior-predictive variation",0.673802816901408,0.548169014084507,1,0.0666666666666667,0.288888888888889,0.34966114633774,3.00607217431569,0.0952273322258197,0.865981804245373,0.9425,0.333333333333333,0.7875,7,0.99,0.866666666666667,1.205,6.19999999999999,3.53017807006836
"Fixed mixed-signal hidden-positive design",87,"INLA","INLA","INLA posterior linear-predictor marginals plus Bernoulli posterior-predictive variation",0.607824726134585,0.463849765258216,1,0.0666666666666667,0.266666666666667,0.358169407279439,3.20780120267564,0.0927978983964339,0.865168219774031,0.9225,0.133333333333333,0.96,8.8,0.985,0.8,1.4825,8.79999999999999,3.04977107048035
"Fixed mixed-signal hidden-positive design",88,"INLA","INLA","INLA posterior linear-predictor marginals plus Bernoulli posterior-predictive variation",0.680125195618153,0.572769953051643,2,0.133333333333333,0.4,0.348678808138998,3.74263668918052,0.080621590385581,0.834462794720702,0.94,0.333333333333333,0.785,7,0.985,0.733333333333333,1.335,11.4,6.40783786773682
"Fixed mixed-signal hidden-positive design",89,"INLA","INLA","INLA posterior linear-predictor marginals plus Bernoulli posterior-predictive variation",0.711173708920188,0.723568075117371,4,0.266666666666667,0.288888888888889,0.335987643420665,2.39256661606817,0.0958346168184343,0.782983385368911,0.94,0.533333333333333,0.8225,5.2,0.9975,1,1.0125,1,5.28278803825378
"Fixed mixed-signal hidden-positive design",90,"INLA","INLA","INLA posterior linear-predictor marginals plus Bernoulli posterior-predictive variation",0.670172143974961,0.668920187793427,1,0.0666666666666667,0.266666666666667,0.342840657778084,2.59580899030813,0.0957758182914161,0.824693066086143,0.935,0.466666666666667,0.8475,5.8,0.9975,1,1.0175,1,3.72643709182739
"Fixed mixed-signal hidden-positive design",91,"INLA","INLA","INLA posterior linear-predictor marginals plus Bernoulli posterior-predictive variation",0.619467918622848,0.526948356807512,0,0,0.244444444444444,0.364064567963518,3.25079141354758,0.0950833553778293,0.882996835868679,0.9375,0.266666666666667,0.83,7.6,0.9875,0.8,1.3625,8.79999999999999,4.32611489295959
"Fixed mixed-signal hidden-positive design",92,"INLA","INLA","INLA posterior linear-predictor marginals plus Bernoulli posterior-predictive variation",0.668857589984351,0.547230046948357,1,0.0666666666666667,0.311111111111111,0.352095749961135,3.07033226353953,0.0941670378749868,0.848327405645342,0.945,0.4,0.7825,6.4,0.9875,0.8,1.33,8.79999999999999,4.61699104309082
"Fixed mixed-signal hidden-positive design",93,"INLA","INLA","INLA posterior linear-predictor marginals plus Bernoulli posterior-predictive variation",0.621408450704225,0.539718309859155,2,0.133333333333333,0.377777777777778,0.349356434804031,2.94098557470178,0.0908825596749127,0.870339229028022,0.9375,0.333333333333333,0.8175,7,0.98,0.866666666666667,1.6875,6.19999999999999,3.85286593437195
"Fixed mixed-signal hidden-positive design",94,"INLA","INLA","INLA posterior linear-predictor marginals plus Bernoulli posterior-predictive variation",0.627042253521127,0.464788732394366,2,0.133333333333333,0.311111111111111,0.358555997586173,3.12179003152369,0.0952383465130593,0.876022496205953,0.94,0.133333333333333,0.835,8.8,0.985,0.866666666666667,1.4625,6.19999999999999,3.97755813598633
"Fixed mixed-signal hidden-positive design",95,"INLA","INLA","INLA posterior linear-predictor marginals plus Bernoulli posterior-predictive variation",0.692519561815336,0.59924882629108,1,0.0666666666666667,0.288888888888889,0.34674296264106,2.85686622130378,0.0971174357097584,0.853166229963194,0.9425,0.333333333333333,0.795,7,0.9925,0.933333333333333,1.1275,3.6,4.40189909934998
"Fixed mixed-signal hidden-positive design",96,"INLA","INLA","INLA posterior linear-predictor marginals plus Bernoulli posterior-predictive variation",0.611580594679186,0.498779342723005,1,0.0666666666666667,0.288888888888889,0.36105898121914,2.98075639131322,0.0972392884661646,0.864277365989519,0.93,0.266666666666667,0.8875,7.6,0.99,0.8,1.355,8.79999999999999,3.53578495979309
"Fixed mixed-signal hidden-positive design",97,"INLA","INLA","INLA posterior linear-predictor marginals plus Bernoulli posterior-predictive variation",0.617214397496088,0.548544600938967,1,0.0666666666666667,0.266666666666667,0.360944318350965,2.8680590556191,0.0996557343349004,0.868400831611909,0.935,0.266666666666667,0.8725,7.6,0.9975,0.933333333333333,1.0525,3.6,3.07632303237915
"Fixed mixed-signal hidden-positive design",98,"INLA","INLA","INLA posterior linear-predictor marginals plus Bernoulli posterior-predictive variation",0.717308294209703,0.60169014084507,2,0.133333333333333,0.333333333333333,0.335002229319785,2.9207592184433,0.0925639255158163,0.821181813462467,0.9475,0.4,0.7725,6.4,0.9875,0.8,1.215,8.79999999999999,1.62454390525818
"Fixed mixed-signal hidden-positive design",99,"INLA","INLA","INLA posterior linear-predictor marginals plus Bernoulli posterior-predictive variation",0.71943661971831,0.740845070422535,5,0.333333333333333,0.377777777777778,0.320848988804323,2.40841186187189,0.0895706939240575,0.776490381792223,0.9425,0.6,0.785,4.6,0.9975,1,0.895,1,1.57750010490417
"Fixed mixed-signal hidden-positive design",100,"INLA","INLA","INLA posterior linear-predictor marginals plus Bernoulli posterior-predictive variation",0.660532081377152,0.642253521126761,4,0.266666666666667,0.288888888888889,0.337486837615162,2.48255685288632,0.0932174464277125,0.780374382026516,0.935,0.4,0.83,6.4,0.9975,1,1.0425,1,1.71821904182434
"Fixed mixed-signal hidden-positive design",1,"INLA_NET","INLA + Net","INLA posterior linear-predictor marginals plus Bernoulli posterior-predictive variation",0.638560250391236,0.536150234741784,2,0.133333333333333,0.333333333333333,0.348304129691933,2.94445119259344,0.0934523065429344,0.851491321688733,0.9325,0.2,0.8575,8.2,0.9925,0.933333333333333,1.14,3.6,3.2487268447876
"Fixed mixed-signal hidden-positive design",2,"INLA_NET","INLA + Net","INLA posterior linear-predictor marginals plus Bernoulli posterior-predictive variation",0.662159624413146,0.503098591549296,0,0,0.244444444444444,0.360494717285535,3.16962508745526,0.0997941722226862,0.886244082627358,0.93,0.2,0.9375,8.2,0.9975,0.933333333333333,0.96,3.6,2.5386438369751
"Fixed mixed-signal hidden-positive design",3,"INLA_NET","INLA + Net","INLA posterior linear-predictor marginals plus Bernoulli posterior-predictive variation",0.569765258215962,0.383849765258216,0,0,0.177777777777778,0.373120935935876,3.16805136109672,0.101673987166344,0.904701907919325,0.9275,0.133333333333333,0.9325,8.8,0.995,0.933333333333333,1.1525,3.6,2.31089496612549
"Fixed mixed-signal hidden-positive design",4,"INLA_NET","INLA + Net","INLA posterior linear-predictor marginals plus Bernoulli posterior-predictive variation",0.613333333333333,0.510798122065728,3,0.2,0.311111111111111,0.359318061455883,2.94575900287523,0.0965358225733861,0.859049284922415,0.935,0.2,0.8525,8.2,0.995,0.933333333333333,1.1525,3.6,2.19113802909851
"Fixed mixed-signal hidden-positive design",5,"INLA_NET","INLA + Net","INLA posterior linear-predictor marginals plus Bernoulli posterior-predictive variation",0.676369327073552,0.665915492957746,1,0.0666666666666667,0.288888888888889,0.342677145127759,2.62887818854515,0.0969390333681764,0.837029937493284,0.93,0.333333333333333,0.92,7,1,1,0.8725,1,2.21598792076111
"Fixed mixed-signal hidden-positive design",6,"INLA_NET","INLA + Net","INLA posterior linear-predictor marginals plus Bernoulli posterior-predictive variation",0.702973395931142,0.707605633802817,3,0.2,0.333333333333333,0.334588866292321,2.54791117454081,0.0923721457978779,0.781267137161528,0.935,0.4,0.845,6.4,0.995,0.933333333333333,1.09,3.6,2.26119494438171
"Fixed mixed-signal hidden-positive design",7,"INLA_NET","INLA + Net","INLA posterior linear-predictor marginals plus Bernoulli posterior-predictive variation",0.673114241001565,0.612394366197183,2,0.133333333333333,0.288888888888889,0.344488756489716,2.72931295900449,0.0955461160124496,0.822562955338644,0.9425,0.4,0.8175,6.4,0.9925,0.866666666666667,1.1625,6.19999999999999,2.6846489906311
"Fixed mixed-signal hidden-positive design",8,"INLA_NET","INLA + Net","INLA posterior linear-predictor marginals plus Bernoulli posterior-predictive variation",0.725195618153365,0.563755868544601,2,0.133333333333333,0.422222222222222,0.332685281777862,3.46150769612586,0.0842109377447825,0.831315053574214,0.9525,0.466666666666667,0.6775,5.8,0.9775,0.6,1.4975,16.6,2.39228892326355
"Fixed mixed-signal hidden-positive design",9,"INLA_NET","INLA + Net","INLA posterior linear-predictor marginals plus Bernoulli posterior-predictive variation",0.699467918622848,0.556995305164319,3,0.2,0.355555555555556,0.341085168344627,3.27941881017283,0.0887770043372543,0.835682120136402,0.9525,0.333333333333333,0.6925,7,0.975,0.666666666666667,1.6775,14,2.36730694770813
"Fixed mixed-signal hidden-positive design",10,"INLA_NET","INLA + Net","INLA posterior linear-predictor marginals plus Bernoulli posterior-predictive variation",0.633176838810642,0.502347417840376,2,0.133333333333333,0.244444444444444,0.35745796191393,3.16846139320516,0.0960114806587049,0.889931009153545,0.9325,0.133333333333333,0.9025,8.8,0.9925,0.933333333333333,1.1025,3.6,2.00687003135681
"Fixed mixed-signal hidden-positive design",11,"INLA_NET","INLA + Net","INLA posterior linear-predictor marginals plus Bernoulli posterior-predictive variation",0.68018779342723,0.556995305164319,2,0.133333333333333,0.266666666666667,0.346463130440503,2.98510050077499,0.095990373874273,0.852636485273316,0.935,0.266666666666667,0.885,7.6,0.9925,0.8,1.065,8.79999999999999,2.65526103973389
"Fixed mixed-signal hidden-positive design",12,"INLA_NET","INLA + Net","INLA posterior linear-predictor marginals plus Bernoulli posterior-predictive variation",0.642128325508607,0.476807511737089,2,0.133333333333333,0.288888888888889,0.355614292380785,3.16579632849543,0.096003889524334,0.866067938682841,0.9375,0.266666666666667,0.85,7.6,0.99,0.8,1.2075,8.79999999999999,2.70065093040466
"Fixed mixed-signal hidden-positive design",13,"INLA_NET","INLA + Net","INLA posterior linear-predictor marginals plus Bernoulli posterior-predictive variation",0.615649452269171,0.457652582159624,1,0.0666666666666667,0.2,0.366545980603732,3.14969083354157,0.100381751786034,0.894593484868909,0.93,0.2,0.9575,8.2,0.9925,0.933333333333333,1.185,3.6,2.14253783226013
"Fixed mixed-signal hidden-positive design",14,"INLA_NET","INLA + Net","INLA posterior linear-predictor marginals plus Bernoulli posterior-predictive variation",0.590422535211268,0.569201877934272,1,0.0666666666666667,0.244444444444444,0.361128013532641,2.79298864523955,0.100221525019074,0.865800350533008,0.9275,0.333333333333333,0.9025,7,1,1,0.9825,1,2.53106999397278
"Fixed mixed-signal hidden-positive design",15,"INLA_NET","INLA + Net","INLA posterior linear-predictor marginals plus Bernoulli posterior-predictive variation",0.638935837245696,0.417276995305164,0,0,0.288888888888889,0.388843184289003,4.23460405800685,0.0962055009189756,0.918224355711162,0.9325,0.2,0.8925,8.2,0.9825,0.6,1.4425,16.6,2.65682220458984
"Fixed mixed-signal hidden-positive design",16,"INLA_NET","INLA + Net","INLA posterior linear-predictor marginals plus Bernoulli posterior-predictive variation",0.757746478873239,0.675305164319249,4,0.266666666666667,0.444444444444444,0.312736927068948,2.68753580185857,0.0860572192966735,0.766975466187732,0.95,0.466666666666667,0.695,5.8,0.99,0.866666666666667,1.07,6.19999999999999,2.34227895736694
"Fixed mixed-signal hidden-positive design",17,"INLA_NET","INLA + Net","INLA posterior linear-predictor marginals plus Bernoulli posterior-predictive variation",0.764444444444444,0.707981220657277,5,0.333333333333333,0.4,0.313037414886355,2.42524192054593,0.08763415334663,0.723110509893519,0.9525,0.466666666666667,0.6975,5.8,0.99,0.866666666666667,1.1375,6.19999999999999,2.14908719062805
"Fixed mixed-signal hidden-positive design",18,"INLA_NET","INLA + Net","INLA posterior linear-predictor marginals plus Bernoulli posterior-predictive variation",0.59887323943662,0.47906103286385,2,0.133333333333333,0.333333333333333,0.360582979417196,3.00422162135562,0.0948355917957618,0.868097572865168,0.9425,0.333333333333333,0.785,7,0.985,0.933333333333333,1.5225,3.6,2.46826910972595
"Fixed mixed-signal hidden-positive design",19,"INLA_NET","INLA + Net","INLA posterior linear-predictor marginals plus Bernoulli posterior-predictive variation",0.709859154929578,0.60056338028169,1,0.0666666666666667,0.377777777777778,0.339151247448725,2.92941350259405,0.0933791054742039,0.831009749981687,0.94,0.4,0.8375,6.4,0.9875,0.8,1.25,8.79999999999999,2.41295504570007
"Fixed mixed-signal hidden-positive design",20,"INLA_NET","INLA + Net","INLA posterior linear-predictor marginals plus Bernoulli posterior-predictive variation",0.710985915492958,0.592488262910798,4,0.266666666666667,0.4,0.334204933699029,3.10864413242136,0.0867305316493557,0.802775410989882,0.9475,0.466666666666667,0.7375,5.8,0.9825,0.666666666666667,1.4,14,1.95359110832214
"Fixed mixed-signal hidden-positive design",21,"INLA_NET","INLA + Net","INLA posterior linear-predictor marginals plus Bernoulli posterior-predictive variation",0.639499217527387,0.568262910798122,0,0,0.288888888888889,0.358907919781213,3.06045775547411,0.0967829062118813,0.871651196433748,0.9425,0.4,0.8125,6.4,0.99,0.8,1.295,8.79999999999999,2.76324415206909
"Fixed mixed-signal hidden-positive design",22,"INLA_NET","INLA + Net","INLA posterior linear-predictor marginals plus Bernoulli posterior-predictive variation",0.593928012519562,0.495023474178404,3,0.2,0.355555555555556,0.358082755599128,2.95025341608947,0.0957217337028772,0.863169896943956,0.935,0.266666666666667,0.8475,7.6,0.99,0.933333333333333,1.3125,3.6,2.9095630645752
"Fixed mixed-signal hidden-positive design",23,"INLA_NET","INLA + Net","INLA posterior linear-predictor marginals plus Bernoulli posterior-predictive variation",0.689452269170579,0.562253521126761,2,0.133333333333333,0.244444444444444,0.347590918013357,2.93560002143685,0.098111662681375,0.854356372394453,0.9425,0.333333333333333,0.8125,7,0.995,0.866666666666667,1.0175,6.19999999999999,2.03445219993591
"Fixed mixed-signal hidden-positive design",24,"INLA_NET","INLA + Net","INLA posterior linear-predictor marginals plus Bernoulli posterior-predictive variation",0.663724569640063,0.531643192488263,1,0.0666666666666667,0.333333333333333,0.346948859442599,3.10860808815911,0.0928652049198164,0.856901769920757,0.9425,0.333333333333333,0.8025,7,0.9825,0.733333333333333,1.4925,11.4,1.6593930721283
"Fixed mixed-signal hidden-positive design",25,"INLA_NET","INLA + Net","INLA posterior linear-predictor marginals plus Bernoulli posterior-predictive variation",0.645758998435055,0.473615023474178,1,0.0666666666666667,0.288888888888889,0.357879185026079,3.13827801537845,0.0970831758446551,0.888239681672619,0.9325,0.133333333333333,0.865,8.8,0.9875,0.8,1.3525,8.79999999999999,2.1703770160675
"Fixed mixed-signal hidden-positive design",26,"INLA_NET","INLA + Net","INLA posterior linear-predictor marginals plus Bernoulli posterior-predictive variation",0.77489827856025,0.628169014084507,2,0.133333333333333,0.488888888888889,0.317975668675331,3.33133031212418,0.08356615250051,0.823790472245909,0.9575,0.533333333333333,0.63,5.2,0.98,0.666666666666667,1.345,14,2.14066886901855
"Fixed mixed-signal hidden-positive design",27,"INLA_NET","INLA + Net","INLA posterior linear-predictor marginals plus Bernoulli posterior-predictive variation",0.692957746478873,0.587230046948357,1,0.0666666666666667,0.311111111111111,0.345962371372529,2.97378159886148,0.0966633314460868,0.869536830156915,0.9375,0.333333333333333,0.875,7,0.995,0.933333333333333,0.97,3.6,2.06994795799255
"Fixed mixed-signal hidden-positive design",28,"INLA_NET","INLA + Net","INLA posterior linear-predictor marginals plus Bernoulli posterior-predictive variation",0.729327073552426,0.676431924882629,2,0.133333333333333,0.4,0.333290051208235,2.82721238168913,0.0910946536664816,0.831289514287866,0.9475,0.466666666666667,0.75,5.8,0.99,0.866666666666667,1.1525,6.19999999999999,2.27536201477051
"Fixed mixed-signal hidden-positive design",29,"INLA_NET","INLA + Net","INLA posterior linear-predictor marginals plus Bernoulli posterior-predictive variation",0.516056338028169,0.330140845070423,1,0.0666666666666667,0.222222222222222,0.37946640207847,3.36454188811272,0.100294739840641,0.907930429876705,0.92,0.0666666666666667,1.0025,9.4,0.995,0.866666666666667,1.1575,6.19999999999999,2.17329812049866
"Fixed mixed-signal hidden-positive design",30,"INLA_NET","INLA + Net","INLA posterior linear-predictor marginals plus Bernoulli posterior-predictive variation",0.700156494522692,0.607136150234742,0,0,0.244444444444444,0.350616034552276,2.90182631236791,0.0991860151307856,0.864564236073656,0.95,0.4,0.755,6.4,0.9925,0.933333333333333,1.1175,3.6,2.04620885848999
"Fixed mixed-signal hidden-positive design",31,"INLA_NET","INLA + Net","INLA posterior linear-predictor marginals plus Bernoulli posterior-predictive variation",0.624350547730829,0.511361502347418,2,0.133333333333333,0.266666666666667,0.360779245031475,3.0164859347596,0.0978014453304549,0.868455553542391,0.9375,0.266666666666667,0.855,7.6,0.9875,0.866666666666667,1.4175,6.19999999999999,1.90366911888123
"Fixed mixed-signal hidden-positive design",32,"INLA_NET","INLA + Net","INLA posterior linear-predictor marginals plus Bernoulli posterior-predictive variation",0.73170579029734,0.594741784037559,2,0.133333333333333,0.488888888888889,0.334915848524942,3.065450843499,0.0889499043326701,0.85870785874872,0.95,0.333333333333333,0.6925,7,0.9825,0.8,1.44,8.79999999999999,1.97525215148926
"Fixed mixed-signal hidden-positive design",33,"INLA_NET","INLA + Net","INLA posterior linear-predictor marginals plus Bernoulli posterior-predictive variation",0.675117370892019,0.528262910798122,3,0.2,0.355555555555556,0.339537939251988,3.06105751538657,0.0886495784181397,0.834204181175355,0.9375,0.2,0.8375,8.2,0.985,0.8,1.3775,8.79999999999999,3.05402112007141
"Fixed mixed-signal hidden-positive design",34,"INLA_NET","INLA + Net","INLA posterior linear-predictor marginals plus Bernoulli posterior-predictive variation",0.622472613458529,0.591737089201878,1,0.0666666666666667,0.288888888888889,0.359729728083806,2.86080659903077,0.0971954993947479,0.849349956800418,0.94,0.4,0.8175,6.4,0.995,0.933333333333333,1.1425,3.6,3.48875784873962
"Fixed mixed-signal hidden-positive design",35,"INLA_NET","INLA + Net","INLA posterior linear-predictor marginals plus Bernoulli posterior-predictive variation",0.686572769953052,0.513802816901408,3,0.2,0.377777777777778,0.35130337342305,3.58409446909118,0.0883107022052777,0.841317128495141,0.9425,0.333333333333333,0.7925,7,0.9775,0.666666666666667,1.56,14,3.10192799568176
"Fixed mixed-signal hidden-positive design",36,"INLA_NET","INLA + Net","INLA posterior linear-predictor marginals plus Bernoulli posterior-predictive variation",0.570954616588419,0.391549295774648,0,0,0.288888888888889,0.372423240960668,3.25481655593372,0.100043287046674,0.906373110176113,0.9275,0.0666666666666667,0.9325,9.4,0.9925,0.866666666666667,1.25,6.19999999999999,2.82399702072144
"Fixed mixed-signal hidden-positive design",37,"INLA_NET","INLA + Net","INLA posterior linear-predictor marginals plus Bernoulli posterior-predictive variation",0.673552425665102,0.55868544600939,0,0,0.333333333333333,0.354909700145455,3.29135990856794,0.0941121835924964,0.891940951267194,0.9375,0.2,0.855,8.2,0.985,0.866666666666667,1.335,6.19999999999999,1.64650988578796
"Fixed mixed-signal hidden-positive design",38,"INLA_NET","INLA + Net","INLA posterior linear-predictor marginals plus Bernoulli posterior-predictive variation",0.739718309859155,0.60093896713615,2,0.133333333333333,0.4,0.349105526185111,3.4795783930863,0.0908530523862232,0.860895566106874,0.9525,0.466666666666667,0.705,5.8,0.9775,0.666666666666667,1.545,14,2.6571249961853
"Fixed mixed-signal hidden-positive design",39,"INLA_NET","INLA + Net","INLA posterior linear-predictor marginals plus Bernoulli posterior-predictive variation",0.806134585289515,0.814084507042254,7,0.466666666666667,0.533333333333333,0.279141497516124,2.08951108597992,0.0760747687645828,0.619435631450496,0.955,0.6,0.615,4.6,0.9875,0.866666666666667,1.27,6.19999999999999,1.9058358669281
"Fixed mixed-signal hidden-positive design",40,"INLA_NET","INLA + Net","INLA posterior linear-predictor marginals plus Bernoulli posterior-predictive variation",0.649327073552426,0.527699530516432,3,0.2,0.377777777777778,0.351744702541169,2.95676187556719,0.0947476535950909,0.836062901190679,0.9425,0.333333333333333,0.81,7,0.9875,0.866666666666667,1.3475,6.19999999999999,2.0819079875946
"Fixed mixed-signal hidden-positive design",41,"INLA_NET","INLA + Net","INLA posterior linear-predictor marginals plus Bernoulli posterior-predictive variation",0.641001564945227,0.388356807511737,1,0.0666666666666667,0.422222222222222,0.358539001249108,4.00050976355202,0.0840409618462811,0.883411863810353,0.94,0.266666666666667,0.8025,7.6,0.97,0.466666666666667,1.8425,21.8,2.40735101699829
"Fixed mixed-signal hidden-positive design",42,"INLA_NET","INLA + Net","INLA posterior linear-predictor marginals plus Bernoulli posterior-predictive variation",0.724945226917058,0.572769953051643,2,0.133333333333333,0.4,0.331992057573122,3.35659923418291,0.0839523127250931,0.794341978926314,0.9525,0.466666666666667,0.715,5.8,0.9775,0.666666666666667,1.535,14,1.45943689346313
"Fixed mixed-signal hidden-positive design",43,"INLA_NET","INLA + Net","INLA posterior linear-predictor marginals plus Bernoulli posterior-predictive variation",0.677683881064163,0.627230046948357,1,0.0666666666666667,0.288888888888889,0.344141522898476,2.76232683302287,0.0956304116041514,0.844873255832892,0.9425,0.4,0.7975,6.4,0.9975,0.933333333333333,0.9375,3.6,2.25433397293091
"Fixed mixed-signal hidden-positive design",44,"INLA_NET","INLA + Net","INLA posterior linear-predictor marginals plus Bernoulli posterior-predictive variation",0.647636932707355,0.612394366197183,2,0.133333333333333,0.377777777777778,0.352406622886637,2.79005886463798,0.0956781423677399,0.832573879068473,0.945,0.6,0.79,4.6,0.9875,0.866666666666667,1.4125,6.19999999999999,1.64692282676697
"Fixed mixed-signal hidden-positive design",45,"INLA_NET","INLA + Net","INLA posterior linear-predictor marginals plus Bernoulli posterior-predictive variation",0.688075117370892,0.664037558685446,0,0,0.311111111111111,0.344388160929286,2.64713251526926,0.096476529444592,0.833673712952367,0.945,0.533333333333333,0.775,5.2,0.99,0.866666666666667,1.2725,6.19999999999999,1.43200206756592
"Fixed mixed-signal hidden-positive design",46,"INLA_NET","INLA + Net","INLA posterior linear-predictor marginals plus Bernoulli posterior-predictive variation",0.644319248826291,0.51849765258216,1,0.0666666666666667,0.222222222222222,0.358778601201063,3.20814829257378,0.0947384888501203,0.879536894832072,0.9375,0.266666666666667,0.865,7.6,0.985,0.733333333333333,1.415,11.4,1.90815401077271
"Fixed mixed-signal hidden-positive design",47,"INLA_NET","INLA + Net","INLA posterior linear-predictor marginals plus Bernoulli posterior-predictive variation",0.635931142410016,0.443755868544601,1,0.0666666666666667,0.311111111111111,0.361828824370943,3.49272020758376,0.09365678569585,0.887359711949092,0.935,0.133333333333333,0.8425,8.8,0.9775,0.666666666666667,1.6775,14,1.96659898757935
"Fixed mixed-signal hidden-positive design",48,"INLA_NET","INLA + Net","INLA posterior linear-predictor marginals plus Bernoulli posterior-predictive variation",0.705978090766823,0.64093896713615,0,0,0.244444444444444,0.343540530127129,2.80182188358852,0.0955211824402105,0.857788418336791,0.9475,0.4,0.7525,6.4,0.9925,0.933333333333333,1.13,3.6,1.41389203071594
"Fixed mixed-signal hidden-positive design",49,"INLA_NET","INLA + Net","INLA posterior linear-predictor marginals plus Bernoulli posterior-predictive variation",0.631486697965571,0.549107981220657,3,0.2,0.311111111111111,0.347979829760987,2.87797895643628,0.0938377352485413,0.846432428622262,0.9275,0.266666666666667,0.945,7.6,0.99,0.933333333333333,1.28,3.6,2.38261890411377
"Fixed mixed-signal hidden-positive design",50,"INLA_NET","INLA + Net","INLA posterior linear-predictor marginals plus Bernoulli posterior-predictive variation",0.615837245696401,0.403192488262911,1,0.0666666666666667,0.311111111111111,0.36425254129037,3.516445147584,0.0932526412917884,0.896021591734065,0.9325,0.2,0.89,8.2,0.98,0.666666666666667,1.61,14,1.58367013931274
"Fixed mixed-signal hidden-positive design",51,"INLA_NET","INLA + Net","INLA posterior linear-predictor marginals plus Bernoulli posterior-predictive variation",0.621345852895149,0.51906103286385,2,0.133333333333333,0.333333333333333,0.360983238568585,3.11056658916861,0.0966625195606582,0.866712958740657,0.9375,0.333333333333333,0.8675,7,0.99,0.866666666666667,1.265,6.19999999999999,1.81925010681152
"Fixed mixed-signal hidden-positive design",52,"INLA_NET","INLA + Net","INLA posterior linear-predictor marginals plus Bernoulli posterior-predictive variation",0.743912363067293,0.593239436619718,1,0.0666666666666667,0.355555555555556,0.330712241374538,3.21777253769137,0.0910982791965585,0.87922720738224,0.94,0.266666666666667,0.805,7.6,0.9875,0.733333333333333,1.135,11.4,5.0530641078949
"Fixed mixed-signal hidden-positive design",53,"INLA_NET","INLA + Net","INLA posterior linear-predictor marginals plus Bernoulli posterior-predictive variation",0.659655712050078,0.504225352112676,3,0.2,0.355555555555556,0.342463452820311,3.21471140988141,0.0877008373441965,0.819064203586488,0.935,0.266666666666667,0.8575,7.6,0.9825,0.666666666666667,1.445,14,3.89187693595886
"Fixed mixed-signal hidden-positive design",54,"INLA_NET","INLA + Net","INLA posterior linear-predictor marginals plus Bernoulli posterior-predictive variation",0.650328638497653,0.493708920187793,1,0.0666666666666667,0.222222222222222,0.353703495023328,3.11046879108803,0.096695534579395,0.893834455206632,0.9225,0.133333333333333,0.94,8.8,0.995,0.933333333333333,1.0875,3.6,3.25738310813904
"Fixed mixed-signal hidden-positive design",55,"INLA_NET","INLA + Net","INLA posterior linear-predictor marginals plus Bernoulli posterior-predictive variation",0.680813771517997,0.557746478873239,2,0.133333333333333,0.333333333333333,0.345169492169616,3.02604085595963,0.0928858083403891,0.8426176052615,0.9475,0.333333333333333,0.74,7,0.98,0.733333333333333,1.5625,11.4,4.51193881034851
"Fixed mixed-signal hidden-positive design",56,"INLA_NET","INLA + Net","INLA posterior linear-predictor marginals plus Bernoulli posterior-predictive variation",0.666917057902973,0.586291079812207,2,0.133333333333333,0.244444444444444,0.352387539408206,2.86582739973984,0.0983386737592795,0.860338546367999,0.9325,0.266666666666667,0.9,7.6,0.995,0.933333333333333,1.0675,3.6,3.74400496482849
"Fixed mixed-signal hidden-positive design",57,"INLA_NET","INLA + Net","INLA posterior linear-predictor marginals plus Bernoulli posterior-predictive variation",0.622034428794992,0.508356807511737,1,0.0666666666666667,0.311111111111111,0.348445966702541,2.99131998353841,0.0936857831874131,0.862162771858129,0.9275,0.266666666666667,0.9125,7.6,0.995,0.933333333333333,1.0625,3.6,3.54221510887146
"Fixed mixed-signal hidden-positive design",58,"INLA_NET","INLA + Net","INLA posterior linear-predictor marginals plus Bernoulli posterior-predictive variation",0.768701095461659,0.811455399061033,1,0.0666666666666667,0.311111111111111,0.320609702128947,2.2723458541797,0.0932247940065977,0.785039488861652,0.955,0.733333333333333,0.7175,3.4,0.99,1,1.16,1,3.82052493095398
"Fixed mixed-signal hidden-positive design",59,"INLA_NET","INLA + Net","INLA posterior linear-predictor marginals plus Bernoulli posterior-predictive variation",0.621971830985915,0.477934272300469,2,0.133333333333333,0.311111111111111,0.359196005117224,3.3747833234971,0.091576306798034,0.868589042706077,0.94,0.333333333333333,0.83,7,0.9775,0.666666666666667,1.6775,14,3.41515612602234
"Fixed mixed-signal hidden-positive design",60,"INLA_NET","INLA + Net","INLA posterior linear-predictor marginals plus Bernoulli posterior-predictive variation",0.658090766823161,0.552863849765258,1,0.0666666666666667,0.266666666666667,0.34955739014048,3.14310824715904,0.093078557341458,0.869130164658799,0.9325,0.2,0.8925,8.2,0.985,0.8,1.3975,8.79999999999999,3.35228109359741
"Fixed mixed-signal hidden-positive design",61,"INLA_NET","INLA + Net","INLA posterior linear-predictor marginals plus Bernoulli posterior-predictive variation",0.727636932707355,0.691830985915493,3,0.2,0.288888888888889,0.331362162084985,2.61866929364864,0.0936253867577346,0.804176780160299,0.9375,0.4,0.8575,6.4,0.9925,0.866666666666667,1.0675,6.19999999999999,3.1101701259613
"Fixed mixed-signal hidden-positive design",62,"INLA_NET","INLA + Net","INLA posterior linear-predictor marginals plus Bernoulli posterior-predictive variation",0.668231611893584,0.5581220657277,0,0,0.266666666666667,0.352387814445279,2.99436544653443,0.0973035272480922,0.874522265398414,0.9475,0.333333333333333,0.78,7,0.9925,0.933333333333333,1.12,3.6,3.34587597846985
"Fixed mixed-signal hidden-positive design",63,"INLA_NET","INLA + Net","INLA posterior linear-predictor marginals plus Bernoulli posterior-predictive variation",0.765258215962441,0.67981220657277,5,0.333333333333333,0.444444444444444,0.314513584579838,2.67319087476788,0.0867452867938309,0.737505556688616,0.955,0.466666666666667,0.6825,5.8,0.9875,0.733333333333333,1.155,11.4,3.76906394958496
"Fixed mixed-signal hidden-positive design",64,"INLA_NET","INLA + Net","INLA posterior linear-predictor marginals plus Bernoulli posterior-predictive variation",0.756431924882629,0.633239436619718,1,0.0666666666666667,0.422222222222222,0.323578464230837,3.2128823311467,0.085012726757429,0.826138348585421,0.95,0.4,0.7125,6.4,0.9825,0.733333333333333,1.2975,11.4,3.70048403739929
"Fixed mixed-signal hidden-positive design",65,"INLA_NET","INLA + Net","INLA posterior linear-predictor marginals plus Bernoulli posterior-predictive variation",0.658904538341158,0.59868544600939,1,0.0666666666666667,0.333333333333333,0.348075036683684,2.82462855442728,0.0957931201521225,0.848387563491398,0.9425,0.466666666666667,0.8125,5.8,0.9925,0.866666666666667,1.1425,6.19999999999999,4.08825421333313
"Fixed mixed-signal hidden-positive design",66,"INLA_NET","INLA + Net","INLA posterior linear-predictor marginals plus Bernoulli posterior-predictive variation",0.712738654147105,0.691830985915493,6,0.4,0.377777777777778,0.333150430498514,2.490238684945,0.0927049862719351,0.751065840203325,0.9425,0.533333333333333,0.7975,5.2,0.9925,0.933333333333333,1.1825,3.6,3.32963585853577
"Fixed mixed-signal hidden-positive design",67,"INLA_NET","INLA + Net","INLA posterior linear-predictor marginals plus Bernoulli posterior-predictive variation",0.629045383411581,0.491830985915493,2,0.133333333333333,0.288888888888889,0.360281094564964,3.0242951861451,0.0970569598006468,0.874174418598728,0.935,0.266666666666667,0.8575,7.6,0.985,0.8,1.4925,8.79999999999999,3.41600894927979
"Fixed mixed-signal hidden-positive design",68,"INLA_NET","INLA + Net","INLA posterior linear-predictor marginals plus Bernoulli posterior-predictive variation",0.644507042253521,0.563004694835681,2,0.133333333333333,0.288888888888889,0.354778582668178,2.91714259424057,0.096806323195531,0.849049743545904,0.935,0.333333333333333,0.8525,7,0.9925,0.866666666666667,1.1875,6.19999999999999,4.22142004966736
"Fixed mixed-signal hidden-positive design",69,"INLA_NET","INLA + Net","INLA posterior linear-predictor marginals plus Bernoulli posterior-predictive variation",0.608513302034429,0.554553990610329,1,0.0666666666666667,0.288888888888889,0.365143633829597,2.81041483068228,0.10082297496818,0.869963777357144,0.935,0.466666666666667,0.805,5.8,1,1,0.9975,1,3.71043586730957
"Fixed mixed-signal hidden-positive design",70,"INLA_NET","INLA + Net","INLA posterior linear-predictor marginals plus Bernoulli posterior-predictive variation",0.741909233176839,0.704225352112676,0,0,0.288888888888889,0.33249424501612,2.7690230677155,0.0939611139912308,0.857229833208195,0.9475,0.333333333333333,0.7275,7,0.99,0.866666666666667,1.165,6.19999999999999,3.54215312004089
"Fixed mixed-signal hidden-positive design",71,"INLA_NET","INLA + Net","INLA posterior linear-predictor marginals plus Bernoulli posterior-predictive variation",0.670485133020344,0.582535211267606,2,0.133333333333333,0.244444444444444,0.35100961455175,2.88042793551746,0.0961879660363961,0.852608902693463,0.94,0.333333333333333,0.81,7,0.99,0.866666666666667,1.27,6.19999999999999,3.61314487457275
"Fixed mixed-signal hidden-positive design",72,"INLA_NET","INLA + Net","INLA posterior linear-predictor marginals plus Bernoulli posterior-predictive variation",0.648638497652582,0.650892018779343,1,0.0666666666666667,0.311111111111111,0.347367089988965,2.69335122150887,0.0961363163324108,0.850242382955614,0.9275,0.2,0.9325,8.2,1,1,0.8975,1,2.90451002120972
"Fixed mixed-signal hidden-positive design",73,"INLA_NET","INLA + Net","INLA posterior linear-predictor marginals plus Bernoulli posterior-predictive variation",0.643630672926448,0.48150234741784,1,0.0666666666666667,0.222222222222222,0.360572531388542,3.19590470860139,0.0987677302368005,0.899967792178257,0.9325,0.0666666666666667,0.91,9.4,0.995,0.933333333333333,1.0125,3.6,3.11418700218201
"Fixed mixed-signal hidden-positive design",74,"INLA_NET","INLA + Net","INLA posterior linear-predictor marginals plus Bernoulli posterior-predictive variation",0.778028169014085,0.686384976525822,2,0.133333333333333,0.4,0.31828332865484,3.05305591709199,0.0847855526908682,0.809388539877457,0.9475,0.4,0.72,6.4,0.985,0.8,1.21,8.79999999999999,4.03875303268433
"Fixed mixed-signal hidden-positive design",75,"INLA_NET","INLA + Net","INLA posterior linear-predictor marginals plus Bernoulli posterior-predictive variation",0.581220657276995,0.476244131455399,1,0.0666666666666667,0.244444444444444,0.364099585060859,2.99272481703519,0.0991439362731657,0.881139624396991,0.925,0.2,0.97,8.2,0.9975,0.933333333333333,1.0475,3.6,1.78267216682434
"Fixed mixed-signal hidden-positive design",76,"INLA_NET","INLA + Net","INLA posterior linear-predictor marginals plus Bernoulli posterior-predictive variation",0.667856025039124,0.544976525821596,1,0.0666666666666667,0.311111111111111,0.350449636025434,2.96932624104823,0.0966626155883009,0.858158467500837,0.945,0.266666666666667,0.79,7.6,0.99,0.933333333333333,1.1925,3.6,3.06860685348511
"Fixed mixed-signal hidden-positive design",77,"INLA_NET","INLA + Net","INLA posterior linear-predictor marginals plus Bernoulli posterior-predictive variation",0.704037558685446,0.702723004694836,2,0.133333333333333,0.333333333333333,0.341353872381736,2.58074785938383,0.0973290147870911,0.833194362114884,0.935,0.466666666666667,0.8475,5.8,0.9975,1,1.005,1,3.8967719078064
"Fixed mixed-signal hidden-positive design",78,"INLA_NET","INLA + Net","INLA posterior linear-predictor marginals plus Bernoulli posterior-predictive variation",0.726384976525822,0.538967136150235,2,0.133333333333333,0.444444444444444,0.330594317853938,3.62545224013449,0.0820398381103781,0.854411245339556,0.9475,0.333333333333333,0.72,7,0.975,0.6,1.5625,16.6,4.43085598945618
"Fixed mixed-signal hidden-positive design",79,"INLA_NET","INLA + Net","INLA posterior linear-predictor marginals plus Bernoulli posterior-predictive variation",0.686009389671361,0.59887323943662,2,0.133333333333333,0.288888888888889,0.338992321695228,2.83176636425233,0.0931662454989667,0.843581128763799,0.935,0.333333333333333,0.83,7,0.995,0.933333333333333,1.0575,3.6,3.71459221839905
"Fixed mixed-signal hidden-positive design",80,"INLA_NET","INLA + Net","INLA posterior linear-predictor marginals plus Bernoulli posterior-predictive variation",0.567949921752739,0.487511737089202,2,0.133333333333333,0.333333333333333,0.360563231004712,2.99268151922438,0.0951787216162303,0.844510661408476,0.935,0.333333333333333,0.835,7,0.995,0.866666666666667,1.1575,6.19999999999999,4.38294792175293
"Fixed mixed-signal hidden-positive design",81,"INLA_NET","INLA + Net","INLA posterior linear-predictor marginals plus Bernoulli posterior-predictive variation",0.578278560250391,0.500657276995305,0,0,0.133333333333333,0.365478418623578,2.8495807302773,0.101469379028327,0.881558577927363,0.92,0.133333333333333,0.99,8.8,1,1,0.985,1,3.97274303436279
"Fixed mixed-signal hidden-positive design",82,"INLA_NET","INLA + Net","INLA posterior linear-predictor marginals plus Bernoulli posterior-predictive variation",0.661471048513302,0.581784037558685,1,0.0666666666666667,0.288888888888889,0.349851022916308,2.86557642140748,0.0965110150416502,0.863766199313555,0.935,0.266666666666667,0.8725,7.6,0.99,0.933333333333333,1.2775,3.6,3.94623398780823
"Fixed mixed-signal hidden-positive design",83,"INLA_NET","INLA + Net","INLA posterior linear-predictor marginals plus Bernoulli posterior-predictive variation",0.697902973395931,0.505352112676056,2,0.133333333333333,0.377777777777778,0.349126410023601,3.61458329301103,0.0880974592518805,0.854295180864712,0.9425,0.266666666666667,0.7925,7.6,0.9825,0.666666666666667,1.335,14,4.27362108230591
"Fixed mixed-signal hidden-positive design",84,"INLA_NET","INLA + Net","INLA posterior linear-predictor marginals plus Bernoulli posterior-predictive variation",0.690641627543036,0.657840375586854,1,0.0666666666666667,0.311111111111111,0.340512394728197,2.69970856062496,0.0933546310143318,0.835240535624696,0.945,0.466666666666667,0.7625,5.8,0.985,0.933333333333333,1.445,3.6,3.59743595123291
"Fixed mixed-signal hidden-positive design",85,"INLA_NET","INLA + Net","INLA posterior linear-predictor marginals plus Bernoulli posterior-predictive variation",0.658841940532081,0.615023474178404,0,0,0.244444444444444,0.351985441208405,2.71350167906677,0.0987600589018528,0.851002728421036,0.9425,0.466666666666667,0.8125,5.8,1,1,0.9175,1,3.9698657989502
"Fixed mixed-signal hidden-positive design",86,"INLA_NET","INLA + Net","INLA posterior linear-predictor marginals plus Bernoulli posterior-predictive variation",0.699968701095462,0.615774647887324,2,0.133333333333333,0.355555555555556,0.341717155344357,2.87121445213864,0.0935701899843993,0.842952368155516,0.94,0.333333333333333,0.8075,7,0.99,0.866666666666667,1.195,6.19999999999999,4.10780596733093
"Fixed mixed-signal hidden-positive design",87,"INLA_NET","INLA + Net","INLA posterior linear-predictor marginals plus Bernoulli posterior-predictive variation",0.626666666666667,0.457089201877934,1,0.0666666666666667,0.266666666666667,0.358819744893162,3.32676262692611,0.0923468340472097,0.864934633947413,0.935,0.2,0.8775,8.2,0.985,0.733333333333333,1.425,11.4,4.64531588554382
"Fixed mixed-signal hidden-positive design",88,"INLA_NET","INLA + Net","INLA posterior linear-predictor marginals plus Bernoulli posterior-predictive variation",0.83868544600939,0.700469483568075,5,0.333333333333333,0.577777777777778,0.289904475954069,3.64715102845773,0.0689164034017799,0.740403184504745,0.96,0.4,0.55,6.4,0.985,0.733333333333333,0.999999999999999,11.4,6.3804030418396
"Fixed mixed-signal hidden-positive design",89,"INLA_NET","INLA + Net","INLA posterior linear-predictor marginals plus Bernoulli posterior-predictive variation",0.733896713615024,0.732018779342723,5,0.333333333333333,0.333333333333333,0.328755310007529,2.38128700064307,0.0941285701113206,0.767871631268183,0.9475,0.533333333333333,0.76,5.2,0.995,0.933333333333333,1.025,3.6,5.21554589271545
"Fixed mixed-signal hidden-positive design",90,"INLA_NET","INLA + Net","INLA posterior linear-predictor marginals plus Bernoulli posterior-predictive variation",0.668169014084507,0.635868544600939,1,0.0666666666666667,0.266666666666667,0.344478836727386,2.68414241690856,0.0958027701423509,0.834203648048306,0.9375,0.4,0.835,6.4,0.995,0.933333333333333,1.1075,3.6,3.78943991661072
"Fixed mixed-signal hidden-positive design",91,"INLA_NET","INLA + Net","INLA posterior linear-predictor marginals plus Bernoulli posterior-predictive variation",0.605821596244131,0.470234741784038,0,0,0.288888888888889,0.369008770842452,3.42344682066776,0.0950441865654985,0.897686079071687,0.935,0.133333333333333,0.865,8.8,0.9825,0.733333333333333,1.5425,11.4,4.45170998573303
"Fixed mixed-signal hidden-positive design",92,"INLA_NET","INLA + Net","INLA posterior linear-predictor marginals plus Bernoulli posterior-predictive variation",0.714804381846635,0.620657276995305,1,0.0666666666666667,0.355555555555556,0.345061005219535,3.05522003891768,0.0923077430757846,0.821299455557909,0.9525,0.466666666666667,0.715,5.8,0.985,0.8,1.355,8.79999999999999,4.02527093887329
"Fixed mixed-signal hidden-positive design",93,"INLA_NET","INLA + Net","INLA posterior linear-predictor marginals plus Bernoulli posterior-predictive variation",0.645884194053208,0.586291079812207,2,0.133333333333333,0.4,0.344397580158929,2.85021767261613,0.0900092245772478,0.857733313307619,0.9425,0.4,0.7725,6.4,0.9825,0.866666666666667,1.5825,6.19999999999999,3.97830009460449
"Fixed mixed-signal hidden-positive design",94,"INLA_NET","INLA + Net","INLA posterior linear-predictor marginals plus Bernoulli posterior-predictive variation",0.622723004694836,0.453896713615023,2,0.133333333333333,0.333333333333333,0.360022343500878,3.15726341112363,0.0953304827423005,0.877968877356913,0.94,0.133333333333333,0.8225,8.8,0.98,0.8,1.67,8.79999999999999,3.84862494468689
"Fixed mixed-signal hidden-positive design",95,"INLA_NET","INLA + Net","INLA posterior linear-predictor marginals plus Bernoulli posterior-predictive variation",0.699968701095462,0.621220657276995,2,0.133333333333333,0.266666666666667,0.344804988574669,2.81652519813977,0.0967383382877519,0.84789889385395,0.9425,0.4,0.815,6.4,0.9925,0.866666666666667,1.115,6.19999999999999,4.09931397438049
"Fixed mixed-signal hidden-positive design",96,"INLA_NET","INLA + Net","INLA posterior linear-predictor marginals plus Bernoulli posterior-predictive variation",0.717934272300469,0.655586854460094,3,0.2,0.311111111111111,0.330681436672168,2.63747582385214,0.0904338143297981,0.775660191012275,0.9375,0.4,0.835,6.4,0.9925,0.933333333333333,1.1125,3.6,4.35230207443237
"Fixed mixed-signal hidden-positive design",97,"INLA_NET","INLA + Net","INLA posterior linear-predictor marginals plus Bernoulli posterior-predictive variation",0.727636932707355,0.637558685446009,3,0.2,0.311111111111111,0.337146933353917,2.8647589049591,0.0933441906256158,0.800147937908276,0.9425,0.4,0.77,6.4,0.99,0.8,1.2025,8.79999999999999,1.77524995803833
"Fixed mixed-signal hidden-positive design",98,"INLA_NET","INLA + Net","INLA posterior linear-predictor marginals plus Bernoulli posterior-predictive variation",0.715931142410016,0.59906103286385,2,0.133333333333333,0.333333333333333,0.335835792514188,2.94260276346573,0.092556300843307,0.824146204837047,0.945,0.333333333333333,0.7875,7,0.9875,0.8,1.205,8.79999999999999,1.62729597091675
"Fixed mixed-signal hidden-positive design",99,"INLA_NET","INLA + Net","INLA posterior linear-predictor marginals plus Bernoulli posterior-predictive variation",0.720500782472614,0.741596244131455,5,0.333333333333333,0.377777777777778,0.321359907704013,2.4186814284335,0.089622354778863,0.777218782425678,0.94,0.533333333333333,0.8075,5.2,0.9925,0.933333333333333,1.105,3.6,1.79838013648987
"Fixed mixed-signal hidden-positive design",100,"INLA_NET","INLA + Net","INLA posterior linear-predictor marginals plus Bernoulli posterior-predictive variation",0.762316118935837,0.767699530516432,4,0.266666666666667,0.311111111111111,0.324215819311641,2.50142260980472,0.0908382467626521,0.785313247580705,0.945,0.533333333333333,0.7475,5.2,0.995,0.933333333333333,1.025,3.6,1.8004310131073
"Fixed mixed-signal hidden-positive design",1,"GNN","GNN","not available",0.86566510172144,0.802816901408451,4,0.266666666666667,0.444444444444444,0.258738082312338,2.28080835021649,0.0775557501802792,0.750905156602648,NA,NA,NA,NA,NA,NA,NA,NA,4.31987881660461
"Fixed mixed-signal hidden-positive design",2,"GNN","GNN","not available",0.809577464788732,0.700469483568075,3,0.2,0.422222222222222,0.289113806743375,2.51424297415727,0.0840417366041845,0.774248011216004,NA,NA,NA,NA,NA,NA,NA,NA,3.7611711025238
"Fixed mixed-signal hidden-positive design",3,"GNN","GNN","not available",0.764820031298905,0.654460093896714,0,0,0.333333333333333,0.318641560024707,2.66545018543245,0.0920543731177663,0.835900322800225,NA,NA,NA,NA,NA,NA,NA,NA,3.60069298744202
"Fixed mixed-signal hidden-positive design",4,"GNN","GNN","not available",0.82866979655712,0.701032863849765,3,0.2,0.511111111111111,0.277150131960807,2.67026210188514,0.0792139390710796,0.785010534754604,NA,NA,NA,NA,NA,NA,NA,NA,3.79975509643555
"Fixed mixed-signal hidden-positive design",5,"GNN","GNN","not available",0.846009389671362,0.732394366197183,2,0.133333333333333,0.511111111111111,0.26106747179341,2.820340299019,0.0732401269833762,0.842171187313747,NA,NA,NA,NA,NA,NA,NA,NA,3.78369998931885
"Fixed mixed-signal hidden-positive design",6,"GNN","GNN","not available",0.856838810641628,0.732206572769953,4,0.266666666666667,0.555555555555556,0.259055793829822,2.71656522514958,0.0731474011362337,0.76492099413877,NA,NA,NA,NA,NA,NA,NA,NA,3.25222420692444
"Fixed mixed-signal hidden-positive design",7,"GNN","GNN","not available",0.793552425665102,0.566384976525822,5,0.333333333333333,0.533333333333333,0.294993131848096,3.32066103180207,0.0779047850444543,0.807697002964973,NA,NA,NA,NA,NA,NA,NA,NA,3.45442700386047
"Fixed mixed-signal hidden-positive design",8,"GNN","GNN","not available",0.819154929577465,0.647136150234742,1,0.0666666666666667,0.422222222222222,0.290128133894812,2.98101959416932,0.0835721899460369,0.842441842921391,NA,NA,NA,NA,NA,NA,NA,NA,3.43241715431213
"Fixed mixed-signal hidden-positive design",9,"GNN","GNN","not available",0.78848200312989,0.623661971830986,2,0.133333333333333,0.444444444444444,0.301386628486196,2.99215873617806,0.0850680928290281,0.843127411322252,NA,NA,NA,NA,NA,NA,NA,NA,3.627681016922
"Fixed mixed-signal hidden-positive design",10,"GNN","GNN","not available",0.838184663536776,0.806572769953052,3,0.2,0.444444444444444,0.270315348147883,2.21471575722546,0.0786713088760455,0.745934989616935,NA,NA,NA,NA,NA,NA,NA,NA,3.5145411491394
"Fixed mixed-signal hidden-positive design",11,"GNN","GNN","not available",0.767073552425665,0.649953051643193,3,0.2,0.4,0.319627700719802,2.96724161539629,0.0882612469506284,0.797422058476091,NA,NA,NA,NA,NA,NA,NA,NA,3.60076212882996
"Fixed mixed-signal hidden-positive design",12,"GNN","GNN","not available",0.860344287949922,0.733521126760563,2,0.133333333333333,0.533333333333333,0.2538795251291,2.79713071497269,0.0719898901886666,0.827880055647621,NA,NA,NA,NA,NA,NA,NA,NA,3.2099621295929
"Fixed mixed-signal hidden-positive design",13,"GNN","GNN","not available",0.757370892018779,0.516807511737089,1,0.0666666666666667,0.466666666666667,0.30729194515822,3.37230366247005,0.0837951727221416,0.895282202506515,NA,NA,NA,NA,NA,NA,NA,NA,3.49908709526062
"Fixed mixed-signal hidden-positive design",14,"GNN","GNN","not available",0.809014084507042,0.729389671361502,3,0.2,0.466666666666667,0.294699927497591,2.52285093229433,0.0840466896366046,0.769553411701008,NA,NA,NA,NA,NA,NA,NA,NA,3.58369708061218
"Fixed mixed-signal hidden-positive design",15,"GNN","GNN","not available",0.773458528951487,0.614084507042253,2,0.133333333333333,0.488888888888889,0.304069955706241,3.00971022813164,0.0825613669861988,0.788902062862523,NA,NA,NA,NA,NA,NA,NA,NA,3.27910995483398
"Fixed mixed-signal hidden-positive design",16,"GNN","GNN","not available",0.823912363067293,0.723004694835681,4,0.266666666666667,0.466666666666667,0.303360506025665,3.05675992620117,0.0816814988573455,0.747138443980195,NA,NA,NA,NA,NA,NA,NA,NA,3.55466604232788
"Fixed mixed-signal hidden-positive design",17,"GNN","GNN","not available",0.882003129890454,0.791361502347418,7,0.466666666666667,0.644444444444444,0.249138057229967,2.45289994860566,0.0678310448955986,0.612287235248059,NA,NA,NA,NA,NA,NA,NA,NA,4.00447297096252
"Fixed mixed-signal hidden-positive design",18,"GNN","GNN","not available",0.829045383411581,0.677558685446009,1,0.0666666666666667,0.422222222222222,0.290829739011323,2.75952883076001,0.0869006490689336,0.825957881674206,NA,NA,NA,NA,NA,NA,NA,NA,3.52955603599548
"Fixed mixed-signal hidden-positive design",19,"GNN","GNN","not available",0.855336463223787,0.763192488262911,2,0.133333333333333,0.466666666666667,0.276039754770712,2.45850256541463,0.0828863890284289,0.786773869114167,NA,NA,NA,NA,NA,NA,NA,NA,3.54603505134583
"Fixed mixed-signal hidden-positive design",20,"GNN","GNN","not available",0.795680751173709,0.670046948356808,2,0.133333333333333,0.444444444444444,0.300496101850271,2.72099960058665,0.0869082494355053,0.816901955361426,NA,NA,NA,NA,NA,NA,NA,NA,3.57713913917542
"Fixed mixed-signal hidden-positive design",21,"GNN","GNN","not available",0.816150234741784,0.676807511737089,2,0.133333333333333,0.488888888888889,0.290535875440197,2.8682665262385,0.0818720746311057,0.785286593813504,NA,NA,NA,NA,NA,NA,NA,NA,3.69539284706116
"Fixed mixed-signal hidden-positive design",22,"GNN","GNN","not available",0.783348982785602,0.642441314553991,2,0.133333333333333,0.377777777777778,0.31205711978143,2.73074601244306,0.0913250475729932,0.816445761594975,NA,NA,NA,NA,NA,NA,NA,NA,3.44213795661926
"Fixed mixed-signal hidden-positive design",23,"GNN","GNN","not available",0.793176838810642,0.577840375586854,2,0.133333333333333,0.444444444444444,0.305127326966697,3.28978475755538,0.0847143470393373,0.854222602679946,NA,NA,NA,NA,NA,NA,NA,NA,3.6425518989563
"Fixed mixed-signal hidden-positive design",24,"GNN","GNN","not available",0.832613458528952,0.672676056338028,1,0.0666666666666667,0.511111111111111,0.284486483419627,3.06203474257421,0.0815070338175585,0.852115893233691,NA,NA,NA,NA,NA,NA,NA,NA,3.29593014717102
"Fixed mixed-signal hidden-positive design",25,"GNN","GNN","not available",0.754428794992175,0.472488262910798,4,0.266666666666667,0.444444444444444,0.332492348948854,3.95472922576074,0.0835359586180562,0.812853977118343,NA,NA,NA,NA,NA,NA,NA,NA,3.11716914176941
"Fixed mixed-signal hidden-positive design",26,"GNN","GNN","not available",0.806635367762128,0.687887323943662,3,0.2,0.466666666666667,0.276980019206571,2.65953963191492,0.0774554625900543,0.793910467033156,NA,NA,NA,NA,NA,NA,NA,NA,3.10929584503174
"Fixed mixed-signal hidden-positive design",27,"GNN","GNN","not available",0.809577464788732,0.653145539906103,1,0.0666666666666667,0.422222222222222,0.300048811552344,3.1396088998447,0.0843397388997081,0.850334788478979,NA,NA,NA,NA,NA,NA,NA,NA,3.16239881515503
"Fixed mixed-signal hidden-positive design",28,"GNN","GNN","not available",0.802190923317684,0.6,3,0.2,0.444444444444444,0.310492852699954,3.51112607345406,0.0825592638731944,0.806929974560544,NA,NA,NA,NA,NA,NA,NA,NA,3.10437107086182
"Fixed mixed-signal hidden-positive design",29,"GNN","GNN","not available",0.786854460093897,0.616338028169014,3,0.2,0.511111111111111,0.292158311598383,2.88469478360933,0.0807229188099821,0.809476266975942,NA,NA,NA,NA,NA,NA,NA,NA,3.20651507377625
"Fixed mixed-signal hidden-positive design",30,"GNN","GNN","not available",0.865978090766823,0.735962441314554,3,0.2,0.555555555555556,0.276075458984927,3.10003173092546,0.0769986467551846,0.809166513878172,NA,NA,NA,NA,NA,NA,NA,NA,3.38750004768372
"Fixed mixed-signal hidden-positive design",31,"GNN","GNN","not available",0.864600938967136,0.742159624413146,3,0.2,0.555555555555556,0.25928375957648,2.52883246326874,0.0757701185460271,0.740967625628491,NA,NA,NA,NA,NA,NA,NA,NA,3.19165396690369
"Fixed mixed-signal hidden-positive design",32,"GNN","GNN","not available",0.840876369327074,0.714553990610329,5,0.333333333333333,0.6,0.27298552519886,2.57111713525989,0.0791158421562127,0.763330234790422,NA,NA,NA,NA,NA,NA,NA,NA,4.56009697914124
"Fixed mixed-signal hidden-positive design",33,"GNN","GNN","not available",0.800970266040689,0.745258215962441,4,0.266666666666667,0.511111111111111,0.285648281914337,2.34206799398824,0.081647345303241,0.743474947694747,NA,NA,NA,NA,NA,NA,NA,NA,5.64255404472351
"Fixed mixed-signal hidden-positive design",34,"GNN","GNN","not available",0.784037558685446,0.655586854460094,3,0.2,0.422222222222222,0.330028058898476,3.28891649132809,0.0896745807702404,0.82922745803802,NA,NA,NA,NA,NA,NA,NA,NA,6.72654604911804
"Fixed mixed-signal hidden-positive design",35,"GNN","GNN","not available",0.803755868544601,0.573896713615023,2,0.133333333333333,0.466666666666667,0.296661673892604,3.4710713182521,0.080301528175889,0.833411659020974,NA,NA,NA,NA,NA,NA,NA,NA,6.35961508750916
"Fixed mixed-signal hidden-positive design",36,"GNN","GNN","not available",0.77226917057903,0.576713615023474,4,0.266666666666667,0.555555555555556,0.292995424371289,3.16317103519432,0.0764197139226793,0.801877451062027,NA,NA,NA,NA,NA,NA,NA,NA,4.29236602783203
"Fixed mixed-signal hidden-positive design",37,"GNN","GNN","not available",0.857151799687011,0.797746478873239,3,0.2,0.533333333333333,0.265157341183533,2.35414490789725,0.0779226041191944,0.769099195327897,NA,NA,NA,NA,NA,NA,NA,NA,2.86242699623108
"Fixed mixed-signal hidden-positive design",38,"GNN","GNN","not available",0.817589984350548,0.685633802816901,3,0.2,0.466666666666667,0.292231918598196,2.68897551122519,0.085277714205868,0.817494353069101,NA,NA,NA,NA,NA,NA,NA,NA,3.30136799812317
"Fixed mixed-signal hidden-positive design",39,"GNN","GNN","not available",0.868857589984351,0.740281690140845,5,0.333333333333333,0.577777777777778,0.258513992516898,2.51755399263279,0.0747618538307283,0.689234272521539,NA,NA,NA,NA,NA,NA,NA,NA,3.29229307174683
"Fixed mixed-signal hidden-positive design",40,"GNN","GNN","not available",0.811580594679186,0.756244131455399,3,0.2,0.466666666666667,0.279875889529166,2.36736058095362,0.079683824865717,0.76348705186568,NA,NA,NA,NA,NA,NA,NA,NA,3.16639399528503
"Fixed mixed-signal hidden-positive design",41,"GNN","GNN","not available",0.750735524256651,0.528075117370892,0,0,0.4,0.307513683763333,3.29466338423941,0.0839270772675378,0.901160299691373,NA,NA,NA,NA,NA,NA,NA,NA,3.1890242099762
"Fixed mixed-signal hidden-positive design",42,"GNN","GNN","not available",0.811079812206573,0.682816901408451,4,0.266666666666667,0.422222222222222,0.289571329556909,2.5687496925299,0.084168040805818,0.761063390204183,NA,NA,NA,NA,NA,NA,NA,NA,2.94928979873657
"Fixed mixed-signal hidden-positive design",43,"GNN","GNN","not available",0.814084507042254,0.603755868544601,4,0.266666666666667,0.511111111111111,0.293040808998904,3.06243094041099,0.0835528800240828,0.80976890400841,NA,NA,NA,NA,NA,NA,NA,NA,3.01232886314392
"Fixed mixed-signal hidden-positive design",44,"GNN","GNN","not available",0.86660406885759,0.79849765258216,1,0.0666666666666667,0.444444444444444,0.272833384462381,2.34065004928099,0.0833542126325924,0.772457139546751,NA,NA,NA,NA,NA,NA,NA,NA,3.0317370891571
"Fixed mixed-signal hidden-positive design",45,"GNN","GNN","not available",0.845133020344288,0.697276995305164,2,0.133333333333333,0.488888888888889,0.281833668203793,2.85832407724884,0.0821375858308798,0.781948960695495,NA,NA,NA,NA,NA,NA,NA,NA,3.11649298667908
"Fixed mixed-signal hidden-positive design",46,"GNN","GNN","not available",0.81377151799687,0.683755868544601,2,0.133333333333333,0.466666666666667,0.299058968678209,2.71491740752134,0.0875326513027773,0.806432109143248,NA,NA,NA,NA,NA,NA,NA,NA,3.04126811027527
"Fixed mixed-signal hidden-positive design",47,"GNN","GNN","not available",0.819906103286385,0.610704225352113,2,0.133333333333333,0.533333333333333,0.287216619145143,3.33048906450146,0.0795841642444206,0.848558197852693,NA,NA,NA,NA,NA,NA,NA,NA,2.80870199203491
"Fixed mixed-signal hidden-positive design",48,"GNN","GNN","not available",0.839499217527387,0.683568075117371,3,0.2,0.488888888888889,0.276855813954872,2.91818072318767,0.0794546212189579,0.81804556381936,NA,NA,NA,NA,NA,NA,NA,NA,2.97555613517761
"Fixed mixed-signal hidden-positive design",49,"GNN","GNN","not available",0.772206572769953,0.5981220657277,2,0.133333333333333,0.466666666666667,0.320465775147419,3.37439784222985,0.0858785708596389,0.84985842159944,NA,NA,NA,NA,NA,NA,NA,NA,3.01809000968933
"Fixed mixed-signal hidden-positive design",50,"GNN","GNN","not available",0.803505477308294,0.631737089201878,2,0.133333333333333,0.444444444444444,0.295349141410497,3.02898074750422,0.0836766002818685,0.84508068698796,NA,NA,NA,NA,NA,NA,NA,NA,3.28095388412476
"Fixed mixed-signal hidden-positive design",51,"GNN","GNN","not available",0.84018779342723,0.733145539906103,3,0.2,0.511111111111111,0.271996077799595,2.5432976447713,0.0791787323199773,0.781986757823599,NA,NA,NA,NA,NA,NA,NA,NA,3.9521598815918
"Fixed mixed-signal hidden-positive design",52,"GNN","GNN","not available",0.780845070422535,0.591361502347418,1,0.0666666666666667,0.466666666666667,0.307675201718614,3.34488351701909,0.0827869763632718,0.847701243948631,NA,NA,NA,NA,NA,NA,NA,NA,6.291090965271
"Fixed mixed-signal hidden-positive design",53,"GNN","GNN","not available",0.887010954616588,0.809577464788732,3,0.2,0.6,0.244797928527525,2.1823419936745,0.0733280656540296,0.68922612708211,NA,NA,NA,NA,NA,NA,NA,NA,5.93229389190674
"Fixed mixed-signal hidden-positive design",54,"GNN","GNN","not available",0.7739593114241,0.495211267605634,2,0.133333333333333,0.466666666666667,0.335054006226554,4.14273608495943,0.0866404710518618,0.87406558199326,NA,NA,NA,NA,NA,NA,NA,NA,6.20774817466736
"Fixed mixed-signal hidden-positive design",55,"GNN","GNN","not available",0.773896713615023,0.575023474178404,2,0.133333333333333,0.466666666666667,0.313415190160124,3.25296414656342,0.0877484666902961,0.851125456807468,NA,NA,NA,NA,NA,NA,NA,NA,6.08341121673584
"Fixed mixed-signal hidden-positive design",56,"GNN","GNN","not available",0.784788732394366,0.665915492957746,3,0.2,0.466666666666667,0.304124196017057,2.72514331919497,0.0857901780295213,0.792908388739046,NA,NA,NA,NA,NA,NA,NA,NA,6.42787098884583
"Fixed mixed-signal hidden-positive design",57,"GNN","GNN","not available",0.823724569640063,0.723943661971831,2,0.133333333333333,0.511111111111111,0.28465586227626,2.45767783176778,0.0843438683253439,0.799218195962992,NA,NA,NA,NA,NA,NA,NA,NA,6.77237701416016
"Fixed mixed-signal hidden-positive design",58,"GNN","GNN","not available",0.889139280125196,0.84,5,0.333333333333333,0.577777777777778,0.24490166274788,2.13307707024056,0.0713841667154384,0.641101830598109,NA,NA,NA,NA,NA,NA,NA,NA,5.56962084770203
"Fixed mixed-signal hidden-positive design",59,"GNN","GNN","not available",0.782097026604069,0.551361502347418,2,0.133333333333333,0.466666666666667,0.31224445571622,3.56350568266481,0.0823766490654784,0.833272828364105,NA,NA,NA,NA,NA,NA,NA,NA,7.18676590919495
"Fixed mixed-signal hidden-positive design",60,"GNN","GNN","not available",0.788732394366197,0.629859154929577,2,0.133333333333333,0.488888888888889,0.292529521570289,2.82573162161635,0.0828233617539985,0.829926660244141,NA,NA,NA,NA,NA,NA,NA,NA,5.61044692993164
"Fixed mixed-signal hidden-positive design",61,"GNN","GNN","not available",0.861095461658842,0.816525821596244,4,0.266666666666667,0.422222222222222,0.271929480314455,2.16589356836815,0.0829584987607966,0.729620959245574,NA,NA,NA,NA,NA,NA,NA,NA,5.52191400527954
"Fixed mixed-signal hidden-positive design",62,"GNN","GNN","not available",0.883004694835681,0.877746478873239,5,0.333333333333333,0.511111111111111,0.261181237197885,1.84510487604212,0.0815213613475121,0.657825040617688,NA,NA,NA,NA,NA,NA,NA,NA,5.28924512863159
"Fixed mixed-signal hidden-positive design",63,"GNN","GNN","not available",0.862347417840376,0.781408450704225,7,0.466666666666667,0.644444444444444,0.239199139016534,2.22939130270656,0.0662362526212599,0.661766806744753,NA,NA,NA,NA,NA,NA,NA,NA,7.45349407196045
"Fixed mixed-signal hidden-positive design",64,"GNN","GNN","not available",0.884068857589984,0.84075117370892,2,0.133333333333333,0.577777777777778,0.245866445875895,2.35792264197284,0.0714257153110693,0.753666273166776,NA,NA,NA,NA,NA,NA,NA,NA,7.24768209457397
"Fixed mixed-signal hidden-positive design",65,"GNN","GNN","not available",0.833114241001565,0.833427230046948,4,0.266666666666667,0.511111111111111,0.274062731752907,2.07015304706835,0.0799406237303659,0.720132781221396,NA,NA,NA,NA,NA,NA,NA,NA,7.33731198310852
"Fixed mixed-signal hidden-positive design",66,"GNN","GNN","not available",0.865790297339593,0.768826291079812,6,0.4,0.6,0.258293238148746,2.51323724865337,0.0732962843484659,0.725480106249287,NA,NA,NA,NA,NA,NA,NA,NA,5.53670597076416
"Fixed mixed-signal hidden-positive design",67,"GNN","GNN","not available",0.797683881064163,0.698215962441315,4,0.266666666666667,0.488888888888889,0.285993280494527,2.55388433257273,0.0789034236207927,0.729241774876933,NA,NA,NA,NA,NA,NA,NA,NA,6.06324195861816
"Fixed mixed-signal hidden-positive design",68,"GNN","GNN","not available",0.715054773082942,0.508544600938967,1,0.0666666666666667,0.355555555555556,0.3253572411414,3.19952126912976,0.0889805515258817,0.871592267657737,NA,NA,NA,NA,NA,NA,NA,NA,6.10864305496216
"Fixed mixed-signal hidden-positive design",69,"GNN","GNN","not available",0.827386541471049,0.62131455399061,4,0.266666666666667,0.511111111111111,0.285931249650721,2.8847136956876,0.0827120863159486,0.818080580525569,NA,NA,NA,NA,NA,NA,NA,NA,6.29331707954407
"Fixed mixed-signal hidden-positive design",70,"GNN","GNN","not available",0.889201877934272,0.828920187793427,4,0.266666666666667,0.488888888888889,0.258866564884365,2.19966171968642,0.078340769682826,0.714979408918994,NA,NA,NA,NA,NA,NA,NA,NA,6.2958459854126
"Fixed mixed-signal hidden-positive design",71,"GNN","GNN","not available",0.834929577464789,0.738403755868545,4,0.266666666666667,0.511111111111111,0.267016987259759,2.436107082099,0.0763123145880431,0.74269863846798,NA,NA,NA,NA,NA,NA,NA,NA,5.83154201507568
"Fixed mixed-signal hidden-positive design",72,"GNN","GNN","not available",0.781283255086072,0.72056338028169,4,0.266666666666667,0.355555555555556,0.303561152699118,2.40163006137001,0.087972668702313,0.771035262792799,NA,NA,NA,NA,NA,NA,NA,NA,5.42476582527161
"Fixed mixed-signal hidden-positive design",73,"GNN","GNN","not available",0.770547730829421,0.538779342723005,3,0.2,0.422222222222222,0.307758853150491,3.22303870322084,0.0851198776206664,0.837852642576476,NA,NA,NA,NA,NA,NA,NA,NA,6.55028486251831
"Fixed mixed-signal hidden-positive design",74,"GNN","GNN","not available",0.913990610328638,0.842441314553991,4,0.266666666666667,0.622222222222222,0.214122425533494,2.26779503818027,0.062484374078944,0.719016147487634,NA,NA,NA,NA,NA,NA,NA,NA,5.16293907165527
"Fixed mixed-signal hidden-positive design",75,"GNN","GNN","not available",0.801377151799687,0.669859154929577,2,0.133333333333333,0.444444444444444,0.302624706088274,2.82848083713987,0.0870100651770565,0.81338840898221,NA,NA,NA,NA,NA,NA,NA,NA,5.84547996520996
"Fixed mixed-signal hidden-positive design",76,"GNN","GNN","not available",0.810547730829421,0.632582159624413,4,0.266666666666667,0.533333333333333,0.290220798621399,3.11613496817889,0.0796245282533554,0.797251507451914,NA,NA,NA,NA,NA,NA,NA,NA,7.2204909324646
"Fixed mixed-signal hidden-positive design",77,"GNN","GNN","not available",0.837715179968701,0.739154929577465,3,0.2,0.533333333333333,0.271526041886933,2.61470880749166,0.0780026114474353,0.801995228864012,NA,NA,NA,NA,NA,NA,NA,NA,8.0616729259491
"Fixed mixed-signal hidden-positive design",78,"GNN","GNN","not available",0.878435054773083,0.76169014084507,3,0.2,0.555555555555556,0.249716739738611,2.59912404742622,0.0732059886803485,0.757068707352352,NA,NA,NA,NA,NA,NA,NA,NA,7.04191398620605
"Fixed mixed-signal hidden-positive design",79,"GNN","GNN","not available",0.836713615023474,0.804131455399061,4,0.266666666666667,0.466666666666667,0.280136460219215,2.22525548887906,0.0824992081540821,0.738658129130023,NA,NA,NA,NA,NA,NA,NA,NA,6.92775392532349
"Fixed mixed-signal hidden-positive design",80,"GNN","GNN","not available",0.867230046948357,0.730328638497653,3,0.2,0.533333333333333,0.26146943850116,2.69098078545398,0.075616100213588,0.748982598392406,NA,NA,NA,NA,NA,NA,NA,NA,7.1565260887146
"Fixed mixed-signal hidden-positive design",81,"GNN","GNN","not available",0.774553990610329,0.665539906103286,4,0.266666666666667,0.444444444444444,0.295575000030549,2.67176226725394,0.0822692489536583,0.805689935836024,NA,NA,NA,NA,NA,NA,NA,NA,7.65428805351257
"Fixed mixed-signal hidden-positive design",82,"GNN","GNN","not available",0.826384976525822,0.675492957746479,2,0.133333333333333,0.511111111111111,0.281425348016438,2.84045141733526,0.0792786588767315,0.792538960156793,NA,NA,NA,NA,NA,NA,NA,NA,7.24277210235596
"Fixed mixed-signal hidden-positive design",83,"GNN","GNN","not available",0.845821596244131,0.654272300469484,4,0.266666666666667,0.622222222222222,0.305506692270213,4.27938073433192,0.0718459327576896,0.815751860386271,NA,NA,NA,NA,NA,NA,NA,NA,6.63394498825073
"Fixed mixed-signal hidden-positive design",84,"GNN","GNN","not available",0.892769953051643,0.87906103286385,6,0.4,0.555555555555556,0.247758034406333,1.86499490413089,0.0754524836572411,0.669500482675813,NA,NA,NA,NA,NA,NA,NA,NA,6.78665900230408
"Fixed mixed-signal hidden-positive design",85,"GNN","GNN","not available",0.858466353677621,0.816525821596244,4,0.266666666666667,0.533333333333333,0.265637211498796,2.13722411764179,0.0791450993039786,0.728862153318728,NA,NA,NA,NA,NA,NA,NA,NA,6.97881007194519
"Fixed mixed-signal hidden-positive design",86,"GNN","GNN","not available",0.845758998435055,0.697652582159624,3,0.2,0.555555555555556,0.267134445447036,2.96000601906484,0.0721186504789408,0.752780194612443,NA,NA,NA,NA,NA,NA,NA,NA,6.95684719085693
"Fixed mixed-signal hidden-positive design",87,"GNN","GNN","not available",0.800625978090767,0.59906103286385,1,0.0666666666666667,0.444444444444444,0.2996867695383,3.51165264775782,0.080091707796184,0.889133892089733,NA,NA,NA,NA,NA,NA,NA,NA,7.05411410331726
"Fixed mixed-signal hidden-positive design",88,"GNN","GNN","not available",0.808012519561815,0.695399061032864,0,0,0.288888888888889,0.302534760406276,2.6314849723418,0.0900039006783233,0.83365873838502,NA,NA,NA,NA,NA,NA,NA,NA,10.3233950138092
"Fixed mixed-signal hidden-positive design",89,"GNN","GNN","not available",0.850829420970266,0.750798122065728,4,0.266666666666667,0.511111111111111,0.309610371314436,3.3355136205544,0.0818264717559763,0.716850709468499,NA,NA,NA,NA,NA,NA,NA,NA,7.21308493614197
"Fixed mixed-signal hidden-positive design",90,"GNN","GNN","not available",0.807949921752739,0.622535211267606,2,0.133333333333333,0.555555555555556,0.300936439601119,3.3594685373211,0.0815783070203456,0.834750651815273,NA,NA,NA,NA,NA,NA,NA,NA,8.09183406829834
"Fixed mixed-signal hidden-positive design",91,"GNN","GNN","not available",0.805133020344288,0.59849765258216,2,0.133333333333333,0.466666666666667,0.297851885563881,3.21129620993023,0.0832469605102397,0.839420409425742,NA,NA,NA,NA,NA,NA,NA,NA,7.23503184318542
"Fixed mixed-signal hidden-positive design",92,"GNN","GNN","not available",0.801627543035994,0.616713615023474,1,0.0666666666666667,0.555555555555556,0.298016327878478,3.39456697893599,0.0785836141352561,0.8323172421024,NA,NA,NA,NA,NA,NA,NA,NA,7.62346982955933
"Fixed mixed-signal hidden-positive design",93,"GNN","GNN","not available",0.780970266040689,0.608826291079812,1,0.0666666666666667,0.4,0.30810583963637,2.94097224829286,0.0884578034095808,0.84960399803067,NA,NA,NA,NA,NA,NA,NA,NA,7.79977107048035
"Fixed mixed-signal hidden-positive design",94,"GNN","GNN","not available",0.747417840375587,0.547793427230047,1,0.0666666666666667,0.333333333333333,0.319297180314441,3.17778783865612,0.0874822299279722,0.857576223883574,NA,NA,NA,NA,NA,NA,NA,NA,7.53335690498352
"Fixed mixed-signal hidden-positive design",95,"GNN","GNN","not available",0.853145539906103,0.726009389671362,4,0.266666666666667,0.533333333333333,0.259130064779534,2.79004899047381,0.0714544780214404,0.775395206777299,NA,NA,NA,NA,NA,NA,NA,NA,7.32144117355347
"Fixed mixed-signal hidden-positive design",96,"GNN","GNN","not available",0.818215962441315,0.650140845070423,0,0,0.488888888888889,0.292894156054486,3.02427944137316,0.0838431439001897,0.867148250264038,NA,NA,NA,NA,NA,NA,NA,NA,6.71946692466736
"Fixed mixed-signal hidden-positive design",97,"GNN","GNN","not available",0.831361502347418,0.67943661971831,2,0.133333333333333,0.444444444444444,0.278904115297427,2.76916827038307,0.0813106478933409,0.833025230943172,NA,NA,NA,NA,NA,NA,NA,NA,2.01459097862244
"Fixed mixed-signal hidden-positive design",98,"GNN","GNN","not available",0.839499217527387,0.770328638497653,5,0.333333333333333,0.444444444444444,0.275702465650893,2.23372755585906,0.0818227139804641,0.719188745731485,NA,NA,NA,NA,NA,NA,NA,NA,2.88008189201355
"Fixed mixed-signal hidden-positive design",99,"GNN","GNN","not available",0.831298904538341,0.724507042253521,3,0.2,0.466666666666667,0.268078502194557,2.6215830680437,0.0748251219892519,0.773540721685246,NA,NA,NA,NA,NA,NA,NA,NA,3.17548394203186
"Fixed mixed-signal hidden-positive design",100,"GNN","GNN","not available",0.858841940532081,0.72150234741784,2,0.133333333333333,0.444444444444444,0.268124327198313,2.84059377380805,0.0780309744716933,0.830316655063132,NA,NA,NA,NA,NA,NA,NA,NA,3.44868493080139
"Fixed mixed-signal hidden-positive design",1,"NNPU","nnPU","not available: official nnPU is a point-estimation classifier; probabilities are plogis(raw score)",0.562879499217527,0.403943661971831,1,0.0666666666666667,0.311111111111111,0.532646676581874,5.97368249733935,0.0866960867185634,0.917826214532911,NA,NA,NA,NA,NA,NA,NA,NA,10.8145878314972
"Fixed mixed-signal hidden-positive design",2,"NNPU","nnPU","not available: official nnPU is a point-estimation classifier; probabilities are plogis(raw score)",0.546854460093897,0.472300469483568,4,0.266666666666667,0.4,0.586596690867702,6.14559847401043,0.0834368962612624,0.910930331685128,NA,NA,NA,NA,NA,NA,NA,NA,19.5719079971313
"Fixed mixed-signal hidden-positive design",3,"NNPU","nnPU","not available: official nnPU is a point-estimation classifier; probabilities are plogis(raw score)",0.535336463223787,0.60056338028169,6,0.4,0.4,0.554532204917302,4.89065234389846,0.081913862954015,0.884841041301765,NA,NA,NA,NA,NA,NA,NA,NA,19.0961620807648
"Fixed mixed-signal hidden-positive design",4,"NNPU","nnPU","not available: official nnPU is a point-estimation classifier; probabilities are plogis(raw score)",0.58472613458529,0.606197183098591,1,0.0666666666666667,0.311111111111111,0.548046312868521,4.98702799977809,0.0878483964086031,0.907062628883768,NA,NA,NA,NA,NA,NA,NA,NA,18.8167028427124
"Fixed mixed-signal hidden-positive design",5,"NNPU","nnPU","not available: official nnPU is a point-estimation classifier; probabilities are plogis(raw score)",0.636118935837246,0.649201877934272,3,0.2,0.311111111111111,0.560154738472781,4.92857719856973,0.110878019647257,0.985333691721681,NA,NA,NA,NA,NA,NA,NA,NA,9.39403486251831
"Fixed mixed-signal hidden-positive design",6,"NNPU","nnPU","not available: official nnPU is a point-estimation classifier; probabilities are plogis(raw score)",0.577527386541471,0.488450704225352,4,0.266666666666667,0.4,0.53512794138494,5.69603729386536,0.0772279561552898,0.813203624478235,NA,NA,NA,NA,NA,NA,NA,NA,9.44682288169861
"Fixed mixed-signal hidden-positive design",7,"NNPU","nnPU","not available: official nnPU is a point-estimation classifier; probabilities are plogis(raw score)",0.49302034428795,0.474366197183099,3,0.2,0.266666666666667,0.57771331512402,5.36422445160412,0.0863760929299672,0.878127902080148,NA,NA,NA,NA,NA,NA,NA,NA,9.401859998703
"Fixed mixed-signal hidden-positive design",8,"NNPU","nnPU","not available: official nnPU is a point-estimation classifier; probabilities are plogis(raw score)",0.610516431924883,0.461408450704225,2,0.133333333333333,0.4,0.490467771348048,5.64712806922766,0.0808869542897038,0.922797266001443,NA,NA,NA,NA,NA,NA,NA,NA,9.35647797584534
"Fixed mixed-signal hidden-positive design",9,"NNPU","nnPU","not available: official nnPU is a point-estimation classifier; probabilities are plogis(raw score)",0.565633802816901,0.453145539906103,2,0.133333333333333,0.355555555555556,0.538831756719915,5.85282497386751,0.0818597242640354,0.933248117475269,NA,NA,NA,NA,NA,NA,NA,NA,23.4295611381531
"Fixed mixed-signal hidden-positive design",10,"NNPU","nnPU","not available: official nnPU is a point-estimation classifier; probabilities are plogis(raw score)",0.571392801251956,0.442065727699531,0,0,0.333333333333333,0.553085253552644,6.29489614956738,0.0825989909798159,0.975611661481421,NA,NA,NA,NA,NA,NA,NA,NA,14.9802358150482
"Fixed mixed-signal hidden-positive design",11,"NNPU","nnPU","not available: official nnPU is a point-estimation classifier; probabilities are plogis(raw score)",0.598810641627543,0.643192488262911,3,0.2,0.288888888888889,0.535248734673768,4.69753562954757,0.0930307753026745,0.904188356757385,NA,NA,NA,NA,NA,NA,NA,NA,12.6439080238342
"Fixed mixed-signal hidden-positive design",12,"NNPU","nnPU","not available: official nnPU is a point-estimation classifier; probabilities are plogis(raw score)",0.515680751173709,0.293145539906103,1,0.0666666666666667,0.355555555555556,0.625333140487651,7.5740605810245,0.0792647594839194,0.966216665984483,NA,NA,NA,NA,NA,NA,NA,NA,9.31050896644592
"Fixed mixed-signal hidden-positive design",13,"NNPU","nnPU","not available: official nnPU is a point-estimation classifier; probabilities are plogis(raw score)",0.606322378716745,0.492957746478873,2,0.133333333333333,0.222222222222222,0.563580656739431,5.03055905158643,0.110933951010125,0.986801807113415,NA,NA,NA,NA,NA,NA,NA,NA,18.1101820468903
"Fixed mixed-signal hidden-positive design",14,"NNPU","nnPU","not available: official nnPU is a point-estimation classifier; probabilities are plogis(raw score)",0.581220657276995,0.570140845070423,3,0.2,0.311111111111111,0.566875903706643,4.99184277321835,0.110992400655222,0.986325028551295,NA,NA,NA,NA,NA,NA,NA,NA,18.0539720058441
"Fixed mixed-signal hidden-positive design",15,"NNPU","nnPU","not available: official nnPU is a point-estimation classifier; probabilities are plogis(raw score)",0.544162754303599,0.545727699530516,4,0.266666666666667,0.333333333333333,0.549709120793066,5.03562101561871,0.0878807042387075,0.889628769938309,NA,NA,NA,NA,NA,NA,NA,NA,8.835942029953
"Fixed mixed-signal hidden-positive design",16,"NNPU","nnPU","not available: official nnPU is a point-estimation classifier; probabilities are plogis(raw score)",0.581658841940532,0.466478873239437,3,0.2,0.4,0.533367510501541,5.76667276862813,0.0781114678277685,0.886267917972051,NA,NA,NA,NA,NA,NA,NA,NA,9.29742693901062
"Fixed mixed-signal hidden-positive design",17,"NNPU","nnPU","not available: official nnPU is a point-estimation classifier; probabilities are plogis(raw score)",0.547230046948357,0.542723004694836,4,0.266666666666667,0.311111111111111,0.548372377089069,5.21823505650009,0.0876222472822015,0.875201346024606,NA,NA,NA,NA,NA,NA,NA,NA,8.64503002166748
"Fixed mixed-signal hidden-positive design",18,"NNPU","nnPU","not available: official nnPU is a point-estimation classifier; probabilities are plogis(raw score)",0.620469483568075,0.507230046948357,3,0.2,0.4,0.493366676696353,5.04896216114499,0.0779273055954213,0.887348671266827,NA,NA,NA,NA,NA,NA,NA,NA,9.85686087608337
"Fixed mixed-signal hidden-positive design",19,"NNPU","nnPU","not available: official nnPU is a point-estimation classifier; probabilities are plogis(raw score)",0.523067292644757,0.507042253521127,3,0.2,0.333333333333333,0.569713460697228,5.6748125876069,0.0858374720808767,0.910466961616948,NA,NA,NA,NA,NA,NA,NA,NA,10.6853759288788
"Fixed mixed-signal hidden-positive design",20,"NNPU","nnPU","not available: official nnPU is a point-estimation classifier; probabilities are plogis(raw score)",0.585978090766823,0.516995305164319,3,0.2,0.266666666666667,0.523664627466283,5.32599952261613,0.0906617221265843,0.911936213018465,NA,NA,NA,NA,NA,NA,NA,NA,9.05886793136597
"Fixed mixed-signal hidden-positive design",21,"NNPU","nnPU","not available: official nnPU is a point-estimation classifier; probabilities are plogis(raw score)",0.580469483568075,0.655211267605634,2,0.133333333333333,0.288888888888889,0.547773716326342,4.77249145213493,0.0931509772192969,0.922056512927204,NA,NA,NA,NA,NA,NA,NA,NA,9.68004703521729
"Fixed mixed-signal hidden-positive design",22,"NNPU","nnPU","not available: official nnPU is a point-estimation classifier; probabilities are plogis(raw score)",0.554992175273865,0.476244131455399,3,0.2,0.422222222222222,0.520311030862535,5.42194397751423,0.076336988322372,0.866341688633866,NA,NA,NA,NA,NA,NA,NA,NA,8.92450499534607
"Fixed mixed-signal hidden-positive design",23,"NNPU","nnPU","not available: official nnPU is a point-estimation classifier; probabilities are plogis(raw score)",0.517120500782473,0.395117370892019,3,0.2,0.355555555555556,0.552049574654732,5.73299469889414,0.0919094566505388,0.920468005221011,NA,NA,NA,NA,NA,NA,NA,NA,8.95756793022156
"Fixed mixed-signal hidden-positive design",24,"NNPU","nnPU","not available: official nnPU is a point-estimation classifier; probabilities are plogis(raw score)",0.545790297339593,0.417464788732394,3,0.2,0.311111111111111,0.552870360657582,6.02988739639078,0.0836841315053206,0.867366877516341,NA,NA,NA,NA,NA,NA,NA,NA,8.84340500831604
"Fixed mixed-signal hidden-positive design",25,"NNPU","nnPU","not available: official nnPU is a point-estimation classifier; probabilities are plogis(raw score)",0.464976525821596,0.386478873239437,2,0.133333333333333,0.266666666666667,0.587272444521566,5.8050859732547,0.0956182617707357,0.971243184591094,NA,NA,NA,NA,NA,NA,NA,NA,8.26287412643433
"Fixed mixed-signal hidden-positive design",26,"NNPU","nnPU","not available: official nnPU is a point-estimation classifier; probabilities are plogis(raw score)",0.574960876369327,0.429295774647887,1,0.0666666666666667,0.4,0.531974238360149,6.14615027490077,0.0808288931003322,0.95576087148983,NA,NA,NA,NA,NA,NA,NA,NA,8.91182899475098
"Fixed mixed-signal hidden-positive design",27,"NNPU","nnPU","not available: official nnPU is a point-estimation classifier; probabilities are plogis(raw score)",0.50679186228482,0.48018779342723,4,0.266666666666667,0.4,0.581755740780438,5.55350103623882,0.0815377426494706,0.843940076730003,NA,NA,NA,NA,NA,NA,NA,NA,9.18752098083496
"Fixed mixed-signal hidden-positive design",28,"NNPU","nnPU","not available: official nnPU is a point-estimation classifier; probabilities are plogis(raw score)",0.570453834115806,0.472676056338028,0,0,0.266666666666667,0.564858337651488,5.94643620428959,0.0851334443171094,0.988096939386722,NA,NA,NA,NA,NA,NA,NA,NA,8.86791491508484
"Fixed mixed-signal hidden-positive design",29,"NNPU","nnPU","not available: official nnPU is a point-estimation classifier; probabilities are plogis(raw score)",0.507417840375587,0.40075117370892,2,0.133333333333333,0.288888888888889,0.604570491386525,6.75813633494153,0.0852488607545693,0.911320585572091,NA,NA,NA,NA,NA,NA,NA,NA,8.60465693473816
"Fixed mixed-signal hidden-positive design",30,"NNPU","nnPU","not available: official nnPU is a point-estimation classifier; probabilities are plogis(raw score)",0.563881064162754,0.619530516431925,5,0.333333333333333,0.4,0.521595583917199,4.40912634609485,0.0798069881154719,0.816522850423058,NA,NA,NA,NA,NA,NA,NA,NA,9.13271689414978
"Fixed mixed-signal hidden-positive design",31,"NNPU","nnPU","not available: official nnPU is a point-estimation classifier; probabilities are plogis(raw score)",0.58829420970266,0.504413145539906,2,0.133333333333333,0.266666666666667,0.529339672415146,5.41957093329893,0.088985611071267,0.94125597072119,NA,NA,NA,NA,NA,NA,NA,NA,9.01413893699646
"Fixed mixed-signal hidden-positive design",32,"NNPU","nnPU","not available: official nnPU is a point-estimation classifier; probabilities are plogis(raw score)",0.574084507042254,0.450328638497653,2,0.133333333333333,0.355555555555556,0.559532765879062,6.07527308094372,0.0803624711322412,0.912008721104307,NA,NA,NA,NA,NA,NA,NA,NA,8.87862205505371
"Fixed mixed-signal hidden-positive design",33,"NNPU","nnPU","not available: official nnPU is a point-estimation classifier; probabilities are plogis(raw score)",0.636807511737089,0.523943661971831,3,0.2,0.422222222222222,0.448790870826504,5.05510878410943,0.0763112529977425,0.915637209714924,NA,NA,NA,NA,NA,NA,NA,NA,8.88241004943848
"Fixed mixed-signal hidden-positive design",34,"NNPU","nnPU","not available: official nnPU is a point-estimation classifier; probabilities are plogis(raw score)",0.524694835680751,0.55962441314554,2,0.133333333333333,0.355555555555556,0.590591084661961,5.63784881573831,0.0852172584085374,0.92850294376243,NA,NA,NA,NA,NA,NA,NA,NA,9.22205781936646
"Fixed mixed-signal hidden-positive design",35,"NNPU","nnPU","not available: official nnPU is a point-estimation classifier; probabilities are plogis(raw score)",0.539342723004695,0.486948356807512,2,0.133333333333333,0.311111111111111,0.544417777715392,5.51197625617587,0.0818110227452532,0.895040548780609,NA,NA,NA,NA,NA,NA,NA,NA,9.09941101074219
"Fixed mixed-signal hidden-positive design",36,"NNPU","nnPU","not available: official nnPU is a point-estimation classifier; probabilities are plogis(raw score)",0.523129890453834,0.502723004694836,3,0.2,0.311111111111111,0.573158946652438,5.32234270054584,0.0953428575822341,0.965055403690936,NA,NA,NA,NA,NA,NA,NA,NA,8.80112886428833
"Fixed mixed-signal hidden-positive design",37,"NNPU","nnPU","not available: official nnPU is a point-estimation classifier; probabilities are plogis(raw score)",0.5860406885759,0.538591549295775,2,0.133333333333333,0.355555555555556,0.540255132628811,5.51498866348745,0.082306187666297,0.929205998171474,NA,NA,NA,NA,NA,NA,NA,NA,12.7918801307678
"Fixed mixed-signal hidden-positive design",38,"NNPU","nnPU","not available: official nnPU is a point-estimation classifier; probabilities are plogis(raw score)",0.531017214397496,0.339718309859155,1,0.0666666666666667,0.288888888888889,0.570839449441564,6.20818654688046,0.0869444540154178,0.970089017078809,NA,NA,NA,NA,NA,NA,NA,NA,9.62711596488953
"Fixed mixed-signal hidden-positive design",39,"NNPU","nnPU","not available: official nnPU is a point-estimation classifier; probabilities are plogis(raw score)",0.569201877934272,0.486009389671361,4,0.266666666666667,0.333333333333333,0.512063059600443,5.45098739426932,0.0801627059780016,0.82728567365423,NA,NA,NA,NA,NA,NA,NA,NA,8.92729210853577
"Fixed mixed-signal hidden-positive design",40,"NNPU","nnPU","not available: official nnPU is a point-estimation classifier; probabilities are plogis(raw score)",0.630735524256651,0.503098591549296,3,0.2,0.333333333333333,0.553724485954462,4.9837102952108,0.110683063261946,0.98521496455785,NA,NA,NA,NA,NA,NA,NA,NA,8.71189594268799
"Fixed mixed-signal hidden-positive design",41,"NNPU","nnPU","not available: official nnPU is a point-estimation classifier; probabilities are plogis(raw score)",0.539280125195618,0.305164319248826,1,0.0666666666666667,0.355555555555556,0.582519528117233,7.4541603715979,0.0808557756614729,0.949311841449849,NA,NA,NA,NA,NA,NA,NA,NA,9.37893795967102
"Fixed mixed-signal hidden-positive design",42,"NNPU","nnPU","not available: official nnPU is a point-estimation classifier; probabilities are plogis(raw score)",0.602691705790297,0.570516431924883,4,0.266666666666667,0.4,0.494358710300928,5.20857896118044,0.0819532553170903,0.900994000235575,NA,NA,NA,NA,NA,NA,NA,NA,9.30862402915955
"Fixed mixed-signal hidden-positive design",43,"NNPU","nnPU","not available: official nnPU is a point-estimation classifier; probabilities are plogis(raw score)",0.57283255086072,0.557746478873239,3,0.2,0.311111111111111,0.547541145283545,5.18588198630914,0.0822347989978198,0.85651525605462,NA,NA,NA,NA,NA,NA,NA,NA,9.1270649433136
"Fixed mixed-signal hidden-positive design",44,"NNPU","nnPU","not available: official nnPU is a point-estimation classifier; probabilities are plogis(raw score)",0.544538341158059,0.421032863849765,1,0.0666666666666667,0.333333333333333,0.562604569988079,6.29948764220506,0.0828473016625076,0.968898482209105,NA,NA,NA,NA,NA,NA,NA,NA,9.63730502128601
"Fixed mixed-signal hidden-positive design",45,"NNPU","nnPU","not available: official nnPU is a point-estimation classifier; probabilities are plogis(raw score)",0.617089201877934,0.632863849765258,4,0.266666666666667,0.377777777777778,0.49952307854251,4.53807430967299,0.0865582046454862,0.888062066697525,NA,NA,NA,NA,NA,NA,NA,NA,9.21128582954407
"Fixed mixed-signal hidden-positive design",46,"NNPU","nnPU","not available: official nnPU is a point-estimation classifier; probabilities are plogis(raw score)",0.56112676056338,0.435868544600939,1,0.0666666666666667,0.377777777777778,0.573477642840399,6.82518725630005,0.0860965370307508,0.957433423702345,NA,NA,NA,NA,NA,NA,NA,NA,8.74681806564331
"Fixed mixed-signal hidden-positive design",47,"NNPU","nnPU","not available: official nnPU is a point-estimation classifier; probabilities are plogis(raw score)",0.527449139280125,0.421032863849765,2,0.133333333333333,0.355555555555556,0.549066910816949,6.14642000072843,0.0821258568859987,0.906368893556195,NA,NA,NA,NA,NA,NA,NA,NA,9.18535208702087
"Fixed mixed-signal hidden-positive design",48,"NNPU","nnPU","not available: official nnPU is a point-estimation classifier; probabilities are plogis(raw score)",0.547104851330203,0.462910798122066,3,0.2,0.355555555555556,0.562228329119225,5.67612517142704,0.0809050139122571,0.840493633227507,NA,NA,NA,NA,NA,NA,NA,NA,8.93658304214478
"Fixed mixed-signal hidden-positive design",49,"NNPU","nnPU","not available: official nnPU is a point-estimation classifier; probabilities are plogis(raw score)",0.581721439749609,0.51962441314554,2,0.133333333333333,0.288888888888889,0.508308763741822,5.10641423906722,0.092614447784739,0.96366189757192,NA,NA,NA,NA,NA,NA,NA,NA,8.97409796714783
"Fixed mixed-signal hidden-positive design",50,"NNPU","nnPU","not available: official nnPU is a point-estimation classifier; probabilities are plogis(raw score)",0.498967136150235,0.36037558685446,0,0,0.222222222222222,0.564069030858803,5.98496151122178,0.0941356575450177,0.98737576664727,NA,NA,NA,NA,NA,NA,NA,NA,8.87565398216248
"Fixed mixed-signal hidden-positive design",51,"NNPU","nnPU","not available: official nnPU is a point-estimation classifier; probabilities are plogis(raw score)",0.577589984350548,0.569201877934272,1,0.0666666666666667,0.311111111111111,0.550314951779305,5.40700256656147,0.096639266075181,0.963429241864416,NA,NA,NA,NA,NA,NA,NA,NA,9.16709208488464
"Fixed mixed-signal hidden-positive design",52,"NNPU","nnPU","not available: official nnPU is a point-estimation classifier; probabilities are plogis(raw score)",0.597934272300469,0.446197183098592,2,0.133333333333333,0.355555555555556,0.506861900559606,5.58270331319942,0.0886343676573424,0.942660933788141,NA,NA,NA,NA,NA,NA,NA,NA,9.5504629611969
"Fixed mixed-signal hidden-positive design",53,"NNPU","nnPU","not available: official nnPU is a point-estimation classifier; probabilities are plogis(raw score)",0.619154929577465,0.524319248826291,3,0.2,0.355555555555556,0.47374487036844,5.23546842594767,0.0798828801118782,0.873484826920554,NA,NA,NA,NA,NA,NA,NA,NA,9.08216309547424
"Fixed mixed-signal hidden-positive design",54,"NNPU","nnPU","not available: official nnPU is a point-estimation classifier; probabilities are plogis(raw score)",0.538403755868545,0.552300469483568,2,0.133333333333333,0.288888888888889,0.559247267726328,4.89943391440075,0.100444676512168,0.95703771513933,NA,NA,NA,NA,NA,NA,NA,NA,9.24574398994446
"Fixed mixed-signal hidden-positive design",55,"NNPU","nnPU","not available: official nnPU is a point-estimation classifier; probabilities are plogis(raw score)",0.800312989045383,0.790046948356808,6,0.4,0.622222222222222,0.30391304214391,3.25659992770288,0.0591668662177927,0.794413194381659,NA,NA,NA,NA,NA,NA,NA,NA,9.25900793075562
"Fixed mixed-signal hidden-positive design",56,"NNPU","nnPU","not available: official nnPU is a point-estimation classifier; probabilities are plogis(raw score)",0.545915492957746,0.593615023474178,3,0.2,0.311111111111111,0.547563876888835,4.62917279460135,0.100415374561489,0.939499156657386,NA,NA,NA,NA,NA,NA,NA,NA,9.02236795425415
"Fixed mixed-signal hidden-positive design",57,"NNPU","nnPU","not available: official nnPU is a point-estimation classifier; probabilities are plogis(raw score)",0.490516431924883,0.52037558685446,3,0.2,0.244444444444444,0.569774340563104,5.00562523338277,0.0938065430352544,0.919376877837912,NA,NA,NA,NA,NA,NA,NA,NA,9.38717579841614
"Fixed mixed-signal hidden-positive design",58,"NNPU","nnPU","not available: official nnPU is a point-estimation classifier; probabilities are plogis(raw score)",0.480876369327074,0.531830985915493,5,0.333333333333333,0.333333333333333,0.600890370609303,5.2000373950475,0.0897741220815835,0.878007693059117,NA,NA,NA,NA,NA,NA,NA,NA,9.16746592521667
"Fixed mixed-signal hidden-positive design",59,"NNPU","nnPU","not available: official nnPU is a point-estimation classifier; probabilities are plogis(raw score)",0.61302034428795,0.498215962441315,1,0.0666666666666667,0.355555555555556,0.50958092228364,5.86324060661846,0.083042451239525,0.944277669731526,NA,NA,NA,NA,NA,NA,NA,NA,9.14200401306152
"Fixed mixed-signal hidden-positive design",60,"NNPU","nnPU","not available: official nnPU is a point-estimation classifier; probabilities are plogis(raw score)",0.522316118935837,0.437183098591549,2,0.133333333333333,0.355555555555556,0.57534110940035,6.21232875291041,0.0868586254347561,0.935181567628229,NA,NA,NA,NA,NA,NA,NA,NA,9.35226106643677
"Fixed mixed-signal hidden-positive design",61,"NNPU","nnPU","not available: official nnPU is a point-estimation classifier; probabilities are plogis(raw score)",0.493082942097027,0.40093896713615,3,0.2,0.311111111111111,0.583827469911618,5.91908674911659,0.0854917477493032,0.908687993782295,NA,NA,NA,NA,NA,NA,NA,NA,9.5564398765564
"Fixed mixed-signal hidden-positive design",62,"NNPU","nnPU","not available: official nnPU is a point-estimation classifier; probabilities are plogis(raw score)",0.615899843505477,0.657089201877934,4,0.266666666666667,0.311111111111111,0.509510305603225,4.46338361014944,0.0970897390854464,0.939361163908687,NA,NA,NA,NA,NA,NA,NA,NA,9.02399301528931
"Fixed mixed-signal hidden-positive design",63,"NNPU","nnPU","not available: official nnPU is a point-estimation classifier; probabilities are plogis(raw score)",0.545539906103286,0.566384976525822,2,0.133333333333333,0.311111111111111,0.561543467001592,5.15542293265506,0.0861832065694128,0.8998980884089,NA,NA,NA,NA,NA,NA,NA,NA,9.25737905502319
"Fixed mixed-signal hidden-positive design",64,"NNPU","nnPU","not available: official nnPU is a point-estimation classifier; probabilities are plogis(raw score)",0.588419405320814,0.500469483568075,3,0.2,0.333333333333333,0.505355585867298,5.11420038763066,0.087830899898637,0.903660474868099,NA,NA,NA,NA,NA,NA,NA,NA,9.16929006576538
"Fixed mixed-signal hidden-positive design",65,"NNPU","nnPU","not available: official nnPU is a point-estimation classifier; probabilities are plogis(raw score)",0.594428794992175,0.622535211267606,4,0.266666666666667,0.333333333333333,0.521572397288362,4.65845098106195,0.0854803180433004,0.87459353393669,NA,NA,NA,NA,NA,NA,NA,NA,9.64599704742432
"Fixed mixed-signal hidden-positive design",66,"NNPU","nnPU","not available: official nnPU is a point-estimation classifier; probabilities are plogis(raw score)",0.517183098591549,0.44037558685446,2,0.133333333333333,0.422222222222222,0.571401863980231,5.6126172374518,0.0827811727677301,0.86396237442042,NA,NA,NA,NA,NA,NA,NA,NA,9.74112010002136
"Fixed mixed-signal hidden-positive design",67,"NNPU","nnPU","not available: official nnPU is a point-estimation classifier; probabilities are plogis(raw score)",0.556870109546166,0.490892018779343,2,0.133333333333333,0.288888888888889,0.547881578402785,5.51385752328856,0.091497212381378,0.964708124493088,NA,NA,NA,NA,NA,NA,NA,NA,8.9203679561615
"Fixed mixed-signal hidden-positive design",68,"NNPU","nnPU","not available: official nnPU is a point-estimation classifier; probabilities are plogis(raw score)",0.591611893583725,0.595868544600939,4,0.266666666666667,0.333333333333333,0.509643778594081,4.59149771811177,0.0825409097709601,0.812504134003502,NA,NA,NA,NA,NA,NA,NA,NA,9.12005615234375
"Fixed mixed-signal hidden-positive design",69,"NNPU","nnPU","not available: official nnPU is a point-estimation classifier; probabilities are plogis(raw score)",0.489827856025039,0.52037558685446,3,0.2,0.266666666666667,0.578999567133204,5.17841445043476,0.0932791580874911,0.951964941194265,NA,NA,NA,NA,NA,NA,NA,NA,9.46254110336304
"Fixed mixed-signal hidden-positive design",70,"NNPU","nnPU","not available: official nnPU is a point-estimation classifier; probabilities are plogis(raw score)",0.604256651017214,0.515680751173709,2,0.133333333333333,0.355555555555556,0.493344777630242,5.12707163056789,0.0839979900665303,0.890310319652217,NA,NA,NA,NA,NA,NA,NA,NA,10.0490438938141
"Fixed mixed-signal hidden-positive design",71,"NNPU","nnPU","not available: official nnPU is a point-estimation classifier; probabilities are plogis(raw score)",0.574021909233177,0.498028169014085,4,0.266666666666667,0.422222222222222,0.545968932163093,5.70899842316522,0.0804267298997897,0.852511370633745,NA,NA,NA,NA,NA,NA,NA,NA,9.7528669834137
"Fixed mixed-signal hidden-positive design",72,"NNPU","nnPU","not available: official nnPU is a point-estimation classifier; probabilities are plogis(raw score)",0.506666666666667,0.505915492957747,2,0.133333333333333,0.266666666666667,0.567964968629827,5.15321995109069,0.0947349872484845,0.942523690567504,NA,NA,NA,NA,NA,NA,NA,NA,9.03741097450256
"Fixed mixed-signal hidden-positive design",73,"NNPU","nnPU","not available: official nnPU is a point-estimation classifier; probabilities are plogis(raw score)",0.548419405320814,0.5618779342723,3,0.2,0.4,0.561147640124312,5.29140808643646,0.0901009310819096,0.906921478856997,NA,NA,NA,NA,NA,NA,NA,NA,9.37596416473389
"Fixed mixed-signal hidden-positive design",74,"NNPU","nnPU","not available: official nnPU is a point-estimation classifier; probabilities are plogis(raw score)",0.687636932707355,0.68056338028169,4,0.266666666666667,0.466666666666667,0.431784198654612,4.1540474678034,0.0713697743196972,0.830357317296261,NA,NA,NA,NA,NA,NA,NA,NA,9.36497092247009
"Fixed mixed-signal hidden-positive design",75,"NNPU","nnPU","not available: official nnPU is a point-estimation classifier; probabilities are plogis(raw score)",0.569702660406886,0.485258215962441,2,0.133333333333333,0.266666666666667,0.564119256917898,5.03223459289757,0.110923184448133,0.986706201800398,NA,NA,NA,NA,NA,NA,NA,NA,8.90247511863708
"Fixed mixed-signal hidden-positive design",76,"NNPU","nnPU","not available: official nnPU is a point-estimation classifier; probabilities are plogis(raw score)",0.562566510172144,0.582535211267606,3,0.2,0.355555555555556,0.551173957800124,4.91421209108443,0.0959899601828927,0.946234861391599,NA,NA,NA,NA,NA,NA,NA,NA,8.85667490959167
"Fixed mixed-signal hidden-positive design",77,"NNPU","nnPU","not available: official nnPU is a point-estimation classifier; probabilities are plogis(raw score)",0.452143974960876,0.410892018779343,4,0.266666666666667,0.288888888888889,0.608204152617499,5.79769755099373,0.091110792039775,0.884038821286448,NA,NA,NA,NA,NA,NA,NA,NA,9.37450814247131
"Fixed mixed-signal hidden-positive design",78,"NNPU","nnPU","not available: official nnPU is a point-estimation classifier; probabilities are plogis(raw score)",0.744600938967136,0.617464788732394,3,0.2,0.533333333333333,0.342335631548528,4.37670486647828,0.0604268062593333,0.869460821268175,NA,NA,NA,NA,NA,NA,NA,NA,9.1539888381958
"Fixed mixed-signal hidden-positive design",79,"NNPU","nnPU","not available: official nnPU is a point-estimation classifier; probabilities are plogis(raw score)",0.547042253521127,0.533708920187793,3,0.2,0.355555555555556,0.523990742044312,4.96797648939806,0.0906450459566332,0.910543590243169,NA,NA,NA,NA,NA,NA,NA,NA,8.83564186096191
"Fixed mixed-signal hidden-positive design",80,"NNPU","nnPU","not available: official nnPU is a point-estimation classifier; probabilities are plogis(raw score)",0.534460093896714,0.502723004694836,3,0.2,0.311111111111111,0.561865402665036,5.77767128029433,0.0842306145116202,0.86742455846659,NA,NA,NA,NA,NA,NA,NA,NA,9.28645420074463
"Fixed mixed-signal hidden-positive design",81,"NNPU","nnPU","not available: official nnPU is a point-estimation classifier; probabilities are plogis(raw score)",0.542535211267606,0.570140845070423,3,0.2,0.333333333333333,0.549248245438962,4.70639348511254,0.0916904607167137,0.875879239879599,NA,NA,NA,NA,NA,NA,NA,NA,8.88240194320679
"Fixed mixed-signal hidden-positive design",82,"NNPU","nnPU","not available: official nnPU is a point-estimation classifier; probabilities are plogis(raw score)",0.558935837245696,0.464225352112676,2,0.133333333333333,0.355555555555556,0.536147913240246,5.53635728383369,0.0885975466311524,0.927568919983913,NA,NA,NA,NA,NA,NA,NA,NA,8.99972915649414
"Fixed mixed-signal hidden-positive design",83,"NNPU","nnPU","not available: official nnPU is a point-estimation classifier; probabilities are plogis(raw score)",0.567073552425665,0.468920187793427,1,0.0666666666666667,0.4,0.527481245522656,6.0699555937477,0.0751298868449669,0.914513264209045,NA,NA,NA,NA,NA,NA,NA,NA,8.99428606033325
"Fixed mixed-signal hidden-positive design",84,"NNPU","nnPU","not available: official nnPU is a point-estimation classifier; probabilities are plogis(raw score)",0.519186228482003,0.508356807511737,3,0.2,0.333333333333333,0.563735467272594,5.41439648110501,0.0941472332072547,0.952969802873041,NA,NA,NA,NA,NA,NA,NA,NA,9.02336287498474
"Fixed mixed-signal hidden-positive design",85,"NNPU","nnPU","not available: official nnPU is a point-estimation classifier; probabilities are plogis(raw score)",0.52075117370892,0.530516431924883,2,0.133333333333333,0.288888888888889,0.596292696353928,5.5454370265424,0.092363312706591,0.931110263431321,NA,NA,NA,NA,NA,NA,NA,NA,8.96459293365479
"Fixed mixed-signal hidden-positive design",86,"NNPU","nnPU","not available: official nnPU is a point-estimation classifier; probabilities are plogis(raw score)",0.544287949921753,0.552676056338028,4,0.266666666666667,0.333333333333333,0.56252055288002,5.03341300889747,0.0890093337107316,0.892907726249912,NA,NA,NA,NA,NA,NA,NA,NA,9.2063729763031
"Fixed mixed-signal hidden-positive design",87,"NNPU","nnPU","not available: official nnPU is a point-estimation classifier; probabilities are plogis(raw score)",0.510798122065728,0.363943661971831,3,0.2,0.355555555555556,0.590477820385625,6.46474921544007,0.0835393352647785,0.925414526915976,NA,NA,NA,NA,NA,NA,NA,NA,9.4197211265564
"Fixed mixed-signal hidden-positive design",88,"NNPU","nnPU","not available: official nnPU is a point-estimation classifier; probabilities are plogis(raw score)",0.69283255086072,0.633802816901408,2,0.133333333333333,0.377777777777778,0.44723295792786,5.40490317913265,0.0769020717918127,0.912516233856353,NA,NA,NA,NA,NA,NA,NA,NA,9.28341889381409
"Fixed mixed-signal hidden-positive design",89,"NNPU","nnPU","not available: official nnPU is a point-estimation classifier; probabilities are plogis(raw score)",0.489702660406886,0.516431924882629,3,0.2,0.266666666666667,0.594250671332021,5.44079884769337,0.0921225227286964,0.943994944487448,NA,NA,NA,NA,NA,NA,NA,NA,9.19824409484863
"Fixed mixed-signal hidden-positive design",90,"NNPU","nnPU","not available: official nnPU is a point-estimation classifier; probabilities are plogis(raw score)",0.593802816901408,0.595305164319249,2,0.133333333333333,0.266666666666667,0.515403167033117,4.8262197419025,0.0924745696696812,0.937382630041469,NA,NA,NA,NA,NA,NA,NA,NA,9.53082084655762
"Fixed mixed-signal hidden-positive design",91,"NNPU","nnPU","not available: official nnPU is a point-estimation classifier; probabilities are plogis(raw score)",0.600312989045383,0.587417840375587,3,0.2,0.311111111111111,0.52875517390579,5.45619154354084,0.0873254413641353,0.917584532445014,NA,NA,NA,NA,NA,NA,NA,NA,9.11079812049866
"Fixed mixed-signal hidden-positive design",92,"NNPU","nnPU","not available: official nnPU is a point-estimation classifier; probabilities are plogis(raw score)",0.58491392801252,0.51868544600939,3,0.2,0.333333333333333,0.531777432275228,5.5375006233543,0.087280133563224,0.903739826805487,NA,NA,NA,NA,NA,NA,NA,NA,9.45041990280151
"Fixed mixed-signal hidden-positive design",93,"NNPU","nnPU","not available: official nnPU is a point-estimation classifier; probabilities are plogis(raw score)",0.588794992175274,0.507981220657277,3,0.2,0.377777777777778,0.51612456311354,5.17708191856477,0.0843106311713624,0.872558960083762,NA,NA,NA,NA,NA,NA,NA,NA,9.29949402809143
"Fixed mixed-signal hidden-positive design",94,"NNPU","nnPU","not available: official nnPU is a point-estimation classifier; probabilities are plogis(raw score)",0.522566510172144,0.373896713615023,3,0.2,0.377777777777778,0.58119818372367,6.53210233231736,0.076536180372044,0.874845829137378,NA,NA,NA,NA,NA,NA,NA,NA,9.13195514678955
"Fixed mixed-signal hidden-positive design",95,"NNPU","nnPU","not available: official nnPU is a point-estimation classifier; probabilities are plogis(raw score)",0.672363067292645,0.673427230046948,2,0.133333333333333,0.422222222222222,0.455116534003011,4.19431667081497,0.0785498586832308,0.868262263245308,NA,NA,NA,NA,NA,NA,NA,NA,9.54892802238464
"Fixed mixed-signal hidden-positive design",96,"NNPU","nnPU","not available: official nnPU is a point-estimation classifier; probabilities are plogis(raw score)",0.576776212832551,0.4781220657277,3,0.2,0.355555555555556,0.527355952539251,5.52822002458617,0.0868018535624286,0.930238183882022,NA,NA,NA,NA,NA,NA,NA,NA,9.36340498924255
"Fixed mixed-signal hidden-positive design",97,"NNPU","nnPU","not available: official nnPU is a point-estimation classifier; probabilities are plogis(raw score)",0.538028169014084,0.447887323943662,2,0.133333333333333,0.333333333333333,0.595008335614354,6.29724219020153,0.0853385278262699,0.943101823177627,NA,NA,NA,NA,NA,NA,NA,NA,9.15618109703064
"Fixed mixed-signal hidden-positive design",98,"NNPU","nnPU","not available: official nnPU is a point-estimation classifier; probabilities are plogis(raw score)",0.652206572769953,0.621032863849765,4,0.266666666666667,0.377777777777778,0.475389564379459,4.50791010159043,0.0822029673157974,0.802426233049182,NA,NA,NA,NA,NA,NA,NA,NA,9.33434295654297
"Fixed mixed-signal hidden-positive design",99,"NNPU","nnPU","not available: official nnPU is a point-estimation classifier; probabilities are plogis(raw score)",0.544162754303599,0.566009389671361,4,0.266666666666667,0.355555555555556,0.539123254403597,5.10324139617675,0.0819680290205632,0.876043982534478,NA,NA,NA,NA,NA,NA,NA,NA,9.53440308570862
"Fixed mixed-signal hidden-positive design",100,"NNPU","nnPU","not available: official nnPU is a point-estimation classifier; probabilities are plogis(raw score)",0.498153364632238,0.489765258215962,5,0.333333333333333,0.355555555555556,0.605628158862038,5.59375707933084,0.0824426047077342,0.875588003925292,NA,NA,NA,NA,NA,NA,NA,NA,9.44779086112976
"Fixed mixed-signal hidden-positive design",1,"NNPU_NET","nnPU + Net","not available: official nnPU is a point-estimation classifier; probabilities are plogis(raw score)",0.605133020344288,0.477370892018779,2,0.133333333333333,0.355555555555556,0.503429571445932,5.64598523204157,0.0831216450812174,0.90900504885923,NA,NA,NA,NA,NA,NA,NA,NA,23.2087149620056
"Fixed mixed-signal hidden-positive design",2,"NNPU_NET","nnPU + Net","not available: official nnPU is a point-estimation classifier; probabilities are plogis(raw score)",0.543724569640063,0.459718309859155,3,0.2,0.377777777777778,0.572793235335661,6.13158308138415,0.082959411822272,0.949241556306264,NA,NA,NA,NA,NA,NA,NA,NA,22.3326950073242
"Fixed mixed-signal hidden-positive design",3,"NNPU_NET","nnPU + Net","not available: official nnPU is a point-estimation classifier; probabilities are plogis(raw score)",0.549233176838811,0.526009389671361,2,0.133333333333333,0.355555555555556,0.571719570868523,5.39782277025321,0.0821941118923945,0.893954547073597,NA,NA,NA,NA,NA,NA,NA,NA,20.1072180271149
"Fixed mixed-signal hidden-positive design",4,"NNPU_NET","nnPU + Net","not available: official nnPU is a point-estimation classifier; probabilities are plogis(raw score)",0.556494522691706,0.597558685446009,3,0.2,0.355555555555556,0.559423845742062,4.7590626971681,0.0871788441282718,0.892301962589344,NA,NA,NA,NA,NA,NA,NA,NA,11.7718439102173
"Fixed mixed-signal hidden-positive design",5,"NNPU_NET","nnPU + Net","not available: official nnPU is a point-estimation classifier; probabilities are plogis(raw score)",0.56112676056338,0.523192488262911,3,0.2,0.355555555555556,0.541271461338389,5.39032915250029,0.0841863920191803,0.913059736983531,NA,NA,NA,NA,NA,NA,NA,NA,9.75093293190002
"Fixed mixed-signal hidden-positive design",6,"NNPU_NET","nnPU + Net","not available: official nnPU is a point-estimation classifier; probabilities are plogis(raw score)",0.58491392801252,0.503661971830986,3,0.2,0.444444444444444,0.550364542274365,5.86784637497019,0.0719570795976661,0.806557048232647,NA,NA,NA,NA,NA,NA,NA,NA,13.0451350212097
"Fixed mixed-signal hidden-positive design",7,"NNPU_NET","nnPU + Net","not available: official nnPU is a point-estimation classifier; probabilities are plogis(raw score)",0.498967136150235,0.484882629107981,3,0.2,0.288888888888889,0.572055527156988,5.3049472889061,0.0864115527117323,0.880544038779231,NA,NA,NA,NA,NA,NA,NA,NA,9.46610999107361
"Fixed mixed-signal hidden-positive design",8,"NNPU_NET","nnPU + Net","not available: official nnPU is a point-estimation classifier; probabilities are plogis(raw score)",0.643255086071987,0.496150234741784,2,0.133333333333333,0.4,0.464075094936327,5.46800757404279,0.0776920240855354,0.913721710591661,NA,NA,NA,NA,NA,NA,NA,NA,12.2255480289459
"Fixed mixed-signal hidden-positive design",9,"NNPU_NET","nnPU + Net","not available: official nnPU is a point-estimation classifier; probabilities are plogis(raw score)",0.629984350547731,0.523004694835681,1,0.0666666666666667,0.422222222222222,0.469149949454463,5.44400569646032,0.073029319303705,0.943849390918547,NA,NA,NA,NA,NA,NA,NA,NA,20.1676659584045
"Fixed mixed-signal hidden-positive design",10,"NNPU_NET","nnPU + Net","not available: official nnPU is a point-estimation classifier; probabilities are plogis(raw score)",0.589608763693271,0.454835680751174,0,0,0.355555555555556,0.543782190003361,6.36665054664573,0.0806836604907025,0.97689651972423,NA,NA,NA,NA,NA,NA,NA,NA,11.117259979248
"Fixed mixed-signal hidden-positive design",11,"NNPU_NET","nnPU + Net","not available: official nnPU is a point-estimation classifier; probabilities are plogis(raw score)",0.522253521126761,0.539530516431925,1,0.0666666666666667,0.266666666666667,0.579810151823399,5.47009372806728,0.0925911658815488,0.947695054734464,NA,NA,NA,NA,NA,NA,NA,NA,10.3865501880646
"Fixed mixed-signal hidden-positive design",12,"NNPU_NET","nnPU + Net","not available: official nnPU is a point-estimation classifier; probabilities are plogis(raw score)",0.521752738654147,0.300845070422535,1,0.0666666666666667,0.355555555555556,0.620337870891595,7.54904005244947,0.0789874875981068,0.965677137513412,NA,NA,NA,NA,NA,NA,NA,NA,15.0810959339142
"Fixed mixed-signal hidden-positive design",13,"NNPU_NET","nnPU + Net","not available: official nnPU is a point-estimation classifier; probabilities are plogis(raw score)",0.49245696400626,0.418028169014085,0,0,0.2,0.60195189537435,5.93404726038299,0.0962217660722062,0.983531950460721,NA,NA,NA,NA,NA,NA,NA,NA,12.3529360294342
"Fixed mixed-signal hidden-positive design",14,"NNPU_NET","nnPU + Net","not available: official nnPU is a point-estimation classifier; probabilities are plogis(raw score)",0.577339593114241,0.63849765258216,4,0.266666666666667,0.333333333333333,0.560568200501768,4.54750326969994,0.0891093069455181,0.864328655564293,NA,NA,NA,NA,NA,NA,NA,NA,13.8741519451141
"Fixed mixed-signal hidden-positive design",15,"NNPU_NET","nnPU + Net","not available: official nnPU is a point-estimation classifier; probabilities are plogis(raw score)",0.592363067292645,0.51887323943662,3,0.2,0.4,0.521166116108221,5.57929400006838,0.0779539105863382,0.918571413606713,NA,NA,NA,NA,NA,NA,NA,NA,10.6176040172577
"Fixed mixed-signal hidden-positive design",16,"NNPU_NET","nnPU + Net","not available: official nnPU is a point-estimation classifier; probabilities are plogis(raw score)",0.674616588419405,0.605821596244131,4,0.266666666666667,0.511111111111111,0.439357695094241,4.73359548757373,0.0665403358632225,0.799983019742042,NA,NA,NA,NA,NA,NA,NA,NA,9.52488303184509
"Fixed mixed-signal hidden-positive design",17,"NNPU_NET","nnPU + Net","not available: official nnPU is a point-estimation classifier; probabilities are plogis(raw score)",0.642879499217527,0.68150234741784,4,0.266666666666667,0.466666666666667,0.490048306938144,4.30516322627278,0.0853520337877448,0.87711317406437,NA,NA,NA,NA,NA,NA,NA,NA,8.9931480884552
"Fixed mixed-signal hidden-positive design",18,"NNPU_NET","nnPU + Net","not available: official nnPU is a point-estimation classifier; probabilities are plogis(raw score)",0.638560250391236,0.533333333333333,3,0.2,0.4,0.468271074598212,4.94931643504039,0.0736641594470305,0.891717408689153,NA,NA,NA,NA,NA,NA,NA,NA,11.1002590656281
"Fixed mixed-signal hidden-positive design",19,"NNPU_NET","nnPU + Net","not available: official nnPU is a point-estimation classifier; probabilities are plogis(raw score)",0.601752738654147,0.523004694835681,3,0.2,0.4,0.510325452727497,5.4361049190578,0.0778694882155529,0.87750178820859,NA,NA,NA,NA,NA,NA,NA,NA,9.3636519908905
"Fixed mixed-signal hidden-positive design",20,"NNPU_NET","nnPU + Net","not available: official nnPU is a point-estimation classifier; probabilities are plogis(raw score)",0.675492957746479,0.611830985915493,3,0.2,0.377777777777778,0.452546313954232,5.04138173580782,0.0806139526168837,0.920781189831909,NA,NA,NA,NA,NA,NA,NA,NA,9.64952397346497
"Fixed mixed-signal hidden-positive design",21,"NNPU_NET","nnPU + Net","not available: official nnPU is a point-estimation classifier; probabilities are plogis(raw score)",0.596118935837246,0.655023474178404,2,0.133333333333333,0.355555555555556,0.533680939371166,4.63674011334578,0.086690405259641,0.909763161453164,NA,NA,NA,NA,NA,NA,NA,NA,9.35812902450562
"Fixed mixed-signal hidden-positive design",22,"NNPU_NET","nnPU + Net","not available: official nnPU is a point-estimation classifier; probabilities are plogis(raw score)",0.553552425665102,0.494460093896714,3,0.2,0.4,0.525541557180498,5.37864433648693,0.0757120123777078,0.88408150255568,NA,NA,NA,NA,NA,NA,NA,NA,9.16035985946655
"Fixed mixed-signal hidden-positive design",23,"NNPU_NET","nnPU + Net","not available: official nnPU is a point-estimation classifier; probabilities are plogis(raw score)",0.547042253521127,0.405446009389671,2,0.133333333333333,0.355555555555556,0.534916329094508,5.79800090971026,0.0887449267165136,0.919721530569085,NA,NA,NA,NA,NA,NA,NA,NA,9.13149499893188
"Fixed mixed-signal hidden-positive design",24,"NNPU_NET","nnPU + Net","not available: official nnPU is a point-estimation classifier; probabilities are plogis(raw score)",0.561251956181534,0.44131455399061,3,0.2,0.311111111111111,0.536024245430431,5.83919192263704,0.082886178898506,0.879452106569653,NA,NA,NA,NA,NA,NA,NA,NA,8.99509310722351
"Fixed mixed-signal hidden-positive design",25,"NNPU_NET","nnPU + Net","not available: official nnPU is a point-estimation classifier; probabilities are plogis(raw score)",0.727887323943662,0.748544600938967,1,0.0666666666666667,0.422222222222222,0.416123247288935,3.98565301664434,0.0744942410821926,0.924529845215363,NA,NA,NA,NA,NA,NA,NA,NA,9.53532314300537
"Fixed mixed-signal hidden-positive design",26,"NNPU_NET","nnPU + Net","not available: official nnPU is a point-estimation classifier; probabilities are plogis(raw score)",0.738028169014085,0.603568075117371,3,0.2,0.488888888888889,0.372055667860856,4.68019963158847,0.0702515166732597,0.910421670114774,NA,NA,NA,NA,NA,NA,NA,NA,9.94165897369385
"Fixed mixed-signal hidden-positive design",27,"NNPU_NET","nnPU + Net","not available: official nnPU is a point-estimation classifier; probabilities are plogis(raw score)",0.561752738654147,0.533896713615023,2,0.133333333333333,0.422222222222222,0.54406673247549,5.52642587614469,0.0817676703990526,0.911019844814413,NA,NA,NA,NA,NA,NA,NA,NA,8.88264799118042
"Fixed mixed-signal hidden-positive design",28,"NNPU_NET","nnPU + Net","not available: official nnPU is a point-estimation classifier; probabilities are plogis(raw score)",0.604507042253521,0.708356807511737,1,0.0666666666666667,0.311111111111111,0.516936380397737,4.35134629668234,0.085553332717165,0.95441573200629,NA,NA,NA,NA,NA,NA,NA,NA,10.0321760177612
"Fixed mixed-signal hidden-positive design",29,"NNPU_NET","nnPU + Net","not available: official nnPU is a point-estimation classifier; probabilities are plogis(raw score)",0.493708920187793,0.484507042253521,3,0.2,0.355555555555556,0.600364292618604,5.59544702284623,0.0891018015973173,0.897611036759013,NA,NA,NA,NA,NA,NA,NA,NA,8.95122408866882
"Fixed mixed-signal hidden-positive design",30,"NNPU_NET","nnPU + Net","not available: official nnPU is a point-estimation classifier; probabilities are plogis(raw score)",0.497214397496088,0.421784037558685,1,0.0666666666666667,0.333333333333333,0.630418883907249,6.42284393030041,0.0861023023215206,0.964477127136051,NA,NA,NA,NA,NA,NA,NA,NA,10.3483970165253
"Fixed mixed-signal hidden-positive design",31,"NNPU_NET","nnPU + Net","not available: official nnPU is a point-estimation classifier; probabilities are plogis(raw score)",0.602441314553991,0.475117370892019,1,0.0666666666666667,0.333333333333333,0.510050034774828,5.66899608048666,0.0846405148181666,0.958142304434744,NA,NA,NA,NA,NA,NA,NA,NA,9.28359293937683
"Fixed mixed-signal hidden-positive design",32,"NNPU_NET","nnPU + Net","not available: official nnPU is a point-estimation classifier; probabilities are plogis(raw score)",0.567699530516432,0.379342723004695,1,0.0666666666666667,0.311111111111111,0.560753856189846,6.38264165930991,0.0816077961390722,0.923495221248477,NA,NA,NA,NA,NA,NA,NA,NA,8.97856616973877
"Fixed mixed-signal hidden-positive design",33,"NNPU_NET","nnPU + Net","not available: official nnPU is a point-estimation classifier; probabilities are plogis(raw score)",0.642566510172144,0.541408450704225,2,0.133333333333333,0.444444444444444,0.445100176423508,4.97592391749624,0.0749843854596311,0.921069845096677,NA,NA,NA,NA,NA,NA,NA,NA,9.56087183952332
"Fixed mixed-signal hidden-positive design",34,"NNPU_NET","nnPU + Net","not available: official nnPU is a point-estimation classifier; probabilities are plogis(raw score)",0.479186228482003,0.429107981220657,4,0.266666666666667,0.311111111111111,0.587727996191303,5.60752994470714,0.0926702288128627,0.918918553652006,NA,NA,NA,NA,NA,NA,NA,NA,8.70677018165588
"Fixed mixed-signal hidden-positive design",35,"NNPU_NET","nnPU + Net","not available: official nnPU is a point-estimation classifier; probabilities are plogis(raw score)",0.564444444444444,0.381408450704225,3,0.2,0.377777777777778,0.536708867993563,6.72785031220408,0.077268339480782,0.920817936126949,NA,NA,NA,NA,NA,NA,NA,NA,9.45135688781738
"Fixed mixed-signal hidden-positive design",36,"NNPU_NET","nnPU + Net","not available: official nnPU is a point-estimation classifier; probabilities are plogis(raw score)",0.526009389671361,0.500845070422535,2,0.133333333333333,0.333333333333333,0.566720069876097,5.50218517802589,0.0871084748098208,0.957501860296991,NA,NA,NA,NA,NA,NA,NA,NA,8.87283682823181
"Fixed mixed-signal hidden-positive design",37,"NNPU_NET","nnPU + Net","not available: official nnPU is a point-estimation classifier; probabilities are plogis(raw score)",0.628857589984351,0.596244131455399,2,0.133333333333333,0.444444444444444,0.483955899181963,4.96075403227867,0.0787534555306237,0.927992315350363,NA,NA,NA,NA,NA,NA,NA,NA,10.7808039188385
"Fixed mixed-signal hidden-positive design",38,"NNPU_NET","nnPU + Net","not available: official nnPU is a point-estimation classifier; probabilities are plogis(raw score)",0.704538341158059,0.603004694835681,3,0.2,0.466666666666667,0.372536528806027,4.53575019833648,0.0669040558892637,0.914271711591479,NA,NA,NA,NA,NA,NA,NA,NA,13.6945209503174
"Fixed mixed-signal hidden-positive design",39,"NNPU_NET","nnPU + Net","not available: official nnPU is a point-estimation classifier; probabilities are plogis(raw score)",0.678247261345853,0.665727699530516,6,0.4,0.533333333333333,0.419448347192478,4.3183661535213,0.0665811668052263,0.756378573529781,NA,NA,NA,NA,NA,NA,NA,NA,10.0996518135071
"Fixed mixed-signal hidden-positive design",40,"NNPU_NET","nnPU + Net","not available: official nnPU is a point-estimation classifier; probabilities are plogis(raw score)",0.626353677621283,0.514178403755869,5,0.333333333333333,0.377777777777778,0.495859166608458,5.31504635026709,0.0858407122990577,0.890018391696629,NA,NA,NA,NA,NA,NA,NA,NA,9.01100993156433
"Fixed mixed-signal hidden-positive design",41,"NNPU_NET","nnPU + Net","not available: official nnPU is a point-estimation classifier; probabilities are plogis(raw score)",0.583474178403756,0.357183098591549,2,0.133333333333333,0.422222222222222,0.490612151100853,6.30544506887598,0.0754826337611878,0.949901010530472,NA,NA,NA,NA,NA,NA,NA,NA,9.13488817214966
"Fixed mixed-signal hidden-positive design",42,"NNPU_NET","nnPU + Net","not available: official nnPU is a point-estimation classifier; probabilities are plogis(raw score)",0.659154929577465,0.653333333333333,4,0.266666666666667,0.466666666666667,0.455775144556519,4.87084279173171,0.0760815696037252,0.882090052464199,NA,NA,NA,NA,NA,NA,NA,NA,8.96035289764404
"Fixed mixed-signal hidden-positive design",43,"NNPU_NET","nnPU + Net","not available: official nnPU is a point-estimation classifier; probabilities are plogis(raw score)",0.579154929577465,0.566197183098592,3,0.2,0.311111111111111,0.537059909644497,5.09397834333096,0.0821900329960983,0.860381769501189,NA,NA,NA,NA,NA,NA,NA,NA,9.10774397850037
"Fixed mixed-signal hidden-positive design",44,"NNPU_NET","nnPU + Net","not available: official nnPU is a point-estimation classifier; probabilities are plogis(raw score)",0.551486697965571,0.430610328638498,1,0.0666666666666667,0.355555555555556,0.568158926643772,6.35300652583211,0.0809791475959186,0.963172428100554,NA,NA,NA,NA,NA,NA,NA,NA,9.24806904792786
"Fixed mixed-signal hidden-positive design",45,"NNPU_NET","nnPU + Net","not available: official nnPU is a point-estimation classifier; probabilities are plogis(raw score)",0.538591549295775,0.537276995305164,2,0.133333333333333,0.266666666666667,0.576368499837529,5.29914677590327,0.0959586894342227,0.941273221402964,NA,NA,NA,NA,NA,NA,NA,NA,8.58288288116455
"Fixed mixed-signal hidden-positive design",46,"NNPU_NET","nnPU + Net","not available: official nnPU is a point-estimation classifier; probabilities are plogis(raw score)",0.552550860719875,0.498215962441315,3,0.2,0.333333333333333,0.55206251334789,5.451994837984,0.0875813094103843,0.895609170653527,NA,NA,NA,NA,NA,NA,NA,NA,9.0322630405426
"Fixed mixed-signal hidden-positive design",47,"NNPU_NET","nnPU + Net","not available: official nnPU is a point-estimation classifier; probabilities are plogis(raw score)",0.528888888888889,0.417840375586854,2,0.133333333333333,0.377777777777778,0.548747377472175,6.20668313827078,0.0817117178182549,0.917624504584363,NA,NA,NA,NA,NA,NA,NA,NA,9.22692012786865
"Fixed mixed-signal hidden-positive design",48,"NNPU_NET","nnPU + Net","not available: official nnPU is a point-estimation classifier; probabilities are plogis(raw score)",0.550359937402191,0.458215962441315,3,0.2,0.355555555555556,0.553448082840265,5.61552745194173,0.0813321548997388,0.843416441308379,NA,NA,NA,NA,NA,NA,NA,NA,9.17602705955505
"Fixed mixed-signal hidden-positive design",49,"NNPU_NET","nnPU + Net","not available: official nnPU is a point-estimation classifier; probabilities are plogis(raw score)",0.558059467918623,0.463474178403756,1,0.0666666666666667,0.244444444444444,0.529219071880322,5.28146433067676,0.0927254847633862,0.948847557276951,NA,NA,NA,NA,NA,NA,NA,NA,8.58980107307434
"Fixed mixed-signal hidden-positive design",50,"NNPU_NET","nnPU + Net","not available: official nnPU is a point-estimation classifier; probabilities are plogis(raw score)",0.48056338028169,0.347605633802817,0,0,0.222222222222222,0.576831999608029,6.14921742479925,0.0932326886088394,0.984673424419292,NA,NA,NA,NA,NA,NA,NA,NA,8.87366795539856
"Fixed mixed-signal hidden-positive design",51,"NNPU_NET","nnPU + Net","not available: official nnPU is a point-estimation classifier; probabilities are plogis(raw score)",0.575586854460094,0.565633802816901,2,0.133333333333333,0.311111111111111,0.549615997215041,5.48919268477245,0.0929404747248815,0.947625077212439,NA,NA,NA,NA,NA,NA,NA,NA,9.17596697807312
"Fixed mixed-signal hidden-positive design",52,"NNPU_NET","nnPU + Net","not available: official nnPU is a point-estimation classifier; probabilities are plogis(raw score)",0.626291079812207,0.497089201877934,4,0.266666666666667,0.4,0.476767929230038,5.30734568119267,0.0805604752335028,0.93130430160794,NA,NA,NA,NA,NA,NA,NA,NA,9.25732207298279
"Fixed mixed-signal hidden-positive design",53,"NNPU_NET","nnPU + Net","not available: official nnPU is a point-estimation classifier; probabilities are plogis(raw score)",0.467480438184664,0.435117370892019,1,0.0666666666666667,0.266666666666667,0.597755154201359,5.81817776313822,0.0932253280694292,0.973989370997798,NA,NA,NA,NA,NA,NA,NA,NA,8.97759199142456
"Fixed mixed-signal hidden-positive design",54,"NNPU_NET","nnPU + Net","not available: official nnPU is a point-estimation classifier; probabilities are plogis(raw score)",0.663849765258216,0.591173708920188,3,0.2,0.4,0.463438872764169,4.75900899998452,0.0822723173673423,0.909961188551967,NA,NA,NA,NA,NA,NA,NA,NA,11.4086489677429
"Fixed mixed-signal hidden-positive design",55,"NNPU_NET","nnPU + Net","not available: official nnPU is a point-estimation classifier; probabilities are plogis(raw score)",0.656275430359937,0.586854460093897,4,0.266666666666667,0.4,0.457201381041776,4.6321860874434,0.0839589927017685,0.877505220568596,NA,NA,NA,NA,NA,NA,NA,NA,9.40131402015686
"Fixed mixed-signal hidden-positive design",56,"NNPU_NET","nnPU + Net","not available: official nnPU is a point-estimation classifier; probabilities are plogis(raw score)",0.689640062597809,0.699154929577465,1,0.0666666666666667,0.377777777777778,0.434758234287004,4.31534922226882,0.0792479764913145,0.956186704726875,NA,NA,NA,NA,NA,NA,NA,NA,10.6886150836945
"Fixed mixed-signal hidden-positive design",57,"NNPU_NET","nnPU + Net","not available: official nnPU is a point-estimation classifier; probabilities are plogis(raw score)",0.54679186228482,0.493333333333333,2,0.133333333333333,0.288888888888889,0.523614263767955,5.17710951955463,0.0894147603698527,0.941968368194343,NA,NA,NA,NA,NA,NA,NA,NA,9.84121203422546
"Fixed mixed-signal hidden-positive design",58,"NNPU_NET","nnPU + Net","not available: official nnPU is a point-estimation classifier; probabilities are plogis(raw score)",0.483004694835681,0.534460093896714,5,0.333333333333333,0.333333333333333,0.605591313633014,5.27402474863093,0.0886366056708699,0.87289502902344,NA,NA,NA,NA,NA,NA,NA,NA,9.39505100250244
"Fixed mixed-signal hidden-positive design",59,"NNPU_NET","nnPU + Net","not available: official nnPU is a point-estimation classifier; probabilities are plogis(raw score)",0.621533646322379,0.510422535211268,2,0.133333333333333,0.422222222222222,0.499166288505673,5.73972067695054,0.0821416982418279,0.940615019737142,NA,NA,NA,NA,NA,NA,NA,NA,9.14541506767273
"Fixed mixed-signal hidden-positive design",60,"NNPU_NET","nnPU + Net","not available: official nnPU is a point-estimation classifier; probabilities are plogis(raw score)",0.549045383411581,0.469671361502347,3,0.2,0.4,0.557927607857102,6.07634772146441,0.0843349721007947,0.944915689807959,NA,NA,NA,NA,NA,NA,NA,NA,9.52908992767334
"Fixed mixed-signal hidden-positive design",61,"NNPU_NET","nnPU + Net","not available: official nnPU is a point-estimation classifier; probabilities are plogis(raw score)",0.518435054773083,0.425915492957746,3,0.2,0.355555555555556,0.572858713516303,5.77189726276933,0.0795705362220355,0.880184884449763,NA,NA,NA,NA,NA,NA,NA,NA,9.28402805328369
"Fixed mixed-signal hidden-positive design",62,"NNPU_NET","nnPU + Net","not available: official nnPU is a point-estimation classifier; probabilities are plogis(raw score)",0.575774647887324,0.493333333333333,2,0.133333333333333,0.333333333333333,0.552809984370687,5.79674500988494,0.0876524547153812,0.94248948914608,NA,NA,NA,NA,NA,NA,NA,NA,9.23039293289185
"Fixed mixed-signal hidden-positive design",63,"NNPU_NET","nnPU + Net","not available: official nnPU is a point-estimation classifier; probabilities are plogis(raw score)",0.581596244131455,0.518122065727699,4,0.266666666666667,0.333333333333333,0.557845487762013,5.52094936910606,0.0798280923860362,0.81902407876372,NA,NA,NA,NA,NA,NA,NA,NA,9.01174807548523
"Fixed mixed-signal hidden-positive design",64,"NNPU_NET","nnPU + Net","not available: official nnPU is a point-estimation classifier; probabilities are plogis(raw score)",0.698528951486698,0.614272300469484,3,0.2,0.4,0.420125926904525,4.66141219885859,0.076533488301824,0.933883278127484,NA,NA,NA,NA,NA,NA,NA,NA,9.92145586013794
"Fixed mixed-signal hidden-positive design",65,"NNPU_NET","nnPU + Net","not available: official nnPU is a point-estimation classifier; probabilities are plogis(raw score)",0.577589984350548,0.630798122065728,3,0.2,0.355555555555556,0.548517799995877,4.75139554839277,0.0899125783441421,0.933515617839232,NA,NA,NA,NA,NA,NA,NA,NA,9.87515711784363
"Fixed mixed-signal hidden-positive design",66,"NNPU_NET","nnPU + Net","not available: official nnPU is a point-estimation classifier; probabilities are plogis(raw score)",0.521627543035994,0.43906103286385,3,0.2,0.4,0.568556010263817,5.75906596740218,0.0807758051281806,0.859619438137904,NA,NA,NA,NA,NA,NA,NA,NA,9.07486605644226
"Fixed mixed-signal hidden-positive design",67,"NNPU_NET","nnPU + Net","not available: official nnPU is a point-estimation classifier; probabilities are plogis(raw score)",0.595430359937402,0.540469483568075,1,0.0666666666666667,0.311111111111111,0.523159247830948,5.27528464856621,0.0864429594514264,0.942547244720726,NA,NA,NA,NA,NA,NA,NA,NA,8.93277883529663
"Fixed mixed-signal hidden-positive design",68,"NNPU_NET","nnPU + Net","not available: official nnPU is a point-estimation classifier; probabilities are plogis(raw score)",0.604068857589984,0.60131455399061,6,0.4,0.444444444444444,0.519871670898055,4.92360677991618,0.0806505204580425,0.807158465041716,NA,NA,NA,NA,NA,NA,NA,NA,9.31899690628052
"Fixed mixed-signal hidden-positive design",69,"NNPU_NET","nnPU + Net","not available: official nnPU is a point-estimation classifier; probabilities are plogis(raw score)",0.476118935837246,0.473615023474178,3,0.2,0.288888888888889,0.585622983832064,5.40664910328229,0.0937961446688449,0.968196402777361,NA,NA,NA,NA,NA,NA,NA,NA,8.87933111190796
"Fixed mixed-signal hidden-positive design",70,"NNPU_NET","nnPU + Net","not available: official nnPU is a point-estimation classifier; probabilities are plogis(raw score)",0.669733959311424,0.584037558685446,1,0.0666666666666667,0.377777777777778,0.458681461126407,5.09918553012031,0.0820789040411899,0.959802497937219,NA,NA,NA,NA,NA,NA,NA,NA,9.89846301078796
"Fixed mixed-signal hidden-positive design",71,"NNPU_NET","nnPU + Net","not available: official nnPU is a point-estimation classifier; probabilities are plogis(raw score)",0.602253521126761,0.533708920187793,2,0.133333333333333,0.422222222222222,0.50801964020594,5.41719786626312,0.0772599704815444,0.879194943360559,NA,NA,NA,NA,NA,NA,NA,NA,9.74211001396179
"Fixed mixed-signal hidden-positive design",72,"NNPU_NET","nnPU + Net","not available: official nnPU is a point-estimation classifier; probabilities are plogis(raw score)",0.496150234741784,0.488075117370892,2,0.133333333333333,0.288888888888889,0.578429275306647,5.31275778355358,0.0934475204433921,0.945348416832821,NA,NA,NA,NA,NA,NA,NA,NA,9.1334400177002
"Fixed mixed-signal hidden-positive design",73,"NNPU_NET","nnPU + Net","not available: official nnPU is a point-estimation classifier; probabilities are plogis(raw score)",0.552050078247261,0.552863849765258,2,0.133333333333333,0.355555555555556,0.546295120421058,5.34041179478739,0.0888597209425904,0.920301019077781,NA,NA,NA,NA,NA,NA,NA,NA,9.56001210212708
"Fixed mixed-signal hidden-positive design",74,"NNPU_NET","nnPU + Net","not available: official nnPU is a point-estimation classifier; probabilities are plogis(raw score)",0.792801251956182,0.712863849765258,3,0.2,0.533333333333333,0.31489623306765,3.87076679464795,0.0630658392054894,0.863883090508028,NA,NA,NA,NA,NA,NA,NA,NA,11.0136568546295
"Fixed mixed-signal hidden-positive design",75,"NNPU_NET","nnPU + Net","not available: official nnPU is a point-estimation classifier; probabilities are plogis(raw score)",0.580532081377152,0.557370892018779,3,0.2,0.355555555555556,0.580495233004521,5.45281525428395,0.0814781820776057,0.888707299480282,NA,NA,NA,NA,NA,NA,NA,NA,9.33699488639832
"Fixed mixed-signal hidden-positive design",76,"NNPU_NET","nnPU + Net","not available: official nnPU is a point-estimation classifier; probabilities are plogis(raw score)",0.557809076682316,0.475868544600939,3,0.2,0.355555555555556,0.5412959260772,5.66185041458619,0.0854633186120537,0.895338691833267,NA,NA,NA,NA,NA,NA,NA,NA,9.1515839099884
"Fixed mixed-signal hidden-positive design",77,"NNPU_NET","nnPU + Net","not available: official nnPU is a point-estimation classifier; probabilities are plogis(raw score)",0.61226917057903,0.633990610328638,4,0.266666666666667,0.377777777777778,0.52408458469231,4.71392399349055,0.083833578411881,0.874946632278213,NA,NA,NA,NA,NA,NA,NA,NA,9.79367613792419
"Fixed mixed-signal hidden-positive design",78,"NNPU_NET","nnPU + Net","not available: official nnPU is a point-estimation classifier; probabilities are plogis(raw score)",0.732582159624413,0.570516431924883,2,0.133333333333333,0.488888888888889,0.36262971298802,4.71078747466565,0.0668296167549639,0.907482359987751,NA,NA,NA,NA,NA,NA,NA,NA,9.73789310455322
"Fixed mixed-signal hidden-positive design",79,"NNPU_NET","nnPU + Net","not available: official nnPU is a point-estimation classifier; probabilities are plogis(raw score)",0.596807511737089,0.565258215962441,2,0.133333333333333,0.311111111111111,0.507996152498322,5.07125410478797,0.0884387858486412,0.94387502235176,NA,NA,NA,NA,NA,NA,NA,NA,9.50348615646362
"Fixed mixed-signal hidden-positive design",80,"NNPU_NET","nnPU + Net","not available: official nnPU is a point-estimation classifier; probabilities are plogis(raw score)",0.519749608763693,0.48056338028169,3,0.2,0.333333333333333,0.605114457586655,6.18558563741762,0.081344498818727,0.895064293048629,NA,NA,NA,NA,NA,NA,NA,NA,9.56200385093689
"Fixed mixed-signal hidden-positive design",81,"NNPU_NET","nnPU + Net","not available: official nnPU is a point-estimation classifier; probabilities are plogis(raw score)",0.546103286384977,0.51830985915493,3,0.2,0.355555555555556,0.593500063970902,5.77976268616721,0.0840394237821331,0.907605563431831,NA,NA,NA,NA,NA,NA,NA,NA,8.91561007499695
"Fixed mixed-signal hidden-positive design",82,"NNPU_NET","nnPU + Net","not available: official nnPU is a point-estimation classifier; probabilities are plogis(raw score)",0.548043818466354,0.434553990610329,2,0.133333333333333,0.355555555555556,0.54163958122529,5.7142639087485,0.0878809779526767,0.927203540161076,NA,NA,NA,NA,NA,NA,NA,NA,9.30253911018372
"Fixed mixed-signal hidden-positive design",83,"NNPU_NET","nnPU + Net","not available: official nnPU is a point-estimation classifier; probabilities are plogis(raw score)",0.611956181533646,0.48150234741784,3,0.2,0.444444444444444,0.45798740251722,5.44157852796819,0.0708116986748505,0.895392242643385,NA,NA,NA,NA,NA,NA,NA,NA,9.88070511817932
"Fixed mixed-signal hidden-positive design",84,"NNPU_NET","nnPU + Net","not available: official nnPU is a point-estimation classifier; probabilities are plogis(raw score)",0.56150234741784,0.529953051643193,4,0.266666666666667,0.311111111111111,0.535467915450043,5.29661100451022,0.0896634287115318,0.940196131509037,NA,NA,NA,NA,NA,NA,NA,NA,9.58541798591614
"Fixed mixed-signal hidden-positive design",85,"NNPU_NET","nnPU + Net","not available: official nnPU is a point-estimation classifier; probabilities are plogis(raw score)",0.522065727699531,0.540281690140845,2,0.133333333333333,0.288888888888889,0.593460448303319,5.49641635823004,0.0920597889395037,0.929732778416708,NA,NA,NA,NA,NA,NA,NA,NA,9.08513116836548
"Fixed mixed-signal hidden-positive design",86,"NNPU_NET","nnPU + Net","not available: official nnPU is a point-estimation classifier; probabilities are plogis(raw score)",0.613082942097027,0.627981220657277,6,0.4,0.422222222222222,0.490019863015888,4.44330153960371,0.0829133438879327,0.845140255407497,NA,NA,NA,NA,NA,NA,NA,NA,9.53806710243225
"Fixed mixed-signal hidden-positive design",87,"NNPU_NET","nnPU + Net","not available: official nnPU is a point-estimation classifier; probabilities are plogis(raw score)",0.504100156494523,0.36,3,0.2,0.355555555555556,0.600955120423478,6.53650672503179,0.0835872337075645,0.927988714629104,NA,NA,NA,NA,NA,NA,NA,NA,9.34518098831177
"Fixed mixed-signal hidden-positive design",88,"NNPU_NET","nnPU + Net","not available: official nnPU is a point-estimation classifier; probabilities are plogis(raw score)",0.853708920187793,0.735399061032864,3,0.2,0.577777777777778,0.250814579416032,3.67718594640139,0.0549972003129716,0.866921887902448,NA,NA,NA,NA,NA,NA,NA,NA,10.0390589237213
"Fixed mixed-signal hidden-positive design",89,"NNPU_NET","nnPU + Net","not available: official nnPU is a point-estimation classifier; probabilities are plogis(raw score)",0.606697965571205,0.626291079812207,3,0.2,0.422222222222222,0.523322215137713,4.72307202785613,0.0750877248155516,0.846301778458082,NA,NA,NA,NA,NA,NA,NA,NA,9.65765786170959
"Fixed mixed-signal hidden-positive design",90,"NNPU_NET","nnPU + Net","not available: official nnPU is a point-estimation classifier; probabilities are plogis(raw score)",0.625602503912363,0.575586854460094,3,0.2,0.355555555555556,0.501460680437966,5.00351642844511,0.0843849665467914,0.894235852977492,NA,NA,NA,NA,NA,NA,NA,NA,9.4782829284668
"Fixed mixed-signal hidden-positive design",91,"NNPU_NET","nnPU + Net","not available: official nnPU is a point-estimation classifier; probabilities are plogis(raw score)",0.538215962441315,0.493145539906103,1,0.0666666666666667,0.333333333333333,0.578427763137282,5.79085016993441,0.0900145757160122,0.959811824397648,NA,NA,NA,NA,NA,NA,NA,NA,9.54945397377014
"Fixed mixed-signal hidden-positive design",92,"NNPU_NET","nnPU + Net","not available: official nnPU is a point-estimation classifier; probabilities are plogis(raw score)",0.594929577464789,0.530516431924883,3,0.2,0.333333333333333,0.521887780835162,5.45489934450751,0.0868220041329132,0.90296061723309,NA,NA,NA,NA,NA,NA,NA,NA,9.40029907226562
"Fixed mixed-signal hidden-positive design",93,"NNPU_NET","nnPU + Net","not available: official nnPU is a point-estimation classifier; probabilities are plogis(raw score)",0.620281690140845,0.507981220657277,2,0.133333333333333,0.377777777777778,0.490437546378241,5.05801889425432,0.0777398853547244,0.91632323304277,NA,NA,NA,NA,NA,NA,NA,NA,9.23900079727173
"Fixed mixed-signal hidden-positive design",94,"NNPU_NET","nnPU + Net","not available: official nnPU is a point-estimation classifier; probabilities are plogis(raw score)",0.525571205007825,0.374835680751174,3,0.2,0.377777777777778,0.584045984911178,6.63753401554316,0.076768128510553,0.889839852459351,NA,NA,NA,NA,NA,NA,NA,NA,9.39068913459778
"Fixed mixed-signal hidden-positive design",95,"NNPU_NET","nnPU + Net","not available: official nnPU is a point-estimation classifier; probabilities are plogis(raw score)",0.55981220657277,0.555868544600939,3,0.2,0.333333333333333,0.548493233898745,5.01789689850291,0.0909640429578713,0.950347039977522,NA,NA,NA,NA,NA,NA,NA,NA,8.87445402145386
"Fixed mixed-signal hidden-positive design",96,"NNPU_NET","nnPU + Net","not available: official nnPU is a point-estimation classifier; probabilities are plogis(raw score)",0.774835680751174,0.689014084507042,4,0.266666666666667,0.555555555555556,0.305321171404923,3.83073579406229,0.0599914048571306,0.886710817741436,NA,NA,NA,NA,NA,NA,NA,NA,11.1089699268341
"Fixed mixed-signal hidden-positive design",97,"NNPU_NET","nnPU + Net","not available: official nnPU is a point-estimation classifier; probabilities are plogis(raw score)",0.913990610328638,0.756431924882629,4,0.266666666666667,0.733333333333333,0.172207996246328,3.13325212013816,0.0406963896021463,0.809430352925973,NA,NA,NA,NA,NA,NA,NA,NA,11.2061219215393
"Fixed mixed-signal hidden-positive design",98,"NNPU_NET","nnPU + Net","not available: official nnPU is a point-estimation classifier; probabilities are plogis(raw score)",0.658591549295775,0.614835680751174,4,0.266666666666667,0.4,0.45345385954688,4.41828683059904,0.0789465560015672,0.786727268405456,NA,NA,NA,NA,NA,NA,NA,NA,9.46044492721558
"Fixed mixed-signal hidden-positive design",99,"NNPU_NET","nnPU + Net","not available: official nnPU is a point-estimation classifier; probabilities are plogis(raw score)",0.537652582159624,0.562816901408451,4,0.266666666666667,0.355555555555556,0.538390196686138,5.09583115394409,0.0817242693263772,0.873242559329696,NA,NA,NA,NA,NA,NA,NA,NA,9.23023200035095
"Fixed mixed-signal hidden-positive design",100,"NNPU_NET","nnPU + Net","not available: official nnPU is a point-estimation classifier; probabilities are plogis(raw score)",0.648763693270736,0.660093896713615,5,0.333333333333333,0.488888888888889,0.458082510019456,4.47041454439508,0.0748764452226926,0.86758406615793,NA,NA,NA,NA,NA,NA,NA,NA,10.7235550880432
