"model_id","method","active_experts","use_PU_likelihood","node","T","Y","node_group","posterior_predictive_mean","HPD80_lower","HPD80_upper","HPD80_width","latent_probability_mean","latent_HPD80_lower","latent_HPD80_upper","latent_HPD80_width","observed_probability_mean","observed_HPD80_lower","observed_HPD80_upper","observed_HPD80_width","conditional_T_probability_mean","conditional_T_HPD80_lower","conditional_T_HPD80_upper","conditional_T_HPD80_width"
"GP_COV","GP-Cov","cov",FALSE,1,0,0,"true zero",0.0380498288815216,4.5960834175602e-07,0.0506192624606448,0.050618802852303,0.0380498288815216,4.5960834175602e-07,0.0506192624606448,0.050618802852303,0.0380498288815216,4.5960834175602e-07,0.0506192624606448,0.050618802852303,0.0380498288815216,4.5960834175602e-07,0.0506192624606448,0.050618802852303
"GP_COV","GP-Cov","cov",FALSE,2,0,0,"true zero",0.138007393547201,5.78939335867999e-06,0.227929283077892,0.227923493684534,0.138007393547201,5.78939335867999e-06,0.227929283077892,0.227923493684534,0.138007393547201,5.78939335867999e-06,0.227929283077892,0.227923493684534,0.138007393547201,5.78939335867999e-06,0.227929283077892,0.227923493684534
"GP_COV","GP-Cov","cov",FALSE,3,0,0,"true zero",0.124160245720056,1.04873010239597e-05,0.208502554130448,0.208492066829424,0.124160245720056,1.04873010239597e-05,0.208502554130448,0.208492066829424,0.124160245720056,1.04873010239597e-05,0.208502554130448,0.208492066829424,0.124160245720056,1.04873010239597e-05,0.208502554130448,0.208492066829424
"GP_COV","GP-Cov","cov",FALSE,4,0,0,"true zero",0.052044692415966,1.45410608628949e-06,0.071464025713431,0.0714625716073447,0.052044692415966,1.45410608628949e-06,0.071464025713431,0.0714625716073447,0.052044692415966,1.45410608628949e-06,0.071464025713431,0.0714625716073447,0.052044692415966,1.45410608628949e-06,0.071464025713431,0.0714625716073447
"GP_COV","GP-Cov","cov",FALSE,5,0,0,"true zero",0.0403967175534209,5.90660603858807e-07,0.0582576574723429,0.0582570668117391,0.0403967175534209,5.90660603858807e-07,0.0582576574723429,0.0582570668117391,0.0403967175534209,5.90660603858807e-07,0.0582576574723429,0.0582570668117391,0.0403967175534209,5.90660603858807e-07,0.0582576574723429,0.0582570668117391
"GP_COV","GP-Cov","cov",FALSE,6,0,0,"true zero",0.285629121226272,0.000550373180901326,0.485199266002152,0.484648892821251,0.285629121226272,0.000550373180901326,0.485199266002152,0.484648892821251,0.285629121226272,0.000550373180901326,0.485199266002152,0.484648892821251,0.285629121226272,0.000550373180901326,0.485199266002152,0.484648892821251
"GP_COV","GP-Cov","cov",FALSE,7,0,0,"true zero",0.164429146724761,3.36617982816865e-06,0.281567412759412,0.281564046579584,0.164429146724761,3.36617982816865e-06,0.281567412759412,0.281564046579584,0.164429146724761,3.36617982816865e-06,0.281567412759412,0.281564046579584,0.164429146724761,3.36617982816865e-06,0.281567412759412,0.281564046579584
"GP_COV","GP-Cov","cov",FALSE,8,0,0,"true zero",0.0440474966399168,1.02429561491708e-06,0.0652330400573406,0.0652320157617257,0.0440474966399168,1.02429561491708e-06,0.0652330400573406,0.0652320157617257,0.0440474966399168,1.02429561491708e-06,0.0652330400573406,0.0652320157617257,0.0440474966399168,1.02429561491708e-06,0.0652330400573406,0.0652320157617257
"GP_COV","GP-Cov","cov",FALSE,9,0,0,"true zero",0.0502509619692123,3.52060783238701e-07,0.0702263064953557,0.0702259544345725,0.0502509619692123,3.52060783238701e-07,0.0702263064953557,0.0702259544345725,0.0502509619692123,3.52060783238701e-07,0.0702263064953557,0.0702259544345725,0.0502509619692123,3.52060783238701e-07,0.0702263064953557,0.0702259544345725
"GP_COV","GP-Cov","cov",FALSE,10,0,0,"true zero",0.0132885254251336,1.58003457860417e-08,0.0136824068453983,0.0136823910450525,0.0132885254251336,1.58003457860417e-08,0.0136824068453983,0.0136823910450525,0.0132885254251336,1.58003457860417e-08,0.0136824068453983,0.0136823910450525,0.0132885254251336,1.58003457860417e-08,0.0136824068453983,0.0136823910450525
"GP_COV","GP-Cov","cov",FALSE,11,0,0,"true zero",0.137420954900583,0.000302147143317075,0.220745126628561,0.220442979485244,0.137420954900583,0.000302147143317075,0.220745126628561,0.220442979485244,0.137420954900583,0.000302147143317075,0.220745126628561,0.220442979485244,0.137420954900583,0.000302147143317075,0.220745126628561,0.220442979485244
"GP_COV","GP-Cov","cov",FALSE,12,0,0,"true zero",0.0620492357477883,1.36940302497961e-06,0.0917626478495761,0.0917612784465512,0.0620492357477883,1.36940302497961e-06,0.0917626478495761,0.0917612784465512,0.0620492357477883,1.36940302497961e-06,0.0917626478495761,0.0917612784465512,0.0620492357477883,1.36940302497961e-06,0.0917626478495761,0.0917612784465512
"GP_COV","GP-Cov","cov",FALSE,13,0,0,"true zero",0.0675200224597746,3.19359263115869e-07,0.0998634334866133,0.0998631141273502,0.0675200224597746,3.19359263115869e-07,0.0998634334866133,0.0998631141273502,0.0675200224597746,3.19359263115869e-07,0.0998634334866133,0.0998631141273502,0.0675200224597746,3.19359263115869e-07,0.0998634334866133,0.0998631141273502
"GP_COV","GP-Cov","cov",FALSE,14,0,0,"true zero",0.0123673345417994,4.36459001849527e-09,0.0100602920048783,0.0100602876402883,0.0123673345417994,4.36459001849527e-09,0.0100602920048783,0.0100602876402883,0.0123673345417994,4.36459001849527e-09,0.0100602920048783,0.0100602876402883,0.0123673345417994,4.36459001849527e-09,0.0100602920048783,0.0100602876402883
"GP_COV","GP-Cov","cov",FALSE,15,0,0,"true zero",0.222202220141988,3.38614816658307e-07,0.405546129446532,0.405545790831716,0.222202220141988,3.38614816658307e-07,0.405546129446532,0.405545790831716,0.222202220141988,3.38614816658307e-07,0.405546129446532,0.405545790831716,0.222202220141988,3.38614816658307e-07,0.405546129446532,0.405545790831716
"GP_COV","GP-Cov","cov",FALSE,16,0,0,"true zero",0.0371564597182937,6.74774006427897e-07,0.0530491214044093,0.0530484466304029,0.0371564597182937,6.74774006427897e-07,0.0530491214044093,0.0530484466304029,0.0371564597182937,6.74774006427897e-07,0.0530491214044093,0.0530484466304029,0.0371564597182937,6.74774006427897e-07,0.0530491214044093,0.0530484466304029
"GP_COV","GP-Cov","cov",FALSE,17,0,0,"true zero",0.0166207416902458,4.5787376548934e-09,0.0201020806888658,0.0201020761101282,0.0166207416902458,4.5787376548934e-09,0.0201020806888658,0.0201020761101282,0.0166207416902458,4.5787376548934e-09,0.0201020806888658,0.0201020761101282,0.0166207416902458,4.5787376548934e-09,0.0201020806888658,0.0201020761101282
"GP_COV","GP-Cov","cov",FALSE,18,0,0,"true zero",0.0560251495869107,1.37026140231286e-07,0.0808169115353826,0.0808167745092424,0.0560251495869107,1.37026140231286e-07,0.0808169115353826,0.0808167745092424,0.0560251495869107,1.37026140231286e-07,0.0808169115353826,0.0808167745092424,0.0560251495869107,1.37026140231286e-07,0.0808169115353826,0.0808167745092424
"GP_COV","GP-Cov","cov",FALSE,19,0,0,"true zero",0.0496158818790695,8.00456261745959e-07,0.0664980623748402,0.0664972619185785,0.0496158818790695,8.00456261745959e-07,0.0664980623748402,0.0664972619185785,0.0496158818790695,8.00456261745959e-07,0.0664980623748402,0.0664972619185785,0.0496158818790695,8.00456261745959e-07,0.0664980623748402,0.0664972619185785
"GP_COV","GP-Cov","cov",FALSE,20,0,0,"true zero",0.00387379950611304,6.81753603458046e-09,0.00390733446808274,0.0039073276505467,0.00387379950611304,6.81753603458046e-09,0.00390733446808274,0.0039073276505467,0.00387379950611304,6.81753603458046e-09,0.00390733446808274,0.0039073276505467,0.00387379950611304,6.81753603458046e-09,0.00390733446808274,0.0039073276505467
"GP_COV","GP-Cov","cov",FALSE,21,0,0,"true zero",0.0142622629274615,1.08167061955911e-09,0.0177259769155206,0.01772597583385,0.0142622629274615,1.08167061955911e-09,0.0177259769155206,0.01772597583385,0.0142622629274615,1.08167061955911e-09,0.0177259769155206,0.01772597583385,0.0142622629274615,1.08167061955911e-09,0.0177259769155206,0.01772597583385
"GP_COV","GP-Cov","cov",FALSE,22,0,0,"true zero",0.0933866820159146,8.32715030270441e-07,0.154034806476072,0.154033973761042,0.0933866820159146,8.32715030270441e-07,0.154034806476072,0.154033973761042,0.0933866820159146,8.32715030270441e-07,0.154034806476072,0.154033973761042,0.0933866820159146,8.32715030270441e-07,0.154034806476072,0.154033973761042
"GP_COV","GP-Cov","cov",FALSE,23,0,0,"true zero",0.0594206869992793,5.02888806386165e-06,0.090949592090347,0.0909445632022832,0.0594206869992793,5.02888806386165e-06,0.090949592090347,0.0909445632022832,0.0594206869992793,5.02888806386165e-06,0.090949592090347,0.0909445632022832,0.0594206869992793,5.02888806386165e-06,0.090949592090347,0.0909445632022832
"GP_COV","GP-Cov","cov",FALSE,24,0,0,"true zero",0.0173934848963058,3.27844192831921e-10,0.0189054904583171,0.0189054901304729,0.0173934848963058,3.27844192831921e-10,0.0189054904583171,0.0189054901304729,0.0173934848963058,3.27844192831921e-10,0.0189054904583171,0.0189054901304729,0.0173934848963058,3.27844192831921e-10,0.0189054904583171,0.0189054901304729
"GP_COV","GP-Cov","cov",FALSE,25,0,0,"true zero",0.0583040296421264,6.25144214467955e-07,0.0836034898435214,0.0836028646993069,0.0583040296421264,6.25144214467955e-07,0.0836034898435214,0.0836028646993069,0.0583040296421264,6.25144214467955e-07,0.0836034898435214,0.0836028646993069,0.0583040296421264,6.25144214467955e-07,0.0836034898435214,0.0836028646993069
"GP_COV","GP-Cov","cov",FALSE,26,0,0,"true zero",0.0873306271743674,3.94267946500723e-07,0.137836373346032,0.137835979078086,0.0873306271743674,3.94267946500723e-07,0.137836373346032,0.137835979078086,0.0873306271743674,3.94267946500723e-07,0.137836373346032,0.137835979078086,0.0873306271743674,3.94267946500723e-07,0.137836373346032,0.137835979078086
"GP_COV","GP-Cov","cov",FALSE,27,0,0,"true zero",0.286335153133701,0.000185084202467753,0.486485394913689,0.486300310711221,0.286335153133701,0.000185084202467753,0.486485394913689,0.486300310711221,0.286335153133701,0.000185084202467753,0.486485394913689,0.486300310711221,0.286335153133701,0.000185084202467753,0.486485394913689,0.486300310711221
"GP_COV","GP-Cov","cov",FALSE,28,0,0,"true zero",0.0211604938798653,4.50725701259508e-10,0.0206973615570427,0.020697361106317,0.0211604938798653,4.50725701259508e-10,0.0206973615570427,0.020697361106317,0.0211604938798653,4.50725701259508e-10,0.0206973615570427,0.020697361106317,0.0211604938798653,4.50725701259508e-10,0.0206973615570427,0.020697361106317
"GP_COV","GP-Cov","cov",FALSE,29,0,0,"true zero",0.0428933054811638,1.35886399020242e-06,0.064337094718005,0.0643357358540148,0.0428933054811638,1.35886399020242e-06,0.064337094718005,0.0643357358540148,0.0428933054811638,1.35886399020242e-06,0.064337094718005,0.0643357358540148,0.0428933054811638,1.35886399020242e-06,0.064337094718005,0.0643357358540148
"GP_COV","GP-Cov","cov",FALSE,30,0,0,"true zero",0.0878995472397475,1.34277001169802e-06,0.133818413939231,0.13381707116922,0.0878995472397475,1.34277001169802e-06,0.133818413939231,0.13381707116922,0.0878995472397475,1.34277001169802e-06,0.133818413939231,0.13381707116922,0.0878995472397475,1.34277001169802e-06,0.133818413939231,0.13381707116922
"GP_COV","GP-Cov","cov",FALSE,31,0,0,"true zero",0.0143561314478755,2.89917708369266e-07,0.0172493218117373,0.0172490318940289,0.0143561314478755,2.89917708369266e-07,0.0172493218117373,0.0172490318940289,0.0143561314478755,2.89917708369266e-07,0.0172493218117373,0.0172490318940289,0.0143561314478755,2.89917708369266e-07,0.0172493218117373,0.0172490318940289
"GP_COV","GP-Cov","cov",FALSE,32,0,0,"true zero",0.0487666186065672,3.79336894984345e-07,0.0605838139462287,0.0605834346093337,0.0487666186065672,3.79336894984345e-07,0.0605838139462287,0.0605834346093337,0.0487666186065672,3.79336894984345e-07,0.0605838139462287,0.0605834346093337,0.0487666186065672,3.79336894984345e-07,0.0605838139462287,0.0605834346093337
"GP_COV","GP-Cov","cov",FALSE,33,0,0,"true zero",0.0127377485710048,8.22805238487498e-10,0.0108584022797867,0.0108584014569815,0.0127377485710048,8.22805238487498e-10,0.0108584022797867,0.0108584014569815,0.0127377485710048,8.22805238487498e-10,0.0108584022797867,0.0108584014569815,0.0127377485710048,8.22805238487498e-10,0.0108584022797867,0.0108584014569815
"GP_COV","GP-Cov","cov",FALSE,34,0,0,"true zero",0.00672794729560436,1.02272157339127e-08,0.00735334713365884,0.0073533369064431,0.00672794729560436,1.02272157339127e-08,0.00735334713365884,0.0073533369064431,0.00672794729560436,1.02272157339127e-08,0.00735334713365884,0.0073533369064431,0.00672794729560436,1.02272157339127e-08,0.00735334713365884,0.0073533369064431
"GP_COV","GP-Cov","cov",FALSE,35,0,0,"true zero",0.1484281753549,1.38730802307844e-07,0.249172207251154,0.249172068520351,0.1484281753549,1.38730802307844e-07,0.249172207251154,0.249172068520351,0.1484281753549,1.38730802307844e-07,0.249172207251154,0.249172068520351,0.1484281753549,1.38730802307844e-07,0.249172207251154,0.249172068520351
"GP_COV","GP-Cov","cov",FALSE,36,0,0,"true zero",0.08531931894624,5.72555995991525e-05,0.135129607008213,0.135072351408613,0.08531931894624,5.72555995991525e-05,0.135129607008213,0.135072351408613,0.08531931894624,5.72555995991525e-05,0.135129607008213,0.135072351408613,0.08531931894624,5.72555995991525e-05,0.135129607008213,0.135072351408613
"GP_COV","GP-Cov","cov",FALSE,37,0,0,"true zero",0.060187233201239,4.2518075690485e-07,0.0845628769698159,0.084562451789059,0.060187233201239,4.2518075690485e-07,0.0845628769698159,0.084562451789059,0.060187233201239,4.2518075690485e-07,0.0845628769698159,0.084562451789059,0.060187233201239,4.2518075690485e-07,0.0845628769698159,0.084562451789059
"GP_COV","GP-Cov","cov",FALSE,38,0,0,"true zero",0.0530956190332219,7.65432318558097e-08,0.0739473683929887,0.0739472918497568,0.0530956190332219,7.65432318558097e-08,0.0739473683929887,0.0739472918497568,0.0530956190332219,7.65432318558097e-08,0.0739473683929887,0.0739472918497568,0.0530956190332219,7.65432318558097e-08,0.0739473683929887,0.0739472918497568
"GP_COV","GP-Cov","cov",FALSE,39,0,0,"true zero",0.204047142205319,1.02440060280573e-05,0.346438645746649,0.346428401740621,0.204047142205319,1.02440060280573e-05,0.346438645746649,0.346428401740621,0.204047142205319,1.02440060280573e-05,0.346438645746649,0.346428401740621,0.204047142205319,1.02440060280573e-05,0.346438645746649,0.346428401740621
"GP_COV","GP-Cov","cov",FALSE,40,0,0,"true zero",0.112424201110736,1.34542494385071e-06,0.182634729759185,0.182633384334241,0.112424201110736,1.34542494385071e-06,0.182634729759185,0.182633384334241,0.112424201110736,1.34542494385071e-06,0.182634729759185,0.182633384334241,0.112424201110736,1.34542494385071e-06,0.182634729759185,0.182633384334241
"GP_COV","GP-Cov","cov",FALSE,41,0,0,"true zero",0.110924781296774,1.76674476968149e-05,0.177483450512073,0.177465783064376,0.110924781296774,1.76674476968149e-05,0.177483450512073,0.177465783064376,0.110924781296774,1.76674476968149e-05,0.177483450512073,0.177465783064376,0.110924781296774,1.76674476968149e-05,0.177483450512073,0.177465783064376
"GP_COV","GP-Cov","cov",FALSE,42,0,0,"true zero",0.202232093807326,7.0701928915929e-05,0.343839525019474,0.343768823090559,0.202232093807326,7.0701928915929e-05,0.343839525019474,0.343768823090559,0.202232093807326,7.0701928915929e-05,0.343839525019474,0.343768823090559,0.202232093807326,7.0701928915929e-05,0.343839525019474,0.343768823090559
"GP_COV","GP-Cov","cov",FALSE,43,0,0,"true zero",0.0332869652881395,5.16345138323698e-07,0.0478966521455989,0.0478961358004606,0.0332869652881395,5.16345138323698e-07,0.0478966521455989,0.0478961358004606,0.0332869652881395,5.16345138323698e-07,0.0478966521455989,0.0478961358004606,0.0332869652881395,5.16345138323698e-07,0.0478966521455989,0.0478961358004606
"GP_COV","GP-Cov","cov",FALSE,44,0,0,"true zero",0.0187135314937489,2.12998072080893e-07,0.0221058909210569,0.0221056779229848,0.0187135314937489,2.12998072080893e-07,0.0221058909210569,0.0221056779229848,0.0187135314937489,2.12998072080893e-07,0.0221058909210569,0.0221056779229848,0.0187135314937489,2.12998072080893e-07,0.0221058909210569,0.0221056779229848
"GP_COV","GP-Cov","cov",FALSE,45,0,0,"true zero",0.00626391200626197,2.36721482313402e-09,0.00596656172250601,0.00596655935529118,0.00626391200626197,2.36721482313402e-09,0.00596656172250601,0.00596655935529118,0.00626391200626197,2.36721482313402e-09,0.00596656172250601,0.00596655935529118,0.00626391200626197,2.36721482313402e-09,0.00596656172250601,0.00596655935529118
"GP_COV","GP-Cov","cov",FALSE,46,0,0,"true zero",0.175848320407545,6.40314095460435e-06,0.308720593037838,0.308714189896883,0.175848320407545,6.40314095460435e-06,0.308720593037838,0.308714189896883,0.175848320407545,6.40314095460435e-06,0.308720593037838,0.308714189896883,0.175848320407545,6.40314095460435e-06,0.308720593037838,0.308714189896883
"GP_COV","GP-Cov","cov",FALSE,47,0,0,"true zero",0.0710326556993567,1.66265316901643e-07,0.112000749798029,0.112000583532712,0.0710326556993567,1.66265316901643e-07,0.112000749798029,0.112000583532712,0.0710326556993567,1.66265316901643e-07,0.112000749798029,0.112000583532712,0.0710326556993567,1.66265316901643e-07,0.112000749798029,0.112000583532712
"GP_COV","GP-Cov","cov",FALSE,48,0,0,"true zero",0.0215769331480764,9.64987199319055e-08,0.0318234581131059,0.031823361614386,0.0215769331480764,9.64987199319055e-08,0.0318234581131059,0.031823361614386,0.0215769331480764,9.64987199319055e-08,0.0318234581131059,0.031823361614386,0.0215769331480764,9.64987199319055e-08,0.0318234581131059,0.031823361614386
"GP_COV","GP-Cov","cov",FALSE,49,0,0,"true zero",0.499241526949751,0.145123985059747,0.846136832408371,0.701012847348623,0.499241526949751,0.145123985059747,0.846136832408371,0.701012847348623,0.499241526949751,0.145123985059747,0.846136832408371,0.701012847348623,0.499241526949751,0.145123985059747,0.846136832408371,0.701012847348623
"GP_COV","GP-Cov","cov",FALSE,50,0,0,"true zero",0.194079517643377,3.60044510681961e-06,0.347918202408057,0.34791460196295,0.194079517643377,3.60044510681961e-06,0.347918202408057,0.34791460196295,0.194079517643377,3.60044510681961e-06,0.347918202408057,0.34791460196295,0.194079517643377,3.60044510681961e-06,0.347918202408057,0.34791460196295
"GP_COV","GP-Cov","cov",FALSE,51,0,0,"true zero",0.215873362373393,1.04929240081619e-06,0.399437181071756,0.399436131779355,0.215873362373393,1.04929240081619e-06,0.399437181071756,0.399436131779355,0.215873362373393,1.04929240081619e-06,0.399437181071756,0.399436131779355,0.215873362373393,1.04929240081619e-06,0.399437181071756,0.399436131779355
"GP_COV","GP-Cov","cov",FALSE,52,0,0,"true zero",0.220436174947354,3.37880876169618e-05,0.375915361787918,0.375881573700301,0.220436174947354,3.37880876169618e-05,0.375915361787918,0.375881573700301,0.220436174947354,3.37880876169618e-05,0.375915361787918,0.375881573700301,0.220436174947354,3.37880876169618e-05,0.375915361787918,0.375881573700301
"GP_COV","GP-Cov","cov",FALSE,53,0,0,"true zero",0.0339538812094704,1.74140704642846e-06,0.0443317739151809,0.0443300325081345,0.0339538812094704,1.74140704642846e-06,0.0443317739151809,0.0443300325081345,0.0339538812094704,1.74140704642846e-06,0.0443317739151809,0.0443300325081345,0.0339538812094704,1.74140704642846e-06,0.0443317739151809,0.0443300325081345
"GP_COV","GP-Cov","cov",FALSE,54,0,0,"true zero",0.00494316038062513,4.60463597957426e-10,0.00353718023461047,0.00353717977414687,0.00494316038062513,4.60463597957426e-10,0.00353718023461047,0.00353717977414687,0.00494316038062513,4.60463597957426e-10,0.00353718023461047,0.00353717977414687,0.00494316038062513,4.60463597957426e-10,0.00353718023461047,0.00353717977414687
"GP_COV","GP-Cov","cov",FALSE,55,0,0,"true zero",0.0352241527719741,3.01575034795364e-09,0.0416585340732516,0.0416585310575012,0.0352241527719741,3.01575034795364e-09,0.0416585340732516,0.0416585310575012,0.0352241527719741,3.01575034795364e-09,0.0416585340732516,0.0416585310575012,0.0352241527719741,3.01575034795364e-09,0.0416585340732516,0.0416585310575012
"GP_COV","GP-Cov","cov",FALSE,56,0,0,"true zero",0.0709575818639314,3.80150110982203e-06,0.110476536736286,0.110472735235176,0.0709575818639314,3.80150110982203e-06,0.110476536736286,0.110472735235176,0.0709575818639314,3.80150110982203e-06,0.110476536736286,0.110472735235176,0.0709575818639314,3.80150110982203e-06,0.110476536736286,0.110472735235176
"GP_COV","GP-Cov","cov",FALSE,57,0,0,"true zero",0.114304175876367,2.12498084770564e-06,0.179792661255396,0.179790536274548,0.114304175876367,2.12498084770564e-06,0.179792661255396,0.179790536274548,0.114304175876367,2.12498084770564e-06,0.179792661255396,0.179790536274548,0.114304175876367,2.12498084770564e-06,0.179792661255396,0.179790536274548
"GP_COV","GP-Cov","cov",FALSE,58,0,0,"true zero",0.0252220035127012,1.265420841682e-08,0.0320869595654953,0.0320869469112869,0.0252220035127012,1.265420841682e-08,0.0320869595654953,0.0320869469112869,0.0252220035127012,1.265420841682e-08,0.0320869595654953,0.0320869469112869,0.0252220035127012,1.265420841682e-08,0.0320869595654953,0.0320869469112869
"GP_COV","GP-Cov","cov",FALSE,59,0,0,"true zero",0.235853474672067,2.42892902231425e-05,0.416685745605535,0.416661456315312,0.235853474672067,2.42892902231425e-05,0.416685745605535,0.416661456315312,0.235853474672067,2.42892902231425e-05,0.416685745605535,0.416661456315312,0.235853474672067,2.42892902231425e-05,0.416685745605535,0.416661456315312
"GP_COV","GP-Cov","cov",FALSE,60,0,0,"true zero",0.00709064296662817,1.34166514587839e-08,0.00770052697641226,0.0077005135597608,0.00709064296662817,1.34166514587839e-08,0.00770052697641226,0.0077005135597608,0.00709064296662817,1.34166514587839e-08,0.00770052697641226,0.0077005135597608,0.00709064296662817,1.34166514587839e-08,0.00770052697641226,0.0077005135597608
"GP_COV","GP-Cov","cov",FALSE,61,0,0,"true zero",0.0709507363669324,2.65369799745486e-06,0.109451713857935,0.109449060159937,0.0709507363669324,2.65369799745486e-06,0.109451713857935,0.109449060159937,0.0709507363669324,2.65369799745486e-06,0.109451713857935,0.109449060159937,0.0709507363669324,2.65369799745486e-06,0.109451713857935,0.109449060159937
"GP_COV","GP-Cov","cov",FALSE,62,0,0,"true zero",0.0699878127273042,3.99388876706583e-06,0.110167722136244,0.110163728247477,0.0699878127273042,3.99388876706583e-06,0.110167722136244,0.110163728247477,0.0699878127273042,3.99388876706583e-06,0.110167722136244,0.110163728247477,0.0699878127273042,3.99388876706583e-06,0.110167722136244,0.110163728247477
"GP_COV","GP-Cov","cov",FALSE,63,0,0,"true zero",0.0213891908102452,1.00763942042647e-07,0.029717062243796,0.0297169614798539,0.0213891908102452,1.00763942042647e-07,0.029717062243796,0.0297169614798539,0.0213891908102452,1.00763942042647e-07,0.029717062243796,0.0297169614798539,0.0213891908102452,1.00763942042647e-07,0.029717062243796,0.0297169614798539
"GP_COV","GP-Cov","cov",FALSE,64,0,0,"true zero",0.0390990774592919,9.23123778273676e-07,0.0586127764670558,0.0586118533432775,0.0390990774592919,9.23123778273676e-07,0.0586127764670558,0.0586118533432775,0.0390990774592919,9.23123778273676e-07,0.0586127764670558,0.0586118533432775,0.0390990774592919,9.23123778273676e-07,0.0586127764670558,0.0586118533432775
"GP_COV","GP-Cov","cov",FALSE,65,0,0,"true zero",0.0913069675445198,2.32148149117556e-06,0.142062508636038,0.142060187154547,0.0913069675445198,2.32148149117556e-06,0.142062508636038,0.142060187154547,0.0913069675445198,2.32148149117556e-06,0.142062508636038,0.142060187154547,0.0913069675445198,2.32148149117556e-06,0.142062508636038,0.142060187154547
"GP_COV","GP-Cov","cov",FALSE,66,0,0,"true zero",0.0128206229503233,1.04882318141439e-09,0.0106133626052407,0.0106133615564176,0.0128206229503233,1.04882318141439e-09,0.0106133626052407,0.0106133615564176,0.0128206229503233,1.04882318141439e-09,0.0106133626052407,0.0106133615564176,0.0128206229503233,1.04882318141439e-09,0.0106133626052407,0.0106133615564176
"GP_COV","GP-Cov","cov",FALSE,67,0,0,"true zero",0.0686415383613768,2.62766012333961e-07,0.0996175549234712,0.0996172921574589,0.0686415383613768,2.62766012333961e-07,0.0996175549234712,0.0996172921574589,0.0686415383613768,2.62766012333961e-07,0.0996175549234712,0.0996172921574589,0.0686415383613768,2.62766012333961e-07,0.0996175549234712,0.0996172921574589
"GP_COV","GP-Cov","cov",FALSE,68,0,0,"true zero",0.0311493160218711,2.96241304482692e-08,0.0432965997184262,0.0432965700942958,0.0311493160218711,2.96241304482692e-08,0.0432965997184262,0.0432965700942958,0.0311493160218711,2.96241304482692e-08,0.0432965997184262,0.0432965700942958,0.0311493160218711,2.96241304482692e-08,0.0432965997184262,0.0432965700942958
"GP_COV","GP-Cov","cov",FALSE,69,0,0,"true zero",0.0159929148112755,4.96523315602417e-08,0.0200563805337278,0.0200563308813962,0.0159929148112755,4.96523315602417e-08,0.0200563805337278,0.0200563308813962,0.0159929148112755,4.96523315602417e-08,0.0200563805337278,0.0200563308813962,0.0159929148112755,4.96523315602417e-08,0.0200563805337278,0.0200563308813962
"GP_COV","GP-Cov","cov",FALSE,70,0,0,"true zero",0.0965019051298715,2.60842756601916e-06,0.158939030237545,0.158936421809979,0.0965019051298715,2.60842756601916e-06,0.158939030237545,0.158936421809979,0.0965019051298715,2.60842756601916e-06,0.158939030237545,0.158936421809979,0.0965019051298715,2.60842756601916e-06,0.158939030237545,0.158936421809979
"GP_COV","GP-Cov","cov",FALSE,71,1,0,"hidden positive",0.144085696775261,2.43791991386875e-06,0.242973699665234,0.24297126174532,0.144085696775261,2.43791991386875e-06,0.242973699665234,0.24297126174532,0.144085696775261,2.43791991386875e-06,0.242973699665234,0.24297126174532,0.144085696775261,2.43791991386875e-06,0.242973699665234,0.24297126174532
"GP_COV","GP-Cov","cov",FALSE,72,1,0,"hidden positive",0.501735152383025,0.149974007102885,0.877911217589269,0.727937210486384,0.501735152383025,0.149974007102885,0.877911217589269,0.727937210486384,0.501735152383025,0.149974007102885,0.877911217589269,0.727937210486384,0.501735152383025,0.149974007102885,0.877911217589269,0.727937210486384
"GP_COV","GP-Cov","cov",FALSE,73,1,0,"hidden positive",0.272759759088135,4.42353437530117e-06,0.488699063005888,0.488694639471513,0.272759759088135,4.42353437530117e-06,0.488699063005888,0.488694639471513,0.272759759088135,4.42353437530117e-06,0.488699063005888,0.488694639471513,0.272759759088135,4.42353437530117e-06,0.488699063005888,0.488694639471513
"GP_COV","GP-Cov","cov",FALSE,74,1,0,"hidden positive",0.0505011787740868,4.49010935397751e-08,0.0710349839431832,0.0710349390420896,0.0505011787740868,4.49010935397751e-08,0.0710349839431832,0.0710349390420896,0.0505011787740868,4.49010935397751e-08,0.0710349839431832,0.0710349390420896,0.0505011787740868,4.49010935397751e-08,0.0710349839431832,0.0710349390420896
"GP_COV","GP-Cov","cov",FALSE,75,1,0,"hidden positive",0.263256350020793,7.7337217363557e-06,0.483219171496604,0.483211437774868,0.263256350020793,7.7337217363557e-06,0.483219171496604,0.483211437774868,0.263256350020793,7.7337217363557e-06,0.483219171496604,0.483211437774868,0.263256350020793,7.7337217363557e-06,0.483219171496604,0.483211437774868
"GP_COV","GP-Cov","cov",FALSE,76,1,0,"hidden positive",0.320914166165716,0.00645528755911832,0.517742838108693,0.511287550549575,0.320914166165716,0.00645528755911832,0.517742838108693,0.511287550549575,0.320914166165716,0.00645528755911832,0.517742838108693,0.511287550549575,0.320914166165716,0.00645528755911832,0.517742838108693,0.511287550549575
"GP_COV","GP-Cov","cov",FALSE,77,1,0,"hidden positive",0.416095562102372,0.000123357625371767,0.711841098806895,0.711717741181523,0.416095562102372,0.000123357625371767,0.711841098806895,0.711717741181523,0.416095562102372,0.000123357625371767,0.711841098806895,0.711717741181523,0.416095562102372,0.000123357625371767,0.711841098806895,0.711717741181523
"GP_COV","GP-Cov","cov",FALSE,78,1,0,"hidden positive",0.0259555683163981,1.80932290354925e-07,0.0360761411156346,0.0360759601833443,0.0259555683163981,1.80932290354925e-07,0.0360761411156346,0.0360759601833443,0.0259555683163981,1.80932290354925e-07,0.0360761411156346,0.0360759601833443,0.0259555683163981,1.80932290354925e-07,0.0360761411156346,0.0360759601833443
"GP_COV","GP-Cov","cov",FALSE,79,1,0,"hidden positive",0.347491168280055,0.0175627276935569,0.559395637466561,0.541832909773004,0.347491168280055,0.0175627276935569,0.559395637466561,0.541832909773004,0.347491168280055,0.0175627276935569,0.559395637466561,0.541832909773004,0.347491168280055,0.0175627276935569,0.559395637466561,0.541832909773004
"GP_COV","GP-Cov","cov",FALSE,80,1,0,"hidden positive",0.0934434297309301,1.80807472668085e-07,0.153210675041512,0.153210494234039,0.0934434297309301,1.80807472668085e-07,0.153210675041512,0.153210494234039,0.0934434297309301,1.80807472668085e-07,0.153210675041512,0.153210494234039,0.0934434297309301,1.80807472668085e-07,0.153210675041512,0.153210494234039
"GP_COV","GP-Cov","cov",FALSE,81,1,1,"observed positive",0.801718950965087,0.633498876971975,0.999984129879935,0.36648525290796,0.801718950965087,0.633498876971975,0.999984129879935,0.36648525290796,0.801718950965087,0.633498876971975,0.999984129879935,0.36648525290796,0.801718950965087,0.633498876971975,0.999984129879935,0.36648525290796
"GP_COV","GP-Cov","cov",FALSE,82,1,1,"observed positive",0.653285388905272,0.401058882138621,0.999963926305115,0.598905044166494,0.653285388905272,0.401058882138621,0.999963926305115,0.598905044166494,0.653285388905272,0.401058882138621,0.999963926305115,0.598905044166494,0.653285388905272,0.401058882138621,0.999963926305115,0.598905044166494
"GP_COV","GP-Cov","cov",FALSE,83,1,1,"observed positive",0.574455363354709,0.329147228029892,0.989501334302289,0.660354106272397,0.574455363354709,0.329147228029892,0.989501334302289,0.660354106272397,0.574455363354709,0.329147228029892,0.989501334302289,0.660354106272397,0.574455363354709,0.329147228029892,0.989501334302289,0.660354106272397
"GP_COV","GP-Cov","cov",FALSE,84,1,1,"observed positive",0.569120471758432,0.313430094397941,0.954386014696598,0.640955920298657,0.569120471758432,0.313430094397941,0.954386014696598,0.640955920298657,0.569120471758432,0.313430094397941,0.954386014696598,0.640955920298657,0.569120471758432,0.313430094397941,0.954386014696598,0.640955920298657
"GP_COV","GP-Cov","cov",FALSE,85,1,1,"observed positive",0.321197035777356,0.0156352854280006,0.532278801488494,0.516643516060493,0.321197035777356,0.0156352854280006,0.532278801488494,0.516643516060493,0.321197035777356,0.0156352854280006,0.532278801488494,0.516643516060493,0.321197035777356,0.0156352854280006,0.532278801488494,0.516643516060493
"GP_COV","GP-Cov","cov",FALSE,86,1,1,"observed positive",0.752893428722365,0.547478014119318,0.999994894418275,0.452516880298956,0.752893428722365,0.547478014119318,0.999994894418275,0.452516880298956,0.752893428722365,0.547478014119318,0.999994894418275,0.452516880298956,0.752893428722365,0.547478014119318,0.999994894418275,0.452516880298956
"GP_COV","GP-Cov","cov",FALSE,87,1,1,"observed positive",0.585396068414495,0.332831147509733,0.995552374480174,0.662721226970442,0.585396068414495,0.332831147509733,0.995552374480174,0.662721226970442,0.585396068414495,0.332831147509733,0.995552374480174,0.662721226970442,0.585396068414495,0.332831147509733,0.995552374480174,0.662721226970442
"GP_COV","GP-Cov","cov",FALSE,88,1,1,"observed positive",0.570214985329441,0.286059088064517,0.923965511862725,0.637906423798208,0.570214985329441,0.286059088064517,0.923965511862725,0.637906423798208,0.570214985329441,0.286059088064517,0.923965511862725,0.637906423798208,0.570214985329441,0.286059088064517,0.923965511862725,0.637906423798208
"GP_COV","GP-Cov","cov",FALSE,89,1,1,"observed positive",0.461738733079601,0.0395542089220154,0.763559519933405,0.72400531101139,0.461738733079601,0.0395542089220154,0.763559519933405,0.72400531101139,0.461738733079601,0.0395542089220154,0.763559519933405,0.72400531101139,0.461738733079601,0.0395542089220154,0.763559519933405,0.72400531101139
"GP_COV","GP-Cov","cov",FALSE,90,1,1,"observed positive",0.321946036627518,0.00173340935934142,0.534706591387966,0.532973182028624,0.321946036627518,0.00173340935934142,0.534706591387966,0.532973182028624,0.321946036627518,0.00173340935934142,0.534706591387966,0.532973182028624,0.321946036627518,0.00173340935934142,0.534706591387966,0.532973182028624
"GP_COV","GP-Cov","cov",FALSE,91,1,1,"observed positive",0.707310483457844,0.520638191213645,0.99865949779918,0.478021306585536,0.707310483457844,0.520638191213645,0.99865949779918,0.478021306585536,0.707310483457844,0.520638191213645,0.99865949779918,0.478021306585536,0.707310483457844,0.520638191213645,0.99865949779918,0.478021306585536
"GP_COV","GP-Cov","cov",FALSE,92,1,1,"observed positive",0.622263667589748,0.381843343577958,0.992033150144928,0.61018980656697,0.622263667589748,0.381843343577958,0.992033150144928,0.61018980656697,0.622263667589748,0.381843343577958,0.992033150144928,0.61018980656697,0.622263667589748,0.381843343577958,0.992033150144928,0.61018980656697
"GP_COV","GP-Cov","cov",FALSE,93,1,1,"observed positive",0.614198922086885,0.38240686496517,0.984808325711824,0.602401460746654,0.614198922086885,0.38240686496517,0.984808325711824,0.602401460746654,0.614198922086885,0.38240686496517,0.984808325711824,0.602401460746654,0.614198922086885,0.38240686496517,0.984808325711824,0.602401460746654
"GP_COV","GP-Cov","cov",FALSE,94,1,1,"observed positive",0.553037879819716,0.270607963351546,0.951475933409625,0.68086797005808,0.553037879819716,0.270607963351546,0.951475933409625,0.68086797005808,0.553037879819716,0.270607963351546,0.951475933409625,0.68086797005808,0.553037879819716,0.270607963351546,0.951475933409625,0.68086797005808
"GP_COV","GP-Cov","cov",FALSE,95,1,1,"observed positive",0.302492433431444,0.0086295975260956,0.500921776974092,0.492292179447997,0.302492433431444,0.0086295975260956,0.500921776974092,0.492292179447997,0.302492433431444,0.0086295975260956,0.500921776974092,0.492292179447997,0.302492433431444,0.0086295975260956,0.500921776974092,0.492292179447997
"GP_COV","GP-Cov","cov",FALSE,96,1,1,"observed positive",0.768383237483337,0.56307389566052,0.999998709918572,0.436924814258052,0.768383237483337,0.56307389566052,0.999998709918572,0.436924814258052,0.768383237483337,0.56307389566052,0.999998709918572,0.436924814258052,0.768383237483337,0.56307389566052,0.999998709918572,0.436924814258052
"GP_COV","GP-Cov","cov",FALSE,97,1,1,"observed positive",0.692337423561915,0.49195378179838,0.9970667006839,0.50511291888552,0.692337423561915,0.49195378179838,0.9970667006839,0.50511291888552,0.692337423561915,0.49195378179838,0.9970667006839,0.50511291888552,0.692337423561915,0.49195378179838,0.9970667006839,0.50511291888552
"GP_COV","GP-Cov","cov",FALSE,98,1,1,"observed positive",0.541300161911663,0.256493214689564,0.988935580481456,0.732442365791892,0.541300161911663,0.256493214689564,0.988935580481456,0.732442365791892,0.541300161911663,0.256493214689564,0.988935580481456,0.732442365791892,0.541300161911663,0.256493214689564,0.988935580481456,0.732442365791892
"GP_COV","GP-Cov","cov",FALSE,99,1,1,"observed positive",0.776141098505655,0.618736255882246,0.999993175767829,0.381256919885583,0.776141098505655,0.618736255882246,0.999993175767829,0.381256919885583,0.776141098505655,0.618736255882246,0.999993175767829,0.381256919885583,0.776141098505655,0.618736255882246,0.999993175767829,0.381256919885583
"GP_COV","GP-Cov","cov",FALSE,100,1,1,"observed positive",0.653884977307481,0.439457837063432,0.985080648295996,0.545622811232563,0.653884977307481,0.439457837063432,0.985080648295996,0.545622811232563,0.653884977307481,0.439457837063432,0.985080648295996,0.545622811232563,0.653884977307481,0.439457837063432,0.985080648295996,0.545622811232563
"GP_NET","GP-Net","network",FALSE,1,0,0,"true zero",0.11903557565656,4.40466268745918e-07,0.201079320394534,0.201078879928265,0.11903557565656,4.40466268745918e-07,0.201079320394534,0.201078879928265,0.11903557565656,4.40466268745918e-07,0.201079320394534,0.201078879928265,0.11903557565656,4.40466268745918e-07,0.201079320394534,0.201078879928265
"GP_NET","GP-Net","network",FALSE,2,0,0,"true zero",0.0830255572935958,1.25984954795561e-07,0.135501645700254,0.135501519715299,0.0830255572935958,1.25984954795561e-07,0.135501645700254,0.135501519715299,0.0830255572935958,1.25984954795561e-07,0.135501645700254,0.135501519715299,0.0830255572935958,1.25984954795561e-07,0.135501645700254,0.135501519715299
"GP_NET","GP-Net","network",FALSE,3,0,0,"true zero",0.117931898107203,4.54548102170315e-07,0.199658161210454,0.199657706662352,0.117931898107203,4.54548102170315e-07,0.199658161210454,0.199657706662352,0.117931898107203,4.54548102170315e-07,0.199658161210454,0.199657706662352,0.117931898107203,4.54548102170315e-07,0.199658161210454,0.199657706662352
"GP_NET","GP-Net","network",FALSE,4,0,0,"true zero",0.0182698197589589,5.39415812583496e-09,0.0182179428597756,0.0182179374656175,0.0182698197589589,5.39415812583496e-09,0.0182179428597756,0.0182179374656175,0.0182698197589589,5.39415812583496e-09,0.0182179428597756,0.0182179374656175,0.0182698197589589,5.39415812583496e-09,0.0182179428597756,0.0182179374656175
"GP_NET","GP-Net","network",FALSE,5,0,0,"true zero",0.025304668347826,1.18683948835312e-10,0.0302040515231127,0.0302040514044288,0.025304668347826,1.18683948835312e-10,0.0302040515231127,0.0302040514044288,0.025304668347826,1.18683948835312e-10,0.0302040515231127,0.0302040514044288,0.025304668347826,1.18683948835312e-10,0.0302040515231127,0.0302040514044288
"GP_NET","GP-Net","network",FALSE,6,0,0,"true zero",0.0066663563055754,6.79992291702326e-11,0.00537787217302225,0.00537787210502302,0.0066663563055754,6.79992291702326e-11,0.00537787217302225,0.00537787210502302,0.0066663563055754,6.79992291702326e-11,0.00537787217302225,0.00537787210502302,0.0066663563055754,6.79992291702326e-11,0.00537787217302225,0.00537787210502302
"GP_NET","GP-Net","network",FALSE,7,0,0,"true zero",0.15190817167062,5.29108168524562e-06,0.254618472238077,0.254613181156392,0.15190817167062,5.29108168524562e-06,0.254618472238077,0.254613181156392,0.15190817167062,5.29108168524562e-06,0.254618472238077,0.254613181156392,0.15190817167062,5.29108168524562e-06,0.254618472238077,0.254613181156392
"GP_NET","GP-Net","network",FALSE,8,0,0,"true zero",0.0262750369432623,9.40548102576263e-10,0.0304653435858457,0.0304653426452976,0.0262750369432623,9.40548102576263e-10,0.0304653435858457,0.0304653426452976,0.0262750369432623,9.40548102576263e-10,0.0304653435858457,0.0304653426452976,0.0262750369432623,9.40548102576263e-10,0.0304653435858457,0.0304653426452976
"GP_NET","GP-Net","network",FALSE,9,0,0,"true zero",0.169879363336272,2.22346551360092e-06,0.28744249984658,0.287440276381066,0.169879363336272,2.22346551360092e-06,0.28744249984658,0.287440276381066,0.169879363336272,2.22346551360092e-06,0.28744249984658,0.287440276381066,0.169879363336272,2.22346551360092e-06,0.28744249984658,0.287440276381066
"GP_NET","GP-Net","network",FALSE,10,0,0,"true zero",0.136240883672238,2.30038016889424e-06,0.226167973310308,0.226165672930139,0.136240883672238,2.30038016889424e-06,0.226167973310308,0.226165672930139,0.136240883672238,2.30038016889424e-06,0.226167973310308,0.226165672930139,0.136240883672238,2.30038016889424e-06,0.226167973310308,0.226165672930139
"GP_NET","GP-Net","network",FALSE,11,0,0,"true zero",0.0450224427707934,1.24939491629476e-08,0.0620838428215575,0.0620838303276084,0.0450224427707934,1.24939491629476e-08,0.0620838428215575,0.0620838303276084,0.0450224427707934,1.24939491629476e-08,0.0620838428215575,0.0620838303276084,0.0450224427707934,1.24939491629476e-08,0.0620838428215575,0.0620838303276084
"GP_NET","GP-Net","network",FALSE,12,0,0,"true zero",0.0215266182680415,1.98915692410903e-11,0.0237157115779835,0.023715711558092,0.0215266182680415,1.98915692410903e-11,0.0237157115779835,0.023715711558092,0.0215266182680415,1.98915692410903e-11,0.0237157115779835,0.023715711558092,0.0215266182680415,1.98915692410903e-11,0.0237157115779835,0.023715711558092
"GP_NET","GP-Net","network",FALSE,13,0,0,"true zero",0.156020661393567,1.10365744850126e-05,0.270142475234557,0.270131438660071,0.156020661393567,1.10365744850126e-05,0.270142475234557,0.270131438660071,0.156020661393567,1.10365744850126e-05,0.270142475234557,0.270131438660071,0.156020661393567,1.10365744850126e-05,0.270142475234557,0.270131438660071
"GP_NET","GP-Net","network",FALSE,14,0,0,"true zero",0.0130083869030091,6.68593273795911e-10,0.0121646771528742,0.0121646764842809,0.0130083869030091,6.68593273795911e-10,0.0121646771528742,0.0121646764842809,0.0130083869030091,6.68593273795911e-10,0.0121646771528742,0.0121646764842809,0.0130083869030091,6.68593273795911e-10,0.0121646771528742,0.0121646764842809
"GP_NET","GP-Net","network",FALSE,15,0,0,"true zero",0.0411126705812557,9.28778520544615e-08,0.05368968472347,0.053689591845618,0.0411126705812557,9.28778520544615e-08,0.05368968472347,0.053689591845618,0.0411126705812557,9.28778520544615e-08,0.05368968472347,0.053689591845618,0.0411126705812557,9.28778520544615e-08,0.05368968472347,0.053689591845618
"GP_NET","GP-Net","network",FALSE,16,0,0,"true zero",0.240411581895852,1.28044643497216e-05,0.420689735771854,0.420676931307504,0.240411581895852,1.28044643497216e-05,0.420689735771854,0.420676931307504,0.240411581895852,1.28044643497216e-05,0.420689735771854,0.420676931307504,0.240411581895852,1.28044643497216e-05,0.420689735771854,0.420676931307504
"GP_NET","GP-Net","network",FALSE,17,0,0,"true zero",0.0418170249931279,5.54038816287929e-08,0.0569726837969407,0.056972628393059,0.0418170249931279,5.54038816287929e-08,0.0569726837969407,0.056972628393059,0.0418170249931279,5.54038816287929e-08,0.0569726837969407,0.056972628393059,0.0418170249931279,5.54038816287929e-08,0.0569726837969407,0.056972628393059
"GP_NET","GP-Net","network",FALSE,18,0,0,"true zero",0.0163705252053938,1.21084653424902e-09,0.0178589807569438,0.0178589795460972,0.0163705252053938,1.21084653424902e-09,0.0178589807569438,0.0178589795460972,0.0163705252053938,1.21084653424902e-09,0.0178589807569438,0.0178589795460972,0.0163705252053938,1.21084653424902e-09,0.0178589807569438,0.0178589795460972
"GP_NET","GP-Net","network",FALSE,19,0,0,"true zero",0.0686088935338895,1.51680202703878e-07,0.10534787675104,0.105347725070837,0.0686088935338895,1.51680202703878e-07,0.10534787675104,0.105347725070837,0.0686088935338895,1.51680202703878e-07,0.10534787675104,0.105347725070837,0.0686088935338895,1.51680202703878e-07,0.10534787675104,0.105347725070837
"GP_NET","GP-Net","network",FALSE,20,0,0,"true zero",0.0222232386595399,1.90657878407483e-09,0.0267488842336827,0.026748882327104,0.0222232386595399,1.90657878407483e-09,0.0267488842336827,0.026748882327104,0.0222232386595399,1.90657878407483e-09,0.0267488842336827,0.026748882327104,0.0222232386595399,1.90657878407483e-09,0.0267488842336827,0.026748882327104
"GP_NET","GP-Net","network",FALSE,21,0,0,"true zero",0.0665398759272781,4.60920033766205e-08,0.0981227320753652,0.0981226859833619,0.0665398759272781,4.60920033766205e-08,0.0981227320753652,0.0981226859833619,0.0665398759272781,4.60920033766205e-08,0.0981227320753652,0.0981226859833619,0.0665398759272781,4.60920033766205e-08,0.0981227320753652,0.0981226859833619
"GP_NET","GP-Net","network",FALSE,22,0,0,"true zero",0.0617789623442454,2.16489234369745e-07,0.0875904989450676,0.0875902824558332,0.0617789623442454,2.16489234369745e-07,0.0875904989450676,0.0875902824558332,0.0617789623442454,2.16489234369745e-07,0.0875904989450676,0.0875902824558332,0.0617789623442454,2.16489234369745e-07,0.0875904989450676,0.0875902824558332
"GP_NET","GP-Net","network",FALSE,23,0,0,"true zero",0.0306965446187396,1.36721999328517e-08,0.0330939229116168,0.0330939092394168,0.0306965446187396,1.36721999328517e-08,0.0330939229116168,0.0330939092394168,0.0306965446187396,1.36721999328517e-08,0.0330939229116168,0.0330939092394168,0.0306965446187396,1.36721999328517e-08,0.0330939229116168,0.0330939092394168
"GP_NET","GP-Net","network",FALSE,24,0,0,"true zero",0.0161047140469923,1.00262494100822e-09,0.0188687030064085,0.0188687020037836,0.0161047140469923,1.00262494100822e-09,0.0188687030064085,0.0188687020037836,0.0161047140469923,1.00262494100822e-09,0.0188687030064085,0.0188687020037836,0.0161047140469923,1.00262494100822e-09,0.0188687030064085,0.0188687020037836
"GP_NET","GP-Net","network",FALSE,25,0,0,"true zero",0.12553684989622,7.68400421072853e-08,0.21485701175876,0.214856934918718,0.12553684989622,7.68400421072853e-08,0.21485701175876,0.214856934918718,0.12553684989622,7.68400421072853e-08,0.21485701175876,0.214856934918718,0.12553684989622,7.68400421072853e-08,0.21485701175876,0.214856934918718
"GP_NET","GP-Net","network",FALSE,26,0,0,"true zero",0.0305609642131253,4.76688900155744e-09,0.0383252968675245,0.0383252921006355,0.0305609642131253,4.76688900155744e-09,0.0383252968675245,0.0383252921006355,0.0305609642131253,4.76688900155744e-09,0.0383252968675245,0.0383252921006355,0.0305609642131253,4.76688900155744e-09,0.0383252968675245,0.0383252921006355
"GP_NET","GP-Net","network",FALSE,27,0,0,"true zero",0.0803772106750848,6.83753683168876e-08,0.127805462644113,0.127805394268744,0.0803772106750848,6.83753683168876e-08,0.127805462644113,0.127805394268744,0.0803772106750848,6.83753683168876e-08,0.127805462644113,0.127805394268744,0.0803772106750848,6.83753683168876e-08,0.127805462644113,0.127805394268744
"GP_NET","GP-Net","network",FALSE,28,0,0,"true zero",0.035855331666509,1.67265148234444e-08,0.0440592996643877,0.0440592829378729,0.035855331666509,1.67265148234444e-08,0.0440592996643877,0.0440592829378729,0.035855331666509,1.67265148234444e-08,0.0440592996643877,0.0440592829378729,0.035855331666509,1.67265148234444e-08,0.0440592996643877,0.0440592829378729
"GP_NET","GP-Net","network",FALSE,29,0,0,"true zero",0.00686970835079739,2.4818656655536e-10,0.00612157447350143,0.00612157422531487,0.00686970835079739,2.4818656655536e-10,0.00612157447350143,0.00612157422531487,0.00686970835079739,2.4818656655536e-10,0.00612157447350143,0.00612157422531487,0.00686970835079739,2.4818656655536e-10,0.00612157447350143,0.00612157422531487
"GP_NET","GP-Net","network",FALSE,30,0,0,"true zero",0.0849163795170521,1.64374186357737e-06,0.129854726650124,0.12985308290826,0.0849163795170521,1.64374186357737e-06,0.129854726650124,0.12985308290826,0.0849163795170521,1.64374186357737e-06,0.129854726650124,0.12985308290826,0.0849163795170521,1.64374186357737e-06,0.129854726650124,0.12985308290826
"GP_NET","GP-Net","network",FALSE,31,0,0,"true zero",0.0169558472476556,2.11369059765805e-09,0.019020047363461,0.0190200452497704,0.0169558472476556,2.11369059765805e-09,0.019020047363461,0.0190200452497704,0.0169558472476556,2.11369059765805e-09,0.019020047363461,0.0190200452497704,0.0169558472476556,2.11369059765805e-09,0.019020047363461,0.0190200452497704
"GP_NET","GP-Net","network",FALSE,32,0,0,"true zero",0.0776253055343918,1.1230178443714e-07,0.116562000211633,0.116561887909849,0.0776253055343918,1.1230178443714e-07,0.116562000211633,0.116561887909849,0.0776253055343918,1.1230178443714e-07,0.116562000211633,0.116561887909849,0.0776253055343918,1.1230178443714e-07,0.116562000211633,0.116561887909849
"GP_NET","GP-Net","network",FALSE,33,0,0,"true zero",0.0714535850997414,1.24326405945352e-07,0.106351005441273,0.106350881114867,0.0714535850997414,1.24326405945352e-07,0.106351005441273,0.106350881114867,0.0714535850997414,1.24326405945352e-07,0.106351005441273,0.106350881114867,0.0714535850997414,1.24326405945352e-07,0.106351005441273,0.106350881114867
"GP_NET","GP-Net","network",FALSE,34,0,0,"true zero",0.0735153505931701,6.80457157661287e-08,0.115215770068866,0.11521570202315,0.0735153505931701,6.80457157661287e-08,0.115215770068866,0.11521570202315,0.0735153505931701,6.80457157661287e-08,0.115215770068866,0.11521570202315,0.0735153505931701,6.80457157661287e-08,0.115215770068866,0.11521570202315
"GP_NET","GP-Net","network",FALSE,35,0,0,"true zero",0.143478017239493,1.47314242852246e-07,0.240326561148512,0.240326413834269,0.143478017239493,1.47314242852246e-07,0.240326561148512,0.240326413834269,0.143478017239493,1.47314242852246e-07,0.240326561148512,0.240326413834269,0.143478017239493,1.47314242852246e-07,0.240326561148512,0.240326413834269
"GP_NET","GP-Net","network",FALSE,36,0,0,"true zero",0.0101983678597415,5.57691295265667e-11,0.0102483123990058,0.0102483123432366,0.0101983678597415,5.57691295265667e-11,0.0102483123990058,0.0102483123432366,0.0101983678597415,5.57691295265667e-11,0.0102483123990058,0.0102483123432366,0.0101983678597415,5.57691295265667e-11,0.0102483123990058,0.0102483123432366
"GP_NET","GP-Net","network",FALSE,37,0,0,"true zero",0.0448418986722787,5.66122243995234e-10,0.0614333262698727,0.0614333257037505,0.0448418986722787,5.66122243995234e-10,0.0614333262698727,0.0614333257037505,0.0448418986722787,5.66122243995234e-10,0.0614333262698727,0.0614333257037505,0.0448418986722787,5.66122243995234e-10,0.0614333262698727,0.0614333257037505
"GP_NET","GP-Net","network",FALSE,38,0,0,"true zero",0.0199011682888017,3.11777864917157e-10,0.0212385406447435,0.0212385403329656,0.0199011682888017,3.11777864917157e-10,0.0212385406447435,0.0212385403329656,0.0199011682888017,3.11777864917157e-10,0.0212385406447435,0.0212385403329656,0.0199011682888017,3.11777864917157e-10,0.0212385406447435,0.0212385403329656
"GP_NET","GP-Net","network",FALSE,39,0,0,"true zero",0.141674278954291,1.1865415322141e-05,0.238532611456287,0.238520746040964,0.141674278954291,1.1865415322141e-05,0.238532611456287,0.238520746040964,0.141674278954291,1.1865415322141e-05,0.238532611456287,0.238520746040964,0.141674278954291,1.1865415322141e-05,0.238532611456287,0.238520746040964
"GP_NET","GP-Net","network",FALSE,40,0,0,"true zero",0.0467653738268021,1.13588557501753e-08,0.0726322255127091,0.0726322141538533,0.0467653738268021,1.13588557501753e-08,0.0726322255127091,0.0726322141538533,0.0467653738268021,1.13588557501753e-08,0.0726322255127091,0.0726322141538533,0.0467653738268021,1.13588557501753e-08,0.0726322255127091,0.0726322141538533
"GP_NET","GP-Net","network",FALSE,41,0,0,"true zero",0.0258671739278411,1.11553933668462e-08,0.029229474510523,0.0292294633551296,0.0258671739278411,1.11553933668462e-08,0.029229474510523,0.0292294633551296,0.0258671739278411,1.11553933668462e-08,0.029229474510523,0.0292294633551296,0.0258671739278411,1.11553933668462e-08,0.029229474510523,0.0292294633551296
"GP_NET","GP-Net","network",FALSE,42,0,0,"true zero",0.00750660230757227,9.51572444968424e-10,0.00628025351629755,0.00628025256472511,0.00750660230757227,9.51572444968424e-10,0.00628025351629755,0.00628025256472511,0.00750660230757227,9.51572444968424e-10,0.00628025351629755,0.00628025256472511,0.00750660230757227,9.51572444968424e-10,0.00628025351629755,0.00628025256472511
"GP_NET","GP-Net","network",FALSE,43,0,0,"true zero",0.0235601860164837,2.20631189313887e-08,0.0267592028665583,0.0267591808034394,0.0235601860164837,2.20631189313887e-08,0.0267592028665583,0.0267591808034394,0.0235601860164837,2.20631189313887e-08,0.0267592028665583,0.0267591808034394,0.0235601860164837,2.20631189313887e-08,0.0267592028665583,0.0267591808034394
"GP_NET","GP-Net","network",FALSE,44,0,0,"true zero",0.00987764992583198,9.52793561185086e-11,0.00966683310395847,0.00966683300867912,0.00987764992583198,9.52793561185086e-11,0.00966683310395847,0.00966683300867912,0.00987764992583198,9.52793561185086e-11,0.00966683310395847,0.00966683300867912,0.00987764992583198,9.52793561185086e-11,0.00966683310395847,0.00966683300867912
"GP_NET","GP-Net","network",FALSE,45,0,0,"true zero",0.0342545988514092,2.79709045438446e-08,0.0404680890414243,0.0404680610705198,0.0342545988514092,2.79709045438446e-08,0.0404680890414243,0.0404680610705198,0.0342545988514092,2.79709045438446e-08,0.0404680890414243,0.0404680610705198,0.0342545988514092,2.79709045438446e-08,0.0404680890414243,0.0404680610705198
"GP_NET","GP-Net","network",FALSE,46,0,0,"true zero",0.214331878639543,8.45049524734197e-06,0.374979856950961,0.374971406455713,0.214331878639543,8.45049524734197e-06,0.374979856950961,0.374971406455713,0.214331878639543,8.45049524734197e-06,0.374979856950961,0.374971406455713,0.214331878639543,8.45049524734197e-06,0.374979856950961,0.374971406455713
"GP_NET","GP-Net","network",FALSE,47,0,0,"true zero",0.0361524145823307,4.41013660288197e-09,0.0452619332538356,0.045261928843699,0.0361524145823307,4.41013660288197e-09,0.0452619332538356,0.045261928843699,0.0361524145823307,4.41013660288197e-09,0.0452619332538356,0.045261928843699,0.0361524145823307,4.41013660288197e-09,0.0452619332538356,0.045261928843699
"GP_NET","GP-Net","network",FALSE,48,0,0,"true zero",0.0624791053995068,5.21622553758805e-08,0.0964451076743019,0.0964450555120465,0.0624791053995068,5.21622553758805e-08,0.0964451076743019,0.0964450555120465,0.0624791053995068,5.21622553758805e-08,0.0964451076743019,0.0964450555120465,0.0624791053995068,5.21622553758805e-08,0.0964451076743019,0.0964450555120465
"GP_NET","GP-Net","network",FALSE,49,0,0,"true zero",0.0871917310578985,9.33316528119101e-07,0.134261467771416,0.134260534454888,0.0871917310578985,9.33316528119101e-07,0.134261467771416,0.134260534454888,0.0871917310578985,9.33316528119101e-07,0.134261467771416,0.134260534454888,0.0871917310578985,9.33316528119101e-07,0.134261467771416,0.134260534454888
"GP_NET","GP-Net","network",FALSE,50,0,0,"true zero",0.0139967827413814,1.6278437899422e-10,0.0148081894142043,0.0148081892514199,0.0139967827413814,1.6278437899422e-10,0.0148081894142043,0.0148081892514199,0.0139967827413814,1.6278437899422e-10,0.0148081894142043,0.0148081892514199,0.0139967827413814,1.6278437899422e-10,0.0148081894142043,0.0148081892514199
"GP_NET","GP-Net","network",FALSE,51,0,0,"true zero",0.0163508421575682,2.67567093747002e-10,0.0182262473016353,0.0182262470340682,0.0163508421575682,2.67567093747002e-10,0.0182262473016353,0.0182262470340682,0.0163508421575682,2.67567093747002e-10,0.0182262473016353,0.0182262470340682,0.0163508421575682,2.67567093747002e-10,0.0182262473016353,0.0182262470340682
"GP_NET","GP-Net","network",FALSE,52,0,0,"true zero",0.0188752281897441,4.9240784223077e-10,0.0213276901236316,0.0213276896312238,0.0188752281897441,4.9240784223077e-10,0.0213276901236316,0.0213276896312238,0.0188752281897441,4.9240784223077e-10,0.0213276901236316,0.0213276896312238,0.0188752281897441,4.9240784223077e-10,0.0213276901236316,0.0213276896312238
"GP_NET","GP-Net","network",FALSE,53,0,0,"true zero",0.0227241248042931,8.451572360006e-09,0.026908506106689,0.0269084976551167,0.0227241248042931,8.451572360006e-09,0.026908506106689,0.0269084976551167,0.0227241248042931,8.451572360006e-09,0.026908506106689,0.0269084976551167,0.0227241248042931,8.451572360006e-09,0.026908506106689,0.0269084976551167
"GP_NET","GP-Net","network",FALSE,54,0,0,"true zero",0.0171699049923583,1.20986245682332e-08,0.017192328918275,0.0171923168196505,0.0171699049923583,1.20986245682332e-08,0.017192328918275,0.0171923168196505,0.0171699049923583,1.20986245682332e-08,0.017192328918275,0.0171923168196505,0.0171699049923583,1.20986245682332e-08,0.017192328918275,0.0171923168196505
"GP_NET","GP-Net","network",FALSE,55,0,0,"true zero",0.191183009447399,1.37102486023005e-06,0.326596805159503,0.326595434134643,0.191183009447399,1.37102486023005e-06,0.326596805159503,0.326595434134643,0.191183009447399,1.37102486023005e-06,0.326596805159503,0.326595434134643,0.191183009447399,1.37102486023005e-06,0.326596805159503,0.326595434134643
"GP_NET","GP-Net","network",FALSE,56,0,0,"true zero",0.0591052926510039,2.48547101711929e-07,0.0866408685059549,0.0866406199588532,0.0591052926510039,2.48547101711929e-07,0.0866408685059549,0.0866406199588532,0.0591052926510039,2.48547101711929e-07,0.0866408685059549,0.0866406199588532,0.0591052926510039,2.48547101711929e-07,0.0866408685059549,0.0866406199588532
"GP_NET","GP-Net","network",FALSE,57,0,0,"true zero",0.0725970899561243,2.23241666817643e-07,0.109623233388049,0.109623010146382,0.0725970899561243,2.23241666817643e-07,0.109623233388049,0.109623010146382,0.0725970899561243,2.23241666817643e-07,0.109623233388049,0.109623010146382,0.0725970899561243,2.23241666817643e-07,0.109623233388049,0.109623010146382
"GP_NET","GP-Net","network",FALSE,58,0,0,"true zero",0.0291824404922299,3.45418605318621e-08,0.0341713450220478,0.0341713104801872,0.0291824404922299,3.45418605318621e-08,0.0341713450220478,0.0341713104801872,0.0291824404922299,3.45418605318621e-08,0.0341713450220478,0.0341713104801872,0.0291824404922299,3.45418605318621e-08,0.0341713450220478,0.0341713104801872
"GP_NET","GP-Net","network",FALSE,59,0,0,"true zero",0.0526319789368404,6.2542658655897e-08,0.0715936466532172,0.0715935841105585,0.0526319789368404,6.2542658655897e-08,0.0715936466532172,0.0715935841105585,0.0526319789368404,6.2542658655897e-08,0.0715936466532172,0.0715935841105585,0.0526319789368404,6.2542658655897e-08,0.0715936466532172,0.0715935841105585
"GP_NET","GP-Net","network",FALSE,60,0,0,"true zero",0.0507269587567602,9.90140494623162e-08,0.0744458281342636,0.0744457291202141,0.0507269587567602,9.90140494623162e-08,0.0744458281342636,0.0744457291202141,0.0507269587567602,9.90140494623162e-08,0.0744458281342636,0.0744457291202141,0.0507269587567602,9.90140494623162e-08,0.0744458281342636,0.0744457291202141
"GP_NET","GP-Net","network",FALSE,61,0,0,"true zero",0.0338794676440564,6.69365869888858e-08,0.04677676366002,0.046776696723433,0.0338794676440564,6.69365869888858e-08,0.04677676366002,0.046776696723433,0.0338794676440564,6.69365869888858e-08,0.04677676366002,0.046776696723433,0.0338794676440564,6.69365869888858e-08,0.04677676366002,0.046776696723433
"GP_NET","GP-Net","network",FALSE,62,0,0,"true zero",0.121927466385973,1.34919459829306e-06,0.204292994913733,0.204291645719135,0.121927466385973,1.34919459829306e-06,0.204292994913733,0.204291645719135,0.121927466385973,1.34919459829306e-06,0.204292994913733,0.204291645719135,0.121927466385973,1.34919459829306e-06,0.204292994913733,0.204291645719135
"GP_NET","GP-Net","network",FALSE,63,0,0,"true zero",0.0211090605723445,4.47828312152109e-10,0.0265052797852398,0.0265052793374115,0.0211090605723445,4.47828312152109e-10,0.0265052797852398,0.0265052793374115,0.0211090605723445,4.47828312152109e-10,0.0265052797852398,0.0265052793374115,0.0211090605723445,4.47828312152109e-10,0.0265052797852398,0.0265052793374115
"GP_NET","GP-Net","network",FALSE,64,0,0,"true zero",0.0194895378550131,2.11627471794564e-10,0.0238928013839608,0.0238928011723333,0.0194895378550131,2.11627471794564e-10,0.0238928013839608,0.0238928011723333,0.0194895378550131,2.11627471794564e-10,0.0238928013839608,0.0238928011723333,0.0194895378550131,2.11627471794564e-10,0.0238928013839608,0.0238928011723333
"GP_NET","GP-Net","network",FALSE,65,0,0,"true zero",0.124513441235521,9.37954252999359e-09,0.204942554706196,0.204942545326654,0.124513441235521,9.37954252999359e-09,0.204942554706196,0.204942545326654,0.124513441235521,9.37954252999359e-09,0.204942554706196,0.204942545326654,0.124513441235521,9.37954252999359e-09,0.204942554706196,0.204942545326654
"GP_NET","GP-Net","network",FALSE,66,0,0,"true zero",0.0605568059029273,2.85456417179287e-10,0.0897517832503513,0.0897517829648948,0.0605568059029273,2.85456417179287e-10,0.0897517832503513,0.0897517829648948,0.0605568059029273,2.85456417179287e-10,0.0897517832503513,0.0897517829648948,0.0605568059029273,2.85456417179287e-10,0.0897517832503513,0.0897517829648948
"GP_NET","GP-Net","network",FALSE,67,0,0,"true zero",0.0688882411121849,8.8045834993285e-08,0.101927341147485,0.10192725310165,0.0688882411121849,8.8045834993285e-08,0.101927341147485,0.10192725310165,0.0688882411121849,8.8045834993285e-08,0.101927341147485,0.10192725310165,0.0688882411121849,8.8045834993285e-08,0.101927341147485,0.10192725310165
"GP_NET","GP-Net","network",FALSE,68,0,0,"true zero",0.0519472531593532,2.23742517114283e-07,0.07531192642633,0.0753117026838129,0.0519472531593532,2.23742517114283e-07,0.07531192642633,0.0753117026838129,0.0519472531593532,2.23742517114283e-07,0.07531192642633,0.0753117026838129,0.0519472531593532,2.23742517114283e-07,0.07531192642633,0.0753117026838129
"GP_NET","GP-Net","network",FALSE,69,0,0,"true zero",0.0459678628695508,1.83144426152117e-08,0.0629807181457938,0.0629806998313512,0.0459678628695508,1.83144426152117e-08,0.0629807181457938,0.0629806998313512,0.0459678628695508,1.83144426152117e-08,0.0629807181457938,0.0629806998313512,0.0459678628695508,1.83144426152117e-08,0.0629807181457938,0.0629806998313512
"GP_NET","GP-Net","network",FALSE,70,0,0,"true zero",0.173786494885963,6.04275634528804e-07,0.292847628903243,0.292847024627608,0.173786494885963,6.04275634528804e-07,0.292847628903243,0.292847024627608,0.173786494885963,6.04275634528804e-07,0.292847628903243,0.292847024627608,0.173786494885963,6.04275634528804e-07,0.292847628903243,0.292847024627608
"GP_NET","GP-Net","network",FALSE,71,1,0,"hidden positive",0.24336764026025,2.28297407759841e-06,0.431366358124425,0.431364075150347,0.24336764026025,2.28297407759841e-06,0.431366358124425,0.431364075150347,0.24336764026025,2.28297407759841e-06,0.431366358124425,0.431364075150347,0.24336764026025,2.28297407759841e-06,0.431366358124425,0.431364075150347
"GP_NET","GP-Net","network",FALSE,72,1,0,"hidden positive",0.106396960005698,1.56948709103865e-07,0.180620224401189,0.180620067452479,0.106396960005698,1.56948709103865e-07,0.180620224401189,0.180620067452479,0.106396960005698,1.56948709103865e-07,0.180620224401189,0.180620067452479,0.106396960005698,1.56948709103865e-07,0.180620224401189,0.180620067452479
"GP_NET","GP-Net","network",FALSE,73,1,0,"hidden positive",0.304261807655576,7.14668515043254e-05,0.53062550165016,0.530554034798656,0.304261807655576,7.14668515043254e-05,0.53062550165016,0.530554034798656,0.304261807655576,7.14668515043254e-05,0.53062550165016,0.530554034798656,0.304261807655576,7.14668515043254e-05,0.53062550165016,0.530554034798656
"GP_NET","GP-Net","network",FALSE,74,1,0,"hidden positive",0.559448434464606,0.264331320452556,0.96364474334411,0.699313422891554,0.559448434464606,0.264331320452556,0.96364474334411,0.699313422891554,0.559448434464606,0.264331320452556,0.96364474334411,0.699313422891554,0.559448434464606,0.264331320452556,0.96364474334411,0.699313422891554
"GP_NET","GP-Net","network",FALSE,75,1,0,"hidden positive",0.610567594007148,0.347592335030833,0.996930084234069,0.649337749203236,0.610567594007148,0.347592335030833,0.996930084234069,0.649337749203236,0.610567594007148,0.347592335030833,0.996930084234069,0.649337749203236,0.610567594007148,0.347592335030833,0.996930084234069,0.649337749203236
"GP_NET","GP-Net","network",FALSE,76,1,0,"hidden positive",0.380366361946164,0.000149049719308498,0.631465340512134,0.631316290792826,0.380366361946164,0.000149049719308498,0.631465340512134,0.631316290792826,0.380366361946164,0.000149049719308498,0.631465340512134,0.631316290792826,0.380366361946164,0.000149049719308498,0.631465340512134,0.631316290792826
"GP_NET","GP-Net","network",FALSE,77,1,0,"hidden positive",0.19172329969625,6.17718003751401e-07,0.346158401061525,0.346157783343521,0.19172329969625,6.17718003751401e-07,0.346158401061525,0.346157783343521,0.19172329969625,6.17718003751401e-07,0.346158401061525,0.346157783343521,0.19172329969625,6.17718003751401e-07,0.346158401061525,0.346157783343521
"GP_NET","GP-Net","network",FALSE,78,1,0,"hidden positive",0.230353296918817,2.78609369276455e-06,0.40606949958776,0.406066713494067,0.230353296918817,2.78609369276455e-06,0.40606949958776,0.406066713494067,0.230353296918817,2.78609369276455e-06,0.40606949958776,0.406066713494067,0.230353296918817,2.78609369276455e-06,0.40606949958776,0.406066713494067
"GP_NET","GP-Net","network",FALSE,79,1,0,"hidden positive",0.147217084971898,1.06035976771132e-07,0.262093649951116,0.262093543915139,0.147217084971898,1.06035976771132e-07,0.262093649951116,0.262093543915139,0.147217084971898,1.06035976771132e-07,0.262093649951116,0.262093543915139,0.147217084971898,1.06035976771132e-07,0.262093649951116,0.262093543915139
"GP_NET","GP-Net","network",FALSE,80,1,0,"hidden positive",0.109431242608552,5.64421749498345e-07,0.17539060034144,0.17539003591969,0.109431242608552,5.64421749498345e-07,0.17539060034144,0.17539003591969,0.109431242608552,5.64421749498345e-07,0.17539060034144,0.17539003591969,0.109431242608552,5.64421749498345e-07,0.17539060034144,0.17539003591969
"GP_NET","GP-Net","network",FALSE,81,1,1,"observed positive",0.664262764118585,0.412495783434951,0.999975620418518,0.587479836983567,0.664262764118585,0.412495783434951,0.999975620418518,0.587479836983567,0.664262764118585,0.412495783434951,0.999975620418518,0.587479836983567,0.664262764118585,0.412495783434951,0.999975620418518,0.587479836983567
"GP_NET","GP-Net","network",FALSE,82,1,1,"observed positive",0.840130667035085,0.725999343794907,0.999999811478477,0.27400046768357,0.840130667035085,0.725999343794907,0.999999811478477,0.27400046768357,0.840130667035085,0.725999343794907,0.999999811478477,0.27400046768357,0.840130667035085,0.725999343794907,0.999999811478477,0.27400046768357
"GP_NET","GP-Net","network",FALSE,83,1,1,"observed positive",0.610109324028011,0.34252740410805,0.999962561563596,0.657435157455545,0.610109324028011,0.34252740410805,0.999962561563596,0.657435157455545,0.610109324028011,0.34252740410805,0.999962561563596,0.657435157455545,0.610109324028011,0.34252740410805,0.999962561563596,0.657435157455545
"GP_NET","GP-Net","network",FALSE,84,1,1,"observed positive",0.519460064675665,0.234364326185222,0.999925641661972,0.76556131547675,0.519460064675665,0.234364326185222,0.999925641661972,0.76556131547675,0.519460064675665,0.234364326185222,0.999925641661972,0.76556131547675,0.519460064675665,0.234364326185222,0.999925641661972,0.76556131547675
"GP_NET","GP-Net","network",FALSE,85,1,1,"observed positive",0.664350269211412,0.421182226635992,0.99996880563993,0.578786579003938,0.664350269211412,0.421182226635992,0.99996880563993,0.578786579003938,0.664350269211412,0.421182226635992,0.99996880563993,0.578786579003938,0.664350269211412,0.421182226635992,0.99996880563993,0.578786579003938
"GP_NET","GP-Net","network",FALSE,86,1,1,"observed positive",0.736753326455306,0.532926118490424,0.999998283054576,0.467072164564153,0.736753326455306,0.532926118490424,0.999998283054576,0.467072164564153,0.736753326455306,0.532926118490424,0.999998283054576,0.467072164564153,0.736753326455306,0.532926118490424,0.999998283054576,0.467072164564153
"GP_NET","GP-Net","network",FALSE,87,1,1,"observed positive",0.56100243524673,0.29204196382094,0.994961602456671,0.702919638635731,0.56100243524673,0.29204196382094,0.994961602456671,0.702919638635731,0.56100243524673,0.29204196382094,0.994961602456671,0.702919638635731,0.56100243524673,0.29204196382094,0.994961602456671,0.702919638635731
"GP_NET","GP-Net","network",FALSE,88,1,1,"observed positive",0.51834074027272,0.14904860271774,0.906078690730667,0.757030088012927,0.51834074027272,0.14904860271774,0.906078690730667,0.757030088012927,0.51834074027272,0.14904860271774,0.906078690730667,0.757030088012927,0.51834074027272,0.14904860271774,0.906078690730667,0.757030088012927
"GP_NET","GP-Net","network",FALSE,89,1,1,"observed positive",0.746153061184751,0.558704821940386,0.999999397625726,0.44129457568534,0.746153061184751,0.558704821940386,0.999999397625726,0.44129457568534,0.746153061184751,0.558704821940386,0.999999397625726,0.44129457568534,0.746153061184751,0.558704821940386,0.999999397625726,0.44129457568534
"GP_NET","GP-Net","network",FALSE,90,1,1,"observed positive",0.562095770982648,0.295639976169264,0.999322454851467,0.703682478682203,0.562095770982648,0.295639976169264,0.999322454851467,0.703682478682203,0.562095770982648,0.295639976169264,0.999322454851467,0.703682478682203,0.562095770982648,0.295639976169264,0.999322454851467,0.703682478682203
"GP_NET","GP-Net","network",FALSE,91,1,1,"observed positive",0.594426222286945,0.326315143860372,0.999903003987546,0.673587860127174,0.594426222286945,0.326315143860372,0.999903003987546,0.673587860127174,0.594426222286945,0.326315143860372,0.999903003987546,0.673587860127174,0.594426222286945,0.326315143860372,0.999903003987546,0.673587860127174
"GP_NET","GP-Net","network",FALSE,92,1,1,"observed positive",0.414490824411919,0.0138331931410129,0.699530775821873,0.68569758268086,0.414490824411919,0.0138331931410129,0.699530775821873,0.68569758268086,0.414490824411919,0.0138331931410129,0.699530775821873,0.68569758268086,0.414490824411919,0.0138331931410129,0.699530775821873,0.68569758268086
"GP_NET","GP-Net","network",FALSE,93,1,1,"observed positive",0.741947555555579,0.538395592652875,0.999996676501986,0.461601083849111,0.741947555555579,0.538395592652875,0.999996676501986,0.461601083849111,0.741947555555579,0.538395592652875,0.999996676501986,0.461601083849111,0.741947555555579,0.538395592652875,0.999996676501986,0.461601083849111
"GP_NET","GP-Net","network",FALSE,94,1,1,"observed positive",0.690945623293765,0.458279987003371,0.9999853725078,0.541705385504428,0.690945623293765,0.458279987003371,0.9999853725078,0.541705385504428,0.690945623293765,0.458279987003371,0.9999853725078,0.541705385504428,0.690945623293765,0.458279987003371,0.9999853725078,0.541705385504428
"GP_NET","GP-Net","network",FALSE,95,1,1,"observed positive",0.400507192188382,0.0123002707502918,0.689225969691849,0.676925698941557,0.400507192188382,0.0123002707502918,0.689225969691849,0.676925698941557,0.400507192188382,0.0123002707502918,0.689225969691849,0.676925698941557,0.400507192188382,0.0123002707502918,0.689225969691849,0.676925698941557
"GP_NET","GP-Net","network",FALSE,96,1,1,"observed positive",0.854638195993537,0.755649650141085,0.999998692872123,0.244349042731038,0.854638195993537,0.755649650141085,0.999998692872123,0.244349042731038,0.854638195993537,0.755649650141085,0.999998692872123,0.244349042731038,0.854638195993537,0.755649650141085,0.999998692872123,0.244349042731038
"GP_NET","GP-Net","network",FALSE,97,1,1,"observed positive",0.813646586585313,0.670868495553289,0.999980765242118,0.329112269688829,0.813646586585313,0.670868495553289,0.999980765242118,0.329112269688829,0.813646586585313,0.670868495553289,0.999980765242118,0.329112269688829,0.813646586585313,0.670868495553289,0.999980765242118,0.329112269688829
"GP_NET","GP-Net","network",FALSE,98,1,1,"observed positive",0.354944008644895,0.000981744791777729,0.606705417193384,0.605723672401606,0.354944008644895,0.000981744791777729,0.606705417193384,0.605723672401606,0.354944008644895,0.000981744791777729,0.606705417193384,0.605723672401606,0.354944008644895,0.000981744791777729,0.606705417193384,0.605723672401606
"GP_NET","GP-Net","network",FALSE,99,1,1,"observed positive",0.602478451070942,0.324258528406027,0.999397542083148,0.67513901367712,0.602478451070942,0.324258528406027,0.999397542083148,0.67513901367712,0.602478451070942,0.324258528406027,0.999397542083148,0.67513901367712,0.602478451070942,0.324258528406027,0.999397542083148,0.67513901367712
"GP_NET","GP-Net","network",FALSE,100,1,1,"observed positive",0.206387984126293,0.000104677435606031,0.367690699708219,0.367586022272613,0.206387984126293,0.000104677435606031,0.367690699708219,0.367586022272613,0.206387984126293,0.000104677435606031,0.367690699708219,0.367586022272613,0.206387984126293,0.000104677435606031,0.367690699708219,0.367586022272613
"GP_POE","GP-PoE","cov + network",FALSE,1,0,0,"true zero",0.0777120007093199,1.75646570430035e-08,0.117714175624994,0.117714158060337,0.0777120007093199,1.75646570430035e-08,0.117714175624994,0.117714158060337,0.0777120007093199,1.75646570430035e-08,0.117714175624994,0.117714158060337,0.0777120007093199,1.75646570430035e-08,0.117714175624994,0.117714158060337
"GP_POE","GP-PoE","cov + network",FALSE,2,0,0,"true zero",0.115455440779774,4.64451310250344e-07,0.192881294777707,0.192880830326397,0.115455440779774,4.64451310250344e-07,0.192881294777707,0.192880830326397,0.115455440779774,4.64451310250344e-07,0.192881294777707,0.192880830326397,0.115455440779774,4.64451310250344e-07,0.192881294777707,0.192880830326397
"GP_POE","GP-PoE","cov + network",FALSE,3,0,0,"true zero",0.141231511829378,4.43640799554521e-06,0.239825678829986,0.23982124242199,0.141231511829378,4.43640799554521e-06,0.239825678829986,0.23982124242199,0.141231511829378,4.43640799554521e-06,0.239825678829986,0.23982124242199,0.141231511829378,4.43640799554521e-06,0.239825678829986,0.23982124242199
"GP_POE","GP-PoE","cov + network",FALSE,4,0,0,"true zero",0.0144069945974199,1.21770806505988e-07,0.0131395541181165,0.01313943234731,0.0144069945974199,1.21770806505988e-07,0.0131395541181165,0.01313943234731,0.0144069945974199,1.21770806505988e-07,0.0131395541181165,0.01313943234731,0.0144069945974199,1.21770806505988e-07,0.0131395541181165,0.01313943234731
"GP_POE","GP-PoE","cov + network",FALSE,5,0,0,"true zero",0.0215805737014229,5.42963842668405e-09,0.0238724970725547,0.0238724916429163,0.0215805737014229,5.42963842668405e-09,0.0238724970725547,0.0238724916429163,0.0215805737014229,5.42963842668405e-09,0.0238724970725547,0.0238724916429163,0.0215805737014229,5.42963842668405e-09,0.0238724970725547,0.0238724916429163
"GP_POE","GP-PoE","cov + network",FALSE,6,0,0,"true zero",0.0490592593882897,1.16756732649139e-08,0.0602171464336245,0.0602171347579512,0.0490592593882897,1.16756732649139e-08,0.0602171464336245,0.0602171347579512,0.0490592593882897,1.16756732649139e-08,0.0602171464336245,0.0602171347579512,0.0490592593882897,1.16756732649139e-08,0.0602171464336245,0.0602171347579512
"GP_POE","GP-PoE","cov + network",FALSE,7,0,0,"true zero",0.138427169849853,7.64073003935079e-07,0.238453840622085,0.238453076549081,0.138427169849853,7.64073003935079e-07,0.238453840622085,0.238453076549081,0.138427169849853,7.64073003935079e-07,0.238453840622085,0.238453076549081,0.138427169849853,7.64073003935079e-07,0.238453840622085,0.238453076549081
"GP_POE","GP-PoE","cov + network",FALSE,8,0,0,"true zero",0.0216710842972489,5.58875609502279e-08,0.0258904550170451,0.0258903991294842,0.0216710842972489,5.58875609502279e-08,0.0258904550170451,0.0258903991294842,0.0216710842972489,5.58875609502279e-08,0.0258904550170451,0.0258903991294842,0.0216710842972489,5.58875609502279e-08,0.0258904550170451,0.0258903991294842
"GP_POE","GP-PoE","cov + network",FALSE,9,0,0,"true zero",0.0874542523015569,7.386523567061e-07,0.139339402715891,0.139338664063535,0.0874542523015569,7.386523567061e-07,0.139339402715891,0.139338664063535,0.0874542523015569,7.386523567061e-07,0.139339402715891,0.139338664063535,0.0874542523015569,7.386523567061e-07,0.139339402715891,0.139338664063535
"GP_POE","GP-PoE","cov + network",FALSE,10,0,0,"true zero",0.0457085452123894,2.0547826327455e-07,0.057780456994124,0.0577802515158607,0.0457085452123894,2.0547826327455e-07,0.057780456994124,0.0577802515158607,0.0457085452123894,2.0547826327455e-07,0.057780456994124,0.0577802515158607,0.0457085452123894,2.0547826327455e-07,0.057780456994124,0.0577802515158607
"GP_POE","GP-PoE","cov + network",FALSE,11,0,0,"true zero",0.0906571481009079,2.05854560298406e-06,0.145829840641148,0.145827782095545,0.0906571481009079,2.05854560298406e-06,0.145829840641148,0.145827782095545,0.0906571481009079,2.05854560298406e-06,0.145829840641148,0.145827782095545,0.0906571481009079,2.05854560298406e-06,0.145829840641148,0.145827782095545
"GP_POE","GP-PoE","cov + network",FALSE,12,0,0,"true zero",0.0228694987606248,2.14338672748019e-07,0.0242657432839206,0.0242655289452478,0.0228694987606248,2.14338672748019e-07,0.0242657432839206,0.0242655289452478,0.0228694987606248,2.14338672748019e-07,0.0242657432839206,0.0242655289452478,0.0228694987606248,2.14338672748019e-07,0.0242657432839206,0.0242655289452478
"GP_POE","GP-PoE","cov + network",FALSE,13,0,0,"true zero",0.125076549863788,6.56327102930899e-06,0.212138479210329,0.212131915939299,0.125076549863788,6.56327102930899e-06,0.212138479210329,0.212131915939299,0.125076549863788,6.56327102930899e-06,0.212138479210329,0.212131915939299,0.125076549863788,6.56327102930899e-06,0.212138479210329,0.212131915939299
"GP_POE","GP-PoE","cov + network",FALSE,14,0,0,"true zero",0.00455790148830163,1.8741274996209e-09,0.0027137709366011,0.0027137690624736,0.00455790148830163,1.8741274996209e-09,0.0027137709366011,0.0027137690624736,0.00455790148830163,1.8741274996209e-09,0.0027137709366011,0.0027137690624736,0.00455790148830163,1.8741274996209e-09,0.0027137709366011,0.0027137690624736
"GP_POE","GP-PoE","cov + network",FALSE,15,0,0,"true zero",0.120329774572287,2.88491115741197e-06,0.196761328495204,0.196758443584047,0.120329774572287,2.88491115741197e-06,0.196761328495204,0.196758443584047,0.120329774572287,2.88491115741197e-06,0.196761328495204,0.196758443584047,0.120329774572287,2.88491115741197e-06,0.196761328495204,0.196758443584047
"GP_POE","GP-PoE","cov + network",FALSE,16,0,0,"true zero",0.130748499630727,8.60879773791634e-08,0.223906465167173,0.223906379079196,0.130748499630727,8.60879773791634e-08,0.223906465167173,0.223906379079196,0.130748499630727,8.60879773791634e-08,0.223906465167173,0.223906379079196,0.130748499630727,8.60879773791634e-08,0.223906465167173,0.223906379079196
"GP_POE","GP-PoE","cov + network",FALSE,17,0,0,"true zero",0.0125862283065143,3.1159114463317e-08,0.0115213905290013,0.0115213593698868,0.0125862283065143,3.1159114463317e-08,0.0115213905290013,0.0115213593698868,0.0125862283065143,3.1159114463317e-08,0.0115213905290013,0.0115213593698868,0.0125862283065143,3.1159114463317e-08,0.0115213905290013,0.0115213593698868
"GP_POE","GP-PoE","cov + network",FALSE,18,0,0,"true zero",0.0292441387628647,6.51191375935331e-08,0.0331689116697675,0.0331688465506299,0.0292441387628647,6.51191375935331e-08,0.0331689116697675,0.0331688465506299,0.0292441387628647,6.51191375935331e-08,0.0331689116697675,0.0331688465506299,0.0292441387628647,6.51191375935331e-08,0.0331689116697675,0.0331688465506299
"GP_POE","GP-PoE","cov + network",FALSE,19,0,0,"true zero",0.0552705800760044,2.7802981218567e-07,0.0759119803477519,0.0759117023179397,0.0552705800760044,2.7802981218567e-07,0.0759119803477519,0.0759117023179397,0.0552705800760044,2.7802981218567e-07,0.0759119803477519,0.0759117023179397,0.0552705800760044,2.7802981218567e-07,0.0759119803477519,0.0759117023179397
"GP_POE","GP-PoE","cov + network",FALSE,20,0,0,"true zero",0.00575948373286847,1.02497453708304e-10,0.00459681800748793,0.00459681790499048,0.00575948373286847,1.02497453708304e-10,0.00459681800748793,0.00459681790499048,0.00575948373286847,1.02497453708304e-10,0.00459681800748793,0.00459681790499048,0.00575948373286847,1.02497453708304e-10,0.00459681800748793,0.00459681790499048
"GP_POE","GP-PoE","cov + network",FALSE,21,0,0,"true zero",0.0177611731635145,3.02637937107697e-08,0.0196893821197141,0.0196893518559204,0.0177611731635145,3.02637937107697e-08,0.0196893821197141,0.0196893518559204,0.0177611731635145,3.02637937107697e-08,0.0196893821197141,0.0196893518559204,0.0177611731635145,3.02637937107697e-08,0.0196893821197141,0.0196893518559204
"GP_POE","GP-PoE","cov + network",FALSE,22,0,0,"true zero",0.08134706321913,4.40680376587919e-07,0.122373895528302,0.122373454847925,0.08134706321913,4.40680376587919e-07,0.122373895528302,0.122373454847925,0.08134706321913,4.40680376587919e-07,0.122373895528302,0.122373454847925,0.08134706321913,4.40680376587919e-07,0.122373895528302,0.122373454847925
"GP_POE","GP-PoE","cov + network",FALSE,23,0,0,"true zero",0.0171142590435349,1.4594702691114e-07,0.0164924156339744,0.0164922696869475,0.0171142590435349,1.4594702691114e-07,0.0164924156339744,0.0164922696869475,0.0171142590435349,1.4594702691114e-07,0.0164924156339744,0.0164922696869475,0.0171142590435349,1.4594702691114e-07,0.0164924156339744,0.0164922696869475
"GP_POE","GP-PoE","cov + network",FALSE,24,0,0,"true zero",0.00934157830794607,5.01303233254424e-09,0.00899592652070013,0.0089959215076678,0.00934157830794607,5.01303233254424e-09,0.00899592652070013,0.0089959215076678,0.00934157830794607,5.01303233254424e-09,0.00899592652070013,0.0089959215076678,0.00934157830794607,5.01303233254424e-09,0.00899592652070013,0.0089959215076678
"GP_POE","GP-PoE","cov + network",FALSE,25,0,0,"true zero",0.095319769301376,1.97004906480537e-06,0.150709250718129,0.150707280669064,0.095319769301376,1.97004906480537e-06,0.150709250718129,0.150707280669064,0.095319769301376,1.97004906480537e-06,0.150709250718129,0.150707280669064,0.095319769301376,1.97004906480537e-06,0.150709250718129,0.150707280669064
"GP_POE","GP-PoE","cov + network",FALSE,26,0,0,"true zero",0.0448144067105955,1.39951001196328e-06,0.0590290221315758,0.0590276226215639,0.0448144067105955,1.39951001196328e-06,0.0590290221315758,0.0590276226215639,0.0448144067105955,1.39951001196328e-06,0.0590290221315758,0.0590276226215639,0.0448144067105955,1.39951001196328e-06,0.0590290221315758,0.0590276226215639
"GP_POE","GP-PoE","cov + network",FALSE,27,0,0,"true zero",0.198571004435131,1.61706921359752e-05,0.351595941331288,0.351579770639152,0.198571004435131,1.61706921359752e-05,0.351595941331288,0.351579770639152,0.198571004435131,1.61706921359752e-05,0.351595941331288,0.351579770639152,0.198571004435131,1.61706921359752e-05,0.351595941331288,0.351579770639152
"GP_POE","GP-PoE","cov + network",FALSE,28,0,0,"true zero",0.0191897951469529,6.6275793770597e-10,0.0173281991987001,0.0173281985359422,0.0191897951469529,6.6275793770597e-10,0.0173281991987001,0.0173281985359422,0.0191897951469529,6.6275793770597e-10,0.0173281991987001,0.0173281985359422,0.0191897951469529,6.6275793770597e-10,0.0173281991987001,0.0173281985359422
"GP_POE","GP-PoE","cov + network",FALSE,29,0,0,"true zero",0.00971987627361824,4.86286287875437e-09,0.00994282646574064,0.00994282160287776,0.00971987627361824,4.86286287875437e-09,0.00994282646574064,0.00994282160287776,0.00971987627361824,4.86286287875437e-09,0.00994282646574064,0.00994282160287776,0.00971987627361824,4.86286287875437e-09,0.00994282646574064,0.00994282160287776
"GP_POE","GP-PoE","cov + network",FALSE,30,0,0,"true zero",0.0713190968119982,6.82794776095691e-08,0.104405734347462,0.104405666067985,0.0713190968119982,6.82794776095691e-08,0.104405734347462,0.104405666067985,0.0713190968119982,6.82794776095691e-08,0.104405734347462,0.104405666067985,0.0713190968119982,6.82794776095691e-08,0.104405734347462,0.104405666067985
"GP_POE","GP-PoE","cov + network",FALSE,31,0,0,"true zero",0.00733102150578458,8.37722920271952e-10,0.00651318716608587,0.00651318632836295,0.00733102150578458,8.37722920271952e-10,0.00651318716608587,0.00651318632836295,0.00733102150578458,8.37722920271952e-10,0.00651318716608587,0.00651318632836295,0.00733102150578458,8.37722920271952e-10,0.00651318716608587,0.00651318632836295
"GP_POE","GP-PoE","cov + network",FALSE,32,0,0,"true zero",0.0540139519119674,1.04894946767169e-07,0.0681541885718089,0.0681540836768622,0.0540139519119674,1.04894946767169e-07,0.0681541885718089,0.0681540836768622,0.0540139519119674,1.04894946767169e-07,0.0681541885718089,0.0681540836768622,0.0540139519119674,1.04894946767169e-07,0.0681541885718089,0.0681540836768622
"GP_POE","GP-PoE","cov + network",FALSE,33,0,0,"true zero",0.0195154651317958,3.74577469850983e-10,0.0182505304857648,0.0182505301111873,0.0195154651317958,3.74577469850983e-10,0.0182505304857648,0.0182505301111873,0.0195154651317958,3.74577469850983e-10,0.0182505304857648,0.0182505301111873,0.0195154651317958,3.74577469850983e-10,0.0182505304857648,0.0182505301111873
"GP_POE","GP-PoE","cov + network",FALSE,34,0,0,"true zero",0.0222611460016725,2.61911549197394e-10,0.0249858929861245,0.0249858927242129,0.0222611460016725,2.61911549197394e-10,0.0249858929861245,0.0249858927242129,0.0222611460016725,2.61911549197394e-10,0.0249858929861245,0.0249858927242129,0.0222611460016725,2.61911549197394e-10,0.0249858929861245,0.0249858927242129
"GP_POE","GP-PoE","cov + network",FALSE,35,0,0,"true zero",0.15510146064978,1.99425475969464e-06,0.269176573840793,0.269174579586034,0.15510146064978,1.99425475969464e-06,0.269176573840793,0.269174579586034,0.15510146064978,1.99425475969464e-06,0.269176573840793,0.269174579586034,0.15510146064978,1.99425475969464e-06,0.269176573840793,0.269174579586034
"GP_POE","GP-PoE","cov + network",FALSE,36,0,0,"true zero",0.0220694213453932,1.29083651988805e-08,0.0266512976940399,0.0266512847856747,0.0220694213453932,1.29083651988805e-08,0.0266512976940399,0.0266512847856747,0.0220694213453932,1.29083651988805e-08,0.0266512976940399,0.0266512847856747,0.0220694213453932,1.29083651988805e-08,0.0266512976940399,0.0266512847856747
"GP_POE","GP-PoE","cov + network",FALSE,37,0,0,"true zero",0.0363993251702407,3.95883594242236e-07,0.0413034914982058,0.0413030956146116,0.0363993251702407,3.95883594242236e-07,0.0413034914982058,0.0413030956146116,0.0363993251702407,3.95883594242236e-07,0.0413034914982058,0.0413030956146116,0.0363993251702407,3.95883594242236e-07,0.0413034914982058,0.0413030956146116
"GP_POE","GP-PoE","cov + network",FALSE,38,0,0,"true zero",0.0204929697595852,1.64012405802568e-09,0.0209521643962616,0.0209521627561376,0.0204929697595852,1.64012405802568e-09,0.0209521643962616,0.0209521627561376,0.0204929697595852,1.64012405802568e-09,0.0209521643962616,0.0209521627561376,0.0204929697595852,1.64012405802568e-09,0.0209521643962616,0.0209521627561376
"GP_POE","GP-PoE","cov + network",FALSE,39,0,0,"true zero",0.192387121607027,1.63722141256885e-05,0.326873787358771,0.326857415144646,0.192387121607027,1.63722141256885e-05,0.326873787358771,0.326857415144646,0.192387121607027,1.63722141256885e-05,0.326873787358771,0.326857415144646,0.192387121607027,1.63722141256885e-05,0.326873787358771,0.326857415144646
"GP_POE","GP-PoE","cov + network",FALSE,40,0,0,"true zero",0.0723528107122779,3.1953734469297e-07,0.109146887403626,0.109146567866282,0.0723528107122779,3.1953734469297e-07,0.109146887403626,0.109146567866282,0.0723528107122779,3.1953734469297e-07,0.109146887403626,0.109146567866282,0.0723528107122779,3.1953734469297e-07,0.109146887403626,0.109146567866282
"GP_POE","GP-PoE","cov + network",FALSE,41,0,0,"true zero",0.0430527865053834,1.21719487000308e-08,0.0564841478632159,0.0564841356912672,0.0430527865053834,1.21719487000308e-08,0.0564841478632159,0.0564841356912672,0.0430527865053834,1.21719487000308e-08,0.0564841478632159,0.0564841356912672,0.0430527865053834,1.21719487000308e-08,0.0564841478632159,0.0564841356912672
"GP_POE","GP-PoE","cov + network",FALSE,42,0,0,"true zero",0.0345058576030789,3.46627600302254e-08,0.0413179558079629,0.0413179211452028,0.0345058576030789,3.46627600302254e-08,0.0413179558079629,0.0413179211452028,0.0345058576030789,3.46627600302254e-08,0.0413179558079629,0.0413179211452028,0.0345058576030789,3.46627600302254e-08,0.0413179558079629,0.0413179211452028
"GP_POE","GP-PoE","cov + network",FALSE,43,0,0,"true zero",0.0214451321987368,5.17287513938869e-07,0.0235543063389084,0.0235537890513945,0.0214451321987368,5.17287513938869e-07,0.0235543063389084,0.0235537890513945,0.0214451321987368,5.17287513938869e-07,0.0235543063389084,0.0235537890513945,0.0214451321987368,5.17287513938869e-07,0.0235543063389084,0.0235537890513945
"GP_POE","GP-PoE","cov + network",FALSE,44,0,0,"true zero",0.00717731791258027,1.91588339570192e-09,0.00606962857559742,0.00606962665971402,0.00717731791258027,1.91588339570192e-09,0.00606962857559742,0.00606962665971402,0.00717731791258027,1.91588339570192e-09,0.00606962857559742,0.00606962665971402,0.00717731791258027,1.91588339570192e-09,0.00606962857559742,0.00606962665971402
"GP_POE","GP-PoE","cov + network",FALSE,45,0,0,"true zero",0.00632407358511692,4.80358996708612e-09,0.00486368206104333,0.00486367725745336,0.00632407358511692,4.80358996708612e-09,0.00486368206104333,0.00486367725745336,0.00632407358511692,4.80358996708612e-09,0.00486368206104333,0.00486367725745336,0.00632407358511692,4.80358996708612e-09,0.00486368206104333,0.00486367725745336
"GP_POE","GP-PoE","cov + network",FALSE,46,0,0,"true zero",0.22243048698993,1.72480041173743e-06,0.404499956174689,0.404498231374278,0.22243048698993,1.72480041173743e-06,0.404499956174689,0.404498231374278,0.22243048698993,1.72480041173743e-06,0.404499956174689,0.404498231374278,0.22243048698993,1.72480041173743e-06,0.404499956174689,0.404498231374278
"GP_POE","GP-PoE","cov + network",FALSE,47,0,0,"true zero",0.0527899992449911,3.48747790957352e-07,0.0753499663872763,0.0753496176394853,0.0527899992449911,3.48747790957352e-07,0.0753499663872763,0.0753496176394853,0.0527899992449911,3.48747790957352e-07,0.0753499663872763,0.0753496176394853,0.0527899992449911,3.48747790957352e-07,0.0753499663872763,0.0753496176394853
"GP_POE","GP-PoE","cov + network",FALSE,48,0,0,"true zero",0.041609395418635,6.00116795148725e-09,0.0588876876393408,0.0588876816381729,0.041609395418635,6.00116795148725e-09,0.0588876876393408,0.0588876816381729,0.041609395418635,6.00116795148725e-09,0.0588876876393408,0.0588876816381729,0.041609395418635,6.00116795148725e-09,0.0588876876393408,0.0588876816381729
"GP_POE","GP-PoE","cov + network",FALSE,49,0,0,"true zero",0.341650770393503,5.54093604718507e-05,0.591513286678157,0.591457877317685,0.341650770393503,5.54093604718507e-05,0.591513286678157,0.591457877317685,0.341650770393503,5.54093604718507e-05,0.591513286678157,0.591457877317685,0.341650770393503,5.54093604718507e-05,0.591513286678157,0.591457877317685
"GP_POE","GP-PoE","cov + network",FALSE,50,0,0,"true zero",0.0620270958970843,1.30425564612878e-07,0.0829652498151723,0.0829651193896077,0.0620270958970843,1.30425564612878e-07,0.0829652498151723,0.0829651193896077,0.0620270958970843,1.30425564612878e-07,0.0829652498151723,0.0829651193896077,0.0620270958970843,1.30425564612878e-07,0.0829652498151723,0.0829651193896077
"GP_POE","GP-PoE","cov + network",FALSE,51,0,0,"true zero",0.0824334128257837,1.51652043785821e-07,0.123771821915674,0.123771670263631,0.0824334128257837,1.51652043785821e-07,0.123771821915674,0.123771670263631,0.0824334128257837,1.51652043785821e-07,0.123771821915674,0.123771670263631,0.0824334128257837,1.51652043785821e-07,0.123771821915674,0.123771670263631
"GP_POE","GP-PoE","cov + network",FALSE,52,0,0,"true zero",0.0622775255045035,3.3197954958239e-09,0.0877222099954104,0.0877222066756149,0.0622775255045035,3.3197954958239e-09,0.0877222099954104,0.0877222066756149,0.0622775255045035,3.3197954958239e-09,0.0877222099954104,0.0877222066756149,0.0622775255045035,3.3197954958239e-09,0.0877222099954104,0.0877222066756149
"GP_POE","GP-PoE","cov + network",FALSE,53,0,0,"true zero",0.0208352582408137,9.20238649178985e-10,0.0239512740856278,0.0239512731653892,0.0208352582408137,9.20238649178985e-10,0.0239512740856278,0.0239512731653892,0.0208352582408137,9.20238649178985e-10,0.0239512740856278,0.0239512731653892,0.0208352582408137,9.20238649178985e-10,0.0239512740856278,0.0239512731653892
"GP_POE","GP-PoE","cov + network",FALSE,54,0,0,"true zero",0.00446281718682057,6.0008925498252e-10,0.0029289239672679,0.00292892336717865,0.00446281718682057,6.0008925498252e-10,0.0029289239672679,0.00292892336717865,0.00446281718682057,6.0008925498252e-10,0.0029289239672679,0.00292892336717865,0.00446281718682057,6.0008925498252e-10,0.0029289239672679,0.00292892336717865
"GP_POE","GP-PoE","cov + network",FALSE,55,0,0,"true zero",0.0891540492910292,2.84993602060986e-07,0.139435022985939,0.139434737992337,0.0891540492910292,2.84993602060986e-07,0.139435022985939,0.139434737992337,0.0891540492910292,2.84993602060986e-07,0.139435022985939,0.139434737992337,0.0891540492910292,2.84993602060986e-07,0.139435022985939,0.139434737992337
"GP_POE","GP-PoE","cov + network",FALSE,56,0,0,"true zero",0.0725046133443534,1.37460356211723e-06,0.110667184792043,0.110665810188481,0.0725046133443534,1.37460356211723e-06,0.110667184792043,0.110665810188481,0.0725046133443534,1.37460356211723e-06,0.110667184792043,0.110665810188481,0.0725046133443534,1.37460356211723e-06,0.110667184792043,0.110665810188481
"GP_POE","GP-PoE","cov + network",FALSE,57,0,0,"true zero",0.118415585920784,7.16926450700623e-06,0.195751594696465,0.195744425431958,0.118415585920784,7.16926450700623e-06,0.195751594696465,0.195744425431958,0.118415585920784,7.16926450700623e-06,0.195751594696465,0.195744425431958,0.118415585920784,7.16926450700623e-06,0.195751594696465,0.195744425431958
"GP_POE","GP-PoE","cov + network",FALSE,58,0,0,"true zero",0.0208418312665841,1.09233163016682e-07,0.0237018768326316,0.0237017675994686,0.0208418312665841,1.09233163016682e-07,0.0237018768326316,0.0237017675994686,0.0208418312665841,1.09233163016682e-07,0.0237018768326316,0.0237017675994686,0.0208418312665841,1.09233163016682e-07,0.0237018768326316,0.0237017675994686
"GP_POE","GP-PoE","cov + network",FALSE,59,0,0,"true zero",0.133107366415942,2.71508916751762e-06,0.225642869759995,0.225640154670828,0.133107366415942,2.71508916751762e-06,0.225642869759995,0.225640154670828,0.133107366415942,2.71508916751762e-06,0.225642869759995,0.225640154670828,0.133107366415942,2.71508916751762e-06,0.225642869759995,0.225640154670828
"GP_POE","GP-PoE","cov + network",FALSE,60,0,0,"true zero",0.0148662135194544,3.03731313223975e-09,0.016075151618304,0.0160751485809909,0.0148662135194544,3.03731313223975e-09,0.016075151618304,0.0160751485809909,0.0148662135194544,3.03731313223975e-09,0.016075151618304,0.0160751485809909,0.0148662135194544,3.03731313223975e-09,0.016075151618304,0.0160751485809909
"GP_POE","GP-PoE","cov + network",FALSE,61,0,0,"true zero",0.0362152397749374,1.01661142935746e-07,0.0451136864228456,0.0451135847617027,0.0362152397749374,1.01661142935746e-07,0.0451136864228456,0.0451135847617027,0.0362152397749374,1.01661142935746e-07,0.0451136864228456,0.0451135847617027,0.0362152397749374,1.01661142935746e-07,0.0451136864228456,0.0451135847617027
"GP_POE","GP-PoE","cov + network",FALSE,62,0,0,"true zero",0.115837227368719,3.09362507079554e-06,0.190383866238721,0.19038077261365,0.115837227368719,3.09362507079554e-06,0.190383866238721,0.19038077261365,0.115837227368719,3.09362507079554e-06,0.190383866238721,0.19038077261365,0.115837227368719,3.09362507079554e-06,0.190383866238721,0.19038077261365
"GP_POE","GP-PoE","cov + network",FALSE,63,0,0,"true zero",0.0141862871164539,2.90063790988267e-08,0.0150926216904552,0.0150925926840761,0.0141862871164539,2.90063790988267e-08,0.0150926216904552,0.0150925926840761,0.0141862871164539,2.90063790988267e-08,0.0150926216904552,0.0150925926840761,0.0141862871164539,2.90063790988267e-08,0.0150926216904552,0.0150925926840761
"GP_POE","GP-PoE","cov + network",FALSE,64,0,0,"true zero",0.0214530116116479,2.07928149509418e-07,0.0244762897229023,0.0244760817947528,0.0214530116116479,2.07928149509418e-07,0.0244762897229023,0.0244760817947528,0.0214530116116479,2.07928149509418e-07,0.0244762897229023,0.0244760817947528,0.0214530116116479,2.07928149509418e-07,0.0244762897229023,0.0244760817947528
"GP_POE","GP-PoE","cov + network",FALSE,65,0,0,"true zero",0.109916604398685,3.29420466024326e-08,0.181828780193637,0.181828747251591,0.109916604398685,3.29420466024326e-08,0.181828780193637,0.181828747251591,0.109916604398685,3.29420466024326e-08,0.181828780193637,0.181828747251591,0.109916604398685,3.29420466024326e-08,0.181828780193637,0.181828747251591
"GP_POE","GP-PoE","cov + network",FALSE,66,0,0,"true zero",0.0237393207380042,3.32323915968724e-08,0.0235524810083156,0.023552447775924,0.0237393207380042,3.32323915968724e-08,0.0235524810083156,0.023552447775924,0.0237393207380042,3.32323915968724e-08,0.0235524810083156,0.023552447775924,0.0237393207380042,3.32323915968724e-08,0.0235524810083156,0.023552447775924
"GP_POE","GP-PoE","cov + network",FALSE,67,0,0,"true zero",0.0401357707154036,3.99885145656048e-07,0.0480397887709129,0.0480393888857672,0.0401357707154036,3.99885145656048e-07,0.0480397887709129,0.0480393888857672,0.0401357707154036,3.99885145656048e-07,0.0480397887709129,0.0480393888857672,0.0401357707154036,3.99885145656048e-07,0.0480397887709129,0.0480393888857672
"GP_POE","GP-PoE","cov + network",FALSE,68,0,0,"true zero",0.034538892158351,6.89974015908256e-08,0.0449767571388156,0.044976688141414,0.034538892158351,6.89974015908256e-08,0.0449767571388156,0.044976688141414,0.034538892158351,6.89974015908256e-08,0.0449767571388156,0.044976688141414,0.034538892158351,6.89974015908256e-08,0.0449767571388156,0.044976688141414
"GP_POE","GP-PoE","cov + network",FALSE,69,0,0,"true zero",0.0200003679593347,2.19591178708112e-08,0.0213861362882255,0.0213861143291076,0.0200003679593347,2.19591178708112e-08,0.0213861362882255,0.0213861143291076,0.0200003679593347,2.19591178708112e-08,0.0213861362882255,0.0213861143291076,0.0200003679593347,2.19591178708112e-08,0.0213861362882255,0.0213861143291076
"GP_POE","GP-PoE","cov + network",FALSE,70,0,0,"true zero",0.124764023294184,9.69112748518482e-07,0.204667663001625,0.204666693888876,0.124764023294184,9.69112748518482e-07,0.204667663001625,0.204666693888876,0.124764023294184,9.69112748518482e-07,0.204667663001625,0.204666693888876,0.124764023294184,9.69112748518482e-07,0.204667663001625,0.204666693888876
"GP_POE","GP-PoE","cov + network",FALSE,71,1,0,"hidden positive",0.219555132402639,6.41125432577938e-06,0.394744961523246,0.39473855026892,0.219555132402639,6.41125432577938e-06,0.394744961523246,0.39473855026892,0.219555132402639,6.41125432577938e-06,0.394744961523246,0.39473855026892,0.219555132402639,6.41125432577938e-06,0.394744961523246,0.39473855026892
"GP_POE","GP-PoE","cov + network",FALSE,72,1,0,"hidden positive",0.297544928844875,0.00012263278038462,0.520461971576866,0.520339338796481,0.297544928844875,0.00012263278038462,0.520461971576866,0.520339338796481,0.297544928844875,0.00012263278038462,0.520461971576866,0.520339338796481,0.297544928844875,0.00012263278038462,0.520461971576866,0.520339338796481
"GP_POE","GP-PoE","cov + network",FALSE,73,1,0,"hidden positive",0.292305966628908,3.99086213784954e-05,0.525398176186747,0.525358267565369,0.292305966628908,3.99086213784954e-05,0.525398176186747,0.525358267565369,0.292305966628908,3.99086213784954e-05,0.525398176186747,0.525358267565369,0.292305966628908,3.99086213784954e-05,0.525398176186747,0.525358267565369
"GP_POE","GP-PoE","cov + network",FALSE,74,1,0,"hidden positive",0.24912212635788,1.67858935106297e-06,0.471437963565846,0.471436284976495,0.24912212635788,1.67858935106297e-06,0.471437963565846,0.471436284976495,0.24912212635788,1.67858935106297e-06,0.471437963565846,0.471436284976495,0.24912212635788,1.67858935106297e-06,0.471437963565846,0.471436284976495
"GP_POE","GP-PoE","cov + network",FALSE,75,1,0,"hidden positive",0.494034696827978,0.107113641758312,0.89240857721715,0.785294935458838,0.494034696827978,0.107113641758312,0.89240857721715,0.785294935458838,0.494034696827978,0.107113641758312,0.89240857721715,0.785294935458838,0.494034696827978,0.107113641758312,0.89240857721715,0.785294935458838
"GP_POE","GP-PoE","cov + network",FALSE,76,1,0,"hidden positive",0.354644456482428,0.000704369541923858,0.586494703556285,0.585790334014361,0.354644456482428,0.000704369541923858,0.586494703556285,0.585790334014361,0.354644456482428,0.000704369541923858,0.586494703556285,0.585790334014361,0.354644456482428,0.000704369541923858,0.586494703556285,0.585790334014361
"GP_POE","GP-PoE","cov + network",FALSE,77,1,0,"hidden positive",0.392203279199933,0.000284666485342744,0.691350066762525,0.691065400277182,0.392203279199933,0.000284666485342744,0.691350066762525,0.691065400277182,0.392203279199933,0.000284666485342744,0.691350066762525,0.691065400277182,0.392203279199933,0.000284666485342744,0.691350066762525,0.691065400277182
"GP_POE","GP-PoE","cov + network",FALSE,78,1,0,"hidden positive",0.0757643588528764,1.63867457488627e-07,0.112108865886896,0.112108702019438,0.0757643588528764,1.63867457488627e-07,0.112108865886896,0.112108702019438,0.0757643588528764,1.63867457488627e-07,0.112108865886896,0.112108702019438,0.0757643588528764,1.63867457488627e-07,0.112108865886896,0.112108702019438
"GP_POE","GP-PoE","cov + network",FALSE,79,1,0,"hidden positive",0.34395025748185,0.000137931377627538,0.593101460540879,0.592963529163252,0.34395025748185,0.000137931377627538,0.593101460540879,0.592963529163252,0.34395025748185,0.000137931377627538,0.593101460540879,0.592963529163252,0.34395025748185,0.000137931377627538,0.593101460540879,0.592963529163252
"GP_POE","GP-PoE","cov + network",FALSE,80,1,0,"hidden positive",0.126770703421264,2.68485785689622e-06,0.220784220966139,0.220781536108282,0.126770703421264,2.68485785689622e-06,0.220784220966139,0.220781536108282,0.126770703421264,2.68485785689622e-06,0.220784220966139,0.220781536108282,0.126770703421264,2.68485785689622e-06,0.220784220966139,0.220781536108282
"GP_POE","GP-PoE","cov + network",FALSE,81,1,1,"observed positive",0.77874643299585,0.600744544326114,0.999997663248354,0.39925311892224,0.77874643299585,0.600744544326114,0.999997663248354,0.39925311892224,0.77874643299585,0.600744544326114,0.999997663248354,0.39925311892224,0.77874643299585,0.600744544326114,0.999997663248354,0.39925311892224
"GP_POE","GP-PoE","cov + network",FALSE,82,1,1,"observed positive",0.876641654300002,0.795235267254276,0.999999792536388,0.204764525282112,0.876641654300002,0.795235267254276,0.999999792536388,0.204764525282112,0.876641654300002,0.795235267254276,0.999999792536388,0.204764525282112,0.876641654300002,0.795235267254276,0.999999792536388,0.204764525282112
"GP_POE","GP-PoE","cov + network",FALSE,83,1,1,"observed positive",0.633123927204801,0.383118020454016,0.99990287537884,0.616784854924824,0.633123927204801,0.383118020454016,0.99990287537884,0.616784854924824,0.633123927204801,0.383118020454016,0.99990287537884,0.616784854924824,0.633123927204801,0.383118020454016,0.99990287537884,0.616784854924824
"GP_POE","GP-PoE","cov + network",FALSE,84,1,1,"observed positive",0.541329781048776,0.245606708146858,0.956536529469838,0.71092982132298,0.541329781048776,0.245606708146858,0.956536529469838,0.71092982132298,0.541329781048776,0.245606708146858,0.956536529469838,0.71092982132298,0.541329781048776,0.245606708146858,0.956536529469838,0.71092982132298
"GP_POE","GP-PoE","cov + network",FALSE,85,1,1,"observed positive",0.582867914247881,0.31141822492611,0.989954003562336,0.678535778636226,0.582867914247881,0.31141822492611,0.989954003562336,0.678535778636226,0.582867914247881,0.31141822492611,0.989954003562336,0.678535778636226,0.582867914247881,0.31141822492611,0.989954003562336,0.678535778636226
"GP_POE","GP-PoE","cov + network",FALSE,86,1,1,"observed positive",0.853415974385735,0.741255590434622,0.999999562982744,0.258743972548122,0.853415974385735,0.741255590434622,0.999999562982744,0.258743972548122,0.853415974385735,0.741255590434622,0.999999562982744,0.258743972548122,0.853415974385735,0.741255590434622,0.999999562982744,0.258743972548122
"GP_POE","GP-PoE","cov + network",FALSE,87,1,1,"observed positive",0.622254272510052,0.365161430130547,0.999896953695005,0.634735523564458,0.622254272510052,0.365161430130547,0.999896953695005,0.634735523564458,0.622254272510052,0.365161430130547,0.999896953695005,0.634735523564458,0.622254272510052,0.365161430130547,0.999896953695005,0.634735523564458
"GP_POE","GP-PoE","cov + network",FALSE,88,1,1,"observed positive",0.543351035912443,0.259268497245752,0.963107122831545,0.703838625585793,0.543351035912443,0.259268497245752,0.963107122831545,0.703838625585793,0.543351035912443,0.259268497245752,0.963107122831545,0.703838625585793,0.543351035912443,0.259268497245752,0.963107122831545,0.703838625585793
"GP_POE","GP-PoE","cov + network",FALSE,89,1,1,"observed positive",0.651382852316159,0.39321408615155,0.999844731676995,0.606630645525445,0.651382852316159,0.39321408615155,0.999844731676995,0.606630645525445,0.651382852316159,0.39321408615155,0.999844731676995,0.606630645525445,0.651382852316159,0.39321408615155,0.999844731676995,0.606630645525445
"GP_POE","GP-PoE","cov + network",FALSE,90,1,1,"observed positive",0.483364661831254,0.0789921764855195,0.805224870889506,0.726232694403986,0.483364661831254,0.0789921764855195,0.805224870889506,0.726232694403986,0.483364661831254,0.0789921764855195,0.805224870889506,0.726232694403986,0.483364661831254,0.0789921764855195,0.805224870889506,0.726232694403986
"GP_POE","GP-PoE","cov + network",FALSE,91,1,1,"observed positive",0.687104646602052,0.456733544280284,0.999847966228139,0.543114421947856,0.687104646602052,0.456733544280284,0.999847966228139,0.543114421947856,0.687104646602052,0.456733544280284,0.999847966228139,0.543114421947856,0.687104646602052,0.456733544280284,0.999847966228139,0.543114421947856
"GP_POE","GP-PoE","cov + network",FALSE,92,1,1,"observed positive",0.559056960563268,0.259343869005525,0.970157005744838,0.710813136739313,0.559056960563268,0.259343869005525,0.970157005744838,0.710813136739313,0.559056960563268,0.259343869005525,0.970157005744838,0.710813136739313,0.559056960563268,0.259343869005525,0.970157005744838,0.710813136739313
"GP_POE","GP-PoE","cov + network",FALSE,93,1,1,"observed positive",0.727985786184403,0.523265392160421,0.999911826915279,0.476646434754858,0.727985786184403,0.523265392160421,0.999911826915279,0.476646434754858,0.727985786184403,0.523265392160421,0.999911826915279,0.476646434754858,0.727985786184403,0.523265392160421,0.999911826915279,0.476646434754858
"GP_POE","GP-PoE","cov + network",FALSE,94,1,1,"observed positive",0.64067426239834,0.393531598313717,0.999914664619875,0.606383066306158,0.64067426239834,0.393531598313717,0.999914664619875,0.606383066306158,0.64067426239834,0.393531598313717,0.999914664619875,0.606383066306158,0.64067426239834,0.393531598313717,0.999914664619875,0.606383066306158
"GP_POE","GP-PoE","cov + network",FALSE,95,1,1,"observed positive",0.365399534036724,0.00343962019012309,0.630166246700106,0.626726626509983,0.365399534036724,0.00343962019012309,0.630166246700106,0.626726626509983,0.365399534036724,0.00343962019012309,0.630166246700106,0.626726626509983,0.365399534036724,0.00343962019012309,0.630166246700106,0.626726626509983
"GP_POE","GP-PoE","cov + network",FALSE,96,1,1,"observed positive",0.873886006596008,0.78671923951477,0.999999984127753,0.213280744612983,0.873886006596008,0.78671923951477,0.999999984127753,0.213280744612983,0.873886006596008,0.78671923951477,0.999999984127753,0.213280744612983,0.873886006596008,0.78671923951477,0.999999984127753,0.213280744612983
"GP_POE","GP-PoE","cov + network",FALSE,97,1,1,"observed positive",0.826698616972107,0.702879114024509,0.999985784224676,0.297106670200167,0.826698616972107,0.702879114024509,0.999985784224676,0.297106670200167,0.826698616972107,0.702879114024509,0.999985784224676,0.297106670200167,0.826698616972107,0.702879114024509,0.999985784224676,0.297106670200167
"GP_POE","GP-PoE","cov + network",FALSE,98,1,1,"observed positive",0.519933266235359,0.22233387502205,0.984017491016492,0.761683615994442,0.519933266235359,0.22233387502205,0.984017491016492,0.761683615994442,0.519933266235359,0.22233387502205,0.984017491016492,0.761683615994442,0.519933266235359,0.22233387502205,0.984017491016492,0.761683615994442
"GP_POE","GP-PoE","cov + network",FALSE,99,1,1,"observed positive",0.728203672879289,0.520220345638455,0.999992510440582,0.479772164802127,0.728203672879289,0.520220345638455,0.999992510440582,0.479772164802127,0.728203672879289,0.520220345638455,0.999992510440582,0.479772164802127,0.728203672879289,0.520220345638455,0.999992510440582,0.479772164802127
"GP_POE","GP-PoE","cov + network",FALSE,100,1,1,"observed positive",0.362418531118201,0.00117466482390051,0.621500911072225,0.620326246248324,0.362418531118201,0.00117466482390051,0.621500911072225,0.620326246248324,0.362418531118201,0.00117466482390051,0.621500911072225,0.620326246248324,0.362418531118201,0.00117466482390051,0.621500911072225,0.620326246248324
"GP_PU_POE","GP-PU-PoE","cov + network",TRUE,1,0,0,"true zero",0.0814139328115314,2.32895724966414e-11,0.119863282143768,0.119863282120479,0.0814139328115314,2.32895724966414e-11,0.119863282143768,0.119863282120479,0.061629261763124,1.34562978569848e-11,0.0939501301654561,0.0939501301519998,0.0290550403065166,9.83327463978889e-12,0.0260441519758405,0.0260441519660072
"GP_PU_POE","GP-PU-PoE","cov + network",TRUE,2,0,0,"true zero",0.28653775688642,4.62621534346795e-07,0.565269085323113,0.565268622701579,0.28653775688642,4.62621534346795e-07,0.565269085323113,0.565268622701579,0.207912159965073,3.96922471388522e-07,0.411291451465919,0.411291054543448,0.155062233032031,6.56990890357183e-08,0.243565519477082,0.243565453777992
"GP_PU_POE","GP-PU-PoE","cov + network",TRUE,3,0,0,"true zero",0.205139803963409,1.17236434644938e-07,0.373728788535096,0.373728671298661,0.205139803963409,1.17236434644938e-07,0.373728788535096,0.373728671298661,0.15275223525427,6.40615150582967e-08,0.283846526873624,0.283846462812109,0.0910152116116235,5.31749229931079e-08,0.116504954957956,0.116504901783033
"GP_PU_POE","GP-PU-PoE","cov + network",TRUE,4,0,0,"true zero",0.00940380510204982,1.01365529584261e-13,0.00573817362852021,0.00573817362841884,0.00940380510204982,1.01365529584261e-13,0.00573817362852021,0.00573817362841884,0.00735846408361131,5.51089080623245e-14,0.00446125241620875,0.00446125241615364,0.00245699971242654,4.62566215219394e-14,0.00105901043299739,0.00105901043295113
"GP_PU_POE","GP-PU-PoE","cov + network",TRUE,5,0,0,"true zero",0.0251379029569485,7.41735493134789e-10,0.023965650811971,0.0239656500702355,0.0251379029569485,7.41735493134789e-10,0.023965650811971,0.0239656500702355,0.0189589402126715,6.5392606519279e-10,0.0184737148731035,0.0184737142191774,0.00781935848692969,8.78094279994192e-11,0.00495130227371488,0.00495130218590545
"GP_PU_POE","GP-PU-PoE","cov + network",TRUE,6,0,0,"true zero",0.10283948331603,7.86941205361414e-10,0.120676337012269,0.120676336225328,0.10283948331603,7.86941205361414e-10,0.120676337012269,0.120676336225328,0.0736891470965359,7.6773228223785e-10,0.0912608993084421,0.0912608985407098,0.0552950009884542,1.92089231383119e-11,0.0288203587122388,0.0288203586930299
"GP_PU_POE","GP-PU-PoE","cov + network",TRUE,7,0,0,"true zero",0.169461716215472,1.14017477937486e-09,0.282302222443077,0.282302221302902,0.169461716215472,1.14017477937486e-09,0.282302222443077,0.282302221302902,0.128240417368166,6.10606420472991e-10,0.21691320181951,0.216913201208903,0.0707162412080081,5.29568359225229e-10,0.0789319995970829,0.0789319990675145
"GP_PU_POE","GP-PU-PoE","cov + network",TRUE,8,0,0,"true zero",0.0297146303326613,2.19721235787183e-09,0.0336153037146435,0.0336153015174311,0.0297146303326613,2.19721235787183e-09,0.0336153037146435,0.0336153015174311,0.0221682685291295,1.81928977832296e-09,0.0258645574005494,0.0258645555812596,0.00932027164297111,3.77922580236429e-10,0.00723529275305044,0.00723529237512786
"GP_PU_POE","GP-PU-PoE","cov + network",TRUE,9,0,0,"true zero",0.1091017695256,2.33294717474551e-10,0.166838441732326,0.166838441499031,0.1091017695256,2.33294717474551e-10,0.166838441732326,0.166838441499031,0.0829063993986968,1.39828546252141e-10,0.128203656248546,0.128203656108718,0.0420983654524055,7.6325685508539e-11,0.0397103091965053,0.0397103091201796
"GP_PU_POE","GP-PU-PoE","cov + network",TRUE,10,0,0,"true zero",0.0422400918048158,5.69266590742393e-14,0.0425013455772042,0.0425013455771473,0.0422400918048158,5.69266590742393e-14,0.0425013455772042,0.0425013455771473,0.0325936988835717,2.98225624879892e-14,0.0325108621367362,0.0325108621367064,0.0135425546593749,2.71040965862509e-14,0.00836467802477492,0.00836467802474781
"GP_PU_POE","GP-PU-PoE","cov + network",TRUE,11,0,0,"true zero",0.124074414478545,2.01740888933115e-06,0.202009442783892,0.202007425375003,0.124074414478545,2.01740888933115e-06,0.202009442783892,0.202007425375003,0.092136414574952,1.65593912145204e-06,0.15736480160502,0.157363145665899,0.046775134070145,3.61470366452032e-07,0.0523073780695936,0.0523070165992271
"GP_PU_POE","GP-PU-PoE","cov + network",TRUE,12,0,0,"true zero",0.0366721753625397,1.15209067426441e-09,0.0312885873098974,0.0312885861578067,0.0366721753625397,1.15209067426441e-09,0.0312885873098974,0.0312885861578067,0.0267103134800742,6.97457956295974e-10,0.0245775224611568,0.0245775217636989,0.01457955349222,4.5463271828552e-10,0.00673678606625539,0.00673678561162268
"GP_PU_POE","GP-PU-PoE","cov + network",TRUE,13,0,0,"true zero",0.166815999062551,2.31083362152451e-11,0.290439916911055,0.290439916887946,0.166815999062551,2.31083362152451e-11,0.290439916911055,0.290439916887946,0.125299405019427,1.21059238673022e-11,0.223587175215483,0.223587175203378,0.0741419471090576,1.10024123480761e-11,0.0821622920459282,0.0821622920349258
"GP_PU_POE","GP-PU-PoE","cov + network",TRUE,14,0,0,"true zero",0.00263181671673005,4.48106660402056e-19,0.000762472738392021,0.00076247273839202,0.00263181671673005,4.48106660402056e-19,0.000762472738392021,0.00076247273839202,0.00214804375904715,2.87909635272292e-19,0.000628243297219012,0.000628243297219012,0.000529959789763297,1.60197025129764e-19,0.000128009755922624,0.000128009755922624
"GP_PU_POE","GP-PU-PoE","cov + network",TRUE,15,0,0,"true zero",0.24175497347023,2.12346157385017e-07,0.491989359689318,0.49198914734316,0.24175497347023,2.12346157385017e-07,0.491989359689318,0.49198914734316,0.176731774519697,1.16529633364628e-07,0.370845635739045,0.370845519209411,0.143526591234399,9.58165351858552e-08,0.188113818861799,0.188113723045264
"GP_PU_POE","GP-PU-PoE","cov + network",TRUE,16,0,0,"true zero",0.17987557668341,5.57994333022824e-10,0.317806349324045,0.317806348766051,0.17987557668341,5.57994333022824e-10,0.317806349324045,0.317806348766051,0.136022969766304,3.26466793749108e-10,0.245248819617671,0.245248819291204,0.0780801865498525,2.31527539349302e-10,0.0902224059456008,0.0902224057140732
"GP_PU_POE","GP-PU-PoE","cov + network",TRUE,17,0,0,"true zero",0.00986692941796379,7.77008656434951e-14,0.00779194727207028,0.00779194727199258,0.00986692941796379,7.77008656434951e-14,0.00779194727207028,0.00779194727199258,0.00759209165987266,3.72272277527937e-14,0.00607559095496192,0.00607559095492469,0.00259390038409144,4.0473637890703e-14,0.00142455746392471,0.00142455746388423
"GP_PU_POE","GP-PU-PoE","cov + network",TRUE,18,0,0,"true zero",0.0400047220141395,1.81324461980415e-11,0.035486937499689,0.0354869374815565,0.0400047220141395,1.81324461980415e-11,0.035486937499689,0.0354869374815565,0.0293688584378163,1.61523410953654e-11,0.0275557942755741,0.0275557942594217,0.0158996727528372,1.98010510270813e-12,0.00734139483919385,0.00734139483721375
"GP_PU_POE","GP-PU-PoE","cov + network",TRUE,19,0,0,"true zero",0.0660523893537889,1.89726070666702e-08,0.0912470911790021,0.091247072206395,0.0660523893537889,1.89726070666702e-08,0.0912470911790021,0.091247072206395,0.0497265154942988,1.56718966430842e-08,0.0685449331968098,0.0685449175249131,0.0230288566558486,3.30071047531444e-09,0.0187748982463703,0.0187748949456598
"GP_PU_POE","GP-PU-PoE","cov + network",TRUE,20,0,0,"true zero",0.00375839065672121,1.6796983057494e-16,0.00224825134509931,0.00224825134509914,0.00375839065672121,1.6796983057494e-16,0.00224825134509931,0.00224825134509914,0.00298020935317825,1.2798843302689e-16,0.00178277837737964,0.00178277837737952,0.000841330296982348,3.99813975480497e-17,0.000404064509463803,0.000404064509463763
"GP_PU_POE","GP-PU-PoE","cov + network",TRUE,21,0,0,"true zero",0.0230988608986774,7.32302178228101e-11,0.0212630660443057,0.0212630659710754,0.0230988608986774,7.32302178228101e-11,0.0212630660443057,0.0212630659710754,0.0174305569352074,5.04076541167604e-11,0.0162872382488468,0.0162872381984391,0.00714832842061396,2.28225637072001e-11,0.00424088574470637,0.00424088572188381
"GP_PU_POE","GP-PU-PoE","cov + network",TRUE,22,0,0,"true zero",0.106917996513925,6.27447133290484e-12,0.152687006889004,0.152687006882729,0.106917996513925,6.27447133290484e-12,0.152687006889004,0.152687006882729,0.0797448349103388,4.00163370519445e-12,0.119687295129825,0.119687295125823,0.0450772885894546,2.27283762771948e-12,0.035114942035642,0.0351149420333692
"GP_PU_POE","GP-PU-PoE","cov + network",TRUE,23,0,0,"true zero",0.0161949764324778,9.43401489646973e-13,0.011231931962303,0.0112319319613596,0.0161949764324778,9.43401489646973e-13,0.011231931962303,0.0112319319613596,0.0124189658241502,4.83623113503705e-13,0.00885780329781114,0.00885780329732751,0.0050062221996839,3.64264902579191e-13,0.00211568798214705,0.00211568798178278
"GP_PU_POE","GP-PU-PoE","cov + network",TRUE,24,0,0,"true zero",0.00881053081251589,8.41994906479196e-17,0.00558247724587881,0.00558247724587872,0.00881053081251589,8.41994906479196e-17,0.00558247724587881,0.00558247724587872,0.00678339961639018,5.67571082443984e-17,0.00451331692508445,0.0045133169250844,0.00230678842715172,2.74423824035212e-17,0.0010725856556124,0.00107258565561238
"GP_PU_POE","GP-PU-PoE","cov + network",TRUE,25,0,0,"true zero",0.131284962901652,6.82179636973395e-11,0.215770568172259,0.215770568104041,0.131284962901652,6.82179636973395e-11,0.215770568172259,0.215770568104041,0.0980922293293991,3.2809954151299e-11,0.164288973998676,0.164288973965866,0.0552591191145399,3.54080095472023e-11,0.054457831474145,0.054457831438737
"GP_PU_POE","GP-PU-PoE","cov + network",TRUE,26,0,0,"true zero",0.049208051847574,2.849004471256e-09,0.055331209681388,0.0553312068323835,0.049208051847574,2.849004471256e-09,0.055331209681388,0.0553312068323835,0.0372335523193109,1.70327282734417e-09,0.042369212977179,0.0423692112739061,0.0169372381977355,1.14573164586333e-09,0.0114225440759026,0.011422542930171
"GP_PU_POE","GP-PU-PoE","cov + network",TRUE,27,0,0,"true zero",0.340068473389349,3.82007397996341e-06,0.644106902884516,0.644103082810537,0.340068473389349,3.82007397996341e-06,0.644106902884516,0.644103082810537,0.251591147701278,3.75012593144663e-05,0.475926599282573,0.475889098023259,0.182620844883457,1.19116160871388e-05,0.303437300083951,0.303425388467864
"GP_PU_POE","GP-PU-PoE","cov + network",TRUE,28,0,0,"true zero",0.0239778100550436,4.21934628569718e-15,0.0185651913111574,0.0185651913111532,0.0239778100550436,4.21934628569718e-15,0.0185651913111574,0.0185651913111532,0.0182254394133633,2.02152915343618e-15,0.013933811517985,0.013933811517983,0.00779833813664753,2.19781713226101e-15,0.00364166285568075,0.00364166285567855
"GP_PU_POE","GP-PU-PoE","cov + network",TRUE,29,0,0,"true zero",0.0109156001740853,3.28737090337726e-11,0.0077257421581501,0.00772574212527639,0.0109156001740853,3.28737090337726e-11,0.0077257421581501,0.00772574212527639,0.00824550104406818,1.57501083565055e-11,0.00597987209160894,0.00597987207585883,0.00318282203016621,1.71236006775368e-11,0.00153243829393059,0.00153243827680699
"GP_PU_POE","GP-PU-PoE","cov + network",TRUE,30,0,0,"true zero",0.109314911008798,1.24927168260296e-07,0.156331324255909,0.156331199328741,0.109314911008798,1.24927168260296e-07,0.156331324255909,0.156331199328741,0.0808676322908828,8.72985399556897e-08,0.119914305438406,0.119914218139866,0.0478039764848304,3.76286315895313e-08,0.0390183290004808,0.0390182913718492
"GP_PU_POE","GP-PU-PoE","cov + network",TRUE,31,0,0,"true zero",0.00481398828263076,4.91008363767247e-14,0.0032013645540519,0.0032013645540028,0.00481398828263076,4.91008363767247e-14,0.0032013645540519,0.0032013645540028,0.00379248204452562,2.6999798504634e-14,0.00255276095842048,0.00255276095839348,0.00110783065748361,2.21010378720913e-14,0.000604176421819026,0.000604176421796925
"GP_PU_POE","GP-PU-PoE","cov + network",TRUE,32,0,0,"true zero",0.0639721996075271,7.86278856650822e-12,0.0728582884854708,0.072858288477608,0.0639721996075271,7.86278856650822e-12,0.0728582884854708,0.072858288477608,0.0478459345529937,4.55673119470343e-12,0.055831128833805,0.0558311288292483,0.0256648294127036,3.30605737181986e-12,0.0149867768040777,0.0149867768007717
"GP_PU_POE","GP-PU-PoE","cov + network",TRUE,33,0,0,"true zero",0.0267048227114295,3.07893764495908e-18,0.0227794193097324,0.0227794193097324,0.0267048227114295,3.07893764495908e-18,0.0227794193097324,0.0227794193097324,0.0198073501587769,1.61298435226398e-18,0.0172986090756329,0.0172986090756329,0.00929092478133377,1.4659532926951e-18,0.00468122093621501,0.00468122093621501
"GP_PU_POE","GP-PU-PoE","cov + network",TRUE,34,0,0,"true zero",0.0370667626888217,2.23787732188823e-11,0.0379404678528236,0.0379404678304448,0.0370667626888217,2.23787732188823e-11,0.0379404678528236,0.0379404678304448,0.0277457133741369,1.30761378052956e-11,0.0293854737665644,0.0293854737534882,0.0125853774411482,8.51062208299314e-12,0.00785744873562924,0.00785744872711861
"GP_PU_POE","GP-PU-PoE","cov + network",TRUE,35,0,0,"true zero",0.187292164188769,1.28442071177437e-05,0.333994415526301,0.333981571319183,0.187292164188769,1.28442071177437e-05,0.333994415526301,0.333981571319183,0.141087711803619,6.74807256950944e-06,0.254152398243995,0.254145650171426,0.0781051293965078,2.33373405356195e-06,0.0980680799512762,0.0980657462172227
"GP_PU_POE","GP-PU-PoE","cov + network",TRUE,36,0,0,"true zero",0.0230698897599119,5.26415186691172e-09,0.0227171244206864,0.0227171191565345,0.0230698897599119,5.26415186691172e-09,0.0227171244206864,0.0227171191565345,0.0174731492884108,3.3803926977267e-09,0.0174607140055815,0.0174607106251888,0.00682098018803999,1.88375917555287e-09,0.00468581506418919,0.00468581318043001
"GP_PU_POE","GP-PU-PoE","cov + network",TRUE,37,0,0,"true zero",0.0391983994844406,1.5966234703076e-10,0.0382084050139003,0.038208404854238,0.0391983994844406,1.5966234703076e-10,0.0382084050139003,0.038208404854238,0.0297345676756115,8.72443100093512e-11,0.0301978010228846,0.0301978009356403,0.0131596878757128,7.24180370277273e-11,0.00800388292270887,0.00800388285029084
"GP_PU_POE","GP-PU-PoE","cov + network",TRUE,38,0,0,"true zero",0.0248099078326618,7.6921103861592e-12,0.0182943139861793,0.0182943139784872,0.0248099078326618,7.6921103861592e-12,0.0182943139861793,0.0182943139784872,0.0186756885462024,4.49041667527297e-12,0.0142102028443912,0.0142102028399008,0.00833000568194792,3.2016937109006e-12,0.00368076555626077,0.00368076555305908
"GP_PU_POE","GP-PU-PoE","cov + network",TRUE,39,0,0,"true zero",0.363898866467685,1.19847010681987e-05,0.711058825852527,0.711046841151458,0.363898866467685,1.19847010681987e-05,0.711058825852527,0.711046841151458,0.26807254362513,9.66545954911708e-06,0.504798224949793,0.504788559490244,0.203583334023081,2.31926393583334e-06,0.375305397788216,0.37530307852428
"GP_PU_POE","GP-PU-PoE","cov + network",TRUE,40,0,0,"true zero",0.129846400670341,3.72293456399322e-07,0.211309580963335,0.211309208669879,0.129846400670341,3.72293456399322e-07,0.211309580963335,0.211309208669879,0.0951040692700672,1.99177677518561e-07,0.158353264270697,0.158353065093019,0.055591959439692,7.19705531857148e-08,0.0579132051389455,0.0579131331683923
"GP_PU_POE","GP-PU-PoE","cov + network",TRUE,41,0,0,"true zero",0.0478601162722796,1.06918861628421e-07,0.0562219926289672,0.0562218857101056,0.0478601162722796,1.06918861628421e-07,0.0562219926289672,0.0562218857101056,0.0358769530436818,6.86956324807757e-08,0.0436744596979888,0.0436743910023564,0.0159998089031583,3.82232317734144e-08,0.0123131222351912,0.0123130840119594
"GP_PU_POE","GP-PU-PoE","cov + network",TRUE,42,0,0,"true zero",0.0497666358041555,2.28727397750782e-09,0.0445441360510957,0.0445441337638217,0.0497666358041555,2.28727397750782e-09,0.0445441360510957,0.0445441337638217,0.036241745517631,1.33063336557269e-09,0.034207560345459,0.0342075590148256,0.0215413628554516,3.11627759025889e-10,0.0095579936146942,0.00955799330306644
"GP_PU_POE","GP-PU-PoE","cov + network",TRUE,43,0,0,"true zero",0.0149545094228021,6.11724863920771e-11,0.0132511309984746,0.0132511309373021,0.0149545094228021,6.11724863920771e-11,0.0132511309984746,0.0132511309373021,0.0118431311656451,4.66117674280062e-11,0.0102324310604266,0.0102324310138148,0.00359126369147138,1.45607189647496e-11,0.00257369426018144,0.00257369424562072
"GP_PU_POE","GP-PU-PoE","cov + network",TRUE,44,0,0,"true zero",0.00392100583036935,3.97257604415594e-14,0.00229729047982786,0.00229729047978814,0.00392100583036935,3.97257604415594e-14,0.00229729047982786,0.00229729047978814,0.00313884503849312,2.31906730623179e-14,0.0018589538393569,0.0018589538393337,0.000835139917849241,1.50805937126206e-14,0.000416469717158904,0.000416469717143823
"GP_PU_POE","GP-PU-PoE","cov + network",TRUE,45,0,0,"true zero",0.0044457993013449,3.51146816734892e-17,0.00202042371724359,0.00202042371724356,0.0044457993013449,3.51146816734892e-17,0.00202042371724359,0.00202042371724356,0.00355350170156219,1.61585822729477e-17,0.00161668246958741,0.00161668246958739,0.00106248006906058,1.25534120323595e-17,0.000351612524972295,0.000351612524972283
"GP_PU_POE","GP-PU-PoE","cov + network",TRUE,46,0,0,"true zero",0.470781141472074,5.71256387316138e-06,0.897909164368974,0.897903451805101,0.470781141472074,5.71256387316138e-06,0.897909164368974,0.897903451805101,0.347650178446301,4.66695880945035e-06,0.620525682651734,0.620521015692925,0.301772436213948,1.04560994352957e-06,0.699785280238945,0.699784234629002
"GP_PU_POE","GP-PU-PoE","cov + network",TRUE,47,0,0,"true zero",0.0576730374999151,2.48173483200279e-08,0.0717129474310904,0.0717129226137421,0.0576730374999151,2.48173483200279e-08,0.0717129474310904,0.0717129226137421,0.0435827317984093,1.6521692124778e-08,0.0560559355464044,0.0560559190247123,0.0194802353141732,4.87326038014114e-09,0.0163916048110801,0.0163915999378198
"GP_PU_POE","GP-PU-PoE","cov + network",TRUE,48,0,0,"true zero",0.0539564557560893,7.64640079632982e-12,0.0733687246280653,0.0733687246204189,0.0539564557560893,7.64640079632982e-12,0.0733687246280653,0.0733687246204189,0.0403345580563727,4.47369409322713e-12,0.0562345753592112,0.0562345753547375,0.0179767878894199,3.17270670311688e-12,0.0162148805441486,0.0162148805409759
"GP_PU_POE","GP-PU-PoE","cov + network",TRUE,49,0,0,"true zero",0.529267252450666,0.162004278932081,0.999999999980151,0.83799572104807,0.529267252450666,0.162004278932081,0.999999999980151,0.83799572104807,0.396342730355043,8.19765652950446e-05,0.646791876539075,0.64670989997378,0.332149985008518,4.75308660014493e-06,0.736039361203293,0.736034608116693
"GP_PU_POE","GP-PU-PoE","cov + network",TRUE,50,0,0,"true zero",0.101063083080742,7.7527865222281e-09,0.129784535678481,0.129784527925694,0.101063083080742,7.7527865222281e-09,0.129784535678481,0.129784527925694,0.0738846024587859,7.10378038703907e-09,0.0973846102943466,0.0973846031905662,0.047787895432376,6.4900613979943e-10,0.0334848834822483,0.0334848828332422
"GP_PU_POE","GP-PU-PoE","cov + network",TRUE,51,0,0,"true zero",0.147506720532663,2.42456245444838e-09,0.230749558196048,0.230749555771486,0.147506720532663,2.42456245444838e-09,0.230749558196048,0.230749555771486,0.107956319706209,1.93438462328311e-09,0.180227019887758,0.180227017953373,0.0775798684741217,4.90177832113464e-10,0.0599864390260453,0.0599864385358675
"GP_PU_POE","GP-PU-PoE","cov + network",TRUE,52,0,0,"true zero",0.0993844602728193,2.7904627674918e-08,0.13113695141687,0.131136923512243,0.0993844602728193,2.7904627674918e-08,0.13113695141687,0.131136923512243,0.0725797705239277,2.38662709154153e-08,0.101113949435863,0.101113925569592,0.0451338881438205,4.03835685588316e-09,0.0327993976314046,0.0327993935930477
"GP_PU_POE","GP-PU-PoE","cov + network",TRUE,53,0,0,"true zero",0.0175169604978961,3.50018325408526e-11,0.0164263681776786,0.0164263681426768,0.0175169604978961,3.50018325408526e-11,0.0164263681776786,0.0164263681426768,0.0134899628832914,1.91757064129184e-11,0.0128515121917389,0.0128515121725632,0.00490838422777289,1.58261261282376e-11,0.00314062866197513,0.003140628646149
"GP_PU_POE","GP-PU-PoE","cov + network",TRUE,54,0,0,"true zero",0.00289064040859451,1.14430726384158e-17,0.0011106667815131,0.00111066678151309,0.00289064040859451,1.14430726384158e-17,0.0011106667815131,0.00111066678151309,0.00231989965584029,8.71930947950977e-18,0.000876507330606827,0.000876507330606818,0.000634736170509327,2.72376315890606e-18,0.000189803603039684,0.000189803603039682
"GP_PU_POE","GP-PU-PoE","cov + network",TRUE,55,0,0,"true zero",0.123170863722293,3.25621940035092e-12,0.193770950833055,0.193770950829799,0.123170863722293,3.25621940035092e-12,0.193770950833055,0.193770950829799,0.0921637304988306,1.90512240799536e-12,0.151215036353149,0.151215036351244,0.0531648315533506,1.35109699235813e-12,0.0455231635368809,0.0455231635355298
"GP_PU_POE","GP-PU-PoE","cov + network",TRUE,56,0,0,"true zero",0.0788470313659955,1.65786672819059e-09,0.108670853913857,0.108670852255991,0.0788470313659955,1.65786672819059e-09,0.108670853913857,0.108670852255991,0.0598694386319769,9.08260035083125e-10,0.0845401777817763,0.0845401768735163,0.0276790328884279,7.49606693788305e-10,0.0251433766743949,0.0251433759247882
"GP_PU_POE","GP-PU-PoE","cov + network",TRUE,57,0,0,"true zero",0.177057578574649,1.30583033663207e-06,0.308286887905672,0.308285582075335,0.177057578574649,1.30583033663207e-06,0.308286887905672,0.308285582075335,0.130922390484831,9.91051914712779e-07,0.230495595740552,0.230494604688637,0.0757342786307928,3.14778733881359e-07,0.0937208028708188,0.093720488092085
"GP_PU_POE","GP-PU-PoE","cov + network",TRUE,58,0,0,"true zero",0.0207460085122765,1.05844304169291e-09,0.0180330344783773,0.0180330334199343,0.0207460085122765,1.05844304169291e-09,0.0180330344783773,0.0180330334199343,0.0158763529676385,1.01152943363226e-09,0.0141024541989885,0.014102453187459,0.00602364608776985,4.69136081080997e-11,0.00377512437186241,0.0037751243249488
"GP_PU_POE","GP-PU-PoE","cov + network",TRUE,59,0,0,"true zero",0.187269139078199,2.56050370452468e-07,0.331856493068798,0.331856237018427,0.187269139078199,2.56050370452468e-07,0.331856493068798,0.331856237018427,0.139842564749605,1.71879164974596e-07,0.252967947345163,0.252967775465998,0.0893639946914403,8.41712199451514e-08,0.0933000742325197,0.0932999900612998
"GP_PU_POE","GP-PU-PoE","cov + network",TRUE,60,0,0,"true zero",0.0155399776115921,3.03022661579431e-14,0.0120086168724496,0.0120086168724193,0.0155399776115921,3.03022661579431e-14,0.0120086168724496,0.0120086168724193,0.0120097135470118,1.69838092445009e-14,0.00945804113146697,0.00945804113144999,0.00419663349850309,1.33184569134424e-14,0.00219658077443039,0.00219658077441707
"GP_PU_POE","GP-PU-PoE","cov + network",TRUE,61,0,0,"true zero",0.0474066991132441,9.39947779855527e-10,0.0546986037348525,0.0546986027949047,0.0474066991132441,9.39947779855527e-10,0.0546986037348525,0.0546986027949047,0.0353047144107489,5.02873774873827e-10,0.0425642459349914,0.0425642454321177,0.0165918494627309,4.37074005201492e-10,0.0118914239000602,0.0118914234629862
"GP_PU_POE","GP-PU-PoE","cov + network",TRUE,62,0,0,"true zero",0.144854959612194,1.70764716393601e-06,0.254016557545347,0.254014849898183,0.144854959612194,1.70764716393601e-06,0.254016557545347,0.254014849898183,0.109638595055836,1.50352730156509e-06,0.193480527351083,0.193479023823781,0.0544195155944277,2.04120169271173e-07,0.0668529260657837,0.0668527219456144
"GP_PU_POE","GP-PU-PoE","cov + network",TRUE,63,0,0,"true zero",0.0129127617445206,8.61556254963225e-12,0.012028833001966,0.0120288329933504,0.0129127617445206,8.61556254963225e-12,0.012028833001966,0.0120288329933504,0.00999175927298609,5.80756976619484e-12,0.00932920653809845,0.00932920653229088,0.0033401161829043,2.80799278345373e-12,0.00230068472049756,0.00230068471768957
"GP_PU_POE","GP-PU-PoE","cov + network",TRUE,64,0,0,"true zero",0.0191321098573152,7.60329260224509e-12,0.0179323935284422,0.0179323935208389,0.0191321098573152,7.60329260224509e-12,0.0179323935284422,0.0179323935208389,0.0148232528395047,4.01606730724188e-12,0.0144023194435286,0.0144023194395125,0.0052438525661004,3.58722529501761e-12,0.00358068456122675,0.00358068455763952
"GP_PU_POE","GP-PU-PoE","cov + network",TRUE,65,0,0,"true zero",0.111839892825571,5.55588016961133e-08,0.176864240939993,0.176864185381192,0.111839892825571,5.55588016961133e-08,0.176864240939993,0.176864185381192,0.085999540548481,3.25058925885734e-08,0.1387814384867,0.138781405980808,0.0403202095437754,1.99107243313322e-08,0.0399340416076494,0.0399340216969251
"GP_PU_POE","GP-PU-PoE","cov + network",TRUE,66,0,0,"true zero",0.020754174319177,1.06100586942277e-16,0.0145634846140469,0.0145634846140468,0.020754174319177,1.06100586942277e-16,0.0145634846140469,0.0145634846140468,0.016094432572727,6.20764699281034e-17,0.0114676839608476,0.0114676839608475,0.00615811185545158,4.40241170141731e-17,0.00270248278398001,0.00270248278397996
"GP_PU_POE","GP-PU-PoE","cov + network",TRUE,67,0,0,"true zero",0.0610784694468515,1.48331829586528e-12,0.0663355886804539,0.0663355886789706,0.0610784694468515,1.48331829586528e-12,0.0663355886804539,0.0663355886789706,0.0448601517678818,9.53035666044589e-13,0.0507502340045684,0.0507502340036154,0.0253487192744904,5.30282629821192e-13,0.0148094292248041,0.0148094292242738
"GP_PU_POE","GP-PU-PoE","cov + network",TRUE,68,0,0,"true zero",0.0481988379422814,3.44750782409244e-10,0.0581517930184668,0.058151792673716,0.0481988379422814,3.44750782409244e-10,0.0581517930184668,0.058151792673716,0.0361684549874068,2.21503228571131e-10,0.0449179023096398,0.0449179020881365,0.0162081756069009,1.23247553865413e-10,0.0123832285045253,0.0123832283812778
"GP_PU_POE","GP-PU-PoE","cov + network",TRUE,69,0,0,"true zero",0.019139242482307,1.15796851148227e-12,0.0162286234346196,0.0162286234334616,0.019139242482307,1.15796851148227e-12,0.0162286234346196,0.0162286234334616,0.0146680419011527,7.06985242971808e-13,0.0131497636103262,0.0131497636096192,0.00542282666331457,4.50983268510783e-13,0.00323030031095743,0.00323030031050645
"GP_PU_POE","GP-PU-PoE","cov + network",TRUE,70,0,0,"true zero",0.220149621162436,1.09894926445999e-07,0.415870257657998,0.415870147763071,0.220149621162436,1.09894926445999e-07,0.415870257657998,0.415870147763071,0.162306991778787,7.47258902059204e-08,0.311762102752736,0.311762028026846,0.111875637155014,3.5169038868116e-08,0.136521015310156,0.136520980141117
"GP_PU_POE","GP-PU-PoE","cov + network",TRUE,71,1,0,"hidden positive",0.477812440055326,0.089484111074527,0.9999999992784,0.910515888203873,0.477812440055326,0.089484111074527,0.9999999992784,0.910515888203873,0.353046148442102,1.32142263445569e-05,0.629558623380106,0.629545409153761,0.312959762513421,1.21177661662374e-06,0.752400859385311,0.752399647608694
"GP_PU_POE","GP-PU-PoE","cov + network",TRUE,72,1,0,"hidden positive",0.585851975190794,0.19013703456324,0.999999999999999,0.809862965436759,0.585851975190794,0.19013703456324,0.999999999999999,0.809862965436759,0.434134359091482,0.0650206149249596,0.734774964863931,0.669754349938971,0.404388403880625,1.3967565026667e-06,0.914482773019506,0.914481376263003
"GP_PU_POE","GP-PU-PoE","cov + network",TRUE,73,1,0,"hidden positive",0.472583941876693,4.93320423195201e-05,0.880674328816415,0.880624996774096,0.472583941876693,4.93320423195201e-05,0.880674328816415,0.880624996774096,0.352946556643454,4.05200614387904e-05,0.617984654856807,0.617944134795368,0.290384865184698,8.81233795720506e-06,0.644847312416994,0.644838500079036
"GP_PU_POE","GP-PU-PoE","cov + network",TRUE,74,1,0,"hidden positive",0.389911251007771,4.21856251201647e-07,0.80798462049021,0.807984198633959,0.389911251007771,4.21856251201647e-07,0.80798462049021,0.807984198633959,0.293461398106082,2.36503071211115e-07,0.577448841732261,0.57744860522919,0.235113948983637,1.85353223827139e-07,0.494838233439337,0.494838048086113
"GP_PU_POE","GP-PU-PoE","cov + network",TRUE,75,1,0,"hidden positive",0.793876569343708,0.547901105152138,0.999999999999854,0.452098894847717,0.793876569343708,0.547901105152138,0.999999999999854,0.452098894847717,0.598867158425333,0.405182652915203,0.898970718431536,0.493788065516333,0.639700858984309,0.148264325112213,0.99999999999971,0.851735674887497
"GP_PU_POE","GP-PU-PoE","cov + network",TRUE,76,1,0,"hidden positive",0.606583173545736,0.264058954709948,0.999999999081889,0.735941044371941,0.606583173545736,0.264058954709948,0.999999999081889,0.735941044371941,0.453243190241026,0.129308385931517,0.747884457723913,0.618576071792396,0.392263300961379,3.47190882889784e-05,0.82525371280784,0.825218993719551
"GP_PU_POE","GP-PU-PoE","cov + network",TRUE,77,1,0,"hidden positive",0.728906701013362,0.368318337965756,0.999999999999999,0.631681662034243,0.728906701013362,0.368318337965756,0.999999999999999,0.631681662034243,0.545711306564481,0.276134606938567,0.890681803639267,0.6145471967007,0.572545823438516,0.0763633502352894,0.999999999999997,0.923636649764708
"GP_PU_POE","GP-PU-PoE","cov + network",TRUE,78,1,0,"hidden positive",0.102686697072224,4.8631560489609e-09,0.150220209287561,0.150220204424405,0.102686697072224,4.8631560489609e-09,0.150220209287561,0.150220204424405,0.0771392340601082,3.1286033554012e-09,0.112961090676094,0.112961087547491,0.0411115615091144,1.57152590103886e-09,0.0355221213068152,0.0355221197352893
"GP_PU_POE","GP-PU-PoE","cov + network",TRUE,79,1,0,"hidden positive",0.600523299953229,0.239852343735149,0.99999989588442,0.76014755214927,0.600523299953229,0.239852343735149,0.99999989588442,0.76014755214927,0.447632729064609,0.144185180040323,0.773969239993929,0.629784059953606,0.393188685108618,1.16830603553942e-06,0.835078186082536,0.8350770177765
"GP_PU_POE","GP-PU-PoE","cov + network",TRUE,80,1,0,"hidden positive",0.188845439287554,6.27599942343293e-07,0.337189514717202,0.33718888711726,0.188845439287554,6.27599942343293e-07,0.337189514717202,0.33718888711726,0.140175529733425,3.51650006961014e-07,0.253282821305285,0.253282469655278,0.0926733210165261,2.20306580996367e-07,0.0980787500153323,0.0980785297087513
"GP_PU_POE","GP-PU-PoE","cov + network",TRUE,81,1,1,"observed positive",0.866791835181931,0.761692933270024,0.999999999999998,0.238307066729975,0.866791835181931,0.761692933270024,0.999999999999998,0.238307066729975,0.662300761869927,0.512637640284794,0.892610945111359,0.379973304826565,1,1,1,0
"GP_PU_POE","GP-PU-PoE","cov + network",TRUE,82,1,1,"observed positive",0.944892665505037,0.933205480148451,1,0.0667945198515494,0.944892665505037,0.933205480148451,1,0.0667945198515494,0.72421317313055,0.611580522694792,0.922235768563838,0.310655245869047,1,1,1,0
"GP_PU_POE","GP-PU-PoE","cov + network",TRUE,83,1,1,"observed positive",0.746062092050141,0.529633058808307,0.999999986025547,0.47036692721724,0.746062092050141,0.529633058808307,0.999999986025547,0.47036692721724,0.567151305143123,0.354068796128361,0.840121643638951,0.486052847510589,1,1,1,0
"GP_PU_POE","GP-PU-PoE","cov + network",TRUE,84,1,1,"observed positive",0.691732333270294,0.442735224741939,0.999999990625564,0.557264765883625,0.691732333270294,0.442735224741939,0.999999990625564,0.557264765883625,0.522575326953825,0.296153590433993,0.805281536133528,0.509127945699535,1,1,1,0
"GP_PU_POE","GP-PU-PoE","cov + network",TRUE,85,1,1,"observed positive",0.709181888458435,0.471191992820344,0.999999881035872,0.528807888215529,0.709181888458435,0.471191992820344,0.999999881035872,0.528807888215529,0.538545895192242,0.297913355554307,0.811786015531804,0.513872659977498,1,1,1,0
"GP_PU_POE","GP-PU-PoE","cov + network",TRUE,86,1,1,"observed positive",0.944148568307636,0.935855765178075,1,0.0641442348219254,0.944148568307636,0.935855765178075,1,0.0641442348219254,0.723106359366706,0.58738363301515,0.89959057538701,0.312206942371861,1,1,1,0
"GP_PU_POE","GP-PU-PoE","cov + network",TRUE,87,1,1,"observed positive",0.743609861775743,0.532009617927192,0.999999999990535,0.467990382063343,0.743609861775743,0.532009617927192,0.999999999990535,0.467990382063343,0.565066979084362,0.361230556905901,0.834906885081662,0.473676328175761,1,1,1,0
"GP_PU_POE","GP-PU-PoE","cov + network",TRUE,88,1,1,"observed positive",0.619615766567741,0.352667473863015,0.99999781718715,0.647330343324135,0.619615766567741,0.352667473863015,0.99999781718715,0.647330343324135,0.471240417933165,0.184084249558028,0.738191914475246,0.554107664917218,1,1,1,0
"GP_PU_POE","GP-PU-PoE","cov + network",TRUE,89,1,1,"observed positive",0.762157564049128,0.562054899753059,0.999999978044397,0.437945078291337,0.762157564049128,0.562054899753059,0.999999978044397,0.437945078291337,0.579919384692937,0.368785830698691,0.847939746511144,0.479153915812453,1,1,1,0
"GP_PU_POE","GP-PU-PoE","cov + network",TRUE,90,1,1,"observed positive",0.593162756225483,0.310342734439168,0.999999816053501,0.689657081614333,0.593162756225483,0.310342734439168,0.999999816053501,0.689657081614333,0.4501376312421,0.169617380735096,0.751921038725769,0.582303657990673,1,1,1,0
"GP_PU_POE","GP-PU-PoE","cov + network",TRUE,91,1,1,"observed positive",0.781448351119918,0.590817819453814,0.99999978207493,0.409181962621117,0.781448351119918,0.590817819453814,0.99999978207493,0.409181962621117,0.594892765565183,0.402200608629444,0.850647520414424,0.44844691178498,1,1,1,0
"GP_PU_POE","GP-PU-PoE","cov + network",TRUE,92,1,1,"observed positive",0.707626316847606,0.449984785378378,0.999999983276592,0.550015197898213,0.707626316847606,0.449984785378378,0.999999983276592,0.550015197898213,0.535861820146008,0.310697385548533,0.836039416703779,0.525342031155246,1,1,1,0
"GP_PU_POE","GP-PU-PoE","cov + network",TRUE,93,1,1,"observed positive",0.804559970360393,0.647035476072489,0.999999978830003,0.352964502757514,0.804559970360393,0.647035476072489,0.999999978830003,0.352964502757514,0.61519433691528,0.436882689147297,0.861543747843905,0.424661058696608,1,1,1,0
"GP_PU_POE","GP-PU-PoE","cov + network",TRUE,94,1,1,"observed positive",0.751965614571802,0.536766031140225,0.999999732618127,0.463233701477902,0.751965614571802,0.536766031140225,0.999999732618127,0.463233701477902,0.571651890533028,0.370317941652946,0.848944471092449,0.478626529439503,1,1,1,0
"GP_PU_POE","GP-PU-PoE","cov + network",TRUE,95,1,1,"observed positive",0.402058676224571,0.00685193844300645,0.70956476374219,0.702712825299184,0.402058676224571,0.00685193844300645,0.70956476374219,0.702712825299184,0.306789789557194,0.00525952027928293,0.529828307969948,0.524568787690665,1,1,1,0
"GP_PU_POE","GP-PU-PoE","cov + network",TRUE,96,1,1,"observed positive",0.948528118136232,0.94990621267913,1,0.0500937873208697,0.948528118136232,0.94990621267913,1,0.0500937873208697,0.727009514006214,0.610113284547464,0.92246858515039,0.312355300602925,1,1,1,0
"GP_PU_POE","GP-PU-PoE","cov + network",TRUE,97,1,1,"observed positive",0.908509022088382,0.854959966422041,0.999999975019492,0.145040008597451,0.908509022088382,0.854959966422041,0.999999975019492,0.145040008597451,0.694501350398102,0.554737065702272,0.871223407993673,0.316486342291401,1,1,1,0
"GP_PU_POE","GP-PU-PoE","cov + network",TRUE,98,1,1,"observed positive",0.695199585037235,0.411080477897265,0.999999999933894,0.588919522036629,0.695199585037235,0.411080477897265,0.999999999933894,0.588919522036629,0.524395403095298,0.273144974028188,0.825430596488688,0.5522856224605,1,1,1,0
"GP_PU_POE","GP-PU-PoE","cov + network",TRUE,99,1,1,"observed positive",0.827584126141673,0.682104896564087,0.999999980645474,0.317895084081387,0.827584126141673,0.682104896564087,0.999999980645474,0.317895084081387,0.6308590253678,0.468660970746739,0.862913051282887,0.394252080536147,1,1,1,0
"GP_PU_POE","GP-PU-PoE","cov + network",TRUE,100,1,1,"observed positive",0.488194928377429,0.0017634810879716,0.821995307232261,0.820231826144289,0.488194928377429,0.0017634810879716,0.821995307232261,0.820231826144289,0.366967968574277,0.0254429709455324,0.617768030311173,0.59232505936564,1,1,1,0
