"scenario","replicate","model_key","method","Overall_AUC","Hidden_AUC","Hidden_at_15","Hidden_Recall_at_15","Overall_Recall_at_45","Overall_LogLoss","Hidden_LogLoss","Overall_Brier","Hidden_Brier","Overall_Coverage_80","Hidden_Coverage_80","Overall_Interval_Score_80","Hidden_Interval_Score_80","Overall_Coverage_95","Hidden_Coverage_95","Overall_Interval_Score_95","Hidden_Interval_Score_95","eta_posterior_mean","anchor_max_mean","anchor_max_median","anchor_max_q025","anchor_max_q975","anchor_Pr_over_090","anchor_Pr_over_095","anchor_Pr_over_099","anchor_q99_median","anchor_top5_median","beta0_posterior_mean","runtime_sec"
"Fixed mixed-signal hidden-positive design",1,"cov","Bayesian Linear Cov",0.643129890453834,0.530516431924883,2,0.133333333333333,0.288888888888889,0.348943610378808,2.64486308219338,0.0989849814097524,0.856473967340519,0.915,0.133333333333333,0.9375,8.8,1,1,1,1,NA,0.257791718241685,0.225957325480054,0.0748415083216152,0.621800550563311,0,0,0,0.164779931829836,0.191091101138137,-2.71048587515834,20.4199030399323
"Fixed mixed-signal hidden-positive design",2,"cov","Bayesian Linear Cov",0.61226917057903,0.473990610328638,2,0.133333333333333,0.222222222222222,0.357353329034606,2.68481209268243,0.100655008373234,0.865488612608814,0.895,0.133333333333333,1.07,8.8,1,1,1,1,NA,0.176931554066249,0.157245904017966,0.0633278294529165,0.399114066136521,0,0,0,0.129998429183098,0.141396526127299,-2.66780076332555,20.2660810947418
"Fixed mixed-signal hidden-positive design",3,"cov","Bayesian Linear Cov",0.596118935837246,0.444319248826291,0,0,0.177777777777778,0.360986308572899,2.68415521592376,0.101294180644204,0.867801837423902,0.8875,0,1.1275,10,1,1,1,1,NA,0.142728851710577,0.117816894189437,0.0582247154099065,0.350498132530059,0,0,0,0.104502633614051,0.11016203979224,-2.63904932407209,20.1335339546204
"Fixed mixed-signal hidden-positive design",4,"cov","Bayesian Linear Cov",0.645633802816901,0.573521126760563,1,0.0666666666666667,0.244444444444444,0.355994164113729,2.63933236706794,0.100502167446733,0.861430161754944,0.8925,0,1.0825,10,1,1,1,1,NA,0.178872311810046,0.144491728808117,0.0653835175887441,0.47997761216143,0,0,0,0.120293590716201,0.130654241084489,-2.65085665797073,20.0000078678131
"Fixed mixed-signal hidden-positive design",5,"cov","Bayesian Linear Cov",0.644757433489828,0.636056338028169,2,0.133333333333333,0.311111111111111,0.355207878030525,2.60724443223524,0.100414587009575,0.856845982781966,0.89,0,1.11,10,1,1,1,1,NA,0.170658763166519,0.14320935169103,0.0643562248313335,0.421514230679047,0,0,0,0.119510281839823,0.128763895991143,-2.65931282206557,20.0190179347992
"Fixed mixed-signal hidden-positive design",6,"cov","Bayesian Linear Cov",0.710485133020344,0.707417840375587,2,0.133333333333333,0.355555555555556,0.336031893468616,2.44210937923963,0.0964068671238573,0.814910406129449,0.925,0.333333333333333,0.855,7,1,1,1,1,NA,0.316825547833722,0.297032439156133,0.0795921073988341,0.674574117066577,0,0,0,0.206069346125658,0.241398358677807,-2.74773285883152,19.8969531059265
"Fixed mixed-signal hidden-positive design",7,"cov","Bayesian Linear Cov",0.687699530516432,0.633802816901408,3,0.2,0.266666666666667,0.342228951268402,2.5483508628425,0.097839115040203,0.838407156343576,0.925,0.266666666666667,0.8875,7.6,1,1,0.9975,1,NA,0.298852294371793,0.275583091811593,0.0751804853158477,0.641406820421207,5e-04,0,0,0.190053259652317,0.223360409089111,-2.73111437576289,19.8176720142365
"Fixed mixed-signal hidden-positive design",8,"cov","Bayesian Linear Cov",0.72075117370892,0.541408450704225,1,0.0666666666666667,0.377777777777778,0.322410157866132,3.04149577980159,0.0885790792202947,0.851163830499119,0.9425,0.333333333333333,0.7725,7,0.99,0.733333333333333,1.1925,11.4,NA,0.772619895049403,0.805276563509692,0.41987236378127,0.973001297401162,0.215,0.0725,0.0025,0.452517379070875,0.596692971006177,-3.10682052536866,19.7416839599609
"Fixed mixed-signal hidden-positive design",9,"cov","Bayesian Linear Cov",0.656713615023474,0.538779342723005,1,0.0666666666666667,0.288888888888889,0.34407976449719,2.70923667876377,0.0975244499513317,0.863154524769912,0.9275,0.2,0.895,8.2,0.9975,1,1.085,1,NA,0.32050940379982,0.30424275637437,0.0820726333567761,0.642750017328183,0,0,0,0.224645170621825,0.260423343271285,-2.77810295829223,19.8185369968414
"Fixed mixed-signal hidden-positive design",10,"cov","Bayesian Linear Cov",0.593489827856025,0.443192488262911,0,0,0.266666666666667,0.351370445479691,2.78939173281717,0.098779623728177,0.876382244904386,0.915,0.133333333333333,0.9675,8.8,1,1,1,1,NA,0.305710098713131,0.276716894592332,0.0797704059702634,0.687611925395669,5e-04,0,0,0.195567760155634,0.230573653407102,-2.73985906645199,19.8961770534515
"Fixed mixed-signal hidden-positive design",11,"cov","Bayesian Linear Cov",0.686572769953052,0.59868544600939,2,0.133333333333333,0.288888888888889,0.339632116941642,2.60758249041645,0.0971656714035924,0.844579546952047,0.9275,0.133333333333333,0.9,8.8,1,1,0.9775,1,NA,0.333667232273702,0.314140017588989,0.0981822455352998,0.658697367232611,5e-04,0,0,0.219071933416006,0.258414073789938,-2.80430082722331,19.9480850696564
"Fixed mixed-signal hidden-positive design",12,"cov","Bayesian Linear Cov",0.63830985915493,0.461784037558685,2,0.133333333333333,0.311111111111111,0.343784855103597,2.74761873319148,0.0971765597088998,0.857997264435209,0.9275,0.2,0.875,8.2,1,1,0.9875,1,NA,0.348702217786066,0.335387640848942,0.0987717273149266,0.662267380914544,0,0,0,0.227075182634935,0.271853110426138,-2.78791872213622,19.803738117218
"Fixed mixed-signal hidden-positive design",13,"cov","Bayesian Linear Cov",0.631173708920188,0.483192488262911,1,0.0666666666666667,0.2,0.355641935394251,2.69939917328687,0.100422761928124,0.867661539258207,0.9,0.0666666666666667,1.0425,9.4,1,1,1,1,NA,0.195722979786894,0.172741959924264,0.0669969868376414,0.452821984153303,0,0,0,0.13855361551769,0.152660396425389,-2.68493856975645,19.9924941062927
"Fixed mixed-signal hidden-positive design",14,"cov","Bayesian Linear Cov",0.630297339593114,0.603755868544601,1,0.0666666666666667,0.266666666666667,0.360412188395202,2.64559282470618,0.101216498869055,0.862736422468457,0.8875,0,1.125,10,1,1,1,1,NA,0.129582125309645,0.11407303787332,0.0609958876560428,0.292011230160518,0,0,0,0.101588782419416,0.106357543493447,-2.63992277957167,20.2471039295197
"Fixed mixed-signal hidden-positive design",15,"cov","Bayesian Linear Cov",0.58754303599374,0.341784037558685,1,0.0666666666666667,0.244444444444444,0.355662850979114,2.96180778985825,0.0993412115402266,0.89010778223619,0.9225,0.0666666666666667,0.91,9.4,1,1,0.995,1,NA,0.299624630977077,0.287717688153099,0.0795004043158951,0.598020276671558,0,0,0,0.214821586120964,0.244540537337909,-2.76803334979027,19.7631380558014
"Fixed mixed-signal hidden-positive design",16,"cov","Bayesian Linear Cov",0.712363067292645,0.60169014084507,1,0.0666666666666667,0.311111111111111,0.333276160683359,2.64206544924836,0.096138563334256,0.848072719139237,0.9375,0.266666666666667,0.795,7.6,1,1,0.935,1,NA,0.362855563297651,0.353243515782013,0.129045324753331,0.643834770844708,0,0,0,0.264731063448388,0.302021200227191,-2.87904164025578,19.8728940486908
"Fixed mixed-signal hidden-positive design",17,"cov","Bayesian Linear Cov",0.751424100156495,0.712488262910798,4,0.266666666666667,0.422222222222222,0.322445086580982,2.39080355004015,0.0937974829580999,0.801849159724203,0.94,0.466666666666667,0.785,5.8,1,1,0.9075,1,NA,0.481458241509501,0.461384517515581,0.136580065914056,0.888046107309265,0.0205,0.0035,0,0.263196871713073,0.333852533341146,-2.86565999136772,19.831955909729
"Fixed mixed-signal hidden-positive design",18,"cov","Bayesian Linear Cov",0.588920187793427,0.469671361502347,2,0.133333333333333,0.311111111111111,0.35610106756567,2.67995433828912,0.100364719865833,0.865642737552321,0.895,0,1.07,10,1,1,1,1,NA,0.181133386449234,0.15381333234548,0.0648262680606213,0.455758606340164,0,0,0,0.126742978783621,0.138375232081,-2.66882276195023,20.1802530288696
"Fixed mixed-signal hidden-positive design",19,"cov","Bayesian Linear Cov",0.682503912363067,0.548544600938967,2,0.133333333333333,0.244444444444444,0.345103191719571,2.70490515174072,0.0983497645590005,0.858849580706553,0.9225,0.2,0.935,8.2,1,1,0.9975,1,NA,0.32308881853621,0.300851217722535,0.093505011922997,0.646160403972494,0,0,0,0.213429978102775,0.24992923522997,-2.77995338405913,19.8125998973846
"Fixed mixed-signal hidden-positive design",20,"cov","Bayesian Linear Cov",0.669984350547731,0.590234741784038,1,0.0666666666666667,0.266666666666667,0.342094799197043,2.65782371449947,0.0972784670909247,0.858346389039997,0.9175,0.0666666666666667,0.95,9.4,1,1,0.9925,1,NA,0.417882644684562,0.387281478577852,0.0896053002565735,0.881506038428451,0.019,0.005,0,0.232603127955496,0.292099515422599,-2.76771157217596,20.0441250801086
"Fixed mixed-signal hidden-positive design",21,"cov","Bayesian Linear Cov",0.684694835680751,0.628732394366197,1,0.0666666666666667,0.266666666666667,0.347482254115811,2.617824607412,0.0989958092964421,0.855013308089203,0.9125,0.133333333333333,0.965,8.8,1,1,1,1,NA,0.2576332307661,0.21903493576365,0.0692294009193641,0.635643616233001,0.001,0,0,0.164038702369043,0.186849636145047,-2.7155647072712,19.797159910202
"Fixed mixed-signal hidden-positive design",22,"cov","Bayesian Linear Cov",0.569327073552426,0.457652582159624,3,0.2,0.333333333333333,0.351418127218892,2.67780144696529,0.0987313972508499,0.857896859394801,0.92,0.2,0.8675,8.2,1,1,1,1,NA,0.267080986871229,0.234412102331948,0.0719481205210053,0.637836652796637,5e-04,0,0,0.165982073466406,0.193180137074172,-2.69549304229578,20.1297869682312
"Fixed mixed-signal hidden-positive design",23,"cov","Bayesian Linear Cov",0.682441314553991,0.596056338028169,2,0.133333333333333,0.222222222222222,0.345640564412963,2.5999722821933,0.0988177711301821,0.848023516536653,0.9175,0.2,0.96,8.2,1,1,0.9975,1,NA,0.271619906027313,0.255191893672984,0.076367853308856,0.569037923931301,0,0,0,0.189402786717588,0.217051199142131,-2.74958880315338,19.9579629898071
"Fixed mixed-signal hidden-positive design",24,"cov","Bayesian Linear Cov",0.669233176838811,0.556244131455399,2,0.133333333333333,0.355555555555556,0.337143130170793,2.69814545227264,0.0952705928061932,0.851087913234091,0.9375,0.266666666666667,0.7975,7.6,1,1,0.9825,1,NA,0.538718076416888,0.529700815933507,0.118052490041196,0.946690665605447,0.077,0.0215,0.0025,0.265981840428565,0.352918591578299,-2.84157396619034,19.8032159805298
"Fixed mixed-signal hidden-positive design",25,"cov","Bayesian Linear Cov",0.616150234741784,0.47981220657277,1,0.0666666666666667,0.266666666666667,0.355574797572493,2.68268350099848,0.100314693663531,0.865504188944396,0.8975,0.0666666666666667,1.065,9.4,1,1,1,1,NA,0.198348017519936,0.167049821799338,0.0662834636596627,0.49931530302446,0,0,0,0.132466975946736,0.146944090715761,-2.66515474236067,20.2082278728485
"Fixed mixed-signal hidden-positive design",26,"cov","Bayesian Linear Cov",0.748419405320814,0.586478873239437,1,0.0666666666666667,0.422222222222222,0.319335145315402,2.94448733368747,0.0902324097934336,0.846982618747339,0.95,0.4,0.7325,6.4,0.985,0.666666666666667,1.315,14,NA,0.685218282181522,0.696776715396578,0.373070023016228,0.923139108663113,0.052,0.007,0,0.453693107509717,0.55716240697289,-3.17069616648136,19.8760418891907
"Fixed mixed-signal hidden-positive design",27,"cov","Bayesian Linear Cov",0.700970266040689,0.606197183098591,1,0.0666666666666667,0.266666666666667,0.335042795474899,2.64040652011977,0.0964302667068879,0.850761714223501,0.9275,0.2,0.915,8.2,1,1,0.9375,1,NA,0.445495879796025,0.438729924779424,0.133269614300092,0.785049316581635,0.0025,0,0,0.263937224598702,0.329269237895134,-2.86116910875345,19.7808539867401
"Fixed mixed-signal hidden-positive design",28,"cov","Bayesian Linear Cov",0.675931142410016,0.651079812206573,0,0,0.4,0.340475062293109,2.59260167728741,0.0968537691052248,0.850076222021834,0.9325,0.266666666666667,0.795,7.6,1,1,1,1,NA,0.330412884544433,0.292142788371987,0.0759720662650898,0.77478877027337,0.001,5e-04,0,0.19548896809011,0.228379717566638,-2.76818771056498,19.8536419868469
"Fixed mixed-signal hidden-positive design",29,"cov","Bayesian Linear Cov",0.550610328638498,0.376901408450704,1,0.0666666666666667,0.2,0.360571103174066,2.71450266812789,0.101156851466362,0.871136565157254,0.89,0,1.1025,10,1,1,1,1,NA,0.163078162236307,0.134972557475947,0.0627943173892383,0.408508108001517,0,0,0,0.115436735308822,0.12278940909754,-2.64338968787233,20.1526761054993
"Fixed mixed-signal hidden-positive design",30,"cov","Bayesian Linear Cov",0.684694835680751,0.611830985915493,1,0.0666666666666667,0.2,0.351916831521177,2.61775172906223,0.100031573122416,0.857627905597857,0.9,0.0666666666666667,1.06,9.4,1,1,1,1,NA,0.213947274949764,0.186027051794999,0.0683114003744654,0.50459026448669,0,0,0,0.145184654901773,0.161057209603595,-2.68190332920532,20.0782170295715
"Fixed mixed-signal hidden-positive design",31,"cov","Bayesian Linear Cov",0.642190923317684,0.569201877934272,0,0,0.266666666666667,0.353937922377614,2.63398607096955,0.100144313147107,0.859037560815428,0.9,0,1.0375,10,1,1,1,1,NA,0.213216257993212,0.174067379569209,0.0664559162671913,0.566971687703292,0,0,0,0.138409006421524,0.151652741410915,-2.67372311673931,20.01176404953
"Fixed mixed-signal hidden-positive design",32,"cov","Bayesian Linear Cov",0.62641627543036,0.495962441314554,2,0.133333333333333,0.377777777777778,0.352435301963103,2.67497771934647,0.0995548328681996,0.8629235347498,0.91,0.133333333333333,0.94,8.8,1,1,1,1,NA,0.214941237507322,0.169080275614999,0.0648127623381715,0.63273303058135,0,0,0,0.135372710626527,0.149344601112724,-2.68961686602383,20.0667450428009
"Fixed mixed-signal hidden-positive design",33,"cov","Bayesian Linear Cov",0.652018779342723,0.564319248826291,2,0.133333333333333,0.288888888888889,0.338771506124107,2.62693103665941,0.0958476810191428,0.843857362906319,0.9225,0.2,0.8975,8.2,1,1,0.9925,1,NA,0.382293888941112,0.357788398320353,0.0869006875029933,0.810488360512865,0.004,0,0,0.228803372070102,0.280780891203616,-2.77188433043894,19.9667119979858
"Fixed mixed-signal hidden-positive design",34,"cov","Bayesian Linear Cov",0.642816901408451,0.620657276995305,2,0.133333333333333,0.266666666666667,0.358681475804,2.63131667855557,0.100954697466313,0.860681402025174,0.8875,0,1.125,10,1,1,1,1,NA,0.144235927038435,0.120006530340166,0.0633973625603343,0.358920779740562,0,0,0,0.104487022337782,0.111186764520975,-2.64228133147988,20.0859248638153
"Fixed mixed-signal hidden-positive design",35,"cov","Bayesian Linear Cov",0.71906103286385,0.60169014084507,2,0.133333333333333,0.355555555555556,0.326802432190314,2.66606535913639,0.0928753726012475,0.82720312111674,0.9425,0.333333333333333,0.7725,7,0.995,0.866666666666667,1.085,6.19999999999999,NA,0.651559363876176,0.676233146732154,0.193222329212415,0.983997945764357,0.179,0.089,0.0115,0.305661025206029,0.414929142370414,-2.94677440826909,19.8688549995422
"Fixed mixed-signal hidden-positive design",36,"cov","Bayesian Linear Cov",0.609953051643192,0.47981220657277,0,0,0.222222222222222,0.359467477042893,2.68207540325689,0.101053541904093,0.867184923874077,0.8875,0,1.1275,10,1,1,1,1,NA,0.158198829184579,0.133302469364777,0.0642706699215135,0.388587185206923,0,0,0,0.114491802148953,0.122156217960957,-2.64833370124117,20.2717180252075
"Fixed mixed-signal hidden-positive design",37,"cov","Bayesian Linear Cov",0.635117370892019,0.508732394366197,1,0.0666666666666667,0.311111111111111,0.346844115232392,2.74085358533984,0.0982271569819155,0.868422833642387,0.925,0.133333333333333,0.9,8.8,1,1,0.99,1,NA,0.322083135946391,0.303730593965761,0.087335795816562,0.6360360113758,0,0,0,0.215520197282612,0.253652196607437,-2.77560022557503,19.8587131500244
"Fixed mixed-signal hidden-positive design",38,"cov","Bayesian Linear Cov",0.601251956181534,0.426666666666667,1,0.0666666666666667,0.288888888888889,0.351408604471898,2.778115995092,0.098883009065384,0.872935851563083,0.9175,0.133333333333333,0.9225,8.8,1,1,1,1,NA,0.307193789719097,0.27296159847587,0.0780414329801004,0.714946739657791,0.001,0,0,0.186298280387085,0.21949814468003,-2.72781705119695,20.0727751255035
"Fixed mixed-signal hidden-positive design",39,"cov","Bayesian Linear Cov",0.686197183098592,0.632863849765258,3,0.2,0.333333333333333,0.338593818342041,2.51610413697093,0.0965232554996951,0.823432078485712,0.9225,0.266666666666667,0.89,7.6,1,1,1,1,NA,0.35091337849911,0.32868516847499,0.085864287681646,0.755494944129867,0,0,0,0.205236283139138,0.252615545772927,-2.75464585564522,19.947193145752
"Fixed mixed-signal hidden-positive design",40,"cov","Bayesian Linear Cov",0.675430359937402,0.604319248826291,2,0.133333333333333,0.311111111111111,0.343451302326128,2.57341061498947,0.0979517656580368,0.842456595790065,0.9225,0.2,0.8875,8.2,1,1,1,1,NA,0.27507360586796,0.250710295440502,0.0764531582932503,0.627536550545986,5e-04,0,0,0.185701890424486,0.213190818541347,-2.74374889002373,19.8364729881287
"Fixed mixed-signal hidden-positive design",41,"cov","Bayesian Linear Cov",0.602879499217527,0.356244131455399,0,0,0.355555555555556,0.351978923634937,3.14031858654697,0.0960254641372513,0.887705888132479,0.9375,0.266666666666667,0.8125,7.6,0.9875,0.733333333333333,1.4225,11.4,NA,0.389319893903946,0.378363633789518,0.155437592405773,0.698185791956766,0,0,0,0.272590503698882,0.317357802671947,-2.89400164605732,19.7668590545654
"Fixed mixed-signal hidden-positive design",42,"cov","Bayesian Linear Cov",0.697276995305164,0.547793427230047,2,0.133333333333333,0.333333333333333,0.328409198092624,2.79170999119538,0.0912487375801569,0.822601329713478,0.9425,0.333333333333333,0.7675,7,0.99,0.8,1.295,8.79999999999999,NA,0.662789018334313,0.685823700215214,0.254141359955894,0.951423773556253,0.106,0.026,5e-04,0.351097220263907,0.496648297597989,-2.93485934249847,19.7082459926605
"Fixed mixed-signal hidden-positive design",43,"cov","Bayesian Linear Cov",0.683255086071987,0.656901408450704,3,0.2,0.311111111111111,0.343598113005047,2.54570006938528,0.0981755853645706,0.842940005457495,0.92,0.266666666666667,0.9,7.6,1,1,1,1,NA,0.261828741934941,0.237473271466419,0.0741848733556284,0.602270025562875,0,0,0,0.176596087232064,0.202722893474559,-2.72193641880245,19.9281759262085
"Fixed mixed-signal hidden-positive design",44,"cov","Bayesian Linear Cov",0.654460093896714,0.604882629107981,2,0.133333333333333,0.4,0.353957621510796,2.6181025117412,0.100142649909496,0.85699604930641,0.9,0.0666666666666667,1.0325,9.4,1,1,1,1,NA,0.177967818123787,0.152188962766977,0.0654935233831689,0.431840938719534,0,0,0,0.12571875729986,0.135993345652734,-2.6624997184133,20.1253669261932
"Fixed mixed-signal hidden-positive design",45,"cov","Bayesian Linear Cov",0.697589984350548,0.682253521126761,2,0.133333333333333,0.266666666666667,0.346035510515027,2.54717287313565,0.0988670004209394,0.84501985221114,0.915,0.2,0.9425,8.2,1,1,0.9975,1,NA,0.224001188246357,0.204109647449658,0.0725909653468144,0.480238178556847,0,0,0,0.16175906715809,0.179288509853428,-2.72002147091557,19.9358859062195
"Fixed mixed-signal hidden-positive design",46,"cov","Bayesian Linear Cov",0.669733959311424,0.581971830985916,1,0.0666666666666667,0.222222222222222,0.344510665401293,2.64252389068985,0.098161709447768,0.85549705938391,0.9175,0.2,0.9525,8.2,1,1,0.9975,1,NA,0.28370345485734,0.262768696564001,0.0816058662429421,0.613279658829176,0,0,0,0.194588103882131,0.223333153791339,-2.7521681068377,20.2124919891357
"Fixed mixed-signal hidden-positive design",47,"cov","Bayesian Linear Cov",0.63793427230047,0.448638497652582,1,0.0666666666666667,0.288888888888889,0.345651147580238,2.96345407805325,0.0960046091479945,0.88039786420436,0.93,0.2,0.8725,8.2,0.995,0.933333333333333,1.1475,3.6,NA,0.468854460176392,0.456256516278317,0.151734156180717,0.82935729064729,0.0095,0.0015,0,0.29655248861157,0.366887384006864,-2.85442603090048,19.6055450439453
"Fixed mixed-signal hidden-positive design",48,"cov","Bayesian Linear Cov",0.713489827856025,0.667605633802817,1,0.0666666666666667,0.311111111111111,0.340702270619721,2.55942855855471,0.0976060954859867,0.844924285925574,0.925,0.266666666666667,0.87,7.6,1,1,0.9925,1,NA,0.274730850753702,0.258466403583974,0.0833764880737006,0.560774859996308,0,0,0,0.188715422492106,0.2166980411495,-2.75104465457062,20.0623319149017
"Fixed mixed-signal hidden-positive design",49,"cov","Bayesian Linear Cov",0.661909233176839,0.612018779342723,2,0.133333333333333,0.333333333333333,0.347166273542625,2.598958849386,0.098777343511169,0.851946243063296,0.915,0.266666666666667,0.935,7.6,1,1,1,1,NA,0.256729903341951,0.223323154666038,0.0714201831626528,0.635304455949893,0,0,0,0.166890563517026,0.190519327365554,-2.70775142707303,20.079244852066
"Fixed mixed-signal hidden-positive design",50,"cov","Bayesian Linear Cov",0.623411580594679,0.4381220657277,1,0.0666666666666667,0.288888888888889,0.34511233749149,2.85391846013585,0.0968917524093876,0.878531229592255,0.9225,0.0666666666666667,0.9225,9.4,1,1,0.9825,1,NA,0.447902242634665,0.410373739367279,0.0991451269621838,0.89503219070336,0.023,0.0055,0,0.244737399450807,0.309264895072812,-2.82631578500885,19.8678951263428
"Fixed mixed-signal hidden-positive design",51,"cov","Bayesian Linear Cov",0.630798122065728,0.490516431924883,2,0.133333333333333,0.244444444444444,0.350274050459519,2.68814290560031,0.0991223931562689,0.860664500198867,0.9125,0.133333333333333,0.96,8.8,1,1,1,1,NA,0.23096332050225,0.206689862464072,0.0704424392444214,0.521413797574237,0,0,0,0.163606233575042,0.182800956805044,-2.70812603582151,20.1690340042114
"Fixed mixed-signal hidden-positive design",52,"cov","Bayesian Linear Cov",0.678935837245696,0.490704225352113,1,0.0666666666666667,0.311111111111111,0.340703311092609,2.86043164698062,0.0970681588690633,0.871276222548299,0.9325,0.2,0.86,8.2,0.9975,0.933333333333333,1.02,3.6,NA,0.420154100254432,0.406659021054188,0.154565440859902,0.727523083712329,0.0015,0,0,0.274450681625679,0.327369956365402,-2.88885027890972,19.8306307792664
"Fixed mixed-signal hidden-positive design",53,"cov","Bayesian Linear Cov",0.675367762128325,0.531455399061033,3,0.2,0.355555555555556,0.3298442594364,2.76173332401559,0.0916707971170073,0.827677880085132,0.9325,0.266666666666667,0.8725,7.6,0.9925,0.933333333333333,1.2075,3.6,NA,0.539010721116541,0.537150318446638,0.200157619765391,0.864250389316218,0.01,0.0015,0,0.34111087965081,0.42082982206639,-2.93321180783075,19.7871429920197
"Fixed mixed-signal hidden-positive design",54,"cov","Bayesian Linear Cov",0.58528951486698,0.455023474178404,2,0.133333333333333,0.2,0.360732509497545,2.67092216907384,0.101239360826832,0.865721329814822,0.8875,0,1.125,10,1,1,1,1,NA,0.141124279043487,0.117886855885823,0.0614544635073174,0.34415849454372,0,0,0,0.103988852517391,0.110257980791981,-2.63589417156639,20.1043479442596
"Fixed mixed-signal hidden-positive design",55,"cov","Bayesian Linear Cov",0.696463223787167,0.603004694835681,2,0.133333333333333,0.355555555555556,0.332657209719643,2.61525443905921,0.0950588129433591,0.836775778881111,0.9425,0.266666666666667,0.76,7.6,1,1,0.96,1,NA,0.402894919689449,0.392084649132627,0.13285839144389,0.723225065536413,0,0,0,0.271277291053428,0.323131194566731,-2.85099762401072,19.8212568759918
"Fixed mixed-signal hidden-positive design",56,"cov","Bayesian Linear Cov",0.603192488262911,0.449953051643192,0,0,0.177777777777778,0.357473194218898,2.7418448218737,0.100699182763187,0.873711875576454,0.9075,0,0.995,10,1,1,1,1,NA,0.212633991007329,0.190911048414614,0.071142421143252,0.48161238689466,0,0,0,0.148552952382199,0.165378897920929,-2.69800567777498,19.8273019790649
"Fixed mixed-signal hidden-positive design",57,"cov","Bayesian Linear Cov",0.621909233176839,0.608638497652582,1,0.0666666666666667,0.244444444444444,0.360075400206472,2.64795644872217,0.101155612754255,0.863234154841097,0.8875,0,1.125,10,1,1,1,1,NA,0.136009686429895,0.114267130531595,0.0610125307120536,0.328246925081587,0,0,0,0.101783160283003,0.106962168373268,-2.63643897427999,20.2224049568176
"Fixed mixed-signal hidden-positive design",58,"cov","Bayesian Linear Cov",0.774209702660407,0.828356807511737,2,0.133333333333333,0.355555555555556,0.323076660548679,2.26958954813831,0.0947239074709922,0.796369652473333,0.9425,0.533333333333333,0.77,5.2,1,1,0.965,1,NA,0.330722053382876,0.322801585157238,0.11058960175649,0.592576565724697,0,0,0,0.239257207435093,0.273326249769688,-2.83611068490868,19.7980608940125
"Fixed mixed-signal hidden-positive design",59,"cov","Bayesian Linear Cov",0.637746478873239,0.499342723004695,2,0.133333333333333,0.266666666666667,0.342757319369228,2.81344776005828,0.0959251657097737,0.865517783423276,0.93,0.133333333333333,0.8625,8.8,0.9975,0.933333333333333,1.0675,3.6,NA,0.434730544040664,0.408929114883135,0.117040432760796,0.864789524976317,0.0125,0.004,0,0.249183164767268,0.314102629192292,-2.83059246273244,19.9880540370941
"Fixed mixed-signal hidden-positive design",60,"cov","Bayesian Linear Cov",0.677183098591549,0.566948356807512,0,0,0.244444444444444,0.345032694737546,2.70616866851533,0.0983812068640824,0.863508508854346,0.9175,0.0666666666666667,0.965,9.4,1,1,0.9975,1,NA,0.319064894293609,0.304117485901498,0.0827953963744402,0.644281254828542,5e-04,0,0,0.214152642580429,0.250406184464921,-2.77930396444434,20.0124979019165
"Fixed mixed-signal hidden-positive design",61,"cov","Bayesian Linear Cov",0.690078247261346,0.609953051643192,3,0.2,0.266666666666667,0.345171179255393,2.59851475943797,0.0986312032795897,0.8477059420355,0.915,0.2,0.97,8.2,1,1,1,1,NA,0.248928881279488,0.232516547669929,0.0742601889778968,0.531542860395781,0,0,0,0.178651445774141,0.199548050593665,-2.73528237615468,19.8383071422577
"Fixed mixed-signal hidden-positive design",62,"cov","Bayesian Linear Cov",0.642190923317684,0.546291079812207,2,0.133333333333333,0.266666666666667,0.350005500369032,2.65698412802818,0.0993058435055087,0.86080702614967,0.92,0.133333333333333,0.895,8.8,1,1,1,1,NA,0.236768408345572,0.207545668154707,0.0709561149960967,0.555442114980883,0,0,0,0.159448315541562,0.177752050511104,-2.71571056501335,19.9391369819641
"Fixed mixed-signal hidden-positive design",63,"cov","Bayesian Linear Cov",0.744475743348983,0.677183098591549,4,0.266666666666667,0.355555555555556,0.321252721416001,2.49886431718318,0.0923328018882466,0.789795543923276,0.9475,0.533333333333333,0.7425,5.2,0.995,0.866666666666667,1.07,6.19999999999999,NA,0.438977190415162,0.432712968950788,0.176435340264517,0.720220746523348,0,0,0,0.296687953339388,0.352068064961379,-2.95000677528706,19.8745810985565
"Fixed mixed-signal hidden-positive design",64,"cov","Bayesian Linear Cov",0.668607198748044,0.505539906103286,3,0.2,0.333333333333333,0.336851056147031,2.86321348625935,0.0945866572654217,0.86021775548236,0.93,0.2,0.895,8.2,0.995,0.866666666666667,1.0975,6.19999999999999,NA,0.482992685374377,0.469722650864301,0.181679437167415,0.848728990369528,0.0075,5e-04,0,0.316509202902695,0.381631441502999,-2.91958724663411,19.7051031589508
"Fixed mixed-signal hidden-positive design",65,"cov","Bayesian Linear Cov",0.685821596244131,0.663098591549296,3,0.2,0.333333333333333,0.343125565183696,2.55326344288497,0.0980751462729949,0.84403518830077,0.925,0.266666666666667,0.875,7.6,1,1,0.9975,1,NA,0.289723953489486,0.263101433697711,0.0769445489767136,0.645926611998257,0,0,0,0.185047463274405,0.215930618876875,-2.73611344929163,19.9008769989014
"Fixed mixed-signal hidden-positive design",66,"cov","Bayesian Linear Cov",0.721001564945227,0.702723004694836,6,0.4,0.355555555555556,0.338433269648342,2.42237952571942,0.0974677901700703,0.81819726897011,0.925,0.466666666666667,0.86,5.8,1,1,0.9975,1,NA,0.272335570964984,0.252922138236736,0.074941470180737,0.597961795556292,0,0,0,0.184377965993948,0.211741724379453,-2.7231271018875,20.0357830524445
"Fixed mixed-signal hidden-positive design",67,"cov","Bayesian Linear Cov",0.643004694835681,0.502159624413146,2,0.133333333333333,0.288888888888889,0.352327589616761,2.68063990921757,0.0997022181652334,0.863795124649391,0.9075,0.0666666666666667,1.005,9.4,1,1,1,1,NA,0.216288963899366,0.191833165807767,0.0682518771483924,0.511059187648557,0,0,0,0.150869707821452,0.167385415848508,-2.69168387202121,19.9794600009918
"Fixed mixed-signal hidden-positive design",68,"cov","Bayesian Linear Cov",0.655461658841941,0.584600938967136,2,0.133333333333333,0.311111111111111,0.349511868722667,2.62185993221711,0.0992919515178529,0.854608574210901,0.9125,0.2,0.945,8.2,1,1,1,1,NA,0.224154274441601,0.198997775048266,0.0729652663402088,0.519403149809044,0,0,0,0.158078909730735,0.175050479641939,-2.70846049750388,19.9909138679504
"Fixed mixed-signal hidden-positive design",69,"cov","Bayesian Linear Cov",0.634741784037559,0.606384976525822,1,0.0666666666666667,0.288888888888889,0.361603380472135,2.64770301369772,0.101381166791973,0.863145686659264,0.8875,0,1.125,10,1,1,1,1,NA,0.120521437399785,0.105108980147535,0.0585447967257366,0.266539137725943,0,0,0,0.0959599111412534,0.0998453022049579,-2.63185184099253,20.2909979820251
"Fixed mixed-signal hidden-positive design",70,"cov","Bayesian Linear Cov",0.690641627543036,0.662723004694836,1,0.0666666666666667,0.266666666666667,0.343525233006221,2.5602359617139,0.0982160440563589,0.846135091015437,0.91,0.133333333333333,1.005,8.8,1,1,0.9975,1,NA,0.284473548058623,0.261113298121231,0.0809332068583072,0.61894215393834,0,0,0,0.191056946063679,0.220450879239743,-2.72743515900523,20.018394947052
"Fixed mixed-signal hidden-positive design",71,"cov","Bayesian Linear Cov",0.635555555555556,0.576338028169014,3,0.2,0.311111111111111,0.355778468034001,2.62748076285941,0.100420561763159,0.858839138990651,0.8925,0,1.085,10,1,1,1,1,NA,0.163881814008548,0.140756446831201,0.0642472659490997,0.396732911802065,0,0,0,0.119290259968372,0.128311763183946,-2.65903117495424,20.3409831523895
"Fixed mixed-signal hidden-positive design",72,"cov","Bayesian Linear Cov",0.656463223787167,0.654272300469484,1,0.0666666666666667,0.266666666666667,0.350159316553459,2.59303626754478,0.0994677360485184,0.853985679669654,0.91,0.0666666666666667,0.955,9.4,1,1,1,1,NA,0.212119166253292,0.182315614407722,0.0683524339274009,0.508451701674837,0,0,0,0.145039055039779,0.160408077825211,-2.69392890078911,20.1784029006958
"Fixed mixed-signal hidden-positive design",73,"cov","Bayesian Linear Cov",0.63906103286385,0.51981220657277,0,0,0.2,0.352172292361127,2.69533741731906,0.0998175588926604,0.866753381393344,0.905,0,1.025,10,1,1,1,1,NA,0.223329877274279,0.198733099805119,0.0704958283904715,0.503057983164699,0,0,0,0.157321816727697,0.173763315261852,-2.71294731522377,19.9512701034546
"Fixed mixed-signal hidden-positive design",74,"cov","Bayesian Linear Cov",0.686197183098592,0.604319248826291,3,0.2,0.333333333333333,0.338154986346679,2.55384704134865,0.0964505336219757,0.82810026294714,0.93,0.266666666666667,0.845,7.6,1,1,0.995,1,NA,0.343283811290354,0.322338061573216,0.0906739137005196,0.698009685270344,0,0,0,0.214314656634564,0.258278766531294,-2.76238341683284,19.9583230018616
"Fixed mixed-signal hidden-positive design",75,"cov","Bayesian Linear Cov",0.621846635367762,0.546103286384977,1,0.0666666666666667,0.266666666666667,0.356517126762462,2.64957108619404,0.100565982518784,0.862185255619333,0.8975,0,1.045,10,1,1,1,1,NA,0.165466642488344,0.13928712899083,0.0626512082201268,0.390329317284357,0,0,0,0.120140066015043,0.127448450117648,-2.66456540053894,20.0167241096497
"Fixed mixed-signal hidden-positive design",76,"cov","Bayesian Linear Cov",0.677871674491393,0.549107981220657,1,0.0666666666666667,0.311111111111111,0.342472269071206,2.65297661768509,0.0977931143212245,0.852551149080645,0.93,0.2,0.855,8.2,1,1,0.995,1,NA,0.289075893916882,0.277803114977647,0.0860876213844565,0.568621784408554,0,0,0,0.20910961519211,0.237037418685048,-2.77263338504951,20.0299620628357
"Fixed mixed-signal hidden-positive design",77,"cov","Bayesian Linear Cov",0.620281690140845,0.569389671361502,0,0,0.133333333333333,0.360850929559839,2.65460035367999,0.101284470837041,0.864129089726724,0.8875,0,1.1275,10,1,1,1,1,NA,0.12899638243743,0.110206819038484,0.060034550745376,0.287447065433335,0,0,0,0.100296476894418,0.104369769059303,-2.63252296356749,20.2437720298767
"Fixed mixed-signal hidden-positive design",78,"cov","Bayesian Linear Cov",0.652957746478873,0.44,2,0.133333333333333,0.377777777777778,0.335162692708581,3.12482634212937,0.0903538437511733,0.88319531010817,0.935,0.133333333333333,0.8425,8.8,0.985,0.733333333333333,1.4375,11.4,NA,0.709147066845542,0.739443240157271,0.342597464366016,0.953795224065617,0.1085,0.0285,5e-04,0.420979791703406,0.543468429815481,-3.01518584790623,19.8312737941742
"Fixed mixed-signal hidden-positive design",79,"cov","Bayesian Linear Cov",0.661846635367762,0.590610328638498,4,0.266666666666667,0.288888888888889,0.351005334654734,2.59356161624266,0.0995521337988166,0.851037546873783,0.905,0.2,0.9775,8.2,1,1,1,1,NA,0.19450559561136,0.162115460330704,0.0645495729218116,0.482895131398688,0,0,0,0.134115158673128,0.146049177959489,-2.68014384847502,20.2136461734772
"Fixed mixed-signal hidden-positive design",80,"cov","Bayesian Linear Cov",0.577151799687011,0.532018779342723,2,0.133333333333333,0.355555555555556,0.356078541817889,2.62868272942105,0.10034325492983,0.857958337955347,0.905,0.133333333333333,0.97,8.8,1,1,1,1,NA,0.173193614246772,0.143068701526652,0.062641344130841,0.468380775135985,0,0,0,0.119319064509374,0.129790277289653,-2.6551671682471,20.2593660354614
"Fixed mixed-signal hidden-positive design",81,"cov","Bayesian Linear Cov",0.595367762128326,0.548920187793427,0,0,0.133333333333333,0.361226242367718,2.64851263385944,0.101332637198976,0.863362196139175,0.8875,0,1.125,10,1,1,1,1,NA,0.125632572508665,0.110574489298586,0.0609404958028178,0.276480601184562,0,0,0,0.100314006791638,0.104218719565289,-2.62197430858541,20.113410949707
"Fixed mixed-signal hidden-positive design",82,"cov","Bayesian Linear Cov",0.66697965571205,0.586103286384977,1,0.0666666666666667,0.288888888888889,0.347232336141435,2.63532146095195,0.0988656963087356,0.857596796760728,0.9175,0.0666666666666667,0.9175,9.4,1,1,1,1,NA,0.288276978288715,0.257078292664592,0.0746120407607015,0.67647332311374,0.0015,5e-04,0,0.180602659123675,0.209985316266096,-2.7129272059592,19.8774349689484
"Fixed mixed-signal hidden-positive design",83,"cov","Bayesian Linear Cov",0.639937402190923,0.491643192488263,2,0.133333333333333,0.333333333333333,0.344742058626703,2.82513752620708,0.0964064673528303,0.864013222218511,0.93,0.133333333333333,0.87,8.8,0.9925,0.866666666666667,1.2825,6.19999999999999,NA,0.404362551128749,0.37108005214115,0.0960795850690554,0.836720447214914,0.008,0.002,0,0.238597498706118,0.29169956444187,-2.80995618950785,20.0176100730896
"Fixed mixed-signal hidden-positive design",84,"cov","Bayesian Linear Cov",0.632738654147105,0.594741784037559,2,0.133333333333333,0.355555555555556,0.353851965351842,2.6206665405088,0.100037953869416,0.857263890993874,0.905,0.133333333333333,0.99,8.8,1,1,1,1,NA,0.201508567734543,0.165843162284352,0.0685541313779921,0.503249075587952,0,0,0,0.13120838966403,0.145724938489666,-2.66880145109453,19.9499809741974
"Fixed mixed-signal hidden-positive design",85,"cov","Bayesian Linear Cov",0.669233176838811,0.632112676056338,1,0.0666666666666667,0.311111111111111,0.352786911913326,2.59651212766155,0.10004937813026,0.854529102182027,0.9,0.133333333333333,1.0325,8.8,1,1,1,1,NA,0.182413496287303,0.160236428184728,0.0632013641417747,0.428437870195049,0,0,0,0.132218248097554,0.144087303884819,-2.67038542848535,19.8807990550995
"Fixed mixed-signal hidden-positive design",86,"cov","Bayesian Linear Cov",0.683192488262911,0.567887323943662,1,0.0666666666666667,0.266666666666667,0.339273586640935,2.66512862264202,0.0970339382496582,0.857000251022279,0.93,0.2,0.855,8.2,1,1,0.975,1,NA,0.348320987506281,0.336327269165022,0.0941620704285522,0.697403070798571,0,0,0,0.228328369497988,0.269506591709454,-2.80474575762402,19.7757050991058
"Fixed mixed-signal hidden-positive design",87,"cov","Bayesian Linear Cov",0.623724569640063,0.484694835680751,1,0.0666666666666667,0.266666666666667,0.346052946794493,2.7570343615803,0.0969886123147843,0.863114172475179,0.92,0.0666666666666667,0.925,9.4,0.995,0.933333333333333,1.195,3.6,NA,0.358711216935431,0.33758576913823,0.0823570271110995,0.741054800088455,0.002,5e-04,0,0.227597622670875,0.273602733323739,-2.76724169986891,19.9156010150909
"Fixed mixed-signal hidden-positive design",88,"cov","Bayesian Linear Cov",0.684256651017214,0.586854460093897,1,0.0666666666666667,0.333333333333333,0.326738253221036,3.06840237896334,0.0849259188222166,0.835454411849646,0.935,0.266666666666667,0.8125,7.6,0.99,0.8,1.2625,8.79999999999999,NA,0.732656626490656,0.764168103670211,0.36119293156616,0.958685479480925,0.1295,0.034,0.001,0.516252489344471,0.6293681894175,-3.01886633918917,19.7546231746674
"Fixed mixed-signal hidden-positive design",89,"cov","Bayesian Linear Cov",0.711173708920188,0.72018779342723,4,0.266666666666667,0.288888888888889,0.345449464220219,2.46181025246908,0.0987554505002567,0.829424672694817,0.9125,0.333333333333333,0.9275,7,1,1,1,1,NA,0.21272650607732,0.189018955954471,0.0656873392569661,0.499302397559457,0,0,0,0.148984740565544,0.165734923772867,-2.69371035347346,19.9270241260529
"Fixed mixed-signal hidden-positive design",90,"cov","Bayesian Linear Cov",0.689014084507042,0.707417840375587,1,0.0666666666666667,0.244444444444444,0.348074989108506,2.54409829755112,0.099167131830282,0.845657838372264,0.905,0.0666666666666667,1.0175,9.4,1,1,1,1,NA,0.230716559223916,0.199418697978603,0.0712250853958419,0.582397627462545,0,0,0,0.150655184473656,0.17061268069929,-2.6900832347709,19.9212870597839
"Fixed mixed-signal hidden-positive design",91,"cov","Bayesian Linear Cov",0.635680751173709,0.535774647887324,0,0,0.266666666666667,0.349567981412612,2.75072082547333,0.0985387672363995,0.867431154835899,0.92,0.0666666666666667,0.925,9.4,1,1,1,1,NA,0.284062344508328,0.262472434181769,0.0797770812390508,0.613674222681955,0,0,0,0.19211937308618,0.222120487759653,-2.74284073685422,20.1099739074707
"Fixed mixed-signal hidden-positive design",92,"cov","Bayesian Linear Cov",0.688075117370892,0.586291079812207,1,0.0666666666666667,0.311111111111111,0.340356785825488,2.67016976382554,0.0967064732139778,0.849512610348969,0.935,0.333333333333333,0.815,7,0.995,0.933333333333333,1.1825,3.6,NA,0.356752671345321,0.327561757127379,0.109927273920936,0.729226492655389,5e-04,0,0,0.231148886019799,0.267621932590677,-2.81246568795889,19.8751969337463
"Fixed mixed-signal hidden-positive design",93,"cov","Bayesian Linear Cov",0.641064162754304,0.571643192488263,1,0.0666666666666667,0.333333333333333,0.343755846339711,2.6605305374597,0.097280695094657,0.859469397100738,0.92,0.0666666666666667,0.91,9.4,1,1,1,1,NA,0.328147663536071,0.299810047130474,0.0802037163106187,0.733916297258047,0.0035,0,0,0.202578841747795,0.243669039567057,-2.74697724973024,19.943274974823
"Fixed mixed-signal hidden-positive design",94,"cov","Bayesian Linear Cov",0.635492957746479,0.465539906103286,2,0.133333333333333,0.311111111111111,0.346341147168762,2.76401442611454,0.0974841932333789,0.866149313717433,0.925,0.133333333333333,0.875,8.8,0.9975,1,1.095,1,NA,0.332657458554871,0.314333309446619,0.0926215244324506,0.671353414771514,0,0,0,0.215582068117756,0.256297820471825,-2.76604977912796,19.9942560195923
"Fixed mixed-signal hidden-positive design",95,"cov","Bayesian Linear Cov",0.699968701095462,0.585539906103286,1,0.0666666666666667,0.311111111111111,0.342227179855291,2.63720920420726,0.0980900348762569,0.853739336705983,0.925,0.266666666666667,0.885,7.6,1,1,0.9925,1,NA,0.29425216226077,0.275699697256944,0.0827978637395897,0.615409109450046,0,0,0,0.205457754522535,0.235662600912399,-2.7656810257616,19.9780080318451
"Fixed mixed-signal hidden-positive design",96,"cov","Bayesian Linear Cov",0.628169014084507,0.579342723004695,1,0.0666666666666667,0.288888888888889,0.355814961228606,2.63046216322692,0.10043839027673,0.859751257353999,0.8925,0,1.0875,10,1,1,1,1,NA,0.174593428739455,0.142113700435072,0.0639278716410726,0.448363487881245,0,0,0,0.121198774988963,0.129528442878515,-2.65760612755287,19.8197779655457
"Fixed mixed-signal hidden-positive design",97,"cov","Bayesian Linear Cov",0.641627543035994,0.577089201877934,1,0.0666666666666667,0.222222222222222,0.357403577510978,2.63848828068262,0.100754237851718,0.861147432810656,0.89,0,1.1025,10,1,1,1,1,NA,0.158792774003731,0.133414829410129,0.0632055692658304,0.391642420971123,0,0,0,0.113508361144779,0.121857336668741,-2.64819059122921,20.1053810119629
"Fixed mixed-signal hidden-positive design",98,"cov","Bayesian Linear Cov",0.722754303599374,0.615586854460094,2,0.133333333333333,0.333333333333333,0.325611393825077,2.60516853601383,0.0934602706819012,0.817381706797132,0.945,0.4,0.7625,6.4,0.9975,0.933333333333333,0.97,3.6,NA,0.469479082656811,0.458872472689266,0.193347246640784,0.779473837410982,0.0015,0,0,0.314816458480066,0.376982493395426,-2.94894079445619,20.0440950393677
"Fixed mixed-signal hidden-positive design",99,"cov","Bayesian Linear Cov",0.727699530516432,0.735211267605634,5,0.333333333333333,0.377777777777778,0.323440793316435,2.36473438201408,0.0933773908494359,0.799610721995964,0.9375,0.466666666666667,0.79,5.8,1,1,0.9575,1,NA,0.410834539003142,0.400554949643226,0.142172672741788,0.738867971475053,5e-04,0,0,0.273780215448335,0.326395020710365,-2.8515305984897,19.8414931297302
"Fixed mixed-signal hidden-positive design",100,"cov","Bayesian Linear Cov",0.670422535211268,0.655399061032864,4,0.266666666666667,0.266666666666667,0.350392824142641,2.55211351328327,0.0995291716281092,0.846062441167477,0.905,0.266666666666667,0.995,7.6,1,1,1,1,NA,0.207757803467584,0.166925845457984,0.0661108244075362,0.554082808130634,0,0,0,0.13556119998112,0.148576487846383,-2.67943838652372,19.864159822464
"Fixed mixed-signal hidden-positive design",1,"cov_pu","Bayesian Linear Cov + PU",0.644632237871674,0.534460093896714,2,0.133333333333333,0.288888888888889,0.341076529365144,2.44482485474367,0.097436082718544,0.826320772973336,0.93,0.133333333333333,0.9275,8.8,1,1,1,1,0.180892682261041,0.310827537242534,0.280856559774858,0.084536545322625,0.728151746171984,0.004,0.0015,0,0.206012101732062,0.235454936107149,-2.50546372261837,24.0930299758911
"Fixed mixed-signal hidden-positive design",2,"cov_pu","Bayesian Linear Cov + PU",0.610641627543036,0.472300469483568,2,0.133333333333333,0.222222222222222,0.35005304745253,2.49430788361148,0.0994758196173281,0.838584732366041,0.9175,0.2,0.98,8.2,1,1,1,1,0.176440495128984,0.212886907716254,0.186179151979292,0.0784607839288518,0.496257816439789,0,0,0,0.155519467078647,0.168093578409287,-2.46888806173393,24.3278431892395
"Fixed mixed-signal hidden-positive design",3,"cov_pu","Bayesian Linear Cov + PU",0.599123630672926,0.455399061032864,0,0,0.222222222222222,0.353282991025939,2.49865984031884,0.100137784630397,0.841865258898497,0.9025,0.0666666666666667,1.0525,9.4,1,1,1,1,0.175458778372403,0.18317980158757,0.152193582580793,0.0707539475045103,0.459992596554178,0,0,0,0.13238778757099,0.140039789257304,-2.44852237495747,24.2378249168396
"Fixed mixed-signal hidden-positive design",4,"cov_pu","Bayesian Linear Cov + PU",0.643630672926448,0.571830985915493,1,0.0666666666666667,0.266666666666667,0.348699493080862,2.44928376156549,0.0992774783351307,0.833743960162665,0.905,0.0666666666666667,1.035,9.4,1,1,1,1,0.177657374948195,0.211352492848206,0.171480665099839,0.0703355392756927,0.578670933897021,5e-04,0,0,0.143643461862756,0.154844119370911,-2.45655779814345,24.2551031112671
"Fixed mixed-signal hidden-positive design",5,"cov_pu","Bayesian Linear Cov + PU",0.642879499217527,0.633615023474178,2,0.133333333333333,0.311111111111111,0.347640789342249,2.41589452406489,0.0991239110173993,0.828045042232379,0.92,0.266666666666667,0.9375,7.6,1,1,1,1,0.182216679569006,0.205803379443879,0.171790953246899,0.0700365473429557,0.527238105038434,0,0,0,0.142696224695081,0.154232994925552,-2.46201014267555,24.1561620235443
"Fixed mixed-signal hidden-positive design",6,"cov_pu","Bayesian Linear Cov + PU",0.708982785602504,0.706291079812207,2,0.133333333333333,0.355555555555556,0.328089321082878,2.25256319614134,0.0944130495855157,0.778682361164354,0.945,0.466666666666667,0.81,5.8,1,1,0.9975,1,0.183643485823044,0.37888798824241,0.357654251139088,0.0930018908037435,0.792395761100327,0.0035,0.0015,0,0.250043842428642,0.291075903166905,-2.55885044194134,24.1561579704285
"Fixed mixed-signal hidden-positive design",7,"cov_pu","Bayesian Linear Cov + PU",0.690140845070423,0.634178403755869,3,0.2,0.244444444444444,0.334104973319769,2.35611249420633,0.0960972937996637,0.804523890155834,0.9475,0.4,0.79,6.4,1,1,1,1,0.179825749090782,0.370727576460575,0.344327101621375,0.0973099136143855,0.776270129260585,0.0015,5e-04,0,0.237520508083521,0.277953529208688,-2.54813513046219,24.0619440078735
"Fixed mixed-signal hidden-positive design",8,"cov_pu","Bayesian Linear Cov + PU",0.72131455399061,0.541971830985916,1,0.0666666666666667,0.377777777777778,0.316791860068811,2.87619656851258,0.0874039918125043,0.825381803735907,0.9475,0.333333333333333,0.795,7,0.9925,0.8,1.135,8.79999999999999,0.177264484782248,0.815299053014938,0.848868197081542,0.477705168784522,0.981726166388689,0.3235,0.1315,0.0105,0.519147449781626,0.653377638942291,-2.94130551889164,24.1181118488312
"Fixed mixed-signal hidden-positive design",9,"cov_pu","Bayesian Linear Cov + PU",0.659405320813772,0.539530516431925,1,0.0666666666666667,0.288888888888889,0.336612571792105,2.52020065677296,0.096003726164851,0.83563184511267,0.9425,0.2,0.865,8.2,1,1,0.9975,1,0.181092568898195,0.380835536102835,0.368843379407406,0.108644506290339,0.722729356199719,5e-04,0,0,0.27262702751468,0.314138402026149,-2.58243930068234,24.0579438209534
"Fixed mixed-signal hidden-positive design",10,"cov_pu","Bayesian Linear Cov + PU",0.595117370892019,0.447136150234742,0,0,0.266666666666667,0.343941438371396,2.57853853472744,0.0974987009180823,0.848934395157021,0.935,0.266666666666667,0.905,7.6,1,1,1,1,0.180886749333703,0.349110907947832,0.328186036801348,0.0972130857190327,0.738070105992184,0.001,5e-04,0,0.23359019489905,0.272417337667091,-2.52446375486843,24.1881430149078
"Fixed mixed-signal hidden-positive design",11,"cov_pu","Bayesian Linear Cov + PU",0.687073552425665,0.593051643192488,2,0.133333333333333,0.288888888888889,0.331791078506907,2.41127224433423,0.0954648216873315,0.812516696766995,0.945,0.333333333333333,0.875,7,1,1,0.9925,1,0.182699487560958,0.400707477703146,0.378813165555943,0.118558758047069,0.781882920310625,0.0035,0.0015,0,0.269671830682861,0.315238632408719,-2.60095939807271,24.070191860199
"Fixed mixed-signal hidden-positive design",12,"cov_pu","Bayesian Linear Cov + PU",0.643755868544601,0.473990610328638,2,0.133333333333333,0.266666666666667,0.335865953325909,2.55281994349243,0.0954884448169659,0.827877512700753,0.9425,0.266666666666667,0.86,7.6,1,1,0.995,1,0.180031351790454,0.417911914024118,0.403987233761639,0.123758222020202,0.79376857462803,0.004,5e-04,0,0.281192028831771,0.333772398191178,-2.60308876741983,24.2196102142334
"Fixed mixed-signal hidden-positive design",13,"cov_pu","Bayesian Linear Cov + PU",0.631987480438185,0.48056338028169,1,0.0666666666666667,0.2,0.347857006982987,2.50363791563682,0.0991212167382261,0.840095634660913,0.9225,0.133333333333333,1,8.8,1,1,1,1,0.179880477918147,0.242616340653633,0.215910610762,0.0785574359235663,0.560933231590234,0.001,5e-04,0,0.174196572745304,0.191889376613574,-2.48397043239084,24.2261018753052
"Fixed mixed-signal hidden-positive design",14,"cov_pu","Bayesian Linear Cov + PU",0.630485133020344,0.60206572769953,2,0.133333333333333,0.288888888888889,0.353037673216185,2.45941415788628,0.100097077394081,0.835874951023605,0.8925,0,1.1175,10,1,1,1,1,0.168688586583085,0.157510190586126,0.136093849078088,0.0688723586852014,0.360675031877866,0,0,0,0.120305139110039,0.126939027771615,-2.4483064856294,24.3661468029022
"Fixed mixed-signal hidden-positive design",15,"cov_pu","Bayesian Linear Cov + PU",0.586291079812207,0.338779342723005,1,0.0666666666666667,0.244444444444444,0.348567783813346,2.78349819473893,0.0980447413045369,0.868452429936491,0.9325,0.0666666666666667,0.9425,9.4,1,1,1,1,0.17969499541535,0.360294937913232,0.343281960307997,0.0932547549034365,0.729787347620621,0,0,0,0.262706400900719,0.297123965069289,-2.57417614508736,24.1130139827728
"Fixed mixed-signal hidden-positive design",16,"cov_pu","Bayesian Linear Cov + PU",0.712175273865415,0.59906103286385,1,0.0666666666666667,0.311111111111111,0.324926633811398,2.43140958501908,0.0943442584135357,0.813582781350767,0.955,0.4,0.765,6.4,1,1,0.96,1,0.193179261847319,0.44097608597686,0.431368519523934,0.15796513494525,0.777388527805823,0.002,0.001,0,0.325590482957074,0.370385327837728,-2.66814689543804,23.93590092659
"Fixed mixed-signal hidden-positive design",17,"cov_pu","Bayesian Linear Cov + PU",0.752363067292645,0.713802816901408,4,0.266666666666667,0.422222222222222,0.313583686466698,2.18268384550482,0.0913879432936061,0.757194040607188,0.965,0.533333333333333,0.685,5.2,1,1,0.935,1,0.184640626983553,0.562693250416375,0.555473357502204,0.185138064464278,0.936098117244223,0.0535,0.0155,5e-04,0.322696805596753,0.40411396728211,-2.68209541485359,24.1755981445312
"Fixed mixed-signal hidden-positive design",18,"cov_pu","Bayesian Linear Cov + PU",0.588982785602504,0.471737089201878,1,0.0666666666666667,0.311111111111111,0.348787625237522,2.48706991583108,0.0991274597372819,0.838337551625371,0.9225,0.2,0.9375,8.2,1,1,1,1,0.179193068080516,0.217457184179313,0.183452575898706,0.0749527776336327,0.528332695390574,0,0,0,0.152385356397792,0.165189235213891,-2.46814496552332,24.1997358798981
"Fixed mixed-signal hidden-positive design",19,"cov_pu","Bayesian Linear Cov + PU",0.678935837245696,0.539530516431925,2,0.133333333333333,0.244444444444444,0.337503632218044,2.50609867441688,0.096864098246181,0.829491515540721,0.95,0.266666666666667,0.77,7.6,1,1,1,1,0.188414568956192,0.383122684808407,0.355494148610297,0.0975101112683232,0.79521049524442,0.005,0.001,0,0.255661185513037,0.297695329013296,-2.56711807381174,24.059562921524
"Fixed mixed-signal hidden-positive design",20,"cov_pu","Bayesian Linear Cov + PU",0.668544600938967,0.581408450704225,1,0.0666666666666667,0.266666666666667,0.334985432100594,2.48603933385968,0.0957760235674775,0.831767221662897,0.94,0.466666666666667,0.86,5.8,1,1,0.9975,1,0.176964310298699,0.484711709978154,0.46547202254547,0.11051389159228,0.915577039123907,0.032,0.0125,0.001,0.278117142738023,0.349883978509575,-2.59285046064015,24.1028780937195
"Fixed mixed-signal hidden-positive design",21,"cov_pu","Bayesian Linear Cov + PU",0.684757433489828,0.631549295774648,1,0.0666666666666667,0.244444444444444,0.339593217799122,2.41690466190584,0.0974735116851059,0.824076365211453,0.94,0.466666666666667,0.8225,5.8,1,1,1,1,0.182935732035126,0.303806577480683,0.2766044398499,0.0828196785538965,0.694312361551349,0.002,5e-04,0,0.200618321958889,0.229831110667103,-2.51759121825335,24.2540109157562
"Fixed mixed-signal hidden-positive design",22,"cov_pu","Bayesian Linear Cov + PU",0.5720813771518,0.458779342723005,3,0.2,0.311111111111111,0.344873034733957,2.49181558823032,0.0976137385296516,0.831909558584842,0.9275,0.2,0.9025,8.2,1,1,1,1,0.172396080335952,0.296351861661223,0.265697525272561,0.0820967202707369,0.689960206137939,0,0,0,0.192098449370879,0.22164879428174,-2.49706345284231,24.3929390907288
"Fixed mixed-signal hidden-positive design",23,"cov_pu","Bayesian Linear Cov + PU",0.67981220657277,0.590422535211268,2,0.133333333333333,0.222222222222222,0.336728854802764,2.38664971751935,0.097054653194764,0.812370934179203,0.935,0.266666666666667,0.925,7.6,1,1,1,1,0.186614417669334,0.345126753351471,0.320932770345202,0.0954132766766839,0.729645550114588,0.001,0,0,0.240539997507048,0.272371048075846,-2.53884162879398,24.2086651325226
"Fixed mixed-signal hidden-positive design",24,"cov_pu","Bayesian Linear Cov + PU",0.669796557120501,0.553990610328638,2,0.133333333333333,0.355555555555556,0.329874269090541,2.50610537810854,0.0936422714379754,0.821804982076973,0.94,0.266666666666667,0.885,7.6,1,1,0.9925,1,0.180324197962828,0.589294534073293,0.589743624591188,0.155968624883055,0.97542444190138,0.107,0.055,0.006,0.31696689449043,0.411187833061239,-2.63760971232272,24.232764005661
"Fixed mixed-signal hidden-positive design",25,"cov_pu","Bayesian Linear Cov + PU",0.619280125195618,0.488075117370892,1,0.0666666666666667,0.266666666666667,0.34895478879089,2.49534604874536,0.0992323160380947,0.839077798848195,0.9175,0.133333333333333,0.9875,8.8,1,1,1,1,0.176430485174446,0.225150816579404,0.193775363581454,0.0760928298498836,0.538997992885841,0,0,0,0.155936824801226,0.169707123460757,-2.47405631924139,24.2240078449249
"Fixed mixed-signal hidden-positive design",26,"cov_pu","Bayesian Linear Cov + PU",0.746541471048513,0.575774647887324,0,0,0.422222222222222,0.313207720348284,2.76897502048003,0.0885137080925525,0.809359712952638,0.9625,0.466666666666667,0.675,5.8,0.9875,0.733333333333333,1.2575,11.4,0.221698338295236,0.799878375167743,0.824797970523265,0.479949454542603,0.988732364507938,0.284,0.1345,0.0225,0.583255790912619,0.689531284285505,-2.98151553905172,24.1842188835144
"Fixed mixed-signal hidden-positive design",27,"cov_pu","Bayesian Linear Cov + PU",0.701220657276995,0.60206572769953,1,0.0666666666666667,0.266666666666667,0.32727297758014,2.4392924312525,0.0948301532002706,0.817874537037031,0.945,0.333333333333333,0.855,7,1,1,0.965,1,0.191351923278722,0.527862642508823,0.517467049173428,0.180642203649317,0.905926039603025,0.028,0.0095,5e-04,0.321648765489119,0.394273689422771,-2.6606677668641,24.1279549598694
"Fixed mixed-signal hidden-positive design",28,"cov_pu","Bayesian Linear Cov + PU",0.680125195618153,0.659530516431925,0,0,0.377777777777778,0.332577971397439,2.38034822164419,0.0951307737456562,0.81642263941548,0.9475,0.533333333333333,0.8075,5.2,1,1,1,1,0.175193518732637,0.375047308649942,0.337680024018147,0.0940864607898378,0.805392640909168,0.007,0.0015,0,0.233448559745005,0.274500890311908,-2.55814189672966,24.1763160228729
"Fixed mixed-signal hidden-positive design",29,"cov_pu","Bayesian Linear Cov + PU",0.567574334898279,0.406009389671362,0,0,0.177777777777778,0.353365250981357,2.51748298699941,0.100091835906663,0.844350727068795,0.9025,0,1.0625,10,1,1,1,1,0.176321045742952,0.187478105179267,0.156229378177287,0.0717701101399735,0.468225764941738,5e-04,0,0,0.133159518136237,0.14294044585028,-2.44716214450197,24.2179179191589
"Fixed mixed-signal hidden-positive design",30,"cov_pu","Bayesian Linear Cov + PU",0.682629107981221,0.606572769953052,1,0.0666666666666667,0.244444444444444,0.344036981484523,2.42392510624544,0.098651745937275,0.828246416514891,0.9375,0.333333333333333,0.8725,7,1,1,1,1,0.180910633844419,0.266026270018178,0.233990299394043,0.081965099672982,0.624931956048601,0.0015,5e-04,0,0.179122452344693,0.199811088924657,-2.48803729758955,24.2077620029449
"Fixed mixed-signal hidden-positive design",31,"cov_pu","Bayesian Linear Cov + PU",0.648012519561815,0.576901408450704,0,0,0.266666666666667,0.346800056125879,2.44387804152782,0.0989308907907962,0.831135812539568,0.935,0.466666666666667,0.8325,5.8,1,1,1,1,0.178760732573569,0.248487105872206,0.207265284686946,0.07761333855599,0.644352431931713,0,0,0,0.160916614290164,0.179051607626911,-2.47539412845449,24.2990629673004
"Fixed mixed-signal hidden-positive design",32,"cov_pu","Bayesian Linear Cov + PU",0.623286384976526,0.487699530516432,2,0.133333333333333,0.355555555555556,0.345449398127388,2.48769145105616,0.0982689951658744,0.836361693090364,0.935,0.333333333333333,0.7925,7,1,1,1,1,0.175509881698339,0.249145166496689,0.204557259577035,0.0761706872530099,0.648460413467601,0.001,0,0,0.165620124009308,0.180067026601412,-2.48474796884654,24.3087100982666
"Fixed mixed-signal hidden-positive design",33,"cov_pu","Bayesian Linear Cov + PU",0.65226917057903,0.565070422535211,2,0.133333333333333,0.288888888888889,0.33221561429867,2.44472417618968,0.0944598412887527,0.817399008377574,0.935,0.266666666666667,0.89,7.6,1,1,1,1,0.17269373255909,0.423945862792512,0.408098735434632,0.0926750959650333,0.845330382677275,0.0095,0.003,5e-04,0.25903204356973,0.316151572089172,-2.57352346535123,24.3372240066528
"Fixed mixed-signal hidden-positive design",34,"cov_pu","Bayesian Linear Cov + PU",0.63793427230047,0.612018779342723,2,0.133333333333333,0.266666666666667,0.350906092512924,2.43498671585884,0.0997101982870326,0.831672072127721,0.9175,0.2,0.9025,8.2,1,1,1,1,0.182234521954337,0.178035575728265,0.153214639281416,0.0728542946833341,0.428904398308506,0,0,0,0.132903228659084,0.140544573979206,-2.44073617436367,24.3957901000977
"Fixed mixed-signal hidden-positive design",35,"cov_pu","Bayesian Linear Cov + PU",0.721001564945227,0.604131455399061,2,0.133333333333333,0.333333333333333,0.31936062879862,2.46850605411021,0.0910813099754054,0.791891255704454,0.9625,0.466666666666667,0.6775,5.8,0.995,0.866666666666667,1.1225,6.19999999999999,0.183037855208087,0.696581115635973,0.740627986683676,0.252510286931891,0.989066612192166,0.223,0.125,0.0215,0.364771030750771,0.473105169836885,-2.74432575441162,24.2510440349579
"Fixed mixed-signal hidden-positive design",36,"cov_pu","Bayesian Linear Cov + PU",0.605571205007825,0.472676056338028,0,0,0.222222222222222,0.352132604390409,2.49293596677446,0.0999148675734391,0.840743979366606,0.9025,0,1.07,10,1,1,1,1,0.177236919717344,0.188909161266413,0.157485183000499,0.0722142991533119,0.475915562422483,0,0,0,0.134104445182415,0.143474943159715,-2.44840592397277,24.3839349746704
"Fixed mixed-signal hidden-positive design",37,"cov_pu","Bayesian Linear Cov + PU",0.636494522691706,0.508169014084507,1,0.0666666666666667,0.311111111111111,0.339269252047607,2.53709468666447,0.096773804718879,0.840097789539791,0.935,0.266666666666667,0.9325,7.6,1,1,1,1,0.18146293861214,0.380897810211805,0.366637393733537,0.0944844096915481,0.761680368838329,5e-04,0,0,0.265395296172213,0.304588824873352,-2.56765793989629,24.2033858299255
"Fixed mixed-signal hidden-positive design",38,"cov_pu","Bayesian Linear Cov + PU",0.602566510172144,0.423849765258216,1,0.0666666666666667,0.266666666666667,0.344490026643807,2.59300224429145,0.0976211917791995,0.848219218471124,0.9325,0.133333333333333,0.9275,8.8,1,1,1,1,0.178342029756723,0.352231457679191,0.323793084892705,0.0839186410389734,0.79361717978624,0.0035,0,0,0.222817011860755,0.26031320318282,-2.53345487931387,24.38454413414
"Fixed mixed-signal hidden-positive design",39,"cov_pu","Bayesian Linear Cov + PU",0.687386541471048,0.637746478873239,3,0.2,0.311111111111111,0.330066222085856,2.30547333302627,0.094537061290658,0.786363828487676,0.95,0.6,0.785,4.6,1,1,1,1,0.184280097312052,0.412218607283657,0.374561843705314,0.0973391522757761,0.869527869508315,0.0135,0.0035,0,0.245847258526775,0.297434020916561,-2.545275602139,24.2362110614777
"Fixed mixed-signal hidden-positive design",40,"cov_pu","Bayesian Linear Cov + PU",0.678059467918623,0.612018779342723,3,0.2,0.311111111111111,0.336137454968418,2.3708849682941,0.0964808406203305,0.810657441087764,0.945,0.333333333333333,0.8175,7,1,1,1,1,0.177015088853947,0.316014146314362,0.286738802627435,0.0884291124503316,0.703008999197098,0,0,0,0.218093199097338,0.246483149639876,-2.5310444229694,24.2110531330109
"Fixed mixed-signal hidden-positive design",41,"cov_pu","Bayesian Linear Cov + PU",0.606197183098591,0.3618779342723,0,0,0.355555555555556,0.344846405663205,2.94895679737515,0.0946592623217979,0.864855328370331,0.9425,0.266666666666667,0.8725,7.6,0.9875,0.733333333333333,1.4625,11.4,0.177413936041295,0.450771428440303,0.443392071300866,0.180513840200705,0.757498815768264,0.002,0,0,0.328172984798328,0.376056822935245,-2.70220004278908,24.1196849346161
"Fixed mixed-signal hidden-positive design",42,"cov_pu","Bayesian Linear Cov + PU",0.701408450704225,0.550234741784038,2,0.133333333333333,0.333333333333333,0.320731442436905,2.59982876502071,0.0895038459291324,0.79001082494433,0.9525,0.466666666666667,0.7675,5.8,0.995,0.866666666666667,1.1375,6.19999999999999,0.184467584184041,0.720231384750706,0.748234886208394,0.312125401298254,0.976845871819317,0.19,0.082,0.0075,0.41856337675447,0.563596523614693,-2.74320795678117,24.1257450580597
"Fixed mixed-signal hidden-positive design",43,"cov_pu","Bayesian Linear Cov + PU",0.684882629107981,0.657464788732394,3,0.2,0.311111111111111,0.336114483179107,2.35940406347914,0.0966232050121085,0.812680708774568,0.945,0.533333333333333,0.795,5.2,1,1,1,1,0.174271848249681,0.308847747686485,0.283437179583278,0.0866293936390351,0.663957211175357,0,0,0,0.209705005002472,0.239672398936272,-2.52859304050097,24.1845080852509
"Fixed mixed-signal hidden-positive design",44,"cov_pu","Bayesian Linear Cov + PU",0.65245696400626,0.59887323943662,1,0.0666666666666667,0.4,0.345828730032843,2.42412466566809,0.0986796393103957,0.827395096079454,0.9375,0.4,0.8175,6.4,1,1,1,1,0.179454121337533,0.222626253298628,0.190122989598055,0.0749832132275182,0.547949446719109,0,0,0,0.1588055268066,0.171413022997076,-2.46824672787194,24.2849099636078
"Fixed mixed-signal hidden-positive design",45,"cov_pu","Bayesian Linear Cov + PU",0.698591549295775,0.682441314553991,2,0.133333333333333,0.288888888888889,0.337318109253243,2.34053206848597,0.0971208239768938,0.810967851054291,0.95,0.533333333333333,0.7325,5.2,1,1,1,1,0.182842928006491,0.277149072426898,0.252101826938802,0.0809332789679803,0.616147306521321,0,0,0,0.198822783057233,0.221542754931062,-2.51962025954289,24.3003408908844
"Fixed mixed-signal hidden-positive design",46,"cov_pu","Bayesian Linear Cov + PU",0.671048513302034,0.588356807511737,1,0.0666666666666667,0.244444444444444,0.336739692760436,2.43418522877729,0.0966159975951013,0.82335963536727,0.94,0.466666666666667,0.885,5.8,1,1,1,1,0.180640819399508,0.331553353296687,0.311751126661392,0.0880252809745916,0.69822484566917,0.001,0,0,0.236599910283103,0.266976076824512,-2.54402414365981,24.3851969242096
"Fixed mixed-signal hidden-positive design",47,"cov_pu","Bayesian Linear Cov + PU",0.640438184663537,0.451079812206573,1,0.0666666666666667,0.311111111111111,0.338892355131847,2.77793272283513,0.0948293964436114,0.857120893692502,0.9475,0.2,0.82,8.2,0.9975,0.933333333333333,1.0675,3.6,0.182011390062866,0.536951841317701,0.537942112625434,0.190696449032283,0.871238104248632,0.013,0.001,0,0.361879789287817,0.437224948281165,-2.6679340682116,24.1085569858551
"Fixed mixed-signal hidden-positive design",48,"cov_pu","Bayesian Linear Cov + PU",0.714115805946792,0.669671361502347,1,0.0666666666666667,0.311111111111111,0.332700254646343,2.36822031300683,0.0958390334562597,0.813773136103211,0.9525,0.4,0.7275,6.4,1,1,0.9975,1,0.17691498923565,0.331205662966926,0.310032214064948,0.0971922163200665,0.66973302879951,5e-04,0,0,0.229347145565251,0.261242704058661,-2.56785420853191,24.4489359855652
"Fixed mixed-signal hidden-positive design",49,"cov_pu","Bayesian Linear Cov + PU",0.665352112676056,0.615586854460094,2,0.133333333333333,0.333333333333333,0.339736357315704,2.406661780759,0.0973241058204104,0.821984363918219,0.9375,0.4,0.8475,6.4,1,1,1,1,0.177665304725778,0.300818315648069,0.270261095804529,0.0847412375589408,0.69976307563151,0,0,0,0.199563987916767,0.228947355281098,-2.51516451801622,24.2525720596313
"Fixed mixed-signal hidden-positive design",50,"cov_pu","Bayesian Linear Cov + PU",0.624976525821596,0.4418779342723,1,0.0666666666666667,0.311111111111111,0.33769190598722,2.65035892249478,0.0954325313238611,0.852113416130259,0.9325,0.133333333333333,0.9525,8.8,1,1,0.9975,1,0.182677716839943,0.500907229731941,0.482967415780065,0.117550059039019,0.917929273237031,0.0405,0.0095,5e-04,0.293339418267699,0.36898543854595,-2.61574781586308,24.0728600025177
"Fixed mixed-signal hidden-positive design",51,"cov_pu","Bayesian Linear Cov + PU",0.630172143974961,0.489765258215962,2,0.133333333333333,0.266666666666667,0.343285871919613,2.50994526077168,0.0977625970311561,0.834274866837013,0.9325,0.2,0.915,8.2,1,1,1,1,0.17923831404951,0.278454327300789,0.260865013630554,0.08439585487149,0.58711491103091,0,0,0,0.201761918416912,0.226439097983893,-2.5240052759743,24.2643890380859
"Fixed mixed-signal hidden-positive design",52,"cov_pu","Bayesian Linear Cov + PU",0.678059467918623,0.484131455399061,1,0.0666666666666667,0.311111111111111,0.332817510787085,2.65249489124754,0.0956286588317293,0.840666639142627,0.9475,0.2,0.865,8.2,1,1,0.9525,1,0.196008457626916,0.504728245704486,0.499289423950134,0.178763416245676,0.844798146238365,0.0105,0.003,0,0.350504076719235,0.410842238045642,-2.67290324315867,24.0232419967651
"Fixed mixed-signal hidden-positive design",53,"cov_pu","Bayesian Linear Cov + PU",0.676056338028169,0.527887323943662,3,0.2,0.355555555555556,0.323190212523831,2.58347111921088,0.0899841789491057,0.799777990109252,0.94,0.333333333333333,0.895,7,0.9975,1,1.0375,1,0.178360731845675,0.600975736711187,0.607075809853509,0.234487870925878,0.919255984948782,0.037,0.0085,0,0.396981725606523,0.485811746219075,-2.74256369279918,24.152293920517
"Fixed mixed-signal hidden-positive design",54,"cov_pu","Bayesian Linear Cov + PU",0.581658841940532,0.449953051643192,2,0.133333333333333,0.2,0.353648692061564,2.49243137256382,0.100167267356227,0.840494694986384,0.8975,0.0666666666666667,1.0925,9.4,1,1,1,1,0.173532532835156,0.171763935090112,0.146467570633063,0.0705944565612941,0.408793909668662,0,0,0,0.129242071600919,0.135992145432481,-2.44741069874924,24.1602730751038
"Fixed mixed-signal hidden-positive design",55,"cov_pu","Bayesian Linear Cov + PU",0.696025039123631,0.59962441314554,2,0.133333333333333,0.355555555555556,0.325316218023578,2.42150676139332,0.0933071736604587,0.805193539867072,0.95,0.4,0.7725,6.4,1,1,0.99,1,0.183677041153094,0.4697564910742,0.46777616144329,0.149113225040122,0.808946894876358,0.0035,5e-04,0,0.332233402746635,0.389152647661838,-2.64993897859108,24.0623831748962
"Fixed mixed-signal hidden-positive design",56,"cov_pu","Bayesian Linear Cov + PU",0.607323943661972,0.461032863849765,0,0,0.177777777777778,0.349281386681021,2.53354358218267,0.0994107985389384,0.845586614243766,0.9275,0.2,0.9525,8.2,1,1,1,1,0.181627384558743,0.25612102710716,0.222588094291578,0.0803393298192603,0.609173835393023,5e-04,5e-04,0,0.177900233842946,0.197619600178874,-2.48809646883197,24.2148070335388
"Fixed mixed-signal hidden-positive design",57,"cov_pu","Bayesian Linear Cov + PU",0.619780907668232,0.606948356807512,1,0.0666666666666667,0.266666666666667,0.353013901818742,2.46054919666851,0.100074783614146,0.836302530099157,0.89,0,1.11,10,1,1,1,1,0.177224920745973,0.159258607026799,0.13768604443124,0.0675112844232506,0.365132199998824,0,0,0,0.120264971988909,0.127247630178831,-2.44176519195974,24.4104380607605
"Fixed mixed-signal hidden-positive design",58,"cov_pu","Bayesian Linear Cov + PU",0.773270735524257,0.825915492957746,2,0.133333333333333,0.355555555555556,0.314807485140174,2.06228786289118,0.0925462832475852,0.753143010021775,0.9625,0.666666666666667,0.6825,4,1,1,0.9875,1,0.186626258995586,0.397052237585585,0.380555836163589,0.134379323996315,0.725937520389161,0,0,0,0.287632494086346,0.327309162360018,-2.63292030601437,24.0311589241028
"Fixed mixed-signal hidden-positive design",59,"cov_pu","Bayesian Linear Cov + PU",0.639749608763693,0.501596244131455,2,0.133333333333333,0.266666666666667,0.335259856687197,2.6068696862966,0.0944480469233736,0.83755595455687,0.9425,0.266666666666667,0.8525,7.6,1,1,0.99,1,0.179638156290437,0.48333914823361,0.467682280510216,0.128446978066041,0.883949236108861,0.0145,0.0035,0,0.299068674198309,0.368385000179687,-2.62852903281327,24.3184359073639
"Fixed mixed-signal hidden-positive design",60,"cov_pu","Bayesian Linear Cov + PU",0.67849765258216,0.569389671361502,0,0,0.244444444444444,0.336013113270415,2.4959583262908,0.0965895172886343,0.83110362054792,0.945,0.4,0.8475,6.4,1,1,1,1,0.19055637650093,0.404339855335061,0.392060126988143,0.115081991507581,0.777029467009877,0.003,0.0015,0,0.274887643166682,0.320657399622799,-2.58111713294649,24.2276599407196
"Fixed mixed-signal hidden-positive design",61,"cov_pu","Bayesian Linear Cov + PU",0.689765258215962,0.613333333333333,3,0.2,0.266666666666667,0.336747713409966,2.39471272278303,0.0969271432287236,0.813691611424014,0.9425,0.333333333333333,0.855,7,1,1,1,1,0.185048722699561,0.306005821771499,0.289463417353308,0.0956756498714113,0.626486930414931,0,0,0,0.220553800717644,0.246401379638994,-2.53644940463406,24.1727809906006
"Fixed mixed-signal hidden-positive design",62,"cov_pu","Bayesian Linear Cov + PU",0.640813771517997,0.542159624413146,2,0.133333333333333,0.266666666666667,0.342349991411622,2.46869256431699,0.0978397610029228,0.832673427167764,0.945,0.333333333333333,0.8075,7,1,1,1,1,0.179152068828615,0.285163180248783,0.257561885121373,0.0817723347507908,0.632403249276329,0,0,0,0.196656685423892,0.219046412226243,-2.52257414808491,24.4917221069336
"Fixed mixed-signal hidden-positive design",63,"cov_pu","Bayesian Linear Cov + PU",0.744225352112676,0.677183098591549,4,0.266666666666667,0.355555555555556,0.312987906407974,2.29096242328744,0.089939431578283,0.744551555671968,0.96,0.6,0.74,4.6,0.995,0.866666666666667,1.1175,6.19999999999999,0.190769307988588,0.519331537365077,0.510129595546497,0.217784524180929,0.860393285233212,0.01,0.003,0,0.362912702394386,0.426407114415151,-2.74165181364408,24.0060999393463
"Fixed mixed-signal hidden-positive design",64,"cov_pu","Bayesian Linear Cov + PU",0.669733959311424,0.506103286384976,2,0.133333333333333,0.333333333333333,0.330146610528126,2.66799113481154,0.0932523410775231,0.831948473460228,0.945,0.333333333333333,0.8475,7,0.995,0.866666666666667,1.1375,6.19999999999999,0.190793791783109,0.547468809834365,0.546307075230829,0.215293443638729,0.874730763332392,0.0145,0.002,0,0.375266943496634,0.447866487272162,-2.71642055418016,24.2357020378113
"Fixed mixed-signal hidden-positive design",65,"cov_pu","Bayesian Linear Cov + PU",0.684632237871674,0.663098591549296,3,0.2,0.311111111111111,0.336168528441103,2.36300210408615,0.0966749692831569,0.81383836277558,0.94,0.4,0.87,6.4,1,1,1,1,0.180625678403,0.329484348960483,0.305251408631349,0.0880668128344581,0.700312976993072,5e-04,0,0,0.215477066529963,0.251232859454952,-2.53655277243881,24.3451030254364
"Fixed mixed-signal hidden-positive design",66,"cov_pu","Bayesian Linear Cov + PU",0.72018779342723,0.702910798122066,6,0.4,0.355555555555556,0.329623076536136,2.21748396682659,0.0954561394122935,0.778088999279363,0.95,0.533333333333333,0.7625,5.2,1,1,1,1,0.184243846992869,0.335910715586747,0.311419933915786,0.0936550504271209,0.716391618746798,0.003,0.001,5e-04,0.226912309310888,0.261383603300427,-2.52997276570887,24.1914129257202
"Fixed mixed-signal hidden-positive design",67,"cov_pu","Bayesian Linear Cov + PU",0.645007824726135,0.497464788732394,2,0.133333333333333,0.244444444444444,0.344470045146426,2.50616482249648,0.0981951585181235,0.837676566613381,0.9325,0.133333333333333,0.8975,8.8,1,1,1,1,0.178887427423548,0.276382933004886,0.244099240591878,0.0815508762914446,0.634836311972529,0,0,0,0.190845339487812,0.213837805179158,-2.51376488519076,24.4137270450592
"Fixed mixed-signal hidden-positive design",68,"cov_pu","Bayesian Linear Cov + PU",0.65245696400626,0.581784037558685,2,0.133333333333333,0.311111111111111,0.342236586353001,2.42753190791118,0.0979032578535359,0.824972803606172,0.935,0.333333333333333,0.885,7,1,1,1,1,0.176762385129686,0.264247060550748,0.23822136617463,0.0781065003627331,0.61679327534271,0,0,0,0.186806592356016,0.208468024405976,-2.505519813778,24.3574709892273
"Fixed mixed-signal hidden-positive design",69,"cov_pu","Bayesian Linear Cov + PU",0.637183098591549,0.610140845070423,2,0.133333333333333,0.311111111111111,0.35373308660458,2.45930984077152,0.100203193047498,0.835856247961018,0.8975,0.0666666666666667,1.0575,9.4,1,1,1,1,0.174115559454684,0.154502115124501,0.135067245047447,0.0705697166912011,0.353586853017593,0,0,0,0.120646089902779,0.126337955580809,-2.44471623929601,24.5379228591919
"Fixed mixed-signal hidden-positive design",70,"cov_pu","Bayesian Linear Cov + PU",0.694647887323944,0.667605633802817,1,0.0666666666666667,0.266666666666667,0.335852764348221,2.36648961713734,0.0966739697165494,0.815184625148387,0.9425,0.333333333333333,0.8175,7,1,1,1,1,0.180814511634995,0.338262235986294,0.315318484092458,0.0896915869130029,0.716986795089522,0.001,0,0,0.228497289027456,0.263109299512206,-2.53732525234439,24.1888430118561
"Fixed mixed-signal hidden-positive design",71,"cov_pu","Bayesian Linear Cov + PU",0.629358372456964,0.572394366197183,3,0.2,0.311111111111111,0.348515150397488,2.43349418399203,0.0991894394761784,0.830170259682272,0.9225,0.266666666666667,0.895,7.6,1,1,1,1,0.176570637307606,0.195193561182742,0.166129507935336,0.0743804407066867,0.463299892913096,0,0,0,0.141761266333293,0.151416332813985,-2.45369537175775,24.3453691005707
"Fixed mixed-signal hidden-positive design",72,"cov_pu","Bayesian Linear Cov + PU",0.653458528951487,0.652582159624413,1,0.0666666666666667,0.266666666666667,0.343139862958768,2.40423638661857,0.0981643737839485,0.825286434298952,0.925,0.2,0.925,8.2,1,1,1,1,0.173975105087862,0.245818364966494,0.218537286533331,0.0762870604404879,0.581555682012621,0,0,0,0.172207399732411,0.190119627162796,-2.49560274006297,24.5329430103302
"Fixed mixed-signal hidden-positive design",73,"cov_pu","Bayesian Linear Cov + PU",0.638748043818466,0.518122065727699,0,0,0.2,0.344615594127304,2.50004083171315,0.0984729279439277,0.839079489544741,0.93,0.2,0.95,8.2,1,1,1,1,0.18130732031458,0.268894836266466,0.246113044158993,0.0791814099554427,0.592925057577999,0,0,0,0.192931947774043,0.215409238979835,-2.51126440892554,24.1288378238678
"Fixed mixed-signal hidden-positive design",74,"cov_pu","Bayesian Linear Cov + PU",0.686197183098592,0.60018779342723,2,0.133333333333333,0.333333333333333,0.330276091797559,2.36700805726836,0.0945123579795918,0.794301183365089,0.9475,0.466666666666667,0.78,5.8,1,1,0.9975,1,0.181925200689562,0.411498318092187,0.389743952350924,0.10849012541869,0.806394189970915,0.004,0.001,0,0.264205210648908,0.314354713777367,-2.57159943501607,24.3093450069427
"Fixed mixed-signal hidden-positive design",75,"cov_pu","Bayesian Linear Cov + PU",0.623223787167449,0.549295774647887,1,0.0666666666666667,0.244444444444444,0.348822358015706,2.44856776779119,0.0992940925932896,0.832952276317817,0.9175,0.2,0.9825,8.2,1,1,1,1,0.177510298906717,0.197519823441782,0.170811064584418,0.073413688312487,0.461641613946355,0,0,0,0.145153045290548,0.154876195208358,-2.45624744983964,24.4710030555725
"Fixed mixed-signal hidden-positive design",76,"cov_pu","Bayesian Linear Cov + PU",0.675305164319249,0.546854460093897,1,0.0666666666666667,0.288888888888889,0.335545345882918,2.46614215496484,0.0963451401878574,0.824561237491751,0.9475,0.333333333333333,0.7975,7,1,1,0.9975,1,0.176568682553565,0.337618186574238,0.319108304172594,0.0922267453946263,0.668223648024599,0,0,0,0.242229772281302,0.272084917492352,-2.58148295122338,24.2941319942474
"Fixed mixed-signal hidden-positive design",77,"cov_pu","Bayesian Linear Cov + PU",0.627042253521127,0.593239436619718,0,0,0.155555555555556,0.352680086319643,2.45056459747956,0.100047025431039,0.83471300734715,0.905,0.133333333333333,1.04,8.8,1,1,1,1,0.180261864822821,0.16229054703398,0.139513330533068,0.0694030249565689,0.372716187075066,0,0,0,0.123711961526953,0.13047080101181,-2.43098052413012,24.4621050357819
"Fixed mixed-signal hidden-positive design",78,"cov_pu","Bayesian Linear Cov + PU",0.659280125195618,0.452018779342723,2,0.133333333333333,0.377777777777778,0.328062541599989,2.92312269674555,0.0891968311945894,0.860552509934303,0.94,0.2,0.865,8.2,0.99,0.8,1.2875,8.79999999999999,0.163485954134332,0.740229275181364,0.773179363621284,0.356405915232403,0.966264686246557,0.1625,0.056,0.003,0.469333006112152,0.58963477091043,-2.83187148574484,24.1455638408661
"Fixed mixed-signal hidden-positive design",79,"cov_pu","Bayesian Linear Cov + PU",0.662472613458529,0.589671361502347,3,0.2,0.311111111111111,0.343441580121449,2.39297225744175,0.0981276612144439,0.819879403779382,0.9375,0.333333333333333,0.8075,7,1,1,1,1,0.179853261131088,0.229741008668952,0.19592837293577,0.072828090937442,0.571721640345415,0,0,0,0.1626635376827,0.176517704706079,-2.46913382403922,24.3125109672546
"Fixed mixed-signal hidden-positive design",80,"cov_pu","Bayesian Linear Cov + PU",0.579092331768388,0.533896713615023,2,0.133333333333333,0.355555555555556,0.348167836995118,2.43483859773435,0.0989533234172483,0.828621716086281,0.915,0.2,0.95,8.2,1,1,1,1,0.175437640710527,0.213813467131094,0.178457241907981,0.0738991105523456,0.553835636133253,0,0,0,0.147126439136822,0.158649669648303,-2.46283118846024,24.530916929245
"Fixed mixed-signal hidden-positive design",81,"cov_pu","Bayesian Linear Cov + PU",0.592363067292645,0.539906103286385,0,0,0.177777777777778,0.354128432186416,2.4650122599856,0.100275667730686,0.837052848351217,0.8975,0.0666666666666667,1.0675,9.4,1,1,1,1,0.18224012668232,0.155874352879433,0.135395086550786,0.0711591939861869,0.346574413564168,0,0,0,0.121748876422973,0.126969812154479,-2.43454268111699,24.3783509731293
"Fixed mixed-signal hidden-positive design",82,"cov_pu","Bayesian Linear Cov + PU",0.666729264475743,0.586291079812207,1,0.0666666666666667,0.288888888888889,0.339566942244091,2.44795843799469,0.0973419687574456,0.829281032122539,0.9375,0.266666666666667,0.8675,7.6,1,1,1,1,0.17817480203797,0.345347663714571,0.313513121041365,0.0860134056209495,0.786094770346709,0.006,0,0,0.219522701821452,0.255833204839834,-2.52496229549612,24.2162210941315
"Fixed mixed-signal hidden-positive design",83,"cov_pu","Bayesian Linear Cov + PU",0.644068857589984,0.495211267605634,2,0.133333333333333,0.333333333333333,0.337521787253403,2.63271174358913,0.0948998605878643,0.836095977248384,0.94,0.2,0.885,8.2,0.9975,0.933333333333333,1.095,3.6,0.182283887951383,0.462532923002753,0.441746526717765,0.127170682108424,0.890528898568009,0.019,0.006,0,0.287083395256773,0.345195286685266,-2.61840392274633,24.0542860031128
"Fixed mixed-signal hidden-positive design",84,"cov_pu","Bayesian Linear Cov + PU",0.633302034428795,0.595492957746479,2,0.133333333333333,0.333333333333333,0.346302090386357,2.42553068965991,0.0986961070129724,0.827973508772296,0.9275,0.2,0.8725,8.2,1,1,1,1,0.18094860994592,0.237802582783085,0.196374756597255,0.0738069847305646,0.614510141967362,5e-04,0,0,0.154451481433303,0.171506110344048,-2.46907857354969,24.2232940196991
"Fixed mixed-signal hidden-positive design",85,"cov_pu","Bayesian Linear Cov + PU",0.667292644757433,0.630046948356808,1,0.0666666666666667,0.288888888888889,0.345050781997304,2.39721881910756,0.0986664459393239,0.823837302384249,0.9375,0.333333333333333,0.8275,7,1,1,1,1,0.182946962132281,0.221825143539703,0.195090417824413,0.0763931715873686,0.524980884482439,0,0,0,0.161046903086633,0.17456887698644,-2.4652986607617,24.5648601055145
"Fixed mixed-signal hidden-positive design",86,"cov_pu","Bayesian Linear Cov + PU",0.681064162754304,0.564507042253521,1,0.0666666666666667,0.244444444444444,0.332278414495032,2.48241668685861,0.095486747530797,0.829401853290167,0.9475,0.333333333333333,0.7925,7,1,1,0.995,1,0.179809533725406,0.412895802491689,0.39977750960123,0.120190853726917,0.782325912289298,0.0015,0,0,0.274204199504026,0.322899932888129,-2.61953704045151,23.8077728748322
"Fixed mixed-signal hidden-positive design",87,"cov_pu","Bayesian Linear Cov + PU",0.625039123630673,0.490516431924883,1,0.0666666666666667,0.288888888888889,0.33875592028308,2.55812786489449,0.09550384268237,0.835985578372427,0.9325,0.133333333333333,0.915,8.8,1,1,1,1,0.178584692831975,0.410525218519378,0.392283683768564,0.102728244358524,0.795450163663174,0.003,5e-04,0,0.265931384160703,0.319632059030375,-2.56049556499387,24.1386380195618
"Fixed mixed-signal hidden-positive design",88,"cov_pu","Bayesian Linear Cov + PU",0.685946791862285,0.583849765258216,1,0.0666666666666667,0.377777777777778,0.320532328815757,2.90852173411863,0.0836210453408648,0.813992787734504,0.9475,0.466666666666667,0.7475,5.8,0.9925,0.866666666666667,1.1925,6.19999999999999,0.151734472603351,0.760140218967635,0.789097120184566,0.395520661663651,0.975837542158548,0.201,0.0705,0.0025,0.558399652495474,0.669659116195954,-2.86938767946687,24.0590550899506
"Fixed mixed-signal hidden-positive design",89,"cov_pu","Bayesian Linear Cov + PU",0.711611893583725,0.723380281690141,4,0.266666666666667,0.288888888888889,0.336672550707018,2.25046673095419,0.0969569840512761,0.791551881317162,0.9425,0.533333333333333,0.805,5.2,1,1,1,1,0.18407258335846,0.264371039040183,0.233635523602456,0.0841676810810314,0.615442512380993,5e-04,0,0,0.184907742770575,0.205631727569573,-2.48645806823129,24.2379901409149
"Fixed mixed-signal hidden-positive design",90,"cov_pu","Bayesian Linear Cov + PU",0.689014084507042,0.705727699530516,1,0.0666666666666667,0.244444444444444,0.340310624286686,2.34849028842496,0.0976574644009709,0.814121907793467,0.9325,0.4,0.8725,6.4,1,1,1,1,0.179677455579826,0.274377451244146,0.238192221905735,0.0795622854150934,0.661148051657074,0,0,0,0.182787227081812,0.206371166627034,-2.49217780274972,24.5405180454254
"Fixed mixed-signal hidden-positive design",91,"cov_pu","Bayesian Linear Cov + PU",0.637308294209703,0.533333333333333,0,0,0.266666666666667,0.342912165209972,2.56215725759623,0.0973926372517188,0.842343394084095,0.94,0.333333333333333,0.83,7,1,1,1,1,0.173301089880369,0.321866499427375,0.294967730185162,0.0845096614117318,0.683595768288036,5e-04,0,0,0.218898414853659,0.249832788162086,-2.55014178174751,24.2676289081573
"Fixed mixed-signal hidden-positive design",92,"cov_pu","Bayesian Linear Cov + PU",0.689014084507042,0.585727699530516,1,0.0666666666666667,0.288888888888889,0.332839913461996,2.46281688967552,0.0951642604313491,0.817904082164811,0.95,0.4,0.81,6.4,0.9975,1,1.09,1,0.184247441023179,0.406073288294728,0.388824611894311,0.104913731466862,0.791313858398539,0.0045,0.002,0,0.278657073855692,0.322264683257402,-2.5983718581365,24.0884280204773
"Fixed mixed-signal hidden-positive design",93,"cov_pu","Bayesian Linear Cov + PU",0.640438184663537,0.570704225352113,1,0.0666666666666667,0.333333333333333,0.337105603235134,2.47447657383769,0.0958880660498596,0.83234611885208,0.945,0.4,0.775,6.4,1,1,1,1,0.17045766537274,0.375452944568633,0.346951022340766,0.0952606277909807,0.783020211522565,0.003,0,0,0.242417358120579,0.285264486562132,-2.55272159609858,24.4062900543213
"Fixed mixed-signal hidden-positive design",94,"cov_pu","Bayesian Linear Cov + PU",0.636870109546166,0.469295774647887,2,0.133333333333333,0.288888888888889,0.33930236522058,2.5596895585946,0.0961335593915294,0.838755329679481,0.9425,0.133333333333333,0.855,8.8,1,1,1,1,0.180212569985045,0.37831677543779,0.360703766648015,0.101504884846017,0.743082427734867,0.001,0.001,0,0.255038727570175,0.299444459872577,-2.55551867916609,24.0798909664154
"Fixed mixed-signal hidden-positive design",95,"cov_pu","Bayesian Linear Cov + PU",0.698779342723005,0.587981220657277,1,0.0666666666666667,0.311111111111111,0.334475241399203,2.43713731345824,0.0964795484810864,0.822637356062759,0.945,0.333333333333333,0.82,7,1,1,1,1,0.183836680213422,0.348553035899663,0.331036404704784,0.0955239600682447,0.718894141381412,0.001,0,0,0.247276006096956,0.280207546421984,-2.56670453283858,24.0040102005005
"Fixed mixed-signal hidden-positive design",96,"cov_pu","Bayesian Linear Cov + PU",0.623787167449139,0.570140845070423,1,0.0666666666666667,0.266666666666667,0.348504522109625,2.44937338086901,0.0991815675690374,0.832906792052309,0.9175,0.2,0.9375,8.2,1,1,1,1,0.176121688737429,0.213991922375241,0.179002464099469,0.0759512296333764,0.542139854619285,0,0,0,0.149569824722846,0.161309555629297,-2.4681219487406,24.3443429470062
"Fixed mixed-signal hidden-positive design",97,"cov_pu","Bayesian Linear Cov + PU",0.638435054773083,0.572206572769953,1,0.0666666666666667,0.222222222222222,0.350245829825545,2.45260905416005,0.0995942827590188,0.834013353844964,0.91,0.266666666666667,1.01,7.6,1,1,1,1,0.175445993864988,0.190684762692621,0.1652431225465,0.0721764106979307,0.444139012379589,0,0,0,0.139949259794966,0.150930028625528,-2.45487646656571,24.3579659461975
"Fixed mixed-signal hidden-positive design",98,"cov_pu","Bayesian Linear Cov + PU",0.723129890453834,0.615399061032864,2,0.133333333333333,0.355555555555556,0.317337592538834,2.39357650854292,0.0914242542227854,0.778565653116111,0.9475,0.4,0.8275,6.4,0.9975,0.933333333333333,1.0025,3.6,0.197105273038586,0.556842289349245,0.552079812137461,0.235570255221634,0.871963808427416,0.0135,0.001,0,0.393740741126481,0.462958721445623,-2.741754681803,24.2272927761078
"Fixed mixed-signal hidden-positive design",99,"cov_pu","Bayesian Linear Cov + PU",0.730641627543036,0.734835680751174,5,0.333333333333333,0.377777777777778,0.315432523957745,2.16216212295072,0.0912854430182553,0.758794416644728,0.9475,0.533333333333333,0.8225,5.2,1,1,0.965,1,0.181975523671523,0.471866712208282,0.466879319460069,0.148016887276308,0.82590983880483,0.005,0.001,0,0.332605184435073,0.389572642957479,-2.64811775286158,24.1894559860229
"Fixed mixed-signal hidden-positive design",100,"cov_pu","Bayesian Linear Cov + PU",0.668732394366197,0.651643192488263,4,0.266666666666667,0.266666666666667,0.343953260398619,2.37368291559679,0.0983508700792975,0.818300916326588,0.92,0.266666666666667,0.9275,7.6,1,1,1,1,0.174651165563743,0.232712026166111,0.185991744614576,0.0697379672128059,0.631882007249522,0,0,0,0.15330535205208,0.167233495631525,-2.47930702763963,24.4173979759216
"Fixed mixed-signal hidden-positive design",1,"cov_net","Bayesian Linear Cov + Net",0.710798122065728,0.687511737089202,1,0.0666666666666667,0.311111111111111,0.34157166020936,2.54657915634273,0.0980009728856139,0.843780664054078,0.9225,0.2,0.875,8.2,1,1,1,1,NA,0.370785872288372,0.350062581508682,0.107007561468964,0.756924350671417,0.001,0,0,0.222674907644313,0.275775733641013,-2.75401558791843,20.9833059310913
"Fixed mixed-signal hidden-positive design",2,"cov_net","Bayesian Linear Cov + Net",0.667292644757433,0.505164319248826,0,0,0.177777777777778,0.351244401890925,2.71244810514746,0.099813762062,0.868076735216159,0.9,0,1.0975,10,1,1,0.9975,1,NA,0.357023509838824,0.334339721091987,0.114329240890627,0.714574869441551,5e-04,0,0,0.215029968673981,0.26155240069696,-2.74721009662913,22.1258509159088
"Fixed mixed-signal hidden-positive design",3,"cov_net","Bayesian Linear Cov + Net",0.592050078247261,0.471361502347418,0,0,0.155555555555556,0.360372454860131,2.69095176514081,0.101215630874393,0.868712203109434,0.89,0,1.1175,10,1,1,1,1,NA,0.182606199184105,0.162353331716758,0.0745256930367257,0.40519707271807,0,0,0,0.127408948741874,0.14189141076264,-2.66581939324444,20.786162853241
"Fixed mixed-signal hidden-positive design",4,"cov_net","Bayesian Linear Cov + Net",0.637057902973396,0.565446009389671,1,0.0666666666666667,0.244444444444444,0.356872753821027,2.64886812186436,0.100637118302086,0.862758318729709,0.9,0.0666666666666667,1.0175,9.4,1,1,1,1,NA,0.1952025261192,0.164113465765379,0.0701557885513975,0.505540973849813,0,0,0,0.131264283631709,0.145571458196678,-2.66699156197052,20.6700551509857
"Fixed mixed-signal hidden-positive design",5,"cov_net","Bayesian Linear Cov + Net",0.690391236306729,0.684319248826291,2,0.133333333333333,0.222222222222222,0.347906306868168,2.55432512299779,0.0994299913103148,0.846838404087985,0.9075,0.133333333333333,1.01,8.8,1,1,0.985,1,NA,0.325895116261192,0.299715875728988,0.0968312011968417,0.688172745514162,0.0015,0,0,0.192530720077308,0.234071961189298,-2.72973031436354,21.0616600513458
"Fixed mixed-signal hidden-positive design",6,"cov_net","Bayesian Linear Cov + Net",0.705164319248826,0.708169014084507,2,0.133333333333333,0.333333333333333,0.337811883381057,2.45507930394853,0.0968309188185009,0.819422426720949,0.9275,0.266666666666667,0.8425,7.6,1,1,1,1,NA,0.312734245077954,0.28380612563011,0.0914112574945772,0.691847367544444,0,0,0,0.199678348804762,0.232768149671205,-2.75023477393855,20.3604729175568
"Fixed mixed-signal hidden-positive design",7,"cov_net","Bayesian Linear Cov + Net",0.682566510172144,0.628356807511737,3,0.2,0.288888888888889,0.343361663166369,2.55729232044782,0.098054567230148,0.840369230186059,0.915,0.2,0.9775,8.2,1,1,1,1,NA,0.307911395683246,0.287072381570584,0.0908048056011621,0.642911586268763,0,0,0,0.194321782117691,0.230598397445997,-2.73508985724122,20.670196056366
"Fixed mixed-signal hidden-positive design",8,"cov_net","Bayesian Linear Cov + Net",0.739593114241002,0.575211267605634,1,0.0666666666666667,0.4,0.315882800328744,2.94760524589018,0.0873153289123361,0.837566155977566,0.945,0.333333333333333,0.7575,7,0.9875,0.733333333333333,1.26,11.4,NA,0.81940947043626,0.853740605596923,0.455671531327552,0.98923067083353,0.367,0.1825,0.0235,0.452285729460541,0.614835649887518,-3.143699087049,20.5399279594421
"Fixed mixed-signal hidden-positive design",9,"cov_net","Bayesian Linear Cov + Net",0.712801251956181,0.566009389671361,3,0.2,0.4,0.323744582396871,2.72190208444989,0.0910498884951812,0.820437919799,0.94,0.333333333333333,0.77,7,0.995,0.866666666666667,1.0825,6.19999999999999,NA,0.630613582138036,0.641953075195886,0.302671052269255,0.89736035113342,0.0235,0.0025,0,0.406828976739088,0.499597879847618,-3.00084523050595,20.9770920276642
"Fixed mixed-signal hidden-positive design",10,"cov_net","Bayesian Linear Cov + Net",0.638247261345853,0.476244131455399,0,0,0.244444444444444,0.347266600362298,2.8096156972353,0.0981627978722513,0.875649459950974,0.915,0.0666666666666667,1.0025,9.4,0.9975,0.933333333333333,1.0675,3.6,NA,0.347220618927778,0.32169718035419,0.110040721992214,0.717123427706461,0.0025,5e-04,0,0.223020828647729,0.261402640659195,-2.7964931085501,20.6372928619385
"Fixed mixed-signal hidden-positive design",11,"cov_net","Bayesian Linear Cov + Net",0.701283255086072,0.605821596244131,2,0.133333333333333,0.288888888888889,0.336609246644059,2.60068227064151,0.0968541782815431,0.84129326855832,0.93,0.266666666666667,0.8875,7.6,1,1,0.965,1,NA,0.400336304608943,0.381571052575452,0.121461201758004,0.784033891368808,0.001,5e-04,0,0.25063888539925,0.303114288090196,-2.82306683309491,20.6691360473633
"Fixed mixed-signal hidden-positive design",12,"cov_net","Bayesian Linear Cov + Net",0.656275430359937,0.486760563380282,2,0.133333333333333,0.288888888888889,0.342718116224419,2.74514754133913,0.0970633712670603,0.854404781605519,0.93,0.133333333333333,0.8775,8.8,1,1,0.97,1,NA,0.37256039476154,0.358888500440724,0.116079257051185,0.685864272504116,0,0,0,0.24491812351412,0.292059469142053,-2.8151837673722,20.6705520153046
"Fixed mixed-signal hidden-positive design",13,"cov_net","Bayesian Linear Cov + Net",0.633302034428795,0.483568075117371,1,0.0666666666666667,0.2,0.355692922756413,2.70839967678626,0.100499852761805,0.868685617621843,0.895,0,1.105,10,1,1,1,1,NA,0.253087753677685,0.227404208859435,0.0828669613603936,0.570120756486807,0,0,0,0.162195458697448,0.189199682440961,-2.6985802887838,20.5833640098572
"Fixed mixed-signal hidden-positive design",14,"cov_net","Bayesian Linear Cov + Net",0.591737089201878,0.51943661971831,1,0.0666666666666667,0.244444444444444,0.360687923294783,2.67030229939638,0.101234666904336,0.865540764097243,0.8875,0,1.14,10,1,1,1,1,NA,0.18266450160066,0.162340215804631,0.0715530831973718,0.404759579636506,0,0,0,0.126084140644785,0.141186034457866,-2.65303399781297,20.9282178878784
"Fixed mixed-signal hidden-positive design",15,"cov_net","Bayesian Linear Cov + Net",0.61452269170579,0.373145539906103,1,0.0666666666666667,0.288888888888889,0.351271641897454,2.97684412927857,0.0983797191921084,0.889204823190143,0.9225,0.0666666666666667,0.915,9.4,0.995,0.866666666666667,1.1825,6.19999999999999,NA,0.380472340617002,0.370182591112371,0.127200251274646,0.707087581394825,5e-04,0,0,0.250011216737368,0.298783440257717,-2.82477529033713,22.4830648899078
"Fixed mixed-signal hidden-positive design",16,"cov_net","Bayesian Linear Cov + Net",0.774209702660407,0.7181220657277,4,0.266666666666667,0.444444444444444,0.302734509602181,2.32102881041798,0.0871375555547091,0.755492565247333,0.94,0.266666666666667,0.7625,7.6,0.9975,1,0.9825,1,NA,0.732758314738084,0.762571558254731,0.330602073735805,0.973781408055775,0.195,0.0785,0.0045,0.407288151172805,0.572536642182344,-2.98748006477932,21.1096451282501
"Fixed mixed-signal hidden-positive design",17,"cov_net","Bayesian Linear Cov + Net",0.770766823161189,0.728450704225352,5,0.333333333333333,0.4,0.311737041171017,2.27693413528507,0.0907288353321473,0.761272994759976,0.9475,0.466666666666667,0.7075,5.8,0.9975,1,1.0225,1,NA,0.559081942334201,0.561272661586959,0.230817310517839,0.882344673544377,0.015,0.0025,0,0.328681430040073,0.42228708476211,-2.92143581771151,21.0249760150909
"Fixed mixed-signal hidden-positive design",18,"cov_net","Bayesian Linear Cov + Net",0.594366197183099,0.508356807511737,1,0.0666666666666667,0.311111111111111,0.356088954220508,2.67147211195256,0.100349045214475,0.864142414957001,0.8975,0,1.0475,10,1,1,1,1,NA,0.215461006092693,0.189856097164123,0.0806662162195767,0.4941534848027,0,0,0,0.144597554641526,0.163187458315489,-2.68909599301058,21.1276779174805
"Fixed mixed-signal hidden-positive design",19,"cov_net","Bayesian Linear Cov + Net",0.711111111111111,0.615211267605634,1,0.0666666666666667,0.355555555555556,0.330816885161768,2.56606359851374,0.0949780843116595,0.826055843681687,0.9375,0.333333333333333,0.8,7,1,1,0.9575,1,NA,0.4874694840398,0.481270051235709,0.193495029414055,0.808982648659127,0.003,0,0,0.292281605359111,0.3728418752568,-2.87535041890402,21.3208718299866
"Fixed mixed-signal hidden-positive design",20,"cov_net","Bayesian Linear Cov + Net",0.726447574334898,0.620657276995305,3,0.2,0.355555555555556,0.320868880790282,2.5775940314293,0.0914746080566982,0.813914926985701,0.9425,0.333333333333333,0.775,7,1,1,0.935,1,NA,0.625366058020717,0.634095236789428,0.257133354355708,0.93276159827206,0.054,0.019,0.0015,0.367424367145485,0.478324234417415,-2.93419814563965,21.4334878921509
"Fixed mixed-signal hidden-positive design",21,"cov_net","Bayesian Linear Cov + Net",0.703348982785603,0.661596244131455,0,0,0.222222222222222,0.346378539883003,2.58842662840167,0.0989793324325792,0.851884217410237,0.9075,0.0666666666666667,1.0075,9.4,1,1,1,1,NA,0.281148004622751,0.252753511671547,0.0815020269042205,0.64920020822854,5e-04,5e-04,0,0.177419922728124,0.20805242775898,-2.72071156637087,20.8081710338593
"Fixed mixed-signal hidden-positive design",22,"cov_net","Bayesian Linear Cov + Net",0.595054773082942,0.489389671361502,2,0.133333333333333,0.355555555555556,0.349853875750325,2.66706638205995,0.0986471399211124,0.858071723669718,0.9225,0.266666666666667,0.8575,7.6,1,1,1,1,NA,0.288890482308415,0.255644355237075,0.0865469350651925,0.650846038252667,5e-04,0,0,0.17940341566405,0.210318358898656,-2.72043702307241,20.9189112186432
"Fixed mixed-signal hidden-positive design",23,"cov_net","Bayesian Linear Cov + Net",0.690266040688576,0.562253521126761,3,0.2,0.288888888888889,0.34244470835568,2.6504181587854,0.0982518823539648,0.846395703879006,0.925,0.266666666666667,0.92,7.6,1,1,0.9675,1,NA,0.399068620761022,0.377604719426346,0.135104466501795,0.763168396765614,0,0,0,0.242878696953635,0.298789649800181,-2.81413694117037,20.6917469501495
"Fixed mixed-signal hidden-positive design",24,"cov_net","Bayesian Linear Cov + Net",0.66735524256651,0.542347417840376,2,0.133333333333333,0.377777777777778,0.336493821837681,2.69217802493811,0.0951264856666739,0.849062961830072,0.935,0.266666666666667,0.825,7.6,1,1,0.9775,1,NA,0.561513135469172,0.557116097805252,0.161023082672805,0.952671479819861,0.078,0.029,0.001,0.283651501934937,0.374015244171145,-2.85294146432409,20.9153399467468
"Fixed mixed-signal hidden-positive design",25,"cov_net","Bayesian Linear Cov + Net",0.688951486697966,0.550234741784038,1,0.0666666666666667,0.288888888888889,0.346493804472375,2.66467866993834,0.0989073277922488,0.858771780400344,0.91,0.0666666666666667,0.985,9.4,1,1,0.985,1,NA,0.421126068604812,0.391451822690702,0.125515905455136,0.840614044463762,0.006,5e-04,0,0.225167595229919,0.289195714021223,-2.75157036854745,20.9364919662476
"Fixed mixed-signal hidden-positive design",26,"cov_net","Bayesian Linear Cov + Net",0.779968701095462,0.635305164319249,2,0.133333333333333,0.488888888888889,0.300103378336058,2.75615356038486,0.0849771857502513,0.809411144403781,0.9525,0.466666666666667,0.6825,5.8,0.99,0.8,1.12,8.79999999999999,NA,0.816526862171214,0.84100986132319,0.534582684865412,0.973237880741867,0.2905,0.088,0.0015,0.548579784696717,0.675500596891877,-3.24068273928982,21.712021112442
"Fixed mixed-signal hidden-positive design",27,"cov_net","Bayesian Linear Cov + Net",0.701846635367762,0.602441314553991,1,0.0666666666666667,0.288888888888889,0.335442011315536,2.64296168569445,0.0965589280046158,0.850052360928749,0.925,0.133333333333333,0.9275,8.8,1,1,0.935,1,NA,0.445178425610839,0.434700086523556,0.16064713468857,0.786985899204461,0.001,0,0,0.264753657775634,0.328975589280167,-2.875110392731,20.825501203537
"Fixed mixed-signal hidden-positive design",28,"cov_net","Bayesian Linear Cov + Net",0.73283255086072,0.686572769953052,0,0,0.311111111111111,0.332045431433461,2.55120983061477,0.0956864033280161,0.84366041716115,0.9325,0.266666666666667,0.82,7.6,1,1,0.99,1,NA,0.463857499600918,0.443950230260079,0.14534500812255,0.864792867260419,0.0115,0.003,0,0.248326344938187,0.323910003623664,-2.82844490404061,22.3804860115051
"Fixed mixed-signal hidden-positive design",29,"cov_net","Bayesian Linear Cov + Net",0.550422535211268,0.385539906103286,0,0,0.177777777777778,0.361462240156482,2.72101765199173,0.10131214257109,0.872128595589167,0.8875,0,1.13,10,1,1,1,1,NA,0.21706244026564,0.183075375056835,0.0778679327542285,0.562608793062618,0,0,0,0.135594227224588,0.153773524413381,-2.6618333496515,21.1599810123444
"Fixed mixed-signal hidden-positive design",30,"cov_net","Bayesian Linear Cov + Net",0.696150234741784,0.608450704225352,0,0,0.244444444444444,0.348280426577437,2.6177644879322,0.099366721984128,0.854975900748842,0.9,0.133333333333333,1.0925,8.8,1,1,0.9925,1,NA,0.304521426580782,0.279704183636864,0.0988146880023227,0.667834096583473,5e-04,0,0,0.191394623129303,0.226667198925077,-2.74015179420976,21.4530830383301
"Fixed mixed-signal hidden-positive design",31,"cov_net","Bayesian Linear Cov + Net",0.632801251956182,0.536713615023474,0,0,0.2,0.355087881055578,2.67869972195067,0.100255175647742,0.864554618136911,0.9025,0,1.03,10,1,1,1,1,NA,0.259120029119934,0.230132710827092,0.0863708152268201,0.596604534918046,0,0,0,0.160687281373528,0.189399281707481,-2.69480999132468,21.0093460083008
"Fixed mixed-signal hidden-positive design",32,"cov_net","Bayesian Linear Cov + Net",0.748920187793427,0.657464788732394,2,0.133333333333333,0.4,0.323604938135971,2.60689366303174,0.0925509796563444,0.838847816686426,0.94,0.266666666666667,0.7425,7.6,0.9975,1,0.9925,1,NA,0.766958728109067,0.79959046304746,0.400143734082524,0.966693537210357,0.199,0.053,0.002,0.408816119294486,0.578285956707978,-2.93441241348496,20.785945892334
"Fixed mixed-signal hidden-positive design",33,"cov_net","Bayesian Linear Cov + Net",0.712425665101721,0.597370892018779,1,0.0666666666666667,0.377777777777778,0.330526168146636,2.60247036756586,0.094647541677441,0.83817893513394,0.935,0.2,0.8,8.2,1,1,0.965,1,NA,0.483084721859158,0.472667317311453,0.167498361479,0.847150229159493,0.009,0.001,0,0.293679415507388,0.362592722874467,-2.85161726183026,21.3310348987579
"Fixed mixed-signal hidden-positive design",34,"cov_net","Bayesian Linear Cov + Net",0.6260406885759,0.644507042253521,1,0.0666666666666667,0.133333333333333,0.356868275579701,2.60234437860153,0.100762341886479,0.856584179240604,0.8925,0,1.095,10,1,1,1,1,NA,0.169322450022789,0.150772025787519,0.071468789667345,0.356527051033782,0,0,0,0.126922585060908,0.13686344278655,-2.68127854129402,20.7727830410004
"Fixed mixed-signal hidden-positive design",35,"cov_net","Bayesian Linear Cov + Net",0.705039123630673,0.536713615023474,2,0.133333333333333,0.377777777777778,0.328707851203522,2.89146779593,0.0913380633488203,0.844940022837618,0.9425,0.333333333333333,0.7775,7,0.985,0.733333333333333,1.4625,11.4,NA,0.703283132668584,0.727418690680017,0.294203220899496,0.981899173552946,0.18,0.0845,0.0095,0.363512117826909,0.498715406084704,-3.0056705706566,21.1851420402527
"Fixed mixed-signal hidden-positive design",36,"cov_net","Bayesian Linear Cov + Net",0.613458528951487,0.455774647887324,0,0,0.222222222222222,0.358267645112855,2.71755866659181,0.100877987688439,0.871507837621996,0.9,0,1.0375,10,1,1,1,1,NA,0.310733561365546,0.26022409296155,0.0839172135391091,0.749316544854477,0.0015,5e-04,0,0.16246498172894,0.203277053363673,-2.67111523614902,21.2637240886688
"Fixed mixed-signal hidden-positive design",37,"cov_net","Bayesian Linear Cov + Net",0.674428794992175,0.56,0,0,0.311111111111111,0.340356202710648,2.72112653724768,0.0970742786533513,0.865645438004483,0.93,0.2,0.8625,8.2,0.9975,0.933333333333333,1.0725,3.6,NA,0.414444944877503,0.401605543283052,0.135477476641079,0.761510379309696,5e-04,0,0,0.26717829935537,0.325616231564881,-2.82186913029573,21.8374300003052
"Fixed mixed-signal hidden-positive design",38,"cov_net","Bayesian Linear Cov + Net",0.713928012519562,0.569014084507042,2,0.133333333333333,0.4,0.330795291847561,2.63172953075174,0.0947134804168945,0.845279870065978,0.9375,0.266666666666667,0.76,7.6,1,1,0.995,1,NA,0.575180339156677,0.572447638596819,0.167495148488788,0.968593996068889,0.0925,0.044,0.0025,0.284209407177184,0.384991452199757,-2.85055844427575,28.3981721401215
"Fixed mixed-signal hidden-positive design",39,"cov_net","Bayesian Linear Cov + Net",0.839937402190923,0.87906103286385,6,0.4,0.533333333333333,0.279631358153757,1.89705455565106,0.0795683994090904,0.633485726225655,0.945,0.533333333333333,0.645,5.2,0.9975,0.933333333333333,1.07,3.6,NA,0.868690676183673,0.902494024831044,0.56976715554159,0.987716874639154,0.5115,0.2455,0.0155,0.595862156413074,0.768946651615926,-2.89799610439886,20.5505681037903
"Fixed mixed-signal hidden-positive design",40,"cov_net","Bayesian Linear Cov + Net",0.677809076682316,0.595680751173709,2,0.133333333333333,0.311111111111111,0.345192790536329,2.59336724333098,0.0984262929328189,0.847848828820525,0.915,0.2,0.9425,8.2,1,1,0.9975,1,NA,0.281018623363975,0.25765997471328,0.0934707251982485,0.616666078817865,0,0,0,0.185495924844243,0.214377729293034,-2.73915568387085,20.9239778518677
"Fixed mixed-signal hidden-positive design",41,"cov_net","Bayesian Linear Cov + Net",0.649514866979656,0.408826291079812,1,0.0666666666666667,0.422222222222222,0.32867818606844,3.16431327750796,0.0868334402525284,0.865377994977114,0.94,0.266666666666667,0.79,7.6,0.975,0.466666666666667,1.8225,21.8,NA,0.817488432960559,0.842405932822242,0.524642638028073,0.981425290222883,0.312,0.1345,0.0035,0.562718841055955,0.698813754440238,-3.06935285241607,20.9518280029297
"Fixed mixed-signal hidden-positive design",42,"cov_net","Bayesian Linear Cov + Net",0.734585289514867,0.584413145539906,2,0.133333333333333,0.4,0.314188181404798,2.76927562021437,0.0870819088773819,0.796132198644898,0.9525,0.466666666666667,0.7125,5.8,0.985,0.666666666666667,1.405,14,NA,0.672190416863392,0.688072829890318,0.313868018780215,0.933101592679229,0.0605,0.013,0.001,0.448740330456125,0.556998581124976,-3.10494986572916,21.0069241523743
"Fixed mixed-signal hidden-positive design",43,"cov_net","Bayesian Linear Cov + Net",0.690641627543036,0.627981220657277,1,0.0666666666666667,0.222222222222222,0.342991558799148,2.58002881397044,0.0981047228962316,0.848059765586077,0.9225,0.2,0.8925,8.2,1,1,0.9875,1,NA,0.346868354087287,0.316737388474694,0.108089292733159,0.74055771261096,5e-04,0,0,0.202185478068815,0.247242118075537,-2.76220513173571,21.0721750259399
"Fixed mixed-signal hidden-positive design",44,"cov_net","Bayesian Linear Cov + Net",0.642003129890454,0.577464788732394,1,0.0666666666666667,0.355555555555556,0.355084766911366,2.63946025829498,0.100307424645654,0.860048540955229,0.9,0.0666666666666667,1.0325,9.4,1,1,1,1,NA,0.21498792620049,0.189408264017395,0.076490441558185,0.488325058870415,0,0,0,0.144496865812647,0.163031673462976,-2.67562074094814,21.0432529449463
"Fixed mixed-signal hidden-positive design",45,"cov_net","Bayesian Linear Cov + Net",0.690641627543036,0.665539906103286,0,0,0.244444444444444,0.346975099331255,2.56299728181807,0.0990192689530681,0.847831276019454,0.9175,0.2,0.92,8.2,1,1,1,1,NA,0.247721882550864,0.225790452789899,0.0877100473376177,0.529969099063098,0,0,0,0.173639386693021,0.194578316421238,-2.72567019064036,20.6028919219971
"Fixed mixed-signal hidden-positive design",46,"cov_net","Bayesian Linear Cov + Net",0.687010954616588,0.628544600938967,1,0.0666666666666667,0.2,0.342280310114647,2.59119271749714,0.097976962588493,0.849169797307873,0.9175,0.2,0.9525,8.2,1,1,0.9925,1,NA,0.303979683335374,0.280530030564589,0.0956680032441772,0.623638226166691,0,0,0,0.202306473916867,0.235796947264606,-2.77918543598173,20.9481549263
"Fixed mixed-signal hidden-positive design",47,"cov_net","Bayesian Linear Cov + Net",0.643943661971831,0.461220657276995,1,0.0666666666666667,0.311111111111111,0.343960214177031,2.94244380298584,0.0955965714283222,0.874466682940283,0.935,0.133333333333333,0.825,8.8,0.995,0.866666666666667,1.1425,6.19999999999999,NA,0.485122487585672,0.47426528344609,0.193096776013011,0.805370761078241,0.003,0.001,0,0.316064361058792,0.381875300533748,-2.89421439451203,21.0660331249237
"Fixed mixed-signal hidden-positive design",48,"cov_net","Bayesian Linear Cov + Net",0.714366197183099,0.64150234741784,1,0.0666666666666667,0.244444444444444,0.339302770223252,2.5929458608594,0.0973530347389582,0.848459599159921,0.925,0.2,0.89,8.2,1,1,0.99,1,NA,0.343273552261952,0.329824788414186,0.11218208591301,0.642740290684738,0,0,0,0.227942692245015,0.272482062332089,-2.79128622585376,20.8325951099396
"Fixed mixed-signal hidden-positive design",49,"cov_net","Bayesian Linear Cov + Net",0.671611893583725,0.616901408450704,2,0.133333333333333,0.311111111111111,0.34728996722773,2.59709020257129,0.0988741710692592,0.851783552637606,0.9175,0.266666666666667,0.905,7.6,1,1,1,1,NA,0.267862123406967,0.238094353603625,0.0846956358116999,0.610833001369685,0,0,0,0.17405805467914,0.200610135442369,-2.71919891010995,20.7805380821228
"Fixed mixed-signal hidden-positive design",50,"cov_net","Bayesian Linear Cov + Net",0.62660406885759,0.455211267605634,1,0.0666666666666667,0.288888888888889,0.344459620668354,2.81887161261456,0.0968691307586242,0.874749488179939,0.9225,0.0666666666666667,0.935,9.4,1,1,0.995,1,NA,0.443605645003845,0.413131260113547,0.10963199499825,0.896046666995461,0.024,0.0065,0,0.248692754851955,0.311010120860722,-2.82106051466566,20.6371941566467
"Fixed mixed-signal hidden-positive design",51,"cov_net","Bayesian Linear Cov + Net",0.623411580594679,0.4781220657277,2,0.133333333333333,0.266666666666667,0.351136468895512,2.69929636568394,0.0992560419437194,0.861545980244594,0.9175,0.133333333333333,0.9,8.8,1,1,1,1,NA,0.263748738690671,0.244759129044141,0.0836634200958707,0.552984386152121,0,0,0,0.175359662237449,0.201283394997226,-2.72472022010134,20.6997311115265
"Fixed mixed-signal hidden-positive design",52,"cov_net","Bayesian Linear Cov + Net",0.750672926447574,0.608450704225352,1,0.0666666666666667,0.355555555555556,0.316129870392613,2.74664732656525,0.08975291192632,0.847292913577906,0.935,0.266666666666667,0.8225,7.6,1,1,0.8375,1,NA,0.84084655544162,0.877027486762062,0.52325788264775,0.984133005408623,0.403,0.1705,0.006,0.514002873051991,0.67818238546787,-3.01771092088036,20.8371419906616
"Fixed mixed-signal hidden-positive design",53,"cov_net","Bayesian Linear Cov + Net",0.678810641627543,0.533521126760563,3,0.2,0.355555555555556,0.329396292490334,2.74426529613247,0.0918241373278826,0.826190037176747,0.9325,0.266666666666667,0.8725,7.6,0.9925,0.866666666666667,1.2025,6.19999999999999,NA,0.552691310330776,0.553373931898548,0.219729905904013,0.877445598608926,0.013,0.001,0,0.340844209217464,0.42680220763525,-2.93873314432372,20.3836081027985
"Fixed mixed-signal hidden-positive design",54,"cov_net","Bayesian Linear Cov + Net",0.635117370892019,0.488450704225352,1,0.0666666666666667,0.222222222222222,0.347644344688014,2.86124025583925,0.0967825263561556,0.878861990597239,0.91,0.0666666666666667,1,9.4,0.9975,0.933333333333333,1.05,3.6,NA,0.643500581341275,0.65921214761033,0.30842479143413,0.904264632522922,0.0275,0.0035,0,0.407124574086744,0.494178245832836,-2.82501448565224,20.8933329582214
"Fixed mixed-signal hidden-positive design",55,"cov_net","Bayesian Linear Cov + Net",0.686572769953052,0.569201877934272,3,0.2,0.355555555555556,0.334320866107425,2.64500476183136,0.0953050053333334,0.838485404526504,0.945,0.266666666666667,0.7325,7.6,1,1,0.9575,1,NA,0.403416822507433,0.39320852978428,0.144915823709462,0.721393498731945,0,0,0,0.277504712317566,0.328101987987374,-2.85653221491667,20.7581830024719
"Fixed mixed-signal hidden-positive design",56,"cov_net","Bayesian Linear Cov + Net",0.681564945226917,0.608075117370892,1,0.0666666666666667,0.266666666666667,0.347784310959865,2.5868175868774,0.0992292255029211,0.850081889654743,0.9125,0.2,0.98,8.2,1,1,1,1,NA,0.299505894981609,0.274169040253446,0.0909639434661764,0.63770974059222,0,0,0,0.190453486175774,0.226376531531361,-2.7208857194539,21.7031800746918
"Fixed mixed-signal hidden-positive design",57,"cov_net","Bayesian Linear Cov + Net",0.57471048513302,0.445258215962441,1,0.0666666666666667,0.177777777777778,0.346910301755721,2.81617583903861,0.0951073742599953,0.860641602276869,0.9075,0.133333333333333,1.0325,8.8,1,1,0.9425,1,NA,0.771471469151933,0.811856964438871,0.358119198236108,0.976909216437088,0.255,0.097,0.0025,0.354283844298202,0.502059029132637,-2.79895739202068,20.7333669662476
"Fixed mixed-signal hidden-positive design",58,"cov_net","Bayesian Linear Cov + Net",0.770203442879499,0.818779342723005,2,0.133333333333333,0.355555555555556,0.324219307163721,2.28239406002615,0.0948874575370554,0.798115079965947,0.9425,0.533333333333333,0.7725,5.2,1,1,0.9725,1,NA,0.340912648832956,0.331878190676345,0.132033925298886,0.615403379654252,0,0,0,0.241950917143527,0.28042065777858,-2.83557742785128,20.6074268817902
"Fixed mixed-signal hidden-positive design",59,"cov_net","Bayesian Linear Cov + Net",0.644882629107981,0.512300469483568,1,0.0666666666666667,0.333333333333333,0.341329082838957,2.79209766693688,0.0957582012320404,0.862863857743264,0.9375,0.266666666666667,0.7975,7.6,0.9975,0.933333333333333,1.0725,3.6,NA,0.44016869264009,0.414803074230554,0.14640142821196,0.862979307553323,0.0145,0.0025,0,0.26063817566731,0.321206987288243,-2.83848716602228,20.4996778964996
"Fixed mixed-signal hidden-positive design",60,"cov_net","Bayesian Linear Cov + Net",0.673928012519562,0.569953051643193,2,0.133333333333333,0.311111111111111,0.335322321126301,2.61225581508173,0.094633670553485,0.823955458746177,0.925,0.266666666666667,0.87,7.6,0.9975,0.933333333333333,1.0775,3.6,NA,0.522135425320116,0.515412644961453,0.196652845445655,0.846966723636203,0.009,0,0,0.319882456531078,0.405069026768623,-2.82132973420935,20.8423130512238
"Fixed mixed-signal hidden-positive design",61,"cov_net","Bayesian Linear Cov + Net",0.739217527386541,0.728262910798122,2,0.133333333333333,0.266666666666667,0.328037204349486,2.39381313240774,0.0953498447603775,0.807010333039769,0.925,0.266666666666667,0.92,7.6,1,1,0.93,1,NA,0.416956807526082,0.405920359982718,0.159103642009643,0.73196291268556,5e-04,0,0,0.270333404812074,0.331105848132528,-2.8834049742978,20.7241649627686
"Fixed mixed-signal hidden-positive design",62,"cov_net","Bayesian Linear Cov + Net",0.670046948356808,0.570704225352113,1,0.0666666666666667,0.222222222222222,0.345394584672971,2.69193224024212,0.098356075978683,0.859837580429524,0.9175,0.133333333333333,0.9825,8.8,1,1,0.9525,1,NA,0.329266894513672,0.310218570981776,0.11422600302171,0.659964116181605,0,0,0,0.217551204720455,0.254475091802082,-2.81901822324823,20.7174489498138
"Fixed mixed-signal hidden-positive design",63,"cov_net","Bayesian Linear Cov + Net",0.775837245696401,0.712863849765258,5,0.333333333333333,0.444444444444444,0.30760259725008,2.3783119163353,0.0891936548613597,0.764735416737241,0.9525,0.4,0.6925,6.4,0.9975,0.933333333333333,0.9,3.6,NA,0.61243021223125,0.606559563539681,0.273019400990876,0.958635008727225,0.083,0.032,0.003,0.362596696279123,0.452194446017851,-3.03828555575502,20.7344648838043
"Fixed mixed-signal hidden-positive design",64,"cov_net","Bayesian Linear Cov + Net",0.76093896713615,0.643568075117371,1,0.0666666666666667,0.4,0.307722482082306,2.63781207504724,0.0880493389368671,0.817189897844872,0.945,0.4,0.7475,6.4,0.9925,0.866666666666667,1.0975,6.19999999999999,NA,0.657410341149904,0.666591774387346,0.360173593504459,0.902708198415326,0.027,0.004,0,0.455275933661361,0.543826151875668,-3.12678847984955,21.7118420600891
"Fixed mixed-signal hidden-positive design",65,"cov_net","Bayesian Linear Cov + Net",0.679687010954617,0.650140845070423,2,0.133333333333333,0.311111111111111,0.344089524896588,2.56717537439472,0.0982385983366214,0.846880827004112,0.92,0.266666666666667,0.91,7.6,1,1,1,1,NA,0.310638984792389,0.286455188566479,0.101521899465378,0.656845503853904,0,0,0,0.196463197796702,0.235517204169914,-2.75507355391132,21.2960479259491
"Fixed mixed-signal hidden-positive design",66,"cov_net","Bayesian Linear Cov + Net",0.723881064162754,0.713990610328639,5,0.333333333333333,0.377777777777778,0.340089444009466,2.45603448299852,0.0976697124432028,0.822747974928355,0.9325,0.4,0.79,6.4,1,1,0.9975,1,NA,0.273305296851845,0.249812012595882,0.0858330904485964,0.605776724739719,0,0,0,0.181714040594593,0.210387916340049,-2.74656860686522,20.6425669193268
"Fixed mixed-signal hidden-positive design",67,"cov_net","Bayesian Linear Cov + Net",0.637057902973396,0.502159624413146,2,0.133333333333333,0.266666666666667,0.351369921779219,2.68579425890576,0.099383567349115,0.863145652722905,0.915,0.133333333333333,0.935,8.8,1,1,1,1,NA,0.273840494791431,0.248883411342524,0.0807644638977989,0.617300308490551,0,0,0,0.169839645255467,0.203086334875279,-2.71717273523528,21.0222280025482
"Fixed mixed-signal hidden-positive design",68,"cov_net","Bayesian Linear Cov + Net",0.65358372456964,0.586291079812207,1,0.0666666666666667,0.288888888888889,0.349693244218955,2.62192709231865,0.0992715667291446,0.853689457856971,0.9175,0.266666666666667,0.915,7.6,1,1,1,1,NA,0.240417697590407,0.219291565384808,0.0805228638737298,0.522150960776937,0,0,0,0.165975185355579,0.188147540204727,-2.71969480043738,20.78089594841
"Fixed mixed-signal hidden-positive design",69,"cov_net","Bayesian Linear Cov + Net",0.593865414710485,0.582347417840376,2,0.133333333333333,0.244444444444444,0.361331286413074,2.64005891022533,0.101325235278815,0.861826257659498,0.8875,0,1.125,10,1,1,1,1,NA,0.174916435398741,0.15305442844195,0.072159489053947,0.398631162272842,0,0,0,0.119946724820286,0.133187310325843,-2.64476983686497,21.2862718105316
"Fixed mixed-signal hidden-positive design",70,"cov_net","Bayesian Linear Cov + Net",0.751048513302034,0.732957746478873,0,0,0.288888888888889,0.329351905688079,2.53790205506218,0.0952689445544351,0.841512674465783,0.935,0.266666666666667,0.8,7.6,1,1,0.965,1,NA,0.638325398589401,0.661953343990294,0.228518289799073,0.951927510618261,0.088,0.0285,5e-04,0.313761855081253,0.429217478812933,-2.8660493331042,21.2367551326752
"Fixed mixed-signal hidden-positive design",71,"cov_net","Bayesian Linear Cov + Net",0.649514866979656,0.597370892018779,0,0,0.222222222222222,0.350406733953735,2.64219242868887,0.0994019872878328,0.860478756558604,0.9025,0.0666666666666667,1.05,9.4,1,1,0.9975,1,NA,0.347233968715887,0.319377727708749,0.102739570701863,0.748062927556395,0.0015,0,0,0.1963481512653,0.242251069890213,-2.72502635705037,21.4588630199432
"Fixed mixed-signal hidden-positive design",72,"cov_net","Bayesian Linear Cov + Net",0.655399061032864,0.662535211267606,1,0.0666666666666667,0.266666666666667,0.350017585686268,2.58727742467843,0.0994372679424855,0.853549739393696,0.91,0.0666666666666667,0.96,9.4,1,1,1,1,NA,0.246396357911811,0.223358191393653,0.082498871461574,0.54460229250457,0,0,0,0.162333102281084,0.187397922948836,-2.69664100789026,21.1466188430786
"Fixed mixed-signal hidden-positive design",73,"cov_net","Bayesian Linear Cov + Net",0.681564945226917,0.584600938967136,1,0.0666666666666667,0.222222222222222,0.346700098436596,2.64674054091107,0.0990413625301996,0.858493305173632,0.915,0.0666666666666667,0.955,9.4,1,1,0.9875,1,NA,0.33295745729775,0.31382924766524,0.109847542875365,0.665212695232761,0,0,0,0.211455471533903,0.254426849701476,-2.76569055120812,20.9534440040588
"Fixed mixed-signal hidden-positive design",74,"cov_net","Bayesian Linear Cov + Net",0.77377151799687,0.674366197183099,2,0.133333333333333,0.4,0.307335518797584,2.50869845427549,0.0886719516060666,0.802294141962441,0.9475,0.4,0.6975,6.4,0.9975,0.933333333333333,0.9825,3.6,NA,0.750227346195981,0.78125933710993,0.377139122767408,0.975030674037181,0.212,0.0845,0.003,0.446517269141392,0.581720944564778,-3.074916613647,23.8866338729858
"Fixed mixed-signal hidden-positive design",75,"cov_net","Bayesian Linear Cov + Net",0.603129890453834,0.495962441314554,1,0.0666666666666667,0.177777777777778,0.356620451157024,2.6686317459508,0.100495920167525,0.863759100643891,0.895,0,1.085,10,1,1,1,1,NA,0.217550982785757,0.187622086748429,0.077115266147608,0.531115965572757,0,0,0,0.142806806881159,0.160414632486574,-2.66980730820277,20.8515419960022
"Fixed mixed-signal hidden-positive design",76,"cov_net","Bayesian Linear Cov + Net",0.676619718309859,0.556619718309859,1,0.0666666666666667,0.333333333333333,0.342716675042816,2.65236055154622,0.0979303366918371,0.853233539796457,0.9325,0.2,0.825,8.2,1,1,0.99,1,NA,0.310503876171444,0.292610777466546,0.0973589365092234,0.627766065104595,0,0,0,0.210922275698395,0.24388758957947,-2.7836423907715,20.6377818584442
"Fixed mixed-signal hidden-positive design",77,"cov_net","Bayesian Linear Cov + Net",0.697089201877934,0.731455399061033,4,0.266666666666667,0.288888888888889,0.340890622106559,2.42479884764205,0.0976043319168798,0.821452229161522,0.915,0.333333333333333,0.9575,7,1,1,0.9775,1,NA,0.351725185109505,0.330969448097958,0.101551773491236,0.710268350415975,0,0,0,0.214159351379103,0.258141311440427,-2.75171246663875,21.7012250423431
"Fixed mixed-signal hidden-positive design",78,"cov_net","Bayesian Linear Cov + Net",0.743599374021909,0.570516431924883,2,0.133333333333333,0.466666666666667,0.306825877795954,2.93375884595546,0.0844690569372221,0.836802572426969,0.95,0.333333333333333,0.6975,7,0.985,0.733333333333333,1.3125,11.4,NA,0.903682824899313,0.938290264985487,0.620178395208998,0.994575092451947,0.669,0.43,0.0715,0.532957912035864,0.69626671917369,-3.21866116069456,20.9821879863739
"Fixed mixed-signal hidden-positive design",79,"cov_net","Bayesian Linear Cov + Net",0.702347417840376,0.655962441314554,0,0,0.222222222222222,0.3407516891486,2.68176740544409,0.0966106016296566,0.865030527586355,0.915,0.0666666666666667,0.955,9.4,1,1,0.9625,1,NA,0.633322783874528,0.658966793217899,0.239005318857248,0.923600875034148,0.045,0.008,0,0.353762921202482,0.49740210426448,-2.79500901238449,20.796000957489
"Fixed mixed-signal hidden-positive design",80,"cov_net","Bayesian Linear Cov + Net",0.578466353677621,0.507042253521127,2,0.133333333333333,0.266666666666667,0.355113647915472,2.65390631817504,0.10008190391938,0.859753605883048,0.905,0.133333333333333,0.995,8.8,1,1,1,1,NA,0.239428440268683,0.21073281884733,0.0876062439932276,0.549063631222954,0,0,0,0.155223667904835,0.177582453340852,-2.68208474997668,21.4915180206299
"Fixed mixed-signal hidden-positive design",81,"cov_net","Bayesian Linear Cov + Net",0.576525821596244,0.550798122065728,1,0.0666666666666667,0.133333333333333,0.361769713088451,2.65322424595074,0.101398296471656,0.863866294138539,0.8875,0,1.125,10,1,1,1,1,NA,0.157962478903797,0.139379147093726,0.0696038572976787,0.348773935182374,0,0,0,0.114383217336537,0.124280763278178,-2.64393876076774,21.0624921321869
"Fixed mixed-signal hidden-positive design",82,"cov_net","Bayesian Linear Cov + Net",0.675242566510172,0.604694835680751,1,0.0666666666666667,0.311111111111111,0.346684919602025,2.63621765288696,0.0987900312197716,0.85765168575159,0.915,0.0666666666666667,0.9475,9.4,1,1,1,1,NA,0.308931386264646,0.278635765632281,0.0898769047487159,0.711412016901307,0.001,0,0,0.193499957738815,0.227319426405722,-2.74666005733348,20.674861907959
"Fixed mixed-signal hidden-positive design",83,"cov_net","Bayesian Linear Cov + Net",0.711361502347418,0.564882629107981,3,0.2,0.377777777777778,0.325052626815333,2.76063954609909,0.0916772799309834,0.832848306906957,0.9375,0.266666666666667,0.8225,7.6,0.9875,0.8,1.37,8.79999999999999,NA,0.572744066051376,0.57256890382461,0.26623966135125,0.864016835055687,0.0115,0.0025,0,0.384301782029578,0.464043537876989,-2.99909287199181,21.5549149513245
"Fixed mixed-signal hidden-positive design",84,"cov_net","Bayesian Linear Cov + Net",0.698967136150235,0.67962441314554,2,0.133333333333333,0.333333333333333,0.338529582511193,2.50375012924958,0.0968721938423454,0.833136539937979,0.9225,0.2,0.9125,8.2,1,1,0.985,1,NA,0.37184781724477,0.356684055773882,0.121007642324687,0.706098605641173,0,0,0,0.232274508167733,0.286423360726464,-2.76512164760704,20.9081990718842
"Fixed mixed-signal hidden-positive design",85,"cov_net","Bayesian Linear Cov + Net",0.669671361502347,0.63849765258216,1,0.0666666666666667,0.288888888888889,0.353013358383724,2.59767893044402,0.100087713212508,0.854677062690844,0.8925,0,1.105,10,1,1,1,1,NA,0.215570504616535,0.190183184235356,0.0785451576849982,0.504996262387214,0,0,0,0.143766717545215,0.161311958172665,-2.68410309622794,21.009546995163
"Fixed mixed-signal hidden-positive design",86,"cov_net","Bayesian Linear Cov + Net",0.718435054773083,0.653896713615023,0,0,0.355555555555556,0.332473884045532,2.55533683773389,0.0957619545800377,0.838216823746259,0.935,0.333333333333333,0.825,7,1,1,0.9725,1,NA,0.400512493123636,0.385806705190649,0.143654757175912,0.717534777787234,5e-04,0,0,0.25472520187568,0.308563722446392,-2.83470174524501,20.654717206955
"Fixed mixed-signal hidden-positive design",87,"cov_net","Bayesian Linear Cov + Net",0.644256651017214,0.482629107981221,1,0.0666666666666667,0.244444444444444,0.344433264000417,2.79614069662959,0.0965208174248272,0.864322541779837,0.915,0.0666666666666667,0.9875,9.4,0.995,0.933333333333333,1.185,3.6,NA,0.40331121401075,0.384703938890179,0.126083916435388,0.769542569716155,0.0035,5e-04,0,0.257370097985482,0.308925622598468,-2.79553406947617,20.6757910251617
"Fixed mixed-signal hidden-positive design",88,"cov_net","Bayesian Linear Cov + Net",0.849765258215962,0.723943661971831,5,0.333333333333333,0.6,0.256320263230757,2.63313112864574,0.0707573441538839,0.732853510958098,0.965,0.466666666666667,0.54,5.8,0.99,0.8,0.97,8.79999999999999,NA,0.913833032834307,0.936515877632038,0.709911974084906,0.993010236733614,0.6815,0.402,0.054,0.737880582016041,0.83246881404547,-3.65307673036614,21.8691620826721
"Fixed mixed-signal hidden-positive design",89,"cov_net","Bayesian Linear Cov + Net",0.721439749608764,0.711549295774648,5,0.333333333333333,0.355555555555556,0.337817681307548,2.41393994444694,0.0974498133846572,0.817261166370854,0.93,0.4,0.815,6.4,1,1,0.985,1,NA,0.318465306906786,0.303835060656264,0.110047129711805,0.637982814212773,0,0,0,0.207934430226517,0.248918246029619,-2.75851822106838,21.1157639026642
"Fixed mixed-signal hidden-positive design",90,"cov_net","Bayesian Linear Cov + Net",0.663098591549296,0.631173708920188,1,0.0666666666666667,0.266666666666667,0.348675240016154,2.60066896793376,0.0991489606806142,0.852714906822672,0.9225,0.133333333333333,0.8625,8.8,1,1,1,1,NA,0.302445658490006,0.27236852008449,0.0816436863260957,0.679008484101416,0,0,0,0.184137912251021,0.220766408610311,-2.71339974919871,20.8645648956299
"Fixed mixed-signal hidden-positive design",91,"cov_net","Bayesian Linear Cov + Net",0.615023474178404,0.467793427230047,0,0,0.288888888888889,0.35158557128005,2.81564207758763,0.0988303509865419,0.876233128322763,0.9225,0.0666666666666667,0.8975,9.4,0.9975,0.933333333333333,1.0975,3.6,NA,0.318369623250253,0.295991099542745,0.091621832886091,0.647506342599281,0,0,0,0.210035618655395,0.244182658642588,-2.75533408735744,20.7428870201111
"Fixed mixed-signal hidden-positive design",92,"cov_net","Bayesian Linear Cov + Net",0.732769953051643,0.649953051643193,2,0.133333333333333,0.288888888888889,0.332260543643176,2.58958212388274,0.0953101046858274,0.82582086185776,0.9425,0.533333333333333,0.76,5.2,0.995,0.933333333333333,1.1325,3.6,NA,0.413614887765226,0.395727693146755,0.156762320514077,0.762248548259314,0.001,0,0,0.267005322210813,0.317635938859334,-2.88685529536083,20.579549074173
"Fixed mixed-signal hidden-positive design",93,"cov_net","Bayesian Linear Cov + Net",0.665539906103286,0.624600938967136,2,0.133333333333333,0.333333333333333,0.339698235046334,2.58022024543389,0.0965087881506545,0.845146846933682,0.9325,0.266666666666667,0.8125,7.6,1,1,1,1,NA,0.375793408815455,0.355787953203277,0.102516495189091,0.765471347086132,5e-04,0,0,0.224563929352954,0.276805069185044,-2.75529190094433,20.7723078727722
"Fixed mixed-signal hidden-positive design",94,"cov_net","Bayesian Linear Cov + Net",0.631048513302034,0.464976525821596,2,0.133333333333333,0.333333333333333,0.347027174286864,2.74972524283597,0.0977542510442975,0.86555474394383,0.925,0.133333333333333,0.8775,8.8,1,1,1,1,NA,0.331248168484565,0.313876268074994,0.0980992719375493,0.682081808263106,0,0,0,0.213732814010939,0.254855367834267,-2.7635484080575,20.4968030452728
"Fixed mixed-signal hidden-positive design",95,"cov_net","Bayesian Linear Cov + Net",0.706478873239437,0.618403755868545,1,0.0666666666666667,0.288888888888889,0.341043500134859,2.60725085208782,0.0978924707365317,0.849536441526378,0.9275,0.2,0.8725,8.2,1,1,0.9925,1,NA,0.317276167649706,0.298831796024389,0.106435832810003,0.646553654302512,5e-04,0,0,0.214421602558043,0.249797169596469,-2.78394048243682,20.8240010738373
"Fixed mixed-signal hidden-positive design",96,"cov_net","Bayesian Linear Cov + Net",0.741471048513302,0.754553990610329,4,0.266666666666667,0.288888888888889,0.330027301528996,2.3061539830989,0.0946278056726838,0.780885881214218,0.9175,0.333333333333333,0.915,7,1,1,0.9975,1,NA,0.429855633558207,0.417037665111534,0.124855415296524,0.80431553618286,0.004,0,0,0.260210478009572,0.325837680093476,-2.77469904338211,22.8553860187531
"Fixed mixed-signal hidden-positive design",97,"cov_net","Bayesian Linear Cov + Net",0.74547730829421,0.648450704225352,3,0.2,0.288888888888889,0.332186005508037,2.50640869617232,0.0955863286553866,0.809312845090819,0.925,0.4,0.88,6.4,1,1,0.97,1,NA,0.514228098220847,0.511894099931903,0.200019820384221,0.840615521298971,0.0045,5e-04,0,0.342554011623882,0.413323411149557,-2.8216225015603,21.8801259994507
"Fixed mixed-signal hidden-positive design",98,"cov_net","Bayesian Linear Cov + Net",0.72018779342723,0.612394366197183,2,0.133333333333333,0.333333333333333,0.326473163030632,2.61740001457107,0.093584125860135,0.820136939743259,0.9425,0.333333333333333,0.7775,7,0.995,0.866666666666667,1.0675,6.19999999999999,NA,0.484867735707807,0.478175321464087,0.211791398177717,0.771944717186747,0,0,0,0.319127912706616,0.386814431008377,-2.95817657088727,20.4885590076447
"Fixed mixed-signal hidden-positive design",99,"cov_net","Bayesian Linear Cov + Net",0.726697965571205,0.741784037558685,5,0.333333333333333,0.377777777777778,0.323376564782515,2.349919383007,0.0933841770270725,0.798149809684636,0.935,0.4,0.815,6.4,1,1,0.935,1,NA,0.425058707046166,0.419636905908929,0.131337368946622,0.754089812126748,0.0035,5e-04,0,0.283876498168097,0.341265208221099,-2.85584354513988,20.7814168930054
"Fixed mixed-signal hidden-positive design",100,"cov_net","Bayesian Linear Cov + Net",0.74453834115806,0.713051643192488,1,0.0666666666666667,0.244444444444444,0.334334338720584,2.51331264605957,0.0951584087089579,0.822687406885458,0.91,0.133333333333333,1.0075,8.8,1,1,0.9975,1,NA,0.522144007773004,0.526620870833969,0.165126256821842,0.880250523897935,0.015,0.003,5e-04,0.310728415244749,0.404720308567555,-2.79278518351542,22.3945589065552
"Fixed mixed-signal hidden-positive design",1,"cov_net_pu","Bayesian Linear Cov + Net + PU",0.715054773082942,0.697840375586854,1,0.0666666666666667,0.288888888888889,0.332182003528157,2.31120538241979,0.0960965504147839,0.803970803952959,0.9475,0.533333333333333,0.7875,5.2,1,1,1,1,0.19363687114319,0.472369655444271,0.447443423890125,0.1366169168554,0.932321441941724,0.034,0.019,0.004,0.282959242223401,0.349388963932797,-2.54747267678521,25.4252729415894
"Fixed mixed-signal hidden-positive design",2,"cov_net_pu","Bayesian Linear Cov + Net + PU",0.6679186228482,0.508732394366197,0,0,0.155555555555556,0.342803171691593,2.50562318726603,0.0984605964849674,0.838488600637968,0.93,0.266666666666667,0.9275,7.6,1,1,1,1,0.193830382224916,0.452108357579054,0.432894783120257,0.139123728561157,0.880105002943265,0.0185,0.005,0.0015,0.282536024159282,0.340826402082354,-2.54670139672501,26.2027149200439
"Fixed mixed-signal hidden-positive design",3,"cov_net_pu","Bayesian Linear Cov + Net + PU",0.589921752738654,0.472488262910798,0,0,0.177777777777778,0.352855674426438,2.4933860922911,0.10008339696543,0.841220748274488,0.9025,0,1.09,10,1,1,1,1,0.18138437610191,0.218294016876934,0.192251846835848,0.0831109085927315,0.508538177053985,0,0,0,0.149418485943934,0.167329053462533,-2.45956519736585,24.9354529380798
"Fixed mixed-signal hidden-positive design",4,"cov_net_pu","Bayesian Linear Cov + Net + PU",0.634992175273865,0.565633802816901,1,0.0666666666666667,0.288888888888889,0.3487476068875,2.44488930276903,0.0992717031776298,0.832935903920685,0.9125,0.0666666666666667,1.015,9.4,1,1,1,1,0.179496382679705,0.245589206859677,0.212945279086045,0.0884280345802685,0.600172155224269,0,0,0,0.166039707637809,0.185784893489866,-2.46167556425791,24.9522881507874
"Fixed mixed-signal hidden-positive design",5,"cov_net_pu","Bayesian Linear Cov + Net + PU",0.688763693270735,0.682441314553991,2,0.133333333333333,0.222222222222222,0.339040139345343,2.33389895787491,0.0978433814913786,0.810504475052902,0.935,0.466666666666667,0.915,5.8,1,1,0.99,1,0.19263173240095,0.413955525245209,0.385815737459757,0.129167158112018,0.855795229623609,0.011,0.0035,0,0.244423721297618,0.300964392044895,-2.52255795721756,25.3595659732819
"Fixed mixed-signal hidden-positive design",6,"cov_net_pu","Bayesian Linear Cov + Net + PU",0.706478873239437,0.708544600938967,2,0.133333333333333,0.333333333333333,0.328494212560832,2.24555125816087,0.0945526734259138,0.77872097488244,0.945,0.466666666666667,0.8,5.8,1,1,1,1,0.18627764371631,0.389203876965385,0.365432988263158,0.115815771243403,0.786803650502316,0.0035,0.0015,0,0.256641649851445,0.300156351806516,-2.56309233609885,24.883533000946
"Fixed mixed-signal hidden-positive design",7,"cov_net_pu","Bayesian Linear Cov + Net + PU",0.684507042253521,0.628356807511737,3,0.2,0.266666666666667,0.334874933558889,2.35687220891759,0.0962348639773145,0.805037218630379,0.945,0.466666666666667,0.8325,5.8,1,1,1,1,0.181848970697329,0.382639362431214,0.356467412359262,0.114305828569678,0.777766279156127,0.003,0.001,0,0.243509160860251,0.291647307389027,-2.55180874949795,24.7948188781738
"Fixed mixed-signal hidden-positive design",8,"cov_net_pu","Bayesian Linear Cov + Net + PU",0.738779342723005,0.573521126760563,1,0.0666666666666667,0.4,0.309025615422994,2.7518594970814,0.0857343116081213,0.806042501501353,0.955,0.466666666666667,0.705,5.8,0.985,0.666666666666667,1.415,14,0.17722050730977,0.855326017527264,0.892866518528115,0.51513666507569,0.99259962257951,0.4785,0.2575,0.0405,0.525166966318589,0.678107614516071,-2.95250563998464,24.8142671585083
"Fixed mixed-signal hidden-positive design",9,"cov_net_pu","Bayesian Linear Cov + Net + PU",0.716744913928013,0.569765258215962,3,0.2,0.377777777777778,0.315278760545462,2.49542089473174,0.0889211963004859,0.774906224356428,0.955,0.4,0.7475,6.4,0.9975,0.933333333333333,1.0275,3.6,0.198511657829546,0.721041694276481,0.744060379512933,0.341390863401529,0.968496019185993,0.141,0.0475,0.0035,0.506350976981966,0.599630605885844,-2.79267335246186,25.3943140506744
"Fixed mixed-signal hidden-positive design",10,"cov_net_pu","Bayesian Linear Cov + Net + PU",0.637558685446009,0.47924882629108,0,0,0.244444444444444,0.340128415296336,2.61515120573508,0.0967919061450075,0.849601538470294,0.9325,0.133333333333333,0.9475,8.8,1,1,0.99,1,0.18006204582393,0.410333768585495,0.388822357453584,0.135549035987661,0.784971666665815,0.0035,0,0,0.273575303636932,0.321335036054365,-2.59718532548693,24.962965965271
"Fixed mixed-signal hidden-positive design",11,"cov_net_pu","Bayesian Linear Cov + Net + PU",0.705414710485133,0.606948356807512,2,0.133333333333333,0.288888888888889,0.327849178347202,2.38960599585595,0.0950390190633985,0.804769233928607,0.95,0.4,0.8275,6.4,1,1,0.9725,1,0.198849701962474,0.498899075850258,0.481783858062727,0.1594483041473,0.917582169707577,0.0355,0.0125,0.0015,0.317493457631259,0.37994408025653,-2.62255471802095,25.1206119060516
"Fixed mixed-signal hidden-positive design",12,"cov_net_pu","Bayesian Linear Cov + Net + PU",0.655712050078247,0.488262910798122,2,0.133333333333333,0.288888888888889,0.335704618293171,2.55545207994984,0.0955878080346197,0.825446237148936,0.9375,0.2,0.91,8.2,1,1,0.9825,1,0.185728021576397,0.435120446770929,0.420316454529417,0.142476528010165,0.801571580588988,0.005,5e-04,0,0.289699176263688,0.343544983155853,-2.61903047334301,24.8351600170135
"Fixed mixed-signal hidden-positive design",13,"cov_net_pu","Bayesian Linear Cov + Net + PU",0.630046948356808,0.476244131455399,1,0.0666666666666667,0.2,0.348476348529662,2.51366438595289,0.0993367487713669,0.841586692914126,0.9225,0.133333333333333,1.0025,8.8,1,1,1,1,0.182125863354612,0.30535441539707,0.273003120012108,0.0973297891107812,0.707538325023105,0.0015,0,0,0.197506579637843,0.230470169490724,-2.49151860162137,24.839457988739
"Fixed mixed-signal hidden-positive design",14,"cov_net_pu","Bayesian Linear Cov + Net + PU",0.593677621283255,0.526384976525822,1,0.0666666666666667,0.2,0.352810886217286,2.47000686844666,0.10004950763356,0.837004252865409,0.905,0,1.0425,10,1,1,1,1,0.179379180133301,0.222177982987899,0.19723229978029,0.0849299111875952,0.507755300919492,0,0,0,0.154273032226624,0.171116704694404,-2.45099158070671,25.2455530166626
"Fixed mixed-signal hidden-positive design",15,"cov_net_pu","Bayesian Linear Cov + Net + PU",0.61377151799687,0.371267605633803,1,0.0666666666666667,0.288888888888889,0.343484334883739,2.77111857468965,0.0968940131610395,0.864114402480061,0.935,0.2,0.915,8.2,1,1,0.9975,1,0.192123936347401,0.457665634605326,0.442625507075762,0.159133347665265,0.841363645169523,0.01,0.002,0,0.305343364111423,0.359109480076118,-2.61453022082496,26.6123149394989
"Fixed mixed-signal hidden-positive design",16,"cov_net_pu","Bayesian Linear Cov + Net + PU",0.77433489827856,0.717746478873239,4,0.266666666666667,0.444444444444444,0.292391143029885,2.10559344068096,0.0838459160637549,0.70704354974067,0.965,0.666666666666667,0.6425,4,0.9975,1,0.9975,1,0.196750655915624,0.818889427734983,0.866228429929041,0.409157409549024,0.99650033766258,0.4145,0.2375,0.058,0.516109663996094,0.684870628787931,-2.80469857328837,25.66770195961
"Fixed mixed-signal hidden-positive design",17,"cov_net_pu","Bayesian Linear Cov + Net + PU",0.77302034428795,0.735399061032864,5,0.333333333333333,0.444444444444444,0.300985494602904,2.03116511683232,0.0874076191565875,0.702741443405469,0.9575,0.533333333333333,0.7275,5.2,1,1,0.9475,1,0.194721022256542,0.649306880820274,0.656582110324801,0.264436444194514,0.961496693247586,0.0995,0.0305,0.003,0.409867378707093,0.511939434474146,-2.70438278255818,25.3073298931122
"Fixed mixed-signal hidden-positive design",18,"cov_net_pu","Bayesian Linear Cov + Net + PU",0.595555555555556,0.515680751173709,1,0.0666666666666667,0.311111111111111,0.348825771517293,2.47311525188086,0.0991405481716375,0.835976043223889,0.9275,0.333333333333333,0.8925,7,1,1,1,1,0.176864481155403,0.259130807750656,0.230370187625824,0.0958023205572806,0.579564759890456,5e-04,0,0,0.176322757703657,0.198032794673319,-2.48723940303802,25.2779159545898
"Fixed mixed-signal hidden-positive design",19,"cov_net_pu","Bayesian Linear Cov + Net + PU",0.709420970266041,0.617089201877934,1,0.0666666666666667,0.333333333333333,0.321876325921996,2.33946799430983,0.0927597298371974,0.784763559399162,0.95,0.4,0.805,6.4,1,1,0.965,1,0.203843087920575,0.585818146914387,0.589123479484015,0.229629675824377,0.931437258326367,0.0445,0.019,5e-04,0.374023710383151,0.46441843251372,-2.66498404247435,25.9342398643494
"Fixed mixed-signal hidden-positive design",20,"cov_net_pu","Bayesian Linear Cov + Net + PU",0.728763693270736,0.626291079812207,2,0.133333333333333,0.333333333333333,0.312116882867955,2.34812180916783,0.0892009851643755,0.771738669095964,0.9525,0.4,0.7725,6.4,1,1,0.97,1,0.204012766225288,0.713587776977633,0.735744030240227,0.323078250802996,0.971329633363793,0.162,0.0575,0.005,0.459943045904728,0.575840500104949,-2.71882679485936,25.6750609874725
"Fixed mixed-signal hidden-positive design",21,"cov_net_pu","Bayesian Linear Cov + Net + PU",0.70641627543036,0.667230046948357,0,0,0.222222222222222,0.33761986586736,2.36843423611381,0.0972817671230604,0.816946386963521,0.945,0.4,0.805,6.4,1,1,1,1,0.185484206235034,0.342683836279563,0.314295574422833,0.107399613692055,0.725959806781765,0.002,5e-04,0,0.219980809392498,0.2572830858347,-2.51054014375006,24.7883250713348
"Fixed mixed-signal hidden-positive design",22,"cov_net_pu","Bayesian Linear Cov + Net + PU",0.595305164319249,0.487511737089202,2,0.133333333333333,0.355555555555556,0.342724246107044,2.46833031608762,0.0973306117158787,0.82940438211254,0.9325,0.266666666666667,0.8825,7.6,1,1,1,1,0.175275831237619,0.331605888153226,0.295493065898693,0.105675449504241,0.717403251888401,0.0015,5e-04,0,0.211397334163403,0.24528591164804,-2.51158889760726,25.2402579784393
"Fixed mixed-signal hidden-positive design",23,"cov_net_pu","Bayesian Linear Cov + Net + PU",0.689890453834116,0.564882629107981,3,0.2,0.288888888888889,0.333412809091002,2.43757208188967,0.0965045830313696,0.807843340259047,0.9475,0.4,0.8475,6.4,0.9975,0.933333333333333,1.0725,3.6,0.20053180763728,0.51364077052511,0.500265326292103,0.164467384989209,0.916822944557613,0.033,0.0095,0.001,0.313386999997056,0.38558035245111,-2.61922842020757,24.9776320457458
"Fixed mixed-signal hidden-positive design",24,"cov_net_pu","Bayesian Linear Cov + Net + PU",0.668794992175274,0.543286384976526,2,0.133333333333333,0.355555555555556,0.328838465192764,2.49450037961693,0.0933629781986246,0.818053673109028,0.9425,0.333333333333333,0.845,7,1,1,0.985,1,0.184647375858919,0.622655457482397,0.63590399786747,0.202455324981304,0.971461876746433,0.124,0.0555,0.0055,0.338232688680499,0.440804462668247,-2.65772268135658,25.1201951503754
"Fixed mixed-signal hidden-positive design",25,"cov_net_pu","Bayesian Linear Cov + Net + PU",0.689827856025039,0.552676056338028,1,0.0666666666666667,0.288888888888889,0.33695817993669,2.44342776308041,0.0970820282284214,0.82325729847124,0.9425,0.2,0.8075,8.2,1,1,0.9875,1,0.199090677147299,0.533212840608412,0.515973162386683,0.153501780446666,0.958635236419933,0.066,0.0325,0.005,0.295193262053565,0.382383122988106,-2.54337195917648,25.4641788005829
"Fixed mixed-signal hidden-positive design",26,"cov_net_pu","Bayesian Linear Cov + Net + PU",0.779092331768388,0.633615023474178,2,0.133333333333333,0.466666666666667,0.292672880541021,2.5474593454311,0.0826921807754548,0.760796359749573,0.9625,0.533333333333333,0.655,5.2,0.99,0.8,1.1675,8.79999999999999,0.217872616093638,0.885581879004151,0.913197479340096,0.623109070455484,0.995914762525054,0.5555,0.329,0.066,0.678000828173157,0.781264318260135,-3.0482886600304,26.0217549800873
"Fixed mixed-signal hidden-positive design",27,"cov_net_pu","Bayesian Linear Cov + Net + PU",0.701345852895149,0.597183098591549,1,0.0666666666666667,0.288888888888889,0.32704718418094,2.43243593277765,0.094813288020121,0.815929639651851,0.95,0.333333333333333,0.83,7,1,1,0.975,1,0.198797966814548,0.541737077244374,0.536855635037444,0.183163318913826,0.926134343251076,0.0335,0.0095,0,0.334902837027911,0.41173480653488,-2.66438096051829,24.9793829917908
"Fixed mixed-signal hidden-positive design",28,"cov_net_pu","Bayesian Linear Cov + Net + PU",0.739530516431925,0.688450704225352,0,0,0.311111111111111,0.323934031072583,2.34629790495337,0.093920306351882,0.809965617409911,0.9575,0.6,0.725,4.6,1,1,0.9975,1,0.184322178324288,0.544806046584438,0.537295760760987,0.162426238478615,0.931008807552662,0.0515,0.013,0.002,0.313711629721963,0.400454019110577,-2.63660339273191,26.8344449996948
"Fixed mixed-signal hidden-positive design",29,"cov_net_pu","Bayesian Linear Cov + Net + PU",0.557120500782473,0.397746478873239,0,0,0.2,0.353532590438634,2.52089501421678,0.10012460986881,0.844764820932269,0.9025,0.0666666666666667,1.105,9.4,1,1,1,1,0.186377390097575,0.266498134365665,0.22748708980952,0.0913751714856916,0.651022032560042,0.001,0,0,0.168512553384235,0.193078712224416,-2.45277726196594,25.5182590484619
"Fixed mixed-signal hidden-positive design",30,"cov_net_pu","Bayesian Linear Cov + Net + PU",0.694835680751174,0.608262910798122,0,0,0.244444444444444,0.339289861378676,2.39872760435253,0.0976718167538861,0.820322793004296,0.9525,0.4,0.7625,6.4,1,1,0.9975,1,0.193981301044316,0.383733759505469,0.350869486831945,0.116412544296395,0.820461862696285,0.01,0.0025,5e-04,0.248258773928845,0.29060911442356,-2.53011932166063,25.8117120265961
"Fixed mixed-signal hidden-positive design",31,"cov_net_pu","Bayesian Linear Cov + Net + PU",0.635555555555556,0.543849765258216,0,0,0.177777777777778,0.34688114340358,2.47529076422582,0.098830500002372,0.83476655480778,0.935,0.333333333333333,0.8675,7,1,1,1,1,0.180676367241956,0.330913010306399,0.297897249868182,0.103756037101413,0.738430154236433,0.0035,0.002,5e-04,0.207002293673556,0.245969356046405,-2.49441368942802,25.4591171741486
"Fixed mixed-signal hidden-positive design",32,"cov_net_pu","Bayesian Linear Cov + Net + PU",0.74848200312989,0.658028169014084,2,0.133333333333333,0.4,0.315701775766244,2.39205623983066,0.0908949607406323,0.801258464862695,0.9525,0.333333333333333,0.7175,7,0.9975,1,1.0125,1,0.194413779221606,0.839856743746416,0.879229139598762,0.474927086934787,0.992110416213092,0.43,0.2265,0.034,0.509210235119881,0.676778309287068,-2.7398359079364,24.9738731384277
"Fixed mixed-signal hidden-positive design",33,"cov_net_pu","Bayesian Linear Cov + Net + PU",0.711611893583725,0.594553990610329,1,0.0666666666666667,0.377777777777778,0.323521300427411,2.41043485805185,0.0929687007326694,0.808364571893617,0.9475,0.2,0.7925,8.2,1,1,0.985,1,0.191964242638458,0.553107256545416,0.552001368722537,0.17363633672576,0.91852517065468,0.037,0.0075,0.002,0.35324852103856,0.433942444896226,-2.64446139450741,25.5246939659119
"Fixed mixed-signal hidden-positive design",34,"cov_net_pu","Bayesian Linear Cov + Net + PU",0.624600938967136,0.644131455399061,1,0.0666666666666667,0.111111111111111,0.349437044900105,2.40133741679333,0.0995697954264621,0.826219718080704,0.9075,0.133333333333333,1.0725,8.8,1,1,1,1,0.179844801921236,0.203589641881984,0.179989693020735,0.0849068605520145,0.45316929249807,0,0,0,0.150967376104691,0.161655073762406,-2.4701613098075,25.2141690254211
"Fixed mixed-signal hidden-positive design",35,"cov_net_pu","Bayesian Linear Cov + Net + PU",0.707042253521127,0.540093896713615,2,0.133333333333333,0.377777777777778,0.321041513382494,2.68081636136523,0.0896128705623808,0.813254702411115,0.955,0.333333333333333,0.7375,7,0.9875,0.733333333333333,1.405,11.4,0.182577668488871,0.750166388308951,0.784769653352908,0.35571095000243,0.988912315172541,0.2455,0.121,0.0225,0.424608827192836,0.557518920533548,-2.8094477168485,25.5068020820618
"Fixed mixed-signal hidden-positive design",36,"cov_net_pu","Bayesian Linear Cov + Net + PU",0.611455399061033,0.465352112676056,0,0,0.2,0.350449047325668,2.51189694222521,0.099684168958537,0.843352495880674,0.9075,0,1.04,10,1,1,1,1,0.188585688891272,0.388168404165718,0.33158798881242,0.098454458666558,0.906541382904879,0.027,0.012,0.001,0.20356365015936,0.257704426683893,-2.45529710730094,25.635694026947
"Fixed mixed-signal hidden-positive design",37,"cov_net_pu","Bayesian Linear Cov + Net + PU",0.675931142410016,0.5618779342723,0,0,0.311111111111111,0.332232615808614,2.51119928327262,0.0953554647008766,0.835880067680581,0.94,0.266666666666667,0.87,7.6,1,1,0.9975,1,0.191404955953576,0.510290373736725,0.496716108423877,0.168062080049014,0.892788117432608,0.023,0.013,0.003,0.334432384306301,0.399444348054394,-2.61206904422294,26.5731399059296
"Fixed mixed-signal hidden-positive design",38,"cov_net_pu","Bayesian Linear Cov + Net + PU",0.7181220657277,0.578028169014084,2,0.133333333333333,0.4,0.322482143595671,2.4100616387013,0.0926546130219122,0.80844103811665,0.9575,0.466666666666667,0.7025,5.8,1,1,1,1,0.190235483072079,0.63698532736293,0.659074244265358,0.183342254186607,0.985326407635224,0.157,0.083,0.0145,0.347674118673228,0.459015829726366,-2.64456504735039,32.9942240715027
"Fixed mixed-signal hidden-positive design",39,"cov_net_pu","Bayesian Linear Cov + Net + PU",0.843943661971831,0.873051643192488,6,0.4,0.555555555555556,0.254964390787847,1.45840975498481,0.0714706123453812,0.495674166761261,0.9675,0.8,0.505,2.66666666666667,1,1,0.96,1,0.278886886603194,0.979763340070248,0.997439167020839,0.826006461292185,0.999999800409668,0.9455,0.893,0.6965,0.927422827459327,0.975756758471974,-2.61560190652728,25.1040499210358
"Fixed mixed-signal hidden-positive design",40,"cov_net_pu","Bayesian Linear Cov + Net + PU",0.676244131455399,0.593239436619718,2,0.133333333333333,0.311111111111111,0.337033457994751,2.39888921266712,0.0966922872067879,0.815762286748329,0.9475,0.4,0.7825,6.4,1,1,1,1,0.18501613881482,0.344667255639379,0.318201894730969,0.111189146871584,0.723490387811782,0.001,0,0,0.226584416142767,0.26445227579048,-2.54988803040369,25.2275140285492
"Fixed mixed-signal hidden-positive design",41,"cov_net_pu","Bayesian Linear Cov + Net + PU",0.652206572769953,0.413896713615023,1,0.0666666666666667,0.422222222222222,0.322107791011924,2.97568533421307,0.0859316834100623,0.844317624694259,0.9425,0.333333333333333,0.8175,7,0.9825,0.6,1.58,16.6,0.156639737152817,0.847118154848177,0.87801343703346,0.563927948075584,0.991201956645515,0.423,0.2045,0.029,0.610699496786739,0.740059751047984,-2.89367670021082,25.3799729347229
"Fixed mixed-signal hidden-positive design",42,"cov_net_pu","Bayesian Linear Cov + Net + PU",0.736463223787167,0.582723004694836,2,0.133333333333333,0.377777777777778,0.306908564379485,2.57539278022923,0.0850444405575771,0.759475678140564,0.96,0.466666666666667,0.7075,5.8,0.9875,0.733333333333333,1.355,11.4,0.194144534343958,0.735388388168405,0.751400500562055,0.40494010532593,0.963434397989895,0.151,0.0465,0.0015,0.525663217629228,0.629453540050637,-2.90801337494758,25.4479880332947
"Fixed mixed-signal hidden-positive design",43,"cov_net_pu","Bayesian Linear Cov + Net + PU",0.689076682316119,0.630234741784038,1,0.0666666666666667,0.244444444444444,0.334839279968864,2.37601995513667,0.0964033001075323,0.815094927905799,0.9525,0.533333333333333,0.7525,5.2,1,1,0.995,1,0.183115722894907,0.408346936236569,0.386346674205456,0.125044627544565,0.795768825770392,0.0065,0.0025,0,0.245436670226805,0.298795539523988,-2.56258280703923,25.6841168403625
"Fixed mixed-signal hidden-positive design",44,"cov_net_pu","Bayesian Linear Cov + Net + PU",0.644194053208138,0.582159624413146,1,0.0666666666666667,0.333333333333333,0.34726078385726,2.42976966386678,0.0989655835726845,0.828890646587515,0.9425,0.4,0.7625,6.4,1,1,1,1,0.182746031890231,0.263482269587136,0.231190289879794,0.0899147564040041,0.600018759279115,0,0,0,0.179023718385418,0.20056216349583,-2.46521839915038,25.3071639537811
"Fixed mixed-signal hidden-positive design",45,"cov_net_pu","Bayesian Linear Cov + Net + PU",0.689953051643193,0.669483568075117,0,0,0.222222222222222,0.338849498198751,2.35192005439259,0.0974061051740329,0.81384230628319,0.9425,0.533333333333333,0.8325,5.2,1,1,1,1,0.184219136584251,0.30535724161576,0.280842689684382,0.103443308342022,0.627976942692458,0.0015,5e-04,0,0.214399389099449,0.241945696774268,-2.51562811679696,25.3193430900574
"Fixed mixed-signal hidden-positive design",46,"cov_net_pu","Bayesian Linear Cov + Net + PU",0.690766823161189,0.636431924882629,1,0.0666666666666667,0.2,0.333726296237194,2.37001223751564,0.0962337945982949,0.814203059804452,0.945,0.4,0.855,6.4,1,1,0.9975,1,0.188607069455123,0.361934923169529,0.341803008428018,0.117002173297665,0.716659357737015,0.0015,5e-04,0,0.249047533168514,0.283752638288432,-2.55990356163574,25.0919239521027
"Fixed mixed-signal hidden-positive design",47,"cov_net_pu","Bayesian Linear Cov + Net + PU",0.650829420970266,0.470422535211268,1,0.0666666666666667,0.311111111111111,0.335746424215224,2.71692964265757,0.0941686272818437,0.84570430494429,0.9475,0.333333333333333,0.8225,7,0.9975,0.933333333333333,1.075,3.6,0.18903818316862,0.549306905069866,0.550530215262829,0.215897497902475,0.887657381236627,0.0185,0.004,0,0.379460669351439,0.450700494401524,-2.67854354211788,25.216481924057
"Fixed mixed-signal hidden-positive design",48,"cov_net_pu","Bayesian Linear Cov + Net + PU",0.711486697965571,0.637558685446009,0,0,0.244444444444444,0.330870367733824,2.38388350931903,0.0954676558732986,0.814299226208464,0.95,0.4,0.78,6.4,1,1,0.995,1,0.189642666112886,0.429042488932548,0.417497410542648,0.147091225573464,0.803579862414946,0.0035,5e-04,0,0.290406059683035,0.343520780525762,-2.59252247604507,25.0831668376923
"Fixed mixed-signal hidden-positive design",49,"cov_net_pu","Bayesian Linear Cov + Net + PU",0.6679186228482,0.612582159624413,2,0.133333333333333,0.311111111111111,0.340003355524557,2.41010693301127,0.0974076530381108,0.822457882721659,0.9375,0.4,0.84,6.4,1,1,1,1,0.180224787644646,0.323476214118432,0.289730939054721,0.0959820586070643,0.718724189330462,5e-04,0,0,0.214202337843426,0.24379567679171,-2.52949316408973,25.2093741893768
"Fixed mixed-signal hidden-positive design",50,"cov_net_pu","Bayesian Linear Cov + Net + PU",0.625602503912363,0.452394366197183,1,0.0666666666666667,0.288888888888889,0.337670116262967,2.64064418202773,0.0954452123239737,0.851087406603858,0.9325,0.2,0.95,8.2,1,1,0.995,1,0.180179859844509,0.508086048142428,0.491793574607814,0.132853099740355,0.925279648036109,0.039,0.0125,0.001,0.30325430131952,0.375572136854461,-2.63437737942753,25.1012389659882
"Fixed mixed-signal hidden-positive design",51,"cov_net_pu","Bayesian Linear Cov + Net + PU",0.624726134585289,0.484694835680751,2,0.133333333333333,0.266666666666667,0.343863533297513,2.51099482948661,0.0979068414132283,0.83445728723242,0.94,0.333333333333333,0.8675,7,1,1,1,1,0.178204500688928,0.316520689279061,0.296127101005959,0.103747238580554,0.653998374068333,0.0015,5e-04,0,0.210473846070578,0.246023810392021,-2.5283344545798,25.1432230472565
"Fixed mixed-signal hidden-positive design",52,"cov_net_pu","Bayesian Linear Cov + Net + PU",0.749859154929577,0.603380281690141,1,0.0666666666666667,0.355555555555556,0.308712808940634,2.56860308341532,0.0884671199196694,0.816741045645157,0.9475,0.333333333333333,0.77,7,1,1,0.88,1,0.182758401943541,0.883614964390138,0.918070275207415,0.577748774492378,0.993761926772501,0.576,0.324,0.0505,0.608538692143036,0.74982546720193,-2.85246928653132,25.2805931568146
"Fixed mixed-signal hidden-positive design",53,"cov_net_pu","Bayesian Linear Cov + Net + PU",0.678184663536776,0.530140845070423,3,0.2,0.355555555555556,0.322586459015189,2.56955083048825,0.089898710406637,0.796155993177304,0.94,0.333333333333333,0.8825,7,0.99,0.8,1.3325,8.79999999999999,0.178770473575656,0.618690295931093,0.631810902532062,0.252308311979705,0.929427105534615,0.043,0.012,0,0.399747658776092,0.491931807588462,-2.74914525135631,24.8729319572449
"Fixed mixed-signal hidden-positive design",54,"cov_net_pu","Bayesian Linear Cov + Net + PU",0.635931142410016,0.487511737089202,1,0.0666666666666667,0.222222222222222,0.340686274660231,2.66610870761647,0.0960362826007598,0.853048919329668,0.9175,0.0666666666666667,0.9925,9.4,1,1,0.9625,1,0.188024717188519,0.720891575958053,0.744450049157,0.373668444932257,0.966367944020167,0.1355,0.053,0.004,0.489278997476136,0.58463686282843,-2.62251929516782,25.3569240570068
"Fixed mixed-signal hidden-positive design",55,"cov_net_pu","Bayesian Linear Cov + Net + PU",0.685446009389671,0.565258215962441,2,0.133333333333333,0.355555555555556,0.326928359358174,2.45084450913211,0.093540769002673,0.806263409458197,0.9475,0.333333333333333,0.815,7,1,1,0.99,1,0.190036539481212,0.475977251155573,0.469459268230852,0.166881716762647,0.809505801605132,0.0055,5e-04,0,0.337364817672198,0.393837746335095,-2.65592460707578,24.9616198539734
"Fixed mixed-signal hidden-positive design",56,"cov_net_pu","Bayesian Linear Cov + Net + PU",0.681940532081377,0.609389671361502,1,0.0666666666666667,0.266666666666667,0.339310204832165,2.37823580812058,0.0975909521688695,0.816082450387892,0.935,0.333333333333333,0.89,7,1,1,1,1,0.183981040068427,0.362286939938542,0.325868987980217,0.114095715001809,0.775075353515355,0.007,0.0035,0.0015,0.229820789790533,0.273253693689951,-2.519616863578,25.972100019455
"Fixed mixed-signal hidden-positive design",57,"cov_net_pu","Bayesian Linear Cov + Net + PU",0.577715179968701,0.447136150234742,1,0.0666666666666667,0.177777777777778,0.340124906970039,2.63904567342314,0.0941873971414487,0.836655451318815,0.915,0.133333333333333,1.0025,8.8,1,1,0.9675,1,0.167291642390717,0.803185000514008,0.849508522675469,0.381500511521406,0.985177461720143,0.357,0.156,0.012,0.405593838200016,0.554508259197463,-2.61700733798704,25.1654798984528
"Fixed mixed-signal hidden-positive design",58,"cov_net_pu","Bayesian Linear Cov + Net + PU",0.769953051643192,0.818779342723005,2,0.133333333333333,0.333333333333333,0.315551434518115,2.07113620633445,0.0926517218361719,0.754707561160808,0.9625,0.666666666666667,0.6975,4,1,1,0.9825,1,0.18571224745112,0.40934321668925,0.399023921751972,0.14837035600954,0.722313338955519,5e-04,5e-04,0,0.294876892232044,0.336610815050477,-2.64262326519703,25.2186169624329
"Fixed mixed-signal hidden-positive design",59,"cov_net_pu","Bayesian Linear Cov + Net + PU",0.643755868544601,0.511361502347418,1,0.0666666666666667,0.311111111111111,0.334371152077961,2.58931104802222,0.094254291353874,0.834058643390555,0.9475,0.333333333333333,0.82,7,1,1,0.9925,1,0.181390012234407,0.495849380311918,0.479907698866235,0.163182990192902,0.893729654966183,0.0205,0.007,0,0.308674862222951,0.379719968174854,-2.63185834262746,24.8006539344788
"Fixed mixed-signal hidden-positive design",60,"cov_net_pu","Bayesian Linear Cov + Net + PU",0.675242566510172,0.572957746478873,2,0.133333333333333,0.311111111111111,0.327065755739685,2.40610077711005,0.0927185105728187,0.786408417448996,0.9375,0.266666666666667,0.8825,7.6,1,1,0.99,1,0.18599506499993,0.603079718191505,0.616794839031046,0.238099785679908,0.924103894175266,0.0435,0.01,5e-04,0.396993617776961,0.494805105550842,-2.62384012843053,25.1321380138397
"Fixed mixed-signal hidden-positive design",61,"cov_net_pu","Bayesian Linear Cov + Net + PU",0.739843505477308,0.730892018779343,2,0.133333333333333,0.266666666666667,0.318741278410867,2.16860283962899,0.0930579993489856,0.759456421174777,0.955,0.666666666666667,0.7575,4,1,1,0.94,1,0.196946730520774,0.518016653154301,0.509456302903086,0.199060843533572,0.8811544542922,0.0165,0.0055,0.0015,0.348066586915826,0.418297566347229,-2.70564815711732,25.2905559539795
"Fixed mixed-signal hidden-positive design",62,"cov_net_pu","Bayesian Linear Cov + Net + PU",0.668732394366197,0.564694835680751,1,0.0666666666666667,0.244444444444444,0.33736646009891,2.48931594418675,0.0968199525461873,0.82971821835357,0.9475,0.4,0.825,6.4,1,1,0.9675,1,0.183225265068062,0.397178867186368,0.373833774414614,0.135865522848996,0.759104031327546,0.0025,5e-04,0,0.264749219889223,0.308030302417037,-2.61267686864549,25.070426940918
"Fixed mixed-signal hidden-positive design",63,"cov_net_pu","Bayesian Linear Cov + Net + PU",0.77471048513302,0.707793427230047,5,0.333333333333333,0.444444444444444,0.298813552336898,2.15948129133359,0.0863757373831981,0.713297101436907,0.96,0.533333333333333,0.7175,5.2,0.995,0.933333333333333,1.0475,3.6,0.202033645531594,0.681332260346126,0.687079680064699,0.338913654561048,0.977419223264251,0.117,0.0615,0.011,0.438790072884027,0.534947081405892,-2.82243502709389,25.0497579574585
"Fixed mixed-signal hidden-positive design",64,"cov_net_pu","Bayesian Linear Cov + Net + PU",0.764632237871674,0.654272300469484,1,0.0666666666666667,0.4,0.298629585164555,2.36655329077321,0.0858770634892158,0.766936366417483,0.955,0.466666666666667,0.7375,5.8,0.9975,0.933333333333333,0.94,3.6,0.208911343936529,0.745388615390435,0.764282530399651,0.423560242477676,0.977128684561459,0.1505,0.055,0.011,0.55577204457944,0.647756389374148,-2.9125178132754,25.9497578144073
"Fixed mixed-signal hidden-positive design",65,"cov_net_pu","Bayesian Linear Cov + Net + PU",0.67943661971831,0.652582159624413,2,0.133333333333333,0.333333333333333,0.335819871000506,2.35559534343813,0.0965233435590468,0.812146644023402,0.94,0.333333333333333,0.865,7,1,1,1,1,0.185589228226464,0.3735175236119,0.350042138374954,0.117253587981857,0.737893876665555,5e-04,5e-04,0,0.246011751864005,0.288247872059244,-2.55347529098512,25.5671610832214
"Fixed mixed-signal hidden-positive design",66,"cov_net_pu","Bayesian Linear Cov + Net + PU",0.722754303599374,0.711173708920188,4,0.266666666666667,0.377777777777778,0.330362188211139,2.23877704924157,0.0954467931777137,0.780375591148075,0.9525,0.533333333333333,0.7475,5.2,1,1,1,1,0.185281474060779,0.34673070862247,0.324137998832066,0.118902280292779,0.714165836734862,0,0,0,0.234617701465196,0.270621069183393,-2.55215521358454,25.4574489593506
"Fixed mixed-signal hidden-positive design",67,"cov_net_pu","Bayesian Linear Cov + Net + PU",0.635993740219092,0.495962441314554,2,0.133333333333333,0.266666666666667,0.343803745273932,2.49249684094557,0.0979814266835256,0.835375212000745,0.9325,0.2,0.8775,8.2,1,1,1,1,0.181094560975463,0.329303091975257,0.30101359421584,0.0987905221685889,0.717286456100828,0.0015,5e-04,0,0.2078708865262,0.249540340354903,-2.51474448922495,25.1077871322632
"Fixed mixed-signal hidden-positive design",68,"cov_net_pu","Bayesian Linear Cov + Net + PU",0.650704225352113,0.579906103286385,1,0.0666666666666667,0.288888888888889,0.342025599795082,2.42625428039437,0.0977958399800397,0.823473941477427,0.935,0.4,0.8725,6.4,1,1,1,1,0.18077464137144,0.294716838468618,0.269491840141452,0.103938690429629,0.639380863940543,0,0,0,0.206265610723034,0.232645312437072,-2.52188312340875,25.0270221233368
"Fixed mixed-signal hidden-positive design",69,"cov_net_pu","Bayesian Linear Cov + Net + PU",0.593239436619718,0.588544600938967,2,0.133333333333333,0.244444444444444,0.353416140629185,2.42846985071481,0.100132246068627,0.830730986828515,0.9,0.0666666666666667,1.0525,9.4,1,1,1,1,0.185325911233787,0.218677322311136,0.189109378456329,0.0863809392467322,0.531985770496064,5e-04,0,0,0.14697114905268,0.162626984522778,-2.42995864192729,25.638258934021
"Fixed mixed-signal hidden-positive design",70,"cov_net_pu","Bayesian Linear Cov + Net + PU",0.746729264475743,0.72169014084507,0,0,0.288888888888889,0.321435655639826,2.31038996820829,0.0936239390456904,0.801676026264296,0.9625,0.6,0.6475,4.6,1,1,0.985,1,0.197625957323066,0.720924163386749,0.759246201718984,0.277476138971608,0.984583199842042,0.2195,0.103,0.014,0.391611463619371,0.520684688577741,-2.63829674557331,25.722156047821
"Fixed mixed-signal hidden-positive design",71,"cov_net_pu","Bayesian Linear Cov + Net + PU",0.649702660406886,0.60150234741784,0,0,0.222222222222222,0.34211235797234,2.42877336052575,0.0979194509627555,0.828650960318319,0.925,0.266666666666667,0.96,7.6,1,1,1,1,0.189493483467594,0.42467747338872,0.402442142095343,0.12480984710208,0.84319635248092,0.009,0.0025,5e-04,0.249936928070578,0.307809256161757,-2.51735096808217,25.6866841316223
"Fixed mixed-signal hidden-positive design",72,"cov_net_pu","Bayesian Linear Cov + Net + PU",0.652895148669797,0.649765258215962,1,0.0666666666666667,0.244444444444444,0.342302825112408,2.39643923023521,0.0979580622647561,0.823923321788853,0.93,0.2,0.9125,8.2,1,1,1,1,0.179065854619641,0.295776883636438,0.268822793434857,0.0960263881502782,0.642209778117318,0.001,0,0,0.201124923802207,0.227783877578688,-2.50380937822232,25.4889109134674
"Fixed mixed-signal hidden-positive design",73,"cov_net_pu","Bayesian Linear Cov + Net + PU",0.681377151799687,0.581784037558685,1,0.0666666666666667,0.222222222222222,0.337388116241352,2.42735518888744,0.097268780423413,0.824005163138261,0.95,0.4,0.795,6.4,1,1,0.995,1,0.194603494426134,0.414954938476681,0.387578587464025,0.132937450092667,0.815353069597465,0.0095,0.0025,0.001,0.26968583936458,0.319511294242886,-2.55417201710242,25.5394551753998
"Fixed mixed-signal hidden-positive design",74,"cov_net_pu","Bayesian Linear Cov + Net + PU",0.774460093896714,0.673802816901408,2,0.133333333333333,0.422222222222222,0.297451765747067,2.26287023572761,0.0856768012330529,0.748953781615185,0.9625,0.466666666666667,0.6575,5.8,1,1,0.9125,1,0.219639964471084,0.851807656164234,0.900869407093767,0.456867266123648,0.99941796237559,0.502,0.327,0.123,0.592864921836887,0.723352108763598,-2.87236629889711,28.2539579868317
"Fixed mixed-signal hidden-positive design",75,"cov_net_pu","Bayesian Linear Cov + Net + PU",0.600062597809077,0.493333333333333,1,0.0666666666666667,0.2,0.349367942403968,2.47787687248816,0.0992802514953515,0.836219941746597,0.9225,0.266666666666667,0.9425,7.6,1,1,1,1,0.179226081618196,0.261090670288324,0.22722788493387,0.0859637953397886,0.625264297511667,0.001,0,0,0.173046885018881,0.197420970288456,-2.46997391943826,25.1916780471802
"Fixed mixed-signal hidden-positive design",76,"cov_net_pu","Bayesian Linear Cov + Net + PU",0.677496087636933,0.55830985915493,1,0.0666666666666667,0.333333333333333,0.334306318077479,2.45000529227434,0.096109900138524,0.820755004022389,0.9475,0.333333333333333,0.81,7,1,1,0.9975,1,0.18614780954351,0.384743561016718,0.366981736887261,0.118787880762256,0.763802620071935,0.002,0.001,0,0.266096531166823,0.306562084449375,-2.58731735952419,25.0064690113068
"Fixed mixed-signal hidden-positive design",77,"cov_net_pu","Bayesian Linear Cov + Net + PU",0.696275430359937,0.725070422535211,4,0.266666666666667,0.288888888888889,0.33274200439355,2.22263920603707,0.0958427700333487,0.782868065358575,0.935,0.4,0.87,6.4,1,1,0.9775,1,0.188245652345179,0.426995474755089,0.403922041366628,0.14122190341094,0.828552043011702,0.0075,0.001,0,0.263423916151018,0.318576690132301,-2.55647968517441,25.8564419746399
"Fixed mixed-signal hidden-positive design",78,"cov_net_pu","Bayesian Linear Cov + Net + PU",0.747668231611894,0.575211267605634,2,0.133333333333333,0.466666666666667,0.299083634752287,2.72039411671073,0.0827519897268869,0.801098534576459,0.955,0.4,0.7175,6.4,0.99,0.8,1.165,8.79999999999999,0.176054465907481,0.927658010248912,0.960039375368763,0.675853607903972,0.998376089379302,0.765,0.5695,0.18,0.617457223627222,0.763319113833278,-3.0344374605677,25.3442358970642
"Fixed mixed-signal hidden-positive design",79,"cov_net_pu","Bayesian Linear Cov + Net + PU",0.701345852895149,0.657089201877934,0,0,0.222222222222222,0.333129002531418,2.47717193260266,0.0954051665031019,0.83561206802357,0.935,0.333333333333333,0.8375,7,1,1,0.9725,1,0.187201187139926,0.710383318081935,0.73591092983708,0.299957085314369,0.978087828386526,0.1725,0.0745,0.0055,0.428478371531113,0.574439083387597,-2.58993626915481,25.2577948570251
"Fixed mixed-signal hidden-positive design",80,"cov_net_pu","Bayesian Linear Cov + Net + PU",0.579593114241002,0.506291079812207,2,0.133333333333333,0.266666666666667,0.348359370813102,2.46692512579455,0.0989465575966855,0.832644313497644,0.925,0.266666666666667,0.91,7.6,1,1,1,1,0.176863122550278,0.278908155836753,0.247937397719486,0.0966227319594507,0.619962460013917,5e-04,0,0,0.182583783808668,0.209472268869622,-2.4882104799686,25.9268839359283
"Fixed mixed-signal hidden-positive design",81,"cov_net_pu","Bayesian Linear Cov + Net + PU",0.574272300469484,0.548732394366197,1,0.0666666666666667,0.133333333333333,0.354172279105433,2.45508416987983,0.100272155963727,0.83534141087988,0.895,0.0666666666666667,1.0775,9.4,1,1,1,1,0.181901109816528,0.194927128202863,0.170226092722103,0.0825038170788536,0.435439846963995,5e-04,0,0,0.139567267066979,0.153670163784427,-2.43859840361129,25.1902379989624
"Fixed mixed-signal hidden-positive design",82,"cov_net_pu","Bayesian Linear Cov + Net + PU",0.674053208137715,0.60150234741784,1,0.0666666666666667,0.288888888888889,0.338993753588559,2.43973489800749,0.0972864950091315,0.82824936017203,0.9475,0.4,0.785,6.4,1,1,1,1,0.181708341357187,0.361423855680307,0.333537943231482,0.102376899415078,0.76682294269524,0.003,0.001,0,0.226614787928652,0.269701318986665,-2.54280135347537,25.1438119411469
"Fixed mixed-signal hidden-positive design",83,"cov_net_pu","Bayesian Linear Cov + Net + PU",0.716306729264476,0.571643192488263,3,0.2,0.333333333333333,0.31638281714039,2.52396887351231,0.0895799294150838,0.791453053726553,0.9575,0.4,0.7325,6.4,0.995,0.866666666666667,1.1175,6.19999999999999,0.207284876754255,0.676672130325733,0.688177392035007,0.328910784502987,0.964748824285689,0.099,0.0395,0.0065,0.474734054577156,0.560356369578376,-2.78052100040205,25.9589159488678
"Fixed mixed-signal hidden-positive design",84,"cov_net_pu","Bayesian Linear Cov + Net + PU",0.698716744913928,0.677183098591549,2,0.133333333333333,0.333333333333333,0.330979746944426,2.30128932441798,0.0951608221851618,0.797617506973627,0.94,0.333333333333333,0.855,7,1,1,0.995,1,0.179368814331239,0.437266279186733,0.424622462159845,0.142554072808054,0.810900027204486,0.005,5e-04,0,0.276737682891977,0.337080361501507,-2.55804174178247,25.1907210350037
"Fixed mixed-signal hidden-positive design",85,"cov_net_pu","Bayesian Linear Cov + Net + PU",0.669045383411581,0.634553990610329,1,0.0666666666666667,0.288888888888889,0.344876170613421,2.39141595329837,0.0986474238274583,0.822768968100848,0.9275,0.4,0.895,6.4,1,1,1,1,0.180642160207339,0.269008532136015,0.235620005643138,0.0921006334105675,0.638260392608596,0.002,0.001,0,0.178730386115,0.200030414292439,-2.47627641525392,25.3212988376617
"Fixed mixed-signal hidden-positive design",86,"cov_net_pu","Bayesian Linear Cov + Net + PU",0.718247261345853,0.652769953051643,0,0,0.355555555555556,0.324227596596055,2.35268838618524,0.0937759651605134,0.803014480120922,0.9475,0.466666666666667,0.8025,5.8,1,1,0.9925,1,0.181684017328981,0.476372774029874,0.461297936091004,0.175353054966535,0.832647107232933,0.0085,0.001,0,0.308536751707131,0.36888513254221,-2.63920073393665,24.9278860092163
"Fixed mixed-signal hidden-positive design",87,"cov_net_pu","Bayesian Linear Cov + Net + PU",0.645633802816901,0.485446009389671,1,0.0666666666666667,0.244444444444444,0.337540762822258,2.60720919067592,0.0950943898294414,0.83898422695412,0.9325,0.266666666666667,0.9125,7.6,0.995,0.933333333333333,1.195,3.6,0.17995795415853,0.45804425683972,0.443621761924363,0.140351253243165,0.837949080160427,0.005,0.001,5e-04,0.306674665284172,0.365018926691732,-2.59952524602804,25.032821893692
"Fixed mixed-signal hidden-positive design",88,"cov_net_pu","Bayesian Linear Cov + Net + PU",0.856588419405321,0.740281690140845,4,0.266666666666667,0.6,0.245542041856353,2.3359772496495,0.0679094008398318,0.671771731739545,0.97,0.533333333333333,0.54,5.2,0.9925,0.866666666666667,0.9475,6.19999999999999,0.19795946537085,0.94627545087185,0.969544312392461,0.774908070487952,0.999521503920239,0.828,0.6345,0.2535,0.828319709933102,0.895309662556406,-3.49911549646999,26.3850781917572
"Fixed mixed-signal hidden-positive design",89,"cov_net_pu","Bayesian Linear Cov + Net + PU",0.720625978090767,0.710985915492958,5,0.333333333333333,0.355555555555556,0.32881469155403,2.19175310754083,0.0953621798283694,0.77380851623826,0.945,0.533333333333333,0.8325,5.2,1,1,0.9975,1,0.190979462113729,0.389718024117643,0.36662881315093,0.139340153183142,0.772915766849714,0.004,5e-04,0,0.257535692364411,0.302928311165481,-2.5480080394827,25.4324760437012
"Fixed mixed-signal hidden-positive design",90,"cov_net_pu","Bayesian Linear Cov + Net + PU",0.668669796557121,0.64018779342723,1,0.0666666666666667,0.244444444444444,0.340481192908475,2.39599759366072,0.0976051188557212,0.820807751688573,0.93,0.2,0.9275,8.2,1,1,1,1,0.185288476113896,0.370775940508346,0.340695910453536,0.102196952754729,0.79759591851079,0.0085,0.003,0,0.226803956214642,0.273682615660651,-2.51357502310766,25.2280941009521
"Fixed mixed-signal hidden-positive design",91,"cov_net_pu","Bayesian Linear Cov + Net + PU",0.612769953051643,0.459154929577465,0,0,0.288888888888889,0.344656563703089,2.62391060320437,0.0976033986676273,0.85167233068993,0.9325,0.2,0.925,8.2,1,1,1,1,0.181951511475159,0.375394088831802,0.357408981791107,0.109878176209275,0.761341668337441,0.003,0,0,0.250637818087382,0.296100399408409,-2.55917246085601,24.9997539520264
"Fixed mixed-signal hidden-positive design",92,"cov_net_pu","Bayesian Linear Cov + Net + PU",0.732331768388106,0.653145539906103,2,0.133333333333333,0.311111111111111,0.324061534399718,2.37294341983768,0.0933654517837466,0.784941328878641,0.965,0.533333333333333,0.6625,5.2,0.995,0.933333333333333,1.1575,3.6,0.191673831184345,0.490686729665095,0.4770384262302,0.181399830709469,0.846253064575071,0.008,0.002,0,0.330226803935127,0.389811240553943,-2.68899521191784,25.0464859008789
"Fixed mixed-signal hidden-positive design",93,"cov_net_pu","Bayesian Linear Cov + Net + PU",0.670860719874804,0.633990610328638,1,0.0666666666666667,0.311111111111111,0.332872615505231,2.38167676999388,0.0951289178021829,0.812926512290683,0.945,0.466666666666667,0.785,5.8,1,1,1,1,0.179902811001998,0.430879387301434,0.412835660366746,0.113399080534217,0.839167145053965,0.011,0.0045,0,0.270843078037313,0.330186692611014,-2.56199724689438,24.8405201435089
"Fixed mixed-signal hidden-positive design",94,"cov_net_pu","Bayesian Linear Cov + Net + PU",0.633051643192488,0.467981220657277,2,0.133333333333333,0.333333333333333,0.339621146660224,2.5677578149414,0.0961701095548466,0.839613850188929,0.94,0.133333333333333,0.86,8.8,1,1,1,1,0.173840220492024,0.394388664026656,0.379151523964436,0.120932478902112,0.759219059594263,0.002,5e-04,0,0.2637316122174,0.310238213631536,-2.58243433929859,25.1167159080505
"Fixed mixed-signal hidden-positive design",95,"cov_net_pu","Bayesian Linear Cov + Net + PU",0.704600938967136,0.617276995305164,1,0.0666666666666667,0.288888888888889,0.333411831253807,2.3992422626893,0.096297087801285,0.816777176569106,0.945,0.333333333333333,0.84,7,1,1,0.9975,1,0.189582798176935,0.375598292883029,0.361635371731106,0.114866261856127,0.726862241206854,0,0,0,0.259382702974327,0.302288257748069,-2.56409917332515,25.0048339366913
"Fixed mixed-signal hidden-positive design",96,"cov_net_pu","Bayesian Linear Cov + Net + PU",0.738466353677621,0.754178403755869,4,0.266666666666667,0.266666666666667,0.320854993466828,2.08324482080005,0.0920905834757324,0.731325842443661,0.9325,0.466666666666667,0.88,5.8,1,1,1,1,0.190603704088662,0.512167642178571,0.504883430352154,0.14264881005736,0.8982599044447,0.023,0.0095,0.002,0.323745152390631,0.399675475865671,-2.57160473840267,27.0451829433441
"Fixed mixed-signal hidden-positive design",97,"cov_net_pu","Bayesian Linear Cov + Net + PU",0.76093896713615,0.63868544600939,2,0.133333333333333,0.266666666666667,0.314233234602579,2.02566699372672,0.0930812446424847,0.682583809679269,0.9775,0.6,0.6475,4.6,1,1,0.9525,1,0.336878911253546,0.764924167537063,0.813284597406801,0.278796327809968,1,0.409,0.3585,0.2815,0.612551291207545,0.691093900354478,-2.46779397300202,26.3637731075287
"Fixed mixed-signal hidden-positive design",98,"cov_net_pu","Bayesian Linear Cov + Net + PU",0.71962441314554,0.611267605633803,2,0.133333333333333,0.333333333333333,0.317688938246121,2.39740250743002,0.0913615683837311,0.778909659173608,0.9475,0.4,0.8225,6.4,0.9975,0.933333333333333,1.005,3.6,0.20521896249983,0.5832510399783,0.58655221863528,0.2715492588711,0.897080588465985,0.022,0.0025,0,0.404345813919088,0.480322630739804,-2.74349739795975,24.8755929470062
"Fixed mixed-signal hidden-positive design",99,"cov_net_pu","Bayesian Linear Cov + Net + PU",0.732018779342723,0.746103286384976,5,0.333333333333333,0.377777777777778,0.314833071983957,2.1340661368428,0.0911627462974962,0.753467223799846,0.9525,0.6,0.785,4.6,1,1,0.975,1,0.188395299960694,0.492386752788787,0.489364397456462,0.176826262631062,0.813246392737735,0.007,5e-04,0,0.344546692772661,0.403100169524254,-2.64827011890943,24.9820680618286
"Fixed mixed-signal hidden-positive design",100,"cov_net_pu","Bayesian Linear Cov + Net + PU",0.740406885758998,0.700469483568075,1,0.0666666666666667,0.244444444444444,0.32578142613947,2.30425435423774,0.0932436092399786,0.785277991560563,0.9325,0.4,0.8575,6.4,1,1,0.9975,1,0.195050757788833,0.613165953361175,0.631457964821428,0.197175047741185,0.953251130893421,0.0765,0.028,0,0.395223933580637,0.504494272070664,-2.5844228584345,26.7690570354462
