"scenario","replicate","method_id","method","uncertainty_type","Overall_AUC","Hidden_AUC","Hidden_at_15","Hidden_Recall_at_15","Overall_Recall_at_45","Overall_LogLoss","Hidden_LogLoss","Overall_Brier","Hidden_Brier","Overall_Coverage_80","Hidden_Coverage_80","Overall_Interval_Score_80","Hidden_Interval_Score_80","Overall_Coverage_95","Hidden_Coverage_95","Overall_Interval_Score_95","Hidden_Interval_Score_95","runtime_sec"
"Fixed mixed-signal covariate-driven SAR design, lambda = 2",1,"ADA","Ada","not available",0.783035993740219,0.575211267605634,2,0.133333333333333,0.511111111111111,0.386695731229157,1.32869837378258,0.115698853181601,0.490354751478122,NA,NA,NA,NA,NA,NA,NA,NA,0.622075796127319
"Fixed mixed-signal covariate-driven SAR design, lambda = 2",2,"ADA","Ada","not available",0.821533646322379,0.577089201877934,2,0.133333333333333,0.577777777777778,0.416020322712229,1.33376565336114,0.128938490707242,0.468649868170509,NA,NA,NA,NA,NA,NA,NA,NA,0.375476837158203
"Fixed mixed-signal covariate-driven SAR design, lambda = 2",3,"ADA","Ada","not available",0.836557120500782,0.530704225352113,1,0.0666666666666667,0.644444444444444,0.389244020471736,1.57728168255054,0.117969327013209,0.526353232973446,NA,NA,NA,NA,NA,NA,NA,NA,0.765500068664551
"Fixed mixed-signal covariate-driven SAR design, lambda = 2",4,"ADA","Ada","not available",0.835492957746479,0.706478873239437,5,0.333333333333333,0.6,0.374386381617086,1.03745762486282,0.112679194383422,0.386069806107395,NA,NA,NA,NA,NA,NA,NA,NA,0.8001389503479
"Fixed mixed-signal covariate-driven SAR design, lambda = 2",5,"ADA","Ada","not available",0.766760563380282,0.454084507042254,1,0.0666666666666667,0.533333333333333,0.407990816672584,1.66745712386844,0.124561465127637,0.575331057657828,NA,NA,NA,NA,NA,NA,NA,NA,0.630069017410278
"Fixed mixed-signal covariate-driven SAR design, lambda = 2",6,"ADA","Ada","not available",0.857089201877934,0.669859154929577,2,0.133333333333333,0.6,0.349173501592524,1.22234793107161,0.102662019760353,0.452968679772663,NA,NA,NA,NA,NA,NA,NA,NA,0.839745044708252
"Fixed mixed-signal covariate-driven SAR design, lambda = 2",7,"ADA","Ada","not available",0.79906103286385,0.530892018779343,2,0.133333333333333,0.555555555555556,0.368173147474794,1.60465421483439,0.109781363218381,0.557974747954264,NA,NA,NA,NA,NA,NA,NA,NA,0.719897985458374
"Fixed mixed-signal covariate-driven SAR design, lambda = 2",8,"ADA","Ada","not available",0.836682316118936,0.597183098591549,2,0.133333333333333,0.577777777777778,0.387281146897427,1.36552600865329,0.1192617054798,0.485960183729326,NA,NA,NA,NA,NA,NA,NA,NA,0.724426031112671
"Fixed mixed-signal covariate-driven SAR design, lambda = 2",9,"ADA","Ada","not available",0.83924882629108,0.609201877934272,1,0.0666666666666667,0.577777777777778,0.395951716064138,1.26757314592703,0.123396794952799,0.466733039345297,NA,NA,NA,NA,NA,NA,NA,NA,0.749552011489868
"Fixed mixed-signal covariate-driven SAR design, lambda = 2",10,"ADA","Ada","not available",0.767636932707355,0.504600938967136,1,0.0666666666666667,0.466666666666667,0.437557930360752,1.49028925879926,0.137945424658742,0.550883552558782,NA,NA,NA,NA,NA,NA,NA,NA,0.72443699836731
"Fixed mixed-signal covariate-driven SAR design, lambda = 2",11,"ADA","Ada","not available",0.756807511737089,0.462347417840376,2,0.133333333333333,0.533333333333333,0.430059034316709,1.72615435696605,0.135960158284944,0.607599757857005,NA,NA,NA,NA,NA,NA,NA,NA,0.747402191162109
"Fixed mixed-signal covariate-driven SAR design, lambda = 2",12,"ADA","Ada","not available",0.785727699530516,0.457652582159624,1,0.0666666666666667,0.511111111111111,0.381612603718637,1.82862328875283,0.115470228769555,0.629716138036771,NA,NA,NA,NA,NA,NA,NA,NA,0.713201999664307
"Fixed mixed-signal covariate-driven SAR design, lambda = 2",13,"ADA","Ada","not available",0.778028169014085,0.456901408450704,2,0.133333333333333,0.622222222222222,0.38538957747204,1.73383879032734,0.116179628699283,0.61562372425598,NA,NA,NA,NA,NA,NA,NA,NA,0.760447978973389
"Fixed mixed-signal covariate-driven SAR design, lambda = 2",14,"ADA","Ada","not available",0.784976525821596,0.496901408450704,0,0,0.533333333333333,0.435018191086918,1.59909751967557,0.137548771344981,0.574106764435124,NA,NA,NA,NA,NA,NA,NA,NA,0.2985680103302
"Fixed mixed-signal covariate-driven SAR design, lambda = 2",15,"ADA","Ada","not available",0.77302034428795,0.490516431924883,1,0.0666666666666667,0.577777777777778,0.408156649249425,1.51469961530398,0.123794691726548,0.544133532368515,NA,NA,NA,NA,NA,NA,NA,NA,0.782985925674438
"Fixed mixed-signal covariate-driven SAR design, lambda = 2",16,"ADA","Ada","not available",0.897402190923318,0.791549295774648,2,0.133333333333333,0.622222222222222,0.37732454879703,0.836489445671214,0.112166318350595,0.319659605195513,NA,NA,NA,NA,NA,NA,NA,NA,0.770402908325195
"Fixed mixed-signal covariate-driven SAR design, lambda = 2",17,"ADA","Ada","not available",0.832801251956181,0.585164319248826,0,0,0.533333333333333,0.40168461816744,1.4046676366129,0.125893701932793,0.522694470972118,NA,NA,NA,NA,NA,NA,NA,NA,0.776456832885742
"Fixed mixed-signal covariate-driven SAR design, lambda = 2",18,"ADA","Ada","not available",0.742723004694836,0.36018779342723,2,0.133333333333333,0.555555555555556,0.364249383769611,1.88681936275955,0.104710314550297,0.669786209109248,NA,NA,NA,NA,NA,NA,NA,NA,0.29972505569458
"Fixed mixed-signal covariate-driven SAR design, lambda = 2",19,"ADA","Ada","not available",0.799499217527387,0.59924882629108,1,0.0666666666666667,0.488888888888889,0.392713801858515,1.346604797457,0.12092639299327,0.499066397163784,NA,NA,NA,NA,NA,NA,NA,NA,0.335338830947876
"Fixed mixed-signal covariate-driven SAR design, lambda = 2",20,"ADA","Ada","not available",0.765320813771518,0.462910798122066,0,0,0.533333333333333,0.413292541573194,1.52667630542972,0.126187438071682,0.576260125260927,NA,NA,NA,NA,NA,NA,NA,NA,0.382149219512939
"Fixed mixed-signal covariate-driven SAR design, lambda = 2",21,"ADA","Ada","not available",0.848388106416275,0.669671361502347,0,0,0.555555555555556,0.409042766388704,1.153627859876,0.129559221905121,0.427220460250545,NA,NA,NA,NA,NA,NA,NA,NA,0.249264001846313
"Fixed mixed-signal covariate-driven SAR design, lambda = 2",22,"ADA","Ada","not available",0.804820031298905,0.471361502347418,2,0.133333333333333,0.666666666666667,0.380257177896906,1.73449017358225,0.113281617200476,0.58755801994452,NA,NA,NA,NA,NA,NA,NA,NA,0.389542102813721
"Fixed mixed-signal covariate-driven SAR design, lambda = 2",23,"ADA","Ada","not available",0.82866979655712,0.661220657276995,0,0,0.555555555555556,0.417162079626073,1.06245767292452,0.128466364810084,0.416874798594611,NA,NA,NA,NA,NA,NA,NA,NA,0.212038040161133
"Fixed mixed-signal covariate-driven SAR design, lambda = 2",24,"ADA","Ada","not available",0.796181533646322,0.526760563380282,3,0.2,0.533333333333333,0.418807285377544,1.52613269315299,0.129526205980487,0.522153383355683,NA,NA,NA,NA,NA,NA,NA,NA,0.246262073516846
"Fixed mixed-signal covariate-driven SAR design, lambda = 2",25,"ADA","Ada","not available",0.785790297339593,0.5581220657277,2,0.133333333333333,0.577777777777778,0.390812300038207,1.4816737923057,0.120786567310014,0.528230005936327,NA,NA,NA,NA,NA,NA,NA,NA,0.271762847900391
"Fixed mixed-signal covariate-driven SAR design, lambda = 2",26,"ADA","Ada","not available",0.824475743348983,0.574272300469484,2,0.133333333333333,0.555555555555556,0.374618722499808,1.65772496044779,0.114036768505873,0.523052676550832,NA,NA,NA,NA,NA,NA,NA,NA,0.208121061325073
"Fixed mixed-signal covariate-driven SAR design, lambda = 2",27,"ADA","Ada","not available",0.833552425665102,0.60037558685446,2,0.133333333333333,0.533333333333333,0.372618034740019,1.37413180705698,0.112529722433698,0.482286412832774,NA,NA,NA,NA,NA,NA,NA,NA,0.233380079269409
"Fixed mixed-signal covariate-driven SAR design, lambda = 2",28,"ADA","Ada","not available",0.847010954616588,0.612582159624413,1,0.0666666666666667,0.622222222222222,0.35334657509212,1.43355369292804,0.106887005362608,0.526626533241969,NA,NA,NA,NA,NA,NA,NA,NA,0.22406792640686
"Fixed mixed-signal covariate-driven SAR design, lambda = 2",29,"ADA","Ada","not available",0.825978090766823,0.67981220657277,1,0.0666666666666667,0.533333333333333,0.410995526051986,1.02776845444791,0.124654680004194,0.38029270171178,NA,NA,NA,NA,NA,NA,NA,NA,0.348241090774536
"Fixed mixed-signal covariate-driven SAR design, lambda = 2",30,"ADA","Ada","not available",0.819280125195618,0.572769953051643,3,0.2,0.6,0.420636340775108,1.34613098719696,0.134612794597266,0.470896412714697,NA,NA,NA,NA,NA,NA,NA,NA,0.238847970962524
"Fixed mixed-signal covariate-driven SAR design, lambda = 2",31,"ADA","Ada","not available",0.803693270735524,0.590610328638498,4,0.266666666666667,0.577777777777778,0.417201469905467,1.19603656378816,0.129106076474933,0.444870319099712,NA,NA,NA,NA,NA,NA,NA,NA,0.2776939868927
"Fixed mixed-signal covariate-driven SAR design, lambda = 2",32,"ADA","Ada","not available",0.810203442879499,0.608638497652582,1,0.0666666666666667,0.577777777777778,0.420011929563534,1.09731822570564,0.125383960726704,0.423477801894606,NA,NA,NA,NA,NA,NA,NA,NA,0.357958078384399
"Fixed mixed-signal covariate-driven SAR design, lambda = 2",33,"ADA","Ada","not available",0.814397496087637,0.625915492957747,1,0.0666666666666667,0.533333333333333,0.405917221672634,1.28733728670687,0.126657608190084,0.470176886839317,NA,NA,NA,NA,NA,NA,NA,NA,0.283785820007324
"Fixed mixed-signal covariate-driven SAR design, lambda = 2",34,"ADA","Ada","not available",0.792801251956182,0.490892018779343,2,0.133333333333333,0.577777777777778,0.374882985387527,1.44856064784012,0.107979869348345,0.537523929393485,NA,NA,NA,NA,NA,NA,NA,NA,0.292096138000488
"Fixed mixed-signal covariate-driven SAR design, lambda = 2",35,"ADA","Ada","not available",0.850641627543036,0.613708920187793,3,0.2,0.6,0.381044722405425,1.2361115099614,0.112599712094762,0.443791484069738,NA,NA,NA,NA,NA,NA,NA,NA,0.234080076217651
"Fixed mixed-signal covariate-driven SAR design, lambda = 2",36,"ADA","Ada","not available",0.839186228482003,0.619530516431925,2,0.133333333333333,0.6,0.42694548252891,1.13034101663967,0.13401669302867,0.417331724586531,NA,NA,NA,NA,NA,NA,NA,NA,0.307696104049683
"Fixed mixed-signal covariate-driven SAR design, lambda = 2",37,"ADA","Ada","not available",0.831674491392801,0.572582159624413,1,0.0666666666666667,0.577777777777778,0.390820710695472,1.57862124770965,0.120547235443687,0.515525854957109,NA,NA,NA,NA,NA,NA,NA,NA,0.243275165557861
"Fixed mixed-signal covariate-driven SAR design, lambda = 2",38,"ADA","Ada","not available",0.79887323943662,0.687323943661972,3,0.2,0.488888888888889,0.399333315421827,1.08929275554831,0.122935610252155,0.390947684103022,NA,NA,NA,NA,NA,NA,NA,NA,0.249497890472412
"Fixed mixed-signal covariate-driven SAR design, lambda = 2",39,"ADA","Ada","not available",0.860657276995305,0.700657276995305,1,0.0666666666666667,0.6,0.349927247734573,1.28417668391007,0.106354110324067,0.439726090864742,NA,NA,NA,NA,NA,NA,NA,NA,0.230969905853271
"Fixed mixed-signal covariate-driven SAR design, lambda = 2",40,"ADA","Ada","not available",0.839561815336463,0.595868544600939,1,0.0666666666666667,0.577777777777778,0.405369515245962,1.24447824644608,0.124306606365062,0.469011043331307,NA,NA,NA,NA,NA,NA,NA,NA,0.220988988876343
"Fixed mixed-signal covariate-driven SAR design, lambda = 2",41,"ADA","Ada","not available",0.847449139280125,0.645446009389671,1,0.0666666666666667,0.6,0.380892738356406,1.26446257233433,0.119134610919286,0.472967746609262,NA,NA,NA,NA,NA,NA,NA,NA,0.261612176895142
"Fixed mixed-signal covariate-driven SAR design, lambda = 2",42,"ADA","Ada","not available",0.858028169014085,0.642253521126761,2,0.133333333333333,0.577777777777778,0.422517266390294,1.18603049457358,0.136824102871549,0.444324556820098,NA,NA,NA,NA,NA,NA,NA,NA,0.221951007843018
"Fixed mixed-signal covariate-driven SAR design, lambda = 2",43,"ADA","Ada","not available",0.81527386541471,0.509295774647887,1,0.0666666666666667,0.6,0.421817626302795,1.81408160607413,0.133629576308164,0.582380413654573,NA,NA,NA,NA,NA,NA,NA,NA,0.238418817520142
"Fixed mixed-signal covariate-driven SAR design, lambda = 2",44,"ADA","Ada","not available",0.793740219092332,0.524131455399061,1,0.0666666666666667,0.533333333333333,0.404153048982734,1.59295816949412,0.125924126214006,0.564074725297117,NA,NA,NA,NA,NA,NA,NA,NA,0.237319946289062
"Fixed mixed-signal covariate-driven SAR design, lambda = 2",45,"ADA","Ada","not available",0.785790297339593,0.459718309859155,2,0.133333333333333,0.577777777777778,0.407962229726325,1.89856471481706,0.126149454447183,0.60559432568938,NA,NA,NA,NA,NA,NA,NA,NA,0.233318090438843
"Fixed mixed-signal covariate-driven SAR design, lambda = 2",46,"ADA","Ada","not available",0.835931142410016,0.581408450704225,0,0,0.577777777777778,0.331613728031204,1.58436765855174,0.097768015313917,0.587245189355597,NA,NA,NA,NA,NA,NA,NA,NA,0.192785978317261
"Fixed mixed-signal covariate-driven SAR design, lambda = 2",47,"ADA","Ada","not available",0.8120813771518,0.564319248826291,1,0.0666666666666667,0.533333333333333,0.386526799296702,1.6809869922209,0.119410026119845,0.554977247664216,NA,NA,NA,NA,NA,NA,NA,NA,0.222807884216309
"Fixed mixed-signal covariate-driven SAR design, lambda = 2",48,"ADA","Ada","not available",0.862347417840376,0.664225352112676,5,0.333333333333333,0.644444444444444,0.382266476039009,1.06327526969521,0.115593293562919,0.397821074907298,NA,NA,NA,NA,NA,NA,NA,NA,0.239979028701782
"Fixed mixed-signal covariate-driven SAR design, lambda = 2",49,"ADA","Ada","not available",0.74679186228482,0.513615023474178,2,0.133333333333333,0.533333333333333,0.391771125536858,1.78568391116612,0.120001549838523,0.60469611995586,NA,NA,NA,NA,NA,NA,NA,NA,0.223805904388428
"Fixed mixed-signal covariate-driven SAR design, lambda = 2",50,"ADA","Ada","not available",0.822410015649452,0.55868544600939,4,0.266666666666667,0.622222222222222,0.395328416912469,1.17474041077464,0.116076437772313,0.447366924045062,NA,NA,NA,NA,NA,NA,NA,NA,0.250827074050903
"Fixed mixed-signal covariate-driven SAR design, lambda = 2",51,"ADA","Ada","not available",0.825352112676056,0.634366197183099,2,0.133333333333333,0.488888888888889,0.444522722251855,1.07877581180928,0.141615103493696,0.415709851207453,NA,NA,NA,NA,NA,NA,NA,NA,0.247951984405518
"Fixed mixed-signal covariate-driven SAR design, lambda = 2",52,"ADA","Ada","not available",0.770704225352113,0.563004694835681,1,0.0666666666666667,0.511111111111111,0.391874477851211,1.46220700010137,0.11914346332404,0.537142541173037,NA,NA,NA,NA,NA,NA,NA,NA,0.215809106826782
"Fixed mixed-signal covariate-driven SAR design, lambda = 2",53,"ADA","Ada","not available",0.81377151799687,0.547042253521127,1,0.0666666666666667,0.577777777777778,0.390128103268667,1.42027189325341,0.119567934663469,0.529005013456302,NA,NA,NA,NA,NA,NA,NA,NA,0.31157112121582
"Fixed mixed-signal covariate-driven SAR design, lambda = 2",54,"ADA","Ada","not available",0.781408450704225,0.526009389671361,0,0,0.511111111111111,0.42245764870755,1.46074535810637,0.132302360737386,0.534059490893496,NA,NA,NA,NA,NA,NA,NA,NA,0.204521894454956
"Fixed mixed-signal covariate-driven SAR design, lambda = 2",55,"ADA","Ada","not available",0.834491392801252,0.603192488262911,1,0.0666666666666667,0.644444444444444,0.362177420425989,1.42790230045914,0.109288516761387,0.488767725661255,NA,NA,NA,NA,NA,NA,NA,NA,0.23065185546875
"Fixed mixed-signal covariate-driven SAR design, lambda = 2",56,"ADA","Ada","not available",0.770140845070423,0.528262910798122,2,0.133333333333333,0.466666666666667,0.484493413062173,1.10749058473651,0.154017261679697,0.421115245894173,NA,NA,NA,NA,NA,NA,NA,NA,0.325323820114136
"Fixed mixed-signal covariate-driven SAR design, lambda = 2",57,"ADA","Ada","not available",0.789733959311424,0.510610328638498,1,0.0666666666666667,0.533333333333333,0.422443280627887,1.36032549781262,0.129374467750238,0.509123448541638,NA,NA,NA,NA,NA,NA,NA,NA,0.218232870101929
"Fixed mixed-signal covariate-driven SAR design, lambda = 2",58,"ADA","Ada","not available",0.872738654147105,0.739906103286385,2,0.133333333333333,0.6,0.317816684853457,1.17903269281509,0.0940252325873357,0.421562864284571,NA,NA,NA,NA,NA,NA,NA,NA,0.211600065231323
"Fixed mixed-signal covariate-driven SAR design, lambda = 2",59,"ADA","Ada","not available",0.789796557120501,0.535211267605634,2,0.133333333333333,0.555555555555556,0.451039169996562,1.67888041091648,0.143825835962496,0.557705913575956,NA,NA,NA,NA,NA,NA,NA,NA,0.266531944274902
"Fixed mixed-signal covariate-driven SAR design, lambda = 2",60,"ADA","Ada","not available",0.82848200312989,0.605821596244131,2,0.133333333333333,0.577777777777778,0.418412111836104,1.12387298391958,0.128912522074883,0.422677181958487,NA,NA,NA,NA,NA,NA,NA,NA,0.291139841079712
"Fixed mixed-signal covariate-driven SAR design, lambda = 2",61,"ADA","Ada","not available",0.825727699530516,0.497840375586854,2,0.133333333333333,0.644444444444444,0.335455567177088,1.74794955646005,0.0972713285223061,0.626704235279134,NA,NA,NA,NA,NA,NA,NA,NA,0.236066102981567
"Fixed mixed-signal covariate-driven SAR design, lambda = 2",62,"ADA","Ada","not available",0.762378716744914,0.457652582159624,0,0,0.488888888888889,0.466023172691062,1.51455470327097,0.151065420723974,0.548262555323982,NA,NA,NA,NA,NA,NA,NA,NA,0.22420597076416
"Fixed mixed-signal covariate-driven SAR design, lambda = 2",63,"ADA","Ada","not available",0.878810641627543,0.692957746478873,2,0.133333333333333,0.622222222222222,0.333094839749395,1.20561006479506,0.0990891848654489,0.457329059383946,NA,NA,NA,NA,NA,NA,NA,NA,0.308135986328125
"Fixed mixed-signal covariate-driven SAR design, lambda = 2",64,"ADA","Ada","not available",0.845195618153365,0.692957746478873,1,0.0666666666666667,0.488888888888889,0.464758732452686,0.888205260905222,0.15163862330775,0.334570970810116,NA,NA,NA,NA,NA,NA,NA,NA,0.217965841293335
"Fixed mixed-signal covariate-driven SAR design, lambda = 2",65,"ADA","Ada","not available",0.823348982785603,0.543098591549296,1,0.0666666666666667,0.577777777777778,0.391139667994448,1.53483603551093,0.12145742205847,0.546620438605159,NA,NA,NA,NA,NA,NA,NA,NA,0.381211042404175
"Fixed mixed-signal covariate-driven SAR design, lambda = 2",66,"ADA","Ada","not available",0.82510172143975,0.597558685446009,4,0.266666666666667,0.6,0.370433021937799,1.33392313884604,0.113016507633049,0.473439109912933,NA,NA,NA,NA,NA,NA,NA,NA,0.232875823974609
"Fixed mixed-signal covariate-driven SAR design, lambda = 2",67,"ADA","Ada","not available",0.840438184663537,0.649577464788732,1,0.0666666666666667,0.511111111111111,0.434786344685282,1.04030463731131,0.135848870431183,0.404718411474454,NA,NA,NA,NA,NA,NA,NA,NA,0.228184223175049
"Fixed mixed-signal covariate-driven SAR design, lambda = 2",68,"ADA","Ada","not available",0.83924882629108,0.631549295774648,2,0.133333333333333,0.555555555555556,0.394446459768124,1.11711469974278,0.11625476811121,0.42611339966193,NA,NA,NA,NA,NA,NA,NA,NA,0.233584880828857
"Fixed mixed-signal covariate-driven SAR design, lambda = 2",69,"ADA","Ada","not available",0.755242566510172,0.443380281690141,0,0,0.488888888888889,0.398944707862882,1.75312129665739,0.123247787554987,0.637919748969533,NA,NA,NA,NA,NA,NA,NA,NA,0.227739095687866
"Fixed mixed-signal covariate-driven SAR design, lambda = 2",70,"ADA","Ada","not available",0.78585289514867,0.591549295774648,3,0.2,0.555555555555556,0.41955627661697,1.52623647153215,0.131553384647411,0.495429621039048,NA,NA,NA,NA,NA,NA,NA,NA,0.244754076004028
"Fixed mixed-signal covariate-driven SAR design, lambda = 2",71,"ADA","Ada","not available",0.825602503912363,0.542159624413146,1,0.0666666666666667,0.577777777777778,0.390502302095241,1.53974396793919,0.119777426467984,0.534450352606161,NA,NA,NA,NA,NA,NA,NA,NA,0.246077060699463
"Fixed mixed-signal covariate-driven SAR design, lambda = 2",72,"ADA","Ada","not available",0.768701095461659,0.496901408450704,1,0.0666666666666667,0.555555555555556,0.386353620726591,1.78212826109214,0.116277917205018,0.6089004548241,NA,NA,NA,NA,NA,NA,NA,NA,0.28205680847168
"Fixed mixed-signal covariate-driven SAR design, lambda = 2",73,"ADA","Ada","not available",0.854272300469484,0.606009389671362,0,0,0.577777777777778,0.366887452125386,1.35473955724775,0.110990232931102,0.515450233921682,NA,NA,NA,NA,NA,NA,NA,NA,0.252533197402954
"Fixed mixed-signal covariate-driven SAR design, lambda = 2",74,"ADA","Ada","not available",0.795680751173709,0.48075117370892,2,0.133333333333333,0.644444444444444,0.390100582827447,1.78594354846079,0.117085146620795,0.575774492282193,NA,NA,NA,NA,NA,NA,NA,NA,0.249301910400391
"Fixed mixed-signal covariate-driven SAR design, lambda = 2",75,"ADA","Ada","not available",0.826478873239437,0.582535211267606,3,0.2,0.555555555555556,0.490026223667213,1.25042051862963,0.163033555335957,0.447241107861996,NA,NA,NA,NA,NA,NA,NA,NA,0.22834587097168
"Fixed mixed-signal covariate-driven SAR design, lambda = 2",76,"ADA","Ada","not available",0.774585289514867,0.487699530516432,1,0.0666666666666667,0.555555555555556,0.404374578067045,1.70127029383335,0.12385119076689,0.579546702873694,NA,NA,NA,NA,NA,NA,NA,NA,0.26029896736145
"Fixed mixed-signal covariate-driven SAR design, lambda = 2",77,"ADA","Ada","not available",0.839123630672927,0.634366197183099,3,0.2,0.577777777777778,0.377302729280861,1.11766189669324,0.107469664681839,0.434509083795539,NA,NA,NA,NA,NA,NA,NA,NA,0.257807016372681
"Fixed mixed-signal covariate-driven SAR design, lambda = 2",78,"ADA","Ada","not available",0.819718309859155,0.595868544600939,3,0.2,0.622222222222222,0.381319113267998,1.50436935189678,0.116872659476438,0.465735320022472,NA,NA,NA,NA,NA,NA,NA,NA,0.175379991531372
"Fixed mixed-signal covariate-driven SAR design, lambda = 2",79,"ADA","Ada","not available",0.782785602503912,0.490704225352113,1,0.0666666666666667,0.555555555555556,0.41301433090296,1.58562159063795,0.129099326542216,0.590875907008466,NA,NA,NA,NA,NA,NA,NA,NA,0.231748104095459
"Fixed mixed-signal covariate-driven SAR design, lambda = 2",80,"ADA","Ada","not available",0.823035993740219,0.595868544600939,3,0.2,0.666666666666667,0.342487640187745,1.38162692811852,0.0970882412133239,0.490757456011171,NA,NA,NA,NA,NA,NA,NA,NA,0.238643169403076
"Fixed mixed-signal covariate-driven SAR design, lambda = 2",81,"ADA","Ada","not available",0.78773082942097,0.443380281690141,1,0.0666666666666667,0.555555555555556,0.377009541803343,1.78777280615401,0.113526077622526,0.64087415969413,NA,NA,NA,NA,NA,NA,NA,NA,0.375737190246582
"Fixed mixed-signal covariate-driven SAR design, lambda = 2",82,"ADA","Ada","not available",0.780344287949922,0.604507042253521,2,0.133333333333333,0.488888888888889,0.426772178690704,1.33089300763142,0.131866550500523,0.460501540966166,NA,NA,NA,NA,NA,NA,NA,NA,0.230247974395752
"Fixed mixed-signal covariate-driven SAR design, lambda = 2",83,"ADA","Ada","not available",0.849953051643192,0.675305164319249,3,0.2,0.644444444444444,0.343933902239424,1.35184236707967,0.103332539161844,0.482973117308857,NA,NA,NA,NA,NA,NA,NA,NA,0.246450185775757
"Fixed mixed-signal covariate-driven SAR design, lambda = 2",84,"ADA","Ada","not available",0.814960876369327,0.554178403755869,2,0.133333333333333,0.6,0.393854656125648,1.35458514987113,0.118775178611697,0.500629828719279,NA,NA,NA,NA,NA,NA,NA,NA,0.187258958816528
"Fixed mixed-signal covariate-driven SAR design, lambda = 2",85,"ADA","Ada","not available",0.780281690140845,0.451643192488263,1,0.0666666666666667,0.555555555555556,0.385300776743212,1.92869465699581,0.117788213862798,0.645452278302406,NA,NA,NA,NA,NA,NA,NA,NA,0.188454151153564
"Fixed mixed-signal covariate-driven SAR design, lambda = 2",86,"ADA","Ada","not available",0.81245696400626,0.563192488262911,2,0.133333333333333,0.555555555555556,0.396977535998026,1.37208532095566,0.118765536048748,0.478494687653072,NA,NA,NA,NA,NA,NA,NA,NA,0.228952884674072
"Fixed mixed-signal covariate-driven SAR design, lambda = 2",87,"ADA","Ada","not available",0.825164319248826,0.610704225352113,2,0.133333333333333,0.577777777777778,0.372451273349832,1.41942727715567,0.113968437168386,0.510709749443895,NA,NA,NA,NA,NA,NA,NA,NA,0.231277942657471
"Fixed mixed-signal covariate-driven SAR design, lambda = 2",88,"ADA","Ada","not available",0.82547730829421,0.617652582159624,2,0.133333333333333,0.555555555555556,0.408580592531506,1.25867514488344,0.129074613732211,0.462170598587886,NA,NA,NA,NA,NA,NA,NA,NA,0.241415023803711
"Fixed mixed-signal covariate-driven SAR design, lambda = 2",89,"ADA","Ada","not available",0.82866979655712,0.582910798122066,2,0.133333333333333,0.577777777777778,0.375667186280889,1.3539469877126,0.112269286055809,0.494289497962005,NA,NA,NA,NA,NA,NA,NA,NA,0.294993162155151
"Fixed mixed-signal covariate-driven SAR design, lambda = 2",90,"ADA","Ada","not available",0.810954616588419,0.59868544600939,4,0.266666666666667,0.6,0.408151031653972,1.1972352101093,0.125075743828243,0.448460426427527,NA,NA,NA,NA,NA,NA,NA,NA,0.312136888504028
"Fixed mixed-signal covariate-driven SAR design, lambda = 2",91,"ADA","Ada","not available",0.812394366197183,0.500845070422535,1,0.0666666666666667,0.6,0.393573993398056,1.4300565292877,0.116749746365656,0.532012156614242,NA,NA,NA,NA,NA,NA,NA,NA,0.230107069015503
"Fixed mixed-signal covariate-driven SAR design, lambda = 2",92,"ADA","Ada","not available",0.826917057902973,0.580657276995305,0,0,0.488888888888889,0.404434915719123,1.25706560130223,0.122793859350159,0.468298680842264,NA,NA,NA,NA,NA,NA,NA,NA,0.433478116989136
"Fixed mixed-signal covariate-driven SAR design, lambda = 2",93,"ADA","Ada","not available",0.786103286384977,0.59981220657277,3,0.2,0.555555555555556,0.421480324446236,1.17445910137629,0.128275823856073,0.429941834332221,NA,NA,NA,NA,NA,NA,NA,NA,0.201697111129761
"Fixed mixed-signal covariate-driven SAR design, lambda = 2",94,"ADA","Ada","not available",0.812895148669797,0.494460093896714,1,0.0666666666666667,0.6,0.369757418788629,1.8556986100134,0.110240447748422,0.601704202713929,NA,NA,NA,NA,NA,NA,NA,NA,0.252722024917603
"Fixed mixed-signal covariate-driven SAR design, lambda = 2",95,"ADA","Ada","not available",0.819029733959311,0.530328638497653,1,0.0666666666666667,0.644444444444444,0.353484973601069,1.72170113055813,0.104177133431953,0.592966937766964,NA,NA,NA,NA,NA,NA,NA,NA,0.233741044998169
"Fixed mixed-signal covariate-driven SAR design, lambda = 2",96,"ADA","Ada","not available",0.799561815336463,0.612957746478873,3,0.2,0.577777777777778,0.363155944542457,1.37440546187508,0.10868568032808,0.480166641972111,NA,NA,NA,NA,NA,NA,NA,NA,0.259140968322754
"Fixed mixed-signal covariate-driven SAR design, lambda = 2",97,"ADA","Ada","not available",0.838810641627543,0.615399061032864,4,0.266666666666667,0.6,0.448247468509361,1.1763354411839,0.14381313193466,0.410801353407271,NA,NA,NA,NA,NA,NA,NA,NA,0.27215313911438
"Fixed mixed-signal covariate-driven SAR design, lambda = 2",98,"ADA","Ada","not available",0.809827856025039,0.587793427230047,1,0.0666666666666667,0.488888888888889,0.448352106978169,1.45639392504228,0.142872911719205,0.511575859060794,NA,NA,NA,NA,NA,NA,NA,NA,0.20609188079834
"Fixed mixed-signal covariate-driven SAR design, lambda = 2",99,"ADA","Ada","not available",0.829295774647887,0.551737089201878,3,0.2,0.688888888888889,0.325636736599006,1.76778480388654,0.0939221623146115,0.592950688136971,NA,NA,NA,NA,NA,NA,NA,NA,0.244655847549438
"Fixed mixed-signal covariate-driven SAR design, lambda = 2",100,"ADA","Ada","not available",0.834178403755868,0.530892018779343,1,0.0666666666666667,0.644444444444444,0.340793970095677,1.78482253382459,0.0991331913571274,0.588865194043395,NA,NA,NA,NA,NA,NA,NA,NA,0.21601676940918
"Fixed mixed-signal covariate-driven SAR design, lambda = 2",1,"ADA_NET","Ada + Net","not available",0.816776212832551,0.636807511737089,2,0.133333333333333,0.577777777777778,0.395065237388817,1.22178201538334,0.123088822393548,0.442673914492529,NA,NA,NA,NA,NA,NA,NA,NA,0.260671138763428
"Fixed mixed-signal covariate-driven SAR design, lambda = 2",2,"ADA_NET","Ada + Net","not available",0.792863849765258,0.52075117370892,1,0.0666666666666667,0.533333333333333,0.482376760597099,1.030937252207,0.148907420288308,0.408857342693766,NA,NA,NA,NA,NA,NA,NA,NA,0.381334066390991
"Fixed mixed-signal covariate-driven SAR design, lambda = 2",3,"ADA_NET","Ada + Net","not available",0.818591549295775,0.476056338028169,1,0.0666666666666667,0.644444444444444,0.432503131924498,1.52119475363451,0.134683741516749,0.531250290611174,NA,NA,NA,NA,NA,NA,NA,NA,0.729219913482666
"Fixed mixed-signal covariate-driven SAR design, lambda = 2",4,"ADA_NET","Ada + Net","not available",0.82566510172144,0.699718309859155,2,0.133333333333333,0.533333333333333,0.416282043317985,0.953537309516278,0.12829109612289,0.353995551774601,NA,NA,NA,NA,NA,NA,NA,NA,0.775305032730103
"Fixed mixed-signal covariate-driven SAR design, lambda = 2",5,"ADA_NET","Ada + Net","not available",0.776901408450704,0.4781220657277,0,0,0.533333333333333,0.427041298512255,1.35892882708552,0.130045454550261,0.520330191045236,NA,NA,NA,NA,NA,NA,NA,NA,0.807155847549438
"Fixed mixed-signal covariate-driven SAR design, lambda = 2",6,"ADA_NET","Ada + Net","not available",0.846572769953052,0.648262910798122,1,0.0666666666666667,0.577777777777778,0.406748994247529,1.10445507950515,0.125776159377668,0.416679276781471,NA,NA,NA,NA,NA,NA,NA,NA,0.738964080810547
"Fixed mixed-signal covariate-driven SAR design, lambda = 2",7,"ADA_NET","Ada + Net","not available",0.781158059467919,0.508169014084507,1,0.0666666666666667,0.577777777777778,0.371027693396981,1.70756463625033,0.110116937184277,0.583167377802247,NA,NA,NA,NA,NA,NA,NA,NA,0.680154085159302
"Fixed mixed-signal covariate-driven SAR design, lambda = 2",8,"ADA_NET","Ada + Net","not available",0.828231611893584,0.667605633802817,1,0.0666666666666667,0.555555555555556,0.397973321423605,1.21249751368874,0.125615859363595,0.450177706844506,NA,NA,NA,NA,NA,NA,NA,NA,0.633737802505493
"Fixed mixed-signal covariate-driven SAR design, lambda = 2",9,"ADA_NET","Ada + Net","not available",0.854647887323944,0.671737089201878,2,0.133333333333333,0.6,0.432827729366214,0.949622515755534,0.135170698902201,0.365371523158976,NA,NA,NA,NA,NA,NA,NA,NA,0.837221145629883
"Fixed mixed-signal covariate-driven SAR design, lambda = 2",10,"ADA_NET","Ada + Net","not available",0.763067292644757,0.501032863849765,1,0.0666666666666667,0.488888888888889,0.413188279441611,1.41560048918706,0.125533317337043,0.544115919797517,NA,NA,NA,NA,NA,NA,NA,NA,0.738460779190063
"Fixed mixed-signal covariate-driven SAR design, lambda = 2",11,"ADA_NET","Ada + Net","not available",0.780406885758998,0.540093896713615,2,0.133333333333333,0.533333333333333,0.454261424428726,1.46307151398037,0.147895248894778,0.510955458406879,NA,NA,NA,NA,NA,NA,NA,NA,0.687174081802368
"Fixed mixed-signal covariate-driven SAR design, lambda = 2",12,"ADA_NET","Ada + Net","not available",0.775899843505477,0.449765258215962,1,0.0666666666666667,0.511111111111111,0.423614816202261,1.7588067560319,0.134136643196327,0.613279142449738,NA,NA,NA,NA,NA,NA,NA,NA,0.620589971542358
"Fixed mixed-signal covariate-driven SAR design, lambda = 2",13,"ADA_NET","Ada + Net","not available",0.755117370892019,0.404882629107981,1,0.0666666666666667,0.6,0.462472726015937,1.78349699210855,0.149068470723343,0.623599421527799,NA,NA,NA,NA,NA,NA,NA,NA,0.848580837249756
"Fixed mixed-signal covariate-driven SAR design, lambda = 2",14,"ADA_NET","Ada + Net","not available",0.784851330203443,0.473615023474178,0,0,0.555555555555556,0.433914520680558,1.46877244115382,0.135590864416643,0.551988588505597,NA,NA,NA,NA,NA,NA,NA,NA,0.286380052566528
"Fixed mixed-signal covariate-driven SAR design, lambda = 2",15,"ADA_NET","Ada + Net","not available",0.750485133020344,0.427230046948357,0,0,0.422222222222222,0.479927219528318,1.28763617642316,0.152274838838341,0.497279366230414,NA,NA,NA,NA,NA,NA,NA,NA,0.63530707359314
"Fixed mixed-signal covariate-driven SAR design, lambda = 2",16,"ADA_NET","Ada + Net","not available",0.904037558685446,0.805258215962441,2,0.133333333333333,0.6,0.358264929740779,0.834645174842923,0.110097147773821,0.313692149795456,NA,NA,NA,NA,NA,NA,NA,NA,0.782749891281128
"Fixed mixed-signal covariate-driven SAR design, lambda = 2",17,"ADA_NET","Ada + Net","not available",0.83981220657277,0.673239436619718,1,0.0666666666666667,0.577777777777778,0.372811035687746,1.21750368106992,0.115308424262028,0.453693263344633,NA,NA,NA,NA,NA,NA,NA,NA,0.707561016082764
"Fixed mixed-signal covariate-driven SAR design, lambda = 2",18,"ADA_NET","Ada + Net","not available",0.767449139280125,0.416338028169014,1,0.0666666666666667,0.533333333333333,0.413208239904215,1.55140278500646,0.124970848491049,0.583168150911025,NA,NA,NA,NA,NA,NA,NA,NA,0.293533086776733
"Fixed mixed-signal covariate-driven SAR design, lambda = 2",19,"ADA_NET","Ada + Net","not available",0.764068857589984,0.578403755868545,2,0.133333333333333,0.488888888888889,0.450836663627277,1.18047679248094,0.1439256254813,0.441563274950533,NA,NA,NA,NA,NA,NA,NA,NA,0.341569185256958
"Fixed mixed-signal covariate-driven SAR design, lambda = 2",20,"ADA_NET","Ada + Net","not available",0.784100156494523,0.564882629107981,2,0.133333333333333,0.444444444444444,0.456362543532576,1.30683555002919,0.148590231309397,0.470032092180462,NA,NA,NA,NA,NA,NA,NA,NA,0.244976997375488
"Fixed mixed-signal covariate-driven SAR design, lambda = 2",21,"ADA_NET","Ada + Net","not available",0.832613458528952,0.663286384976526,0,0,0.511111111111111,0.43253677021156,1.12838138037842,0.139868636401074,0.43344793610366,NA,NA,NA,NA,NA,NA,NA,NA,0.256788969039917
"Fixed mixed-signal covariate-driven SAR design, lambda = 2",22,"ADA_NET","Ada + Net","not available",0.797809076682316,0.486009389671361,0,0,0.533333333333333,0.422112674880395,1.41663007867289,0.129174877591438,0.530116891842311,NA,NA,NA,NA,NA,NA,NA,NA,0.291769027709961
"Fixed mixed-signal covariate-driven SAR design, lambda = 2",23,"ADA_NET","Ada + Net","not available",0.836494522691706,0.660469483568075,0,0,0.511111111111111,0.441937527849082,0.987083787532152,0.135181614239927,0.389286671950887,NA,NA,NA,NA,NA,NA,NA,NA,0.211015939712524
"Fixed mixed-signal covariate-driven SAR design, lambda = 2",24,"ADA_NET","Ada + Net","not available",0.789045383411581,0.487887323943662,2,0.133333333333333,0.6,0.442079871642916,1.41484057772397,0.136814561904138,0.50627213073639,NA,NA,NA,NA,NA,NA,NA,NA,0.224375009536743
"Fixed mixed-signal covariate-driven SAR design, lambda = 2",25,"ADA_NET","Ada + Net","not available",0.823348982785603,0.653145539906103,1,0.0666666666666667,0.466666666666667,0.527177664777107,1.04312212197255,0.171206788644386,0.37543608577855,NA,NA,NA,NA,NA,NA,NA,NA,0.236686944961548
"Fixed mixed-signal covariate-driven SAR design, lambda = 2",26,"ADA_NET","Ada + Net","not available",0.850015649452269,0.692206572769953,6,0.4,0.711111111111111,0.408556662469722,1.15217175351911,0.126957285198477,0.341735752895398,NA,NA,NA,NA,NA,NA,NA,NA,0.234952926635742
"Fixed mixed-signal covariate-driven SAR design, lambda = 2",27,"ADA_NET","Ada + Net","not available",0.808638497652582,0.540281690140845,1,0.0666666666666667,0.555555555555556,0.423979402687573,1.3944126323508,0.132947136009976,0.491107652761977,NA,NA,NA,NA,NA,NA,NA,NA,0.235663890838623
"Fixed mixed-signal covariate-driven SAR design, lambda = 2",28,"ADA_NET","Ada + Net","not available",0.851392801251956,0.656150234741784,1,0.0666666666666667,0.6,0.431789472738035,0.987427977874617,0.129975337289508,0.387035243918968,NA,NA,NA,NA,NA,NA,NA,NA,0.240843057632446
"Fixed mixed-signal covariate-driven SAR design, lambda = 2",29,"ADA_NET","Ada + Net","not available",0.835242566510172,0.620281690140845,4,0.266666666666667,0.622222222222222,0.444174845339916,1.00397772115046,0.132054226221362,0.394769705963364,NA,NA,NA,NA,NA,NA,NA,NA,0.319255113601685
"Fixed mixed-signal covariate-driven SAR design, lambda = 2",30,"ADA_NET","Ada + Net","not available",0.793051643192488,0.492394366197183,1,0.0666666666666667,0.533333333333333,0.437850337542972,1.39937839439261,0.137495537262757,0.515204416617184,NA,NA,NA,NA,NA,NA,NA,NA,0.248350858688354
"Fixed mixed-signal covariate-driven SAR design, lambda = 2",31,"ADA_NET","Ada + Net","not available",0.785352112676056,0.549295774647887,1,0.0666666666666667,0.511111111111111,0.440384860677939,1.15716303818784,0.134956594628143,0.450796361737833,NA,NA,NA,NA,NA,NA,NA,NA,0.267135858535767
"Fixed mixed-signal covariate-driven SAR design, lambda = 2",32,"ADA_NET","Ada + Net","not available",0.86547730829421,0.765258215962441,1,0.0666666666666667,0.511111111111111,0.408159789025025,0.915241919702653,0.119671522392787,0.351377599776932,NA,NA,NA,NA,NA,NA,NA,NA,0.267734050750732
"Fixed mixed-signal covariate-driven SAR design, lambda = 2",33,"ADA_NET","Ada + Net","not available",0.825978090766823,0.635680751173709,0,0,0.466666666666667,0.429389014178642,1.09589505909436,0.133770402993851,0.421079773027079,NA,NA,NA,NA,NA,NA,NA,NA,0.236788988113403
"Fixed mixed-signal covariate-driven SAR design, lambda = 2",34,"ADA_NET","Ada + Net","not available",0.76018779342723,0.461032863849765,2,0.133333333333333,0.555555555555556,0.391215130442013,1.59921343487136,0.115237782629912,0.568561945760877,NA,NA,NA,NA,NA,NA,NA,NA,0.224081993103027
"Fixed mixed-signal covariate-driven SAR design, lambda = 2",35,"ADA_NET","Ada + Net","not available",0.843568075117371,0.660281690140845,3,0.2,0.533333333333333,0.412451642496027,1.13508372405785,0.128290009536042,0.408342596277629,NA,NA,NA,NA,NA,NA,NA,NA,0.221162080764771
"Fixed mixed-signal covariate-driven SAR design, lambda = 2",36,"ADA_NET","Ada + Net","not available",0.784350547730829,0.556807511737089,0,0,0.511111111111111,0.457214734856598,1.20576560623679,0.145466762346642,0.453215724486831,NA,NA,NA,NA,NA,NA,NA,NA,0.332594156265259
"Fixed mixed-signal covariate-driven SAR design, lambda = 2",37,"ADA_NET","Ada + Net","not available",0.830672926447574,0.582910798122066,2,0.133333333333333,0.555555555555556,0.466647666897668,1.2501297913289,0.152896924436985,0.425736079279384,NA,NA,NA,NA,NA,NA,NA,NA,0.252213954925537
"Fixed mixed-signal covariate-driven SAR design, lambda = 2",38,"ADA_NET","Ada + Net","not available",0.80131455399061,0.683004694835681,4,0.266666666666667,0.6,0.460099343646092,0.903919334485312,0.141477354036152,0.342302384128513,NA,NA,NA,NA,NA,NA,NA,NA,0.298317193984985
"Fixed mixed-signal covariate-driven SAR design, lambda = 2",39,"ADA_NET","Ada + Net","not available",0.903912363067293,0.80112676056338,4,0.266666666666667,0.688888888888889,0.297413853768808,0.980410489321529,0.0878661762980792,0.340823212285435,NA,NA,NA,NA,NA,NA,NA,NA,0.214505910873413
"Fixed mixed-signal covariate-driven SAR design, lambda = 2",40,"ADA_NET","Ada + Net","not available",0.818779342723005,0.566197183098592,1,0.0666666666666667,0.6,0.478281085156465,1.18930142495324,0.156871532099363,0.441905655600622,NA,NA,NA,NA,NA,NA,NA,NA,0.222474813461304
"Fixed mixed-signal covariate-driven SAR design, lambda = 2",41,"ADA_NET","Ada + Net","not available",0.865164319248826,0.633990610328638,5,0.333333333333333,0.666666666666667,0.378563091679015,1.20098132543925,0.115074865214278,0.431243405696724,NA,NA,NA,NA,NA,NA,NA,NA,0.238039016723633
"Fixed mixed-signal covariate-driven SAR design, lambda = 2",42,"ADA_NET","Ada + Net","not available",0.883380281690141,0.750610328638498,2,0.133333333333333,0.533333333333333,0.489854176797691,0.722964066330404,0.163705192458912,0.250022926143638,NA,NA,NA,NA,NA,NA,NA,NA,0.220954895019531
"Fixed mixed-signal covariate-driven SAR design, lambda = 2",43,"ADA_NET","Ada + Net","not available",0.819092331768388,0.514553990610329,2,0.133333333333333,0.6,0.480783022547115,1.49387471530914,0.159345997378807,0.508388902840852,NA,NA,NA,NA,NA,NA,NA,NA,0.199055910110474
"Fixed mixed-signal covariate-driven SAR design, lambda = 2",44,"ADA_NET","Ada + Net","not available",0.805884194053208,0.539154929577465,1,0.0666666666666667,0.555555555555556,0.418981154935819,1.30031528336995,0.129252657709452,0.497207085486509,NA,NA,NA,NA,NA,NA,NA,NA,0.226583957672119
"Fixed mixed-signal covariate-driven SAR design, lambda = 2",45,"ADA_NET","Ada + Net","not available",0.776025039123631,0.432488262910798,0,0,0.577777777777778,0.448618009505192,1.693105518658,0.142466786693298,0.583008966513877,NA,NA,NA,NA,NA,NA,NA,NA,0.218854904174805
"Fixed mixed-signal covariate-driven SAR design, lambda = 2",46,"ADA_NET","Ada + Net","not available",0.831799687010955,0.544413145539906,0,0,0.6,0.374466956711234,1.42835240871456,0.113528683892706,0.549872661445234,NA,NA,NA,NA,NA,NA,NA,NA,0.226822853088379
"Fixed mixed-signal covariate-driven SAR design, lambda = 2",47,"ADA_NET","Ada + Net","not available",0.790860719874804,0.523192488262911,1,0.0666666666666667,0.511111111111111,0.403127529331358,1.62299993712553,0.125459045825284,0.548503419030338,NA,NA,NA,NA,NA,NA,NA,NA,0.212936162948608
"Fixed mixed-signal covariate-driven SAR design, lambda = 2",48,"ADA_NET","Ada + Net","not available",0.855712050078247,0.652582159624413,5,0.333333333333333,0.622222222222222,0.427162579606863,1.01492534242189,0.134704624361301,0.378756973622154,NA,NA,NA,NA,NA,NA,NA,NA,0.225266933441162
"Fixed mixed-signal covariate-driven SAR design, lambda = 2",49,"ADA_NET","Ada + Net","not available",0.745727699530516,0.464788732394366,2,0.133333333333333,0.555555555555556,0.41179153499523,1.64993711619226,0.127216501641929,0.582361766596807,NA,NA,NA,NA,NA,NA,NA,NA,0.227843046188354
"Fixed mixed-signal covariate-driven SAR design, lambda = 2",50,"ADA_NET","Ada + Net","not available",0.807824726134585,0.536713615023474,4,0.266666666666667,0.622222222222222,0.425303967670077,1.21558535361423,0.131722651200223,0.45408080418967,NA,NA,NA,NA,NA,NA,NA,NA,0.217862844467163
"Fixed mixed-signal covariate-driven SAR design, lambda = 2",51,"ADA_NET","Ada + Net","not available",0.78679186228482,0.541220657276995,2,0.133333333333333,0.488888888888889,0.463008346855364,1.11480615795487,0.146321825047023,0.429591280865205,NA,NA,NA,NA,NA,NA,NA,NA,0.234899044036865
"Fixed mixed-signal covariate-driven SAR design, lambda = 2",52,"ADA_NET","Ada + Net","not available",0.813333333333333,0.63830985915493,0,0,0.488888888888889,0.404197311322233,1.20401193920133,0.127991353182921,0.441061620075887,NA,NA,NA,NA,NA,NA,NA,NA,0.21687388420105
"Fixed mixed-signal covariate-driven SAR design, lambda = 2",53,"ADA_NET","Ada + Net","not available",0.81170579029734,0.541784037558685,1,0.0666666666666667,0.6,0.416560668432084,1.31998168034863,0.129801418085099,0.496715503770351,NA,NA,NA,NA,NA,NA,NA,NA,0.232168912887573
"Fixed mixed-signal covariate-driven SAR design, lambda = 2",54,"ADA_NET","Ada + Net","not available",0.803943661971831,0.571267605633803,3,0.2,0.577777777777778,0.440713043718129,1.07380146865212,0.13277083964096,0.421338932683339,NA,NA,NA,NA,NA,NA,NA,NA,0.293206930160522
"Fixed mixed-signal covariate-driven SAR design, lambda = 2",55,"ADA_NET","Ada + Net","not available",0.814960876369327,0.553051643192488,2,0.133333333333333,0.555555555555556,0.40433319912981,1.4230615694424,0.125472091417688,0.501581443859032,NA,NA,NA,NA,NA,NA,NA,NA,0.226824998855591
"Fixed mixed-signal covariate-driven SAR design, lambda = 2",56,"ADA_NET","Ada + Net","not available",0.795179968701095,0.608450704225352,2,0.133333333333333,0.511111111111111,0.509769703093213,0.898537854410656,0.162458603000251,0.346959357907126,NA,NA,NA,NA,NA,NA,NA,NA,0.269315958023071
"Fixed mixed-signal covariate-driven SAR design, lambda = 2",57,"ADA_NET","Ada + Net","not available",0.773834115805947,0.504037558685446,0,0,0.533333333333333,0.415189519435248,1.32327825967796,0.124315313982035,0.507304577752668,NA,NA,NA,NA,NA,NA,NA,NA,0.223657131195068
"Fixed mixed-signal covariate-driven SAR design, lambda = 2",58,"ADA_NET","Ada + Net","not available",0.824350547730829,0.652394366197183,2,0.133333333333333,0.577777777777778,0.336275972551851,1.42528933047733,0.100323776981005,0.504839840465242,NA,NA,NA,NA,NA,NA,NA,NA,0.211936950683594
"Fixed mixed-signal covariate-driven SAR design, lambda = 2",59,"ADA_NET","Ada + Net","not available",0.800312989045383,0.534835680751174,2,0.133333333333333,0.555555555555556,0.554074359772368,1.23781921460144,0.190275919084023,0.438935458631974,NA,NA,NA,NA,NA,NA,NA,NA,0.23540210723877
"Fixed mixed-signal covariate-driven SAR design, lambda = 2",60,"ADA_NET","Ada + Net","not available",0.827104851330203,0.655962441314554,2,0.133333333333333,0.622222222222222,0.401059575841009,1.17150767900814,0.125253308643582,0.409355758063533,NA,NA,NA,NA,NA,NA,NA,NA,0.20839786529541
"Fixed mixed-signal covariate-driven SAR design, lambda = 2",61,"ADA_NET","Ada + Net","not available",0.842879499217527,0.535774647887324,1,0.0666666666666667,0.688888888888889,0.343171672155455,1.58325576323144,0.0982341222070489,0.568828026764606,NA,NA,NA,NA,NA,NA,NA,NA,0.35905385017395
"Fixed mixed-signal covariate-driven SAR design, lambda = 2",62,"ADA_NET","Ada + Net","not available",0.757809076682316,0.462723004694836,0,0,0.488888888888889,0.472771713773847,1.53511746894747,0.153734981518915,0.555495877074614,NA,NA,NA,NA,NA,NA,NA,NA,0.217124938964844
"Fixed mixed-signal covariate-driven SAR design, lambda = 2",63,"ADA_NET","Ada + Net","not available",0.873489827856025,0.699530516431925,2,0.133333333333333,0.577777777777778,0.336876413287865,1.17055573450697,0.0991368985833483,0.443534406243471,NA,NA,NA,NA,NA,NA,NA,NA,0.265505075454712
"Fixed mixed-signal covariate-driven SAR design, lambda = 2",64,"ADA_NET","Ada + Net","not available",0.872738654147105,0.735774647887324,2,0.133333333333333,0.533333333333333,0.448254339805516,0.869240032995359,0.13565626195663,0.333804452319741,NA,NA,NA,NA,NA,NA,NA,NA,0.232273101806641
"Fixed mixed-signal covariate-driven SAR design, lambda = 2",65,"ADA_NET","Ada + Net","not available",0.80131455399061,0.502910798122066,0,0,0.555555555555556,0.448729002945638,1.32727558102534,0.142755532969633,0.495129715070754,NA,NA,NA,NA,NA,NA,NA,NA,0.227205038070679
"Fixed mixed-signal covariate-driven SAR design, lambda = 2",66,"ADA_NET","Ada + Net","not available",0.825352112676056,0.619718309859155,4,0.266666666666667,0.6,0.383806202119753,1.19136135383405,0.117244073909315,0.429640549024266,NA,NA,NA,NA,NA,NA,NA,NA,0.227388858795166
"Fixed mixed-signal covariate-driven SAR design, lambda = 2",67,"ADA_NET","Ada + Net","not available",0.806322378716745,0.586854460093897,1,0.0666666666666667,0.511111111111111,0.433927471165902,1.22016906331829,0.137636101790756,0.467584465539727,NA,NA,NA,NA,NA,NA,NA,NA,0.2222580909729
"Fixed mixed-signal covariate-driven SAR design, lambda = 2",68,"ADA_NET","Ada + Net","not available",0.836870109546166,0.610328638497653,2,0.133333333333333,0.6,0.430097482367919,1.06149964873003,0.13116566747226,0.404155847033673,NA,NA,NA,NA,NA,NA,NA,NA,0.270539999008179
"Fixed mixed-signal covariate-driven SAR design, lambda = 2",69,"ADA_NET","Ada + Net","not available",0.765821596244131,0.457652582159624,1,0.0666666666666667,0.555555555555556,0.461041664518732,1.5296542293502,0.148916344396243,0.557798146640581,NA,NA,NA,NA,NA,NA,NA,NA,0.228318929672241
"Fixed mixed-signal covariate-driven SAR design, lambda = 2",70,"ADA_NET","Ada + Net","not available",0.818466353677621,0.655023474178404,3,0.2,0.555555555555556,0.430274650384896,1.01055747801358,0.132360925436546,0.381980936516794,NA,NA,NA,NA,NA,NA,NA,NA,0.339194059371948
"Fixed mixed-signal covariate-driven SAR design, lambda = 2",71,"ADA_NET","Ada + Net","not available",0.82585289514867,0.543661971830986,0,0,0.577777777777778,0.458631558809504,1.11941513948575,0.144991749935819,0.431584704901383,NA,NA,NA,NA,NA,NA,NA,NA,0.233051061630249
"Fixed mixed-signal covariate-driven SAR design, lambda = 2",72,"ADA_NET","Ada + Net","not available",0.792050078247261,0.551737089201878,0,0,0.488888888888889,0.430962634617021,1.2347135370784,0.133787410251864,0.476488224510334,NA,NA,NA,NA,NA,NA,NA,NA,0.288448095321655
"Fixed mixed-signal covariate-driven SAR design, lambda = 2",73,"ADA_NET","Ada + Net","not available",0.805758998435055,0.527699530516432,0,0,0.533333333333333,0.43305326593318,1.47938787067462,0.138745913830064,0.540085795703912,NA,NA,NA,NA,NA,NA,NA,NA,0.230484962463379
"Fixed mixed-signal covariate-driven SAR design, lambda = 2",74,"ADA_NET","Ada + Net","not available",0.812582159624413,0.547042253521127,3,0.2,0.622222222222222,0.463095643642975,1.12417409904995,0.144804174761269,0.419346329546455,NA,NA,NA,NA,NA,NA,NA,NA,0.292732000350952
"Fixed mixed-signal covariate-driven SAR design, lambda = 2",75,"ADA_NET","Ada + Net","not available",0.805383411580595,0.585352112676056,1,0.0666666666666667,0.533333333333333,0.498177625007991,1.30004990689911,0.163031056737131,0.4659858864055,NA,NA,NA,NA,NA,NA,NA,NA,0.228805780410767
"Fixed mixed-signal covariate-driven SAR design, lambda = 2",76,"ADA_NET","Ada + Net","not available",0.780219092331768,0.495399061032864,1,0.0666666666666667,0.555555555555556,0.471867665727767,1.53415208033088,0.153406791496936,0.528527398632762,NA,NA,NA,NA,NA,NA,NA,NA,0.224808931350708
"Fixed mixed-signal covariate-driven SAR design, lambda = 2",77,"ADA_NET","Ada + Net","not available",0.855899843505477,0.714929577464789,3,0.2,0.6,0.46090613725076,0.813232199977877,0.144435943413366,0.304612483394929,NA,NA,NA,NA,NA,NA,NA,NA,0.254376888275146
"Fixed mixed-signal covariate-driven SAR design, lambda = 2",78,"ADA_NET","Ada + Net","not available",0.859968701095462,0.698215962441315,2,0.133333333333333,0.577777777777778,0.427621184645156,1.04812017733118,0.136144586254393,0.319323005961993,NA,NA,NA,NA,NA,NA,NA,NA,0.217872142791748
"Fixed mixed-signal covariate-driven SAR design, lambda = 2",79,"ADA_NET","Ada + Net","not available",0.799311424100157,0.532206572769953,2,0.133333333333333,0.555555555555556,0.421280548410312,1.37061577907991,0.131572564380591,0.502810207381034,NA,NA,NA,NA,NA,NA,NA,NA,0.221306800842285
"Fixed mixed-signal covariate-driven SAR design, lambda = 2",80,"ADA_NET","Ada + Net","not available",0.78660406885759,0.538591549295775,3,0.2,0.555555555555556,0.422657393903,1.24182492577984,0.127463442282497,0.460701782959784,NA,NA,NA,NA,NA,NA,NA,NA,0.254276990890503
"Fixed mixed-signal covariate-driven SAR design, lambda = 2",81,"ADA_NET","Ada + Net","not available",0.777339593114241,0.422159624413146,1,0.0666666666666667,0.555555555555556,0.406987767126485,1.58775074111043,0.123936707916711,0.601609687691082,NA,NA,NA,NA,NA,NA,NA,NA,0.242649078369141
"Fixed mixed-signal covariate-driven SAR design, lambda = 2",82,"ADA_NET","Ada + Net","not available",0.778528951486698,0.59849765258216,2,0.133333333333333,0.511111111111111,0.420128717704682,1.27713899251484,0.129678932369543,0.463125294523548,NA,NA,NA,NA,NA,NA,NA,NA,0.219971179962158
"Fixed mixed-signal covariate-driven SAR design, lambda = 2",83,"ADA_NET","Ada + Net","not available",0.848200312989045,0.615399061032864,3,0.2,0.666666666666667,0.399671424114198,1.2098812826749,0.121573698995378,0.429785928781876,NA,NA,NA,NA,NA,NA,NA,NA,0.251742839813232
"Fixed mixed-signal covariate-driven SAR design, lambda = 2",84,"ADA_NET","Ada + Net","not available",0.847511737089202,0.694647887323944,3,0.2,0.6,0.425173855300221,0.927023856410315,0.130664689338537,0.347458139473254,NA,NA,NA,NA,NA,NA,NA,NA,0.226603984832764
"Fixed mixed-signal covariate-driven SAR design, lambda = 2",85,"ADA_NET","Ada + Net","not available",0.790234741784038,0.482816901408451,2,0.133333333333333,0.533333333333333,0.418098889607039,1.73824845057538,0.132646142900551,0.591853185006751,NA,NA,NA,NA,NA,NA,NA,NA,0.209762096405029
"Fixed mixed-signal covariate-driven SAR design, lambda = 2",86,"ADA_NET","Ada + Net","not available",0.830735524256651,0.609953051643192,3,0.2,0.6,0.432063258181008,1.25129748119883,0.134947761679256,0.426283976138093,NA,NA,NA,NA,NA,NA,NA,NA,0.224231004714966
"Fixed mixed-signal covariate-driven SAR design, lambda = 2",87,"ADA_NET","Ada + Net","not available",0.821095461658842,0.596431924882629,1,0.0666666666666667,0.511111111111111,0.434496115727259,1.32541669971553,0.142439890942714,0.494186338271227,NA,NA,NA,NA,NA,NA,NA,NA,0.234794139862061
"Fixed mixed-signal covariate-driven SAR design, lambda = 2",88,"ADA_NET","Ada + Net","not available",0.915993740219092,0.816338028169014,3,0.2,0.555555555555556,0.379641040783105,0.804146037117872,0.117239959981369,0.290835773178572,NA,NA,NA,NA,NA,NA,NA,NA,0.26033091545105
"Fixed mixed-signal covariate-driven SAR design, lambda = 2",89,"ADA_NET","Ada + Net","not available",0.834178403755868,0.607887323943662,2,0.133333333333333,0.622222222222222,0.394147721678854,1.15516544667872,0.115726606541244,0.438132689997484,NA,NA,NA,NA,NA,NA,NA,NA,0.251949071884155
"Fixed mixed-signal covariate-driven SAR design, lambda = 2",90,"ADA_NET","Ada + Net","not available",0.804068857589984,0.572394366197183,3,0.2,0.577777777777778,0.432064114401637,1.24958151835897,0.136340365821353,0.45878628339973,NA,NA,NA,NA,NA,NA,NA,NA,0.25603199005127
"Fixed mixed-signal covariate-driven SAR design, lambda = 2",91,"ADA_NET","Ada + Net","not available",0.781032863849765,0.476244131455399,2,0.133333333333333,0.533333333333333,0.44606580412801,1.54970773045135,0.141199006316684,0.545084768878884,NA,NA,NA,NA,NA,NA,NA,NA,0.227612018585205
"Fixed mixed-signal covariate-driven SAR design, lambda = 2",92,"ADA_NET","Ada + Net","not available",0.789984350547731,0.584413145539906,1,0.0666666666666667,0.533333333333333,0.401250726386746,1.26465124680738,0.121085417009955,0.474312949163982,NA,NA,NA,NA,NA,NA,NA,NA,0.2184739112854
"Fixed mixed-signal covariate-driven SAR design, lambda = 2",93,"ADA_NET","Ada + Net","not available",0.864413145539906,0.707042253521127,4,0.266666666666667,0.6,0.434212175475654,0.870555289509491,0.132849398485275,0.321829496761661,NA,NA,NA,NA,NA,NA,NA,NA,0.253439903259277
"Fixed mixed-signal covariate-driven SAR design, lambda = 2",94,"ADA_NET","Ada + Net","not available",0.789984350547731,0.470234741784038,1,0.0666666666666667,0.555555555555556,0.38460349523821,1.82972281845031,0.116564334994599,0.618829157354888,NA,NA,NA,NA,NA,NA,NA,NA,0.219841957092285
"Fixed mixed-signal covariate-driven SAR design, lambda = 2",95,"ADA_NET","Ada + Net","not available",0.837183098591549,0.607323943661972,1,0.0666666666666667,0.6,0.407425945902635,1.44619953615866,0.12935685630191,0.501064864436959,NA,NA,NA,NA,NA,NA,NA,NA,0.266749143600464
"Fixed mixed-signal covariate-driven SAR design, lambda = 2",96,"ADA_NET","Ada + Net","not available",0.818153364632238,0.723192488262911,6,0.4,0.644444444444444,0.415812403045732,0.864270571458646,0.125206307695665,0.319794593948696,NA,NA,NA,NA,NA,NA,NA,NA,0.242492914199829
"Fixed mixed-signal covariate-driven SAR design, lambda = 2",97,"ADA_NET","Ada + Net","not available",0.8260406885759,0.637370892018779,1,0.0666666666666667,0.466666666666667,0.514049807249866,1.06431738957871,0.169388061382676,0.378966469396856,NA,NA,NA,NA,NA,NA,NA,NA,0.237452030181885
"Fixed mixed-signal covariate-driven SAR design, lambda = 2",98,"ADA_NET","Ada + Net","not available",0.803505477308294,0.567699530516432,1,0.0666666666666667,0.533333333333333,0.444883147696453,1.3922594111986,0.142364224775777,0.504307440711167,NA,NA,NA,NA,NA,NA,NA,NA,0.222953081130981
"Fixed mixed-signal covariate-driven SAR design, lambda = 2",99,"ADA_NET","Ada + Net","not available",0.827230046948357,0.502910798122066,3,0.2,0.711111111111111,0.37909318429407,1.76791789965132,0.11597755083953,0.586610412127418,NA,NA,NA,NA,NA,NA,NA,NA,0.260694026947021
"Fixed mixed-signal covariate-driven SAR design, lambda = 2",100,"ADA_NET","Ada + Net","not available",0.822597809076682,0.56093896713615,1,0.0666666666666667,0.555555555555556,0.445660777502119,1.20554297542683,0.14250251065678,0.452905431798503,NA,NA,NA,NA,NA,NA,NA,NA,0.219178915023804
"Fixed mixed-signal covariate-driven SAR design, lambda = 2",1,"WLR","WLR","WLR asymptotic Gaussian linear-predictor uncertainty plus Bernoulli posterior-predictive variation",0.675054773082942,0.491455399061033,1,0.0666666666666667,0.311111111111111,0.338176210323153,2.49871243344182,0.0954146807109687,0.773864728226164,0.9625,0.333333333333333,0.8975,7,0.995,0.933333333333333,1.1375,3.6,0.742780208587646
"Fixed mixed-signal covariate-driven SAR design, lambda = 2",2,"WLR","WLR","WLR asymptotic Gaussian linear-predictor uncertainty plus Bernoulli posterior-predictive variation",0.618967136150235,0.52018779342723,1,0.0666666666666667,0.288888888888889,0.347119500585152,2.14816092511764,0.0972854403307444,0.756835519031526,0.9775,0.8,0.9775,2.8,0.9975,1,1.0975,1,0.17473292350769
"Fixed mixed-signal covariate-driven SAR design, lambda = 2",3,"WLR","WLR","WLR asymptotic Gaussian linear-predictor uncertainty plus Bernoulli posterior-predictive variation",0.607449139280125,0.454835680751174,0,0,0.2,0.34915458240347,2.2637956742641,0.0993815533339806,0.769578124141063,0.975,0.533333333333333,0.94,5.2,1,1,1,1,0.32738208770752
"Fixed mixed-signal covariate-driven SAR design, lambda = 2",4,"WLR","WLR","WLR asymptotic Gaussian linear-predictor uncertainty plus Bernoulli posterior-predictive variation",0.647386541471048,0.576901408450704,0,0,0.244444444444444,0.336897135120645,2.06565639652374,0.0958402351876486,0.737084217962078,0.97,0.6,0.9525,4.6,1,1,0.995,1,0.306669950485229
"Fixed mixed-signal covariate-driven SAR design, lambda = 2",5,"WLR","WLR","WLR asymptotic Gaussian linear-predictor uncertainty plus Bernoulli posterior-predictive variation",0.624475743348983,0.434366197183099,1,0.0666666666666667,0.333333333333333,0.339110804022315,2.44619744926118,0.0922792583888328,0.789236590152146,0.965,0.4,0.955,6.4,0.9975,1,1.0925,1,0.417860984802246
"Fixed mixed-signal covariate-driven SAR design, lambda = 2",6,"WLR","WLR","WLR asymptotic Gaussian linear-predictor uncertainty plus Bernoulli posterior-predictive variation",0.725383411580595,0.696150234741784,2,0.133333333333333,0.266666666666667,0.316496306808982,1.86314794533526,0.0904056751944714,0.676106735088171,0.98,0.8,0.7775,2.8,0.9975,1,1.085,1,0.3441321849823
"Fixed mixed-signal covariate-driven SAR design, lambda = 2",7,"WLR","WLR","WLR asymptotic Gaussian linear-predictor uncertainty plus Bernoulli posterior-predictive variation",0.66810641627543,0.473239436619718,0,0,0.266666666666667,0.337342541542611,2.54662354310773,0.0961640178115939,0.802315538487391,0.97,0.533333333333333,0.8425,5.2,0.9975,0.933333333333333,1.0275,3.6,0.359832048416138
"Fixed mixed-signal covariate-driven SAR design, lambda = 2",8,"WLR","WLR","WLR asymptotic Gaussian linear-predictor uncertainty plus Bernoulli posterior-predictive variation",0.685508607198748,0.544225352112676,1,0.0666666666666667,0.4,0.322505507924582,2.42724500465604,0.0852087677618259,0.765382796151361,0.9675,0.533333333333333,0.865,5.2,0.99,0.933333333333333,1.3525,3.6,0.361385822296143
"Fixed mixed-signal covariate-driven SAR design, lambda = 2",9,"WLR","WLR","WLR asymptotic Gaussian linear-predictor uncertainty plus Bernoulli posterior-predictive variation",0.655399061032864,0.489953051643192,0,0,0.311111111111111,0.343437363587834,2.49676712301808,0.0963433059090233,0.780261632501758,0.9675,0.533333333333333,0.89,5.2,0.995,0.933333333333333,1.1675,3.6,0.275004148483276
"Fixed mixed-signal covariate-driven SAR design, lambda = 2",10,"WLR","WLR","WLR asymptotic Gaussian linear-predictor uncertainty plus Bernoulli posterior-predictive variation",0.642879499217527,0.501220657276995,1,0.0666666666666667,0.288888888888889,0.340162565144747,2.26841025662747,0.0965402801886857,0.758946627411504,0.965,0.466666666666667,0.965,5.8,1,1,0.9925,1,0.337293863296509
"Fixed mixed-signal covariate-driven SAR design, lambda = 2",11,"WLR","WLR","WLR asymptotic Gaussian linear-predictor uncertainty plus Bernoulli posterior-predictive variation",0.695899843505477,0.432112676056338,2,0.133333333333333,0.355555555555556,0.343155947314653,3.28756562363867,0.0927641241637914,0.820943643755209,0.97,0.466666666666667,0.74,5.8,0.9875,0.666666666666667,1.305,14,0.334960222244263
"Fixed mixed-signal covariate-driven SAR design, lambda = 2",12,"WLR","WLR","WLR asymptotic Gaussian linear-predictor uncertainty plus Bernoulli posterior-predictive variation",0.690516431924883,0.531267605633803,0,0,0.288888888888889,0.329465234563168,2.44571514905317,0.0951888151172867,0.802096205375735,0.975,0.6,0.765,4.6,0.9975,0.933333333333333,1.0375,3.6,0.275488138198853
"Fixed mixed-signal covariate-driven SAR design, lambda = 2",13,"WLR","WLR","WLR asymptotic Gaussian linear-predictor uncertainty plus Bernoulli posterior-predictive variation",0.635555555555556,0.488075117370892,1,0.0666666666666667,0.266666666666667,0.345138984858807,2.26863354151419,0.0982851315913019,0.770492803662961,0.975,0.666666666666667,0.9125,4,1,1,0.9925,1,0.333412170410156
"Fixed mixed-signal covariate-driven SAR design, lambda = 2",14,"WLR","WLR","WLR asymptotic Gaussian linear-predictor uncertainty plus Bernoulli posterior-predictive variation",0.639186228482003,0.457089201877934,1,0.0666666666666667,0.288888888888889,0.346369708058511,2.51908917906146,0.098062122260075,0.804778738500377,0.975,0.6,0.83,4.6,0.9975,0.933333333333333,1.075,3.6,0.203656911849976
"Fixed mixed-signal covariate-driven SAR design, lambda = 2",15,"WLR","WLR","WLR asymptotic Gaussian linear-predictor uncertainty plus Bernoulli posterior-predictive variation",0.575336463223787,0.346103286384977,0,0,0.2,0.356931604361397,2.57321757679123,0.100030133909743,0.825123115608497,0.96,0.266666666666667,1.05,7.6,1,1,0.9975,1,0.376296997070312
"Fixed mixed-signal covariate-driven SAR design, lambda = 2",16,"WLR","WLR","WLR asymptotic Gaussian linear-predictor uncertainty plus Bernoulli posterior-predictive variation",0.690579029733959,0.643568075117371,2,0.133333333333333,0.288888888888889,0.328533001255374,1.94487508192672,0.0953446417148582,0.696087167520484,0.9825,0.8,0.8125,2.8,1,1,0.98,1,0.12785792350769
"Fixed mixed-signal covariate-driven SAR design, lambda = 2",17,"WLR","WLR","WLR asymptotic Gaussian linear-predictor uncertainty plus Bernoulli posterior-predictive variation",0.730140845070423,0.553239436619718,0,0,0.333333333333333,0.319988881969914,2.52090082877773,0.0917368118432689,0.805545446056471,0.97,0.4,0.77,6.4,0.995,1,1.03,1,0.267996072769165
"Fixed mixed-signal covariate-driven SAR design, lambda = 2",18,"WLR","WLR","WLR asymptotic Gaussian linear-predictor uncertainty plus Bernoulli posterior-predictive variation",0.583411580594679,0.381596244131455,0,0,0.355555555555556,0.344489541682641,2.48132444909252,0.0915613332458865,0.824849396758629,0.96,0.466666666666667,1.0175,5.8,0.9975,1,1.095,1,0.215437173843384
"Fixed mixed-signal covariate-driven SAR design, lambda = 2",19,"WLR","WLR","WLR asymptotic Gaussian linear-predictor uncertainty plus Bernoulli posterior-predictive variation",0.674303599374022,0.556995305164319,1,0.0666666666666667,0.266666666666667,0.340406057303426,2.21571571334003,0.098793023823527,0.746083859106063,0.9775,0.666666666666667,0.82,4,1,1,0.995,1,0.255123138427734
"Fixed mixed-signal covariate-driven SAR design, lambda = 2",20,"WLR","WLR","WLR asymptotic Gaussian linear-predictor uncertainty plus Bernoulli posterior-predictive variation",0.624726134585289,0.469483568075117,1,0.0666666666666667,0.2,0.344046859872504,2.2527195887321,0.0982517799960072,0.761827926137321,0.9675,0.466666666666667,0.9575,5.8,1,1,0.9975,1,0.152069091796875
"Fixed mixed-signal covariate-driven SAR design, lambda = 2",21,"WLR","WLR","WLR asymptotic Gaussian linear-predictor uncertainty plus Bernoulli posterior-predictive variation",0.672550860719875,0.536901408450704,0,0,0.2,0.339216323063012,2.2938823772655,0.0982680083027639,0.78152258982816,0.975,0.666666666666667,0.845,4,1,1,0.97,1,0.191489934921265
"Fixed mixed-signal covariate-driven SAR design, lambda = 2",22,"WLR","WLR","WLR asymptotic Gaussian linear-predictor uncertainty plus Bernoulli posterior-predictive variation",0.620907668231612,0.430798122065728,1,0.0666666666666667,0.244444444444444,0.350225366394092,2.68643795059051,0.0959295324735551,0.802126189859244,0.9725,0.6,0.8675,4.6,0.995,0.866666666666667,1.1775,6.19999999999999,0.150240898132324
"Fixed mixed-signal covariate-driven SAR design, lambda = 2",23,"WLR","WLR","WLR asymptotic Gaussian linear-predictor uncertainty plus Bernoulli posterior-predictive variation",0.677558685446009,0.597746478873239,1,0.0666666666666667,0.266666666666667,0.33064569725024,2.07287130324061,0.0949656744915091,0.733167037957132,0.9825,0.8,0.7975,2.8,1,1,0.985,1,0.118408918380737
"Fixed mixed-signal covariate-driven SAR design, lambda = 2",24,"WLR","WLR","WLR asymptotic Gaussian linear-predictor uncertainty plus Bernoulli posterior-predictive variation",0.675743348982786,0.432488262910798,2,0.133333333333333,0.377777777777778,0.335745247280199,2.87273980342411,0.0926114403617539,0.815493965955367,0.9575,0.2,0.8925,8.2,0.9925,0.8,1.21,8.79999999999999,0.125619173049927
"Fixed mixed-signal covariate-driven SAR design, lambda = 2",25,"WLR","WLR","WLR asymptotic Gaussian linear-predictor uncertainty plus Bernoulli posterior-predictive variation",0.613145539906103,0.444507042253521,1,0.0666666666666667,0.222222222222222,0.349031191746816,2.34870287658844,0.0991264468338573,0.76984209417422,0.97,0.466666666666667,0.93,5.8,1,1,1,1,0.127295017242432
"Fixed mixed-signal covariate-driven SAR design, lambda = 2",26,"WLR","WLR","WLR asymptotic Gaussian linear-predictor uncertainty plus Bernoulli posterior-predictive variation",0.726447574334898,0.576338028169014,1,0.0666666666666667,0.4,0.317085670531781,2.47181111349836,0.0879443413429856,0.758094993854,0.975,0.6,0.7175,4.6,0.9925,0.866666666666667,1.1925,6.19999999999999,0.205399036407471
"Fixed mixed-signal covariate-driven SAR design, lambda = 2",27,"WLR","WLR","WLR asymptotic Gaussian linear-predictor uncertainty plus Bernoulli posterior-predictive variation",0.701596244131455,0.572769953051643,1,0.0666666666666667,0.222222222222222,0.329486747253903,2.26122548326152,0.0962572398347032,0.742303160484977,0.98,0.666666666666667,0.76,4,0.9975,0.933333333333333,1.025,3.6,0.161674976348877
"Fixed mixed-signal covariate-driven SAR design, lambda = 2",28,"WLR","WLR","WLR asymptotic Gaussian linear-predictor uncertainty plus Bernoulli posterior-predictive variation",0.683067292644757,0.625539906103286,2,0.133333333333333,0.355555555555556,0.320392937895673,2.06041286108245,0.0880787156627216,0.727134733257542,0.975,0.8,0.84,2.8,0.9975,1,1.09,1,0.128161907196045
"Fixed mixed-signal covariate-driven SAR design, lambda = 2",29,"WLR","WLR","WLR asymptotic Gaussian linear-predictor uncertainty plus Bernoulli posterior-predictive variation",0.600500782472613,0.517746478873239,0,0,0.177777777777778,0.350395048089184,2.12113205765774,0.100238877567554,0.758984281548774,0.99,0.933333333333333,0.89,1.6,1,1,0.9975,1,0.222838163375854
"Fixed mixed-signal covariate-driven SAR design, lambda = 2",30,"WLR","WLR","WLR asymptotic Gaussian linear-predictor uncertainty plus Bernoulli posterior-predictive variation",0.654084507042254,0.427605633802817,1,0.0666666666666667,0.266666666666667,0.348011380769413,2.69606601581953,0.0975054864497264,0.81004494442574,0.975,0.466666666666667,0.8175,5.8,0.9925,0.866666666666667,1.2725,6.19999999999999,0.136688947677612
"Fixed mixed-signal covariate-driven SAR design, lambda = 2",31,"WLR","WLR","WLR asymptotic Gaussian linear-predictor uncertainty plus Bernoulli posterior-predictive variation",0.632488262910798,0.544976525821596,0,0,0.244444444444444,0.342141223579317,2.12179572750758,0.0975256848493579,0.748664801261666,0.9825,0.8,0.86,2.8,1,1,0.995,1,0.198798894882202
"Fixed mixed-signal covariate-driven SAR design, lambda = 2",32,"WLR","WLR","WLR asymptotic Gaussian linear-predictor uncertainty plus Bernoulli posterior-predictive variation",0.633302034428795,0.555492957746479,1,0.0666666666666667,0.377777777777778,0.337497726786174,2.29335967926181,0.091576626372842,0.75836307685612,0.9725,0.8,0.9175,2.8,0.9975,0.933333333333333,1.095,3.6,0.137519121170044
"Fixed mixed-signal covariate-driven SAR design, lambda = 2",33,"WLR","WLR","WLR asymptotic Gaussian linear-predictor uncertainty plus Bernoulli posterior-predictive variation",0.66679186228482,0.589859154929577,0,0,0.288888888888889,0.323136554381996,2.19398860971206,0.0904167050127702,0.777835611217108,0.9725,0.733333333333333,0.85,3.4,1,1,0.9925,1,0.149693965911865
"Fixed mixed-signal covariate-driven SAR design, lambda = 2",34,"WLR","WLR","WLR asymptotic Gaussian linear-predictor uncertainty plus Bernoulli posterior-predictive variation",0.663474178403756,0.497089201877934,0,0,0.177777777777778,0.346965861477072,2.40431073539215,0.101067485496143,0.770063027192094,0.98,0.533333333333333,0.82,5.2,1,1,0.96,1,0.160569906234741
"Fixed mixed-signal covariate-driven SAR design, lambda = 2",35,"WLR","WLR","WLR asymptotic Gaussian linear-predictor uncertainty plus Bernoulli posterior-predictive variation",0.724507042253521,0.608826291079812,1,0.0666666666666667,0.355555555555556,0.323919129124142,2.22753170921928,0.0916378578154037,0.726079839261349,0.98,0.666666666666667,0.765,4,0.9925,0.933333333333333,1.235,3.6,0.125862121582031
"Fixed mixed-signal covariate-driven SAR design, lambda = 2",36,"WLR","WLR","WLR asymptotic Gaussian linear-predictor uncertainty plus Bernoulli posterior-predictive variation",0.589107981220657,0.455586854460094,0,0,0.266666666666667,0.350424612614884,2.1979581542799,0.0993045705794278,0.778085109099275,0.9825,0.8,0.8825,2.8,1,1,1,1,0.177979946136475
"Fixed mixed-signal covariate-driven SAR design, lambda = 2",37,"WLR","WLR","WLR asymptotic Gaussian linear-predictor uncertainty plus Bernoulli posterior-predictive variation",0.669671361502347,0.563004694835681,0,0,0.244444444444444,0.338196321293965,2.19238570895453,0.0969650560366084,0.754314150202029,0.975,0.666666666666667,0.8625,4,1,1,0.995,1,0.165580987930298
"Fixed mixed-signal covariate-driven SAR design, lambda = 2",38,"WLR","WLR","WLR asymptotic Gaussian linear-predictor uncertainty plus Bernoulli posterior-predictive variation",0.648513302034429,0.47962441314554,1,0.0666666666666667,0.333333333333333,0.347505357707882,2.80455638851979,0.0912787862777567,0.773162633020252,0.9625,0.466666666666667,0.9225,5.8,0.9925,0.8,1.2375,8.79999999999999,0.126023054122925
"Fixed mixed-signal covariate-driven SAR design, lambda = 2",39,"WLR","WLR","WLR asymptotic Gaussian linear-predictor uncertainty plus Bernoulli posterior-predictive variation",0.66491392801252,0.474366197183099,1,0.0666666666666667,0.4,0.327338824946317,2.66419539115992,0.0877079452886004,0.795588435912775,0.9625,0.466666666666667,0.865,5.8,0.995,0.933333333333333,1.1375,3.6,0.129390001296997
"Fixed mixed-signal covariate-driven SAR design, lambda = 2",40,"WLR","WLR","WLR asymptotic Gaussian linear-predictor uncertainty plus Bernoulli posterior-predictive variation",0.6660406885759,0.509295774647887,0,0,0.244444444444444,0.338067854928998,2.39079136759959,0.0979054877392066,0.799534446601264,0.975,0.666666666666667,0.8025,4,1,1,0.935,1,0.145956039428711
"Fixed mixed-signal covariate-driven SAR design, lambda = 2",41,"WLR","WLR","WLR asymptotic Gaussian linear-predictor uncertainty plus Bernoulli posterior-predictive variation",0.650516431924883,0.55924882629108,1,0.0666666666666667,0.244444444444444,0.339496303565059,2.10721854885245,0.0961333626112638,0.723569600970003,0.9725,0.666666666666667,0.94,4,1,1,0.9975,1,0.127767086029053
"Fixed mixed-signal covariate-driven SAR design, lambda = 2",42,"WLR","WLR","WLR asymptotic Gaussian linear-predictor uncertainty plus Bernoulli posterior-predictive variation",0.712488262910798,0.578028169014084,2,0.133333333333333,0.311111111111111,0.321621757292441,2.23929130128353,0.0912565120927976,0.713594855085041,0.9725,0.533333333333333,0.79,5.2,0.995,0.933333333333333,1.1375,3.6,0.127099990844727
"Fixed mixed-signal covariate-driven SAR design, lambda = 2",43,"WLR","WLR","WLR asymptotic Gaussian linear-predictor uncertainty plus Bernoulli posterior-predictive variation",0.688763693270735,0.473239436619718,2,0.133333333333333,0.333333333333333,0.337038328258121,2.57046711324871,0.0955653524976639,0.77024920794509,0.9725,0.4,0.78,6.4,0.9925,0.866666666666667,1.2425,6.19999999999999,0.148777008056641
"Fixed mixed-signal covariate-driven SAR design, lambda = 2",44,"WLR","WLR","WLR asymptotic Gaussian linear-predictor uncertainty plus Bernoulli posterior-predictive variation",0.649452269170579,0.483568075117371,3,0.2,0.333333333333333,0.336016270990453,2.54828504382843,0.0907443238370401,0.755776795754463,0.965,0.4,0.9,6.4,0.9925,0.866666666666667,1.2625,6.19999999999999,0.121566772460938
"Fixed mixed-signal covariate-driven SAR design, lambda = 2",45,"WLR","WLR","WLR asymptotic Gaussian linear-predictor uncertainty plus Bernoulli posterior-predictive variation",0.679687010954617,0.593427230046948,2,0.133333333333333,0.377777777777778,0.327465514613029,2.10115283903411,0.092461451567251,0.715216932208677,0.97,0.6,0.8925,4.6,1,1,0.9775,1,0.119657039642334
"Fixed mixed-signal covariate-driven SAR design, lambda = 2",46,"WLR","WLR","WLR asymptotic Gaussian linear-predictor uncertainty plus Bernoulli posterior-predictive variation",0.705727699530516,0.578215962441315,0,0,0.266666666666667,0.329625624266634,2.24886058086729,0.0947848803523397,0.773607204979649,0.9675,0.6,0.86,4.6,0.9975,1,1.04,1,0.117150068283081
"Fixed mixed-signal covariate-driven SAR design, lambda = 2",47,"WLR","WLR","WLR asymptotic Gaussian linear-predictor uncertainty plus Bernoulli posterior-predictive variation",0.64093896713615,0.455962441314554,1,0.0666666666666667,0.266666666666667,0.344439364822911,2.43959668388866,0.0977264800932768,0.78963770934067,0.975,0.533333333333333,0.855,5.2,1,1,0.99,1,0.129616022109985
"Fixed mixed-signal covariate-driven SAR design, lambda = 2",48,"WLR","WLR","WLR asymptotic Gaussian linear-predictor uncertainty plus Bernoulli posterior-predictive variation",0.681627543035994,0.619718309859155,3,0.2,0.266666666666667,0.333772612231685,1.95053762130839,0.0952005821173849,0.693865419634997,0.9825,0.866666666666667,0.835,2.2,1,1,0.9975,1,0.127604961395264
"Fixed mixed-signal covariate-driven SAR design, lambda = 2",49,"WLR","WLR","WLR asymptotic Gaussian linear-predictor uncertainty plus Bernoulli posterior-predictive variation",0.633677621283255,0.368450704225352,0,0,0.333333333333333,0.344418940882654,2.90177707601725,0.0961625623668704,0.880344818934394,0.955,0.133333333333333,0.96,8.8,1,1,0.94,1,0.125658988952637
"Fixed mixed-signal covariate-driven SAR design, lambda = 2",50,"WLR","WLR","WLR asymptotic Gaussian linear-predictor uncertainty plus Bernoulli posterior-predictive variation",0.619718309859155,0.529953051643193,2,0.133333333333333,0.288888888888889,0.339527631332052,2.07822685740329,0.0951721218714584,0.726266765117152,0.98,0.733333333333333,0.9125,3.4,1,1,0.9975,1,0.128112077713013
"Fixed mixed-signal covariate-driven SAR design, lambda = 2",51,"WLR","WLR","WLR asymptotic Gaussian linear-predictor uncertainty plus Bernoulli posterior-predictive variation",0.618654147104851,0.496338028169014,0,0,0.244444444444444,0.345058761983429,2.30448156527835,0.0967757062020283,0.78027285054204,0.9775,0.6,0.8775,4.6,1,1,1,1,0.126383066177368
"Fixed mixed-signal covariate-driven SAR design, lambda = 2",52,"WLR","WLR","WLR asymptotic Gaussian linear-predictor uncertainty plus Bernoulli posterior-predictive variation",0.673552425665102,0.446948356807512,0,0,0.244444444444444,0.342782870418875,2.78101076999484,0.0979706576542358,0.826093130587348,0.965,0.333333333333333,0.8575,7,0.995,0.866666666666667,1.0825,6.19999999999999,0.132162094116211
"Fixed mixed-signal covariate-driven SAR design, lambda = 2",53,"WLR","WLR","WLR asymptotic Gaussian linear-predictor uncertainty plus Bernoulli posterior-predictive variation",0.672676056338028,0.483192488262911,2,0.133333333333333,0.311111111111111,0.329840388850575,2.57328309209886,0.0897526232167752,0.757869845728386,0.97,0.466666666666667,0.82,5.8,0.9975,0.933333333333333,1.03,3.6,0.131782054901123
"Fixed mixed-signal covariate-driven SAR design, lambda = 2",54,"WLR","WLR","WLR asymptotic Gaussian linear-predictor uncertainty plus Bernoulli posterior-predictive variation",0.60112676056338,0.488826291079812,1,0.0666666666666667,0.222222222222222,0.346622320538781,2.15036617316481,0.0982479021833317,0.761901660692954,0.9775,0.733333333333333,0.96,3.4,1,1,1,1,0.134328126907349
"Fixed mixed-signal covariate-driven SAR design, lambda = 2",55,"WLR","WLR","WLR asymptotic Gaussian linear-predictor uncertainty plus Bernoulli posterior-predictive variation",0.714366197183099,0.556056338028169,0,0,0.4,0.321625411140037,2.58215563841836,0.0875982925564901,0.788213653231555,0.9725,0.6,0.7525,4.6,0.99,0.866666666666667,1.2875,6.19999999999999,0.130697965621948
"Fixed mixed-signal covariate-driven SAR design, lambda = 2",56,"WLR","WLR","WLR asymptotic Gaussian linear-predictor uncertainty plus Bernoulli posterior-predictive variation",0.608325508607199,0.443568075117371,0,0,0.111111111111111,0.350597878637928,2.29592960598684,0.101473584053083,0.797232908604056,0.9825,0.733333333333333,0.8425,3.4,1,1,1,1,0.12743091583252
"Fixed mixed-signal covariate-driven SAR design, lambda = 2",57,"WLR","WLR","WLR asymptotic Gaussian linear-predictor uncertainty plus Bernoulli posterior-predictive variation",0.605133020344288,0.540281690140845,0,0,0.244444444444444,0.344054647221737,2.10200147700011,0.095804414479931,0.75933260816358,0.9775,0.8,0.99,2.8,1,1,1,1,0.132880926132202
"Fixed mixed-signal covariate-driven SAR design, lambda = 2",58,"WLR","WLR","WLR asymptotic Gaussian linear-predictor uncertainty plus Bernoulli posterior-predictive variation",0.765133020344288,0.643004694835681,1,0.0666666666666667,0.4,0.304961204974474,2.30317580269469,0.086385585515435,0.732272156664713,0.975,0.6,0.7025,4.6,0.99,0.866666666666667,1.225,6.19999999999999,0.130815029144287
"Fixed mixed-signal covariate-driven SAR design, lambda = 2",59,"WLR","WLR","WLR asymptotic Gaussian linear-predictor uncertainty plus Bernoulli posterior-predictive variation",0.657464788732394,0.487887323943662,2,0.133333333333333,0.244444444444444,0.341445502424645,2.40179937968982,0.0964068686346014,0.768147131396725,0.9725,0.533333333333333,0.845,5.2,0.9975,0.933333333333333,1.0675,3.6,0.131155967712402
"Fixed mixed-signal covariate-driven SAR design, lambda = 2",60,"WLR","WLR","WLR asymptotic Gaussian linear-predictor uncertainty plus Bernoulli posterior-predictive variation",0.677871674491393,0.51830985915493,1,0.0666666666666667,0.244444444444444,0.335791748605263,2.31148360920898,0.0971769288319622,0.753886241550285,0.975,0.6,0.8175,4.6,0.9975,0.933333333333333,1.0625,3.6,0.135102987289429
"Fixed mixed-signal covariate-driven SAR design, lambda = 2",61,"WLR","WLR","WLR asymptotic Gaussian linear-predictor uncertainty plus Bernoulli posterior-predictive variation",0.678435054773083,0.470798122065728,0,0,0.244444444444444,0.340691235109688,2.57607278428676,0.0976314948685629,0.777894208804585,0.97,0.4,0.8125,6.4,0.9975,0.933333333333333,1.0475,3.6,0.148766994476318
"Fixed mixed-signal covariate-driven SAR design, lambda = 2",62,"WLR","WLR","WLR asymptotic Gaussian linear-predictor uncertainty plus Bernoulli posterior-predictive variation",0.668732394366197,0.462723004694836,0,0,0.244444444444444,0.343453680416679,2.59910830178918,0.0975968483050091,0.828170395243355,0.9725,0.533333333333333,0.835,5.2,0.995,0.933333333333333,1.1625,3.6,0.123914957046509
"Fixed mixed-signal covariate-driven SAR design, lambda = 2",63,"WLR","WLR","WLR asymptotic Gaussian linear-predictor uncertainty plus Bernoulli posterior-predictive variation",0.738341158059468,0.618403755868545,2,0.133333333333333,0.355555555555556,0.312146892045433,2.23267544347424,0.0889661294658087,0.705107167099502,0.975,0.666666666666667,0.745,4,1,1,0.8475,1,0.137564897537231
"Fixed mixed-signal covariate-driven SAR design, lambda = 2",64,"WLR","WLR","WLR asymptotic Gaussian linear-predictor uncertainty plus Bernoulli posterior-predictive variation",0.638059467918623,0.503098591549296,1,0.0666666666666667,0.311111111111111,0.339107209855386,2.21278073632883,0.0934100927134621,0.771431991710505,0.9725,0.666666666666667,0.9375,4,0.995,1,1.195,1,0.132916927337646
"Fixed mixed-signal covariate-driven SAR design, lambda = 2",65,"WLR","WLR","WLR asymptotic Gaussian linear-predictor uncertainty plus Bernoulli posterior-predictive variation",0.693333333333333,0.532582159624413,1,0.0666666666666667,0.288888888888889,0.332755408581422,2.38064790490666,0.0970630596412317,0.767447034446811,0.9725,0.466666666666667,0.8,5.8,0.9975,0.933333333333333,1.025,3.6,0.159331083297729
"Fixed mixed-signal covariate-driven SAR design, lambda = 2",66,"WLR","WLR","WLR asymptotic Gaussian linear-predictor uncertainty plus Bernoulli posterior-predictive variation",0.702535211267606,0.593990610328639,2,0.133333333333333,0.311111111111111,0.318614557466253,2.11160558615249,0.0901843767792513,0.69806033594119,0.975,0.6,0.795,4.6,1,1,0.9525,1,0.127502918243408
"Fixed mixed-signal covariate-driven SAR design, lambda = 2",67,"WLR","WLR","WLR asymptotic Gaussian linear-predictor uncertainty plus Bernoulli posterior-predictive variation",0.632738654147105,0.52075117370892,0,0,0.177777777777778,0.344945265502122,2.16970829307189,0.0993520447990136,0.768134008159367,0.985,0.866666666666667,0.8175,2.2,1,1,0.9975,1,0.125935792922974
"Fixed mixed-signal covariate-driven SAR design, lambda = 2",68,"WLR","WLR","WLR asymptotic Gaussian linear-predictor uncertainty plus Bernoulli posterior-predictive variation",0.652331768388106,0.502910798122066,2,0.133333333333333,0.377777777777778,0.335339019921559,2.33352079181011,0.0888936808086483,0.771683102658313,0.9725,0.666666666666667,0.915,4,0.995,1,1.1925,1,0.156557083129883
"Fixed mixed-signal covariate-driven SAR design, lambda = 2",69,"WLR","WLR","WLR asymptotic Gaussian linear-predictor uncertainty plus Bernoulli posterior-predictive variation",0.594616588419405,0.396431924882629,0,0,0.288888888888889,0.355957972144575,2.52114873923087,0.0996989636444861,0.814138402683738,0.97,0.533333333333333,0.96,5.2,1,1,0.9925,1,0.128556966781616
"Fixed mixed-signal covariate-driven SAR design, lambda = 2",70,"WLR","WLR","WLR asymptotic Gaussian linear-predictor uncertainty plus Bernoulli posterior-predictive variation",0.707104851330203,0.683192488262911,2,0.133333333333333,0.288888888888889,0.326457136078486,1.80966665211053,0.0945273637792966,0.656958548905299,0.98,0.8,0.8425,2.8,1,1,1,1,0.150929927825928
"Fixed mixed-signal covariate-driven SAR design, lambda = 2",71,"WLR","WLR","WLR asymptotic Gaussian linear-predictor uncertainty plus Bernoulli posterior-predictive variation",0.675117370892019,0.572582159624413,1,0.0666666666666667,0.266666666666667,0.337027524661233,2.07475940022234,0.096124535609037,0.72432979288848,0.985,0.733333333333333,0.81,3.4,0.9975,1,1.0925,1,0.12801718711853
"Fixed mixed-signal covariate-driven SAR design, lambda = 2",72,"WLR","WLR","WLR asymptotic Gaussian linear-predictor uncertainty plus Bernoulli posterior-predictive variation",0.643442879499218,0.486572769953052,1,0.0666666666666667,0.355555555555556,0.334895348512706,2.38717722239495,0.0929370578642959,0.78544166246852,0.965,0.6,0.915,4.6,1,1,0.97,1,0.17118501663208
"Fixed mixed-signal covariate-driven SAR design, lambda = 2",73,"WLR","WLR","WLR asymptotic Gaussian linear-predictor uncertainty plus Bernoulli posterior-predictive variation",0.685696400625978,0.530140845070423,0,0,0.266666666666667,0.336679773428375,2.36441286846223,0.0971607227505828,0.778710273669011,0.9775,0.6,0.7725,4.6,0.9975,1,1.0725,1,0.135617971420288
"Fixed mixed-signal covariate-driven SAR design, lambda = 2",74,"WLR","WLR","WLR asymptotic Gaussian linear-predictor uncertainty plus Bernoulli posterior-predictive variation",0.67924882629108,0.474178403755869,3,0.2,0.4,0.324376102628042,2.61452560977056,0.0875347194354957,0.753712135436543,0.96,0.333333333333333,0.9125,7,0.9925,0.8,1.2175,8.79999999999999,0.142352819442749
"Fixed mixed-signal covariate-driven SAR design, lambda = 2",75,"WLR","WLR","WLR asymptotic Gaussian linear-predictor uncertainty plus Bernoulli posterior-predictive variation",0.65452269170579,0.523755868544601,1,0.0666666666666667,0.266666666666667,0.343888916677415,2.21940496463664,0.098995681144104,0.749049785784682,0.9775,0.6,0.855,4.6,1,1,0.9925,1,0.130584001541138
"Fixed mixed-signal covariate-driven SAR design, lambda = 2",76,"WLR","WLR","WLR asymptotic Gaussian linear-predictor uncertainty plus Bernoulli posterior-predictive variation",0.66754303599374,0.525070422535211,2,0.133333333333333,0.288888888888889,0.335026754866564,2.23288441235231,0.0959889739750151,0.734215772587884,0.975,0.533333333333333,0.8375,5.2,1,1,0.97,1,0.130197048187256
"Fixed mixed-signal covariate-driven SAR design, lambda = 2",77,"WLR","WLR","WLR asymptotic Gaussian linear-predictor uncertainty plus Bernoulli posterior-predictive variation",0.607762128325509,0.510422535211268,0,0,0.177777777777778,0.347345624232853,2.10477880876809,0.0992009769965167,0.755250141102254,0.9775,0.8,0.9725,2.8,1,1,1,1,0.126611948013306
"Fixed mixed-signal covariate-driven SAR design, lambda = 2",78,"WLR","WLR","WLR asymptotic Gaussian linear-predictor uncertainty plus Bernoulli posterior-predictive variation",0.70472613458529,0.461032863849765,2,0.133333333333333,0.355555555555556,0.339198071815975,3.15650765989213,0.0908562427605487,0.789240000052227,0.9725,0.4,0.7175,6.4,0.985,0.666666666666667,1.45,14,0.121294975280762
"Fixed mixed-signal covariate-driven SAR design, lambda = 2",79,"WLR","WLR","WLR asymptotic Gaussian linear-predictor uncertainty plus Bernoulli posterior-predictive variation",0.651830985915493,0.470610328638498,1,0.0666666666666667,0.333333333333333,0.340333664781247,2.4760839354709,0.094504348783032,0.782898405835258,0.97,0.466666666666667,0.87,5.8,0.995,0.933333333333333,1.165,3.6,0.130192995071411
"Fixed mixed-signal covariate-driven SAR design, lambda = 2",80,"WLR","WLR","WLR asymptotic Gaussian linear-predictor uncertainty plus Bernoulli posterior-predictive variation",0.625790297339593,0.429671361502347,1,0.0666666666666667,0.333333333333333,0.344556091713832,2.56233348231314,0.0940068315389058,0.793925732686182,0.97,0.466666666666667,0.915,5.8,0.9975,0.933333333333333,1.09,3.6,0.124422073364258
"Fixed mixed-signal covariate-driven SAR design, lambda = 2",81,"WLR","WLR","WLR asymptotic Gaussian linear-predictor uncertainty plus Bernoulli posterior-predictive variation",0.603568075117371,0.370328638497653,0,0,0.222222222222222,0.357863552923716,2.69068308615386,0.100825959216794,0.839130431495119,0.97,0.466666666666667,0.9275,5.8,0.9975,0.933333333333333,1.0775,3.6,0.126168966293335
"Fixed mixed-signal covariate-driven SAR design, lambda = 2",82,"WLR","WLR","WLR asymptotic Gaussian linear-predictor uncertainty plus Bernoulli posterior-predictive variation",0.659154929577465,0.488262910798122,0,0,0.355555555555556,0.335136472492649,2.38895457175607,0.0930280228257156,0.776527695423139,0.965,0.4,0.91,6.4,0.9975,1,1.0775,1,0.123831987380981
"Fixed mixed-signal covariate-driven SAR design, lambda = 2",83,"WLR","WLR","WLR asymptotic Gaussian linear-predictor uncertainty plus Bernoulli posterior-predictive variation",0.673364632237872,0.540657276995305,0,0,0.244444444444444,0.341476405177659,2.32470154213013,0.0972464992203641,0.761158307444319,0.9775,0.666666666666667,0.8225,4,0.995,0.933333333333333,1.1875,3.6,0.16000509262085
"Fixed mixed-signal covariate-driven SAR design, lambda = 2",84,"WLR","WLR","WLR asymptotic Gaussian linear-predictor uncertainty plus Bernoulli posterior-predictive variation",0.650641627543036,0.591549295774648,0,0,0.222222222222222,0.33768350372136,2.06668290402145,0.0958126100000397,0.743382898819763,0.9775,0.8,0.9025,2.8,1,1,1,1,0.156502962112427
"Fixed mixed-signal covariate-driven SAR design, lambda = 2",85,"WLR","WLR","WLR asymptotic Gaussian linear-predictor uncertainty plus Bernoulli posterior-predictive variation",0.65377151799687,0.530704225352113,2,0.133333333333333,0.266666666666667,0.336310315512571,2.20370707405295,0.095539295248699,0.747150816263987,0.965,0.6,0.9525,4.6,1,1,0.9775,1,0.121238946914673
"Fixed mixed-signal covariate-driven SAR design, lambda = 2",86,"WLR","WLR","WLR asymptotic Gaussian linear-predictor uncertainty plus Bernoulli posterior-predictive variation",0.647887323943662,0.553802816901408,2,0.133333333333333,0.333333333333333,0.339329727289726,2.08041007393765,0.0967481914616859,0.721446109815896,0.98,0.733333333333333,0.8675,3.4,1,1,1,1,0.13338303565979
"Fixed mixed-signal covariate-driven SAR design, lambda = 2",87,"WLR","WLR","WLR asymptotic Gaussian linear-predictor uncertainty plus Bernoulli posterior-predictive variation",0.64018779342723,0.562816901408451,1,0.0666666666666667,0.266666666666667,0.336136198300698,2.06034867879115,0.0949683516045786,0.725846563078775,0.975,0.666666666666667,0.9075,4,1,1,0.9975,1,0.148371934890747
"Fixed mixed-signal covariate-driven SAR design, lambda = 2",88,"WLR","WLR","WLR asymptotic Gaussian linear-predictor uncertainty plus Bernoulli posterior-predictive variation",0.684006259780908,0.544600938967136,1,0.0666666666666667,0.444444444444444,0.319715668605814,2.24399897922786,0.0835047738311701,0.75192654532088,0.9725,0.666666666666667,0.8725,4,0.995,1,1.1825,1,0.135556936264038
"Fixed mixed-signal covariate-driven SAR design, lambda = 2",89,"WLR","WLR","WLR asymptotic Gaussian linear-predictor uncertainty plus Bernoulli posterior-predictive variation",0.705039123630673,0.542347417840376,2,0.133333333333333,0.266666666666667,0.32446980664548,2.36401008447673,0.0933379196709498,0.761906015702121,0.97,0.533333333333333,0.8025,5.2,0.9975,0.933333333333333,1.035,3.6,0.133197069168091
"Fixed mixed-signal covariate-driven SAR design, lambda = 2",90,"WLR","WLR","WLR asymptotic Gaussian linear-predictor uncertainty plus Bernoulli posterior-predictive variation",0.687511737089202,0.543661971830986,1,0.0666666666666667,0.288888888888889,0.331738060002624,2.23422825244353,0.0962459682355554,0.742785507277197,0.9725,0.533333333333333,0.825,5.2,1,1,0.9625,1,0.129544973373413
"Fixed mixed-signal covariate-driven SAR design, lambda = 2",91,"WLR","WLR","WLR asymptotic Gaussian linear-predictor uncertainty plus Bernoulli posterior-predictive variation",0.606447574334898,0.506666666666667,1,0.0666666666666667,0.266666666666667,0.346416970013487,2.14089856260037,0.0977772253805925,0.746845687978927,0.98,0.733333333333333,0.9175,3.4,1,1,1,1,0.126048803329468
"Fixed mixed-signal covariate-driven SAR design, lambda = 2",92,"WLR","WLR","WLR asymptotic Gaussian linear-predictor uncertainty plus Bernoulli posterior-predictive variation",0.664287949921753,0.538779342723005,1,0.0666666666666667,0.266666666666667,0.335664706951595,2.17574964475467,0.0957516570389254,0.733917920284266,0.9775,0.666666666666667,0.84,4,1,1,0.995,1,0.124488830566406
"Fixed mixed-signal covariate-driven SAR design, lambda = 2",93,"WLR","WLR","WLR asymptotic Gaussian linear-predictor uncertainty plus Bernoulli posterior-predictive variation",0.647010954616588,0.47924882629108,2,0.133333333333333,0.377777777777778,0.33373672892147,2.50928584679415,0.0902708402336966,0.778066429956082,0.96,0.466666666666667,0.9425,5.8,0.9975,0.933333333333333,1.0825,3.6,0.114251136779785
"Fixed mixed-signal covariate-driven SAR design, lambda = 2",94,"WLR","WLR","WLR asymptotic Gaussian linear-predictor uncertainty plus Bernoulli posterior-predictive variation",0.637746478873239,0.436431924882629,1,0.0666666666666667,0.355555555555556,0.34426022159982,2.45923114611647,0.0973247354588699,0.7951925841701,0.96,0.4,0.9875,6.4,1,1,0.97,1,0.126242160797119
"Fixed mixed-signal covariate-driven SAR design, lambda = 2",95,"WLR","WLR","WLR asymptotic Gaussian linear-predictor uncertainty plus Bernoulli posterior-predictive variation",0.672926447574335,0.533708920187793,1,0.0666666666666667,0.244444444444444,0.33745807575086,2.31304804513527,0.0966563976524442,0.761132109955359,0.9775,0.666666666666667,0.81,4,1,1,0.98,1,0.140833854675293
"Fixed mixed-signal covariate-driven SAR design, lambda = 2",96,"WLR","WLR","WLR asymptotic Gaussian linear-predictor uncertainty plus Bernoulli posterior-predictive variation",0.6660406885759,0.523943661971831,2,0.133333333333333,0.333333333333333,0.337846043626663,2.24988428449936,0.0964901528519317,0.737081437832087,0.97,0.533333333333333,0.905,5.2,1,1,0.99,1,0.128654956817627
"Fixed mixed-signal covariate-driven SAR design, lambda = 2",97,"WLR","WLR","WLR asymptotic Gaussian linear-predictor uncertainty plus Bernoulli posterior-predictive variation",0.612707355242566,0.513427230046948,1,0.0666666666666667,0.266666666666667,0.345978274816416,2.12891942107857,0.0984796515090141,0.750986696766995,0.98,0.666666666666667,0.8975,4,1,1,1,1,0.127842903137207
"Fixed mixed-signal covariate-driven SAR design, lambda = 2",98,"WLR","WLR","WLR asymptotic Gaussian linear-predictor uncertainty plus Bernoulli posterior-predictive variation",0.704350547730829,0.589671361502347,0,0,0.333333333333333,0.319098577522798,2.31557267195976,0.0899200668019429,0.785817650980713,0.9725,0.666666666666667,0.81,4,0.9975,1,1.0375,1,0.120041847229004
"Fixed mixed-signal covariate-driven SAR design, lambda = 2",99,"WLR","WLR","WLR asymptotic Gaussian linear-predictor uncertainty plus Bernoulli posterior-predictive variation",0.731455399061033,0.530892018779343,2,0.133333333333333,0.4,0.305516649303241,2.74774266585725,0.0832349419488239,0.804783536632897,0.9625,0.466666666666667,0.7775,5.8,0.995,0.933333333333333,1.0375,3.6,0.133132934570312
"Fixed mixed-signal covariate-driven SAR design, lambda = 2",100,"WLR","WLR","WLR asymptotic Gaussian linear-predictor uncertainty plus Bernoulli posterior-predictive variation",0.661345852895149,0.501784037558685,0,0,0.311111111111111,0.323768746550435,2.4200299105243,0.0887385787252158,0.810845278961558,0.975,0.6,0.8175,4.6,0.9975,1,1.075,1,0.126030921936035
"Fixed mixed-signal covariate-driven SAR design, lambda = 2",1,"WLR_NET","WLR + Net","WLR asymptotic Gaussian linear-predictor uncertainty plus Bernoulli posterior-predictive variation",0.720125195618153,0.549107981220657,1,0.0666666666666667,0.311111111111111,0.328357829830361,2.48622244040046,0.0954779307337032,0.76853064921325,0.975,0.6,0.74,4.6,0.9975,0.933333333333333,1.01,3.6,0.489652156829834
"Fixed mixed-signal covariate-driven SAR design, lambda = 2",2,"WLR_NET","WLR + Net","WLR asymptotic Gaussian linear-predictor uncertainty plus Bernoulli posterior-predictive variation",0.670798122065728,0.548544600938967,0,0,0.244444444444444,0.338393038052566,2.20573121721526,0.0970834736421573,0.773078928553687,0.9775,0.733333333333333,0.905,3.4,0.9975,1,1.085,1,0.228657960891724
"Fixed mixed-signal covariate-driven SAR design, lambda = 2",3,"WLR_NET","WLR + Net","WLR asymptotic Gaussian linear-predictor uncertainty plus Bernoulli posterior-predictive variation",0.613270735524257,0.466666666666667,1,0.0666666666666667,0.2,0.348302970567601,2.25388865324852,0.0994109834599095,0.768452766268015,0.975,0.533333333333333,0.945,5.2,1,1,1,1,0.381212949752808
"Fixed mixed-signal covariate-driven SAR design, lambda = 2",4,"WLR_NET","WLR + Net","WLR asymptotic Gaussian linear-predictor uncertainty plus Bernoulli posterior-predictive variation",0.646697965571205,0.572769953051643,0,0,0.244444444444444,0.336803941155616,2.07192612732133,0.0957422888472265,0.736810459277324,0.9725,0.6,0.935,4.6,1,1,0.995,1,0.34878396987915
"Fixed mixed-signal covariate-driven SAR design, lambda = 2",5,"WLR_NET","WLR + Net","WLR asymptotic Gaussian linear-predictor uncertainty plus Bernoulli posterior-predictive variation",0.657652582159624,0.485821596244131,0,0,0.333333333333333,0.330801626871605,2.40639274470303,0.0923205304921061,0.798029113688291,0.9675,0.466666666666667,0.8875,5.8,1,1,0.975,1,0.265938997268677
"Fixed mixed-signal covariate-driven SAR design, lambda = 2",6,"WLR_NET","WLR + Net","WLR asymptotic Gaussian linear-predictor uncertainty plus Bernoulli posterior-predictive variation",0.724256651017214,0.694272300469484,2,0.133333333333333,0.266666666666667,0.316624252473644,1.86590143496228,0.0904901207625537,0.676933498963043,0.985,0.866666666666667,0.74,2.2,0.9975,1,1.08,1,0.359805107116699
"Fixed mixed-signal covariate-driven SAR design, lambda = 2",7,"WLR_NET","WLR + Net","WLR asymptotic Gaussian linear-predictor uncertainty plus Bernoulli posterior-predictive variation",0.6679186228482,0.472863849765258,0,0,0.266666666666667,0.337349187009066,2.54699977366397,0.0961563859292367,0.80248165590541,0.97,0.533333333333333,0.8375,5.2,0.9975,0.933333333333333,1.035,3.6,0.336647987365723
"Fixed mixed-signal covariate-driven SAR design, lambda = 2",8,"WLR_NET","WLR + Net","WLR asymptotic Gaussian linear-predictor uncertainty plus Bernoulli posterior-predictive variation",0.701784037558685,0.590046948356807,3,0.2,0.488888888888889,0.315425571752512,2.3052257558186,0.0835574586736026,0.741243669225361,0.97,0.6,0.8425,4.6,0.99,0.933333333333333,1.3475,3.6,0.298923969268799
"Fixed mixed-signal covariate-driven SAR design, lambda = 2",9,"WLR_NET","WLR + Net","WLR asymptotic Gaussian linear-predictor uncertainty plus Bernoulli posterior-predictive variation",0.696901408450704,0.567136150234742,2,0.133333333333333,0.333333333333333,0.328280594010849,2.28060846500908,0.0929280991184688,0.725263374428573,0.98,0.733333333333333,0.7875,3.4,0.9975,1,1.0575,1,0.389069080352783
"Fixed mixed-signal covariate-driven SAR design, lambda = 2",10,"WLR_NET","WLR + Net","WLR asymptotic Gaussian linear-predictor uncertainty plus Bernoulli posterior-predictive variation",0.654397496087637,0.528638497652582,0,0,0.333333333333333,0.336884288974007,2.24536703524861,0.0954457814458974,0.750509926389769,0.9675,0.533333333333333,0.94,5.2,1,1,0.99,1,0.369079113006592
"Fixed mixed-signal covariate-driven SAR design, lambda = 2",11,"WLR_NET","WLR + Net","WLR asymptotic Gaussian linear-predictor uncertainty plus Bernoulli posterior-predictive variation",0.696651017214397,0.435492957746479,2,0.133333333333333,0.355555555555556,0.341240923435418,3.24060102798004,0.0927394760587712,0.82133132735459,0.9625,0.466666666666667,0.8125,5.8,0.99,0.733333333333333,1.215,11.4,0.269085884094238
"Fixed mixed-signal covariate-driven SAR design, lambda = 2",12,"WLR_NET","WLR + Net","WLR asymptotic Gaussian linear-predictor uncertainty plus Bernoulli posterior-predictive variation",0.697276995305164,0.539906103286385,0,0,0.244444444444444,0.328480150130154,2.42792835968786,0.0952679864668351,0.799360326800463,0.9725,0.533333333333333,0.7975,5.2,0.9975,0.933333333333333,1.0375,3.6,0.322083950042725
"Fixed mixed-signal covariate-driven SAR design, lambda = 2",13,"WLR_NET","WLR + Net","WLR asymptotic Gaussian linear-predictor uncertainty plus Bernoulli posterior-predictive variation",0.639499217527387,0.490892018779343,1,0.0666666666666667,0.266666666666667,0.344825010452172,2.26705083920576,0.0985659050237564,0.7701389930145,0.9775,0.666666666666667,0.875,4,1,1,0.995,1,0.35837197303772
"Fixed mixed-signal covariate-driven SAR design, lambda = 2",14,"WLR_NET","WLR + Net","WLR asymptotic Gaussian linear-predictor uncertainty plus Bernoulli posterior-predictive variation",0.639561815336463,0.458403755868545,1,0.0666666666666667,0.311111111111111,0.346322749999891,2.51834386464529,0.0980459055523054,0.80472169511192,0.9775,0.6,0.8225,4.6,0.9975,0.933333333333333,1.0825,3.6,0.216687917709351
"Fixed mixed-signal covariate-driven SAR design, lambda = 2",15,"WLR_NET","WLR + Net","WLR asymptotic Gaussian linear-predictor uncertainty plus Bernoulli posterior-predictive variation",0.632112676056338,0.371079812206573,1,0.0666666666666667,0.288888888888889,0.355730941200355,2.87660283926188,0.0995549199437185,0.824572969292567,0.96,0.2,0.9775,8.2,0.995,0.866666666666667,1.1575,6.19999999999999,0.367585897445679
"Fixed mixed-signal covariate-driven SAR design, lambda = 2",16,"WLR_NET","WLR + Net","WLR asymptotic Gaussian linear-predictor uncertainty plus Bernoulli posterior-predictive variation",0.771267605633803,0.675868544600939,3,0.2,0.4,0.290100760283708,1.97048031359528,0.0833422913333905,0.65272435373881,0.98,0.666666666666667,0.67,4,1,1,0.93,1,0.119382858276367
"Fixed mixed-signal covariate-driven SAR design, lambda = 2",17,"WLR_NET","WLR + Net","WLR asymptotic Gaussian linear-predictor uncertainty plus Bernoulli posterior-predictive variation",0.749733959311424,0.59962441314554,1,0.0666666666666667,0.355555555555556,0.309285834416145,2.40023627767144,0.088645879677792,0.764089484481078,0.97,0.466666666666667,0.7575,5.8,0.9975,1,0.935,1,0.400861024856567
"Fixed mixed-signal covariate-driven SAR design, lambda = 2",18,"WLR_NET","WLR + Net","WLR asymptotic Gaussian linear-predictor uncertainty plus Bernoulli posterior-predictive variation",0.586729264475743,0.367699530516432,0,0,0.355555555555556,0.345615169825913,2.54428468447852,0.0919101774220542,0.832755674099195,0.9525,0.333333333333333,1.0775,7,0.9975,1,1.0975,1,0.18619704246521
"Fixed mixed-signal covariate-driven SAR design, lambda = 2",19,"WLR_NET","WLR + Net","WLR asymptotic Gaussian linear-predictor uncertainty plus Bernoulli posterior-predictive variation",0.721877934272301,0.64131455399061,1,0.0666666666666667,0.355555555555556,0.32008078631006,2.10356062157102,0.0924982793604794,0.714322763804006,0.975,0.733333333333333,0.81,3.4,1,1,0.94,1,0.234724044799805
"Fixed mixed-signal covariate-driven SAR design, lambda = 2",20,"WLR_NET","WLR + Net","WLR asymptotic Gaussian linear-predictor uncertainty plus Bernoulli posterior-predictive variation",0.692707355242567,0.587417840375587,2,0.133333333333333,0.288888888888889,0.322405340178239,2.14461680648709,0.0921062539905547,0.723745569827078,0.975,0.6,0.795,4.6,1,1,0.9825,1,0.25031304359436
"Fixed mixed-signal covariate-driven SAR design, lambda = 2",21,"WLR_NET","WLR + Net","WLR asymptotic Gaussian linear-predictor uncertainty plus Bernoulli posterior-predictive variation",0.691392801251956,0.571455399061033,0,0,0.244444444444444,0.336089671301675,2.26296515830363,0.097945356025602,0.772306838401746,0.9775,0.733333333333333,0.8125,3.4,1,1,0.9725,1,0.168268918991089
"Fixed mixed-signal covariate-driven SAR design, lambda = 2",22,"WLR_NET","WLR + Net","WLR asymptotic Gaussian linear-predictor uncertainty plus Bernoulli posterior-predictive variation",0.62716744913928,0.443943661971831,1,0.0666666666666667,0.244444444444444,0.348850887755325,2.66855199270314,0.0955598917419194,0.798587702346939,0.9725,0.533333333333333,0.8775,5.2,0.995,0.866666666666667,1.165,6.19999999999999,0.142355918884277
"Fixed mixed-signal covariate-driven SAR design, lambda = 2",23,"WLR_NET","WLR + Net","WLR asymptotic Gaussian linear-predictor uncertainty plus Bernoulli posterior-predictive variation",0.696651017214397,0.631361502347418,1,0.0666666666666667,0.311111111111111,0.326151543906772,2.02632218446032,0.0935600882385421,0.716526623106378,0.98,0.733333333333333,0.785,3.4,1,1,0.98,1,0.135288953781128
"Fixed mixed-signal covariate-driven SAR design, lambda = 2",24,"WLR_NET","WLR + Net","WLR asymptotic Gaussian linear-predictor uncertainty plus Bernoulli posterior-predictive variation",0.678810641627543,0.43924882629108,2,0.133333333333333,0.377777777777778,0.333875334599059,2.87065616041666,0.0916985843763361,0.809396963245075,0.9625,0.4,0.845,6.4,0.9925,0.8,1.2025,8.79999999999999,0.126936912536621
"Fixed mixed-signal covariate-driven SAR design, lambda = 2",25,"WLR_NET","WLR + Net","WLR asymptotic Gaussian linear-predictor uncertainty plus Bernoulli posterior-predictive variation",0.676807511737089,0.539530516431925,1,0.0666666666666667,0.288888888888889,0.339025256839598,2.24613946519088,0.0978508824786571,0.74065081331723,0.9775,0.6,0.8175,4.6,1,1,0.9775,1,0.160932064056396
"Fixed mixed-signal covariate-driven SAR design, lambda = 2",26,"WLR_NET","WLR + Net","WLR asymptotic Gaussian linear-predictor uncertainty plus Bernoulli posterior-predictive variation",0.763693270735524,0.658215962441315,1,0.0666666666666667,0.4,0.299278675585123,2.19063962061828,0.083494808311325,0.683689052649261,0.9775,0.666666666666667,0.695,4,0.9925,0.866666666666667,1.2025,6.19999999999999,0.137650966644287
"Fixed mixed-signal covariate-driven SAR design, lambda = 2",27,"WLR_NET","WLR + Net","WLR asymptotic Gaussian linear-predictor uncertainty plus Bernoulli posterior-predictive variation",0.704788732394366,0.572582159624413,1,0.0666666666666667,0.244444444444444,0.329192918240126,2.26836521361825,0.0963794859505805,0.744054684398103,0.975,0.6,0.81,4.6,1,1,0.9225,1,0.136396884918213
"Fixed mixed-signal covariate-driven SAR design, lambda = 2",28,"WLR_NET","WLR + Net","WLR asymptotic Gaussian linear-predictor uncertainty plus Bernoulli posterior-predictive variation",0.729264475743349,0.677934272300469,1,0.0666666666666667,0.422222222222222,0.309976850440359,2.00228916419486,0.0876495607940899,0.712652256445066,0.98,0.933333333333333,0.785,1.6,1,1,0.9875,1,0.196900129318237
"Fixed mixed-signal covariate-driven SAR design, lambda = 2",29,"WLR_NET","WLR + Net","WLR asymptotic Gaussian linear-predictor uncertainty plus Bernoulli posterior-predictive variation",0.59887323943662,0.503849765258216,0,0,0.2,0.350195081563996,2.12766806044685,0.100369035860156,0.759945804577956,0.99,0.933333333333333,0.8875,1.6,1,1,1,1,0.156266927719116
"Fixed mixed-signal covariate-driven SAR design, lambda = 2",30,"WLR_NET","WLR + Net","WLR asymptotic Gaussian linear-predictor uncertainty plus Bernoulli posterior-predictive variation",0.683943661971831,0.482253521126761,1,0.0666666666666667,0.222222222222222,0.342920415965679,2.70363912900699,0.0969028543974199,0.796178268301447,0.9775,0.533333333333333,0.7675,5.2,0.9925,0.8,1.25,8.79999999999999,0.140177011489868
"Fixed mixed-signal covariate-driven SAR design, lambda = 2",31,"WLR_NET","WLR + Net","WLR asymptotic Gaussian linear-predictor uncertainty plus Bernoulli posterior-predictive variation",0.629608763693271,0.509483568075117,0,0,0.288888888888889,0.343904727799372,2.20771067071047,0.0981476554952058,0.765109412142609,0.98,0.666666666666667,0.8725,4,1,1,0.995,1,0.158814907073975
"Fixed mixed-signal covariate-driven SAR design, lambda = 2",32,"WLR_NET","WLR + Net","WLR asymptotic Gaussian linear-predictor uncertainty plus Bernoulli posterior-predictive variation",0.71981220657277,0.727323943661972,2,0.133333333333333,0.377777777777778,0.315811992018398,1.90653892628694,0.0879008600137208,0.68645437367828,0.975,0.866666666666667,0.8525,2.2,1,1,0.995,1,0.128877878189087
"Fixed mixed-signal covariate-driven SAR design, lambda = 2",33,"WLR_NET","WLR + Net","WLR asymptotic Gaussian linear-predictor uncertainty plus Bernoulli posterior-predictive variation",0.725133020344288,0.60150234741784,0,0,0.288888888888889,0.313133487915885,2.32646610448966,0.0895398788741971,0.779649423609482,0.97,0.6,0.7925,4.6,0.9975,1,1.0125,1,0.198315858840942
"Fixed mixed-signal covariate-driven SAR design, lambda = 2",34,"WLR_NET","WLR + Net","WLR asymptotic Gaussian linear-predictor uncertainty plus Bernoulli posterior-predictive variation",0.672425665101721,0.517746478873239,0,0,0.177777777777778,0.344520237943239,2.36124206864137,0.10080774703413,0.766040118171266,0.98,0.533333333333333,0.8175,5.2,1,1,0.965,1,0.152429103851318
"Fixed mixed-signal covariate-driven SAR design, lambda = 2",35,"WLR_NET","WLR + Net","WLR asymptotic Gaussian linear-predictor uncertainty plus Bernoulli posterior-predictive variation",0.717057902973396,0.579718309859155,1,0.0666666666666667,0.333333333333333,0.326553594760612,2.31718908616662,0.0924590880706905,0.737332878084891,0.9775,0.666666666666667,0.7875,4,0.995,0.933333333333333,1.135,3.6,0.127182960510254
"Fixed mixed-signal covariate-driven SAR design, lambda = 2",36,"WLR_NET","WLR + Net","WLR asymptotic Gaussian linear-predictor uncertainty plus Bernoulli posterior-predictive variation",0.613521126760563,0.483755868544601,0,0,0.266666666666667,0.348893617875576,2.21018061983327,0.0991092289121819,0.773896667832415,0.98,0.8,0.92,2.8,1,1,1,1,0.175293922424316
"Fixed mixed-signal covariate-driven SAR design, lambda = 2",37,"WLR_NET","WLR + Net","WLR asymptotic Gaussian linear-predictor uncertainty plus Bernoulli posterior-predictive variation",0.707042253521127,0.611643192488263,0,0,0.311111111111111,0.329172392023919,2.15346731568527,0.0942959064199677,0.747623229489247,0.98,0.8,0.805,2.8,1,1,0.97,1,0.134062051773071
"Fixed mixed-signal covariate-driven SAR design, lambda = 2",38,"WLR_NET","WLR + Net","WLR asymptotic Gaussian linear-predictor uncertainty plus Bernoulli posterior-predictive variation",0.749233176838811,0.608826291079812,2,0.133333333333333,0.377777777777778,0.315453593751291,2.67317333698301,0.0831832779822027,0.69648102111348,0.9725,0.6,0.8225,4.6,0.9925,0.8,1.2275,8.79999999999999,0.172733068466187
"Fixed mixed-signal covariate-driven SAR design, lambda = 2",39,"WLR_NET","WLR + Net","WLR asymptotic Gaussian linear-predictor uncertainty plus Bernoulli posterior-predictive variation",0.791361502347418,0.685633802816901,4,0.266666666666667,0.533333333333333,0.26185169345338,2.14223404585729,0.0690492915224193,0.652597259846567,0.9725,0.666666666666667,0.6525,3.86666666666667,0.9925,0.866666666666667,1.155,6.19999999999999,0.167347192764282
"Fixed mixed-signal covariate-driven SAR design, lambda = 2",40,"WLR_NET","WLR + Net","WLR asymptotic Gaussian linear-predictor uncertainty plus Bernoulli posterior-predictive variation",0.666666666666667,0.510234741784038,0,0,0.244444444444444,0.337975434876451,2.38909999100451,0.0978622471584549,0.799154898644426,0.975,0.666666666666667,0.8225,4,1,1,0.95,1,0.171840906143188
"Fixed mixed-signal covariate-driven SAR design, lambda = 2",41,"WLR_NET","WLR + Net","WLR asymptotic Gaussian linear-predictor uncertainty plus Bernoulli posterior-predictive variation",0.702284820031299,0.658967136150235,5,0.333333333333333,0.355555555555556,0.317580450007784,1.83510069340969,0.0887717208172392,0.619794483979848,0.9775,0.733333333333333,0.865,3.4,1,1,0.9875,1,0.125160932540894
"Fixed mixed-signal covariate-driven SAR design, lambda = 2",42,"WLR_NET","WLR + Net","WLR asymptotic Gaussian linear-predictor uncertainty plus Bernoulli posterior-predictive variation",0.743912363067293,0.63849765258216,3,0.2,0.355555555555556,0.308020462585548,2.09963591827643,0.0867608852585111,0.66410294682761,0.975,0.6,0.7375,4.6,0.995,0.933333333333333,1.1125,3.6,0.159221887588501
"Fixed mixed-signal covariate-driven SAR design, lambda = 2",43,"WLR_NET","WLR + Net","WLR asymptotic Gaussian linear-predictor uncertainty plus Bernoulli posterior-predictive variation",0.691267605633803,0.466291079812207,1,0.0666666666666667,0.333333333333333,0.337501173067572,2.67481566949017,0.0964172344385302,0.787631753284086,0.9725,0.4,0.7825,6.4,1,1,0.91,1,0.150064945220947
"Fixed mixed-signal covariate-driven SAR design, lambda = 2",44,"WLR_NET","WLR + Net","WLR asymptotic Gaussian linear-predictor uncertainty plus Bernoulli posterior-predictive variation",0.651267605633803,0.48037558685446,3,0.2,0.333333333333333,0.3363730596002,2.56948721944566,0.090754865983412,0.755828369833932,0.9675,0.466666666666667,0.89,5.8,0.9975,0.933333333333333,1.075,3.6,0.175182104110718
"Fixed mixed-signal covariate-driven SAR design, lambda = 2",45,"WLR_NET","WLR + Net","WLR asymptotic Gaussian linear-predictor uncertainty plus Bernoulli posterior-predictive variation",0.679374021909233,0.593615023474178,2,0.133333333333333,0.355555555555556,0.327533793959748,2.10187961408011,0.0925502908593095,0.716614022750467,0.9675,0.6,0.915,4.6,1,1,0.975,1,0.151314973831177
"Fixed mixed-signal covariate-driven SAR design, lambda = 2",46,"WLR_NET","WLR + Net","WLR asymptotic Gaussian linear-predictor uncertainty plus Bernoulli posterior-predictive variation",0.722629107981221,0.603943661971831,0,0,0.288888888888889,0.323901631980526,2.22842316446983,0.093959732913225,0.768391821986006,0.9775,0.666666666666667,0.7425,4,0.995,0.933333333333333,1.11,3.6,0.13456392288208
"Fixed mixed-signal covariate-driven SAR design, lambda = 2",47,"WLR_NET","WLR + Net","WLR asymptotic Gaussian linear-predictor uncertainty plus Bernoulli posterior-predictive variation",0.653082942097027,0.464413145539906,1,0.0666666666666667,0.311111111111111,0.340273110944963,2.4373461227999,0.0966215955030557,0.777098156489634,0.97,0.4,0.895,6.4,1,1,0.9825,1,0.153329133987427
"Fixed mixed-signal covariate-driven SAR design, lambda = 2",48,"WLR_NET","WLR + Net","WLR asymptotic Gaussian linear-predictor uncertainty plus Bernoulli posterior-predictive variation",0.688951486697966,0.626666666666667,2,0.133333333333333,0.244444444444444,0.331543557196416,1.94023342295892,0.0946632276903292,0.68615526648291,0.9775,0.733333333333333,0.895,3.4,1,1,0.9925,1,0.128956079483032
"Fixed mixed-signal covariate-driven SAR design, lambda = 2",49,"WLR_NET","WLR + Net","WLR asymptotic Gaussian linear-predictor uncertainty plus Bernoulli posterior-predictive variation",0.637621283255086,0.374272300469484,0,0,0.333333333333333,0.343808727945678,2.89047327854483,0.0960526683822985,0.878433198868467,0.9575,0.2,0.9525,8.2,1,1,0.94,1,0.125270843505859
"Fixed mixed-signal covariate-driven SAR design, lambda = 2",50,"WLR_NET","WLR + Net","WLR asymptotic Gaussian linear-predictor uncertainty plus Bernoulli posterior-predictive variation",0.62773082942097,0.549107981220657,2,0.133333333333333,0.311111111111111,0.337534589280841,2.05112304405641,0.0945091721466406,0.720121686572774,0.98,0.8,0.91,2.8,1,1,1,1,0.170253038406372
"Fixed mixed-signal covariate-driven SAR design, lambda = 2",51,"WLR_NET","WLR + Net","WLR asymptotic Gaussian linear-predictor uncertainty plus Bernoulli posterior-predictive variation",0.618028169014085,0.495962441314554,0,0,0.244444444444444,0.345098641254542,2.30543324689689,0.0967848183330183,0.780457861460896,0.97,0.6,0.9525,4.6,1,1,1,1,0.1249840259552
"Fixed mixed-signal covariate-driven SAR design, lambda = 2",52,"WLR_NET","WLR + Net","WLR asymptotic Gaussian linear-predictor uncertainty plus Bernoulli posterior-predictive variation",0.73377151799687,0.547230046948357,0,0,0.333333333333333,0.318416721983202,2.58793976630856,0.0924760666332164,0.801441553397103,0.965,0.4,0.7875,6.4,1,1,0.8125,1,0.148656129837036
"Fixed mixed-signal covariate-driven SAR design, lambda = 2",53,"WLR_NET","WLR + Net","WLR asymptotic Gaussian linear-predictor uncertainty plus Bernoulli posterior-predictive variation",0.678622848200313,0.492018779342723,2,0.133333333333333,0.333333333333333,0.328602733019576,2.55366585657418,0.0895845556096361,0.75051515192918,0.965,0.4,0.86,6.4,0.9975,0.933333333333333,1.0325,3.6,0.154206991195679
"Fixed mixed-signal covariate-driven SAR design, lambda = 2",54,"WLR_NET","WLR + Net","WLR asymptotic Gaussian linear-predictor uncertainty plus Bernoulli posterior-predictive variation",0.670297339593114,0.587042253521127,1,0.0666666666666667,0.311111111111111,0.327158599724117,2.0637390841813,0.0930552516524441,0.734100715967574,0.9775,0.733333333333333,0.845,3.4,1,1,0.9825,1,0.184317111968994
"Fixed mixed-signal covariate-driven SAR design, lambda = 2",55,"WLR_NET","WLR + Net","WLR asymptotic Gaussian linear-predictor uncertainty plus Bernoulli posterior-predictive variation",0.709546165884194,0.539718309859155,0,0,0.377777777777778,0.323568341055279,2.6436867773376,0.0882464878599506,0.799122129368382,0.975,0.6,0.74,4.6,0.99,0.866666666666667,1.295,6.19999999999999,0.165961980819702
"Fixed mixed-signal covariate-driven SAR design, lambda = 2",56,"WLR_NET","WLR + Net","WLR asymptotic Gaussian linear-predictor uncertainty plus Bernoulli posterior-predictive variation",0.671737089201878,0.56075117370892,0,0,0.177777777777778,0.336744688911771,2.17426645926873,0.0980571702237566,0.762818179365043,0.98,0.733333333333333,0.845,3.4,1,1,0.9975,1,0.127726078033447
"Fixed mixed-signal covariate-driven SAR design, lambda = 2",57,"WLR_NET","WLR + Net","WLR asymptotic Gaussian linear-predictor uncertainty plus Bernoulli posterior-predictive variation",0.621408450704225,0.533521126760563,1,0.0666666666666667,0.288888888888889,0.332023514077987,2.18440486427354,0.0921318762216958,0.768901711336539,0.975,0.733333333333333,0.89,3.4,1,1,0.9975,1,0.16625189781189
"Fixed mixed-signal covariate-driven SAR design, lambda = 2",58,"WLR_NET","WLR + Net","WLR asymptotic Gaussian linear-predictor uncertainty plus Bernoulli posterior-predictive variation",0.765320813771518,0.643192488262911,1,0.0666666666666667,0.4,0.30508721696986,2.30505933878119,0.0864659262450989,0.732874781187149,0.975,0.6,0.7025,4.6,0.9925,0.866666666666667,1.13,6.19999999999999,0.137225866317749
"Fixed mixed-signal covariate-driven SAR design, lambda = 2",59,"WLR_NET","WLR + Net","WLR asymptotic Gaussian linear-predictor uncertainty plus Bernoulli posterior-predictive variation",0.660281690140845,0.490892018779343,2,0.133333333333333,0.288888888888889,0.340390537588696,2.38622656568843,0.0959872024517877,0.763027620896444,0.97,0.533333333333333,0.875,5.2,1,1,0.97,1,0.132477045059204
"Fixed mixed-signal covariate-driven SAR design, lambda = 2",60,"WLR_NET","WLR + Net","WLR asymptotic Gaussian linear-predictor uncertainty plus Bernoulli posterior-predictive variation",0.694021909233177,0.542723004694836,2,0.133333333333333,0.355555555555556,0.3235187177993,2.33340465495245,0.090950670842113,0.733263734721332,0.97,0.6,0.83,4.6,1,1,0.945,1,0.125931978225708
"Fixed mixed-signal covariate-driven SAR design, lambda = 2",61,"WLR_NET","WLR + Net","WLR asymptotic Gaussian linear-predictor uncertainty plus Bernoulli posterior-predictive variation",0.730579029733959,0.55962441314554,0,0,0.333333333333333,0.320072665998863,2.45814748781801,0.0925859783475304,0.760749171364701,0.9775,0.6,0.7325,4.6,0.9975,0.933333333333333,0.97,3.6,0.129191160202026
"Fixed mixed-signal covariate-driven SAR design, lambda = 2",62,"WLR_NET","WLR + Net","WLR asymptotic Gaussian linear-predictor uncertainty plus Bernoulli posterior-predictive variation",0.689389671361502,0.487323943661972,0,0,0.266666666666667,0.339323594318521,2.57100610823274,0.0970672731200724,0.814655711255292,0.975,0.533333333333333,0.79,5.2,0.995,0.933333333333333,1.1525,3.6,0.123542070388794
"Fixed mixed-signal covariate-driven SAR design, lambda = 2",63,"WLR_NET","WLR + Net","WLR asymptotic Gaussian linear-predictor uncertainty plus Bernoulli posterior-predictive variation",0.770078247261346,0.615399061032864,2,0.133333333333333,0.377777777777778,0.297793676558878,2.39649726039003,0.0836931484474844,0.690534588330172,0.9725,0.533333333333333,0.72,5.2,0.9925,0.8,1.095,8.79999999999999,0.1299889087677
"Fixed mixed-signal covariate-driven SAR design, lambda = 2",64,"WLR_NET","WLR + Net","WLR asymptotic Gaussian linear-predictor uncertainty plus Bernoulli posterior-predictive variation",0.741784037558685,0.695962441314554,1,0.0666666666666667,0.444444444444444,0.303977919500097,1.92385645274929,0.0856750879573432,0.682824394400906,0.975,0.8,0.7825,2.8,0.9975,1,1.0475,1,0.146848917007446
"Fixed mixed-signal covariate-driven SAR design, lambda = 2",65,"WLR_NET","WLR + Net","WLR asymptotic Gaussian linear-predictor uncertainty plus Bernoulli posterior-predictive variation",0.696025039123631,0.530328638497653,1,0.0666666666666667,0.266666666666667,0.332855823015745,2.4117232203977,0.097079504595386,0.771394693360937,0.98,0.533333333333333,0.75,5.2,0.9975,0.933333333333333,1.0175,3.6,0.171197175979614
"Fixed mixed-signal covariate-driven SAR design, lambda = 2",66,"WLR_NET","WLR + Net","WLR asymptotic Gaussian linear-predictor uncertainty plus Bernoulli posterior-predictive variation",0.703286384976526,0.593615023474178,2,0.133333333333333,0.311111111111111,0.318789240066162,2.11744917288866,0.0903001350906821,0.699449553769909,0.9775,0.6,0.7725,4.6,1,1,0.9625,1,0.179577112197876
"Fixed mixed-signal covariate-driven SAR design, lambda = 2",67,"WLR_NET","WLR + Net","WLR asymptotic Gaussian linear-predictor uncertainty plus Bernoulli posterior-predictive variation",0.635242566510172,0.523755868544601,0,0,0.222222222222222,0.343945539711969,2.16859746679333,0.0987969901217522,0.767587150112472,0.98,0.8,0.8625,2.8,1,1,1,1,0.127331972122192
"Fixed mixed-signal covariate-driven SAR design, lambda = 2",68,"WLR_NET","WLR + Net","WLR asymptotic Gaussian linear-predictor uncertainty plus Bernoulli posterior-predictive variation",0.646134585289515,0.488638497652582,2,0.133333333333333,0.377777777777778,0.335553812043789,2.34546983859064,0.0894263466379281,0.778668308343778,0.97,0.6,0.9475,4.6,0.995,1,1.19,1,0.132824897766113
"Fixed mixed-signal covariate-driven SAR design, lambda = 2",69,"WLR_NET","WLR + Net","WLR asymptotic Gaussian linear-predictor uncertainty plus Bernoulli posterior-predictive variation",0.608951486697966,0.385164319248826,0,0,0.288888888888889,0.35116672324519,2.61938333241076,0.0984656969076449,0.824136447148848,0.9625,0.4,0.97,6.4,1,1,0.98,1,0.171009063720703
"Fixed mixed-signal covariate-driven SAR design, lambda = 2",70,"WLR_NET","WLR + Net","WLR asymptotic Gaussian linear-predictor uncertainty plus Bernoulli posterior-predictive variation",0.743599374021909,0.756244131455399,2,0.133333333333333,0.355555555555556,0.315458732089532,1.65616816807538,0.0914795820242238,0.607158898247549,0.9825,0.866666666666667,0.805,2.2,1,1,1,1,0.13104510307312
"Fixed mixed-signal covariate-driven SAR design, lambda = 2",71,"WLR_NET","WLR + Net","WLR asymptotic Gaussian linear-predictor uncertainty plus Bernoulli posterior-predictive variation",0.688012519561815,0.566572769953052,0,0,0.266666666666667,0.334368696976402,2.16889876322798,0.0954198519103793,0.739528441967857,0.9825,0.666666666666667,0.8075,4,0.9975,1,1.08,1,0.127728939056396
"Fixed mixed-signal covariate-driven SAR design, lambda = 2",72,"WLR_NET","WLR + Net","WLR asymptotic Gaussian linear-predictor uncertainty plus Bernoulli posterior-predictive variation",0.645633802816901,0.490328638497653,1,0.0666666666666667,0.333333333333333,0.334302792787777,2.37680268766803,0.0928223661229547,0.782071278736879,0.965,0.6,0.935,4.6,1,1,0.97,1,0.132300853729248
"Fixed mixed-signal covariate-driven SAR design, lambda = 2",73,"WLR_NET","WLR + Net","WLR asymptotic Gaussian linear-predictor uncertainty plus Bernoulli posterior-predictive variation",0.710735524256651,0.565258215962441,0,0,0.311111111111111,0.329689733757421,2.35454062248794,0.0958149461053585,0.769512451831519,0.9775,0.666666666666667,0.7575,4,1,1,0.955,1,0.174654006958008
"Fixed mixed-signal covariate-driven SAR design, lambda = 2",74,"WLR_NET","WLR + Net","WLR asymptotic Gaussian linear-predictor uncertainty plus Bernoulli posterior-predictive variation",0.786103286384977,0.634553990610329,2,0.133333333333333,0.4,0.288257673893397,2.43680259332651,0.0806913808922094,0.68562389689612,0.9775,0.6,0.6725,4.6,0.9925,0.8,1.14,8.79999999999999,0.199182033538818
"Fixed mixed-signal covariate-driven SAR design, lambda = 2",75,"WLR_NET","WLR + Net","WLR asymptotic Gaussian linear-predictor uncertainty plus Bernoulli posterior-predictive variation",0.65433489827856,0.523004694835681,1,0.0666666666666667,0.244444444444444,0.343890533859717,2.21927260955621,0.099006394468242,0.749052336282359,0.9775,0.666666666666667,0.855,4,1,1,0.99,1,0.123295068740845
"Fixed mixed-signal covariate-driven SAR design, lambda = 2",76,"WLR_NET","WLR + Net","WLR asymptotic Gaussian linear-predictor uncertainty plus Bernoulli posterior-predictive variation",0.667668231611894,0.524882629107981,2,0.133333333333333,0.288888888888889,0.335041724837159,2.2332541040288,0.0959909851785834,0.734271866237346,0.975,0.533333333333333,0.8425,5.2,1,1,0.975,1,0.124782085418701
"Fixed mixed-signal covariate-driven SAR design, lambda = 2",77,"WLR_NET","WLR + Net","WLR asymptotic Gaussian linear-predictor uncertainty plus Bernoulli posterior-predictive variation",0.695649452269171,0.677558685446009,1,0.0666666666666667,0.288888888888889,0.328155747239218,1.84788534869114,0.0950827847637053,0.680846886160554,0.9775,0.733333333333333,0.925,3.4,1,1,0.99,1,0.148716926574707
"Fixed mixed-signal covariate-driven SAR design, lambda = 2",78,"WLR_NET","WLR + Net","WLR asymptotic Gaussian linear-predictor uncertainty plus Bernoulli posterior-predictive variation",0.749546165884194,0.56112676056338,2,0.133333333333333,0.422222222222222,0.311237994865846,2.68128871192152,0.0868856122927852,0.755508005858813,0.98,0.6,0.6375,4.6,0.9925,0.866666666666667,1.1275,6.19999999999999,0.160282135009766
"Fixed mixed-signal covariate-driven SAR design, lambda = 2",79,"WLR_NET","WLR + Net","WLR asymptotic Gaussian linear-predictor uncertainty plus Bernoulli posterior-predictive variation",0.679937402190923,0.536150234741784,1,0.0666666666666667,0.288888888888889,0.331811763146903,2.31313747745392,0.0937123741162438,0.755502022115603,0.975,0.533333333333333,0.7925,5.2,0.995,0.933333333333333,1.155,3.6,0.166917085647583
"Fixed mixed-signal covariate-driven SAR design, lambda = 2",80,"WLR_NET","WLR + Net","WLR asymptotic Gaussian linear-predictor uncertainty plus Bernoulli posterior-predictive variation",0.624475743348983,0.424413145539906,1,0.0666666666666667,0.333333333333333,0.343368540465092,2.56647373552008,0.0938093837963716,0.795252942804958,0.97,0.466666666666667,0.915,5.8,0.9975,0.933333333333333,1.0875,3.6,0.11984395980835
"Fixed mixed-signal covariate-driven SAR design, lambda = 2",81,"WLR_NET","WLR + Net","WLR asymptotic Gaussian linear-predictor uncertainty plus Bernoulli posterior-predictive variation",0.603505477308294,0.374647887323944,0,0,0.222222222222222,0.357270926368851,2.68125347899121,0.100592897479948,0.837339847661918,0.9675,0.466666666666667,0.95,5.8,0.9975,0.933333333333333,1.075,3.6,0.16697096824646
"Fixed mixed-signal covariate-driven SAR design, lambda = 2",82,"WLR_NET","WLR + Net","WLR asymptotic Gaussian linear-predictor uncertainty plus Bernoulli posterior-predictive variation",0.662597809076682,0.498967136150235,0,0,0.355555555555556,0.334022780963242,2.36476186592316,0.0927976037568053,0.772711514142295,0.9675,0.466666666666667,0.8875,5.8,0.9975,1,1.075,1,0.126760005950928
"Fixed mixed-signal covariate-driven SAR design, lambda = 2",83,"WLR_NET","WLR + Net","WLR asymptotic Gaussian linear-predictor uncertainty plus Bernoulli posterior-predictive variation",0.748794992175274,0.624600938967136,1,0.0666666666666667,0.355555555555556,0.317026732819882,2.25402881127247,0.0908052883467313,0.708654994836466,0.9825,0.733333333333333,0.6925,3.4,0.9925,0.866666666666667,1.1975,6.19999999999999,0.110263824462891
"Fixed mixed-signal covariate-driven SAR design, lambda = 2",84,"WLR_NET","WLR + Net","WLR asymptotic Gaussian linear-predictor uncertainty plus Bernoulli posterior-predictive variation",0.698341158059468,0.653896713615023,1,0.0666666666666667,0.311111111111111,0.322127573183483,1.97816696945145,0.0915491352682201,0.699518526175339,0.9775,0.733333333333333,0.835,3.4,1,1,0.995,1,0.180747032165527
"Fixed mixed-signal covariate-driven SAR design, lambda = 2",85,"WLR_NET","WLR + Net","WLR asymptotic Gaussian linear-predictor uncertainty plus Bernoulli posterior-predictive variation",0.651267605633803,0.523192488262911,2,0.133333333333333,0.266666666666667,0.337068342288462,2.22139826602861,0.0959171581018633,0.752458731385555,0.9675,0.6,0.9225,4.6,1,1,0.98,1,0.149264097213745
"Fixed mixed-signal covariate-driven SAR design, lambda = 2",86,"WLR_NET","WLR + Net","WLR asymptotic Gaussian linear-predictor uncertainty plus Bernoulli posterior-predictive variation",0.687824726134585,0.586291079812207,3,0.2,0.288888888888889,0.329662278643161,1.99903486795444,0.0940126092379278,0.679764582918776,0.9775,0.666666666666667,0.84,4,1,1,0.9925,1,0.123677968978882
"Fixed mixed-signal covariate-driven SAR design, lambda = 2",87,"WLR_NET","WLR + Net","WLR asymptotic Gaussian linear-predictor uncertainty plus Bernoulli posterior-predictive variation",0.657589984350548,0.570140845070423,1,0.0666666666666667,0.311111111111111,0.334640193478188,2.08899487936829,0.0944546002081935,0.725401303332265,0.975,0.733333333333333,0.88,3.4,1,1,0.995,1,0.129786014556885
"Fixed mixed-signal covariate-driven SAR design, lambda = 2",88,"WLR_NET","WLR + Net","WLR asymptotic Gaussian linear-predictor uncertainty plus Bernoulli posterior-predictive variation",0.866917057902973,0.786854460093897,6,0.4,0.666666666666667,0.233795606346506,1.91088837020866,0.060050147233601,0.541958842462491,0.9825,0.733333333333333,0.495,3.4,0.9925,0.866666666666667,1.055,6.19999999999999,0.139854192733765
"Fixed mixed-signal covariate-driven SAR design, lambda = 2",89,"WLR_NET","WLR + Net","WLR asymptotic Gaussian linear-predictor uncertainty plus Bernoulli posterior-predictive variation",0.731580594679186,0.573333333333333,2,0.133333333333333,0.355555555555556,0.315998076782784,2.40539695453811,0.0908220256358817,0.756757442848511,0.97,0.466666666666667,0.7975,5.8,0.9975,0.933333333333333,0.9775,3.6,0.128877878189087
"Fixed mixed-signal covariate-driven SAR design, lambda = 2",90,"WLR_NET","WLR + Net","WLR asymptotic Gaussian linear-predictor uncertainty plus Bernoulli posterior-predictive variation",0.687261345852895,0.526009389671361,1,0.0666666666666667,0.244444444444444,0.333154100379042,2.30885079763505,0.0966649084668586,0.752433381837609,0.9725,0.466666666666667,0.8075,5.8,1,1,0.955,1,0.12729811668396
"Fixed mixed-signal covariate-driven SAR design, lambda = 2",91,"WLR_NET","WLR + Net","WLR asymptotic Gaussian linear-predictor uncertainty plus Bernoulli posterior-predictive variation",0.607323943661972,0.507230046948357,1,0.0666666666666667,0.244444444444444,0.346409072994829,2.14034095720335,0.0978084052388797,0.746680283009832,0.98,0.666666666666667,0.925,4,1,1,1,1,0.157053232192993
"Fixed mixed-signal covariate-driven SAR design, lambda = 2",92,"WLR_NET","WLR + Net","WLR asymptotic Gaussian linear-predictor uncertainty plus Bernoulli posterior-predictive variation",0.691267605633803,0.583286384976526,1,0.0666666666666667,0.311111111111111,0.328596887702987,2.0917586604709,0.0943917783416668,0.715575673677961,0.98,0.733333333333333,0.815,3.4,1,1,0.985,1,0.17115306854248
"Fixed mixed-signal covariate-driven SAR design, lambda = 2",93,"WLR_NET","WLR + Net","WLR asymptotic Gaussian linear-predictor uncertainty plus Bernoulli posterior-predictive variation",0.662347417840376,0.512863849765258,3,0.2,0.377777777777778,0.328533309479571,2.42339484651275,0.0887381380258382,0.746310544534788,0.965,0.533333333333333,0.88,5.2,0.9975,0.933333333333333,1.0825,3.6,0.132300138473511
"Fixed mixed-signal covariate-driven SAR design, lambda = 2",94,"WLR_NET","WLR + Net","WLR asymptotic Gaussian linear-predictor uncertainty plus Bernoulli posterior-predictive variation",0.636494522691706,0.432112676056338,0,0,0.377777777777778,0.344177585601341,2.4689451517226,0.0970909849259804,0.794980494618147,0.9575,0.266666666666667,1.01,7.6,1,1,0.97,1,0.129299879074097
"Fixed mixed-signal covariate-driven SAR design, lambda = 2",95,"WLR_NET","WLR + Net","WLR asymptotic Gaussian linear-predictor uncertainty plus Bernoulli posterior-predictive variation",0.688513302034429,0.566572769953052,1,0.0666666666666667,0.244444444444444,0.333203233469977,2.24391924297487,0.0957602535503567,0.746694796299676,0.9775,0.733333333333333,0.8225,3.4,0.9975,0.933333333333333,1.07,3.6,0.13425612449646
"Fixed mixed-signal covariate-driven SAR design, lambda = 2",96,"WLR_NET","WLR + Net","WLR asymptotic Gaussian linear-predictor uncertainty plus Bernoulli posterior-predictive variation",0.759123630672926,0.700845070422535,3,0.2,0.377777777777778,0.301302878413011,1.90508708969607,0.086296661498854,0.621411214134955,0.9825,0.733333333333333,0.745,3.4,0.9975,0.933333333333333,1.0575,3.6,0.162842988967896
"Fixed mixed-signal covariate-driven SAR design, lambda = 2",97,"WLR_NET","WLR + Net","WLR asymptotic Gaussian linear-predictor uncertainty plus Bernoulli posterior-predictive variation",0.725070422535211,0.617276995305164,2,0.133333333333333,0.288888888888889,0.314423246605353,2.13280592061728,0.090057060229544,0.715645647369761,0.975,0.6,0.785,4.6,1,1,0.9625,1,0.129012107849121
"Fixed mixed-signal covariate-driven SAR design, lambda = 2",98,"WLR_NET","WLR + Net","WLR asymptotic Gaussian linear-predictor uncertainty plus Bernoulli posterior-predictive variation",0.704350547730829,0.589671361502347,0,0,0.333333333333333,0.319098557440652,2.31557266042775,0.0899200496030577,0.785817533323046,0.97,0.666666666666667,0.8225,4,1,1,0.9525,1,0.16356897354126
"Fixed mixed-signal covariate-driven SAR design, lambda = 2",99,"WLR_NET","WLR + Net","WLR asymptotic Gaussian linear-predictor uncertainty plus Bernoulli posterior-predictive variation",0.731205007824726,0.530516431924883,1,0.0666666666666667,0.377777777777778,0.306101454057605,2.76292794192607,0.0834506640016763,0.807587626155635,0.97,0.466666666666667,0.715,5.8,0.99,0.8,1.235,8.79999999999999,0.128674030303955
"Fixed mixed-signal covariate-driven SAR design, lambda = 2",100,"WLR_NET","WLR + Net","WLR asymptotic Gaussian linear-predictor uncertainty plus Bernoulli posterior-predictive variation",0.696776212832551,0.485821596244131,1,0.0666666666666667,0.377777777777778,0.319163756216891,2.75766356220159,0.0863404068708857,0.803837455246571,0.9675,0.4,0.8275,6.4,0.995,0.933333333333333,1.1325,3.6,0.170696020126343
"Fixed mixed-signal covariate-driven SAR design, lambda = 2",1,"INLA","INLA","INLA posterior linear-predictor marginals plus Bernoulli posterior-predictive variation",0.672863849765258,0.487136150234742,1,0.0666666666666667,0.333333333333333,0.355434448352801,3.33401539907355,0.0957085972904456,0.881309553971511,0.945,0.266666666666667,0.8,7.6,0.985,0.666666666666667,1.335,14,8.03381896018982
"Fixed mixed-signal covariate-driven SAR design, lambda = 2",2,"INLA","INLA","INLA posterior linear-predictor marginals plus Bernoulli posterior-predictive variation",0.594303599374022,0.503474178403756,1,0.0666666666666667,0.288888888888889,0.362410736143025,2.97070269043479,0.0974910392883208,0.880283471395318,0.9275,0.2,0.905,8.2,0.9875,0.8,1.4425,8.79999999999999,2.05970191955566
"Fixed mixed-signal covariate-driven SAR design, lambda = 2",3,"INLA","INLA","INLA posterior linear-predictor marginals plus Bernoulli posterior-predictive variation",0.603129890453834,0.452394366197183,1,0.0666666666666667,0.2,0.363498905469665,3.06455846706411,0.0992334758486207,0.883962373444597,0.9325,0.266666666666667,0.8875,7.6,0.9975,0.933333333333333,1.0225,3.6,2.73647308349609
"Fixed mixed-signal covariate-driven SAR design, lambda = 2",4,"INLA","INLA","INLA posterior linear-predictor marginals plus Bernoulli posterior-predictive variation",0.644194053208138,0.577840375586854,0,0,0.244444444444444,0.351589120945414,2.85253692521712,0.0964294249849085,0.868358321052678,0.935,0.266666666666667,0.885,7.6,0.995,1,1.07,1,2.54378700256348
"Fixed mixed-signal covariate-driven SAR design, lambda = 2",5,"INLA","INLA","INLA posterior linear-predictor marginals plus Bernoulli posterior-predictive variation",0.613145539906103,0.418591549295775,1,0.0666666666666667,0.333333333333333,0.358285699992735,3.33336412599287,0.0920195490949718,0.898607315299305,0.9375,0.266666666666667,0.84,7.6,0.98,0.666666666666667,1.63,14,2.64672803878784
"Fixed mixed-signal covariate-driven SAR design, lambda = 2",6,"INLA","INLA","INLA posterior linear-predictor marginals plus Bernoulli posterior-predictive variation",0.718184663536776,0.685821596244131,2,0.133333333333333,0.311111111111111,0.331677426520422,2.62095625698675,0.0916981842925367,0.8217201461235,0.9375,0.333333333333333,0.8475,7,0.995,1,1.005,1,2.49091410636902
"Fixed mixed-signal covariate-driven SAR design, lambda = 2",7,"INLA","INLA","INLA posterior linear-predictor marginals plus Bernoulli posterior-predictive variation",0.663849765258216,0.475305164319249,0,0,0.288888888888889,0.354517966112662,3.39175077813583,0.0948895297250379,0.901263676067119,0.9425,0.2,0.81,8.2,0.9825,0.666666666666667,1.4175,14,3.00008893013
"Fixed mixed-signal covariate-driven SAR design, lambda = 2",8,"INLA","INLA","INLA posterior linear-predictor marginals plus Bernoulli posterior-predictive variation",0.68150234741784,0.536713615023474,1,0.0666666666666667,0.444444444444444,0.343286859028396,3.31224464537972,0.0856074525339749,0.876591778718649,0.9475,0.333333333333333,0.7525,7,0.97,0.6,1.88,16.6,3.34744000434875
"Fixed mixed-signal covariate-driven SAR design, lambda = 2",9,"INLA","INLA","INLA posterior linear-predictor marginals plus Bernoulli posterior-predictive variation",0.65226917057903,0.488638497652582,0,0,0.333333333333333,0.360706281445112,3.34751147936883,0.0961226985183561,0.889456820910523,0.9375,0.2,0.87,8.2,0.9875,0.733333333333333,1.2625,11.4,2.5979220867157
"Fixed mixed-signal covariate-driven SAR design, lambda = 2",10,"INLA","INLA","INLA posterior linear-predictor marginals plus Bernoulli posterior-predictive variation",0.637433489827856,0.504600938967136,1,0.0666666666666667,0.288888888888889,0.354485602692014,3.04907809826465,0.096345550735209,0.873251172814006,0.9375,0.333333333333333,0.85,7,0.99,0.866666666666667,1.25,6.19999999999999,2.59916615486145
"Fixed mixed-signal covariate-driven SAR design, lambda = 2",11,"INLA","INLA","INLA posterior linear-predictor marginals plus Bernoulli posterior-predictive variation",0.69245696400626,0.430422535211268,2,0.133333333333333,0.355555555555556,0.365076657948578,4.21866399480879,0.0912976118130065,0.903356200450875,0.9425,0.133333333333333,0.7975,8.8,0.9775,0.466666666666667,1.475,21.8,2.69110298156738
"Fixed mixed-signal covariate-driven SAR design, lambda = 2",12,"INLA","INLA","INLA posterior linear-predictor marginals plus Bernoulli posterior-predictive variation",0.680688575899844,0.52037558685446,0,0,0.288888888888889,0.347791282440603,3.31624422025597,0.093364042836655,0.910277692379266,0.935,0.133333333333333,0.86,8.8,0.9875,0.733333333333333,1.21,11.4,2.26109004020691
"Fixed mixed-signal covariate-driven SAR design, lambda = 2",13,"INLA","INLA","INLA posterior linear-predictor marginals plus Bernoulli posterior-predictive variation",0.633114241001565,0.486384976525822,1,0.0666666666666667,0.266666666666667,0.359939054045848,3.07106195859241,0.0986057616737598,0.883993988157538,0.9375,0.2,0.8575,8.2,0.9925,0.933333333333333,1.1675,3.6,3.11427187919617
"Fixed mixed-signal covariate-driven SAR design, lambda = 2",14,"INLA","INLA","INLA posterior linear-predictor marginals plus Bernoulli posterior-predictive variation",0.627042253521127,0.455399061032864,0,0,0.288888888888889,0.363172436976568,3.38092671351018,0.0959241708263363,0.904436838038478,0.925,0.0666666666666667,0.975,9.4,0.985,0.733333333333333,1.3775,11.4,3.05066084861755
"Fixed mixed-signal covariate-driven SAR design, lambda = 2",15,"INLA","INLA","INLA posterior linear-predictor marginals plus Bernoulli posterior-predictive variation",0.575649452269171,0.345915492957746,0,0,0.2,0.373093767065832,3.4277344532128,0.0991624272678241,0.917394188721189,0.935,0.2,0.8775,8.2,0.9875,0.8,1.36,8.79999999999999,2.90399312973022
"Fixed mixed-signal covariate-driven SAR design, lambda = 2",16,"INLA","INLA","INLA posterior linear-predictor marginals plus Bernoulli posterior-predictive variation",0.686572769953052,0.634366197183099,2,0.133333333333333,0.288888888888889,0.343371364317298,2.71963860573991,0.0966997187937613,0.840303183754551,0.9375,0.4,0.8575,6.4,1,1,0.8275,1,1.66588711738586
"Fixed mixed-signal covariate-driven SAR design, lambda = 2",17,"INLA","INLA","INLA posterior linear-predictor marginals plus Bernoulli posterior-predictive variation",0.730453834115806,0.55906103286385,0,0,0.355555555555556,0.338293425245803,3.36467939197288,0.0908035617362552,0.900413455468996,0.95,0.2,0.735,8.2,0.985,0.733333333333333,1.22,11.4,3.0147659778595
"Fixed mixed-signal covariate-driven SAR design, lambda = 2",18,"INLA","INLA","INLA posterior linear-predictor marginals plus Bernoulli posterior-predictive variation",0.579780907668232,0.378779342723005,0,0,0.377777777777778,0.364039601123162,3.39455243613631,0.090083360450287,0.919909555747383,0.9325,0.0666666666666667,0.87,9.4,0.9725,0.8,1.9125,8.79999999999999,1.98059701919556
"Fixed mixed-signal covariate-driven SAR design, lambda = 2",19,"INLA","INLA","INLA posterior linear-predictor marginals plus Bernoulli posterior-predictive variation",0.668607198748044,0.555492957746479,1,0.0666666666666667,0.244444444444444,0.354537578615608,2.99609397957991,0.0989375338544209,0.871895667739279,0.94,0.266666666666667,0.835,7.6,0.9925,0.8,1.1525,8.79999999999999,1.93261790275574
"Fixed mixed-signal covariate-driven SAR design, lambda = 2",20,"INLA","INLA","INLA posterior linear-predictor marginals plus Bernoulli posterior-predictive variation",0.618278560250391,0.468920187793427,1,0.0666666666666667,0.222222222222222,0.358507758028155,3.0461187142349,0.0978483345048202,0.877615874398981,0.9275,0.2,0.9375,8.2,0.995,0.933333333333333,1.09,3.6,2.19296002388
"Fixed mixed-signal covariate-driven SAR design, lambda = 2",21,"INLA","INLA","INLA posterior linear-predictor marginals plus Bernoulli posterior-predictive variation",0.664851330203443,0.536525821596244,0,0,0.222222222222222,0.354017674871116,3.09695950462506,0.0976685816928345,0.895318042805229,0.945,0.2,0.79,8.2,0.99,0.866666666666667,1.2075,6.19999999999999,2.08879899978638
"Fixed mixed-signal covariate-driven SAR design, lambda = 2",22,"INLA","INLA","INLA posterior linear-predictor marginals plus Bernoulli posterior-predictive variation",0.61151799687011,0.421220657276995,1,0.0666666666666667,0.266666666666667,0.368067323938489,3.56071644325009,0.0946538009362783,0.902265851691916,0.9325,0.133333333333333,0.89,8.8,0.9775,0.6,1.68,16.6,1.55635404586792
"Fixed mixed-signal covariate-driven SAR design, lambda = 2",23,"INLA","INLA","INLA posterior linear-predictor marginals plus Bernoulli posterior-predictive variation",0.671048513302034,0.594929577464789,1,0.0666666666666667,0.288888888888889,0.345382092251905,2.8527609747411,0.0949918663503773,0.861639352644377,0.94,0.266666666666667,0.83,7.6,0.995,0.933333333333333,1.0625,3.6,1.27422213554382
"Fixed mixed-signal covariate-driven SAR design, lambda = 2",24,"INLA","INLA","INLA posterior linear-predictor marginals plus Bernoulli posterior-predictive variation",0.661032863849765,0.411830985915493,1,0.0666666666666667,0.377777777777778,0.35638921659674,3.77811506317729,0.0913464645492926,0.905359314092066,0.9375,0.133333333333333,0.8275,8.8,0.975,0.6,1.6475,16.6,1.58105993270874
"Fixed mixed-signal covariate-driven SAR design, lambda = 2",25,"INLA","INLA","INLA posterior linear-predictor marginals plus Bernoulli posterior-predictive variation",0.608575899843505,0.44150234741784,1,0.0666666666666667,0.222222222222222,0.363879818743238,3.15596987147824,0.0990282652877433,0.881951328291045,0.935,0.2,0.9025,8.2,0.995,0.866666666666667,1.08,6.19999999999999,1.52018785476685
"Fixed mixed-signal covariate-driven SAR design, lambda = 2",26,"INLA","INLA","INLA posterior linear-predictor marginals plus Bernoulli posterior-predictive variation",0.719687010954617,0.573521126760563,2,0.133333333333333,0.377777777777778,0.335946354958314,3.31192414860386,0.0870938484646166,0.871665304264881,0.945,0.333333333333333,0.755,7,0.98,0.733333333333333,1.4375,11.4,1.32468509674072
"Fixed mixed-signal covariate-driven SAR design, lambda = 2",27,"INLA","INLA","INLA posterior linear-predictor marginals plus Bernoulli posterior-predictive variation",0.698591549295775,0.576150234741784,1,0.0666666666666667,0.266666666666667,0.344192806101327,3.03589926644262,0.0957798695840313,0.864263524437778,0.945,0.333333333333333,0.7925,7,0.9925,0.8,1.0225,8.79999999999999,1.36358094215393
"Fixed mixed-signal covariate-driven SAR design, lambda = 2",28,"INLA","INLA","INLA posterior linear-predictor marginals plus Bernoulli posterior-predictive variation",0.677433489827856,0.633802816901408,1,0.0666666666666667,0.355555555555556,0.336575221284777,2.84562821507994,0.087689625872363,0.859310082587891,0.945,0.333333333333333,0.76,7,0.985,0.866666666666667,1.39,6.19999999999999,1.52269196510315
"Fixed mixed-signal covariate-driven SAR design, lambda = 2",29,"INLA","INLA","INLA posterior linear-predictor marginals plus Bernoulli posterior-predictive variation",0.596181533646322,0.513615023474178,0,0,0.177777777777778,0.364228354055134,2.91515555460525,0.100944966275932,0.884268983830095,0.9225,0.133333333333333,0.9825,8.8,0.9975,0.933333333333333,1.0675,3.6,1.42196488380432
"Fixed mixed-signal covariate-driven SAR design, lambda = 2",30,"INLA","INLA","INLA posterior linear-predictor marginals plus Bernoulli posterior-predictive variation",0.650203442879499,0.445070422535211,1,0.0666666666666667,0.266666666666667,0.362453156452941,3.49360910083476,0.0949091215228539,0.899041683804979,0.935,0.2,0.86,8.2,0.9825,0.666666666666667,1.4625,14,1.60658502578735
"Fixed mixed-signal covariate-driven SAR design, lambda = 2",31,"INLA","INLA","INLA posterior linear-predictor marginals plus Bernoulli posterior-predictive variation",0.62566510172144,0.538779342723005,0,0,0.244444444444444,0.357159617257886,2.92517823789873,0.0982699762740145,0.878003668756485,0.9325,0.333333333333333,0.91,7,0.9925,0.933333333333333,1.1875,3.6,1.41782307624817
"Fixed mixed-signal covariate-driven SAR design, lambda = 2",32,"INLA","INLA","INLA posterior linear-predictor marginals plus Bernoulli posterior-predictive variation",0.636369327073552,0.562065727699531,2,0.133333333333333,0.377777777777778,0.353854928388488,3.11676142961056,0.0906361479477718,0.870258755488646,0.9375,0.2,0.82,8.2,0.975,0.8,1.8675,8.79999999999999,1.34179997444153
"Fixed mixed-signal covariate-driven SAR design, lambda = 2",33,"INLA","INLA","INLA posterior linear-predictor marginals plus Bernoulli posterior-predictive variation",0.658215962441315,0.582910798122066,0,0,0.266666666666667,0.34128713186887,3.04179528993398,0.089815878097448,0.897673390611359,0.9275,0.0666666666666667,0.9175,9.4,0.9825,0.866666666666667,1.4575,6.19999999999999,1.40736699104309
"Fixed mixed-signal covariate-driven SAR design, lambda = 2",34,"INLA","INLA","INLA posterior linear-predictor marginals plus Bernoulli posterior-predictive variation",0.653082942097027,0.491830985915493,0,0,0.177777777777778,0.361312174906896,3.20791559022024,0.0996500694311443,0.88640253328864,0.94,0.333333333333333,0.8375,7,0.9925,0.8,1.125,8.79999999999999,1.29277205467224
"Fixed mixed-signal covariate-driven SAR design, lambda = 2",35,"INLA","INLA","INLA posterior linear-predictor marginals plus Bernoulli posterior-predictive variation",0.717621283255086,0.610328638497653,1,0.0666666666666667,0.355555555555556,0.340660833949939,3.03354428281706,0.0918984229379603,0.85685427439826,0.945,0.4,0.755,6.4,0.985,0.733333333333333,1.3225,11.4,1.45466804504395
"Fixed mixed-signal covariate-driven SAR design, lambda = 2",36,"INLA","INLA","INLA posterior linear-predictor marginals plus Bernoulli posterior-predictive variation",0.577276995305164,0.446572769953052,0,0,0.244444444444444,0.365368106907501,3.01784011564137,0.0997878265820075,0.896376701134935,0.93,0.133333333333333,0.905,8.8,0.995,1,1.1575,1,1.59505009651184
"Fixed mixed-signal covariate-driven SAR design, lambda = 2",37,"INLA","INLA","INLA posterior linear-predictor marginals plus Bernoulli posterior-predictive variation",0.66829420970266,0.562065727699531,0,0,0.244444444444444,0.353775316985609,2.99961725121217,0.0978628399337769,0.879027477014669,0.9425,0.2,0.8225,8.2,0.99,0.866666666666667,1.2275,6.19999999999999,1.29182004928589
"Fixed mixed-signal covariate-driven SAR design, lambda = 2",38,"INLA","INLA","INLA posterior linear-predictor marginals plus Bernoulli posterior-predictive variation",0.643192488262911,0.471173708920188,1,0.0666666666666667,0.333333333333333,0.36934766381399,3.75071509846107,0.0911941371176352,0.875099323530178,0.9475,0.333333333333333,0.7625,7,0.9775,0.666666666666667,1.6625,14,1.32460999488831
"Fixed mixed-signal covariate-driven SAR design, lambda = 2",39,"INLA","INLA","INLA posterior linear-predictor marginals plus Bernoulli posterior-predictive variation",0.6520813771518,0.459530516431925,1,0.0666666666666667,0.4,0.351542003592131,3.64724564385298,0.0864176031119357,0.899293718985956,0.9425,0.2,0.78,8.2,0.97,0.533333333333333,1.875,19.2,1.320317029953
"Fixed mixed-signal covariate-driven SAR design, lambda = 2",40,"INLA","INLA","INLA posterior linear-predictor marginals plus Bernoulli posterior-predictive variation",0.665352112676056,0.512676056338028,0,0,0.266666666666667,0.353969050222719,3.21236829613757,0.0972197223238963,0.905273613529079,0.9325,0.0666666666666667,0.8925,9.4,0.9925,0.8,1.05,8.79999999999999,1.33984208106995
"Fixed mixed-signal covariate-driven SAR design, lambda = 2",41,"INLA","INLA","INLA posterior linear-predictor marginals plus Bernoulli posterior-predictive variation",0.648763693270736,0.56037558685446,1,0.0666666666666667,0.244444444444444,0.354462233796762,2.89499597205158,0.0972544218200328,0.84968213155168,0.945,0.4,0.7825,6.4,0.9925,0.866666666666667,1.2025,6.19999999999999,1.63708305358887
"Fixed mixed-signal covariate-driven SAR design, lambda = 2",42,"INLA","INLA","INLA posterior linear-predictor marginals plus Bernoulli posterior-predictive variation",0.706165884194053,0.578403755868545,2,0.133333333333333,0.311111111111111,0.336943997158375,3.00424940935135,0.0906974977521573,0.833850612614084,0.945,0.333333333333333,0.79,7,0.985,0.733333333333333,1.3425,11.4,1.36423897743225
"Fixed mixed-signal covariate-driven SAR design, lambda = 2",43,"INLA","INLA","INLA posterior linear-predictor marginals plus Bernoulli posterior-predictive variation",0.688513302034429,0.47868544600939,2,0.133333333333333,0.355555555555556,0.352213702161743,3.35079101677004,0.0951456004346806,0.868200075438863,0.945,0.2,0.78,8.2,0.98,0.533333333333333,1.5425,19.2,1.34492301940918
"Fixed mixed-signal covariate-driven SAR design, lambda = 2",44,"INLA","INLA","INLA posterior linear-predictor marginals plus Bernoulli posterior-predictive variation",0.63906103286385,0.47962441314554,2,0.133333333333333,0.333333333333333,0.355759136993008,3.42993117532899,0.0903032732265186,0.866365769658082,0.9375,0.266666666666667,0.84,7.6,0.98,0.6,1.56,16.6,1.58096504211426
"Fixed mixed-signal covariate-driven SAR design, lambda = 2",45,"INLA","INLA","INLA posterior linear-predictor marginals plus Bernoulli posterior-predictive variation",0.666353677621283,0.585539906103286,2,0.133333333333333,0.377777777777778,0.343819486296257,2.90579158927741,0.0927610767729983,0.850872895653288,0.945,0.466666666666667,0.7725,5.8,0.99,0.866666666666667,1.19,6.19999999999999,1.35751700401306
"Fixed mixed-signal covariate-driven SAR design, lambda = 2",46,"INLA","INLA","INLA posterior linear-predictor marginals plus Bernoulli posterior-predictive variation",0.706165884194053,0.579154929577465,0,0,0.288888888888889,0.34535543126448,3.04939093491167,0.0949335108746061,0.889307338841929,0.95,0.266666666666667,0.74,7.6,0.9925,0.933333333333333,1.025,3.6,1.35557985305786
"Fixed mixed-signal covariate-driven SAR design, lambda = 2",47,"INLA","INLA","INLA posterior linear-predictor marginals plus Bernoulli posterior-predictive variation",0.637308294209703,0.447887323943662,1,0.0666666666666667,0.311111111111111,0.360308702091309,3.26843586924609,0.096912727370349,0.892365578304369,0.935,0.2,0.865,8.2,0.985,0.733333333333333,1.42,11.4,1.32638597488403
"Fixed mixed-signal covariate-driven SAR design, lambda = 2",48,"INLA","INLA","INLA posterior linear-predictor marginals plus Bernoulli posterior-predictive variation",0.683380281690141,0.627605633802817,2,0.133333333333333,0.266666666666667,0.346429654640757,2.67421549870163,0.0969213107506919,0.831758570901726,0.9475,0.4,0.7575,6.4,0.9925,0.933333333333333,1.1975,3.6,1.48444414138794
"Fixed mixed-signal covariate-driven SAR design, lambda = 2",49,"INLA","INLA","INLA posterior linear-predictor marginals plus Bernoulli posterior-predictive variation",0.617464788732394,0.35962441314554,0,0,0.311111111111111,0.363643138062833,3.8167742432222,0.0924135065566705,0.948374381829892,0.93,0,0.895,10,0.9725,0.466666666666667,1.79,21.8,1.43361282348633
"Fixed mixed-signal covariate-driven SAR design, lambda = 2",50,"INLA","INLA","INLA posterior linear-predictor marginals plus Bernoulli posterior-predictive variation",0.619405320813772,0.536525821596244,2,0.133333333333333,0.355555555555556,0.354253785933157,2.86553594662464,0.0958491534066152,0.853326207668457,0.9325,0.333333333333333,0.89,7,0.9925,0.933333333333333,1.215,3.6,1.51927399635315
"Fixed mixed-signal covariate-driven SAR design, lambda = 2",51,"INLA","INLA","INLA posterior linear-predictor marginals plus Bernoulli posterior-predictive variation",0.609452269170579,0.493521126760563,0,0,0.288888888888889,0.360612841142782,3.12694297777984,0.0963284509860349,0.892771348066726,0.935,0.2,0.865,8.2,0.9875,0.8,1.3825,8.79999999999999,1.59167790412903
"Fixed mixed-signal covariate-driven SAR design, lambda = 2",52,"INLA","INLA","INLA posterior linear-predictor marginals plus Bernoulli posterior-predictive variation",0.670109546165884,0.446197183098592,0,0,0.222222222222222,0.360611533241114,3.65304975483823,0.0959606817762703,0.913158350457796,0.945,0.2,0.78,8.2,0.985,0.6,1.2925,16.6,1.35313200950623
"Fixed mixed-signal covariate-driven SAR design, lambda = 2",53,"INLA","INLA","INLA posterior linear-predictor marginals plus Bernoulli posterior-predictive variation",0.666666666666667,0.483755868544601,2,0.133333333333333,0.355555555555556,0.348168736600686,3.41792197590271,0.0881564536277278,0.84467650999832,0.9425,0.2,0.81,8.2,0.975,0.6,1.695,16.6,1.31116008758545
"Fixed mixed-signal covariate-driven SAR design, lambda = 2",54,"INLA","INLA","INLA posterior linear-predictor marginals plus Bernoulli posterior-predictive variation",0.594679186228482,0.492394366197183,1,0.0666666666666667,0.244444444444444,0.360731905696507,2.94443649539023,0.0983243329380611,0.882691252569887,0.9325,0.2,0.88,8.2,0.995,0.933333333333333,1.1325,3.6,1.80030703544617
"Fixed mixed-signal covariate-driven SAR design, lambda = 2",55,"INLA","INLA","INLA posterior linear-predictor marginals plus Bernoulli posterior-predictive variation",0.708169014084507,0.550422535211268,0,0,0.4,0.34136134057762,3.44473322597876,0.087702430723555,0.89983566167609,0.94,0.133333333333333,0.8025,8.8,0.9775,0.666666666666667,1.5325,14,1.42996406555176
"Fixed mixed-signal covariate-driven SAR design, lambda = 2",56,"INLA","INLA","INLA posterior linear-predictor marginals plus Bernoulli posterior-predictive variation",0.598560250391236,0.432488262910798,0,0,0.111111111111111,0.36566004659292,3.12787812489612,0.100722049097229,0.907538054281336,0.9275,0.0666666666666667,0.9475,9.4,0.995,0.933333333333333,1.0975,3.6,1.86403894424438
"Fixed mixed-signal covariate-driven SAR design, lambda = 2",57,"INLA","INLA","INLA posterior linear-predictor marginals plus Bernoulli posterior-predictive variation",0.596807511737089,0.543474178403756,0,0,0.266666666666667,0.358443604703694,2.8948479501942,0.0961871609515148,0.885026571952612,0.925,0.133333333333333,0.94,8.8,0.99,1,1.375,1,1.44473385810852
"Fixed mixed-signal covariate-driven SAR design, lambda = 2",58,"INLA","INLA","INLA posterior linear-predictor marginals plus Bernoulli posterior-predictive variation",0.756118935837246,0.636995305164319,1,0.0666666666666667,0.355555555555556,0.325582742699522,3.16823364077369,0.0864042307271805,0.860828682878662,0.955,0.4,0.68,6.4,0.985,0.8,1.18,8.79999999999999,1.49153113365173
"Fixed mixed-signal covariate-driven SAR design, lambda = 2",59,"INLA","INLA","INLA posterior linear-predictor marginals plus Bernoulli posterior-predictive variation",0.653145539906103,0.477934272300469,1,0.0666666666666667,0.266666666666667,0.357211387529154,3.2117943594717,0.0966089508393657,0.878042066001179,0.945,0.266666666666667,0.8075,7.6,0.9825,0.733333333333333,1.5075,11.4,1.43187499046326
"Fixed mixed-signal covariate-driven SAR design, lambda = 2",60,"INLA","INLA","INLA posterior linear-predictor marginals plus Bernoulli posterior-predictive variation",0.672613458528951,0.516431924882629,1,0.0666666666666667,0.244444444444444,0.350546928315948,3.09208734935133,0.0968893019462593,0.863273253072441,0.945,0.266666666666667,0.785,7.6,0.9875,0.733333333333333,1.255,11.4,1.50179386138916
"Fixed mixed-signal covariate-driven SAR design, lambda = 2",61,"INLA","INLA","INLA posterior linear-predictor marginals plus Bernoulli posterior-predictive variation",0.676870109546166,0.466854460093897,1,0.0666666666666667,0.244444444444444,0.356935583043986,3.3982387235622,0.0966916725902905,0.8799981511655,0.945,0.266666666666667,0.7875,7.6,0.98,0.533333333333333,1.525,19.2,1.61798715591431
"Fixed mixed-signal covariate-driven SAR design, lambda = 2",62,"INLA","INLA","INLA posterior linear-predictor marginals plus Bernoulli posterior-predictive variation",0.662097026604069,0.451267605633803,0,0,0.266666666666667,0.360576539419662,3.4584487440261,0.0961709056929684,0.921924424308375,0.935,0,0.875,10,0.9875,0.8,1.2475,8.79999999999999,1.54751801490784
"Fixed mixed-signal covariate-driven SAR design, lambda = 2",63,"INLA","INLA","INLA posterior linear-predictor marginals plus Bernoulli posterior-predictive variation",0.739718309859155,0.626291079812207,3,0.2,0.377777777777778,0.328206551935084,2.98812375863994,0.0891000328290308,0.817406710584834,0.9475,0.333333333333333,0.765,7,0.99,0.8,1.04,8.79999999999999,1.45431900024414
"Fixed mixed-signal covariate-driven SAR design, lambda = 2",64,"INLA","INLA","INLA posterior linear-predictor marginals plus Bernoulli posterior-predictive variation",0.630109546165884,0.483568075117371,1,0.0666666666666667,0.333333333333333,0.35762417112046,3.09231546975778,0.0938945352352123,0.892660628064082,0.9325,0.133333333333333,0.885,8.8,0.9875,0.933333333333333,1.3825,3.6,1.8574800491333
"Fixed mixed-signal covariate-driven SAR design, lambda = 2",65,"INLA","INLA","INLA posterior linear-predictor marginals plus Bernoulli posterior-predictive variation",0.687073552425665,0.528450704225352,0,0,0.288888888888889,0.349331252063028,3.20988001739144,0.0961501917536242,0.882582938019656,0.9375,0.266666666666667,0.8575,7.6,0.9875,0.666666666666667,1.2225,14,1.42457103729248
"Fixed mixed-signal covariate-driven SAR design, lambda = 2",66,"INLA","INLA","INLA posterior linear-predictor marginals plus Bernoulli posterior-predictive variation",0.694209702660407,0.595680751173709,2,0.133333333333333,0.333333333333333,0.332622982365124,2.83878308869226,0.0898258307163587,0.810768954151384,0.9375,0.266666666666667,0.85,7.6,0.9875,0.8,1.2425,8.79999999999999,1.38809108734131
"Fixed mixed-signal covariate-driven SAR design, lambda = 2",67,"INLA","INLA","INLA posterior linear-predictor marginals plus Bernoulli posterior-predictive variation",0.629483568075117,0.512676056338028,0,0,0.2,0.359551661538695,2.97538010240322,0.0996240017324808,0.889840739835809,0.9275,0.133333333333333,0.955,8.8,0.9975,0.933333333333333,0.995,3.6,1.59634399414062
"Fixed mixed-signal covariate-driven SAR design, lambda = 2",68,"INLA","INLA","INLA posterior linear-predictor marginals plus Bernoulli posterior-predictive variation",0.650266040688576,0.494835680751174,2,0.133333333333333,0.422222222222222,0.354293862713634,3.21047755533304,0.0884866249861966,0.878897612785091,0.9375,0.133333333333333,0.8375,8.8,0.985,0.866666666666667,1.43,6.19999999999999,1.19100904464722
"Fixed mixed-signal covariate-driven SAR design, lambda = 2",69,"INLA","INLA","INLA posterior linear-predictor marginals plus Bernoulli posterior-predictive variation",0.588043818466354,0.393615023474178,0,0,0.288888888888889,0.371714848228142,3.36473662056114,0.0989704231294763,0.913379234264386,0.935,0.0666666666666667,0.86,9.4,0.9825,0.666666666666667,1.58,14,1.38908696174622
"Fixed mixed-signal covariate-driven SAR design, lambda = 2",70,"INLA","INLA","INLA posterior linear-predictor marginals plus Bernoulli posterior-predictive variation",0.699655712050078,0.682253521126761,2,0.133333333333333,0.288888888888889,0.339793543912042,2.53506189110702,0.0964608242828274,0.806740735596897,0.94,0.333333333333333,0.8125,7,0.995,0.933333333333333,1.115,3.6,1.241779088974
"Fixed mixed-signal covariate-driven SAR design, lambda = 2",71,"INLA","INLA","INLA posterior linear-predictor marginals plus Bernoulli posterior-predictive variation",0.673865414710485,0.569577464788732,2,0.133333333333333,0.288888888888889,0.351254017511948,2.84679184927927,0.0970840945435345,0.85613429786045,0.94,0.333333333333333,0.8325,7,0.9925,0.933333333333333,1.1625,3.6,1.47826194763184
"Fixed mixed-signal covariate-driven SAR design, lambda = 2",72,"INLA","INLA","INLA posterior linear-predictor marginals plus Bernoulli posterior-predictive variation",0.633051643192488,0.48169014084507,1,0.0666666666666667,0.311111111111111,0.353326799232136,3.25206434042362,0.0923107607517961,0.896293373770099,0.9375,0.133333333333333,0.8525,8.8,0.975,0.733333333333333,1.765,11.4,1.33885598182678
"Fixed mixed-signal covariate-driven SAR design, lambda = 2",73,"INLA","INLA","INLA posterior linear-predictor marginals plus Bernoulli posterior-predictive variation",0.6781220657277,0.528638497652582,0,0,0.244444444444444,0.351766508549384,3.1639824767965,0.0962304924311803,0.891972624660053,0.9375,0.133333333333333,0.865,8.8,0.9925,0.866666666666667,1.0825,6.19999999999999,1.3866560459137
"Fixed mixed-signal covariate-driven SAR design, lambda = 2",74,"INLA","INLA","INLA posterior linear-predictor marginals plus Bernoulli posterior-predictive variation",0.670359937402191,0.471549295774648,3,0.2,0.377777777777778,0.343336569606168,3.44195325058771,0.0862810396873953,0.844783016502081,0.9425,0.266666666666667,0.7725,7.6,0.9725,0.533333333333333,1.785,19.2,1.92553997039795
"Fixed mixed-signal covariate-driven SAR design, lambda = 2",75,"INLA","INLA","INLA posterior linear-predictor marginals plus Bernoulli posterior-predictive variation",0.65245696400626,0.524694835680751,1,0.0666666666666667,0.244444444444444,0.35727945343415,2.98587138056343,0.0991179579233128,0.869736020926357,0.94,0.266666666666667,0.8525,7.6,0.9925,0.866666666666667,1.1725,6.19999999999999,1.55893611907959
"Fixed mixed-signal covariate-driven SAR design, lambda = 2",76,"INLA","INLA","INLA posterior linear-predictor marginals plus Bernoulli posterior-predictive variation",0.667668231611894,0.531830985915493,2,0.133333333333333,0.288888888888889,0.349367607088191,2.99748324339454,0.096422606966844,0.849530890329965,0.9425,0.333333333333333,0.825,7,0.99,0.8,1.205,8.79999999999999,1.56016182899475
"Fixed mixed-signal covariate-driven SAR design, lambda = 2",77,"INLA","INLA","INLA posterior linear-predictor marginals plus Bernoulli posterior-predictive variation",0.60075117370892,0.502535211267606,0,0,0.177777777777778,0.361918211271657,2.91093399031822,0.099977243535672,0.88274773534332,0.9275,0.133333333333333,0.9375,8.8,1,1,0.9625,1,1.33610796928406
"Fixed mixed-signal covariate-driven SAR design, lambda = 2",78,"INLA","INLA","INLA posterior linear-predictor marginals plus Bernoulli posterior-predictive variation",0.698403755868545,0.453708920187793,2,0.133333333333333,0.355555555555556,0.359132382247844,4.03406297322819,0.0893786441178598,0.878333300306594,0.9425,0.2,0.8,8.2,0.975,0.466666666666667,1.62,21.8,1.46496081352234
"Fixed mixed-signal covariate-driven SAR design, lambda = 2",79,"INLA","INLA","INLA posterior linear-predictor marginals plus Bernoulli posterior-predictive variation",0.644694835680751,0.471549295774648,1,0.0666666666666667,0.333333333333333,0.357008634826022,3.30541343959547,0.0935956064123176,0.882930103511266,0.935,0.2,0.8875,8.2,0.985,0.733333333333333,1.38,11.4,1.4484691619873
"Fixed mixed-signal covariate-driven SAR design, lambda = 2",80,"INLA","INLA","INLA posterior linear-predictor marginals plus Bernoulli posterior-predictive variation",0.619092331768388,0.423661971830986,1,0.0666666666666667,0.333333333333333,0.362337096031805,3.420196647832,0.0933150709930776,0.895865722596693,0.9325,0.133333333333333,0.88,8.8,0.98,0.733333333333333,1.605,11.4,1.41289281845093
"Fixed mixed-signal covariate-driven SAR design, lambda = 2",81,"INLA","INLA","INLA posterior linear-predictor marginals plus Bernoulli posterior-predictive variation",0.60206572769953,0.383661971830986,0,0,0.177777777777778,0.373268309966007,3.53004117054105,0.0990839661290836,0.924204133016279,0.9325,0.0666666666666667,0.9275,9.4,0.9875,0.733333333333333,1.3275,11.4,1.55645298957825
"Fixed mixed-signal covariate-driven SAR design, lambda = 2",82,"INLA","INLA","INLA posterior linear-predictor marginals plus Bernoulli posterior-predictive variation",0.652331768388106,0.48131455399061,0,0,0.355555555555556,0.352439715964306,3.22455703032076,0.0929799402197964,0.888510497038295,0.9425,0.333333333333333,0.8125,7,0.975,0.666666666666667,1.7675,14,1.51805782318115
"Fixed mixed-signal covariate-driven SAR design, lambda = 2",83,"INLA","INLA","INLA posterior linear-predictor marginals plus Bernoulli posterior-predictive variation",0.662973395931142,0.52018779342723,0,0,0.244444444444444,0.359005803765745,3.18498284950713,0.0975222236169123,0.885629789973313,0.9475,0.333333333333333,0.775,7,0.99,0.8,1.2325,8.79999999999999,1.27656006813049
"Fixed mixed-signal covariate-driven SAR design, lambda = 2",84,"INLA","INLA","INLA posterior linear-predictor marginals plus Bernoulli posterior-predictive variation",0.64037558685446,0.587793427230047,0,0,0.266666666666667,0.352584314022937,2.8616757857664,0.0965075824577972,0.874339646393247,0.9325,0.2,0.8975,8.2,0.9925,1,1.1925,1,1.455806016922
"Fixed mixed-signal covariate-driven SAR design, lambda = 2",85,"INLA","INLA","INLA posterior linear-predictor marginals plus Bernoulli posterior-predictive variation",0.654084507042254,0.541408450704225,2,0.133333333333333,0.288888888888889,0.350633489187204,2.97414724486879,0.0958906811032344,0.86126253582171,0.9375,0.2,0.865,8.2,0.99,0.933333333333333,1.225,3.6,1.32560086250305
"Fixed mixed-signal covariate-driven SAR design, lambda = 2",86,"INLA","INLA","INLA posterior linear-predictor marginals plus Bernoulli posterior-predictive variation",0.644194053208138,0.556995305164319,2,0.133333333333333,0.355555555555556,0.352762267338388,2.83778845777585,0.0974152637666221,0.849438134814741,0.94,0.333333333333333,0.83,7,0.9975,0.933333333333333,1.005,3.6,1.40430116653442
"Fixed mixed-signal covariate-driven SAR design, lambda = 2",87,"INLA","INLA","INLA posterior linear-predictor marginals plus Bernoulli posterior-predictive variation",0.632550860719875,0.564319248826291,1,0.0666666666666667,0.266666666666667,0.351029090290784,2.84542100080255,0.0955637544724777,0.856791363890776,0.935,0.2,0.88,8.2,0.995,0.933333333333333,1.105,3.6,1.46268010139465
"Fixed mixed-signal covariate-driven SAR design, lambda = 2",88,"INLA","INLA","INLA posterior linear-predictor marginals plus Bernoulli posterior-predictive variation",0.680312989045383,0.536338028169014,1,0.0666666666666667,0.444444444444444,0.338041848503687,3.06737472207617,0.0844181878294335,0.855794031063937,0.94,0.133333333333333,0.7775,8.8,0.9775,0.733333333333333,1.6875,11.4,1.4764928817749
"Fixed mixed-signal covariate-driven SAR design, lambda = 2",89,"INLA","INLA","INLA posterior linear-predictor marginals plus Bernoulli posterior-predictive variation",0.69339593114241,0.534647887323944,2,0.133333333333333,0.311111111111111,0.340611005703367,3.16725974964003,0.0914496395957968,0.86457525096789,0.9375,0.2,0.83,8.2,0.9775,0.733333333333333,1.615,11.4,1.53846001625061
"Fixed mixed-signal covariate-driven SAR design, lambda = 2",90,"INLA","INLA","INLA posterior linear-predictor marginals plus Bernoulli posterior-predictive variation",0.68075117370892,0.538215962441315,1,0.0666666666666667,0.288888888888889,0.346688824690685,3.01708346588317,0.0960778931939204,0.861391711148602,0.935,0.2,0.87,8.2,0.9975,0.933333333333333,0.8975,3.6,1.29791402816772
"Fixed mixed-signal covariate-driven SAR design, lambda = 2",91,"INLA","INLA","INLA posterior linear-predictor marginals plus Bernoulli posterior-predictive variation",0.591361502347418,0.500469483568075,1,0.0666666666666667,0.288888888888889,0.361119018774176,2.94491299037171,0.097978960059964,0.873703799919656,0.93,0.2,0.915,8.2,0.9925,0.866666666666667,1.2475,6.19999999999999,1.41854405403137
"Fixed mixed-signal covariate-driven SAR design, lambda = 2",92,"INLA","INLA","INLA posterior linear-predictor marginals plus Bernoulli posterior-predictive variation",0.645821596244131,0.522629107981221,1,0.0666666666666667,0.244444444444444,0.352136524331384,3.00069614405604,0.0954215451387844,0.861831575968945,0.9375,0.333333333333333,0.845,7,0.99,0.8,1.2475,8.79999999999999,1.33733201026917
"Fixed mixed-signal covariate-driven SAR design, lambda = 2",93,"INLA","INLA","INLA posterior linear-predictor marginals plus Bernoulli posterior-predictive variation",0.631361502347418,0.471737089201878,2,0.133333333333333,0.4,0.354051297665158,3.4186492117675,0.0888941541016053,0.882909139055701,0.9375,0.2,0.825,8.2,0.9725,0.666666666666667,1.88,14,1.29531979560852
"Fixed mixed-signal covariate-driven SAR design, lambda = 2",94,"INLA","INLA","INLA posterior linear-predictor marginals plus Bernoulli posterior-predictive variation",0.630860719874804,0.435492957746479,1,0.0666666666666667,0.333333333333333,0.359139894512386,3.26183973251755,0.0964729930807442,0.895115563605825,0.945,0.2,0.7675,8.2,0.9875,0.8,1.2975,8.79999999999999,1.49694395065308
"Fixed mixed-signal covariate-driven SAR design, lambda = 2",95,"INLA","INLA","INLA posterior linear-predictor marginals plus Bernoulli posterior-predictive variation",0.672112676056338,0.538967136150235,1,0.0666666666666667,0.266666666666667,0.352359318352483,3.10068593277426,0.0966237536152481,0.871545866708583,0.9425,0.2,0.82,8.2,0.99,0.866666666666667,1.1825,6.19999999999999,1.54680395126343
"Fixed mixed-signal covariate-driven SAR design, lambda = 2",96,"INLA","INLA","INLA posterior linear-predictor marginals plus Bernoulli posterior-predictive variation",0.662848200312989,0.526760563380282,2,0.133333333333333,0.333333333333333,0.352124442413602,3.0187829184275,0.0971409027678673,0.858056693231692,0.94,0.333333333333333,0.8325,7,0.9925,0.866666666666667,1.12,6.19999999999999,1.44943594932556
"Fixed mixed-signal covariate-driven SAR design, lambda = 2",97,"INLA","INLA","INLA posterior linear-predictor marginals plus Bernoulli posterior-predictive variation",0.609890453834116,0.513427230046948,1,0.0666666666666667,0.266666666666667,0.359788581845638,2.9102663821899,0.0994195532480045,0.875923001067364,0.9275,0.266666666666667,0.9425,7.6,0.995,0.933333333333333,1.1375,3.6,1.46877217292786
"Fixed mixed-signal covariate-driven SAR design, lambda = 2",98,"INLA","INLA","INLA posterior linear-predictor marginals plus Bernoulli posterior-predictive variation",0.698528951486698,0.588169014084507,0,0,0.311111111111111,0.337638608963402,3.17114681195604,0.0883954516668833,0.89725468728784,0.94,0.133333333333333,0.81,8.8,0.985,0.866666666666667,1.305,6.19999999999999,1.42230701446533
"Fixed mixed-signal covariate-driven SAR design, lambda = 2",99,"INLA","INLA","INLA posterior linear-predictor marginals plus Bernoulli posterior-predictive variation",0.725571205007825,0.536901408450704,0,0,0.422222222222222,0.328348441536373,3.65634168547375,0.0814984782565452,0.906300778955507,0.94,0.2,0.7825,8.2,0.98,0.533333333333333,1.365,19.2,1.24259400367737
"Fixed mixed-signal covariate-driven SAR design, lambda = 2",100,"INLA","INLA","INLA posterior linear-predictor marginals plus Bernoulli posterior-predictive variation",0.655837245696401,0.488262910798122,0,0,0.333333333333333,0.344622841359356,3.32785780512745,0.0880091145161171,0.914149964817771,0.935,0.133333333333333,0.8675,8.8,0.985,0.866666666666667,1.3375,6.19999999999999,1.57847094535828
"Fixed mixed-signal covariate-driven SAR design, lambda = 2",1,"INLA_NET","INLA + Net","INLA posterior linear-predictor marginals plus Bernoulli posterior-predictive variation",0.714428794992175,0.537276995305164,2,0.133333333333333,0.311111111111111,0.347360517509467,3.35698251229167,0.0955077701985019,0.882484783076565,0.945,0.2,0.785,8.2,0.9825,0.666666666666667,1.365,14,2.5250608921051
"Fixed mixed-signal covariate-driven SAR design, lambda = 2",2,"INLA_NET","INLA + Net","INLA posterior linear-predictor marginals plus Bernoulli posterior-predictive variation",0.651956181533646,0.530516431924883,1,0.0666666666666667,0.311111111111111,0.358239824286606,3.11596796936466,0.0966866844269021,0.89631202832843,0.935,0.133333333333333,0.865,8.8,0.99,0.866666666666667,1.25,6.19999999999999,4.31839919090271
"Fixed mixed-signal covariate-driven SAR design, lambda = 2",3,"INLA_NET","INLA + Net","INLA posterior linear-predictor marginals plus Bernoulli posterior-predictive variation",0.607636932707355,0.462723004694836,1,0.0666666666666667,0.177777777777778,0.363316155943292,3.0666537241954,0.0992442090499882,0.884958579452293,0.9275,0.2,0.94,8.2,0.995,0.866666666666667,1.11,6.19999999999999,2.84722208976746
"Fixed mixed-signal covariate-driven SAR design, lambda = 2",4,"INLA_NET","INLA + Net","INLA posterior linear-predictor marginals plus Bernoulli posterior-predictive variation",0.643317683881064,0.576525821596244,0,0,0.244444444444444,0.352245603145198,2.87274296963267,0.0964071744155034,0.869677804295544,0.9425,0.4,0.82,6.4,0.995,1,1.0725,1,2.40024590492249
"Fixed mixed-signal covariate-driven SAR design, lambda = 2",5,"INLA_NET","INLA + Net","INLA posterior linear-predictor marginals plus Bernoulli posterior-predictive variation",0.647198748043818,0.469295774647887,1,0.0666666666666667,0.311111111111111,0.351654915302538,3.3261800036178,0.0917017845683132,0.907143827523043,0.935,0.133333333333333,0.8675,8.8,0.9875,0.8,1.28,8.79999999999999,2.62230610847473
"Fixed mixed-signal covariate-driven SAR design, lambda = 2",6,"INLA_NET","INLA + Net","INLA posterior linear-predictor marginals plus Bernoulli posterior-predictive variation",0.715743348982786,0.6818779342723,2,0.133333333333333,0.311111111111111,0.332822947741346,2.64388042125498,0.0919121806025434,0.824653667495247,0.935,0.4,0.845,6.4,0.9925,0.933333333333333,1.105,3.6,2.59602212905884
"Fixed mixed-signal covariate-driven SAR design, lambda = 2",7,"INLA_NET","INLA + Net","INLA posterior linear-predictor marginals plus Bernoulli posterior-predictive variation",0.663912363067293,0.475492957746479,0,0,0.288888888888889,0.355328195961978,3.40866532494758,0.0949732191930555,0.9024946237707,0.945,0.266666666666667,0.7925,7.6,0.985,0.733333333333333,1.3325,11.4,2.7910737991333
"Fixed mixed-signal covariate-driven SAR design, lambda = 2",8,"INLA_NET","INLA + Net","INLA posterior linear-predictor marginals plus Bernoulli posterior-predictive variation",0.698779342723005,0.587417840375587,2,0.133333333333333,0.466666666666667,0.336174598827196,3.1732204720522,0.0842889039921095,0.861537890453232,0.95,0.333333333333333,0.73,7,0.975,0.666666666666667,1.67,14,3.29509115219116
"Fixed mixed-signal covariate-driven SAR design, lambda = 2",9,"INLA_NET","INLA + Net","INLA posterior linear-predictor marginals plus Bernoulli posterior-predictive variation",0.692957746478873,0.564882629107981,2,0.133333333333333,0.355555555555556,0.346454022330843,3.10883398038815,0.0937184456087946,0.845339363583254,0.94,0.266666666666667,0.83,7.6,0.99,0.8,1.135,8.79999999999999,2.62899208068848
"Fixed mixed-signal covariate-driven SAR design, lambda = 2",10,"INLA_NET","INLA + Net","INLA posterior linear-predictor marginals plus Bernoulli posterior-predictive variation",0.650015649452269,0.537276995305164,1,0.0666666666666667,0.333333333333333,0.352402747728612,3.04251785122238,0.0956298747266604,0.871209755320239,0.945,0.4,0.7725,6.4,0.995,0.866666666666667,1.0375,6.19999999999999,3.35722708702087
"Fixed mixed-signal covariate-driven SAR design, lambda = 2",11,"INLA_NET","INLA + Net","INLA posterior linear-predictor marginals plus Bernoulli posterior-predictive variation",0.69302034428795,0.429859154929577,2,0.133333333333333,0.333333333333333,0.366037822047737,4.24067412654205,0.0913273443874645,0.904717374912548,0.9425,0.133333333333333,0.7925,8.8,0.9775,0.466666666666667,1.485,21.8,2.66827607154846
"Fixed mixed-signal covariate-driven SAR design, lambda = 2",12,"INLA_NET","INLA + Net","INLA posterior linear-predictor marginals plus Bernoulli posterior-predictive variation",0.688200312989045,0.530328638497653,0,0,0.266666666666667,0.347560547518702,3.31262489185115,0.0935038100184333,0.909678422242714,0.935,0.133333333333333,0.8575,8.8,0.9925,0.866666666666667,1.015,6.19999999999999,3.10829401016235
"Fixed mixed-signal covariate-driven SAR design, lambda = 2",13,"INLA_NET","INLA + Net","INLA posterior linear-predictor marginals plus Bernoulli posterior-predictive variation",0.636244131455399,0.487511737089202,1,0.0666666666666667,0.266666666666667,0.360112248717119,3.08015508201005,0.0987828104767238,0.884864489524654,0.9325,0.133333333333333,0.915,8.8,0.9925,0.933333333333333,1.1775,3.6,1.66322684288025
"Fixed mixed-signal covariate-driven SAR design, lambda = 2",14,"INLA_NET","INLA + Net","INLA posterior linear-predictor marginals plus Bernoulli posterior-predictive variation",0.626666666666667,0.457276995305164,0,0,0.288888888888889,0.364123697763406,3.40139539258646,0.0959633366164376,0.906051853273799,0.93,0.133333333333333,0.9325,8.8,0.9825,0.733333333333333,1.4875,11.4,3.42359805107117
"Fixed mixed-signal covariate-driven SAR design, lambda = 2",15,"INLA_NET","INLA + Net","INLA posterior linear-predictor marginals plus Bernoulli posterior-predictive variation",0.623286384976526,0.370704225352113,1,0.0666666666666667,0.311111111111111,0.376542079581145,3.81459939082253,0.0978305335598939,0.912762313925065,0.9325,0.133333333333333,0.89,8.8,0.9875,0.733333333333333,1.28,11.4,2.69139003753662
"Fixed mixed-signal covariate-driven SAR design, lambda = 2",16,"INLA_NET","INLA + Net","INLA posterior linear-predictor marginals plus Bernoulli posterior-predictive variation",0.764757433489828,0.667042253521127,3,0.2,0.422222222222222,0.309438563504588,2.75201184329911,0.0844039383675646,0.770840791506844,0.9475,0.4,0.72,6.4,0.99,0.866666666666667,1.065,6.19999999999999,1.90666890144348
"Fixed mixed-signal covariate-driven SAR design, lambda = 2",17,"INLA_NET","INLA + Net","INLA posterior linear-predictor marginals plus Bernoulli posterior-predictive variation",0.750798122065728,0.606572769953052,1,0.0666666666666667,0.377777777777778,0.328762476185768,3.24135977044685,0.0884349518807449,0.870373455879409,0.95,0.266666666666667,0.7225,7.6,0.9825,0.666666666666667,1.305,14,1.61338806152344
"Fixed mixed-signal covariate-driven SAR design, lambda = 2",18,"INLA_NET","INLA + Net","INLA posterior linear-predictor marginals plus Bernoulli posterior-predictive variation",0.581533646322379,0.368075117370892,0,0,0.377777777777778,0.366505650227462,3.48674133949195,0.0901347339456736,0.924964863870646,0.935,0.133333333333333,0.8675,8.8,0.9725,0.666666666666667,1.91,14,1.55492210388184
"Fixed mixed-signal covariate-driven SAR design, lambda = 2",19,"INLA_NET","INLA + Net","INLA posterior linear-predictor marginals plus Bernoulli posterior-predictive variation",0.718935837245696,0.64112676056338,1,0.0666666666666667,0.333333333333333,0.337229249548923,2.90614972828797,0.0935195089927276,0.851009333109545,0.9375,0.333333333333333,0.8375,7,0.985,0.733333333333333,1.34,11.4,2.25265884399414
"Fixed mixed-signal covariate-driven SAR design, lambda = 2",20,"INLA_NET","INLA + Net","INLA posterior linear-predictor marginals plus Bernoulli posterior-predictive variation",0.688763693270735,0.587981220657277,2,0.133333333333333,0.311111111111111,0.339981386072186,2.96136856583391,0.0922988478885312,0.847050991943172,0.9375,0.266666666666667,0.84,7.6,0.99,0.8,1.165,8.79999999999999,1.7698380947113
"Fixed mixed-signal covariate-driven SAR design, lambda = 2",21,"INLA_NET","INLA + Net","INLA posterior linear-predictor marginals plus Bernoulli posterior-predictive variation",0.681815336463224,0.566009389671361,0,0,0.266666666666667,0.351692734792644,3.08079523770743,0.0973274439238629,0.892433705426331,0.9425,0.133333333333333,0.7925,8.8,0.9875,0.866666666666667,1.2775,6.19999999999999,1.34675812721252
"Fixed mixed-signal covariate-driven SAR design, lambda = 2",22,"INLA_NET","INLA + Net","INLA posterior linear-predictor marginals plus Bernoulli posterior-predictive variation",0.622284820031299,0.4418779342723,1,0.0666666666666667,0.244444444444444,0.36791625010527,3.56075210949599,0.0946261733807462,0.901067678299861,0.9375,0.2,0.8475,8.2,0.9775,0.6,1.695,16.6,1.44299793243408
"Fixed mixed-signal covariate-driven SAR design, lambda = 2",23,"INLA_NET","INLA + Net","INLA posterior linear-predictor marginals plus Bernoulli posterior-predictive variation",0.688575899843505,0.631924882629108,1,0.0666666666666667,0.333333333333333,0.341874874489055,2.81755600281433,0.0938684318270727,0.852877132854485,0.9375,0.2,0.865,8.2,0.9925,0.933333333333333,1.11,3.6,1.42169594764709
"Fixed mixed-signal covariate-driven SAR design, lambda = 2",24,"INLA_NET","INLA + Net","INLA posterior linear-predictor marginals plus Bernoulli posterior-predictive variation",0.667668231611894,0.428544600938967,1,0.0666666666666667,0.4,0.356820900787504,3.82050677708229,0.0906503397915167,0.901004246543576,0.935,0.133333333333333,0.8725,8.8,0.9775,0.6,1.5225,16.6,1.37643814086914
"Fixed mixed-signal covariate-driven SAR design, lambda = 2",25,"INLA_NET","INLA + Net","INLA posterior linear-predictor marginals plus Bernoulli posterior-predictive variation",0.670172143974961,0.530704225352113,1,0.0666666666666667,0.288888888888889,0.355062059224459,3.0611023235236,0.0984082749003032,0.866046154169382,0.945,0.266666666666667,0.7975,7.6,0.99,0.8,1.215,8.79999999999999,1.18105602264404
"Fixed mixed-signal covariate-driven SAR design, lambda = 2",26,"INLA_NET","INLA + Net","INLA posterior linear-predictor marginals plus Bernoulli posterior-predictive variation",0.754491392801252,0.655586854460094,1,0.0666666666666667,0.4,0.321139259357422,3.05190789936501,0.083993200128956,0.82804189996175,0.9525,0.533333333333333,0.6675,5.2,0.9825,0.8,1.3325,8.79999999999999,1.39070701599121
"Fixed mixed-signal covariate-driven SAR design, lambda = 2",27,"INLA_NET","INLA + Net","INLA posterior linear-predictor marginals plus Bernoulli posterior-predictive variation",0.703098591549296,0.579342723004695,1,0.0666666666666667,0.266666666666667,0.345067875685054,3.0645380603155,0.0958771792597721,0.867300341888803,0.94,0.266666666666667,0.84,7.6,0.99,0.8,1.11,8.79999999999999,1.40747904777527
"Fixed mixed-signal covariate-driven SAR design, lambda = 2",28,"INLA_NET","INLA + Net","INLA posterior linear-predictor marginals plus Bernoulli posterior-predictive variation",0.722942097026604,0.688638497652582,0,0,0.4,0.331446763133182,2.87735786623464,0.0875483274200879,0.863445011580905,0.94,0.333333333333333,0.8025,7,0.99,1,1.1175,1,1.54407691955566
"Fixed mixed-signal covariate-driven SAR design, lambda = 2",29,"INLA_NET","INLA + Net","INLA posterior linear-predictor marginals plus Bernoulli posterior-predictive variation",0.592488262910798,0.494084507042254,0,0,0.177777777777778,0.365969627926072,2.96183889512281,0.101165097894851,0.888364676140283,0.9225,0.133333333333333,1.0075,8.8,0.9975,0.933333333333333,1.0575,3.6,1.6485321521759
"Fixed mixed-signal covariate-driven SAR design, lambda = 2",30,"INLA_NET","INLA + Net","INLA posterior linear-predictor marginals plus Bernoulli posterior-predictive variation",0.683568075117371,0.496150234741784,1,0.0666666666666667,0.222222222222222,0.360657262560912,3.56369374190029,0.0944395456061591,0.894289514737635,0.9425,0.266666666666667,0.79,7.6,0.985,0.733333333333333,1.33,11.4,2.1491711139679
"Fixed mixed-signal covariate-driven SAR design, lambda = 2",31,"INLA_NET","INLA + Net","INLA posterior linear-predictor marginals plus Bernoulli posterior-predictive variation",0.62716744913928,0.509483568075117,0,0,0.266666666666667,0.360290679615188,3.04269098507934,0.0985513361181082,0.88927112905176,0.93,0.2,0.9375,8.2,0.9925,0.933333333333333,1.185,3.6,1.38945603370667
"Fixed mixed-signal covariate-driven SAR design, lambda = 2",32,"INLA_NET","INLA + Net","INLA posterior linear-predictor marginals plus Bernoulli posterior-predictive variation",0.714178403755868,0.722629107981221,4,0.266666666666667,0.444444444444444,0.332516345441072,2.70140770588982,0.0882520828108519,0.833886713613169,0.95,0.466666666666667,0.705,5.8,0.9825,0.933333333333333,1.5225,3.6,1.2827730178833
"Fixed mixed-signal covariate-driven SAR design, lambda = 2",33,"INLA_NET","INLA + Net","INLA posterior linear-predictor marginals plus Bernoulli posterior-predictive variation",0.714929577464789,0.592488262910798,0,0,0.288888888888889,0.335005084962033,3.24117807203608,0.0884368577137113,0.900921348941024,0.94,0.266666666666667,0.825,7.6,0.985,0.866666666666667,1.25,6.19999999999999,1.23322105407715
"Fixed mixed-signal covariate-driven SAR design, lambda = 2",34,"INLA_NET","INLA + Net","INLA posterior linear-predictor marginals plus Bernoulli posterior-predictive variation",0.662910798122066,0.51868544600939,0,0,0.177777777777778,0.359655825337965,3.17327287889206,0.0996777812697047,0.885919010490311,0.935,0.333333333333333,0.8975,7,0.9925,0.8,1.12,8.79999999999999,1.53715896606445
"Fixed mixed-signal covariate-driven SAR design, lambda = 2",35,"INLA_NET","INLA + Net","INLA posterior linear-predictor marginals plus Bernoulli posterior-predictive variation",0.70866979655712,0.585539906103286,1,0.0666666666666667,0.311111111111111,0.344671828694147,3.15186937389642,0.0922313985267298,0.866153089827807,0.9475,0.333333333333333,0.74,7,0.985,0.733333333333333,1.3125,11.4,1.32661700248718
"Fixed mixed-signal covariate-driven SAR design, lambda = 2",36,"INLA_NET","INLA + Net","INLA posterior linear-predictor marginals plus Bernoulli posterior-predictive variation",0.602629107981221,0.473051643192488,0,0,0.266666666666667,0.365621610910685,3.06297919942512,0.0998195659732433,0.896667217654402,0.9325,0.133333333333333,0.8875,8.8,0.9925,0.933333333333333,1.235,3.6,1.42554306983948
"Fixed mixed-signal covariate-driven SAR design, lambda = 2",37,"INLA_NET","INLA + Net","INLA posterior linear-predictor marginals plus Bernoulli posterior-predictive variation",0.704600938967136,0.604131455399061,0,0,0.333333333333333,0.349204607800032,3.03468694322313,0.0960043629099084,0.883584357459148,0.945,0.266666666666667,0.785,7.6,0.9875,0.866666666666667,1.2575,6.19999999999999,1.78989505767822
"Fixed mixed-signal covariate-driven SAR design, lambda = 2",38,"INLA_NET","INLA + Net","INLA posterior linear-predictor marginals plus Bernoulli posterior-predictive variation",0.74491392801252,0.609953051643192,2,0.133333333333333,0.377777777777778,0.356967244848321,3.92119307689267,0.0858550175900612,0.836337402818589,0.9575,0.466666666666667,0.6325,5.8,0.975,0.6,1.595,16.6,1.70395708084106
"Fixed mixed-signal covariate-driven SAR design, lambda = 2",39,"INLA_NET","INLA + Net","INLA posterior linear-predictor marginals plus Bernoulli posterior-predictive variation",0.777339593114241,0.659906103286385,4,0.266666666666667,0.533333333333333,0.287916557027374,2.9752840747843,0.0729132666216095,0.763471504977098,0.96,0.333333333333333,0.58,6.93333333333333,0.9775,0.733333333333333,1.49,11.4,1.33703303337097
"Fixed mixed-signal covariate-driven SAR design, lambda = 2",40,"INLA_NET","INLA + Net","INLA posterior linear-predictor marginals plus Bernoulli posterior-predictive variation",0.664851330203443,0.512300469483568,0,0,0.266666666666667,0.354821699918739,3.23012402199271,0.0973154421839746,0.906819495675299,0.935,0.133333333333333,0.8825,8.8,0.9925,0.8,1.075,8.79999999999999,1.26064300537109
"Fixed mixed-signal covariate-driven SAR design, lambda = 2",41,"INLA_NET","INLA + Net","INLA posterior linear-predictor marginals plus Bernoulli posterior-predictive variation",0.700093896713615,0.658967136150235,4,0.266666666666667,0.355555555555556,0.334306031174344,2.58757776552305,0.0920151810898317,0.77072060735765,0.9425,0.333333333333333,0.7975,7,0.99,0.933333333333333,1.24,3.6,1.38159799575806
"Fixed mixed-signal covariate-driven SAR design, lambda = 2",42,"INLA_NET","INLA + Net","INLA posterior linear-predictor marginals plus Bernoulli posterior-predictive variation",0.738028169014085,0.63868544600939,3,0.2,0.333333333333333,0.325184623992393,2.86331564626995,0.0873023929726391,0.791280285452788,0.9525,0.466666666666667,0.73,5.8,0.985,0.8,1.2825,8.79999999999999,1.33004283905029
"Fixed mixed-signal covariate-driven SAR design, lambda = 2",43,"INLA_NET","INLA + Net","INLA posterior linear-predictor marginals plus Bernoulli posterior-predictive variation",0.69283255086072,0.475492957746479,1,0.0666666666666667,0.333333333333333,0.354792651358299,3.50871452520054,0.0956118281765219,0.884830598955291,0.945,0.2,0.7825,8.2,0.98,0.533333333333333,1.475,19.2,1.46348404884338
"Fixed mixed-signal covariate-driven SAR design, lambda = 2",44,"INLA_NET","INLA + Net","INLA posterior linear-predictor marginals plus Bernoulli posterior-predictive variation",0.640688575899844,0.477934272300469,2,0.133333333333333,0.333333333333333,0.357838852284244,3.48646660638264,0.0903963367518217,0.868962329475682,0.9375,0.266666666666667,0.845,7.6,0.9775,0.6,1.64,16.6,1.40964889526367
"Fixed mixed-signal covariate-driven SAR design, lambda = 2",45,"INLA_NET","INLA + Net","INLA posterior linear-predictor marginals plus Bernoulli posterior-predictive variation",0.66679186228482,0.585164319248826,2,0.133333333333333,0.377777777777778,0.344657694596079,2.92268532029617,0.0928952504716967,0.854041362782971,0.945,0.466666666666667,0.765,5.8,0.99,0.866666666666667,1.1975,6.19999999999999,1.6859610080719
"Fixed mixed-signal covariate-driven SAR design, lambda = 2",46,"INLA_NET","INLA + Net","INLA posterior linear-predictor marginals plus Bernoulli posterior-predictive variation",0.721064162754304,0.602441314553991,0,0,0.266666666666667,0.341291633742196,3.0588065514505,0.0940399334058023,0.889824541735862,0.9425,0.2,0.82,8.2,0.995,0.933333333333333,0.895,3.6,1.21382808685303
"Fixed mixed-signal covariate-driven SAR design, lambda = 2",47,"INLA_NET","INLA + Net","INLA posterior linear-predictor marginals plus Bernoulli posterior-predictive variation",0.647636932707355,0.454835680751174,1,0.0666666666666667,0.333333333333333,0.358333600250439,3.30447954541494,0.0959216338191889,0.883788231496882,0.94,0.266666666666667,0.82,7.6,0.9825,0.666666666666667,1.4725,14,1.34345102310181
"Fixed mixed-signal covariate-driven SAR design, lambda = 2",48,"INLA_NET","INLA + Net","INLA posterior linear-predictor marginals plus Bernoulli posterior-predictive variation",0.690954616588419,0.633239436619718,2,0.133333333333333,0.288888888888889,0.344936694869247,2.67293878669266,0.0965363437478929,0.8265589048894,0.9475,0.4,0.74,6.4,0.9925,0.933333333333333,1.1725,3.6,1.4027578830719
"Fixed mixed-signal covariate-driven SAR design, lambda = 2",49,"INLA_NET","INLA + Net","INLA posterior linear-predictor marginals plus Bernoulli posterior-predictive variation",0.622159624413146,0.369577464788732,0,0,0.311111111111111,0.363810825991839,3.82039333096264,0.0924269218137624,0.947758653920067,0.93,0,0.9,10,0.975,0.533333333333333,1.6775,19.2,1.44745016098022
"Fixed mixed-signal covariate-driven SAR design, lambda = 2",50,"INLA_NET","INLA + Net","INLA posterior linear-predictor marginals plus Bernoulli posterior-predictive variation",0.628419405320814,0.56093896713615,2,0.133333333333333,0.311111111111111,0.352733509386568,2.84134604257769,0.0952167823364939,0.849799770383956,0.93,0.266666666666667,0.9025,7.6,0.99,0.933333333333333,1.3275,3.6,1.24814009666443
"Fixed mixed-signal covariate-driven SAR design, lambda = 2",51,"INLA_NET","INLA + Net","INLA posterior linear-predictor marginals plus Bernoulli posterior-predictive variation",0.609640062597809,0.494647887323944,0,0,0.288888888888889,0.36148375552176,3.14481696231062,0.0963655253162954,0.894032932074197,0.935,0.2,0.8625,8.2,0.985,0.8,1.4925,8.79999999999999,1.34407806396484
"Fixed mixed-signal covariate-driven SAR design, lambda = 2",52,"INLA_NET","INLA + Net","INLA posterior linear-predictor marginals plus Bernoulli posterior-predictive variation",0.734021909233177,0.552488262910798,1,0.0666666666666667,0.333333333333333,0.336954469565709,3.43293549145494,0.0914543680837389,0.897041520943758,0.95,0.266666666666667,0.74,7.6,0.98,0.6,1.3925,16.6,1.37920689582825
"Fixed mixed-signal covariate-driven SAR design, lambda = 2",53,"INLA_NET","INLA + Net","INLA posterior linear-predictor marginals plus Bernoulli posterior-predictive variation",0.671173708920188,0.489014084507042,2,0.133333333333333,0.355555555555556,0.347575885320146,3.40854291114687,0.0881516767446479,0.839381763672463,0.9425,0.2,0.8075,8.2,0.9725,0.533333333333333,1.7825,19.2,1.41068196296692
"Fixed mixed-signal covariate-driven SAR design, lambda = 2",54,"INLA_NET","INLA + Net","INLA posterior linear-predictor marginals plus Bernoulli posterior-predictive variation",0.66697965571205,0.587230046948357,2,0.133333333333333,0.288888888888889,0.343788045784935,2.87090753246767,0.0937829294870264,0.863139829654749,0.935,0.266666666666667,0.8775,7.6,0.9925,1,1.105,1,1.97016501426697
"Fixed mixed-signal covariate-driven SAR design, lambda = 2",55,"INLA_NET","INLA + Net","INLA posterior linear-predictor marginals plus Bernoulli posterior-predictive variation",0.700281690140845,0.525446009389671,0,0,0.377777777777778,0.34536890751198,3.55686099061648,0.0881669718647073,0.909086368617922,0.94,0.133333333333333,0.805,8.8,0.9775,0.666666666666667,1.545,14,1.29034900665283
"Fixed mixed-signal covariate-driven SAR design, lambda = 2",56,"INLA_NET","INLA + Net","INLA posterior linear-predictor marginals plus Bernoulli posterior-predictive variation",0.66622848200313,0.56112676056338,0,0,0.2,0.354246123020818,3.02408905936391,0.0983972480211081,0.890182202730755,0.935,0.2,0.8775,8.2,0.9975,0.933333333333333,0.945,3.6,1.34268403053284
"Fixed mixed-signal covariate-driven SAR design, lambda = 2",57,"INLA_NET","INLA + Net","INLA posterior linear-predictor marginals plus Bernoulli posterior-predictive variation",0.61546165884194,0.534835680751174,1,0.0666666666666667,0.311111111111111,0.348844637502568,3.00924042365229,0.0919945258884528,0.888948863548247,0.9275,0.133333333333333,0.915,8.8,0.99,1,1.2575,1,1.39324903488159
"Fixed mixed-signal covariate-driven SAR design, lambda = 2",58,"INLA_NET","INLA + Net","INLA posterior linear-predictor marginals plus Bernoulli posterior-predictive variation",0.756494522691706,0.63849765258216,1,0.0666666666666667,0.355555555555556,0.326433973436449,3.18628412504582,0.0864003186069127,0.861766775757014,0.955,0.4,0.68,6.4,0.985,0.8,1.1725,8.79999999999999,1.48374795913696
"Fixed mixed-signal covariate-driven SAR design, lambda = 2",59,"INLA_NET","INLA + Net","INLA posterior linear-predictor marginals plus Bernoulli posterior-predictive variation",0.655649452269171,0.482629107981221,1,0.0666666666666667,0.288888888888889,0.356852925874312,3.20747829064509,0.0963700893918603,0.874782481701064,0.945,0.266666666666667,0.805,7.6,0.9825,0.733333333333333,1.4875,11.4,1.44453907012939
"Fixed mixed-signal covariate-driven SAR design, lambda = 2",60,"INLA_NET","INLA + Net","INLA posterior linear-predictor marginals plus Bernoulli posterior-predictive variation",0.688388106416275,0.542910798122066,2,0.133333333333333,0.355555555555556,0.340919491712828,3.14033608574443,0.0911598224785784,0.843166543796852,0.9375,0.2,0.84,8.2,0.985,0.733333333333333,1.2875,11.4,1.50916790962219
"Fixed mixed-signal covariate-driven SAR design, lambda = 2",61,"INLA_NET","INLA + Net","INLA posterior linear-predictor marginals plus Bernoulli posterior-predictive variation",0.727386541471049,0.556807511737089,0,0,0.333333333333333,0.338685478591692,3.29955413085067,0.0926172979979772,0.873330629037467,0.9425,0.266666666666667,0.7875,7.6,0.985,0.666666666666667,1.2525,14,1.30758190155029
"Fixed mixed-signal covariate-driven SAR design, lambda = 2",62,"INLA_NET","INLA + Net","INLA posterior linear-predictor marginals plus Bernoulli posterior-predictive variation",0.683630672926448,0.477183098591549,0,0,0.288888888888889,0.357085655124542,3.4343876692995,0.0960051925146053,0.914520142112693,0.935,0.0666666666666667,0.865,9.4,0.985,0.733333333333333,1.345,11.4,1.36236786842346
"Fixed mixed-signal covariate-driven SAR design, lambda = 2",63,"INLA_NET","INLA + Net","INLA posterior linear-predictor marginals plus Bernoulli posterior-predictive variation",0.769264475743349,0.624600938967136,2,0.133333333333333,0.4,0.31608925760827,3.15567093809727,0.0838786379285132,0.784751362245262,0.95,0.333333333333333,0.74,7,0.9825,0.666666666666667,1.2475,14,1.55402612686157
"Fixed mixed-signal covariate-driven SAR design, lambda = 2",64,"INLA_NET","INLA + Net","INLA posterior linear-predictor marginals plus Bernoulli posterior-predictive variation",0.73170579029734,0.671173708920188,2,0.133333333333333,0.377777777777778,0.326314233598259,2.81656829721395,0.0874935808513014,0.841960949297813,0.9475,0.4,0.7325,6.4,0.985,0.866666666666667,1.3125,6.19999999999999,1.53806614875793
"Fixed mixed-signal covariate-driven SAR design, lambda = 2",65,"INLA_NET","INLA + Net","INLA posterior linear-predictor marginals plus Bernoulli posterior-predictive variation",0.687636932707355,0.524319248826291,1,0.0666666666666667,0.288888888888889,0.352321212612539,3.30013711518845,0.0960696845442466,0.888018880588593,0.9375,0.266666666666667,0.845,7.6,0.9875,0.666666666666667,1.23,14,1.54609799385071
"Fixed mixed-signal covariate-driven SAR design, lambda = 2",66,"INLA_NET","INLA + Net","INLA posterior linear-predictor marginals plus Bernoulli posterior-predictive variation",0.693333333333333,0.596244131455399,2,0.133333333333333,0.333333333333333,0.333327149558536,2.85344638506957,0.0898249511439566,0.812123910094617,0.9375,0.333333333333333,0.855,7,0.985,0.733333333333333,1.3175,11.4,1.43410205841064
"Fixed mixed-signal covariate-driven SAR design, lambda = 2",67,"INLA_NET","INLA + Net","INLA posterior linear-predictor marginals plus Bernoulli posterior-predictive variation",0.632425665101721,0.516995305164319,0,0,0.244444444444444,0.35926351022819,2.98560862611976,0.0992800183530652,0.890407000790157,0.9325,0.133333333333333,0.915,8.8,0.9975,1,0.9875,1,1.24258685112
"Fixed mixed-signal covariate-driven SAR design, lambda = 2",68,"INLA_NET","INLA + Net","INLA posterior linear-predictor marginals plus Bernoulli posterior-predictive variation",0.644131455399061,0.47887323943662,2,0.133333333333333,0.377777777777778,0.355710217162865,3.24992066942196,0.0889238590333127,0.886564480019302,0.935,0.133333333333333,0.8575,8.8,0.98,0.733333333333333,1.6125,11.4,1.59667205810547
"Fixed mixed-signal covariate-driven SAR design, lambda = 2",69,"INLA_NET","INLA + Net","INLA posterior linear-predictor marginals plus Bernoulli posterior-predictive variation",0.60018779342723,0.380845070422535,0,0,0.244444444444444,0.369423162271427,3.51099693260516,0.0971816345707286,0.919126227027251,0.935,0.0666666666666667,0.865,9.4,0.9825,0.666666666666667,1.5025,14,1.18937301635742
"Fixed mixed-signal covariate-driven SAR design, lambda = 2",70,"INLA_NET","INLA + Net","INLA posterior linear-predictor marginals plus Bernoulli posterior-predictive variation",0.736713615023474,0.755305164319249,2,0.133333333333333,0.333333333333333,0.331351011756605,2.40210838827281,0.0947709774603205,0.776377475132079,0.9475,0.466666666666667,0.755,5.8,0.9975,0.933333333333333,0.985,3.6,1.50918006896973
"Fixed mixed-signal covariate-driven SAR design, lambda = 2",71,"INLA_NET","INLA + Net","INLA posterior linear-predictor marginals plus Bernoulli posterior-predictive variation",0.681251956181534,0.557746478873239,0,0,0.311111111111111,0.352998707160674,3.03444149444445,0.0962748654536851,0.871750362186448,0.9425,0.333333333333333,0.8125,7,0.9875,0.8,1.3,8.79999999999999,1.42221117019653
"Fixed mixed-signal covariate-driven SAR design, lambda = 2",72,"INLA_NET","INLA + Net","INLA posterior linear-predictor marginals plus Bernoulli posterior-predictive variation",0.637496087636933,0.492582159624413,1,0.0666666666666667,0.333333333333333,0.354317540447285,3.27306906275224,0.0923124318090767,0.896461529951878,0.9375,0.133333333333333,0.855,8.8,0.975,0.666666666666667,1.7575,14,1.41299605369568
"Fixed mixed-signal covariate-driven SAR design, lambda = 2",73,"INLA_NET","INLA + Net","INLA posterior linear-predictor marginals plus Bernoulli posterior-predictive variation",0.705164319248826,0.566572769953052,0,0,0.333333333333333,0.347036666795038,3.18889060821376,0.0954972408146215,0.889050593075444,0.94,0.2,0.815,8.2,0.9875,0.8,1.2475,8.79999999999999,1.35469698905945
"Fixed mixed-signal covariate-driven SAR design, lambda = 2",74,"INLA_NET","INLA + Net","INLA posterior linear-predictor marginals plus Bernoulli posterior-predictive variation",0.778341158059468,0.633427230046948,2,0.133333333333333,0.4,0.317743321484681,3.42384774382953,0.0803930145208852,0.804291945355501,0.9525,0.4,0.6875,6.4,0.9725,0.6,1.6175,16.6,1.72376394271851
"Fixed mixed-signal covariate-driven SAR design, lambda = 2",75,"INLA_NET","INLA + Net","INLA posterior linear-predictor marginals plus Bernoulli posterior-predictive variation",0.653708920187793,0.527136150234742,1,0.0666666666666667,0.266666666666667,0.357766778324848,2.99411830691584,0.0991971249004397,0.870763083514008,0.9425,0.266666666666667,0.8325,7.6,0.99,0.866666666666667,1.265,6.19999999999999,1.33417916297913
"Fixed mixed-signal covariate-driven SAR design, lambda = 2",76,"INLA_NET","INLA + Net","INLA posterior linear-predictor marginals plus Bernoulli posterior-predictive variation",0.667042253521127,0.530140845070423,2,0.133333333333333,0.288888888888889,0.350211268834537,3.01498758790853,0.0965193735622682,0.85107786906221,0.94,0.333333333333333,0.845,7,0.9925,0.8,1.105,8.79999999999999,1.36704087257385
"Fixed mixed-signal covariate-driven SAR design, lambda = 2",77,"INLA_NET","INLA + Net","INLA posterior linear-predictor marginals plus Bernoulli posterior-predictive variation",0.692519561815336,0.677746478873239,2,0.133333333333333,0.311111111111111,0.343887367489162,2.63126016266256,0.0972746398973229,0.83492850163326,0.9475,0.4,0.7525,6.4,0.9975,1,0.975,1,1.34877300262451
"Fixed mixed-signal covariate-driven SAR design, lambda = 2",78,"INLA_NET","INLA + Net","INLA posterior linear-predictor marginals plus Bernoulli posterior-predictive variation",0.744788732394366,0.55962441314554,2,0.133333333333333,0.422222222222222,0.332908577324088,3.56542378843082,0.0860571807649316,0.859848363042914,0.95,0.266666666666667,0.72,7.6,0.985,0.666666666666667,1.1725,14,1.6467490196228
"Fixed mixed-signal covariate-driven SAR design, lambda = 2",79,"INLA_NET","INLA + Net","INLA posterior linear-predictor marginals plus Bernoulli posterior-predictive variation",0.667480438184664,0.528826291079812,1,0.0666666666666667,0.288888888888889,0.349660624533309,3.15718763400456,0.0932301198973752,0.874580486875205,0.94,0.266666666666667,0.8275,7.6,0.9925,0.933333333333333,1.0775,3.6,1.27768898010254
"Fixed mixed-signal covariate-driven SAR design, lambda = 2",80,"INLA_NET","INLA + Net","INLA posterior linear-predictor marginals plus Bernoulli posterior-predictive variation",0.617464788732394,0.419530516431925,1,0.0666666666666667,0.355555555555556,0.363996545113813,3.48255782878852,0.09313674715637,0.899711702416572,0.9325,0.133333333333333,0.8975,8.8,0.98,0.666666666666667,1.6125,14,1.30108499526978
"Fixed mixed-signal covariate-driven SAR design, lambda = 2",81,"INLA_NET","INLA + Net","INLA posterior linear-predictor marginals plus Bernoulli posterior-predictive variation",0.602441314553991,0.388356807511737,0,0,0.222222222222222,0.373493561540663,3.53707394213333,0.0988976870339197,0.924086461873113,0.935,0.0666666666666667,0.8975,9.4,0.985,0.8,1.4225,8.79999999999999,1.28497791290283
"Fixed mixed-signal covariate-driven SAR design, lambda = 2",82,"INLA_NET","INLA + Net","INLA posterior linear-predictor marginals plus Bernoulli posterior-predictive variation",0.658591549295775,0.496338028169014,0,0,0.311111111111111,0.352007998548298,3.21239925315581,0.0928857272190868,0.887532207267744,0.9375,0.333333333333333,0.85,7,0.9825,0.733333333333333,1.47,11.4,1.52972006797791
"Fixed mixed-signal covariate-driven SAR design, lambda = 2",83,"INLA_NET","INLA + Net","INLA posterior linear-predictor marginals plus Bernoulli posterior-predictive variation",0.740907668231612,0.608075117370892,1,0.0666666666666667,0.377777777777778,0.337853646569191,3.11610601266679,0.0925672515411289,0.839060982520195,0.9525,0.333333333333333,0.6925,7,0.9925,0.866666666666667,0.9825,6.19999999999999,1.5787570476532
"Fixed mixed-signal covariate-driven SAR design, lambda = 2",84,"INLA_NET","INLA + Net","INLA posterior linear-predictor marginals plus Bernoulli posterior-predictive variation",0.691079812206573,0.646197183098592,0,0,0.311111111111111,0.338926790113366,2.77673789052093,0.0929674244105756,0.84600313053891,0.945,0.4,0.7825,6.4,0.9875,0.866666666666667,1.2925,6.19999999999999,1.28609395027161
"Fixed mixed-signal covariate-driven SAR design, lambda = 2",85,"INLA_NET","INLA + Net","INLA posterior linear-predictor marginals plus Bernoulli posterior-predictive variation",0.653333333333333,0.535586854460094,2,0.133333333333333,0.288888888888889,0.351556209600689,2.99615008309745,0.0960676405766638,0.864446405360118,0.9375,0.2,0.8625,8.2,0.9925,0.866666666666667,1.115,6.19999999999999,1.24083495140076
"Fixed mixed-signal covariate-driven SAR design, lambda = 2",86,"INLA_NET","INLA + Net","INLA posterior linear-predictor marginals plus Bernoulli posterior-predictive variation",0.68150234741784,0.587793427230047,3,0.2,0.333333333333333,0.343947777667121,2.74423588937701,0.0953645537563978,0.814742188402262,0.9475,0.333333333333333,0.7625,7,0.9925,0.866666666666667,1.16,6.19999999999999,1.38846302032471
"Fixed mixed-signal covariate-driven SAR design, lambda = 2",87,"INLA_NET","INLA + Net","INLA posterior linear-predictor marginals plus Bernoulli posterior-predictive variation",0.646885758998435,0.569577464788732,1,0.0666666666666667,0.311111111111111,0.350329105486238,2.88736149217511,0.0949558977220206,0.857889609032285,0.94,0.2,0.84,8.2,0.985,0.8,1.455,8.79999999999999,1.31608295440674
"Fixed mixed-signal covariate-driven SAR design, lambda = 2",88,"INLA_NET","INLA + Net","INLA posterior linear-predictor marginals plus Bernoulli posterior-predictive variation",0.863912363067293,0.785352112676056,5,0.333333333333333,0.666666666666667,0.259846001698062,2.6935442867397,0.0661343446861468,0.69467173162007,0.97,0.6,0.4625,4.6,0.99,0.866666666666667,0.85,6.19999999999999,1.50234293937683
"Fixed mixed-signal covariate-driven SAR design, lambda = 2",89,"INLA_NET","INLA + Net","INLA posterior linear-predictor marginals plus Bernoulli posterior-predictive variation",0.721439749608764,0.565070422535211,2,0.133333333333333,0.377777777777778,0.335175588202943,3.25545635250621,0.0892755365853095,0.859435785428302,0.94,0.133333333333333,0.82,8.8,0.9825,0.8,1.3425,8.79999999999999,1.23120999336243
"Fixed mixed-signal covariate-driven SAR design, lambda = 2",90,"INLA_NET","INLA + Net","INLA posterior linear-predictor marginals plus Bernoulli posterior-predictive variation",0.680125195618153,0.522253521126761,1,0.0666666666666667,0.244444444444444,0.348837269720561,3.11048508552174,0.0961518001878583,0.869104069847032,0.94,0.333333333333333,0.8325,7,0.99,0.866666666666667,1.175,6.19999999999999,1.44527292251587
"Fixed mixed-signal covariate-driven SAR design, lambda = 2",91,"INLA_NET","INLA + Net","INLA posterior linear-predictor marginals plus Bernoulli posterior-predictive variation",0.590735524256651,0.500281690140845,1,0.0666666666666667,0.311111111111111,0.361858727637816,2.95989681928723,0.0980069914497308,0.875182033747487,0.93,0.2,0.91,8.2,0.995,0.933333333333333,1.155,3.6,1.16407799720764
"Fixed mixed-signal covariate-driven SAR design, lambda = 2",92,"INLA_NET","INLA + Net","INLA posterior linear-predictor marginals plus Bernoulli posterior-predictive variation",0.678247261345853,0.578403755868545,1,0.0666666666666667,0.311111111111111,0.345425787994749,2.9089783972912,0.094237261203629,0.850603998504225,0.94,0.333333333333333,0.8125,7,0.99,0.866666666666667,1.2025,6.19999999999999,1.18710899353027
"Fixed mixed-signal covariate-driven SAR design, lambda = 2",93,"INLA_NET","INLA + Net","INLA posterior linear-predictor marginals plus Bernoulli posterior-predictive variation",0.643755868544601,0.499342723004695,2,0.133333333333333,0.4,0.350486154123839,3.35122795759708,0.0881133511369477,0.866903732195621,0.94,0.266666666666667,0.8,7.6,0.975,0.666666666666667,1.765,14,1.29467296600342
"Fixed mixed-signal covariate-driven SAR design, lambda = 2",94,"INLA_NET","INLA + Net","INLA posterior linear-predictor marginals plus Bernoulli posterior-predictive variation",0.632050078247261,0.435117370892019,1,0.0666666666666667,0.333333333333333,0.359983976726873,3.29046971620046,0.0963124991657366,0.89583082563902,0.9425,0.2,0.795,8.2,0.985,0.8,1.3825,8.79999999999999,1.32849097251892
"Fixed mixed-signal covariate-driven SAR design, lambda = 2",95,"INLA_NET","INLA + Net","INLA posterior linear-predictor marginals plus Bernoulli posterior-predictive variation",0.685758998435055,0.566197183098592,1,0.0666666666666667,0.244444444444444,0.34910677852315,3.04571971306067,0.0960362563110161,0.864270744297585,0.9425,0.2,0.82,8.2,0.985,0.8,1.365,8.79999999999999,1.26946902275085
"Fixed mixed-signal covariate-driven SAR design, lambda = 2",96,"INLA_NET","INLA + Net","INLA posterior linear-predictor marginals plus Bernoulli posterior-predictive variation",0.762253521126761,0.713802816901408,4,0.266666666666667,0.377777777777778,0.319873185792752,2.66718926720372,0.0886729741609155,0.761917322473201,0.945,0.466666666666667,0.755,5.8,0.9925,0.866666666666667,1.025,6.19999999999999,1.43668603897095
"Fixed mixed-signal covariate-driven SAR design, lambda = 2",97,"INLA_NET","INLA + Net","INLA posterior linear-predictor marginals plus Bernoulli posterior-predictive variation",0.716369327073552,0.614272300469484,2,0.133333333333333,0.311111111111111,0.333983746836074,2.97287980915865,0.0904665654768341,0.841675968170322,0.94,0.2,0.815,8.2,0.985,0.866666666666667,1.3225,6.19999999999999,1.61406707763672
"Fixed mixed-signal covariate-driven SAR design, lambda = 2",98,"INLA_NET","INLA + Net","INLA posterior linear-predictor marginals plus Bernoulli posterior-predictive variation",0.698153364632238,0.588920187793427,0,0,0.311111111111111,0.338406302297221,3.18732683110761,0.0884156722348678,0.898406914987666,0.9425,0.133333333333333,0.7775,8.8,0.9825,0.866666666666667,1.4125,6.19999999999999,1.24884390830994
"Fixed mixed-signal covariate-driven SAR design, lambda = 2",99,"INLA_NET","INLA + Net","INLA posterior linear-predictor marginals plus Bernoulli posterior-predictive variation",0.725508607198748,0.534647887323944,0,0,0.422222222222222,0.329852213744874,3.69313359136382,0.0816341251106905,0.908934191239705,0.94,0.2,0.7725,8.2,0.9775,0.6,1.46,16.6,1.37524890899658
"Fixed mixed-signal covariate-driven SAR design, lambda = 2",100,"INLA_NET","INLA + Net","INLA posterior linear-predictor marginals plus Bernoulli posterior-predictive variation",0.69283255086072,0.483755868544601,1,0.0666666666666667,0.377777777777778,0.348067501913633,3.8174656867422,0.0860859005633147,0.906346041720934,0.94,0.266666666666667,0.775,7.6,0.9775,0.533333333333333,1.55,19.2,1.19832992553711
"Fixed mixed-signal covariate-driven SAR design, lambda = 2",1,"GNN","GNN","not available",0.885508607198748,0.811455399061033,5,0.333333333333333,0.555555555555556,0.241996698599233,2.19426715262227,0.0726295403840883,0.72193411006813,NA,NA,NA,NA,NA,NA,NA,NA,4.0338020324707
"Fixed mixed-signal covariate-driven SAR design, lambda = 2",2,"GNN","GNN","not available",0.791799687010955,0.607887323943662,3,0.2,0.488888888888889,0.312420156738935,3.24711121740583,0.0860096050211353,0.826910128880134,NA,NA,NA,NA,NA,NA,NA,NA,6.50989198684692
"Fixed mixed-signal covariate-driven SAR design, lambda = 2",3,"GNN","GNN","not available",0.796870109546166,0.736525821596244,3,0.2,0.333333333333333,0.301633749307525,2.37122315401912,0.0894040785502469,0.794460075240208,NA,NA,NA,NA,NA,NA,NA,NA,5.13588190078735
"Fixed mixed-signal covariate-driven SAR design, lambda = 2",4,"GNN","GNN","not available",0.830923317683881,0.733333333333333,3,0.2,0.488888888888889,0.277443875154264,2.45851313785339,0.0806850115645548,0.748841304885085,NA,NA,NA,NA,NA,NA,NA,NA,4.7524950504303
"Fixed mixed-signal covariate-driven SAR design, lambda = 2",5,"GNN","GNN","not available",0.835179968701095,0.661032863849765,3,0.2,0.533333333333333,0.282224447474518,3.61265913181902,0.068777585987056,0.771416209467528,NA,NA,NA,NA,NA,NA,NA,NA,4.49332094192505
"Fixed mixed-signal covariate-driven SAR design, lambda = 2",6,"GNN","GNN","not available",0.869483568075117,0.727323943661972,2,0.133333333333333,0.533333333333333,0.260302264557421,2.99344920545196,0.0726424595159593,0.799007723149792,NA,NA,NA,NA,NA,NA,NA,NA,5.17206692695618
"Fixed mixed-signal covariate-driven SAR design, lambda = 2",7,"GNN","GNN","not available",0.77189358372457,0.576525821596244,5,0.333333333333333,0.488888888888889,0.299090010288324,2.87015868071543,0.0835492937176379,0.785695723783037,NA,NA,NA,NA,NA,NA,NA,NA,5.09933304786682
"Fixed mixed-signal covariate-driven SAR design, lambda = 2",8,"GNN","GNN","not available",0.828732394366197,0.673802816901408,2,0.133333333333333,0.466666666666667,0.287856729842527,2.67715685906663,0.0857641244619032,0.817285388054734,NA,NA,NA,NA,NA,NA,NA,NA,4.55755996704102
"Fixed mixed-signal covariate-driven SAR design, lambda = 2",9,"GNN","GNN","not available",0.746291079812207,0.545539906103286,1,0.0666666666666667,0.377777777777778,0.336308236605678,3.44785024788316,0.0913038812325366,0.86192639471399,NA,NA,NA,NA,NA,NA,NA,NA,4.72651100158691
"Fixed mixed-signal covariate-driven SAR design, lambda = 2",10,"GNN","GNN","not available",0.784287949921753,0.563380281690141,2,0.133333333333333,0.4,0.306298676024022,3.6366322329341,0.0797129232345736,0.86464066424913,NA,NA,NA,NA,NA,NA,NA,NA,5.47262787818909
"Fixed mixed-signal covariate-driven SAR design, lambda = 2",11,"GNN","GNN","not available",0.765821596244131,0.593615023474178,1,0.0666666666666667,0.377777777777778,0.334492070503406,3.55075720978517,0.0897222847142478,0.840949585701451,NA,NA,NA,NA,NA,NA,NA,NA,5.11543583869934
"Fixed mixed-signal covariate-driven SAR design, lambda = 2",12,"GNN","GNN","not available",0.880250391236307,0.783474178403756,6,0.4,0.6,0.248070527829037,2.401176907737,0.0713568777628997,0.690710872803419,NA,NA,NA,NA,NA,NA,NA,NA,4.74232983589172
"Fixed mixed-signal covariate-driven SAR design, lambda = 2",13,"GNN","GNN","not available",0.763943661971831,0.642441314553991,2,0.133333333333333,0.333333333333333,0.312306490502324,2.84080051086686,0.0872261664879399,0.804654228393239,NA,NA,NA,NA,NA,NA,NA,NA,3.67951512336731
"Fixed mixed-signal covariate-driven SAR design, lambda = 2",14,"GNN","GNN","not available",0.828607198748044,0.705539906103286,1,0.0666666666666667,0.488888888888889,0.309571872918453,3.47875578394009,0.080681135675569,0.815548644466801,NA,NA,NA,NA,NA,NA,NA,NA,5.12453985214233
"Fixed mixed-signal covariate-driven SAR design, lambda = 2",15,"GNN","GNN","not available",0.749608763693271,0.626666666666667,3,0.2,0.422222222222222,0.306550302640462,2.67306509430154,0.0856240739507612,0.796460298496354,NA,NA,NA,NA,NA,NA,NA,NA,4.86639094352722
"Fixed mixed-signal covariate-driven SAR design, lambda = 2",16,"GNN","GNN","not available",0.806760563380282,0.673990610328638,1,0.0666666666666667,0.444444444444444,0.308863383463481,3.25099398762074,0.0840128024319739,0.826393413762635,NA,NA,NA,NA,NA,NA,NA,NA,5.40851211547852
"Fixed mixed-signal covariate-driven SAR design, lambda = 2",17,"GNN","GNN","not available",0.897151799687011,0.804507042253521,2,0.133333333333333,0.577777777777778,0.233952406256011,2.35884380569313,0.0702415533249536,0.752672320803471,NA,NA,NA,NA,NA,NA,NA,NA,3.13900995254517
"Fixed mixed-signal covariate-driven SAR design, lambda = 2",18,"GNN","GNN","not available",0.849577464788732,0.777089201877934,3,0.2,0.488888888888889,0.269624596239283,2.28115756741519,0.0804013699557135,0.751420716732306,NA,NA,NA,NA,NA,NA,NA,NA,3.62602496147156
"Fixed mixed-signal covariate-driven SAR design, lambda = 2",19,"GNN","GNN","not available",0.84150234741784,0.696338028169014,4,0.266666666666667,0.511111111111111,0.279606377474519,2.63879933038273,0.0826277748643462,0.789157820382278,NA,NA,NA,NA,NA,NA,NA,NA,4.63856601715088
"Fixed mixed-signal covariate-driven SAR design, lambda = 2",20,"GNN","GNN","not available",0.740594679186228,0.511549295774648,3,0.2,0.466666666666667,0.329501006831317,3.56598017950172,0.0864431703458201,0.836378826979898,NA,NA,NA,NA,NA,NA,NA,NA,2.72597098350525
"Fixed mixed-signal covariate-driven SAR design, lambda = 2",21,"GNN","GNN","not available",0.787981220657277,0.711549295774648,1,0.0666666666666667,0.4,0.302578290581005,2.47342488592238,0.0893760456153855,0.794717483211958,NA,NA,NA,NA,NA,NA,NA,NA,2.59423899650574
"Fixed mixed-signal covariate-driven SAR design, lambda = 2",22,"GNN","GNN","not available",0.807449139280125,0.755492957746479,2,0.133333333333333,0.377777777777778,0.296687606973564,2.32088212297335,0.0881068587899462,0.777270396159548,NA,NA,NA,NA,NA,NA,NA,NA,1.98154401779175
"Fixed mixed-signal covariate-driven SAR design, lambda = 2",23,"GNN","GNN","not available",0.824350547730829,0.763004694835681,5,0.333333333333333,0.488888888888889,0.287512241349006,2.34318234061965,0.0841125327770475,0.747169236465384,NA,NA,NA,NA,NA,NA,NA,NA,2.10819792747498
"Fixed mixed-signal covariate-driven SAR design, lambda = 2",24,"GNN","GNN","not available",0.856150234741784,0.716244131455399,2,0.133333333333333,0.488888888888889,0.267424192890778,2.81100517583075,0.0780271997857844,0.806273748675765,NA,NA,NA,NA,NA,NA,NA,NA,2.29194903373718
"Fixed mixed-signal covariate-driven SAR design, lambda = 2",25,"GNN","GNN","not available",0.80093896713615,0.655586854460094,3,0.2,0.4,0.292868738697096,2.56638822512168,0.0849959881109772,0.775231613371602,NA,NA,NA,NA,NA,NA,NA,NA,2.50126218795776
"Fixed mixed-signal covariate-driven SAR design, lambda = 2",26,"GNN","GNN","not available",0.794366197183099,0.608075117370892,2,0.133333333333333,0.444444444444444,0.295215235285391,3.21702271312525,0.0793466631148322,0.808354720629084,NA,NA,NA,NA,NA,NA,NA,NA,2.31220507621765
"Fixed mixed-signal covariate-driven SAR design, lambda = 2",27,"GNN","GNN","not available",0.793302034428795,0.595868544600939,2,0.133333333333333,0.4,0.314076082438589,3.35948761741284,0.087602932035506,0.837019232659635,NA,NA,NA,NA,NA,NA,NA,NA,2.72423100471497
"Fixed mixed-signal covariate-driven SAR design, lambda = 2",28,"GNN","GNN","not available",0.853082942097027,0.763943661971831,6,0.4,0.533333333333333,0.26883686252195,2.45484321392113,0.0790354131744468,0.760850131176923,NA,NA,NA,NA,NA,NA,NA,NA,2.68436694145203
"Fixed mixed-signal covariate-driven SAR design, lambda = 2",29,"GNN","GNN","not available",0.817339593114241,0.709295774647887,3,0.2,0.511111111111111,0.284813965493028,2.54909963566805,0.0831367994465976,0.780299220968778,NA,NA,NA,NA,NA,NA,NA,NA,2.63046407699585
"Fixed mixed-signal covariate-driven SAR design, lambda = 2",30,"GNN","GNN","not available",0.861971830985915,0.700845070422535,5,0.333333333333333,0.622222222222222,0.266836989470523,3.31005881872453,0.0703086470151923,0.777084358351501,NA,NA,NA,NA,NA,NA,NA,NA,2.44227886199951
"Fixed mixed-signal covariate-driven SAR design, lambda = 2",31,"GNN","GNN","not available",0.862973395931142,0.782910798122066,2,0.133333333333333,0.488888888888889,0.264838047117719,2.46861344191114,0.0773065100659883,0.757642613524598,NA,NA,NA,NA,NA,NA,NA,NA,2.26869893074036
"Fixed mixed-signal covariate-driven SAR design, lambda = 2",32,"GNN","GNN","not available",0.813896713615023,0.731455399061033,5,0.333333333333333,0.511111111111111,0.273400338735215,2.51383839917047,0.0772586238267765,0.790325384474055,NA,NA,NA,NA,NA,NA,NA,NA,2.39565706253052
"Fixed mixed-signal covariate-driven SAR design, lambda = 2",33,"GNN","GNN","not available",0.79358372456964,0.738215962441315,5,0.333333333333333,0.466666666666667,0.295421326579857,2.38994090334278,0.0846794257148271,0.747252347395352,NA,NA,NA,NA,NA,NA,NA,NA,2.52117991447449
"Fixed mixed-signal covariate-driven SAR design, lambda = 2",34,"GNN","GNN","not available",0.789859154929577,0.735586854460094,2,0.133333333333333,0.4,0.319634148940268,2.78061325367001,0.0902198867170153,0.795104950051971,NA,NA,NA,NA,NA,NA,NA,NA,2.51122784614563
"Fixed mixed-signal covariate-driven SAR design, lambda = 2",35,"GNN","GNN","not available",0.810579029733959,0.669295774647887,1,0.0666666666666667,0.422222222222222,0.292677736485717,2.74685359472427,0.0852226177309254,0.806046655549283,NA,NA,NA,NA,NA,NA,NA,NA,2.47574400901794
"Fixed mixed-signal covariate-driven SAR design, lambda = 2",36,"GNN","GNN","not available",0.778654147104851,0.71981220657277,3,0.2,0.4,0.294240311777308,2.4442998183908,0.0838761157587567,0.796990063247839,NA,NA,NA,NA,NA,NA,NA,NA,2.2963719367981
"Fixed mixed-signal covariate-driven SAR design, lambda = 2",37,"GNN","GNN","not available",0.844256651017214,0.709671361502347,3,0.2,0.533333333333333,0.273709944521927,2.58032878965561,0.0800686941442138,0.756561858773982,NA,NA,NA,NA,NA,NA,NA,NA,2.2239408493042
"Fixed mixed-signal covariate-driven SAR design, lambda = 2",38,"GNN","GNN","not available",0.818716744913928,0.661220657276995,3,0.2,0.466666666666667,0.28621152327079,2.70113333016718,0.0834093539869485,0.790920148368839,NA,NA,NA,NA,NA,NA,NA,NA,2.38523387908936
"Fixed mixed-signal covariate-driven SAR design, lambda = 2",39,"GNN","GNN","not available",0.869733959311424,0.779718309859155,3,0.2,0.577777777777778,0.252651969685764,2.37074652178882,0.0749888892493583,0.738998003070145,NA,NA,NA,NA,NA,NA,NA,NA,2.47482180595398
"Fixed mixed-signal covariate-driven SAR design, lambda = 2",40,"GNN","GNN","not available",0.824287949921753,0.763755868544601,6,0.4,0.511111111111111,0.280044545610413,2.38774568809072,0.0780001380743238,0.711155825606393,NA,NA,NA,NA,NA,NA,NA,NA,2.25949192047119
"Fixed mixed-signal covariate-driven SAR design, lambda = 2",41,"GNN","GNN","not available",0.811830985915493,0.661408450704225,2,0.133333333333333,0.466666666666667,0.290940098935337,2.80062873163981,0.0837808364770778,0.825444765648048,NA,NA,NA,NA,NA,NA,NA,NA,2.48862099647522
"Fixed mixed-signal covariate-driven SAR design, lambda = 2",42,"GNN","GNN","not available",0.823536776212832,0.703474178403756,3,0.2,0.466666666666667,0.284648369222035,2.46569057148445,0.0840228641307865,0.752166079844644,NA,NA,NA,NA,NA,NA,NA,NA,2.41177797317505
"Fixed mixed-signal covariate-driven SAR design, lambda = 2",43,"GNN","GNN","not available",0.797746478873239,0.634178403755869,2,0.133333333333333,0.466666666666667,0.294345494445918,2.98032862369537,0.0831462098213037,0.843461203495369,NA,NA,NA,NA,NA,NA,NA,NA,2.46445989608765
"Fixed mixed-signal covariate-driven SAR design, lambda = 2",44,"GNN","GNN","not available",0.855524256651017,0.816525821596244,2,0.133333333333333,0.488888888888889,0.272728098997818,2.19165641465175,0.0826700211229707,0.745982879288902,NA,NA,NA,NA,NA,NA,NA,NA,2.42602300643921
"Fixed mixed-signal covariate-driven SAR design, lambda = 2",45,"GNN","GNN","not available",0.850203442879499,0.739906103286385,2,0.133333333333333,0.488888888888889,0.274745018602524,2.59341180951652,0.0814578965768128,0.782576395650273,NA,NA,NA,NA,NA,NA,NA,NA,2.45239114761353
"Fixed mixed-signal covariate-driven SAR design, lambda = 2",46,"GNN","GNN","not available",0.820907668231612,0.7981220657277,6,0.4,0.488888888888889,0.289478137122199,2.18368185405003,0.0863097930950583,0.744000525308112,NA,NA,NA,NA,NA,NA,NA,NA,2.24846196174622
"Fixed mixed-signal covariate-driven SAR design, lambda = 2",47,"GNN","GNN","not available",0.861032863849765,0.815211267605634,4,0.266666666666667,0.488888888888889,0.260576251697051,2.10482261494791,0.0788350379914783,0.715398984768235,NA,NA,NA,NA,NA,NA,NA,NA,2.4584789276123
"Fixed mixed-signal covariate-driven SAR design, lambda = 2",48,"GNN","GNN","not available",0.811142410015649,0.699530516431925,5,0.333333333333333,0.511111111111111,0.286736531062105,2.61518571671392,0.0819712540986772,0.787221498875533,NA,NA,NA,NA,NA,NA,NA,NA,2.25734305381775
"Fixed mixed-signal covariate-driven SAR design, lambda = 2",49,"GNN","GNN","not available",0.782472613458529,0.645070422535211,3,0.2,0.377777777777778,0.310929972531383,2.90755271049068,0.087564536282524,0.80003273753503,NA,NA,NA,NA,NA,NA,NA,NA,2.34295606613159
"Fixed mixed-signal covariate-driven SAR design, lambda = 2",50,"GNN","GNN","not available",0.80112676056338,0.702535211267606,3,0.2,0.466666666666667,0.298801206974454,2.65329117722513,0.0848578222932846,0.775581196758788,NA,NA,NA,NA,NA,NA,NA,NA,2.46611905097961
"Fixed mixed-signal covariate-driven SAR design, lambda = 2",51,"GNN","GNN","not available",0.846071987480438,0.767136150234742,4,0.266666666666667,0.511111111111111,0.284298170867,2.45534852273408,0.0844465257946931,0.760805537456422,NA,NA,NA,NA,NA,NA,NA,NA,2.50246214866638
"Fixed mixed-signal covariate-driven SAR design, lambda = 2",52,"GNN","GNN","not available",0.816212832550861,0.691830985915493,3,0.2,0.488888888888889,0.291626515879603,2.83132522837461,0.08134253568301,0.774573933277893,NA,NA,NA,NA,NA,NA,NA,NA,2.33456015586853
"Fixed mixed-signal covariate-driven SAR design, lambda = 2",53,"GNN","GNN","not available",0.882629107981221,0.789295774647887,6,0.4,0.577777777777778,0.252312745677323,2.43807324811985,0.0723236862618373,0.676847641304634,NA,NA,NA,NA,NA,NA,NA,NA,2.37240290641785
"Fixed mixed-signal covariate-driven SAR design, lambda = 2",54,"GNN","GNN","not available",0.82754303599374,0.75943661971831,5,0.333333333333333,0.466666666666667,0.29435002860207,2.35172447557573,0.0878283521934606,0.75920878828527,NA,NA,NA,NA,NA,NA,NA,NA,2.31361699104309
"Fixed mixed-signal covariate-driven SAR design, lambda = 2",55,"GNN","GNN","not available",0.786353677621283,0.633427230046948,1,0.0666666666666667,0.4,0.299990655712694,2.87299643118579,0.0864211235284005,0.861921187914144,NA,NA,NA,NA,NA,NA,NA,NA,2.41121697425842
"Fixed mixed-signal covariate-driven SAR design, lambda = 2",56,"GNN","GNN","not available",0.799874804381847,0.827605633802817,3,0.2,0.466666666666667,0.298153784985858,2.07794526700686,0.0874535464571525,0.744968387228647,NA,NA,NA,NA,NA,NA,NA,NA,2.224613904953
"Fixed mixed-signal covariate-driven SAR design, lambda = 2",57,"GNN","GNN","not available",0.801627543035994,0.736150234741784,1,0.0666666666666667,0.422222222222222,0.298157662061621,2.46971555344484,0.0869073754180543,0.796496989220475,NA,NA,NA,NA,NA,NA,NA,NA,2.43553996086121
"Fixed mixed-signal covariate-driven SAR design, lambda = 2",58,"GNN","GNN","not available",0.890892018779343,0.884131455399061,5,0.333333333333333,0.6,0.249098741077295,1.84874000504321,0.0759735249924911,0.652289151581231,NA,NA,NA,NA,NA,NA,NA,NA,2.20500802993774
"Fixed mixed-signal covariate-driven SAR design, lambda = 2",59,"GNN","GNN","not available",0.803818466353678,0.594366197183099,2,0.133333333333333,0.488888888888889,0.317245690006755,3.66805602966481,0.0835080200050967,0.822865506919341,NA,NA,NA,NA,NA,NA,NA,NA,2.41432189941406
"Fixed mixed-signal covariate-driven SAR design, lambda = 2",60,"GNN","GNN","not available",0.820532081377152,0.674178403755869,1,0.0666666666666667,0.422222222222222,0.317339379949831,3.64257941584383,0.08161406300914,0.772365542551545,NA,NA,NA,NA,NA,NA,NA,NA,2.37094211578369
"Fixed mixed-signal covariate-driven SAR design, lambda = 2",61,"GNN","GNN","not available",0.850078247261346,0.709671361502347,4,0.266666666666667,0.533333333333333,0.277693526015427,2.92033816920583,0.0789276961991106,0.771650774032835,NA,NA,NA,NA,NA,NA,NA,NA,2.42599701881409
"Fixed mixed-signal covariate-driven SAR design, lambda = 2",62,"GNN","GNN","not available",0.83981220657277,0.706478873239437,3,0.2,0.511111111111111,0.27092378533423,2.72894535515634,0.0778759269825352,0.808085501231931,NA,NA,NA,NA,NA,NA,NA,NA,2.46813416481018
"Fixed mixed-signal covariate-driven SAR design, lambda = 2",63,"GNN","GNN","not available",0.860031298904538,0.750798122065728,7,0.466666666666667,0.644444444444444,0.242666295423607,2.51812790619122,0.065782457019185,0.695316755969049,NA,NA,NA,NA,NA,NA,NA,NA,2.3850519657135
"Fixed mixed-signal covariate-driven SAR design, lambda = 2",64,"GNN","GNN","not available",0.863474178403756,0.767887323943662,4,0.266666666666667,0.577777777777778,0.254017813738888,2.43679123316342,0.0731145323812869,0.736741567434025,NA,NA,NA,NA,NA,NA,NA,NA,2.38719296455383
"Fixed mixed-signal covariate-driven SAR design, lambda = 2",65,"GNN","GNN","not available",0.823787167449139,0.584976525821596,1,0.0666666666666667,0.488888888888889,0.303105039053878,4.3319962392575,0.0723281358696715,0.854468831738149,NA,NA,NA,NA,NA,NA,NA,NA,2.47330904006958
"Fixed mixed-signal covariate-driven SAR design, lambda = 2",66,"GNN","GNN","not available",0.856713615023474,0.817840375586854,4,0.266666666666667,0.577777777777778,0.263391125211373,2.33067380636838,0.0755438661656619,0.754395542606095,NA,NA,NA,NA,NA,NA,NA,NA,2.38258600234985
"Fixed mixed-signal covariate-driven SAR design, lambda = 2",67,"GNN","GNN","not available",0.820845070422535,0.786291079812207,2,0.133333333333333,0.444444444444444,0.288696379424145,2.31584304165653,0.0842419422698579,0.748831579867293,NA,NA,NA,NA,NA,NA,NA,NA,2.52369904518127
"Fixed mixed-signal covariate-driven SAR design, lambda = 2",68,"GNN","GNN","not available",0.755367762128325,0.592300469483568,3,0.2,0.377777777777778,0.333701445049508,3.44844120092776,0.0874514744584045,0.800191191311524,NA,NA,NA,NA,NA,NA,NA,NA,2.20190095901489
"Fixed mixed-signal covariate-driven SAR design, lambda = 2",69,"GNN","GNN","not available",0.823881064162754,0.673427230046948,3,0.2,0.466666666666667,0.279187496959688,2.73669063383352,0.0806800714884227,0.827056740777652,NA,NA,NA,NA,NA,NA,NA,NA,2.59817886352539
"Fixed mixed-signal covariate-driven SAR design, lambda = 2",70,"GNN","GNN","not available",0.891017214397496,0.852018779342723,3,0.2,0.511111111111111,0.25780541657249,2.05063413768331,0.0793174438249136,0.705867521634888,NA,NA,NA,NA,NA,NA,NA,NA,2.33485984802246
"Fixed mixed-signal covariate-driven SAR design, lambda = 2",71,"GNN","GNN","not available",0.84131455399061,0.793802816901408,4,0.266666666666667,0.555555555555556,0.264379814888251,2.1679869575392,0.0773621048452743,0.721167095753444,NA,NA,NA,NA,NA,NA,NA,NA,2.36629199981689
"Fixed mixed-signal covariate-driven SAR design, lambda = 2",72,"GNN","GNN","not available",0.794053208137715,0.693896713615023,4,0.266666666666667,0.444444444444444,0.298040641765801,2.41206975061743,0.0870020549890807,0.750373050296811,NA,NA,NA,NA,NA,NA,NA,NA,2.42569994926453
"Fixed mixed-signal covariate-driven SAR design, lambda = 2",73,"GNN","GNN","not available",0.784444444444444,0.62150234741784,0,0,0.355555555555556,0.299313146961438,2.93590419913379,0.0861564042387191,0.8631020588624,NA,NA,NA,NA,NA,NA,NA,NA,2.70166802406311
"Fixed mixed-signal covariate-driven SAR design, lambda = 2",74,"GNN","GNN","not available",0.906729264475743,0.810892018779343,3,0.2,0.6,0.230881056832867,2.57472093224404,0.0654460923539433,0.714948104249165,NA,NA,NA,NA,NA,NA,NA,NA,2.18049597740173
"Fixed mixed-signal covariate-driven SAR design, lambda = 2",75,"GNN","GNN","not available",0.779280125195618,0.6781220657277,3,0.2,0.4,0.305506714387927,2.57585250186263,0.0885413435551454,0.786939887916473,NA,NA,NA,NA,NA,NA,NA,NA,2.24521708488464
"Fixed mixed-signal covariate-driven SAR design, lambda = 2",76,"GNN","GNN","not available",0.827073552425665,0.775774647887324,3,0.2,0.444444444444444,0.276908743176265,2.29048831183714,0.0817584609512188,0.761121009275916,NA,NA,NA,NA,NA,NA,NA,NA,2.38641500473022
"Fixed mixed-signal covariate-driven SAR design, lambda = 2",77,"GNN","GNN","not available",0.838028169014085,0.793990610328638,2,0.133333333333333,0.422222222222222,0.27463091790724,2.32482609138911,0.0807798037329289,0.772017374202857,NA,NA,NA,NA,NA,NA,NA,NA,2.32059478759766
"Fixed mixed-signal covariate-driven SAR design, lambda = 2",78,"GNN","GNN","not available",0.864788732394366,0.737464788732394,5,0.333333333333333,0.6,0.256988872025469,2.71148719098255,0.0735991386726974,0.754451768411861,NA,NA,NA,NA,NA,NA,NA,NA,2.40089011192322
"Fixed mixed-signal covariate-driven SAR design, lambda = 2",79,"GNN","GNN","not available",0.79151799687011,0.567136150234742,2,0.133333333333333,0.488888888888889,0.302028300512197,3.39262661129168,0.0829289626459134,0.885022857344978,NA,NA,NA,NA,NA,NA,NA,NA,2.43237113952637
"Fixed mixed-signal covariate-driven SAR design, lambda = 2",80,"GNN","GNN","not available",0.869483568075117,0.753051643192488,3,0.2,0.533333333333333,0.258190747771532,2.55372536384208,0.0766498785533984,0.774970921418157,NA,NA,NA,NA,NA,NA,NA,NA,2.23709416389465
"Fixed mixed-signal covariate-driven SAR design, lambda = 2",81,"GNN","GNN","not available",0.742691705790297,0.556995305164319,2,0.133333333333333,0.422222222222222,0.309378381166862,2.98868969188678,0.0856114991723482,0.848112728197294,NA,NA,NA,NA,NA,NA,NA,NA,2.40115404129028
"Fixed mixed-signal covariate-driven SAR design, lambda = 2",82,"GNN","GNN","not available",0.827136150234742,0.625164319248826,3,0.2,0.533333333333333,0.27775413459308,3.32656004251368,0.0732385735321084,0.815129667794456,NA,NA,NA,NA,NA,NA,NA,NA,2.5216212272644
"Fixed mixed-signal covariate-driven SAR design, lambda = 2",83,"GNN","GNN","not available",0.836306729264476,0.713802816901408,3,0.2,0.577777777777778,0.318519793273899,3.72709374826762,0.0805234405532919,0.783967523230355,NA,NA,NA,NA,NA,NA,NA,NA,2.70146894454956
"Fixed mixed-signal covariate-driven SAR design, lambda = 2",84,"GNN","GNN","not available",0.867230046948357,0.762253521126761,5,0.333333333333333,0.511111111111111,0.254772646465605,2.50261279438152,0.0740313986378379,0.740215649109389,NA,NA,NA,NA,NA,NA,NA,NA,2.46933197975159
"Fixed mixed-signal covariate-driven SAR design, lambda = 2",85,"GNN","GNN","not available",0.838998435054773,0.706854460093897,4,0.266666666666667,0.511111111111111,0.269849692660237,2.64196765990804,0.0764122795576506,0.750855645200646,NA,NA,NA,NA,NA,NA,NA,NA,2.37337589263916
"Fixed mixed-signal covariate-driven SAR design, lambda = 2",86,"GNN","GNN","not available",0.824162754303599,0.723004694835681,5,0.333333333333333,0.577777777777778,0.280473219081584,2.63161990540089,0.0783366855679421,0.749639061511301,NA,NA,NA,NA,NA,NA,NA,NA,2.27311301231384
"Fixed mixed-signal covariate-driven SAR design, lambda = 2",87,"GNN","GNN","not available",0.802629107981221,0.616525821596244,2,0.133333333333333,0.488888888888889,0.287920972701056,3.12447650866508,0.0784541696094689,0.827395578536419,NA,NA,NA,NA,NA,NA,NA,NA,2.16883206367493
"Fixed mixed-signal covariate-driven SAR design, lambda = 2",88,"GNN","GNN","not available",0.797809076682316,0.763004694835681,4,0.266666666666667,0.4,0.301215547721572,2.25953355470831,0.0895390782671304,0.764852689333765,NA,NA,NA,NA,NA,NA,NA,NA,2.61743688583374
"Fixed mixed-signal covariate-driven SAR design, lambda = 2",89,"GNN","GNN","not available",0.836369327073552,0.781220657276995,3,0.2,0.444444444444444,0.281970656689675,2.31051084583584,0.0833513229378853,0.743823516142134,NA,NA,NA,NA,NA,NA,NA,NA,2.3457179069519
"Fixed mixed-signal covariate-driven SAR design, lambda = 2",90,"GNN","GNN","not available",0.804006259780908,0.662535211267606,2,0.133333333333333,0.488888888888889,0.296342016021135,3.02170302241989,0.0817827900940802,0.821727248495131,NA,NA,NA,NA,NA,NA,NA,NA,2.30786609649658
"Fixed mixed-signal covariate-driven SAR design, lambda = 2",91,"GNN","GNN","not available",0.757496087636933,0.52056338028169,2,0.133333333333333,0.488888888888889,0.31511473046553,3.45537419877281,0.0836059088577669,0.843684103482905,NA,NA,NA,NA,NA,NA,NA,NA,2.39085817337036
"Fixed mixed-signal covariate-driven SAR design, lambda = 2",92,"GNN","GNN","not available",0.757809076682316,0.610328638497653,2,0.133333333333333,0.466666666666667,0.332795888320341,3.59047586768246,0.0836764745399513,0.818775791852975,NA,NA,NA,NA,NA,NA,NA,NA,2.41970205307007
"Fixed mixed-signal covariate-driven SAR design, lambda = 2",93,"GNN","GNN","not available",0.795993740219092,0.629859154929577,1,0.0666666666666667,0.444444444444444,0.301508022785386,2.85025079850856,0.0885509451432172,0.861315421327034,NA,NA,NA,NA,NA,NA,NA,NA,2.32473611831665
"Fixed mixed-signal covariate-driven SAR design, lambda = 2",94,"GNN","GNN","not available",0.78472613458529,0.707605633802817,2,0.133333333333333,0.4,0.295184165050788,2.4723255742577,0.0850209800258939,0.801777303244986,NA,NA,NA,NA,NA,NA,NA,NA,2.33625388145447
"Fixed mixed-signal covariate-driven SAR design, lambda = 2",95,"GNN","GNN","not available",0.808137715179969,0.63887323943662,3,0.2,0.511111111111111,0.29257394981683,3.13538745722233,0.0787513584743888,0.80028887583621,NA,NA,NA,NA,NA,NA,NA,NA,2.10981488227844
"Fixed mixed-signal covariate-driven SAR design, lambda = 2",96,"GNN","GNN","not available",0.844131455399061,0.735023474178404,1,0.0666666666666667,0.466666666666667,0.282586210068669,2.64399010888356,0.0833970816618849,0.784098384887968,NA,NA,NA,NA,NA,NA,NA,NA,2.25121402740479
"Fixed mixed-signal covariate-driven SAR design, lambda = 2",97,"GNN","GNN","not available",0.827230046948357,0.6381220657277,2,0.133333333333333,0.466666666666667,0.286435858455666,2.93363222602012,0.0831729047178072,0.836009634614294,NA,NA,NA,NA,NA,NA,NA,NA,2.50501608848572
"Fixed mixed-signal covariate-driven SAR design, lambda = 2",98,"GNN","GNN","not available",0.835868544600939,0.724507042253521,1,0.0666666666666667,0.377777777777778,0.273764442985477,2.56368898185604,0.0801785436375046,0.79256382258279,NA,NA,NA,NA,NA,NA,NA,NA,2.38382911682129
"Fixed mixed-signal covariate-driven SAR design, lambda = 2",99,"GNN","GNN","not available",0.846447574334898,0.644882629107981,1,0.0666666666666667,0.488888888888889,0.269267628632032,3.41329781620176,0.072921202128522,0.8366740135759,NA,NA,NA,NA,NA,NA,NA,NA,2.20771884918213
"Fixed mixed-signal covariate-driven SAR design, lambda = 2",100,"GNN","GNN","not available",0.849765258215962,0.670422535211268,2,0.133333333333333,0.533333333333333,0.264028704388312,3.17381556631032,0.0724073812852127,0.832721113144499,NA,NA,NA,NA,NA,NA,NA,NA,2.35655498504639
