file,bytes,md5,sha256,original_zip,original_file,group
.gitattributes,8,d3d04ac1b5897688b0d97abfd135aefa,705fd4d6451a31d36b3df7de96f83f30ac976c9b4a6d1e51671d8e2f33e2d0da,,,
Bayesian_linear/Bayesian_linear_FINAL_MAIN_TABLE_means.csv,1483,c64ad2e0b4f32fef28b6dffad6e6ea1b,2bdd8c130dc87fd8beaeed1ee5d5927b9622324f3fcac4d71166273506c86809,SIMULATION_100_BAYESIAN_LINEAR_5_PILOTS(2).zip,Bayesian_linear/Bayesian_linear_FINAL_MAIN_TABLE_means.csv,
Bayesian_linear/Bayesian_linear_FINAL_PAPER_TABLE_mean_SD.csv,1484,8106eed061814fa488063bccdd239e3f,43a4f6e21c1f2f89b029b669449e0639f25fb0167e97a928abdafd58ac85ce73,SIMULATION_100_BAYESIAN_LINEAR_5_PILOTS(2).zip,Bayesian_linear/Bayesian_linear_FINAL_PAPER_TABLE_mean_SD.csv,
Bayesian_linear/Bayesian_linear_additional_diagnostic_summary.csv,5191,549437fe1e9e8c70736bc4d0a6403355,6029ecc43261df8cabb7ca5696d380da06b89a1ee1779e9354cd5c4ca4b72157,SIMULATION_100_BAYESIAN_LINEAR_5_PILOTS(2).zip,Bayesian_linear/Bayesian_linear_additional_diagnostic_summary.csv,
Bayesian_linear/Bayesian_linear_all_node_probabilities.csv,24644584,e758c1e2847edc3b4a1669c593b3c08a,50d552256421521f994991e75f3407cadd63848ac7d7d125f601b2f351e127f6,SIMULATION_100_BAYESIAN_LINEAR_5_PILOTS(2).zip,Bayesian_linear/Bayesian_linear_all_node_probabilities.csv,
Bayesian_linear/Bayesian_linear_failure_log.csv,75,415762f6f66023fe900ed436193d8177,60663936722ba4f3844c53a264aa9a5abee70d0b3de51c9e713756443deae104,SIMULATION_100_BAYESIAN_LINEAR_5_PILOTS(2).zip,Bayesian_linear/Bayesian_linear_failure_log.csv,
Bayesian_linear/Bayesian_linear_geometry_summary.csv,21264,eac38d5e45fd7eecbce351d8a340301c,5b0ccd6eaa225bebce5ec44c7b38bc61e4a6fab5fc172294b96a048036538aa5,SIMULATION_100_BAYESIAN_LINEAR_5_PILOTS(2).zip,Bayesian_linear/Bayesian_linear_geometry_summary.csv,
Bayesian_linear/Bayesian_linear_metric_summary_long.csv,12842,76ac1085e6fd3fc0fc3e2cac3bb4de05,56f51affe539e269a02265781c6f5b8d2898af6f66b743d9036f3753f386e0d9,SIMULATION_100_BAYESIAN_LINEAR_5_PILOTS(2).zip,Bayesian_linear/Bayesian_linear_metric_summary_long.csv,
Bayesian_linear/Bayesian_linear_metrics_by_replicate.csv,174145,49b633c4031dfeaa7b9cd17c8dc2eee8,0cad9e8dd7e13fbd07ea526e7cd271c923c57d6ed7b42a7a6ec5563c041c79c2,SIMULATION_100_BAYESIAN_LINEAR_5_PILOTS(2).zip,Bayesian_linear/Bayesian_linear_metrics_by_replicate.csv,
Bayesian_linear/Bayesian_linear_modularity_summary.csv,8305,786b52347e182f40aa3323eac4b36ae5,c4eec66c87366356d2bd2a769c7a6967891c95f5d9fc15ed804af7b3bad83a91,SIMULATION_100_BAYESIAN_LINEAR_5_PILOTS(2).zip,Bayesian_linear/Bayesian_linear_modularity_summary.csv,
Bayesian_linear/Bayesian_linear_run_config.rds,2799,6ee3780e3a75b57e7fe3516216fb03e7,a1cb3fa6328eeffee0424e5ed82018dea6cb13517a35a39e8a4191fcf2eb9eb0,SIMULATION_100_BAYESIAN_LINEAR_5_PILOTS(2).zip,Bayesian_linear/Bayesian_linear_run_config.rds,
Bayesian_linear/Bayesian_linear_uncertainty_metrics_80_95.csv,840,f34ab6be97bfa294758a427f2e1f5892,fb436d9e959c9d38fa25fb1942e7bfa15cfb72ba570340f446ec8f6264d436c3,SIMULATION_100_BAYESIAN_LINEAR_5_PILOTS(2).zip,Bayesian_linear/Bayesian_linear_uncertainty_metrics_80_95.csv,
Bayesian_linear/global_pilot_calibration_5_datasets.rds,5240,88334786d19bcbf09523956c43776902,d742d5f1f6066cd8c33c1afd3c989c12217298ffe8ba7a800506e472a1ee3f6d,SIMULATION_100_BAYESIAN_LINEAR_5_PILOTS(2).zip,Bayesian_linear/global_pilot_calibration_5_datasets.rds,
Bayesian_linear/global_pilot_calibration_distribution_summary.csv,8736,37c9a8448d78c66ec2ddb8a5820df362,5a007b4a9a43380886c77888f9cdbfc1d0e3b73e3165b94a2eb846d8a44a9886,SIMULATION_100_BAYESIAN_LINEAR_5_PILOTS(2).zip,Bayesian_linear/global_pilot_calibration_distribution_summary.csv,
Bayesian_linear/global_pilot_calibration_per_pilot_summary.csv,2642,7b166de903c6c172949567304c621588,316e272c0426e3a7c3a5092c30a61326cc1c58c03e8a5bb4c8a15cfcd3bf651b,SIMULATION_100_BAYESIAN_LINEAR_5_PILOTS(2).zip,Bayesian_linear/global_pilot_calibration_per_pilot_summary.csv,
Bayesian_linear/pilot_checkpoints/pilot_01_cov.rds,496848,da5db6d6d3f5bdca1a8ce3333992bdae,d0d6b4577d57f0a773fe9f9a2e71fb3cc42ee3161fdcc6698826e54fe35f544e,SIMULATION_100_BAYESIAN_LINEAR_5_PILOTS(2).zip,Bayesian_linear/pilot_checkpoints/pilot_01_cov.rds,
Bayesian_linear/pilot_checkpoints/pilot_01_cov_net.rds,610907,8260200422837d2ddd65c425c7e757c9,9a50004eb0fe5ba2ef5dd833962141699df2e40975155ad58fbb857e72bcfb40,SIMULATION_100_BAYESIAN_LINEAR_5_PILOTS(2).zip,Bayesian_linear/pilot_checkpoints/pilot_01_cov_net.rds,
Bayesian_linear/pilot_checkpoints/pilot_01_cov_net_pu.rds,648843,3d3ac5c07a3cfce66d0aa34d6e172cd9,2fe00ee4f873f7ae1cc1d51f1271a94ce0a1a0885d78f25cd195f76e665de601,SIMULATION_100_BAYESIAN_LINEAR_5_PILOTS(2).zip,Bayesian_linear/pilot_checkpoints/pilot_01_cov_net_pu.rds,
Bayesian_linear/pilot_checkpoints/pilot_01_cov_pu.rds,535316,36006130e785f59283fcd28b28fccb7f,70880cc3e5195ca477654d5c4c6c177bfb49806305bea5751c46fbcf780006ab,SIMULATION_100_BAYESIAN_LINEAR_5_PILOTS(2).zip,Bayesian_linear/pilot_checkpoints/pilot_01_cov_pu.rds,
Bayesian_linear/pilot_checkpoints/pilot_02_cov.rds,498362,fd27164edca2a92c5431700c11941505,ed00f66dab5cc97a81c675e65975e96f513e7be28e5ebfe438f461121eb11419,SIMULATION_100_BAYESIAN_LINEAR_5_PILOTS(2).zip,Bayesian_linear/pilot_checkpoints/pilot_02_cov.rds,
Bayesian_linear/pilot_checkpoints/pilot_02_cov_net.rds,612604,289cd013d3f6de8bcaf41ef50172fc06,5baeedee7271779c523d4592082e653204ce9f54208b495580c04bbd1bb838f0,SIMULATION_100_BAYESIAN_LINEAR_5_PILOTS(2).zip,Bayesian_linear/pilot_checkpoints/pilot_02_cov_net.rds,
Bayesian_linear/pilot_checkpoints/pilot_02_cov_net_pu.rds,650961,ce5c286f8adf6396d87614b321b9e972,af230a471fe36fd6adb75c7968ff865a0eec88800feb06eb237f33d87a36182b,SIMULATION_100_BAYESIAN_LINEAR_5_PILOTS(2).zip,Bayesian_linear/pilot_checkpoints/pilot_02_cov_net_pu.rds,
Bayesian_linear/pilot_checkpoints/pilot_02_cov_pu.rds,537031,d008c6d887b23992a1962e801ec05f77,5214a97d0273808b9e608e2400ceaf7ce9f3a666f0ae4a45b64dfabbd69d3e62,SIMULATION_100_BAYESIAN_LINEAR_5_PILOTS(2).zip,Bayesian_linear/pilot_checkpoints/pilot_02_cov_pu.rds,
Bayesian_linear/pilot_checkpoints/pilot_03_cov.rds,497334,e30241bf70fd06d0ab668bf4deb460ee,b5ad882911ba62afbadcb0b4fd40164cd1bd8d8d3259ddcdcb101f86fc3da104,SIMULATION_100_BAYESIAN_LINEAR_5_PILOTS(2).zip,Bayesian_linear/pilot_checkpoints/pilot_03_cov.rds,
Bayesian_linear/pilot_checkpoints/pilot_03_cov_net.rds,687688,12a55f162ad6ae7144c929853f090b2f,7a7af974b435c891e953b2f32245d7ca3cf6ebcb37649ae566d090abe35536f2,SIMULATION_100_BAYESIAN_LINEAR_5_PILOTS(2).zip,Bayesian_linear/pilot_checkpoints/pilot_03_cov_net.rds,
Bayesian_linear/pilot_checkpoints/pilot_03_cov_net_pu.rds,725766,884ac780eb63b40b66495fb2fe67b52e,e1d07e22b32b1afbe935769bea666ae52195c9034b3c408fcb4db2979ca5e67b,SIMULATION_100_BAYESIAN_LINEAR_5_PILOTS(2).zip,Bayesian_linear/pilot_checkpoints/pilot_03_cov_net_pu.rds,
Bayesian_linear/pilot_checkpoints/pilot_03_cov_pu.rds,535575,bc54a6c8c91280ae74587e449e4e3d6d,66d304f4384a7097a99e63adbfdfe6aef083b35565da44cca3cf532cbc6d130c,SIMULATION_100_BAYESIAN_LINEAR_5_PILOTS(2).zip,Bayesian_linear/pilot_checkpoints/pilot_03_cov_pu.rds,
Bayesian_linear/pilot_checkpoints/pilot_04_cov.rds,496991,200543ea6858ca02668f0dc342455c21,74a81b5f958a6344bf4416cac760dae48eef819c8f9a1a8a64422e8b7d0158f7,SIMULATION_100_BAYESIAN_LINEAR_5_PILOTS(2).zip,Bayesian_linear/pilot_checkpoints/pilot_04_cov.rds,
Bayesian_linear/pilot_checkpoints/pilot_04_cov_net.rds,611974,7f469ecf9d54c09ea210becc46d2974e,0be1d59e512712b92fde7edd5b6d84df0670988ea974010e2dd88b0127c1266a,SIMULATION_100_BAYESIAN_LINEAR_5_PILOTS(2).zip,Bayesian_linear/pilot_checkpoints/pilot_04_cov_net.rds,
Bayesian_linear/pilot_checkpoints/pilot_04_cov_net_pu.rds,649971,12e310766a597f8ddec8642cb1e571f1,3a774f87cf1a5e189cb6c4e91491d266b8ad4930f3e1ee0fde29e7454e024f63,SIMULATION_100_BAYESIAN_LINEAR_5_PILOTS(2).zip,Bayesian_linear/pilot_checkpoints/pilot_04_cov_net_pu.rds,
Bayesian_linear/pilot_checkpoints/pilot_04_cov_pu.rds,535595,27525b179484bc778627c00d76bf664b,efae1fd3cb7686fb6abb14d6bb5ac3a2ccbf9d24cc303221b968678fcd06c494,SIMULATION_100_BAYESIAN_LINEAR_5_PILOTS(2).zip,Bayesian_linear/pilot_checkpoints/pilot_04_cov_pu.rds,
Bayesian_linear/pilot_checkpoints/pilot_05_cov.rds,497502,7fc150cce4c48b0a317232d73aca78fa,a6381739a37fe680fc2c404a6521495468b40e471894020faef3c45b047cac8d,SIMULATION_100_BAYESIAN_LINEAR_5_PILOTS(2).zip,Bayesian_linear/pilot_checkpoints/pilot_05_cov.rds,
Bayesian_linear/pilot_checkpoints/pilot_05_cov_net.rds,611736,20b1841478f5b3cea57a3fdbf240e8a2,13033e8ad4fe4c48a93f4945ad60156b177f8e36737784c69f48c2c7b53aa82e,SIMULATION_100_BAYESIAN_LINEAR_5_PILOTS(2).zip,Bayesian_linear/pilot_checkpoints/pilot_05_cov_net.rds,
Bayesian_linear/pilot_checkpoints/pilot_05_cov_net_pu.rds,650095,945b4140b1491d72b85eca0955bd8a59,eb90a6dcd1fa4e14b6b2b596cee0a54438cc7dc14b7e1ae9ab93a10013ad24e9,SIMULATION_100_BAYESIAN_LINEAR_5_PILOTS(2).zip,Bayesian_linear/pilot_checkpoints/pilot_05_cov_net_pu.rds,
Bayesian_linear/pilot_checkpoints/pilot_05_cov_pu.rds,535799,42cb5e3064d84beaabb550feccba3a71,1ff2fb08c9ca6f05b68839ef1cced4382373fe27c1ed040aeb026a70be519be7,SIMULATION_100_BAYESIAN_LINEAR_5_PILOTS(2).zip,Bayesian_linear/pilot_checkpoints/pilot_05_cov_pu.rds,
Bayesian_linear/pilot_geometries/pilot_01_geometry.rds,40294,155907aecf479dd458f35a5728220ad9,e6f26f9f204e1f64f8ad08f4c6d93a8a4bb79b2a16348c39b94bedb8a3ac676e,SIMULATION_100_BAYESIAN_LINEAR_5_PILOTS(2).zip,Bayesian_linear/pilot_geometries/pilot_01_geometry.rds,
Bayesian_linear/pilot_geometries/pilot_02_geometry.rds,40266,e3dd29cf11eb652bca9ba2888be0748f,f9d4065c59024ccc0178dc61c841c3ee5452d6f837eeb01c73fa74035c9aa563,SIMULATION_100_BAYESIAN_LINEAR_5_PILOTS(2).zip,Bayesian_linear/pilot_geometries/pilot_02_geometry.rds,
Bayesian_linear/pilot_geometries/pilot_03_geometry.rds,46878,9b7ded0138f67ed4f72329428ec39442,7d40b7fd011f87b25ac3c309909e2f6038a7c1818a32e17242aae2d0bcd18436,SIMULATION_100_BAYESIAN_LINEAR_5_PILOTS(2).zip,Bayesian_linear/pilot_geometries/pilot_03_geometry.rds,
Bayesian_linear/pilot_geometries/pilot_04_geometry.rds,40531,eda417221fd1a819b559956a26e6d8cc,7c43ca79101d4408e24be79dcf3e6fe92967e62e352bd2a5051a3d816472c258,SIMULATION_100_BAYESIAN_LINEAR_5_PILOTS(2).zip,Bayesian_linear/pilot_geometries/pilot_04_geometry.rds,
Bayesian_linear/pilot_geometries/pilot_05_geometry.rds,40629,c9687c15228606402cc6192f88fe3bae,f1658b9cb857e0a7bdd398cec76e8727827d531b66a77a13ba61010d96249bef,SIMULATION_100_BAYESIAN_LINEAR_5_PILOTS(2).zip,Bayesian_linear/pilot_geometries/pilot_05_geometry.rds,
Bayesian_linear/pilot_seed_table.csv,209,2d0be0d4c874fbba803c877af3dd101a,814e2407b1edfeaf25aa3a9b5fd2264bf040d4982a60611b4597e755742aff16,SIMULATION_100_BAYESIAN_LINEAR_5_PILOTS(2).zip,Bayesian_linear/pilot_seed_table.csv,
Bayesian_linear/production_checkpoints/replicate_001.rds,30455,c1b84adaee6acb55d0397d68543da62f,43b834404b9a3564f86037a9b9ecdcdd95d773498aa42d12248e4c156be48621,SIMULATION_100_BAYESIAN_LINEAR_5_PILOTS(2).zip,Bayesian_linear/production_checkpoints/replicate_001.rds,
Bayesian_linear/production_checkpoints/replicate_002.rds,30329,3c59b9b8a124531f1e1e2ac7f3f956c5,23ee1b63383b414d4422fb099575e36bc154f156819c0ac61f4f3e57ae7abe1a,SIMULATION_100_BAYESIAN_LINEAR_5_PILOTS(2).zip,Bayesian_linear/production_checkpoints/replicate_002.rds,
Bayesian_linear/production_checkpoints/replicate_003.rds,29810,7e195c92d56ecf2540e1c0663b1f0c7e,9c39785418cc825ab193b7fbc55411cc523e5463974345b0071695621e51946b,SIMULATION_100_BAYESIAN_LINEAR_5_PILOTS(2).zip,Bayesian_linear/production_checkpoints/replicate_003.rds,
Bayesian_linear/production_checkpoints/replicate_004.rds,29835,aaa78347138e55b0f474510d329f8b08,ab76016f931b832d85b782013a14393540ec6cfd9e14d7e104596113878a2a71,SIMULATION_100_BAYESIAN_LINEAR_5_PILOTS(2).zip,Bayesian_linear/production_checkpoints/replicate_004.rds,
Bayesian_linear/production_checkpoints/replicate_005.rds,30267,ca8bafe416ec30426e7e099f2b7010fb,eed2d2cfd2d82290960605a0e12d791d8ecd4bd7ed6cf7c4a732578953a3df00,SIMULATION_100_BAYESIAN_LINEAR_5_PILOTS(2).zip,Bayesian_linear/production_checkpoints/replicate_005.rds,
Bayesian_linear/production_checkpoints/replicate_006.rds,30529,648280723460f28a3c366127b4c3bb5b,46fe9d16d566503bad9834d58c332ac9e0510ab8f03508aa4906b8f8b0364306,SIMULATION_100_BAYESIAN_LINEAR_5_PILOTS(2).zip,Bayesian_linear/production_checkpoints/replicate_006.rds,
Bayesian_linear/production_checkpoints/replicate_007.rds,30536,85e3d8cfc0023618ce2bcc2a79647c44,c6fceb39f406e73575057d14e08e5f349d1d394b5dd20920f1634fa99f729c53,SIMULATION_100_BAYESIAN_LINEAR_5_PILOTS(2).zip,Bayesian_linear/production_checkpoints/replicate_007.rds,
Bayesian_linear/production_checkpoints/replicate_008.rds,31877,b9332b0f019295538f50cc3dccd67665,4e247affe91c8bd9723d1380dd9daca1f4885fde923fbab68691d07fee8b6e8c,SIMULATION_100_BAYESIAN_LINEAR_5_PILOTS(2).zip,Bayesian_linear/production_checkpoints/replicate_008.rds,
Bayesian_linear/production_checkpoints/replicate_009.rds,31169,eaecd1dc5b84b3252bcfe1a7d497f7e8,e159abc9f09b09c02b8ac33f69f92341bcfd730e0c18a1ef30deb25d0d92894d,SIMULATION_100_BAYESIAN_LINEAR_5_PILOTS(2).zip,Bayesian_linear/production_checkpoints/replicate_009.rds,
Bayesian_linear/production_checkpoints/replicate_010.rds,30665,e54db85559fb5afd5863ee2d7d703b08,93ba6045af33c6acfc701ebcdf8140b6d73f0a7c78ed4b12a810ad997361b748,SIMULATION_100_BAYESIAN_LINEAR_5_PILOTS(2).zip,Bayesian_linear/production_checkpoints/replicate_010.rds,
Bayesian_linear/production_checkpoints/replicate_011.rds,30891,3e80cebe6691bfcc4ca1679246f70ccf,a6c00a3bc9b5c4d8d1fdfe386d8389748e44bc56851fb78ce93b9d7ff89ffb17,SIMULATION_100_BAYESIAN_LINEAR_5_PILOTS(2).zip,Bayesian_linear/production_checkpoints/replicate_011.rds,
Bayesian_linear/production_checkpoints/replicate_012.rds,30820,c6cc7d886a2f713528d91bc517660001,f205997acbd693fcf016e252b0d7230532367543aca1a3952f256485e6210b10,SIMULATION_100_BAYESIAN_LINEAR_5_PILOTS(2).zip,Bayesian_linear/production_checkpoints/replicate_012.rds,
Bayesian_linear/production_checkpoints/replicate_013.rds,30229,afda74905d317fd50eefbdb2ad40e2e7,887d780836fb5f90fec738de221f6a6bd1e4e0003fbc91bf76dec1c126542261,SIMULATION_100_BAYESIAN_LINEAR_5_PILOTS(2).zip,Bayesian_linear/production_checkpoints/replicate_013.rds,
Bayesian_linear/production_checkpoints/replicate_014.rds,29634,2053655d2a8a91bb7b36765c7433739d,302cb25d4273d652a2bbd1613f175010d169db70c0985c6b538e5a7d3e80824a,SIMULATION_100_BAYESIAN_LINEAR_5_PILOTS(2).zip,Bayesian_linear/production_checkpoints/replicate_014.rds,
Bayesian_linear/production_checkpoints/replicate_015.rds,30853,37912a46490e18c039623034c434c065,c889a6ea08a1ea36f4d876de5e13f02221fa1a01129b9cf807bf86f41022bcf3,SIMULATION_100_BAYESIAN_LINEAR_5_PILOTS(2).zip,Bayesian_linear/production_checkpoints/replicate_015.rds,
Bayesian_linear/production_checkpoints/replicate_016.rds,31344,f3ab78b10b3bb955e794a8e73a1d61ea,ab967a6813c1172330c45bc7e4bb4c49c290b0b7251721fd53cf16be6260bfe0,SIMULATION_100_BAYESIAN_LINEAR_5_PILOTS(2).zip,Bayesian_linear/production_checkpoints/replicate_016.rds,
Bayesian_linear/production_checkpoints/replicate_017.rds,31272,8286c509fac5b228c6b601087ab25881,54d7e99507efb232aac7357d1bdd12c2ed868bfb8b316e9e5debcde3c13c8984,SIMULATION_100_BAYESIAN_LINEAR_5_PILOTS(2).zip,Bayesian_linear/production_checkpoints/replicate_017.rds,
Bayesian_linear/production_checkpoints/replicate_018.rds,30051,bb73d0d9cb6a0c8ab5d47203c5e5bfe5,f4fa0acc87379afc185ddc8d5a13c2aed6ffe2c161c6438b99c0d9848d86da94,SIMULATION_100_BAYESIAN_LINEAR_5_PILOTS(2).zip,Bayesian_linear/production_checkpoints/replicate_018.rds,
Bayesian_linear/production_checkpoints/replicate_019.rds,30987,19db4f2e4eeac63ca49cf8d9ae19ea48,beb412dcdf3cb411d74603856fd7d6713d41083a36e4bf012eb54685444cdddc,SIMULATION_100_BAYESIAN_LINEAR_5_PILOTS(2).zip,Bayesian_linear/production_checkpoints/replicate_019.rds,
Bayesian_linear/production_checkpoints/replicate_020.rds,30975,6135cb055e77156471d58399d66860b2,9d4b42345309951af0d88e0c1e05cd74f2fe7ad4b3b4d3b28660a3c1dfe0ae31,SIMULATION_100_BAYESIAN_LINEAR_5_PILOTS(2).zip,Bayesian_linear/production_checkpoints/replicate_020.rds,
Bayesian_linear/production_checkpoints/replicate_021.rds,30372,064fd10637d48042f796723756cc3c07,53e807fceb5295b8a138c2f4dae7dcc365e0c2cefb2f2d372946d38c3b77291a,SIMULATION_100_BAYESIAN_LINEAR_5_PILOTS(2).zip,Bayesian_linear/production_checkpoints/replicate_021.rds,
Bayesian_linear/production_checkpoints/replicate_022.rds,30356,e70ab13310e3fb0e1416cb0cf82daebc,6a7afafe69bb751b7f32b9eb83ba8263c5d76969c96885dc6c908ca190a5907f,SIMULATION_100_BAYESIAN_LINEAR_5_PILOTS(2).zip,Bayesian_linear/production_checkpoints/replicate_022.rds,
Bayesian_linear/production_checkpoints/replicate_023.rds,30767,1bf5ac4af95bd228e75e7b94b8309205,4249237d636ded9bfd4e43b299c36eb3b3e9e774faa54825f5978e173ab915bc,SIMULATION_100_BAYESIAN_LINEAR_5_PILOTS(2).zip,Bayesian_linear/production_checkpoints/replicate_023.rds,
Bayesian_linear/production_checkpoints/replicate_024.rds,30824,6881f72109014c475dc5bcef816bd6ff,d940d95df09a918096179c8367ad48a6f6653697a2fdcc9d95ed326c96a0fa72,SIMULATION_100_BAYESIAN_LINEAR_5_PILOTS(2).zip,Bayesian_linear/production_checkpoints/replicate_024.rds,
Bayesian_linear/production_checkpoints/replicate_025.rds,30382,33dbb772f7b3d49657b629ea1c455112,5c07f492aaf35b89eb91c761f357902d736b0e1da071d6883a2617d10c0e61a5,SIMULATION_100_BAYESIAN_LINEAR_5_PILOTS(2).zip,Bayesian_linear/production_checkpoints/replicate_025.rds,
Bayesian_linear/production_checkpoints/replicate_026.rds,31971,34365508ca244753553add14305011e3,45f4f113e339f8b595b974ff5cc8aa82f2a5643378103083960cdef0de38a016,SIMULATION_100_BAYESIAN_LINEAR_5_PILOTS(2).zip,Bayesian_linear/production_checkpoints/replicate_026.rds,
Bayesian_linear/production_checkpoints/replicate_027.rds,31086,136fd466e7524fd99e0b88cdbd0235de,9854ff53fc712b1dd30c07f0c0c2a25541865fe51ee86da629195cb9aad5c7df,SIMULATION_100_BAYESIAN_LINEAR_5_PILOTS(2).zip,Bayesian_linear/production_checkpoints/replicate_027.rds,
Bayesian_linear/production_checkpoints/replicate_028.rds,30800,b487e3fc4762534f360e3ddb140a6895,133d0475248e52dc31612998a1595539a5dd82b4a5a7aaefa3da7ae0adb802e9,SIMULATION_100_BAYESIAN_LINEAR_5_PILOTS(2).zip,Bayesian_linear/production_checkpoints/replicate_028.rds,
Bayesian_linear/production_checkpoints/replicate_029.rds,29774,9d9c5161bd699607474427397e3b65f3,89a16853bac97fabbc001d63c9f5f4bc9828ddad41d6ae8d6fe01bf52cf3a3ce,SIMULATION_100_BAYESIAN_LINEAR_5_PILOTS(2).zip,Bayesian_linear/production_checkpoints/replicate_029.rds,
Bayesian_linear/production_checkpoints/replicate_030.rds,30509,4375f246b921307d62d9b2a0de078a3e,163121bf665a1ac2e571de9e69fd7808d0716ce10732c599df5cb4a88c3f8dcc,SIMULATION_100_BAYESIAN_LINEAR_5_PILOTS(2).zip,Bayesian_linear/production_checkpoints/replicate_030.rds,
Bayesian_linear/production_checkpoints/replicate_031.rds,30158,25f017a41d2089dc31ab1208b9c45578,d0b66a7e6ba86ce5e4f21c847642af1b09f5b6c28eb48227f7c544817e57233b,SIMULATION_100_BAYESIAN_LINEAR_5_PILOTS(2).zip,Bayesian_linear/production_checkpoints/replicate_031.rds,
Bayesian_linear/production_checkpoints/replicate_032.rds,30673,8e53d967330159ebae0b3d93bd6a267c,ec54f54de75e7fcba58947779f708e704e4e4660bce93a35ef012a89009b2473,SIMULATION_100_BAYESIAN_LINEAR_5_PILOTS(2).zip,Bayesian_linear/production_checkpoints/replicate_032.rds,
Bayesian_linear/production_checkpoints/replicate_033.rds,30723,800fef0eacbf82ce845fb3c3b6b72075,cfddb57336961b4acff373452f65bee2d450fd6a8948377b6da3b66e1b73249d,SIMULATION_100_BAYESIAN_LINEAR_5_PILOTS(2).zip,Bayesian_linear/production_checkpoints/replicate_033.rds,
Bayesian_linear/production_checkpoints/replicate_034.rds,29788,564b430fb65f50619ba8525ff490f125,81825e63e6c1b0f2017772fc924190228df81971a8a480be2c568b64cf4e1bb7,SIMULATION_100_BAYESIAN_LINEAR_5_PILOTS(2).zip,Bayesian_linear/production_checkpoints/replicate_034.rds,
Bayesian_linear/production_checkpoints/replicate_035.rds,31551,c370892681ffad16d035b1ca733b08a0,7f7b9cb6c3d482bd8e01703707a2836284740a24dc5873bc1f5c411846af4973,SIMULATION_100_BAYESIAN_LINEAR_5_PILOTS(2).zip,Bayesian_linear/production_checkpoints/replicate_035.rds,
Bayesian_linear/production_checkpoints/replicate_036.rds,29860,c27e1d1b799d116000cecb7165ac9c90,2f0088fd2ed2b1f040dc05586e6ef411ad3e9800a7cf7ab80bf76ac350a1e706,SIMULATION_100_BAYESIAN_LINEAR_5_PILOTS(2).zip,Bayesian_linear/production_checkpoints/replicate_036.rds,
Bayesian_linear/production_checkpoints/replicate_037.rds,30867,3c47ef3242dc710ebd7a480ce98a5468,201eb8d97ffdbc3640581a30459c37bef3dc67fb31d5adbb61d5412e3401005d,SIMULATION_100_BAYESIAN_LINEAR_5_PILOTS(2).zip,Bayesian_linear/production_checkpoints/replicate_037.rds,
Bayesian_linear/production_checkpoints/replicate_038.rds,31080,75a4fa5bb813aa8ada80b6a5e2323d69,67c454efe4c4be7d62b3808c8dfec7094c2a7fa728c906700f1c40d1f0a97687,SIMULATION_100_BAYESIAN_LINEAR_5_PILOTS(2).zip,Bayesian_linear/production_checkpoints/replicate_038.rds,
Bayesian_linear/production_checkpoints/replicate_039.rds,30643,2c01e593fe1817f408967630a1cd1818,0001450e93055d1f8458ba328a8e04815d6e41cab28a69b6ae17bc90d048d91d,SIMULATION_100_BAYESIAN_LINEAR_5_PILOTS(2).zip,Bayesian_linear/production_checkpoints/replicate_039.rds,
Bayesian_linear/production_checkpoints/replicate_040.rds,30499,f13ad3566108f3b8de341e46b35efa9a,2be3ccfba593784c815da2ad892f9585f6d60015f40d2de653c9c1a4e5357e4b,SIMULATION_100_BAYESIAN_LINEAR_5_PILOTS(2).zip,Bayesian_linear/production_checkpoints/replicate_040.rds,
Bayesian_linear/production_checkpoints/replicate_041.rds,31425,ab0851f76eeb6b3be8556b85f192ae7a,bcf3e92f0bb00514227c5dc05c7ccd74615328188953ae4ca3e6207956aac738,SIMULATION_100_BAYESIAN_LINEAR_5_PILOTS(2).zip,Bayesian_linear/production_checkpoints/replicate_041.rds,
Bayesian_linear/production_checkpoints/replicate_042.rds,31575,62d2f666bd1ebb786c759f52da8fe3ee,c95fdc14edca452fcc1af799f579978f3b0308bdc339e73f2a6c9968dd9855e8,SIMULATION_100_BAYESIAN_LINEAR_5_PILOTS(2).zip,Bayesian_linear/production_checkpoints/replicate_042.rds,
Bayesian_linear/production_checkpoints/replicate_043.rds,30607,9e88f364b847359454611f10d432141f,e9db07ee323d53d6c4f1daadcb3c5e87c52b93d9bb8b4a0679fdb807c30b0ef3,SIMULATION_100_BAYESIAN_LINEAR_5_PILOTS(2).zip,Bayesian_linear/production_checkpoints/replicate_043.rds,
Bayesian_linear/production_checkpoints/replicate_044.rds,30110,a1dc4722c6c6834e25e8d0dae4045eae,1435d7b1d1f4c2a2c03f0b62eb17d30f76305b09bfd8f0c54f1c5c79e7750550,SIMULATION_100_BAYESIAN_LINEAR_5_PILOTS(2).zip,Bayesian_linear/production_checkpoints/replicate_044.rds,
Bayesian_linear/production_checkpoints/replicate_045.rds,30417,307eee71348095de27131a99b45c42cf,a2a1f20c362e44124749f475b8c2f2153c0267421339631c7f466bb12599f350,SIMULATION_100_BAYESIAN_LINEAR_5_PILOTS(2).zip,Bayesian_linear/production_checkpoints/replicate_045.rds,
Bayesian_linear/production_checkpoints/replicate_046.rds,30648,5817d44a44e9225144d1da503f4f348d,cbe9d9d21822eac3961f125c4bbdd348e8812ba6ce28afe809fe2e7f412261d4,SIMULATION_100_BAYESIAN_LINEAR_5_PILOTS(2).zip,Bayesian_linear/production_checkpoints/replicate_046.rds,
Bayesian_linear/production_checkpoints/replicate_047.rds,31195,4c5b9258f31476aab9748dcc68abedf7,b82cffc6560257627a00e1609143bc970d95ab23b4773af3c4fd4f959bf2382b,SIMULATION_100_BAYESIAN_LINEAR_5_PILOTS(2).zip,Bayesian_linear/production_checkpoints/replicate_047.rds,
Bayesian_linear/production_checkpoints/replicate_048.rds,30622,8fdb0e5fa9d250d9e2a0e9469b4e9309,4d0a96b39db395807d2909436d0e9215b7d6f5660d0816e0ce04adc77e232335,SIMULATION_100_BAYESIAN_LINEAR_5_PILOTS(2).zip,Bayesian_linear/production_checkpoints/replicate_048.rds,
Bayesian_linear/production_checkpoints/replicate_049.rds,30335,2e727fbb707f592c930cce970c28e6b4,854be900bacc0c34d7f1c58f5b0f661157e104571b0e20bb6a2be5be873439f4,SIMULATION_100_BAYESIAN_LINEAR_5_PILOTS(2).zip,Bayesian_linear/production_checkpoints/replicate_049.rds,
Bayesian_linear/production_checkpoints/replicate_050.rds,30701,9ddb30b790ea26cfafb6a094268c9869,ef498ec1f8fcb8e6bbcf3ebc413ddd2bf048bd35c90f71ac92a71974970a8c61,SIMULATION_100_BAYESIAN_LINEAR_5_PILOTS(2).zip,Bayesian_linear/production_checkpoints/replicate_050.rds,
Bayesian_linear/production_checkpoints/replicate_051.rds,30351,bf95c64b0540159b78b30cd5c5b8e355,b01f39c9a3e9959e048fbd32f32870838f02523e44740e846955453871cf097e,SIMULATION_100_BAYESIAN_LINEAR_5_PILOTS(2).zip,Bayesian_linear/production_checkpoints/replicate_051.rds,
Bayesian_linear/production_checkpoints/replicate_052.rds,31388,cf12ec5778e5dad159e6c965a4209ae2,2efb00be4130be7fbc5acd40ea42867bcd9cf78f80c8f7a496760ea9de7de1c4,SIMULATION_100_BAYESIAN_LINEAR_5_PILOTS(2).zip,Bayesian_linear/production_checkpoints/replicate_052.rds,
Bayesian_linear/production_checkpoints/replicate_053.rds,31389,b2feb6ad7f925eed76281c341ad4425b,d8ebd6602d753c7843aa4d61b06c2858d37cc8e02f60a7dc28608f5eec810aaf,SIMULATION_100_BAYESIAN_LINEAR_5_PILOTS(2).zip,Bayesian_linear/production_checkpoints/replicate_053.rds,
Bayesian_linear/production_checkpoints/replicate_054.rds,30291,e8c3569fbafb8d690bb3436d9cbd6ce3,cea8b445d86ea5ccd21f398234cf5cd6a772f6655eb9ba83f331735697e60001,SIMULATION_100_BAYESIAN_LINEAR_5_PILOTS(2).zip,Bayesian_linear/production_checkpoints/replicate_054.rds,
Bayesian_linear/production_checkpoints/replicate_055.rds,30905,38a75c66022c0c4c723c25f50b6e9554,5d749a56c4217731c8a193f3ee282f51ac33255ea84cb1e464dc581f22f0c78c,SIMULATION_100_BAYESIAN_LINEAR_5_PILOTS(2).zip,Bayesian_linear/production_checkpoints/replicate_055.rds,
Bayesian_linear/production_checkpoints/replicate_056.rds,30468,ae6bcd3184cca8ca4b43bd8cfbde7a44,afab5757325399d73980d3b5db4e02da6a1a3706ab33da927f02d9c6a11f0fa0,SIMULATION_100_BAYESIAN_LINEAR_5_PILOTS(2).zip,Bayesian_linear/production_checkpoints/replicate_056.rds,
Bayesian_linear/production_checkpoints/replicate_057.rds,30087,7989a27a1f99052a988964680d33fede,47290008dd7dbb6a1f0392857c7f91ed2fd64d4b31b8feb2dfb62089ffa9538e,SIMULATION_100_BAYESIAN_LINEAR_5_PILOTS(2).zip,Bayesian_linear/production_checkpoints/replicate_057.rds,
Bayesian_linear/production_checkpoints/replicate_058.rds,30884,e365865f3b36c04ffa65f47f8d661d9a,a129da2095e3ba57a0d19c7c2a0ef695e5b9b5801f62224be8a88f0f6fb16882,SIMULATION_100_BAYESIAN_LINEAR_5_PILOTS(2).zip,Bayesian_linear/production_checkpoints/replicate_058.rds,
Bayesian_linear/production_checkpoints/replicate_059.rds,30906,dba12a63de5d188011d5b4c47db3dec6,deec3a5c6f02898c64534a04c0d9a81d41413079b511fb79aaf3b742ef0bab47,SIMULATION_100_BAYESIAN_LINEAR_5_PILOTS(2).zip,Bayesian_linear/production_checkpoints/replicate_059.rds,
Bayesian_linear/production_checkpoints/replicate_060.rds,30758,d3278d3d16e65d20e74f7befe9357268,6804c738c867b9fe021dd09a50e4543bd49ae1cb302753e26486555cf913b88e,SIMULATION_100_BAYESIAN_LINEAR_5_PILOTS(2).zip,Bayesian_linear/production_checkpoints/replicate_060.rds,
Bayesian_linear/production_checkpoints/replicate_061.rds,30850,d29a026257580018ba7d1b7ef5a19b25,e1af0934229d89129e818a0ed96477f01ddddeefdea7c8accb9a0f8609b73b33,SIMULATION_100_BAYESIAN_LINEAR_5_PILOTS(2).zip,Bayesian_linear/production_checkpoints/replicate_061.rds,
Bayesian_linear/production_checkpoints/replicate_062.rds,30669,397e6954343b8f8ed730ad40ad489ba6,d060ed0e71ad33e6f93c7fd9a02f91306840cce3b25daf2bfa4e62fd5a9c1174,SIMULATION_100_BAYESIAN_LINEAR_5_PILOTS(2).zip,Bayesian_linear/production_checkpoints/replicate_062.rds,
Bayesian_linear/production_checkpoints/replicate_063.rds,31584,2b9d4a01eea503e0347355578bd5d8d3,f24b0da0d40b17b1323456c169cdf1ef2cdf0f7e5412dae668876acc42e37594,SIMULATION_100_BAYESIAN_LINEAR_5_PILOTS(2).zip,Bayesian_linear/production_checkpoints/replicate_063.rds,
Bayesian_linear/production_checkpoints/replicate_064.rds,31627,8d31ebe76521abdcde106809f89b6a61,2d487d58a744c44ffab1d9549b820bf7792ddd28f7aa5f108f1840dc207007cb,SIMULATION_100_BAYESIAN_LINEAR_5_PILOTS(2).zip,Bayesian_linear/production_checkpoints/replicate_064.rds,
Bayesian_linear/production_checkpoints/replicate_065.rds,30595,e4a53b5f977c2e07d878f919570c800a,7515350d39f9e45135bf8ab37689925c2c750bbab3083dfc1fa82c1b64454f7e,SIMULATION_100_BAYESIAN_LINEAR_5_PILOTS(2).zip,Bayesian_linear/production_checkpoints/replicate_065.rds,
Bayesian_linear/production_checkpoints/replicate_066.rds,30560,51b15e1c56d2cf1d5628351739b9c0a2,8d9d8ad43dec30a14fbb3b9ff6fed92e744839968584d16d6c1a0419083205ae,SIMULATION_100_BAYESIAN_LINEAR_5_PILOTS(2).zip,Bayesian_linear/production_checkpoints/replicate_066.rds,
Bayesian_linear/production_checkpoints/replicate_067.rds,30301,9c7a13763437d9665aa6b26ba6d6aa36,7d6ee1b44b5f7c22d22deaeb7ebbefca3d3db3586cb999fef0a8e14f10ee31e4,SIMULATION_100_BAYESIAN_LINEAR_5_PILOTS(2).zip,Bayesian_linear/production_checkpoints/replicate_067.rds,
Bayesian_linear/production_checkpoints/replicate_068.rds,30352,7fbe23213e759cb9507f7618dc7a18ed,9f9c38be6989b48285406bea050d345ecc073f756a1cc51dd1fb01be5a94d677,SIMULATION_100_BAYESIAN_LINEAR_5_PILOTS(2).zip,Bayesian_linear/production_checkpoints/replicate_068.rds,
Bayesian_linear/production_checkpoints/replicate_069.rds,29481,853f1d4af8200ff2a5d729f5a5a36dd5,74f80e777d780504147d94e81bbfdb536443b7d0b2c411b54a119552b077178e,SIMULATION_100_BAYESIAN_LINEAR_5_PILOTS(2).zip,Bayesian_linear/production_checkpoints/replicate_069.rds,
Bayesian_linear/production_checkpoints/replicate_070.rds,30714,2406762344acd14a1a5b8d49e82553fe,ca01fb9a3fff67f4338215b3d15534c6df1b29a94fd63ddab5dd7c54346722dc,SIMULATION_100_BAYESIAN_LINEAR_5_PILOTS(2).zip,Bayesian_linear/production_checkpoints/replicate_070.rds,
Bayesian_linear/production_checkpoints/replicate_071.rds,30181,7a8af2248cbb66d3f66604e4655184ed,854f929ab4c8749579eb27fc789d012698cc4357bcdfae57827d94ae905cc1bc,SIMULATION_100_BAYESIAN_LINEAR_5_PILOTS(2).zip,Bayesian_linear/production_checkpoints/replicate_071.rds,
Bayesian_linear/production_checkpoints/replicate_072.rds,30226,2320f7f5ed8af15c601fa54ae44d9dea,5e209d68fcb424641e85904ea9e7e9f938369a87113109f68669d6e0f13bc55b,SIMULATION_100_BAYESIAN_LINEAR_5_PILOTS(2).zip,Bayesian_linear/production_checkpoints/replicate_072.rds,
Bayesian_linear/production_checkpoints/replicate_073.rds,30513,c6fba100debdf347db8451137ba4bea4,346c261da3e1d3f3ccf97afa7ae5bf0296b7499fe9cf0dc7afecd558880cda69,SIMULATION_100_BAYESIAN_LINEAR_5_PILOTS(2).zip,Bayesian_linear/production_checkpoints/replicate_073.rds,
Bayesian_linear/production_checkpoints/replicate_074.rds,31328,b861d92170540035e200498cc714ba83,abe9f5b47ccac27298254e3869d0a4a5716d59501a38e1b1105e2ebb8bdba9f3,SIMULATION_100_BAYESIAN_LINEAR_5_PILOTS(2).zip,Bayesian_linear/production_checkpoints/replicate_074.rds,
Bayesian_linear/production_checkpoints/replicate_075.rds,29972,a16f114c9008a740ab43ccfafc7315c6,8912d33f5c11ca76c897613dce16a36fc4b5fbac5a617fb1db5d15d66a2ae1bf,SIMULATION_100_BAYESIAN_LINEAR_5_PILOTS(2).zip,Bayesian_linear/production_checkpoints/replicate_075.rds,
Bayesian_linear/production_checkpoints/replicate_076.rds,30638,fd9c559559df4fc5142eddd5a56480a4,4a10786c32b4739a7bad9d9346e0472f53a8c046c6407f70a96a7cdcd6e8b5b6,SIMULATION_100_BAYESIAN_LINEAR_5_PILOTS(2).zip,Bayesian_linear/production_checkpoints/replicate_076.rds,
Bayesian_linear/production_checkpoints/replicate_077.rds,30271,875678f4c49d1a9eabaca414567f39f8,c5ba8656e155ed8eaad0d23d01fd13632315048e038d1827008b07e12b30bc7d,SIMULATION_100_BAYESIAN_LINEAR_5_PILOTS(2).zip,Bayesian_linear/production_checkpoints/replicate_077.rds,
Bayesian_linear/production_checkpoints/replicate_078.rds,31751,913f1c46532fbe6b6418801fe60f0eb9,4bca18a91aa01e0b40f8b5d19419079e8cc9ae3825e0971b3a6f6ad0b5d253bd,SIMULATION_100_BAYESIAN_LINEAR_5_PILOTS(2).zip,Bayesian_linear/production_checkpoints/replicate_078.rds,
Bayesian_linear/production_checkpoints/replicate_079.rds,30455,7f92d480f37517ad14b4af38eeae8e4d,7d3a2b16a9af3f3e9f753e6a3e8a0a33199d994f9263515b84f74672d2f03212,SIMULATION_100_BAYESIAN_LINEAR_5_PILOTS(2).zip,Bayesian_linear/production_checkpoints/replicate_079.rds,
Bayesian_linear/production_checkpoints/replicate_080.rds,30123,3db2b6be9d6dbdd904803aae201be091,4dbfd7282e6e5aa627dd5e0eae026787684208993633384091effe595b46a948,SIMULATION_100_BAYESIAN_LINEAR_5_PILOTS(2).zip,Bayesian_linear/production_checkpoints/replicate_080.rds,
Bayesian_linear/production_checkpoints/replicate_081.rds,29425,c47309c361ad9a3c1731b8fb71279664,31b701c6e3edc7b789441e1003a7c3538f74a6fe8028f2dd9b593b6db4aed8d6,SIMULATION_100_BAYESIAN_LINEAR_5_PILOTS(2).zip,Bayesian_linear/production_checkpoints/replicate_081.rds,
Bayesian_linear/production_checkpoints/replicate_082.rds,30424,f04d0db12d3a595c7de8306a03ac69f7,5d2ef0cc4d1204e67f717abe37428cfeac84cc8587f26dc0082aa3b575fe1673,SIMULATION_100_BAYESIAN_LINEAR_5_PILOTS(2).zip,Bayesian_linear/production_checkpoints/replicate_082.rds,
Bayesian_linear/production_checkpoints/replicate_083.rds,31291,f8d9c42edbfcc49423aaebc21f6f889a,c227d431adf105a8b9eb9d85960d29fe3b356d1b7bcc0fa0166eb5a13b2f3b17,SIMULATION_100_BAYESIAN_LINEAR_5_PILOTS(2).zip,Bayesian_linear/production_checkpoints/replicate_083.rds,
Bayesian_linear/production_checkpoints/replicate_084.rds,30498,0d33f2931bfb408b6450754a4d083112,0ecfccf91304fb6fce6d38b4c48cfa6a4fcbd9a6dd77b8e5ae59fb4604ffadb2,SIMULATION_100_BAYESIAN_LINEAR_5_PILOTS(2).zip,Bayesian_linear/production_checkpoints/replicate_084.rds,
Bayesian_linear/production_checkpoints/replicate_085.rds,30094,75d26c519768304aa23178aacf838644,e494b5012769ff3979428a9c60a6706116f0324bc94775f393a1a621af01d010,SIMULATION_100_BAYESIAN_LINEAR_5_PILOTS(2).zip,Bayesian_linear/production_checkpoints/replicate_085.rds,
Bayesian_linear/production_checkpoints/replicate_086.rds,30791,51dc37dba6b26633df0f0921276979ad,5ffbe9e3308174041f8d1f2a13a48a89cb133ef31e3f12ea32536a38b8e241c4,SIMULATION_100_BAYESIAN_LINEAR_5_PILOTS(2).zip,Bayesian_linear/production_checkpoints/replicate_086.rds,
Bayesian_linear/production_checkpoints/replicate_087.rds,30735,7b6afa7bf39e5726ffb7d02c207cc7a7,9718ce5303abbffd44fd771b2a8d470098247812bc164d54ddb53150da341c32,SIMULATION_100_BAYESIAN_LINEAR_5_PILOTS(2).zip,Bayesian_linear/production_checkpoints/replicate_087.rds,
Bayesian_linear/production_checkpoints/replicate_088.rds,31827,80343a92fa6a6ec755624af4f786518d,aa8cf0272edb925f884a985c832265bf624cb2340b508d14b0bd1d17df0a6e0f,SIMULATION_100_BAYESIAN_LINEAR_5_PILOTS(2).zip,Bayesian_linear/production_checkpoints/replicate_088.rds,
Bayesian_linear/production_checkpoints/replicate_089.rds,30516,bd7c173f6a1b88ece69b7fb8ab516928,79b3cda2cb2ef45d4115a9a5eb7ba2dadec5cb21081406d269875f04a92da560,SIMULATION_100_BAYESIAN_LINEAR_5_PILOTS(2).zip,Bayesian_linear/production_checkpoints/replicate_089.rds,
Bayesian_linear/production_checkpoints/replicate_090.rds,30325,d41a72827e696abddff8de3293a54025,e0fc9e8cabfb111d9c7ab499f4a7d82ae3f9a5733d0949bc9050b1cfd66ca979,SIMULATION_100_BAYESIAN_LINEAR_5_PILOTS(2).zip,Bayesian_linear/production_checkpoints/replicate_090.rds,
Bayesian_linear/production_checkpoints/replicate_091.rds,30484,5a3a440463e5e444945b2bd069b4a4ec,df197729dfac30be9c19b4855fefcc47a70ae7aca6e3c6fd7e620217c369b07c,SIMULATION_100_BAYESIAN_LINEAR_5_PILOTS(2).zip,Bayesian_linear/production_checkpoints/replicate_091.rds,
Bayesian_linear/production_checkpoints/replicate_092.rds,31046,da65a96560d14ab0a427ce7f44f7161a,118af555a98977d833dfacfa7391c25d50892d8ff5ae54ceb08a69a3ce5af3f3,SIMULATION_100_BAYESIAN_LINEAR_5_PILOTS(2).zip,Bayesian_linear/production_checkpoints/replicate_092.rds,
Bayesian_linear/production_checkpoints/replicate_093.rds,30532,0ecebdaec52dde6c26503d1b3ce39d13,76231125dfb9354e3a4c1fede2fc44bb22a3863a0724f4d98a41d701e3445fd0,SIMULATION_100_BAYESIAN_LINEAR_5_PILOTS(2).zip,Bayesian_linear/production_checkpoints/replicate_093.rds,
Bayesian_linear/production_checkpoints/replicate_094.rds,30496,000e1ddd322fc3c593f9946fe4ddd18f,7c85aec37fbe09a145dd1e3bea43ebf6d2883b8b3c65d14ab3d80ef9ca6be542,SIMULATION_100_BAYESIAN_LINEAR_5_PILOTS(2).zip,Bayesian_linear/production_checkpoints/replicate_094.rds,
Bayesian_linear/production_checkpoints/replicate_095.rds,30593,efcb9d4616d40921de59879e37044066,a230af06a905dd45d4618027b5b335c4df4043abf09f49301dc3af7a4afbd4c7,SIMULATION_100_BAYESIAN_LINEAR_5_PILOTS(2).zip,Bayesian_linear/production_checkpoints/replicate_095.rds,
Bayesian_linear/production_checkpoints/replicate_096.rds,30381,034e6b92febaabbc90890e099e071908,b55817257ab9a79a70f6b99099f1f5a4fb5187506770168b8f707b45b5aeb7b4,SIMULATION_100_BAYESIAN_LINEAR_5_PILOTS(2).zip,Bayesian_linear/production_checkpoints/replicate_096.rds,
Bayesian_linear/production_checkpoints/replicate_097.rds,30520,7bf217cb1edca31e7920b1840b34c1c2,8165b967f7acbf5ead952c0fc1f7958007dd52dab25703b251024ebd6d4d2b49,SIMULATION_100_BAYESIAN_LINEAR_5_PILOTS(2).zip,Bayesian_linear/production_checkpoints/replicate_097.rds,
Bayesian_linear/production_checkpoints/replicate_098.rds,31517,9cb6a11718b682c42e581686cf146047,11e1e100bde8ce211048088820b55d82d29a29b50ee067999001bf4915cdc0fd,SIMULATION_100_BAYESIAN_LINEAR_5_PILOTS(2).zip,Bayesian_linear/production_checkpoints/replicate_098.rds,
Bayesian_linear/production_checkpoints/replicate_099.rds,31004,a78be442eb1f9773a0c05f3ee7b5757d,fdc2983be6f1f8dfa5d5c0b19ea383a283a86b6c5904ee61195ac9c63031c86e,SIMULATION_100_BAYESIAN_LINEAR_5_PILOTS(2).zip,Bayesian_linear/production_checkpoints/replicate_099.rds,
Bayesian_linear/production_checkpoints/replicate_100.rds,30376,67ead79cfe2779247f435401924de7e9,6d9088519038d8a20bef2f75d71810d0e5fac4183219323f089457ab1df939e7,SIMULATION_100_BAYESIAN_LINEAR_5_PILOTS(2).zip,Bayesian_linear/production_checkpoints/replicate_100.rds,
Bayesian_linear/production_seed_table.csv,3155,caf61d073ae7eb998236db8652ed235f,e865b7e3b7555d91aecf387870e39b2d3ee980b91f92d844136d4d44abca7387,SIMULATION_100_BAYESIAN_LINEAR_5_PILOTS(2).zip,Bayesian_linear/production_seed_table.csv,
Bayesian_linear/sessionInfo_Bayesian_linear_simulation.txt,847,a73563ec98012acc951d31fc06a2d2ca,fc740320f69c38b6b8d740458af1a54ba8baa1bd61a0a83aee3b1fc0a3347a28,SIMULATION_100_BAYESIAN_LINEAR_5_PILOTS(2).zip,Bayesian_linear/sessionInfo_Bayesian_linear_simulation.txt,
Competitors/SIMULATION_100_COMPETING_METHODS_COMPLETE_RESULTS.RData,9059703,42cb0fc777e5737b1bd18484bc5d2adc,8a61fac14d5d0b1b6afabc09c81c80f6da1a4360cb5bad84c676eef3810aa003,,,Competitors
Competitors/competing_methods_FINAL_MAIN_TABLE_means.csv,2064,358b25fcb0106aa6978761baa2b7790e,2904d3b99c6b81e40e7f56e61aa35cfd955bd4ee765402a0389721f3adb170cd,,,Competitors
Competitors/competing_methods_FINAL_PAPER_TABLE_mean_SD.csv,1767,a859f67cced62dd9c0f46e23636b7008,91a36ea2afafeecc6f11f3a124c3690e6e2c6d01e2a748685d4fc70667eea092,,,Competitors
Competitors/competing_methods_H_predictive_interval_diagnostics.csv,3997,b407aa273e3040d5fced80fe5078ec19,f1f430d7f8cce5be518fc90dc3ebbe9577868d830d1d7da2659e604eaeb4b56f,,,Competitors
Competitors/competing_methods_all_node_probabilities.csv,55554777,f017d89032dbfaa2ff51a89ced2adb6c,da663363c37660f66ad9758b24d19f8261c5b8f5ee3b7e9900451baa443ef52f,,,Competitors
Competitors/competing_methods_failure_log.csv,75,f9cea9f131ac5aca5bea2d251c006216,0629a6b5e1064a308a3a7043337e5621fdc3c7c9fa295e2af7c9c464413f8f7a,,,Competitors
Competitors/competing_methods_metric_summary_long.csv,19324,26469775bef63c5546ae8ada0acccf26,7d290589a79c532d43d1bf7e78050b5a51c8e13879dbb9b593fa8b5abfdc370e,,,Competitors
Competitors/competing_methods_metrics_by_replicate.csv,228681,1079ccf57ae56d4380e98f4a3c365a7b,bc0ec06bf9422fe4c349e0c61af06554216a727f9228df857e7d907eca090bfe,,,Competitors
Competitors/competing_methods_uncertainty_metrics_80_95.csv,739,0053c9626735b8e73b5f720395866bed,9641209a120f076fc0889bf69108bd2a40df554f84da9bb134e62c7a46ff7e26,,,Competitors
Competitors/generated_geometries/replicate_001_geometry.rds,76919,b43dd904513fa594920bb8079ba960ee,0465f78f73f7adcee250a8c634a8bb2d606adb8d81f6cfbf38432511c1e9ca82,,,Competitors
Competitors/generated_geometries/replicate_002_geometry.rds,87115,a25b0483c4bdfac1d1526c195cf26391,19c035b15fb958f0b46b5bdc786bebc330e87c45ae04505bf802910849d2f9c9,,,Competitors
Competitors/generated_geometries/replicate_003_geometry.rds,73928,8fff9238582ee2dc312da90a0db6387a,2710ebc123e0e450f7ce1f0f2d437edbcf5b0de9795d4999eb2e1efb4bfd2d02,,,Competitors
Competitors/generated_geometries/replicate_004_geometry.rds,73986,f5f7288d4060919b163f7f9326b48175,dedb0e9e98e80bb9a220ee5dea63d37822f7a5a1b2ef55892a4bddb0d2810609,,,Competitors
Competitors/generated_geometries/replicate_005_geometry.rds,77194,4b403d7eda0d36c09bcd5f8f70f2c22a,aa2bcd69de446ac23b95a6428ad3ef90d528ff11b3a8a0a535b7d1ca30d1b4d3,,,Competitors
Competitors/generated_geometries/replicate_006_geometry.rds,73697,4c15f335868e649f737c51ac67021fa1,6a99ed6b77e2f5b58e3e8470136dee8aaf835104d9fb00e2d35beb43de4db39d,,,Competitors
Competitors/generated_geometries/replicate_007_geometry.rds,73803,5d6cf9738e9cbbada7da83a967d13fe3,48d9abf2bce62a8049b9256f58ae92cefe1ce5b62c679ddb4999dc6e71425093,,,Competitors
Competitors/generated_geometries/replicate_008_geometry.rds,73686,bd57fc9795994ccf913862f7966bacbc,0f291c8349c0c7fdc20352facb968d46b01bf20f3d7b9588e5142c5aa87e6179,,,Competitors
Competitors/generated_geometries/replicate_009_geometry.rds,80660,d8aa04d11deaaf641653670097dc5612,bc09d6ab4e960942353de40c14829d8b5f0fac5a91ba5221377c49eac86c15ee,,,Competitors
Competitors/generated_geometries/replicate_010_geometry.rds,73962,58f156e688dc69e338f90a463a130710,b151a580ff87de24c36e659a9b5038bb60f6058d8928b54606dbcbf63e12ee54,,,Competitors
Competitors/generated_geometries/replicate_011_geometry.rds,74180,2af842a21130d66ba71866055323dd9c,e69fd96ebe0b0d7d6cefd431d6c7feaa3693605255dfc883f83a3bae06b66cf8,,,Competitors
Competitors/generated_geometries/replicate_012_geometry.rds,73829,c0afc848dd444bb08ac1350da67a25f6,3e058d6466bd40b762bc874b88a0e96044e772e73a833f072f1acd869b868d56,,,Competitors
Competitors/generated_geometries/replicate_013_geometry.rds,74022,2602f54f09909e1742f9c8709efa4b76,251929f878c391c5d7347931af925dcbff375fbb6e824b9828bc0a6753e4f734,,,Competitors
Competitors/generated_geometries/replicate_014_geometry.rds,73731,bd38a0a697f358e6f5b11cec0ea01f36,8046b7dc96a8eb372a192435fb9cc27d0220e30c63ec233369027bb27e89791d,,,Competitors
Competitors/generated_geometries/replicate_015_geometry.rds,90141,ea08c036deba9131a2fcc1310cf6e9fe,9f6785786160aed31254187e6ffda15111c7d5203b4fcfcc216b39339d0ec57a,,,Competitors
Competitors/generated_geometries/replicate_016_geometry.rds,80538,334f8246a5e6c16e5f26432dbb565348,948d127a7599d816c0179b229ad391b59c32920a2393c7ee0895555297677420,,,Competitors
Competitors/generated_geometries/replicate_017_geometry.rds,77195,d39f635dfbbc383a743918133e6a82ae,288ae5af85f7875af07c80a15fb582d9183582ae42404be409bccf18463486b1,,,Competitors
Competitors/generated_geometries/replicate_018_geometry.rds,77263,1457ee57b9393e7c24b3bca6e51ced5b,7895b268a3e6a1aa45c8ab8f42d999a558b01ee66f36069c719a47b9976276c5,,,Competitors
Competitors/generated_geometries/replicate_019_geometry.rds,80675,8c4163684b572e03223945ad48b4b1e4,f541966b7d5db65ce07eb2c44abc185d4cea0a6bae7f155cd756687fdcf29849,,,Competitors
Competitors/generated_geometries/replicate_020_geometry.rds,80217,2311db1f4f3a8fb5724da7b19ab6dc7f,95ecbc71a735a8dec07c59078a2faef42925f819badd62554b97b1383d53e6a1,,,Competitors
Competitors/generated_geometries/replicate_021_geometry.rds,74161,f2ab4170230fb39fb69ec39bf8f1dbb6,a16c2dc46dfcd3d5497cb5e7fad5050f0dd4b278cca5ca432f4b9a180185a9d0,,,Competitors
Competitors/generated_geometries/replicate_022_geometry.rds,77411,99bdc8263ce88e2bf4d756d9f2d1b7bf,e822d796e6fc23765396d9a2c5108d4be8e8b14ea8a5a0568ef2b1806635a5b6,,,Competitors
Competitors/generated_geometries/replicate_023_geometry.rds,74325,11de6f5410825bf2874c6f63c95793df,12ea471a24f5dc311e39fb6e2cf63ad6e13d7303e378b35b7470ee1b11364a46,,,Competitors
Competitors/generated_geometries/replicate_024_geometry.rds,76957,95d5abece15d03e2aa0836cafb373ab4,6e11a6767b4666791eae41cccbb5e820f707ff8fa667adbd0c0c329302de3437,,,Competitors
Competitors/generated_geometries/replicate_025_geometry.rds,77504,14a934c88cea8cd7a564c6423e9db5f3,fc5ef11d88c74741798fc4c5bb8edf4dbd1be09d74849b03b7e07a82768d2aea,,,Competitors
Competitors/generated_geometries/replicate_026_geometry.rds,84004,0f9169a07762f7bd0f8decfca20b83da,aead0bdb4c2b44f033cbc49202aebd304353f2652e5aee40fd7976a8c12eea2a,,,Competitors
Competitors/generated_geometries/replicate_027_geometry.rds,77310,39289485f94ee7876a49c3543e0523c8,de267086625219c85d2084262355b7ec64f8cf9a839c72a670a31acd2fdac6dd,,,Competitors
Competitors/generated_geometries/replicate_028_geometry.rds,90191,d91ff3453fd10f652912916ddd9c81c5,cf8ca44e87040365d228d51ca37ff8c993fe8cab432ab21d10bff866b85c35e3,,,Competitors
Competitors/generated_geometries/replicate_029_geometry.rds,77315,59d467fce7312c779043a8b953ecc2db,3b9b72503a3f05a350164ebce82cf57967141305d7dea1ea38ae17e11dbe9194,,,Competitors
Competitors/generated_geometries/replicate_030_geometry.rds,80411,a3259dd4badbc62f7407a7d30a493d1e,9780ed924a44b87affb3b568a2d4acc87280f8a0aefc8ac23ea2a2ac4389f5af,,,Competitors
Competitors/generated_geometries/replicate_031_geometry.rds,77283,8f491a2a60a439b7033219926cfe7676,38f771b51ee0590c600ce4e6104a6b2aeaec47c34cb2bd0b96e644911c436ef7,,,Competitors
Competitors/generated_geometries/replicate_032_geometry.rds,74086,875a5d16d1e1da9d8b1eac1922dc6df6,fb070317b01a43534752cd604f6065b3f7275241b7a56992277ff69a33d79fff,,,Competitors
Competitors/generated_geometries/replicate_033_geometry.rds,80757,467ae8e689bb886914f0f80a957d20b8,eee5605b3abba9224061dfaa1d89645352d391bee989e52e6fc659074bf0a751,,,Competitors
Competitors/generated_geometries/replicate_034_geometry.rds,74201,8df33b5c381b4fabfe2e77570fd6492a,f44c8f2388af05f64bf5bdd29ced13eced548c09f8c8808c91986c9365824635,,,Competitors
Competitors/generated_geometries/replicate_035_geometry.rds,80361,89faaae7f03ebdae26f0268426a2731c,2c10d4c2e21580c23d3c80a3e0bd00075f6d896ee2658e2d9ec4be4bee585efa,,,Competitors
Competitors/generated_geometries/replicate_036_geometry.rds,77481,47db19b1ee0b947fddae555d0a058f31,3743d66935a364b3435263f103f0c80ec07e80e8e2ceb9c0a5f48cf72973c22a,,,Competitors
Competitors/generated_geometries/replicate_037_geometry.rds,87108,a07e7b26794b311f2a0e8586ce7bcbe0,9aea29d3e5f9c5b37425249f41426e2399e0f541e5a190f2c7545fd3fa5c69d8,,,Competitors
Competitors/generated_geometries/replicate_038_geometry.rds,127719,820f71286e632ec6b7e1e8c39ab729f9,dafb3c9013165aac1f2f457bc135420a63eae080202a1c699b5043fa16602575,,,Competitors
Competitors/generated_geometries/replicate_039_geometry.rds,73978,0476e5a043b7538f41948564ce8290f2,a12d36eb84659e3e3ecb1772950ce6e39d39669ca45ac1fc1e46ce1bcb46a44a,,,Competitors
Competitors/generated_geometries/replicate_040_geometry.rds,73942,368ab1cacfbfd558bc32b1c7b39b1a49,08983bdc4e909ac6b0270e65f34bb8d193a722a3c7015fa0a240ae3a16bd9b8e,,,Competitors
Competitors/generated_geometries/replicate_041_geometry.rds,77493,226ce913a88ecb58a0e3f5ec3b109f54,779a7665feac9d1888e55f99cbb0bd1074839a0cbdeab6292bcb5789be09c9dd,,,Competitors
Competitors/generated_geometries/replicate_042_geometry.rds,77459,a13851ea4639464f9e133321a930e5ee,58a414c6fb068cc7e8a8d942cff570cee142b661278036ff76336101b449a425,,,Competitors
Competitors/generated_geometries/replicate_043_geometry.rds,77228,aeb6124e44e64235110155e5cc14e18b,6bde59854aa4c5e8fddffcd1c2d3b19dc2ee2b5ab80faa65ba0425854c79e189,,,Competitors
Competitors/generated_geometries/replicate_044_geometry.rds,77297,ea58138dd82b9c5f55e7811df7fc0abb,4fc19a22376086e1c890d9c4dcbf74cb9b73d413240b103b89a184b5ff68c400,,,Competitors
Competitors/generated_geometries/replicate_045_geometry.rds,74083,0d97c5d860f11d72097f70a200c2b84e,b8ed4cca1619d58c75eeb84fad1a2a7712c3b4c3ce0fa7ad047a71d913fb1805,,,Competitors
Competitors/generated_geometries/replicate_046_geometry.rds,74390,32cfeba30c3e1c1bb72dfd959d38213a,1b0aef91781429a4a18ebfdb1643ffddc3d7e51264c87c4183575e85d252863f,,,Competitors
Competitors/generated_geometries/replicate_047_geometry.rds,77338,3f02d31938d410b498a545ee305d6ed5,b7f56639df46c6d537b7ed87309c03faa24ebb6d0e3ed469412422b7979f346f,,,Competitors
Competitors/generated_geometries/replicate_048_geometry.rds,73964,b093077d61b5a6922320d4337356fea2,cabf959e75f276b0616e7bb2cd81a1754fce1846df2708b1e37782c324bcabd3,,,Competitors
Competitors/generated_geometries/replicate_049_geometry.rds,73723,aff7afa7e8f3b85112e7591e0e6eed16,4a2a2295600066f1f0a5b9ea3ffb041b8fc2b682ecd3b9f1df66ff1000c0e8f4,,,Competitors
Competitors/generated_geometries/replicate_050_geometry.rds,74054,5636eb55aaf0fe0d764342133124f518,03938df38ee9e9270867524a938147cfcaf4fc65d579b8f4de37e3976fa30820,,,Competitors
Competitors/generated_geometries/replicate_051_geometry.rds,74238,f48d01e9da1bf825daa28ab49d52bd88,c3d33bf1dddbe5582d13e84a1f7550363febb52fb3fe54f074db288d79a3bb0e,,,Competitors
Competitors/generated_geometries/replicate_052_geometry.rds,77388,2954093258f791a4bc2cd17318bdee30,28bf684041ce634776e080c19083a5a32f9bc5751dc57a825f77dff5c650a81c,,,Competitors
Competitors/generated_geometries/replicate_053_geometry.rds,74219,252c10de49e3fdb410dd0030e7234420,5f035823b00ac4aa3da55ee9c18e47232489f67d618156cf1fcc7afb332e5415,,,Competitors
Competitors/generated_geometries/replicate_054_geometry.rds,77434,9e85513a026e22818704bb711bd9b468,c69676aeeb1205f5a6de04503fc5f9c311ad5ed1a02b1ca86b7ab70eabe14c7f,,,Competitors
Competitors/generated_geometries/replicate_055_geometry.rds,73731,8858b6a27db0280d02f19e06abc3d63d,b3c2f2470a26e2fa87d890128cbcc6a194aa86a7045495d941f647db576826e0,,,Competitors
Competitors/generated_geometries/replicate_056_geometry.rds,83965,47ce722bec9f8620b4b7a37f77da3bc3,438b8092f2ad17876e280e8e72a43e64f5471bdbd75e840a274452c3d8d14ba5,,,Competitors
Competitors/generated_geometries/replicate_057_geometry.rds,73990,e30718b8ecbcaab1f21c467c51427194,419d73d8f01bc79eb094cb4796bc3b7047435d1eb9eebe18869e649508979bd0,,,Competitors
Competitors/generated_geometries/replicate_058_geometry.rds,74204,ddf6823c1310dd81d3906d2db30f4caa,186ead1b5281bc1c08a9e30c2cc45a598af157830a32a32598eb642c0ce0e34c,,,Competitors
Competitors/generated_geometries/replicate_059_geometry.rds,74147,404e92990e28723b8284297e9f172db4,be7e8d641c6c5d8debb3c0edcb62dcff928832010e73ef87c0ecf68220715825,,,Competitors
Competitors/generated_geometries/replicate_060_geometry.rds,73870,e33ee5c5a45580622149d9d5024fad70,52d4228cf70a33dc707d86f3175a11dea6c2fec74d9fbbc0e8d713732b24fbbc,,,Competitors
Competitors/generated_geometries/replicate_061_geometry.rds,73902,580fd99e43ead9ebdb9da57a06f0ad08,66003d96afc369b654da85ebd937a3d6086a94637d54fbcc2eb2fcc88bba66a7,,,Competitors
Competitors/generated_geometries/replicate_062_geometry.rds,74064,4067d02a83efe40d68e806c85be5763c,a706afdc6fded686865057aa9472de51e8eba0a005cb8d728eba0ec682d8673e,,,Competitors
Competitors/generated_geometries/replicate_063_geometry.rds,74101,7cbf0eab9f19267dabf482d9947bddc2,245e2892c120312143ed74ad2d21df6c4a16da7831c02c969a2f09d48693021e,,,Competitors
Competitors/generated_geometries/replicate_064_geometry.rds,83822,22ce9bf30eaaf9f17882d00809fe6c06,9644a41e6de9be7e74c9a856e13889786c10f51a3c5f5e928cc696631c299615,,,Competitors
Competitors/generated_geometries/replicate_065_geometry.rds,80579,350784bc77a3278477f4104270df9289,8d2f1d45101056ac8d52e464184e4cdc4c6a6cbb61f009478a2feb3a2eb3e03d,,,Competitors
Competitors/generated_geometries/replicate_066_geometry.rds,74006,a01500e82d9d0f78ef4ff4016e7da08f,a2a96b95de7c246a0d84386df6a8e58516b1300aeca90503e901158920a4c206,,,Competitors
Competitors/generated_geometries/replicate_067_geometry.rds,73953,25052e146a0398d4248829afc9d2a3dd,739a60533351ebc133e36f42528497535537ac29e33a63679292b1e62f22b909,,,Competitors
Competitors/generated_geometries/replicate_068_geometry.rds,74041,af40f09c7b9adf137b7e37f09e8655db,946b61d0be12e3f8db1b66a18d486bad70223f591fcdcb30e720155d9ef07076,,,Competitors
Competitors/generated_geometries/replicate_069_geometry.rds,77649,57398e784e0536e11d697cfe15e3d64d,defd48060cd9323e36676b8ba90b92f513aa9492061c4a0bb86bd6f4392e2ae2,,,Competitors
Competitors/generated_geometries/replicate_070_geometry.rds,80470,aea6cbe428164a2b4961854abde90566,3065f19429e3ea21b4589eec82705e6668a4da5d39a1323d73bf9060f9f58f0d,,,Competitors
Competitors/generated_geometries/replicate_071_geometry.rds,80409,e3b3519c4b0bbc4b8b25887bcabe5ade,d564ff41cbb0cf5b1eb51e44a8ac3f981e2defdeee55d48aa68416dfa8af1663,,,Competitors
Competitors/generated_geometries/replicate_072_geometry.rds,77361,9d9a08781b348d084986e8d529b23320,71fa2cd7afb1baf4e55cd400137f2331258d68dc4560fcb330a699eda711b136,,,Competitors
Competitors/generated_geometries/replicate_073_geometry.rds,77404,6565b599da398880631eecdadd7c9971,0077ef7d73082cdb248632cdc622bfa32a741b644c17d86063d0c954efe3f913,,,Competitors
Competitors/generated_geometries/replicate_074_geometry.rds,99414,3eae3012010611357718d743fbd7aa75,908f2618f6467251cea69073933ad913f4025cb9a8a42c79e32d91912a748bf4,,,Competitors
Competitors/generated_geometries/replicate_075_geometry.rds,73935,a16165fd996806072b7a5b54ea3808dd,77ed503deebe3c7ffbddbeb437afae27d19b1c017d2a583806ac9cdbe65a2766,,,Competitors
Competitors/generated_geometries/replicate_076_geometry.rds,73973,b62e2f2c4519780c437335db3270980c,fd8e19a1ef1a8a4919e76b1818098d09a571a8f30fb505aba990fde6976abb26,,,Competitors
Competitors/generated_geometries/replicate_077_geometry.rds,80590,3c1ce956c4d3811d03fddf9d3d4bffea,0019628d1602cd4aa724de4c9d69802063484e457ddbd11590ff15990c58dee3,,,Competitors
Competitors/generated_geometries/replicate_078_geometry.rds,77529,9252dffb0a0e70f2443448d3d71e357d,30c025378b07d07454d4b1e5db986819bb661211d92a0a24bb8bc162e774f5bb,,,Competitors
Competitors/generated_geometries/replicate_079_geometry.rds,73937,59400be6a607cbd1a79cdfe04876c737,b4ed6dec42e1bf2a4b0d51310777d09e05967464513c1729abf665f503918004,,,Competitors
Competitors/generated_geometries/replicate_080_geometry.rds,80904,a99c443a0f94052a400fa6eb25a1432d,2e5f27da22a01d06601dff0cf3ff8ea9bc5afcb22f4b1c257c082c45caf04245,,,Competitors
Competitors/generated_geometries/replicate_081_geometry.rds,73945,0b90810c69123e6e6f5fe6fcaf549dd3,8accab647b8f1e23bc17269372c2ce27c24d71845109613b763198cca7ddefcf,,,Competitors
Competitors/generated_geometries/replicate_082_geometry.rds,73891,7192cc305c2275b6057aa2a40f6ad428,9608bfe693ee1f79700e93730bb291b8916049a09f5b0c8d327eded00000e9ec,,,Competitors
Competitors/generated_geometries/replicate_083_geometry.rds,84023,7ac1e20ccdcd7800b9f1e80d0ba2250f,4af1590f19b23726a510feb53af4aeb296e170bdc78413b4f0e315523733a04d,,,Competitors
Competitors/generated_geometries/replicate_084_geometry.rds,77650,bab1e6f9ccb28d438993fb88c9e62b88,0dc0fedb6ba2572fc7c90148d9338c4f9073e29b14ac7de33c0b6ac1a8fda1c5,,,Competitors
Competitors/generated_geometries/replicate_085_geometry.rds,74050,57031066c15ffef248f055e155f8c07f,504e8f75b47665a37f713615a72268de901cb083d7f3ea342e9784581678658c,,,Competitors
Competitors/generated_geometries/replicate_086_geometry.rds,74082,3aea81a0821c2cd7c4aea7901a5360f6,d83d01efdba489d0b90e62a3720f45bedf75fa814527895d19d2c171b7fbe726,,,Competitors
Competitors/generated_geometries/replicate_087_geometry.rds,74225,03175964390b8585f525a11adcd70e04,783c411e8d152154788defdfaf3dcc655db193067b3c788a3e0d9694f5fea061,,,Competitors
Competitors/generated_geometries/replicate_088_geometry.rds,84131,decc7adcbf0f2e342ac3b344cc4632a1,fd6a23a8bfd47a9794063944f7c0361896e44bb3f33f1a633301e75fc0e35059,,,Competitors
Competitors/generated_geometries/replicate_089_geometry.rds,77404,7d5ef5344a2ee54e0d021f280ed95a34,9296cc7ab4ce10453fe1ee35ca04a23798d0fb2f5213f0d2c6070f1caeb621e2,,,Competitors
Competitors/generated_geometries/replicate_090_geometry.rds,73912,fdae7d0af61d0dbf5be7d83572b44c62,a9e855be34a21babde7e0c5c315250a450be6dbe436e32169f35cd480015ba6b,,,Competitors
Competitors/generated_geometries/replicate_091_geometry.rds,73665,ac5a754bd4ef91e9c2eb38bca1f0239f,14bc905d07ef7db44e6f0969cf9881f7cf070aa61e4bc6caae7c5436a41b0a71,,,Competitors
Competitors/generated_geometries/replicate_092_geometry.rds,74079,8b33527f32b2ef7044e1f996501d37b9,194867cb04ed01ccd2a7c11bf5ac52ec9bc56ebb179041e8376467edaa3af205,,,Competitors
Competitors/generated_geometries/replicate_093_geometry.rds,74065,162586e5c7b81b044dde81d4f2bf1652,bf3020e51528159fac65bcc89e7d970edb5f0adf9b5957465fdbf0f3b79308cf,,,Competitors
Competitors/generated_geometries/replicate_094_geometry.rds,74263,5fdda44f424dd7fefef5763233070612,cf03afa4100fe06caa818e04718568fd509f786e47ab0c14d8cde5bf247955bc,,,Competitors
Competitors/generated_geometries/replicate_095_geometry.rds,74154,6b4e87ead60e7002d1ca3bc46c137ab0,14a09b59af4d504713fd1809dd9beb93355b7265084df4dc7d703ed46e1b179d,,,Competitors
Competitors/generated_geometries/replicate_096_geometry.rds,93278,dd9fc3f7c45fbb9bf9cdb0520323a777,d807ebdebde5a1c7b27af85d7c1174b3aabe162a7aa277529530052e8b3c27e9,,,Competitors
Competitors/generated_geometries/replicate_097_geometry.rds,87300,e9e5664a6bd5bd9cba027faf056a2edf,dc33d5f5a74c953dc810112d93433f3d63cc2f9c6b00ceb94ae49b713cf8ae31,,,Competitors
Competitors/generated_geometries/replicate_098_geometry.rds,73994,60542beaeb368669460d7c8671b07bde,966d3f2b6cdb90af55a899612f0bcfb1651e452c1a379cc673f0c6a5fa34ed8d,,,Competitors
Competitors/generated_geometries/replicate_099_geometry.rds,74001,e7f3c1d159cdff920e32505bc3606899,d30f6f67c07a32e7d3e58d6bb497a39cf94fab0b167e224ab5e2a1cce1444588,,,Competitors
Competitors/generated_geometries/replicate_100_geometry.rds,90156,473e8edbb7dc75ed658bfaefac140b18,b9e6248b86d0e7ab7ee4b22ef18855d89e3aeed8ba6d068ce69a0fa122ddc315,,,Competitors
Competitors/replicate_checkpoints/replicate_001.rds,44408,30479f98ce50ada206caa3a4f74d0174,5b4953e66cb9d6d0478d1156ced75af09822ce1ded814d5489316fab6f7882ef,,,Competitors
Competitors/replicate_checkpoints/replicate_002.rds,44365,a7866834eaf2a91b5790b238e17ed72f,5443c04a5a97ebc39910b42f659d4c362e844e7b0fbec50d8c7fbf16cf31386d,,,Competitors
Competitors/replicate_checkpoints/replicate_003.rds,44354,5a403a995a036f5917631b9ab5075c36,639a53e89756c336e9fd8bbb39daa89f0c9e3e5c78eafe9678a636813cf4b67c,,,Competitors
Competitors/replicate_checkpoints/replicate_004.rds,44352,65a8e2787b8c20a5d44b8ab0c9b87db4,f9574385087ed577ff0008c0e91c6167a2fe080a0291387c6a1044e1396743a8,,,Competitors
Competitors/replicate_checkpoints/replicate_005.rds,44131,c41387e16893fca44c860376d3a91e81,2e8b5b3b246f8584b1ff1b6fb4c68161409337206a550ab6d3cf62a632ec3c44,,,Competitors
Competitors/replicate_checkpoints/replicate_006.rds,44377,4e498f95ebc55505820c124c749dcbde,65f1d9e6cb5e6927d946d08fbf130d3b40e9a208f9feb497c86098c516a35d54,,,Competitors
Competitors/replicate_checkpoints/replicate_007.rds,44372,8e53af1db8eeabe3e6c68a819d2012f7,bb1e6117c844373a488b477a330756a46d856d4c4d66feb19fd965bd9e179adb,,,Competitors
Competitors/replicate_checkpoints/replicate_008.rds,44308,db976f28bedcbf024d303d342f7e2544,b7c50a10218f36e8b0bf189d3f294a4f917bba7e1d25000b88f045fa47a69506,,,Competitors
Competitors/replicate_checkpoints/replicate_009.rds,49533,d2dfc846c25addebdbfc4aaa19f83dd1,b86c8897b23347be7de950d86bc856dbcc45c8175196531bc76aff529ca74912,,,Competitors
Competitors/replicate_checkpoints/replicate_010.rds,49277,2989743e248cd57374cda8803dfb80e8,0ac80d3e854f693fdf391c35a9544392faa3f9a7be40a19239dc4b15dc5c4587,,,Competitors
Competitors/replicate_checkpoints/replicate_011.rds,49453,a0800296831a923f7ccd17cc90564970,2cf2a175187c5b961c5ffb80b78450e1797eade7f808e5778edc399cb9acb859,,,Competitors
Competitors/replicate_checkpoints/replicate_012.rds,49255,97673cba30d88fb19d38cfcd3ba37e13,0410f063e710a789b20eed45c2f144a4928d6bebaf6c93d7a0683c8c129ed3cb,,,Competitors
Competitors/replicate_checkpoints/replicate_013.rds,49190,c2d349e00684f0cac58af89fe96d69e8,6214cc6958b4338715678c585c48972404dc1b3346b932bfe3087129e647e52e,,,Competitors
Competitors/replicate_checkpoints/replicate_014.rds,48210,a341dc93bc55a9c52d49b6429965b426,061902d86fd798490a242c8d3f044e8a4eef02a2574790918e7eac962b7ef2b6,,,Competitors
Competitors/replicate_checkpoints/replicate_015.rds,49575,24cbedc899885d531c9f3f22eb9b983d,7b2d4b8da094ea448056736e2cd693d5b39dfd94f2bb81cd4c58eae7b45e0114,,,Competitors
Competitors/replicate_checkpoints/replicate_016.rds,49567,a28072acf864e6e39b541fb997553291,2a782e35a93fd1bed9bdfb1445ce6190ff656a119e966c105c96ab16d6a4090e,,,Competitors
Competitors/replicate_checkpoints/replicate_017.rds,49652,3640c05fdcf233d8eb74aaf1cfa16d92,fc8c5962e626910b19c9190c2da8b220e2fb68af66e5beaf217b82a7b0c34d72,,,Competitors
Competitors/replicate_checkpoints/replicate_018.rds,48977,b9ca4014bc93f654c0d046166946a115,2c5bc3ed37153606b4eb709aad632c9c02ffc94432a38a881b7d3a6400f5d7bf,,,Competitors
Competitors/replicate_checkpoints/replicate_019.rds,49465,7d13dae34189aa4e17c5812c3f2424f9,4498ab283ddb047f4f32729b14b4873b6ee11e163675c02e51c7b630419c7212,,,Competitors
Competitors/replicate_checkpoints/replicate_020.rds,49331,4ce1187400b8799fa944a3732992a47c,c727df316bddd7c1a50971f46dbddcdd60c200088b15fe5a305305f422252fea,,,Competitors
Competitors/replicate_checkpoints/replicate_021.rds,49124,73f969aff268c1839aa1697a3bb5f6b6,fdbf0c461e19509d0b4cb2b704dbed58548b6698719c4d4ed4ff9e66074d8b03,,,Competitors
Competitors/replicate_checkpoints/replicate_022.rds,49002,f0686684e610107b1a3ee7415d89dcac,53cc73fd3fec518b744567375cd38af2bb4ac1ab2ddcc5e1457f6aff7969dedb,,,Competitors
Competitors/replicate_checkpoints/replicate_023.rds,49266,5febf714923c524291d5d3a4a8454a1c,85ad32fa15b599752c1632dc6cf5f651dc85ec4e0082c14ad6aa707953835645,,,Competitors
Competitors/replicate_checkpoints/replicate_024.rds,49295,851e0bdf062a9f9b2c3acb67030921d4,da869a365051cad0c8703f2d1447e81c3f3573e9701cab87b402ec7b108dcaad,,,Competitors
Competitors/replicate_checkpoints/replicate_025.rds,49058,eb12b5b92aa008a33f6207ffaea7a69c,5afcb984d2465622ad10b9797456a2b3167a022c38061b8214d5c9b23f70a355,,,Competitors
Competitors/replicate_checkpoints/replicate_026.rds,49916,f1c9d01dfca24979540dbbc05d58d03c,056333a6cb664e46b612ee435c2dbde64e9bd7e63e8139f55efe502dd0ca3260,,,Competitors
Competitors/replicate_checkpoints/replicate_027.rds,49464,901d096ac0de271fad271fe9dd93e01b,f11af974c1e351b061118ff6723c35730a96e37d0af2cb0f3dd102a0aaa8531d,,,Competitors
Competitors/replicate_checkpoints/replicate_028.rds,49443,0269ffa7886b5d2e4b098847a4fc66e2,bad5a067cad53899d15f4b3fdeecb6fcd25d9fcf14cb4457c92e108027ff9266,,,Competitors
Competitors/replicate_checkpoints/replicate_029.rds,48868,baa523c49d23aeabc2d9000a6d623eac,b8ab165d1b4370826984ce6bbb50327b12a510d06b762d6bf724090fb5bc0b23,,,Competitors
Competitors/replicate_checkpoints/replicate_030.rds,49225,e4ee4d514c9f3c2826b59fbb6b78e7ba,2b785d0bc51de696e98f77c77ffcd24188251af5b25b16bcd9301906de522340,,,Competitors
Competitors/replicate_checkpoints/replicate_031.rds,48999,ea5c48db7da734b0e46ac4c939a6e0d6,b2dacb428f741d7d727f34e0c5f27cfbdd7250dcdd7d672ffcf955b9b9949829,,,Competitors
Competitors/replicate_checkpoints/replicate_032.rds,49330,e71bf7b5f7eeddb8dc4b75974de951b2,c050f54ddd80f1076dd0f57739b0c828d7d4e9c759f020bdd69bd387f944bea0,,,Competitors
Competitors/replicate_checkpoints/replicate_033.rds,49379,1084ddd702349417ed620ae335e1a888,d53cb610349b15c8c8b6524a42cef6fb6c501a482742732537b6b9426239699d,,,Competitors
Competitors/replicate_checkpoints/replicate_034.rds,48807,b24464962c55cc8ebd8151ca90b199ee,0e0da3714996f69f8fce90c240bfbff4607ef4bc48a7c5f005a14b5d45d652b9,,,Competitors
Competitors/replicate_checkpoints/replicate_035.rds,49742,308bd0d0955198d2bb20071a5529a6c8,08d9aa0dcbabd8ab59a6be938b699c358dd6af94a6eec1bf3d647b5f566d475e,,,Competitors
Competitors/replicate_checkpoints/replicate_036.rds,48953,6284c5d5a4ab7deaa8095952a5e4f19d,0e5b9b103a18376d2f4146751b46e7742b56a3f0579adbfcc81183cb261b2f46,,,Competitors
Competitors/replicate_checkpoints/replicate_037.rds,49520,68ebd9afca90bc8f939eef04494879ce,85645c5699696ae30c542f819b7c21c448207bb21f0d7d74ecdbeddbc4657045,,,Competitors
Competitors/replicate_checkpoints/replicate_038.rds,49468,dc15489df4fff91f55767679f88be5e8,436e0f24913dcf0b79f63efe404fb13df280607fdb6828ed1c476340add78f31,,,Competitors
Competitors/replicate_checkpoints/replicate_039.rds,49211,9829ba9a3802189a2cabdf8e67617d54,f6aa3a30d41c5cb62a892c7b2c2e0e40c68f2219e5bcbbc414910634de92b5ca,,,Competitors
Competitors/replicate_checkpoints/replicate_040.rds,49360,c6e4a1418987ddb124c8be8627f0682c,f4258684023554d1be4dea313713c1ac20780f73af561ba5d3637bdf2406a452,,,Competitors
Competitors/replicate_checkpoints/replicate_041.rds,49591,0ca799850f3e4db6113ce293e005c0fa,246db8c66ad76bcd1480722be9b56b36262f890ea353568818dc523053bd1a72,,,Competitors
Competitors/replicate_checkpoints/replicate_042.rds,49687,5a6ee12118652ec56cf3b8653c09f51c,72dfcc79655336bb09dc8160fbbf05c2af14caf14f8dda0286ea4c92ee831c32,,,Competitors
Competitors/replicate_checkpoints/replicate_043.rds,49188,81ddfb88d23b97943b59f50d364f6a2e,b0d0fb0ad32ecf01e863b8b08a95ed975184403b3a34de67ab7133603c386eaa,,,Competitors
Competitors/replicate_checkpoints/replicate_044.rds,49038,57b453c649d2b9ebd44ba9139760fe47,dff998a86ec3c9966d7787cb2a6d272aa781a7c856340fd9fef35a43db03d43f,,,Competitors
Competitors/replicate_checkpoints/replicate_045.rds,49187,4664c50c875ac5dc9c0fc6ff51010c1c,6c327d4bf316804ea45f07b75d4686ba36174afd2455e2fd95294382410d1585,,,Competitors
Competitors/replicate_checkpoints/replicate_046.rds,49285,ed4efabc41073f3f619c65acc6bc391d,721f34afb5ffd0569b033e40fffbdd753725a1a19a59306f0c70c7a864508b7c,,,Competitors
Competitors/replicate_checkpoints/replicate_047.rds,49483,4b886ceff08855e6f8d9eb549aacb9eb,ee4116843b1e665b42ab20ec72c52a7f2649384b8de99317d78deb8d072a2c3a,,,Competitors
Competitors/replicate_checkpoints/replicate_048.rds,49326,22e10046925ace4ad49c64b1e8084dcf,a1e282675f65d42302898f627efa43c3b53da57b379e34ed99d3a96733d4cd4d,,,Competitors
Competitors/replicate_checkpoints/replicate_049.rds,49227,0b92593066ac1ddc5faca6ac59b5f9ec,f2720f58c148afc83eb123aa34f232184f191a2ed942a2dca450d54aa7cc1678,,,Competitors
Competitors/replicate_checkpoints/replicate_050.rds,49356,1a02dbf1ee4ebb78b35fdbd533c07dfc,93e81ac5fafd16663f6215bda362811aaf0fddcb70a0366ea5a4a033b3579507,,,Competitors
Competitors/replicate_checkpoints/replicate_051.rds,49287,1c31bd31cd9a3f2b1954f63334713971,407d392b5a51d8d3715aef8afe62b7bbc3892cbb2b153d1174b4ce0e78fc9396,,,Competitors
Competitors/replicate_checkpoints/replicate_052.rds,49616,9720ae12d08645aceeeae1e7a6152887,24a29cdb9118e4c3cf8b69727108333e399325eb489e174328637f1201948766,,,Competitors
Competitors/replicate_checkpoints/replicate_053.rds,49646,da7bfa6c128009e64c2a28d456e5eddb,09041c2d7588e460f848656a1a7642b871c5758f96cbcc90feb2e2249432ca9d,,,Competitors
Competitors/replicate_checkpoints/replicate_054.rds,48963,c85f52d8c352ef767fb53969bdefc25b,9556194ab3648a493e2bb4a038074531aeec9b1ed021eeefee8a5f187cbc13a6,,,Competitors
Competitors/replicate_checkpoints/replicate_055.rds,49407,16907093a5bcde3bb90e4769dd8cca87,c18cbc3a5b840cd6979ee0a787af527040063b80f67199d0953e971e4a95b9da,,,Competitors
Competitors/replicate_checkpoints/replicate_056.rds,48939,ccde720c9b5d4009381a35fd5f9bf156,712933256bd5a1dde0828eb428dc082a61a7a04c6c30900cc1d1f1019864b45e,,,Competitors
Competitors/replicate_checkpoints/replicate_057.rds,48898,9365ae34cbecb2e806a006e4df6a3593,362950ddf893a158258377845ba33f0f39efc0d53c9c37a4df8dd053cac2b380,,,Competitors
Competitors/replicate_checkpoints/replicate_058.rds,49364,8fc2706916f1700b722bea3e1f528a7e,e786328225b3111f4efe3d1db70746b856933a5dffbaf42c6963caefa4014471,,,Competitors
Competitors/replicate_checkpoints/replicate_059.rds,49493,aef0428449ee09fc9550059c9fbe3b8a,bca783ff776c4294d4c4d4570f848a47efd5231d1a235bcdeb5f046c2c1bace8,,,Competitors
Competitors/replicate_checkpoints/replicate_060.rds,49428,898fb9fc4d1a077dbd9652543671c8af,49470577071411e53a1e19c7a92ea9d6eba7e1d25f55fe3d538795bac4701a24,,,Competitors
Competitors/replicate_checkpoints/replicate_061.rds,49402,9b6cd16c01a89a899be15a8be7607050,bed31a4b4289d999db095da6827fa029a61f5af134e48d6b2f94dcd6e58c57cc,,,Competitors
Competitors/replicate_checkpoints/replicate_062.rds,49267,35b3abcf7aafd675a9959f79c46fbfeb,9d06c0dcab0a91e0725230754a2510a6a6e81405e0627a792189d8e659b2e019,,,Competitors
Competitors/replicate_checkpoints/replicate_063.rds,49686,60f5e8247891cd312733ef777330b670,22500064159deeea3ecb1bd288a67b1b715afd88d648d7b118503f8fd0276124,,,Competitors
Competitors/replicate_checkpoints/replicate_064.rds,49776,d75b785999f1104c59e9f982102cff19,f5b5040a9aa32d0e2988551e97291ba0bdffcdcb7b86afc084c4a19173ee97f5,,,Competitors
Competitors/replicate_checkpoints/replicate_065.rds,49296,7b781301ba04d7f3644f1b6a80ec1a06,e74e26ad6ead4e19fa3447de7ee13e9a8d587472695b911ecfbe9dc5b2d8e825,,,Competitors
Competitors/replicate_checkpoints/replicate_066.rds,49301,635988917b10dd160577559e8889eb99,53d3ddcdcd46c53ef3307e9052764f418c8220f3b9e1c0bcdd86cd9b826c97cf,,,Competitors
Competitors/replicate_checkpoints/replicate_067.rds,49175,d6fdd3279308eca348898b2224c5ac7a,d4eab250b0834e32d3ff3c0749acbaffffe317c844e68806dfc02d4d72670c6a,,,Competitors
Competitors/replicate_checkpoints/replicate_068.rds,49088,9f2cd57136d8f7edfdcc924652e87201,aecba781b6653332125f316cda22abe15f872725c4ef01e8faac64d1dedd16b5,,,Competitors
Competitors/replicate_checkpoints/replicate_069.rds,48350,74d6d153d679e56c69de73f568c760f0,0e68258906d64c23143645af5ffc3030822a7c5719fb492c05fa883afe03c186,,,Competitors
Competitors/replicate_checkpoints/replicate_070.rds,49298,18a8abbefdee2b0ce9b3944b51947874,589e8c306ef2fbc7a19da75ecbff13e963a05631f007e79d64702f2c97058fc5,,,Competitors
Competitors/replicate_checkpoints/replicate_071.rds,49039,95fdc52e6e4ab796de83f41bc3f3d175,c985c7bc34eb12ecc7449248ba9df075c368327a36dc5f2ab0aee5336418e090,,,Competitors
Competitors/replicate_checkpoints/replicate_072.rds,49072,37c80f367c54c7447cc769658a7357b9,0b0e3355d930822807f7d28d07fa457a7a5389592d714072875e87defaadc4f0,,,Competitors
Competitors/replicate_checkpoints/replicate_073.rds,49362,df004499eca09ad974ec87ba9f6b30a9,72a505e835c9df90c8a973ed16b47ec35cb7b3a37725689224ab4712413a95c3,,,Competitors
Competitors/replicate_checkpoints/replicate_074.rds,49585,be9aab87cacb7ed4a5f7c094e0dbcecc,157db461d4e095b072a44f517c12af49a6369de9258292ab135ee59c60bd5d67,,,Competitors
Competitors/replicate_checkpoints/replicate_075.rds,48895,28dd9a7231af92bb689589aad623443f,74bb9c015f3212c2f9f5090ee5992ee0073a2f890b915cd2df566fa0a9b5e88f,,,Competitors
Competitors/replicate_checkpoints/replicate_076.rds,49468,c568dff490220f6aad94b0b4dbcfacfc,abe7d9c40b7464e2d0b398fee925a607fedd98cc2cec66f8201b7be793273494,,,Competitors
Competitors/replicate_checkpoints/replicate_077.rds,48801,38daf9b5785d9502d78f29129e42775a,c0d3de95eb556422876177833159e1a479163774102114665c51b7fb8db9f884,,,Competitors
Competitors/replicate_checkpoints/replicate_078.rds,49806,4798ef50cacef784a17a5b3a6b1c4aa9,338fe122f24fa2ed79a3c8e21f614a70e16234d4e48f92dbc68d82ce74ec20a2,,,Competitors
Competitors/replicate_checkpoints/replicate_079.rds,49143,95cce143f3d323c3ebaf4d0c11b7255e,3df2df8e25becb159fe3ea9bec96ef43de190c5b70b973c652a940d6c042326f,,,Competitors
Competitors/replicate_checkpoints/replicate_080.rds,48709,fe8a83390cdb0fd65bda1e224e6f160d,529cf6b94bb124430161a6e09030a3b78fa35873cebcdad884161cde588e2617,,,Competitors
Competitors/replicate_checkpoints/replicate_081.rds,48469,88e450e64269e93f71d4eff34ec2789f,bc3dbd9a85f9fe673f00b0359b3292a60f180f02a91054395b14c129a40840bd,,,Competitors
Competitors/replicate_checkpoints/replicate_082.rds,49225,509e6119f54493b317355cb287e059c6,d8fbf8f405c531999d9ff9730c174430427adcebabae8a913c7d27a306636126,,,Competitors
Competitors/replicate_checkpoints/replicate_083.rds,49719,fb3084042e1882cb7e4c39b6b97b93bf,6f2d223cbad589d818cf8e8d0f41b3cd5493e0c6e16f5175536248ed59536e29,,,Competitors
Competitors/replicate_checkpoints/replicate_084.rds,49023,074f0762df2b6039755af8f995754cea,5565e712c2dd02a29e656e861c2f427577381e0c90c702be6c863928fcb2a6a8,,,Competitors
Competitors/replicate_checkpoints/replicate_085.rds,49014,381b681dd218e49d17e3ef7c3d2cbd1c,bc26810668f01d6e3248dc64965e6039259d8bce418ea1da79436a25cf6f027e,,,Competitors
Competitors/replicate_checkpoints/replicate_086.rds,49386,dba78f29ee53095c8cdc44bfe313ec1d,62a39ed8ae9253d24d646ac6cff2609bb3143f03dca75d380b40b729042a6886,,,Competitors
Competitors/replicate_checkpoints/replicate_087.rds,49266,8e87fadc0b9a9e4835d7abba5990ae58,7f4c1ec824b00f2d57451985035d0a9fa9c3e45ff71af22d91c1f215bc2af5e9,,,Competitors
Competitors/replicate_checkpoints/replicate_088.rds,49650,83a0175cc2426edd031cf8d6ff995ee3,38f69739fa12f7657ee4d06c903184af7ad1622aa47ef307dbd5c5f9b1e4f742,,,Competitors
Competitors/replicate_checkpoints/replicate_089.rds,49157,9ed2cd6b07b37cd8d025eb5b3afba3b3,56fb0bec3e82153fa1b75b289007d3ee9a114dcfa99453f861bfb4c78e52ffba,,,Competitors
Competitors/replicate_checkpoints/replicate_090.rds,49017,b720807f60a8b391b9fa7dfc0749206f,856da7b0ab451553bfa10e3f3745649a25e7d8f4e7acfdcedfc4a5f5bb4a8dc9,,,Competitors
Competitors/replicate_checkpoints/replicate_091.rds,49318,f1e028cb36f67ecf5b88f22bb3f62723,47f2cd0607cb1231edd93871b36ec062125bcabcd264ea6498275c0e5b786f4f,,,Competitors
Competitors/replicate_checkpoints/replicate_092.rds,49429,ce4c515e97ed34ce6a757596e36e8a47,81d57b5149c3feb0eaf06ed517618888937af564824d002be62737795cfc6446,,,Competitors
Competitors/replicate_checkpoints/replicate_093.rds,49202,59c223e1a9c00677d6dbcf35525e2a7d,3531d06ef7062a50751f48fdb0b470b0c9c605f118e6d35e0807e31fccba4ec6,,,Competitors
Competitors/replicate_checkpoints/replicate_094.rds,49236,005135767650570362dea0b23290ae3e,ec2778f8385b760f6d80ee29dfdc92d01ccadc201e27ccddf0d9cdb376faa4c4,,,Competitors
Competitors/replicate_checkpoints/replicate_095.rds,49322,037b157638ccacc902130eeb2f900f64,876d3daa45f5c6f83e4e28287a5d04a9e944ed8fcd950da6e543e3655b535d79,,,Competitors
Competitors/replicate_checkpoints/replicate_096.rds,49115,fb6aee7ab234355f2d8764f5da54b42c,752fe81c53252d5ce4f2a5271fa701e96d20c0d08c37260da9e2e353298d4177,,,Competitors
Competitors/replicate_checkpoints/replicate_097.rds,49158,297299fcf86a80affe601a8cfff78bc9,4dc0e2225ba91271192adb47b24f26a2bd79391c612d6006aff1cabe49e17006,,,Competitors
Competitors/replicate_checkpoints/replicate_098.rds,49699,ea8360514f9f1f5c3701e01058133ea1,6d753bd519a2dcf18574abfa470d907422508c660c13bca58d0581462ecc6e91,,,Competitors
Competitors/replicate_checkpoints/replicate_099.rds,49324,61d71edb83a7696f46d5d11667cba8ad,96c68639db05a40141d2defae2589fbf4f90ec6cb88f7177c8572302ab880392,,,Competitors
Competitors/replicate_checkpoints/replicate_100.rds,49109,bade7ff4f452a9b2288039f8463c07ed,1afeb8940464eb4345cfcdfcb47ad3e09165b24d2b2991f70e65889715c466df,,,Competitors
Competitors/sessionInfo_simulation_competing_methods.txt,2421,7a121cbb4eea02afdecc55388a926784,2c81bbf0e5e963870907956a834662936357a00b98d18a1685965114cad190ef,,,Competitors
Competitors/simulation_geometry_summary.csv,17746,ee98b4bee656c2f1fc6d18278a6ff491,12d0d6b97010ebf2064b25aabdeaf8ee6894fe98baa4b7c2f29bb5b008058ef9,,,Competitors
Competitors/simulation_modularity_summary.csv,8305,786b52347e182f40aa3323eac4b36ae5,c4eec66c87366356d2bd2a769c7a6967891c95f5d9fc15ed804af7b3bad83a91,,,Competitors
Competitors/simulation_run_config.rds,6269,5986f4ff39cccecf9db93ad52f67cf24,5f1a1129b010447d37786cbbfc5820ea836938891ea8a4453f137eee0486ea68,,,Competitors
Competitors/simulation_seed_table.csv,6800,467f50a103c00e369bbbc7cba750fd8c,b656ac2a794a79c4b3ce3a7ac307fb3ddb78f065a1af483317bbc6c1abfe665a,,,Competitors
GP_Cov/GP_Cov_FINAL_MAIN_TABLE_means.csv,615,dae1214aedfa5fb38a566d9a0b074ece,ba200d17b40ca583bf727efaa6d4e1a228fd3da1ed2e69fa3d016c2f98fec530,,,GP_Cov
GP_Cov/GP_Cov_FINAL_PAPER_TABLE_mean_SD.csv,612,bea83d8dfe9d3050978bc09bbed0f014,15d9d0617ca86a6daf7779ecb054de98227f1a02147a6e48fc95c259997fa3b8,,,GP_Cov
GP_Cov/GP_Cov_FINAL_UNCERTAINTY_TABLE_mean_SD.csv,352,547b6031466a9f46bbf6ec4924f0aebd,cd3e61fa7049ea810522a3ce867a8f07c5834d9e121329dfac0c1662ef51150a,,,GP_Cov
GP_Cov/GP_Cov_additional_diagnostic_summary.csv,2585,ecf9b32304a209049d53c8f36f9d1918,beea90e6803d4dd7dd63516511ab46605c10d66720fb1f99f7920e0fba42f53d,,,GP_Cov
GP_Cov/GP_Cov_all_node_probabilities.csv,5401398,7161b143633d6ff242836584bd676d43,7a2da62565c092062613eb0595978a1f7add9f5604258d2b9199a4d954ebb38c,,,GP_Cov
GP_Cov/GP_Cov_failure_log.csv,75,415762f6f66023fe900ed436193d8177,60663936722ba4f3844c53a264aa9a5abee70d0b3de51c9e713756443deae104,,,GP_Cov
GP_Cov/GP_Cov_geometry_summary.csv,15534,52c91efbbeb71207661b3fb8e4576cd5,62028f0688ca77dfb3e34f56e647a9e1eb51781e488c8af7b433a78e75637c3a,,,GP_Cov
GP_Cov/GP_Cov_global_pilot_calibration_5_datasets.rds,4212,741c12e5bec991fb0910888884c11f87,c215552e6bc6d6896976b2c10d43296845eef69de24bb2832b8a90b0a77f4d5b,,,GP_Cov
GP_Cov/GP_Cov_global_pilot_distribution_summary.csv,1988,b49cfc96b9b80251ae0196d1581a403a,9a39470ad0fc1606d1ea37a6f4a8c68001078ebef2dc280b5a494cd29ee0c462,,,GP_Cov
GP_Cov/GP_Cov_global_pilot_per_pilot_summary.csv,1794,8f042aad883d510bb614441623dfbd0b,7c833b6859043303f55d3919da9f66c8e4deb66d9d0fb3a4d519a22acaada64b,,,GP_Cov
GP_Cov/GP_Cov_metric_summary_long.csv,3043,fc9cafa0b837934803c189592ac63c8b,339a696e55825b2a56de687f4dd27171b10b229041c1342db1ffbe36207dace7,,,GP_Cov
GP_Cov/GP_Cov_metrics_by_replicate.csv,57767,538ddb99764de9ea91754adc495bd76d,66f875db7cf88f8acb5b5923e9e54957707a1330afe8c3afcad0d80627c02707,,,GP_Cov
GP_Cov/GP_Cov_pilot_prior_calibration_summary.csv,2979,1cb0209fd6fa8a561126a5b11bbf1e37,a0daae51af8a00fe5f43d9432bed32c361fd612fc0ad081a6b11b54405138b6d,,,GP_Cov
GP_Cov/GP_Cov_pilot_seed_table.csv,86,91e40a2fecb3891f31b6637c2ed1a5f8,61bda47d6da25f1280fbda11748ec1d975fd62d726f969c52140dd25b43ac521,,,GP_Cov
GP_Cov/GP_Cov_prior_calibration_by_replicate.csv,50491,ec47ff5599d3a4ddd08e1831e5476a41,795211e9ccb4b838175638a17f9ad3111e54832f2924fda401a01b8117b5d820,,,GP_Cov
GP_Cov/GP_Cov_prior_calibration_distribution_summary.csv,1525,8080b0fa5786fea06539aed3b3c85bba,27920b256c7f483a3a171b0067009a51c7d4e9319837bebed87381d8f7459c79,,,GP_Cov
GP_Cov/GP_Cov_production_seed_table.csv,1322,1bfcb0836a4d7a5e035d7c2684c38e94,8374aba4db3a5919902716f9cb934410e685e2070007f466dce467b9eed7e61b,,,GP_Cov
GP_Cov/GP_Cov_run_config.rds,2049,ebb430edb6b7fa85adbeed050f0407ef,23e2cb3f1bf50625d978d9b04f98cfcb08a1acfe6841af1b295ab55ffd44d889,,,GP_Cov
GP_Cov/pilot_checkpoints/GP_Cov_pilot_01.rds,525062,8d8b09b1a976db33bfe46927c097a4bd,459162a14f1b79487ec0f4e1c7f167765ee559babb2f79b6e1f817d7a234fef8,,,GP_Cov
GP_Cov/pilot_checkpoints/GP_Cov_pilot_02.rds,524369,ce3fe37b8ba7eeb5bf0179c00c166070,4221cc613d094f7b4d8d0fcae2dce79a7d9f00d9bc3f1b88c7a5881aa3f014b2,,,GP_Cov
GP_Cov/pilot_checkpoints/GP_Cov_pilot_03.rds,521638,7db9af05d53c24b154e99b1832b67f5c,93172ee187667b888a500d7e461ef58997355bc073f2a406d2c263885bdee055,,,GP_Cov
GP_Cov/pilot_checkpoints/GP_Cov_pilot_04.rds,523336,18357e4991b6157b1fd93133413b74f5,177078b6a3668c3711ebb318613f7b26bc93ff4a0c497a605958dbc431ca4c20,,,GP_Cov
GP_Cov/pilot_checkpoints/GP_Cov_pilot_05.rds,523474,c6e675eb2bdc06a2b5ca203644defbc4,2689efa65c27fd7ca6c159406c069608ec90428f230a73e69b3d11603ab2b33b,,,GP_Cov
GP_Cov/pilot_geometries/GP_Cov_pilot_01_geometry.rds,33344,1311df0f98c7884a47ca56855f90bbf4,1bc45801af2b93fa0d74489b6d180a825f7943f969f95c68084f31ad05b42dca,,,GP_Cov
GP_Cov/pilot_geometries/GP_Cov_pilot_02_geometry.rds,33350,3c45788ce6d4271bc504607ad7efc464,5a667f9eef76a4bd664ea77e1423f3de311adc779a35873ac3c6fa76eb321226,,,GP_Cov
GP_Cov/pilot_geometries/GP_Cov_pilot_03_geometry.rds,33348,5baeea6600a2d7bff56e1619de40783a,786e6e47f78d5d9f5e4203925e1e070f1cfb8b07ad1f787748bb0319504bea2b,,,GP_Cov
GP_Cov/pilot_geometries/GP_Cov_pilot_04_geometry.rds,33384,28fa7ddc10ac142bd2d96c910f173842,6b564dc9e8d67feaa43da028ee8704669869f058f332e9df0f16375a38b6828c,,,GP_Cov
GP_Cov/pilot_geometries/GP_Cov_pilot_05_geometry.rds,33341,03cdb053993242994d5aba7cc255caf9,08531053bc1be1aaf48896ad82a7289f3d33331b12f733ec96f521a786da67b7,,,GP_Cov
GP_Cov/prior_calibrations/GP_Cov_pilot_01_prior_calibration.csv,1348,5c79f2b7315dd5627e3ed7c330fad6c1,0cc3615a578399f0c07e18ce51e3a5a6b97335356faad9dcd6d03408279b6661,,,GP_Cov
GP_Cov/prior_calibrations/GP_Cov_pilot_02_prior_calibration.csv,1347,b3cc6d9468b4a00551a89ee5b45bfa15,c63188e4face2c37e4e4e8570c23a67f3815bf998b5ac436f176bc3c3ec9d431,,,GP_Cov
GP_Cov/prior_calibrations/GP_Cov_pilot_03_prior_calibration.csv,1347,7875effa7516f7be71e2589e6436ea89,064593b2b2f0f87c2397e85cdaeec0bc172e33ad5bacea235d46fab67ebdf895,,,GP_Cov
GP_Cov/prior_calibrations/GP_Cov_pilot_04_prior_calibration.csv,1348,7813bc3223f5657f7aeee613fddb5ee2,7a0b7066c72c8e18116ad180630cf9081e2b7efd583cf9f0f1793ee58040b894,,,GP_Cov
GP_Cov/prior_calibrations/GP_Cov_pilot_05_prior_calibration.csv,1341,7ca565acb7e75d2ba6f615624d14530d,bf449ee56b2b6292b319db4f327d43c3dac1a728209c2830fb9e5293e3d490ae,,,GP_Cov
GP_Cov/prior_calibrations/GP_Cov_replicate_001_prior_calibration.csv,1458,30296cd19f4d2241e393fc2651cbfcf7,89ac4117ee21b4b2dad9b6b863adbbbc2b24849168b6bad0a1ffc111e470284d,,,GP_Cov
GP_Cov/prior_calibrations/GP_Cov_replicate_002_prior_calibration.csv,1458,7ace11863cf8d9c7ad4cab06952f527a,f71cfb1ff6cc5db67830ab11f9352d8b3e4e4dcb2031283b3532adbc35e42290,,,GP_Cov
GP_Cov/prior_calibrations/GP_Cov_replicate_003_prior_calibration.csv,1456,b8874bc821c30eeb5f5d45d4871b8e29,a2df3694076cfc0d10e992ae57dd2d39f31dd557024bcc8b07d7afa43a1e4ebd,,,GP_Cov
GP_Cov/prior_calibrations/GP_Cov_replicate_004_prior_calibration.csv,1457,0084b18011ba3c6b991b7097919f9c83,91b55a4874cb8fee25d73398ed37c6c2b6caee0ff0f1d03821d81de5d13c3fd9,,,GP_Cov
GP_Cov/prior_calibrations/GP_Cov_replicate_005_prior_calibration.csv,1458,bc5419dc009641e6661b6a8e93480f1f,ac71055486c62e201640893ef00e83d7f2afc724cf0f4fec09565e8e74141e50,,,GP_Cov
GP_Cov/prior_calibrations/GP_Cov_replicate_006_prior_calibration.csv,1459,c549fda23046ce87bda631b0bc771a24,6f2ccdc1742c9f664176544fc00e4bec3db5309ba426990d62cf31be942b8259,,,GP_Cov
GP_Cov/prior_calibrations/GP_Cov_replicate_007_prior_calibration.csv,1457,37b66dac0056b414727fcc122dbc4706,c036b7653de9cb310caef2d254bbd8fa847dbecf37c79b1cad0711d715b60ab8,,,GP_Cov
GP_Cov/prior_calibrations/GP_Cov_replicate_008_prior_calibration.csv,1454,4d57c4f26e2b7ea7d9d6d69e4a1c7671,08de9f63ea60cb4f6a2e085149bcdfbad3a824107abf090379a00a0ba6d1fe40,,,GP_Cov
GP_Cov/prior_calibrations/GP_Cov_replicate_009_prior_calibration.csv,1457,edb6bac8aefbc490c6bbff702c5cb200,440834770cb19a4cadc72887258d9d48ddac7d990d5028c46524057287f471d7,,,GP_Cov
GP_Cov/prior_calibrations/GP_Cov_replicate_010_prior_calibration.csv,1458,2f1daf00769ab94bef4319db57084c1f,8bc750c93671091c8dbdfca9241a15195360e87607e97adefafdc552250f99f1,,,GP_Cov
GP_Cov/prior_calibrations/GP_Cov_replicate_011_prior_calibration.csv,1460,efc66ad4a948b948ef4030a8b83ddd2c,8433c0709fe6773b6cc1952056936fb42461d0717fa71d0e630d5453e99efad5,,,GP_Cov
GP_Cov/prior_calibrations/GP_Cov_replicate_012_prior_calibration.csv,1460,c04cbd848fde3c3079b3df4078c0ba11,d1b817095f7e35a3982a71bc4b2c075df5c20872eb71b10358fdf65f2749ee87,,,GP_Cov
GP_Cov/prior_calibrations/GP_Cov_replicate_013_prior_calibration.csv,1460,73ec5ba602401400bbb5591439ef1174,6e2f967c0b2e197b71a7b1a41774236d99f9e75e2ba2b92464b7b3f94f04b303,,,GP_Cov
GP_Cov/prior_calibrations/GP_Cov_replicate_014_prior_calibration.csv,1460,229bf4c4ddd23647868a85e38dfea58c,4bbc1eae25e47468151bb45bc2a1298158da20af8a12813df88344c6d08f28aa,,,GP_Cov
GP_Cov/prior_calibrations/GP_Cov_replicate_015_prior_calibration.csv,1456,23394076c5a50477e2a9951d3803d8c7,b4e54ad1f83aae95d785e13379384981fee3640bed3ff55cbca9fc9429612683,,,GP_Cov
GP_Cov/prior_calibrations/GP_Cov_replicate_016_prior_calibration.csv,1455,5ee1fb3dcb4025db609b341f3a2171d6,224a0a433ec73e823747d60534051b415d6b21602445709e16a7bd6d36876b00,,,GP_Cov
GP_Cov/prior_calibrations/GP_Cov_replicate_017_prior_calibration.csv,1459,49572b2e9c36e3e3c64f433a1c476542,4898465660f8c8a2f4afb60b454b54cd9d3f7d2cf6a2bf47ce300a28e6404e10,,,GP_Cov
GP_Cov/prior_calibrations/GP_Cov_replicate_018_prior_calibration.csv,1458,36c03461618e00ece02898e5fa9fe4d9,92b8a764d7d98b293234eb9782bf94049ef31a6c059715a13bda937afce310db,,,GP_Cov
GP_Cov/prior_calibrations/GP_Cov_replicate_019_prior_calibration.csv,1460,802c4a31f67030675fe56a2bcb03781e,09ddb98e6ca7c864ae613101004dde3fd1d5c85d85be813b15bef1d72463dc30,,,GP_Cov
GP_Cov/prior_calibrations/GP_Cov_replicate_020_prior_calibration.csv,1458,b0df82897a6f695a1323697ae735e219,c22c97235f3a8934376f4dfdd47f391dbb00e0ee9a310750cd4a787b422bcc5e,,,GP_Cov
GP_Cov/prior_calibrations/GP_Cov_replicate_021_prior_calibration.csv,1458,0ae95df06d0c8891055924ecd883765e,e4486333108b7316451a5d52ea23bdf50a0303d570d07d3260b3221295ee86b9,,,GP_Cov
GP_Cov/prior_calibrations/GP_Cov_replicate_022_prior_calibration.csv,1455,e91b1e3775515fdc53330606497519c4,6350549a75f3f22192abeab17c07e97fe9855c181094e0907070c71f59b94b93,,,GP_Cov
GP_Cov/prior_calibrations/GP_Cov_replicate_023_prior_calibration.csv,1457,470a9f609fc7becca6a9c5242a4ddf82,31e3a0565e77a0484427f5be3d8fc93648b0e6132caf84a4ae47f2b876779d62,,,GP_Cov
GP_Cov/prior_calibrations/GP_Cov_replicate_024_prior_calibration.csv,1459,050777572dc4274913a71deeb7769227,db3039035be37c04d0f0f6b8a10ea514f628f7ec4b64d9a14a0ddb54458e6897,,,GP_Cov
GP_Cov/prior_calibrations/GP_Cov_replicate_025_prior_calibration.csv,1456,caedea573b64dfce0ea22326bfde70c2,0ec51ae92e9fc4f09fe5fe9fc3f7ff318950823b79ea049a691129d252c25b2f,,,GP_Cov
GP_Cov/prior_calibrations/GP_Cov_replicate_026_prior_calibration.csv,1460,458e31759bc4201f977ea95b2f9174c0,dc6b532f7c42136c9ccf7e53629713ecfeb077406506534347c111de01b3938b,,,GP_Cov
GP_Cov/prior_calibrations/GP_Cov_replicate_027_prior_calibration.csv,1460,7dd241305a46b544f76e524f6cd66f90,3cb95cf6ab1a7b18fe4d690e1918d2aba6c598371ad8e912ff29b2b608eef276,,,GP_Cov
GP_Cov/prior_calibrations/GP_Cov_replicate_028_prior_calibration.csv,1455,02820c91d69b9cc173e2661fba8045b6,64aba63df69c12b4a10c763e568de752452cbe3b40c73ec4e6ed594846617d41,,,GP_Cov
GP_Cov/prior_calibrations/GP_Cov_replicate_029_prior_calibration.csv,1460,bccf7ee06a4c52ef525c98fb3d6b1a92,0f28ecd393c342eb83cd8899185cc012b57db31b69b68c1563ce7fa708338259,,,GP_Cov
GP_Cov/prior_calibrations/GP_Cov_replicate_030_prior_calibration.csv,1455,f9cdeac796b74c8d42e252428884ab35,d854c4f18127055162e093e10b26e446eb42d7bb8bc8330766c7a055740e0359,,,GP_Cov
GP_Cov/prior_calibrations/GP_Cov_replicate_031_prior_calibration.csv,1453,94053198b959cc1cc2805637bbc016ea,ed18143b136a904191bae85b91a677b6fd0e01a196e2d5352b4425e30b4bfdf2,,,GP_Cov
GP_Cov/prior_calibrations/GP_Cov_replicate_032_prior_calibration.csv,1458,d88799ff000125e99fd483a2e6c31f5e,4cbd2183ae9c85f696b9e216ad9e1326473064daaca9a5e592529f0278a84e76,,,GP_Cov
GP_Cov/prior_calibrations/GP_Cov_replicate_033_prior_calibration.csv,1457,4bf7b82df61a2d6cb6652db7b625f17c,0652fffb01216d3866f43ab1ecd5dfcb6505e759e3383d9780a810f29fdaf7f9,,,GP_Cov
GP_Cov/prior_calibrations/GP_Cov_replicate_034_prior_calibration.csv,1460,1e31b0cc0cd32d64aa710bd276bd1750,2014ea529c735fbb72fc5d7919e3da8576c465320c0d782a39f084fbbce19ea9,,,GP_Cov
GP_Cov/prior_calibrations/GP_Cov_replicate_035_prior_calibration.csv,1459,79f01064cf17bd6654a8590a6bd44d72,f2e7ddf96df0cff0c7babdb77a71c2f6e61a831a485393e0bb739db8276f2714,,,GP_Cov
GP_Cov/prior_calibrations/GP_Cov_replicate_036_prior_calibration.csv,1460,24fe0569cd21c32ef7c2ea11fe26469e,9100645282488fcf0ed2f424c47f0c3414599b5ea8e5a41f415095b9868f58f7,,,GP_Cov
GP_Cov/prior_calibrations/GP_Cov_replicate_037_prior_calibration.csv,1457,a17860975ca240f97f90dc9262a34929,c862268b4cc9efaba38b9a335ed9653993bbb33242c38a51243da305df60e676,,,GP_Cov
GP_Cov/prior_calibrations/GP_Cov_replicate_038_prior_calibration.csv,1455,d6ee19cbe90edf9772ef64e6a446f1dc,a3cc3e4b3f6237317d9c83cabb3386711bab4564d8c8ff54a92d1915889d5ec9,,,GP_Cov
GP_Cov/prior_calibrations/GP_Cov_replicate_039_prior_calibration.csv,1460,3db25c55e91aedd3315882f04b2dd22a,e01de0f37463d0e27a7ef3030a3a3d06c5bf2498092b0418848ba6690d0f9d16,,,GP_Cov
GP_Cov/prior_calibrations/GP_Cov_replicate_040_prior_calibration.csv,1459,64ea061550738dbfbedae18e19446c90,1331156077364c2e7f64f1f81480ba43a491ba8019d3c1a574d899f3e8cf02a5,,,GP_Cov
GP_Cov/prior_calibrations/GP_Cov_replicate_041_prior_calibration.csv,1460,9ad4181dda87958433e24c6d3ac8cae7,6c032c3d64dd33165e7c0e5535ae2a9cce0227828f4c90d469de44e84a02aecc,,,GP_Cov
GP_Cov/prior_calibrations/GP_Cov_replicate_042_prior_calibration.csv,1459,d713def29fa385eaff9f9d0f5a5b005e,58654e289453e7fbeffa89fd2a85cb1bbaef9096e16892da40abe14b02dadfd5,,,GP_Cov
GP_Cov/prior_calibrations/GP_Cov_replicate_043_prior_calibration.csv,1460,b27be1e128b937fc750a9d318ab2698a,cf10f27d07c71b77546995d46af72c3e607f3ff82913b511cd579524261fb86d,,,GP_Cov
GP_Cov/prior_calibrations/GP_Cov_replicate_044_prior_calibration.csv,1457,09c6b07daeaabb28f5630f668414194f,5428904caf54331c54c826229f8558059b4bb86dbf51aae223468a0944a93948,,,GP_Cov
GP_Cov/prior_calibrations/GP_Cov_replicate_045_prior_calibration.csv,1455,d1aa1b697276b009fa3059ca6681be34,eece8f749f2f438d71286aaa92596392e8df955c24423ee76e0f16ad0ca21461,,,GP_Cov
GP_Cov/prior_calibrations/GP_Cov_replicate_046_prior_calibration.csv,1459,e37ba703d31936af66d031027aab6a90,7e60d40eeb26e592cc845a1cdeaf80c8428ea81b4bbd62486fdd3dcba743f2b3,,,GP_Cov
GP_Cov/prior_calibrations/GP_Cov_replicate_047_prior_calibration.csv,1457,cc6f5ab6c9100b0304731258cd7a0913,276e32bf974f24bdf9b45e19c9a8dfbfc020c38e68f9b66cf5a843fcb0334c1a,,,GP_Cov
GP_Cov/prior_calibrations/GP_Cov_replicate_048_prior_calibration.csv,1460,b2ac17cb3de439e5cf819bc71d11f9e3,6345df378e8e0967ba2705796eca64a9928eb55c133f158ad568c87dfeb28270,,,GP_Cov
GP_Cov/prior_calibrations/GP_Cov_replicate_049_prior_calibration.csv,1460,0b3e5e3e1cc49d6163c6022332896d88,7578dd4208f73dd64e7973c81867a0f75ca11889d190ce24f3fda6d95850d7a2,,,GP_Cov
GP_Cov/prior_calibrations/GP_Cov_replicate_050_prior_calibration.csv,1458,411551cd1ee41113a7972ee06d130810,f81154fb41f082bfc5a6a8169cedf179e8636ee1c2f0e2641d21ee7e52250a7f,,,GP_Cov
GP_Cov/prior_calibrations/GP_Cov_replicate_051_prior_calibration.csv,1460,73c3b6931c4f6b903cddcb42ac109e85,720a2346dc42afa9ba3506ea3b2f8da3ee2d9608bfa47be176f3314d708247cc,,,GP_Cov
GP_Cov/prior_calibrations/GP_Cov_replicate_052_prior_calibration.csv,1452,8197d82ae91d5df3d98dbd7bc9aa7570,09565ac59fd1c2608babd9a009cb0b48d66f9fea0d82db7e4ae5a9f65e2db032,,,GP_Cov
GP_Cov/prior_calibrations/GP_Cov_replicate_053_prior_calibration.csv,1459,d6dab02af89bb8cc589fbb238f3926b8,edd111357e26edf92451879faaaf295aa3c434d35b4c42c5d5d92642d1a457c4,,,GP_Cov
GP_Cov/prior_calibrations/GP_Cov_replicate_054_prior_calibration.csv,1456,e76424afba3911d93720264d19a0851b,3ec2be28a8bcb8a7f0e2a2f4b4d6bd85da304047ddb7a5970bba1145437d11e4,,,GP_Cov
GP_Cov/prior_calibrations/GP_Cov_replicate_055_prior_calibration.csv,1460,89d3474b420e4a41f9adce85b17ea46f,0d41d4990e0b2916ce4d78ba9ff14c5c9275ab51ff465e7d893d33737d4956d9,,,GP_Cov
GP_Cov/prior_calibrations/GP_Cov_replicate_056_prior_calibration.csv,1457,1e2e54e1df98afa550efbb808fcce2e9,c5a89bdf809625d661bc6be52b066d1a1362051d7a39c9c6a9efd3b8b27dd99b,,,GP_Cov
GP_Cov/prior_calibrations/GP_Cov_replicate_057_prior_calibration.csv,1459,a211e69f5589d9b91bf4aa3c7b99b722,58aa393fab3b9547dfba1ab102263c9da73b0dda1faa19e2e2e0da3a70d9e9e9,,,GP_Cov
GP_Cov/prior_calibrations/GP_Cov_replicate_058_prior_calibration.csv,1457,40f9eea701ad02eb84d3ba29a1dd54ab,947c56fa1a4151a6839ab85aec220eb39b402039c9b60a6b660172b983dda1c6,,,GP_Cov
GP_Cov/prior_calibrations/GP_Cov_replicate_059_prior_calibration.csv,1460,def669c3f6ce537a401bcdc081033987,9d3fae2df43e2a927b23fe8fd84dbf8ea698c52cdd91099c5da54d821e84247e,,,GP_Cov
GP_Cov/prior_calibrations/GP_Cov_replicate_060_prior_calibration.csv,1460,cf1cf49881031e5f1f24f9ab73e26b80,dafa156989446afb7213e4baab8a4b7230af2766b509eae79ca3adef5fc8e390,,,GP_Cov
GP_Cov/prior_calibrations/GP_Cov_replicate_061_prior_calibration.csv,1459,8a92a5aea3ced87212f02e0158a4c59a,cf4367728d4b4f6053675742de2918d60e712689435b2f156ec53e3589a468f9,,,GP_Cov
GP_Cov/prior_calibrations/GP_Cov_replicate_062_prior_calibration.csv,1460,2985fd5feeed0b08d6a5d929798a5b83,a9b7d244420d1d9a302f291d5417937302dcc66e7ddf183ce899925c694fd17c,,,GP_Cov
GP_Cov/prior_calibrations/GP_Cov_replicate_063_prior_calibration.csv,1458,4e4094398002ea113115cec8d5ee33ba,552f786cdf9155ff96b554bdb51bfceb17e0980afbadda170133fd7849ac6fed,,,GP_Cov
GP_Cov/prior_calibrations/GP_Cov_replicate_064_prior_calibration.csv,1460,715d3b3d9b7a663cd4a3d43a15b8b84e,025d59d94f4dd4d904736632bae046c0ee91a7385597a245a2f067d9e9a2b936,,,GP_Cov
GP_Cov/prior_calibrations/GP_Cov_replicate_065_prior_calibration.csv,1460,f721c9c37c6bc0d4d47cd64d51a15b4e,c263d9ae1e29c4a17fb266a3602ebb0b852679117a8242094753a3ebc84fc9b1,,,GP_Cov
GP_Cov/prior_calibrations/GP_Cov_replicate_066_prior_calibration.csv,1459,e9dcbab3e39a458cba868b3a45c5a6b4,762403c8157c63a80575b66e46fca891d7fcb517c04c1d8f36bd3127cfd37763,,,GP_Cov
GP_Cov/prior_calibrations/GP_Cov_replicate_067_prior_calibration.csv,1459,76ead16ed8c8b5d639ee85a1ed4a7db8,0a6babf69a4a94617581efcc31230f032f66fbc11c7bdc8c0e5e6f32ba95dc35,,,GP_Cov
GP_Cov/prior_calibrations/GP_Cov_replicate_068_prior_calibration.csv,1456,4a0b69a4883f094cdeac091e8bb6c735,b4d88a1078240d40e9e540bf5a3c6e44d438a60cd60be6aa6382d84e5ffb8ede,,,GP_Cov
GP_Cov/prior_calibrations/GP_Cov_replicate_069_prior_calibration.csv,1460,c52d00dc993a46371bfe23ffd70a9629,afd6e1ea28b8175212c9c02c31b0aa2e4f0901d2f897d25587ff60850ec347d6,,,GP_Cov
GP_Cov/prior_calibrations/GP_Cov_replicate_070_prior_calibration.csv,1459,5cbbb4b2d6956aa90e4c85e577237c08,9586af6d887a3575d5d7caa57a9e76bf3ac56fcd0783a0e27ebe7217bae65341,,,GP_Cov
GP_Cov/prior_calibrations/GP_Cov_replicate_071_prior_calibration.csv,1460,ea4f9119bce6662bc3fe5ff41b4b7560,097f8d8d59b883e31ee4936973e98cdb02ae32ea950dd1508b39ea98e0da0a70,,,GP_Cov
GP_Cov/prior_calibrations/GP_Cov_replicate_072_prior_calibration.csv,1460,ba30eb01e9eb02f8d9ed2b0173063cbb,b59ffa03f78bb6fa44df1e53496955d56197f759b8e537d677ef3c1715cf65a5,,,GP_Cov
GP_Cov/prior_calibrations/GP_Cov_replicate_073_prior_calibration.csv,1460,5dedf6e464af7c276057023ed1e08556,8b2a16b3c1ba19e01ff756b7c56483da00af16b7725b9ea307eb6bea07c82957,,,GP_Cov
GP_Cov/prior_calibrations/GP_Cov_replicate_074_prior_calibration.csv,1458,6820742953a87ae86be97466fb268679,ea2fc2e586be08c9ecf2cc5c9e3da680429cd90ab364c3382c6d029d020bf1ee,,,GP_Cov
GP_Cov/prior_calibrations/GP_Cov_replicate_075_prior_calibration.csv,1459,d7b8e1b9b02b918e75f4d09160873874,c444ddf602100d779c1c38a3d5fa6ba961bce3b8284196db13347ebec9048933,,,GP_Cov
GP_Cov/prior_calibrations/GP_Cov_replicate_076_prior_calibration.csv,1459,fdc3375869cf71e62a9aff302d0671a1,6c98e7230fea1c57c1eb3cff0bd4138b6701c92db5338323fce302683d881006,,,GP_Cov
GP_Cov/prior_calibrations/GP_Cov_replicate_077_prior_calibration.csv,1460,6e5caa448019095608ec03437479125c,1f9e74ba3bbfee7da5a35a2288f294eb56c6519c350f9250d59b5306eb12af62,,,GP_Cov
GP_Cov/prior_calibrations/GP_Cov_replicate_078_prior_calibration.csv,1458,dce552230568eb1c3d2796ea51f08e05,68b308baf36b53244e8ec028d98faf0613e12f2eda26fab0285135e498799cea,,,GP_Cov
GP_Cov/prior_calibrations/GP_Cov_replicate_079_prior_calibration.csv,1459,1022ad1ec0cddb1364942c573e5b710b,40aaf52eba48d15d9ab66e015c249e9ee96b202fca2cd38beb2d10edb4bba5cc,,,GP_Cov
GP_Cov/prior_calibrations/GP_Cov_replicate_080_prior_calibration.csv,1460,1c8a73260902be0f42bb28221aa972ab,203002bed452ae39372a8c55e0d1b40ba7bf9d0da9fbdebd5d0a05f9eb732fd9,,,GP_Cov
GP_Cov/prior_calibrations/GP_Cov_replicate_081_prior_calibration.csv,1458,4f7a283b9a1ab5813990cbde3751c3d2,a5c70e8e0fdb6c25d7079e611cf69400e2c433ae200cfc203abd935de56b3455,,,GP_Cov
GP_Cov/prior_calibrations/GP_Cov_replicate_082_prior_calibration.csv,1460,f90e6d381a17de7f62457c68a5f9969f,4248d6d11a9f57379f9690dedce84fc944885d08e568cb5c9fceeed1d259cf2b,,,GP_Cov
GP_Cov/prior_calibrations/GP_Cov_replicate_083_prior_calibration.csv,1451,fee1be53d74b1d1a05bb5bf06583888e,0307985dfaf62d6e29e68f6c4f4d94a26cd4c24aface50a8836d79dc167c3e42,,,GP_Cov
GP_Cov/prior_calibrations/GP_Cov_replicate_084_prior_calibration.csv,1459,aa4fad7baec180ce13761ce1add602e0,f12f3611ddcedb25cb077b64204103f22785c247af25473d9c5f5ed827d1c805,,,GP_Cov
GP_Cov/prior_calibrations/GP_Cov_replicate_085_prior_calibration.csv,1460,b0f2817cd805ab7390262fc7570ac01a,823d90a754ff76bba47be588681ce3e98e9bbba85a6917c53aa9250941c95d40,,,GP_Cov
GP_Cov/prior_calibrations/GP_Cov_replicate_086_prior_calibration.csv,1458,e5fb40f3f98508135e8ae3dbbf9efd02,95b124b1db8c409ddf5de56fc04345a8ec806efe26b437dda4ac9b5599f5287c,,,GP_Cov
GP_Cov/prior_calibrations/GP_Cov_replicate_087_prior_calibration.csv,1459,47586568bc8ee3dc700eb9a38c999eab,def12d7a346dda0939cdc0a9c67884d7c909a94556cbf3d749e5e2616922cef5,,,GP_Cov
GP_Cov/prior_calibrations/GP_Cov_replicate_088_prior_calibration.csv,1459,54b19a315c00d32f436f75596a3b69ed,2fd05281ecbc90be1cc02a8c58e9bc3244b573c0be3aaf31dd905875da2d4d29,,,GP_Cov
GP_Cov/prior_calibrations/GP_Cov_replicate_089_prior_calibration.csv,1458,d5b94588f15b8f811f1dd15c3b843b46,a24d2c60853738fc4d9b3cf323a8b634ea618e3af83cb4ab762293ff4347b8d0,,,GP_Cov
GP_Cov/prior_calibrations/GP_Cov_replicate_090_prior_calibration.csv,1460,38a2208e7efffeedd305224f4bc585e7,f50949bce0e5a9ea7db371f0e78c2ced7ada80bbc0bdd6e5faade721cf7e7427,,,GP_Cov
GP_Cov/prior_calibrations/GP_Cov_replicate_091_prior_calibration.csv,1459,1acf498a5b249ea046710ed7cdb89d15,512508c3e08c62560c95ccde35e801c6d73d63d7237bd4ce3b3b6d092fea171f,,,GP_Cov
GP_Cov/prior_calibrations/GP_Cov_replicate_092_prior_calibration.csv,1459,0f135455336f7a0f87f55289f3b7f92a,21e64791313645bc9c861ea8479ef46f320fa7e502f54d19d6255075141fe310,,,GP_Cov
GP_Cov/prior_calibrations/GP_Cov_replicate_093_prior_calibration.csv,1459,fee4661f11abc31c92a9bcea29ff3268,a75b89e12cd6ee094b7a99e3d689c6d9019c8992b862f266144080aa7ad65f7d,,,GP_Cov
GP_Cov/prior_calibrations/GP_Cov_replicate_094_prior_calibration.csv,1457,45e058de9928f33495745c4b34f0a865,c09c16adfdc64f5c7de69bffc884ccfccb7c64a927aff2ea610b3ca7217b28cc,,,GP_Cov
GP_Cov/prior_calibrations/GP_Cov_replicate_095_prior_calibration.csv,1457,dbbfedbc939de0ffc7541e0691155f3d,b2d8e38753958b1c17dc794d48351cef93399e6ea7f8afc77b2593344838e5c5,,,GP_Cov
GP_Cov/prior_calibrations/GP_Cov_replicate_096_prior_calibration.csv,1460,9dc269b3eca2fe1fd329978a17a81942,bac6e5d12ba93dd46ad42ac02275782376227098fe66a9fa4bdbf699509f193a,,,GP_Cov
GP_Cov/prior_calibrations/GP_Cov_replicate_097_prior_calibration.csv,1459,603d5c1d6d919ae742337c45d105f1c8,5aa052b5eb45b01d8976c66faa2119ed2e54af353cb26cf36a32c9ddf2b8fc66,,,GP_Cov
GP_Cov/prior_calibrations/GP_Cov_replicate_098_prior_calibration.csv,1459,234bd82b58d7d7865bbc73a473467ff3,a5a77f2fd8c93f9a1c8de4d371de43fb3515549c62b07fc34411f7e9a1f0ec4e,,,GP_Cov
GP_Cov/prior_calibrations/GP_Cov_replicate_099_prior_calibration.csv,1457,735b149b706c82b9627fe8f742655a35,c9b0cdb5d60856a07a59adb4eb7e9fcc0139a631c8660808f660c3f8a5bfffaf,,,GP_Cov
GP_Cov/prior_calibrations/GP_Cov_replicate_100_prior_calibration.csv,1461,629d20fbae5523a8d42444e2801ef4eb,ace2a65720ad4bce6d94dda7c413bc1ee6f61b96f9aaa9d610b6e9b8a77cd078,,,GP_Cov
GP_Cov/production_checkpoints/GP_Cov_replicate_001.rds,14006,953924a175317763b15a144d70671143,894e7e0bd3a9be125aac9f9672817f12ed99175c11eeba0fdb0e7e3a982ada02,,,GP_Cov
GP_Cov/production_checkpoints/GP_Cov_replicate_002.rds,13976,1f30e48dbf655471ea50ce6c5edbb544,0031aa0ebccdd5475488b2dec6482f0e6c4ac19a9a79f1b14078b288ad37158e,,,GP_Cov
GP_Cov/production_checkpoints/GP_Cov_replicate_003.rds,14047,9aefa397639b1e67291367989d5c7c0f,dad4517436d90261e65f8132306103eac515e2c9471b22b6735d4c3601d40e6d,,,GP_Cov
GP_Cov/production_checkpoints/GP_Cov_replicate_004.rds,14030,36410cda22149984877a11675070c258,ce97609706c1f58e4052909dd4da9f235cc1a32318bf9a1fd8d8245b5a2f89dc,,,GP_Cov
GP_Cov/production_checkpoints/GP_Cov_replicate_005.rds,13939,1758c66aa355ec6fb2a2e79101bb2d78,c4e7137ce4584cb2baf9fba25ebcfd968f4edb1918196c259350031993bd7114,,,GP_Cov
GP_Cov/production_checkpoints/GP_Cov_replicate_006.rds,14003,ea3c51fb95c1c0a2ea15720ff7c13dbf,1e1a42d6a8022e4686b71f298b9ca8ceee369d524ad4c412272f94bf060159af,,,GP_Cov
GP_Cov/production_checkpoints/GP_Cov_replicate_007.rds,14041,804c49408b1b62fc70e87438b012b6c1,0086fc54a3ced3f97c8c778a21c7739586b8441770b2bbaa163334bff837a755,,,GP_Cov
GP_Cov/production_checkpoints/GP_Cov_replicate_008.rds,14070,ea48a3e612a129b4ecd6b86537738045,1c6c925b9ad13534866da008d25628efde900984de5b7deaaaa7b6370de34ee7,,,GP_Cov
GP_Cov/production_checkpoints/GP_Cov_replicate_009.rds,14005,13b4295c350dcc37f5620429d8522f9f,630a9a8831b4233f34baacb063b13b9ee24f2bb598be0d1025e1c9ca59eb3318,,,GP_Cov
GP_Cov/production_checkpoints/GP_Cov_replicate_010.rds,14035,c4e5919967b482d5d9390b1da9965097,d8e66886479ec1c123dce6cef1be0a69a9bd3e052b13902fa9803f4f852ad656,,,GP_Cov
GP_Cov/production_checkpoints/GP_Cov_replicate_011.rds,13967,cc1afe7fbfdd57aa9801fcb7a31762a0,4b226eb352b78174f9f7406a0cfbeec846a22ab93425a369578fed2f864ae930,,,GP_Cov
GP_Cov/production_checkpoints/GP_Cov_replicate_012.rds,13989,20fee91760c9c1be77025c663ff1fab5,a34141b0ecc3eadec659396e15af5c0666b939da262584bf586e572841e20a2b,,,GP_Cov
GP_Cov/production_checkpoints/GP_Cov_replicate_013.rds,13910,c9fc76ab575cf8b4e87c09fd9a051c70,0765ede5d3e6531caadb62e0bc64fa1bcc0c2eaacfc8ffa8e5dd39287ea7649a,,,GP_Cov
GP_Cov/production_checkpoints/GP_Cov_replicate_014.rds,13790,069f3ddc1bd72de0dbc80ba3371cd885,eee56147f04cbc17903174ceffbc099f84edaac067f9a3e357f0d6f7c2c76e45,,,GP_Cov
GP_Cov/production_checkpoints/GP_Cov_replicate_015.rds,13904,dcfbb92e6e0d322e8ebdc685d72afb81,b72a2a9b9f8c86e90353f670b13cf383eb6e69280884fdd7d9389d8611e4f376,,,GP_Cov
GP_Cov/production_checkpoints/GP_Cov_replicate_016.rds,14043,fca2b276a1f949f846999de1963ed0d8,89dc050939d18b3ee995fc1f78c74edd81dce16749cc7bdf01d0e0f5b9343cfc,,,GP_Cov
GP_Cov/production_checkpoints/GP_Cov_replicate_017.rds,14045,ed6b0660c3b36729fc159c0a5475476e,0858561072bc5b7a14e425f6e5368c2f5e540311724f42e3cc3a97b1a788e9f6,,,GP_Cov
GP_Cov/production_checkpoints/GP_Cov_replicate_018.rds,13996,dff9adda86a764b3f74d59bca862ce4c,5df143f991801bf03982afbe2db7f2c80629a7150f11392784fa4aea56547e24,,,GP_Cov
GP_Cov/production_checkpoints/GP_Cov_replicate_019.rds,14027,f116078cb3b5b4ed00d6fbb2c5a6d7a9,c9452cc71beee47ded88a2083d2ed8d29cba071c98e42c9fac9cad33d46ce8d2,,,GP_Cov
GP_Cov/production_checkpoints/GP_Cov_replicate_020.rds,13932,04b8e479ad5527e96fff5ada9b047f41,3c69aa7daa0bcdab49ddb60a10c0cb5bc4dce8ad1d41014f0da502b80ba21773,,,GP_Cov
GP_Cov/production_checkpoints/GP_Cov_replicate_021.rds,14008,f868b4520ca48087f8663dde6320021f,76153159376ccdbfa1ebb9641bf05f1d6001173bae3d9e29e3565005eadb25dd,,,GP_Cov
GP_Cov/production_checkpoints/GP_Cov_replicate_022.rds,14051,e11d0e09fb0bdcafc5583c32fb0a2cd3,630328a65e862dfa668adc296232105dd9deaf245fb35295f395e46cd3a49ad1,,,GP_Cov
GP_Cov/production_checkpoints/GP_Cov_replicate_023.rds,13981,028b9df9271075d0874bc92cbc74eb6e,c2937e29df4d133bdf52d424f3b61be58feac250d74b1dba44178fb1e2e4bc7a,,,GP_Cov
GP_Cov/production_checkpoints/GP_Cov_replicate_024.rds,13962,5b1036351be9a2f80a4f3fdba699a0b9,9d0cc2874008f57daa29eec93e2e4a93ab93dc7ad685a3db2d3b324fb9511bb6,,,GP_Cov
GP_Cov/production_checkpoints/GP_Cov_replicate_025.rds,13928,b5c6aab92a272637467a7fa20d159fc8,731ee6a2b702ffea4cd2bf49c17cc05d12ff0b2bd92e3217342f6d8a5a0454ce,,,GP_Cov
GP_Cov/production_checkpoints/GP_Cov_replicate_026.rds,14058,8cd74fa14ae4f05aa82f1c2011a74c21,97e0f7dacb452f6476314b65050e10605e867b6022dee85d7905d611c8262370,,,GP_Cov
GP_Cov/production_checkpoints/GP_Cov_replicate_027.rds,14025,8eb4ed8aef90991289665e506325cf00,a44a41d38e6f88fc4e7e303a4c08d089a2de94a65b5f62ad0dcb193653b0a97b,,,GP_Cov
GP_Cov/production_checkpoints/GP_Cov_replicate_028.rds,14018,e7d3b314469e013b6d2c1a43ab015d82,e2fa0fe3bb4215da0982b0b64e2ef2bd09e281bb3dbc84d5253f785191086684,,,GP_Cov
GP_Cov/production_checkpoints/GP_Cov_replicate_029.rds,13993,fd19727ce227d5ae97e440fdbb1fac22,da77c666f69edcdffc76281566a459c4d85a2a8d784181823264fa724fc96422,,,GP_Cov
GP_Cov/production_checkpoints/GP_Cov_replicate_030.rds,13984,a7b2b0ade5aa26dd2accf0fc6f59b988,ac9d80dc04bc6f7f8e099a49cb689d2afda6394bdfdca5d36770d138a8a883b8,,,GP_Cov
GP_Cov/production_checkpoints/GP_Cov_replicate_031.rds,14054,469f663c0a1df41ce991b432c0d4cf6e,8976e4281d6e639173a32b9b86e89625061dc68ae68602f6557659589f89f397,,,GP_Cov
GP_Cov/production_checkpoints/GP_Cov_replicate_032.rds,13976,9fc1fe7291ebdab8af62aff6121b37a1,29823e464747c2e9aa65b8b6b4a8acd99a1cd274ad80b2cb84490be3b75a0dae,,,GP_Cov
GP_Cov/production_checkpoints/GP_Cov_replicate_033.rds,14003,8ee0c543680950b434ad6ea2b710a2b5,4a49eee07aef5cd782dc95ffad0f47657193b2deb421c396f7797a755f3bcfbc,,,GP_Cov
GP_Cov/production_checkpoints/GP_Cov_replicate_034.rds,13902,b84427a02dd1532a5e9766c4bc7bd60e,29a8ab2be8c1c5b84b1878a2ac4c95543bac84a6bb47dcd8c7f19453a60eb4f1,,,GP_Cov
GP_Cov/production_checkpoints/GP_Cov_replicate_035.rds,14065,b0af662c0f01a32576ea5b080a0fc249,46545aedad35bb17029cf80c956e828e66b926303325dffeb8bfc6acc8fccf7d,,,GP_Cov
GP_Cov/production_checkpoints/GP_Cov_replicate_036.rds,14003,6700ce426161b26468ff101b8cc44ce8,3f7c56146cc7cb2ad26bbb35f0cb6d2e534b532a0b6216000e7f6d13252be7a9,,,GP_Cov
GP_Cov/production_checkpoints/GP_Cov_replicate_037.rds,14042,47afcf29dc78f23f05413887377b5de5,e3b1a7b2a82f91f366df7684a81edbc3a3900fa3e4be08de63b2ba78b60461c6,,,GP_Cov
GP_Cov/production_checkpoints/GP_Cov_replicate_038.rds,14033,02b9d29fddd8972490324869e91fc1fb,875351e1ec33b92880571fb350af4f3f6ed22e0e04f58b7ef881a840538777d1,,,GP_Cov
GP_Cov/production_checkpoints/GP_Cov_replicate_039.rds,14001,e4669483135bcbc54d77c7ca41b02d67,5e0f3a2afd8873b6ef2d4df7f205d192a5a44a1039326781c70a2f7b18b080e5,,,GP_Cov
GP_Cov/production_checkpoints/GP_Cov_replicate_040.rds,13960,608fdef69eb398ab1b7d656f182ac4df,d8bdea342a467fa696be9497f13f4ae1a5ea8174d97eca01ab68a03aadb9b01a,,,GP_Cov
GP_Cov/production_checkpoints/GP_Cov_replicate_041.rds,14033,d9a58f69ff1b71666531876145febb03,5abacf8d6663b97a1f9fd9586050e96e13260f68806783aa9ef77db20689f1e5,,,GP_Cov
GP_Cov/production_checkpoints/GP_Cov_replicate_042.rds,14069,3621be4ed2d75c5c7b7fa106bb36847c,77def8c20f1684f16222ee6df19b19e39e397baf9acf14a38bc9fe95523bd857,,,GP_Cov
GP_Cov/production_checkpoints/GP_Cov_replicate_043.rds,13966,18d0f0627c11fcc414562fff7002838e,9ad353191ec2f19c80cc5a5c8f7758d416e2726b5bede048090724ae81dbd870,,,GP_Cov
GP_Cov/production_checkpoints/GP_Cov_replicate_044.rds,14047,d8b38a38c2a5f3d40a8cde1a51c3a566,04fd249a55160f3f0478ff2d847066071637dbde9463a4939a6345900e100e2d,,,GP_Cov
GP_Cov/production_checkpoints/GP_Cov_replicate_045.rds,13994,0a4c9c17356a2eda44ec0abaced7abff,b4a837776743c648611c32bec3bb813e01943ac2e54d1a4bc8c4405fba84b6de,,,GP_Cov
GP_Cov/production_checkpoints/GP_Cov_replicate_046.rds,14033,7152732c6383c47a85fed3bd3469b814,18bbeb867cf98c6dcac9a002a71e3f898cf6dd401979de2773d3b0b80593e93c,,,GP_Cov
GP_Cov/production_checkpoints/GP_Cov_replicate_047.rds,14025,24d4052162f32700c20025aeabb68a55,88ef2bb5d7989910a776e2f1eee29c699a25a9b95e0402c7d6c660e932e892d4,,,GP_Cov
GP_Cov/production_checkpoints/GP_Cov_replicate_048.rds,14016,38fac8a140c0f752942ed139606bc602,57d0be03533954b59a601881febba96f041eaa5f66fefe98ee271ee4f9967ce1,,,GP_Cov
GP_Cov/production_checkpoints/GP_Cov_replicate_049.rds,13888,043fde50cbc1c6e2f5d455c13995ac6c,364e68a8d1b43434355c33e45a2b6b423bf698e3c113a167fd216691906494c2,,,GP_Cov
GP_Cov/production_checkpoints/GP_Cov_replicate_050.rds,13989,ed4c9871ae1b6ff734dca71c50d37f34,a063eaa60a3912eff51db4b28bb783232b7410a61a3530b5f0c37fcae6c807db,,,GP_Cov
GP_Cov/production_checkpoints/GP_Cov_replicate_051.rds,14063,b44eff0b34bbb26df4532faedba51f4e,9219cf8b731ae4cfed13e08702437b383b42eef163c5aa198106b440cf17baf1,,,GP_Cov
GP_Cov/production_checkpoints/GP_Cov_replicate_052.rds,14064,873291726c262c56388e630ef61c6cbe,dee7234a234b98a740c39789e15b7085b23d0bfdc0e5c1affa0474e5e345f229,,,GP_Cov
GP_Cov/production_checkpoints/GP_Cov_replicate_053.rds,13973,a60560ad7fe3b164bcc2b5d3c3d08ffa,5cad614f77182d4cf6c4efa0f0dfeed8b740cfecbcea4a7f910ec540bab70b4d,,,GP_Cov
GP_Cov/production_checkpoints/GP_Cov_replicate_054.rds,13999,8db795d7ea647daa0f1f7e14795748ea,e7bc909ae3d91b6cf482a8b309a99aafcac6928e54b385b953300a44d0d8047e,,,GP_Cov
GP_Cov/production_checkpoints/GP_Cov_replicate_055.rds,14073,46e64c9f76eb45f55c16983f5d0b8eed,51ad33231d994f481f9d212de5b19362246c948ffb59eddee7e108fa6bebc62a,,,GP_Cov
GP_Cov/production_checkpoints/GP_Cov_replicate_056.rds,13939,93a5ca2496a645d6219ae8e9515d608b,4be95a3bd8b525f6246994d895d766abb35c6d2a204ada10cc362aacb4ff325b,,,GP_Cov
GP_Cov/production_checkpoints/GP_Cov_replicate_057.rds,13894,055c30d9a3c1b52a7d854dbd2e0f0775,18c1d5829c1aa8c37515ab7426faef3a0581215b2a9ffc21e2f5c38be127c505,,,GP_Cov
GP_Cov/production_checkpoints/GP_Cov_replicate_058.rds,13999,995111a7fcac5b33d1ac32dfef87c3e3,f553a3eae30720837c98e0e4b8db8da7a054012838e2a3437d3e6788bee4bdc8,,,GP_Cov
GP_Cov/production_checkpoints/GP_Cov_replicate_059.rds,14012,02c178e55d0be18f7568642690da8a58,08ab54486f19c21868a57a771b19f314b5417624caf385756cdd171a86a6d25e,,,GP_Cov
GP_Cov/production_checkpoints/GP_Cov_replicate_060.rds,13966,c5467691c5f9a261e0f1d06c45f83980,e6f7d47a2299d39e0d72735cf8e41f60cfc9d82d893ce4c32466d8cbc4f9a3d4,,,GP_Cov
GP_Cov/production_checkpoints/GP_Cov_replicate_061.rds,14027,dec83e30547d61aebb0aa663c266ff67,3e45a166ba3c783a3314cf76869d5e963ec6666f309dae337a786d3b8b3c6848,,,GP_Cov
GP_Cov/production_checkpoints/GP_Cov_replicate_062.rds,13948,2fcc184ee589ee8d0b7e91fbcc53ded1,21f642003356484b6347655039342a4fa4fd4ccfa324334139f809fa76f52bf4,,,GP_Cov
GP_Cov/production_checkpoints/GP_Cov_replicate_063.rds,14051,b853af42dc0fa93c97a1f5c43db49cc7,74ca1326001f068d480a6f7e5d883680e9589a1590cbbb4ed1c53f37c60eba90,,,GP_Cov
GP_Cov/production_checkpoints/GP_Cov_replicate_064.rds,14050,ae4510b79994f3edd47824f669012c4c,d7372ff73d2d3e22d9edec938394e3c8b1a7f5cde16ffd9f10b8862380dcca6e,,,GP_Cov
GP_Cov/production_checkpoints/GP_Cov_replicate_065.rds,13969,8a71f9db153b6d815b6c5f9879694d84,a2db94bc08179eec7c4cfae4059ab07c48aeb474776c11bd38c78eba30bc0dda,,,GP_Cov
GP_Cov/production_checkpoints/GP_Cov_replicate_066.rds,14007,4f799701ad6bdff1c62644bf6d261478,a2cb99cbebbbcddc9bf7848cf3baefb0889ac8255fd9b2e3807e5289bcedcb51,,,GP_Cov
GP_Cov/production_checkpoints/GP_Cov_replicate_067.rds,14062,23ba7edef9e460ec14ff199354fdb4f3,19763c9605240308cfbdc3cd47eea1bb6e5415000722f12d0dcac0dde4cfceec,,,GP_Cov
GP_Cov/production_checkpoints/GP_Cov_replicate_068.rds,14054,1532991a010fe98ee77e72d3891a3efe,45167412837ae68f8ccd6851e42706aa3bf2550f8a7f6a9954fb493074d076ba,,,GP_Cov
GP_Cov/production_checkpoints/GP_Cov_replicate_069.rds,13946,084fe156357ed157bbcce2bae6f4a4b6,39da98f5c3de8f560610ce0611a76b84719843c49bee9b064eeea0b3529808cc,,,GP_Cov
GP_Cov/production_checkpoints/GP_Cov_replicate_070.rds,13922,c535fcdd9df4bb041e73edc284ad6435,4edc1ef45f6d430a8d5678d6cad6c44201f3eee7a40353053ec21eb09114f0c9,,,GP_Cov
GP_Cov/production_checkpoints/GP_Cov_replicate_071.rds,13956,f95551ba42668b8f5a4cefdb03e0ab43,f8daf6e5a1bfb6a28a34c558f49ecdcdb8aabfdc9f1bbee6dc25d88b604675a9,,,GP_Cov
GP_Cov/production_checkpoints/GP_Cov_replicate_072.rds,14044,24b4a0fa4d364420095af568444b4230,607f77c38b4508d57f3fbc3a3aa277a61cd85f938f6bba2c60ff353119bae361,,,GP_Cov
GP_Cov/production_checkpoints/GP_Cov_replicate_073.rds,14026,18854427ffffc9d34905930f0f2ffc0e,0fbac4d8fc1ed3d3cc67fe0dd9603115b7e6fd23e33e32085f336fa8382fc493,,,GP_Cov
GP_Cov/production_checkpoints/GP_Cov_replicate_074.rds,14048,be2a972011016fb34f8c95eb091109ff,563008cba4b0f335258306e06e1cf4ddfbaeda74ba18d194ce06ae4dd52ca281,,,GP_Cov
GP_Cov/production_checkpoints/GP_Cov_replicate_075.rds,14056,8cac8167e46534da281cf6b593697092,26e2e2d1f6b5a69b36f24553d5c0901c4bc3b56ee8d44c6635165eb9f7916553,,,GP_Cov
GP_Cov/production_checkpoints/GP_Cov_replicate_076.rds,13990,bcfe37ff6a03e35323570eca5c39439b,063aadaca4d5439fd7a82f8a7b6d8fca213a34afad4ee992cedfabff876bcb25,,,GP_Cov
GP_Cov/production_checkpoints/GP_Cov_replicate_077.rds,14008,f10fb51d444dd626b57d9acb25ac09e9,03f4cfaf93285237723748a4aea23f543cb86e4427a94ed3fdc128f931d16e92,,,GP_Cov
GP_Cov/production_checkpoints/GP_Cov_replicate_078.rds,14069,1d9cf595178b3a5c0d498e5b3d4e7a4e,88bbbebe0f3d9be45e10dc833fdcc8725dff323595c869013c23472ca5025344,,,GP_Cov
GP_Cov/production_checkpoints/GP_Cov_replicate_079.rds,13910,3ba33c9967238ec206be006ae8161561,ba0bb9d9cf12af8537d5d7b5bfa688e83e760acfe1333cfd4ff6d05818476be9,,,GP_Cov
GP_Cov/production_checkpoints/GP_Cov_replicate_080.rds,13924,5d2c37984e5297c6891db308d195f1a6,b84a0cd6dda1b53553c5ea9e7908e46f2b75fd82e8fb2e5cff8587c294abac01,,,GP_Cov
GP_Cov/production_checkpoints/GP_Cov_replicate_081.rds,13928,3bacb7b8ede6106782a7d30637d6b509,bc61775433904c2494b88d2c6518029895ac0dd364d5cb8f2f00cd406c303c93,,,GP_Cov
GP_Cov/production_checkpoints/GP_Cov_replicate_082.rds,13962,fe4010a778e4377c2e81c48ca1127760,29d933fedd7a9f2df5dcb8c52f97eec95cdc8035fd9983e855eebc2d28f65410,,,GP_Cov
GP_Cov/production_checkpoints/GP_Cov_replicate_083.rds,14048,b738723c6d99165472cdd247e480a63f,adae1c7dc605cbe4a4a8b190a08455f185677ed4b3a9d623db84892c1a680dfe,,,GP_Cov
GP_Cov/production_checkpoints/GP_Cov_replicate_084.rds,13867,a6b090c966e640b7034d4bd744957fee,45896242fdc67b9621c931c3e5a3dea54874689b60133b477eae85a76caf8be7,,,GP_Cov
GP_Cov/production_checkpoints/GP_Cov_replicate_085.rds,13979,cb3f222a798b75eb7a41acb74a4aabe0,fb076f2da12548c965f483f1b69117ca6351636cf3aca764c3e494c3b9721041,,,GP_Cov
GP_Cov/production_checkpoints/GP_Cov_replicate_086.rds,14023,3612aa83d89a679c3753b8968905970b,82bdc0a4e8d3dea139b161f9fcea20e95e3b0a6f01a3354e80c2242d12a8b1aa,,,GP_Cov
GP_Cov/production_checkpoints/GP_Cov_replicate_087.rds,13976,610aad988f49f0b08515a45a71c07bdb,d09c45c836656a640f4d7b72f4dece12e498f9aa62498b55256af4e3ebdf0bee,,,GP_Cov
GP_Cov/production_checkpoints/GP_Cov_replicate_088.rds,14081,13018932cebb8540429c1fbcef52484d,adbe9672f2acb9f884a21aec4ee214e9f269fd3baa0c6c9e721ec75e74206952,,,GP_Cov
GP_Cov/production_checkpoints/GP_Cov_replicate_089.rds,13980,87aff8ef599992ec34aa7c71afe07def,1251fa1d9b7edb6ed340412b9fd3622a4c9b3e2f8bd32f26dc3c19ff31ada114,,,GP_Cov
GP_Cov/production_checkpoints/GP_Cov_replicate_090.rds,13944,8a5f1013a85868179795901fd259602f,e32e984784d27944b3f00f35b5e0dc559528de0fd1a60b49954766fb7779fd46,,,GP_Cov
GP_Cov/production_checkpoints/GP_Cov_replicate_091.rds,14014,1c0f3b5810c23c64e8d70d43872d80e6,5b32826fe4e02ce1c75371f2a34e59efcd32f5a691a9b587ab01d541e8e424f9,,,GP_Cov
GP_Cov/production_checkpoints/GP_Cov_replicate_092.rds,14042,12329facb853d26e46796bf68c7633d3,af3ee7ec8f379f37201d915c36332a6c30129be921fb24d2a4edb8dc78299641,,,GP_Cov
GP_Cov/production_checkpoints/GP_Cov_replicate_093.rds,13990,471fd95875e9e0ecf645c84fc3c11195,472abae21499a0b95a2f82dd8970264c0bac595d5c64cd0cd9fe0f5222208e6d,,,GP_Cov
GP_Cov/production_checkpoints/GP_Cov_replicate_094.rds,14062,3691ae249cfbb9f264300a52951873d1,b5445aeaadc70fdcd74dabbeb0e726a5ceca349958baf00bc7e790d2e9ace332,,,GP_Cov
GP_Cov/production_checkpoints/GP_Cov_replicate_095.rds,14037,7fa9c1a04ce9304eaeab9d0524acc95d,766f9b83306cb7f695eb17d8dbb24e2fe5475c0eb158ac1d5ec9c9ffbdfaa7ee,,,GP_Cov
GP_Cov/production_checkpoints/GP_Cov_replicate_096.rds,13973,e59fc6c88d81e298f1748ce4e861fdc1,69a962a994dc13f839bf111ecc72e748edb14051f52e77390cf22b7e959a35f8,,,GP_Cov
GP_Cov/production_checkpoints/GP_Cov_replicate_097.rds,14081,729b85ed1d2fa1f34287c251f427d05a,20deed89544ea5ebd2a3df4cba4e99695fb1802c870b36424a91561e1167e5c1,,,GP_Cov
GP_Cov/production_checkpoints/GP_Cov_replicate_098.rds,14034,de2cd686b72ba5e2bf946e2ca5e662fc,e8c435dd513cfdb695e59ae04c034cee0b319602a75f1da3f4ebe8da20b686ed,,,GP_Cov
GP_Cov/production_checkpoints/GP_Cov_replicate_099.rds,14013,ade64068657df4a8d7ad6b599f192432,14bf07dbaec25365a1a1c9585d9988fcc58defbd8533fad7ad0ec28d7ea33668,,,GP_Cov
GP_Cov/production_checkpoints/GP_Cov_replicate_100.rds,13992,a3c5e29dc4966162e5c25efbc4caf09d,01bb71febba8c4900cb5ce107a0f2aedf178c28877393156241053a84e2a84b1,,,GP_Cov
GP_Cov/sessionInfo_GP_Cov_self_calibrating_simulation.txt,847,a73563ec98012acc951d31fc06a2d2ca,fc740320f69c38b6b8d740458af1a54ba8baa1bd61a0a83aee3b1fc0a3347a28,,,GP_Cov
GP_Cov_PU/GP_Cov_PU_FINAL_MAIN_TABLE_means.csv,637,ea96bdaac685ec843b4b09cdb63655f3,f4ad5718080bad2be1523dcda11742ab29cbcffb63642c7ac46a16e02280d1dc,,,GP_Cov_PU
GP_Cov_PU/GP_Cov_PU_FINAL_PAPER_TABLE_mean_SD.csv,617,564a5bdbbc3f29cf144765802a7a53c9,cc016f33fe7a4966b2c89565f8a1b79842885bc888cea6d662ded4b53ae46ab9,,,GP_Cov_PU
GP_Cov_PU/GP_Cov_PU_FINAL_UNCERTAINTY_TABLE_mean_SD.csv,357,06233ad7a47fd42fcdcb03a19df7a43b,0ff673d43dff05a18740632d0528937ebe138f0152d29f3785d3597f8dda7a9a,,,GP_Cov_PU
GP_Cov_PU/GP_Cov_PU_additional_diagnostic_summary.csv,3745,8a60e01cc26827e3cd747ffc91672ab4,584042d94eed2ab1e048de660d20d4393782859aaf26360234da6f9474489cdc,,,GP_Cov_PU
GP_Cov_PU/GP_Cov_PU_all_node_probabilities.csv,5717431,82f05a7b238b74126e89b77d8709e070,bb80e1156db5ed442be31e4d198640c94959d40c118f209421c29ab27e8a1ec1,,,GP_Cov_PU
GP_Cov_PU/GP_Cov_PU_eta_descriptive_diagnostics_by_replicate.csv,13258,9cadd0b9ed8d81b843122318acf153b1,bbdb838532f0307ecdb4216e344463b45c0666a247889a494cf4f1160b7499a8,,,GP_Cov_PU
GP_Cov_PU/GP_Cov_PU_failure_log.csv,75,415762f6f66023fe900ed436193d8177,60663936722ba4f3844c53a264aa9a5abee70d0b3de51c9e713756443deae104,,,GP_Cov_PU
GP_Cov_PU/GP_Cov_PU_geometry_summary.csv,15538,5db8a7b23a2c66c7ce08cc56f1bccd8a,5c956b236ce23b61bda82d18e62c86c014d8e6956d1547cf2a14ce8b9cd5d509,,,GP_Cov_PU
GP_Cov_PU/GP_Cov_PU_global_pilot_calibration_5_datasets.rds,4350,c99ceacfbebc6ae3a5a2bfc962469cca,6ae6d2605c7739b6fcc7ca544e24eaa31734845fd73a1929ec37ecd2970260ec,,,GP_Cov_PU
GP_Cov_PU/GP_Cov_PU_global_pilot_distribution_summary.csv,2098,480b5534fadac4ae93ecd194fc60d0d7,03b57f5d3043d38938e4cbf7636369f1eef81d3cc8e9920f95778d32a35d7862,,,GP_Cov_PU
GP_Cov_PU/GP_Cov_PU_global_pilot_per_pilot_summary.csv,1890,cd9063527be49a61596d408f9d62ef7a,7e3540930f582155e12f9d6763552eef0de5a622d2654dd84a8eb0d0e5ad6477,,,GP_Cov_PU
GP_Cov_PU/GP_Cov_PU_metric_summary_long.csv,3131,ff9603f97ae54a91ea3f5f4f4c98d8f3,6deded1a195f9839d5548fe8edc18ffbd3b1f37a5cb5fc9a7477c362c6886811,,,GP_Cov_PU
GP_Cov_PU/GP_Cov_PU_metrics_by_replicate.csv,70968,98b1b8d03be68bf5c0456fdd55c830f6,1d4f09b7602ac626741d10f9b992dfcbf3b86de9492bb7713d258f12b7e9b91d,,,GP_Cov_PU
GP_Cov_PU/GP_Cov_PU_pilot_prior_calibration_summary.csv,2978,3c006340b2087e071b8ee6f4faf98308,135dad572be9888446726be4a36b4b670f674d592bcfef56aa95dd5df1a8b51c,,,GP_Cov_PU
GP_Cov_PU/GP_Cov_PU_pilot_seed_table.csv,86,91e40a2fecb3891f31b6637c2ed1a5f8,61bda47d6da25f1280fbda11748ec1d975fd62d726f969c52140dd25b43ac521,,,GP_Cov_PU
GP_Cov_PU/GP_Cov_PU_prior_calibration_by_replicate.csv,50495,ccd8e3dce74006df84ac7f4d4a3165cd,67885b791becad59ce72d5415f8e534c19c585d610b4477cc2e2201991afb0bc,,,GP_Cov_PU
GP_Cov_PU/GP_Cov_PU_prior_calibration_distribution_summary.csv,1524,8c04acdf1e53d0c10d4acbb48406eddc,1aac29564af5e35d01fa9709c74938782f335a4f522cb48ea99b8eaad726315f,,,GP_Cov_PU
GP_Cov_PU/GP_Cov_PU_production_seed_table.csv,1322,1bfcb0836a4d7a5e035d7c2684c38e94,8374aba4db3a5919902716f9cb934410e685e2070007f466dce467b9eed7e61b,,,GP_Cov_PU
GP_Cov_PU/GP_Cov_PU_run_config.rds,2090,380e97a4df60ca4796d72ef4a0409478,1bfe4b6881f1916d015182b95dde54c3be40de1beed68473214494404b57d231,,,GP_Cov_PU
GP_Cov_PU/pilot_checkpoints/GP_Cov_PU_pilot_01.rds,561096,b01c2774807076af059924aaba6a34ca,1d23551dce7ba7b86f8277e1803683abb426d8c316ff489e6dae6a2d86067ac4,,,GP_Cov_PU
GP_Cov_PU/pilot_checkpoints/GP_Cov_PU_pilot_02.rds,562831,7417e756fe0e096ac620af1386e08fd8,8b65b12aee8da0d7516d1cef2458cdefe39fd8649484ef2cbbe28aa10ccd7218,,,GP_Cov_PU
GP_Cov_PU/pilot_checkpoints/GP_Cov_PU_pilot_03.rds,561251,40e61b1781108dc2a6f1f784c0159bc6,feb02d29fc3b76d1c3769147ac233732e7413c2548df69b7cc66dbf77351ab3f,,,GP_Cov_PU
GP_Cov_PU/pilot_checkpoints/GP_Cov_PU_pilot_04.rds,559781,1e32b14b873b85a6446066368fd6610d,d01fa6644537af7397146ce97c2fe987a0116f8a4795d0d84733abe4d189ca23,,,GP_Cov_PU
GP_Cov_PU/pilot_checkpoints/GP_Cov_PU_pilot_05.rds,563069,c5f5f7e2e7bff9dca3f0d9bbdb7124b5,16373731554dc83323c8f6a37ffab43c393cb132022543a38d4a27919cdefd46,,,GP_Cov_PU
GP_Cov_PU/pilot_geometries/GP_Cov_PU_pilot_01_geometry.rds,33345,92c2ca5de6652e004625548348338667,1c320f6f33f12f477a9709435eda14d37d87478fcfa9a15e04368c0bc7a1ca8a,,,GP_Cov_PU
GP_Cov_PU/pilot_geometries/GP_Cov_PU_pilot_02_geometry.rds,33350,2a8fb1257aa8d07b4dd7adce8e1901a9,a3b46d853382a2e571b224abb439e4fa17ff199c5d166542fb09686b52430303,,,GP_Cov_PU
GP_Cov_PU/pilot_geometries/GP_Cov_PU_pilot_03_geometry.rds,33348,599d26113ffb463580e87c37c071979e,07712e98d7bd5b52be319b901213de8a892833d26a0622f004bfebc78dc1288c,,,GP_Cov_PU
GP_Cov_PU/pilot_geometries/GP_Cov_PU_pilot_04_geometry.rds,33384,9241f5b6847bd3e014d9d19ce8e027fc,97fe9f6134cd60223eb67d9314f5720bef72810de7eb2bbc3a7696413939771d,,,GP_Cov_PU
GP_Cov_PU/pilot_geometries/GP_Cov_PU_pilot_05_geometry.rds,33342,82ef3426b3aaca8cf8c34d96293263a3,b559c4605eac9b2507738436ae9fa81d94cb366519435247c4a406e82a142365,,,GP_Cov_PU
GP_Cov_PU/prior_calibrations/GP_Cov_PU_pilot_01_prior_calibration.csv,1348,feaad3d0fd8bd878ca37f3674a3231af,7a00967333ec84a27379d30c29d48f9d5aa85669684cec4a494cd16683f30057,,,GP_Cov_PU
GP_Cov_PU/prior_calibrations/GP_Cov_PU_pilot_02_prior_calibration.csv,1346,173b27b18b42f7b8d0682ebcdd212ab6,c5756940a04cfa4a13559e47154ff50f41bde03de7a4a1248b6b7b8e395911e8,,,GP_Cov_PU
GP_Cov_PU/prior_calibrations/GP_Cov_PU_pilot_03_prior_calibration.csv,1347,cabd064e9c8dee0f1baefce20d9fb997,cf856ea14d48695236274c0ae9810f8e30e8f9f24adc54d0f53eb2bac4e28b0b,,,GP_Cov_PU
GP_Cov_PU/prior_calibrations/GP_Cov_PU_pilot_04_prior_calibration.csv,1348,a70545c7e06be0e760dd9e9b8b620c5b,78662fc407e31f93ab2dd2acf1d81b7dd7c78e2d578aca865d0b4686b3b8a843,,,GP_Cov_PU
GP_Cov_PU/prior_calibrations/GP_Cov_PU_pilot_05_prior_calibration.csv,1341,05e94b31b8897b1270b551143ad89b3e,46082333ddcd56e3fdce917f0ab653f69db80c02bdf948abe4175fd41d90c90b,,,GP_Cov_PU
GP_Cov_PU/prior_calibrations/GP_Cov_PU_replicate_001_prior_calibration.csv,1458,9e2299dada7a4024e0a447dfc2c7f488,4105a99c2e58029b48fe8739971040499a1023dc8fef894bd626f609d810657d,,,GP_Cov_PU
GP_Cov_PU/prior_calibrations/GP_Cov_PU_replicate_002_prior_calibration.csv,1458,dfdb9116103d39542010fe05bc8bd3cb,907b2626099a88242380f937a4ec20ff4685387cb6efe61c3751fcd26df998e8,,,GP_Cov_PU
GP_Cov_PU/prior_calibrations/GP_Cov_PU_replicate_003_prior_calibration.csv,1456,72d7a7c996601fb53052a98be122dd22,6fa66688af07313726ee58b8df38cc055d19bbdc7b825c8d2ee581f5b14757da,,,GP_Cov_PU
GP_Cov_PU/prior_calibrations/GP_Cov_PU_replicate_004_prior_calibration.csv,1457,6679df06eef22478b1776deccccbe86f,dfdec26ff0af7b243b9a233859eb37daa9d5953bf28249146f168dade1a59260,,,GP_Cov_PU
GP_Cov_PU/prior_calibrations/GP_Cov_PU_replicate_005_prior_calibration.csv,1456,282fcd84455d9c24e83143948b60b39d,a83f450ec712107506eb8dd1d9c5fcc1dbbb4790a10e5f4f3beb253476c6d6c6,,,GP_Cov_PU
GP_Cov_PU/prior_calibrations/GP_Cov_PU_replicate_006_prior_calibration.csv,1459,97648601b4d25454213b6a5c41ad9e88,b58e61ec37aa57d570f01297a7b56dc3847eec4f282eae74e2511726fff44abc,,,GP_Cov_PU
GP_Cov_PU/prior_calibrations/GP_Cov_PU_replicate_007_prior_calibration.csv,1457,157033824c15fb6aa9ae66b41acb046f,9b915d3ed575fad7a77c16442d11f64f78442b4062e1d9f4c264414e2f7bff0c,,,GP_Cov_PU
GP_Cov_PU/prior_calibrations/GP_Cov_PU_replicate_008_prior_calibration.csv,1454,1ded787d6e5262029138828f96bc36aa,b6a704694aebccdcfb9ea79e535eee1abc8373c43d35ec182e4e42bc6e372a4e,,,GP_Cov_PU
GP_Cov_PU/prior_calibrations/GP_Cov_PU_replicate_009_prior_calibration.csv,1457,82868d03216ba6aad3277f0766580fda,e785b910f4d6eeb0df676c66506ae88aeeb0a787937ad54d99b97cfb44ba8950,,,GP_Cov_PU
GP_Cov_PU/prior_calibrations/GP_Cov_PU_replicate_010_prior_calibration.csv,1458,5efd58d3766a9b6f51286cf0e5452465,9c0a9e583ce69ad1bb3a82a8b1b8c3979430ad42390bc6d7660d24b53001ebff,,,GP_Cov_PU
GP_Cov_PU/prior_calibrations/GP_Cov_PU_replicate_011_prior_calibration.csv,1460,fa765680b7cc5c5c53558f5e9444227e,c5e480834aae76a9ba5bd585e5c497f9d617c547da6ff643984079570042977c,,,GP_Cov_PU
GP_Cov_PU/prior_calibrations/GP_Cov_PU_replicate_012_prior_calibration.csv,1460,f1de128339459f864779c36f886d92db,a25ed4f1d5061e0dbde7ceac449f7947c1c7f6773ab584c0d2126c2e23fda957,,,GP_Cov_PU
GP_Cov_PU/prior_calibrations/GP_Cov_PU_replicate_013_prior_calibration.csv,1460,b53eb1d8b034617fa61b06b73a7894cc,3ef46f458b829f92334a05278ad5f6c79c6ab7a1c35d27c7708d25de91915aac,,,GP_Cov_PU
GP_Cov_PU/prior_calibrations/GP_Cov_PU_replicate_014_prior_calibration.csv,1460,23f492dca4954c8f682b4c25ccbd34b8,e863f94ca5ba7c3a648aa31b54fc5bd05d73d3d3be9b67157a0885aabfb5d4d4,,,GP_Cov_PU
GP_Cov_PU/prior_calibrations/GP_Cov_PU_replicate_015_prior_calibration.csv,1458,17423f50c48c1dd2e221c5d818e4823e,84a88044240756da0d2c4492880d2be811cd74f9813dace46a7a37f82ea2d72b,,,GP_Cov_PU
GP_Cov_PU/prior_calibrations/GP_Cov_PU_replicate_016_prior_calibration.csv,1455,02119213ca06a657448849df65dc07b1,ee9c3d48b881fc6253076be0f21486d3ac438a18800cb7790e4bfe0e199e27c1,,,GP_Cov_PU
GP_Cov_PU/prior_calibrations/GP_Cov_PU_replicate_017_prior_calibration.csv,1459,48314c35cf2fae122a57fd68264525f5,8d3cdf209072238f16f0d03c8a567e696c17fe7114af9764f4d322f858d7ab6f,,,GP_Cov_PU
GP_Cov_PU/prior_calibrations/GP_Cov_PU_replicate_018_prior_calibration.csv,1458,f4ca612aaebd78860633169357d55eba,cc5be798d0645e8201121ecb5c37c5473e8fb3fab94681a961b21529a535d1b5,,,GP_Cov_PU
GP_Cov_PU/prior_calibrations/GP_Cov_PU_replicate_019_prior_calibration.csv,1460,915757d48d708dbe86e40d3df902a93c,790135faf28165575c83967dcd204ecc1179d5974f0538721534ce11c8a9d3aa,,,GP_Cov_PU
GP_Cov_PU/prior_calibrations/GP_Cov_PU_replicate_020_prior_calibration.csv,1458,827b7a8c1615b41f83684a241f160ce4,daf17d32b380e44dd1e0431e0d62917244226a45d6531092fd4717e6fd54854b,,,GP_Cov_PU
GP_Cov_PU/prior_calibrations/GP_Cov_PU_replicate_021_prior_calibration.csv,1459,9873edc40ccb2fb207f9b3de08f1bf2f,7bfd0864fa218372df732fe0c8727a588db221ce05b3cdb018cda65920eaf2cf,,,GP_Cov_PU
GP_Cov_PU/prior_calibrations/GP_Cov_PU_replicate_022_prior_calibration.csv,1454,af875c041c58d177b2705a67e5661b9e,614a8d64ca9a5e05bdb0197bae35ed3f9066118af4db14b2a175420f47908751,,,GP_Cov_PU
GP_Cov_PU/prior_calibrations/GP_Cov_PU_replicate_023_prior_calibration.csv,1458,a7e5a299fb9f7bdc903b15e177c07654,dac40c963ecdf517751199ebe06a8fd8a0ce827610ed1a293079767ac4c42c3c,,,GP_Cov_PU
GP_Cov_PU/prior_calibrations/GP_Cov_PU_replicate_024_prior_calibration.csv,1459,89bce26812f87726521921597000da92,d9bdd3115fbe55ac9cd4b5cc63fd080830955907779445e2cd31e4c2c8c7df7a,,,GP_Cov_PU
GP_Cov_PU/prior_calibrations/GP_Cov_PU_replicate_025_prior_calibration.csv,1457,8de3d1e79cb1c84c4448d3eab406893f,a1c5eab9e91c8baa1fc5bc163dcd34f85a343fae42b779918f46cb2269e899d4,,,GP_Cov_PU
GP_Cov_PU/prior_calibrations/GP_Cov_PU_replicate_026_prior_calibration.csv,1460,03db69e99b2dced2b121145efbb4fb14,50675eb3c3f1f5a2a8c76345cf706c95258b920cb867028dfc510fb9866ba438,,,GP_Cov_PU
GP_Cov_PU/prior_calibrations/GP_Cov_PU_replicate_027_prior_calibration.csv,1460,de7df903800e2341d7d3d7d8ee3ed43c,9c09cec6d8534cd2cb6a7a5c69fa21ec639132d258a29be6c39065fccc5d3708,,,GP_Cov_PU
GP_Cov_PU/prior_calibrations/GP_Cov_PU_replicate_028_prior_calibration.csv,1455,dad6b4e8f389ed7e1e898d9c0db2dc75,a9200b21d42c9f37918a36e43103e32e713e91d2367985b670fa35bc41879895,,,GP_Cov_PU
GP_Cov_PU/prior_calibrations/GP_Cov_PU_replicate_029_prior_calibration.csv,1460,3e223103167455667095ebe0915dd999,f265b26069d86780b0f752900d036d31d51f6cd1f7df7e1d7d243c4f32365436,,,GP_Cov_PU
GP_Cov_PU/prior_calibrations/GP_Cov_PU_replicate_030_prior_calibration.csv,1455,b0b17fbb4769fd455655d294e54bc76e,49014f304e9a534fc83cb051ca69990be017d807eed0246c50986fee498ac611,,,GP_Cov_PU
GP_Cov_PU/prior_calibrations/GP_Cov_PU_replicate_031_prior_calibration.csv,1453,eeedcd38b99e48ca6df51244a51fb262,878a0849752c2d565fec1b92dad06387816ada73e69efed3a74b65cf1b4dff0a,,,GP_Cov_PU
GP_Cov_PU/prior_calibrations/GP_Cov_PU_replicate_032_prior_calibration.csv,1458,945f91d5dec282e988797e537a1a2556,5f54bbdd2a0408750421028a9db65b6d47ae92c5e5d5b2332b4aaf9e865a2066,,,GP_Cov_PU
GP_Cov_PU/prior_calibrations/GP_Cov_PU_replicate_033_prior_calibration.csv,1458,2e6c750ad3bba4ee4bea3be287ccb722,b39e310fa18ce63511d3984a7feaef2b8c06492c084ddda7ee4ff4e51cbf69c3,,,GP_Cov_PU
GP_Cov_PU/prior_calibrations/GP_Cov_PU_replicate_034_prior_calibration.csv,1460,19f88bed9db2eb588d23316c930d219e,76f135887a4f0e69ccf52b572bf7f13ca190ae41095e3943475445d28a112f1b,,,GP_Cov_PU
GP_Cov_PU/prior_calibrations/GP_Cov_PU_replicate_035_prior_calibration.csv,1459,2ab0ef03c4037f563c9924b6bff78258,59a8dcbcbef6318d534972281fb88fda19818f6c3902430320fb90b201702be6,,,GP_Cov_PU
GP_Cov_PU/prior_calibrations/GP_Cov_PU_replicate_036_prior_calibration.csv,1460,c34f16ffd5f36ff4c423c9befa5511b6,cb7e962b35dec1184eeba38553cc7f58bc68f074e48227981ae6e3a9e38e0383,,,GP_Cov_PU
GP_Cov_PU/prior_calibrations/GP_Cov_PU_replicate_037_prior_calibration.csv,1457,ea10f21b1f101e9efd673681693a78f7,6389c73ed4eea8c62c08da65e5ff09ac0677ade80908c91ccd2b9012f5f4652f,,,GP_Cov_PU
GP_Cov_PU/prior_calibrations/GP_Cov_PU_replicate_038_prior_calibration.csv,1455,c76ac9fa3027743734fddd2b5752db4a,80ad605c07507e57307d5fbb12936e842dceea8e694cefc33e5688bb14992987,,,GP_Cov_PU
GP_Cov_PU/prior_calibrations/GP_Cov_PU_replicate_039_prior_calibration.csv,1460,4791d1c8783314e7b1e3f8d41f134c6c,f4a570b90f59de01b21e01f60dfe71ffa9c3dd994a47bcc2c6fe9361446f3eb1,,,GP_Cov_PU
GP_Cov_PU/prior_calibrations/GP_Cov_PU_replicate_040_prior_calibration.csv,1459,a78ce8d1561ff32d0129873ed16dc376,b0bdbfe1686b0495f6b474137fa0c9dba43f301ca4e3eab995424c44a75e81c3,,,GP_Cov_PU
GP_Cov_PU/prior_calibrations/GP_Cov_PU_replicate_041_prior_calibration.csv,1460,df4c0c03a7edd838772a447cafe2e048,8ad42a14634f22d707438d5a806ccc414de7a2f9b5ae99e7b82e48b82a07fe5a,,,GP_Cov_PU
GP_Cov_PU/prior_calibrations/GP_Cov_PU_replicate_042_prior_calibration.csv,1459,8172c62ea4497f3d09124c8412cca280,a138d5fdbafc77c5710ec5817f376ee1d508760ac3e320530ed79437b0b21c52,,,GP_Cov_PU
GP_Cov_PU/prior_calibrations/GP_Cov_PU_replicate_043_prior_calibration.csv,1460,1033607175365edb97786625c8fd73cb,0d9eafd20237f75f2f935822e0f7d9fc7612ccb42a8712f64df699414f775b47,,,GP_Cov_PU
GP_Cov_PU/prior_calibrations/GP_Cov_PU_replicate_044_prior_calibration.csv,1459,549e3792c85cf0906875b15a8e3f8ac8,9e3220c205bb37e037acb2701ffae1096f4bf07bab97c866fe980ecd57762726,,,GP_Cov_PU
GP_Cov_PU/prior_calibrations/GP_Cov_PU_replicate_045_prior_calibration.csv,1455,ee4e2d061e7baf3cc6b959e71985c03c,becd5f9ae1d9f02a66f2b9fa44cb5638de9ea2f6758811732c3113e53bff9c75,,,GP_Cov_PU
GP_Cov_PU/prior_calibrations/GP_Cov_PU_replicate_046_prior_calibration.csv,1459,a13649e154fee91f6203ff6cfa478c06,807319044d4abee838a28137c0131f518758e17b583301750ca55dbf6d1eff65,,,GP_Cov_PU
GP_Cov_PU/prior_calibrations/GP_Cov_PU_replicate_047_prior_calibration.csv,1457,bb0dde6aa39a63a80b0122db913bda01,c1d4e1a793208fd19912af03a0f20ff00f4a670343ff31cb14155770024e2749,,,GP_Cov_PU
GP_Cov_PU/prior_calibrations/GP_Cov_PU_replicate_048_prior_calibration.csv,1458,67f3969b6ff4e60ea3be8466b6f89aa3,2a85c9a27dd9934761ab2bd24bad68468b7d53d2722cf39a03e19aa131239d88,,,GP_Cov_PU
GP_Cov_PU/prior_calibrations/GP_Cov_PU_replicate_049_prior_calibration.csv,1459,7d7581a82ae8acb5af546643e0ad272b,d55e6cc3f791d0d72e1974ca0e431ce0911791024f02815a5d9614d7135626c3,,,GP_Cov_PU
GP_Cov_PU/prior_calibrations/GP_Cov_PU_replicate_050_prior_calibration.csv,1460,97f4db1825f7dbe6bb4a06572833a113,a7630ce5906518a9dc9691aaaf588a04ba093af387e545cf686d5189bb97d042,,,GP_Cov_PU
GP_Cov_PU/prior_calibrations/GP_Cov_PU_replicate_051_prior_calibration.csv,1460,eae710ea115b3bc1d1b59aa80db24618,d5ca1272421ef6bb98b4ccf1eb43221e76fe00e1dd5f0cd3a48a986191f467e9,,,GP_Cov_PU
GP_Cov_PU/prior_calibrations/GP_Cov_PU_replicate_052_prior_calibration.csv,1452,ff7fb49b08ce10af38e6e6dd22d1a05b,ff5ec65db3c0147a017dc1099bb7a0be7b77808ab062d6339a01be15e27eaa96,,,GP_Cov_PU
GP_Cov_PU/prior_calibrations/GP_Cov_PU_replicate_053_prior_calibration.csv,1459,2fac3bbf27a6e9c2fa36c1ef9985772c,1fa9c803bec07312ff86210606797d414558049df2357e332d819449a51952fd,,,GP_Cov_PU
GP_Cov_PU/prior_calibrations/GP_Cov_PU_replicate_054_prior_calibration.csv,1456,01acbcd0cdb6b0beb0b6a5adc3a4ef6f,712c308835794bba2824d18129ef0b044b2983b6ebd917e6f207e3aa10f26336,,,GP_Cov_PU
GP_Cov_PU/prior_calibrations/GP_Cov_PU_replicate_055_prior_calibration.csv,1460,99bf714d37b3eac239ef1f8837eb1c40,26bc0e25b0fb67fd6f6d31ecb450e2cb9734736d26e309ead6e347e055deba09,,,GP_Cov_PU
GP_Cov_PU/prior_calibrations/GP_Cov_PU_replicate_056_prior_calibration.csv,1457,14504c13aa465472b1dedc04766144ed,6e1f4ea2a888da01ee9d3ad394693dc1a8048595da08006a1bd314e76c149417,,,GP_Cov_PU
GP_Cov_PU/prior_calibrations/GP_Cov_PU_replicate_057_prior_calibration.csv,1458,a0ae266628cd0417bf51628d37b2d160,e3a66841cf39c770d8fc4973793bff6dc78374570ee5e934b2be68740bae13ce,,,GP_Cov_PU
GP_Cov_PU/prior_calibrations/GP_Cov_PU_replicate_058_prior_calibration.csv,1456,e12774c85354bb5756d9acf9a055bfbd,0d19c26dbae4bb6e3ef30bfa03be00253e299e254b2ab8fbf09558faaa8a492e,,,GP_Cov_PU
GP_Cov_PU/prior_calibrations/GP_Cov_PU_replicate_059_prior_calibration.csv,1459,9bb0b5bfb50c24d1c74a837a4054c9bd,acc76db3820d376e909ec716dd196a1923016330260e8ec99823456bf4fcb903,,,GP_Cov_PU
GP_Cov_PU/prior_calibrations/GP_Cov_PU_replicate_060_prior_calibration.csv,1460,f13d0f8dea487057b28624b069ab2ec5,dbae76914357c1b46862ffa531f0ce73b1d617a3ed6a3d0af36dbeb4731225ae,,,GP_Cov_PU
GP_Cov_PU/prior_calibrations/GP_Cov_PU_replicate_061_prior_calibration.csv,1460,6ddbd0e3d670a5dab427281d27a04a15,803ddf9d32f290e787cece1abf83df5b8d047a2d59fea85e1fac0525a020b76e,,,GP_Cov_PU
GP_Cov_PU/prior_calibrations/GP_Cov_PU_replicate_062_prior_calibration.csv,1460,7423d362dbf900ead124edaee8490a35,ac1738bd4993112f0507a3765d5df566d6de360e3e198b5b763cfa73d2c54cc0,,,GP_Cov_PU
GP_Cov_PU/prior_calibrations/GP_Cov_PU_replicate_063_prior_calibration.csv,1458,31356450d1f24af96f0c699f7e48fb11,78469a55359f68ca4ac3192f687acd857a435e9b8b219ddbba98165dcb9d3849,,,GP_Cov_PU
GP_Cov_PU/prior_calibrations/GP_Cov_PU_replicate_064_prior_calibration.csv,1460,afe711df8509d97a978e27c89a9ac930,cf084a95173d942c538e68e871405aa138f90dc0bfa4c19e5bc071a1d46fcac6,,,GP_Cov_PU
GP_Cov_PU/prior_calibrations/GP_Cov_PU_replicate_065_prior_calibration.csv,1460,e2de0e5b19c6d0eee3fb55db3ca8d825,d51ef3bc67941d34f57ffe09de77692285b9787994ffe8fb793ebaf963fc0f20,,,GP_Cov_PU
GP_Cov_PU/prior_calibrations/GP_Cov_PU_replicate_066_prior_calibration.csv,1459,62a2d88931d10fca4e23c76cf2fa1997,a014e6eb6e8839aa5d0753723ed38e7ab7056c548937815f20d3bb18f5293b4e,,,GP_Cov_PU
GP_Cov_PU/prior_calibrations/GP_Cov_PU_replicate_067_prior_calibration.csv,1460,3b94285e00fea5f02332eda9abd319d8,fe20d0be074b38206933d414389504be3423ef86324176ce1af3720468f39abe,,,GP_Cov_PU
GP_Cov_PU/prior_calibrations/GP_Cov_PU_replicate_068_prior_calibration.csv,1456,5dfcbdea91f14fe735b7f0dba96cfc5f,349eb2c891e624e9a07a95dc8a6061a12e195f6e308f4f49cf19f7e2af7eaea1,,,GP_Cov_PU
GP_Cov_PU/prior_calibrations/GP_Cov_PU_replicate_069_prior_calibration.csv,1460,bc3be632a997b3944fd532627ea6ce54,c9d5d4dfbf3e7e87aa140c59ecfcd195bfdcd80ffda0df3df680fe4275da28e0,,,GP_Cov_PU
GP_Cov_PU/prior_calibrations/GP_Cov_PU_replicate_070_prior_calibration.csv,1459,ca47830d372b63434fef30dadfc9edb6,1da432381efe216e638162ca9ee2e306902ab4b0d15a5473e2c0d0d7b49f10bf,,,GP_Cov_PU
GP_Cov_PU/prior_calibrations/GP_Cov_PU_replicate_071_prior_calibration.csv,1460,daf9e5ba37156234347c9b78683910b0,c6fb6d989ecfaad81e7f0bd5098beb38c64b84b3eff1a20b120f9db19616b4a2,,,GP_Cov_PU
GP_Cov_PU/prior_calibrations/GP_Cov_PU_replicate_072_prior_calibration.csv,1460,40b06381c4eb29e34706254339ed53d5,200bcfad822f314da8a927946925018f7055ba230398c32fbdc99889a0bb5f75,,,GP_Cov_PU
GP_Cov_PU/prior_calibrations/GP_Cov_PU_replicate_073_prior_calibration.csv,1460,a827716f33f1c447f16f0fc6150675e5,35dff2a4d83d907f864fbf27fff3229086bf1f0f0c253b964c0faa9fb9ac7bda,,,GP_Cov_PU
GP_Cov_PU/prior_calibrations/GP_Cov_PU_replicate_074_prior_calibration.csv,1458,a5980a6114ad3da895ce07b6650b07a9,1539f2032d79cdba1d5e0d68734b7c2b0b048c511f738fd5e389a0643d4b0a46,,,GP_Cov_PU
GP_Cov_PU/prior_calibrations/GP_Cov_PU_replicate_075_prior_calibration.csv,1459,71c7f8a794b688189e1a6dd24a91e5b7,d1e87f8d15d6f7ee0d0c9ce3385b09789d942751ade847d4aa485aab10540839,,,GP_Cov_PU
GP_Cov_PU/prior_calibrations/GP_Cov_PU_replicate_076_prior_calibration.csv,1459,7dab9dee25cd21b795ef5df4dea0bfe1,7c2633e01690d4b57ef1e20c34b22ba244195cad5518072d035c135383c184a9,,,GP_Cov_PU
GP_Cov_PU/prior_calibrations/GP_Cov_PU_replicate_077_prior_calibration.csv,1460,64d5415616c60a55edb1f029cfb68f41,a523e13ad4a6232486549ae8431483287b68c0ed9f27f12cfc1287e73e179b91,,,GP_Cov_PU
GP_Cov_PU/prior_calibrations/GP_Cov_PU_replicate_078_prior_calibration.csv,1458,5ba02aec321198ad5d99d7e4ad414e2e,fdd83680d1d672e7f02da103b350e7069ac7bd82b279c2fc0c7864be698123ce,,,GP_Cov_PU
GP_Cov_PU/prior_calibrations/GP_Cov_PU_replicate_079_prior_calibration.csv,1459,786e6abaa6f2479120387189c5e52186,4e532e309b415bf0557e6412481751fba5d1a9669cbea96e65c1d8ff1136c8f0,,,GP_Cov_PU
GP_Cov_PU/prior_calibrations/GP_Cov_PU_replicate_080_prior_calibration.csv,1460,b7c313322efda28c74ca48ca417d534b,35bbb60f9ef53c592d2b976fa203e4e9fb720d8530396c3f972dacaa08c6d7de,,,GP_Cov_PU
GP_Cov_PU/prior_calibrations/GP_Cov_PU_replicate_081_prior_calibration.csv,1457,d349b66972a2e54277198bc9c5040bd0,a7dc97f139ac125ac0e0d45b4c0f35755e4cb4ef51d329ce6e941bde61aad832,,,GP_Cov_PU
GP_Cov_PU/prior_calibrations/GP_Cov_PU_replicate_082_prior_calibration.csv,1460,7c3b2bebdc362aee272df43276465d9e,d53498e2672061f395dc08abf61d6f5ccb37fb212a1a4384995e5ba06b7086eb,,,GP_Cov_PU
GP_Cov_PU/prior_calibrations/GP_Cov_PU_replicate_083_prior_calibration.csv,1451,057591acbac5ae60e4b251079be197d4,655c9b0394d89a4c12e9b9fa32c9f6d870c933d0223ab917e1dd640b796787c3,,,GP_Cov_PU
GP_Cov_PU/prior_calibrations/GP_Cov_PU_replicate_084_prior_calibration.csv,1459,1496d032082433603c3e7cdf6d62580c,0e9e043affc6a51e4167931ce0cf801945fbcf70ecd996e7d8016ce9470ffd76,,,GP_Cov_PU
GP_Cov_PU/prior_calibrations/GP_Cov_PU_replicate_085_prior_calibration.csv,1460,5ee98ea5f8ab1b0c819c26f78f0461e9,428d8c1e3e6e79b9a40daa7a33a827b883bf9be9eab2e88906724c34e9a7b91b,,,GP_Cov_PU
GP_Cov_PU/prior_calibrations/GP_Cov_PU_replicate_086_prior_calibration.csv,1459,20be0cf7efacdc28106928da336fc2aa,e5df6a9ae6de21cd92deb147ca139dcbd57fd35b6c353715feeda92a7d67d957,,,GP_Cov_PU
GP_Cov_PU/prior_calibrations/GP_Cov_PU_replicate_087_prior_calibration.csv,1459,46edd5e3f99ef3be66ddbd7486f4c796,86363efcb5a02aec2f9bc69e28c9b3f8ac38244b8f6a1d9a3a26b3f626254b34,,,GP_Cov_PU
GP_Cov_PU/prior_calibrations/GP_Cov_PU_replicate_088_prior_calibration.csv,1459,1059028705191642e3ef22a8735afdb3,32b9b78c3d451180026e39dabaede7399ad6a09c061fc5c96c1346649d0bbc10,,,GP_Cov_PU
GP_Cov_PU/prior_calibrations/GP_Cov_PU_replicate_089_prior_calibration.csv,1458,fc15387b56ae876448a34dbfa21fb034,f3637147d40855190380cb86b2dd5ad1d5a40687ec25eb7c36dc8d8650428133,,,GP_Cov_PU
GP_Cov_PU/prior_calibrations/GP_Cov_PU_replicate_090_prior_calibration.csv,1460,fbfb78c9638c6071e48cd2ed91f8d668,ef5a77f7da54949a82e9e1256031589b3ddb33dd9990c43db070d4074f33c6d4,,,GP_Cov_PU
GP_Cov_PU/prior_calibrations/GP_Cov_PU_replicate_091_prior_calibration.csv,1459,e59fad05efb972a3ca0c1f66d3b79757,eb1a4e0fdfdf2c240a672942ead613d5df7b9a0e7c827621bb4f5b4e34f73d11,,,GP_Cov_PU
GP_Cov_PU/prior_calibrations/GP_Cov_PU_replicate_092_prior_calibration.csv,1459,28e8e0a0c7d65a1f2c23349599f2efbb,c878e52fe085c9404231ba54a28aa1824069cddf871459b9fb3105b65cf176c0,,,GP_Cov_PU
GP_Cov_PU/prior_calibrations/GP_Cov_PU_replicate_093_prior_calibration.csv,1459,d48a04c3ad3efc6f898fca0af8213a61,d23acbb0418edbb61134c5025e5532025cb6be84a90e6e72f13295abd8e9f35d,,,GP_Cov_PU
GP_Cov_PU/prior_calibrations/GP_Cov_PU_replicate_094_prior_calibration.csv,1457,b08fdfdf564571de10e38d6a59c94a35,55c0774c21807488664a369bca22197367caa5eb76478351643aa322cb0d5cf0,,,GP_Cov_PU
GP_Cov_PU/prior_calibrations/GP_Cov_PU_replicate_095_prior_calibration.csv,1458,c56a59bda5d5e19284c61819e867d03f,9d4fec3795f4d8a0860b0dd0c4be9175754de920aa17a584fef891151094f9b8,,,GP_Cov_PU
GP_Cov_PU/prior_calibrations/GP_Cov_PU_replicate_096_prior_calibration.csv,1460,15f20990c70821ea27c87ad73f9d1a7e,3aedbf8d36cde3d52ceaea53f38ba3bf10def46a821f953592c0f944c9403769,,,GP_Cov_PU
GP_Cov_PU/prior_calibrations/GP_Cov_PU_replicate_097_prior_calibration.csv,1459,7c766b233d7cea51646de16724e716bf,97dddb7291db7ca8aef310482677a938ce58220ca01dcd5c1288bb27b991f969,,,GP_Cov_PU
GP_Cov_PU/prior_calibrations/GP_Cov_PU_replicate_098_prior_calibration.csv,1459,40e629c1da7098e7a4fdfdbc981f76f4,d19803f7d85431fe6d19156ff437017eecde5cfb3c023661e38c4eda3fcbd2d9,,,GP_Cov_PU
GP_Cov_PU/prior_calibrations/GP_Cov_PU_replicate_099_prior_calibration.csv,1457,03c4edadae582f501f572afddf56e8ea,bda4bae8237a072d4dece6c27b1ef0ba700e8f8bb79f0982de65bd5e872957c0,,,GP_Cov_PU
GP_Cov_PU/prior_calibrations/GP_Cov_PU_replicate_100_prior_calibration.csv,1461,68febac1005a34ca3181e2b27345ce47,0f8d0b1c23906332c6b36a3b9791ae10302f90a0508acbf512314954482cbfb1,,,GP_Cov_PU
GP_Cov_PU/production_checkpoints/GP_Cov_PU_replicate_001.rds,14234,e2d1addf2036b3be8fa2c3e011125f63,1fe5c197ee4324112a77fef8d248d6a6e70d628ef098d1ceb95a8b51461071f3,,,GP_Cov_PU
GP_Cov_PU/production_checkpoints/GP_Cov_PU_replicate_002.rds,14228,b9944d00909dfe6ed1c7067c5f148ea0,67f8c47e3e02a5831c5fff21473e1378656df4cc7ad7e6cadbccca868b5aed29,,,GP_Cov_PU
GP_Cov_PU/production_checkpoints/GP_Cov_PU_replicate_003.rds,14277,be5a3824960ac2bb30223963e9e47758,b5e1e0c546aa4bc6ba6c79398fc3b8da28c10f21ae09e6fb7cd77dd9964fb642,,,GP_Cov_PU
GP_Cov_PU/production_checkpoints/GP_Cov_PU_replicate_004.rds,14253,91585ddfb603356dd7c45f6b89466a4b,651cb586b43ea7c925a028f0eee7f945edbe4df97e2d8e4f92416582e5a3c04a,,,GP_Cov_PU
GP_Cov_PU/production_checkpoints/GP_Cov_PU_replicate_005.rds,14180,4d79df3d9bf81cc58336f7b59b702827,49ad7e579180912ce1279940a22b58d7ba4e060a2e265544a92353225ee5b1c9,,,GP_Cov_PU
GP_Cov_PU/production_checkpoints/GP_Cov_PU_replicate_006.rds,14278,f9446252546afa5a3930ff5e4ccb71ca,0583c0a545416cebe822b8f64c63bca2d33227e1cd8857bbe524ad123c7d1281,,,GP_Cov_PU
GP_Cov_PU/production_checkpoints/GP_Cov_PU_replicate_007.rds,14304,aa435206bcef174e55e631bda1dab6c2,950a71057af6160030b41a995bd68a773afdad743793997f590ea19360627a58,,,GP_Cov_PU
GP_Cov_PU/production_checkpoints/GP_Cov_PU_replicate_008.rds,14367,e5294098ec4b7439bfbffa852c7e49aa,f1a4022ff6aa94510b514388a3ab6ae4fab682d6cd11264d0be0e81dc0d33233,,,GP_Cov_PU
GP_Cov_PU/production_checkpoints/GP_Cov_PU_replicate_009.rds,14240,0264eb753cc5a145186bda5c73a9a703,b60d19656e6ca501a8482998385e7a6ef6ff31250baf52d68cd614b0d75fba98,,,GP_Cov_PU
GP_Cov_PU/production_checkpoints/GP_Cov_PU_replicate_010.rds,14244,0cfd547667c452c24123eed2f3e05c7f,1a3e0e1b06a4ca28b0a7987199c426b8c023992c846f23766883fb6e61a3fc96,,,GP_Cov_PU
GP_Cov_PU/production_checkpoints/GP_Cov_PU_replicate_011.rds,14207,885e93ad7c569d8f9c551294420c6849,4db584a08cf43e3e4fb84dd90c9895e60186df3b4414e888515edef2351b0877,,,GP_Cov_PU
GP_Cov_PU/production_checkpoints/GP_Cov_PU_replicate_012.rds,14253,10f2a1bf801fbe7e89a25ab76eaa141a,ce8243870e37d55a3a27f0a0ca15530eff0b801f431fb2d84b2298414ef61f7d,,,GP_Cov_PU
GP_Cov_PU/production_checkpoints/GP_Cov_PU_replicate_013.rds,14205,e8f8a695a889a2623222fd205e581bee,d453ca73a663480f373539ed9899a55239c1467f159b5bdc6b38e66682ae19ce,,,GP_Cov_PU
GP_Cov_PU/production_checkpoints/GP_Cov_PU_replicate_014.rds,14086,39746c2990de91ebef52980c068645d8,8e0cafd21bb3ba837d412983de8b220610bec27021886bceb77337e14bfd540a,,,GP_Cov_PU
GP_Cov_PU/production_checkpoints/GP_Cov_PU_replicate_015.rds,14133,3bd0d43240e6d92d05cbb7fb858c5dd5,cbf17ae6a873b4c7ae871a5fd69fb502b45ca49da2d7da34702743570d3f5084,,,GP_Cov_PU
GP_Cov_PU/production_checkpoints/GP_Cov_PU_replicate_016.rds,14314,342f5e06a0129b92dd9e133ab2389f11,ca960d50678be6ce882fd3fda496fba6650574d8bc6397ddddce0294d528da97,,,GP_Cov_PU
GP_Cov_PU/production_checkpoints/GP_Cov_PU_replicate_017.rds,14285,85e753c2f1a00fe3bc9b7dca3b850ea9,93dd8fffb1b199b3af71c15f9332c048cf020acef676b28baf2bad619bd970ee,,,GP_Cov_PU
GP_Cov_PU/production_checkpoints/GP_Cov_PU_replicate_018.rds,14270,0ffc441b42186c0cbe9c4028db6e8254,8fa8f43455c558a845b4c651820ca89c2edda11d165df55ec33542a3b5f7f8f1,,,GP_Cov_PU
GP_Cov_PU/production_checkpoints/GP_Cov_PU_replicate_019.rds,14243,fa35ba3667a73076c301ebc3dd9aad85,aaaebdb4c571092ab00fa57795e02b0f252ebc943bff1ede70f0c3f4b64d535e,,,GP_Cov_PU
GP_Cov_PU/production_checkpoints/GP_Cov_PU_replicate_020.rds,14175,1216a87fa63a3f7498c84eebd7e7a2ff,8bf3389e11e81272e87b51c12d83ae3da59815c0ff9d1abb4fe7a2c2eea3a6b7,,,GP_Cov_PU
GP_Cov_PU/production_checkpoints/GP_Cov_PU_replicate_021.rds,14313,58ed60a6b2d1f60542f28a688ff04834,1fb7abe4adb90c865cc434530bf03ac785f6c49af79b85c1624e87e6e7782db4,,,GP_Cov_PU
GP_Cov_PU/production_checkpoints/GP_Cov_PU_replicate_022.rds,14286,037eabbd47c910a3f3e44aef2871b6b9,135580d595a234a205620ffc69e82808664d2df01f9b78029ed881895ecaf6d8,,,GP_Cov_PU
GP_Cov_PU/production_checkpoints/GP_Cov_PU_replicate_023.rds,14266,07a9a7ab7ea16cac65264bb10604baee,3926a555d8ec9c8dc878b77701719530852685702b273a0e444ebba6d9649ae8,,,GP_Cov_PU
GP_Cov_PU/production_checkpoints/GP_Cov_PU_replicate_024.rds,14192,1d064d1bdd54691f9e3e9ab852287204,799e31f794eb9996bae607316c280a6753fb0393fac676ea64c187cd5c543cc0,,,GP_Cov_PU
GP_Cov_PU/production_checkpoints/GP_Cov_PU_replicate_025.rds,14123,147648841701afce3ba013ecbc734004,b7eef95588281e0a7ba5b6235539ea59954704d5d68be2e4a230c5a09f695eea,,,GP_Cov_PU
GP_Cov_PU/production_checkpoints/GP_Cov_PU_replicate_026.rds,14320,f5c412114d56614f7ed93ac9f94273d7,0d49772b48d1fb9f6c20d64c6558f1a642984efa4dbbeb4f3c552a4f3933ae62,,,GP_Cov_PU
GP_Cov_PU/production_checkpoints/GP_Cov_PU_replicate_027.rds,14323,1c9875a2a4cafd3befe94b9fd2c75edb,d6fc9bd073aec314a65d5eb32562f62e143c7fd8ebdac525b66bf272a0a06e53,,,GP_Cov_PU
GP_Cov_PU/production_checkpoints/GP_Cov_PU_replicate_028.rds,14282,655fceb2edc6ea2e36181008e73cb71d,3c8b67b5e77eb120a66937b2bd669c001a40412869fbff850557856015c3d3c1,,,GP_Cov_PU
GP_Cov_PU/production_checkpoints/GP_Cov_PU_replicate_029.rds,14233,39ed04088c2e0aca70772cc01cca2c19,a1b1f912f197617c65ab0e2a2e5a5d06ea3dfe412e02915e3812de5dd3caf80f,,,GP_Cov_PU
GP_Cov_PU/production_checkpoints/GP_Cov_PU_replicate_030.rds,14254,e08193ce3ed2ae6ac0304e3709d03529,94ecd2db66a250c4d78049ffb4a0fd9838ca58c4eb715308d946836874dc49a9,,,GP_Cov_PU
GP_Cov_PU/production_checkpoints/GP_Cov_PU_replicate_031.rds,14295,d922a85abaabeee09694c323883fb8e4,071690ea87411960b8205ae2738609da0cc131dbe203b7a6bb213ff1193d17c1,,,GP_Cov_PU
GP_Cov_PU/production_checkpoints/GP_Cov_PU_replicate_032.rds,14226,94d9c939a580fc07c5b479816360e766,fea7ef739ad38a6dd9c3e21a3ebcf5edca466d294e4f83524c8dca39c66c5ff3,,,GP_Cov_PU
GP_Cov_PU/production_checkpoints/GP_Cov_PU_replicate_033.rds,14272,a81ac11ad99895884819f32612f5725c,d278b52c7064d28aa293a223bd2149d2bdae892e9f351d556f2cc3a431b87805,,,GP_Cov_PU
GP_Cov_PU/production_checkpoints/GP_Cov_PU_replicate_034.rds,14126,509aad0d61bc409fea58ceb4275dd477,9c7b83e001b7c8c74396c852e162dc662412a11111f770f86c926283d7b2ce50,,,GP_Cov_PU
GP_Cov_PU/production_checkpoints/GP_Cov_PU_replicate_035.rds,14310,ae4d70454e3d05156cbb5fcf406ac06f,bd76ea23dd9c8756de400c213c1f2ce98b27a7feda00b62847627c9af9e23771,,,GP_Cov_PU
GP_Cov_PU/production_checkpoints/GP_Cov_PU_replicate_036.rds,14239,c2845a32d012b2472e00b047384b23a8,3c138e1f0c70e6b052a1336cf5a15cea237d6ae20ea390d305a18a50e1cb84ef,,,GP_Cov_PU
GP_Cov_PU/production_checkpoints/GP_Cov_PU_replicate_037.rds,14255,03b50bdbf6f3c55950b1b21cd6d8f777,341ec6402c72bbb83026974d4e33fb4c2f5671d44e25811afc2e05749336c8a3,,,GP_Cov_PU
GP_Cov_PU/production_checkpoints/GP_Cov_PU_replicate_038.rds,14292,ead71cdf9592e3cf066554b12ce80dc2,d167174ccb707c4294fc3ee1e96786fa9ccc1071d91291bac48d7085fbf47437,,,GP_Cov_PU
GP_Cov_PU/production_checkpoints/GP_Cov_PU_replicate_039.rds,14234,597a174f89928c0274352a06ae87d189,3bcf5125c06a29a7a2914e868de36a338a7c61ec6a6c8d0b585f35b459d9b822,,,GP_Cov_PU
GP_Cov_PU/production_checkpoints/GP_Cov_PU_replicate_040.rds,14184,d7262ca5c76982b328c8ebd4b217bf99,6e047d183b1c1f3010b4a93ef0fcd032a2fdd431bb57dd6ab0fe463e2fa4c3f7,,,GP_Cov_PU
GP_Cov_PU/production_checkpoints/GP_Cov_PU_replicate_041.rds,14279,fdad4ff26df7eed07ee6f405deb186b9,bfc168d642de5eeb5fc9c86f88e35c1d761622f341073acecc7e862c45a2985f,,,GP_Cov_PU
GP_Cov_PU/production_checkpoints/GP_Cov_PU_replicate_042.rds,14303,7049e246c89813772b3c89e0ed331e03,b969fdebd959a27feaf1cfe62f0f04e423f731e7a4dd57b9118fa65998ae9dd3,,,GP_Cov_PU
GP_Cov_PU/production_checkpoints/GP_Cov_PU_replicate_043.rds,14226,4b452943f820fa9fb8824506fa9b4cd1,9eb185e0bf3e77a5663b70fe10ed79325d5d29490e5e7cce9053b27180ff8627,,,GP_Cov_PU
GP_Cov_PU/production_checkpoints/GP_Cov_PU_replicate_044.rds,14302,7e361eeecfb9eb5407cd568758ed3277,c99862d041d1c67144617db218f1ff6a3ae0648e4174766611b3a8fb3d22a758,,,GP_Cov_PU
GP_Cov_PU/production_checkpoints/GP_Cov_PU_replicate_045.rds,14227,827421e3432a0b3f03aee4c17dd0d066,c251278b3ba8ee960b2d968e78514e806b8fbb0388278f83d5e3dafe8f934cb5,,,GP_Cov_PU
GP_Cov_PU/production_checkpoints/GP_Cov_PU_replicate_046.rds,14279,34101905f55c3a0e72aed87f0773337a,c1762622baece395f9aa83a7481257c154f20b6a75188f0b7b5844542dc08d79,,,GP_Cov_PU
GP_Cov_PU/production_checkpoints/GP_Cov_PU_replicate_047.rds,14250,8a7e557c145753f91fa389e151b1d42a,860a2050ebd1ee6c5998fe4df37ce38068fe64ffa79c5df4d39c80d1992b991f,,,GP_Cov_PU
GP_Cov_PU/production_checkpoints/GP_Cov_PU_replicate_048.rds,14293,a018dd977206951e52284240008d6c37,666374d824d46ee173d5e61dad9a4809e1b2cc883311ca9dfbdccbccffe4061a,,,GP_Cov_PU
GP_Cov_PU/production_checkpoints/GP_Cov_PU_replicate_049.rds,14116,9436a70478e4e547d271b665817d69ec,d58dbf74e7d70acc95ead57cd3000b3f0136d2ad9ff455833e494789d5e352f2,,,GP_Cov_PU
GP_Cov_PU/production_checkpoints/GP_Cov_PU_replicate_050.rds,14207,8d49468d9018bcf9632f433edb3ad8a7,a24fc9df9785247245d8498825e25ed7cde03f8b0074cea0d80ce9ba4ca474c5,,,GP_Cov_PU
GP_Cov_PU/production_checkpoints/GP_Cov_PU_replicate_051.rds,14305,213355632a2a982c4cb88d90d9897bfc,ff94d0b99cf3aecff6d7a5d8db26a9958e5126982ef8fa27befd9aac74180b45,,,GP_Cov_PU
GP_Cov_PU/production_checkpoints/GP_Cov_PU_replicate_052.rds,14360,8ca91f86a9faffec9fd5339ca3e51cae,a596729834d96b98cd567030109f2538f265d0a5e7c79c99e2200c0ba9f1b39a,,,GP_Cov_PU
GP_Cov_PU/production_checkpoints/GP_Cov_PU_replicate_053.rds,14242,8e29c99e8494c04857c8de9fb55ea88c,e972f632c22eea9477ced111f16bac05bd5f3679e137a9981871eb7c744dd483,,,GP_Cov_PU
GP_Cov_PU/production_checkpoints/GP_Cov_PU_replicate_054.rds,14256,dd17354e724e7f4cc3145245e3d2efc3,c4d9b1b745f4d5fdbc7ea30cd06742e692e8bc2b676b22650e807d6067b49794,,,GP_Cov_PU
GP_Cov_PU/production_checkpoints/GP_Cov_PU_replicate_055.rds,14313,1afbd0c2286ba6f15561856a020498ad,1919d15f5e802099f424d8193df93409d08efe3d8e5663042c3e918f1504f3c8,,,GP_Cov_PU
GP_Cov_PU/production_checkpoints/GP_Cov_PU_replicate_056.rds,14139,70634679cbc53675418094b321daf626,d35f7da4cb25794cca911e3f3af27a22b63a3b9b343d865182cc449e77f40a63,,,GP_Cov_PU
GP_Cov_PU/production_checkpoints/GP_Cov_PU_replicate_057.rds,14177,a9671b0cd6eff93075fd833229567f6b,4465cc76ee9927cc1b8109bbb62e550a0c7ba8261ff1c49c8af50c41ee9bdbc9,,,GP_Cov_PU
GP_Cov_PU/production_checkpoints/GP_Cov_PU_replicate_058.rds,14233,bf9a24727723195c6b864343fa7ecdcb,d49d1405453ba920575b3f069f0e5409c5c5468190c6bb9500e23e7b2c6e8ea7,,,GP_Cov_PU
GP_Cov_PU/production_checkpoints/GP_Cov_PU_replicate_059.rds,14185,d558dd25d894a649e4c960d9f97a842a,353c8ce2dfac918c8d86b182a30459546359725d35c4e240d0a5f2890b27a8de,,,GP_Cov_PU
GP_Cov_PU/production_checkpoints/GP_Cov_PU_replicate_060.rds,14223,e58f264354c852f6a68f51e40b0fc663,69ec52b6e6996869c7cce750dd2509631cbafa67d44f9fbff978ae2448371f00,,,GP_Cov_PU
GP_Cov_PU/production_checkpoints/GP_Cov_PU_replicate_061.rds,14329,d427e05a207dac1dc26ac4a5ab3950a3,867e4417c476a4c4d1d98c323d43e702c0138552e3b1c76719eac2b9c716f952,,,GP_Cov_PU
GP_Cov_PU/production_checkpoints/GP_Cov_PU_replicate_062.rds,14134,eb35ffccccd2816be00afb349603ec23,d5e2525d50ef3e1abebb5b7abffc5f3e0ceb236ca6141b7572dd9671ffc78bd9,,,GP_Cov_PU
GP_Cov_PU/production_checkpoints/GP_Cov_PU_replicate_063.rds,14290,65951299fbd612983e99bc3f0f8d2b0e,529417b081ad81be99edabd592ed1b3b6e506ff0f9fe2e98392ddcf2020367b3,,,GP_Cov_PU
GP_Cov_PU/production_checkpoints/GP_Cov_PU_replicate_064.rds,14285,413f9b54e50513118813574695256d52,69fb3a48fbb08e5838f2a63ad9d501b179b4f337f140f052f6579260c63da5ab,,,GP_Cov_PU
GP_Cov_PU/production_checkpoints/GP_Cov_PU_replicate_065.rds,14279,9b9063d69a6c1ce6992e4dbf6a65f521,d06004eb9bf7be58b9ebc7c59cadb34975b5dd8a5e4c10a383c9597a8a7c3fe4,,,GP_Cov_PU
GP_Cov_PU/production_checkpoints/GP_Cov_PU_replicate_066.rds,14287,ef5bc9829291e387a6069daabaaa8b74,66d1c540c71a7d75df1ac3c4a885b0393103519a288aa5bd86d6c7c5310ec1c8,,,GP_Cov_PU
GP_Cov_PU/production_checkpoints/GP_Cov_PU_replicate_067.rds,14327,21c366cbd48f0173e5827c3545f730c1,db3c386c903bc742116fe892fb61b397aa2da2bfe0173e0d3134dff88bd03fff,,,GP_Cov_PU
GP_Cov_PU/production_checkpoints/GP_Cov_PU_replicate_068.rds,14274,c9f64c149c424797a9e7b8c8305c16de,348923a1004fa6c34dd81a70fd392e8a67e6b0096fa99c95f61d2fb175bf7d0c,,,GP_Cov_PU
GP_Cov_PU/production_checkpoints/GP_Cov_PU_replicate_069.rds,14228,49ca9d607f1ff615ae09c131bfb25724,e1b0affa962ae368dc9d82311c2ad1938307d979d5ef1ab1bf74437812d30776,,,GP_Cov_PU
GP_Cov_PU/production_checkpoints/GP_Cov_PU_replicate_070.rds,14187,9541f96eb3a8bf695d544a8ca8ee5eb7,f4668e2871ebc6cdadf540d37d1837d1d238db08211872c8ecd400d2814254c0,,,GP_Cov_PU
GP_Cov_PU/production_checkpoints/GP_Cov_PU_replicate_071.rds,14202,f517ecc66ba3d601fb72c9dd6094d0f3,75f37e28e071c138e1151388df82f2481ec13efd324447a506adb710e24b9f91,,,GP_Cov_PU
GP_Cov_PU/production_checkpoints/GP_Cov_PU_replicate_072.rds,14316,d0b26e699333b06cd7cb40779b1730b2,6470cd4e43864f54f42a717195ef92a203586eea4d3f8c6aff59f694ea8ba9a2,,,GP_Cov_PU
GP_Cov_PU/production_checkpoints/GP_Cov_PU_replicate_073.rds,14274,4fcacef67e45033e602fa9528946a9f3,816b1cd97cc583b0b579c48d0477c3ae091e1c05f4beaa8ec8c7601cca30a610,,,GP_Cov_PU
GP_Cov_PU/production_checkpoints/GP_Cov_PU_replicate_074.rds,14256,d8e3f4a6ef44a4dadaef24ec97022432,1319c5054c6850706ecc3435a1ee50df4ca3e6cc0ff47d71f2562b4d223dbeee,,,GP_Cov_PU
GP_Cov_PU/production_checkpoints/GP_Cov_PU_replicate_075.rds,14303,6e5e09ff72c2aa34285cc0edfcda19ba,c16524d17d892b9d0f9069feb3f67c543ed5ff75d7cff8ad1bc6bea84bc4417a,,,GP_Cov_PU
GP_Cov_PU/production_checkpoints/GP_Cov_PU_replicate_076.rds,14189,0970a9244f3d126f7dc1777f6b3b65f1,9b20b18ce9a5676bff27917685c4346e5a57bbf5b0bd9ad42909b6b4a162ae50,,,GP_Cov_PU
GP_Cov_PU/production_checkpoints/GP_Cov_PU_replicate_077.rds,14230,ea1075e61d3e0a3eda33f70c6fa10309,d0191c8dfa256b6bcdf6ee8866bf25e330c8dbe4f15328151d72296f5824bb0e,,,GP_Cov_PU
GP_Cov_PU/production_checkpoints/GP_Cov_PU_replicate_078.rds,14355,9ca22a2c7558c4da1f245f00fce3f1c2,cc5cbff582213dbed53dce18d44c2fb3c86b7587886a652399cdba5af0a4b04a,,,GP_Cov_PU
GP_Cov_PU/production_checkpoints/GP_Cov_PU_replicate_079.rds,14163,072e24a2b8b59770dad70aa745cb32a5,2f6efb2d99a4cc63e859e3d2661aba3c50ac180d31aae761c7c9b7a8fbc9dc68,,,GP_Cov_PU
GP_Cov_PU/production_checkpoints/GP_Cov_PU_replicate_080.rds,14160,600394b204958b539cb758e9579822e1,11f289ba5587b28eed1753d40faa2a68993e081f927adc91e2a501d367a1981c,,,GP_Cov_PU
GP_Cov_PU/production_checkpoints/GP_Cov_PU_replicate_081.rds,14140,9c0b6c0ff90b2141ea3674eb459799fb,f77feb2fcf07f9b97dd9843a1d442a35406ce171d1b293a2d7d7e888a23609cb,,,GP_Cov_PU
GP_Cov_PU/production_checkpoints/GP_Cov_PU_replicate_082.rds,14167,8ebba36b630ea3f214e28a7277c10678,6b4e8a55917fab7755cbdc39e08b9bb5af2b273fd91691c2a47482b17613fdc9,,,GP_Cov_PU
GP_Cov_PU/production_checkpoints/GP_Cov_PU_replicate_083.rds,14311,ba0c9b166b240896be8cb92dc1a2d5dd,7799b68b0b49113385e8f70e9257c5cccc8ab8ed4da6db5ca84eb99faf6f9f8e,,,GP_Cov_PU
GP_Cov_PU/production_checkpoints/GP_Cov_PU_replicate_084.rds,14111,0f59260895ce75f27e1393cfc19682ef,085cc6f35ac8104755d3908d87857d1934f14400fc27a35522982ad3abd81dc5,,,GP_Cov_PU
GP_Cov_PU/production_checkpoints/GP_Cov_PU_replicate_085.rds,14198,f77798c3c434211f5dabf135248ac831,0d140d93c63caf72abc39bce6c4af17748cab3f20f153ef56e846d865a986738,,,GP_Cov_PU
GP_Cov_PU/production_checkpoints/GP_Cov_PU_replicate_086.rds,14294,e8b997d40cb7ac9b9308bd3ebcaddc63,d6381664f6526f8da09af689878f95f754b43bec55f7858b18deda2e9298d010,,,GP_Cov_PU
GP_Cov_PU/production_checkpoints/GP_Cov_PU_replicate_087.rds,14227,a9032ebe8a119f8107605a468fa0f7d2,4ce7e033ec4ae1778185fc5d595f1717a5f65702348cb73b8dcc14a8cf5e34ce,,,GP_Cov_PU
GP_Cov_PU/production_checkpoints/GP_Cov_PU_replicate_088.rds,14343,ca99793ccc7fff2a7f2e4d2a79a9c743,b2004d77d1de4c51817e36fa41af5b618da1e04216010a61de82231e63021b24,,,GP_Cov_PU
GP_Cov_PU/production_checkpoints/GP_Cov_PU_replicate_089.rds,14187,5a3b3b5641654e2142235f503d94f180,6e92c3f5b2d2232dac2c970a94e5d76195de625d75d6a1c25108eab900c8745d,,,GP_Cov_PU
GP_Cov_PU/production_checkpoints/GP_Cov_PU_replicate_090.rds,14190,49b437d917aa33b1fce5fd735a927a71,dc85958a50e3003ee0440776e68eed7ccd9e7e39a8db2802e9a67581ce772b48,,,GP_Cov_PU
GP_Cov_PU/production_checkpoints/GP_Cov_PU_replicate_091.rds,14278,eaecb20d68a86d2cf1a0f75b1ff755c7,af899c4fd59abc8a7f04245534dafa05e9981615fe2df3865c8ccd6c73e5573b,,,GP_Cov_PU
GP_Cov_PU/production_checkpoints/GP_Cov_PU_replicate_092.rds,14275,ac1f682fc6bc349f65fca0c74f72067d,9c82f57e07cd229d60c5006f923a37033150b6a680314e4ac672eeb194e108ac,,,GP_Cov_PU
GP_Cov_PU/production_checkpoints/GP_Cov_PU_replicate_093.rds,14268,e479eceea7439bffdd04025aad0fc199,59ee6d0ee6b993c1305a57d2fa39c4ebc24a5aab9045b14fcb69f1ffab0f2f64,,,GP_Cov_PU
GP_Cov_PU/production_checkpoints/GP_Cov_PU_replicate_094.rds,14300,dc88f044d43686c7396a087dd9fe05d0,d4fca3249d9bcf5c62a7e2b055f06275c8851824456ccfa13902bc262cf31172,,,GP_Cov_PU
GP_Cov_PU/production_checkpoints/GP_Cov_PU_replicate_095.rds,14262,d4c136e2b8b40890716e49acc0fa1e90,0d0e0db88431d2191a565d7dcf98778fd06df05d2de6d1cce576e6375553479d,,,GP_Cov_PU
GP_Cov_PU/production_checkpoints/GP_Cov_PU_replicate_096.rds,14194,f9b43ed775c75dfb8059dc4f71224878,68485249ed417ae7c9ecccb2564dff57feffea06746b5f506ce13cb9cd3ba4d9,,,GP_Cov_PU
GP_Cov_PU/production_checkpoints/GP_Cov_PU_replicate_097.rds,14313,6e4148c4e3affca81474649e0f63c495,2426dbc895c092761bc04b3c6fa9cf558849969d83df8428b3e135e8f22071aa,,,GP_Cov_PU
GP_Cov_PU/production_checkpoints/GP_Cov_PU_replicate_098.rds,14301,8cddde4f300a4e73fc24dd97e31831fa,c59db20ca808adc4601529f710415d2e083aa1bbed7b5dfd38257d03a7c09267,,,GP_Cov_PU
GP_Cov_PU/production_checkpoints/GP_Cov_PU_replicate_099.rds,14297,bee6443b47ba2ca1174300176e48f897,f8f419bf7c11dfdce0ac77faf854027e718c6c5c1fe8034d067c08573a2c75c5,,,GP_Cov_PU
GP_Cov_PU/production_checkpoints/GP_Cov_PU_replicate_100.rds,14202,443711a3324093004914701992fde612,650eb193eff8a07e6836dcddab1b6fe7e8b887be68b08094c69c9528a8715be9,,,GP_Cov_PU
GP_Cov_PU/sessionInfo_GP_Cov_PU_self_calibrating_simulation.txt,695,e36598b7576f15768ad0ca9274c7b957,fc5e495358f973834b5f41c1908fc091ff30136dc9a98f4afb161fecd5563d5b,,,GP_Cov_PU
GP_PU_PoE/.gitattributes,50,4d7cbc3815cea5253ecd2c021c7c8d19,514c8fbcdcef12515ecc42ff3a21b25d2c773de5b371fb7708190e91fd67f61b,,,GP_PU_PoE
GP_PU_PoE/PU_PoE_FINAL_ETA_EVALUATION_TABLE.csv,860,cbd3b113644897f21bf8456df20e87ce,d5d5fe337ce6b8a939c455fbcda43199b425091423fe54f28afdae994d5693f8,,,GP_PU_PoE
GP_PU_PoE/PU_PoE_FINAL_MAIN_TABLE_means.csv,621,48976c964a50fc919ee29396e4360812,0c3d9afa2538677622b0982b7bfc8f58bb6f2640deab37770227dcc65c83354f,,,GP_PU_PoE
GP_PU_PoE/PU_PoE_FINAL_PAPER_TABLE_mean_SD.csv,612,4de151c7065a2aa1c52e262e8d03d760,3648a958fc072e3997b5341e99c2f5b31d7b0917e5b3b7b5e834871aa5007e72,,,GP_PU_PoE
GP_PU_PoE/PU_PoE_additional_diagnostic_summary.csv,4897,8410d8778d2b17d3b0ff4c38e34e11f5,12432770736b2b4c9a8810c2c84b29c596e4f88705e1e55e80a9850e9aa23963,,,GP_PU_PoE
GP_PU_PoE/PU_PoE_all_node_probabilities.csv,5759638,ad958c3d33b62639b7b76fe3f0159970,dc23c1413cc2d03eb6cbfc2c702b021734e24003edd231a9847326c77f801491,,,GP_PU_PoE
GP_PU_PoE/PU_PoE_eta_descriptive_diagnostics_by_replicate.csv,33578,f38a5ecbd4941f7a249cb867d67114f2,560c0f06d7215930fe94ec3c123f1aaf3d9bd934fe9fc8382b9ca72eb3e5b25c,,,GP_PU_PoE
GP_PU_PoE/PU_PoE_failure_log.csv,75,415762f6f66023fe900ed436193d8177,60663936722ba4f3844c53a264aa9a5abee70d0b3de51c9e713756443deae104,,,GP_PU_PoE
GP_PU_PoE/PU_PoE_geometry_summary.csv,24657,73db9f3175e8f8ee203347fb56bf716a,970c16f72ca4c1736299b3e3dc8a51538f1601c320ab067e44b5dad33779c120,,,GP_PU_PoE
GP_PU_PoE/PU_PoE_global_pilot_calibration_5_datasets.rds,6240,40bb5eaada14c7af5f9b5734104d652f,0600cb4536b620593826cd16b5b8c385c2cf6e51127477127bc93f08cce31862,,,GP_PU_PoE
GP_PU_PoE/PU_PoE_global_pilot_distribution_summary.csv,2799,8753ca3deaaff8e859e2727be76e2d48,5861084a7a5c1b063c1ef3e3e656c42f04d368c52b5cc451505dfff3a417864b,,,GP_PU_PoE
GP_PU_PoE/PU_PoE_global_pilot_per_pilot_summary.csv,2914,d45d27f0063c5a91780c638dada3a77f,7c62a96a052047b98fce6d367366d82191b3d2625d5399d2f1584ed4fc2f545c,,,GP_PU_PoE
GP_PU_PoE/PU_PoE_metric_summary_long.csv,2970,819a1cb2b48a696613835f4878ca7152,8eb0b9f4efd0b66200b3d5ba75466c66ac8676c32d28df5e4a017527028e6999,,,GP_PU_PoE
GP_PU_PoE/PU_PoE_metrics_by_replicate.csv,81812,09260a710fa119528550a10d85d5e6e0,7b742236d116f8a909a3a199be4fa394dd79fcb0e5f00757f115dd8a8cf581cc,,,GP_PU_PoE
GP_PU_PoE/PU_PoE_modularity_summary.csv,9732,55521e646f97fdb1e9977d54d61e53d9,c0bfea98278fbc601a031501c01604facbaa093e86dd7fa9685df13055cde390,,,GP_PU_PoE
GP_PU_PoE/PU_PoE_pilot_prior_calibration_summary.csv,6223,6fc80366421070e48f1e1c056a6e4fa9,1d1478172653061ed82712f437036cf9eb0867e23c1085b229a12abe44a50b9d,,,GP_PU_PoE
GP_PU_PoE/PU_PoE_pilot_seed_table.csv,209,2d0be0d4c874fbba803c877af3dd101a,814e2407b1edfeaf25aa3a9b5fd2264bf040d4982a60611b4597e755742aff16,,,GP_PU_PoE
GP_PU_PoE/PU_PoE_prior_calibration_by_replicate.csv,122220,f73930657334e8aaac362c3cae16c55b,8aa5021dacb9ce9ae4769b1fe70572d1135174cb06e72fb5d37af60a12d92795,,,GP_PU_PoE
GP_PU_PoE/PU_PoE_prior_calibration_distribution_summary.csv,3441,2120f424ceb2ce0fb9ca653a543538e8,7e1af698bba69769466ff730b0a0e0026762a439fee49162879a15ee4dbd51aa,,,GP_PU_PoE
GP_PU_PoE/PU_PoE_production_seed_table.csv,3155,caf61d073ae7eb998236db8652ed235f,e865b7e3b7555d91aecf387870e39b2d3ee980b91f92d844136d4d44abca7387,,,GP_PU_PoE
GP_PU_PoE/PU_PoE_run_config.rds,3025,26ebcc048628b64e0f7ac63c490ffbcd,684bff7feb34761cf83ef33d5da24765e7fe0cabbb0087ed52fb5548f8be51e4,,,GP_PU_PoE
GP_PU_PoE/pilot_checkpoints/PU_PoE_pilot_01.rds,657159,f7f87bc18d93bea03d6d94db92c1a3ab,393aec413ef893e3d67c67ddb9aa371fe3e5f71024be6d374e29e48fae4f8e0b,,,GP_PU_PoE
GP_PU_PoE/pilot_checkpoints/PU_PoE_pilot_02.rds,661315,d2fee02ab2ba2ec27e2226b1ac298c1f,6df2cf79ae85bdaa087860c037744cfa471aed53805d0a64de791eebcbe41c58,,,GP_PU_PoE
GP_PU_PoE/pilot_checkpoints/PU_PoE_pilot_03.rds,658934,e41dfd07763f4387be6810cd9914f12e,c9d08d2522d7b64cb3849894f46470b2c02dd300f19b5a46bbb0690efba1078e,,,GP_PU_PoE
GP_PU_PoE/pilot_checkpoints/PU_PoE_pilot_04.rds,658481,5e41f1cca342987fc3330ac94c682af3,67d87e71568746d3ddd2b40b6752510a5dbca6b3ce01220443a696004ca317e5,,,GP_PU_PoE
GP_PU_PoE/pilot_checkpoints/PU_PoE_pilot_05.rds,658900,a8264909d861f3cb73c6b466d37f5d1d,0cff9ee5a9c2ff1468400830c54879168f45418b01522885d992dd677b9460d5,,,GP_PU_PoE
GP_PU_PoE/pilot_geometries/PU_PoE_pilot_01_geometry.rds,42490,93dcb296328914af5bed4e98faff534f,d9a3887dca8ff05474b5c772d9a6f6bb51c160d56454c1172f3ebf3691de34f9,,,GP_PU_PoE
GP_PU_PoE/pilot_geometries/PU_PoE_pilot_02_geometry.rds,42401,47ce0067f5d444704f50b2aa21c1cb7e,3a62d4155a289d9a5ffaac7c910bd9b07be897ce3347cc89a700d3f60ce398b9,,,GP_PU_PoE
GP_PU_PoE/pilot_geometries/PU_PoE_pilot_03_geometry.rds,48936,d2902675c80d141c3136c433420b0fb1,b087226d2871efc8b2cf94a35e02246e8f9e60d67874aa520f6c23a27a116d98,,,GP_PU_PoE
GP_PU_PoE/pilot_geometries/PU_PoE_pilot_04_geometry.rds,42686,959a8480a0c38dda4c6ae62be6a67a3e,404c37c48aaea45718f6dedfa559199306ef0d38ff382ea431cdaf92edb5b168,,,GP_PU_PoE
GP_PU_PoE/pilot_geometries/PU_PoE_pilot_05_geometry.rds,42754,d9803ec30be66b312189c08d9d06829e,5ea3809d3ea42d1dc3ed615d7c37f3226b2e939f56f3e4f0ccce3079540f1001,,,GP_PU_PoE
GP_PU_PoE/prior_calibrations/PU_PoE_pilot_01_prior_calibration.csv,1992,b8b5f94258196fbe2a2efe505fb76f37,d2b20e55293fc88cfe947f9802454bd6e1bd2d772cc88e2e34151e2108ff1149,,,GP_PU_PoE
GP_PU_PoE/prior_calibrations/PU_PoE_pilot_02_prior_calibration.csv,1995,7a7107fee298fe03c40d2dd34d9095e0,1f030efc9373cd74f10812c87ece7f21e20526d0efd60d533556bd20783bb1f2,,,GP_PU_PoE
GP_PU_PoE/prior_calibrations/PU_PoE_pilot_03_prior_calibration.csv,1992,69b122a619815c0cf6bb006336ec3caa,94fc2c2af619001eccf540ca91126921dc174730d5559fb4ad79f02e3db647ed,,,GP_PU_PoE
GP_PU_PoE/prior_calibrations/PU_PoE_pilot_04_prior_calibration.csv,1995,dcfeb0ac3f8ed4e148eafcb6d547eb3c,9a47a134ca6ec351e9503f7b9670507a7c96dbab3bb0d0a8adedfb4490467ff9,,,GP_PU_PoE
GP_PU_PoE/prior_calibrations/PU_PoE_pilot_05_prior_calibration.csv,1985,65d407e829baa629321a8ecde6c7fb16,35e6f53bd5d48ca6758074b3b9fe180202202545747d38d9011123f09fc000ee,,,GP_PU_PoE
GP_PU_PoE/prior_calibrations/PU_PoE_replicate_001_prior_calibration.csv,2167,59b9c394685e9abeb7dd18c98e92edb3,81c90730d7b2474e7625e6810a61194dc83fe71aa98ca1ae2561eeeeb868fc08,,,GP_PU_PoE
GP_PU_PoE/prior_calibrations/PU_PoE_replicate_002_prior_calibration.csv,2171,d7edbb6051ad0c3d97bcb68eb3ebc8e0,63e189e250caf1ca9bc1be766f7a58578986fb41409d183947ce21ce6264d37b,,,GP_PU_PoE
GP_PU_PoE/prior_calibrations/PU_PoE_replicate_003_prior_calibration.csv,2169,84fd1039fb23ce6618212c3ab690d96d,51ce8a6acacfd11189acdfcf7f988e0da0ddac65eeadec8cc8a77ab3b3f09b10,,,GP_PU_PoE
GP_PU_PoE/prior_calibrations/PU_PoE_replicate_004_prior_calibration.csv,2171,692b26fa9a2d5baee566a36c12624438,a9cf0359f6a3dc288eb4d017f3c70c87574521ab94f788cbd5b8f73b5d6a9d18,,,GP_PU_PoE
GP_PU_PoE/prior_calibrations/PU_PoE_replicate_005_prior_calibration.csv,2168,60624f10a4f3d30ad6b632514a514d0a,d841392900f059229e527aa9f3d0744a5c3cf796030db20372ef4eafb3eff6ce,,,GP_PU_PoE
GP_PU_PoE/prior_calibrations/PU_PoE_replicate_006_prior_calibration.csv,2174,f184890ae6a900f7a31f1644fcf4109f,96f2dc0e5af25700d714334a8ee699921f1406bd453ab83bf872cce0a9a1c717,,,GP_PU_PoE
GP_PU_PoE/prior_calibrations/PU_PoE_replicate_007_prior_calibration.csv,2171,a2d9c9b570afcbc23497993bc1047310,3578e46d3a74f47bb7cdac1d7420aa7c7c959a85264da2c41e0a648c7642e4e3,,,GP_PU_PoE
GP_PU_PoE/prior_calibrations/PU_PoE_replicate_008_prior_calibration.csv,2169,ecf5de3d3cc0813a9f05144c9ffd793e,2e117f1e0089856760ffdb62c2e16ceb73176e355b607c7944121999eb7b9e30,,,GP_PU_PoE
GP_PU_PoE/prior_calibrations/PU_PoE_replicate_009_prior_calibration.csv,2167,41d1d3bc79c17201d93a7869f55bc456,01989079146c74db69c0be563ba969a785ca154a08690e18683c2990cad31f04,,,GP_PU_PoE
GP_PU_PoE/prior_calibrations/PU_PoE_replicate_010_prior_calibration.csv,2175,0256d2cf7a44700cac3869b54b131fe1,eb7c39f8b6ee370b86100fbd951ae55d4c81c1baada680f63205073af3543c3e,,,GP_PU_PoE
GP_PU_PoE/prior_calibrations/PU_PoE_replicate_011_prior_calibration.csv,2172,ba3ad5db5bb43538d5667e23088a1ec3,ec5d4f05a8236d599596c3d7ecde4a6d2ddda8ca96624283102f65bd3719ef67,,,GP_PU_PoE
GP_PU_PoE/prior_calibrations/PU_PoE_replicate_012_prior_calibration.csv,2177,7d1fd9470661b95171ad0f2d909b9110,813a4cb5391818d0bd901844502da36c74cb32dfad23808b5b62fd8385138bb8,,,GP_PU_PoE
GP_PU_PoE/prior_calibrations/PU_PoE_replicate_013_prior_calibration.csv,2173,d207b23b248c70a43f2bb5e4bfc82e38,8e5a0a7199e4aee8d8d5e62d181625f333cd5e4a83f0b87e2fab1bb8f6c9282e,,,GP_PU_PoE
GP_PU_PoE/prior_calibrations/PU_PoE_replicate_014_prior_calibration.csv,2173,7a71b22df48ae63fe683fd9509bdbfc0,d5568ef264c97f7ce273c8482014c2ebda262e5ad1699846d813610d974498c0,,,GP_PU_PoE
GP_PU_PoE/prior_calibrations/PU_PoE_replicate_015_prior_calibration.csv,2172,9cc83539cce9c2a522a300da6c75c8f6,a48399458aba095e1ad3aaf587b91354951d9beb44d2fc006642cb3c865dabb3,,,GP_PU_PoE
GP_PU_PoE/prior_calibrations/PU_PoE_replicate_016_prior_calibration.csv,2170,c06d93c604d9e88e2195c5bca1ec9f8b,d869d4573cbea40e8e640295596a7c7343c3234e3b8f0f810a417fcaad250c0a,,,GP_PU_PoE
GP_PU_PoE/prior_calibrations/PU_PoE_replicate_017_prior_calibration.csv,2174,39d16abf4a907f5b0c588c07c1726911,68854553fab9cc9c6a2944c294964422373a87371f368a42e27c03d1c9fc5c88,,,GP_PU_PoE
GP_PU_PoE/prior_calibrations/PU_PoE_replicate_018_prior_calibration.csv,2169,32d0dbdff1ec0f2bbf08b7ac6999c232,d275ff1c962b1d671f7841f101f7666a1597860fd37ee421e26b35c97a59d90b,,,GP_PU_PoE
GP_PU_PoE/prior_calibrations/PU_PoE_replicate_019_prior_calibration.csv,2172,ed2f00928720d4761e6167275b362cec,852180edf87e5bdeeb355407ce1916d07868d3fa987fd47540b7b4c5c56df5e3,,,GP_PU_PoE
GP_PU_PoE/prior_calibrations/PU_PoE_replicate_020_prior_calibration.csv,2170,955d93e71de15a8b0a0323f51a081215,0385227e5ede624c599db4105e6d9761209e3af0d3830f4d2138873826ac0938,,,GP_PU_PoE
GP_PU_PoE/prior_calibrations/PU_PoE_replicate_021_prior_calibration.csv,2171,4ff26dc030579f56777b4247dfdebd6d,1f8b7e78d8c680133e02bb0a02b3a1a06e61d010f417302355541702a131795e,,,GP_PU_PoE
GP_PU_PoE/prior_calibrations/PU_PoE_replicate_022_prior_calibration.csv,2167,2056b3108e82a8c6bf329e4e5ae05382,ff06f42cae9265fc94808eee19c5c7faded50bb6130d479a6cd02b61c6f599d0,,,GP_PU_PoE
GP_PU_PoE/prior_calibrations/PU_PoE_replicate_023_prior_calibration.csv,2172,22576aa2b90df416ac0054ed0286921d,1ccf43b53396e1a989a416b041173a921cc970dc114794498fd261e256a563a6,,,GP_PU_PoE
GP_PU_PoE/prior_calibrations/PU_PoE_replicate_024_prior_calibration.csv,2172,e8053445d0855ceb7df328759005709a,f9b4b0c92fffdbb052a508cb441a3d79e512827d4980e145ceeafc2b82c9b307,,,GP_PU_PoE
GP_PU_PoE/prior_calibrations/PU_PoE_replicate_025_prior_calibration.csv,2170,966afaf28b1f0fb199a40b2cba479392,216676273931dd758211445df0ffe41cba1b592e2bc84e92b4a38adccc85386b,,,GP_PU_PoE
GP_PU_PoE/prior_calibrations/PU_PoE_replicate_026_prior_calibration.csv,2174,ce4cc2440451fa0715776f743878f122,f6c73121a5af29b3b9c6fa15425c3b481955fc2dea1792097718aacce1f02fc3,,,GP_PU_PoE
GP_PU_PoE/prior_calibrations/PU_PoE_replicate_027_prior_calibration.csv,2174,0c8a5c5ba3bc633a4268e975eb136438,ecdac7fb49564d6978d0a7f1e8ffa301750b4c13d5f87325611397577f0988e6,,,GP_PU_PoE
GP_PU_PoE/prior_calibrations/PU_PoE_replicate_028_prior_calibration.csv,2168,3c8eb78ad3fe8eb0dbb46289e619a3a8,e09c8e0762c6d3817fd8cc34f6553c4040a04435428e7e1f0f99b8db5420272a,,,GP_PU_PoE
GP_PU_PoE/prior_calibrations/PU_PoE_replicate_029_prior_calibration.csv,2174,80a127a19b319806fbeab5fe716ca7c3,3c3df591d2d44b695259afaa39177475d79654487226b570082e4802bfecb8df,,,GP_PU_PoE
GP_PU_PoE/prior_calibrations/PU_PoE_replicate_030_prior_calibration.csv,2166,56951c3a67c8073b662bb8ecf7262276,3c186201fc0183a9ef27537d87b5461a560a355ec40e28bc9f7f0804b089a907,,,GP_PU_PoE
GP_PU_PoE/prior_calibrations/PU_PoE_replicate_031_prior_calibration.csv,2168,57f912f46b5fd6c63a3796fc27abc134,fd4e6c1757bceb879adcbcf242f21e9ab93ebc853f1643c496f0d68656925a57,,,GP_PU_PoE
GP_PU_PoE/prior_calibrations/PU_PoE_replicate_032_prior_calibration.csv,2170,a093f2bdec9ff1957180efc11296c951,f36c3476ab495e071eb8efa4b908d16a5d1f37ef455ed8ed752ac1f40634d4b4,,,GP_PU_PoE
GP_PU_PoE/prior_calibrations/PU_PoE_replicate_033_prior_calibration.csv,2170,49fe057bb1679d7d8b0c028c721f4158,b7586952a50d38bc958b8da1ec5782512e24053a24fe6468ef82c20b4459088e,,,GP_PU_PoE
GP_PU_PoE/prior_calibrations/PU_PoE_replicate_034_prior_calibration.csv,2170,d3c0b91ba01582b0210a0def59715ebb,43fcaa9cc5fc3cdf21f2d68ac500bd23bdcd8ede6c7d27d79a10c0ade847036b,,,GP_PU_PoE
GP_PU_PoE/prior_calibrations/PU_PoE_replicate_035_prior_calibration.csv,2173,1bab03193daeb29445f672336c7e1bb5,048b93bf53e858b118fa439d3fa27220d8a53a0d917e773adefb63d3e0a0ca08,,,GP_PU_PoE
GP_PU_PoE/prior_calibrations/PU_PoE_replicate_036_prior_calibration.csv,2171,61fdee63dc6c26042a2b59ae3865f0a7,9d39ae8d06bfb9355b6f50fc3e32b1cc651186939744c937620ddba880e981dc,,,GP_PU_PoE
GP_PU_PoE/prior_calibrations/PU_PoE_replicate_037_prior_calibration.csv,2169,2b4a09ca02809ecfca8e993a4769ac1d,6f37f4eba66adcc18d8060925b8727104e5fd68f2abf477760f9532a40cccbe8,,,GP_PU_PoE
GP_PU_PoE/prior_calibrations/PU_PoE_replicate_038_prior_calibration.csv,2171,666af925d23edba1971a59fd588948ff,229070a5989f41484e19f84df2adb4a2d4bdd9f9b526a7a688b3d4602cbbc57f,,,GP_PU_PoE
GP_PU_PoE/prior_calibrations/PU_PoE_replicate_039_prior_calibration.csv,2172,852f63d935700418ada15b16e3f7240b,1d623d832ed4df217d3b3331d58e395e245bd51b1a2dd397f3301f8b3ae98119,,,GP_PU_PoE
GP_PU_PoE/prior_calibrations/PU_PoE_replicate_040_prior_calibration.csv,2174,dd5683f6e022ee5fb029d44bd5d0bf15,210e9e7940035db3e6de458827f03761c311d999ca643dce13a99012ea1463bc,,,GP_PU_PoE
GP_PU_PoE/prior_calibrations/PU_PoE_replicate_041_prior_calibration.csv,2173,6e59e70c8ede35ab12a2f8ffb4ff83d1,5e7ee864cde2a8d4a5ae5980b3ef531bc89128bf393c31089d9f299046410cde,,,GP_PU_PoE
GP_PU_PoE/prior_calibrations/PU_PoE_replicate_042_prior_calibration.csv,2170,fa6d1c7c566f2bc266f46148b0ec9794,a9cf7251b6dac6d3862f65cb2869fd675a35209148743ecd421e108351086225,,,GP_PU_PoE
GP_PU_PoE/prior_calibrations/PU_PoE_replicate_043_prior_calibration.csv,2168,53dde1bacb01c897da1323afc728f820,ff2757da256e2ed70d360c10fa88a2808c2fabf9e3339b6a741c43925699d1d0,,,GP_PU_PoE
GP_PU_PoE/prior_calibrations/PU_PoE_replicate_044_prior_calibration.csv,2173,1a1de39d77cb1b21c559dbe093a3e3bf,4d3959910ea32b112dd2295804691160b254ba87309de40ff50260e69e9e3ea4,,,GP_PU_PoE
GP_PU_PoE/prior_calibrations/PU_PoE_replicate_045_prior_calibration.csv,2171,16a13033434db8d4ddf822d5e4419fbc,49a5b6e5d5a08009f9de0a8c1d75d044baef5aeb2967770cfed02722a7ac1b5e,,,GP_PU_PoE
GP_PU_PoE/prior_calibrations/PU_PoE_replicate_046_prior_calibration.csv,2173,bb8157730a9d12e170797b72ff56b676,946a99b2d8566306f72784c5f3a1441b73ca1a1c9821a62dbde334b06576dd4e,,,GP_PU_PoE
GP_PU_PoE/prior_calibrations/PU_PoE_replicate_047_prior_calibration.csv,2171,5735b31db6d7bdd3efbf0bd982f411da,903eacb765b7e72c09dd60fe40b27f2002230972a1959c0e26edadc28059f9aa,,,GP_PU_PoE
GP_PU_PoE/prior_calibrations/PU_PoE_replicate_048_prior_calibration.csv,2174,d4465bf3279cd1ba7664067938a69890,7c76ed2d932979bfac423cff4b90d6e03e681c8c18d353c16acafc6b699958a4,,,GP_PU_PoE
GP_PU_PoE/prior_calibrations/PU_PoE_replicate_049_prior_calibration.csv,2175,fdc2d7a8eb1be8772cbbeeb12e388ebe,333b712398dab7e2bd5ba59b60ec22151421c27718c756049c6f7f547d969b28,,,GP_PU_PoE
GP_PU_PoE/prior_calibrations/PU_PoE_replicate_050_prior_calibration.csv,2173,0dd90c7d6bc95f2c2fcb3859751504bb,680e9b6b62516960658e8780577f0362d22e1ab76bd0cf919de9d681043914de,,,GP_PU_PoE
GP_PU_PoE/prior_calibrations/PU_PoE_replicate_051_prior_calibration.csv,2174,614475c5d27fd0586f864ab342e671d4,0db939d6fa33ed99ecdafb58c2c91cb2d9f4485261044dcd30f2220f8c639a3b,,,GP_PU_PoE
GP_PU_PoE/prior_calibrations/PU_PoE_replicate_052_prior_calibration.csv,2165,b5bf3adfe04e3f2b2029f648d659ca30,878969112c9127e95c15824b8cbef684120acc592199c6c6d3a4dae77687890b,,,GP_PU_PoE
GP_PU_PoE/prior_calibrations/PU_PoE_replicate_053_prior_calibration.csv,2169,0e79b4b72f4677297c441078be6ded23,a4d46aaeb1386439c0946f90a850baedacada04fd14258e88f536f1950d0f437,,,GP_PU_PoE
GP_PU_PoE/prior_calibrations/PU_PoE_replicate_054_prior_calibration.csv,2167,50cd489ce574e00b41a7079facb1253e,67dc8a6fab55c800d2e71d4a63bded96a3618f3561e96ab27270da49f0200e5c,,,GP_PU_PoE
GP_PU_PoE/prior_calibrations/PU_PoE_replicate_055_prior_calibration.csv,2172,57de33d34535d5c5ade2a2511e1c502b,60f51a2daccc1f1ffa152b53e3d9b110a53152df362e7990fd30e899c7c45197,,,GP_PU_PoE
GP_PU_PoE/prior_calibrations/PU_PoE_replicate_056_prior_calibration.csv,2168,65bc2ce7bc257717693a276f20b076c3,ba329dbfaa899f128fcd73f11fecbbcd6c9a1d82a47aba6125a4cee883c8a62e,,,GP_PU_PoE
GP_PU_PoE/prior_calibrations/PU_PoE_replicate_057_prior_calibration.csv,2175,24e9497c20975e3ddfcf51d32554f6cc,6419196e9fd7903eb06d6dff43bf518ef058ecde4c3daec5664e5d71954a8f58,,,GP_PU_PoE
GP_PU_PoE/prior_calibrations/PU_PoE_replicate_058_prior_calibration.csv,2170,22385be38eb76f62322c6239a9000516,c7bc30e0fec16d70c8328daa358cf360a476edc9ea3161aa1b6528c1ed974247,,,GP_PU_PoE
GP_PU_PoE/prior_calibrations/PU_PoE_replicate_059_prior_calibration.csv,2173,a4bccfe0783e53469c5ef5238581c89b,fcb698c9c4c5c71c14e49323cf961982e95b2a1a69b91d4f12d5b693c9a997f0,,,GP_PU_PoE
GP_PU_PoE/prior_calibrations/PU_PoE_replicate_060_prior_calibration.csv,2176,6c2fabfd40380a1fe03ed2a10c08944b,337d0eb062a786a1c1306fc49bd205e8095b7fcaf5e0bde45e0269adb8d8b90d,,,GP_PU_PoE
GP_PU_PoE/prior_calibrations/PU_PoE_replicate_061_prior_calibration.csv,2173,6fe3a88a653db6252dae5d1723236439,14b7cd0046e52e8d08453bca5172dce13c83f94799457b99eaf2a894f5296006,,,GP_PU_PoE
GP_PU_PoE/prior_calibrations/PU_PoE_replicate_062_prior_calibration.csv,2173,72a0210162b7a1a1ef5a9feb0abe5fe2,5c6d79a27d542269c7f65e5ae9e7c6a34830d85560419d9a91e7060aa40ffdfa,,,GP_PU_PoE
GP_PU_PoE/prior_calibrations/PU_PoE_replicate_063_prior_calibration.csv,2170,89cfc2af38946b0f58888a0b6629d8ad,c0b44721f77a751b3b3b03dd3776fd0d9a40abaf2e39d519913242b27061e910,,,GP_PU_PoE
GP_PU_PoE/prior_calibrations/PU_PoE_replicate_064_prior_calibration.csv,2175,97c3a07c62b689fd3a5d1fd65acbdacd,1dc68f1c1168ce89936b43fffaf46976fffa81d2ab2d7ef23c3aad118a260571,,,GP_PU_PoE
GP_PU_PoE/prior_calibrations/PU_PoE_replicate_065_prior_calibration.csv,2172,8535741db6159e0024cdfef9bb615ea9,a0068dbd99e27e335ad1cdf81059f68bef3a8ec9ecb2621f1c0f866594c20cef,,,GP_PU_PoE
GP_PU_PoE/prior_calibrations/PU_PoE_replicate_066_prior_calibration.csv,2174,457f0ed13a048d46a4d41be6ad584e24,a58cc6c1a09aa2f06684f14351170026ed1c7cabb60b65bd4ae5160bafd889fb,,,GP_PU_PoE
GP_PU_PoE/prior_calibrations/PU_PoE_replicate_067_prior_calibration.csv,2173,1a1898a399200fd3d44cc91434d95c39,be63ac5abb5df7f77154865fc86447113697a6233cce0497244bc5f12e706cad,,,GP_PU_PoE
GP_PU_PoE/prior_calibrations/PU_PoE_replicate_068_prior_calibration.csv,2172,7826b92daf561781679ebc27cd0adbf9,73b8421a94e00964e6b78c9894fdaf66900dc0233317479b57e3d312dfedeb43,,,GP_PU_PoE
GP_PU_PoE/prior_calibrations/PU_PoE_replicate_069_prior_calibration.csv,2171,693fe5dc57d06ff248565c3766f5f809,0706e7eacfa5abf0fd067051a291488ad6c5023737882358c59d7a28ade7e220,,,GP_PU_PoE
GP_PU_PoE/prior_calibrations/PU_PoE_replicate_070_prior_calibration.csv,2170,17c23f6cdedd04b15ff925f62c133aed,f3151d2b39ad4dc98a2a67c662ce5345b749fc0ba32f0bb895c7ef8a1649333a,,,GP_PU_PoE
GP_PU_PoE/prior_calibrations/PU_PoE_replicate_071_prior_calibration.csv,2172,9f68c37d62c9b4b1b957acf7949531d5,79d264fc0195ee6610514d96ed4774f2c09b46a2c034ad4a712d7f2b0a55acdf,,,GP_PU_PoE
GP_PU_PoE/prior_calibrations/PU_PoE_replicate_072_prior_calibration.csv,2174,4348211dc6ff1a4d7dbca451adb1fb00,383ceebe9059a0c1b226f9ec6fd46ca12cce9ab51c8035aa0f3a795481ad9128,,,GP_PU_PoE
GP_PU_PoE/prior_calibrations/PU_PoE_replicate_073_prior_calibration.csv,2173,d379d872235c8eaf63cc6609d58183d1,a1ff57b64e0218f3387df5362358fda3b3e7c1a43aa310c8b98049c868c733d7,,,GP_PU_PoE
GP_PU_PoE/prior_calibrations/PU_PoE_replicate_074_prior_calibration.csv,2172,21633fdaf0e444121a329a2ed3b3d65a,2e984237e299b343a819c311dc99ed3d19e2a26dcde95d619eb2e3a70f914118,,,GP_PU_PoE
GP_PU_PoE/prior_calibrations/PU_PoE_replicate_075_prior_calibration.csv,2171,3570d6fd7d45319720e555decdf0000d,b66a3e273dc4c343d822991fb80052e5608c030ade6c052a9ba2d1d9314a2157,,,GP_PU_PoE
GP_PU_PoE/prior_calibrations/PU_PoE_replicate_076_prior_calibration.csv,2173,9b0624dc284c383f21988828e8daf56f,835e77e14c881e073c3a71382138393326c4364de638c67033d0e40d3d33869b,,,GP_PU_PoE
GP_PU_PoE/prior_calibrations/PU_PoE_replicate_077_prior_calibration.csv,2172,dbf6773ee0851d3f39861c6c6a95e4f3,3694fae0fb8150facd26bb8ed75c36cf385fbc3fb94ccf3a894044eaf25729cc,,,GP_PU_PoE
GP_PU_PoE/prior_calibrations/PU_PoE_replicate_078_prior_calibration.csv,2171,fca653279d439193c0814df08f4ce283,fe4be90852016fc4acb415ce5ab80fed0075d352b0a7c165b5243d9036c90ed4,,,GP_PU_PoE
GP_PU_PoE/prior_calibrations/PU_PoE_replicate_079_prior_calibration.csv,2174,d4d999b482cbc1be77202cf6a16e226c,8a7075e61ab206dcd720e0e21750029e2de8af5f6b218833442f06b3510ce1a2,,,GP_PU_PoE
GP_PU_PoE/prior_calibrations/PU_PoE_replicate_080_prior_calibration.csv,2174,aa9a564823fc8f53f3611517825b77bb,8c8bfa4d7d85dd0551bbb9f029e27e79ae19e569a547c7ef0d24a668208f1ce4,,,GP_PU_PoE
GP_PU_PoE/prior_calibrations/PU_PoE_replicate_081_prior_calibration.csv,2173,639210c7f8f43be740b77a4b056cac54,a8c11a2a862905d18d4d16b80b236887184a4fdb73842a7dbc4bc09fc9b761f5,,,GP_PU_PoE
GP_PU_PoE/prior_calibrations/PU_PoE_replicate_082_prior_calibration.csv,2173,d05997a9955637c53bddc22234c7eda4,ca2d9df6ea400e884957fe87646cd828bfaf28c9131739f7db7b3c0438c31ce4,,,GP_PU_PoE
GP_PU_PoE/prior_calibrations/PU_PoE_replicate_083_prior_calibration.csv,2164,172dc7405ae2266dcd3805d47dacf04f,41db88086f4d713e0488d859665b784480b4183cf3d20b2fa4ce7b270c2f53f6,,,GP_PU_PoE
GP_PU_PoE/prior_calibrations/PU_PoE_replicate_084_prior_calibration.csv,2172,a1f12cf207629391565f1a1ec7ae034b,aac461c257fbb12f11cc281e29e83560b65cf9b356d56777418ef971cb7c63ea,,,GP_PU_PoE
GP_PU_PoE/prior_calibrations/PU_PoE_replicate_085_prior_calibration.csv,2171,fd171067f3a5deb78cf9c7c9453505f0,4bb51c20e06c1970209c931da029d7c27e0c674941c0cbd7421de8bc06f32901,,,GP_PU_PoE
GP_PU_PoE/prior_calibrations/PU_PoE_replicate_086_prior_calibration.csv,2175,41ef791a7da0383d3f872366286fb401,6cd54e805168f0aeb364e9b33a5dfcc2d406b5c54265fc1f520463e6ab513cec,,,GP_PU_PoE
GP_PU_PoE/prior_calibrations/PU_PoE_replicate_087_prior_calibration.csv,2176,7d3e20bbc9a03cfcd3e85c2fbb96a6ad,fb17b6d1b23b4ba4591dd8a904fb84991a802556b9690ae0dba72f10f13116f4,,,GP_PU_PoE
GP_PU_PoE/prior_calibrations/PU_PoE_replicate_088_prior_calibration.csv,2174,64b02792768a943db1c08f5e172c10eb,0860ead89916110f01c1ba3e02c6d498e626ded2b489517f9e1e45d43c1c921f,,,GP_PU_PoE
GP_PU_PoE/prior_calibrations/PU_PoE_replicate_089_prior_calibration.csv,2171,1128eb3e2db023781839d34a27aac2b9,c1973cba71a6d585ead7b39e3e7a0023a3ccc081050273897cb22341fc2430d7,,,GP_PU_PoE
GP_PU_PoE/prior_calibrations/PU_PoE_replicate_090_prior_calibration.csv,2172,e182d48f93569527968a37d9f4bddb72,b681b381267db0f46d1f994794978ac157f6f06b8554b078db2492f596f3f9de,,,GP_PU_PoE
GP_PU_PoE/prior_calibrations/PU_PoE_replicate_091_prior_calibration.csv,2173,b2d00871b5763d11f65caac03dfb5ad9,5d154b280369695eb71be1357d66f7331ab57b9c6e04a65f2d05c59d5bc610b3,,,GP_PU_PoE
GP_PU_PoE/prior_calibrations/PU_PoE_replicate_092_prior_calibration.csv,2171,c004df2acaaa5f3f1453ab3190f65391,f9c0e926343215fdeb0798d3beeab22844f3a487bcffaf4d5137375d4b2f9751,,,GP_PU_PoE
GP_PU_PoE/prior_calibrations/PU_PoE_replicate_093_prior_calibration.csv,2174,543247bbf2468edebb565e2f1874ae61,5b831abcef2a94f228ea97aec992f54c3729c67f6f4d4e546ddfc6219971706f,,,GP_PU_PoE
GP_PU_PoE/prior_calibrations/PU_PoE_replicate_094_prior_calibration.csv,2167,e3ce456faae10e6efb2f393394fad55e,be5f2b275a8506433cd60f83a6945b31286eeb9379db0ad063a82a8855ff948e,,,GP_PU_PoE
GP_PU_PoE/prior_calibrations/PU_PoE_replicate_095_prior_calibration.csv,2173,02951767eb9bdd84c03e448f5582fbb6,b7907d71f5c347afaa01ef04838a190b7a1adfc077cdde752a4b1c7496e36e61,,,GP_PU_PoE
GP_PU_PoE/prior_calibrations/PU_PoE_replicate_096_prior_calibration.csv,2168,48019527be54b06471961d1f783d0c8f,9c067f41a2904b84a43055b582ec5c23a4a031ec0c54d1632605ed252a108c74,,,GP_PU_PoE
GP_PU_PoE/prior_calibrations/PU_PoE_replicate_097_prior_calibration.csv,2175,53ca4c83833288d1b02191e32dc58850,4a75bc5209a79faa35adfb95a3b8edc7bef5379d001b08ca05ea58e251b53c3a,,,GP_PU_PoE
GP_PU_PoE/prior_calibrations/PU_PoE_replicate_098_prior_calibration.csv,2172,fd7a0687ca7a57cf7162d82e0446b0ab,dab15601f3338af5a772824a936c46fef83036c2cb87ffb2f85acdd3dc2150c9,,,GP_PU_PoE
GP_PU_PoE/prior_calibrations/PU_PoE_replicate_099_prior_calibration.csv,2171,c3afd924afc6958cb51d8351e5395d88,9b099c31df1982354f147b886f476617a568228bb85fc7b9a6f9216de317e1cc,,,GP_PU_PoE
GP_PU_PoE/prior_calibrations/PU_PoE_replicate_100_prior_calibration.csv,2177,b7a91bf2c586945087dfa686e1d35718,ccbb89ecdb4bc1bb93df2a38af0f15140c4e02bb53be60146052044b14aad9ce,,,GP_PU_PoE
GP_PU_PoE/production_checkpoints/PU_PoE_replicate_001.rds,15775,120d3317ef576737f166e1be932a0d77,f31d85703847a62c3fe996029c2f06ee32fe3d21c2640b0c82a9f2fff94e4fae,,,GP_PU_PoE
GP_PU_PoE/production_checkpoints/PU_PoE_replicate_002.rds,15880,6cc0aa6ce209d7c1c423ef6ff2d5f473,930e1d936d3ab203e013f4e576e4fc2ab27f09f33e8f807c8ecc6a66037f3ac0,,,GP_PU_PoE
GP_PU_PoE/production_checkpoints/PU_PoE_replicate_003.rds,15820,bee8669081af1a8ada565b65f954e38f,cc9c639c1c6c1bfa4ac2bdd24f99a5b233dc34dcd4b96c429e6ca59cc7861e7a,,,GP_PU_PoE
GP_PU_PoE/production_checkpoints/PU_PoE_replicate_004.rds,15838,cfee77e2bfd5639f6814bf8985ad3f25,d39594fabdf23375fa62b2eddbf9da21332e8036278689b68264921787856eca,,,GP_PU_PoE
GP_PU_PoE/production_checkpoints/PU_PoE_replicate_005.rds,15853,4d75dfefee474eec4f946cb1f55ccf4e,7c7aeb6f680e44a8e3b5fccb383cb32901ba56cd55f470cb7996e7dbbbeacf80,,,GP_PU_PoE
GP_PU_PoE/production_checkpoints/PU_PoE_replicate_006.rds,15780,f9f9f59aca5db3335087491c40ccb69c,13403c8fcd0f87aea62e1606bf6b66ba58ec7d132153f2048698cae4b2753d44,,,GP_PU_PoE
GP_PU_PoE/production_checkpoints/PU_PoE_replicate_007.rds,15785,b2b3dfe11cfa4278c963981128ba828d,6e123909e1a7aca32adb6e6e453156bb31d638219ff3f4c047153440ea490d2f,,,GP_PU_PoE
GP_PU_PoE/production_checkpoints/PU_PoE_replicate_008.rds,15858,b8ef321558ab77c11b2e671ec2498e32,9a4e3bb292b6b2e6f79247b997d8dc904860e4280725e1790ee0cdf62da5c182,,,GP_PU_PoE
GP_PU_PoE/production_checkpoints/PU_PoE_replicate_009.rds,15895,fffe22eb7b0f1bf1be6e6ae3facbbfd6,e157d993da788841f3fc6d87608adf5abb3facec0ab1013b6b3928dfc118fe70,,,GP_PU_PoE
GP_PU_PoE/production_checkpoints/PU_PoE_replicate_010.rds,15799,d61117146672ddeec6e3925d1ef7dfcc,f3147b282d135a761480139a535daedaa7566e440410756b472eecc5688320a9,,,GP_PU_PoE
GP_PU_PoE/production_checkpoints/PU_PoE_replicate_011.rds,15815,779298648efa15b19273d7d928569e96,a92f65fe4c3a8a22e41f6633fd85f121ee288b8485c82fd219b57bc680fe24a6,,,GP_PU_PoE
GP_PU_PoE/production_checkpoints/PU_PoE_replicate_012.rds,15786,26776acd18e8130206798eaa6dce2614,bd3e08bd3c66aeea7826e64d12800906a8fedb3037c37c4ce8413c39a123c3bc,,,GP_PU_PoE
GP_PU_PoE/production_checkpoints/PU_PoE_replicate_013.rds,15738,7b91f5483c5f6b3d23aafc3a2202487c,bc9f63cb87f42e009102fcb881df4b4e610bca60d6a0b254a75c3d14a2e72394,,,GP_PU_PoE
GP_PU_PoE/production_checkpoints/PU_PoE_replicate_014.rds,15755,034d523f24b122a290e23f3e91865d43,d38b1ecefdb9fe2726b87d060feb8900a2de292ff9f2db4ead2871b12d4ab510,,,GP_PU_PoE
GP_PU_PoE/production_checkpoints/PU_PoE_replicate_015.rds,15925,32f7a5413b9adb220a0800b61eaa472a,74856f3727d9c74ca032f9fb6f0f0e48635c71cdc1c2912a0889fa4bd3a1612b,,,GP_PU_PoE
GP_PU_PoE/production_checkpoints/PU_PoE_replicate_016.rds,15874,b8b90fa623c48d1dad093b492d6bb222,1c933d74fcaa4570c0bc3a4a4975ccbbc0d815ed3f4148d58eedd1f0eb3308c9,,,GP_PU_PoE
GP_PU_PoE/production_checkpoints/PU_PoE_replicate_017.rds,15809,e424f81c41851a39fa1698b2e72d524b,3888315c512d4a5afc776bbd242e890fd9decf299c64545f1a66744c8a260be9,,,GP_PU_PoE
GP_PU_PoE/production_checkpoints/PU_PoE_replicate_018.rds,15826,e4969cde0cf6095002fceab083b198c4,53887a1752aa28b5fcab71f88485508a07e6a0c5f0eb8b326e1c361d20fa8519,,,GP_PU_PoE
GP_PU_PoE/production_checkpoints/PU_PoE_replicate_019.rds,15844,43457fa862d4d94a7b87d9d6a4bf4314,8a3b0459880bd26223ac2c2ebf43436bc4309b8d6c15c98f10ee4203cf485eae,,,GP_PU_PoE
GP_PU_PoE/production_checkpoints/PU_PoE_replicate_020.rds,15872,d4f801e6ef9a051d17bffa5be7ebe101,09f5af4b076c01fd454023cb5c0b095a5c3e19f4709a33171209bcf68a1ea70f,,,GP_PU_PoE
GP_PU_PoE/production_checkpoints/PU_PoE_replicate_021.rds,15780,afcfc9ea4fbb2de991578067e12c5df8,ea9148300b9521d890b3c31499ce68d8eb314988346fddcd71fb65988e4f96c3,,,GP_PU_PoE
GP_PU_PoE/production_checkpoints/PU_PoE_replicate_022.rds,15838,bd603e653c5f8b5f8cf764c6c02459e8,faa3fe5b0eefbf26e4bcfefa41e5f1109b03136f4673e7fb0658b6a90d42012b,,,GP_PU_PoE
GP_PU_PoE/production_checkpoints/PU_PoE_replicate_023.rds,15777,f7ba257aadddc4188a7ce1c035c012a8,9ecf886ff82dc5b071b2b02c0e43cdf4fab1947c295dd047f0678ff8eee23fd5,,,GP_PU_PoE
GP_PU_PoE/production_checkpoints/PU_PoE_replicate_024.rds,15889,9abbd646df0d59d2e0e595d826bdcbb2,1cde5de74dfee9d49239237aa2b6f8c8294f35cb67a8ec5596d0824fb39a61a6,,,GP_PU_PoE
GP_PU_PoE/production_checkpoints/PU_PoE_replicate_025.rds,15893,e7ff644a5fafbd3ef825885b6f8fee94,301b530793294c52475101dae8604fc663ed892ebee23acfc042d034780ff02a,,,GP_PU_PoE
GP_PU_PoE/production_checkpoints/PU_PoE_replicate_026.rds,15898,55983107122a549624f37dc20e02106e,a3dc6e05258cd4782e2a21df6d15555592305d1c3becef4f61cb5df0ef08ca9b,,,GP_PU_PoE
GP_PU_PoE/production_checkpoints/PU_PoE_replicate_027.rds,15864,62007257b4eba4bdec358331414f494f,221451022c24e7bbb841f6af339b1746c554c1eda6a38c30dc95d028730bd801,,,GP_PU_PoE
GP_PU_PoE/production_checkpoints/PU_PoE_replicate_028.rds,15956,048f898b334e54b7c9fe24c31c88eba1,142d4ea8ac156560dc4b169e7b1654f42c07e7658f286e6f2f51f703445447d1,,,GP_PU_PoE
GP_PU_PoE/production_checkpoints/PU_PoE_replicate_029.rds,15809,099f988f42ae8deaf4dc9090cc1eb891,ee174f5eacd338847c71524d779a2aa7ed659172a5471ccea9880dfbd7f5d5e3,,,GP_PU_PoE
GP_PU_PoE/production_checkpoints/PU_PoE_replicate_030.rds,15795,24b92d4f902bc7e2aeafd67ba4b59a9b,a948abe08a62643e750bf0da15225bb8bb909c6252c9d670a508a1158bd72bee,,,GP_PU_PoE
GP_PU_PoE/production_checkpoints/PU_PoE_replicate_031.rds,15798,2a2f887a57de7efcee74f1aa9222591e,039c6565740359fb322018f5161905f9800ed76398ec8189018521c800f4234a,,,GP_PU_PoE
GP_PU_PoE/production_checkpoints/PU_PoE_replicate_032.rds,15818,6954b032ae014d8347b46e8a19074e61,c7b398e0a6acd49150ce94a474b13598e804580705daca8230d9f7e09e0ffcbb,,,GP_PU_PoE
GP_PU_PoE/production_checkpoints/PU_PoE_replicate_033.rds,15764,e91a44ec357c8618fd94e589aa5fa536,7922229b18b3e2d908deaeeedf7c6e92939132ee984390f854925653ce68a7c7,,,GP_PU_PoE
GP_PU_PoE/production_checkpoints/PU_PoE_replicate_034.rds,15734,fd70a7b346a395705d6f31a9bbabd8dd,a5e59cea21cb5c73cf58fc059ba376c4a56bc30525e10f239558324dab358425,,,GP_PU_PoE
GP_PU_PoE/production_checkpoints/PU_PoE_replicate_035.rds,15902,87a2b0714892b912d276e45bd68f3de0,6df6ec155bee81c3edb317bf71b2609ff99bbe3ca05ec5243e98697b3380dd99,,,GP_PU_PoE
GP_PU_PoE/production_checkpoints/PU_PoE_replicate_036.rds,15799,e9944a51dadacd27de28015847565c44,9c1f7633ef7e6348b17320f5565c8c4c890752b718614aa4166a55f7835f65a0,,,GP_PU_PoE
GP_PU_PoE/production_checkpoints/PU_PoE_replicate_037.rds,15836,b0e9a72fba13684619f79c14c904963f,777db25f93c0108f448392d03206c5efb0a7ecb2e0298e91ff1390c5b6c24a2c,,,GP_PU_PoE
GP_PU_PoE/production_checkpoints/PU_PoE_replicate_038.rds,16060,528c955ac7ef96939b185a99cef6dcd8,d84264b34ffa8280f52b3144759019d53234dd17a854fd902a7661ecb7408a5f,,,GP_PU_PoE
GP_PU_PoE/production_checkpoints/PU_PoE_replicate_039.rds,15776,66b899d05f5f7df5fcf3155067354d80,e09342b19bd7ae1644803082db8e067ce396d95e68e0aa32ced154fc806f40a5,,,GP_PU_PoE
GP_PU_PoE/production_checkpoints/PU_PoE_replicate_040.rds,15615,c66d5227c3e0019c6c96ac656f4c2b86,abb3e4f647bed9bb7e743c9ec7c248d06ea2b11c5f7fb14d33cf32cdcf4b5a52,,,GP_PU_PoE
GP_PU_PoE/production_checkpoints/PU_PoE_replicate_041.rds,15813,37fe11ad91b86dd47108d2fa7d41d908,7b14817137eda6eac5f9768f58b89edeaf9cba7b84bf87247e762c254f1cfc1a,,,GP_PU_PoE
GP_PU_PoE/production_checkpoints/PU_PoE_replicate_042.rds,15802,138b644e6ba5da198c94043c1d071ef0,51934ce64c16c79ea341104a991c3dd940b59c960e937a86d6abf796bde107e5,,,GP_PU_PoE
GP_PU_PoE/production_checkpoints/PU_PoE_replicate_043.rds,15822,dbf063556ba827b5b3a6a0161c44a1db,826d927f5ed2e23b6453ee37d3958e0649f26e24aa38ea946092d7b2894cc261,,,GP_PU_PoE
GP_PU_PoE/production_checkpoints/PU_PoE_replicate_044.rds,15818,160f0b148554159f6e565621070ad7a9,8dea004730cae9b11f6890e3a65de366116a55625111cc00b54de3ff4b03e577,,,GP_PU_PoE
GP_PU_PoE/production_checkpoints/PU_PoE_replicate_045.rds,15768,d16fa8267e061e4f0d7c87638c279783,cced3d1555036755942c7e612b810d580cd7439db702d68f123c9697ad33307f,,,GP_PU_PoE
GP_PU_PoE/production_checkpoints/PU_PoE_replicate_046.rds,15733,daf3a7b7725f967df4230a302c26db06,b143d94be8df35aa780e30acd356a5e61dc1b30fbe8cb044f32117ee86b6fc18,,,GP_PU_PoE
GP_PU_PoE/production_checkpoints/PU_PoE_replicate_047.rds,15804,9b5bf57419a5228a565396c7bfb0a5cd,4b975cdcb2fcfbab5df51ce688c45e183e803d1cbd96bd0445abf48198e22fb6,,,GP_PU_PoE
GP_PU_PoE/production_checkpoints/PU_PoE_replicate_048.rds,15856,414785e498d930d3310919a6dcd8db3b,78d817eb86a1936b052d21c98798627d271f79ec21116aeb07bcbd5fd043b790,,,GP_PU_PoE
GP_PU_PoE/production_checkpoints/PU_PoE_replicate_049.rds,15714,5221cd197793f597984318217a29fd08,e2330d43c53360a6943bd609907a1bb0934bd5a629695d3a1f4112bfbeff90b8,,,GP_PU_PoE
GP_PU_PoE/production_checkpoints/PU_PoE_replicate_050.rds,15736,49b4fe2aadb3c427c292b9d429c20925,3e96475f949b97d9f054086da95bdb038629bd792c1b2ddb33eaf3d087457d77,,,GP_PU_PoE
GP_PU_PoE/production_checkpoints/PU_PoE_replicate_051.rds,15844,e33e71f1ba27c7a6511efd807904c100,3cc46acb1c4e034157c14fac7eb9e37fdbca55ab97fb3156393d568f9d92e582,,,GP_PU_PoE
GP_PU_PoE/production_checkpoints/PU_PoE_replicate_052.rds,15845,eb27594823ada1ab842d7b73dd68d372,98fcd7ccdaba793a5a445243f8658db7cea672939be1f72e5716f97cc8223058,,,GP_PU_PoE
GP_PU_PoE/production_checkpoints/PU_PoE_replicate_053.rds,15822,5d333ee1a8cab9b70a00939d59930862,d0c74514e17c1c54773f478c58e3c140094eae1619001d894f4da92bdbbaab96,,,GP_PU_PoE
GP_PU_PoE/production_checkpoints/PU_PoE_replicate_054.rds,15821,257b801d19d23d7e5625997a95d28c20,7afbd9cd7d6d8e2aad39010d0435dfb005e65456fbe7a9e2f37566f826b565b4,,,GP_PU_PoE
GP_PU_PoE/production_checkpoints/PU_PoE_replicate_055.rds,15805,34e1ccc6bb307bcdf47f03bc8c861eb6,ff18f7b6fa1a5819342ecdf51647801007d13e23eecdb716853b70893ee0c3af,,,GP_PU_PoE
GP_PU_PoE/production_checkpoints/PU_PoE_replicate_056.rds,15857,ac9a5742c9178f088091d714f99f325f,8bd0b4153b83ce7c7fc16c3f102afcf1043c088027d453c3f6f15dd9f25e107a,,,GP_PU_PoE
GP_PU_PoE/production_checkpoints/PU_PoE_replicate_057.rds,15715,457712f3fb1c804fbc8e2a67def91f02,465d7f4013d322154667e5d0177bb268046315f4820a309d8424125e61395ce4,,,GP_PU_PoE
GP_PU_PoE/production_checkpoints/PU_PoE_replicate_058.rds,15771,7a155e4762a828612258dc8956b4f83b,86dfedd1088a143f849b0cf10b6a75e75afe663bb33aab721eeb56f53e20be45,,,GP_PU_PoE
GP_PU_PoE/production_checkpoints/PU_PoE_replicate_059.rds,15773,72d2ccfcbe0df60751c3cbe2b52927b2,f7b3bf513eea9585920b0f1306e14371e2644bbd9aa57ab4db1f5ae2cbfd0aa0,,,GP_PU_PoE
GP_PU_PoE/production_checkpoints/PU_PoE_replicate_060.rds,15743,4d8e66d30b9bfed5dde061f6b8c66552,dcbed61238da73c67bcacefc496e01a71eba523e7a5e7ef1dce96a82d97aa33f,,,GP_PU_PoE
GP_PU_PoE/production_checkpoints/PU_PoE_replicate_061.rds,15806,23c8a6df2a1acf52b5046c328c893794,93247ebe82a4f75a36abb0f64d30c22832bb8603b0b44ff29651f2c4b9c5a1f1,,,GP_PU_PoE
GP_PU_PoE/production_checkpoints/PU_PoE_replicate_062.rds,15821,70040b3c1127d09425d65b7e031874e4,bb66088f298630cda3281bfc21855d0b691bb4af350be5c6670ed36edfbfcf03,,,GP_PU_PoE
GP_PU_PoE/production_checkpoints/PU_PoE_replicate_063.rds,15795,5b08bd9db986bfb835d20dfe619fb26a,21387e858ca2230211af37032eea9c61a1f2dd7dca7a1a3f2e9dcee2520ae2c4,,,GP_PU_PoE
GP_PU_PoE/production_checkpoints/PU_PoE_replicate_064.rds,15877,7b53a8588bd4ca2a3b07811215da6932,41222eb62634198304726a3f167f670eb33a489214cf6c514ece4487ef8161f1,,,GP_PU_PoE
GP_PU_PoE/production_checkpoints/PU_PoE_replicate_065.rds,15795,d93b4389c4588c23e07d4d0fa5f9a938,b79d5d648a3ed79f8df5961f43dbaa004d1b34f6962a8b350005e6df2ae4a1b1,,,GP_PU_PoE
GP_PU_PoE/production_checkpoints/PU_PoE_replicate_066.rds,15747,f3b8e92fde1547c1316cc07dcec3f962,b4f7765beca7f00a05a228ac1d5a7514923c1dd9a92124993e06caddb44f49d1,,,GP_PU_PoE
GP_PU_PoE/production_checkpoints/PU_PoE_replicate_067.rds,15780,260da0ff837f2306fb3b689a800d4e6c,0dde8edb709c590bdc8048fc8d9570ffc52144050fc946e792d09c495b771a67,,,GP_PU_PoE
GP_PU_PoE/production_checkpoints/PU_PoE_replicate_068.rds,15678,dd15d573cae571be12f4e26ba6945321,3f9fa18289f5d45d217dde36c19a3f42ff0372274796041a2b004c801c3acfaa,,,GP_PU_PoE
GP_PU_PoE/production_checkpoints/PU_PoE_replicate_069.rds,15757,8a45f81282a43292d22bdcaf51649e9d,2ba3b78f032b512a6bb024c4d273dfc61dbe9183eba56f0254abcab069baed04,,,GP_PU_PoE
GP_PU_PoE/production_checkpoints/PU_PoE_replicate_070.rds,15796,895b49661c4e08f062d20bac7023f3f8,8f4a42bb3d933d8714a33f6811e0050148a96773a0a6f418ea691d2d089ca39e,,,GP_PU_PoE
GP_PU_PoE/production_checkpoints/PU_PoE_replicate_071.rds,15794,936dc223bce02f1614c32e23fcd45298,e55361dc97c610eeffb4889cf3f7e41239a1763f3de75a7944e7ea42aa03c2d4,,,GP_PU_PoE
GP_PU_PoE/production_checkpoints/PU_PoE_replicate_072.rds,15821,bb4ac9cbccabc8d82f737b4b1242a589,f5b3a6ea58d1199c4acf98fee50bcc3181a85845d4f9c904580db7375a270122,,,GP_PU_PoE
GP_PU_PoE/production_checkpoints/PU_PoE_replicate_073.rds,15743,1baa785e6ed0d2729bc2db3a4a00c3de,4bd1c622fb54a07e6ad9a48c3fc420dc647a7115ede3a67d495d2e93ac7da89b,,,GP_PU_PoE
GP_PU_PoE/production_checkpoints/PU_PoE_replicate_074.rds,16022,6ff20ac78ffadc69ff65aeb2ad8e40b1,267d60de291174a9b66b56ed87115a4399940ec569173302db5422715bdef716,,,GP_PU_PoE
GP_PU_PoE/production_checkpoints/PU_PoE_replicate_075.rds,15823,ced3547541a30bc4e77c0131e7be5ec6,697ad0b976db93a67d92d05deec3373a034ed2da0ea2387152122083a75f0145,,,GP_PU_PoE
GP_PU_PoE/production_checkpoints/PU_PoE_replicate_076.rds,15711,77a65903d1674f9adc6058286c6fcc96,5e5947dd72f896995f167e94d5d710b3a3ff82f4771794ecc8add32d2f3e48ce,,,GP_PU_PoE
GP_PU_PoE/production_checkpoints/PU_PoE_replicate_077.rds,15793,425b3ee7f4eb7471e2250a28de9f2a65,e88092f629533eceed3f4913e05735d534fd96cd2e92abe68ee04a0a7d63f2d0,,,GP_PU_PoE
GP_PU_PoE/production_checkpoints/PU_PoE_replicate_078.rds,15887,8e5797cfc9d9257fb1f42cb5fd0c3290,9bae1c24f7fc95ffe8401c47c171be1818738731e3e553d730239c6bdec0b093,,,GP_PU_PoE
GP_PU_PoE/production_checkpoints/PU_PoE_replicate_079.rds,15744,efbce4c16517c3f5804ea7e5ceeda7e4,ef66e17393f39f6c3e0e8704dde084f95368a48a1f12f673689f22ea2f0da0cd,,,GP_PU_PoE
GP_PU_PoE/production_checkpoints/PU_PoE_replicate_080.rds,15861,6494d7a947521673fd2856d2664c318d,7fbd1cd3e0c484e7860a506ee51437494b5a46a15e839cbf759731d9a5e5b323,,,GP_PU_PoE
GP_PU_PoE/production_checkpoints/PU_PoE_replicate_081.rds,15637,cba7208be24d939a0878616ae976d5e3,176ab2a5c3f496ebf57a8d7712fa930157d43d3490b88fa4e7ae9a4facb3b5e0,,,GP_PU_PoE
GP_PU_PoE/production_checkpoints/PU_PoE_replicate_082.rds,15745,7a0b1e45ec341fd59dd2bb9406de5166,948c6da3f5f16bdf6c3e725a7365ad12c59f7dc8a08a0aad4aa7857d308c8c6c,,,GP_PU_PoE
GP_PU_PoE/production_checkpoints/PU_PoE_replicate_083.rds,15892,94711a4f45e83146098398163c9680d3,e16cbb4622847075fe4cad70c05be7a395e9a6d7a84c860de89c1313d21c69f5,,,GP_PU_PoE
GP_PU_PoE/production_checkpoints/PU_PoE_replicate_084.rds,15730,a0a880d5d87f6af9e11e9339ca3103ec,cf40d5923cd2beb2b87777cac42f0e63544a64a3048ed6437c4d2508deaf2b18,,,GP_PU_PoE
GP_PU_PoE/production_checkpoints/PU_PoE_replicate_085.rds,15673,4f11b4f42533da5e020e7d06d5022d51,7f6e2f8ff8dc7a9403bba823cb533348a9b12bb027010080938c335e6d5ee779,,,GP_PU_PoE
GP_PU_PoE/production_checkpoints/PU_PoE_replicate_086.rds,15763,a44befe17ef76e67b06834eed98d6ce6,9d9e41a865d5eabe85dfa942cc8d0bfd76b2e6fa4318064991b14836e611c418,,,GP_PU_PoE
GP_PU_PoE/production_checkpoints/PU_PoE_replicate_087.rds,15880,ab9cc09ddcf5e80f8c8b955e0336ee18,8cb551f4781da3958b0f16fb05ff8fbc088c6d2d06927cc501c232d3437767a2,,,GP_PU_PoE
GP_PU_PoE/production_checkpoints/PU_PoE_replicate_088.rds,15936,e5f52823cc22a1e34d2face42297de6e,2a46f1b003bbd82cc2ad44dcec96f322772ac253ac1395a3e2b27f76b3e61c88,,,GP_PU_PoE
GP_PU_PoE/production_checkpoints/PU_PoE_replicate_089.rds,15678,03ee2faeef099400bf21d240bfccd180,4564d8997520ca9a260499fc0cdb240d16b53e4c507d65594edc109f2f949f49,,,GP_PU_PoE
GP_PU_PoE/production_checkpoints/PU_PoE_replicate_090.rds,15816,f2b22b5adaabcebe78ea84ef2c576751,5167c65346174be67ea460ee480476814644fbf9b66dd6d163784ddd805263e7,,,GP_PU_PoE
GP_PU_PoE/production_checkpoints/PU_PoE_replicate_091.rds,15758,dc82c916b4cc5cc32ee3f375efb6d9e2,d5f36070c7a7f79440aa3501e759a73f9e0d2cded8b1480d4b19b192bbf2f770,,,GP_PU_PoE
GP_PU_PoE/production_checkpoints/PU_PoE_replicate_092.rds,15839,a4c9fd62d1429f416e7baa062ca37de8,9dc4ae518ac20408b0c9306fcc21c921e7efdaca1f1a87a4b239dbec5bca0bb3,,,GP_PU_PoE
GP_PU_PoE/production_checkpoints/PU_PoE_replicate_093.rds,15864,136e93f35d31cc4172b0ed2e0f195910,d3bafb280607775c13abf3a7407e04d64632fcde3f81e5627f16e50a658cd56d,,,GP_PU_PoE
GP_PU_PoE/production_checkpoints/PU_PoE_replicate_094.rds,15823,0fe8c44523ea01dc4137322acea2fc34,56cf5df34b553c9c5a9533d2f7d08780fe45f76d131992bf8563ea7653144301,,,GP_PU_PoE
GP_PU_PoE/production_checkpoints/PU_PoE_replicate_095.rds,15827,80747cb3e7984d7364eae72ccbbaaa64,f42cba8fb9fcd5c585395e61cdb15a32c3777fac7fb2343571bc0c3e81533068,,,GP_PU_PoE
GP_PU_PoE/production_checkpoints/PU_PoE_replicate_096.rds,15745,9b184d4f6a749719ba5e46f20b06c6e7,b2929bb0dd44bb883244f834b312f84fb6a6ddb717eca46d73c99a840c91685b,,,GP_PU_PoE
GP_PU_PoE/production_checkpoints/PU_PoE_replicate_097.rds,15905,0764d8556819c157e6003424bb6bd533,e5c3276bc9b022d4d9de211fffa78d799900adff3c7310fa11ac8ad51428c97d,,,GP_PU_PoE
GP_PU_PoE/production_checkpoints/PU_PoE_replicate_098.rds,15867,e61826f2109aec4600d73acdbbe17fd3,aacab8344879f84d5d5ba8bcb2dba7f5a86303f68a931f706d1cdd2332e09026,,,GP_PU_PoE
GP_PU_PoE/production_checkpoints/PU_PoE_replicate_099.rds,15775,dc7b7cdb8394c64ab95287c58c5bd6e7,e9c2027f701a2cd718484d0df67a230143a9d6e3df7151730e6ce433fc83de95,,,GP_PU_PoE
GP_PU_PoE/production_checkpoints/PU_PoE_replicate_100.rds,15903,f0f0493e0cf84920a338dbfe17e93a5c,bbcccc5d979a23e10123a90aa7548888fd8c6819b5c1ec2be4ef8111357643f0,,,GP_PU_PoE
GP_PU_PoE/sessionInfo_full_PU_PoE_simulation.txt,831,0fe54065daa85e1658a3b8ed3908fa9c,85913100415d17494576ca7815c14c84613ee0235feb0f4502e8e9f0cbffa13e,,,GP_PU_PoE
GP_PU_PoE_beta0/PU_PoE_mu0_FINAL_ETA_EVALUATION_TABLE.csv,869,8969cdaa75cf83f8c01ed37930e0b0a5,8f9f7579c726c25fb26959665da789d0f4e578877047e6425f9a829b0edc66c7,,,GP_PU_PoE_beta0
GP_PU_PoE_beta0/PU_PoE_mu0_FINAL_MAIN_TABLE_means.csv,604,5fc2c96836ace5e1b48909a4634fb167,7e8e760b149d53a9fe188bb04993af8e71810cb9ae027be122eee2c1cc5d162b,,,GP_PU_PoE_beta0
GP_PU_PoE_beta0/PU_PoE_mu0_FINAL_PAPER_TABLE_mean_SD.csv,617,e03f80f8e3d4f2206947b46d4abe3471,da3b57357c34df547c881eb0032b434bedf4cdfce77c94f5c8f145c5cfd851c0,,,GP_PU_PoE_beta0
GP_PU_PoE_beta0/PU_PoE_mu0_additional_diagnostic_summary.csv,4652,f7b44b0df3fa0d38597c5cf69e4d773c,0bb7be6201bbf2e0131f5b69533571862eb5595b92865afee6813974401339b9,,,GP_PU_PoE_beta0
GP_PU_PoE_beta0/PU_PoE_mu0_all_node_probabilities.csv,6119214,80adefbe303c8302d537521e444bd8f0,f39f6de04d9dc0940ba6bbe0c1b91657e4f40eed95e5c068ff57bb7d5c509853,,,GP_PU_PoE_beta0
GP_PU_PoE_beta0/PU_PoE_mu0_eta_descriptive_diagnostics_by_replicate.csv,33591,8749dd1f792117313b9c904bd9dddcba,1b8ce40bc8ef5daded4ebc06c5471ef847918d9da24710972a844ad120893e1b,,,GP_PU_PoE_beta0
GP_PU_PoE_beta0/PU_PoE_mu0_failure_log.csv,75,415762f6f66023fe900ed436193d8177,60663936722ba4f3844c53a264aa9a5abee70d0b3de51c9e713756443deae104,,,GP_PU_PoE_beta0
GP_PU_PoE_beta0/PU_PoE_mu0_geometry_summary.csv,24700,d2494978073614e18cee7b7e5fb5ed93,7f109391daaa1807c79fabce91824eccdeb7a11fe14fd849b6619fc00ac742eb,,,GP_PU_PoE_beta0
GP_PU_PoE_beta0/PU_PoE_mu0_global_pilot_calibration_5_datasets.rds,5110,5407c40dcf2385f284c6e97e697fbb05,133fd122bff0f6b84a5370b776221ad79e18b5294235382e07ba035716628c0b,,,GP_PU_PoE_beta0
GP_PU_PoE_beta0/PU_PoE_mu0_global_pilot_distribution_summary.csv,1198,32b7b204e23fc7875e5cde13f223cbb1,1f7cb63bd7c201259eb278bf7058c96ab7be943401b3076273d41560360cff30,,,GP_PU_PoE_beta0
GP_PU_PoE_beta0/PU_PoE_mu0_global_pilot_per_pilot_summary.csv,2498,af23452cf0f450477b21268da5f717fc,42eeb363fce2819b1c9d6fb0460bdb1859fb286a8388e4c6909f4ac772736a11,,,GP_PU_PoE_beta0
GP_PU_PoE_beta0/PU_PoE_mu0_metric_summary_long.csv,3004,9162fadbbbaf1807ccd3368223186c32,9f1e14fde1e743eca4b231054fc06aea8a70c1b56781c95ba39734735642e1df,,,GP_PU_PoE_beta0
GP_PU_PoE_beta0/PU_PoE_mu0_metrics_by_replicate.csv,78380,d8e3a1503de85409749bde8db4db7dc9,03cf3d66a4a1874e64ab2c8fda9fef6226a8ac712abe28e987090366274c349e,,,GP_PU_PoE_beta0
GP_PU_PoE_beta0/PU_PoE_mu0_pilot_prior_calibration_summary.csv,5570,c1e18412d397229b9a1a93a344910f92,d20c629001ea06a5799bc688bd762e7a82305bad7ec04c4058a93de8645532c9,,,GP_PU_PoE_beta0
GP_PU_PoE_beta0/PU_PoE_mu0_pilot_seed_table.csv,146,f321e958fe0125633ac5794368543e9b,e651a97d97a33908a2e7218a42fa36092c20d8fc0c4a9c5e5f2338aa2e414fbc,,,GP_PU_PoE_beta0
GP_PU_PoE_beta0/PU_PoE_mu0_prior_calibration_by_replicate.csv,111778,0bd69e57a418c7da2b4070be3bdd9436,ebe849d04be827d1cb0e1b94ca1e5802efad59523436d318bce6cec0e8b44ddd,,,GP_PU_PoE_beta0
GP_PU_PoE_beta0/PU_PoE_mu0_prior_calibration_distribution_summary.csv,2627,c26424cac5d72b4a8cce898d3a466e18,0cf07aadeb7e3243f0f2422e09afb5a8d8b1de0fae04f99ae00af9738d06784d,,,GP_PU_PoE_beta0
GP_PU_PoE_beta0/PU_PoE_mu0_production_seed_table.csv,2237,edb84615bd00d0c39fd3d9447835fbc9,dc26f68f6d55a7bcd90f50ea1ebcacfba5c62eddef40a0d99e86706633be5f85,,,GP_PU_PoE_beta0
GP_PU_PoE_beta0/PU_PoE_mu0_run_config.rds,2653,352fa85b71be385255d8d5e9a36dec85,4f962de4b33b7af1e409763f7382e2e386edb05f6cd14bf999741f183d2e60c3,,,GP_PU_PoE_beta0
GP_PU_PoE_beta0/pilot_checkpoints/PU_PoE_mu0_pilot_01.rds,123831,46ead94f365cc5be4afc53a374bf5cda,52c1bff3691ade825d610aa292c18e82c5da571aa07fcdcb21b5f61fce48b1cb,,,GP_PU_PoE_beta0
GP_PU_PoE_beta0/pilot_checkpoints/PU_PoE_mu0_pilot_02.rds,127866,eb1ce8876f0784ccce5f88de3c09385c,2d5ee43846d630dd530fedc91a3a1db3d2935a4f714f9561a9501da748f16e31,,,GP_PU_PoE_beta0
GP_PU_PoE_beta0/pilot_checkpoints/PU_PoE_mu0_pilot_03.rds,124630,a850c1c73384063c30002ea638baba07,4800a21358cf23a0415259b1e0da5a5a04d011765e320c62a55e966b93b53715,,,GP_PU_PoE_beta0
GP_PU_PoE_beta0/pilot_checkpoints/PU_PoE_mu0_pilot_04.rds,125372,179784b9be337d645fd6ba8cb64f130b,27466fa18e71dca0743797171d9e494f6e0455b805e20e4a0d2ddd7d35d129eb,,,GP_PU_PoE_beta0
GP_PU_PoE_beta0/pilot_checkpoints/PU_PoE_mu0_pilot_05.rds,123688,00191c3d5afad14a619dc4818b9c613d,39d73bfd8b77398adf309a9a9f50d50385ee4e0a5ca7bd9e4c28db346ffc78fa,,,GP_PU_PoE_beta0
GP_PU_PoE_beta0/pilot_geometries/PU_PoE_mu0_pilot_01_geometry.rds,38561,7c3c449e774a222f6c27193fb1526f0e,271a6d037e1fa8b239e15e36c85b83b4bede2b7d536264e1e835a7372702c9f2,,,GP_PU_PoE_beta0
GP_PU_PoE_beta0/pilot_geometries/PU_PoE_mu0_pilot_02_geometry.rds,38453,90f74ed08d2fc614f349726b7cc299f3,a5f54be60ed0529138b92e229307c8f6a112ea672f0dc653ea56af07d08f3a0d,,,GP_PU_PoE_beta0
GP_PU_PoE_beta0/pilot_geometries/PU_PoE_mu0_pilot_03_geometry.rds,38433,de7d2eceaef31f1f9f4e9f09cfa1df2f,1427bf17620ec8ebac36f343260f4e991e7c9ddd80b9184feefcdd166880c0c4,,,GP_PU_PoE_beta0
GP_PU_PoE_beta0/pilot_geometries/PU_PoE_mu0_pilot_04_geometry.rds,38741,c9e524414a2a692576541237ab5c09bf,6aeed06129632e344f06165c71485e53bfc2f99f6c0c8cbe97028b914d9e0976,,,GP_PU_PoE_beta0
GP_PU_PoE_beta0/pilot_geometries/PU_PoE_mu0_pilot_05_geometry.rds,38808,6e2dcb94b963eb642712c2f058355e24,a37641d67014ada040a2fbbca2a5bd91106fa2191e3a2b677146a7421f419570,,,GP_PU_PoE_beta0
GP_PU_PoE_beta0/prior_calibrations/PU_PoE_mu0_pilot_01_prior_calibration.csv,1755,59b6abdffd8daaa46d17342bfc482b3c,5bd6b91b80e7f4e4f85d96015f79478d1fd53877835ec8178873155ce03ff223,,,GP_PU_PoE_beta0
GP_PU_PoE_beta0/prior_calibrations/PU_PoE_mu0_pilot_02_prior_calibration.csv,1756,c2e5308e556aff286cf91aff4d74f34d,d0522edaefe3624f7d60f72f61ac44252f33b2807f4507816a581fdd4a6f9ffc,,,GP_PU_PoE_beta0
GP_PU_PoE_beta0/prior_calibrations/PU_PoE_mu0_pilot_03_prior_calibration.csv,1757,74cc4c45e8894804564c14a159da3a61,e19df71a04f75baf5f654875eba6aeee72fbdf203d911feffebbc5817f3a5d63,,,GP_PU_PoE_beta0
GP_PU_PoE_beta0/prior_calibrations/PU_PoE_mu0_pilot_04_prior_calibration.csv,1758,81bcc5c4b176b8d836f03e46f92f7ad0,359929b1e29b6ba698b539f1ed54f2bdb9fd1a42ba93728467b3c0231f5d863e,,,GP_PU_PoE_beta0
GP_PU_PoE_beta0/prior_calibrations/PU_PoE_mu0_pilot_05_prior_calibration.csv,1748,aa357fc5b8f8fbaceffcecfffa7ef7ec,e057d0cf2b674490982afa9cb38dc30537c81a1fcbb6b96b2ab70b7a18f2837b,,,GP_PU_PoE_beta0
GP_PU_PoE_beta0/prior_calibrations/PU_PoE_mu0_replicate_001_prior_calibration.csv,1934,0a09e9db2a6193402cc066e5de48329a,4eea8a547deac2021b388711955d2d98150863cfd17a97001f58ee76fa05138e,,,GP_PU_PoE_beta0
GP_PU_PoE_beta0/prior_calibrations/PU_PoE_mu0_replicate_002_prior_calibration.csv,1935,055c58a2883a6ef652738114e3f9314c,afb440d95eea7a866121f71f12095d7ffc2c9824615650ce8666ae96286853c7,,,GP_PU_PoE_beta0
GP_PU_PoE_beta0/prior_calibrations/PU_PoE_mu0_replicate_003_prior_calibration.csv,1932,6ead6c0ee72cc06d7a3d4e9e58ae1d78,7f6032890ed33d978babb1b000680bdb8afad6eaac29a385a6765eccce73a5c7,,,GP_PU_PoE_beta0
GP_PU_PoE_beta0/prior_calibrations/PU_PoE_mu0_replicate_004_prior_calibration.csv,1934,6670ac380ae6f0b3a3dc680de8721724,a7a2209e3353783fdf197dc64d26a428093ea21043c257c4fe98a3da31f2dc61,,,GP_PU_PoE_beta0
GP_PU_PoE_beta0/prior_calibrations/PU_PoE_mu0_replicate_005_prior_calibration.csv,1933,f0b0584d8b8b5c695cc8fca55f5d7cfd,f9558b8865b814b014fd5ecf9c899b3d7e60d72376a6e332ef533fb22a1ce57e,,,GP_PU_PoE_beta0
GP_PU_PoE_beta0/prior_calibrations/PU_PoE_mu0_replicate_006_prior_calibration.csv,1937,ad5be74c6a6bed82c890c5c74287933e,8a23d6052c087ea2df85369c7b606e59315691510844d5452c367be3c72cb57d,,,GP_PU_PoE_beta0
GP_PU_PoE_beta0/prior_calibrations/PU_PoE_mu0_replicate_007_prior_calibration.csv,1934,aa5a39062fca64bc0f88c1f23aee24eb,34b10dba7c68e8062e4cbdd06fb42022d2d7dec279f0bba9995852201be6839d,,,GP_PU_PoE_beta0
GP_PU_PoE_beta0/prior_calibrations/PU_PoE_mu0_replicate_008_prior_calibration.csv,1932,519da646b97b1bcbbd640b3e7c7a3a52,ecdd101847d8003be8fafbcea8f049ae87bcfbb0b995d3b7b2a7d0f678de9b05,,,GP_PU_PoE_beta0
GP_PU_PoE_beta0/prior_calibrations/PU_PoE_mu0_replicate_009_prior_calibration.csv,1932,ebd7a1b5e664e0c959b151f13679fd65,b00e16e19b8babdcb63eaef8e5b8a7a377b5928e329b823750c8960a1878c2be,,,GP_PU_PoE_beta0
GP_PU_PoE_beta0/prior_calibrations/PU_PoE_mu0_replicate_010_prior_calibration.csv,1938,3bfacfe3f77cc0260267d88232cdf7f6,9e80da2b179a9ae8d1610d187fdae0ca21eda60eaa661f2fbd89ef13830f4e4b,,,GP_PU_PoE_beta0
GP_PU_PoE_beta0/prior_calibrations/PU_PoE_mu0_replicate_011_prior_calibration.csv,1935,919e8e3abbc8637781ad5570801f37ce,69cfdcc0f1a08a74751359a85a03e356971d3e943dc074215f6c85f690a55cdd,,,GP_PU_PoE_beta0
GP_PU_PoE_beta0/prior_calibrations/PU_PoE_mu0_replicate_012_prior_calibration.csv,1940,ebb4a2b828ef30a3a7b75c6d09711844,ee76197f189dedf4f1fcd443949f09dc5cc7ef92d5475cbfbcc4023c42023d9c,,,GP_PU_PoE_beta0
GP_PU_PoE_beta0/prior_calibrations/PU_PoE_mu0_replicate_013_prior_calibration.csv,1936,43c4f73812bb8bd4a07b0a42924f8e67,74ecc19cf95fcc894d7afbe45606876c23dcca9529a504aef3800c2f985df597,,,GP_PU_PoE_beta0
GP_PU_PoE_beta0/prior_calibrations/PU_PoE_mu0_replicate_014_prior_calibration.csv,1936,5bccf013de6e9a73ea0a09249cc964e2,48c12d4598186a86736eff3e55784d397f0cac2307fa73dc8b47b59ac406e905,,,GP_PU_PoE_beta0
GP_PU_PoE_beta0/prior_calibrations/PU_PoE_mu0_replicate_015_prior_calibration.csv,1936,fa88e86454491a2baa8355597a2d10d2,e4bfbbc33910316e896011b8acf10405619c231f744938299143d8786511be63,,,GP_PU_PoE_beta0
GP_PU_PoE_beta0/prior_calibrations/PU_PoE_mu0_replicate_016_prior_calibration.csv,1935,31e3cb2c67e82ba3f556a1a32d3b2678,679f1c54cb4fd98fc6a649927d0bcc8ee57503a1c662d19830792a13e9d5d9b4,,,GP_PU_PoE_beta0
GP_PU_PoE_beta0/prior_calibrations/PU_PoE_mu0_replicate_017_prior_calibration.csv,1939,c176cd7e69828e89b0b72852529bfcf2,958eed61dc3ea8d025cd84c1c6d82094c01032834a8c48e68607981a4fc3a149,,,GP_PU_PoE_beta0
GP_PU_PoE_beta0/prior_calibrations/PU_PoE_mu0_replicate_018_prior_calibration.csv,1932,b80b78c1bdf1f578f319734cb87dcfdc,5ed1d5167e9a41a1b36d7673331ea545ccfc9a662ec40fcc3115b545f768937c,,,GP_PU_PoE_beta0
GP_PU_PoE_beta0/prior_calibrations/PU_PoE_mu0_replicate_019_prior_calibration.csv,1935,3fb089a1521a7c19d1c36f7a09921d1e,ea3832b37732e8b6fd32655deded604f10cfb3bb5973ac55fa22119ed8ca1e97,,,GP_PU_PoE_beta0
GP_PU_PoE_beta0/prior_calibrations/PU_PoE_mu0_replicate_020_prior_calibration.csv,1935,da1e8cf761e2dc2ac86fbc0ae9f3b156,ad6139cca33f37d5ad6bd80fdb2fbc495e937cb934f47bb9e73db6e1461b8c05,,,GP_PU_PoE_beta0
GP_PU_PoE_beta0/prior_calibrations/PU_PoE_mu0_replicate_021_prior_calibration.csv,1936,ad1e4493578ebcfbef87f13ad3128279,9386acad74aa7dde706eb218334a072c90efad7993ed73296d860b8f43e6b07f,,,GP_PU_PoE_beta0
GP_PU_PoE_beta0/prior_calibrations/PU_PoE_mu0_replicate_022_prior_calibration.csv,1932,26d796797038a46ae370223f15357ca1,89a68b922f6717922910e4e867aa94341c74996836484172d37dbebbd4b394c4,,,GP_PU_PoE_beta0
GP_PU_PoE_beta0/prior_calibrations/PU_PoE_mu0_replicate_023_prior_calibration.csv,1935,14b4ec6f0a74f5e642e74a499894d040,fb1a6f9285b3e47017d054c89b0475a3437437e4739a46f95e34e69e90c01f0b,,,GP_PU_PoE_beta0
GP_PU_PoE_beta0/prior_calibrations/PU_PoE_mu0_replicate_024_prior_calibration.csv,1939,ce02ff20c2dca31dca0aed46e0e88abf,427c7ace74170c990d0229bdfe8a7664fdf24bf3f7c013b2d384f6eca8c9a79f,,,GP_PU_PoE_beta0
GP_PU_PoE_beta0/prior_calibrations/PU_PoE_mu0_replicate_025_prior_calibration.csv,1935,78754548ab4043ce927a430e6d99e759,84c389de1ca519e370bf24f790030120e205ffe568be922582b4d973de7f8adf,,,GP_PU_PoE_beta0
GP_PU_PoE_beta0/prior_calibrations/PU_PoE_mu0_replicate_026_prior_calibration.csv,1938,ac51e1a07ae05b63b2f4a4fdf87de0a8,402ed6024634c1b488925fcf8d8355788129f63bcae040476083bc6b242204c7,,,GP_PU_PoE_beta0
GP_PU_PoE_beta0/prior_calibrations/PU_PoE_mu0_replicate_027_prior_calibration.csv,1937,b92c5c8d767dec44fdda79bfa0e10fcf,88bc9ba09bfbd541caf20b5ab59809540ef493977f19f9860219800cc83a713e,,,GP_PU_PoE_beta0
GP_PU_PoE_beta0/prior_calibrations/PU_PoE_mu0_replicate_028_prior_calibration.csv,1932,8df1515584c04ff64f4c74c30a94babc,1f0ed075bca539542d3228aa020b3b763ff45e779ca53a31e68834b0045b52b4,,,GP_PU_PoE_beta0
GP_PU_PoE_beta0/prior_calibrations/PU_PoE_mu0_replicate_029_prior_calibration.csv,1939,83c6a288c14a65f76f962fe0b7a16d5a,c424ffeb4586cfc9f88f6a89fe7a29aeb57ac58cb83ab475e495bba3df1d1bb4,,,GP_PU_PoE_beta0
GP_PU_PoE_beta0/prior_calibrations/PU_PoE_mu0_replicate_030_prior_calibration.csv,1931,1f27994420b68c0330c9fb097b676055,e83e6cec7841d6d8c3e042be5b11f71c1efad1a7a5ae68ea071362ac56416a1c,,,GP_PU_PoE_beta0
GP_PU_PoE_beta0/prior_calibrations/PU_PoE_mu0_replicate_031_prior_calibration.csv,1933,d339ddcdc1f8011a26a41a509ed47f12,884771f8ebad6da75bfd9b3ab5068cb0e827d9ac1161840704d4b3a939192550,,,GP_PU_PoE_beta0
GP_PU_PoE_beta0/prior_calibrations/PU_PoE_mu0_replicate_032_prior_calibration.csv,1935,7f128369c6852c32782ecbab16da82fc,6a6d1fdf274b9db3ce593e7fe79b497f29189dc95aaf10033ce526d2a12600da,,,GP_PU_PoE_beta0
GP_PU_PoE_beta0/prior_calibrations/PU_PoE_mu0_replicate_033_prior_calibration.csv,1937,c53f20d83232d2dcdf061d8cd57ba29c,a566c62ad047914687afefa99f5474e3a81d9b7e94e1230df80d2e7e53d05b5a,,,GP_PU_PoE_beta0
GP_PU_PoE_beta0/prior_calibrations/PU_PoE_mu0_replicate_034_prior_calibration.csv,1937,6afcf29462bd7dfdad351f51884ceb5e,af05a83f375c3eac9e78e46bcf0e1b4f7dafd93495180da4099d6819d62ec647,,,GP_PU_PoE_beta0
GP_PU_PoE_beta0/prior_calibrations/PU_PoE_mu0_replicate_035_prior_calibration.csv,1938,c122b48c877b8be46e374c92a383198d,9f231d3de94e1432e7fec5d0bd20811453867fc96374c01ad967e967a6472f5e,,,GP_PU_PoE_beta0
GP_PU_PoE_beta0/prior_calibrations/PU_PoE_mu0_replicate_036_prior_calibration.csv,1934,27b5bcbcf6128dd8b6bf65a0d68bf58b,f1f0084c11b7733ccf95d01a3727b5feb1b40842d9b69b632cdeb97da5e5569a,,,GP_PU_PoE_beta0
GP_PU_PoE_beta0/prior_calibrations/PU_PoE_mu0_replicate_037_prior_calibration.csv,1933,22380ee859d2fd300ad909a97edaad2e,4a37ea9047d301d0dcdd83d171329f14cf3c49e4f9d8eaeb35b052ddda500e4e,,,GP_PU_PoE_beta0
GP_PU_PoE_beta0/prior_calibrations/PU_PoE_mu0_replicate_038_prior_calibration.csv,1934,64c4c7baa4d51a40514a0cd28d4d8582,c81afd98657b14eadaeccc33c8ac9ce42562b5f2bcc5fd2a84a5442e8907e451,,,GP_PU_PoE_beta0
GP_PU_PoE_beta0/prior_calibrations/PU_PoE_mu0_replicate_039_prior_calibration.csv,1935,ee741342633d3073ca4809ab84d6d025,bef105b72af67fdb8ab504321fc02f0584a1444fa5adaf49fb79b2d15ec397b6,,,GP_PU_PoE_beta0
GP_PU_PoE_beta0/prior_calibrations/PU_PoE_mu0_replicate_040_prior_calibration.csv,1937,74e9ec2e58c06427b830c5b3bb745c35,5048f640d1480caf58dd8a46715049b72943cbaf9c06e242b1e7117d1863e319,,,GP_PU_PoE_beta0
GP_PU_PoE_beta0/prior_calibrations/PU_PoE_mu0_replicate_041_prior_calibration.csv,1938,657c8c25a33904002a2ab676b289cdb3,bf8e4131c2a730c6d6382a4fb3bb7981500fc71ba415b2e0a1cafef430ecafbd,,,GP_PU_PoE_beta0
GP_PU_PoE_beta0/prior_calibrations/PU_PoE_mu0_replicate_042_prior_calibration.csv,1935,2ce7bdfc05c9fdf726559c5788c89ae8,c336adaf9044c1b6e16f5e0e3cb8604b1a5538905dc7f32bc6d4f069de220282,,,GP_PU_PoE_beta0
GP_PU_PoE_beta0/prior_calibrations/PU_PoE_mu0_replicate_043_prior_calibration.csv,1933,3738060efb04a409c3180ed8b935dbb1,a25f80aefb75bc4b6f1bd02faad63aa0105933e7b50b1842d90ee658d8d70386,,,GP_PU_PoE_beta0
GP_PU_PoE_beta0/prior_calibrations/PU_PoE_mu0_replicate_044_prior_calibration.csv,1938,946bb51ce70d942ba9971286a05b6957,0627817d3da272dcb9f3b0886359a00ff423ed64aaf5474c727a2f6f4848ab25,,,GP_PU_PoE_beta0
GP_PU_PoE_beta0/prior_calibrations/PU_PoE_mu0_replicate_045_prior_calibration.csv,1934,3c6cfbcfd6affbf6681101c81da20164,5a5ce632f1c6e8761f3c3e29d30c2c762203ab7135c12aafec901273322b706b,,,GP_PU_PoE_beta0
GP_PU_PoE_beta0/prior_calibrations/PU_PoE_mu0_replicate_046_prior_calibration.csv,1934,00ccb582c9fea143c60d3859a33d8aa8,fec98349a192a968b66b9746746b1e55db0a2f4685d6523c1a667abfd3013811,,,GP_PU_PoE_beta0
GP_PU_PoE_beta0/prior_calibrations/PU_PoE_mu0_replicate_047_prior_calibration.csv,1936,753e6ff53c14d71a057d28a627922935,1a3dff5cd09034ec3f338e675adf1a8408f9297928abb6be289011855f602f1d,,,GP_PU_PoE_beta0
GP_PU_PoE_beta0/prior_calibrations/PU_PoE_mu0_replicate_048_prior_calibration.csv,1935,d5a66897b75cd59941df7ff789c14da4,c50211a4dac080abbdf7d793aaae1b05844cdcfbb535025b110d297b31d20f8b,,,GP_PU_PoE_beta0
GP_PU_PoE_beta0/prior_calibrations/PU_PoE_mu0_replicate_049_prior_calibration.csv,1938,5a1307ad3fca31bb394f6ef032005ce9,e61656f1301876fd3e8e5b2a70759f1539e2510c1bc15048d9fe09ce5ab55494,,,GP_PU_PoE_beta0
GP_PU_PoE_beta0/prior_calibrations/PU_PoE_mu0_replicate_050_prior_calibration.csv,1936,21acfa6fc83e9d75f59c44f08452d12f,ea42d58af4b320e13516ec011841b0532dab5e91be424e9a467558c308207046,,,GP_PU_PoE_beta0
GP_PU_PoE_beta0/prior_calibrations/PU_PoE_mu0_replicate_051_prior_calibration.csv,1937,5debd8d4d0e7527d72fb64691b72d090,a23eee6382e79f0525dedb02091191297204a13971f69c70d599dc9e06f1cf55,,,GP_PU_PoE_beta0
GP_PU_PoE_beta0/prior_calibrations/PU_PoE_mu0_replicate_052_prior_calibration.csv,1932,0a68bcd903f98d70775a33c34d8e7e22,9efd2714b56ec5d36616be6874a9590214da45dd6ee15f22b30b7322918e2f45,,,GP_PU_PoE_beta0
GP_PU_PoE_beta0/prior_calibrations/PU_PoE_mu0_replicate_053_prior_calibration.csv,1932,bbc2f3ac4fa0875dde70b1292f352367,d3e2f0b466ff21e9a564c736cb39623bab6d50f84a336a685213c2fe473342e9,,,GP_PU_PoE_beta0
GP_PU_PoE_beta0/prior_calibrations/PU_PoE_mu0_replicate_054_prior_calibration.csv,1930,3c93b3c8ae944350979a0a9b9cefea74,6c2b93421355f12242ecc8f8b4c511c8329a1f1553146ce3dfe0a84a9e02322d,,,GP_PU_PoE_beta0
GP_PU_PoE_beta0/prior_calibrations/PU_PoE_mu0_replicate_055_prior_calibration.csv,1935,f8233896a1ca6905a477aecdf1a8e51c,647b7a83464daba669997bedf5a39939ab75660b0bd8708c2776c87aa2891b72,,,GP_PU_PoE_beta0
GP_PU_PoE_beta0/prior_calibrations/PU_PoE_mu0_replicate_056_prior_calibration.csv,1932,6f4ab73264bc234a87cb2f775a6c23be,3ae9ffed890ad450f9d414d9c1a739dfbce5409cea9b8cf89ff2536b4652a4ea,,,GP_PU_PoE_beta0
GP_PU_PoE_beta0/prior_calibrations/PU_PoE_mu0_replicate_057_prior_calibration.csv,1936,2817e6c52c2da31f5ad1087f68023d1c,11fc9eba2037b3fcb03c8f7dc64a8638167804384bc6f3a623baf65c68a95507,,,GP_PU_PoE_beta0
GP_PU_PoE_beta0/prior_calibrations/PU_PoE_mu0_replicate_058_prior_calibration.csv,1933,628b71fb2956d4529eaf1ec0f21cc195,022bb3e9459095e9602c56217569c7be8991ab40876172f74fd5dab377e5cd0c,,,GP_PU_PoE_beta0
GP_PU_PoE_beta0/prior_calibrations/PU_PoE_mu0_replicate_059_prior_calibration.csv,1936,a45596b2e5218d7f80e2d50baf5849fc,714231a7770b092c02ded50ad41ec81e9e906cf70e9bb173367df507b95d87a7,,,GP_PU_PoE_beta0
GP_PU_PoE_beta0/prior_calibrations/PU_PoE_mu0_replicate_060_prior_calibration.csv,1939,e7d1715d7872290ab24d715a3db2d8dd,d07d004fc1be9fb51262712aaee7308f3701267c66df11cd5a74fe6e5b1087b4,,,GP_PU_PoE_beta0
GP_PU_PoE_beta0/prior_calibrations/PU_PoE_mu0_replicate_061_prior_calibration.csv,1936,017ab28eb0c99f63dec199e1fbefab8b,679501e10b6159c0578dd40159097222d6bb0a70e61c51ffd263fc0763b33c8f,,,GP_PU_PoE_beta0
GP_PU_PoE_beta0/prior_calibrations/PU_PoE_mu0_replicate_062_prior_calibration.csv,1936,b718b729ad4b1fbc740c2aad1da29539,bf90a601e1ab5473d003371d0e874b1580a98724cd79284c05434039001420f6,,,GP_PU_PoE_beta0
GP_PU_PoE_beta0/prior_calibrations/PU_PoE_mu0_replicate_063_prior_calibration.csv,1933,41257ca6c883e1ca0139be319f663dfe,a5d8e119fc95bf1150fcae029e5a1a92f38970e697bc7f1e64dbf85e86a2dcbe,,,GP_PU_PoE_beta0
GP_PU_PoE_beta0/prior_calibrations/PU_PoE_mu0_replicate_064_prior_calibration.csv,1939,4cad9f804e959986a6fc5ae0827fffc8,57738610bd101fc96def2526149337d51f4cbdef75431ab6a3de90a0960cc7b8,,,GP_PU_PoE_beta0
GP_PU_PoE_beta0/prior_calibrations/PU_PoE_mu0_replicate_065_prior_calibration.csv,1937,c78498fa131a2c1596629d45b1b959d6,ece7cdc3abaeba27a1d82c296693904997ebd0550d678db03a186b0ab850a8c9,,,GP_PU_PoE_beta0
GP_PU_PoE_beta0/prior_calibrations/PU_PoE_mu0_replicate_066_prior_calibration.csv,1935,2e5825d003623b297abb9deff591cd4e,cfb0e1d2d85b97801dd0b2521fa8e4928afa1480a4dce3832ac240c6e187add3,,,GP_PU_PoE_beta0
GP_PU_PoE_beta0/prior_calibrations/PU_PoE_mu0_replicate_067_prior_calibration.csv,1936,0f3b68cd2841307a07ea8760f6f99880,6c072f8eecaa4ffcf2569daae638e9545e9f2a2fa1837ae7a5e22d27fd3cf26d,,,GP_PU_PoE_beta0
GP_PU_PoE_beta0/prior_calibrations/PU_PoE_mu0_replicate_068_prior_calibration.csv,1935,63afe36be696dcc9412b72eaf97270f3,38f7fb30ce030a5c1c4cd2ab5ac0ae5aa81c36a6e2f55197553904951fd214f7,,,GP_PU_PoE_beta0
GP_PU_PoE_beta0/prior_calibrations/PU_PoE_mu0_replicate_069_prior_calibration.csv,1936,15fe03c09a431e9554ca3a22849aae43,9dd09a106af3305803d49e21d05f29e65c4e88b85cc82d6b3cfe725c1d020926,,,GP_PU_PoE_beta0
GP_PU_PoE_beta0/prior_calibrations/PU_PoE_mu0_replicate_070_prior_calibration.csv,1935,7a5965176236d09542d43ff2dd84dcf2,24a65e96a8fc44644894f97080849eeac5510a219940422a8a8bc4493777227e,,,GP_PU_PoE_beta0
GP_PU_PoE_beta0/prior_calibrations/PU_PoE_mu0_replicate_071_prior_calibration.csv,1937,b6188895b2bbb92760fde3d704d0a419,1f4a5b75698de1afe7e07f94ed82c8ca56eaf3fd13cd10a755071a256fbd3819,,,GP_PU_PoE_beta0
GP_PU_PoE_beta0/prior_calibrations/PU_PoE_mu0_replicate_072_prior_calibration.csv,1939,68ca37578abda096d6c7f009347d1ea6,81c68b1099f86dc87f48480c121c6524cdd3657832d669a0575b6340f262481b,,,GP_PU_PoE_beta0
GP_PU_PoE_beta0/prior_calibrations/PU_PoE_mu0_replicate_073_prior_calibration.csv,1938,4c3c306ba6b86c57867a7caa874989a4,dec2b6eb219efd185efdaaf175a1464231186519d13c46e2fdcf9a4c9e91650c,,,GP_PU_PoE_beta0
GP_PU_PoE_beta0/prior_calibrations/PU_PoE_mu0_replicate_074_prior_calibration.csv,1937,de0628ea62d5e6861f82abe29f01ee56,3f2c5cff3d72b389ac63335d028d559c8be3744ec95dcf528980cfd23e4c6f29,,,GP_PU_PoE_beta0
GP_PU_PoE_beta0/prior_calibrations/PU_PoE_mu0_replicate_075_prior_calibration.csv,1936,d6f7a73f31ebf0bede26cb61a7169d8a,f4bf9a9f03e20d155ce6a320b92631ab07c337b954ef5afaffe245e0743769d1,,,GP_PU_PoE_beta0
GP_PU_PoE_beta0/prior_calibrations/PU_PoE_mu0_replicate_076_prior_calibration.csv,1936,5a28c76c76f0fc373e903c4957c8a639,1bd1ff02b088af207caa665852b1477824b204224e1c9f229454f5cd09af3090,,,GP_PU_PoE_beta0
GP_PU_PoE_beta0/prior_calibrations/PU_PoE_mu0_replicate_077_prior_calibration.csv,1937,c842b436c482258c5b0df665e4eb9f28,2862609c1653a845fb14080c8a5fc4657b8d16322d0384c6043feab7a47f4019,,,GP_PU_PoE_beta0
GP_PU_PoE_beta0/prior_calibrations/PU_PoE_mu0_replicate_078_prior_calibration.csv,1936,fa7d297ed9b72938c67dae11122b95a2,35a2541afeede591767e416273246b16cb119f204c91a66da2e4a22b1afe4473,,,GP_PU_PoE_beta0
GP_PU_PoE_beta0/prior_calibrations/PU_PoE_mu0_replicate_079_prior_calibration.csv,1937,c9a271242827b6ab61eb43af0251b38c,a7b796c073818635defb2c955eb1ff304e59d5413dfcf95da98e08c48cf351d6,,,GP_PU_PoE_beta0
GP_PU_PoE_beta0/prior_calibrations/PU_PoE_mu0_replicate_080_prior_calibration.csv,1939,dcb591f978d480a2f3a6defe907be65d,95558fbeedc3525cf6ee6aaac5bda46594bd6fc6e1f0adbab3a668dee66c8d0b,,,GP_PU_PoE_beta0
GP_PU_PoE_beta0/prior_calibrations/PU_PoE_mu0_replicate_081_prior_calibration.csv,1936,6ce609f0352711c4622f08271e8271b6,278fbbdaf74034e1374cdcdc13507182b88727f2f51376966a8b8c089d9d0892,,,GP_PU_PoE_beta0
GP_PU_PoE_beta0/prior_calibrations/PU_PoE_mu0_replicate_082_prior_calibration.csv,1936,9880dda990a4a254a760debd7faa76b4,e6da1d257cfb8acea56659990cc07917f946f6dbe848e4653eb3c8d89d4e9bdb,,,GP_PU_PoE_beta0
GP_PU_PoE_beta0/prior_calibrations/PU_PoE_mu0_replicate_083_prior_calibration.csv,1928,3cb87bb534dd7627d99f967f3b2ebab8,d769370c690b1289c6e9c079b575816d8f7fb9c6649092c51c562a18ca5f2894,,,GP_PU_PoE_beta0
GP_PU_PoE_beta0/prior_calibrations/PU_PoE_mu0_replicate_084_prior_calibration.csv,1937,66ab08fbace6c6cb830fc65fe035aea7,2c49241d1b4635a2a39c8423ab3593cf2d54e5f59a501cf27a5bfc40c714dd6e,,,GP_PU_PoE_beta0
GP_PU_PoE_beta0/prior_calibrations/PU_PoE_mu0_replicate_085_prior_calibration.csv,1936,839cace6bbf6b8e92ee66f0f842391f3,4dbe109400c33c83948d7300411bc1c978c187a1010cf28bb1aee10c37ce3c1e,,,GP_PU_PoE_beta0
GP_PU_PoE_beta0/prior_calibrations/PU_PoE_mu0_replicate_086_prior_calibration.csv,1938,6d57e2de144f2fe56e554aa56441866c,72456315c27299f756e16c2416b01891af26f677c91574bb19f747e0d2ae4ac0,,,GP_PU_PoE_beta0
GP_PU_PoE_beta0/prior_calibrations/PU_PoE_mu0_replicate_087_prior_calibration.csv,1937,199d43a08e06b10f6d79e7ee0ecfc9fa,0f1c5cf660667ce432042f2e0f7bad4f31acf03d4f9bbdcff6a7995e4293ef40,,,GP_PU_PoE_beta0
GP_PU_PoE_beta0/prior_calibrations/PU_PoE_mu0_replicate_088_prior_calibration.csv,1938,2f89091b09dd56eff13bbb6dc6b46496,861097a43c8b405c46512986729bac07a98cc88753482f892b38c8eef7573fbf,,,GP_PU_PoE_beta0
GP_PU_PoE_beta0/prior_calibrations/PU_PoE_mu0_replicate_089_prior_calibration.csv,1936,1bef3776af38294c11a27342e026be94,c030904e4c39bc1f98f9c47d44aa4f392f2bfea895fd4541e52ca1a96d20af5e,,,GP_PU_PoE_beta0
GP_PU_PoE_beta0/prior_calibrations/PU_PoE_mu0_replicate_090_prior_calibration.csv,1935,a9cdd6a13541f5da8e21fe5b8c3b3996,339a3b1b43bb298eff7009dec8273644c460084d05e739197c3ff7d1a68d1b0f,,,GP_PU_PoE_beta0
GP_PU_PoE_beta0/prior_calibrations/PU_PoE_mu0_replicate_091_prior_calibration.csv,1936,1cdeed5056fd9ec53761e43aeb9d93fb,1d075bed338f5ddc54cafb7eeafef84ab1896c1eeb4e32b3edcc56dd35810079,,,GP_PU_PoE_beta0
GP_PU_PoE_beta0/prior_calibrations/PU_PoE_mu0_replicate_092_prior_calibration.csv,1934,17fb009c8d4202520e152ffe2142b4a5,a3e464afb688048f36f8ab1208da76e3a23cbad07ce4d91d5967e05bf6364988,,,GP_PU_PoE_beta0
GP_PU_PoE_beta0/prior_calibrations/PU_PoE_mu0_replicate_093_prior_calibration.csv,1937,d8fcbb19e06a30aaa19cd8a5ea1d082f,622d9bd616737ee99dca77125a45cdc9e8ec630e36f53af6a93d72d319d6d01b,,,GP_PU_PoE_beta0
GP_PU_PoE_beta0/prior_calibrations/PU_PoE_mu0_replicate_094_prior_calibration.csv,1930,d6eb146aa268fbc6c869f73558d974cc,2fcf2b8a7d35cf354541e8ca3abdafb420068ea01c31fbfe792e791ff54ae063,,,GP_PU_PoE_beta0
GP_PU_PoE_beta0/prior_calibrations/PU_PoE_mu0_replicate_095_prior_calibration.csv,1936,6e8eed97bf389d89a4efa6d043c57ff1,effe280e191e531c7250ab96723475174a297c3650e390a62fd4addb8eac0237,,,GP_PU_PoE_beta0
GP_PU_PoE_beta0/prior_calibrations/PU_PoE_mu0_replicate_096_prior_calibration.csv,1935,e0ae7264668314464b36ad8f47c6d367,c7e0ebb267551cc0df85cc5afb297d86860e36de8610db568af6ca455911a828,,,GP_PU_PoE_beta0
GP_PU_PoE_beta0/prior_calibrations/PU_PoE_mu0_replicate_097_prior_calibration.csv,1939,8965799f1bd5634b9b2a6139c6b33f79,a74ac346776d0f3835b07806349adc040408d0a1b5e8e6a4e117f3fe8dd35c80,,,GP_PU_PoE_beta0
GP_PU_PoE_beta0/prior_calibrations/PU_PoE_mu0_replicate_098_prior_calibration.csv,1935,a62b635ce5cc0444521efc5bba2de277,8ae4d88573cb6c1dae070f156cb1fee421476a235bc67c75cfb5815853621558,,,GP_PU_PoE_beta0
GP_PU_PoE_beta0/prior_calibrations/PU_PoE_mu0_replicate_099_prior_calibration.csv,1936,3665d0232e7d8953993af9e13bd82478,59a2b0efd913eb835da9406a35ba2a017640e1f500f77a877dda29a77338530b,,,GP_PU_PoE_beta0
GP_PU_PoE_beta0/prior_calibrations/PU_PoE_mu0_replicate_100_prior_calibration.csv,1941,56b745276dd53aa25f933770e4c6401d,8c8f16d7959894b0b2de582d83a2cadde2571cf498611294b718ec2b5899714a,,,GP_PU_PoE_beta0
GP_PU_PoE_beta0/production_checkpoints/PU_PoE_mu0_replicate_001.rds,15235,ae20565022171eba63d4f541227e164c,f947af38126acfc2b5c51b12f4ea669ea5855cb1103ac1a8465e577f6ba37cc7,,,GP_PU_PoE_beta0
GP_PU_PoE_beta0/production_checkpoints/PU_PoE_mu0_replicate_002.rds,15251,fffa0d1727d2bea6872de5d9c63b8a4a,6f13eca8b52e08dffda5cc64b92d3c5ff9d96fcc2ddda08c8b59522d5ae1a5d1,,,GP_PU_PoE_beta0
GP_PU_PoE_beta0/production_checkpoints/PU_PoE_mu0_replicate_003.rds,15242,1e42aae2ed1ef018c1f6dcfee920d390,2cf1a76669f7c240537e70fa4ef89e7a4ffce5b01c46eb47daf43dd32d522873,,,GP_PU_PoE_beta0
GP_PU_PoE_beta0/production_checkpoints/PU_PoE_mu0_replicate_004.rds,15290,748d4374ecae6ca1424d44dc5cf2a172,3ab2fe7b1dfd030b2a1e82deabc96d0813c8dee6d7f4420b985b9ef54ba2bca6,,,GP_PU_PoE_beta0
GP_PU_PoE_beta0/production_checkpoints/PU_PoE_mu0_replicate_005.rds,15267,c2dfa0eddcd42d2046b3064483daed42,b29c282a6a7b6bc81a3424c5ca5e742283a7962910e802eb644fdd790d6bee95,,,GP_PU_PoE_beta0
GP_PU_PoE_beta0/production_checkpoints/PU_PoE_mu0_replicate_006.rds,15237,5e7aa389f4e18936da0c39508d405bd0,d8696a2cb85a3687b465db99aa04748fde60b95785524eab15d58d870b7a95c7,,,GP_PU_PoE_beta0
GP_PU_PoE_beta0/production_checkpoints/PU_PoE_mu0_replicate_007.rds,15268,64882370b9ad21e615b87166ba1a84b3,a77e7f89702f34f5112494cd92a0ea0c41e36dbd337497287518cc60b9920813,,,GP_PU_PoE_beta0
GP_PU_PoE_beta0/production_checkpoints/PU_PoE_mu0_replicate_008.rds,15319,ed1f11eea820578ab9ac17ec854b4294,ee5506788f7381d29c69f3ed9d5724cebf42f93ce4bfe9240604dd50380ace93,,,GP_PU_PoE_beta0
GP_PU_PoE_beta0/production_checkpoints/PU_PoE_mu0_replicate_009.rds,15288,83a954e69fcccb39049007c09a132f25,1638ba884f713004ac3c4d34858ddc4924203253be3f1f8c3fb74944fd2c0367,,,GP_PU_PoE_beta0
GP_PU_PoE_beta0/production_checkpoints/PU_PoE_mu0_replicate_010.rds,15259,dcb99cb943ac43d07840669999592591,9d05b815ff2c85c3d79ef5a0a9c8f907c7dc9b0102453fa1b43d8abecab8d945,,,GP_PU_PoE_beta0
GP_PU_PoE_beta0/production_checkpoints/PU_PoE_mu0_replicate_011.rds,15216,0e9fbd104ff3df55aef67d3e96de7510,d97edad401d3c159c6f16f0a55cb8fac7f0bd0bdd74e1547b0cbdf95b7ea83c8,,,GP_PU_PoE_beta0
GP_PU_PoE_beta0/production_checkpoints/PU_PoE_mu0_replicate_012.rds,15264,b0a3d506ed7513b0699db8a8cf18d546,239939067b4ba26b7390c57d9f16121a66d4503b5cd221ef4089f0b40eafbad2,,,GP_PU_PoE_beta0
GP_PU_PoE_beta0/production_checkpoints/PU_PoE_mu0_replicate_013.rds,15157,41a25314c6cbf29ed3b3a0187edd455b,5ab86098f0e1904147475fff7416487e4ef3066e024ff6fdb8af51039ac0d0c1,,,GP_PU_PoE_beta0
GP_PU_PoE_beta0/production_checkpoints/PU_PoE_mu0_replicate_014.rds,15172,14e3f7f91b79c308061fa5cc0da47068,6d628f2a0d9a543540b26797c4ed7ee89f9b540e4e76596658983c113f9cf4c4,,,GP_PU_PoE_beta0
GP_PU_PoE_beta0/production_checkpoints/PU_PoE_mu0_replicate_015.rds,15183,8e6af10bfd86e613d344b52bda615bf4,a911f72b1ba6c9bbc53f5987cf8cc29468370e894160ef3533de0c5ae01d69fe,,,GP_PU_PoE_beta0
GP_PU_PoE_beta0/production_checkpoints/PU_PoE_mu0_replicate_016.rds,15250,1855e2058755e89f641cb128415238f2,dc591ee5723640451c6f8e7e85bd8e9148ffe4761b1a79271b7f3d8759dc853f,,,GP_PU_PoE_beta0
GP_PU_PoE_beta0/production_checkpoints/PU_PoE_mu0_replicate_017.rds,15237,035c7b31738f6c3ab2c6b24e1075e035,c4ef6276db6b3ca9e06063a0b2553a8095efad71998403e185c925fa6a4a1ab6,,,GP_PU_PoE_beta0
GP_PU_PoE_beta0/production_checkpoints/PU_PoE_mu0_replicate_018.rds,15225,a3c4f324a1464d23016747686fac4f4d,707cf01334329a21aa94a93b73432ab361c83b80e9ecf8a990b3733944ae3d6a,,,GP_PU_PoE_beta0
GP_PU_PoE_beta0/production_checkpoints/PU_PoE_mu0_replicate_019.rds,15190,a4afa83af050cfac7ea3eeffc69e5350,c21d875cfbba1af3f9b17de23ab73bcedceec3e05b7a8e392075b8131a8f569b,,,GP_PU_PoE_beta0
GP_PU_PoE_beta0/production_checkpoints/PU_PoE_mu0_replicate_020.rds,15273,8cc7771c66c85acd226da1968c9f1c71,004fd59ba15fce76f4ca4fbf3cabfdb0dbea0caa085725ba276d1737db5e5970,,,GP_PU_PoE_beta0
GP_PU_PoE_beta0/production_checkpoints/PU_PoE_mu0_replicate_021.rds,15199,400c1378450fc117dcbdea41d337aef4,0eb55286c39424a042b196dd89ac3ff03278e906bb1dfba71f668ceb71598f0c,,,GP_PU_PoE_beta0
GP_PU_PoE_beta0/production_checkpoints/PU_PoE_mu0_replicate_022.rds,15260,b4e6ccdfd33206ecad18ae81cb5c8e2d,8222882717f245eb96199421648ded2325e227f42be357b74ac6a920d6b8b4a5,,,GP_PU_PoE_beta0
GP_PU_PoE_beta0/production_checkpoints/PU_PoE_mu0_replicate_023.rds,15235,40f2a8e6019e3ffc1a339875274e5c64,6d038ac9b321642368c5989a88102b35eb9ac2440832a5e5cee87fa07857a24c,,,GP_PU_PoE_beta0
GP_PU_PoE_beta0/production_checkpoints/PU_PoE_mu0_replicate_024.rds,15259,caaadf401c5951a167cc4ca5a97712fb,4cd624ba48e96933f7c7db8745078b5a958328433e9a2c28c33fbd922f650903,,,GP_PU_PoE_beta0
GP_PU_PoE_beta0/production_checkpoints/PU_PoE_mu0_replicate_025.rds,15254,7d279728da9e4742090dc80cf8f7395a,36787407349809a5d54b9a3810992e3adbde30b70d9daf6853c4c4d3b05a2657,,,GP_PU_PoE_beta0
GP_PU_PoE_beta0/production_checkpoints/PU_PoE_mu0_replicate_026.rds,15299,226a7b38c0e8f29dc1587ccfaee8b4d7,dee7069e4290c8809a9d9aa96d45489cc3c9aab9c4d4ce320cb558c8c216ab9a,,,GP_PU_PoE_beta0
GP_PU_PoE_beta0/production_checkpoints/PU_PoE_mu0_replicate_027.rds,15270,4550dbe6c21be8e7e3085dd8210b73a7,6e6e3568505b947ae31ce53a4899e1c42e8457a7da0e585aba5569f3357572e4,,,GP_PU_PoE_beta0
GP_PU_PoE_beta0/production_checkpoints/PU_PoE_mu0_replicate_028.rds,15276,e3e0cc827818b5f321f03d3f5eb2c267,93ba8b882bc04e400cb48050e6078c3135ef3347e926f4a242b1e1eb1a632f20,,,GP_PU_PoE_beta0
GP_PU_PoE_beta0/production_checkpoints/PU_PoE_mu0_replicate_029.rds,15184,77fb6be3f28949fcbd74074f322c1abe,b6f8f7d1ebed383d03c7bb925acaef5101832a9cecefe4dd9afd786eae665610,,,GP_PU_PoE_beta0
GP_PU_PoE_beta0/production_checkpoints/PU_PoE_mu0_replicate_030.rds,15220,e49d4ce30f3aabfa6594e1cd52e4661c,0df38dfa20a8ceff6214916645b51c5efd36d7ea632946c9a3e7923548028c83,,,GP_PU_PoE_beta0
GP_PU_PoE_beta0/production_checkpoints/PU_PoE_mu0_replicate_031.rds,15224,0cd7df08d6ad606ef96e086222269326,527d9969e7d48fc82aea0e4d92df5c29b8781e557f99a0bcb54fb0692f6800c5,,,GP_PU_PoE_beta0
GP_PU_PoE_beta0/production_checkpoints/PU_PoE_mu0_replicate_032.rds,15190,4ae03818ec63785cd20fe3a866e13f06,7d11a8ca7974d1bccf8349571e034b20bf8e4b7be58978fe26511dcdabb80f28,,,GP_PU_PoE_beta0
GP_PU_PoE_beta0/production_checkpoints/PU_PoE_mu0_replicate_033.rds,15137,8c2dac79deb2e6d64707cf6bca1f8b2c,6785811b22b76d66a5fc1021ef38fcc03666194b521cb74c02acae95aefe83d5,,,GP_PU_PoE_beta0
GP_PU_PoE_beta0/production_checkpoints/PU_PoE_mu0_replicate_034.rds,15162,ca58b8281d1df17200964032463c9559,73f9da1d196d9f737851779303a4c3e2c4bebdd3faf1fe5575688ffaf961df55,,,GP_PU_PoE_beta0
GP_PU_PoE_beta0/production_checkpoints/PU_PoE_mu0_replicate_035.rds,15333,eb4e5a6339ba81db650c00f1f0d03301,2decb0230ffb0aec14971d66dd49b41c7997ff5cb28649da61478680245069cf,,,GP_PU_PoE_beta0
GP_PU_PoE_beta0/production_checkpoints/PU_PoE_mu0_replicate_036.rds,15189,4b827d458a0fee9301a21455f3c3b2c9,9bed643e593b2c731054f96b93b54bbbc8652fe5ed876ed7d8ede0b2806855ab,,,GP_PU_PoE_beta0
GP_PU_PoE_beta0/production_checkpoints/PU_PoE_mu0_replicate_037.rds,15182,f12751c15a9f3aa3771bd83be3ea4aed,e057496841b9df025de9e41f3a1378408d603f59644a0ed6905e15f6fedb5b21,,,GP_PU_PoE_beta0
GP_PU_PoE_beta0/production_checkpoints/PU_PoE_mu0_replicate_038.rds,15166,f54cb04784b51af2fdce4cff6d56ba67,9d764f717c394b744ef3192abdc33ef7999ae4a9f7ab478b4e3dfb620cbfbb3c,,,GP_PU_PoE_beta0
GP_PU_PoE_beta0/production_checkpoints/PU_PoE_mu0_replicate_039.rds,15218,029857b8b9198d25f609e170c8c1113f,d9bbc61fae509af8a41f05fa91888f7a43f47d907c1c311185d908f2110a671d,,,GP_PU_PoE_beta0
GP_PU_PoE_beta0/production_checkpoints/PU_PoE_mu0_replicate_040.rds,15051,30569501dd68fed53d6cb90d86e38e6d,15d67f534192b50f7749a1969f2a919de74dcd98fde5c6514de3df033e4efed4,,,GP_PU_PoE_beta0
GP_PU_PoE_beta0/production_checkpoints/PU_PoE_mu0_replicate_041.rds,15226,ac6a9870aaf69c738564cf02a2d87e75,b63ece6f0602db243f215749ee00c1270aabf352c3b8ddaa2fb38e62bdf84a89,,,GP_PU_PoE_beta0
GP_PU_PoE_beta0/production_checkpoints/PU_PoE_mu0_replicate_042.rds,15231,631c163d26d66a51a28bfbd0916517be,711448fae59db1ff1624d72addb5e73031bf5e9235bb91d1dafef75baabf963a,,,GP_PU_PoE_beta0
GP_PU_PoE_beta0/production_checkpoints/PU_PoE_mu0_replicate_043.rds,15215,d2b4c8745ba5c748af495d65089cf05a,a40fddb1ad0af2e992266abadea1a0c5d451939b89d34cd5179d3ddf97ef8aa5,,,GP_PU_PoE_beta0
GP_PU_PoE_beta0/production_checkpoints/PU_PoE_mu0_replicate_044.rds,15222,1f71238d448ce6ab45c6194de160f82a,c4accbd44d2e268b0ca0c9044348012d4ebb004e6a244552aa5cbdc26c89acaf,,,GP_PU_PoE_beta0
GP_PU_PoE_beta0/production_checkpoints/PU_PoE_mu0_replicate_045.rds,15259,ece2c4b06a67a3afb8d53752c9bde5c6,0ece475863878e8af86eb22368a035a19bbb42d6e409aebe9f77ac8b00c6b36d,,,GP_PU_PoE_beta0
GP_PU_PoE_beta0/production_checkpoints/PU_PoE_mu0_replicate_046.rds,15179,8ab3f44c629f285f753a6da87c4b83a2,99506e45e9338f6b3f530a0022576ad16512b1d7328fa5c331d0c46828cc4491,,,GP_PU_PoE_beta0
GP_PU_PoE_beta0/production_checkpoints/PU_PoE_mu0_replicate_047.rds,15242,05691db03698877aa6222ba28b23632c,84af5198d1a62a8074c3f36034d2fafbe8a3f7baae54b1880858f94a4e9ec07c,,,GP_PU_PoE_beta0
GP_PU_PoE_beta0/production_checkpoints/PU_PoE_mu0_replicate_048.rds,15221,7e77edd7401c80f2d586bac11975158b,7cc02b0f8cd85233529d0e20621e49ffc5db71636302827fb4e52995491407ea,,,GP_PU_PoE_beta0
GP_PU_PoE_beta0/production_checkpoints/PU_PoE_mu0_replicate_049.rds,15088,01f5798eda29b61051ee0bd6e2d1ca01,f2ae886176a80e1bea7d8e1b9f4a2d1d08727094d74ddce2ff9a911cd7bb955f,,,GP_PU_PoE_beta0
GP_PU_PoE_beta0/production_checkpoints/PU_PoE_mu0_replicate_050.rds,15091,9bff108fdad24a0e21c73e440f6f8685,85f3973a1460cb3af024c979a9bea8097a947c4070f3c805e0418741d507f112,,,GP_PU_PoE_beta0
GP_PU_PoE_beta0/production_checkpoints/PU_PoE_mu0_replicate_051.rds,15267,6807bfbe67b9b069d0768e0621466ba5,74f3bbbe76a30a69f0e92f7efbe0e91002c2a01bee72757a1c505ce2792b7fcf,,,GP_PU_PoE_beta0
GP_PU_PoE_beta0/production_checkpoints/PU_PoE_mu0_replicate_052.rds,15320,1f8c27f14a8de3bf1a00d6a935929832,cb96206df30021a175e718980892c46f4b2e70ad0ad6f5160a96d341993e59b5,,,GP_PU_PoE_beta0
GP_PU_PoE_beta0/production_checkpoints/PU_PoE_mu0_replicate_053.rds,15188,8b3a3326d81a3d9eff25c7c945a1d2ca,312848e81eced0f5397b5ed2b9fdd1eaeb5de6e5fae8ef91ce38c2212afcc54f,,,GP_PU_PoE_beta0
GP_PU_PoE_beta0/production_checkpoints/PU_PoE_mu0_replicate_054.rds,15277,9a80b59e37f030db265aa6af09f177a9,3985ace2a6420692bcb00fb29dc0328153693de110113e660d7b5349717c288d,,,GP_PU_PoE_beta0
GP_PU_PoE_beta0/production_checkpoints/PU_PoE_mu0_replicate_055.rds,15240,09984bee33f53c5051d901e28d07b2a8,f3b79fa5821d497999ddf109d308c086f6dd48199f4f154185bf9de833aeca7b,,,GP_PU_PoE_beta0
GP_PU_PoE_beta0/production_checkpoints/PU_PoE_mu0_replicate_056.rds,15189,c4e314c93805eab1f2a60ec7564e006c,8ebb54348207090cacf72fe10af73351683f7a02a1bb9dc06698212605134805,,,GP_PU_PoE_beta0
GP_PU_PoE_beta0/production_checkpoints/PU_PoE_mu0_replicate_057.rds,15052,bc221eb9cb61d3ccf4caaafda5b30a65,704907aa85708e29b461f924aac1bc84788ea05613fc4ac30b5118ee8a703fee,,,GP_PU_PoE_beta0
GP_PU_PoE_beta0/production_checkpoints/PU_PoE_mu0_replicate_058.rds,15175,a542917e755f9e4340fc40b050b8d599,d978dcf88c9c19be1bcd336d18e8c2520ff206df267558d1a4c8d60fe1cf1856,,,GP_PU_PoE_beta0
GP_PU_PoE_beta0/production_checkpoints/PU_PoE_mu0_replicate_059.rds,15192,5d662eddc6f6e33d89a8f4e3e442d2ac,76e0dd4a48448f1f2fff05a18ea68e4e8991de41a4219321b057adb8b7b4e5c1,,,GP_PU_PoE_beta0
GP_PU_PoE_beta0/production_checkpoints/PU_PoE_mu0_replicate_060.rds,15155,ed6bcfe673985cbe1902f22f994eed6b,985fea37794343136e488a2612b2d9fc6d6fc4d0b6729f3476b0e120876ee24f,,,GP_PU_PoE_beta0
GP_PU_PoE_beta0/production_checkpoints/PU_PoE_mu0_replicate_061.rds,15197,1c3e09eac6b75d551d1d3f93f4d4c2cb,9d710cdc5fd446508848d1e11d4aed70b099629188067f1f1bde87b002f10a76,,,GP_PU_PoE_beta0
GP_PU_PoE_beta0/production_checkpoints/PU_PoE_mu0_replicate_062.rds,15256,b22debc02c96974b9e2fddf9872b2869,68e1c7a4f5903d9eebc548b82d0aadd2191de97c884c9047c148c0aae42d3f2f,,,GP_PU_PoE_beta0
GP_PU_PoE_beta0/production_checkpoints/PU_PoE_mu0_replicate_063.rds,15255,2ed0d74a617b173bfc93c91e4df0ef49,3562fe91c7a8daf890ba3a9c88046976a54f019bf5487765434a7adedcde0223,,,GP_PU_PoE_beta0
GP_PU_PoE_beta0/production_checkpoints/PU_PoE_mu0_replicate_064.rds,15243,53d1336b17f60fe947650c90db22f504,33b713620c33cf7f2e7637ae7628062c550a3278e7c5897c69dfe3c6708b3384,,,GP_PU_PoE_beta0
GP_PU_PoE_beta0/production_checkpoints/PU_PoE_mu0_replicate_065.rds,15196,1770cc741831b722fd556b24f8317bd4,df81ec8c1edf1b54340ba794a886fa8d895aa7d9b27bf69658a86023c761bbb7,,,GP_PU_PoE_beta0
GP_PU_PoE_beta0/production_checkpoints/PU_PoE_mu0_replicate_066.rds,15204,a904a2f89730236bc5f434fda9bf7ab1,352b02d4b21367f4f3a4b133530362ef9ca36a7aae87b4b2bcabd4ace0b416e3,,,GP_PU_PoE_beta0
GP_PU_PoE_beta0/production_checkpoints/PU_PoE_mu0_replicate_067.rds,15224,4fd041b367a2ca633d580f4f184dd35e,860243d2fd4bca72c4c80029da85a064d65f4fa3451c851bce89708b7295cf41,,,GP_PU_PoE_beta0
GP_PU_PoE_beta0/production_checkpoints/PU_PoE_mu0_replicate_068.rds,15181,af71fc0e37d6084c17441f75540ee061,029a0d5b7d29be97a80f3ee0c94f5ffe103c50c9b80f0a6621e79b25bde2ba74,,,GP_PU_PoE_beta0
GP_PU_PoE_beta0/production_checkpoints/PU_PoE_mu0_replicate_069.rds,15054,2630e52804b8c63e58ce72cd7f715b19,8b6ea18a52f76f078055c29786376545b3d206038997c7187f20e36b5d9ae827,,,GP_PU_PoE_beta0
GP_PU_PoE_beta0/production_checkpoints/PU_PoE_mu0_replicate_070.rds,15165,0f84c9494972bd12b3e88df11c69807e,c7045332480de1896538560e69d05e7f991775d65e2cc3bbe58a1ba9f74771b2,,,GP_PU_PoE_beta0
GP_PU_PoE_beta0/production_checkpoints/PU_PoE_mu0_replicate_071.rds,15168,3ad6410ad44d776bc1fbccecab3ee57a,373baabc6360d89a428d992b6bb931660d84590303b02a91b0633a71bc4ce3ed,,,GP_PU_PoE_beta0
GP_PU_PoE_beta0/production_checkpoints/PU_PoE_mu0_replicate_072.rds,15197,171e5a7873fff8a20cf56437bc92d24a,82c8507dd044a6ab7b8dc42e0117e72ffbb132c702dd66561b834029fe15400b,,,GP_PU_PoE_beta0
GP_PU_PoE_beta0/production_checkpoints/PU_PoE_mu0_replicate_073.rds,15161,ba233cdd6ea121e244c4e73c95adc7a5,c29903800eb4440e75a12ab0eab960228c56cd273265f5eb74aeffda990477b3,,,GP_PU_PoE_beta0
GP_PU_PoE_beta0/production_checkpoints/PU_PoE_mu0_replicate_074.rds,15291,9369ccb2b979f6948e2273e881d715e1,b2047004977cc7e427f46c33d09943c94eec2f8b5beda22055aa2fad4a2296ad,,,GP_PU_PoE_beta0
GP_PU_PoE_beta0/production_checkpoints/PU_PoE_mu0_replicate_075.rds,15288,8f9163eb3c90d79d48763c0326ef7453,fd9be5d66b748e8c78d897f961820a7103ecb9b06887d47ae367ae7627b3c1d5,,,GP_PU_PoE_beta0
GP_PU_PoE_beta0/production_checkpoints/PU_PoE_mu0_replicate_076.rds,15148,df63bb76e310c0597b9366b8d9401133,a2c5418d7054d16140e79ae19b6025adbb9e2ac06478c0306051c429d83e8b45,,,GP_PU_PoE_beta0
GP_PU_PoE_beta0/production_checkpoints/PU_PoE_mu0_replicate_077.rds,15163,46018dfa4b6aa5e6e4fde8c0203d25ac,a02ce5f13f068c99734a0b34f6a76db4205c3fac906247a6c3d13caaed4c6164,,,GP_PU_PoE_beta0
GP_PU_PoE_beta0/production_checkpoints/PU_PoE_mu0_replicate_078.rds,15248,79b613efee413804ba81336d2d239872,8f4f2661cb0f3552cc195d863c9d8bc06c51d1b94e7a9bb3c541f6ee6ec1fcbe,,,GP_PU_PoE_beta0
GP_PU_PoE_beta0/production_checkpoints/PU_PoE_mu0_replicate_079.rds,15158,88bd6023f1bfca6ba1588bf549b6d751,8f798e8285fc904e483a01980b84b62456a102b85dd507069f9cdb44941cdf87,,,GP_PU_PoE_beta0
GP_PU_PoE_beta0/production_checkpoints/PU_PoE_mu0_replicate_080.rds,15236,bec4da67118fefdc403081cf8a81cc6b,08d8eb925ff69753ff4432edd8c5698b5583e3085b102d60c7d913770effb0f1,,,GP_PU_PoE_beta0
GP_PU_PoE_beta0/production_checkpoints/PU_PoE_mu0_replicate_081.rds,15158,40e6dd3f6c341c62dd1505000c9c5fd7,c338b92e775d3508e52fbf97915853589d8b84531726eb6f676c117ac27a03a5,,,GP_PU_PoE_beta0
GP_PU_PoE_beta0/production_checkpoints/PU_PoE_mu0_replicate_082.rds,15175,8e4b5e283a0f6d1f8158d389c418499c,cf8d38351731665919b4e2a67f906dad4afdeca2b8cebf00612931e8cd0c466e,,,GP_PU_PoE_beta0
GP_PU_PoE_beta0/production_checkpoints/PU_PoE_mu0_replicate_083.rds,15235,a3df6f83d94c8a46e16b603dd0c4c4e6,f5f08b3668df808a15d05b85fc3c1693e3d440497bf03870564a9dc8456a5f3c,,,GP_PU_PoE_beta0
GP_PU_PoE_beta0/production_checkpoints/PU_PoE_mu0_replicate_084.rds,15122,98655673d73c26ed46680c256d8d8729,c6595f313dc35bd7ab282a2af07daf7a57cba6c80efff5378b4c8468a789067d,,,GP_PU_PoE_beta0
GP_PU_PoE_beta0/production_checkpoints/PU_PoE_mu0_replicate_085.rds,15121,8a850658d14e0be9dc7934067b12a915,d9ac190d9cfe9bbdd6e9969f04acf515a1458a0b07e52a0495227b4dc58e2c57,,,GP_PU_PoE_beta0
GP_PU_PoE_beta0/production_checkpoints/PU_PoE_mu0_replicate_086.rds,15217,8fb11d953c65fcf6b298f41c1623a965,7d3e621a36891c3579519309ee34a572af093483e6e758b64285b8d51605ad96,,,GP_PU_PoE_beta0
GP_PU_PoE_beta0/production_checkpoints/PU_PoE_mu0_replicate_087.rds,15276,8a8cb1c0151c6eab91170b9f602784ca,a76c3c876b657680c2781bece672f98a3493a77cefb609aeeb1f03d1d45f63b0,,,GP_PU_PoE_beta0
GP_PU_PoE_beta0/production_checkpoints/PU_PoE_mu0_replicate_088.rds,15271,1d56505437401844fc06440d8fc23a3d,cf4025cf309ad328cf42186f4adac6efe6e12f23194924bab2f62965b2431630,,,GP_PU_PoE_beta0
GP_PU_PoE_beta0/production_checkpoints/PU_PoE_mu0_replicate_089.rds,15153,56fdfee1d49e1a37868ec6b827df7c41,0d414fcf484f6bcc5b0a6fbc557ee839033206d283dc730ac3261e86b4d4f231,,,GP_PU_PoE_beta0
GP_PU_PoE_beta0/production_checkpoints/PU_PoE_mu0_replicate_090.rds,15206,e5b0ec4eae1675fb8c7dc3d201c6a304,8a46e6bef01e8a601355f61598c6a20aa9a6403cf8e7e24db3417629309a5d6f,,,GP_PU_PoE_beta0
GP_PU_PoE_beta0/production_checkpoints/PU_PoE_mu0_replicate_091.rds,15191,c0bfc8a1e8afd76612dfecc15ad9f247,47f870cfff0373318a7712c021fe315f15c3829449126f4b5124a1b979bd6ba1,,,GP_PU_PoE_beta0
GP_PU_PoE_beta0/production_checkpoints/PU_PoE_mu0_replicate_092.rds,15270,7debd9eb2d5ccd1888a3cc46c2280c25,c931d4a20c6dc66862b946360974962f90d1711c3f9826f6f06ea7dede14ad9c,,,GP_PU_PoE_beta0
GP_PU_PoE_beta0/production_checkpoints/PU_PoE_mu0_replicate_093.rds,15273,ebaccefc024748791203d6b88fa39d40,08924a5096e5230e57a009ac1edfc5b587120639854ceb162bb11161af1bb11d,,,GP_PU_PoE_beta0
GP_PU_PoE_beta0/production_checkpoints/PU_PoE_mu0_replicate_094.rds,15279,ee9b81347b1e9287ea331b97fcb846a3,1c07925e1917761d7951dbf628f49a3bd8915e0a5c9a7070ea9722eeedcf5991,,,GP_PU_PoE_beta0
GP_PU_PoE_beta0/production_checkpoints/PU_PoE_mu0_replicate_095.rds,15234,1d1357107d5ed4e15129e4e77f6734ce,3c7a37f662c2553521ddb5cd51858d2742e0875cc799ea6601d7f8d0440ee2d2,,,GP_PU_PoE_beta0
GP_PU_PoE_beta0/production_checkpoints/PU_PoE_mu0_replicate_096.rds,15159,99ba8fa901a9559cb39a0fd981863c2a,295ac73747795b6bec37449f457bc7be70a013cb2098c381a82f84a2e908df5a,,,GP_PU_PoE_beta0
GP_PU_PoE_beta0/production_checkpoints/PU_PoE_mu0_replicate_097.rds,15273,99bc2f24f767d6e9d13b195328219ec8,fc902a80265852c6f2d60a035f0de4613bf9fe56565c76c3bdb46dc3f88739e8,,,GP_PU_PoE_beta0
GP_PU_PoE_beta0/production_checkpoints/PU_PoE_mu0_replicate_098.rds,15308,49e2b08bd673e02730a329979e9d43a5,1d3516bafdf002806f1c66fb8335d26983eb91bbf2816f9269550e1d05a13497,,,GP_PU_PoE_beta0
GP_PU_PoE_beta0/production_checkpoints/PU_PoE_mu0_replicate_099.rds,15182,9cb27a8492a62086dc6aa89800571c88,08f6f882e59e470bb7d77612db7929f539bbb58a12959ce326332294790ee034,,,GP_PU_PoE_beta0
GP_PU_PoE_beta0/production_checkpoints/PU_PoE_mu0_replicate_100.rds,15134,3cdcc72be7ee290774bd6f7381d38263,5cf0b7029286bfc743eaf4f61f20264a496e60c240f654b2d10cf7ee8e7b5a98,,,GP_PU_PoE_beta0
GP_PU_PoE_beta0/sessionInfo_full_PU_PoE_mu0_simulation.txt,831,0fe54065daa85e1658a3b8ed3908fa9c,85913100415d17494576ca7815c14c84613ee0235feb0f4502e8e9f0cbffa13e,,,GP_PU_PoE_beta0
GP_PoE/PoE_FINAL_MAIN_TABLE_means.csv,609,f63b13f75e5e592147aae1a96d9234c2,c8bd778f1710b8168d35a47b42e9278eaa26293ef9a73113702e75014ac6cd9d,,,GP_PoE
GP_PoE/PoE_FINAL_PAPER_TABLE_mean_SD.csv,609,70ed60169d73f3acceb1da215b682352,2a90cacbb3f3f953af2aa320fa757306a7ea69de4f33330a11a24625cb1e491b,,,GP_PoE
GP_PoE/PoE_additional_diagnostic_summary.csv,3795,4c8f60213dcd8f85bc6d23cddc23d0fa,816cbc16b7ac91295b3d8cf5dbdd47ab6349883b93f7b8a17fc271de9c84af7d,,,GP_PoE
GP_PoE/PoE_all_node_probabilities.csv,5523445,daf93f71eb4d8d36303dc0250c0a6e62,5fc29eb6430c9f718972fbd6c813cba9d6a578940c19dfaf2672ee0f2a3e3499,,,GP_PoE
GP_PoE/PoE_failure_log.csv,75,415762f6f66023fe900ed436193d8177,60663936722ba4f3844c53a264aa9a5abee70d0b3de51c9e713756443deae104,,,GP_PoE
GP_PoE/PoE_geometry_summary.csv,24660,e74fcf1c829c94f1755ed02aae01957b,a0efd5504c2990f9f8472586b7332b7da72258873a350570cb05f37b239fe851,,,GP_PoE
GP_PoE/PoE_global_pilot_calibration_5_datasets.rds,6085,f83f70fe5169d0714fbc7bbbec26396f,fdadf5450d9d58ecb3681615d975e216b6895f8464ab9529c83b9b8e51120663,,,GP_PoE
GP_PoE/PoE_global_pilot_distribution_summary.csv,2699,3eeceddee54e7080a969bc530f19dece,f1acb3204a77d11ac89b14cdfdf774dd67ddec4d8ef46ac50f19c3aabd6f12d8,,,GP_PoE
GP_PoE/PoE_global_pilot_per_pilot_summary.csv,2807,d98a654ed902bcce28d2bde860f277d0,065ecc5fbf9505a22ba8c6ef5bc9b3ba0696e51be218e531dbbde9601465ed94,,,GP_PoE
GP_PoE/PoE_metric_summary_long.csv,2921,e3cf8db24b9c88c33270901b1ace790a,ff286c3df811581eb86c0c9cb38b88828f466452097712def8d62f7c14fc43cf,,,GP_PoE
GP_PoE/PoE_metrics_by_replicate.csv,68750,eefb488ea620e68fb9af219a4037458c,f4e3ea1b181bc91cbeea2424b21e64a9ef7fd4a879a2d51d5221ceab1c10019c,,,GP_PoE
GP_PoE/PoE_modularity_summary.csv,9732,55521e646f97fdb1e9977d54d61e53d9,c0bfea98278fbc601a031501c01604facbaa093e86dd7fa9685df13055cde390,,,GP_PoE
GP_PoE/PoE_pilot_prior_calibration_summary.csv,6221,85905eaace3124d51a3fa3b5b3f7ea6f,8408f4dabcd44d32c9b987ee91531fd76a9657a838894bdeeb8a23912d0261bc,,,GP_PoE
GP_PoE/PoE_pilot_seed_table.csv,209,2d0be0d4c874fbba803c877af3dd101a,814e2407b1edfeaf25aa3a9b5fd2264bf040d4982a60611b4597e755742aff16,,,GP_PoE
GP_PoE/PoE_prior_calibration_by_replicate.csv,122226,7dc1c653cf0a719f6f7f1c54b3957eff,d4d2463858b7f047dcdede7edd4e305b41ce8ba0601bbf5b10b37d8ca4e619e3,,,GP_PoE
GP_PoE/PoE_prior_calibration_distribution_summary.csv,3435,50c7f15ddf2044b44f722a817cb0a9f8,01b90371d85ae7bcaa17af337e64c10b31edf3bac3ba6904888845874b857ba4,,,GP_PoE
GP_PoE/PoE_production_seed_table.csv,3155,caf61d073ae7eb998236db8652ed235f,e865b7e3b7555d91aecf387870e39b2d3ee980b91f92d844136d4d44abca7387,,,GP_PoE
GP_PoE/PoE_run_config.rds,2699,f111992e0911cfe08e53e0b9e4ed0e3c,23d46fb2bc4b32b7960def4ab54ad1c09e9d4c9b81c5102408784a5b3b6cb4f6,,,GP_PoE
GP_PoE/pilot_checkpoints/PoE_pilot_01.rds,622380,114fd7a6c89bba85556c251c665dac6b,66ea0f9f9ce5fd9792959c12a6863a5ab5f35ce915d36bb57da252cf6c897de0,,,GP_PoE
GP_PoE/pilot_checkpoints/PoE_pilot_02.rds,621233,a65045bc913acac815f61d7d0c794e3c,307dcf7ba5080843072887dc706da2ea8da6a37f422848dcf1db0a249a43bca1,,,GP_PoE
GP_PoE/pilot_checkpoints/PoE_pilot_03.rds,618044,c5ffb7eac1899ec8cd3eb2d59c11aa7d,2e5a5992326bf415a54ac23a131a68ec074669e8e4a79240475fefcd7408e4b3,,,GP_PoE
GP_PoE/pilot_checkpoints/PoE_pilot_04.rds,620143,dd1d04822851038578c8360100e445dd,77a5a3c5e7694dc7238fac14abab53c8a8eb2080eed0a3fa516c940c6546ba0a,,,GP_PoE
GP_PoE/pilot_checkpoints/PoE_pilot_05.rds,621893,75c8209516d2fdf174884be121dbea34,8ae957bbbcd2e21955bef03d4dc0b35cf6d4c05713d90403a07e243332d089ad,,,GP_PoE
GP_PoE/pilot_geometries/PoE_pilot_01_geometry.rds,42490,e99f3076ee66b94bfe78e8e82afd3c20,b38622b19857a2f648d5f65d9a7af3ffb2d7f5c352b470247702e6fda6eea418,,,GP_PoE
GP_PoE/pilot_geometries/PoE_pilot_02_geometry.rds,42401,403f8edfa8987e71b0b02e8a898205a5,569404aeab9f67b011599c609624250be4354c0cdc83cb4687a39b77a20efacd,,,GP_PoE
GP_PoE/pilot_geometries/PoE_pilot_03_geometry.rds,48937,b8c745647e2e923a4269f58373bf3c6a,c0e672e0fc2f8a31c754455812e0234d7a3f8713f40a56d31f1cac4c01889225,,,GP_PoE
GP_PoE/pilot_geometries/PoE_pilot_04_geometry.rds,42686,116e3a7874e3a62f7baa1d4465e151a4,72ae3323a2a8b2fcdffb92149c0140b9635d628fd9de90baabd2e7f2a4649c16,,,GP_PoE
GP_PoE/pilot_geometries/PoE_pilot_05_geometry.rds,42755,e035c734fc05c49e44e22ec875f1dc65,92b370f6bbb9faa0025392ce8ae108624968061daf9f6b46907bdb9dc46cbc4b,,,GP_PoE
GP_PoE/prior_calibrations/PoE_pilot_01_prior_calibration.csv,1992,053c87553100ea3c03e42f404f1007c6,2742140728d3ae2f5f85430e826f544eb7982fd05753c128105d9c63f3c23712,,,GP_PoE
GP_PoE/prior_calibrations/PoE_pilot_02_prior_calibration.csv,1993,32ce1637821ab6beb85964ced97a6c68,7f1d6d03b10ac10f9432754d1b275609d179810472c2c3883cf0b9931e779309,,,GP_PoE
GP_PoE/prior_calibrations/PoE_pilot_03_prior_calibration.csv,1992,8b1f7db6871c09ac3ba34186b4352e4a,fbc085cbb98a128eff6915b429f41896b1eed7df404c3867301891ef3eb34c2f,,,GP_PoE
GP_PoE/prior_calibrations/PoE_pilot_04_prior_calibration.csv,1995,41ed2dc450bd076b999f5749814b3b00,69371dfd5c5219d52798a6feb3deb8638b671625f6ef0e4808b7471172139e51,,,GP_PoE
GP_PoE/prior_calibrations/PoE_pilot_05_prior_calibration.csv,1985,a133261e58b8d61ba953407675101d9f,2fa1f3e4241e25051bcc7aa3b1e389b271f8500b50c4228856b52f06b6c2db50,,,GP_PoE
GP_PoE/prior_calibrations/PoE_replicate_001_prior_calibration.csv,2169,46bc36a6ab7b91df87527511b937224e,2215faedcc38888522853289ce192c340e63345afada6cee538af76a7ea01dfd,,,GP_PoE
GP_PoE/prior_calibrations/PoE_replicate_002_prior_calibration.csv,2171,6e9b978c81f7cd6a97ed89f12d7c50d4,fdad1361f1199a8ed93596ac61846b0a53fb88613a4eba60db718789e69fdc3a,,,GP_PoE
GP_PoE/prior_calibrations/PoE_replicate_003_prior_calibration.csv,2169,bfe84d606554b3e222f4372c0b65576b,abaad0b211e2e3af6685d0976969d6b2ec680c0759f8387235da0644d796d6c9,,,GP_PoE
GP_PoE/prior_calibrations/PoE_replicate_004_prior_calibration.csv,2171,634d404e992b6ec33bfb9991d43b9140,2257c88decad6739211e399d3b15c3f924deef40cf499ec15aab83d63a349761,,,GP_PoE
GP_PoE/prior_calibrations/PoE_replicate_005_prior_calibration.csv,2168,eff7190236d1ea663e2d781a224a75f3,6ebfacd7c6618e8b982c3d62bf0ab2cc88ecdac55f4a4525a70e7b524422d36e,,,GP_PoE
GP_PoE/prior_calibrations/PoE_replicate_006_prior_calibration.csv,2174,a094bb5c7115004e278bfa25ee1e064e,76ba907d4587f31432c4a25ea131fbb6a9f0740f2cb56aaf71170b15899a4a3f,,,GP_PoE
GP_PoE/prior_calibrations/PoE_replicate_007_prior_calibration.csv,2171,e65d647a3bd80b9f5a107aca5e89203a,9fcf0eccbb00a1f45ab962c7dcb86820cee5ded2f20f0af94e9266d0099a79b0,,,GP_PoE
GP_PoE/prior_calibrations/PoE_replicate_008_prior_calibration.csv,2169,b49e9edcb45ab34f6c208de795436b36,b9f164340e34d08c9130ba14643aee224b4ecad54b9dd0d2424abde342e49a23,,,GP_PoE
GP_PoE/prior_calibrations/PoE_replicate_009_prior_calibration.csv,2165,e181e7a5717d94905952f4aa4be6f4a4,2cb7503083499da12675c33fa39a157397da324dfc40f2e2d7fb8a85650bae4f,,,GP_PoE
GP_PoE/prior_calibrations/PoE_replicate_010_prior_calibration.csv,2175,81b61804960e403d1f251a639b392354,5c21bfae99cc7c7d6899dad462bb671cd52ea5fc6056493f25d8c4b1bbf6456b,,,GP_PoE
GP_PoE/prior_calibrations/PoE_replicate_011_prior_calibration.csv,2172,852eab8eff0ff08d7a7f9cfb019459d2,9422f771b85dcdf1627639963f48c63c1dbf68e68acaf7e2519557fdf5982023,,,GP_PoE
GP_PoE/prior_calibrations/PoE_replicate_012_prior_calibration.csv,2177,bf452c95120b382c05c30f2b3fe60093,560aa15417470c94f6e72c4167656c987f3d78ae19c9bbfd8b320dfa3852841c,,,GP_PoE
GP_PoE/prior_calibrations/PoE_replicate_013_prior_calibration.csv,2173,7953d48a3814be8c9bb6e2bbc9a2297a,3fc02f32a7fc329f1dfc47d5d438df5c304f6eb5d57f966dff80a3a67610e61f,,,GP_PoE
GP_PoE/prior_calibrations/PoE_replicate_014_prior_calibration.csv,2173,fc13f11701489b86f0694bfe36f5c49b,6186fbe3afa5684c5a6d385b951c402edf2af236cba17352ef768838976e43f4,,,GP_PoE
GP_PoE/prior_calibrations/PoE_replicate_015_prior_calibration.csv,2172,474415bb5ea1096db70caf5e72a3458a,32e6ee2b2a2a534ef65499aa9cd28bc61064b09c3a60e8974ae054c86f5560d1,,,GP_PoE
GP_PoE/prior_calibrations/PoE_replicate_016_prior_calibration.csv,2170,e0495a8aff32f6e5c177c5c4e20b740d,37a474ca7359ea4cbc53f60b9f05bde1a3742d620e6503a0283013dec38c9205,,,GP_PoE
GP_PoE/prior_calibrations/PoE_replicate_017_prior_calibration.csv,2174,4650fcc2469c98df598942c25d465efa,b0e41a937e50b8de60d5378beba5334a566262c00676509c3a5682746b9de22f,,,GP_PoE
GP_PoE/prior_calibrations/PoE_replicate_018_prior_calibration.csv,2169,1ab4717d9e002865a5142a27c19f758a,260fa823b51eaaed3d37a6e7edb1066de8952f0f406718d0a1f2c6a75a57705e,,,GP_PoE
GP_PoE/prior_calibrations/PoE_replicate_019_prior_calibration.csv,2172,fd7346beab906a51a040ff0540e770c8,79c9e221064e2cb1e8305b40025e917f23d1e1c7567bf9ad91389f444bbf9b58,,,GP_PoE
GP_PoE/prior_calibrations/PoE_replicate_020_prior_calibration.csv,2170,25fa801937aee8bca6d8055989c1e78a,cff455afcee1986367ff35e56f33aa2cbaa732cabb271e9a9bc9c338493d28f0,,,GP_PoE
GP_PoE/prior_calibrations/PoE_replicate_021_prior_calibration.csv,2173,62318de6f6cfb0ea4d5938755293614f,3f13fb812d70c99e90265a187ae9f900e145ec90f3bb06caabffc704e34147e1,,,GP_PoE
GP_PoE/prior_calibrations/PoE_replicate_022_prior_calibration.csv,2167,0e6f4dbdaff9d84ffd6f3102253dba63,e204e912000f3c6d6a23d6cd95f66abc17aaca66693416cb1bfbbc1b7afcedb0,,,GP_PoE
GP_PoE/prior_calibrations/PoE_replicate_023_prior_calibration.csv,2172,64f89b28f0e2f6a25f4e9b71bcc28557,a04ef25e492359f4951a0b02453e677d2bd6b1a12cb022783135347b95df3a0a,,,GP_PoE
GP_PoE/prior_calibrations/PoE_replicate_024_prior_calibration.csv,2174,916d0afc242526657a145a7a2e4f812a,11dcb54f3acc0a2c11534f324684ca5d4080e290bd55cf69ae30d57eae5d4883,,,GP_PoE
GP_PoE/prior_calibrations/PoE_replicate_025_prior_calibration.csv,2170,d5ad3d73934a480a573952138b50703f,cacb7dac664f22f9cfadeaa389601d362223a294b1b02b742fbbcdef334e6bcf,,,GP_PoE
GP_PoE/prior_calibrations/PoE_replicate_026_prior_calibration.csv,2174,572ddc1c81d44736879bef7d421af8df,863809e4b2a9923bfb1196d2cf65aff8142c3fac87817e32bb7fc19eed5c3d42,,,GP_PoE
GP_PoE/prior_calibrations/PoE_replicate_027_prior_calibration.csv,2174,9ea14cd27bc5ddbba9413a695a55b022,d3eb91138c1a8234029971b8d759bb2deb757047b2bf201e9ebbcc49d906f431,,,GP_PoE
GP_PoE/prior_calibrations/PoE_replicate_028_prior_calibration.csv,2168,a7ea2e2373877ba9df512a8c9382b7d7,73fd10c89591938b1e26830ceecffa37d3e0e1293b27774d90fb88ab8e69e4eb,,,GP_PoE
GP_PoE/prior_calibrations/PoE_replicate_029_prior_calibration.csv,2174,63880a914609f24c5201ca9ae89cb438,d244e7530ce2d9436b250c221578a0af577131360adfd7ff8365bcfab6b8643c,,,GP_PoE
GP_PoE/prior_calibrations/PoE_replicate_030_prior_calibration.csv,2166,448587b924b25634ac317bfadaf155e8,591c578f31856e8d9ec16c7b3f7b8b159ac3408245441ddcbc0d67de69fd6be7,,,GP_PoE
GP_PoE/prior_calibrations/PoE_replicate_031_prior_calibration.csv,2166,8c33e9677bd41ac5e1f2fb4438531d50,21b27b5b15623aaf33fdf6583027953d8c26c24ff894f123a875372fe2dcac13,,,GP_PoE
GP_PoE/prior_calibrations/PoE_replicate_032_prior_calibration.csv,2170,0cd0c9c502dea45adf9fb8e95fcb83be,414dba773e4291e475a686df9b2505fef92db8bc1676e128de882a2d6a839cbe,,,GP_PoE
GP_PoE/prior_calibrations/PoE_replicate_033_prior_calibration.csv,2170,9d885c25f6adb87d20bc442a24b408d2,1580690f9da2e589ab3e1ac9f84dba1d52bfb486d1ac563b0f4dd0f75e7b1ec5,,,GP_PoE
GP_PoE/prior_calibrations/PoE_replicate_034_prior_calibration.csv,2174,f38abab24b8d80570f3c042596a71d9c,d840d35c3401079db641b2ab82124be9715e3f98e8314f012fa7cd2f20e8087a,,,GP_PoE
GP_PoE/prior_calibrations/PoE_replicate_035_prior_calibration.csv,2173,6ab1de1cbe2c05cb0dc612fab230dbde,58cadb4237ba1c5e0eeeaa2849efdc574adb6f5d014e429c0f16daf385a0e149,,,GP_PoE
GP_PoE/prior_calibrations/PoE_replicate_036_prior_calibration.csv,2169,d467548ed4eeb6635caac69f5d29f02e,59f62ade685f59f12663370324344fc702683428137d35e02f99960706e87943,,,GP_PoE
GP_PoE/prior_calibrations/PoE_replicate_037_prior_calibration.csv,2169,5f7b9d15f263e6ddf5966e47717b1592,c65a625eeb6e8754d135075f53f845123d55e4f01f601758101247b828d1cb6b,,,GP_PoE
GP_PoE/prior_calibrations/PoE_replicate_038_prior_calibration.csv,2171,44cfd2469529d8f50e67c9fb0abb7275,7d78f400cc167a56fd3a73f22d825521b72b3bf49e5f5e935a8fdff2122159ce,,,GP_PoE
GP_PoE/prior_calibrations/PoE_replicate_039_prior_calibration.csv,2172,62db930bfd997568998dfd48edb39bcb,775a71b3e471d61b219ff4281bdef37a9b1839075072c7839b373b0df280d462,,,GP_PoE
GP_PoE/prior_calibrations/PoE_replicate_040_prior_calibration.csv,2174,5eeba903109e49690f82c13a25e672be,e737c858e1210c4d8ec59a4f8b2c758cf9b5cf2fd1a3b0f0f32fb63a2061091b,,,GP_PoE
GP_PoE/prior_calibrations/PoE_replicate_041_prior_calibration.csv,2173,47afc535307d59b5c528a76bf0044c4e,640fdbcad5f68c3e7686444c6283b0e758a5f913e480890d84a6a38d979bd1e0,,,GP_PoE
GP_PoE/prior_calibrations/PoE_replicate_042_prior_calibration.csv,2170,5894b4c3d270d4d4718b76e2710ed276,ba3f95b30d2cf8ee2b1dbee820d7b463b6492f57c8e7c6387e6b396d1786335b,,,GP_PoE
GP_PoE/prior_calibrations/PoE_replicate_043_prior_calibration.csv,2168,3e1855234f6ea33914493d0d4761ee27,ee34d60fb85ab2b6adf1890f47fa06069647e30fc6e4bcac7009e5b8b6a6be6a,,,GP_PoE
GP_PoE/prior_calibrations/PoE_replicate_044_prior_calibration.csv,2173,5a1ee0a488fc4a1709dd99094b7ba7aa,a15d4c0f53bb238b142c8057d68a68df5c528ef5121b9a59c7743b8cc6359c77,,,GP_PoE
GP_PoE/prior_calibrations/PoE_replicate_045_prior_calibration.csv,2171,570b840e387a0dd12482fbf1c907028d,afb0f9cfccb2dba4adb95a4d2cb0a2e58712f9ef97c78fde20de6e926fa33f50,,,GP_PoE
GP_PoE/prior_calibrations/PoE_replicate_046_prior_calibration.csv,2173,0dc62993878a924bb422927ad43921b1,077aff9ea55b29498016d611f3b493a622961a19d57443190ca4f23d6296bfe2,,,GP_PoE
GP_PoE/prior_calibrations/PoE_replicate_047_prior_calibration.csv,2171,5eb474abc50ffa84cef46925fe2e3992,f8eac7c0e3b2196e095a49cbf6ec2257751d0436eb7a8ce4d95c0fe43283da23,,,GP_PoE
GP_PoE/prior_calibrations/PoE_replicate_048_prior_calibration.csv,2174,08252dfc5704a5570490321dbf51936a,f114b0a0c27e1948d8bff1d3473f71424e1d122a5e4d03da303d91c243298d77,,,GP_PoE
GP_PoE/prior_calibrations/PoE_replicate_049_prior_calibration.csv,2175,9aca519240f98bb261476a0aa06c7fb5,360abdf042a0dbb54a7eab33d90acc6f31236139671abf7a5656e635a3c27aad,,,GP_PoE
GP_PoE/prior_calibrations/PoE_replicate_050_prior_calibration.csv,2173,655804c5e365a2ad454f978476cc9033,dbfe2d6a20c27cc82c61c243a7c72fcaf607f0a4e0101760662c1b8a1ebb1112,,,GP_PoE
GP_PoE/prior_calibrations/PoE_replicate_051_prior_calibration.csv,2174,02105601fa99ca74125fa38eee708969,eb57b228e86a001f08254200244a3574c9e90ac8b6912af914ea5bb2040ff20a,,,GP_PoE
GP_PoE/prior_calibrations/PoE_replicate_052_prior_calibration.csv,2167,946937379b40fbd47f8a9fbefb7f4917,a59ce38fce836785229ad1a6af93a5df9f2c09bf905580241a65ac1188580d89,,,GP_PoE
GP_PoE/prior_calibrations/PoE_replicate_053_prior_calibration.csv,2169,68fadcb3d1094d99244921ae7f0200f6,5d45dc94c7b22cd14154a3b3ea83fe2460d852092626a9e90410e2f70d8056bd,,,GP_PoE
GP_PoE/prior_calibrations/PoE_replicate_054_prior_calibration.csv,2167,eaf69f1fe65a25a87bd333c17f565794,f3475e40bb0c6993b58114e42922ab6378a24473c1b20138efbd67fd1383632b,,,GP_PoE
GP_PoE/prior_calibrations/PoE_replicate_055_prior_calibration.csv,2172,6cad9e6ac1e202e1df8d783d5281966a,9054c2b7cd9e54ebd9b9016475a4e5a68111d263e150b26c541f6f734c5e1f09,,,GP_PoE
GP_PoE/prior_calibrations/PoE_replicate_056_prior_calibration.csv,2168,5728db73f5e73d30f7358fe4cb443003,f520eb075e02397280038ff53ab00d2133c00d4e9e288d82d4140452a79637ae,,,GP_PoE
GP_PoE/prior_calibrations/PoE_replicate_057_prior_calibration.csv,2173,6a9cf9508e36958d7b048e5d424d0fd7,c2f8cebff25360e8bdf4704dd2d5cad90709e96a0280ec66cf5e0f37f337b9d5,,,GP_PoE
GP_PoE/prior_calibrations/PoE_replicate_058_prior_calibration.csv,2170,f9a2afc2455638640c2c94a4348f5143,2905229fe61cadd8642ea17563f79b05a0e92e583a78b0bddd44ea67b7d87316,,,GP_PoE
GP_PoE/prior_calibrations/PoE_replicate_059_prior_calibration.csv,2173,005a7cecb2fbcdf241cf1407190045bb,ac6b81dc66e28ae4525fb83233f84062894646a4ad9c9e99591874f8a8376a3a,,,GP_PoE
GP_PoE/prior_calibrations/PoE_replicate_060_prior_calibration.csv,2176,06807956f40baffb5c46195a80913b9a,02de7c3b55c1523e0aee337dd5814f179668607beebe94378464c02b7326e6e9,,,GP_PoE
GP_PoE/prior_calibrations/PoE_replicate_061_prior_calibration.csv,2173,cc235e7964c56a7a27af083e9711a449,a36b675b1889f26ccfa640a3453563b71cbac50a791054529c5c2d85a6d7c854,,,GP_PoE
GP_PoE/prior_calibrations/PoE_replicate_062_prior_calibration.csv,2173,0ed666cb6a4667353a687a3cba43e5de,dd02c2ad70e01834147baaa2c1534e0e2ce0ec0adc400a0b6b40f87f8c88330d,,,GP_PoE
GP_PoE/prior_calibrations/PoE_replicate_063_prior_calibration.csv,2170,667cb96e56ec8195f9253c062e3d22f3,d9f6958ee793dd38ae577d0d8198b6d8cbea4250e4e4fda520a8b24f51c10d3f,,,GP_PoE
GP_PoE/prior_calibrations/PoE_replicate_064_prior_calibration.csv,2175,8b2781048e1b9465dad32719b14dd42c,91390bd800a503044633caf183976c8c35fc4a8be23c861d251889ffa0846cee,,,GP_PoE
GP_PoE/prior_calibrations/PoE_replicate_065_prior_calibration.csv,2172,11400e4003a547cfdb15888aefdf6592,971077d0fc078023d8b9393b75b10fb78f74f8599005b5bb41768afc2b522485,,,GP_PoE
GP_PoE/prior_calibrations/PoE_replicate_066_prior_calibration.csv,2174,c83e4110f3c6a654cebab77a2f3ca63c,8370c4369d674fda3dde8d651131bd8a57813494d854a62e5c525844235037a6,,,GP_PoE
GP_PoE/prior_calibrations/PoE_replicate_067_prior_calibration.csv,2173,1117c3346e002ccbb67d499913258d6c,d209e778b6bfe1c21900aae3f2ecee30ad10c7a7d57e3fcb5545fbb0397ea6ec,,,GP_PoE
GP_PoE/prior_calibrations/PoE_replicate_068_prior_calibration.csv,2172,0f1dbe7db76fdc65d9c783692c0cfc94,657d503a0eb76218910c0077aefe1c550825e30c56f4d757599f0c2b54ced87c,,,GP_PoE
GP_PoE/prior_calibrations/PoE_replicate_069_prior_calibration.csv,2171,67d2927fa4b63d4e8ab3393af717f147,9782c40d88ac1b346006d481d72ef5ed2c08aebd76f82ce7c349332bbc934f7b,,,GP_PoE
GP_PoE/prior_calibrations/PoE_replicate_070_prior_calibration.csv,2170,6c31edffe32615c9290e75a33b8bf7a2,ce7778ccac22990236bb0e47d5e5e89960fb868d51d3afd55b03ca2571a8f846,,,GP_PoE
GP_PoE/prior_calibrations/PoE_replicate_071_prior_calibration.csv,2172,8ddf8f1dc7200b3fd80d3a7c9c6cfbdb,e4268fbd4f6fa086ac0da85b35c2941c7e79f71811f5924427f772cb84e4c855,,,GP_PoE
GP_PoE/prior_calibrations/PoE_replicate_072_prior_calibration.csv,2174,0b157ac0eefba94af0526553007db863,55da3acd4d40f3dcd32356e157fe1bfd6218bbbf033d28b2917c741dc6ed1308,,,GP_PoE
GP_PoE/prior_calibrations/PoE_replicate_073_prior_calibration.csv,2171,43bd4fade9dba83cc2b337260155954a,b5fd716fc038cc2152f21cd7cac3a1ca31bc8a2d797ab8389bd0b4ec7e34a75b,,,GP_PoE
GP_PoE/prior_calibrations/PoE_replicate_074_prior_calibration.csv,2172,04ff8132a351a5ccd9864fcad5510d5a,1d5388183203aff081789f72de3dd70e5b05f18b3f2121fda35911a467a03ca7,,,GP_PoE
GP_PoE/prior_calibrations/PoE_replicate_075_prior_calibration.csv,2173,f0de305d6373362d104dd83e206f9901,d7c945f96c875bd0c324490d23158e24098756dd79ffb3e982dc1707785bee7a,,,GP_PoE
GP_PoE/prior_calibrations/PoE_replicate_076_prior_calibration.csv,2173,2002f38226dca8b561b33346a3cb1dbc,84b28f1c61b0b576313c042edcb2f604f42c5c5e0bfd52c1bd06a49875e3a72d,,,GP_PoE
GP_PoE/prior_calibrations/PoE_replicate_077_prior_calibration.csv,2172,ae8537d814d47c45de8451321e761f3a,9d0c1822e0d2c720c2e5bb3d7f8a4dafcc69047f3a6809c28b8389afc8b01e83,,,GP_PoE
GP_PoE/prior_calibrations/PoE_replicate_078_prior_calibration.csv,2171,43d9cea1aa893c6ac869857264979e37,e7f9f2d5a57580d7fa810635257afa80b4b7b0deecf2b58285072dcab8ee6526,,,GP_PoE
GP_PoE/prior_calibrations/PoE_replicate_079_prior_calibration.csv,2174,3ab8a033fd67fce9797468b148a5ef75,d4a49aae2c3e08f0f2b60cfc6c4d429ea0ed22d2ea193ebf3d084925a747ca49,,,GP_PoE
GP_PoE/prior_calibrations/PoE_replicate_080_prior_calibration.csv,2174,991f206902c8ec642aee81bab8c46f08,dbddae18ab1f501f35b102c1573a10c3b39bcf2f9806e7e3b7491f36f50564e4,,,GP_PoE
GP_PoE/prior_calibrations/PoE_replicate_081_prior_calibration.csv,2173,002d9fc9a99c0700a6be82efacc90786,1d6fa8585d294809ed9b81b11cc99aac35ffc24c6d7254a3e0ca9efab1e58913,,,GP_PoE
GP_PoE/prior_calibrations/PoE_replicate_082_prior_calibration.csv,2173,c374894fd2fc1b43815dd240381d2e42,935aafc2b66dfc683937d8b202fc9810dddf09ca611e2e9311d63c6e6a114bde,,,GP_PoE
GP_PoE/prior_calibrations/PoE_replicate_083_prior_calibration.csv,2162,aa07662c3e77f1bbcedfc6a0c78e5f63,23f0a91d4dee6c22af6b4c7cfbc5bd2fb949e9d94530282576bf852dabc6d932,,,GP_PoE
GP_PoE/prior_calibrations/PoE_replicate_084_prior_calibration.csv,2172,898b8528eb1e36d9ae9f60be7c2c7700,93c17da5d454defb57ea0862479f2257be25eb785c176d02b5c56112e74ff813,,,GP_PoE
GP_PoE/prior_calibrations/PoE_replicate_085_prior_calibration.csv,2173,c16c8fa3fed8e3a7127eb50e77412cf4,8a101440cdfece0905829dd3ef4679ac01f1b9258d543a474dbc450657836222,,,GP_PoE
GP_PoE/prior_calibrations/PoE_replicate_086_prior_calibration.csv,2175,d1a9c9eb6d1d9acaa01cebb240d883a3,dfa10bc118db325a26ade03038dc24f9c7a66e30ec2e75d34b92c5e7e15f6833,,,GP_PoE
GP_PoE/prior_calibrations/PoE_replicate_087_prior_calibration.csv,2176,42a33f5de0597fa250c84aed2dad9261,f12ff3ecbad8c97019900f6a0fd463ae99d7aa95b8b7128af2938d780a71d089,,,GP_PoE
GP_PoE/prior_calibrations/PoE_replicate_088_prior_calibration.csv,2174,c31d679211f4c7d611432677e878f0df,5789e88f66613bdc5c87dbbaeb1a1638b37c40c43d8c29aa505b92f5c34bb13a,,,GP_PoE
GP_PoE/prior_calibrations/PoE_replicate_089_prior_calibration.csv,2171,a8458b99209745ac6c1d892dfff43ce8,c537295d9557f1f6e52cebab1ce9b88be7e16b9e5e005c8890199077492d87fa,,,GP_PoE
GP_PoE/prior_calibrations/PoE_replicate_090_prior_calibration.csv,2172,d7c4a663cdc2453efc624601d526bb21,7fa3919e56e1dbdeab902c89387e12a017437cb72b5d434ca5828fa1054602d4,,,GP_PoE
GP_PoE/prior_calibrations/PoE_replicate_091_prior_calibration.csv,2173,a3e326ddde9b57739a8d6710208cb021,57f00a907a5880ea75c0b7435dfe480dc879a80b815c1396ee828874f80450c7,,,GP_PoE
GP_PoE/prior_calibrations/PoE_replicate_092_prior_calibration.csv,2171,df6d1486bd7e354808058a393388f86a,d7a98e26df0d15f824659066efe32c01e57f790e3189d74ab71a7e81cd782a36,,,GP_PoE
GP_PoE/prior_calibrations/PoE_replicate_093_prior_calibration.csv,2174,ac362a93f53e627304bb68106397214b,3b96c8bb2557ac04853598609ec3b0b8106f3520c5f2b194f837f018a6d00614,,,GP_PoE
GP_PoE/prior_calibrations/PoE_replicate_094_prior_calibration.csv,2167,d7daa378182c9e3d61962fa29281f984,6331ba017a290af82249ad758f055e37e148de2458c1b15c8924097f4fd33025,,,GP_PoE
GP_PoE/prior_calibrations/PoE_replicate_095_prior_calibration.csv,2173,fe597e5bbd3b327ed79c271ca2060828,e57c1bcfb61d281aea239e039780f3a4df20d0fa32e0eb740e4deb8aa8e6a8c8,,,GP_PoE
GP_PoE/prior_calibrations/PoE_replicate_096_prior_calibration.csv,2168,bbbbceee922bacb1f7dd990d25cacc30,c06d23b0a0864e3add9c6288cb4f33122a4e884be51b4fd44d83fb4a5649becf,,,GP_PoE
GP_PoE/prior_calibrations/PoE_replicate_097_prior_calibration.csv,2175,b310f418998d6bbd9c1ef044f570f263,4d328212e15e96fd62b0d033c5bc14ae131cc655652265b4cf9fe9f4423809a8,,,GP_PoE
GP_PoE/prior_calibrations/PoE_replicate_098_prior_calibration.csv,2172,1959fabef5533cf8959f807de57b0380,7ac6f605d9f32a62265b14274dc5c6599fe27b9de7e226360b3083f0624c30af,,,GP_PoE
GP_PoE/prior_calibrations/PoE_replicate_099_prior_calibration.csv,2173,bfe73f8f28d1e45f961a7f1c85afb62d,f4e0cc19976f1ec39e1f54bccb0d34138098ff85f2199e0a82c970801513b54e,,,GP_PoE
GP_PoE/prior_calibrations/PoE_replicate_100_prior_calibration.csv,2177,b916b1f442205c0dd8bdeda770aea819,b5f21462ef88dd87a3ee7ad4096bece7787bfc25ad5988fb31ed48887aa91897,,,GP_PoE
GP_PoE/production_checkpoints/PoE_replicate_001.rds,15629,0b5c2080d417a557ec24e9195ff50fe9,32d7eff0428379222407d916a3d6e39b6c2a0ca9cfa4a76d534d0ec6405a1fdb,,,GP_PoE
GP_PoE/production_checkpoints/PoE_replicate_002.rds,15663,0c2015759c690bd4a86cf08b3d5ed22d,5d56ed796bc54a84294a1016686c0c1571e1546f8dae4498e2215178fc9a1b47,,,GP_PoE
GP_PoE/production_checkpoints/PoE_replicate_003.rds,15615,dec1c9763fe347d1808779caff3adb6c,d5fe7bb57a683780286a9dbbd43dde4d195c6a832fa1bb0079df42e27bc415c9,,,GP_PoE
GP_PoE/production_checkpoints/PoE_replicate_004.rds,15570,8f6e5cd23c6cd6cafc3788746f0cff56,cbcea76e2fa880dc35bb25789a41de108b78fd15c428c57094d6abaddf726c7d,,,GP_PoE
GP_PoE/production_checkpoints/PoE_replicate_005.rds,15622,62361088a998fdfcdc62249ca8dd76fe,abf0344259d4e43e7a2a9c6c725e68da9c70b3c751d9964e3134695dfa83d8ab,,,GP_PoE
GP_PoE/production_checkpoints/PoE_replicate_006.rds,15570,f36ebf0e0b97a8263cbea8c46b9c8967,a80123b0a4aa3b8a78db55bda751e36b73560bf9a31fc8ec304c51a324f8df86,,,GP_PoE
GP_PoE/production_checkpoints/PoE_replicate_007.rds,15589,08f42f65764f47c2ccf93ff276fc7ada,79a27a6a7a44299ed6807a340e6f9392c6afef6457d8f8c79858b875afbe0102,,,GP_PoE
GP_PoE/production_checkpoints/PoE_replicate_008.rds,15577,f90cd3828e35d937d470e63378766cd4,0c043c5e9fc275431784c1b06397cd3f96e9f8a00a83d5b8ac51c87bea7660dc,,,GP_PoE
GP_PoE/production_checkpoints/PoE_replicate_009.rds,15656,4bb6ac0afb1c9f20c03989ea89290747,12ae78f57cd89491b5177152a7d35dadf806b8f60ba7b943dfd0583f9b619445,,,GP_PoE
GP_PoE/production_checkpoints/PoE_replicate_010.rds,15568,c6a552ae3a9831c7abde0ecdd10738fc,babf33783d6bd32a0042e9eb531005e36bfcd3c8472de11a273fd0bd9889c550,,,GP_PoE
GP_PoE/production_checkpoints/PoE_replicate_011.rds,15595,2e5b8f0966e0dd49b916b80b4ca5c20d,200748a87dd9862bbddfeb92e88f70cc48557680c29a960ca5160a1e3645c4c1,,,GP_PoE
GP_PoE/production_checkpoints/PoE_replicate_012.rds,15603,c72e4f4a842b4107e929a10438e1b441,6e27c52448610fb4d4191473d0f7b361a30ebf412b1edb6d01728512cc77ae5d,,,GP_PoE
GP_PoE/production_checkpoints/PoE_replicate_013.rds,15491,d69c0a2789bda447623e3f328ecf5bc4,fe37948310689f0e9f3934dd3c79f9215b3a7568009f56e070284b2a1c3e35c4,,,GP_PoE
GP_PoE/production_checkpoints/PoE_replicate_014.rds,15553,103d7980e011df3e2d502c4e9cb2e158,4dbc5dcb15880b46b4caaaf633bcac79aa51ec479bfe532e687db57c87edf29d,,,GP_PoE
GP_PoE/production_checkpoints/PoE_replicate_015.rds,15735,b505a9e61b0a4fc2c62cf066153529ff,20face1c9122f4c46f16cb4f9659a255fba17b4c59c39a2f1cc4ce054202cfed,,,GP_PoE
GP_PoE/production_checkpoints/PoE_replicate_016.rds,15594,d036d0b81e7fcde0bf449c56be931665,0a7421c47834620d1c8217ad0d4a8d05ca351202031bd6dd9d1e156686751189,,,GP_PoE
GP_PoE/production_checkpoints/PoE_replicate_017.rds,15563,cfc0865cc8a386eeb2679eecee146d39,2fd7287d93934b0be9048c0b5d2bd520bb80c08efa3f048ea0e4c23afd327c61,,,GP_PoE
GP_PoE/production_checkpoints/PoE_replicate_018.rds,15639,f9599998f8bee76f8175061950a56532,e72e4a907a84f62fc1ef5247c0c73f293dfa277697f2a4f466d84325ee816e42,,,GP_PoE
GP_PoE/production_checkpoints/PoE_replicate_019.rds,15660,7fdd515c580dac51d580695fcbef6aa9,84740363eb2bd5800f94fad83a965b40e0bcec37ec80741928d7b7e972b4f14e,,,GP_PoE
GP_PoE/production_checkpoints/PoE_replicate_020.rds,15662,f6cb0f7c78a959de58776a38f1ff3b62,86677e1fbc8c5fc21514f9431be1e385bd7f81ddd3fdabde1058f4efeb4180b6,,,GP_PoE
GP_PoE/production_checkpoints/PoE_replicate_021.rds,15550,968fb041d12f2e50175b040a42a85514,0a73076ef3f01155c87a453f03ae65ca41e056301332faa5c5cc558208e81dea,,,GP_PoE
GP_PoE/production_checkpoints/PoE_replicate_022.rds,15635,be01a884682b42e8fb720449274db31a,0e0505da74e905136bdd948251f30a41a9fcac6d38750049bdd43a3115bb2097,,,GP_PoE
GP_PoE/production_checkpoints/PoE_replicate_023.rds,15619,037a798c2fa89a601c62601283b1da38,9c9927f6b1e981025b56f2f3a102d5a292b9c28a160da30355086b656393e1fc,,,GP_PoE
GP_PoE/production_checkpoints/PoE_replicate_024.rds,15599,ac8823e9417c1709bbd0063b2dc0715e,551753a43d12c94c20722b9e33a83f037bae9e024bc8997bb96f63bd48c36f37,,,GP_PoE
GP_PoE/production_checkpoints/PoE_replicate_025.rds,15610,1e98866e2d3dd72c2fd710d5bb3274fb,f9774bef0f30edfdb4848dbaeafa7e7d9465fdc4b306da7f1cf2f350fea5aad1,,,GP_PoE
GP_PoE/production_checkpoints/PoE_replicate_026.rds,15661,86ca292ba0571fd5e2448694b0a25e98,84da87c4b53b148ec77c145dbe414257df7f0b466017a54fe3a4a2e8f8b30c68,,,GP_PoE
GP_PoE/production_checkpoints/PoE_replicate_027.rds,15592,09e1643f21dd36cacb2103d09a4f83c4,6caa6163026fa0e77a9858dfaba772104cbab373a2d206f7f4174d756cb103a4,,,GP_PoE
GP_PoE/production_checkpoints/PoE_replicate_028.rds,15744,3becf0ad4767a314457a909b760cf466,ae393cf46ab7706a6c2458584f4bacbedcf131cc59ab3f2fa8f68bc4a4704c08,,,GP_PoE
GP_PoE/production_checkpoints/PoE_replicate_029.rds,15570,71e9fe649ab60736c332e59318636d3b,7f1092e71a1bcf33d77f0da28b2af4ce2fc8267968875419074a8d1fcf0e4bc7,,,GP_PoE
GP_PoE/production_checkpoints/PoE_replicate_030.rds,15569,fac04d501de452c853938b357db17107,ee9993b87c42c64785afd61cb2220e7a867e1d782c04f37c1e17fff869c9dc96,,,GP_PoE
GP_PoE/production_checkpoints/PoE_replicate_031.rds,15616,3d78f73cebf6fe7f749e214fabea3c4a,3c768d3176b6f6f818da2457aeee675d1be5fdde63bfe6e2089251e76ed81f5a,,,GP_PoE
GP_PoE/production_checkpoints/PoE_replicate_032.rds,15586,559b9a6ed47e95a5c2bb9378b53b4361,5fce99efc07ea57fff81204cab0c0cac4030aa50985bad3af72422d22f2476d3,,,GP_PoE
GP_PoE/production_checkpoints/PoE_replicate_033.rds,15603,8fe3f3ae0e25bf33ed3bc054ecfc289a,ad97cce716cdc922668f722fe273eb7b0433821b4fe9caea81e0a4c16aa3d470,,,GP_PoE
GP_PoE/production_checkpoints/PoE_replicate_034.rds,15543,30678db2f90520693c32ee8870281c59,828faeeacb41f612ada22625832b65ec5c1bd38004998b3a62caf143f423825e,,,GP_PoE
GP_PoE/production_checkpoints/PoE_replicate_035.rds,15681,e4d658ab9f72836e047b7b632938b9c0,55786029df491a1a65d1335fe28f8a38c0ee8a7085ff13dd858511660946c99e,,,GP_PoE
GP_PoE/production_checkpoints/PoE_replicate_036.rds,15559,b2c8be42cbcfa06e98cc100c07012002,c6f556178f9cea29c039b142583c3516d17c391c4f842cc6d9ef4356a300b818,,,GP_PoE
GP_PoE/production_checkpoints/PoE_replicate_037.rds,15624,6936c8e89097ab411de6c7e93d1c5cb8,5d915916cde885bc88cafe147e46f7eac327b8b4370689f98684de428a68eb10,,,GP_PoE
GP_PoE/production_checkpoints/PoE_replicate_038.rds,15893,7fe665e366e14a77377a8215e1c293fa,ced2ac06f94faa37908d7fc32f8d09172bec7a9a6b8de34a773d0b07f4d35247,,,GP_PoE
GP_PoE/production_checkpoints/PoE_replicate_039.rds,15580,9534ccf686e0c4858467543ab2dee08b,46fc882a4f537cd69e935632ffd5bf3be12f32437465acf028204c0949e0876d,,,GP_PoE
GP_PoE/production_checkpoints/PoE_replicate_040.rds,15541,1d0341cc3908437b30b378b86a65a26d,b725670e73d1917ca502f8ec69c8f34791ad57eea36f52ea96c4fb663aa3e075,,,GP_PoE
GP_PoE/production_checkpoints/PoE_replicate_041.rds,15637,87ca8ae34442bd3689681025bf68a166,448eae9e650029510b473862f94bc07c0f09f8524bff0dc744e1557652b0793f,,,GP_PoE
GP_PoE/production_checkpoints/PoE_replicate_042.rds,15539,a7053c69a416a444d463a64b7fe72873,3902449384a12a46f30b9df26269d089c0242f45dd9006e4c7a764f622171796,,,GP_PoE
GP_PoE/production_checkpoints/PoE_replicate_043.rds,15535,4b048aaa862d0c97d2bc6cdb3e2bd3f9,28b6c30fd10d734b0e42c8b088b7812f707144592e796d34c8753422f4dcde57,,,GP_PoE
GP_PoE/production_checkpoints/PoE_replicate_044.rds,15589,71df3978b4a6782dc82371eca1e5a97b,fbd01603291a0760ebb8d6d997148de3855073f264d0a679d4a140b2d6bf6bf6,,,GP_PoE
GP_PoE/production_checkpoints/PoE_replicate_045.rds,15612,342e91b3cf3cfb34a4402b2e0bcfae38,a0cbba5de37e0ac6e588040c61aa9667d67b2b8b93deff8c152077346b9e67ba,,,GP_PoE
GP_PoE/production_checkpoints/PoE_replicate_046.rds,15566,70a9510317b04a4bc0d294c00728269a,2e3869c5c92fadbe87833693ea87f534c8bfd598c966cb05c6d8b152e8982307,,,GP_PoE
GP_PoE/production_checkpoints/PoE_replicate_047.rds,15589,2f225bde2d47a300cda7748826499114,3752e3bf87645485c28760dd7e62a3b92936c6596f180d68ad1f24452abb3b9e,,,GP_PoE
GP_PoE/production_checkpoints/PoE_replicate_048.rds,15601,da9059da9b127bdff85c6c53c1f57bcf,45eb5f23463e4d54128a986eec1868cecb1a8921fab705f87cf4d6078193ade1,,,GP_PoE
GP_PoE/production_checkpoints/PoE_replicate_049.rds,15498,ffebda03369ea06d7c58920881068433,d724d4ff7c1af0cb65076a6509e514e978724ae1ae13ead695f2170d497eed4d,,,GP_PoE
GP_PoE/production_checkpoints/PoE_replicate_050.rds,15507,144feb4e5fcd7e4431524f86ff358c97,7b9f1010cfae05e0dd7ab2416aceee1497d684b5565ab8dbdf91b36f3bbc3aba,,,GP_PoE
GP_PoE/production_checkpoints/PoE_replicate_051.rds,15590,4ec6e3e463aff3dcb242086e94e33bca,c0a33a43ff4572557c4c4691a178c1a03b2dfdfa451e4032a80e58ecbb57305b,,,GP_PoE
GP_PoE/production_checkpoints/PoE_replicate_052.rds,15641,fde840c61ad867ae95f21553324e40a0,bed34c36f7785c20bbf04afd70f6bbbca3f351ca28f67011b3e444ea5b61ed70,,,GP_PoE
GP_PoE/production_checkpoints/PoE_replicate_053.rds,15560,c4df8766c6a7c5046dadfb33334b67b8,53c6dc03b6dda603561b253b4b992be0a8d509b15714bb686b2136e8139b0192,,,GP_PoE
GP_PoE/production_checkpoints/PoE_replicate_054.rds,15611,22f920b88d3b2107fac9e7cf1ade3427,558b990319425fff6318249d5ed6e0cc3f1e9261c05380d889ad9d686d736828,,,GP_PoE
GP_PoE/production_checkpoints/PoE_replicate_055.rds,15581,289d65ff1e9adc9de41a1c69369bd737,0a84b9848379e46b93234598e41f9e672857dc4e3b733e37bdc454a7b2ab2e61,,,GP_PoE
GP_PoE/production_checkpoints/PoE_replicate_056.rds,15645,584060880b6dc5997395422931a1cbd8,43613564cc99f76ac75013b2efe5fa8543ab10b33e8f58828f25791fb70a3f37,,,GP_PoE
GP_PoE/production_checkpoints/PoE_replicate_057.rds,15576,b15b8c9397bfd203299c9dad8b484b7e,46f16401650f7f02ea896b02ac16944d2ba8cc47c68d345bde43e931515dbf26,,,GP_PoE
GP_PoE/production_checkpoints/PoE_replicate_058.rds,15564,0a901c6ead8f7479a4b27bbc2df31036,b010416f8205701e56316cf5ada7e7fcf5e3898471d697522bc3b4851a22088e,,,GP_PoE
GP_PoE/production_checkpoints/PoE_replicate_059.rds,15531,21461c3c8395fc6a60fe6f6caa147381,7a9616734c0de266f4c08f036efce24ddf2f3cea72840f639db3173d4ddc5348,,,GP_PoE
GP_PoE/production_checkpoints/PoE_replicate_060.rds,15590,cc3d819ae79df70bbe1988178ac5794f,7cffbebc927e835d3dc8e47441f40cda292530c41b3aa5be5d31912984578504,,,GP_PoE
GP_PoE/production_checkpoints/PoE_replicate_061.rds,15559,4180b5a7fd1a8f1567a5667d69cc8c33,ce3f29d5d3440e1f8b4dee99f38b7bc0da9d05d56213db8fbfa547ba9dd1349a,,,GP_PoE
GP_PoE/production_checkpoints/PoE_replicate_062.rds,15611,15dba7c3ad9b1f5f457ea706643caaed,3c0b35d172b5bbc22bd6b6067ac8252769933c586b1edfbb9c9732b807f469fc,,,GP_PoE
GP_PoE/production_checkpoints/PoE_replicate_063.rds,15486,753c455e92dc4741426d748c3394d5bd,d9165c7d611252d01133992a99dbfd38d49a177489211956dfe2f4144a40185d,,,GP_PoE
GP_PoE/production_checkpoints/PoE_replicate_064.rds,15685,e66b489e97ed2bea06e3149ee076024e,6b0cf35a4d80e98aeb6e1b379595b1e0a3afdd7346c1db76bae64c0a33af48de,,,GP_PoE
GP_PoE/production_checkpoints/PoE_replicate_065.rds,15650,6e8aa7a32bc5311d4395c8109385cf85,651aa68aaa75923964a529c6826274dd9d84bd3c8b1b57f58ddfa7ba07b398bf,,,GP_PoE
GP_PoE/production_checkpoints/PoE_replicate_066.rds,15539,73ced95628750e2197687d4e52872ece,2cce92c335a7a4ac0809281f933ac4fc50b23d4ba4f3f4102001fbd8d28b546d,,,GP_PoE
GP_PoE/production_checkpoints/PoE_replicate_067.rds,15528,464bddb8dc6bd63880691124e1c8ac39,7d2dc2cbb5077d57d27a74007aebbd9380589a904cf567de1cda5b56b298dff3,,,GP_PoE
GP_PoE/production_checkpoints/PoE_replicate_068.rds,15543,98f9f890ffe3fd17666b778c251df5ce,d1b4cb0c030dd8c197eaca18f9286f879eee7db0c0e407e4c5d1c60356413a2a,,,GP_PoE
GP_PoE/production_checkpoints/PoE_replicate_069.rds,15564,b9e654893c4d46f2ce4fc8f60b5bc296,e2a32d8da2ea4c6b36ef36bb13219fa6bb6050045ea88e201154695a683e1377,,,GP_PoE
GP_PoE/production_checkpoints/PoE_replicate_070.rds,15573,a602adfec660622472a13ef2fb7762e5,959df8e37eb678a154b507f92a122e23f1437c24137ef33152954704af601551,,,GP_PoE
GP_PoE/production_checkpoints/PoE_replicate_071.rds,15568,651b321ee2c3979d0014ac29d522c017,bec070744bf2bd9b90a7079cc226101555c97130c17954981cfdba2362c9b4ee,,,GP_PoE
GP_PoE/production_checkpoints/PoE_replicate_072.rds,15580,6820d65ae05c76458dafd04b813de215,8a0171951631fa4a8b7370b78abff591c4c7e9cbfb58f2a0bf82b176152f6619,,,GP_PoE
GP_PoE/production_checkpoints/PoE_replicate_073.rds,15559,bb731351fc427d90c71e54ff60b6fb51,e84dc6cc3f55c231adc9b0f29a1f96ab2feec679a3003220448dfb6e0f82db5f,,,GP_PoE
GP_PoE/production_checkpoints/PoE_replicate_074.rds,15772,923c4ae7eba23c6b28ef706f4b469101,3fa24eff815aaf91889356b358566b0e2c8ac742ddfa2c5470c95edaef8418b0,,,GP_PoE
GP_PoE/production_checkpoints/PoE_replicate_075.rds,15598,c0213ecaa528789d0a5cda0587eeeafb,fb3717ca43b198119d701d6483fdf2858e2afe143676473a3ffde5989dd230d1,,,GP_PoE
GP_PoE/production_checkpoints/PoE_replicate_076.rds,15542,8aa46a1d2fe6a001794a19b9417532c6,3feab23b77789729c1ba5938fdcf7cd6e9e704169612e49a1395f2581a7cbe1f,,,GP_PoE
GP_PoE/production_checkpoints/PoE_replicate_077.rds,15552,205711153a16ef53aa3fd7260257781b,b3791cb50163e988afb0cceb900022f5f604590813e400ee230e11eb6e18146a,,,GP_PoE
GP_PoE/production_checkpoints/PoE_replicate_078.rds,15617,b58a4e9150a285bbbe6b3944a7af6131,8fb01efcdf4c4063c5e39df88f18e35c524fecd342be62ecd35949788ca0a03f,,,GP_PoE
GP_PoE/production_checkpoints/PoE_replicate_079.rds,15552,6b840e4116656a82746be21b5fe9236e,b7bf703da5839a8ec1439085c7bbb10aca96b4a19b0aede767bfeefd2ed5143b,,,GP_PoE
GP_PoE/production_checkpoints/PoE_replicate_080.rds,15622,315a6a62ce9a5e0b32984b59a04a14cc,b4219753744d5a5868b1881e655996a0149f4baabf82ca4a2c40b4e7aec4c82c,,,GP_PoE
GP_PoE/production_checkpoints/PoE_replicate_081.rds,15586,6a59cf58b02cae21a0917d337cfbee22,2079d6fa1e2094a9ae98edce67e9c6b63c748e0b62faa4d3c0849557f2083e81,,,GP_PoE
GP_PoE/production_checkpoints/PoE_replicate_082.rds,15661,666bd5ecfdffeb955073a4c662d39b72,357cf0b5f296679821ad7baa8e64478050a9e5e2aeb97954cc309f09c8e376f8,,,GP_PoE
GP_PoE/production_checkpoints/PoE_replicate_083.rds,15683,0bf7be5d506c4bd630d486474b1fead0,1e56cd9f66f6ffa1dbf2192aa803100e6595080ac45d78a065ede9edbf6bbea9,,,GP_PoE
GP_PoE/production_checkpoints/PoE_replicate_084.rds,15510,595838be084cec5fec7d9dc30053057b,9fff38c64c5e89ea39e4c62ffbe441e13084d30ae095ca38eddbde8baa35a335,,,GP_PoE
GP_PoE/production_checkpoints/PoE_replicate_085.rds,15489,61c5c2e9c298243c0fa31b8ba18bedde,4df71b6f2f6a2f4f84e0ccea0416152876bca93e18faed837ceec46c25a3e6a6,,,GP_PoE
GP_PoE/production_checkpoints/PoE_replicate_086.rds,15550,e42b42c3650c901861816b14100fa215,1a1df4754ad314cd5ba0e23d44f6582faedd7617dd8b97ab12c6f5501256e2ff,,,GP_PoE
GP_PoE/production_checkpoints/PoE_replicate_087.rds,15591,80536f39c27a815dd8d64753918c2f61,3f284f598d9f738829b0bea869554b5630aac4fbeadc702046d60163f6b80951,,,GP_PoE
GP_PoE/production_checkpoints/PoE_replicate_088.rds,15644,c8f25f59dbc9550855343eebed293ddc,32cd54cc899041f567fcb3634bf9eb2712c371ea0ca4a5d4ac511b3248336701,,,GP_PoE
GP_PoE/production_checkpoints/PoE_replicate_089.rds,15583,02898a1ae6ea598f6fa3bd8ee46c5eb2,35cffe0d43e18a2a956c68aa222e787343f8bfac6bd5d2e42c6bc2306b7eedd3,,,GP_PoE
GP_PoE/production_checkpoints/PoE_replicate_090.rds,15583,2f8a4c45a47cb897a46ea591132826b3,d3539bed456fa8c59c0ac70a927a63d7a5a49159ce6d7e97c895bdb086f8725f,,,GP_PoE
GP_PoE/production_checkpoints/PoE_replicate_091.rds,15590,a962b345559807f0bcf75324b313bb5e,6f0853fcd958730ed4b3773e63146fb78b1aef867bbf8c092918c53ffe9c4467,,,GP_PoE
GP_PoE/production_checkpoints/PoE_replicate_092.rds,15605,241f01ca269d6e9014936ecddc659d63,9c8b17f0cbcd1b764ba50332146770961a0ae21accc2ccd8576ea424c09abd15,,,GP_PoE
GP_PoE/production_checkpoints/PoE_replicate_093.rds,15606,c9877e2fa28a5ce76fa84cc2ad1cf92a,b7037bed4641ff2cee077dc49c2dcad1a5c15d9960bebf4ef564425bdc79815d,,,GP_PoE
GP_PoE/production_checkpoints/PoE_replicate_094.rds,15592,8a89c5113947e0849fc14ca61db676cf,667d9bb54035c218014963f744bdbec1dcda84f0d36e4ddf5e84318c6bf16eec,,,GP_PoE
GP_PoE/production_checkpoints/PoE_replicate_095.rds,15537,63d887c25c4a56b35ee73a4a1ace9476,5f0bc1d5e96e11cd7c332958c0d2dfc18f12a0a8a7bdc796857adad1706b43fc,,,GP_PoE
GP_PoE/production_checkpoints/PoE_replicate_096.rds,15650,1db02bd0374fbcbbe2f62b9ba55aefad,e1e0899d6569fa2206c32ff898d5f9cd9520c48ce8e6b9f4e8522cfd7de40bad,,,GP_PoE
GP_PoE/production_checkpoints/PoE_replicate_097.rds,15704,f196bf238a0373eae3acb38957aa75cb,f60fcdad0d3d374e13b36eece79e7e8e01c345fd5296a14594d7c69a86460070,,,GP_PoE
GP_PoE/production_checkpoints/PoE_replicate_098.rds,15659,cde481ee851b09e52a8cd96784a395c9,20757d2ef9170c074950c3a3c5d9c868a943afc518fd3c4dbec2afede5fe148c,,,GP_PoE
GP_PoE/production_checkpoints/PoE_replicate_099.rds,15616,9a999dc856038748721503ba117d8b79,d54520c7153b2f2ac620714cd645acb11412e31c91b7a8fb938f20b147d7232f,,,GP_PoE
GP_PoE/production_checkpoints/PoE_replicate_100.rds,15625,aa5bf1433ea26e444b10ccbaa07078fc,a4ec8febf6796d88ecde26b0df05b831f13f8715dc471ca02ac4347ad4dd2744,,,GP_PoE
GP_PoE/sessionInfo_full_PoE_simulation.txt,831,0fe54065daa85e1658a3b8ed3908fa9c,85913100415d17494576ca7815c14c84613ee0235feb0f4502e8e9f0cbffa13e,,,GP_PoE
nnPU/all_competitors_plus_nnpu_FINAL_MAIN_TABLE_means.csv,2472,73dcbdf0b964c65498510eb2399e39ca,f33b0d48344f101242482de8f049b828c115045e277dfc115b20cb761072fc2d,,,nnPU
nnPU/all_competitors_plus_nnpu_FINAL_PAPER_TABLE_mean_SD.csv,2221,068578aa5bdb5ab570a2fafd3df01c34,87f4087b48c9007e54cda7d63ff2fa7899d3b43906361bd018982a53f2a07b14,,,nnPU
nnPU/all_competitors_plus_nnpu_metric_summary_long.csv,24318,3d6156f4afec3390aed43aa5f682932e,5ec71ed37eda45a362eb851e40d6f0361ac5f296c26441432deb9ef67898a81a,,,nnPU
nnPU/all_competitors_plus_nnpu_metrics_by_replicate.csv,297960,de247bc17e3cccd170c40b7ccdf68c0e,0cc33c963611cb56bd81484380f43c54544e7b98731565ba35b848a9746d8d87,,,nnPU
nnPU/generated_geometries/replicate_001_geometry.rds,77213,b323ed3546387562f343c140133eb22d,eeebc782ce7554b284fbc374f4fe14f5f0d83b6715da93b51d2fc4197e56017b,,,nnPU
nnPU/generated_geometries/replicate_002_geometry.rds,87419,fad81318fd4e5a45541ce88064c9f851,64e093b4d2b4049e5297ff4ecd87f602a02cfe2131b3f16ed8f9691dbe2a0131,,,nnPU
nnPU/generated_geometries/replicate_003_geometry.rds,74180,1b9aede6efa0bd3bf8d12d24111272be,8adc2e1105857d861e69e0ba31cdddb344ec67dadb72ecd1f86a2019e67675b1,,,nnPU
nnPU/generated_geometries/replicate_004_geometry.rds,74231,309c7423a360908474a14620c5e50eb8,0140a3c269ea3bcc6bb46da63e1fb7e9a87c73e6c54d42920c9b41f0e26f767a,,,nnPU
nnPU/generated_geometries/replicate_005_geometry.rds,77476,4465e88cdbe7b976d53ecd99cd155bf9,f57612baaf2a261760613fb09993660933513fae9ec4f01655fd78436c773a71,,,nnPU
nnPU/generated_geometries/replicate_006_geometry.rds,73953,db634f8400a3b072cd995fe6fb34771e,1bed81f98411934a0522ebd6d246cecbafbcae835ca6ae7c67b486cf5e908dea,,,nnPU
nnPU/generated_geometries/replicate_007_geometry.rds,74060,183e8db9cf9800f86da0b40db43c0b77,06be2fcd7d4b41b6593296f9f5adf7e5d9c3a731f361c9a7ce4d84ae6a563b93,,,nnPU
nnPU/generated_geometries/replicate_008_geometry.rds,73939,4fdca069a4b1b113427dc2f3e9a9ee18,ed0ba40b207ca7f6fa726116b2b3d6d1c0453e2ca6c8450dde88407ae799b290,,,nnPU
nnPU/generated_geometries/replicate_009_geometry.rds,80810,e885466bd57f6b40a9994707b4a86e78,4d8b21eeecb3627e60f5f10a6e9365194bab9340bbdae40ad94e2296bb6dabe9,,,nnPU
nnPU/generated_geometries/replicate_010_geometry.rds,74087,726cb74c31bcb711ddfdad6a375b46f4,7ab0072a5836ff40490ddf158f70d135c7a33644d628477e853160c543cccb6b,,,nnPU
nnPU/generated_geometries/replicate_011_geometry.rds,74307,e701a13a06002ef545c34d54a9b8111b,8a23fbbb33a5c4b8607e53cad3ef2e3d459ecf6bb1482effa348e9e488bc125d,,,nnPU
nnPU/generated_geometries/replicate_012_geometry.rds,73956,eef2c880971883d9e2bf148f3718cec6,d27c91758d0c42bdfe284800dbb090f6200ec0522d45fb46ad4acdd72a27742b,,,nnPU
nnPU/generated_geometries/replicate_013_geometry.rds,74142,0d1d7f7cd37da670b48d041cff568231,a85793395558176cd103fe4136d07d7c21612b39ca46a3bd9a8387573026d832,,,nnPU
nnPU/generated_geometries/replicate_014_geometry.rds,73860,fdf4d0884b7fe3258466cf864e6a874d,c4212bd2dfc7efba743ccfbc2740b2686f52b937ccc173e002a592dd591bd18d,,,nnPU
nnPU/generated_geometries/replicate_015_geometry.rds,90301,732076d50a2c600f4f1a76b255234178,45796c267479bba279d986715e992d99ab4a6a7ee003679aaae9fe2f01a6605f,,,nnPU
nnPU/generated_geometries/replicate_016_geometry.rds,80674,e788137898185f27a6636d1c694a53d8,2a56a15766dd2600a5da1280eeb3cfde5a879688c155904c1a6fddea3a96f726,,,nnPU
nnPU/generated_geometries/replicate_017_geometry.rds,77335,ba2fbfac5112130e175c4111a2dcc515,6aa8d57b0ae6d2e4f47a79850c93fb712ebdbbe8da92e9d07ffe372d5af7266e,,,nnPU
nnPU/generated_geometries/replicate_018_geometry.rds,77405,6a95221c26906bf57c921449cb112d4b,fcfd43ad44aa89b985b7f370a72f66b6c21edeee731016ad147b319504993258,,,nnPU
nnPU/generated_geometries/replicate_019_geometry.rds,80827,02f25c2efab58948e90e93a04657d681,2c23d8dcf37770f9d96aa9ed4e73f7f12b079c371684963f8aaaafab0a45272a,,,nnPU
nnPU/generated_geometries/replicate_020_geometry.rds,80361,5154c98b57406ad83d0e85abfea682bb,92b20770276bf1cc80291e462c8a10de578f1f7cac18a0595d9a269d5d37bbef,,,nnPU
nnPU/generated_geometries/replicate_021_geometry.rds,74292,3bb28df0f888251cea66096347a89914,f738309fbcdd0704eb2583315fb0f260bf48d6626b6e7bcdf30e56fa132263a5,,,nnPU
nnPU/generated_geometries/replicate_022_geometry.rds,77557,171cae837fbe997171755e2d280df100,ceb593fbaa49a07b79fb8211d482fc2d29d8aa7b6342e7c57168b444df41e15f,,,nnPU
nnPU/generated_geometries/replicate_023_geometry.rds,74457,89675735c58eb281c69b46be6530dff9,b88761622dc8bc8323baa6c5ff6860b3ed0456da372f3e2c120ba47caf498dff,,,nnPU
nnPU/generated_geometries/replicate_024_geometry.rds,77096,016fb0d87128450cc3cd75b15bbc782c,b21d4eb43562974ac0cc157c0fa017362b6250c02a2a75ba8a7d3752b96e791a,,,nnPU
nnPU/generated_geometries/replicate_025_geometry.rds,77650,e35b240bdbb8f4a70836623f1ad33f73,507f8ca337b43a64de4d37220624542fe6c3e4a1a106dff56feab44c9b1ebe65,,,nnPU
nnPU/generated_geometries/replicate_026_geometry.rds,84162,5f251fc6ebceb9c30054f49e81c25176,220d15d3744791fdc1ed42fbee08fafae865ed2ff9cbf723c9713da7419171e7,,,nnPU
nnPU/generated_geometries/replicate_027_geometry.rds,77455,25030f6b7140b98702c66cb361fc4d63,6f29784309a731ea0c64ff5780d88fbbfcb94bb8f42089d1fc984e403cf30c39,,,nnPU
nnPU/generated_geometries/replicate_028_geometry.rds,90356,64f4c49d1b528ea4273fa92c40106afe,6feb28897dd51098fd0117fc791bc788d407ce22b2b8773a8927c40117b86aab,,,nnPU
nnPU/generated_geometries/replicate_029_geometry.rds,77465,14da49bd5cd3feff4db19bd65857d753,70e66b7b9d11c65b3043704cee067c274e7eab2624aa8b40fb5cdd49d4a5d74f,,,nnPU
nnPU/generated_geometries/replicate_030_geometry.rds,80543,e0f563abf91958977263ae25183e73ce,b3eb4c24570d9f586d32e153c3e17f0e878a8e285326e6f29a69ee43ec6af338,,,nnPU
nnPU/generated_geometries/replicate_031_geometry.rds,77417,2b73c6e138b40542657bb11f97c51c08,37bafaa56f3c43d4453d6a252cdad9831b41d3bb9cdb79b48d91a2ffbf97ebde,,,nnPU
nnPU/generated_geometries/replicate_032_geometry.rds,74218,d112184728b6b3233baec2dcb52b5aa6,1042e23a6bef7f0f23a8e78d47e727131b6fae3923fabc3de1ae36ada3126ae2,,,nnPU
nnPU/generated_geometries/replicate_033_geometry.rds,80914,7421a723b65bac242b7e27327de1c92c,2e8554441517408ab7fb7792a04d07ca9df1a55894f14758b87516b6548ef4f0,,,nnPU
nnPU/generated_geometries/replicate_034_geometry.rds,74326,3a61d88fc0a86aa68ce67cbfbea66fff,b8c9ce65e05055e06323f60687baca669fb171ce57163891023e2235e1f1dd23,,,nnPU
nnPU/generated_geometries/replicate_035_geometry.rds,80512,fc3fb8c0e6c2053a5842fa3422c93a87,2c326cb1c08a0ee4b579c863ae2ba5022c85abe34c4aa71d6fd3c31dcb43d150,,,nnPU
nnPU/generated_geometries/replicate_036_geometry.rds,77633,f022cd22cb64dc0dc234ed01102a55ee,8cff73c6d1aea85ab3224aa3edd00cd5016cf9e8a269e4ab0a491b24961d7c23,,,nnPU
nnPU/generated_geometries/replicate_037_geometry.rds,87260,2a4b6536f59b252b244d56e6d87652a8,23b4b8dfbc28bc605e8a2638b65a3f53062d2537d25685d0332f2c5b18f26af4,,,nnPU
nnPU/generated_geometries/replicate_038_geometry.rds,127892,f17c5a9cd69cfa7975293a3d1c07d033,71592c83a823cac465bfec7bac39a2e6d0d870b031952b016d5322a143298c70,,,nnPU
nnPU/generated_geometries/replicate_039_geometry.rds,74105,21c12ad2c651b9921b971e405937d45d,8582420af5df6e3901a8f0e566fa90fee01fa445e62ce5fa32b34889ffbe0d8a,,,nnPU
nnPU/generated_geometries/replicate_040_geometry.rds,74070,9c81a6e4a04e99e312be57afa1e85594,f33687302a4c06d6431389e5195223af0282c4373f7c96fd6ca2e63ad669cd8f,,,nnPU
nnPU/generated_geometries/replicate_041_geometry.rds,77640,09126baca44211f740cf9bbc79f9e202,c7781f0d86182304310b951c883388ec8aa3c9c401cf87f83588063bf34f3b06,,,nnPU
nnPU/generated_geometries/replicate_042_geometry.rds,77603,8e1e618b2b47bb04c94e37c6c572bc43,bbe85935fa86aa91b82559f293886a994eb2ad084f6f538fcbd803731139ef78,,,nnPU
nnPU/generated_geometries/replicate_043_geometry.rds,77373,e107bd700d8e537d068e7746c93af18f,157684c581b41e1b0ba40c211a46bf8fb7c5d9fb78c2fa16cff9a07593a5a61d,,,nnPU
nnPU/generated_geometries/replicate_044_geometry.rds,77439,72671a7a21b6dbe7a51fb7471dc464cb,071d9cac0a5784c9c6ffaace8d8f6b7b472d50c632b7cfeaa6b4272a3d98790f,,,nnPU
nnPU/generated_geometries/replicate_045_geometry.rds,74200,6ccf7b155f0c8472dd72a2e05e8890bc,06165ce69fa39a52e6d381ec7769ed2926986dff032e4c8b714cfa221b671ce0,,,nnPU
nnPU/generated_geometries/replicate_046_geometry.rds,74522,5ba17c28b3c566ba3b6a81276fd507ad,abbe01eb1fad97e52ff052b2792e6cc3bd1d54266cfcff8562172182e82a35cd,,,nnPU
nnPU/generated_geometries/replicate_047_geometry.rds,77488,51ddbd323a5c183dd4b6d975c9ab3945,e59e0df4e0da006c082a8c9a21a2b5520d4c797f6a010e1f74438c19bce74ae2,,,nnPU
nnPU/generated_geometries/replicate_048_geometry.rds,74096,3abe23d2d9b277a0e97dd4ff61fd2709,fc0777bf13792a3b754097059fe5184211ff9b892692b355b66304c5a09f0416,,,nnPU
nnPU/generated_geometries/replicate_049_geometry.rds,73849,bc6f2b410e40f8b3dde38b5977526b69,ea43753a740948600d7edd74d21d823bc8fef81446042584dcacb10d9852d24d,,,nnPU
nnPU/generated_geometries/replicate_050_geometry.rds,74187,0754cab0c1682ba48356bc866c1c4567,42c2614181e0f060e84b661c9f95c132038eedf1b131a920077a7ffc236d5428,,,nnPU
nnPU/generated_geometries/replicate_051_geometry.rds,74366,f5a396c9b4fcded22484155322c40e79,80931357f7ed3ca1561f32533c6ec4b38ce8b4cb6cac63d63b4a93bf4647e1c7,,,nnPU
nnPU/generated_geometries/replicate_052_geometry.rds,77528,7aa5da167f301a405a2518e175abd91a,b040a918fdc69df35204199c0cc8341828a90e0c0118a81d3825bc9a3eb7854d,,,nnPU
nnPU/generated_geometries/replicate_053_geometry.rds,74348,9aff637217d8f84192707a0ad94c25e3,1b348b316a35af74049eeabf0dd8c256cd5ea3a55e3b2571020f1b44b3e147c6,,,nnPU
nnPU/generated_geometries/replicate_054_geometry.rds,77575,ca75d720885ab6e622fd28970a0beed6,fa3aab3d885880471183a06a448fc4f7eb30b468471ff269fa624db26b212c82,,,nnPU
nnPU/generated_geometries/replicate_055_geometry.rds,73856,8b51286fe622d1b0cb8aaa29fdec4fc5,790675c0e5c18d3f3732e45c7a40c3d0841dda546ef1b0498e7dd2613e367088,,,nnPU
nnPU/generated_geometries/replicate_056_geometry.rds,84118,da1231a6260a8ad78baa9af649de5366,f5ef9603d6568e0874cf8ff066c21ccae61189b78bfbb7b62c39235d61270472,,,nnPU
nnPU/generated_geometries/replicate_057_geometry.rds,74115,84ad97fb45e9683d670515cb21cbff5e,5e10e5afd660e8b33ff82f823e928c2cb959c21bd4cd82957f073054001f53a1,,,nnPU
nnPU/generated_geometries/replicate_058_geometry.rds,74325,c495557df8fd2765c3adebd3c047331a,77177e6c8c0021ca1c32113b2168712f1841270c9d0f9f5e1c07358acab0f27f,,,nnPU
nnPU/generated_geometries/replicate_059_geometry.rds,74289,dbc82b0b38846dd818ec1040ad857375,54c868a8983d05ab2f56ca651cd02825e92301d4b34105235b0e43b445dd66f9,,,nnPU
nnPU/generated_geometries/replicate_060_geometry.rds,74003,4a85f20ea4b7bf3ab0ec4f5d07304586,a2a92bc1d01f3e9d986e8028b0c71a5eb63eec47e9b2e49559c26a34dc14338d,,,nnPU
nnPU/generated_geometries/replicate_061_geometry.rds,74038,520d56950e9b3ac753ab1b9a8c45d104,f2e7d3f13cade2dbb1a5755f54863c524146f21f4827920ad7f123d10c525a6b,,,nnPU
nnPU/generated_geometries/replicate_062_geometry.rds,74194,2877bbc69eeba9adf6c031ea0564141e,687a7ce228bf0990a1d958750d14c050e3edfa6c5d95a158856b850f9f28191a,,,nnPU
nnPU/generated_geometries/replicate_063_geometry.rds,74248,2737287f76cc42306d847ce30eca38e0,a3283aa1e73ca71fc7d945bb1787d7b4c8afb90c5793f48cc0fe87f12e493cd2,,,nnPU
nnPU/generated_geometries/replicate_064_geometry.rds,83978,9a630a2110f6cd5a0ea2f945b7bcb162,7bb505e607254b17aafe7476629f11e1134ce0c57bd3b3ce15573e3e2a9eb8db,,,nnPU
nnPU/generated_geometries/replicate_065_geometry.rds,80724,e183bd312d76a7b51a6fedb312ff5126,c80ae28a6f537afb6acb0cfc1818b87e8a4571ad0d4096e848a75cef6d7175b5,,,nnPU
nnPU/generated_geometries/replicate_066_geometry.rds,74135,f8df79720c9912e8c548c0c40a4009c2,9035b4502a835b97e4f475d8518aa678c1f8e13b9dcb7f6202445498f3848ea2,,,nnPU
nnPU/generated_geometries/replicate_067_geometry.rds,74081,f8aa4301927eca99abaf04f800af3f7e,d5a33ba26c3c3a2b22ae169324ad4dd0ec28c9308f93d5a6bb93e41fa9298fe9,,,nnPU
nnPU/generated_geometries/replicate_068_geometry.rds,74158,f0d298d42fc89d8415c3d3d5e34e26ed,1221cf02483772348ff0fdda10f264ef5f6ed9fef3978029157378bc8122a2b4,,,nnPU
nnPU/generated_geometries/replicate_069_geometry.rds,77789,84c509e549764da4cf2b9294d04f40ed,dedaec0d5316b5007f8bfeccf190682f5a5fef38166090b15231f5007772eab9,,,nnPU
nnPU/generated_geometries/replicate_070_geometry.rds,80611,08c1a7c80c98b7dd405b6484864d8af8,2ce899407ff4d08b2650a8099e7da482b006b138dcb9477c6c7ffe8bf2356d90,,,nnPU
nnPU/generated_geometries/replicate_071_geometry.rds,80548,622e859ade6a23f7a67add969abd8344,2e4947ef0e83864afb2dc793075c3b1dd1db7ff1ad7d5a4bfbe99604a70d533f,,,nnPU
nnPU/generated_geometries/replicate_072_geometry.rds,77499,3709504df154b766b03a9fd883952724,611f14e306cd846f0fe0deba6f2803d3b078dad968c2b7753ca9b8ac4e110593,,,nnPU
nnPU/generated_geometries/replicate_073_geometry.rds,77546,ef3e89d865f04b26908b288c49a9a4fb,047915b0562a72ef687a4db0d5da530bc792849dbb832349582c4d6b32dbf08b,,,nnPU
nnPU/generated_geometries/replicate_074_geometry.rds,99592,bd5cc0f5cab30d5f23128123428b8ee9,5906a728ccb96ee88216a463cdc510f8a012c512a2d2db1fa53b4a871b4d878a,,,nnPU
nnPU/generated_geometries/replicate_075_geometry.rds,74059,4ea3c4de46d88e4e98b6a650e758f709,470ae6a0daca87874c0f962b640882b33c751336628efd63a351723ce096e852,,,nnPU
nnPU/generated_geometries/replicate_076_geometry.rds,74097,6904327143e4c9bd4c36d81a05b0c357,cfd4f39cd7384d9393b3f7dff8be09eda30eeb7e3d1c6bed7ec8558ecb4a41ef,,,nnPU
nnPU/generated_geometries/replicate_077_geometry.rds,80735,700042160edce19107cad1026fd81a49,5b32bd1e0e95d0ed652f5d1ac50fbf8c27d7fd877befe67e7d7a7bd1c24013a0,,,nnPU
nnPU/generated_geometries/replicate_078_geometry.rds,77675,ad1bc44d948de78ddedce0b07c4544b0,5076d748d518f8e1ff7f8a1e3457ac2531493265b0572855219ad1f02625a2b1,,,nnPU
nnPU/generated_geometries/replicate_079_geometry.rds,74061,77cfcc1363045e367c16666c626649b7,f0b43b966f75198dbeff218dd30dc54ce60a81c37e22949b3034af19683d8987,,,nnPU
nnPU/generated_geometries/replicate_080_geometry.rds,81048,b1275b26fbd07d5a8161d8c9864c1af5,f8889666c2e14cdb3e4d9b28b56c3de6b8992272c6d72041e75943564facf2b7,,,nnPU
nnPU/generated_geometries/replicate_081_geometry.rds,74065,f8a7bf3037f1fc80d308d9bee60dc6ba,6a247e7313748d73d16a116f2ba2f7fcbe264bf88e8c86c3da61cbe003a20211,,,nnPU
nnPU/generated_geometries/replicate_082_geometry.rds,74016,0f4d518aad1bc89c47e84e97c01c152c,a33f321115c3ed299c811ef77da132a47e252954687969eb1330f0a5cfe924ba,,,nnPU
nnPU/generated_geometries/replicate_083_geometry.rds,84180,f450bf1a054f4cd8b4253906e3bd3a15,340f0a2c155e482a57ccb7c0526c8a1292e056a64d8e77cdee7c8fc9aee4f3a5,,,nnPU
nnPU/generated_geometries/replicate_084_geometry.rds,77788,83a71f624b00a21604e6d0f409561c0f,291eacb65266600913f4462879d7bbeed097a14db3331d804fd14cdde001ffc6,,,nnPU
nnPU/generated_geometries/replicate_085_geometry.rds,74180,a969e22da08ec54e011e3140a0b64a5c,583767aa80faece761d8c494ac3416f8491dce8898dc0039c937da62e039d367,,,nnPU
nnPU/generated_geometries/replicate_086_geometry.rds,74200,7ea3ce2e53c5e7327897a0d3dd7d58bb,83ec2ea0f2a9505a13aee3f49187e3fdd315f4d19cfd046ef9963beea7c5027b,,,nnPU
nnPU/generated_geometries/replicate_087_geometry.rds,74353,c64a81f7f65f3c683eb347c6f01a60fd,dedfa82acbfdd378ebb2e701c6d0ca93e72faf9c343d5c13e21b5fc012cb132d,,,nnPU
nnPU/generated_geometries/replicate_088_geometry.rds,84285,cb44f071a13755ccdda43ebd10670b46,e58c47aa41578f989a503d5a9d1c1db3717a361aa93365c0a77fa7e0c81f8729,,,nnPU
nnPU/generated_geometries/replicate_089_geometry.rds,77540,adffa7308924c1dd1e72079c937eff6f,df176900fec0fb687e8d9373d27dc58afdac668e56e919ce8b05390d95499056,,,nnPU
nnPU/generated_geometries/replicate_090_geometry.rds,74046,15e1c0be49c7ba0c42c9deffd1846049,a09f39acfb950fb31fedfd7fabf6ca707a0aec6a98baf37649327602c059e534,,,nnPU
nnPU/generated_geometries/replicate_091_geometry.rds,73791,3250f2b552c00109d6a3bd042e93d0a4,63975731b10f630048cf7f77cac7c972af4b4fd389e4f35477b9f3b94d156a7d,,,nnPU
nnPU/generated_geometries/replicate_092_geometry.rds,74209,cf589c95d46927275c3713f25e963cc1,552c632151e37ab29a2ae1ce924f804ca2318a4c1f23ae2231d12f790a7e3cb0,,,nnPU
nnPU/generated_geometries/replicate_093_geometry.rds,74196,aadba9b28cc11a4899550af17079f680,591f8f06552c0f160edadb95235ab5a3e9618a2f16d2a27cb80a32754d4556e2,,,nnPU
nnPU/generated_geometries/replicate_094_geometry.rds,74389,1ca851ce1c5ff58f9e04965f49e877a9,f33d8275f4daa7d234b37379338ae66624f6b11b05d30d8734482d517889f245,,,nnPU
nnPU/generated_geometries/replicate_095_geometry.rds,74283,df924a94a08d17caef9816ef0248e504,c62c2a623ce301644481c7cf54aa643b27927f2b65db5865bbfed737ce0a3b93,,,nnPU
nnPU/generated_geometries/replicate_096_geometry.rds,93448,cb5eb73132bc0ebbad1a2633fb989f14,028d2a05579ee94892346df7ab074ddc689f82d98b5438a38edca883bc5a04e1,,,nnPU
nnPU/generated_geometries/replicate_097_geometry.rds,87464,920ee43369b84228648097f4a2871c40,95d8667807e8f134cf3dfd1fcb0bc2f35c8465ea9ae9e546dac29463c60fc400,,,nnPU
nnPU/generated_geometries/replicate_098_geometry.rds,74115,3da3f4fd2ff398a12cc6fbc7cbda3721,e596b8819b49cfba53e9a230d905c3732ea411dcf07530a2b82acaed7684fe57,,,nnPU
nnPU/generated_geometries/replicate_099_geometry.rds,74126,4f7477ef7f8db9f80497fc5453f7cd57,549ee822ab85cd964589019f7108cb817b03d528ce9a0c0114f2fc5b7f531330,,,nnPU
nnPU/generated_geometries/replicate_100_geometry.rds,90323,692f40cc175ad0ebc08e71131f0f6610,b4ed167d52e88188f5ce81e93e600770f30a0e8e0529d47eeeda0bdd6571ff2a,,,nnPU
nnPU/nnpu_FINAL_MAIN_TABLE_means.csv,774,d25f9df33a321d209f2389f2bbfbaa0a,6ffc1856c443abec94d04302ceda3baa91c42fc9a21530a4846a56557c284cd5,,,nnPU
nnPU/nnpu_FINAL_PAPER_TABLE_mean_SD.csv,672,31052fff2de8df56be81dfd50bf6f968,a1676a2b6fb7b4a2563a0228b57c628eba1bdb5b30cdd50c5ef1ebc9b27590c0,,,nnPU
nnPU/nnpu_all_node_probabilities.csv,21108601,acbf83e697d96dffccb64dab20fce5ec,3921c7b26365e653c59371d6fef394c22c335fccac96d46b51182b0ef0e20a43,,,nnPU
nnPU/nnpu_failure_log.csv,75,f9cea9f131ac5aca5bea2d251c006216,0629a6b5e1064a308a3a7043337e5621fdc3c7c9fa295e2af7c9c464413f8f7a,,,nnPU
nnPU/nnpu_geometry_summary.csv,20464,5501912ed688f06318e058709394a8a0,0a720362e6757d04c9018c0d58b7a601023d98a579d9568d379693ac4171e876,,,nnPU
nnPU/nnpu_metric_summary_long.csv,5094,4d31c745a483fa4dcd21b0d25c1e41b0,e2398028ed7ce657f9eb3e0d23be065b6362cd47ad7057b0fb9e3a3fe2c9dfa8,,,nnPU
nnPU/nnpu_metrics_by_replicate.csv,69706,dfac0523409b4d45b2a2c4cf17f88905,213483df5352170d25f2c6ddcf999135281f3fe92d88e3edf6ef032a017f1aea,,,nnPU
nnPU/nnpu_modularity_summary.csv,11023,3d2cc7b2af21fcec6e3652d80b7eb4c1,ee610a0ab7fed5ea54e018ca5c574979d582b43a1446e244a30a5e74f2db7c11,,,nnPU
nnPU/nnpu_simulation_run_config.rds,3861,18956a953db6757c280cc3f622696029,661f43c3c602b4b21295adab542112de2ef99b1a8caa6cd9f3fe190c9a072f1c,,,nnPU
nnPU/nnpu_simulation_seed_table.csv,4983,03f13bcc9188eaf699591e0ab01e9427,79b2cacf041d100456d1dfe7a9eb6dea595a3d6a6f709830ec6eacf901fc01c8,,,nnPU
nnPU/nnpu_training_diagnostics.csv,82561,8743d0fa80c26c431f92261d5109e69f,9108c963e39ff84bd0b018ab3d6de2a266f7304c9e8bda491230567aa4584eef,,,nnPU
nnPU/replicate_checkpoints/replicate_001.rds,585760,89ee345b9fc68b02ce69bbbbff247ee7,edf8f1cde61eb359fe9fe414efb1ab7ff61ad1cc7d28f045da87cbd8c7adf007,,,nnPU
nnPU/replicate_checkpoints/replicate_002.rds,587007,7e7cfe554154613a29618ba618a51137,5c187a25af837c3ab927858e44617311dc9ff417d0a598ea4f6d6a522fe98917,,,nnPU
nnPU/replicate_checkpoints/replicate_003.rds,592871,08a08949e6e43dee33fa150cdc6e0b78,aeba11d3b7845309b68b21ccbef0f2c8c784795aeea17844553a7fa13e58ad87,,,nnPU
nnPU/replicate_checkpoints/replicate_004.rds,592878,80f24d7b740d1c23dd21520f750f7a1b,51e20af7da3cf5a6951274b088778313075a04c214ae6d984f7e77a8f87f27bd,,,nnPU
nnPU/replicate_checkpoints/replicate_005.rds,581918,61017a27a314d3653d23a79689b98cd7,90e0c9a7f368c0340d950ff646df36c6c99b7086e5866ba7ffcda01a6474733a,,,nnPU
nnPU/replicate_checkpoints/replicate_006.rds,591046,788e34836c6b8db9907aa1e8e7c3df51,18b1b63efc655f7ce4364746c5a4bdea7467d250371d7756adb183c7e23c7695,,,nnPU
nnPU/replicate_checkpoints/replicate_007.rds,580432,d1586527fd99a7e39c8af76850f5c8dd,645a6bb173a24a5821c4509177a39d911ee44fab652d399e4db4415d1209c9ce,,,nnPU
nnPU/replicate_checkpoints/replicate_008.rds,592256,0cb2a5aa8dc5dd3ecb27f5f229f8ecb1,67baef666dd8b8c6f6f07d87d7b29cdc1a9910cedeb6c1396b331007778b9d3f,,,nnPU
nnPU/replicate_checkpoints/replicate_009.rds,590943,727a11c668442004dd99d5ba29781a11,24e7f13f4fa6feba05ad7cf20255d2e5f2ee783e726641caad0e8a787d468da8,,,nnPU
nnPU/replicate_checkpoints/replicate_010.rds,591844,ae4a020ad20c49f89d02f57888e1afa8,8fb25b0e588f15991d3e5a5dcf4c2bd613a25946d8a3eb04293b7eb28077debc,,,nnPU
nnPU/replicate_checkpoints/replicate_011.rds,588560,8ff633482803b2cfd0a08f60d41a67c3,48ff03c3f2e10e338f165659106c0df1bc127f97d1b9160948b34025a25cb52e,,,nnPU
nnPU/replicate_checkpoints/replicate_012.rds,583264,4a70f5e0917b3785e0b9318f27deaba4,e8a737aaeb3aa56a7d7573a1d77c2e549261994f83b054d40e8356cc1cffce8f,,,nnPU
nnPU/replicate_checkpoints/replicate_013.rds,576094,3d4e828045e9f410bca911177d02a5b9,3e5a035689650663cb5aaf8844f3648d73efa1e25005f183c5d3c48ce5f358b1,,,nnPU
nnPU/replicate_checkpoints/replicate_014.rds,581951,81ed0372ce55cbde52c5dbb11bd3fe9c,93ab5c4d113768b70597e08f2a1b2305714ede7d61db960680942555976de979,,,nnPU
nnPU/replicate_checkpoints/replicate_015.rds,593021,9ec89fcb280ea4dd33b1079198a71ecb,b103d2297b3cf4b35b809af8c2da06c1ae5a2e79089c8981885e1094e2b43260,,,nnPU
nnPU/replicate_checkpoints/replicate_016.rds,588674,c17c9731fc352c88794914069462909d,4439885e4d4db4dbb3321029a628b4045f7edb7c7507e71504652f7eeb8cc4b6,,,nnPU
nnPU/replicate_checkpoints/replicate_017.rds,588231,d830fb2b141b139aeb9f97286d01469a,02ad6c506ee1e6ed2a04e3d6fe9496fe80881c6c2778b937726153ecd9a5ade1,,,nnPU
nnPU/replicate_checkpoints/replicate_018.rds,595360,7e8a8ee01cc0694ba1fe16a4a7224a97,dc6998d388feba4b49768d855a49909f69fa9bdf238eabd48d8a22e69b9a25d1,,,nnPU
nnPU/replicate_checkpoints/replicate_019.rds,594067,3f32480b8a35e2a1d3743d1bf38d40be,7001384b7a03ddb39efef04225f29710e8616922cbb6c50bf7a06720b2c227dc,,,nnPU
nnPU/replicate_checkpoints/replicate_020.rds,587408,74bdec7c297beb7120d0797c8a028a03,6ba4bdba0d1d1505da0650d5c55d2bf842236ecc60446a82f173c1d565c2ca45,,,nnPU
nnPU/replicate_checkpoints/replicate_021.rds,594232,55c2e06dfe6e62387946011c84379c48,daf00d757565d1e9c4c88b41693218db1fd3e99b136fc67caa67e4e41c4ba170,,,nnPU
nnPU/replicate_checkpoints/replicate_022.rds,591956,904520217805b6b76a1bddb71d50a282,5204a87ed73d805ca16b677844c4112d5e3ec1c3b6b433c953497d403d563034,,,nnPU
nnPU/replicate_checkpoints/replicate_023.rds,591435,890a41fcb576dc5dd862b5bfdab21fbb,f621699138c6b66e861d55b35ee1d1fdc75de2d25f4d1ee53b91acad839ddfec,,,nnPU
nnPU/replicate_checkpoints/replicate_024.rds,586652,3aa97faeea1e3c5ce1e60b8cdd017ea3,456cebefae07a041612e937c652f7c9c9b16f653c66d17c69229491a474ae4a6,,,nnPU
nnPU/replicate_checkpoints/replicate_025.rds,585354,5d051fba8c96d5463b13dc992437f579,a9aec7e78805ccd35e5678a1dadcf358a21410249ab7155239df79c3025688a1,,,nnPU
nnPU/replicate_checkpoints/replicate_026.rds,590174,aa7f6797a70e61229158729d9ef7be9e,7c498b6a774fd04720803d3448168dde7ce57455237d6db78a4b19de3c7283b8,,,nnPU
nnPU/replicate_checkpoints/replicate_027.rds,590177,6721bbdc87fa5c39580c1fec5c247bc8,38a153e533aa4572881d07b27d0f5668ec4a531156e633a68b63fe74c4909561,,,nnPU
nnPU/replicate_checkpoints/replicate_028.rds,591785,0c420f30bab08c3b9ea705b722ea5115,6f837f0bce24dfeb99923297a806c92e9c3e7843f67c2601e6044d45126132e3,,,nnPU
nnPU/replicate_checkpoints/replicate_029.rds,593140,ab0fd4080e109843a127dc6ac7705f62,3969db6950c5f6976e7546f62d9ebadf3e312ae55577be5b28b547ff7051ce8b,,,nnPU
nnPU/replicate_checkpoints/replicate_030.rds,589300,58b3ddbcdbafc531ad1f2df321c86301,1fe41e93a54f32156b5b60d1abf201eaf84d2ec3b7d99a029203d19358f8633a,,,nnPU
nnPU/replicate_checkpoints/replicate_031.rds,591925,bbbc887453771e9d1c5d00fdd2722108,2a9af0a2d8731c3496a0802141d7a55844a109ebb179b1e71ccb6a3c0d0bbbe9,,,nnPU
nnPU/replicate_checkpoints/replicate_032.rds,585974,7052a48490fc05ac4eea3ef7aca5556d,4f330558f6cc5c4d62c2c99f6493d51da0765e60fa87d380f234162a155ea9b3,,,nnPU
nnPU/replicate_checkpoints/replicate_033.rds,596431,061a879ace9cbf3ff9e9b0319343c25c,e8a15782c12af5c9f0627878a2abbaa771d403dfb88e09f7cb5e5bad31dce401,,,nnPU
nnPU/replicate_checkpoints/replicate_034.rds,582475,0fd2020979da6e38b42793e92faed389,c8fde46906d4e526d7db10ab9b1daaac13f593ec39baa547ae3e5bd8a2ef1f16,,,nnPU
nnPU/replicate_checkpoints/replicate_035.rds,592033,e5042a80335ae26d67e67f348b402312,8bf35145f5f88f6e0c901e37f17dfe63847def29b3d6d98d4ea133af7f55e763,,,nnPU
nnPU/replicate_checkpoints/replicate_036.rds,589048,3d0cba6d760a6e9deb1b511e0c030b7b,a9a00447479d16b1bdbb35b0c26e42350c35d7bcf4d1e07b5a23577adea0fef1,,,nnPU
nnPU/replicate_checkpoints/replicate_037.rds,589858,d7a18959acecd18cd55586f0579d5a58,93db647d9237fee698ab5378e87dbf77571e360aec61fa88ba86f2fcaa108d6d,,,nnPU
nnPU/replicate_checkpoints/replicate_038.rds,590758,973c472465b8c38bfe17b831772c4fd3,539906dbad1bf5ba795340e09e79d1f042bec412ba2894715afbc173aae21641,,,nnPU
nnPU/replicate_checkpoints/replicate_039.rds,587884,dfdf3d9ef664f67f886cecd6c3ab0dbe,4d2f0218864577d860dda7874d41a0c554d87097ef349df0b35edcaa11d93f6b,,,nnPU
nnPU/replicate_checkpoints/replicate_040.rds,583412,cf6bcc753487fafe17606d8f63553e31,1639d9e7dc9c61d386b03e66cdf26e354ffb1b91506067e345183506c384a085,,,nnPU
nnPU/replicate_checkpoints/replicate_041.rds,588672,fa35869f22263bb22305a651072ff045,55af4dca0ca84383dc016653d2254a1b95fd4e7085ac185413f94aeca09a34fd,,,nnPU
nnPU/replicate_checkpoints/replicate_042.rds,590282,dc07ebcf0c563e8fab36ac44e0b51c6d,39905a2739e0172045a425f32bd8db3b441770c0e803dcff413e225e740db792,,,nnPU
nnPU/replicate_checkpoints/replicate_043.rds,587530,ca01b6d66b6185a39a89e897818a5f39,34a70ff63623542e7560c8221c1c0f58e6af47a5ee48ab4ed73f631121cc4048,,,nnPU
nnPU/replicate_checkpoints/replicate_044.rds,589736,00fb668d6ffd70c4f521afc8ea9446e2,e054e89ab78c5a2b138e3d8ad1ee5c57118f3392f71af2cf5d4e20123c981785,,,nnPU
nnPU/replicate_checkpoints/replicate_045.rds,591166,daebbd49d19aa58766a9973be8ea2d99,a853b04262c0110ecbf4dc44c48996e9b510dc624fd7197599dc7b4151cbdf9b,,,nnPU
nnPU/replicate_checkpoints/replicate_046.rds,590494,167155e6eff663bf63f044998a30a817,908f800cf461a12cc470203a643b3c789ec4090488d4a5f4d74247fb8ab726b6,,,nnPU
nnPU/replicate_checkpoints/replicate_047.rds,577211,d0f014a063847c50e1f6c898cda57a0f,6ea0a03be5dd6171ade5feaa4e29fb6b4cb28741ccf874e0a64f0c6c711f1917,,,nnPU
nnPU/replicate_checkpoints/replicate_048.rds,591357,0b4d6250939523deb7de92b924ce5cc8,dd95f80a99688fc8e3b9677fc75a68a1c0b13167a6e576dc8cc7f4620d3cda39,,,nnPU
nnPU/replicate_checkpoints/replicate_049.rds,581800,7d6ee16a67a0ac4a94d9badbc09b6c69,fe953f8d807241bbc4e89a436f394fe49b23e1b2636ea1be607f5bd3c4d8edda,,,nnPU
nnPU/replicate_checkpoints/replicate_050.rds,580835,d660ddea806e2092d497d17c8c57aaed,7476e102c459bee5583cee66215412845e3852fd096493af905ce3e57088e9ec,,,nnPU
nnPU/replicate_checkpoints/replicate_051.rds,591055,47eed8814b999feb18e6a7fd3af8b89c,5aaf70818bf3b24942117ec97942495dfe69f56d77c64dde39d34a35278a38df,,,nnPU
nnPU/replicate_checkpoints/replicate_052.rds,595134,a8ac8c8fe9b0d85840b02e635c940f6c,beea732cda7ed20ddbaf66bf1997869a721d3453518abf7d7675b4ddc01da5df,,,nnPU
nnPU/replicate_checkpoints/replicate_053.rds,581102,7f10dcabf8d507f43a143a9bbc31423e,4926e591a1b9c50372a2954e2d3ac4c508e348cea98a2d864f268924d0a3230d,,,nnPU
nnPU/replicate_checkpoints/replicate_054.rds,590578,c2225d6b6a9da1eb32dc2dc6583bf5cc,142bb989fbc8aaf9145ac768ac06031fa41ee52412ada2bc38b99aaf8cccb61c,,,nnPU
nnPU/replicate_checkpoints/replicate_055.rds,587715,bd266176ddf2148c3f70e42fbe073316,17e7c5018c271dd4d00932f0b6c4081262be968d0df6b18f0f7f42179d684119,,,nnPU
nnPU/replicate_checkpoints/replicate_056.rds,591929,7de68bf780c651ca0bf5c1b2c0f81163,6bf6b31ce063b3cff72cce187362e10fb6a1fd27422ec0f65bcbba6d3f611f28,,,nnPU
nnPU/replicate_checkpoints/replicate_057.rds,587673,43b52528926634e5c33422cf68988471,340b3b0f02984524fbf96faeaae07c3bce23973378f59aac4f62d59b9fde8cc9,,,nnPU
nnPU/replicate_checkpoints/replicate_058.rds,592636,6d8a5c78f3f4aedd035d47a999db35cd,7fb611163ff72886a9b77b60d475a09267ce70f514142c2b631ef3bfb4a59878,,,nnPU
nnPU/replicate_checkpoints/replicate_059.rds,594743,82f5f64e9c0aa2b82579072f09ee8252,2db52cbc961cd9a43dd3941844321bcc31b130d5068a94479c42ec282305f4a5,,,nnPU
nnPU/replicate_checkpoints/replicate_060.rds,582507,877b098ca939adea7758d5180b3370ca,b136bf0bcf722f6cba72fb12e45cd56098ed97acc42b0ae780e1ab917c69af13,,,nnPU
nnPU/replicate_checkpoints/replicate_061.rds,591628,819398c90a806dbaf70ecea76e72eac8,d3d527c1936c23816e7b1214896edd42796ddc56ef9c1a0ab65b5670c3de59fb,,,nnPU
nnPU/replicate_checkpoints/replicate_062.rds,589383,9245288ccc32504a4d4189adb8d58a29,9ada362e1cfa04af507fbd17fad3e9579baeadcf71cd5b2dd03efd61485c4f53,,,nnPU
nnPU/replicate_checkpoints/replicate_063.rds,585038,3d892f8567cdecbca1e8e63db4a7aea5,56c5d6f512705e60666735cefd9938f66d6a4786bcd9e6c0c850c1caf4533a40,,,nnPU
nnPU/replicate_checkpoints/replicate_064.rds,595134,5fc8e7b625143c04b821d51b5be4dc95,7dc229abb1c4d64415c577223baa1b84fc7866b8171faadfd0a9289ec19a9b89,,,nnPU
nnPU/replicate_checkpoints/replicate_065.rds,593277,51d295107ff79586779f23705ed2634f,6303c932bee221beaa75869cd8b025dd8f77d590d8adc6e19267821701ea6f02,,,nnPU
nnPU/replicate_checkpoints/replicate_066.rds,587255,3c7d3304de1ba2a65cca2c4de9b6f6ea,33ed562b7a656fa805696b02f2ee74bb427fcc911a39dd52cbb54ba22f779009,,,nnPU
nnPU/replicate_checkpoints/replicate_067.rds,589564,961962a0d07e6c0f784367e4ba9939b8,b4a03b9fc2e8f7cf736e859a3a2379188be569dc8fedc7bc13b347c1b48ee7c5,,,nnPU
nnPU/replicate_checkpoints/replicate_068.rds,591312,09535122ab12ee87c3f7b375a2462408,8a089894ae01ce6ada337f46273fbb4a36a120b44189e3e35ff660db4695871d,,,nnPU
nnPU/replicate_checkpoints/replicate_069.rds,582502,5077931b3b576649a1f6c6251e0c473a,7a3a0bdfc4209cc5c87a03d0df13889e92f9536ef6a880898db8a7183ffb80d7,,,nnPU
nnPU/replicate_checkpoints/replicate_070.rds,585706,8fc9ad0a8b0ef51078fa5223df2d922a,4caf9cc6c1f61b882ba641ae81f89e6c31a333dd18fbaa2b2ce61c59fd3257a7,,,nnPU
nnPU/replicate_checkpoints/replicate_071.rds,589173,2bedddc4eb5b935baee8cece7733d4ad,38f91aadf6874b318d7263664a96eb76d51bc9bbf48ee90de5e1daea56bb9284,,,nnPU
nnPU/replicate_checkpoints/replicate_072.rds,589382,39dd00393d040dcad967e6308594024d,419477e1427c4a494a09a303420d03ddeba7412ee2348c3c40a7165f132cd371,,,nnPU
nnPU/replicate_checkpoints/replicate_073.rds,591705,956c8476bd37a7d40b57c958868e3f6e,8e8d679b51caecb19890869ca8c04008d3e388e8d73ea3c3fc298318a35429c8,,,nnPU
nnPU/replicate_checkpoints/replicate_074.rds,595153,f6b045ac9279e912b38898cac011333a,18ab5a1391a8f99111b8878fe0134d3194e1d27e8722fdd919596b91c5a3d422,,,nnPU
nnPU/replicate_checkpoints/replicate_075.rds,579419,433cd7c8e625d1313d8a1498232fa893,3964550109bbaaad63261841af7346d7fc928f21c70eaae9c0e478a90a7680a4,,,nnPU
nnPU/replicate_checkpoints/replicate_076.rds,592655,066528ecdf84b2a0b139058851ec1c80,87e6377caeb6029919562e4f12746fccaffd2203794af7526c3a55c3bec775a5,,,nnPU
nnPU/replicate_checkpoints/replicate_077.rds,591652,f6dac8f355f6ab0e83d88f07a63d46b7,3844b0e60d68d7eae35734a9ff954815e5790a1b5891a00f56f9a24a3bd0a82d,,,nnPU
nnPU/replicate_checkpoints/replicate_078.rds,603352,b6de2293c7ecd2d922c78055b6407c23,d60147ff4e9b42bbdc0e1fab85dbe2e61802bfbac4e58ea421682e57081e21b9,,,nnPU
nnPU/replicate_checkpoints/replicate_079.rds,587437,bf0e0609c1453e41c6286da32bdeb774,13c8bf77bb7b18a9af070e6dbd569d9b7bb68e6dad7762362f82f4c7a2fab619,,,nnPU
nnPU/replicate_checkpoints/replicate_080.rds,591076,a7630f5068fe8b0ce8e7ca00e5a25485,ae2d62841857d4e8f751c932659de28928e251bb1fb80c16519c0e976f414e90,,,nnPU
nnPU/replicate_checkpoints/replicate_081.rds,594477,ca2cb04cb11c06b6988acbff1c200db9,cf5065eb2b4c88ae46469b7e5406693f5767c6868505d42761449c7da8362e2e,,,nnPU
nnPU/replicate_checkpoints/replicate_082.rds,584620,a430a6c5e55d2600cb4e064992ec339c,4f2b946e6ebd39accba8700b7c14c78cd53a190bdaf645518a93ca14909eb5e1,,,nnPU
nnPU/replicate_checkpoints/replicate_083.rds,599025,5ff41e54af547aa1637fa201d413384a,e16656489510de9eacb2813163c1cbf0dfd0c10aee84b93e10b380fe73cae4d5,,,nnPU
nnPU/replicate_checkpoints/replicate_084.rds,585553,3a2df04262feaa7ed176149d67870019,06cf9c58790d28202a01c1b1b47aa4ae2b7dde40894e1a7a9c91d9fd41c4e9de,,,nnPU
nnPU/replicate_checkpoints/replicate_085.rds,583750,d18521225a8146aedd2f318927c4b9e2,586e79f2a1dbbe30d4eec78bbc70db40a4b22b421bc66d4e2fbc0b2d563617db,,,nnPU
nnPU/replicate_checkpoints/replicate_086.rds,592463,28eb19c02a3e77a5032dc4c7f10f7cd2,89bd063b793a7c75254784bed1811cc2c7ab6d9d1af23c8579c894e5b2f53439,,,nnPU
nnPU/replicate_checkpoints/replicate_087.rds,582678,21b65b79d4b5ea1ddc8cd7c82646d9e0,89a5f9a5fb5262018989dd42d13142ff78182b266e0cb088ab054814d517dc5a,,,nnPU
nnPU/replicate_checkpoints/replicate_088.rds,601978,7ccfce1885fe5600df91bfefb132d6d1,9c21c943974f771ac2b30222f33eaddb97e0c5675ee2b56f0d686cb40020e01e,,,nnPU
nnPU/replicate_checkpoints/replicate_089.rds,591419,2557f2718a9398cbbae60cc059742147,79cd6850e20a094aee3c9fca98468cab1b4e569b84c9e40f5d80df75444aabd9,,,nnPU
nnPU/replicate_checkpoints/replicate_090.rds,591137,eab948376c48fa4e6b2bbc5859070455,021fa3005dd1d364235c05990c670261893426e5e5b9a732809df3eedfae6641,,,nnPU
nnPU/replicate_checkpoints/replicate_091.rds,584324,bd451c3f4febd376f916721a239e9cef,0b4f66965e923f8fc39ed3c8ffa1d8836109199dcae2c70c165ad0c7d7b33921,,,nnPU
nnPU/replicate_checkpoints/replicate_092.rds,592241,0b9a05b423ed196185e93c7461c2d23f,ea17c8f35c2ad940469edf955c8eb4df11d3574a2ae8992c910cfbddb28b393c,,,nnPU
nnPU/replicate_checkpoints/replicate_093.rds,594035,c38a6d493c98492b572a0856d6fc8382,426cd2197afb97c463d948c3959c29ced3a690ca13b3c01716e5d2a9eb492a58,,,nnPU
nnPU/replicate_checkpoints/replicate_094.rds,592962,6626bfc3a7488db083394b0443f91734,64887132f26c63d252dfc8166ac02e437a2758fd410e233ac33ce5eddf533715,,,nnPU
nnPU/replicate_checkpoints/replicate_095.rds,592173,274c4cf7f48d3a919cf74ee632490ecc,19bbb0f92bc30f441618949ba22bb261fad52cbd090acd8acc11fc5ac792dd01,,,nnPU
nnPU/replicate_checkpoints/replicate_096.rds,596747,1bd27961377378965829bd43cbae28f4,18ae4e1fd55aca7c8bf07f01d3ea870b36b9ba3db746774d1bab04b341f8b8b4,,,nnPU
nnPU/replicate_checkpoints/replicate_097.rds,595807,aaec347c737dad9821c17297fc17de90,30cb487a33645adae66db0f4bcb18cd43a0dff75693fa68e15fd891f9ae29f5b,,,nnPU
nnPU/replicate_checkpoints/replicate_098.rds,591786,dc01ebe198433c2d2948d0505ec8bfd4,51a34d3d83b30d579e312d1ef68a6087883b1dfc68b738ab0e6a0147f196125e,,,nnPU
nnPU/replicate_checkpoints/replicate_099.rds,588905,ca08b1ec3f2965938e9399ac00d9d3ca,8381f6bb31b8560badbcd305df452a94031d0435750e0811b2127680e8d1a852,,,nnPU
nnPU/replicate_checkpoints/replicate_100.rds,590279,491858133960f499eb13408ff33656e1,d5cc9bc586858128fb12d93094c0a054cfa19bb433df5017bc5e824395f3c686,,,nnPU
nnPU/sessionInfo_simulation_nnpu.txt,2293,fe394f11cf4a27be836601a0645dd3dc,31f125902b7934470039020e7f24609a81a48a5480e1af5f3b9b1b17398c3fa7,,,nnPU
