file,bytes,md5,sha256,original_zip,original_file
.gitattributes,8,d3d04ac1b5897688b0d97abfd135aefa,705fd4d6451a31d36b3df7de96f83f30ac976c9b4a6d1e51671d8e2f33e2d0da,,
Bayesian_linear/Bayesian_linear_FINAL_MAIN_TABLE_means.csv,1728,9bf3c483d304de968f46ddafff0c1044,1a9e4711a795ca1bae7641e11e581dad971dcc5342b06403efe0dd8dbc47022a,SIMULATION_100_BAYESIAN_LINEAR_LINEAR_GAUSSIAN_SBM_SCAR_MIXED_SIGNAL_5_PILOTS.zip,Bayesian_linear/Bayesian_linear_FINAL_MAIN_TABLE_means.csv
Bayesian_linear/Bayesian_linear_FINAL_PAPER_TABLE_mean_SD.csv,1484,8c748958d6009462520554a13d0c13d5,5bb2363d129969414b7e9af509c9c1197c672243a9a05484835728bd551fdccd,SIMULATION_100_BAYESIAN_LINEAR_LINEAR_GAUSSIAN_SBM_SCAR_MIXED_SIGNAL_5_PILOTS.zip,Bayesian_linear/Bayesian_linear_FINAL_PAPER_TABLE_mean_SD.csv
Bayesian_linear/Bayesian_linear_additional_diagnostic_summary.csv,5272,3acbde3d4ac5f6cf298253f4306b70e9,e651c64fd4bc80211ecc5e681b93fad824c6a5d7c6a9999e1dd5e3755d59d43c,SIMULATION_100_BAYESIAN_LINEAR_LINEAR_GAUSSIAN_SBM_SCAR_MIXED_SIGNAL_5_PILOTS.zip,Bayesian_linear/Bayesian_linear_additional_diagnostic_summary.csv
Bayesian_linear/Bayesian_linear_all_node_probabilities.csv,34392417,8bc29566c63ccfeaa7b04aab5150fa2e,566c03763179cbab089cd16a2f8e9190a39f652fac7ae40bfa21f47465fa2303,SIMULATION_100_BAYESIAN_LINEAR_LINEAR_GAUSSIAN_SBM_SCAR_MIXED_SIGNAL_5_PILOTS.zip,Bayesian_linear/Bayesian_linear_all_node_probabilities.csv
Bayesian_linear/Bayesian_linear_failure_log.csv,75,415762f6f66023fe900ed436193d8177,60663936722ba4f3844c53a264aa9a5abee70d0b3de51c9e713756443deae104,SIMULATION_100_BAYESIAN_LINEAR_LINEAR_GAUSSIAN_SBM_SCAR_MIXED_SIGNAL_5_PILOTS.zip,Bayesian_linear/Bayesian_linear_failure_log.csv
Bayesian_linear/Bayesian_linear_geometry_summary.csv,40401,e80b584c9b23158cffa2aabb1a219852,d28664260ac86f1bdc6470ce26b826796e3999e3365c9b415efa998610ea53f3,SIMULATION_100_BAYESIAN_LINEAR_LINEAR_GAUSSIAN_SBM_SCAR_MIXED_SIGNAL_5_PILOTS.zip,Bayesian_linear/Bayesian_linear_geometry_summary.csv
Bayesian_linear/Bayesian_linear_metric_summary_long.csv,16921,a935a4f3fcdf16fd0ff7d838918c95e9,58a9a3b31bfab18af32adf84040f81a9f6e5040c6087a163aea2f34c3a135530,SIMULATION_100_BAYESIAN_LINEAR_LINEAR_GAUSSIAN_SBM_SCAR_MIXED_SIGNAL_5_PILOTS.zip,Bayesian_linear/Bayesian_linear_metric_summary_long.csv
Bayesian_linear/Bayesian_linear_metrics_by_replicate.csv,205585,4f754ee37ed5e7cce7dc8ffd52d9df01,d7062d6d5d6ed915395c1bc8c9102b76faa5f7c8815e84f291cf784b252809a5,SIMULATION_100_BAYESIAN_LINEAR_LINEAR_GAUSSIAN_SBM_SCAR_MIXED_SIGNAL_5_PILOTS.zip,Bayesian_linear/Bayesian_linear_metrics_by_replicate.csv
Bayesian_linear/Bayesian_linear_modularity_summary.csv,15123,2e29098f1ac6e03e5b0979f49415edc0,c10b59ddc66a8569af71d7e16b331a9a43166ffce6297511f26430cbb7419a54,SIMULATION_100_BAYESIAN_LINEAR_LINEAR_GAUSSIAN_SBM_SCAR_MIXED_SIGNAL_5_PILOTS.zip,Bayesian_linear/Bayesian_linear_modularity_summary.csv
Bayesian_linear/Bayesian_linear_run_config.rds,3525,05514c0917642fe5ab188b0c9297edb5,0247ae68bc10b1e09dca91507a2920addcf165b92b199bc5b64d946313187184,SIMULATION_100_BAYESIAN_LINEAR_LINEAR_GAUSSIAN_SBM_SCAR_MIXED_SIGNAL_5_PILOTS.zip,Bayesian_linear/Bayesian_linear_run_config.rds
Bayesian_linear/Bayesian_linear_uncertainty_metrics_80_95.csv,840,c2ad281642ae1b19c4c24b7987f1aa6d,5c4c05997a697801d4c49ab8f946acf9146bce8d3508374a76f5d691c4a5c0ab,SIMULATION_100_BAYESIAN_LINEAR_LINEAR_GAUSSIAN_SBM_SCAR_MIXED_SIGNAL_5_PILOTS.zip,Bayesian_linear/Bayesian_linear_uncertainty_metrics_80_95.csv
Bayesian_linear/global_pilot_calibration_5_datasets.rds,5345,337cd4a286eb25f1b9fab7a0da1c0556,902a196fc376aa3db7541f05aaefdb37d5e70de8089780d71adb8a814f35f657,SIMULATION_100_BAYESIAN_LINEAR_LINEAR_GAUSSIAN_SBM_SCAR_MIXED_SIGNAL_5_PILOTS.zip,Bayesian_linear/global_pilot_calibration_5_datasets.rds
Bayesian_linear/global_pilot_calibration_distribution_summary.csv,8617,c04d0928a3a62ec8eb78ce7f8b5d2691,98fbd8f55b5aa49567d203e6bbe1783926ac061c96f28c22a896700af0ed369f,SIMULATION_100_BAYESIAN_LINEAR_LINEAR_GAUSSIAN_SBM_SCAR_MIXED_SIGNAL_5_PILOTS.zip,Bayesian_linear/global_pilot_calibration_distribution_summary.csv
Bayesian_linear/global_pilot_calibration_per_pilot_summary.csv,2618,10a773a65f21672de507a49746446662,787f981d1cd4365e3147238de62bb5594cb1b5375ef88bfdd3df0d90758665a8,SIMULATION_100_BAYESIAN_LINEAR_LINEAR_GAUSSIAN_SBM_SCAR_MIXED_SIGNAL_5_PILOTS.zip,Bayesian_linear/global_pilot_calibration_per_pilot_summary.csv
Bayesian_linear/pilot_checkpoints/pilot_01_cov.rds,496108,588a2c2294620881d5934bcc328b203c,4cf2193b5e62b80cb863be37410d51a44e9b2071ff99e83732bf5d9c820b1040,SIMULATION_100_BAYESIAN_LINEAR_LINEAR_GAUSSIAN_SBM_SCAR_MIXED_SIGNAL_5_PILOTS.zip,Bayesian_linear/pilot_checkpoints/pilot_01_cov.rds
Bayesian_linear/pilot_checkpoints/pilot_01_cov_net.rds,915463,d4f956b9e689da3a9a2e4c909d844866,142723f55ba863ccd959ce225f0d736ac27be985f837fd83304a1181c2f31c36,SIMULATION_100_BAYESIAN_LINEAR_LINEAR_GAUSSIAN_SBM_SCAR_MIXED_SIGNAL_5_PILOTS.zip,Bayesian_linear/pilot_checkpoints/pilot_01_cov_net.rds
Bayesian_linear/pilot_checkpoints/pilot_01_cov_net_pu.rds,953556,0fa31d11fc77fabecc920866f969ea69,6e49fe3687b9e46c9f69964efba0e4f0d829c2f2d97524be20c6839cacc0497b,SIMULATION_100_BAYESIAN_LINEAR_LINEAR_GAUSSIAN_SBM_SCAR_MIXED_SIGNAL_5_PILOTS.zip,Bayesian_linear/pilot_checkpoints/pilot_01_cov_net_pu.rds
Bayesian_linear/pilot_checkpoints/pilot_01_cov_pu.rds,534661,d67646943329d24e9524c6469d365c4b,f8259af9553e2d3633e9afd59641c5d14921e1cf204c52f7044f1a51dd3d3c13,SIMULATION_100_BAYESIAN_LINEAR_LINEAR_GAUSSIAN_SBM_SCAR_MIXED_SIGNAL_5_PILOTS.zip,Bayesian_linear/pilot_checkpoints/pilot_01_cov_pu.rds
Bayesian_linear/pilot_checkpoints/pilot_02_cov.rds,493420,2d94eb0e9075575568ddcce16a44f8ee,cc433de26fc8fc233bd0739d9656ff9d698c4e432916aaa2f1b946400223232f,SIMULATION_100_BAYESIAN_LINEAR_LINEAR_GAUSSIAN_SBM_SCAR_MIXED_SIGNAL_5_PILOTS.zip,Bayesian_linear/pilot_checkpoints/pilot_02_cov.rds
Bayesian_linear/pilot_checkpoints/pilot_02_cov_net.rds,646365,301abcabf8d6773f8c23316f38aeb289,bf42fff763f59afaf18b62c4c6d75b998f83ad88fd93baf80af3e98ee8971e71,SIMULATION_100_BAYESIAN_LINEAR_LINEAR_GAUSSIAN_SBM_SCAR_MIXED_SIGNAL_5_PILOTS.zip,Bayesian_linear/pilot_checkpoints/pilot_02_cov_net.rds
Bayesian_linear/pilot_checkpoints/pilot_02_cov_net_pu.rds,684910,cab27e755ddf4fec4cdb00530ce4e63d,cdcb4b8b01410289a1f54c7e1c20bc65b4e99decc6f1f27e4f67c74bd77c8535,SIMULATION_100_BAYESIAN_LINEAR_LINEAR_GAUSSIAN_SBM_SCAR_MIXED_SIGNAL_5_PILOTS.zip,Bayesian_linear/pilot_checkpoints/pilot_02_cov_net_pu.rds
Bayesian_linear/pilot_checkpoints/pilot_02_cov_pu.rds,531932,002effed216b898e3bd31516d354d6a9,a6cc08c1b02bc09553b8463980d723e0cf5e0b38b744ebbe96c312aaf2f2f6e7,SIMULATION_100_BAYESIAN_LINEAR_LINEAR_GAUSSIAN_SBM_SCAR_MIXED_SIGNAL_5_PILOTS.zip,Bayesian_linear/pilot_checkpoints/pilot_02_cov_pu.rds
Bayesian_linear/pilot_checkpoints/pilot_03_cov.rds,494957,90bd92b6d6eca663942f455a8cc6f0f1,1281ef097c06acd6e5fe42cc2f40a3dafccd21bcb72c55000dc89febe0497c48,SIMULATION_100_BAYESIAN_LINEAR_LINEAR_GAUSSIAN_SBM_SCAR_MIXED_SIGNAL_5_PILOTS.zip,Bayesian_linear/pilot_checkpoints/pilot_03_cov.rds
Bayesian_linear/pilot_checkpoints/pilot_03_cov_net.rds,609705,5abf263b6a094eeb16f28e9b63149e21,cc32a0e23e09ce694e50cfa45003e49199677b75f8e2652e90cc7cab6b1706aa,SIMULATION_100_BAYESIAN_LINEAR_LINEAR_GAUSSIAN_SBM_SCAR_MIXED_SIGNAL_5_PILOTS.zip,Bayesian_linear/pilot_checkpoints/pilot_03_cov_net.rds
Bayesian_linear/pilot_checkpoints/pilot_03_cov_net_pu.rds,647834,13a8de7d5d25814631cad4022ae3de1e,96c9ec6bfe18bb038a5fddea5d220d885e763dc2308582ed48be6f1c76f3f2b4,SIMULATION_100_BAYESIAN_LINEAR_LINEAR_GAUSSIAN_SBM_SCAR_MIXED_SIGNAL_5_PILOTS.zip,Bayesian_linear/pilot_checkpoints/pilot_03_cov_net_pu.rds
Bayesian_linear/pilot_checkpoints/pilot_03_cov_pu.rds,533452,1e37c79e696ed55384b14fa8f9ce008a,ebf7cda6fd41fd78b7cc054d7e2852cca08b8796ed00849f613a9575a0490fb3,SIMULATION_100_BAYESIAN_LINEAR_LINEAR_GAUSSIAN_SBM_SCAR_MIXED_SIGNAL_5_PILOTS.zip,Bayesian_linear/pilot_checkpoints/pilot_03_cov_pu.rds
Bayesian_linear/pilot_checkpoints/pilot_04_cov.rds,495776,153c2721d277c53031ec862f53451d7b,bce6e5b1cac033e2d5555707a59afb8c9e0b8f28109b64b02e45b6a2fffcd050,SIMULATION_100_BAYESIAN_LINEAR_LINEAR_GAUSSIAN_SBM_SCAR_MIXED_SIGNAL_5_PILOTS.zip,Bayesian_linear/pilot_checkpoints/pilot_04_cov.rds
Bayesian_linear/pilot_checkpoints/pilot_04_cov_net.rds,648419,78bf59e00d864f068fbb7ca0adcddca4,a39fb2157a55e9557619b7c6cc06f69744f9f7c557b26176629541a89f42aab6,SIMULATION_100_BAYESIAN_LINEAR_LINEAR_GAUSSIAN_SBM_SCAR_MIXED_SIGNAL_5_PILOTS.zip,Bayesian_linear/pilot_checkpoints/pilot_04_cov_net.rds
Bayesian_linear/pilot_checkpoints/pilot_04_cov_net_pu.rds,686566,3c777399947d9f515fdc98ea6adf0eb5,8b786b09731a3054d77c29235d815fd96f2ebde154984a15b15ed7b1dfd2e015,SIMULATION_100_BAYESIAN_LINEAR_LINEAR_GAUSSIAN_SBM_SCAR_MIXED_SIGNAL_5_PILOTS.zip,Bayesian_linear/pilot_checkpoints/pilot_04_cov_net_pu.rds
Bayesian_linear/pilot_checkpoints/pilot_04_cov_pu.rds,534213,2b278bc9195dca6cb20ab5651eddcbc5,c05eb2f50d60e587cd53c185f241e287058b0f94aea1b5e3cec287212e465792,SIMULATION_100_BAYESIAN_LINEAR_LINEAR_GAUSSIAN_SBM_SCAR_MIXED_SIGNAL_5_PILOTS.zip,Bayesian_linear/pilot_checkpoints/pilot_04_cov_pu.rds
Bayesian_linear/pilot_checkpoints/pilot_05_cov.rds,495379,182e158378fae4db2dd5b5fbf63978c2,8059afb713c989216748b20e1b78f9a578978d651738e766d93b688dc04cfe98,SIMULATION_100_BAYESIAN_LINEAR_LINEAR_GAUSSIAN_SBM_SCAR_MIXED_SIGNAL_5_PILOTS.zip,Bayesian_linear/pilot_checkpoints/pilot_05_cov.rds
Bayesian_linear/pilot_checkpoints/pilot_05_cov_net.rds,762037,17310af98b06388de0bf966e995b930e,869bf66c396605eaabb191c1008a522af4e4f91dc9ccac846c95f88747f14790,SIMULATION_100_BAYESIAN_LINEAR_LINEAR_GAUSSIAN_SBM_SCAR_MIXED_SIGNAL_5_PILOTS.zip,Bayesian_linear/pilot_checkpoints/pilot_05_cov_net.rds
Bayesian_linear/pilot_checkpoints/pilot_05_cov_net_pu.rds,800053,1f9e4e259c9f3a4f2b3e5363ae198465,b826f46f00b743b25bb1b0128dd060f425922d803400fe5c630947e49fdf6ad8,SIMULATION_100_BAYESIAN_LINEAR_LINEAR_GAUSSIAN_SBM_SCAR_MIXED_SIGNAL_5_PILOTS.zip,Bayesian_linear/pilot_checkpoints/pilot_05_cov_net_pu.rds
Bayesian_linear/pilot_checkpoints/pilot_05_cov_pu.rds,533694,a3e54fc6e7ab80bfea306f1807961679,426a17f55037ebbb67aaff2f3f166ff24927fc01550e37151e34a1ca358a2b94,SIMULATION_100_BAYESIAN_LINEAR_LINEAR_GAUSSIAN_SBM_SCAR_MIXED_SIGNAL_5_PILOTS.zip,Bayesian_linear/pilot_checkpoints/pilot_05_cov_pu.rds
Bayesian_linear/pilot_geometries/pilot_01_geometry.rds,82787,aed66237216e58683288f66e7e95f0d4,68b5ff893fe3cad5a44a2a571222f719051120a15ae633b626bb8a41b60f253e,SIMULATION_100_BAYESIAN_LINEAR_LINEAR_GAUSSIAN_SBM_SCAR_MIXED_SIGNAL_5_PILOTS.zip,Bayesian_linear/pilot_geometries/pilot_01_geometry.rds
Bayesian_linear/pilot_geometries/pilot_02_geometry.rds,60716,582a279a774f75596ce841b447e489f5,7f70ef2fcbcdcd8da77f2658ffea17ed9beea1f9661ab7dace8b821727e16403,SIMULATION_100_BAYESIAN_LINEAR_LINEAR_GAUSSIAN_SBM_SCAR_MIXED_SIGNAL_5_PILOTS.zip,Bayesian_linear/pilot_geometries/pilot_02_geometry.rds
Bayesian_linear/pilot_geometries/pilot_03_geometry.rds,56633,13f4891a9de19919c6fe71d71fbb8d73,c686e37ad86ffc9e5969b8e85e2f9e98b808f726ac9527e22e69d07233c60ead,SIMULATION_100_BAYESIAN_LINEAR_LINEAR_GAUSSIAN_SBM_SCAR_MIXED_SIGNAL_5_PILOTS.zip,Bayesian_linear/pilot_geometries/pilot_03_geometry.rds
Bayesian_linear/pilot_geometries/pilot_04_geometry.rds,60727,95955fcb32f327447be2b50df34ead23,9815b0fb5253692b20fb70eeaaea9abb800edd019cfb1579b8428f21898a15a1,SIMULATION_100_BAYESIAN_LINEAR_LINEAR_GAUSSIAN_SBM_SCAR_MIXED_SIGNAL_5_PILOTS.zip,Bayesian_linear/pilot_geometries/pilot_04_geometry.rds
Bayesian_linear/pilot_geometries/pilot_05_geometry.rds,71061,d2c1536fce19b0a9151dd769be26434e,415f7f32ca17ee7654a65c5e9c9d31a6438238cb53d77a80804405c2eebdb53c,SIMULATION_100_BAYESIAN_LINEAR_LINEAR_GAUSSIAN_SBM_SCAR_MIXED_SIGNAL_5_PILOTS.zip,Bayesian_linear/pilot_geometries/pilot_05_geometry.rds
Bayesian_linear/pilot_seed_table.csv,209,2d0be0d4c874fbba803c877af3dd101a,814e2407b1edfeaf25aa3a9b5fd2264bf040d4982a60611b4597e755742aff16,SIMULATION_100_BAYESIAN_LINEAR_LINEAR_GAUSSIAN_SBM_SCAR_MIXED_SIGNAL_5_PILOTS.zip,Bayesian_linear/pilot_seed_table.csv
Bayesian_linear/production_checkpoints/replicate_001.rds,32913,01a22eda21b311957336a8eff4b20bda,42fcfe3e33f58d9aff6ae14bd2d65c9324382c2f26c62ea847f00dfb497692a4,SIMULATION_100_BAYESIAN_LINEAR_LINEAR_GAUSSIAN_SBM_SCAR_MIXED_SIGNAL_5_PILOTS.zip,Bayesian_linear/production_checkpoints/replicate_001.rds
Bayesian_linear/production_checkpoints/replicate_002.rds,32974,8f6ff0d25f4f3f912be605a3f77cf11f,6f71b8ece6b0bee7132f3ae298614390bb5a0c8919cbe39aa80c189483f76e52,SIMULATION_100_BAYESIAN_LINEAR_LINEAR_GAUSSIAN_SBM_SCAR_MIXED_SIGNAL_5_PILOTS.zip,Bayesian_linear/production_checkpoints/replicate_002.rds
Bayesian_linear/production_checkpoints/replicate_003.rds,32791,bc0191becee995e3e48ca863c715b0a1,a18985bb4ae09fd4a1d605e5c1a6a2995556468c87004732296369cd281750b6,SIMULATION_100_BAYESIAN_LINEAR_LINEAR_GAUSSIAN_SBM_SCAR_MIXED_SIGNAL_5_PILOTS.zip,Bayesian_linear/production_checkpoints/replicate_003.rds
Bayesian_linear/production_checkpoints/replicate_004.rds,33233,7405791521b814e27b1246d10c0117ae,df7e3a518d8bb7200aec2a2d17c52c32ce4ed0b030acd7039ed91f52016516f1,SIMULATION_100_BAYESIAN_LINEAR_LINEAR_GAUSSIAN_SBM_SCAR_MIXED_SIGNAL_5_PILOTS.zip,Bayesian_linear/production_checkpoints/replicate_004.rds
Bayesian_linear/production_checkpoints/replicate_005.rds,33058,472b951eb59491d34e58546f1b476831,346220dd7ea61e4d8e2b29415de51a878ee6d3b17fc3511755ceb52d572c59bc,SIMULATION_100_BAYESIAN_LINEAR_LINEAR_GAUSSIAN_SBM_SCAR_MIXED_SIGNAL_5_PILOTS.zip,Bayesian_linear/production_checkpoints/replicate_005.rds
Bayesian_linear/production_checkpoints/replicate_006.rds,32855,5ba5fb4923b75e519e60ef05fb602f6c,05609abd00bc759e7a3a0c1baebd20f8d5563cc9c29810d57c152568ed32f233,SIMULATION_100_BAYESIAN_LINEAR_LINEAR_GAUSSIAN_SBM_SCAR_MIXED_SIGNAL_5_PILOTS.zip,Bayesian_linear/production_checkpoints/replicate_006.rds
Bayesian_linear/production_checkpoints/replicate_007.rds,32951,c8df3b66e3a2875fa8afb59d2d63123b,d1b19aab6bbc17df685b3340d7fc8f11d257dc5d83eb83185090c3ca481dfcb2,SIMULATION_100_BAYESIAN_LINEAR_LINEAR_GAUSSIAN_SBM_SCAR_MIXED_SIGNAL_5_PILOTS.zip,Bayesian_linear/production_checkpoints/replicate_007.rds
Bayesian_linear/production_checkpoints/replicate_008.rds,33122,7b411dbc9dbdbdd6826e5de30325e61b,1dec00e74c6d3a142629328271c26b8280f6397bed9f3b3c9c8992de43019bba,SIMULATION_100_BAYESIAN_LINEAR_LINEAR_GAUSSIAN_SBM_SCAR_MIXED_SIGNAL_5_PILOTS.zip,Bayesian_linear/production_checkpoints/replicate_008.rds
Bayesian_linear/production_checkpoints/replicate_009.rds,33051,c7f2d67d93a40654c5c2d8aea5a6246d,a3ff4754284de8293f597a81eb49f7fb8bb00f3c55fceaf5a3a7125e265e9491,SIMULATION_100_BAYESIAN_LINEAR_LINEAR_GAUSSIAN_SBM_SCAR_MIXED_SIGNAL_5_PILOTS.zip,Bayesian_linear/production_checkpoints/replicate_009.rds
Bayesian_linear/production_checkpoints/replicate_010.rds,33129,a71f1015acbe566a1d908f2b3bc94b2a,3b5dc1d9922799e393178c3f1ab2810520f8c359401751d25f1eed78ec1a92f3,SIMULATION_100_BAYESIAN_LINEAR_LINEAR_GAUSSIAN_SBM_SCAR_MIXED_SIGNAL_5_PILOTS.zip,Bayesian_linear/production_checkpoints/replicate_010.rds
Bayesian_linear/production_checkpoints/replicate_011.rds,33167,33bcc131b89b1ef58eeabfb4d2ebe23e,dafc13903a54664027d76420e3b0d5eb0a3380349c4636c0340447a07bfb9516,SIMULATION_100_BAYESIAN_LINEAR_LINEAR_GAUSSIAN_SBM_SCAR_MIXED_SIGNAL_5_PILOTS.zip,Bayesian_linear/production_checkpoints/replicate_011.rds
Bayesian_linear/production_checkpoints/replicate_012.rds,33066,065e25dc92b827037a7237d3c8bd6482,ed946c6f855bc8b78ae631c12f421d01f7de2e4cf115ef20cf7cf3dc87350b69,SIMULATION_100_BAYESIAN_LINEAR_LINEAR_GAUSSIAN_SBM_SCAR_MIXED_SIGNAL_5_PILOTS.zip,Bayesian_linear/production_checkpoints/replicate_012.rds
Bayesian_linear/production_checkpoints/replicate_013.rds,32697,747d4297fd5c17f4623a857fa76bc01a,72671e23426571994fd305b5b3f87bf9585184ce8c56139e8de5bc0aa7464e56,SIMULATION_100_BAYESIAN_LINEAR_LINEAR_GAUSSIAN_SBM_SCAR_MIXED_SIGNAL_5_PILOTS.zip,Bayesian_linear/production_checkpoints/replicate_013.rds
Bayesian_linear/production_checkpoints/replicate_014.rds,32901,20d821d0efcbfdce5c6e379e25777e2d,e8d0ad15803e9bd5aad3ba3eaf8e497af480edf382d9d40f75b94fb0c72f3cb2,SIMULATION_100_BAYESIAN_LINEAR_LINEAR_GAUSSIAN_SBM_SCAR_MIXED_SIGNAL_5_PILOTS.zip,Bayesian_linear/production_checkpoints/replicate_014.rds
Bayesian_linear/production_checkpoints/replicate_015.rds,33028,d834f5f5fb9cd9e157e3e5becd2e675c,ad7b1be6326169a33fe935098747e99ce66717d4ebd5ec4b90a594ea2d0faa8f,SIMULATION_100_BAYESIAN_LINEAR_LINEAR_GAUSSIAN_SBM_SCAR_MIXED_SIGNAL_5_PILOTS.zip,Bayesian_linear/production_checkpoints/replicate_015.rds
Bayesian_linear/production_checkpoints/replicate_016.rds,32591,56bac257050dae248c8d1770d2d89e82,4b3250f1dee3eadc4946f209f5ff92dee819ae5fe9390415e45b45391ca46336,SIMULATION_100_BAYESIAN_LINEAR_LINEAR_GAUSSIAN_SBM_SCAR_MIXED_SIGNAL_5_PILOTS.zip,Bayesian_linear/production_checkpoints/replicate_016.rds
Bayesian_linear/production_checkpoints/replicate_017.rds,32993,c4c40b3db2d43a2c426ccd2ad06e9da6,b81a4273b2f77c6443e84a7238568a88c331a0ce8d830817d2f1689368ccc959,SIMULATION_100_BAYESIAN_LINEAR_LINEAR_GAUSSIAN_SBM_SCAR_MIXED_SIGNAL_5_PILOTS.zip,Bayesian_linear/production_checkpoints/replicate_017.rds
Bayesian_linear/production_checkpoints/replicate_018.rds,33277,2b418b1e759c19cae47884b9ebb4579e,f6d5efdc1a5ec11e431b548ad2bdb96c4f426142de2c4f31a60d10c8c6dbff80,SIMULATION_100_BAYESIAN_LINEAR_LINEAR_GAUSSIAN_SBM_SCAR_MIXED_SIGNAL_5_PILOTS.zip,Bayesian_linear/production_checkpoints/replicate_018.rds
Bayesian_linear/production_checkpoints/replicate_019.rds,32482,2ea8370ee6eb5f3f689f5e86e7f94236,9dca138a430b78e1b5e3aa4ddc191e3e6d28a2d78709c89f1b316fa9248f1363,SIMULATION_100_BAYESIAN_LINEAR_LINEAR_GAUSSIAN_SBM_SCAR_MIXED_SIGNAL_5_PILOTS.zip,Bayesian_linear/production_checkpoints/replicate_019.rds
Bayesian_linear/production_checkpoints/replicate_020.rds,32992,72110783d574b8e5bd18bd0a7f31fc2f,456e54d7c7071ef2cea8becf06cd80f9d1991184111e9670fa81ec8588c720de,SIMULATION_100_BAYESIAN_LINEAR_LINEAR_GAUSSIAN_SBM_SCAR_MIXED_SIGNAL_5_PILOTS.zip,Bayesian_linear/production_checkpoints/replicate_020.rds
Bayesian_linear/production_checkpoints/replicate_021.rds,32898,ea4e7ea5f8a518e8e9f0fbf77944d0d2,c92e632e5337956757252eca1005cec54da199bae33df325b67ac5dd40df8202,SIMULATION_100_BAYESIAN_LINEAR_LINEAR_GAUSSIAN_SBM_SCAR_MIXED_SIGNAL_5_PILOTS.zip,Bayesian_linear/production_checkpoints/replicate_021.rds
Bayesian_linear/production_checkpoints/replicate_022.rds,33150,7f62c1ead6b30f2e299c2ab166b6c72c,68bc3c76e9f16aafcbdcd7ac2bb9ba8034dfeebd3f504a008097a7ee35cb8d2c,SIMULATION_100_BAYESIAN_LINEAR_LINEAR_GAUSSIAN_SBM_SCAR_MIXED_SIGNAL_5_PILOTS.zip,Bayesian_linear/production_checkpoints/replicate_022.rds
Bayesian_linear/production_checkpoints/replicate_023.rds,32801,5bdeaa206d0eff944d88881350eb819e,d81f47f3bbb9726cf5bfcadc2d6a3d635ddbabff0ab2d744735ab88ef001532b,SIMULATION_100_BAYESIAN_LINEAR_LINEAR_GAUSSIAN_SBM_SCAR_MIXED_SIGNAL_5_PILOTS.zip,Bayesian_linear/production_checkpoints/replicate_023.rds
Bayesian_linear/production_checkpoints/replicate_024.rds,32872,725557a13327d644c102296cd2f83f1c,541f814bb041b4d881d481824962a82bc59dab9a66992000211e2f90aa7e7564,SIMULATION_100_BAYESIAN_LINEAR_LINEAR_GAUSSIAN_SBM_SCAR_MIXED_SIGNAL_5_PILOTS.zip,Bayesian_linear/production_checkpoints/replicate_024.rds
Bayesian_linear/production_checkpoints/replicate_025.rds,32993,560d941e236afc5ed7087ae7c2b627f2,0ec6c0f55bb126b19d59ae1b9f493e78a5ac2a4828922bf61f9ba73e34dc820f,SIMULATION_100_BAYESIAN_LINEAR_LINEAR_GAUSSIAN_SBM_SCAR_MIXED_SIGNAL_5_PILOTS.zip,Bayesian_linear/production_checkpoints/replicate_025.rds
Bayesian_linear/production_checkpoints/replicate_026.rds,32976,c50699d17f84642a230a2e2675ebb36d,08025a50cf8fe0be64818aa42a0968b923f473e4f130d83111c5408eeb5c5300,SIMULATION_100_BAYESIAN_LINEAR_LINEAR_GAUSSIAN_SBM_SCAR_MIXED_SIGNAL_5_PILOTS.zip,Bayesian_linear/production_checkpoints/replicate_026.rds
Bayesian_linear/production_checkpoints/replicate_027.rds,32696,549ce332639ac02b351e3d9fe7c80e0a,aef04f24e9631a8b58dea17ca1324b40104773612d48cbef9bbd46044247e7a1,SIMULATION_100_BAYESIAN_LINEAR_LINEAR_GAUSSIAN_SBM_SCAR_MIXED_SIGNAL_5_PILOTS.zip,Bayesian_linear/production_checkpoints/replicate_027.rds
Bayesian_linear/production_checkpoints/replicate_028.rds,32991,5d4f1a0983ec7a1515bc42bd4c1ec7da,000d0c2e909e0695f180759049b89b75c28e99b2912c67346efea5ed588d168c,SIMULATION_100_BAYESIAN_LINEAR_LINEAR_GAUSSIAN_SBM_SCAR_MIXED_SIGNAL_5_PILOTS.zip,Bayesian_linear/production_checkpoints/replicate_028.rds
Bayesian_linear/production_checkpoints/replicate_029.rds,32969,308247bc2482fe6cb462894493fbf346,3ef7ec4569ebc6d12a86f7c4106ca8d771cd194e222a2bf4677d02c1a018c4d8,SIMULATION_100_BAYESIAN_LINEAR_LINEAR_GAUSSIAN_SBM_SCAR_MIXED_SIGNAL_5_PILOTS.zip,Bayesian_linear/production_checkpoints/replicate_029.rds
Bayesian_linear/production_checkpoints/replicate_030.rds,32483,2c38909c14e991fe830b6abb67aaa4c1,eb3750638c78483b6ee06b6b5bcc704c4f19e91ecc7d76d92ed56f12c0b542bf,SIMULATION_100_BAYESIAN_LINEAR_LINEAR_GAUSSIAN_SBM_SCAR_MIXED_SIGNAL_5_PILOTS.zip,Bayesian_linear/production_checkpoints/replicate_030.rds
Bayesian_linear/production_checkpoints/replicate_031.rds,32665,03104a1a4ae7120653d6a1659dbce612,3dda685b2864171d108f74eaa034cc93e82e0bf7c053668e79b2880de9365d36,SIMULATION_100_BAYESIAN_LINEAR_LINEAR_GAUSSIAN_SBM_SCAR_MIXED_SIGNAL_5_PILOTS.zip,Bayesian_linear/production_checkpoints/replicate_031.rds
Bayesian_linear/production_checkpoints/replicate_032.rds,32875,60d1a83d2030877712032b1893c3064b,ac279f82d371ba0e9c6581a81d5dac15be45f717c4ab34a9c6e63bc50222fb5c,SIMULATION_100_BAYESIAN_LINEAR_LINEAR_GAUSSIAN_SBM_SCAR_MIXED_SIGNAL_5_PILOTS.zip,Bayesian_linear/production_checkpoints/replicate_032.rds
Bayesian_linear/production_checkpoints/replicate_033.rds,33175,bfeb669b34c28753099872c35579806b,d932da3cf45b4c90a6e0ec205c8028667be41677325a5afcf4e0523dd180bace,SIMULATION_100_BAYESIAN_LINEAR_LINEAR_GAUSSIAN_SBM_SCAR_MIXED_SIGNAL_5_PILOTS.zip,Bayesian_linear/production_checkpoints/replicate_033.rds
Bayesian_linear/production_checkpoints/replicate_034.rds,32382,85866d0a0d845689f4abed5f31fbb5b3,da385ec8109f81fda4e666786b941916d9ea9be5d85e26a332976b8d34c2ad53,SIMULATION_100_BAYESIAN_LINEAR_LINEAR_GAUSSIAN_SBM_SCAR_MIXED_SIGNAL_5_PILOTS.zip,Bayesian_linear/production_checkpoints/replicate_034.rds
Bayesian_linear/production_checkpoints/replicate_035.rds,32985,3b820ea036266005d58636fda0dd12ea,8c497752f0dccb974efad91d3a9a46e5b95f46ca2130e74baff096b283aed31e,SIMULATION_100_BAYESIAN_LINEAR_LINEAR_GAUSSIAN_SBM_SCAR_MIXED_SIGNAL_5_PILOTS.zip,Bayesian_linear/production_checkpoints/replicate_035.rds
Bayesian_linear/production_checkpoints/replicate_036.rds,32426,5a8f8cc3261edc604e4f7bf7a625e78f,26aca888f71057fdfdf0397b3163e77f5a0b1b1dcda8ed39f2427321eb7b42dc,SIMULATION_100_BAYESIAN_LINEAR_LINEAR_GAUSSIAN_SBM_SCAR_MIXED_SIGNAL_5_PILOTS.zip,Bayesian_linear/production_checkpoints/replicate_036.rds
Bayesian_linear/production_checkpoints/replicate_037.rds,33022,201900b45750d49a6904a74d185f1f1c,af5e31024d2cdd6b245d3aa134f40e796e90d8f2d17f935659d28b0730d0d9e2,SIMULATION_100_BAYESIAN_LINEAR_LINEAR_GAUSSIAN_SBM_SCAR_MIXED_SIGNAL_5_PILOTS.zip,Bayesian_linear/production_checkpoints/replicate_037.rds
Bayesian_linear/production_checkpoints/replicate_038.rds,32768,a9ed39e8619e9503d8693893ae41852b,63caa132ba0f38236a89eb1ec124b05f5205f6951ece042781565185bb7aa982,SIMULATION_100_BAYESIAN_LINEAR_LINEAR_GAUSSIAN_SBM_SCAR_MIXED_SIGNAL_5_PILOTS.zip,Bayesian_linear/production_checkpoints/replicate_038.rds
Bayesian_linear/production_checkpoints/replicate_039.rds,32876,3a194469eca775dc2f682190e0bf6362,246218bdc679479f2adb3897356490c35ce8b7bffcf8c5cb2a5c16ef93f3734c,SIMULATION_100_BAYESIAN_LINEAR_LINEAR_GAUSSIAN_SBM_SCAR_MIXED_SIGNAL_5_PILOTS.zip,Bayesian_linear/production_checkpoints/replicate_039.rds
Bayesian_linear/production_checkpoints/replicate_040.rds,33029,01ef0bc7be38e948d4e2a9fecbc2eba2,4b15ac4a0ecfced4ead9c617d3313e2ef373284a3806ee349d679f01292ad11f,SIMULATION_100_BAYESIAN_LINEAR_LINEAR_GAUSSIAN_SBM_SCAR_MIXED_SIGNAL_5_PILOTS.zip,Bayesian_linear/production_checkpoints/replicate_040.rds
Bayesian_linear/production_checkpoints/replicate_041.rds,33105,d5f47994479300b17cbbf9899cb193c0,0f8a33eace14ddd20c58b92af3e98c3ae71823ec56a8b4f5c7d5b0906dd6d950,SIMULATION_100_BAYESIAN_LINEAR_LINEAR_GAUSSIAN_SBM_SCAR_MIXED_SIGNAL_5_PILOTS.zip,Bayesian_linear/production_checkpoints/replicate_041.rds
Bayesian_linear/production_checkpoints/replicate_042.rds,32959,868635609269afe313bb21189a868053,0c5529f2c20b95156bbe1b1e32a089ccdd525dac12abea735635f5742e8a59d5,SIMULATION_100_BAYESIAN_LINEAR_LINEAR_GAUSSIAN_SBM_SCAR_MIXED_SIGNAL_5_PILOTS.zip,Bayesian_linear/production_checkpoints/replicate_042.rds
Bayesian_linear/production_checkpoints/replicate_043.rds,32746,df2e7f48c1d4f9edc447f63a6d7b847a,409f8be52aaa9f8598fe1f578f3deffe3035aca1e9def2d2e89ed7ef1544b9a1,SIMULATION_100_BAYESIAN_LINEAR_LINEAR_GAUSSIAN_SBM_SCAR_MIXED_SIGNAL_5_PILOTS.zip,Bayesian_linear/production_checkpoints/replicate_043.rds
Bayesian_linear/production_checkpoints/replicate_044.rds,33151,21e9c84a693c080f550e40dc1d1b4773,4524f81e08f07f25a62fabe1a1a2f04a81918a3361554cc2fa74bb85d58fc080,SIMULATION_100_BAYESIAN_LINEAR_LINEAR_GAUSSIAN_SBM_SCAR_MIXED_SIGNAL_5_PILOTS.zip,Bayesian_linear/production_checkpoints/replicate_044.rds
Bayesian_linear/production_checkpoints/replicate_045.rds,33142,9afbbda821619debf31135983b8d35e6,42c33bb95a8eb1ceec2057ef6c4dfbba0c78c4a354c28e6fc63cad7562a83510,SIMULATION_100_BAYESIAN_LINEAR_LINEAR_GAUSSIAN_SBM_SCAR_MIXED_SIGNAL_5_PILOTS.zip,Bayesian_linear/production_checkpoints/replicate_045.rds
Bayesian_linear/production_checkpoints/replicate_046.rds,33300,635f043192700b135c1af6b1d427fa86,c33130cd0e751a62d24da373877af8d4c7205d39969e2655cabbbb94ec356786,SIMULATION_100_BAYESIAN_LINEAR_LINEAR_GAUSSIAN_SBM_SCAR_MIXED_SIGNAL_5_PILOTS.zip,Bayesian_linear/production_checkpoints/replicate_046.rds
Bayesian_linear/production_checkpoints/replicate_047.rds,32841,dd8db4d2fcb8dac0fe9643cd07bafb13,e3d51489e2cf98de6e971ac3922143fff102f0466055fe1c13bac6f51e9ef771,SIMULATION_100_BAYESIAN_LINEAR_LINEAR_GAUSSIAN_SBM_SCAR_MIXED_SIGNAL_5_PILOTS.zip,Bayesian_linear/production_checkpoints/replicate_047.rds
Bayesian_linear/production_checkpoints/replicate_048.rds,32989,627a9e5460b329f48f72282fdbab75be,9f8d13af361356dc550eb2bd0b9a4ea59bf8a36fb39b58e1664664615085f3b6,SIMULATION_100_BAYESIAN_LINEAR_LINEAR_GAUSSIAN_SBM_SCAR_MIXED_SIGNAL_5_PILOTS.zip,Bayesian_linear/production_checkpoints/replicate_048.rds
Bayesian_linear/production_checkpoints/replicate_049.rds,33044,0c4ab6821f3eefdcce27189932cd68b0,1a56060cc5669ed122dff38783367357647ef279f797a00ad0081aa3094dbf48,SIMULATION_100_BAYESIAN_LINEAR_LINEAR_GAUSSIAN_SBM_SCAR_MIXED_SIGNAL_5_PILOTS.zip,Bayesian_linear/production_checkpoints/replicate_049.rds
Bayesian_linear/production_checkpoints/replicate_050.rds,33049,5250ccb9631dd540c4be0953692607b2,90feb8a3c919657bf65529784d6c04d226a002c294f562a54b224aba2eb833a5,SIMULATION_100_BAYESIAN_LINEAR_LINEAR_GAUSSIAN_SBM_SCAR_MIXED_SIGNAL_5_PILOTS.zip,Bayesian_linear/production_checkpoints/replicate_050.rds
Bayesian_linear/production_checkpoints/replicate_051.rds,32310,2dae4bcc67cd5d87e1858af3ec76676b,650d760b97fc8ec3a5ea68ad9ebebd61685da8f076f3fbebaa8ea064d19420fd,SIMULATION_100_BAYESIAN_LINEAR_LINEAR_GAUSSIAN_SBM_SCAR_MIXED_SIGNAL_5_PILOTS.zip,Bayesian_linear/production_checkpoints/replicate_051.rds
Bayesian_linear/production_checkpoints/replicate_052.rds,32680,bea91682487a973699a45e596c2b12fc,b91ea4545d8b2af290ca74f8229b4a80b86e423a9405d436a6e69336e55ee56d,SIMULATION_100_BAYESIAN_LINEAR_LINEAR_GAUSSIAN_SBM_SCAR_MIXED_SIGNAL_5_PILOTS.zip,Bayesian_linear/production_checkpoints/replicate_052.rds
Bayesian_linear/production_checkpoints/replicate_053.rds,33001,dbbe4d6be18e7645c35449eff016c044,53397dd9db26ea953deb325236fe3fdd2d2aacda1cef82a1f0e1b5b3e8fc7a68,SIMULATION_100_BAYESIAN_LINEAR_LINEAR_GAUSSIAN_SBM_SCAR_MIXED_SIGNAL_5_PILOTS.zip,Bayesian_linear/production_checkpoints/replicate_053.rds
Bayesian_linear/production_checkpoints/replicate_054.rds,33023,c865cbfb92e16adb1d84a8d72178fb02,bab53b9a4887840e6bea377845d45841dece46aafc6a8d823b7bcd55b27efd15,SIMULATION_100_BAYESIAN_LINEAR_LINEAR_GAUSSIAN_SBM_SCAR_MIXED_SIGNAL_5_PILOTS.zip,Bayesian_linear/production_checkpoints/replicate_054.rds
Bayesian_linear/production_checkpoints/replicate_055.rds,33508,4ac20cb4c69d5284299330c33154724c,70f12f2e2564815ddbce819d78e176cda5c59f4df72afb664aacfd9ea1bb7d76,SIMULATION_100_BAYESIAN_LINEAR_LINEAR_GAUSSIAN_SBM_SCAR_MIXED_SIGNAL_5_PILOTS.zip,Bayesian_linear/production_checkpoints/replicate_055.rds
Bayesian_linear/production_checkpoints/replicate_056.rds,33150,6176240fb96d41cc4a1207104b6b3119,ac56737d296a1b407008ba8458049740e23df53aeae23fa8089904cb04616c7e,SIMULATION_100_BAYESIAN_LINEAR_LINEAR_GAUSSIAN_SBM_SCAR_MIXED_SIGNAL_5_PILOTS.zip,Bayesian_linear/production_checkpoints/replicate_056.rds
Bayesian_linear/production_checkpoints/replicate_057.rds,32691,274da3178df1dd3ccbc2a4d0fff585da,4838eecbebe43aeaaf25d0f9286be9ae6250242225611cbc9d103b8123933882,SIMULATION_100_BAYESIAN_LINEAR_LINEAR_GAUSSIAN_SBM_SCAR_MIXED_SIGNAL_5_PILOTS.zip,Bayesian_linear/production_checkpoints/replicate_057.rds
Bayesian_linear/production_checkpoints/replicate_058.rds,33240,276cff8ba8897b7d10174146e0be5b3f,0266b018a12088b68918cf68bcdf168f6e42ac6b633580a714cb48c1d667ce40,SIMULATION_100_BAYESIAN_LINEAR_LINEAR_GAUSSIAN_SBM_SCAR_MIXED_SIGNAL_5_PILOTS.zip,Bayesian_linear/production_checkpoints/replicate_058.rds
Bayesian_linear/production_checkpoints/replicate_059.rds,32796,6b97ff30d2949eb5219ab6100cd7b60c,d599a0944f79b6dad855aae8e4e8b2d2437115f3f00552ffb46d8a072c9fc178,SIMULATION_100_BAYESIAN_LINEAR_LINEAR_GAUSSIAN_SBM_SCAR_MIXED_SIGNAL_5_PILOTS.zip,Bayesian_linear/production_checkpoints/replicate_059.rds
Bayesian_linear/production_checkpoints/replicate_060.rds,32192,4d1db9cb1c3d716dcd5694d6639f04de,0c022ba0202220a777fbba692cbd5086385bb95fc321fd76d4d378365ee704e7,SIMULATION_100_BAYESIAN_LINEAR_LINEAR_GAUSSIAN_SBM_SCAR_MIXED_SIGNAL_5_PILOTS.zip,Bayesian_linear/production_checkpoints/replicate_060.rds
Bayesian_linear/production_checkpoints/replicate_061.rds,33093,870640c0fa41e9b0f189107e372e9e04,c94338789b76bbcbdb48fbd1f7defc12c260bf5add8b34e0260e1a0edaf9bc98,SIMULATION_100_BAYESIAN_LINEAR_LINEAR_GAUSSIAN_SBM_SCAR_MIXED_SIGNAL_5_PILOTS.zip,Bayesian_linear/production_checkpoints/replicate_061.rds
Bayesian_linear/production_checkpoints/replicate_062.rds,33038,3f53c0f6ace95399a2b1ed3ae778236b,ba9f0453e47145e4a20543415f28cc4c1eaff4c44925d1effdd0df021f0598a5,SIMULATION_100_BAYESIAN_LINEAR_LINEAR_GAUSSIAN_SBM_SCAR_MIXED_SIGNAL_5_PILOTS.zip,Bayesian_linear/production_checkpoints/replicate_062.rds
Bayesian_linear/production_checkpoints/replicate_063.rds,33026,540a31867fadce66085b3f3d584cab42,442b721742d96f2bad4d7f14d69a0b0f5256bd0a63476c5f1ec365e47a64b8ab,SIMULATION_100_BAYESIAN_LINEAR_LINEAR_GAUSSIAN_SBM_SCAR_MIXED_SIGNAL_5_PILOTS.zip,Bayesian_linear/production_checkpoints/replicate_063.rds
Bayesian_linear/production_checkpoints/replicate_064.rds,33191,f878a8c5342ddf92dd656bbaa6d648c1,a0f4dfdd407c67cf21b409198ce5daa2f88970c8a5bd706c1ed3905436e8531e,SIMULATION_100_BAYESIAN_LINEAR_LINEAR_GAUSSIAN_SBM_SCAR_MIXED_SIGNAL_5_PILOTS.zip,Bayesian_linear/production_checkpoints/replicate_064.rds
Bayesian_linear/production_checkpoints/replicate_065.rds,32987,c212615f2de11c0125d6f90624bc5ed0,40533f0030cf2f74c1231736a4dd7d53c583e4875db13d1575477042ffa862d2,SIMULATION_100_BAYESIAN_LINEAR_LINEAR_GAUSSIAN_SBM_SCAR_MIXED_SIGNAL_5_PILOTS.zip,Bayesian_linear/production_checkpoints/replicate_065.rds
Bayesian_linear/production_checkpoints/replicate_066.rds,32924,9bd133d5c862ce27f4c9813c3a621136,d33dde6d729142a9f5fbcf119ca80fcd7de3308b77993e47f37ca5f558c56078,SIMULATION_100_BAYESIAN_LINEAR_LINEAR_GAUSSIAN_SBM_SCAR_MIXED_SIGNAL_5_PILOTS.zip,Bayesian_linear/production_checkpoints/replicate_066.rds
Bayesian_linear/production_checkpoints/replicate_067.rds,32839,6219f2597531e525b9fa3e4294eeccb1,17b1fd99cc4caa3e9e7ab67fbe7c7de2b82dacd2f1ed0992946410395c043499,SIMULATION_100_BAYESIAN_LINEAR_LINEAR_GAUSSIAN_SBM_SCAR_MIXED_SIGNAL_5_PILOTS.zip,Bayesian_linear/production_checkpoints/replicate_067.rds
Bayesian_linear/production_checkpoints/replicate_068.rds,32376,dcd776b4d73d08b804e4b91a092e4366,0f58040475ca20eb4cab24d84af3146bf00ff7335149d9c7850ba46118a20533,SIMULATION_100_BAYESIAN_LINEAR_LINEAR_GAUSSIAN_SBM_SCAR_MIXED_SIGNAL_5_PILOTS.zip,Bayesian_linear/production_checkpoints/replicate_068.rds
Bayesian_linear/production_checkpoints/replicate_069.rds,33213,c6f1394753a60455f4538f12c2ccb013,d2ed7708a60862bd23b2316f325c7d16f7861a437ac373ca30c3a0359d4446bb,SIMULATION_100_BAYESIAN_LINEAR_LINEAR_GAUSSIAN_SBM_SCAR_MIXED_SIGNAL_5_PILOTS.zip,Bayesian_linear/production_checkpoints/replicate_069.rds
Bayesian_linear/production_checkpoints/replicate_070.rds,32839,81c36ae15ad9f9bd85f16a079e306226,aef3975b172b68f30cee666176dae94f996d7e46e55037d8d0477dd2e6a1a689,SIMULATION_100_BAYESIAN_LINEAR_LINEAR_GAUSSIAN_SBM_SCAR_MIXED_SIGNAL_5_PILOTS.zip,Bayesian_linear/production_checkpoints/replicate_070.rds
Bayesian_linear/production_checkpoints/replicate_071.rds,33151,ed12c1d647c638b3259fcbf0199aa042,32bf31fa7b5c901b341a75036fcb5b34ad7444c5ef98c6e32b137b7794968681,SIMULATION_100_BAYESIAN_LINEAR_LINEAR_GAUSSIAN_SBM_SCAR_MIXED_SIGNAL_5_PILOTS.zip,Bayesian_linear/production_checkpoints/replicate_071.rds
Bayesian_linear/production_checkpoints/replicate_072.rds,32735,060ac6c31862929dc2eb559de5df90bb,142a6ea47de46e4f1466a2be946fd651838538883db548a6217f9ca4d1092740,SIMULATION_100_BAYESIAN_LINEAR_LINEAR_GAUSSIAN_SBM_SCAR_MIXED_SIGNAL_5_PILOTS.zip,Bayesian_linear/production_checkpoints/replicate_072.rds
Bayesian_linear/production_checkpoints/replicate_073.rds,32736,f73bc52f12a74d3c5ba7609aa113e851,ac7bc26d53f624b4a1b51f99d045b03dece3c033daad8bbb4f5a223093f16467,SIMULATION_100_BAYESIAN_LINEAR_LINEAR_GAUSSIAN_SBM_SCAR_MIXED_SIGNAL_5_PILOTS.zip,Bayesian_linear/production_checkpoints/replicate_073.rds
Bayesian_linear/production_checkpoints/replicate_074.rds,32880,06ddd5b064af639e853a19b09e71c126,3d2094b68bb8c3790fb8d9e893b51d43cdf7062167fe582891ea0ca348eee87c,SIMULATION_100_BAYESIAN_LINEAR_LINEAR_GAUSSIAN_SBM_SCAR_MIXED_SIGNAL_5_PILOTS.zip,Bayesian_linear/production_checkpoints/replicate_074.rds
Bayesian_linear/production_checkpoints/replicate_075.rds,33070,ca30f02ecd421d8beda0f958ee89b4d1,3ac82a63513f366c3face53bb5347ebc21fa62a96da3397bd54cc368f4f5d88b,SIMULATION_100_BAYESIAN_LINEAR_LINEAR_GAUSSIAN_SBM_SCAR_MIXED_SIGNAL_5_PILOTS.zip,Bayesian_linear/production_checkpoints/replicate_075.rds
Bayesian_linear/production_checkpoints/replicate_076.rds,33195,a353db9886063d0e7ffc8c462843487f,9c9aaca0ed258d6d52d276a9223bb62703e395b0a81cbd76135e29311a51cb0d,SIMULATION_100_BAYESIAN_LINEAR_LINEAR_GAUSSIAN_SBM_SCAR_MIXED_SIGNAL_5_PILOTS.zip,Bayesian_linear/production_checkpoints/replicate_076.rds
Bayesian_linear/production_checkpoints/replicate_077.rds,32998,4f2600949bd6cc6af67c1900ee72a313,2fd5b3c4b81119476dff6f859d82d45bac46c2ea6132b6078b9c8345851f892e,SIMULATION_100_BAYESIAN_LINEAR_LINEAR_GAUSSIAN_SBM_SCAR_MIXED_SIGNAL_5_PILOTS.zip,Bayesian_linear/production_checkpoints/replicate_077.rds
Bayesian_linear/production_checkpoints/replicate_078.rds,32866,8bab69cf799766c1557dbb2a097740f0,9927e4a520bc525ba22f24be1f25aa36d785b314e31052c99610ff819dc9af1c,SIMULATION_100_BAYESIAN_LINEAR_LINEAR_GAUSSIAN_SBM_SCAR_MIXED_SIGNAL_5_PILOTS.zip,Bayesian_linear/production_checkpoints/replicate_078.rds
Bayesian_linear/production_checkpoints/replicate_079.rds,32437,29cc94ad8f23b209feedd8bdf6d8cd61,ac883c716cd5d5b40f5dc25226026254c162d2093485996a7d280b36d439e3c1,SIMULATION_100_BAYESIAN_LINEAR_LINEAR_GAUSSIAN_SBM_SCAR_MIXED_SIGNAL_5_PILOTS.zip,Bayesian_linear/production_checkpoints/replicate_079.rds
Bayesian_linear/production_checkpoints/replicate_080.rds,33027,0eadbe39cf7c80133ee24991f87ed333,0bf54c66a8efc6c79176f40255f9df45564e6aafe9abb0265d96f8bad20f23f6,SIMULATION_100_BAYESIAN_LINEAR_LINEAR_GAUSSIAN_SBM_SCAR_MIXED_SIGNAL_5_PILOTS.zip,Bayesian_linear/production_checkpoints/replicate_080.rds
Bayesian_linear/production_checkpoints/replicate_081.rds,32809,6fd2b23f7df0645166504a68a96f8a7f,fcdb41f56d837d0b6ea4084105b9e99cecebd72bee39a393704a51ed0eddd4ac,SIMULATION_100_BAYESIAN_LINEAR_LINEAR_GAUSSIAN_SBM_SCAR_MIXED_SIGNAL_5_PILOTS.zip,Bayesian_linear/production_checkpoints/replicate_081.rds
Bayesian_linear/production_checkpoints/replicate_082.rds,32879,fd4669945f89670f58ff2161cd195e12,653fc4468c4780abc00d1115ce0fb31f7dd6dd49e70766023dac4a6916a4bc43,SIMULATION_100_BAYESIAN_LINEAR_LINEAR_GAUSSIAN_SBM_SCAR_MIXED_SIGNAL_5_PILOTS.zip,Bayesian_linear/production_checkpoints/replicate_082.rds
Bayesian_linear/production_checkpoints/replicate_083.rds,33069,8caa8c2dbb4a0970f2fe543a62182093,c66f3199ebcedaa139c86b5c870a5e194c0185f4638530055896298d1d2d42d7,SIMULATION_100_BAYESIAN_LINEAR_LINEAR_GAUSSIAN_SBM_SCAR_MIXED_SIGNAL_5_PILOTS.zip,Bayesian_linear/production_checkpoints/replicate_083.rds
Bayesian_linear/production_checkpoints/replicate_084.rds,32597,040cf38f7ab6f3e11cbe122598e3557e,c5776f270f49adf1880e8a1a0fcc8632d422ad891c0173357b63d2d825614e01,SIMULATION_100_BAYESIAN_LINEAR_LINEAR_GAUSSIAN_SBM_SCAR_MIXED_SIGNAL_5_PILOTS.zip,Bayesian_linear/production_checkpoints/replicate_084.rds
Bayesian_linear/production_checkpoints/replicate_085.rds,32859,a1e6109b123dddfb3b6df4b45835312c,e6612cba2320c5f238516aeb77a13cde842bc0d9446dbd80a6b6d321e5faab21,SIMULATION_100_BAYESIAN_LINEAR_LINEAR_GAUSSIAN_SBM_SCAR_MIXED_SIGNAL_5_PILOTS.zip,Bayesian_linear/production_checkpoints/replicate_085.rds
Bayesian_linear/production_checkpoints/replicate_086.rds,32483,aca9e93b4df49ec5c9fc8d079673f17a,ee8396d044939dbec31eb6196eb83aaadba9ef8e9aa03b70ffb96f6da7a1cf4b,SIMULATION_100_BAYESIAN_LINEAR_LINEAR_GAUSSIAN_SBM_SCAR_MIXED_SIGNAL_5_PILOTS.zip,Bayesian_linear/production_checkpoints/replicate_086.rds
Bayesian_linear/production_checkpoints/replicate_087.rds,33127,88385e10b26fb3a13cbac4edfc903f04,d2e11c790308bafb45e0d01adbaf12381cb8c2573184d72ea0c45e0c1cfe9d38,SIMULATION_100_BAYESIAN_LINEAR_LINEAR_GAUSSIAN_SBM_SCAR_MIXED_SIGNAL_5_PILOTS.zip,Bayesian_linear/production_checkpoints/replicate_087.rds
Bayesian_linear/production_checkpoints/replicate_088.rds,32915,e568f42ec2f852e3c37ee81b71e51ef7,861c1b7e5c2d569a5da893f59d972dc4784d513e6452154d382930166bd19248,SIMULATION_100_BAYESIAN_LINEAR_LINEAR_GAUSSIAN_SBM_SCAR_MIXED_SIGNAL_5_PILOTS.zip,Bayesian_linear/production_checkpoints/replicate_088.rds
Bayesian_linear/production_checkpoints/replicate_089.rds,33105,e770a47c5fb51d5a0c37b1895d8e6a93,e4df2f6a4ac9b3173de026d997fa119a5aa210ce25a4546b23a30f7f0549751b,SIMULATION_100_BAYESIAN_LINEAR_LINEAR_GAUSSIAN_SBM_SCAR_MIXED_SIGNAL_5_PILOTS.zip,Bayesian_linear/production_checkpoints/replicate_089.rds
Bayesian_linear/production_checkpoints/replicate_090.rds,33534,e913cba79f9f38a7a975625a054055ab,1e5f7724f50a3925a7cc543600b23593d7743fefb3c493b3f2f723cb0dbcf921,SIMULATION_100_BAYESIAN_LINEAR_LINEAR_GAUSSIAN_SBM_SCAR_MIXED_SIGNAL_5_PILOTS.zip,Bayesian_linear/production_checkpoints/replicate_090.rds
Bayesian_linear/production_checkpoints/replicate_091.rds,33054,fe23b36613c341727ede22c113b2ea83,39fc785376d1cb7438b926373d5dcaf4f5fbfad0db231b9a002f0e7674a740f1,SIMULATION_100_BAYESIAN_LINEAR_LINEAR_GAUSSIAN_SBM_SCAR_MIXED_SIGNAL_5_PILOTS.zip,Bayesian_linear/production_checkpoints/replicate_091.rds
Bayesian_linear/production_checkpoints/replicate_092.rds,33146,9bd00b4b4d4c74a688462646240cb756,5a68cc72fea2ea63234d5d7664910f1fbca25d01bd1650950a2bad1f159b76e9,SIMULATION_100_BAYESIAN_LINEAR_LINEAR_GAUSSIAN_SBM_SCAR_MIXED_SIGNAL_5_PILOTS.zip,Bayesian_linear/production_checkpoints/replicate_092.rds
Bayesian_linear/production_checkpoints/replicate_093.rds,32618,bbacf5490efb82b786e0f2582a64b8fa,490735c81ac03c4373046f6a0d89a83c2aefe34a24248b9e3b981c4e3280fc49,SIMULATION_100_BAYESIAN_LINEAR_LINEAR_GAUSSIAN_SBM_SCAR_MIXED_SIGNAL_5_PILOTS.zip,Bayesian_linear/production_checkpoints/replicate_093.rds
Bayesian_linear/production_checkpoints/replicate_094.rds,32954,b14a880ed4e2fe4aecac87ed2c319688,a67512fa05f8b5737ecc39f02f7ca2b9d14b6533dbfb26eb59c6ef19daedfdea,SIMULATION_100_BAYESIAN_LINEAR_LINEAR_GAUSSIAN_SBM_SCAR_MIXED_SIGNAL_5_PILOTS.zip,Bayesian_linear/production_checkpoints/replicate_094.rds
Bayesian_linear/production_checkpoints/replicate_095.rds,32990,e957273dcd8b6a0a03a30019a6ee5648,ca25ae0876ecff3fef9caac21a93d33e4c497ca8c75e0a3688928cd3f78c1478,SIMULATION_100_BAYESIAN_LINEAR_LINEAR_GAUSSIAN_SBM_SCAR_MIXED_SIGNAL_5_PILOTS.zip,Bayesian_linear/production_checkpoints/replicate_095.rds
Bayesian_linear/production_checkpoints/replicate_096.rds,32993,dabf78972189d3d266897c2761f6513f,81b2b29428a566600be22dd79425dc3fb23a4d0ee9231b99fb93f6770fe4c6a2,SIMULATION_100_BAYESIAN_LINEAR_LINEAR_GAUSSIAN_SBM_SCAR_MIXED_SIGNAL_5_PILOTS.zip,Bayesian_linear/production_checkpoints/replicate_096.rds
Bayesian_linear/production_checkpoints/replicate_097.rds,32787,a2966baafaa21101bf6907d805343200,7850dc360100119ffe991e2a1e8d45982aff59681776278be1d4ce4ed03d390f,SIMULATION_100_BAYESIAN_LINEAR_LINEAR_GAUSSIAN_SBM_SCAR_MIXED_SIGNAL_5_PILOTS.zip,Bayesian_linear/production_checkpoints/replicate_097.rds
Bayesian_linear/production_checkpoints/replicate_098.rds,32985,000dcdcc154a15108ce73721e0770611,a48a55c04e0db97c251f2eb2d0cb0ec3235a7eeebac2f6e1d81ffcd25da1cc72,SIMULATION_100_BAYESIAN_LINEAR_LINEAR_GAUSSIAN_SBM_SCAR_MIXED_SIGNAL_5_PILOTS.zip,Bayesian_linear/production_checkpoints/replicate_098.rds
Bayesian_linear/production_checkpoints/replicate_099.rds,33052,a861801a9b18c8192a7bf1807a4ea043,73886a6c00abd762fb3fbceea1f5ee05da185cd71f019937eb2b83c5affa098e,SIMULATION_100_BAYESIAN_LINEAR_LINEAR_GAUSSIAN_SBM_SCAR_MIXED_SIGNAL_5_PILOTS.zip,Bayesian_linear/production_checkpoints/replicate_099.rds
Bayesian_linear/production_checkpoints/replicate_100.rds,33076,6687b706522cb6c44b0aa3e29e7b262d,e76c10a0922e24fcdca80641b57203a4714c225277037f038f05a299e1b5b084,SIMULATION_100_BAYESIAN_LINEAR_LINEAR_GAUSSIAN_SBM_SCAR_MIXED_SIGNAL_5_PILOTS.zip,Bayesian_linear/production_checkpoints/replicate_100.rds
Bayesian_linear/production_seed_table.csv,3155,caf61d073ae7eb998236db8652ed235f,e865b7e3b7555d91aecf387870e39b2d3ee980b91f92d844136d4d44abca7387,SIMULATION_100_BAYESIAN_LINEAR_LINEAR_GAUSSIAN_SBM_SCAR_MIXED_SIGNAL_5_PILOTS.zip,Bayesian_linear/production_seed_table.csv
Bayesian_linear/sessionInfo_Bayesian_linear_linear_gaussian_SBM_SCAR_mixed_signal.txt,847,a73563ec98012acc951d31fc06a2d2ca,fc740320f69c38b6b8d740458af1a54ba8baa1bd61a0a83aee3b1fc0a3347a28,SIMULATION_100_BAYESIAN_LINEAR_LINEAR_GAUSSIAN_SBM_SCAR_MIXED_SIGNAL_5_PILOTS.zip,Bayesian_linear/sessionInfo_Bayesian_linear_linear_gaussian_SBM_SCAR_mixed_signal.txt
Competitors/competing_methods_FINAL_MAIN_TABLE_means.csv,2346,15f2d635ca651f716fc56bee8556c3c8,0d34592bb4e4566384eefc74d2f5f9b183cffc2335ae6c528080cd42f9a800ff,SIMULATION_100_BAYESIAN_LINEAR_SCAR_REST.zip,SIMULATION_100_COMPETING_METHODS_LINEAR_GAUSSIAN_SBM_SCAR_MIXED_SIGNAL/competing_methods_FINAL_MAIN_TABLE_means.csv
Competitors/competing_methods_FINAL_PAPER_TABLE_mean_SD.csv,1895,b89e5c386e21526701dceba5bdc28c28,bcd1f5654c023cc738fb1b0c9f6cfa0d5032b964ecd18b0bf0fca6868e53e9b6,SIMULATION_100_BAYESIAN_LINEAR_SCAR_REST.zip,SIMULATION_100_COMPETING_METHODS_LINEAR_GAUSSIAN_SBM_SCAR_MIXED_SIGNAL/competing_methods_FINAL_PAPER_TABLE_mean_SD.csv
Competitors/competing_methods_all_node_probabilities.csv,65373966,3b8201047effdbfe98173339d2173dde,af4afed40e3e8f04d53d8b6847ac7a9fcf834573737b00b7e4325e6b3ce1b6fa,SIMULATION_100_BAYESIAN_LINEAR_SCAR_REST.zip,SIMULATION_100_COMPETING_METHODS_LINEAR_GAUSSIAN_SBM_SCAR_MIXED_SIGNAL/competing_methods_all_node_probabilities.csv
Competitors/competing_methods_failure_log.csv,75,f9cea9f131ac5aca5bea2d251c006216,0629a6b5e1064a308a3a7043337e5621fdc3c7c9fa295e2af7c9c464413f8f7a,SIMULATION_100_BAYESIAN_LINEAR_SCAR_REST.zip,SIMULATION_100_COMPETING_METHODS_LINEAR_GAUSSIAN_SBM_SCAR_MIXED_SIGNAL/competing_methods_failure_log.csv
Competitors/competing_methods_metric_summary_long.csv,23355,8a001254e1cbea6854d763a92d927591,bfec3de7f4cfb4de75a9ad07edf6424b47708a817dd7fcd46bac39f71b78374a,SIMULATION_100_BAYESIAN_LINEAR_SCAR_REST.zip,SIMULATION_100_COMPETING_METHODS_LINEAR_GAUSSIAN_SBM_SCAR_MIXED_SIGNAL/competing_methods_metric_summary_long.csv
Competitors/competing_methods_metrics_by_replicate.csv,254140,6ea88054040a47cc520ab22284365e4e,a4834d75da44f74fd1e2bdcbbbc9e1a1c04255adccd79e015c55fe3986585ec8,SIMULATION_100_BAYESIAN_LINEAR_SCAR_REST.zip,SIMULATION_100_COMPETING_METHODS_LINEAR_GAUSSIAN_SBM_SCAR_MIXED_SIGNAL/competing_methods_metrics_by_replicate.csv
Competitors/competing_methods_uncertainty_metrics_80_95.csv,867,714378a43f82dd4004df780064068c13,63b2fc8b52831e41b75377bac94031dd34443c00762788b804bbf4dad249ff6e,SIMULATION_100_BAYESIAN_LINEAR_SCAR_REST.zip,SIMULATION_100_COMPETING_METHODS_LINEAR_GAUSSIAN_SBM_SCAR_MIXED_SIGNAL/competing_methods_uncertainty_metrics_80_95.csv
Competitors/generated_geometries/replicate_001_geometry.rds,90184,873bd9a8908b934a746a6d2d43482777,aa1c6eff606c25ba3bcf80c4d96537060e8e50bc70c1ac9cd6ab7e331d6f4c5f,SIMULATION_100_BAYESIAN_LINEAR_SCAR_REST.zip,SIMULATION_100_COMPETING_METHODS_LINEAR_GAUSSIAN_SBM_SCAR_MIXED_SIGNAL/generated_geometries/replicate_001_geometry.rds
Competitors/generated_geometries/replicate_002_geometry.rds,90435,b7cf496aa01e4f7280a610975faf4b7b,cbaa530b55486847781a99686dcd7fb634a4d8889ac8dadf5c9c52a94b95eeb9,SIMULATION_100_BAYESIAN_LINEAR_SCAR_REST.zip,SIMULATION_100_COMPETING_METHODS_LINEAR_GAUSSIAN_SBM_SCAR_MIXED_SIGNAL/generated_geometries/replicate_002_geometry.rds
Competitors/generated_geometries/replicate_003_geometry.rds,94081,de1e3e66dfeb643ab4d0f74a0b02677e,a7fe9a2f85d73d192ad89d208bb9fe3e1b1604e72251b940912937f2657f3573,SIMULATION_100_BAYESIAN_LINEAR_SCAR_REST.zip,SIMULATION_100_COMPETING_METHODS_LINEAR_GAUSSIAN_SBM_SCAR_MIXED_SIGNAL/generated_geometries/replicate_003_geometry.rds
Competitors/generated_geometries/replicate_004_geometry.rds,100720,55b891df3d80270ce5161a9beb3e64e3,4c4d41c2a04af4b04467c8432c1c0e355aaf05ac92f1339802353d5ccf3ff45e,SIMULATION_100_BAYESIAN_LINEAR_SCAR_REST.zip,SIMULATION_100_COMPETING_METHODS_LINEAR_GAUSSIAN_SBM_SCAR_MIXED_SIGNAL/generated_geometries/replicate_004_geometry.rds
Competitors/generated_geometries/replicate_005_geometry.rds,94162,170ffc8174dc3c4f5fcd271328ef544f,442fa51d9c0fdffa21755f52f98bbad7d17a98eefe3344a6a7fecb8f7e0ed773,SIMULATION_100_BAYESIAN_LINEAR_SCAR_REST.zip,SIMULATION_100_COMPETING_METHODS_LINEAR_GAUSSIAN_SBM_SCAR_MIXED_SIGNAL/generated_geometries/replicate_005_geometry.rds
Competitors/generated_geometries/replicate_006_geometry.rds,90260,8c1076d4ed48bf9c61aad90556abee88,795f652fd8c312073f8f2c4fcc37f44752538a310bf6d574f7e70bd7aa46d11d,SIMULATION_100_BAYESIAN_LINEAR_SCAR_REST.zip,SIMULATION_100_COMPETING_METHODS_LINEAR_GAUSSIAN_SBM_SCAR_MIXED_SIGNAL/generated_geometries/replicate_006_geometry.rds
Competitors/generated_geometries/replicate_007_geometry.rds,117079,7be623799003205232673224f1f67f0d,3e5b802e2ae229b16845876172070bbed704241c707146473ae7b003b09ac572,SIMULATION_100_BAYESIAN_LINEAR_SCAR_REST.zip,SIMULATION_100_COMPETING_METHODS_LINEAR_GAUSSIAN_SBM_SCAR_MIXED_SIGNAL/generated_geometries/replicate_007_geometry.rds
Competitors/generated_geometries/replicate_008_geometry.rds,97354,ad24811dfbb1fa9ffb3495c32dc9472e,77feaed70966639a5ba47bb90a78f02cc3a9a0045221389e582da97f041289bd,SIMULATION_100_BAYESIAN_LINEAR_SCAR_REST.zip,SIMULATION_100_COMPETING_METHODS_LINEAR_GAUSSIAN_SBM_SCAR_MIXED_SIGNAL/generated_geometries/replicate_008_geometry.rds
Competitors/generated_geometries/replicate_009_geometry.rds,90381,f199844f1b4c83ebf32372e45bdbbefe,56be7948e86fed19de89eb9eb3a97f591aa16fbd976d019dd275b2107d54eb7a,SIMULATION_100_BAYESIAN_LINEAR_SCAR_REST.zip,SIMULATION_100_COMPETING_METHODS_LINEAR_GAUSSIAN_SBM_SCAR_MIXED_SIGNAL/generated_geometries/replicate_009_geometry.rds
Competitors/generated_geometries/replicate_010_geometry.rds,90341,a90f7fcbb6bf659b705ff974a8fe3046,c4b061700e89a11b4a307bcf507e50d8344353864ba38bd5a18f1c62f2e5f33b,SIMULATION_100_BAYESIAN_LINEAR_SCAR_REST.zip,SIMULATION_100_COMPETING_METHODS_LINEAR_GAUSSIAN_SBM_SCAR_MIXED_SIGNAL/generated_geometries/replicate_010_geometry.rds
Competitors/generated_geometries/replicate_011_geometry.rds,104403,84e1a796eccb20d3233b0fcdb5fdd133,739afc23d6612ac6fde41c693872d610854663f63f224b2c6f2c0b09a03f11a3,SIMULATION_100_BAYESIAN_LINEAR_SCAR_REST.zip,SIMULATION_100_COMPETING_METHODS_LINEAR_GAUSSIAN_SBM_SCAR_MIXED_SIGNAL/generated_geometries/replicate_011_geometry.rds
Competitors/generated_geometries/replicate_012_geometry.rds,90219,1b3337eee46be75ace49e384a07b680b,1f54d426763b4c9470bd23b6ff961ad5b105dd881d43f368daab8a4a36c3d062,SIMULATION_100_BAYESIAN_LINEAR_SCAR_REST.zip,SIMULATION_100_COMPETING_METHODS_LINEAR_GAUSSIAN_SBM_SCAR_MIXED_SIGNAL/generated_geometries/replicate_012_geometry.rds
Competitors/generated_geometries/replicate_013_geometry.rds,90301,68167b6de73ee1843b6c68a5e21f8990,bcad7623b46132fef357f9d40d0d2397ab325e5742519aca877af450871c1eb4,SIMULATION_100_BAYESIAN_LINEAR_SCAR_REST.zip,SIMULATION_100_COMPETING_METHODS_LINEAR_GAUSSIAN_SBM_SCAR_MIXED_SIGNAL/generated_geometries/replicate_013_geometry.rds
Competitors/generated_geometries/replicate_014_geometry.rds,90291,c43a324bfb3a24eb74146cf84d823b7d,3218fdd29e8d564a662d1c11f5c655179f968d0754a0f5c71a081377d0ae4969,SIMULATION_100_BAYESIAN_LINEAR_SCAR_REST.zip,SIMULATION_100_COMPETING_METHODS_LINEAR_GAUSSIAN_SBM_SCAR_MIXED_SIGNAL/generated_geometries/replicate_014_geometry.rds
Competitors/generated_geometries/replicate_015_geometry.rds,104217,dac434df19e2304d9296caf25f639060,16488c337298915c2916969b44f4e8ffe36ba28dda7a97c41fdd40a87cf9ad61,SIMULATION_100_BAYESIAN_LINEAR_SCAR_REST.zip,SIMULATION_100_COMPETING_METHODS_LINEAR_GAUSSIAN_SBM_SCAR_MIXED_SIGNAL/generated_geometries/replicate_015_geometry.rds
Competitors/generated_geometries/replicate_016_geometry.rds,90320,0dd4a864b5b06ffa41ed393b7b42497e,e6ec859af45402c625066ebbb2b7820ba30aafccc1c34ad987a3402f5e505922,SIMULATION_100_BAYESIAN_LINEAR_SCAR_REST.zip,SIMULATION_100_COMPETING_METHODS_LINEAR_GAUSSIAN_SBM_SCAR_MIXED_SIGNAL/generated_geometries/replicate_016_geometry.rds
Competitors/generated_geometries/replicate_017_geometry.rds,97393,5c1a285b94c68f92acecfbd85ffaedc9,6b9c0a71931096e82e7d68b60201f27e194945446a290c10747a28684234b309,SIMULATION_100_BAYESIAN_LINEAR_SCAR_REST.zip,SIMULATION_100_COMPETING_METHODS_LINEAR_GAUSSIAN_SBM_SCAR_MIXED_SIGNAL/generated_geometries/replicate_017_geometry.rds
Competitors/generated_geometries/replicate_018_geometry.rds,141707,8e8e64df0000e4f47bf1b0f94dfcf822,7b360fcdb67da9f75b21f11bb31e62674a6408308e355115e441fc5271b94295,SIMULATION_100_BAYESIAN_LINEAR_SCAR_REST.zip,SIMULATION_100_COMPETING_METHODS_LINEAR_GAUSSIAN_SBM_SCAR_MIXED_SIGNAL/generated_geometries/replicate_018_geometry.rds
Competitors/generated_geometries/replicate_019_geometry.rds,90304,b6017cd72446aea870952d5126533d42,c23d919ab54b80b630bcc8074ac004a9daed8b632bbb62f1e962e8bc92dc200f,SIMULATION_100_BAYESIAN_LINEAR_SCAR_REST.zip,SIMULATION_100_COMPETING_METHODS_LINEAR_GAUSSIAN_SBM_SCAR_MIXED_SIGNAL/generated_geometries/replicate_019_geometry.rds
Competitors/generated_geometries/replicate_020_geometry.rds,97043,13168243c65c6d1aa3fa6a045c5853ec,f97b1e0edeef8d5bbea53b19fa4dd295552812a291f442714bd0ccf9caf7cb2f,SIMULATION_100_BAYESIAN_LINEAR_SCAR_REST.zip,SIMULATION_100_COMPETING_METHODS_LINEAR_GAUSSIAN_SBM_SCAR_MIXED_SIGNAL/generated_geometries/replicate_020_geometry.rds
Competitors/generated_geometries/replicate_021_geometry.rds,97504,ade493b23e661318eca083c746e1711a,0aef856c3d2f5d8cb5f54a3a7114e0b99db9fa89f72ccbcbe5f83a9c6815a46c,SIMULATION_100_BAYESIAN_LINEAR_SCAR_REST.zip,SIMULATION_100_COMPETING_METHODS_LINEAR_GAUSSIAN_SBM_SCAR_MIXED_SIGNAL/generated_geometries/replicate_021_geometry.rds
Competitors/generated_geometries/replicate_022_geometry.rds,93822,ffab68a4ac86a117355d83a2cbb20f55,35bc0bcb1c75183894cce76aaf5b7ed3f4193c65d7648419909d3b3df199fece,SIMULATION_100_BAYESIAN_LINEAR_SCAR_REST.zip,SIMULATION_100_COMPETING_METHODS_LINEAR_GAUSSIAN_SBM_SCAR_MIXED_SIGNAL/generated_geometries/replicate_022_geometry.rds
Competitors/generated_geometries/replicate_023_geometry.rds,90342,dfe4bf0399a6b35043303d2c41a464d7,b3fb3e7b1870f2108d398bc7cbb3ff76a046ddc1c6cb9664abfc0d01ce8ea18c,SIMULATION_100_BAYESIAN_LINEAR_SCAR_REST.zip,SIMULATION_100_COMPETING_METHODS_LINEAR_GAUSSIAN_SBM_SCAR_MIXED_SIGNAL/generated_geometries/replicate_023_geometry.rds
Competitors/generated_geometries/replicate_024_geometry.rds,107487,4a3c4228c6213ba48974f2564b4da38f,61beaa3a0a35eeb1d488365ee6ce05ddf72ece9cc177a7ea22e9cc97ec4d85b9,SIMULATION_100_BAYESIAN_LINEAR_SCAR_REST.zip,SIMULATION_100_COMPETING_METHODS_LINEAR_GAUSSIAN_SBM_SCAR_MIXED_SIGNAL/generated_geometries/replicate_024_geometry.rds
Competitors/generated_geometries/replicate_025_geometry.rds,93816,62bc4081a8f91f8d2f7e73a568907d74,3b7907e79207d68d424d48a1f3784472eab2df1d5da347c5640c6de43732971d,SIMULATION_100_BAYESIAN_LINEAR_SCAR_REST.zip,SIMULATION_100_COMPETING_METHODS_LINEAR_GAUSSIAN_SBM_SCAR_MIXED_SIGNAL/generated_geometries/replicate_025_geometry.rds
Competitors/generated_geometries/replicate_026_geometry.rds,100768,8291b1e9fdf4eb9423abc38ce07b0eb5,20a4fca688184100f6bdc70c2715d699104e36a725e7d4204393f4329528cb6d,SIMULATION_100_BAYESIAN_LINEAR_SCAR_REST.zip,SIMULATION_100_COMPETING_METHODS_LINEAR_GAUSSIAN_SBM_SCAR_MIXED_SIGNAL/generated_geometries/replicate_026_geometry.rds
Competitors/generated_geometries/replicate_027_geometry.rds,90268,c4f90ae236f561659eec3f0236577327,7ee82f93cf8c3304a2fba06efc35c9cb2c23bbd19f097f836c00b60cea2b3dae,SIMULATION_100_BAYESIAN_LINEAR_SCAR_REST.zip,SIMULATION_100_COMPETING_METHODS_LINEAR_GAUSSIAN_SBM_SCAR_MIXED_SIGNAL/generated_geometries/replicate_027_geometry.rds
Competitors/generated_geometries/replicate_028_geometry.rds,93980,f68c08f6520023090a433cfb38c86329,34c48ab4df661d2245a6b09b9ed7259d35466381657c7f608694fd5f71512e9a,SIMULATION_100_BAYESIAN_LINEAR_SCAR_REST.zip,SIMULATION_100_COMPETING_METHODS_LINEAR_GAUSSIAN_SBM_SCAR_MIXED_SIGNAL/generated_geometries/replicate_028_geometry.rds
Competitors/generated_geometries/replicate_029_geometry.rds,100814,eb8525234e9f6d6f98305c44d9268433,38a8124ef2addfabe6ff9cd1b639ef8b50e945b480f8cb1e0332e1b9fbe36517,SIMULATION_100_BAYESIAN_LINEAR_SCAR_REST.zip,SIMULATION_100_COMPETING_METHODS_LINEAR_GAUSSIAN_SBM_SCAR_MIXED_SIGNAL/generated_geometries/replicate_029_geometry.rds
Competitors/generated_geometries/replicate_030_geometry.rds,90204,5ad9ef579c2ef1238e28ea58627cbeb5,75981dbf0a6f0929ab3f81c5e9b6214af328be900048b008ae73973a860b0143,SIMULATION_100_BAYESIAN_LINEAR_SCAR_REST.zip,SIMULATION_100_COMPETING_METHODS_LINEAR_GAUSSIAN_SBM_SCAR_MIXED_SIGNAL/generated_geometries/replicate_030_geometry.rds
Competitors/generated_geometries/replicate_031_geometry.rds,93856,ade497ffd725be26419cf71ad05bf6d6,8b1e9ea042e7fa2920a57cbe4c483a4dc94396eccca0965908c356ebf9848d0a,SIMULATION_100_BAYESIAN_LINEAR_SCAR_REST.zip,SIMULATION_100_COMPETING_METHODS_LINEAR_GAUSSIAN_SBM_SCAR_MIXED_SIGNAL/generated_geometries/replicate_031_geometry.rds
Competitors/generated_geometries/replicate_032_geometry.rds,110382,5a0d5f188db75c119b78f266db7cd552,5501e6ae98364c8ec312015ba076a996b9d2f5051e5b2276fe6814f043db0092,SIMULATION_100_BAYESIAN_LINEAR_SCAR_REST.zip,SIMULATION_100_COMPETING_METHODS_LINEAR_GAUSSIAN_SBM_SCAR_MIXED_SIGNAL/generated_geometries/replicate_032_geometry.rds
Competitors/generated_geometries/replicate_033_geometry.rds,97490,53ab6eecb7647305a6ee8bbbd6e62dd4,84ca3920d98ad72b4a64620a0cb492319358151bbaadb5fc46bd1759af0226a5,SIMULATION_100_BAYESIAN_LINEAR_SCAR_REST.zip,SIMULATION_100_COMPETING_METHODS_LINEAR_GAUSSIAN_SBM_SCAR_MIXED_SIGNAL/generated_geometries/replicate_033_geometry.rds
Competitors/generated_geometries/replicate_034_geometry.rds,90142,8a3ecc0921cdad82aa3b28bbb09c9a77,19bd9a8ca71382d319323af7a0a515de761a1d3f72944bc596adb6e4e7b65426,SIMULATION_100_BAYESIAN_LINEAR_SCAR_REST.zip,SIMULATION_100_COMPETING_METHODS_LINEAR_GAUSSIAN_SBM_SCAR_MIXED_SIGNAL/generated_geometries/replicate_034_geometry.rds
Competitors/generated_geometries/replicate_035_geometry.rds,90049,91a4cb9dfa349dd9001dc86487ce0bdb,8bd4d6253d04826998bb392be9560c7012607673828d547285225923a030b484,SIMULATION_100_BAYESIAN_LINEAR_SCAR_REST.zip,SIMULATION_100_COMPETING_METHODS_LINEAR_GAUSSIAN_SBM_SCAR_MIXED_SIGNAL/generated_geometries/replicate_035_geometry.rds
Competitors/generated_geometries/replicate_036_geometry.rds,90196,826e7628fd74e2bbb7b4602d7f51f452,f8b9f73e55a75732ee189c09d412104bee2841756b368f543e581b21f72f1a23,SIMULATION_100_BAYESIAN_LINEAR_SCAR_REST.zip,SIMULATION_100_COMPETING_METHODS_LINEAR_GAUSSIAN_SBM_SCAR_MIXED_SIGNAL/generated_geometries/replicate_036_geometry.rds
Competitors/generated_geometries/replicate_037_geometry.rds,100741,dda1c681411e1a3af212a4b421704c05,ad0eab8d2a920425991a88810f831576b0de02fa13a54998ab305f221e6300a2,SIMULATION_100_BAYESIAN_LINEAR_SCAR_REST.zip,SIMULATION_100_COMPETING_METHODS_LINEAR_GAUSSIAN_SBM_SCAR_MIXED_SIGNAL/generated_geometries/replicate_037_geometry.rds
Competitors/generated_geometries/replicate_038_geometry.rds,94027,cf52c3d5a3acec1f1257c89216637e43,2146154446f406aea9e25d7e1df5a152b5fb3af349278c77c6c3481ca4462b3e,SIMULATION_100_BAYESIAN_LINEAR_SCAR_REST.zip,SIMULATION_100_COMPETING_METHODS_LINEAR_GAUSSIAN_SBM_SCAR_MIXED_SIGNAL/generated_geometries/replicate_038_geometry.rds
Competitors/generated_geometries/replicate_039_geometry.rds,90456,149c68cee5500af13b420eea3627803e,519e33298bc4adf330ae3978d05e0d84bbb4625db1b33d991d99746753402357,SIMULATION_100_BAYESIAN_LINEAR_SCAR_REST.zip,SIMULATION_100_COMPETING_METHODS_LINEAR_GAUSSIAN_SBM_SCAR_MIXED_SIGNAL/generated_geometries/replicate_039_geometry.rds
Competitors/generated_geometries/replicate_040_geometry.rds,97365,a638c4d1c2e27f7d6c398d8e80d21bf7,2576c3c0eb366ab456e59b059e09f00e0a333da77733d9084efdc9c74a7ecaa7,SIMULATION_100_BAYESIAN_LINEAR_SCAR_REST.zip,SIMULATION_100_COMPETING_METHODS_LINEAR_GAUSSIAN_SBM_SCAR_MIXED_SIGNAL/generated_geometries/replicate_040_geometry.rds
Competitors/generated_geometries/replicate_041_geometry.rds,93845,de4745bd0d197297d177d9989eb0acd5,e9283d5f0d64d2c489e532dde9a4b68f6e15f727518c2fae2f9dcca991cb65b4,SIMULATION_100_BAYESIAN_LINEAR_SCAR_REST.zip,SIMULATION_100_COMPETING_METHODS_LINEAR_GAUSSIAN_SBM_SCAR_MIXED_SIGNAL/generated_geometries/replicate_041_geometry.rds
Competitors/generated_geometries/replicate_042_geometry.rds,94044,c9f918aa26e6165acf0374618197c347,8b54fc71c5a72190b91c44dc3570e044e5a4d78617b9848c3ec554692a75d156,SIMULATION_100_BAYESIAN_LINEAR_SCAR_REST.zip,SIMULATION_100_COMPETING_METHODS_LINEAR_GAUSSIAN_SBM_SCAR_MIXED_SIGNAL/generated_geometries/replicate_042_geometry.rds
Competitors/generated_geometries/replicate_043_geometry.rds,90291,275811ac562044314639b3b40b3d0cd9,41c1aca8b825c5099c5de97cfa7888cff093a40f1a50f831c2f60d5f1b1ec740,SIMULATION_100_BAYESIAN_LINEAR_SCAR_REST.zip,SIMULATION_100_COMPETING_METHODS_LINEAR_GAUSSIAN_SBM_SCAR_MIXED_SIGNAL/generated_geometries/replicate_043_geometry.rds
Competitors/generated_geometries/replicate_044_geometry.rds,97480,48e278116098c4f35bcfb5b3ce9ac1cc,33ce2d91dac64d36d218662192eda2d8049b1dfce0ba12f0794311065c5cb4d5,SIMULATION_100_BAYESIAN_LINEAR_SCAR_REST.zip,SIMULATION_100_COMPETING_METHODS_LINEAR_GAUSSIAN_SBM_SCAR_MIXED_SIGNAL/generated_geometries/replicate_044_geometry.rds
Competitors/generated_geometries/replicate_045_geometry.rds,97593,f028f431a93f3b9ad3e6d9e867df46f8,551f0074b4d29134a3ce258be5d86d3c96e5dbbc6840a855d6bf7857794e6325,SIMULATION_100_BAYESIAN_LINEAR_SCAR_REST.zip,SIMULATION_100_COMPETING_METHODS_LINEAR_GAUSSIAN_SBM_SCAR_MIXED_SIGNAL/generated_geometries/replicate_045_geometry.rds
Competitors/generated_geometries/replicate_046_geometry.rds,110664,c3403357524c5f2138fbc849107a029a,7f346881a4b6530a77d9a60c1f323fad887c8de35dfa66561ee6481efc4502de,SIMULATION_100_BAYESIAN_LINEAR_SCAR_REST.zip,SIMULATION_100_COMPETING_METHODS_LINEAR_GAUSSIAN_SBM_SCAR_MIXED_SIGNAL/generated_geometries/replicate_046_geometry.rds
Competitors/generated_geometries/replicate_047_geometry.rds,94103,c90181ae9c0a7885945e5bca278ccb71,46099f4333ce58647d1f2b8ef2a2c37e364c475078e1127c4d87e500b6a4849c,SIMULATION_100_BAYESIAN_LINEAR_SCAR_REST.zip,SIMULATION_100_COMPETING_METHODS_LINEAR_GAUSSIAN_SBM_SCAR_MIXED_SIGNAL/generated_geometries/replicate_047_geometry.rds
Competitors/generated_geometries/replicate_048_geometry.rds,90059,5bf3d89a71f0984d9b6d56f6f854cd66,449e7c5972c28fb4ea283aed67880605f67b6a674d9954aada0084139ba99100,SIMULATION_100_BAYESIAN_LINEAR_SCAR_REST.zip,SIMULATION_100_COMPETING_METHODS_LINEAR_GAUSSIAN_SBM_SCAR_MIXED_SIGNAL/generated_geometries/replicate_048_geometry.rds
Competitors/generated_geometries/replicate_049_geometry.rds,94228,a8bc2070d984ffc31a60693060ca43bb,7cb5a775189ca08ddee8099ac2e0b876587b3e851e37bf1f4f55472d36f928e7,SIMULATION_100_BAYESIAN_LINEAR_SCAR_REST.zip,SIMULATION_100_COMPETING_METHODS_LINEAR_GAUSSIAN_SBM_SCAR_MIXED_SIGNAL/generated_geometries/replicate_049_geometry.rds
Competitors/generated_geometries/replicate_050_geometry.rds,90122,559ebbe072fda5be20ac952917b196a6,b5531b4248be4e65bdf26f5ec0e003e6a3e50bf5c33f2372c41a9c76ad8125c6,SIMULATION_100_BAYESIAN_LINEAR_SCAR_REST.zip,SIMULATION_100_COMPETING_METHODS_LINEAR_GAUSSIAN_SBM_SCAR_MIXED_SIGNAL/generated_geometries/replicate_050_geometry.rds
Competitors/generated_geometries/replicate_051_geometry.rds,104263,3e061005d00ecb87ca9e9701fe340eb7,0afc48ddae92e3f81482920ef994256e477bb1749352b107964a57d8e4f9e503,SIMULATION_100_BAYESIAN_LINEAR_SCAR_REST.zip,SIMULATION_100_COMPETING_METHODS_LINEAR_GAUSSIAN_SBM_SCAR_MIXED_SIGNAL/generated_geometries/replicate_051_geometry.rds
Competitors/generated_geometries/replicate_052_geometry.rds,94014,efcec9bd7ece9dbce1a207b91c2a8195,03e152ed552c1ffdfd0206e26cefa502444ae0700a20d62e23eeb84e109269d3,SIMULATION_100_BAYESIAN_LINEAR_SCAR_REST.zip,SIMULATION_100_COMPETING_METHODS_LINEAR_GAUSSIAN_SBM_SCAR_MIXED_SIGNAL/generated_geometries/replicate_052_geometry.rds
Competitors/generated_geometries/replicate_053_geometry.rds,93855,768ca8506d65a3bf1a97e52522a1ae59,eb223c378dc4091bc638a938a2034dbe9c5ee82c134dfcc76e7c8212429be44b,SIMULATION_100_BAYESIAN_LINEAR_SCAR_REST.zip,SIMULATION_100_COMPETING_METHODS_LINEAR_GAUSSIAN_SBM_SCAR_MIXED_SIGNAL/generated_geometries/replicate_053_geometry.rds
Competitors/generated_geometries/replicate_054_geometry.rds,90213,e59399df82f2ced62aa807b70e0c7193,69a485602dccb7bce28f1875ba7cb28c36d1cd988a43b1db684b6b39f486aba2,SIMULATION_100_BAYESIAN_LINEAR_SCAR_REST.zip,SIMULATION_100_COMPETING_METHODS_LINEAR_GAUSSIAN_SBM_SCAR_MIXED_SIGNAL/generated_geometries/replicate_054_geometry.rds
Competitors/generated_geometries/replicate_055_geometry.rds,120132,81ef1e01715f4084dc656da0a6725682,4d731e32b529a449f5085f88399ed7f8df5a59ed8d9e149d64b1887c40899b95,SIMULATION_100_BAYESIAN_LINEAR_SCAR_REST.zip,SIMULATION_100_COMPETING_METHODS_LINEAR_GAUSSIAN_SBM_SCAR_MIXED_SIGNAL/generated_geometries/replicate_055_geometry.rds
Competitors/generated_geometries/replicate_056_geometry.rds,90508,59533b62dd75118f26eb1a18e739fa99,4014ad5128ddc79744f288b3ff60135cbba4965370aaa1bba60bc013ed4bae12,SIMULATION_100_BAYESIAN_LINEAR_SCAR_REST.zip,SIMULATION_100_COMPETING_METHODS_LINEAR_GAUSSIAN_SBM_SCAR_MIXED_SIGNAL/generated_geometries/replicate_056_geometry.rds
Competitors/generated_geometries/replicate_057_geometry.rds,93762,e0f18724c1b3ba8776a8c794fcf8ac08,9ebd09728bc0fe60cc5c62733e610fa87da7cade6248a30d594e746cd6f7d320,SIMULATION_100_BAYESIAN_LINEAR_SCAR_REST.zip,SIMULATION_100_COMPETING_METHODS_LINEAR_GAUSSIAN_SBM_SCAR_MIXED_SIGNAL/generated_geometries/replicate_057_geometry.rds
Competitors/generated_geometries/replicate_058_geometry.rds,110571,f1604a6de499a70f23f5e0c5d74461fc,5b308e79ec25d418527a3611507f5fc7be10a9d31064af89987188169d4d81b0,SIMULATION_100_BAYESIAN_LINEAR_SCAR_REST.zip,SIMULATION_100_COMPETING_METHODS_LINEAR_GAUSSIAN_SBM_SCAR_MIXED_SIGNAL/generated_geometries/replicate_058_geometry.rds
Competitors/generated_geometries/replicate_059_geometry.rds,103972,3553b0072df9ad7ebc75cbc647c81641,6b574c05ee8f52c2015050bee62b3e709d83c03c5ec5100c137023391fedc9a4,SIMULATION_100_BAYESIAN_LINEAR_SCAR_REST.zip,SIMULATION_100_COMPETING_METHODS_LINEAR_GAUSSIAN_SBM_SCAR_MIXED_SIGNAL/generated_geometries/replicate_059_geometry.rds
Competitors/generated_geometries/replicate_060_geometry.rds,97366,518f87fd8af206535034312bfdfdc493,3bc042c3b47d8639898fbbbb8ab1d694bfd6a9d2673849305ea58a593e61c762,SIMULATION_100_BAYESIAN_LINEAR_SCAR_REST.zip,SIMULATION_100_COMPETING_METHODS_LINEAR_GAUSSIAN_SBM_SCAR_MIXED_SIGNAL/generated_geometries/replicate_060_geometry.rds
Competitors/generated_geometries/replicate_061_geometry.rds,90415,2948190415aa2f0199ac0e6d31a18041,863b921e3251cff3bffb9ef44278424370cac45f39111c54775dd3cbe3080f1a,SIMULATION_100_BAYESIAN_LINEAR_SCAR_REST.zip,SIMULATION_100_COMPETING_METHODS_LINEAR_GAUSSIAN_SBM_SCAR_MIXED_SIGNAL/generated_geometries/replicate_061_geometry.rds
Competitors/generated_geometries/replicate_062_geometry.rds,107474,2553db596bc59924dc0787a8a760b47d,4a4778436624934fe1475efce7d67ae307ef9d679d62c6e357d0034112e0e8f5,SIMULATION_100_BAYESIAN_LINEAR_SCAR_REST.zip,SIMULATION_100_COMPETING_METHODS_LINEAR_GAUSSIAN_SBM_SCAR_MIXED_SIGNAL/generated_geometries/replicate_062_geometry.rds
Competitors/generated_geometries/replicate_063_geometry.rds,90378,ff417cf7ce248f120ba37e3a6b39ce35,b5305b98c75dc9f00f69857b06ff42bcd9b576c41c24285d7a33f5b0077c6b7d,SIMULATION_100_BAYESIAN_LINEAR_SCAR_REST.zip,SIMULATION_100_COMPETING_METHODS_LINEAR_GAUSSIAN_SBM_SCAR_MIXED_SIGNAL/generated_geometries/replicate_063_geometry.rds
Competitors/generated_geometries/replicate_064_geometry.rds,93869,524ae8b426eb9aeab985599858c1a503,dc67cdd2ee008a7468ac8ce92f8dc6b766177bc3b46bc0339069fb18914c6cc4,SIMULATION_100_BAYESIAN_LINEAR_SCAR_REST.zip,SIMULATION_100_COMPETING_METHODS_LINEAR_GAUSSIAN_SBM_SCAR_MIXED_SIGNAL/generated_geometries/replicate_064_geometry.rds
Competitors/generated_geometries/replicate_065_geometry.rds,93987,f5ae1a076109b63874d3ad3f29a14bde,c75710d520da35b981399b54cc9cc573dc5bffbee8c936010b5db031d100f622,SIMULATION_100_BAYESIAN_LINEAR_SCAR_REST.zip,SIMULATION_100_COMPETING_METHODS_LINEAR_GAUSSIAN_SBM_SCAR_MIXED_SIGNAL/generated_geometries/replicate_065_geometry.rds
Competitors/generated_geometries/replicate_066_geometry.rds,90290,74bcbec60d22e49ef6c1d751e3d5a08d,0d413f7575652b7dc8046a6a6faed6ff17147fd45f9687a283956f770c0360ad,SIMULATION_100_BAYESIAN_LINEAR_SCAR_REST.zip,SIMULATION_100_COMPETING_METHODS_LINEAR_GAUSSIAN_SBM_SCAR_MIXED_SIGNAL/generated_geometries/replicate_066_geometry.rds
Competitors/generated_geometries/replicate_067_geometry.rds,90302,5007859292051eb6c6171ecc4044b4c1,348420eb91187a992b613800c69ba2b972b9049f2f7deb0b22a5761eb4ccf6b9,SIMULATION_100_BAYESIAN_LINEAR_SCAR_REST.zip,SIMULATION_100_COMPETING_METHODS_LINEAR_GAUSSIAN_SBM_SCAR_MIXED_SIGNAL/generated_geometries/replicate_067_geometry.rds
Competitors/generated_geometries/replicate_068_geometry.rds,90283,4434c99c1e6ac915c5beb995b732d369,bcc919d7d53f374fec7e69f7b5beced0a9a99c5f3ea91be274e577803e4a2af2,SIMULATION_100_BAYESIAN_LINEAR_SCAR_REST.zip,SIMULATION_100_COMPETING_METHODS_LINEAR_GAUSSIAN_SBM_SCAR_MIXED_SIGNAL/generated_geometries/replicate_068_geometry.rds
Competitors/generated_geometries/replicate_069_geometry.rds,97626,416eed5297d143d5171c78dec6fd05ab,ed35a78eaa8d2fcce555d8853f33cb9f6667447d64f4aab083308c3f317635d3,SIMULATION_100_BAYESIAN_LINEAR_SCAR_REST.zip,SIMULATION_100_COMPETING_METHODS_LINEAR_GAUSSIAN_SBM_SCAR_MIXED_SIGNAL/generated_geometries/replicate_069_geometry.rds
Competitors/generated_geometries/replicate_070_geometry.rds,93932,6c40ebe9bae59dbbe94619cdab3b24da,e5927119c18a2a019788bf9e4d6c53a2c627f65873a6f9fd77e1e837805bf646,SIMULATION_100_BAYESIAN_LINEAR_SCAR_REST.zip,SIMULATION_100_COMPETING_METHODS_LINEAR_GAUSSIAN_SBM_SCAR_MIXED_SIGNAL/generated_geometries/replicate_070_geometry.rds
Competitors/generated_geometries/replicate_071_geometry.rds,90103,0f5af4a0980771f1862d5f036f6ff71d,0f42197b949b7413e43254b8e35ff78740281a7367a01e1724567fb651089df3,SIMULATION_100_BAYESIAN_LINEAR_SCAR_REST.zip,SIMULATION_100_COMPETING_METHODS_LINEAR_GAUSSIAN_SBM_SCAR_MIXED_SIGNAL/generated_geometries/replicate_071_geometry.rds
Competitors/generated_geometries/replicate_072_geometry.rds,100504,42ef0d3d34d33cb4ec01f484fa3a0aee,6ba7a11890f1d82a3e61213af5fe448e07f1e013d00f2281f0a1f51b487f0833,SIMULATION_100_BAYESIAN_LINEAR_SCAR_REST.zip,SIMULATION_100_COMPETING_METHODS_LINEAR_GAUSSIAN_SBM_SCAR_MIXED_SIGNAL/generated_geometries/replicate_072_geometry.rds
Competitors/generated_geometries/replicate_073_geometry.rds,97155,b65d82abd65a9f764c566de12bb13c10,5761d487a7b8d4f135815a62694d27318f8cd637f15f3da3382b50d4f1d05044,SIMULATION_100_BAYESIAN_LINEAR_SCAR_REST.zip,SIMULATION_100_COMPETING_METHODS_LINEAR_GAUSSIAN_SBM_SCAR_MIXED_SIGNAL/generated_geometries/replicate_073_geometry.rds
Competitors/generated_geometries/replicate_074_geometry.rds,93830,6802b9a3743b33ce4bb53872450f6621,33a2d4b9e9b1ab095395192f9cabbc2d8f11f3c2aecebaf4713d141f37bab313,SIMULATION_100_BAYESIAN_LINEAR_SCAR_REST.zip,SIMULATION_100_COMPETING_METHODS_LINEAR_GAUSSIAN_SBM_SCAR_MIXED_SIGNAL/generated_geometries/replicate_074_geometry.rds
Competitors/generated_geometries/replicate_075_geometry.rds,90551,ac83d38e535ec938ae1735a7b48a5355,7430ebd5ab3048b263f734bb7dbe4557392db4092bc28d6be211c141f56e9e8c,SIMULATION_100_BAYESIAN_LINEAR_SCAR_REST.zip,SIMULATION_100_COMPETING_METHODS_LINEAR_GAUSSIAN_SBM_SCAR_MIXED_SIGNAL/generated_geometries/replicate_075_geometry.rds
Competitors/generated_geometries/replicate_076_geometry.rds,97458,f2c37d90b2230ba70d52d980a4af27fa,cc3612d7b6ff1afddabb12f5437a42d578b75c8db2894a9c52ca58377883e865,SIMULATION_100_BAYESIAN_LINEAR_SCAR_REST.zip,SIMULATION_100_COMPETING_METHODS_LINEAR_GAUSSIAN_SBM_SCAR_MIXED_SIGNAL/generated_geometries/replicate_076_geometry.rds
Competitors/generated_geometries/replicate_077_geometry.rds,90311,ba48e29e0f4911b2142d382a88cdc35f,ed452c701c02fd3b7b27487260e5636feabefd383da3adbf1b046742caecb9d1,SIMULATION_100_BAYESIAN_LINEAR_SCAR_REST.zip,SIMULATION_100_COMPETING_METHODS_LINEAR_GAUSSIAN_SBM_SCAR_MIXED_SIGNAL/generated_geometries/replicate_077_geometry.rds
Competitors/generated_geometries/replicate_078_geometry.rds,90268,9c29ad98a4600ca7245bda1dbfaa83a2,526447e3e593bde628a9dd30ad095b0b9eee39bbc8e62eef279958c1e6b09a7a,SIMULATION_100_BAYESIAN_LINEAR_SCAR_REST.zip,SIMULATION_100_COMPETING_METHODS_LINEAR_GAUSSIAN_SBM_SCAR_MIXED_SIGNAL/generated_geometries/replicate_078_geometry.rds
Competitors/generated_geometries/replicate_079_geometry.rds,93896,c3a17362ea105ae24816835ff2eb6715,45409f64cc1967cf099d3b9c8a34c68511b56b08486f4ca7fd69a0ae13af7f8a,SIMULATION_100_BAYESIAN_LINEAR_SCAR_REST.zip,SIMULATION_100_COMPETING_METHODS_LINEAR_GAUSSIAN_SBM_SCAR_MIXED_SIGNAL/generated_geometries/replicate_079_geometry.rds
Competitors/generated_geometries/replicate_080_geometry.rds,100979,69d0015c669176819c87e657d6f26616,60907d0be1b3530b925413373ff0dd6e30d271069e1f0a1ec45b6c81fb41b6f2,SIMULATION_100_BAYESIAN_LINEAR_SCAR_REST.zip,SIMULATION_100_COMPETING_METHODS_LINEAR_GAUSSIAN_SBM_SCAR_MIXED_SIGNAL/generated_geometries/replicate_080_geometry.rds
Competitors/generated_geometries/replicate_081_geometry.rds,90203,9ccd5cbe94b97c8e280543a6df076507,6ae322b3ffab9289ce7eb42f44e36e52564afa4bca5b3847fd7311719bf5e2d1,SIMULATION_100_BAYESIAN_LINEAR_SCAR_REST.zip,SIMULATION_100_COMPETING_METHODS_LINEAR_GAUSSIAN_SBM_SCAR_MIXED_SIGNAL/generated_geometries/replicate_081_geometry.rds
Competitors/generated_geometries/replicate_082_geometry.rds,97225,1122c2a84209840b97b37251f179cc5e,bc37c9d2b8b7a19880b9a39ff8274f4242e907630aaeb1ec682ca0d5998da8eb,SIMULATION_100_BAYESIAN_LINEAR_SCAR_REST.zip,SIMULATION_100_COMPETING_METHODS_LINEAR_GAUSSIAN_SBM_SCAR_MIXED_SIGNAL/generated_geometries/replicate_082_geometry.rds
Competitors/generated_geometries/replicate_083_geometry.rds,116827,1ed912f275d167f23309a8cb8eada4bf,623c074c82e30d915aade5f98f2fc49b0c78f49fac237a9f47a37ea40f414fb7,SIMULATION_100_BAYESIAN_LINEAR_SCAR_REST.zip,SIMULATION_100_COMPETING_METHODS_LINEAR_GAUSSIAN_SBM_SCAR_MIXED_SIGNAL/generated_geometries/replicate_083_geometry.rds
Competitors/generated_geometries/replicate_084_geometry.rds,90489,d14b6a927dd13ef73ec66bec5a319eac,029fa507c60b4150d667f85b0e5cb6a6a29fbdb6d79f6658778db00bd4913076,SIMULATION_100_BAYESIAN_LINEAR_SCAR_REST.zip,SIMULATION_100_COMPETING_METHODS_LINEAR_GAUSSIAN_SBM_SCAR_MIXED_SIGNAL/generated_geometries/replicate_084_geometry.rds
Competitors/generated_geometries/replicate_085_geometry.rds,90005,5e3b9f15ee196dd11bf855545b3de57a,1e1df61f893b13b71f08236384d033062d83c6915a4f3e82988ba158897e6fd3,SIMULATION_100_BAYESIAN_LINEAR_SCAR_REST.zip,SIMULATION_100_COMPETING_METHODS_LINEAR_GAUSSIAN_SBM_SCAR_MIXED_SIGNAL/generated_geometries/replicate_085_geometry.rds
Competitors/generated_geometries/replicate_086_geometry.rds,90287,4b2548f12d3782984be93053adfdf56e,23d63202cd21a8ff4653a342d050e53749b351723b9274e279130769f7b3044f,SIMULATION_100_BAYESIAN_LINEAR_SCAR_REST.zip,SIMULATION_100_COMPETING_METHODS_LINEAR_GAUSSIAN_SBM_SCAR_MIXED_SIGNAL/generated_geometries/replicate_086_geometry.rds
Competitors/generated_geometries/replicate_087_geometry.rds,94084,4bd040f97f8c3147b8e219c0b2eb500a,f6e42e21b50f624e061551f50ebfa8801583270ee690f6a0ce7f8f3feaa0ccaf,SIMULATION_100_BAYESIAN_LINEAR_SCAR_REST.zip,SIMULATION_100_COMPETING_METHODS_LINEAR_GAUSSIAN_SBM_SCAR_MIXED_SIGNAL/generated_geometries/replicate_087_geometry.rds
Competitors/generated_geometries/replicate_088_geometry.rds,90236,c1a39c226f9ca068700aca122fb5d9dc,b48e2a624c03f44b111ae47762c81ba546b754d3cb8fc9481fb2babaaf18a1b2,SIMULATION_100_BAYESIAN_LINEAR_SCAR_REST.zip,SIMULATION_100_COMPETING_METHODS_LINEAR_GAUSSIAN_SBM_SCAR_MIXED_SIGNAL/generated_geometries/replicate_088_geometry.rds
Competitors/generated_geometries/replicate_089_geometry.rds,90449,0983039c34d8dd818ff035f9275bf9f3,4cd26003fc1865487c14685ec5e1d9175d4b34c3938d4a76c289babdf9cc57fe,SIMULATION_100_BAYESIAN_LINEAR_SCAR_REST.zip,SIMULATION_100_COMPETING_METHODS_LINEAR_GAUSSIAN_SBM_SCAR_MIXED_SIGNAL/generated_geometries/replicate_089_geometry.rds
Competitors/generated_geometries/replicate_090_geometry.rds,138681,b4d219c2c13e1b930bb292e419e07afa,583b35d9c4cbeb18e83c42d5975918840049995fbc41310880d75a4b2ffa4ca2,SIMULATION_100_BAYESIAN_LINEAR_SCAR_REST.zip,SIMULATION_100_COMPETING_METHODS_LINEAR_GAUSSIAN_SBM_SCAR_MIXED_SIGNAL/generated_geometries/replicate_090_geometry.rds
Competitors/generated_geometries/replicate_091_geometry.rds,113601,cfbfec4dd8409119da8742d53b997816,b6cfd4248b5c6dc5890816b7fc7797dd5824df0e86472151e2112d32d76a41d7,SIMULATION_100_BAYESIAN_LINEAR_SCAR_REST.zip,SIMULATION_100_COMPETING_METHODS_LINEAR_GAUSSIAN_SBM_SCAR_MIXED_SIGNAL/generated_geometries/replicate_091_geometry.rds
Competitors/generated_geometries/replicate_092_geometry.rds,100563,584099ce41e7e454e313135dbdf7d94b,dec44161c793b10a6652f40c2141eb6f10b3a4fa815ed65d59d840a7dabcd1df,SIMULATION_100_BAYESIAN_LINEAR_SCAR_REST.zip,SIMULATION_100_COMPETING_METHODS_LINEAR_GAUSSIAN_SBM_SCAR_MIXED_SIGNAL/generated_geometries/replicate_092_geometry.rds
Competitors/generated_geometries/replicate_093_geometry.rds,90177,a688f487268d35b2bb5be2e92f5715cc,0c475bb69805a1d8a25442f98da7cb6dec192e2dcf85b4ee9b22bb56908d1971,SIMULATION_100_BAYESIAN_LINEAR_SCAR_REST.zip,SIMULATION_100_COMPETING_METHODS_LINEAR_GAUSSIAN_SBM_SCAR_MIXED_SIGNAL/generated_geometries/replicate_093_geometry.rds
Competitors/generated_geometries/replicate_094_geometry.rds,101034,e84318a829138a0975fe24c8c76f9bac,f9264a9bd29913346f4710286e08d5825a76a129129476a32c868cfd64ddd6a3,SIMULATION_100_BAYESIAN_LINEAR_SCAR_REST.zip,SIMULATION_100_COMPETING_METHODS_LINEAR_GAUSSIAN_SBM_SCAR_MIXED_SIGNAL/generated_geometries/replicate_094_geometry.rds
Competitors/generated_geometries/replicate_095_geometry.rds,94211,eb30e02891d0732cd95ee954b2e9d3e2,188624d3ef3299a6a32aa51f51505d94f04808e0377739ea6ed74636b541ebd3,SIMULATION_100_BAYESIAN_LINEAR_SCAR_REST.zip,SIMULATION_100_COMPETING_METHODS_LINEAR_GAUSSIAN_SBM_SCAR_MIXED_SIGNAL/generated_geometries/replicate_095_geometry.rds
Competitors/generated_geometries/replicate_096_geometry.rds,110815,13d845273b8b42dd390702e7be459fa0,993cb5bba707855e1abb7a74f3f38db6c1738afe012a739158d295e80d09bd58,SIMULATION_100_BAYESIAN_LINEAR_SCAR_REST.zip,SIMULATION_100_COMPETING_METHODS_LINEAR_GAUSSIAN_SBM_SCAR_MIXED_SIGNAL/generated_geometries/replicate_096_geometry.rds
Competitors/generated_geometries/replicate_097_geometry.rds,90090,deb4e1623bbba5aa7482b92c2faa3071,ef7930a3c60ca035b96117c0ee1df0345d8c0db5a29a87df5a478484417e13ad,SIMULATION_100_BAYESIAN_LINEAR_SCAR_REST.zip,SIMULATION_100_COMPETING_METHODS_LINEAR_GAUSSIAN_SBM_SCAR_MIXED_SIGNAL/generated_geometries/replicate_097_geometry.rds
Competitors/generated_geometries/replicate_098_geometry.rds,120287,37ff4ebb2c3e877fb267d603753478f8,2af08678d419be7f18757d51f5463e5b520a97a8f322b53a73e2bc86a735ede1,SIMULATION_100_BAYESIAN_LINEAR_SCAR_REST.zip,SIMULATION_100_COMPETING_METHODS_LINEAR_GAUSSIAN_SBM_SCAR_MIXED_SIGNAL/generated_geometries/replicate_098_geometry.rds
Competitors/generated_geometries/replicate_099_geometry.rds,90096,f25c00c994b9ee9baafb43a4ee77a9e4,3a4d3cfea97b98d795cfdb49e8f0d951356d484d35e0f6001ecb4dc069edb1b6,SIMULATION_100_BAYESIAN_LINEAR_SCAR_REST.zip,SIMULATION_100_COMPETING_METHODS_LINEAR_GAUSSIAN_SBM_SCAR_MIXED_SIGNAL/generated_geometries/replicate_099_geometry.rds
Competitors/generated_geometries/replicate_100_geometry.rds,90038,b4f2c7ed81cc033baab1fa12b08febe4,a894ea3f6abab75cbaf204aafcada4a1271947158a4302533e0cc5e546aacd87,SIMULATION_100_BAYESIAN_LINEAR_SCAR_REST.zip,SIMULATION_100_COMPETING_METHODS_LINEAR_GAUSSIAN_SBM_SCAR_MIXED_SIGNAL/generated_geometries/replicate_100_geometry.rds
Competitors/replicate_checkpoints/replicate_001.rds,51232,2d7e7501af5bd89db9262115d6487b28,203d81e08ebfa5300a412c54bb1bed8cc95c50dbc4afaa462248f7bbbd33f929,SIMULATION_100_BAYESIAN_LINEAR_SCAR_REST.zip,SIMULATION_100_COMPETING_METHODS_LINEAR_GAUSSIAN_SBM_SCAR_MIXED_SIGNAL/replicate_checkpoints/replicate_001.rds
Competitors/replicate_checkpoints/replicate_002.rds,51255,085838ffae73f9a2b32ee862a24db126,a04888164088d456fe59eb77afa57b03b81c9466279921acb9b0ecdfc20e5757,SIMULATION_100_BAYESIAN_LINEAR_SCAR_REST.zip,SIMULATION_100_COMPETING_METHODS_LINEAR_GAUSSIAN_SBM_SCAR_MIXED_SIGNAL/replicate_checkpoints/replicate_002.rds
Competitors/replicate_checkpoints/replicate_003.rds,51272,8f8820d05605d11549e03587440c612f,d86556adcdc992506c78b15780586dadb765594af267ec13a41650b53aefe49c,SIMULATION_100_BAYESIAN_LINEAR_SCAR_REST.zip,SIMULATION_100_COMPETING_METHODS_LINEAR_GAUSSIAN_SBM_SCAR_MIXED_SIGNAL/replicate_checkpoints/replicate_003.rds
Competitors/replicate_checkpoints/replicate_004.rds,51373,397cea17ce42d38890ec531f55ecd35b,a0494eae262bf55d8ae391d8b57ead4df85fb33715a10c80323fd6245c086c16,SIMULATION_100_BAYESIAN_LINEAR_SCAR_REST.zip,SIMULATION_100_COMPETING_METHODS_LINEAR_GAUSSIAN_SBM_SCAR_MIXED_SIGNAL/replicate_checkpoints/replicate_004.rds
Competitors/replicate_checkpoints/replicate_005.rds,51299,5973147b6c40df2c93b5b1e295919a5f,7aacb7bf5c715296919cfeb17f19dc7abd80c5190455dd3057312e7bc0f65d71,SIMULATION_100_BAYESIAN_LINEAR_SCAR_REST.zip,SIMULATION_100_COMPETING_METHODS_LINEAR_GAUSSIAN_SBM_SCAR_MIXED_SIGNAL/replicate_checkpoints/replicate_005.rds
Competitors/replicate_checkpoints/replicate_006.rds,51308,0decf05d7444e97bc81b640629d63541,e4dfba0f4767077d6014b2a152cb41370e747e13df3784a415cf9748bfd687da,SIMULATION_100_BAYESIAN_LINEAR_SCAR_REST.zip,SIMULATION_100_COMPETING_METHODS_LINEAR_GAUSSIAN_SBM_SCAR_MIXED_SIGNAL/replicate_checkpoints/replicate_006.rds
Competitors/replicate_checkpoints/replicate_007.rds,51338,b292e4536500403c6c9e9b5a35080ab5,e889d9271339ec7350026addd165bdde7f568d3556a2fc0de9ea92847e23da38,SIMULATION_100_BAYESIAN_LINEAR_SCAR_REST.zip,SIMULATION_100_COMPETING_METHODS_LINEAR_GAUSSIAN_SBM_SCAR_MIXED_SIGNAL/replicate_checkpoints/replicate_007.rds
Competitors/replicate_checkpoints/replicate_008.rds,51360,ad32ba85585f3c390cd272e9df189b7e,1e9a38e22e80f5bd045801cf7e80642a291115391559ce6c3f06196ec88c8f78,SIMULATION_100_BAYESIAN_LINEAR_SCAR_REST.zip,SIMULATION_100_COMPETING_METHODS_LINEAR_GAUSSIAN_SBM_SCAR_MIXED_SIGNAL/replicate_checkpoints/replicate_008.rds
Competitors/replicate_checkpoints/replicate_009.rds,51342,8b1a241f841786f21da22b3ebbca1214,006b6ba10098ac1480c492b812b808d37016e79afe8d176c50a596503940a632,SIMULATION_100_BAYESIAN_LINEAR_SCAR_REST.zip,SIMULATION_100_COMPETING_METHODS_LINEAR_GAUSSIAN_SBM_SCAR_MIXED_SIGNAL/replicate_checkpoints/replicate_009.rds
Competitors/replicate_checkpoints/replicate_010.rds,51391,c61ab20c462f666208ef8ac10fcef901,86e585d4951adad55d828f1148f4e735c5a7bb4acf0e10c3e36bf896f33653cf,SIMULATION_100_BAYESIAN_LINEAR_SCAR_REST.zip,SIMULATION_100_COMPETING_METHODS_LINEAR_GAUSSIAN_SBM_SCAR_MIXED_SIGNAL/replicate_checkpoints/replicate_010.rds
Competitors/replicate_checkpoints/replicate_011.rds,51430,67eeb4d2071e7d6e8bf364344eccbcf3,0169038a035c6dec70159e4357e59f9e105888a75c0dc95447b1a7f90f85b819,SIMULATION_100_BAYESIAN_LINEAR_SCAR_REST.zip,SIMULATION_100_COMPETING_METHODS_LINEAR_GAUSSIAN_SBM_SCAR_MIXED_SIGNAL/replicate_checkpoints/replicate_011.rds
Competitors/replicate_checkpoints/replicate_012.rds,51300,b72ccb740356556221eb68ab1a1a255b,d0093046842f9a889824ff4b70ad7e9bc68391b4fd00f2f0043f6ddc448754c2,SIMULATION_100_BAYESIAN_LINEAR_SCAR_REST.zip,SIMULATION_100_COMPETING_METHODS_LINEAR_GAUSSIAN_SBM_SCAR_MIXED_SIGNAL/replicate_checkpoints/replicate_012.rds
Competitors/replicate_checkpoints/replicate_013.rds,51105,ad5144ada9200c7cf93ec87813a12db6,624b1d7694435291e62e996391a1c9aa771a2c1aec77fb20c6f7f2c64c5c0ecd,SIMULATION_100_BAYESIAN_LINEAR_SCAR_REST.zip,SIMULATION_100_COMPETING_METHODS_LINEAR_GAUSSIAN_SBM_SCAR_MIXED_SIGNAL/replicate_checkpoints/replicate_013.rds
Competitors/replicate_checkpoints/replicate_014.rds,51247,c79f6b256618d1db68c6d6e16e07b535,b2a6e87743f450585790d1cb9cdb072582d9aee927994b2cb306118020d25165,SIMULATION_100_BAYESIAN_LINEAR_SCAR_REST.zip,SIMULATION_100_COMPETING_METHODS_LINEAR_GAUSSIAN_SBM_SCAR_MIXED_SIGNAL/replicate_checkpoints/replicate_014.rds
Competitors/replicate_checkpoints/replicate_015.rds,51308,a2499fe03a4ba261473a49c58a1075c3,74f6e96c854bda39b14b315d541274fd0697093f88dcae110564f583fffa1e9e,SIMULATION_100_BAYESIAN_LINEAR_SCAR_REST.zip,SIMULATION_100_COMPETING_METHODS_LINEAR_GAUSSIAN_SBM_SCAR_MIXED_SIGNAL/replicate_checkpoints/replicate_015.rds
Competitors/replicate_checkpoints/replicate_016.rds,50937,2f41f672f9d0cb913770760b03bde5fa,5af4df398182d305a25e50cea7cfd007db3b284d5dc8d31187b5e706f143684b,SIMULATION_100_BAYESIAN_LINEAR_SCAR_REST.zip,SIMULATION_100_COMPETING_METHODS_LINEAR_GAUSSIAN_SBM_SCAR_MIXED_SIGNAL/replicate_checkpoints/replicate_016.rds
Competitors/replicate_checkpoints/replicate_017.rds,51217,c2870a7865cc16e05a9fcb8884e27c05,87d274ebcdf9c392df7ecd50638f1d65aa0db8794cf7baf24bd0b6565bef0786,SIMULATION_100_BAYESIAN_LINEAR_SCAR_REST.zip,SIMULATION_100_COMPETING_METHODS_LINEAR_GAUSSIAN_SBM_SCAR_MIXED_SIGNAL/replicate_checkpoints/replicate_017.rds
Competitors/replicate_checkpoints/replicate_018.rds,51294,47c35ca7abb9e4f60fcda5bd298eec7e,235698200f94855e271f7ffac2b1f88659cc3e13f2a0e310cb24b20356a2a747,SIMULATION_100_BAYESIAN_LINEAR_SCAR_REST.zip,SIMULATION_100_COMPETING_METHODS_LINEAR_GAUSSIAN_SBM_SCAR_MIXED_SIGNAL/replicate_checkpoints/replicate_018.rds
Competitors/replicate_checkpoints/replicate_019.rds,50879,6f835fe38ba5de8c2ade5a9807f6289d,5646d478d6ea1b5e86f0e15e9009e264f0fed887040e7cd43e2fc1b8a8af0d9e,SIMULATION_100_BAYESIAN_LINEAR_SCAR_REST.zip,SIMULATION_100_COMPETING_METHODS_LINEAR_GAUSSIAN_SBM_SCAR_MIXED_SIGNAL/replicate_checkpoints/replicate_019.rds
Competitors/replicate_checkpoints/replicate_020.rds,51270,ec393740daf8cdcfb2234097fcc2d297,9d42c2e2080a99a1cd6d0bd9df2be36185a5c368ad19d20ce58b153dce43f0c9,SIMULATION_100_BAYESIAN_LINEAR_SCAR_REST.zip,SIMULATION_100_COMPETING_METHODS_LINEAR_GAUSSIAN_SBM_SCAR_MIXED_SIGNAL/replicate_checkpoints/replicate_020.rds
Competitors/replicate_checkpoints/replicate_021.rds,51241,29f085a2c9cbb50d6fff0a05ec040687,e77309c7896494d6e89f2008d0d3e7fa36438278a4951d7d872388453f8119d0,SIMULATION_100_BAYESIAN_LINEAR_SCAR_REST.zip,SIMULATION_100_COMPETING_METHODS_LINEAR_GAUSSIAN_SBM_SCAR_MIXED_SIGNAL/replicate_checkpoints/replicate_021.rds
Competitors/replicate_checkpoints/replicate_022.rds,51423,89fd63a659a8243366235867ad325824,8f16145819c881fb2dc1042abf9fe946cbd89694f33a4db06ea8ff4127a60142,SIMULATION_100_BAYESIAN_LINEAR_SCAR_REST.zip,SIMULATION_100_COMPETING_METHODS_LINEAR_GAUSSIAN_SBM_SCAR_MIXED_SIGNAL/replicate_checkpoints/replicate_022.rds
Competitors/replicate_checkpoints/replicate_023.rds,51148,6f3c68a4d7794bf68e97a8a8e1500fda,0f86b30c5593e2f2d6c640ccaae9cd23f5012ec84af20404c12873a7eeec4a5d,SIMULATION_100_BAYESIAN_LINEAR_SCAR_REST.zip,SIMULATION_100_COMPETING_METHODS_LINEAR_GAUSSIAN_SBM_SCAR_MIXED_SIGNAL/replicate_checkpoints/replicate_023.rds
Competitors/replicate_checkpoints/replicate_024.rds,51211,1c24faf519b7ffd5589a0d76d134d2b6,8fb649d15e6aa799d42831e05486fe1dc88f94f4e8da465f8b372a4ee87312f2,SIMULATION_100_BAYESIAN_LINEAR_SCAR_REST.zip,SIMULATION_100_COMPETING_METHODS_LINEAR_GAUSSIAN_SBM_SCAR_MIXED_SIGNAL/replicate_checkpoints/replicate_024.rds
Competitors/replicate_checkpoints/replicate_025.rds,51294,22267b63844ffff760971151ff49076e,a57f08a6372ccf9c31bc11f86f294c6b9f0a197b58649bd8563b5671be5a344d,SIMULATION_100_BAYESIAN_LINEAR_SCAR_REST.zip,SIMULATION_100_COMPETING_METHODS_LINEAR_GAUSSIAN_SBM_SCAR_MIXED_SIGNAL/replicate_checkpoints/replicate_025.rds
Competitors/replicate_checkpoints/replicate_026.rds,51050,20f6712062b8198d07aaf9fd1636c7ba,2fe5a448f533d6fc03f0fa12aaa600b3cc91688445319c59d354d70ea4e281f6,SIMULATION_100_BAYESIAN_LINEAR_SCAR_REST.zip,SIMULATION_100_COMPETING_METHODS_LINEAR_GAUSSIAN_SBM_SCAR_MIXED_SIGNAL/replicate_checkpoints/replicate_026.rds
Competitors/replicate_checkpoints/replicate_027.rds,51153,6d20f19cd53e581c10ff37735944d064,a2071c5af103b6f8c36d9d76747c54e8baef8e2a334ce8c872708c6613851152,SIMULATION_100_BAYESIAN_LINEAR_SCAR_REST.zip,SIMULATION_100_COMPETING_METHODS_LINEAR_GAUSSIAN_SBM_SCAR_MIXED_SIGNAL/replicate_checkpoints/replicate_027.rds
Competitors/replicate_checkpoints/replicate_028.rds,51334,ee817eaf5df8ac726c23a51eaedefa40,74dff99f05c0abc314a5327deb12df7611c2d54d69b63285c08eb56f644548a1,SIMULATION_100_BAYESIAN_LINEAR_SCAR_REST.zip,SIMULATION_100_COMPETING_METHODS_LINEAR_GAUSSIAN_SBM_SCAR_MIXED_SIGNAL/replicate_checkpoints/replicate_028.rds
Competitors/replicate_checkpoints/replicate_029.rds,51238,4ee1ea9e3de2e0f0be90211d88efdfe8,4e2c15441e9d85d7418dd573fb9c855c5946c60460efc0b91ca28365f70f05aa,SIMULATION_100_BAYESIAN_LINEAR_SCAR_REST.zip,SIMULATION_100_COMPETING_METHODS_LINEAR_GAUSSIAN_SBM_SCAR_MIXED_SIGNAL/replicate_checkpoints/replicate_029.rds
Competitors/replicate_checkpoints/replicate_030.rds,50915,3885d568f4f97f4ab61d063ec777bced,2f4825afedf57d2fabedd410ef1f2bc3dbac6745a1e94f1864ed455901a732e9,SIMULATION_100_BAYESIAN_LINEAR_SCAR_REST.zip,SIMULATION_100_COMPETING_METHODS_LINEAR_GAUSSIAN_SBM_SCAR_MIXED_SIGNAL/replicate_checkpoints/replicate_030.rds
Competitors/replicate_checkpoints/replicate_031.rds,51109,7a5e8e27a61df6320fdc9740da118247,1c60c07196d7f6918d053fa7dc4bc3e7192c639a8cd30e7d00f3059544a6f524,SIMULATION_100_BAYESIAN_LINEAR_SCAR_REST.zip,SIMULATION_100_COMPETING_METHODS_LINEAR_GAUSSIAN_SBM_SCAR_MIXED_SIGNAL/replicate_checkpoints/replicate_031.rds
Competitors/replicate_checkpoints/replicate_032.rds,51147,e55bc064e4d196e484addb22a4d60975,d7bee425866c9d5b476eeed331d4d53abe9d73847409462ef418b50319b42800,SIMULATION_100_BAYESIAN_LINEAR_SCAR_REST.zip,SIMULATION_100_COMPETING_METHODS_LINEAR_GAUSSIAN_SBM_SCAR_MIXED_SIGNAL/replicate_checkpoints/replicate_032.rds
Competitors/replicate_checkpoints/replicate_033.rds,51367,65f78d52123bf4af1c99ea9a30dd632b,c91d50f6d8dac6492f3c41373c814405d8d38f18a8c34f71efdbdb43e38fb11f,SIMULATION_100_BAYESIAN_LINEAR_SCAR_REST.zip,SIMULATION_100_COMPETING_METHODS_LINEAR_GAUSSIAN_SBM_SCAR_MIXED_SIGNAL/replicate_checkpoints/replicate_033.rds
Competitors/replicate_checkpoints/replicate_034.rds,50686,4f9f602153828e9a96c226d48ed50e89,6e676420b9d85823fa47bbb3c9266aa89f2b810476eaf858bade1f799e7f0815,SIMULATION_100_BAYESIAN_LINEAR_SCAR_REST.zip,SIMULATION_100_COMPETING_METHODS_LINEAR_GAUSSIAN_SBM_SCAR_MIXED_SIGNAL/replicate_checkpoints/replicate_034.rds
Competitors/replicate_checkpoints/replicate_035.rds,51310,28c65208b69494d4a39c4b9de38af13c,e05251844bdfd9786ecbcdd99655f8ff25c0cae47e9b25a6cd059ffb352690cf,SIMULATION_100_BAYESIAN_LINEAR_SCAR_REST.zip,SIMULATION_100_COMPETING_METHODS_LINEAR_GAUSSIAN_SBM_SCAR_MIXED_SIGNAL/replicate_checkpoints/replicate_035.rds
Competitors/replicate_checkpoints/replicate_036.rds,51036,62e66ec241607551838599da0aec4bf0,b8dd4e1a9639193e0b74aeefea0dac8a0224754a7cbc8839637cbb25f6226c15,SIMULATION_100_BAYESIAN_LINEAR_SCAR_REST.zip,SIMULATION_100_COMPETING_METHODS_LINEAR_GAUSSIAN_SBM_SCAR_MIXED_SIGNAL/replicate_checkpoints/replicate_036.rds
Competitors/replicate_checkpoints/replicate_037.rds,51228,dc08f0824968f6d660bffaa9f3928a6d,3742fcaf68bd71d05b6bd2bc67d9ffc4729a6659705641902d33b74e5980ce77,SIMULATION_100_BAYESIAN_LINEAR_SCAR_REST.zip,SIMULATION_100_COMPETING_METHODS_LINEAR_GAUSSIAN_SBM_SCAR_MIXED_SIGNAL/replicate_checkpoints/replicate_037.rds
Competitors/replicate_checkpoints/replicate_038.rds,51124,0e525cf7d2046243fa4a3d4333f2bc23,b7988d188542150bcb0e23a1b921a9890597e577b70cc15c64901d8c853105a1,SIMULATION_100_BAYESIAN_LINEAR_SCAR_REST.zip,SIMULATION_100_COMPETING_METHODS_LINEAR_GAUSSIAN_SBM_SCAR_MIXED_SIGNAL/replicate_checkpoints/replicate_038.rds
Competitors/replicate_checkpoints/replicate_039.rds,51321,eae88c16df55946d131d015326b1fecc,a9d7cf094c7ad27e81766067f60d3bbe0885c29e61b970e8baea589a437f1b10,SIMULATION_100_BAYESIAN_LINEAR_SCAR_REST.zip,SIMULATION_100_COMPETING_METHODS_LINEAR_GAUSSIAN_SBM_SCAR_MIXED_SIGNAL/replicate_checkpoints/replicate_039.rds
Competitors/replicate_checkpoints/replicate_040.rds,51219,84f48f138ca2e636bd91c2ec7b3fa155,e8059a3d25fcd360aa06590468368dca06d72a69fd281b0b0dfbbb63036345aa,SIMULATION_100_BAYESIAN_LINEAR_SCAR_REST.zip,SIMULATION_100_COMPETING_METHODS_LINEAR_GAUSSIAN_SBM_SCAR_MIXED_SIGNAL/replicate_checkpoints/replicate_040.rds
Competitors/replicate_checkpoints/replicate_041.rds,51366,e2753dad38206f96def9aa882fa589cd,2487a301fb384a1d20b1ef5ef77c810f7bd3093c4db21209c7b3b4bf849dd638,SIMULATION_100_BAYESIAN_LINEAR_SCAR_REST.zip,SIMULATION_100_COMPETING_METHODS_LINEAR_GAUSSIAN_SBM_SCAR_MIXED_SIGNAL/replicate_checkpoints/replicate_041.rds
Competitors/replicate_checkpoints/replicate_042.rds,51314,11ee5181972e39086a5f43ffd42c1584,dfde5581a7073613d21aaa28e99b262bbd7dccee8683a25e9cce71a2c359495c,SIMULATION_100_BAYESIAN_LINEAR_SCAR_REST.zip,SIMULATION_100_COMPETING_METHODS_LINEAR_GAUSSIAN_SBM_SCAR_MIXED_SIGNAL/replicate_checkpoints/replicate_042.rds
Competitors/replicate_checkpoints/replicate_043.rds,51182,22b067432a5d4b44d28138ca8c026764,b0c475db2a2c4f220b96baf84b8736931a4f8e1fb6f2ab96876d85789c6dfe47,SIMULATION_100_BAYESIAN_LINEAR_SCAR_REST.zip,SIMULATION_100_COMPETING_METHODS_LINEAR_GAUSSIAN_SBM_SCAR_MIXED_SIGNAL/replicate_checkpoints/replicate_043.rds
Competitors/replicate_checkpoints/replicate_044.rds,51402,638f526e4a675ad3da6b17149abbd13c,ce439e351621d4a4485a20ccc34416f79a8a761bb2751b8303736c539bf93bf3,SIMULATION_100_BAYESIAN_LINEAR_SCAR_REST.zip,SIMULATION_100_COMPETING_METHODS_LINEAR_GAUSSIAN_SBM_SCAR_MIXED_SIGNAL/replicate_checkpoints/replicate_044.rds
Competitors/replicate_checkpoints/replicate_045.rds,51278,97067b6831465bb3f43c8142b2a7b0e7,c1e502c6595d91a9ec31adaab4ac2e231b536f87b1454d06fcdf3d981ff13167,SIMULATION_100_BAYESIAN_LINEAR_SCAR_REST.zip,SIMULATION_100_COMPETING_METHODS_LINEAR_GAUSSIAN_SBM_SCAR_MIXED_SIGNAL/replicate_checkpoints/replicate_045.rds
Competitors/replicate_checkpoints/replicate_046.rds,51384,b964f730f8f6547e54978ea597d6b0cf,ae2d257ccf570039d08254c3eb10a7d3c66bf7e36fea86b6ed6619cc23ffa47e,SIMULATION_100_BAYESIAN_LINEAR_SCAR_REST.zip,SIMULATION_100_COMPETING_METHODS_LINEAR_GAUSSIAN_SBM_SCAR_MIXED_SIGNAL/replicate_checkpoints/replicate_046.rds
Competitors/replicate_checkpoints/replicate_047.rds,51128,cc80c0f283271801849dd2b33caaa989,eec4bf6280418d5a5aa93c6ef714d17b01593cf87e32e190bf15e32805c20012,SIMULATION_100_BAYESIAN_LINEAR_SCAR_REST.zip,SIMULATION_100_COMPETING_METHODS_LINEAR_GAUSSIAN_SBM_SCAR_MIXED_SIGNAL/replicate_checkpoints/replicate_047.rds
Competitors/replicate_checkpoints/replicate_048.rds,51342,f2a36570a295416a9082e93275017c4d,ebd014d3e5ee91354e4ddf1bc02c6f9ef53574585f180d2be25060afa4a628ce,SIMULATION_100_BAYESIAN_LINEAR_SCAR_REST.zip,SIMULATION_100_COMPETING_METHODS_LINEAR_GAUSSIAN_SBM_SCAR_MIXED_SIGNAL/replicate_checkpoints/replicate_048.rds
Competitors/replicate_checkpoints/replicate_049.rds,51411,096479e49a73fabc4dfdb918ef1649c5,7cdac5a53e857e0b413f6a82726466690a22e45c693400aaf020142d22a852aa,SIMULATION_100_BAYESIAN_LINEAR_SCAR_REST.zip,SIMULATION_100_COMPETING_METHODS_LINEAR_GAUSSIAN_SBM_SCAR_MIXED_SIGNAL/replicate_checkpoints/replicate_049.rds
Competitors/replicate_checkpoints/replicate_050.rds,51314,54ed3dd826cce3cef0e6b4c0d7323895,4ddd38e1a20523ac8e89c88a998ae650deded7cc97ac703dc1c7162569be2113,SIMULATION_100_BAYESIAN_LINEAR_SCAR_REST.zip,SIMULATION_100_COMPETING_METHODS_LINEAR_GAUSSIAN_SBM_SCAR_MIXED_SIGNAL/replicate_checkpoints/replicate_050.rds
Competitors/replicate_checkpoints/replicate_051.rds,50988,f75aeb6417d9274c75596c4f5c15ccc0,3faaf1e532d435cdc1d5b8c37aa1289c00a5ff15a9c19ac3c7bd4c17885d7b6b,SIMULATION_100_BAYESIAN_LINEAR_SCAR_REST.zip,SIMULATION_100_COMPETING_METHODS_LINEAR_GAUSSIAN_SBM_SCAR_MIXED_SIGNAL/replicate_checkpoints/replicate_051.rds
Competitors/replicate_checkpoints/replicate_052.rds,51144,f032b442cea3c2c77b7dcf97faf21739,8db0968b32a54e2d9e77289b0e619b1f6eb3e16d4c91fe40229d93b6591393b8,SIMULATION_100_BAYESIAN_LINEAR_SCAR_REST.zip,SIMULATION_100_COMPETING_METHODS_LINEAR_GAUSSIAN_SBM_SCAR_MIXED_SIGNAL/replicate_checkpoints/replicate_052.rds
Competitors/replicate_checkpoints/replicate_053.rds,51394,a0977453e23aeadcb683c030bff52456,03fedc750109b62835aebf038a70118504d58a0432ae7fe54683919c65b5b258,SIMULATION_100_BAYESIAN_LINEAR_SCAR_REST.zip,SIMULATION_100_COMPETING_METHODS_LINEAR_GAUSSIAN_SBM_SCAR_MIXED_SIGNAL/replicate_checkpoints/replicate_053.rds
Competitors/replicate_checkpoints/replicate_054.rds,51271,b6fdf571bb9f0c725f6111123809f757,9c8b084713b517869ea30e3ea2d2aa027e92aedfb86c56649bb9ef50931c70d1,SIMULATION_100_BAYESIAN_LINEAR_SCAR_REST.zip,SIMULATION_100_COMPETING_METHODS_LINEAR_GAUSSIAN_SBM_SCAR_MIXED_SIGNAL/replicate_checkpoints/replicate_054.rds
Competitors/replicate_checkpoints/replicate_055.rds,51437,270dc8a6e80869123baf59ecf8311cd6,0cc87981486d5a27de0b88acd84e5255b00c74bb64901a0c8902ef029b1f855c,SIMULATION_100_BAYESIAN_LINEAR_SCAR_REST.zip,SIMULATION_100_COMPETING_METHODS_LINEAR_GAUSSIAN_SBM_SCAR_MIXED_SIGNAL/replicate_checkpoints/replicate_055.rds
Competitors/replicate_checkpoints/replicate_056.rds,51444,f6354180953ee269c9a61cb50645abcb,dadf7fb6fd271d28ff30cc5204490e70a3d1a86534a63e7d8f9b32062b749156,SIMULATION_100_BAYESIAN_LINEAR_SCAR_REST.zip,SIMULATION_100_COMPETING_METHODS_LINEAR_GAUSSIAN_SBM_SCAR_MIXED_SIGNAL/replicate_checkpoints/replicate_056.rds
Competitors/replicate_checkpoints/replicate_057.rds,51118,5b96b69c5404a7bbe7b1cc437112c6fc,19aa705aca118722fa6053963318db54231af77a42348daae31c06ed920e3c37,SIMULATION_100_BAYESIAN_LINEAR_SCAR_REST.zip,SIMULATION_100_COMPETING_METHODS_LINEAR_GAUSSIAN_SBM_SCAR_MIXED_SIGNAL/replicate_checkpoints/replicate_057.rds
Competitors/replicate_checkpoints/replicate_058.rds,51422,6b6235b5430947e6760ba233b758b039,2a2ad1eebde4cc2fccc8ca3b7a3675ab3481e1d8b30a9f49d442d209f8ca58fe,SIMULATION_100_BAYESIAN_LINEAR_SCAR_REST.zip,SIMULATION_100_COMPETING_METHODS_LINEAR_GAUSSIAN_SBM_SCAR_MIXED_SIGNAL/replicate_checkpoints/replicate_058.rds
Competitors/replicate_checkpoints/replicate_059.rds,51148,7c553d9bb41ba7d659638128b1f6240c,d427e3e69fe752ab0d7edc1943e2a763f35b557850a2eee524d0b1a27f077cd7,SIMULATION_100_BAYESIAN_LINEAR_SCAR_REST.zip,SIMULATION_100_COMPETING_METHODS_LINEAR_GAUSSIAN_SBM_SCAR_MIXED_SIGNAL/replicate_checkpoints/replicate_059.rds
Competitors/replicate_checkpoints/replicate_060.rds,50981,df51c383cc03ca96589a90f0ce6d22b0,fa28cb22220735a4370dec261165fa6b1021ca1b87c2937fbf656df9e645f75d,SIMULATION_100_BAYESIAN_LINEAR_SCAR_REST.zip,SIMULATION_100_COMPETING_METHODS_LINEAR_GAUSSIAN_SBM_SCAR_MIXED_SIGNAL/replicate_checkpoints/replicate_060.rds
Competitors/replicate_checkpoints/replicate_061.rds,51355,5e5c75c0eb69d1fbe5bb409e9e470871,5ff6c422ae00688b6b9cc891cfe8bedb74449402e5fe2b0e323ffd2efe725faf,SIMULATION_100_BAYESIAN_LINEAR_SCAR_REST.zip,SIMULATION_100_COMPETING_METHODS_LINEAR_GAUSSIAN_SBM_SCAR_MIXED_SIGNAL/replicate_checkpoints/replicate_061.rds
Competitors/replicate_checkpoints/replicate_062.rds,51271,9450902679eb41866d021846a380da55,59c5a2bd275424e38033e266bbf14d9544c7a43a8c9a7198b7eba40591c56972,SIMULATION_100_BAYESIAN_LINEAR_SCAR_REST.zip,SIMULATION_100_COMPETING_METHODS_LINEAR_GAUSSIAN_SBM_SCAR_MIXED_SIGNAL/replicate_checkpoints/replicate_062.rds
Competitors/replicate_checkpoints/replicate_063.rds,51318,fae9376dd48e9e2f2114ea43116974ae,0f0cfb8c65cf9876bac63cfd5048c1e90cf0572eb0795afc5b1e2b3a2298027b,SIMULATION_100_BAYESIAN_LINEAR_SCAR_REST.zip,SIMULATION_100_COMPETING_METHODS_LINEAR_GAUSSIAN_SBM_SCAR_MIXED_SIGNAL/replicate_checkpoints/replicate_063.rds
Competitors/replicate_checkpoints/replicate_064.rds,51372,d49a3e1044b3edb8d6540af162430c14,ff99549090280536f995a61cab827b60d35220ecddd83695232f6d41a8abe0b4,SIMULATION_100_BAYESIAN_LINEAR_SCAR_REST.zip,SIMULATION_100_COMPETING_METHODS_LINEAR_GAUSSIAN_SBM_SCAR_MIXED_SIGNAL/replicate_checkpoints/replicate_064.rds
Competitors/replicate_checkpoints/replicate_065.rds,51307,82b91e9a0624fb0c57baa99742cf93d1,94ee4f47b152a23f58ece607914e0b7aba242a6b9e47de0b64577764a64afc7a,SIMULATION_100_BAYESIAN_LINEAR_SCAR_REST.zip,SIMULATION_100_COMPETING_METHODS_LINEAR_GAUSSIAN_SBM_SCAR_MIXED_SIGNAL/replicate_checkpoints/replicate_065.rds
Competitors/replicate_checkpoints/replicate_066.rds,51183,4dbe73cd4b36f1d8302d2179add8e4de,8a2a276a9cde365ffc0ae8ce651f94ffafa3b8924bb86952cf11fe4cdf46c945,SIMULATION_100_BAYESIAN_LINEAR_SCAR_REST.zip,SIMULATION_100_COMPETING_METHODS_LINEAR_GAUSSIAN_SBM_SCAR_MIXED_SIGNAL/replicate_checkpoints/replicate_066.rds
Competitors/replicate_checkpoints/replicate_067.rds,51272,05026c48d39390bad444f200f1029122,6dd190aa96a7b65f28898e2187c34abedca66a6295235bd3b475597bda42f098,SIMULATION_100_BAYESIAN_LINEAR_SCAR_REST.zip,SIMULATION_100_COMPETING_METHODS_LINEAR_GAUSSIAN_SBM_SCAR_MIXED_SIGNAL/replicate_checkpoints/replicate_067.rds
Competitors/replicate_checkpoints/replicate_068.rds,50873,8a0b2d5273eadefc9c7b4199d2bf3c75,f3335a5e160e61a550084c664130511b3b21f6ba14925c7c303f62cc2d7fb302,SIMULATION_100_BAYESIAN_LINEAR_SCAR_REST.zip,SIMULATION_100_COMPETING_METHODS_LINEAR_GAUSSIAN_SBM_SCAR_MIXED_SIGNAL/replicate_checkpoints/replicate_068.rds
Competitors/replicate_checkpoints/replicate_069.rds,51491,baf472c45c8857be061eec65ffdfb4df,d9aa96b61c976504421bd6144efcf7a4546aa456ef508b3d727a6a42af141796,SIMULATION_100_BAYESIAN_LINEAR_SCAR_REST.zip,SIMULATION_100_COMPETING_METHODS_LINEAR_GAUSSIAN_SBM_SCAR_MIXED_SIGNAL/replicate_checkpoints/replicate_069.rds
Competitors/replicate_checkpoints/replicate_070.rds,51192,fb1efb25331afa0cd4934fadedb9ea12,5d9835280875551b3e7182c75e5af5f7141b81be0f24c0da06ee24f3c51364d2,SIMULATION_100_BAYESIAN_LINEAR_SCAR_REST.zip,SIMULATION_100_COMPETING_METHODS_LINEAR_GAUSSIAN_SBM_SCAR_MIXED_SIGNAL/replicate_checkpoints/replicate_070.rds
Competitors/replicate_checkpoints/replicate_071.rds,51391,6f86213813d95bfe92838924284f758a,e574c43af8b838a9b4deef08a11c0c4adb1e2d168296076a87807c2a4ba6a5a2,SIMULATION_100_BAYESIAN_LINEAR_SCAR_REST.zip,SIMULATION_100_COMPETING_METHODS_LINEAR_GAUSSIAN_SBM_SCAR_MIXED_SIGNAL/replicate_checkpoints/replicate_071.rds
Competitors/replicate_checkpoints/replicate_072.rds,51217,d7714b047b9760c9cd366d69682f00a8,aa361751c34d267f501c9a2db6295f4a0b1723542ea8b86600b33f835ae737fa,SIMULATION_100_BAYESIAN_LINEAR_SCAR_REST.zip,SIMULATION_100_COMPETING_METHODS_LINEAR_GAUSSIAN_SBM_SCAR_MIXED_SIGNAL/replicate_checkpoints/replicate_072.rds
Competitors/replicate_checkpoints/replicate_073.rds,51076,468be5605785833d0a9155c4abc81f74,ebf7f8df0f23d013110ac55be3d93b4c4191f9f55d364d0fe4587a8b790ab9cf,SIMULATION_100_BAYESIAN_LINEAR_SCAR_REST.zip,SIMULATION_100_COMPETING_METHODS_LINEAR_GAUSSIAN_SBM_SCAR_MIXED_SIGNAL/replicate_checkpoints/replicate_073.rds
Competitors/replicate_checkpoints/replicate_074.rds,51204,a6c4f9d35f56f7dae90a8bd2e2f84234,7595ae57d1ec1468b2100d1bec7f3782d608ef467eee0a1e840f3d68959d64e0,SIMULATION_100_BAYESIAN_LINEAR_SCAR_REST.zip,SIMULATION_100_COMPETING_METHODS_LINEAR_GAUSSIAN_SBM_SCAR_MIXED_SIGNAL/replicate_checkpoints/replicate_074.rds
Competitors/replicate_checkpoints/replicate_075.rds,51356,05a46bfa4edb525adc8da35e7acff2ff,23f8f0202997b32ad10fe9015235abc32efdc6083ad09d623a74e87a3ae85728,SIMULATION_100_BAYESIAN_LINEAR_SCAR_REST.zip,SIMULATION_100_COMPETING_METHODS_LINEAR_GAUSSIAN_SBM_SCAR_MIXED_SIGNAL/replicate_checkpoints/replicate_075.rds
Competitors/replicate_checkpoints/replicate_076.rds,51386,1d4988451ae420de10cdc32edf636d26,e1bcbd17e5f1d4b0d2fa20bbe4de5ef854830fd72e2643969bed696e1418e1c1,SIMULATION_100_BAYESIAN_LINEAR_SCAR_REST.zip,SIMULATION_100_COMPETING_METHODS_LINEAR_GAUSSIAN_SBM_SCAR_MIXED_SIGNAL/replicate_checkpoints/replicate_076.rds
Competitors/replicate_checkpoints/replicate_077.rds,51348,d6b6d4ccbce05a7c1ba7bd2ce95a74c0,b94e6d7c74e99d3f229e51b31b98cf63298502c7ce7f2329d5d240ed5a0971e5,SIMULATION_100_BAYESIAN_LINEAR_SCAR_REST.zip,SIMULATION_100_COMPETING_METHODS_LINEAR_GAUSSIAN_SBM_SCAR_MIXED_SIGNAL/replicate_checkpoints/replicate_077.rds
Competitors/replicate_checkpoints/replicate_078.rds,51215,0d90e8b7eb9bf9e604933712a24624eb,20031bde7c129c0214c16a1b8f1c46ff54568b4323c687bf6378bb77e54dec68,SIMULATION_100_BAYESIAN_LINEAR_SCAR_REST.zip,SIMULATION_100_COMPETING_METHODS_LINEAR_GAUSSIAN_SBM_SCAR_MIXED_SIGNAL/replicate_checkpoints/replicate_078.rds
Competitors/replicate_checkpoints/replicate_079.rds,51048,92d837c7be0d2a3c3d8fc981dce62121,9d13f705d2f90979e4c949b2fb03d7cd0c85dac0576ffb6d3574cfc18a30533b,SIMULATION_100_BAYESIAN_LINEAR_SCAR_REST.zip,SIMULATION_100_COMPETING_METHODS_LINEAR_GAUSSIAN_SBM_SCAR_MIXED_SIGNAL/replicate_checkpoints/replicate_079.rds
Competitors/replicate_checkpoints/replicate_080.rds,51336,40b57f3afcb4f1a096113c3e2cb15ec7,ff4171b0fe2f9ff826b20b7262e9ef7d4a0bf95d0b1a69f9458b170084ae5c0a,SIMULATION_100_BAYESIAN_LINEAR_SCAR_REST.zip,SIMULATION_100_COMPETING_METHODS_LINEAR_GAUSSIAN_SBM_SCAR_MIXED_SIGNAL/replicate_checkpoints/replicate_080.rds
Competitors/replicate_checkpoints/replicate_081.rds,51260,ff32f5d0d0108c714083fd115af9d370,7125666a034e2c08c344a381f70f977591a273470e97c23b30f8d2d57940101a,SIMULATION_100_BAYESIAN_LINEAR_SCAR_REST.zip,SIMULATION_100_COMPETING_METHODS_LINEAR_GAUSSIAN_SBM_SCAR_MIXED_SIGNAL/replicate_checkpoints/replicate_081.rds
Competitors/replicate_checkpoints/replicate_082.rds,51276,d4d305b84c8a179c27afe343d84a6635,9aa209195b5e7b4fb538177188e0865813d65ec8a178638fad082ac625d0167c,SIMULATION_100_BAYESIAN_LINEAR_SCAR_REST.zip,SIMULATION_100_COMPETING_METHODS_LINEAR_GAUSSIAN_SBM_SCAR_MIXED_SIGNAL/replicate_checkpoints/replicate_082.rds
Competitors/replicate_checkpoints/replicate_083.rds,51342,535f05f769bf7d052bc36332ee629b52,18499601db6e8ace304ec383431a6657912eff023a65584841136a50f9bf1e0f,SIMULATION_100_BAYESIAN_LINEAR_SCAR_REST.zip,SIMULATION_100_COMPETING_METHODS_LINEAR_GAUSSIAN_SBM_SCAR_MIXED_SIGNAL/replicate_checkpoints/replicate_083.rds
Competitors/replicate_checkpoints/replicate_084.rds,51034,a5e42658d23783d0235b1bac2177d02b,4f99f24174fc6ca830aac453426831a492f7d4e4162ec7f4e41bd80abd39d426,SIMULATION_100_BAYESIAN_LINEAR_SCAR_REST.zip,SIMULATION_100_COMPETING_METHODS_LINEAR_GAUSSIAN_SBM_SCAR_MIXED_SIGNAL/replicate_checkpoints/replicate_084.rds
Competitors/replicate_checkpoints/replicate_085.rds,51186,6b79f90f8f2722bbff9be1a9e404edba,a24cbe170759ba9e00e168a696f20d87751251abb1886ac6e5910c82d2e30ce0,SIMULATION_100_BAYESIAN_LINEAR_SCAR_REST.zip,SIMULATION_100_COMPETING_METHODS_LINEAR_GAUSSIAN_SBM_SCAR_MIXED_SIGNAL/replicate_checkpoints/replicate_085.rds
Competitors/replicate_checkpoints/replicate_086.rds,51065,942bb733fc71b2fc5de43736c7a47ffa,0c63942daded25ccdc8773b620049691fdf9250f2429068ceef6db9714fb9f1c,SIMULATION_100_BAYESIAN_LINEAR_SCAR_REST.zip,SIMULATION_100_COMPETING_METHODS_LINEAR_GAUSSIAN_SBM_SCAR_MIXED_SIGNAL/replicate_checkpoints/replicate_086.rds
Competitors/replicate_checkpoints/replicate_087.rds,51402,e40411b0d0f3546eb6829a11c52ab2e2,54d411379aabc4cad45daed731e5f31ebf8bab48228579aa7b5353a6c285a20d,SIMULATION_100_BAYESIAN_LINEAR_SCAR_REST.zip,SIMULATION_100_COMPETING_METHODS_LINEAR_GAUSSIAN_SBM_SCAR_MIXED_SIGNAL/replicate_checkpoints/replicate_087.rds
Competitors/replicate_checkpoints/replicate_088.rds,51149,427921cf6de739fe70149f374777ee65,4a4e2496b738042220d91c278e9df1cdc456b1355761fc85860de99b39ef5954,SIMULATION_100_BAYESIAN_LINEAR_SCAR_REST.zip,SIMULATION_100_COMPETING_METHODS_LINEAR_GAUSSIAN_SBM_SCAR_MIXED_SIGNAL/replicate_checkpoints/replicate_088.rds
Competitors/replicate_checkpoints/replicate_089.rds,51313,7f6c6c92eced39af83265580c21ca66e,3e2797b6c759d52a216a7168c0c25e852892523e7d4fcd356cc4730346aed219,SIMULATION_100_BAYESIAN_LINEAR_SCAR_REST.zip,SIMULATION_100_COMPETING_METHODS_LINEAR_GAUSSIAN_SBM_SCAR_MIXED_SIGNAL/replicate_checkpoints/replicate_089.rds
Competitors/replicate_checkpoints/replicate_090.rds,51492,39487d341b6bae3851ac17e408bdc0a3,d1d5148093ae9a3b163b798e9652717e14528cc712be1a8b7447635718732f7f,SIMULATION_100_BAYESIAN_LINEAR_SCAR_REST.zip,SIMULATION_100_COMPETING_METHODS_LINEAR_GAUSSIAN_SBM_SCAR_MIXED_SIGNAL/replicate_checkpoints/replicate_090.rds
Competitors/replicate_checkpoints/replicate_091.rds,51242,66d3299863efabe71e80d9449df0c7de,c3c4b1832e78d97a916da9565b33c503f584a082e0d7c1ac29a97165b7163a05,SIMULATION_100_BAYESIAN_LINEAR_SCAR_REST.zip,SIMULATION_100_COMPETING_METHODS_LINEAR_GAUSSIAN_SBM_SCAR_MIXED_SIGNAL/replicate_checkpoints/replicate_091.rds
Competitors/replicate_checkpoints/replicate_092.rds,51396,cad5780bd6e76db544cdc3e3c42cc78d,751b21cffd2472d2e263ead2a476bb3ce9b5b46ccc4cbbcb3a1e6a2d0afc4446,SIMULATION_100_BAYESIAN_LINEAR_SCAR_REST.zip,SIMULATION_100_COMPETING_METHODS_LINEAR_GAUSSIAN_SBM_SCAR_MIXED_SIGNAL/replicate_checkpoints/replicate_092.rds
Competitors/replicate_checkpoints/replicate_093.rds,50990,ccf1ca9b270807fcb8e0ab3e83b478b3,02de53b2478f65966afd8a56bec0fc594ff83f324941197710d7ee7708c86545,SIMULATION_100_BAYESIAN_LINEAR_SCAR_REST.zip,SIMULATION_100_COMPETING_METHODS_LINEAR_GAUSSIAN_SBM_SCAR_MIXED_SIGNAL/replicate_checkpoints/replicate_093.rds
Competitors/replicate_checkpoints/replicate_094.rds,51256,5123bc0f93f1f4e5c0211fb7c0148052,3d8ee0f5b65a67c3b25754b6a0924ac922f833b487ad91f42ea93d7cf05597fd,SIMULATION_100_BAYESIAN_LINEAR_SCAR_REST.zip,SIMULATION_100_COMPETING_METHODS_LINEAR_GAUSSIAN_SBM_SCAR_MIXED_SIGNAL/replicate_checkpoints/replicate_094.rds
Competitors/replicate_checkpoints/replicate_095.rds,51298,ec55196f238d074a043a491528d05324,3996c378772b15718052d0196cd5cc8b1b00319c7573cc9ae8e9640eeff67aef,SIMULATION_100_BAYESIAN_LINEAR_SCAR_REST.zip,SIMULATION_100_COMPETING_METHODS_LINEAR_GAUSSIAN_SBM_SCAR_MIXED_SIGNAL/replicate_checkpoints/replicate_095.rds
Competitors/replicate_checkpoints/replicate_096.rds,51242,6c6d0b1231853ace6e97995aad922f59,ca0e178bf8c96ffe713f7f12ac39c94c50b0f73a538446c8e283140a72af4e8b,SIMULATION_100_BAYESIAN_LINEAR_SCAR_REST.zip,SIMULATION_100_COMPETING_METHODS_LINEAR_GAUSSIAN_SBM_SCAR_MIXED_SIGNAL/replicate_checkpoints/replicate_096.rds
Competitors/replicate_checkpoints/replicate_097.rds,51132,9984930123248d757efcccee1d7b93b0,37bf14464b7d368f517c063aeaca39f9980c63dbf100f21938b3bac653b6adb2,SIMULATION_100_BAYESIAN_LINEAR_SCAR_REST.zip,SIMULATION_100_COMPETING_METHODS_LINEAR_GAUSSIAN_SBM_SCAR_MIXED_SIGNAL/replicate_checkpoints/replicate_097.rds
Competitors/replicate_checkpoints/replicate_098.rds,51205,e7ee6dfa459a75aa7fc9aac10fa2d79c,f5c79aaa9f1ab2fce4f6cfd80e3b83ed2152360fefdf05c6538e33abba544eac,SIMULATION_100_BAYESIAN_LINEAR_SCAR_REST.zip,SIMULATION_100_COMPETING_METHODS_LINEAR_GAUSSIAN_SBM_SCAR_MIXED_SIGNAL/replicate_checkpoints/replicate_098.rds
Competitors/replicate_checkpoints/replicate_099.rds,51347,47aa1fbbb514487972b19ad8bf981c1a,c91a9a00a74255d06df154f5c2ad5cabdfeeba179cc102e468a36f2ca248ca31,SIMULATION_100_BAYESIAN_LINEAR_SCAR_REST.zip,SIMULATION_100_COMPETING_METHODS_LINEAR_GAUSSIAN_SBM_SCAR_MIXED_SIGNAL/replicate_checkpoints/replicate_099.rds
Competitors/replicate_checkpoints/replicate_100.rds,51396,1e8750b4a204ec1af899addc103b56df,121e686ea527ea80899eec7b7e267601d3946483eb3b170b049e1daa076d65ca,SIMULATION_100_BAYESIAN_LINEAR_SCAR_REST.zip,SIMULATION_100_COMPETING_METHODS_LINEAR_GAUSSIAN_SBM_SCAR_MIXED_SIGNAL/replicate_checkpoints/replicate_100.rds
Competitors/sessionInfo_competing_methods_linear_gaussian_SBM_SCAR_mixed_signal.txt,2310,d4d8ad22ef77ae62fbb8d7f71b5f0e66,3c043ccca264ae994895c1519610d08550fd004d1e1f16f9cb41e5c123a189a4,SIMULATION_100_BAYESIAN_LINEAR_SCAR_REST.zip,SIMULATION_100_COMPETING_METHODS_LINEAR_GAUSSIAN_SBM_SCAR_MIXED_SIGNAL/sessionInfo_competing_methods_linear_gaussian_SBM_SCAR_mixed_signal.txt
Competitors/simulation_geometry_summary.csv,32183,3dd83606a9bae2f85005bd0aedff79ed,673a616073d7b41973e4e1afee17dddc685ed43326f6cf401983ce06f2289ba4,SIMULATION_100_BAYESIAN_LINEAR_SCAR_REST.zip,SIMULATION_100_COMPETING_METHODS_LINEAR_GAUSSIAN_SBM_SCAR_MIXED_SIGNAL/simulation_geometry_summary.csv
Competitors/simulation_modularity_summary.csv,12523,aa39113a60fee475e01cc8699824e336,9c081cc25d5ba8ee526d06b65cef38ba0ee2eff1e29f12314542923c7c1000ee,SIMULATION_100_BAYESIAN_LINEAR_SCAR_REST.zip,SIMULATION_100_COMPETING_METHODS_LINEAR_GAUSSIAN_SBM_SCAR_MIXED_SIGNAL/simulation_modularity_summary.csv
Competitors/simulation_run_config.rds,6756,ab5207960a55d28b87c59b635dd5d6e6,6b7c607eaee5bf5f96f117ef50ced8ab87c3138c929e0b271bb633ec48a33632,SIMULATION_100_BAYESIAN_LINEAR_SCAR_REST.zip,SIMULATION_100_COMPETING_METHODS_LINEAR_GAUSSIAN_SBM_SCAR_MIXED_SIGNAL/simulation_run_config.rds
Competitors/simulation_seed_table.csv,10498,0e637d5822e018362c214902b3eaab9a,8c169c664bd7cfd1f0daa4a1ee77f240bf791d476459a86c2f843ebc8c90d32a,SIMULATION_100_BAYESIAN_LINEAR_SCAR_REST.zip,SIMULATION_100_COMPETING_METHODS_LINEAR_GAUSSIAN_SBM_SCAR_MIXED_SIGNAL/simulation_seed_table.csv
GP_Cov/GP_Cov_FINAL_MAIN_TABLE_means.csv,655,50936d72d1667edf1f8b362925f030f3,1c262c51dfd0aedf46fe8d47355bf6e27e23930dfd89d731726ff99e526c8825,SIMULATION_100_GP_LINEAR_SCAR.zip,SIMULATION_100_GP_COV_LINEAR_GAUSSIAN_SBM_SCAR_MIXED_SIGNAL/GP_Cov_FINAL_MAIN_TABLE_means.csv
GP_Cov/GP_Cov_FINAL_PAPER_TABLE_mean_SD.csv,612,5c66dfc6356c7ed968ec55d02360ef77,60dc7b1f056d324d4935fc024ac897ee1f0d7031a3d7208d7b5d396f1dcf52ae,SIMULATION_100_GP_LINEAR_SCAR.zip,SIMULATION_100_GP_COV_LINEAR_GAUSSIAN_SBM_SCAR_MIXED_SIGNAL/GP_Cov_FINAL_PAPER_TABLE_mean_SD.csv
GP_Cov/GP_Cov_FINAL_UNCERTAINTY_TABLE_mean_SD.csv,352,2c20815643b4132dd27abb7dc5d221c9,e8caf2ad95332d4704dda32a69b46815a96e5fb3cc8eb32fbe86f7c8dc08a556,SIMULATION_100_GP_LINEAR_SCAR.zip,SIMULATION_100_GP_COV_LINEAR_GAUSSIAN_SBM_SCAR_MIXED_SIGNAL/GP_Cov_FINAL_UNCERTAINTY_TABLE_mean_SD.csv
GP_Cov/GP_Cov_additional_diagnostic_summary.csv,2599,2f86024476872a504f4897de8ba099ec,2969f930cab980021704a73350998aaed58977986406ed030793e720a193bdb9,SIMULATION_100_GP_LINEAR_SCAR.zip,SIMULATION_100_GP_COV_LINEAR_GAUSSIAN_SBM_SCAR_MIXED_SIGNAL/GP_Cov_additional_diagnostic_summary.csv
GP_Cov/GP_Cov_all_node_probabilities.csv,6799177,435c1d31f3b54d853820f021c25dff7f,0f780a45e3841a62152496d7da2d0d30afd17317f48ce30d84ccfed58950a93f,SIMULATION_100_GP_LINEAR_SCAR.zip,SIMULATION_100_GP_COV_LINEAR_GAUSSIAN_SBM_SCAR_MIXED_SIGNAL/GP_Cov_all_node_probabilities.csv
GP_Cov/GP_Cov_failure_log.csv,75,415762f6f66023fe900ed436193d8177,60663936722ba4f3844c53a264aa9a5abee70d0b3de51c9e713756443deae104,SIMULATION_100_GP_LINEAR_SCAR.zip,SIMULATION_100_GP_COV_LINEAR_GAUSSIAN_SBM_SCAR_MIXED_SIGNAL/GP_Cov_failure_log.csv
GP_Cov/GP_Cov_geometry_summary.csv,19034,7694f4270c0b73ccd67b998f0fe2bfa8,f25692b8866b8ba0add37a9d73e6522201fddbc60e7fa280821ef9019fb87017,SIMULATION_100_GP_LINEAR_SCAR.zip,SIMULATION_100_GP_COV_LINEAR_GAUSSIAN_SBM_SCAR_MIXED_SIGNAL/GP_Cov_geometry_summary.csv
GP_Cov/GP_Cov_global_pilot_calibration_5_datasets.rds,4371,f085433ac86323e0be70b76348e21b3d,c2c3897f69ab1f373e080d55dcb0d573ef4a0e56d0d3a516a2e4b821c7a11181,SIMULATION_100_GP_LINEAR_SCAR.zip,SIMULATION_100_GP_COV_LINEAR_GAUSSIAN_SBM_SCAR_MIXED_SIGNAL/GP_Cov_global_pilot_calibration_5_datasets.rds
GP_Cov/GP_Cov_global_pilot_distribution_summary.csv,1958,46ef9860e70c8880a49e24e947c4f979,5a768b94667dae660eb16444ec1289290dcdafb8767bc9eb2a5dfbb07cb83cd3,SIMULATION_100_GP_LINEAR_SCAR.zip,SIMULATION_100_GP_COV_LINEAR_GAUSSIAN_SBM_SCAR_MIXED_SIGNAL/GP_Cov_global_pilot_distribution_summary.csv
GP_Cov/GP_Cov_global_pilot_per_pilot_summary.csv,1786,e3f548529db20b8bde9c5a386dfb1d41,fbab24149a0b855eb91ad454826ccb2068d71892ed9767c8476222e63ff1d2b3,SIMULATION_100_GP_LINEAR_SCAR.zip,SIMULATION_100_GP_COV_LINEAR_GAUSSIAN_SBM_SCAR_MIXED_SIGNAL/GP_Cov_global_pilot_per_pilot_summary.csv
GP_Cov/GP_Cov_metric_summary_long.csv,3599,1086227ed13e438b5500556452620f85,330aa6b29041ae4611eaba32a32dd41e7c6e6e04811a09f6e8a141421a2c0204,SIMULATION_100_GP_LINEAR_SCAR.zip,SIMULATION_100_GP_COV_LINEAR_GAUSSIAN_SBM_SCAR_MIXED_SIGNAL/GP_Cov_metric_summary_long.csv
GP_Cov/GP_Cov_metrics_by_replicate.csv,61418,358deb356dd4b9890a725a72f05446ee,71dcf63b345536ba34e913c62d4395006f99765a241bf2249542fb50e4a5a4f5,SIMULATION_100_GP_LINEAR_SCAR.zip,SIMULATION_100_GP_COV_LINEAR_GAUSSIAN_SBM_SCAR_MIXED_SIGNAL/GP_Cov_metrics_by_replicate.csv
GP_Cov/GP_Cov_pilot_prior_calibration_summary.csv,2974,f305c6c2a0ae88d395e2a324fc55c817,cdfc9b728dd8f1620a83956e726a922ac4f788a9e77c7e3ce52ee92afdfbb003,SIMULATION_100_GP_LINEAR_SCAR.zip,SIMULATION_100_GP_COV_LINEAR_GAUSSIAN_SBM_SCAR_MIXED_SIGNAL/GP_Cov_pilot_prior_calibration_summary.csv
GP_Cov/GP_Cov_pilot_seed_table.csv,86,91e40a2fecb3891f31b6637c2ed1a5f8,61bda47d6da25f1280fbda11748ec1d975fd62d726f969c52140dd25b43ac521,SIMULATION_100_GP_LINEAR_SCAR.zip,SIMULATION_100_GP_COV_LINEAR_GAUSSIAN_SBM_SCAR_MIXED_SIGNAL/GP_Cov_pilot_seed_table.csv
GP_Cov/GP_Cov_prior_calibration_by_replicate.csv,54034,53cbe45474f21f3a834568dd974de0c1,a2a54a4e4a2e6853da371e3d0c229d86a8497dab5b1720d8e16b6ae22b03bddf,SIMULATION_100_GP_LINEAR_SCAR.zip,SIMULATION_100_GP_COV_LINEAR_GAUSSIAN_SBM_SCAR_MIXED_SIGNAL/GP_Cov_prior_calibration_by_replicate.csv
GP_Cov/GP_Cov_prior_calibration_distribution_summary.csv,1563,2fbee7da27aa7d73687b0762ace27507,0152fe81639c273a67383510980aeb354519dfc128a6982de86a2f625b914e9e,SIMULATION_100_GP_LINEAR_SCAR.zip,SIMULATION_100_GP_COV_LINEAR_GAUSSIAN_SBM_SCAR_MIXED_SIGNAL/GP_Cov_prior_calibration_distribution_summary.csv
GP_Cov/GP_Cov_production_seed_table.csv,1322,1bfcb0836a4d7a5e035d7c2684c38e94,8374aba4db3a5919902716f9cb934410e685e2070007f466dce467b9eed7e61b,SIMULATION_100_GP_LINEAR_SCAR.zip,SIMULATION_100_GP_COV_LINEAR_GAUSSIAN_SBM_SCAR_MIXED_SIGNAL/GP_Cov_production_seed_table.csv
GP_Cov/GP_Cov_run_config.rds,2461,bc459ccb8c82b965ff504918b16290e4,0a9286a854e585bc84a09833cce034b5bbedcc1587bf932a6dc65160cb4227fb,SIMULATION_100_GP_LINEAR_SCAR.zip,SIMULATION_100_GP_COV_LINEAR_GAUSSIAN_SBM_SCAR_MIXED_SIGNAL/GP_Cov_run_config.rds
GP_Cov/pilot_checkpoints/GP_Cov_pilot_01.rds,527496,ca4d8494884248b7e22d16b9b83edb6e,67ad317e412b36ab5232f3db22576d4814979fb2d89c4dae6c71713f2b90f199,SIMULATION_100_GP_LINEAR_SCAR.zip,SIMULATION_100_GP_COV_LINEAR_GAUSSIAN_SBM_SCAR_MIXED_SIGNAL/pilot_checkpoints/GP_Cov_pilot_01.rds
GP_Cov/pilot_checkpoints/GP_Cov_pilot_02.rds,521499,077a1aa8fda371d2d5e6c4054ec7ec6e,43d00945e0f30f62babe9a7d1ef99aead2d1386dce707c18b9912b38337b83a9,SIMULATION_100_GP_LINEAR_SCAR.zip,SIMULATION_100_GP_COV_LINEAR_GAUSSIAN_SBM_SCAR_MIXED_SIGNAL/pilot_checkpoints/GP_Cov_pilot_02.rds
GP_Cov/pilot_checkpoints/GP_Cov_pilot_03.rds,524883,2c11ef0090a12882017b12b9f7379f48,b41fb96df6b52761d78f198fd245bb9983b8eead537d1e65e54eec64658e7fa7,SIMULATION_100_GP_LINEAR_SCAR.zip,SIMULATION_100_GP_COV_LINEAR_GAUSSIAN_SBM_SCAR_MIXED_SIGNAL/pilot_checkpoints/GP_Cov_pilot_03.rds
GP_Cov/pilot_checkpoints/GP_Cov_pilot_04.rds,523632,634a6e7dbc127b70160abac2ada8b7ed,bb2ab10d00e26adb73900285700ecff9be7731647b4a1756c99ec59432be24ce,SIMULATION_100_GP_LINEAR_SCAR.zip,SIMULATION_100_GP_COV_LINEAR_GAUSSIAN_SBM_SCAR_MIXED_SIGNAL/pilot_checkpoints/GP_Cov_pilot_04.rds
GP_Cov/pilot_checkpoints/GP_Cov_pilot_05.rds,524429,b23cba2da73150233417a00497cba5a5,392d9e29ef0a38e9db47556b87f5509359b652ce67c64c73bdc840aba5df971c,SIMULATION_100_GP_LINEAR_SCAR.zip,SIMULATION_100_GP_COV_LINEAR_GAUSSIAN_SBM_SCAR_MIXED_SIGNAL/pilot_checkpoints/GP_Cov_pilot_05.rds
GP_Cov/pilot_geometries/GP_Cov_pilot_01_geometry.rds,33822,4a6d57d7ab0f6675d91ae56f110c7b23,dcc7601bdebbd1bf71fa061c40835ad25fb478b3cb8a66a07179865200b8a260,SIMULATION_100_GP_LINEAR_SCAR.zip,SIMULATION_100_GP_COV_LINEAR_GAUSSIAN_SBM_SCAR_MIXED_SIGNAL/pilot_geometries/GP_Cov_pilot_01_geometry.rds
GP_Cov/pilot_geometries/GP_Cov_pilot_02_geometry.rds,33793,79351a45d5d207f9ce87f7795fcad60e,7aa598ccd44c1ff048686525c062dc5396b45429984b23e5e3dff0f429e90c34,SIMULATION_100_GP_LINEAR_SCAR.zip,SIMULATION_100_GP_COV_LINEAR_GAUSSIAN_SBM_SCAR_MIXED_SIGNAL/pilot_geometries/GP_Cov_pilot_02_geometry.rds
GP_Cov/pilot_geometries/GP_Cov_pilot_03_geometry.rds,33816,e4e413b49903050eeb93431ca15c8c53,3dd093345b6aff05ddab558470675a6bf0287a629ada2bc71d84f84be2948339,SIMULATION_100_GP_LINEAR_SCAR.zip,SIMULATION_100_GP_COV_LINEAR_GAUSSIAN_SBM_SCAR_MIXED_SIGNAL/pilot_geometries/GP_Cov_pilot_03_geometry.rds
GP_Cov/pilot_geometries/GP_Cov_pilot_04_geometry.rds,33808,68b17e4608091783278f6e7697988243,b77f9625eef5082ff15e870f356a68e56ff7dcb6868ad61ea66b065edcf0284e,SIMULATION_100_GP_LINEAR_SCAR.zip,SIMULATION_100_GP_COV_LINEAR_GAUSSIAN_SBM_SCAR_MIXED_SIGNAL/pilot_geometries/GP_Cov_pilot_04_geometry.rds
GP_Cov/pilot_geometries/GP_Cov_pilot_05_geometry.rds,33826,5508130ba61f2b8ccced2ccdfc2360f9,2d45dda6e3dbd4b2729480237669ae25c8df534bbf76f360ed0e7931fc3d6498,SIMULATION_100_GP_LINEAR_SCAR.zip,SIMULATION_100_GP_COV_LINEAR_GAUSSIAN_SBM_SCAR_MIXED_SIGNAL/pilot_geometries/GP_Cov_pilot_05_geometry.rds
GP_Cov/prior_calibrations/GP_Cov_pilot_01_prior_calibration.csv,1347,86737f55ab9b4db299825976b8290274,ab7130854655a02e6ac21e860615ff769ea02781a294bafa677a9d4db63393c8,SIMULATION_100_GP_LINEAR_SCAR.zip,SIMULATION_100_GP_COV_LINEAR_GAUSSIAN_SBM_SCAR_MIXED_SIGNAL/prior_calibrations/GP_Cov_pilot_01_prior_calibration.csv
GP_Cov/prior_calibrations/GP_Cov_pilot_02_prior_calibration.csv,1345,ab0f6bf2bb00005f227167219b4f749a,92f917785c109c22a35c26bd9457826539eacfae9831eac0f1f03bbe646adf08,SIMULATION_100_GP_LINEAR_SCAR.zip,SIMULATION_100_GP_COV_LINEAR_GAUSSIAN_SBM_SCAR_MIXED_SIGNAL/prior_calibrations/GP_Cov_pilot_02_prior_calibration.csv
GP_Cov/prior_calibrations/GP_Cov_pilot_03_prior_calibration.csv,1345,c683c7a41159390b5ae523833c01938c,70b7ea523f0f1064afda0442e0685f8341d696a669aaaf209e620d55bc62effd,SIMULATION_100_GP_LINEAR_SCAR.zip,SIMULATION_100_GP_COV_LINEAR_GAUSSIAN_SBM_SCAR_MIXED_SIGNAL/prior_calibrations/GP_Cov_pilot_03_prior_calibration.csv
GP_Cov/prior_calibrations/GP_Cov_pilot_04_prior_calibration.csv,1348,dd9c777da1e397079c67dbc751e6ff91,088dbcd35600db45939d8838d9b5519b8fccb0884793b11e76ec73723e88bf15,SIMULATION_100_GP_LINEAR_SCAR.zip,SIMULATION_100_GP_COV_LINEAR_GAUSSIAN_SBM_SCAR_MIXED_SIGNAL/prior_calibrations/GP_Cov_pilot_04_prior_calibration.csv
GP_Cov/prior_calibrations/GP_Cov_pilot_05_prior_calibration.csv,1341,9d9ac6dc93d64c053aa3cf810ca57912,9f8ff30746306aecaaf757c824a36224ad457b8ea35edbbc15eacea79c950313,SIMULATION_100_GP_LINEAR_SCAR.zip,SIMULATION_100_GP_COV_LINEAR_GAUSSIAN_SBM_SCAR_MIXED_SIGNAL/prior_calibrations/GP_Cov_pilot_05_prior_calibration.csv
GP_Cov/prior_calibrations/GP_Cov_replicate_001_prior_calibration.csv,1491,e237e56d179be92495d26a1134d6f422,ea45bec541dd45559dd32fd4799d210a67fb65f943d08d0ac3c5e0daa1d6601c,SIMULATION_100_GP_LINEAR_SCAR.zip,SIMULATION_100_GP_COV_LINEAR_GAUSSIAN_SBM_SCAR_MIXED_SIGNAL/prior_calibrations/GP_Cov_replicate_001_prior_calibration.csv
GP_Cov/prior_calibrations/GP_Cov_replicate_002_prior_calibration.csv,1494,e04c3c1384162392597da7f3e989293a,309bcbfcbd88e90cff85d8b8b66264a6771a2efa98841d859ac0247f348a9908,SIMULATION_100_GP_LINEAR_SCAR.zip,SIMULATION_100_GP_COV_LINEAR_GAUSSIAN_SBM_SCAR_MIXED_SIGNAL/prior_calibrations/GP_Cov_replicate_002_prior_calibration.csv
GP_Cov/prior_calibrations/GP_Cov_replicate_003_prior_calibration.csv,1493,e0549e88e0d99a2895ec729eefa7ae39,cc8f8ce667a3d39a4fe797003c86b9cd38b39851f500224dbcce049240bed2ec,SIMULATION_100_GP_LINEAR_SCAR.zip,SIMULATION_100_GP_COV_LINEAR_GAUSSIAN_SBM_SCAR_MIXED_SIGNAL/prior_calibrations/GP_Cov_replicate_003_prior_calibration.csv
GP_Cov/prior_calibrations/GP_Cov_replicate_004_prior_calibration.csv,1492,e84508ed3ef9710c89fa1d321c174dc5,2b0f2fc7f540af06e00b8135c982dc9bb2e2dcd80c490727e29d1aedc6f834f5,SIMULATION_100_GP_LINEAR_SCAR.zip,SIMULATION_100_GP_COV_LINEAR_GAUSSIAN_SBM_SCAR_MIXED_SIGNAL/prior_calibrations/GP_Cov_replicate_004_prior_calibration.csv
GP_Cov/prior_calibrations/GP_Cov_replicate_005_prior_calibration.csv,1493,19b8ae942bd872d2edbf7631137ea946,463847d205d974f6ca317ed64a41feecb7dfe640739c7a264b90d3bb987160d8,SIMULATION_100_GP_LINEAR_SCAR.zip,SIMULATION_100_GP_COV_LINEAR_GAUSSIAN_SBM_SCAR_MIXED_SIGNAL/prior_calibrations/GP_Cov_replicate_005_prior_calibration.csv
GP_Cov/prior_calibrations/GP_Cov_replicate_006_prior_calibration.csv,1494,49a580717e639c0d4c3b88abad242af6,75ad440ad0056b88c7a74c19eeaac2998a2fa6648ffa350d78059051ea3f5540,SIMULATION_100_GP_LINEAR_SCAR.zip,SIMULATION_100_GP_COV_LINEAR_GAUSSIAN_SBM_SCAR_MIXED_SIGNAL/prior_calibrations/GP_Cov_replicate_006_prior_calibration.csv
GP_Cov/prior_calibrations/GP_Cov_replicate_007_prior_calibration.csv,1493,5ea788877a3252265fcf541e4c0535ce,5dee3a97c3934a6fa663280cfb516c60c05dd3269bd0407398ac48099a553552,SIMULATION_100_GP_LINEAR_SCAR.zip,SIMULATION_100_GP_COV_LINEAR_GAUSSIAN_SBM_SCAR_MIXED_SIGNAL/prior_calibrations/GP_Cov_replicate_007_prior_calibration.csv
GP_Cov/prior_calibrations/GP_Cov_replicate_008_prior_calibration.csv,1493,c99ebbeda0c9e95d8d06824149784e06,7b8a1e3231939cf8ae4ac8789c42789c5c18f259b45b014a6fa9a02647078abb,SIMULATION_100_GP_LINEAR_SCAR.zip,SIMULATION_100_GP_COV_LINEAR_GAUSSIAN_SBM_SCAR_MIXED_SIGNAL/prior_calibrations/GP_Cov_replicate_008_prior_calibration.csv
GP_Cov/prior_calibrations/GP_Cov_replicate_009_prior_calibration.csv,1490,8d812b3917f21134284e0ee9b390e1d3,f93277fded95240cceb7449112c81c63a668453050790f41fe92422db3722443,SIMULATION_100_GP_LINEAR_SCAR.zip,SIMULATION_100_GP_COV_LINEAR_GAUSSIAN_SBM_SCAR_MIXED_SIGNAL/prior_calibrations/GP_Cov_replicate_009_prior_calibration.csv
GP_Cov/prior_calibrations/GP_Cov_replicate_010_prior_calibration.csv,1490,0cfac25e15d7b1039e566d7c244b3fc3,559c31327e036d132a702a32923fb0e39294872b2dd108009f31eadfcd5550eb,SIMULATION_100_GP_LINEAR_SCAR.zip,SIMULATION_100_GP_COV_LINEAR_GAUSSIAN_SBM_SCAR_MIXED_SIGNAL/prior_calibrations/GP_Cov_replicate_010_prior_calibration.csv
GP_Cov/prior_calibrations/GP_Cov_replicate_011_prior_calibration.csv,1495,8da59a1b777519cc15874d48e66fe2bc,51be303303a9ba6941314db01ae937aeb759263418e6fb38096823401e6dcf46,SIMULATION_100_GP_LINEAR_SCAR.zip,SIMULATION_100_GP_COV_LINEAR_GAUSSIAN_SBM_SCAR_MIXED_SIGNAL/prior_calibrations/GP_Cov_replicate_011_prior_calibration.csv
GP_Cov/prior_calibrations/GP_Cov_replicate_012_prior_calibration.csv,1493,109da37a800fe3a67aeb344e17fe85b6,01f912d2b293a1acf7bca45b2cd43e2240442510e81a8006f239dd079a10d395,SIMULATION_100_GP_LINEAR_SCAR.zip,SIMULATION_100_GP_COV_LINEAR_GAUSSIAN_SBM_SCAR_MIXED_SIGNAL/prior_calibrations/GP_Cov_replicate_012_prior_calibration.csv
GP_Cov/prior_calibrations/GP_Cov_replicate_013_prior_calibration.csv,1494,3d7b1bee1d8f8b8103c56cdff9a3cfab,e7cb575dacca5efc14c3c498f90b70ae4dc484a93c00d6dcbd80a8ac1d3d7f24,SIMULATION_100_GP_LINEAR_SCAR.zip,SIMULATION_100_GP_COV_LINEAR_GAUSSIAN_SBM_SCAR_MIXED_SIGNAL/prior_calibrations/GP_Cov_replicate_013_prior_calibration.csv
GP_Cov/prior_calibrations/GP_Cov_replicate_014_prior_calibration.csv,1495,def7fa38e8940efbe28b69f2eb4025cb,1ee961457ef2099ed583ec22ccb804e0949b5993cb86da42b2d8435a6a38f4c2,SIMULATION_100_GP_LINEAR_SCAR.zip,SIMULATION_100_GP_COV_LINEAR_GAUSSIAN_SBM_SCAR_MIXED_SIGNAL/prior_calibrations/GP_Cov_replicate_014_prior_calibration.csv
GP_Cov/prior_calibrations/GP_Cov_replicate_015_prior_calibration.csv,1495,5c14a2ecf22a3fc9ffad8c6fe6943a97,158daf8282835105526ddbac40f8d2b7d2347c93b1d37bd06d9577e0e10339e1,SIMULATION_100_GP_LINEAR_SCAR.zip,SIMULATION_100_GP_COV_LINEAR_GAUSSIAN_SBM_SCAR_MIXED_SIGNAL/prior_calibrations/GP_Cov_replicate_015_prior_calibration.csv
GP_Cov/prior_calibrations/GP_Cov_replicate_016_prior_calibration.csv,1495,f669444a00b664fe06000d35ea26246c,4a4b82af84911e267ad0b90bfcf70ad8a5da44a6f4404934552e76643366657c,SIMULATION_100_GP_LINEAR_SCAR.zip,SIMULATION_100_GP_COV_LINEAR_GAUSSIAN_SBM_SCAR_MIXED_SIGNAL/prior_calibrations/GP_Cov_replicate_016_prior_calibration.csv
GP_Cov/prior_calibrations/GP_Cov_replicate_017_prior_calibration.csv,1495,089a78ee871cd1f725ca0a54a0a517d2,8500da5cdbe4290a529dc95cacdd50c2318fc750b3792ebdec9481a65f938985,SIMULATION_100_GP_LINEAR_SCAR.zip,SIMULATION_100_GP_COV_LINEAR_GAUSSIAN_SBM_SCAR_MIXED_SIGNAL/prior_calibrations/GP_Cov_replicate_017_prior_calibration.csv
GP_Cov/prior_calibrations/GP_Cov_replicate_018_prior_calibration.csv,1495,0fb6dcee562d56f058048013f4fa10be,133de3ba507630afba5b861a058b85c0326a5478cbd5dc17243411e759353382,SIMULATION_100_GP_LINEAR_SCAR.zip,SIMULATION_100_GP_COV_LINEAR_GAUSSIAN_SBM_SCAR_MIXED_SIGNAL/prior_calibrations/GP_Cov_replicate_018_prior_calibration.csv
GP_Cov/prior_calibrations/GP_Cov_replicate_019_prior_calibration.csv,1493,9dd8f16b9eccb29a64b6c120e1f72652,a58ceea0047edbe32ceeae2babebc58e0d1e2ffcb08a4d33be44b48d71058a11,SIMULATION_100_GP_LINEAR_SCAR.zip,SIMULATION_100_GP_COV_LINEAR_GAUSSIAN_SBM_SCAR_MIXED_SIGNAL/prior_calibrations/GP_Cov_replicate_019_prior_calibration.csv
GP_Cov/prior_calibrations/GP_Cov_replicate_020_prior_calibration.csv,1491,8aedbb3ad70b890fd42915f6778d25ff,8ffd7de4c13c39836ecc0c710d88f21107f3449ec1c83996b79516d50cd14783,SIMULATION_100_GP_LINEAR_SCAR.zip,SIMULATION_100_GP_COV_LINEAR_GAUSSIAN_SBM_SCAR_MIXED_SIGNAL/prior_calibrations/GP_Cov_replicate_020_prior_calibration.csv
GP_Cov/prior_calibrations/GP_Cov_replicate_021_prior_calibration.csv,1492,6868a2b5933a62a1a048222b660e8cdc,85ab5b52103070ce5e037a8f31f340f3a51a0b867d92b78320f1ba0e192b0dc7,SIMULATION_100_GP_LINEAR_SCAR.zip,SIMULATION_100_GP_COV_LINEAR_GAUSSIAN_SBM_SCAR_MIXED_SIGNAL/prior_calibrations/GP_Cov_replicate_021_prior_calibration.csv
GP_Cov/prior_calibrations/GP_Cov_replicate_022_prior_calibration.csv,1494,5d26f809a2f7c50db6338f517a68a2f5,a7543cb57d796d5f8b01c240a93c22047d26e3b9544a823bb581478530924e2b,SIMULATION_100_GP_LINEAR_SCAR.zip,SIMULATION_100_GP_COV_LINEAR_GAUSSIAN_SBM_SCAR_MIXED_SIGNAL/prior_calibrations/GP_Cov_replicate_022_prior_calibration.csv
GP_Cov/prior_calibrations/GP_Cov_replicate_023_prior_calibration.csv,1495,7d7afc8c077723e45bc8300869756ff0,eb7a3f1d53f2975a30c8bf22f176bff7187ec298c2a0a31bcba6416b31b157c4,SIMULATION_100_GP_LINEAR_SCAR.zip,SIMULATION_100_GP_COV_LINEAR_GAUSSIAN_SBM_SCAR_MIXED_SIGNAL/prior_calibrations/GP_Cov_replicate_023_prior_calibration.csv
GP_Cov/prior_calibrations/GP_Cov_replicate_024_prior_calibration.csv,1495,877ba9c2c72682ab113dafe147ec8ba1,f354bcab321337864796021ca3d2dbf747ec596493d9a7241d8307c5600438c5,SIMULATION_100_GP_LINEAR_SCAR.zip,SIMULATION_100_GP_COV_LINEAR_GAUSSIAN_SBM_SCAR_MIXED_SIGNAL/prior_calibrations/GP_Cov_replicate_024_prior_calibration.csv
GP_Cov/prior_calibrations/GP_Cov_replicate_025_prior_calibration.csv,1494,30c727674e954e3f38b27aafd17c9faf,110ccc7b236303277743b9522308bdb36af8d457b8ee7d5e7edf93001f8d6210,SIMULATION_100_GP_LINEAR_SCAR.zip,SIMULATION_100_GP_COV_LINEAR_GAUSSIAN_SBM_SCAR_MIXED_SIGNAL/prior_calibrations/GP_Cov_replicate_025_prior_calibration.csv
GP_Cov/prior_calibrations/GP_Cov_replicate_026_prior_calibration.csv,1494,b9753c1d3d49425719e68f5ee55134f5,e3bf1541349ae4f010088183fc54b4f0545036c210e43c233d6806e7fdc0f4d2,SIMULATION_100_GP_LINEAR_SCAR.zip,SIMULATION_100_GP_COV_LINEAR_GAUSSIAN_SBM_SCAR_MIXED_SIGNAL/prior_calibrations/GP_Cov_replicate_026_prior_calibration.csv
GP_Cov/prior_calibrations/GP_Cov_replicate_027_prior_calibration.csv,1494,d1af213852c8831843b9d47ec1c7cf40,f1e971400a74a3d8c999241fa472e96f8995b1a4901487ebd7cd2aa4b24c4493,SIMULATION_100_GP_LINEAR_SCAR.zip,SIMULATION_100_GP_COV_LINEAR_GAUSSIAN_SBM_SCAR_MIXED_SIGNAL/prior_calibrations/GP_Cov_replicate_027_prior_calibration.csv
GP_Cov/prior_calibrations/GP_Cov_replicate_028_prior_calibration.csv,1493,9335fa35ee7c1a74113bcd31544f4bc3,e84d310626d3631ba45daa6e93fdd4408b7c31a4faeef81e0df21729f237d55e,SIMULATION_100_GP_LINEAR_SCAR.zip,SIMULATION_100_GP_COV_LINEAR_GAUSSIAN_SBM_SCAR_MIXED_SIGNAL/prior_calibrations/GP_Cov_replicate_028_prior_calibration.csv
GP_Cov/prior_calibrations/GP_Cov_replicate_029_prior_calibration.csv,1493,79a251f5d156137e2f960be9cc6c2b0a,0770a315bc5b22c6291d3beca80c5a8e93c6d6eecbbe4eae49e6decfc15018cb,SIMULATION_100_GP_LINEAR_SCAR.zip,SIMULATION_100_GP_COV_LINEAR_GAUSSIAN_SBM_SCAR_MIXED_SIGNAL/prior_calibrations/GP_Cov_replicate_029_prior_calibration.csv
GP_Cov/prior_calibrations/GP_Cov_replicate_030_prior_calibration.csv,1492,72a50c352403a910740e3ec295815f0a,12c6f4af307b53120eb95ef8508c77a602c0c0b8d387da7d781e84a8c1760431,SIMULATION_100_GP_LINEAR_SCAR.zip,SIMULATION_100_GP_COV_LINEAR_GAUSSIAN_SBM_SCAR_MIXED_SIGNAL/prior_calibrations/GP_Cov_replicate_030_prior_calibration.csv
GP_Cov/prior_calibrations/GP_Cov_replicate_031_prior_calibration.csv,1493,d49ef66310a5c647befc95224823ac16,8b0109cfb1cee5963fe9ad82ffd672d5ce36ce59e7cfe21f8502d2833d4c97a4,SIMULATION_100_GP_LINEAR_SCAR.zip,SIMULATION_100_GP_COV_LINEAR_GAUSSIAN_SBM_SCAR_MIXED_SIGNAL/prior_calibrations/GP_Cov_replicate_031_prior_calibration.csv
GP_Cov/prior_calibrations/GP_Cov_replicate_032_prior_calibration.csv,1492,3bddf3ce5895ace65378adb70804ff66,f85d9016066af3cde81f8b89f42e83c8802d11b52ebc4d2861d06cba0f83a8b0,SIMULATION_100_GP_LINEAR_SCAR.zip,SIMULATION_100_GP_COV_LINEAR_GAUSSIAN_SBM_SCAR_MIXED_SIGNAL/prior_calibrations/GP_Cov_replicate_032_prior_calibration.csv
GP_Cov/prior_calibrations/GP_Cov_replicate_033_prior_calibration.csv,1495,3fefc52014b94cbc78ea635642a1d441,b1a0985a674fcb9a31a8ea67f3e62b4eb0b6ff643810944260e15897dd5fb08c,SIMULATION_100_GP_LINEAR_SCAR.zip,SIMULATION_100_GP_COV_LINEAR_GAUSSIAN_SBM_SCAR_MIXED_SIGNAL/prior_calibrations/GP_Cov_replicate_033_prior_calibration.csv
GP_Cov/prior_calibrations/GP_Cov_replicate_034_prior_calibration.csv,1495,d951f830c07c65ddee2f2574256bd9bd,fa10f1d54e64bb35e2b74754cf9803cf2a1aa4e37a793192ce305781b68b5c42,SIMULATION_100_GP_LINEAR_SCAR.zip,SIMULATION_100_GP_COV_LINEAR_GAUSSIAN_SBM_SCAR_MIXED_SIGNAL/prior_calibrations/GP_Cov_replicate_034_prior_calibration.csv
GP_Cov/prior_calibrations/GP_Cov_replicate_035_prior_calibration.csv,1494,552cb47043af311f28f60364d83579c7,b2877604828d42548521089107be5c68349250dfb7272721eb4a7538b1841831,SIMULATION_100_GP_LINEAR_SCAR.zip,SIMULATION_100_GP_COV_LINEAR_GAUSSIAN_SBM_SCAR_MIXED_SIGNAL/prior_calibrations/GP_Cov_replicate_035_prior_calibration.csv
GP_Cov/prior_calibrations/GP_Cov_replicate_036_prior_calibration.csv,1495,4754cd91e717a47d07f3c824572eccca,460df894feead94d1f7c7876d5327be129cb2b60cd246b6a808fdd1dc2a6f4c7,SIMULATION_100_GP_LINEAR_SCAR.zip,SIMULATION_100_GP_COV_LINEAR_GAUSSIAN_SBM_SCAR_MIXED_SIGNAL/prior_calibrations/GP_Cov_replicate_036_prior_calibration.csv
GP_Cov/prior_calibrations/GP_Cov_replicate_037_prior_calibration.csv,1494,51f4e986305795df085a072ec8052bad,c020af48553cb71659592ad9de0694a8fc8fa05f198e90428607aea26b22fef6,SIMULATION_100_GP_LINEAR_SCAR.zip,SIMULATION_100_GP_COV_LINEAR_GAUSSIAN_SBM_SCAR_MIXED_SIGNAL/prior_calibrations/GP_Cov_replicate_037_prior_calibration.csv
GP_Cov/prior_calibrations/GP_Cov_replicate_038_prior_calibration.csv,1492,203a9f348722f3ee938fb71719d4a709,3efd21724ecaaea602f7050d1ede22e81ac38e38464f3090b015963a6bbcb047,SIMULATION_100_GP_LINEAR_SCAR.zip,SIMULATION_100_GP_COV_LINEAR_GAUSSIAN_SBM_SCAR_MIXED_SIGNAL/prior_calibrations/GP_Cov_replicate_038_prior_calibration.csv
GP_Cov/prior_calibrations/GP_Cov_replicate_039_prior_calibration.csv,1493,7a54e8800b0214e3dbc0c607e269c4b8,069f04cd5ac3104918f287be4d1c39b0ed4b0d82b9a1d6d5f708469b1edbeaa2,SIMULATION_100_GP_LINEAR_SCAR.zip,SIMULATION_100_GP_COV_LINEAR_GAUSSIAN_SBM_SCAR_MIXED_SIGNAL/prior_calibrations/GP_Cov_replicate_039_prior_calibration.csv
GP_Cov/prior_calibrations/GP_Cov_replicate_040_prior_calibration.csv,1491,1a5559700ecb719db8ac38df1e5ec456,6eb37a0473cb816f7ae6b890f3a22c31b52aa87211481e00f32f4b176d59bdad,SIMULATION_100_GP_LINEAR_SCAR.zip,SIMULATION_100_GP_COV_LINEAR_GAUSSIAN_SBM_SCAR_MIXED_SIGNAL/prior_calibrations/GP_Cov_replicate_040_prior_calibration.csv
GP_Cov/prior_calibrations/GP_Cov_replicate_041_prior_calibration.csv,1493,c55c8446bdea109beb2f53fd439c6358,b43520b79fcaa002b335212afe1bafddd93ae878f572905724009224ad693068,SIMULATION_100_GP_LINEAR_SCAR.zip,SIMULATION_100_GP_COV_LINEAR_GAUSSIAN_SBM_SCAR_MIXED_SIGNAL/prior_calibrations/GP_Cov_replicate_041_prior_calibration.csv
GP_Cov/prior_calibrations/GP_Cov_replicate_042_prior_calibration.csv,1494,39f6b71b11207ca68070f5f33f04737f,4b69fcc22250a883e67baa1f742c769435cb95f2f7f27ea8ee57e8391e17afd3,SIMULATION_100_GP_LINEAR_SCAR.zip,SIMULATION_100_GP_COV_LINEAR_GAUSSIAN_SBM_SCAR_MIXED_SIGNAL/prior_calibrations/GP_Cov_replicate_042_prior_calibration.csv
GP_Cov/prior_calibrations/GP_Cov_replicate_043_prior_calibration.csv,1494,a2929b257a07517919fc6749aa1b0343,d242225a5a8070282705e917c5d3475297a1934082896c3714e36e8bd1139d36,SIMULATION_100_GP_LINEAR_SCAR.zip,SIMULATION_100_GP_COV_LINEAR_GAUSSIAN_SBM_SCAR_MIXED_SIGNAL/prior_calibrations/GP_Cov_replicate_043_prior_calibration.csv
GP_Cov/prior_calibrations/GP_Cov_replicate_044_prior_calibration.csv,1495,06e405bbe27d76142e0a3ef3a66d1cb8,fd35d919fa6ef63caffe427fce95ae7c14fd194a41b2032467a88982cade5af9,SIMULATION_100_GP_LINEAR_SCAR.zip,SIMULATION_100_GP_COV_LINEAR_GAUSSIAN_SBM_SCAR_MIXED_SIGNAL/prior_calibrations/GP_Cov_replicate_044_prior_calibration.csv
GP_Cov/prior_calibrations/GP_Cov_replicate_045_prior_calibration.csv,1495,97870f338d8f641b1f1f5daa439523e8,1fb9902adcf4f9383276217bedaf49ff447d727b4cdf22ee7ef815c34fd8ea67,SIMULATION_100_GP_LINEAR_SCAR.zip,SIMULATION_100_GP_COV_LINEAR_GAUSSIAN_SBM_SCAR_MIXED_SIGNAL/prior_calibrations/GP_Cov_replicate_045_prior_calibration.csv
GP_Cov/prior_calibrations/GP_Cov_replicate_046_prior_calibration.csv,1495,cb2d6c8a4cd9c25676ccfaaa2daccc4e,e70a8777a3c21a0da5385bf4e7916e9035c22d41bf8f65b9392978799a0ca44f,SIMULATION_100_GP_LINEAR_SCAR.zip,SIMULATION_100_GP_COV_LINEAR_GAUSSIAN_SBM_SCAR_MIXED_SIGNAL/prior_calibrations/GP_Cov_replicate_046_prior_calibration.csv
GP_Cov/prior_calibrations/GP_Cov_replicate_047_prior_calibration.csv,1495,5b37ebbb833db8bb7975412da741edff,f48d1a640f164f2f154ca19c4aa65845fb8594177584afba180be61403712c5e,SIMULATION_100_GP_LINEAR_SCAR.zip,SIMULATION_100_GP_COV_LINEAR_GAUSSIAN_SBM_SCAR_MIXED_SIGNAL/prior_calibrations/GP_Cov_replicate_047_prior_calibration.csv
GP_Cov/prior_calibrations/GP_Cov_replicate_048_prior_calibration.csv,1495,5dd731e92f511fefa160065314aa0877,1d667e0ffeaa6742701607f6c72d6a75d7aad5d16bb7ccac0612819c88466a3a,SIMULATION_100_GP_LINEAR_SCAR.zip,SIMULATION_100_GP_COV_LINEAR_GAUSSIAN_SBM_SCAR_MIXED_SIGNAL/prior_calibrations/GP_Cov_replicate_048_prior_calibration.csv
GP_Cov/prior_calibrations/GP_Cov_replicate_049_prior_calibration.csv,1494,d459c0b0d2a4cdc0315894c29e7c2618,a4f6aeac1820af1f63911b68c1291f2f0367498776564142d19165f1e000267a,SIMULATION_100_GP_LINEAR_SCAR.zip,SIMULATION_100_GP_COV_LINEAR_GAUSSIAN_SBM_SCAR_MIXED_SIGNAL/prior_calibrations/GP_Cov_replicate_049_prior_calibration.csv
GP_Cov/prior_calibrations/GP_Cov_replicate_050_prior_calibration.csv,1495,c9356a81b9d57f8ff9bb9f0485d74293,473a1c2934de63e30f2f088c0fc303ccbecd4d848ecab3089005618aa5a16d71,SIMULATION_100_GP_LINEAR_SCAR.zip,SIMULATION_100_GP_COV_LINEAR_GAUSSIAN_SBM_SCAR_MIXED_SIGNAL/prior_calibrations/GP_Cov_replicate_050_prior_calibration.csv
GP_Cov/prior_calibrations/GP_Cov_replicate_051_prior_calibration.csv,1493,335dee1278753df974f3094a449fc7e9,db2880422cae199d3881c185c9e2326095856d141215f55f5655d79c4214b287,SIMULATION_100_GP_LINEAR_SCAR.zip,SIMULATION_100_GP_COV_LINEAR_GAUSSIAN_SBM_SCAR_MIXED_SIGNAL/prior_calibrations/GP_Cov_replicate_051_prior_calibration.csv
GP_Cov/prior_calibrations/GP_Cov_replicate_052_prior_calibration.csv,1494,9cb13f165bc6af85e489cc76b39158e1,4d0fef958b2efab8ba531ba98343fdd135a1d02a824858c598a81b77a9ae6de4,SIMULATION_100_GP_LINEAR_SCAR.zip,SIMULATION_100_GP_COV_LINEAR_GAUSSIAN_SBM_SCAR_MIXED_SIGNAL/prior_calibrations/GP_Cov_replicate_052_prior_calibration.csv
GP_Cov/prior_calibrations/GP_Cov_replicate_053_prior_calibration.csv,1495,5c4f4cadf818a879c56b3cd00f338669,a0ca9a5c3b10f67679c98e129af1156481ff019bfd95c14f907ff935028df577,SIMULATION_100_GP_LINEAR_SCAR.zip,SIMULATION_100_GP_COV_LINEAR_GAUSSIAN_SBM_SCAR_MIXED_SIGNAL/prior_calibrations/GP_Cov_replicate_053_prior_calibration.csv
GP_Cov/prior_calibrations/GP_Cov_replicate_054_prior_calibration.csv,1490,1aee17b03c8e4948bbb571832af63a34,9a9eb6eff30651f7da9c2b83ed6e8edf9eb69fab9736388f0c7f4870fb22561d,SIMULATION_100_GP_LINEAR_SCAR.zip,SIMULATION_100_GP_COV_LINEAR_GAUSSIAN_SBM_SCAR_MIXED_SIGNAL/prior_calibrations/GP_Cov_replicate_054_prior_calibration.csv
GP_Cov/prior_calibrations/GP_Cov_replicate_055_prior_calibration.csv,1494,e65104c013e5dd23efbd12f113ddd72a,427d1caa597d7b79f7d19bae3d6c5496a0330ce5e820548fcf3058ded889fad1,SIMULATION_100_GP_LINEAR_SCAR.zip,SIMULATION_100_GP_COV_LINEAR_GAUSSIAN_SBM_SCAR_MIXED_SIGNAL/prior_calibrations/GP_Cov_replicate_055_prior_calibration.csv
GP_Cov/prior_calibrations/GP_Cov_replicate_056_prior_calibration.csv,1495,8756c641e8b6bdbb612197e91d914ab3,459d8006ed2427267f638cc8d654274b984ee20d1870855e8774221e970255d2,SIMULATION_100_GP_LINEAR_SCAR.zip,SIMULATION_100_GP_COV_LINEAR_GAUSSIAN_SBM_SCAR_MIXED_SIGNAL/prior_calibrations/GP_Cov_replicate_056_prior_calibration.csv
GP_Cov/prior_calibrations/GP_Cov_replicate_057_prior_calibration.csv,1490,85c8d71c589d790eb58748719ff83acf,cacf89b35bbf159cfdaab9f3afbe84ae5f7ce96115b7586bb9884c9e0bb3fbde,SIMULATION_100_GP_LINEAR_SCAR.zip,SIMULATION_100_GP_COV_LINEAR_GAUSSIAN_SBM_SCAR_MIXED_SIGNAL/prior_calibrations/GP_Cov_replicate_057_prior_calibration.csv
GP_Cov/prior_calibrations/GP_Cov_replicate_058_prior_calibration.csv,1493,f09c386b6be1dd4be12c9b0ae1909579,8927e0f7464b7fed1a6e59a1693df6101c49d4c81a0c7aec16d81fcbd50c71bf,SIMULATION_100_GP_LINEAR_SCAR.zip,SIMULATION_100_GP_COV_LINEAR_GAUSSIAN_SBM_SCAR_MIXED_SIGNAL/prior_calibrations/GP_Cov_replicate_058_prior_calibration.csv
GP_Cov/prior_calibrations/GP_Cov_replicate_059_prior_calibration.csv,1494,2139e5c869f893d593229d47575ad8d8,1c5b76458b5a73810dbff1743fa9ba84dac16339c87413b9637e3efd3894b18e,SIMULATION_100_GP_LINEAR_SCAR.zip,SIMULATION_100_GP_COV_LINEAR_GAUSSIAN_SBM_SCAR_MIXED_SIGNAL/prior_calibrations/GP_Cov_replicate_059_prior_calibration.csv
GP_Cov/prior_calibrations/GP_Cov_replicate_060_prior_calibration.csv,1492,8b50e06b74b4d3e52fd5e0164da2a7ed,0726451e7138c84411eb48ec845eed348b456fd8ed717d253e6228b8e14e6d5a,SIMULATION_100_GP_LINEAR_SCAR.zip,SIMULATION_100_GP_COV_LINEAR_GAUSSIAN_SBM_SCAR_MIXED_SIGNAL/prior_calibrations/GP_Cov_replicate_060_prior_calibration.csv
GP_Cov/prior_calibrations/GP_Cov_replicate_061_prior_calibration.csv,1495,2b5c49dcacfdc4b467deae451e2c1f15,2617ab73a61f6ab3cd57783ab5ef0e95d26fe563c3abebdd6f41c6d98733f7cc,SIMULATION_100_GP_LINEAR_SCAR.zip,SIMULATION_100_GP_COV_LINEAR_GAUSSIAN_SBM_SCAR_MIXED_SIGNAL/prior_calibrations/GP_Cov_replicate_061_prior_calibration.csv
GP_Cov/prior_calibrations/GP_Cov_replicate_062_prior_calibration.csv,1495,87a83be06aa6381c04daff2e23c3f8c6,51eebb2edce039f3d0432e5de7a2c9aa8da4b993e943545e7103c92fc874c480,SIMULATION_100_GP_LINEAR_SCAR.zip,SIMULATION_100_GP_COV_LINEAR_GAUSSIAN_SBM_SCAR_MIXED_SIGNAL/prior_calibrations/GP_Cov_replicate_062_prior_calibration.csv
GP_Cov/prior_calibrations/GP_Cov_replicate_063_prior_calibration.csv,1495,40e429b33859a070ef94123dd55f4a9f,156cd74752123ab3b788e15c9d63f34eebd1e781f18d968df36182dc9fd04c5f,SIMULATION_100_GP_LINEAR_SCAR.zip,SIMULATION_100_GP_COV_LINEAR_GAUSSIAN_SBM_SCAR_MIXED_SIGNAL/prior_calibrations/GP_Cov_replicate_063_prior_calibration.csv
GP_Cov/prior_calibrations/GP_Cov_replicate_064_prior_calibration.csv,1490,70443e4c25948719a5b07f8afaf18a36,f1c0a9b583d463122d34e5bca5ea5d7d5cb5e82674b18e62fc0bfc9ab4a0e089,SIMULATION_100_GP_LINEAR_SCAR.zip,SIMULATION_100_GP_COV_LINEAR_GAUSSIAN_SBM_SCAR_MIXED_SIGNAL/prior_calibrations/GP_Cov_replicate_064_prior_calibration.csv
GP_Cov/prior_calibrations/GP_Cov_replicate_065_prior_calibration.csv,1494,3f8fad16f446761e6da86c2839041f0a,77bafeffa5538f70e72b814ca01f4eedef488764f18f75aa8c462acbdcd772e4,SIMULATION_100_GP_LINEAR_SCAR.zip,SIMULATION_100_GP_COV_LINEAR_GAUSSIAN_SBM_SCAR_MIXED_SIGNAL/prior_calibrations/GP_Cov_replicate_065_prior_calibration.csv
GP_Cov/prior_calibrations/GP_Cov_replicate_066_prior_calibration.csv,1494,ecdcfd7b5a380723f98bcb24a5c8272f,0c38936d29025be1aea543d7dacbece794bf3ba0905163400521eae484ecd8c5,SIMULATION_100_GP_LINEAR_SCAR.zip,SIMULATION_100_GP_COV_LINEAR_GAUSSIAN_SBM_SCAR_MIXED_SIGNAL/prior_calibrations/GP_Cov_replicate_066_prior_calibration.csv
GP_Cov/prior_calibrations/GP_Cov_replicate_067_prior_calibration.csv,1495,b1181ab519d9f795b6be219f44ee0628,7df40e00f5a99ca526a65ee46932f5f07b427bdb7107f33047ad9c5ae4019bf2,SIMULATION_100_GP_LINEAR_SCAR.zip,SIMULATION_100_GP_COV_LINEAR_GAUSSIAN_SBM_SCAR_MIXED_SIGNAL/prior_calibrations/GP_Cov_replicate_067_prior_calibration.csv
GP_Cov/prior_calibrations/GP_Cov_replicate_068_prior_calibration.csv,1493,b226907ec62be8c1e3285e19508357ae,1c35e011ea90cad3f7db68765007024366d7eebb27ad42e13e16d24856cb1845,SIMULATION_100_GP_LINEAR_SCAR.zip,SIMULATION_100_GP_COV_LINEAR_GAUSSIAN_SBM_SCAR_MIXED_SIGNAL/prior_calibrations/GP_Cov_replicate_068_prior_calibration.csv
GP_Cov/prior_calibrations/GP_Cov_replicate_069_prior_calibration.csv,1494,e1345df4d5c3d8888e7e5cb829ab862f,771bce126362921f989aca5b228be317870a5318f25d1c784d847c19ffdc9df5,SIMULATION_100_GP_LINEAR_SCAR.zip,SIMULATION_100_GP_COV_LINEAR_GAUSSIAN_SBM_SCAR_MIXED_SIGNAL/prior_calibrations/GP_Cov_replicate_069_prior_calibration.csv
GP_Cov/prior_calibrations/GP_Cov_replicate_070_prior_calibration.csv,1495,7691c0851d69f4394f829a6200bafac6,3e7ae82702a64446b8d300b60fc7d0e168768559a47366df743b8e180f4ce2d5,SIMULATION_100_GP_LINEAR_SCAR.zip,SIMULATION_100_GP_COV_LINEAR_GAUSSIAN_SBM_SCAR_MIXED_SIGNAL/prior_calibrations/GP_Cov_replicate_070_prior_calibration.csv
GP_Cov/prior_calibrations/GP_Cov_replicate_071_prior_calibration.csv,1495,3863829f0a5e3b57b5c89c77cdbbb482,b47780f26e393f17f35384da75a477387e1bcba4395b83ca120956ca7c2c3dcc,SIMULATION_100_GP_LINEAR_SCAR.zip,SIMULATION_100_GP_COV_LINEAR_GAUSSIAN_SBM_SCAR_MIXED_SIGNAL/prior_calibrations/GP_Cov_replicate_071_prior_calibration.csv
GP_Cov/prior_calibrations/GP_Cov_replicate_072_prior_calibration.csv,1492,925e8f15fb562bef874b30955e1b6bce,c574d300f1adb251a5dd9bc9e00a5da60a372f0350c1c49eae491fc02de5815b,SIMULATION_100_GP_LINEAR_SCAR.zip,SIMULATION_100_GP_COV_LINEAR_GAUSSIAN_SBM_SCAR_MIXED_SIGNAL/prior_calibrations/GP_Cov_replicate_072_prior_calibration.csv
GP_Cov/prior_calibrations/GP_Cov_replicate_073_prior_calibration.csv,1495,3bc7cbc07dd4c4f2d8bb244c2b1678b4,0419d931c7f9b3bddb873b2f5690410541b8deeb1e6f04beb01b0deaffd126b0,SIMULATION_100_GP_LINEAR_SCAR.zip,SIMULATION_100_GP_COV_LINEAR_GAUSSIAN_SBM_SCAR_MIXED_SIGNAL/prior_calibrations/GP_Cov_replicate_073_prior_calibration.csv
GP_Cov/prior_calibrations/GP_Cov_replicate_074_prior_calibration.csv,1494,7530e4bb25152415cd51ee4ffad921b5,57910fda19aed751474ec837005d4dd839281133af1dc6969f9161dbc4ba9d1c,SIMULATION_100_GP_LINEAR_SCAR.zip,SIMULATION_100_GP_COV_LINEAR_GAUSSIAN_SBM_SCAR_MIXED_SIGNAL/prior_calibrations/GP_Cov_replicate_074_prior_calibration.csv
GP_Cov/prior_calibrations/GP_Cov_replicate_075_prior_calibration.csv,1494,17e35a6646984e555214e32988a2ed59,2fbe7c8607febb479f4b0125e1ba2791ab02f853c6a69f2da013c586a41a2704,SIMULATION_100_GP_LINEAR_SCAR.zip,SIMULATION_100_GP_COV_LINEAR_GAUSSIAN_SBM_SCAR_MIXED_SIGNAL/prior_calibrations/GP_Cov_replicate_075_prior_calibration.csv
GP_Cov/prior_calibrations/GP_Cov_replicate_076_prior_calibration.csv,1488,83fa2277e9053649d93c6199dc883534,991124e18fe4d07e41e5299de6caa5a2c9c1fcab3eb7261832bfc9ba5ed9ffed,SIMULATION_100_GP_LINEAR_SCAR.zip,SIMULATION_100_GP_COV_LINEAR_GAUSSIAN_SBM_SCAR_MIXED_SIGNAL/prior_calibrations/GP_Cov_replicate_076_prior_calibration.csv
GP_Cov/prior_calibrations/GP_Cov_replicate_077_prior_calibration.csv,1495,227f036a08de6ff022c659593b315014,9abb73f7aedaa708411043d7a5921ba4bb90d2004da030b578043e0066a8dabd,SIMULATION_100_GP_LINEAR_SCAR.zip,SIMULATION_100_GP_COV_LINEAR_GAUSSIAN_SBM_SCAR_MIXED_SIGNAL/prior_calibrations/GP_Cov_replicate_077_prior_calibration.csv
GP_Cov/prior_calibrations/GP_Cov_replicate_078_prior_calibration.csv,1494,dfa4e4a784aa773789495826743fd6b3,980569d229cf0d71d947d4876ab4103f6ddb0b47cfdd86590b1cab5cc63b06ac,SIMULATION_100_GP_LINEAR_SCAR.zip,SIMULATION_100_GP_COV_LINEAR_GAUSSIAN_SBM_SCAR_MIXED_SIGNAL/prior_calibrations/GP_Cov_replicate_078_prior_calibration.csv
GP_Cov/prior_calibrations/GP_Cov_replicate_079_prior_calibration.csv,1495,73f82d782045fe80abe7489fbb9b98c8,73a98110ef143fb0bdcab62401c1aff95e972af4c097e4ddae2991a55d96653e,SIMULATION_100_GP_LINEAR_SCAR.zip,SIMULATION_100_GP_COV_LINEAR_GAUSSIAN_SBM_SCAR_MIXED_SIGNAL/prior_calibrations/GP_Cov_replicate_079_prior_calibration.csv
GP_Cov/prior_calibrations/GP_Cov_replicate_080_prior_calibration.csv,1495,9b80c95420d4dc88ed7a0db8afc2d522,a78cdb87dde6e2633ecd00a1be20ada82641923b6c87d37527b43fec9dae82be,SIMULATION_100_GP_LINEAR_SCAR.zip,SIMULATION_100_GP_COV_LINEAR_GAUSSIAN_SBM_SCAR_MIXED_SIGNAL/prior_calibrations/GP_Cov_replicate_080_prior_calibration.csv
GP_Cov/prior_calibrations/GP_Cov_replicate_081_prior_calibration.csv,1492,ba29032ab67916872d2d0f44645c17a1,441c6da2a9076d70f581e7fce4f80e4b6fdda7399ca0fc1a17e29fb0322fb95d,SIMULATION_100_GP_LINEAR_SCAR.zip,SIMULATION_100_GP_COV_LINEAR_GAUSSIAN_SBM_SCAR_MIXED_SIGNAL/prior_calibrations/GP_Cov_replicate_081_prior_calibration.csv
GP_Cov/prior_calibrations/GP_Cov_replicate_082_prior_calibration.csv,1494,573a47d64715b676f93ca86ac143a1b2,57fe5a8f8e7b794adee47f1cab9e0cbfd731a65f462e3548c906104c3b0ed8da,SIMULATION_100_GP_LINEAR_SCAR.zip,SIMULATION_100_GP_COV_LINEAR_GAUSSIAN_SBM_SCAR_MIXED_SIGNAL/prior_calibrations/GP_Cov_replicate_082_prior_calibration.csv
GP_Cov/prior_calibrations/GP_Cov_replicate_083_prior_calibration.csv,1493,5e6e9f59e79de9d37ff8c0f7edfa2ed3,f058cca2126617879fa9389a4bee46e01a81eae4c2ebbf13399b29b0db3b2601,SIMULATION_100_GP_LINEAR_SCAR.zip,SIMULATION_100_GP_COV_LINEAR_GAUSSIAN_SBM_SCAR_MIXED_SIGNAL/prior_calibrations/GP_Cov_replicate_083_prior_calibration.csv
GP_Cov/prior_calibrations/GP_Cov_replicate_084_prior_calibration.csv,1495,f28ded769c8cfb6754a1a8bdac92915c,bfa016c6060fa639f73f8dd11fe0d800dedd13e9b5eecdaaf5f0bd6b820d224e,SIMULATION_100_GP_LINEAR_SCAR.zip,SIMULATION_100_GP_COV_LINEAR_GAUSSIAN_SBM_SCAR_MIXED_SIGNAL/prior_calibrations/GP_Cov_replicate_084_prior_calibration.csv
GP_Cov/prior_calibrations/GP_Cov_replicate_085_prior_calibration.csv,1495,27a9e0455921ab7bae1c803290859890,6bb230c72093d83ccb090f0e5e727f6f2a9ec137535b121a31c0110d53a945ab,SIMULATION_100_GP_LINEAR_SCAR.zip,SIMULATION_100_GP_COV_LINEAR_GAUSSIAN_SBM_SCAR_MIXED_SIGNAL/prior_calibrations/GP_Cov_replicate_085_prior_calibration.csv
GP_Cov/prior_calibrations/GP_Cov_replicate_086_prior_calibration.csv,1494,14c957a1f1300cb7db8ed7cdf276872d,6f27e29d41a454de1ffc2c516ade82ff7ebc127772428d7df40cf67d77ebd75a,SIMULATION_100_GP_LINEAR_SCAR.zip,SIMULATION_100_GP_COV_LINEAR_GAUSSIAN_SBM_SCAR_MIXED_SIGNAL/prior_calibrations/GP_Cov_replicate_086_prior_calibration.csv
GP_Cov/prior_calibrations/GP_Cov_replicate_087_prior_calibration.csv,1495,5f4a67f0f36aa33e1f98719641c9e27b,291a02977a15c1a8d80dc9c9a27d3ccebcaaeb38bebca9c0ace540cb1f9ce9e7,SIMULATION_100_GP_LINEAR_SCAR.zip,SIMULATION_100_GP_COV_LINEAR_GAUSSIAN_SBM_SCAR_MIXED_SIGNAL/prior_calibrations/GP_Cov_replicate_087_prior_calibration.csv
GP_Cov/prior_calibrations/GP_Cov_replicate_088_prior_calibration.csv,1495,77572a7ba368883f910bf93432799f2b,1efc50a4e2e8d7a0354daf9dc45992b159c17bd0ef9888b9a23a5fe766477d26,SIMULATION_100_GP_LINEAR_SCAR.zip,SIMULATION_100_GP_COV_LINEAR_GAUSSIAN_SBM_SCAR_MIXED_SIGNAL/prior_calibrations/GP_Cov_replicate_088_prior_calibration.csv
GP_Cov/prior_calibrations/GP_Cov_replicate_089_prior_calibration.csv,1495,54432dee04df0b9521d0ed1ea4d898a8,14aefe20b64a7ab6694ee5a70862ed0e96c0ea94c17e37dafcb9a42e09247be9,SIMULATION_100_GP_LINEAR_SCAR.zip,SIMULATION_100_GP_COV_LINEAR_GAUSSIAN_SBM_SCAR_MIXED_SIGNAL/prior_calibrations/GP_Cov_replicate_089_prior_calibration.csv
GP_Cov/prior_calibrations/GP_Cov_replicate_090_prior_calibration.csv,1495,27a5175af6afdb25a057119bdf5f01c5,8fe9c5162636094d72b8b032f5c84719e21b91bf0026e2763d4e1458d8693ac8,SIMULATION_100_GP_LINEAR_SCAR.zip,SIMULATION_100_GP_COV_LINEAR_GAUSSIAN_SBM_SCAR_MIXED_SIGNAL/prior_calibrations/GP_Cov_replicate_090_prior_calibration.csv
GP_Cov/prior_calibrations/GP_Cov_replicate_091_prior_calibration.csv,1495,a3511e48a7669e3314d5dff241ee5e9c,e628e1d12fb794dd7787188627fd9771c0c864912561b0ce282155e44052e7c7,SIMULATION_100_GP_LINEAR_SCAR.zip,SIMULATION_100_GP_COV_LINEAR_GAUSSIAN_SBM_SCAR_MIXED_SIGNAL/prior_calibrations/GP_Cov_replicate_091_prior_calibration.csv
GP_Cov/prior_calibrations/GP_Cov_replicate_092_prior_calibration.csv,1494,a5af07d612ffa6c6077de9ceed12ab1f,217c407b11d55eff96e2bef8ffac04a581e61db0817fe50d4b9ed846e461ac15,SIMULATION_100_GP_LINEAR_SCAR.zip,SIMULATION_100_GP_COV_LINEAR_GAUSSIAN_SBM_SCAR_MIXED_SIGNAL/prior_calibrations/GP_Cov_replicate_092_prior_calibration.csv
GP_Cov/prior_calibrations/GP_Cov_replicate_093_prior_calibration.csv,1494,61f6b23fac80f6e757f8002e264bb8d5,f270763ed1f6fb1483332e4047f0b7558cf88738ffc6ad49eea31c5b4fd9cd90,SIMULATION_100_GP_LINEAR_SCAR.zip,SIMULATION_100_GP_COV_LINEAR_GAUSSIAN_SBM_SCAR_MIXED_SIGNAL/prior_calibrations/GP_Cov_replicate_093_prior_calibration.csv
GP_Cov/prior_calibrations/GP_Cov_replicate_094_prior_calibration.csv,1494,8eddb02c9367089d3ab767e9757559f3,2f8aa75b583962134f64edb96b5c101fa521927fdff1a20c1ffc01a377c2d1b4,SIMULATION_100_GP_LINEAR_SCAR.zip,SIMULATION_100_GP_COV_LINEAR_GAUSSIAN_SBM_SCAR_MIXED_SIGNAL/prior_calibrations/GP_Cov_replicate_094_prior_calibration.csv
GP_Cov/prior_calibrations/GP_Cov_replicate_095_prior_calibration.csv,1494,27d22c9f77dbd3faebb809cdabd703d1,d5a97f3969722be3312ce04ba813d337ea41845cd9b94b237b17f24343b74176,SIMULATION_100_GP_LINEAR_SCAR.zip,SIMULATION_100_GP_COV_LINEAR_GAUSSIAN_SBM_SCAR_MIXED_SIGNAL/prior_calibrations/GP_Cov_replicate_095_prior_calibration.csv
GP_Cov/prior_calibrations/GP_Cov_replicate_096_prior_calibration.csv,1494,be689430d9a54a37dea1301b35b25807,b5ac7bf01c7ca03821c7cb1e56fd373941215863719614bf782e3ab8467a124d,SIMULATION_100_GP_LINEAR_SCAR.zip,SIMULATION_100_GP_COV_LINEAR_GAUSSIAN_SBM_SCAR_MIXED_SIGNAL/prior_calibrations/GP_Cov_replicate_096_prior_calibration.csv
GP_Cov/prior_calibrations/GP_Cov_replicate_097_prior_calibration.csv,1495,176885e2f5dd4340dfb4b9bf22b73d6d,5ba843565b7008a3624c492fef80587072b886472387743332fd4c59b2b3f781,SIMULATION_100_GP_LINEAR_SCAR.zip,SIMULATION_100_GP_COV_LINEAR_GAUSSIAN_SBM_SCAR_MIXED_SIGNAL/prior_calibrations/GP_Cov_replicate_097_prior_calibration.csv
GP_Cov/prior_calibrations/GP_Cov_replicate_098_prior_calibration.csv,1494,e57ff8a048eb5cd6399df69d2aa75b8b,64617cf91eb5fa97194d337423d561f3641d1390530dcead3ca11bf7a8bbdd3f,SIMULATION_100_GP_LINEAR_SCAR.zip,SIMULATION_100_GP_COV_LINEAR_GAUSSIAN_SBM_SCAR_MIXED_SIGNAL/prior_calibrations/GP_Cov_replicate_098_prior_calibration.csv
GP_Cov/prior_calibrations/GP_Cov_replicate_099_prior_calibration.csv,1493,04af4acda494645610a59e4c482f70f1,fed814afd7c38696b373cad4af2475147509f835ca17da782266a94029444643,SIMULATION_100_GP_LINEAR_SCAR.zip,SIMULATION_100_GP_COV_LINEAR_GAUSSIAN_SBM_SCAR_MIXED_SIGNAL/prior_calibrations/GP_Cov_replicate_099_prior_calibration.csv
GP_Cov/prior_calibrations/GP_Cov_replicate_100_prior_calibration.csv,1495,9608025d48fd3b20a493a3a46d1ea8d9,59b88960d5bbc2ab44593dd58efb7a818e6361ab85de7aab3aacd81fff846553,SIMULATION_100_GP_LINEAR_SCAR.zip,SIMULATION_100_GP_COV_LINEAR_GAUSSIAN_SBM_SCAR_MIXED_SIGNAL/prior_calibrations/GP_Cov_replicate_100_prior_calibration.csv
GP_Cov/production_checkpoints/GP_Cov_replicate_001.rds,14192,42cd3bdd9d8d58dfe4bbe0d8acc5a61f,7aaa8329361b2019aee320695560e2823652b352afab9773570e5caece2909f9,SIMULATION_100_GP_LINEAR_SCAR.zip,SIMULATION_100_GP_COV_LINEAR_GAUSSIAN_SBM_SCAR_MIXED_SIGNAL/production_checkpoints/GP_Cov_replicate_001.rds
GP_Cov/production_checkpoints/GP_Cov_replicate_002.rds,14250,4ebe56f2346d7abc7562c2c346bb8f81,6a74ad4ed4be5ee3bdca8b05b54e8619fc5a7f0873d039a897e5b2ab07a3422f,SIMULATION_100_GP_LINEAR_SCAR.zip,SIMULATION_100_GP_COV_LINEAR_GAUSSIAN_SBM_SCAR_MIXED_SIGNAL/production_checkpoints/GP_Cov_replicate_002.rds
GP_Cov/production_checkpoints/GP_Cov_replicate_003.rds,14184,735ded104f28dcca877d282293d2874d,02540ccb10fdb8aa67c53775faab70739c124072d0f5ae51d7a543cae7c7eb93,SIMULATION_100_GP_LINEAR_SCAR.zip,SIMULATION_100_GP_COV_LINEAR_GAUSSIAN_SBM_SCAR_MIXED_SIGNAL/production_checkpoints/GP_Cov_replicate_003.rds
GP_Cov/production_checkpoints/GP_Cov_replicate_004.rds,14258,7d15d114f4502fa2ea71918160071cb5,a09de905c00a72573bf97137726d99c4e37efeee94e34ba50f6ef014b2537262,SIMULATION_100_GP_LINEAR_SCAR.zip,SIMULATION_100_GP_COV_LINEAR_GAUSSIAN_SBM_SCAR_MIXED_SIGNAL/production_checkpoints/GP_Cov_replicate_004.rds
GP_Cov/production_checkpoints/GP_Cov_replicate_005.rds,14205,d9f5dcc1020c678c28c14d8e42fe0be2,6290a09fc947128397c744a8d7066b51fa661d002a6641e6677591dab2fbf0a1,SIMULATION_100_GP_LINEAR_SCAR.zip,SIMULATION_100_GP_COV_LINEAR_GAUSSIAN_SBM_SCAR_MIXED_SIGNAL/production_checkpoints/GP_Cov_replicate_005.rds
GP_Cov/production_checkpoints/GP_Cov_replicate_006.rds,14247,cb9ff780693e87ec3252b66fda5fb2da,2cec68e1271a5bb258876473d4ca3299b30078ade23e25309f5685d183dce3fc,SIMULATION_100_GP_LINEAR_SCAR.zip,SIMULATION_100_GP_COV_LINEAR_GAUSSIAN_SBM_SCAR_MIXED_SIGNAL/production_checkpoints/GP_Cov_replicate_006.rds
GP_Cov/production_checkpoints/GP_Cov_replicate_007.rds,14119,08938f38f7fab906fa02e1dc9a8ce64e,0b6c3f9a93cb332ee3ebbdddb076fcada01bc5e349048ec635214cb5ef659277,SIMULATION_100_GP_LINEAR_SCAR.zip,SIMULATION_100_GP_COV_LINEAR_GAUSSIAN_SBM_SCAR_MIXED_SIGNAL/production_checkpoints/GP_Cov_replicate_007.rds
GP_Cov/production_checkpoints/GP_Cov_replicate_008.rds,14270,4ba1d411d963d120435fc14bc8afcceb,31a3308095195cab9c7337941044e106acf8111efb39f6f780ed3e1becccb8aa,SIMULATION_100_GP_LINEAR_SCAR.zip,SIMULATION_100_GP_COV_LINEAR_GAUSSIAN_SBM_SCAR_MIXED_SIGNAL/production_checkpoints/GP_Cov_replicate_008.rds
GP_Cov/production_checkpoints/GP_Cov_replicate_009.rds,14270,dd603195b11dbc2c82c1f4d6b2cf89a7,19d9a7a15677c61e853ff432536a27fd5114e15d259ed56cb6688d1eccb75c02,SIMULATION_100_GP_LINEAR_SCAR.zip,SIMULATION_100_GP_COV_LINEAR_GAUSSIAN_SBM_SCAR_MIXED_SIGNAL/production_checkpoints/GP_Cov_replicate_009.rds
GP_Cov/production_checkpoints/GP_Cov_replicate_010.rds,14239,306172c1073e1ae96221be0e04e498c2,d970a6404fbdfec2d772758bf8f8e54639df68eaa170119c5d52183ceb233368,SIMULATION_100_GP_LINEAR_SCAR.zip,SIMULATION_100_GP_COV_LINEAR_GAUSSIAN_SBM_SCAR_MIXED_SIGNAL/production_checkpoints/GP_Cov_replicate_010.rds
GP_Cov/production_checkpoints/GP_Cov_replicate_011.rds,14238,9663b9e6fa30cc9f50b684f4fe9cc5b3,5f63a9a979465ef5290d482a7a0d161c80b6daf6abd3c3d964e72cfbffb62103,SIMULATION_100_GP_LINEAR_SCAR.zip,SIMULATION_100_GP_COV_LINEAR_GAUSSIAN_SBM_SCAR_MIXED_SIGNAL/production_checkpoints/GP_Cov_replicate_011.rds
GP_Cov/production_checkpoints/GP_Cov_replicate_012.rds,14247,fc17c6ae5945aa324d15eeebfd706ad5,b612dd24138a9461ccf43d913d7582612fcd66b41fb496d9534b5a524fde8c84,SIMULATION_100_GP_LINEAR_SCAR.zip,SIMULATION_100_GP_COV_LINEAR_GAUSSIAN_SBM_SCAR_MIXED_SIGNAL/production_checkpoints/GP_Cov_replicate_012.rds
GP_Cov/production_checkpoints/GP_Cov_replicate_013.rds,14196,0ef9221640d24e784bc236a5c7dfb074,3c83197cf11f114080c4a9fee29dc81a7edad0d32c85069f9143c942cdb06582,SIMULATION_100_GP_LINEAR_SCAR.zip,SIMULATION_100_GP_COV_LINEAR_GAUSSIAN_SBM_SCAR_MIXED_SIGNAL/production_checkpoints/GP_Cov_replicate_013.rds
GP_Cov/production_checkpoints/GP_Cov_replicate_014.rds,14177,d64b1f3bce4f1e08b55889a2739d0c49,c21bbfffd77e27d0543b861e15d9de5cf421ad6698a86ed80a45c8dbf81def1a,SIMULATION_100_GP_LINEAR_SCAR.zip,SIMULATION_100_GP_COV_LINEAR_GAUSSIAN_SBM_SCAR_MIXED_SIGNAL/production_checkpoints/GP_Cov_replicate_014.rds
GP_Cov/production_checkpoints/GP_Cov_replicate_015.rds,14171,fe9b3b2f307042172df3947ec77e8ea1,378e884b9306fd129388a65f71927fdf4dc165c5e02218078419ad4e29c1cf1c,SIMULATION_100_GP_LINEAR_SCAR.zip,SIMULATION_100_GP_COV_LINEAR_GAUSSIAN_SBM_SCAR_MIXED_SIGNAL/production_checkpoints/GP_Cov_replicate_015.rds
GP_Cov/production_checkpoints/GP_Cov_replicate_016.rds,14202,5280d00632a75d1da9e7906649b35392,2ce57e1e9260ee2ce79942a66db6093c132138c87a1fec64752c9aeb3fff1b4b,SIMULATION_100_GP_LINEAR_SCAR.zip,SIMULATION_100_GP_COV_LINEAR_GAUSSIAN_SBM_SCAR_MIXED_SIGNAL/production_checkpoints/GP_Cov_replicate_016.rds
GP_Cov/production_checkpoints/GP_Cov_replicate_017.rds,14215,c035dd36660404ff0b60b103f820aac7,d058571bbb10f667074910503de115cccd0ad838aa683b340f05c9da20ab77e1,SIMULATION_100_GP_LINEAR_SCAR.zip,SIMULATION_100_GP_COV_LINEAR_GAUSSIAN_SBM_SCAR_MIXED_SIGNAL/production_checkpoints/GP_Cov_replicate_017.rds
GP_Cov/production_checkpoints/GP_Cov_replicate_018.rds,14169,de5211e247b0fea93739de0668cfcfb9,9c098aa3758ce0d883a15e83547459ace95773401b3111b1aff4043f027f3167,SIMULATION_100_GP_LINEAR_SCAR.zip,SIMULATION_100_GP_COV_LINEAR_GAUSSIAN_SBM_SCAR_MIXED_SIGNAL/production_checkpoints/GP_Cov_replicate_018.rds
GP_Cov/production_checkpoints/GP_Cov_replicate_019.rds,14036,1db7b3c58446ff85290ccf682c1e941f,59efa12eb5260f8205831e0e4413ea3c74869a3f08b467042ab4dd2127ae4c7d,SIMULATION_100_GP_LINEAR_SCAR.zip,SIMULATION_100_GP_COV_LINEAR_GAUSSIAN_SBM_SCAR_MIXED_SIGNAL/production_checkpoints/GP_Cov_replicate_019.rds
GP_Cov/production_checkpoints/GP_Cov_replicate_020.rds,14228,97952a7d1ddf92ae94419459d50c66c0,5740affe2c5f44e5f0d0660f842a7249c8891b8288c85df187fd8a1d420466fd,SIMULATION_100_GP_LINEAR_SCAR.zip,SIMULATION_100_GP_COV_LINEAR_GAUSSIAN_SBM_SCAR_MIXED_SIGNAL/production_checkpoints/GP_Cov_replicate_020.rds
GP_Cov/production_checkpoints/GP_Cov_replicate_021.rds,14188,7346fb04c9ccf0cc0239301fad2b3e78,b9d770c5d72f8cfb2e16f8791a4f6d11cd2c1fa2194bcf7f0ee5ae0649d79e1a,SIMULATION_100_GP_LINEAR_SCAR.zip,SIMULATION_100_GP_COV_LINEAR_GAUSSIAN_SBM_SCAR_MIXED_SIGNAL/production_checkpoints/GP_Cov_replicate_021.rds
GP_Cov/production_checkpoints/GP_Cov_replicate_022.rds,14246,dcd4648469e85375f9c77cc89e5becfd,cdd7e5831a575b9a8f90cce1ba0d694812f9485fd6bf5864d8c16ac9ad19aaf5,SIMULATION_100_GP_LINEAR_SCAR.zip,SIMULATION_100_GP_COV_LINEAR_GAUSSIAN_SBM_SCAR_MIXED_SIGNAL/production_checkpoints/GP_Cov_replicate_022.rds
GP_Cov/production_checkpoints/GP_Cov_replicate_023.rds,14204,6418177288586aeccdbf234d43f20874,3d2cd1df58341f92c2c84ed3c3ab3cc04ca03af904058e9a619ddb4dfc2867db,SIMULATION_100_GP_LINEAR_SCAR.zip,SIMULATION_100_GP_COV_LINEAR_GAUSSIAN_SBM_SCAR_MIXED_SIGNAL/production_checkpoints/GP_Cov_replicate_023.rds
GP_Cov/production_checkpoints/GP_Cov_replicate_024.rds,14103,021926163f82d65b7b8935ce84b2160f,02db78d9e666d83c3c807abdbe93367a8173a66209262247af64975ce358f6c1,SIMULATION_100_GP_LINEAR_SCAR.zip,SIMULATION_100_GP_COV_LINEAR_GAUSSIAN_SBM_SCAR_MIXED_SIGNAL/production_checkpoints/GP_Cov_replicate_024.rds
GP_Cov/production_checkpoints/GP_Cov_replicate_025.rds,14215,ee39a0d0f92232d28fef8bae0cb13e7f,ff50093951212d376b8f1020aa427aaef7a0f8c93abeaf326585a5ef4e40a2ee,SIMULATION_100_GP_LINEAR_SCAR.zip,SIMULATION_100_GP_COV_LINEAR_GAUSSIAN_SBM_SCAR_MIXED_SIGNAL/production_checkpoints/GP_Cov_replicate_025.rds
GP_Cov/production_checkpoints/GP_Cov_replicate_026.rds,14181,7c6fef1f3f3f9ede0a7f39991bf18ae2,c33f2f816ddcd780a5a41bc53540d2aef8c27880ec7dea8add44a5cf8e671eb2,SIMULATION_100_GP_LINEAR_SCAR.zip,SIMULATION_100_GP_COV_LINEAR_GAUSSIAN_SBM_SCAR_MIXED_SIGNAL/production_checkpoints/GP_Cov_replicate_026.rds
GP_Cov/production_checkpoints/GP_Cov_replicate_027.rds,14178,99fb68fb0a87a3280040fc2b4cae136b,525556214269014a2d8055c641d387ca81d81f6b157f8df7d67f2c8c2c2b2d80,SIMULATION_100_GP_LINEAR_SCAR.zip,SIMULATION_100_GP_COV_LINEAR_GAUSSIAN_SBM_SCAR_MIXED_SIGNAL/production_checkpoints/GP_Cov_replicate_027.rds
GP_Cov/production_checkpoints/GP_Cov_replicate_028.rds,14209,142618105613052e791e24df5e7b0da3,a9b50db1e1a7045c7c1270d33a0f0e609ce52c8ccbb2c2b2a8ed27ec2ce6a2ee,SIMULATION_100_GP_LINEAR_SCAR.zip,SIMULATION_100_GP_COV_LINEAR_GAUSSIAN_SBM_SCAR_MIXED_SIGNAL/production_checkpoints/GP_Cov_replicate_028.rds
GP_Cov/production_checkpoints/GP_Cov_replicate_029.rds,14225,5b683d833d32f3bf6e0c007f13783832,5f7548052f6e205b440aa76827670cd08eded6178b1e5b40e601b47e4c10e5ab,SIMULATION_100_GP_LINEAR_SCAR.zip,SIMULATION_100_GP_COV_LINEAR_GAUSSIAN_SBM_SCAR_MIXED_SIGNAL/production_checkpoints/GP_Cov_replicate_029.rds
GP_Cov/production_checkpoints/GP_Cov_replicate_030.rds,14136,4cb4e018173aaccdbe738ed96eb2bbc3,db9d6a2db3667d87b2c5aa86267cc72ad92eb1baf4fc81c0ed3619fc295ce5a1,SIMULATION_100_GP_LINEAR_SCAR.zip,SIMULATION_100_GP_COV_LINEAR_GAUSSIAN_SBM_SCAR_MIXED_SIGNAL/production_checkpoints/GP_Cov_replicate_030.rds
GP_Cov/production_checkpoints/GP_Cov_replicate_031.rds,14198,c7f965b63229390315a1c2f9e812702e,95108014d89fcb376fcb17e8485c38eb1e9f9c44ee751e609439fc104a87ab24,SIMULATION_100_GP_LINEAR_SCAR.zip,SIMULATION_100_GP_COV_LINEAR_GAUSSIAN_SBM_SCAR_MIXED_SIGNAL/production_checkpoints/GP_Cov_replicate_031.rds
GP_Cov/production_checkpoints/GP_Cov_replicate_032.rds,14032,301fa1a931b9e5677b1567050429f68f,07e344b0171f43f3b4c17aa6ea3aa2039ea164e03bc529da9e16b17880e584b7,SIMULATION_100_GP_LINEAR_SCAR.zip,SIMULATION_100_GP_COV_LINEAR_GAUSSIAN_SBM_SCAR_MIXED_SIGNAL/production_checkpoints/GP_Cov_replicate_032.rds
GP_Cov/production_checkpoints/GP_Cov_replicate_033.rds,14295,63b7a4cb300ca50d5c87dcf436965d13,2703385808d8b3e05112c9147bbb853716786304199cb3e2e90dbce4b33b1768,SIMULATION_100_GP_LINEAR_SCAR.zip,SIMULATION_100_GP_COV_LINEAR_GAUSSIAN_SBM_SCAR_MIXED_SIGNAL/production_checkpoints/GP_Cov_replicate_033.rds
GP_Cov/production_checkpoints/GP_Cov_replicate_034.rds,14078,8519ecc23ee3d5ab2a11660ac1e2af0e,295cfbd078bae2737498e5731dd769aea29e3a17115abaca5aa25864a7c6e12f,SIMULATION_100_GP_LINEAR_SCAR.zip,SIMULATION_100_GP_COV_LINEAR_GAUSSIAN_SBM_SCAR_MIXED_SIGNAL/production_checkpoints/GP_Cov_replicate_034.rds
GP_Cov/production_checkpoints/GP_Cov_replicate_035.rds,14256,29c4f47577351ab43abccc8b99593f83,5b68d97cd13697ef79eb404590dfdea4b0f5f8d59838b136a7809e34f3db993d,SIMULATION_100_GP_LINEAR_SCAR.zip,SIMULATION_100_GP_COV_LINEAR_GAUSSIAN_SBM_SCAR_MIXED_SIGNAL/production_checkpoints/GP_Cov_replicate_035.rds
GP_Cov/production_checkpoints/GP_Cov_replicate_036.rds,14103,f3a0ac4eb70065d2c7e5f82f56806c9a,d08d946bc2f3876eb9dbd7717ba905c2246355aad2e7bcca42f8709edeee51de,SIMULATION_100_GP_LINEAR_SCAR.zip,SIMULATION_100_GP_COV_LINEAR_GAUSSIAN_SBM_SCAR_MIXED_SIGNAL/production_checkpoints/GP_Cov_replicate_036.rds
GP_Cov/production_checkpoints/GP_Cov_replicate_037.rds,14230,f1f0390bae0b82fd0058ec3571295360,27db480c64e7ebe9c3e35bf1d0d122f4b49e8597f361a331d55e0a25d629d898,SIMULATION_100_GP_LINEAR_SCAR.zip,SIMULATION_100_GP_COV_LINEAR_GAUSSIAN_SBM_SCAR_MIXED_SIGNAL/production_checkpoints/GP_Cov_replicate_037.rds
GP_Cov/production_checkpoints/GP_Cov_replicate_038.rds,14160,e1d195b65b4145521996bb6b30afecf4,84c0b952a81ab379765af64339eb1e69958d0c0a9bb092f7f51974677891579c,SIMULATION_100_GP_LINEAR_SCAR.zip,SIMULATION_100_GP_COV_LINEAR_GAUSSIAN_SBM_SCAR_MIXED_SIGNAL/production_checkpoints/GP_Cov_replicate_038.rds
GP_Cov/production_checkpoints/GP_Cov_replicate_039.rds,14215,b3f12d202dc1c0e15e8b49c50bc46f80,d750f0fb9ce7109f3c94632ee094af531fbaea7bef920ddf4de5e282f088a27a,SIMULATION_100_GP_LINEAR_SCAR.zip,SIMULATION_100_GP_COV_LINEAR_GAUSSIAN_SBM_SCAR_MIXED_SIGNAL/production_checkpoints/GP_Cov_replicate_039.rds
GP_Cov/production_checkpoints/GP_Cov_replicate_040.rds,14226,33ed11f48a73b93af7ae0f406bf780cc,9a84cbf7b1205bf3226be88dbb9177d34368daa5c9f483c22526186fdb4cf7ef,SIMULATION_100_GP_LINEAR_SCAR.zip,SIMULATION_100_GP_COV_LINEAR_GAUSSIAN_SBM_SCAR_MIXED_SIGNAL/production_checkpoints/GP_Cov_replicate_040.rds
GP_Cov/production_checkpoints/GP_Cov_replicate_041.rds,14232,53971f3916743f00433818dce23f7ae5,16aa7ab4c128c22ef2f77ee6b0f9207ae3c1b095749cb60f1615c0375733d62c,SIMULATION_100_GP_LINEAR_SCAR.zip,SIMULATION_100_GP_COV_LINEAR_GAUSSIAN_SBM_SCAR_MIXED_SIGNAL/production_checkpoints/GP_Cov_replicate_041.rds
GP_Cov/production_checkpoints/GP_Cov_replicate_042.rds,14230,5e4c3cc3252b75001be0d8e7f20d1a32,f883ddb6da290103826168a8d4238ef2b4533fed8135f53fbf861de40101223d,SIMULATION_100_GP_LINEAR_SCAR.zip,SIMULATION_100_GP_COV_LINEAR_GAUSSIAN_SBM_SCAR_MIXED_SIGNAL/production_checkpoints/GP_Cov_replicate_042.rds
GP_Cov/production_checkpoints/GP_Cov_replicate_043.rds,14178,6d40dbb6d0f99261bfa62c11e5ab2601,f39ed74498a3287d5d42317e75f92946db931323228348377ade5425005d97f2,SIMULATION_100_GP_LINEAR_SCAR.zip,SIMULATION_100_GP_COV_LINEAR_GAUSSIAN_SBM_SCAR_MIXED_SIGNAL/production_checkpoints/GP_Cov_replicate_043.rds
GP_Cov/production_checkpoints/GP_Cov_replicate_044.rds,14252,08cbac3a88a883b176214ce21b172366,eb4a14ca9ee6b79e8a9b3c5377461ae8eedf7480dfd6947f4894e05724178e61,SIMULATION_100_GP_LINEAR_SCAR.zip,SIMULATION_100_GP_COV_LINEAR_GAUSSIAN_SBM_SCAR_MIXED_SIGNAL/production_checkpoints/GP_Cov_replicate_044.rds
GP_Cov/production_checkpoints/GP_Cov_replicate_045.rds,14228,80db167db7727e13d2e2107558fa1cf9,6de3fa14fa5404db473d50bfa2082b2639c6bbcfbd39db9efb43927e55caf5fe,SIMULATION_100_GP_LINEAR_SCAR.zip,SIMULATION_100_GP_COV_LINEAR_GAUSSIAN_SBM_SCAR_MIXED_SIGNAL/production_checkpoints/GP_Cov_replicate_045.rds
GP_Cov/production_checkpoints/GP_Cov_replicate_046.rds,14249,3b20651e16f1c8bc2b4fb6bcba00bc67,5422fc1e997c2664bd592a167398133db7f5311737131c6bf073bb60b00b4d91,SIMULATION_100_GP_LINEAR_SCAR.zip,SIMULATION_100_GP_COV_LINEAR_GAUSSIAN_SBM_SCAR_MIXED_SIGNAL/production_checkpoints/GP_Cov_replicate_046.rds
GP_Cov/production_checkpoints/GP_Cov_replicate_047.rds,14213,2a22f502f94720c76684510c30635566,684b2d8381cc72d16da0fbc4962164b8f1f596c97532a063e5019f77aab5bb49,SIMULATION_100_GP_LINEAR_SCAR.zip,SIMULATION_100_GP_COV_LINEAR_GAUSSIAN_SBM_SCAR_MIXED_SIGNAL/production_checkpoints/GP_Cov_replicate_047.rds
GP_Cov/production_checkpoints/GP_Cov_replicate_048.rds,14209,a3cb459f33f3b08074ebb47fd05855ed,2c3021358244f3d4da7ffcfb1cf87ae0c3399e497fc45c61490492e185632804,SIMULATION_100_GP_LINEAR_SCAR.zip,SIMULATION_100_GP_COV_LINEAR_GAUSSIAN_SBM_SCAR_MIXED_SIGNAL/production_checkpoints/GP_Cov_replicate_048.rds
GP_Cov/production_checkpoints/GP_Cov_replicate_049.rds,14189,f565a7d504b607267d5a54a3af2c7b36,3a35fac58a6a7b7bf899520dac319336336b320e843b16009318efb018a95d03,SIMULATION_100_GP_LINEAR_SCAR.zip,SIMULATION_100_GP_COV_LINEAR_GAUSSIAN_SBM_SCAR_MIXED_SIGNAL/production_checkpoints/GP_Cov_replicate_049.rds
GP_Cov/production_checkpoints/GP_Cov_replicate_050.rds,14271,ee85ec7947ad7f0105e3f32187af5a63,c28badb03be22b7cdd43d112ed946b679affe807ad05ac252e5bf2fb1cd4813b,SIMULATION_100_GP_LINEAR_SCAR.zip,SIMULATION_100_GP_COV_LINEAR_GAUSSIAN_SBM_SCAR_MIXED_SIGNAL/production_checkpoints/GP_Cov_replicate_050.rds
GP_Cov/production_checkpoints/GP_Cov_replicate_051.rds,14034,3a37608fe457ef2100920eebd59193b2,b2966041da9efc5dff1408a9991395b4f01d3b3222501a56df213e42ed10d3f5,SIMULATION_100_GP_LINEAR_SCAR.zip,SIMULATION_100_GP_COV_LINEAR_GAUSSIAN_SBM_SCAR_MIXED_SIGNAL/production_checkpoints/GP_Cov_replicate_051.rds
GP_Cov/production_checkpoints/GP_Cov_replicate_052.rds,14150,e91bd678edc6cc35dfed858841e26de7,bd3c6016adf7ffee297fdde95ff2efe36f35cce00c0b38e01a4ae7aba6d046bf,SIMULATION_100_GP_LINEAR_SCAR.zip,SIMULATION_100_GP_COV_LINEAR_GAUSSIAN_SBM_SCAR_MIXED_SIGNAL/production_checkpoints/GP_Cov_replicate_052.rds
GP_Cov/production_checkpoints/GP_Cov_replicate_053.rds,14146,3efb564e0e40bb10bfeced647c6d820e,369db19af4c3b812371c1f984ed7a8114103c91ee3b55f20f44686d9c32ba19e,SIMULATION_100_GP_LINEAR_SCAR.zip,SIMULATION_100_GP_COV_LINEAR_GAUSSIAN_SBM_SCAR_MIXED_SIGNAL/production_checkpoints/GP_Cov_replicate_053.rds
GP_Cov/production_checkpoints/GP_Cov_replicate_054.rds,14203,9cd0ac0580194b5bf50397c7bb795c4d,86da2ed3a5985872e8433fa47e87921609e30f8c4079899ddbb39d8c7482f596,SIMULATION_100_GP_LINEAR_SCAR.zip,SIMULATION_100_GP_COV_LINEAR_GAUSSIAN_SBM_SCAR_MIXED_SIGNAL/production_checkpoints/GP_Cov_replicate_054.rds
GP_Cov/production_checkpoints/GP_Cov_replicate_055.rds,14267,4523e4cf65ecb2b99bd93ded465e08ff,5363ef276d53548a0e9ea59db8fb2afc4417c13493029fc3e4d83e54d0732bf8,SIMULATION_100_GP_LINEAR_SCAR.zip,SIMULATION_100_GP_COV_LINEAR_GAUSSIAN_SBM_SCAR_MIXED_SIGNAL/production_checkpoints/GP_Cov_replicate_055.rds
GP_Cov/production_checkpoints/GP_Cov_replicate_056.rds,14274,a5289ec7e2a936a5a6a1edfaab92dda3,087a854ad44aca08c397d6d671f9dc768f5c4e4726721f122df9eab9f1c21634,SIMULATION_100_GP_LINEAR_SCAR.zip,SIMULATION_100_GP_COV_LINEAR_GAUSSIAN_SBM_SCAR_MIXED_SIGNAL/production_checkpoints/GP_Cov_replicate_056.rds
GP_Cov/production_checkpoints/GP_Cov_replicate_057.rds,14151,45b38677bb3eefba488015e04be979a0,11c276425d832da214426849d78da187378c5c97425464dba1e7eb9095215e0b,SIMULATION_100_GP_LINEAR_SCAR.zip,SIMULATION_100_GP_COV_LINEAR_GAUSSIAN_SBM_SCAR_MIXED_SIGNAL/production_checkpoints/GP_Cov_replicate_057.rds
GP_Cov/production_checkpoints/GP_Cov_replicate_058.rds,14264,53556708e80de91791f50f52a241320f,615a602600174f81152cafcac781517205dcff935a7ceb494aa3f583ffac5429,SIMULATION_100_GP_LINEAR_SCAR.zip,SIMULATION_100_GP_COV_LINEAR_GAUSSIAN_SBM_SCAR_MIXED_SIGNAL/production_checkpoints/GP_Cov_replicate_058.rds
GP_Cov/production_checkpoints/GP_Cov_replicate_059.rds,14174,f40440bec36bb004d8d79018c48dc2d9,e272bda384c6c5ffa97b7dfe6ba821d46b385151f3cda2fad8dc50e92430b99f,SIMULATION_100_GP_LINEAR_SCAR.zip,SIMULATION_100_GP_COV_LINEAR_GAUSSIAN_SBM_SCAR_MIXED_SIGNAL/production_checkpoints/GP_Cov_replicate_059.rds
GP_Cov/production_checkpoints/GP_Cov_replicate_060.rds,14105,a2065353a32e71d8d109884b7e40d8c2,dd4489014dd42646557e04b135d7d8532618c887d657101570a5578e832d57aa,SIMULATION_100_GP_LINEAR_SCAR.zip,SIMULATION_100_GP_COV_LINEAR_GAUSSIAN_SBM_SCAR_MIXED_SIGNAL/production_checkpoints/GP_Cov_replicate_060.rds
GP_Cov/production_checkpoints/GP_Cov_replicate_061.rds,14260,9327b1da71486bea8b0302d8262c7181,9a509b10b8399004e83af475c6a4b822ef7aa54d7b7b67df50d5257d74503762,SIMULATION_100_GP_LINEAR_SCAR.zip,SIMULATION_100_GP_COV_LINEAR_GAUSSIAN_SBM_SCAR_MIXED_SIGNAL/production_checkpoints/GP_Cov_replicate_061.rds
GP_Cov/production_checkpoints/GP_Cov_replicate_062.rds,14185,6c58b4b7f7c428896094aeb303a4cfe4,c71023a6bf3038190c964ae2db867329dcb2510978262ee4ae62fe2e0f17a3ca,SIMULATION_100_GP_LINEAR_SCAR.zip,SIMULATION_100_GP_COV_LINEAR_GAUSSIAN_SBM_SCAR_MIXED_SIGNAL/production_checkpoints/GP_Cov_replicate_062.rds
GP_Cov/production_checkpoints/GP_Cov_replicate_063.rds,14276,e716cccbb8531cfcfb54523a6928c8ef,37c100e0b438f9dee86c88805cef35543b54ca9abb2514a4180111548d5ca161,SIMULATION_100_GP_LINEAR_SCAR.zip,SIMULATION_100_GP_COV_LINEAR_GAUSSIAN_SBM_SCAR_MIXED_SIGNAL/production_checkpoints/GP_Cov_replicate_063.rds
GP_Cov/production_checkpoints/GP_Cov_replicate_064.rds,14246,e14851c635432e8ff57ff1a0fb9d0c87,b4145755c04ee1dc0d6a9cb760093ab730024bf923d0df253a93192723caf755,SIMULATION_100_GP_LINEAR_SCAR.zip,SIMULATION_100_GP_COV_LINEAR_GAUSSIAN_SBM_SCAR_MIXED_SIGNAL/production_checkpoints/GP_Cov_replicate_064.rds
GP_Cov/production_checkpoints/GP_Cov_replicate_065.rds,14194,28ee6f1e8f894f9a6cbf35f04fcdd61a,a1394f03f8fbeafded5ef90dcbf301fb4c81ee17d9bda53250981f4fac6cb0ea,SIMULATION_100_GP_LINEAR_SCAR.zip,SIMULATION_100_GP_COV_LINEAR_GAUSSIAN_SBM_SCAR_MIXED_SIGNAL/production_checkpoints/GP_Cov_replicate_065.rds
GP_Cov/production_checkpoints/GP_Cov_replicate_066.rds,14216,d47976ed04e074a747e753a54376a234,f8ae52e729439c8a637e341c87999b1a8e4e78fe6e07a1691dbeb7453674de96,SIMULATION_100_GP_LINEAR_SCAR.zip,SIMULATION_100_GP_COV_LINEAR_GAUSSIAN_SBM_SCAR_MIXED_SIGNAL/production_checkpoints/GP_Cov_replicate_066.rds
GP_Cov/production_checkpoints/GP_Cov_replicate_067.rds,14199,bb5265c28a29171e0a486e2dad0ee7db,a559fbc30e4e17f3accc8320685ab9fccbc92dab72bbb60b1ec2dc6c36b1ba49,SIMULATION_100_GP_LINEAR_SCAR.zip,SIMULATION_100_GP_COV_LINEAR_GAUSSIAN_SBM_SCAR_MIXED_SIGNAL/production_checkpoints/GP_Cov_replicate_067.rds
GP_Cov/production_checkpoints/GP_Cov_replicate_068.rds,14184,8f1bb5970b4be1de8e9d2e7022812b8e,d8096ae35a79fde23639e6c6dd4a5b78aa0c7a5c680284dfb9a5a57c88ef4cd8,SIMULATION_100_GP_LINEAR_SCAR.zip,SIMULATION_100_GP_COV_LINEAR_GAUSSIAN_SBM_SCAR_MIXED_SIGNAL/production_checkpoints/GP_Cov_replicate_068.rds
GP_Cov/production_checkpoints/GP_Cov_replicate_069.rds,14239,15e04fc1d4d120c9bfaca87dfa9247a9,1c60c0482857dc71715922f5bc52ea3021e94f3783d5f811ceb456e6cb9bea49,SIMULATION_100_GP_LINEAR_SCAR.zip,SIMULATION_100_GP_COV_LINEAR_GAUSSIAN_SBM_SCAR_MIXED_SIGNAL/production_checkpoints/GP_Cov_replicate_069.rds
GP_Cov/production_checkpoints/GP_Cov_replicate_070.rds,14196,1a168a7df5d255a83bf206b2bb15af4e,fea379ca63bbf62d652c080b3138474306d73ea57f5c3bf313180635cfb21ce2,SIMULATION_100_GP_LINEAR_SCAR.zip,SIMULATION_100_GP_COV_LINEAR_GAUSSIAN_SBM_SCAR_MIXED_SIGNAL/production_checkpoints/GP_Cov_replicate_070.rds
GP_Cov/production_checkpoints/GP_Cov_replicate_071.rds,14269,067af9978c6df06739eab4b590741f2e,0056fb211a6bca4ad6bfa496c0b645276ad4233dfeaf369090b7033088321179,SIMULATION_100_GP_LINEAR_SCAR.zip,SIMULATION_100_GP_COV_LINEAR_GAUSSIAN_SBM_SCAR_MIXED_SIGNAL/production_checkpoints/GP_Cov_replicate_071.rds
GP_Cov/production_checkpoints/GP_Cov_replicate_072.rds,14181,667905b8137cba05a4b4248084ce8cc5,d5e0f4c2284e2f516508f115320bd2eb03b241b9166041322763caa02b94e994,SIMULATION_100_GP_LINEAR_SCAR.zip,SIMULATION_100_GP_COV_LINEAR_GAUSSIAN_SBM_SCAR_MIXED_SIGNAL/production_checkpoints/GP_Cov_replicate_072.rds
GP_Cov/production_checkpoints/GP_Cov_replicate_073.rds,14163,b2db941c1583986e2f8ca94d5601060b,42a810e06a2ea11b602c47d7e3434540e87dc414feaff5fb4487ce0bce95d1a6,SIMULATION_100_GP_LINEAR_SCAR.zip,SIMULATION_100_GP_COV_LINEAR_GAUSSIAN_SBM_SCAR_MIXED_SIGNAL/production_checkpoints/GP_Cov_replicate_073.rds
GP_Cov/production_checkpoints/GP_Cov_replicate_074.rds,14204,a29798dacb94ffd1dc3c8e28683e1f49,f3aca3785ae8bdd18aa90ecf9b81a19b1a85bacbf24aa7cd08aca7e3ad59230f,SIMULATION_100_GP_LINEAR_SCAR.zip,SIMULATION_100_GP_COV_LINEAR_GAUSSIAN_SBM_SCAR_MIXED_SIGNAL/production_checkpoints/GP_Cov_replicate_074.rds
GP_Cov/production_checkpoints/GP_Cov_replicate_075.rds,14261,e1524093240a861deca1d43ae45af6b2,e110b442a7d09e80bc3a84973ca90ce5dc2d35a8a83927564a13cefb20d5d95d,SIMULATION_100_GP_LINEAR_SCAR.zip,SIMULATION_100_GP_COV_LINEAR_GAUSSIAN_SBM_SCAR_MIXED_SIGNAL/production_checkpoints/GP_Cov_replicate_075.rds
GP_Cov/production_checkpoints/GP_Cov_replicate_076.rds,14269,a6df0d765cbe30e13203fde70c132885,84b4cbaca9565195aea16eb5b671aaa1b83d7eaf4e3c277b380ae17f64d00ba2,SIMULATION_100_GP_LINEAR_SCAR.zip,SIMULATION_100_GP_COV_LINEAR_GAUSSIAN_SBM_SCAR_MIXED_SIGNAL/production_checkpoints/GP_Cov_replicate_076.rds
GP_Cov/production_checkpoints/GP_Cov_replicate_077.rds,14202,9264c90a7e5d08549b5c80e56834b9c3,a07d9aae1fe3afee2c3363266ffc0b5c94bf0628d25f0573f23c0e38b9329cfc,SIMULATION_100_GP_LINEAR_SCAR.zip,SIMULATION_100_GP_COV_LINEAR_GAUSSIAN_SBM_SCAR_MIXED_SIGNAL/production_checkpoints/GP_Cov_replicate_077.rds
GP_Cov/production_checkpoints/GP_Cov_replicate_078.rds,14156,51f0e40432bb6ce291f6959b48935df3,1677fd199aba85bd9f97ec1038ce95134f48fddd2c8d590f657d1651fc3e320a,SIMULATION_100_GP_LINEAR_SCAR.zip,SIMULATION_100_GP_COV_LINEAR_GAUSSIAN_SBM_SCAR_MIXED_SIGNAL/production_checkpoints/GP_Cov_replicate_078.rds
GP_Cov/production_checkpoints/GP_Cov_replicate_079.rds,14085,9ebe921da08dd957ce2d2d7ecaa1a127,32a52afe6610e0872feea4fbd24c6eb7ebfe65c49e1824a06ab940e5f501fea0,SIMULATION_100_GP_LINEAR_SCAR.zip,SIMULATION_100_GP_COV_LINEAR_GAUSSIAN_SBM_SCAR_MIXED_SIGNAL/production_checkpoints/GP_Cov_replicate_079.rds
GP_Cov/production_checkpoints/GP_Cov_replicate_080.rds,14196,6ec0a6f2bfe6b11c5857c3e34ca17259,6f6b26e59f694f8a108d05d0aec756a98dd4f2482150962281ad596b9c23c064,SIMULATION_100_GP_LINEAR_SCAR.zip,SIMULATION_100_GP_COV_LINEAR_GAUSSIAN_SBM_SCAR_MIXED_SIGNAL/production_checkpoints/GP_Cov_replicate_080.rds
GP_Cov/production_checkpoints/GP_Cov_replicate_081.rds,14240,c684e5828f6c097052ed2e1c9eb1e706,11bee5574553a6a626da1311f27316788e04ebdc811d35cca9db20225bf16bbd,SIMULATION_100_GP_LINEAR_SCAR.zip,SIMULATION_100_GP_COV_LINEAR_GAUSSIAN_SBM_SCAR_MIXED_SIGNAL/production_checkpoints/GP_Cov_replicate_081.rds
GP_Cov/production_checkpoints/GP_Cov_replicate_082.rds,14174,be0961fff750265c9bfd1ad3a502386b,86325e44314e36452544731f0e8e7fd45cb9ee3f1c59e104cbd6b1d89171b44a,SIMULATION_100_GP_LINEAR_SCAR.zip,SIMULATION_100_GP_COV_LINEAR_GAUSSIAN_SBM_SCAR_MIXED_SIGNAL/production_checkpoints/GP_Cov_replicate_082.rds
GP_Cov/production_checkpoints/GP_Cov_replicate_083.rds,14213,7a1a1d80179f678a52218d9abac2af77,473157d18cf83ae53e7cb1be79d6ad481bcbd3f264bac278950a2085358eccc8,SIMULATION_100_GP_LINEAR_SCAR.zip,SIMULATION_100_GP_COV_LINEAR_GAUSSIAN_SBM_SCAR_MIXED_SIGNAL/production_checkpoints/GP_Cov_replicate_083.rds
GP_Cov/production_checkpoints/GP_Cov_replicate_084.rds,14117,f19050e342065a8695ed355875aa54ed,63572facab07ebf9af9089a9fe19421d7e9382749c8f85c67242057046cdd1a6,SIMULATION_100_GP_LINEAR_SCAR.zip,SIMULATION_100_GP_COV_LINEAR_GAUSSIAN_SBM_SCAR_MIXED_SIGNAL/production_checkpoints/GP_Cov_replicate_084.rds
GP_Cov/production_checkpoints/GP_Cov_replicate_085.rds,14154,ae67b7f39511f99d0ae52ed8a23a46c6,8ce8fb9ca9a89bb1bfac451bad6e018dfc7e482931e5a80a7738a4a7b56cfaa5,SIMULATION_100_GP_LINEAR_SCAR.zip,SIMULATION_100_GP_COV_LINEAR_GAUSSIAN_SBM_SCAR_MIXED_SIGNAL/production_checkpoints/GP_Cov_replicate_085.rds
GP_Cov/production_checkpoints/GP_Cov_replicate_086.rds,14159,a29112b65a8493b5f1d07b666b0328a8,f062ed31b5b14740dd933ac48bd1f8e5395b55a4eea0b9beab0793fe59c5697e,SIMULATION_100_GP_LINEAR_SCAR.zip,SIMULATION_100_GP_COV_LINEAR_GAUSSIAN_SBM_SCAR_MIXED_SIGNAL/production_checkpoints/GP_Cov_replicate_086.rds
GP_Cov/production_checkpoints/GP_Cov_replicate_087.rds,14273,96c96295a5b5d852dd19cec2bd3e8fc4,2047767f86ef3e2a3f3a58ff54971e0fb3af01451d466462097619db7337c186,SIMULATION_100_GP_LINEAR_SCAR.zip,SIMULATION_100_GP_COV_LINEAR_GAUSSIAN_SBM_SCAR_MIXED_SIGNAL/production_checkpoints/GP_Cov_replicate_087.rds
GP_Cov/production_checkpoints/GP_Cov_replicate_088.rds,14215,1267d480b16d8d671841bbd75536f4de,ae85aa979f7c88ec38035307490537292ddd2c7fb9401f322fddd5ae9284f54e,SIMULATION_100_GP_LINEAR_SCAR.zip,SIMULATION_100_GP_COV_LINEAR_GAUSSIAN_SBM_SCAR_MIXED_SIGNAL/production_checkpoints/GP_Cov_replicate_088.rds
GP_Cov/production_checkpoints/GP_Cov_replicate_089.rds,14263,6a238fcc385ca4df9cc716dac57c87a3,21d8fecf80711ddfa7a78894c72d6dc5075e683e3d4f98c351470e4616190deb,SIMULATION_100_GP_LINEAR_SCAR.zip,SIMULATION_100_GP_COV_LINEAR_GAUSSIAN_SBM_SCAR_MIXED_SIGNAL/production_checkpoints/GP_Cov_replicate_089.rds
GP_Cov/production_checkpoints/GP_Cov_replicate_090.rds,14256,8d6d1ef16ffc34f2b48c8e6f1b38a88a,8a3b26801a6c4fb2f092c88efa1517c58da82f33c1440bfdc773dccf07661d9a,SIMULATION_100_GP_LINEAR_SCAR.zip,SIMULATION_100_GP_COV_LINEAR_GAUSSIAN_SBM_SCAR_MIXED_SIGNAL/production_checkpoints/GP_Cov_replicate_090.rds
GP_Cov/production_checkpoints/GP_Cov_replicate_091.rds,14156,76483c06410a19b89516173ec2910711,67990cde657c541c5feacee23713cacbaad1392a7b7165e84d59c7d6a47469ad,SIMULATION_100_GP_LINEAR_SCAR.zip,SIMULATION_100_GP_COV_LINEAR_GAUSSIAN_SBM_SCAR_MIXED_SIGNAL/production_checkpoints/GP_Cov_replicate_091.rds
GP_Cov/production_checkpoints/GP_Cov_replicate_092.rds,14266,b07c4b91e72fbf1d0dd054adbe4a26b9,89588d61da74d52cab7d83795b49428187c61fdc81b8160d984c29153fe6e783,SIMULATION_100_GP_LINEAR_SCAR.zip,SIMULATION_100_GP_COV_LINEAR_GAUSSIAN_SBM_SCAR_MIXED_SIGNAL/production_checkpoints/GP_Cov_replicate_092.rds
GP_Cov/production_checkpoints/GP_Cov_replicate_093.rds,14149,92cbfb68f817cedc68da8d3ce239dcbd,7a217a4e635066bffcfa3ec7cc770185ce76685a1f1ca521ebcc43c94c2036ea,SIMULATION_100_GP_LINEAR_SCAR.zip,SIMULATION_100_GP_COV_LINEAR_GAUSSIAN_SBM_SCAR_MIXED_SIGNAL/production_checkpoints/GP_Cov_replicate_093.rds
GP_Cov/production_checkpoints/GP_Cov_replicate_094.rds,14246,184a903352a93d19d167dd8652a0b432,fa0f65bd69e4dac7e9daabdae1be3ab594b6969d3ff2ac0466531878467cc3f4,SIMULATION_100_GP_LINEAR_SCAR.zip,SIMULATION_100_GP_COV_LINEAR_GAUSSIAN_SBM_SCAR_MIXED_SIGNAL/production_checkpoints/GP_Cov_replicate_094.rds
GP_Cov/production_checkpoints/GP_Cov_replicate_095.rds,14252,b7d0dce549ecb4029b1222020f46988a,d1d4220cb12c34be1f1c3dfafcce312322741441c27926d8417bcf2565b5d576,SIMULATION_100_GP_LINEAR_SCAR.zip,SIMULATION_100_GP_COV_LINEAR_GAUSSIAN_SBM_SCAR_MIXED_SIGNAL/production_checkpoints/GP_Cov_replicate_095.rds
GP_Cov/production_checkpoints/GP_Cov_replicate_096.rds,14183,110778df47b0d25ae698dc3b6ab7e255,4a957f836ae65c8cfa9d246593e37f23550afdc7d41f2dea07dc0066a9fb7184,SIMULATION_100_GP_LINEAR_SCAR.zip,SIMULATION_100_GP_COV_LINEAR_GAUSSIAN_SBM_SCAR_MIXED_SIGNAL/production_checkpoints/GP_Cov_replicate_096.rds
GP_Cov/production_checkpoints/GP_Cov_replicate_097.rds,14185,29c47a7b8cb56fcf9b89d7d7f9b11130,7b3553c674fbed46cd58770a528fd5ad540fd9ad36d97a65a5f5e06c4a60e344,SIMULATION_100_GP_LINEAR_SCAR.zip,SIMULATION_100_GP_COV_LINEAR_GAUSSIAN_SBM_SCAR_MIXED_SIGNAL/production_checkpoints/GP_Cov_replicate_097.rds
GP_Cov/production_checkpoints/GP_Cov_replicate_098.rds,14118,e76d286f6ebb0f29dcc503da6a53b472,3c2890f1db82744eefc6aee5b7bfd7edfecc4f77ef61d392f4c8bc5e3df420cd,SIMULATION_100_GP_LINEAR_SCAR.zip,SIMULATION_100_GP_COV_LINEAR_GAUSSIAN_SBM_SCAR_MIXED_SIGNAL/production_checkpoints/GP_Cov_replicate_098.rds
GP_Cov/production_checkpoints/GP_Cov_replicate_099.rds,14241,a6ac7f4daa807871b592255fa213ce31,b783fffca49f15b4a7e0ca4a27fad8a5caeadecf7d3aa1e07991c79f9e0b2608,SIMULATION_100_GP_LINEAR_SCAR.zip,SIMULATION_100_GP_COV_LINEAR_GAUSSIAN_SBM_SCAR_MIXED_SIGNAL/production_checkpoints/GP_Cov_replicate_099.rds
GP_Cov/production_checkpoints/GP_Cov_replicate_100.rds,14251,bfbb129ae6fe3b34d834774f3752ad3b,a4f162ea1de01312493a7e3e1c3f96bb882ad60d3a3362803ddcc5fe88bbe3e2,SIMULATION_100_GP_LINEAR_SCAR.zip,SIMULATION_100_GP_COV_LINEAR_GAUSSIAN_SBM_SCAR_MIXED_SIGNAL/production_checkpoints/GP_Cov_replicate_100.rds
GP_Cov/sessionInfo_GP_Cov_linear_gaussian_SBM_SCAR_simulation.txt,695,a562da18212689458d5dd7dc83b3b788,6b247ef15163746cc80e4bd1ac944d6435dc7f8ae07d96e4c095b2e8f0114f5f,SIMULATION_100_GP_LINEAR_SCAR.zip,SIMULATION_100_GP_COV_LINEAR_GAUSSIAN_SBM_SCAR_MIXED_SIGNAL/sessionInfo_GP_Cov_linear_gaussian_SBM_SCAR_simulation.txt
GP_Cov_PU/GP_Cov_PU_FINAL_MAIN_TABLE_means.csv,650,f033f88d07defe867dff8dfb21f3859b,4846cfdc20b6bf779b2351ae8a5374b6b763c197316b84340977fa59e494b4e0,SIMULATION_100_GP_LINEAR_SCAR.zip,SIMULATION_100_GP_COV_PU_LINEAR_GAUSSIAN_SBM_SCAR_MIXED_SIGNAL/GP_Cov_PU_FINAL_MAIN_TABLE_means.csv
GP_Cov_PU/GP_Cov_PU_FINAL_PAPER_TABLE_mean_SD.csv,617,db703348b8f86950e24a366c4b4c02a2,f8f65fa8d7f4a84b2e029219d4ff440f51080ac322b1d6fa86ebb9b6b9f9e741,SIMULATION_100_GP_LINEAR_SCAR.zip,SIMULATION_100_GP_COV_PU_LINEAR_GAUSSIAN_SBM_SCAR_MIXED_SIGNAL/GP_Cov_PU_FINAL_PAPER_TABLE_mean_SD.csv
GP_Cov_PU/GP_Cov_PU_FINAL_UNCERTAINTY_TABLE_mean_SD.csv,357,403cce1aa9b7941b553f8764c177ec1d,7dfc0d6db68b834d3ddce0634ce5b34096e5e4fef40fc43e034c211d04b8b98c,SIMULATION_100_GP_LINEAR_SCAR.zip,SIMULATION_100_GP_COV_PU_LINEAR_GAUSSIAN_SBM_SCAR_MIXED_SIGNAL/GP_Cov_PU_FINAL_UNCERTAINTY_TABLE_mean_SD.csv
GP_Cov_PU/GP_Cov_PU_additional_diagnostic_summary.csv,3734,c694204ff8cb2ea0a2a07c802fc88c00,7b060a0aca0439b3ca48930f47c1042ef5acb956f59570e0d3051147f45962a3,SIMULATION_100_GP_LINEAR_SCAR.zip,SIMULATION_100_GP_COV_PU_LINEAR_GAUSSIAN_SBM_SCAR_MIXED_SIGNAL/GP_Cov_PU_additional_diagnostic_summary.csv
GP_Cov_PU/GP_Cov_PU_all_node_probabilities.csv,7113724,2ca613609c6c765ea67977b93778b90f,33d8cb52258972eb1ec4a07daa28a2c799ec9ed38afe6d135aaa9756447814c4,SIMULATION_100_GP_LINEAR_SCAR.zip,SIMULATION_100_GP_COV_PU_LINEAR_GAUSSIAN_SBM_SCAR_MIXED_SIGNAL/GP_Cov_PU_all_node_probabilities.csv
GP_Cov_PU/GP_Cov_PU_eta_descriptive_diagnostics_by_replicate.csv,13236,764f31a424364c37d5bcbd3ff12a7741,12488c01fdd11763d61236f9ad9481dcc26ea75ef107e766ce0f9f8f42bb181d,SIMULATION_100_GP_LINEAR_SCAR.zip,SIMULATION_100_GP_COV_PU_LINEAR_GAUSSIAN_SBM_SCAR_MIXED_SIGNAL/GP_Cov_PU_eta_descriptive_diagnostics_by_replicate.csv
GP_Cov_PU/GP_Cov_PU_failure_log.csv,75,415762f6f66023fe900ed436193d8177,60663936722ba4f3844c53a264aa9a5abee70d0b3de51c9e713756443deae104,SIMULATION_100_GP_LINEAR_SCAR.zip,SIMULATION_100_GP_COV_PU_LINEAR_GAUSSIAN_SBM_SCAR_MIXED_SIGNAL/GP_Cov_PU_failure_log.csv
GP_Cov_PU/GP_Cov_PU_geometry_summary.csv,19032,b20c0a61bdff1a8fb7db439f9ec99310,ede72e3ea330c47cc7c56549c063b655e68719f1682752e57e2b3fa5bb2a7360,SIMULATION_100_GP_LINEAR_SCAR.zip,SIMULATION_100_GP_COV_PU_LINEAR_GAUSSIAN_SBM_SCAR_MIXED_SIGNAL/GP_Cov_PU_geometry_summary.csv
GP_Cov_PU/GP_Cov_PU_global_pilot_calibration_5_datasets.rds,4504,5903e4552bc365e5b7ad29479b666cfe,301387c27c8a756292731e8b81d4bfb300ce1d1baaf0334225e8ff39672bcb6a,SIMULATION_100_GP_LINEAR_SCAR.zip,SIMULATION_100_GP_COV_PU_LINEAR_GAUSSIAN_SBM_SCAR_MIXED_SIGNAL/GP_Cov_PU_global_pilot_calibration_5_datasets.rds
GP_Cov_PU/GP_Cov_PU_global_pilot_distribution_summary.csv,2054,8c41647243f24b21ab6b1ffa3aaa6652,a06b20c9517e40ba8a1f98d38ea3430f67cf6a318d256cf2eb6140e205f4ce0c,SIMULATION_100_GP_LINEAR_SCAR.zip,SIMULATION_100_GP_COV_PU_LINEAR_GAUSSIAN_SBM_SCAR_MIXED_SIGNAL/GP_Cov_PU_global_pilot_distribution_summary.csv
GP_Cov_PU/GP_Cov_PU_global_pilot_per_pilot_summary.csv,1893,fa30fe1d9334c2c2301eef6978caa806,45e2b23b46d41e3711f4034b8f46625a6571af0bff244df70c12639c4ab69c8a,SIMULATION_100_GP_LINEAR_SCAR.zip,SIMULATION_100_GP_COV_PU_LINEAR_GAUSSIAN_SBM_SCAR_MIXED_SIGNAL/GP_Cov_PU_global_pilot_per_pilot_summary.csv
GP_Cov_PU/GP_Cov_PU_metric_summary_long.csv,3659,e48e50873da1b1b58956f491d1b1eb10,b44e9eb90ea42054be4d7b37f99ac15fca05be10f34f209a1d007045a35b7616,SIMULATION_100_GP_LINEAR_SCAR.zip,SIMULATION_100_GP_COV_PU_LINEAR_GAUSSIAN_SBM_SCAR_MIXED_SIGNAL/GP_Cov_PU_metric_summary_long.csv
GP_Cov_PU/GP_Cov_PU_metrics_by_replicate.csv,74940,ef8b73dd00a844ad7419c7e9bf703105,9ff3d106e7d9d46710dd515357ace3a9700fcc291e3c050e9ca54f18df129c22,SIMULATION_100_GP_LINEAR_SCAR.zip,SIMULATION_100_GP_COV_PU_LINEAR_GAUSSIAN_SBM_SCAR_MIXED_SIGNAL/GP_Cov_PU_metrics_by_replicate.csv
GP_Cov_PU/GP_Cov_PU_pilot_prior_calibration_summary.csv,2973,35d80d546d75e11dbddfdd10ad408c40,d1fe8f3c9fae4beb55bf9476070d6fe93d2f4a9183ab69960f912c9292294687,SIMULATION_100_GP_LINEAR_SCAR.zip,SIMULATION_100_GP_COV_PU_LINEAR_GAUSSIAN_SBM_SCAR_MIXED_SIGNAL/GP_Cov_PU_pilot_prior_calibration_summary.csv
GP_Cov_PU/GP_Cov_PU_pilot_seed_table.csv,86,91e40a2fecb3891f31b6637c2ed1a5f8,61bda47d6da25f1280fbda11748ec1d975fd62d726f969c52140dd25b43ac521,SIMULATION_100_GP_LINEAR_SCAR.zip,SIMULATION_100_GP_COV_PU_LINEAR_GAUSSIAN_SBM_SCAR_MIXED_SIGNAL/GP_Cov_PU_pilot_seed_table.csv
GP_Cov_PU/GP_Cov_PU_prior_calibration_by_replicate.csv,54032,68b66fdb7182649c93193265e4ba6fc1,188d3f860b8691b2333141940665cff4aea82df5de5defe7a9c198065ee84982,SIMULATION_100_GP_LINEAR_SCAR.zip,SIMULATION_100_GP_COV_PU_LINEAR_GAUSSIAN_SBM_SCAR_MIXED_SIGNAL/GP_Cov_PU_prior_calibration_by_replicate.csv
GP_Cov_PU/GP_Cov_PU_prior_calibration_distribution_summary.csv,1563,18c079f62fc3a4765fc20e6e0331d556,e9a2e7f3b669e073a7efe1859f0ff206c08284344a9d6912376c38bdaaf3265f,SIMULATION_100_GP_LINEAR_SCAR.zip,SIMULATION_100_GP_COV_PU_LINEAR_GAUSSIAN_SBM_SCAR_MIXED_SIGNAL/GP_Cov_PU_prior_calibration_distribution_summary.csv
GP_Cov_PU/GP_Cov_PU_production_seed_table.csv,1322,1bfcb0836a4d7a5e035d7c2684c38e94,8374aba4db3a5919902716f9cb934410e685e2070007f466dce467b9eed7e61b,SIMULATION_100_GP_LINEAR_SCAR.zip,SIMULATION_100_GP_COV_PU_LINEAR_GAUSSIAN_SBM_SCAR_MIXED_SIGNAL/GP_Cov_PU_production_seed_table.csv
GP_Cov_PU/GP_Cov_PU_run_config.rds,2505,d9e6b90f2a24b8b61b80fc78fb09b377,a102799a70d8f72090dc066e618f09c7700a54e886cdedd12366571fc532364b,SIMULATION_100_GP_LINEAR_SCAR.zip,SIMULATION_100_GP_COV_PU_LINEAR_GAUSSIAN_SBM_SCAR_MIXED_SIGNAL/GP_Cov_PU_run_config.rds
GP_Cov_PU/pilot_checkpoints/GP_Cov_PU_pilot_01.rds,563892,c695c1c14aa1fe497cb53c332a8b71dd,c68a3142bf0ed837f4c6ac154fb66c34081f38482941b48cfe219c0580d05121,SIMULATION_100_GP_LINEAR_SCAR.zip,SIMULATION_100_GP_COV_PU_LINEAR_GAUSSIAN_SBM_SCAR_MIXED_SIGNAL/pilot_checkpoints/GP_Cov_PU_pilot_01.rds
GP_Cov_PU/pilot_checkpoints/GP_Cov_PU_pilot_02.rds,560224,e07177e64bb0fdf3452fb2a2a6cb1a9f,48077e337390db803fce27796a5fbfbc96068552d3498ec09ef3e2324f86f45a,SIMULATION_100_GP_LINEAR_SCAR.zip,SIMULATION_100_GP_COV_PU_LINEAR_GAUSSIAN_SBM_SCAR_MIXED_SIGNAL/pilot_checkpoints/GP_Cov_PU_pilot_02.rds
GP_Cov_PU/pilot_checkpoints/GP_Cov_PU_pilot_03.rds,563993,72c904293f8976385ad26a29d53eddaf,92777f8ac8571002d6b8298892396122a265a1d933dfb59f84a1ebbeb210fe8b,SIMULATION_100_GP_LINEAR_SCAR.zip,SIMULATION_100_GP_COV_PU_LINEAR_GAUSSIAN_SBM_SCAR_MIXED_SIGNAL/pilot_checkpoints/GP_Cov_PU_pilot_03.rds
GP_Cov_PU/pilot_checkpoints/GP_Cov_PU_pilot_04.rds,560675,a06155175139f26bd9ca55cce09481c5,e88e94a1635956e5c7a4097a4d242b4ec891b0e20ac6bd7078ac8b0a1cf76f96,SIMULATION_100_GP_LINEAR_SCAR.zip,SIMULATION_100_GP_COV_PU_LINEAR_GAUSSIAN_SBM_SCAR_MIXED_SIGNAL/pilot_checkpoints/GP_Cov_PU_pilot_04.rds
GP_Cov_PU/pilot_checkpoints/GP_Cov_PU_pilot_05.rds,560487,c51093b535b9f6b7f8706136c600228e,385d5eeaf1be300d0dd500a0cada470e57fe44e7c7c30b01a840e2df0e422981,SIMULATION_100_GP_LINEAR_SCAR.zip,SIMULATION_100_GP_COV_PU_LINEAR_GAUSSIAN_SBM_SCAR_MIXED_SIGNAL/pilot_checkpoints/GP_Cov_PU_pilot_05.rds
GP_Cov_PU/pilot_geometries/GP_Cov_PU_pilot_01_geometry.rds,33823,8d6a22a8b70ffce4b2967c97373bd704,998a09b739655cee587ba0740a1858c615d1210b5bf3dd533725ef52e3eff3eb,SIMULATION_100_GP_LINEAR_SCAR.zip,SIMULATION_100_GP_COV_PU_LINEAR_GAUSSIAN_SBM_SCAR_MIXED_SIGNAL/pilot_geometries/GP_Cov_PU_pilot_01_geometry.rds
GP_Cov_PU/pilot_geometries/GP_Cov_PU_pilot_02_geometry.rds,33793,3b14cf8b4ced402360c527cb1ec89073,28001d07778ff7c0356c52dd20f236fc4ca755d02fad5b151c65934146b1afa4,SIMULATION_100_GP_LINEAR_SCAR.zip,SIMULATION_100_GP_COV_PU_LINEAR_GAUSSIAN_SBM_SCAR_MIXED_SIGNAL/pilot_geometries/GP_Cov_PU_pilot_02_geometry.rds
GP_Cov_PU/pilot_geometries/GP_Cov_PU_pilot_03_geometry.rds,33816,2d4f58e41dc092f9974215066e837092,98076c55989036ca64d9e0a43232febe27f3a9e8201b114df78649b3bdddfa03,SIMULATION_100_GP_LINEAR_SCAR.zip,SIMULATION_100_GP_COV_PU_LINEAR_GAUSSIAN_SBM_SCAR_MIXED_SIGNAL/pilot_geometries/GP_Cov_PU_pilot_03_geometry.rds
GP_Cov_PU/pilot_geometries/GP_Cov_PU_pilot_04_geometry.rds,33808,a8afac3c5599505c97522e45d771b9ca,a9c9a0da75715b5bc1c73c4865e4e24eb0e866e9cfb3067268c9ee6e8744f3bb,SIMULATION_100_GP_LINEAR_SCAR.zip,SIMULATION_100_GP_COV_PU_LINEAR_GAUSSIAN_SBM_SCAR_MIXED_SIGNAL/pilot_geometries/GP_Cov_PU_pilot_04_geometry.rds
GP_Cov_PU/pilot_geometries/GP_Cov_PU_pilot_05_geometry.rds,33826,fe11416abedce8919e010115b44f3f83,418c7626e5ee565c49fe5d671a25fe85c2bd65d7f954e8f622c8f6b793b0f8b9,SIMULATION_100_GP_LINEAR_SCAR.zip,SIMULATION_100_GP_COV_PU_LINEAR_GAUSSIAN_SBM_SCAR_MIXED_SIGNAL/pilot_geometries/GP_Cov_PU_pilot_05_geometry.rds
GP_Cov_PU/prior_calibrations/GP_Cov_PU_pilot_01_prior_calibration.csv,1347,813ed08cdd5411cb9d49cf984af5f1fd,9d954491625f840620d7f0c797f3b15e2bcabf79ca2029755af487bf1713c0aa,SIMULATION_100_GP_LINEAR_SCAR.zip,SIMULATION_100_GP_COV_PU_LINEAR_GAUSSIAN_SBM_SCAR_MIXED_SIGNAL/prior_calibrations/GP_Cov_PU_pilot_01_prior_calibration.csv
GP_Cov_PU/prior_calibrations/GP_Cov_PU_pilot_02_prior_calibration.csv,1345,9f8fa94863d3ac21109796af76064436,2ee48003710e815ee8e2a08a93e88fee950a9c88f7885bd85eb6ef9ffbe9ec18,SIMULATION_100_GP_LINEAR_SCAR.zip,SIMULATION_100_GP_COV_PU_LINEAR_GAUSSIAN_SBM_SCAR_MIXED_SIGNAL/prior_calibrations/GP_Cov_PU_pilot_02_prior_calibration.csv
GP_Cov_PU/prior_calibrations/GP_Cov_PU_pilot_03_prior_calibration.csv,1344,57302e21cebceae10df67adaa5341cf4,acf700b888fcc9aa83c8380e87132930f151f1e0c86d3b7e32d725e8033d489a,SIMULATION_100_GP_LINEAR_SCAR.zip,SIMULATION_100_GP_COV_PU_LINEAR_GAUSSIAN_SBM_SCAR_MIXED_SIGNAL/prior_calibrations/GP_Cov_PU_pilot_03_prior_calibration.csv
GP_Cov_PU/prior_calibrations/GP_Cov_PU_pilot_04_prior_calibration.csv,1348,b8518e3e6f0a629fc0064799f1c20f24,cdc24c813535b3a5c55626a9d89dd809cd3a4df58169ed36c80462521ee2a630,SIMULATION_100_GP_LINEAR_SCAR.zip,SIMULATION_100_GP_COV_PU_LINEAR_GAUSSIAN_SBM_SCAR_MIXED_SIGNAL/prior_calibrations/GP_Cov_PU_pilot_04_prior_calibration.csv
GP_Cov_PU/prior_calibrations/GP_Cov_PU_pilot_05_prior_calibration.csv,1341,a444b4c681226517cbf38df24833a7d8,5da3f0b1b954079a68513340ce12bb6226d1d95b0533716d2d70f73055de5ff9,SIMULATION_100_GP_LINEAR_SCAR.zip,SIMULATION_100_GP_COV_PU_LINEAR_GAUSSIAN_SBM_SCAR_MIXED_SIGNAL/prior_calibrations/GP_Cov_PU_pilot_05_prior_calibration.csv
GP_Cov_PU/prior_calibrations/GP_Cov_PU_replicate_001_prior_calibration.csv,1491,8ea079dbe94fe465b36a639f26d8a798,9bbfbb37fc429379b6da9636d3a458614b0a13ca2d85ed1c8a36768551bd2434,SIMULATION_100_GP_LINEAR_SCAR.zip,SIMULATION_100_GP_COV_PU_LINEAR_GAUSSIAN_SBM_SCAR_MIXED_SIGNAL/prior_calibrations/GP_Cov_PU_replicate_001_prior_calibration.csv
GP_Cov_PU/prior_calibrations/GP_Cov_PU_replicate_002_prior_calibration.csv,1494,35cfd1c827ebe39ece88fbabb65af242,ab70bcd8430a6bac37cf96bfb2f91d13aadaf1f633816fc982031d405729e8e0,SIMULATION_100_GP_LINEAR_SCAR.zip,SIMULATION_100_GP_COV_PU_LINEAR_GAUSSIAN_SBM_SCAR_MIXED_SIGNAL/prior_calibrations/GP_Cov_PU_replicate_002_prior_calibration.csv
GP_Cov_PU/prior_calibrations/GP_Cov_PU_replicate_003_prior_calibration.csv,1493,0f78e27377752d8067d3e75ce27feac8,828bf9fb609aa9d099d5a93cb4e160da89e7f628c37e0ee2e1d009e550cb7b3e,SIMULATION_100_GP_LINEAR_SCAR.zip,SIMULATION_100_GP_COV_PU_LINEAR_GAUSSIAN_SBM_SCAR_MIXED_SIGNAL/prior_calibrations/GP_Cov_PU_replicate_003_prior_calibration.csv
GP_Cov_PU/prior_calibrations/GP_Cov_PU_replicate_004_prior_calibration.csv,1492,39b5ca40bb2262c96b55d36b9a616690,0bf56044a80415cb53b65b4778ca235e28f59b9e190a47e39d4a450bfcb8fccb,SIMULATION_100_GP_LINEAR_SCAR.zip,SIMULATION_100_GP_COV_PU_LINEAR_GAUSSIAN_SBM_SCAR_MIXED_SIGNAL/prior_calibrations/GP_Cov_PU_replicate_004_prior_calibration.csv
GP_Cov_PU/prior_calibrations/GP_Cov_PU_replicate_005_prior_calibration.csv,1493,a30dafe06a9f3c0ca3acdc1817b7bf39,b57f0f1f8cc026af440a49e9f596e2f9c26796cd22539cd0668573062d74409e,SIMULATION_100_GP_LINEAR_SCAR.zip,SIMULATION_100_GP_COV_PU_LINEAR_GAUSSIAN_SBM_SCAR_MIXED_SIGNAL/prior_calibrations/GP_Cov_PU_replicate_005_prior_calibration.csv
GP_Cov_PU/prior_calibrations/GP_Cov_PU_replicate_006_prior_calibration.csv,1494,d0e7a54abfa8b1f6814f081b853d07b7,b00524de0f9c8f0c48e874a4a362ad2ff494e0646267ae320a71d9db6ff31fb4,SIMULATION_100_GP_LINEAR_SCAR.zip,SIMULATION_100_GP_COV_PU_LINEAR_GAUSSIAN_SBM_SCAR_MIXED_SIGNAL/prior_calibrations/GP_Cov_PU_replicate_006_prior_calibration.csv
GP_Cov_PU/prior_calibrations/GP_Cov_PU_replicate_007_prior_calibration.csv,1493,b0ca76c279ac6d17f727fd7413d8b7ee,47e08354f4ac144674c23d60356113e98beb0e6c5c93db3079180da4cc5a1703,SIMULATION_100_GP_LINEAR_SCAR.zip,SIMULATION_100_GP_COV_PU_LINEAR_GAUSSIAN_SBM_SCAR_MIXED_SIGNAL/prior_calibrations/GP_Cov_PU_replicate_007_prior_calibration.csv
GP_Cov_PU/prior_calibrations/GP_Cov_PU_replicate_008_prior_calibration.csv,1493,7728415e2d9d2b3b1f5e8d1e8ab9d58a,7e4f417f5bc8cecd671eeff3cee3e018745cba66dd34369bf1b7f956d14a4561,SIMULATION_100_GP_LINEAR_SCAR.zip,SIMULATION_100_GP_COV_PU_LINEAR_GAUSSIAN_SBM_SCAR_MIXED_SIGNAL/prior_calibrations/GP_Cov_PU_replicate_008_prior_calibration.csv
GP_Cov_PU/prior_calibrations/GP_Cov_PU_replicate_009_prior_calibration.csv,1491,a3b2a89600212509dbeb86af920e3d15,476de6dda7c42ecdad56a017d75a74ac03646137eadc159c79bfad2875e764d2,SIMULATION_100_GP_LINEAR_SCAR.zip,SIMULATION_100_GP_COV_PU_LINEAR_GAUSSIAN_SBM_SCAR_MIXED_SIGNAL/prior_calibrations/GP_Cov_PU_replicate_009_prior_calibration.csv
GP_Cov_PU/prior_calibrations/GP_Cov_PU_replicate_010_prior_calibration.csv,1490,fefab60594b7404d0bac86a005282003,73fce9a78e74c2a4f5cc67db6153d295be724a78c883a32e392de6f17c4aae59,SIMULATION_100_GP_LINEAR_SCAR.zip,SIMULATION_100_GP_COV_PU_LINEAR_GAUSSIAN_SBM_SCAR_MIXED_SIGNAL/prior_calibrations/GP_Cov_PU_replicate_010_prior_calibration.csv
GP_Cov_PU/prior_calibrations/GP_Cov_PU_replicate_011_prior_calibration.csv,1495,2c787f2479e090933aeab3929a051069,82f38af61d7ffd90a429b547b91ac36d5bd1e44a0d24e2ee90794be584ef358a,SIMULATION_100_GP_LINEAR_SCAR.zip,SIMULATION_100_GP_COV_PU_LINEAR_GAUSSIAN_SBM_SCAR_MIXED_SIGNAL/prior_calibrations/GP_Cov_PU_replicate_011_prior_calibration.csv
GP_Cov_PU/prior_calibrations/GP_Cov_PU_replicate_012_prior_calibration.csv,1493,e36713d68a1aa98b83ea631cd146f844,08e30f961a1083ebcc366a7fa0ea470e64c405a1b921c0df35f05d2d47f73085,SIMULATION_100_GP_LINEAR_SCAR.zip,SIMULATION_100_GP_COV_PU_LINEAR_GAUSSIAN_SBM_SCAR_MIXED_SIGNAL/prior_calibrations/GP_Cov_PU_replicate_012_prior_calibration.csv
GP_Cov_PU/prior_calibrations/GP_Cov_PU_replicate_013_prior_calibration.csv,1494,aa66d1e58806bf9be79943bf0b619e57,bd2d5f089748bc9bf04abd08713e4f436dbd0ad361cbfbe0048543693c854600,SIMULATION_100_GP_LINEAR_SCAR.zip,SIMULATION_100_GP_COV_PU_LINEAR_GAUSSIAN_SBM_SCAR_MIXED_SIGNAL/prior_calibrations/GP_Cov_PU_replicate_013_prior_calibration.csv
GP_Cov_PU/prior_calibrations/GP_Cov_PU_replicate_014_prior_calibration.csv,1495,8a1a52482684c99e1fed54967d9c3d11,605001a919a9309ad8e22fb1214bd4507b81bb0b711f75fcff14e8b4956bbf50,SIMULATION_100_GP_LINEAR_SCAR.zip,SIMULATION_100_GP_COV_PU_LINEAR_GAUSSIAN_SBM_SCAR_MIXED_SIGNAL/prior_calibrations/GP_Cov_PU_replicate_014_prior_calibration.csv
GP_Cov_PU/prior_calibrations/GP_Cov_PU_replicate_015_prior_calibration.csv,1495,6352cc77f4c3a9b8675ca963f9863a5c,131163dfc4c4fe04fc7bdf66d9a4a41981aaf4b972e8f1258cbaa99bb45914d6,SIMULATION_100_GP_LINEAR_SCAR.zip,SIMULATION_100_GP_COV_PU_LINEAR_GAUSSIAN_SBM_SCAR_MIXED_SIGNAL/prior_calibrations/GP_Cov_PU_replicate_015_prior_calibration.csv
GP_Cov_PU/prior_calibrations/GP_Cov_PU_replicate_016_prior_calibration.csv,1495,a73e2fc42c121c2bebc17c3b2bb18714,1ef9bb419a8f77b78d860a01ff829e8b10e2759df5e0b6820d8cb2109a816a82,SIMULATION_100_GP_LINEAR_SCAR.zip,SIMULATION_100_GP_COV_PU_LINEAR_GAUSSIAN_SBM_SCAR_MIXED_SIGNAL/prior_calibrations/GP_Cov_PU_replicate_016_prior_calibration.csv
GP_Cov_PU/prior_calibrations/GP_Cov_PU_replicate_017_prior_calibration.csv,1495,3d703cad8a38498ea9db72d6413343ca,f62fdafa4e05334b4d8a68737df9356fbc638c29e1e6d255b099aaca09242f7e,SIMULATION_100_GP_LINEAR_SCAR.zip,SIMULATION_100_GP_COV_PU_LINEAR_GAUSSIAN_SBM_SCAR_MIXED_SIGNAL/prior_calibrations/GP_Cov_PU_replicate_017_prior_calibration.csv
GP_Cov_PU/prior_calibrations/GP_Cov_PU_replicate_018_prior_calibration.csv,1494,9d393832bb8d22e092d072ba842585a9,b0e72be69d30856e0c1aaf7b3f1d99999bd1110effe0ce91116d4337bfbdcc4c,SIMULATION_100_GP_LINEAR_SCAR.zip,SIMULATION_100_GP_COV_PU_LINEAR_GAUSSIAN_SBM_SCAR_MIXED_SIGNAL/prior_calibrations/GP_Cov_PU_replicate_018_prior_calibration.csv
GP_Cov_PU/prior_calibrations/GP_Cov_PU_replicate_019_prior_calibration.csv,1493,c1e4746a756a640a6648cca9441936a9,6cce16cbc63f71cae5ca379b4582cda96a908241a9ccc2bd8e234cbe789a1279,SIMULATION_100_GP_LINEAR_SCAR.zip,SIMULATION_100_GP_COV_PU_LINEAR_GAUSSIAN_SBM_SCAR_MIXED_SIGNAL/prior_calibrations/GP_Cov_PU_replicate_019_prior_calibration.csv
GP_Cov_PU/prior_calibrations/GP_Cov_PU_replicate_020_prior_calibration.csv,1491,6e5b3e262dcb02f6e1d2c94f2c1feaf4,558474400855473e89d02d5bca46695bf551764f88908b9d4333f097d1a7ee53,SIMULATION_100_GP_LINEAR_SCAR.zip,SIMULATION_100_GP_COV_PU_LINEAR_GAUSSIAN_SBM_SCAR_MIXED_SIGNAL/prior_calibrations/GP_Cov_PU_replicate_020_prior_calibration.csv
GP_Cov_PU/prior_calibrations/GP_Cov_PU_replicate_021_prior_calibration.csv,1493,a4f5b7a85d140d1a94c611f4ca5f9732,9492f00a432b7fe37ff84448cbe77e66504c394a1fab26afa5ace016b99b16c3,SIMULATION_100_GP_LINEAR_SCAR.zip,SIMULATION_100_GP_COV_PU_LINEAR_GAUSSIAN_SBM_SCAR_MIXED_SIGNAL/prior_calibrations/GP_Cov_PU_replicate_021_prior_calibration.csv
GP_Cov_PU/prior_calibrations/GP_Cov_PU_replicate_022_prior_calibration.csv,1494,f4a60774caa653266ae299d6328dad05,4635f81fce89aa657cab711d8ce8f15c94f3a3e8a002e651976a37facf90ddda,SIMULATION_100_GP_LINEAR_SCAR.zip,SIMULATION_100_GP_COV_PU_LINEAR_GAUSSIAN_SBM_SCAR_MIXED_SIGNAL/prior_calibrations/GP_Cov_PU_replicate_022_prior_calibration.csv
GP_Cov_PU/prior_calibrations/GP_Cov_PU_replicate_023_prior_calibration.csv,1494,99f2a79430cf225e9ce323e527919485,7dd1957db60492b2773db469f374da4a8f098c273af98e7a9b0be1a0ef962f47,SIMULATION_100_GP_LINEAR_SCAR.zip,SIMULATION_100_GP_COV_PU_LINEAR_GAUSSIAN_SBM_SCAR_MIXED_SIGNAL/prior_calibrations/GP_Cov_PU_replicate_023_prior_calibration.csv
GP_Cov_PU/prior_calibrations/GP_Cov_PU_replicate_024_prior_calibration.csv,1495,d38d9fd69ee46d62ba2cfeb71d74c772,b910e9a21e52f20d61481413f5272c364249f4bb5629e4a579b02eca24dd7342,SIMULATION_100_GP_LINEAR_SCAR.zip,SIMULATION_100_GP_COV_PU_LINEAR_GAUSSIAN_SBM_SCAR_MIXED_SIGNAL/prior_calibrations/GP_Cov_PU_replicate_024_prior_calibration.csv
GP_Cov_PU/prior_calibrations/GP_Cov_PU_replicate_025_prior_calibration.csv,1494,62762b0ed32f53fbf65d83508778ecc6,6df5bcf7366740e46aba833b1265dcfe52a36316404d95b46763a3d92d799eef,SIMULATION_100_GP_LINEAR_SCAR.zip,SIMULATION_100_GP_COV_PU_LINEAR_GAUSSIAN_SBM_SCAR_MIXED_SIGNAL/prior_calibrations/GP_Cov_PU_replicate_025_prior_calibration.csv
GP_Cov_PU/prior_calibrations/GP_Cov_PU_replicate_026_prior_calibration.csv,1494,debe6a5df21fda5475e7432130ad4000,790701b696242a0bb32b03f25d9c5fd073139212604fbbde8dca75b342e01d89,SIMULATION_100_GP_LINEAR_SCAR.zip,SIMULATION_100_GP_COV_PU_LINEAR_GAUSSIAN_SBM_SCAR_MIXED_SIGNAL/prior_calibrations/GP_Cov_PU_replicate_026_prior_calibration.csv
GP_Cov_PU/prior_calibrations/GP_Cov_PU_replicate_027_prior_calibration.csv,1494,54aa051275128a3460dafb744d4dbdcf,7a37853840a047c51366fa6934342698dd243fc62daca0b5974429da556ef695,SIMULATION_100_GP_LINEAR_SCAR.zip,SIMULATION_100_GP_COV_PU_LINEAR_GAUSSIAN_SBM_SCAR_MIXED_SIGNAL/prior_calibrations/GP_Cov_PU_replicate_027_prior_calibration.csv
GP_Cov_PU/prior_calibrations/GP_Cov_PU_replicate_028_prior_calibration.csv,1494,40711e8ae8e4dbd40166b6275f87c6e6,a65b4db701f3fb1610ebcbd457c9cb7817f27f59891072618f0aa26a2e673d16,SIMULATION_100_GP_LINEAR_SCAR.zip,SIMULATION_100_GP_COV_PU_LINEAR_GAUSSIAN_SBM_SCAR_MIXED_SIGNAL/prior_calibrations/GP_Cov_PU_replicate_028_prior_calibration.csv
GP_Cov_PU/prior_calibrations/GP_Cov_PU_replicate_029_prior_calibration.csv,1492,60c0770d90603ae2b14e189b2e818f26,c572d91eb78b3ab046822668f3fa6a7197f7c07996faefc0689743234e8d3f5b,SIMULATION_100_GP_LINEAR_SCAR.zip,SIMULATION_100_GP_COV_PU_LINEAR_GAUSSIAN_SBM_SCAR_MIXED_SIGNAL/prior_calibrations/GP_Cov_PU_replicate_029_prior_calibration.csv
GP_Cov_PU/prior_calibrations/GP_Cov_PU_replicate_030_prior_calibration.csv,1492,e0bd29f279841b6903d1c126c428573b,dbd25051af69009a250f1ed82ea4a5bd01900d54e84c308c3faf0b93937d7718,SIMULATION_100_GP_LINEAR_SCAR.zip,SIMULATION_100_GP_COV_PU_LINEAR_GAUSSIAN_SBM_SCAR_MIXED_SIGNAL/prior_calibrations/GP_Cov_PU_replicate_030_prior_calibration.csv
GP_Cov_PU/prior_calibrations/GP_Cov_PU_replicate_031_prior_calibration.csv,1493,b4e4f0baa6f17641d1537172ac9d7f0c,6fbe5e3fca0820fb6ee2e9c7e75472b93b7e7d8a4ddc66f36bd24ce78310c4e2,SIMULATION_100_GP_LINEAR_SCAR.zip,SIMULATION_100_GP_COV_PU_LINEAR_GAUSSIAN_SBM_SCAR_MIXED_SIGNAL/prior_calibrations/GP_Cov_PU_replicate_031_prior_calibration.csv
GP_Cov_PU/prior_calibrations/GP_Cov_PU_replicate_032_prior_calibration.csv,1493,712f6e642b405dc5e63e26006df2cb05,62a3e6765654a7a38164b297e0dd2f6cba209284899f8595f0b73fa8e82722f0,SIMULATION_100_GP_LINEAR_SCAR.zip,SIMULATION_100_GP_COV_PU_LINEAR_GAUSSIAN_SBM_SCAR_MIXED_SIGNAL/prior_calibrations/GP_Cov_PU_replicate_032_prior_calibration.csv
GP_Cov_PU/prior_calibrations/GP_Cov_PU_replicate_033_prior_calibration.csv,1495,eedb014df6289147599b34e216715db7,da100255baac177cdad646d96c1d035d570afc5d9366a891e1ac6162b7c0b527,SIMULATION_100_GP_LINEAR_SCAR.zip,SIMULATION_100_GP_COV_PU_LINEAR_GAUSSIAN_SBM_SCAR_MIXED_SIGNAL/prior_calibrations/GP_Cov_PU_replicate_033_prior_calibration.csv
GP_Cov_PU/prior_calibrations/GP_Cov_PU_replicate_034_prior_calibration.csv,1495,a4359c3075db95c407592c86dd56e5b7,1ac629776af8f2afcc8fdee54f16989141df0ab9b14eca526896d97801ee5ef6,SIMULATION_100_GP_LINEAR_SCAR.zip,SIMULATION_100_GP_COV_PU_LINEAR_GAUSSIAN_SBM_SCAR_MIXED_SIGNAL/prior_calibrations/GP_Cov_PU_replicate_034_prior_calibration.csv
GP_Cov_PU/prior_calibrations/GP_Cov_PU_replicate_035_prior_calibration.csv,1494,304f7d27d6f3d333809c6ad6bc5615ab,b27b9ea2e35cffba401f610680a924a09a06ba48c30e2e46f0c7d9bef21cd686,SIMULATION_100_GP_LINEAR_SCAR.zip,SIMULATION_100_GP_COV_PU_LINEAR_GAUSSIAN_SBM_SCAR_MIXED_SIGNAL/prior_calibrations/GP_Cov_PU_replicate_035_prior_calibration.csv
GP_Cov_PU/prior_calibrations/GP_Cov_PU_replicate_036_prior_calibration.csv,1495,b4f0131d2cb57ab45dd2173219e1b79d,7093f198dd224d2b21d2123835da463a6f3fb7f9966a35b735062562352fc770,SIMULATION_100_GP_LINEAR_SCAR.zip,SIMULATION_100_GP_COV_PU_LINEAR_GAUSSIAN_SBM_SCAR_MIXED_SIGNAL/prior_calibrations/GP_Cov_PU_replicate_036_prior_calibration.csv
GP_Cov_PU/prior_calibrations/GP_Cov_PU_replicate_037_prior_calibration.csv,1494,fef41a4a8353c5a47a25f267b2ba36b4,3b93f7e0ea86bc3f83351ff2cd5cce221c3804a7e5386413e52c8a439ce3f31f,SIMULATION_100_GP_LINEAR_SCAR.zip,SIMULATION_100_GP_COV_PU_LINEAR_GAUSSIAN_SBM_SCAR_MIXED_SIGNAL/prior_calibrations/GP_Cov_PU_replicate_037_prior_calibration.csv
GP_Cov_PU/prior_calibrations/GP_Cov_PU_replicate_038_prior_calibration.csv,1493,410ce7c70e46e6d4caf506be7be0b81d,761a943cb91c55eca6ba74f11221a9bd49675dc13224fa7a43196a0e88447bdf,SIMULATION_100_GP_LINEAR_SCAR.zip,SIMULATION_100_GP_COV_PU_LINEAR_GAUSSIAN_SBM_SCAR_MIXED_SIGNAL/prior_calibrations/GP_Cov_PU_replicate_038_prior_calibration.csv
GP_Cov_PU/prior_calibrations/GP_Cov_PU_replicate_039_prior_calibration.csv,1493,3fbe8236e005848381df6695be293efa,1ed9913f162db994485be6c1c107dd61fe7747d6923317fe17375ad30f9313c4,SIMULATION_100_GP_LINEAR_SCAR.zip,SIMULATION_100_GP_COV_PU_LINEAR_GAUSSIAN_SBM_SCAR_MIXED_SIGNAL/prior_calibrations/GP_Cov_PU_replicate_039_prior_calibration.csv
GP_Cov_PU/prior_calibrations/GP_Cov_PU_replicate_040_prior_calibration.csv,1492,a8c8a2a0290bf2d26339aa8cbf676f93,a903e473af2ee59ee5bebcb2854761540923a944b7f9243fbdd7adfccc9af209,SIMULATION_100_GP_LINEAR_SCAR.zip,SIMULATION_100_GP_COV_PU_LINEAR_GAUSSIAN_SBM_SCAR_MIXED_SIGNAL/prior_calibrations/GP_Cov_PU_replicate_040_prior_calibration.csv
GP_Cov_PU/prior_calibrations/GP_Cov_PU_replicate_041_prior_calibration.csv,1493,d2625ce3a1234f61dfa356132aa17bce,c0fbb84c03591291f2e29a7d9056bfc6bc35e030e31b5f2c027d307e00a8eb96,SIMULATION_100_GP_LINEAR_SCAR.zip,SIMULATION_100_GP_COV_PU_LINEAR_GAUSSIAN_SBM_SCAR_MIXED_SIGNAL/prior_calibrations/GP_Cov_PU_replicate_041_prior_calibration.csv
GP_Cov_PU/prior_calibrations/GP_Cov_PU_replicate_042_prior_calibration.csv,1494,67eeba56e86f66a890a438753ca20efc,e9bd80df53cf8220a9b786055472e0a761e8a08d427df56d690748a9144a9f8b,SIMULATION_100_GP_LINEAR_SCAR.zip,SIMULATION_100_GP_COV_PU_LINEAR_GAUSSIAN_SBM_SCAR_MIXED_SIGNAL/prior_calibrations/GP_Cov_PU_replicate_042_prior_calibration.csv
GP_Cov_PU/prior_calibrations/GP_Cov_PU_replicate_043_prior_calibration.csv,1495,ee92695dc09f208b51b8ccd1827ff76e,ec7d016d490966e87aff6127d4491e40d42f4a8dbedf72020364288e7419f8a4,SIMULATION_100_GP_LINEAR_SCAR.zip,SIMULATION_100_GP_COV_PU_LINEAR_GAUSSIAN_SBM_SCAR_MIXED_SIGNAL/prior_calibrations/GP_Cov_PU_replicate_043_prior_calibration.csv
GP_Cov_PU/prior_calibrations/GP_Cov_PU_replicate_044_prior_calibration.csv,1494,bd88faa45ce83e8da28d46381ffb303c,e4d742cc4fdd8cb4b66cc4e73fbf73409e1460c98888cb9073db4b210961645a,SIMULATION_100_GP_LINEAR_SCAR.zip,SIMULATION_100_GP_COV_PU_LINEAR_GAUSSIAN_SBM_SCAR_MIXED_SIGNAL/prior_calibrations/GP_Cov_PU_replicate_044_prior_calibration.csv
GP_Cov_PU/prior_calibrations/GP_Cov_PU_replicate_045_prior_calibration.csv,1495,81fc8171b009996299feacd8a7df3d06,469802c51a51fe8e5cc45341b0411e4866510ae2815b9bc366df65a1a0516b15,SIMULATION_100_GP_LINEAR_SCAR.zip,SIMULATION_100_GP_COV_PU_LINEAR_GAUSSIAN_SBM_SCAR_MIXED_SIGNAL/prior_calibrations/GP_Cov_PU_replicate_045_prior_calibration.csv
GP_Cov_PU/prior_calibrations/GP_Cov_PU_replicate_046_prior_calibration.csv,1494,50fdb092e975e43c3dbe42b38dde076a,ad947365c040bfaa8d912db64454cc7b23b5182a0518e6dea1d3a2daa259ddc6,SIMULATION_100_GP_LINEAR_SCAR.zip,SIMULATION_100_GP_COV_PU_LINEAR_GAUSSIAN_SBM_SCAR_MIXED_SIGNAL/prior_calibrations/GP_Cov_PU_replicate_046_prior_calibration.csv
GP_Cov_PU/prior_calibrations/GP_Cov_PU_replicate_047_prior_calibration.csv,1495,7eb309830323db7a526b71856899dcd7,46f6b864a9fca4d84f58a6acb59727ff656c5b6f98bec8cdff4d6f62cac712d2,SIMULATION_100_GP_LINEAR_SCAR.zip,SIMULATION_100_GP_COV_PU_LINEAR_GAUSSIAN_SBM_SCAR_MIXED_SIGNAL/prior_calibrations/GP_Cov_PU_replicate_047_prior_calibration.csv
GP_Cov_PU/prior_calibrations/GP_Cov_PU_replicate_048_prior_calibration.csv,1495,8d3ee1c7bddfe05493b4ae8efcb25233,105f8aaa9dab58cd2e73d64b4440b2dedb649b82bf209e67201e24eac3ef3add,SIMULATION_100_GP_LINEAR_SCAR.zip,SIMULATION_100_GP_COV_PU_LINEAR_GAUSSIAN_SBM_SCAR_MIXED_SIGNAL/prior_calibrations/GP_Cov_PU_replicate_048_prior_calibration.csv
GP_Cov_PU/prior_calibrations/GP_Cov_PU_replicate_049_prior_calibration.csv,1493,ccd30e14d571aafe52dde70ab06e2a9d,734025be4ab1a43269cecf6c2bce049ad967ce35a2fa88d45ec59ec4db113b0e,SIMULATION_100_GP_LINEAR_SCAR.zip,SIMULATION_100_GP_COV_PU_LINEAR_GAUSSIAN_SBM_SCAR_MIXED_SIGNAL/prior_calibrations/GP_Cov_PU_replicate_049_prior_calibration.csv
GP_Cov_PU/prior_calibrations/GP_Cov_PU_replicate_050_prior_calibration.csv,1495,c0b5fa1e55dba08069e3eaf8fecbc144,49faf9750fdffe434374421350fda1c694933a25b98f02a807914c3dd1854141,SIMULATION_100_GP_LINEAR_SCAR.zip,SIMULATION_100_GP_COV_PU_LINEAR_GAUSSIAN_SBM_SCAR_MIXED_SIGNAL/prior_calibrations/GP_Cov_PU_replicate_050_prior_calibration.csv
GP_Cov_PU/prior_calibrations/GP_Cov_PU_replicate_051_prior_calibration.csv,1494,4883feaf529eba6be78346ace3f3fb46,f627605b2f5763074eb43128cf44561fc3fbbfc3365485c78110c974ed9d2851,SIMULATION_100_GP_LINEAR_SCAR.zip,SIMULATION_100_GP_COV_PU_LINEAR_GAUSSIAN_SBM_SCAR_MIXED_SIGNAL/prior_calibrations/GP_Cov_PU_replicate_051_prior_calibration.csv
GP_Cov_PU/prior_calibrations/GP_Cov_PU_replicate_052_prior_calibration.csv,1494,8730b088b9abdd6fe150fdd89637c4c3,d788a96b692fb73666a02d284fa855dcd6573b4afc6ce15f5d6fa48e67ca6f94,SIMULATION_100_GP_LINEAR_SCAR.zip,SIMULATION_100_GP_COV_PU_LINEAR_GAUSSIAN_SBM_SCAR_MIXED_SIGNAL/prior_calibrations/GP_Cov_PU_replicate_052_prior_calibration.csv
GP_Cov_PU/prior_calibrations/GP_Cov_PU_replicate_053_prior_calibration.csv,1495,90c1ea676ce2699afaf560373722cd32,d88578232b64d740233701f392bd5c17a00bef688dad6d49b1d61f1c22f4f551,SIMULATION_100_GP_LINEAR_SCAR.zip,SIMULATION_100_GP_COV_PU_LINEAR_GAUSSIAN_SBM_SCAR_MIXED_SIGNAL/prior_calibrations/GP_Cov_PU_replicate_053_prior_calibration.csv
GP_Cov_PU/prior_calibrations/GP_Cov_PU_replicate_054_prior_calibration.csv,1490,f92edf39d4df65b750c8243a41cf2bb2,34f8d73109c74176cc79a5311d88bb1ae472d272e0973820689cb8588bf8e897,SIMULATION_100_GP_LINEAR_SCAR.zip,SIMULATION_100_GP_COV_PU_LINEAR_GAUSSIAN_SBM_SCAR_MIXED_SIGNAL/prior_calibrations/GP_Cov_PU_replicate_054_prior_calibration.csv
GP_Cov_PU/prior_calibrations/GP_Cov_PU_replicate_055_prior_calibration.csv,1495,d219ef652957a7b152f687e3d5efcada,0d167a3e97ed77f8550798d93e0c8332f80e46b4fda086c34c998390c6e11814,SIMULATION_100_GP_LINEAR_SCAR.zip,SIMULATION_100_GP_COV_PU_LINEAR_GAUSSIAN_SBM_SCAR_MIXED_SIGNAL/prior_calibrations/GP_Cov_PU_replicate_055_prior_calibration.csv
GP_Cov_PU/prior_calibrations/GP_Cov_PU_replicate_056_prior_calibration.csv,1495,cac1199f35e65bd5242600a67185791c,fb806787824228153c440208c51af053d7d5d5b5e6b190df69347dfe273e9c3d,SIMULATION_100_GP_LINEAR_SCAR.zip,SIMULATION_100_GP_COV_PU_LINEAR_GAUSSIAN_SBM_SCAR_MIXED_SIGNAL/prior_calibrations/GP_Cov_PU_replicate_056_prior_calibration.csv
GP_Cov_PU/prior_calibrations/GP_Cov_PU_replicate_057_prior_calibration.csv,1490,b7f488ce66cdfb25bb8ff806bc5873f6,62f364d539cc20e3ff84b7ab6fb77091a76ffcd757b1d19a280532c7b140f62b,SIMULATION_100_GP_LINEAR_SCAR.zip,SIMULATION_100_GP_COV_PU_LINEAR_GAUSSIAN_SBM_SCAR_MIXED_SIGNAL/prior_calibrations/GP_Cov_PU_replicate_057_prior_calibration.csv
GP_Cov_PU/prior_calibrations/GP_Cov_PU_replicate_058_prior_calibration.csv,1493,44c99e7e1c12ddef39e719f0e7616a97,20f322c1d8e414bc3eab49f68e3c307659274ade451d32a63bd02d2f3d25b964,SIMULATION_100_GP_LINEAR_SCAR.zip,SIMULATION_100_GP_COV_PU_LINEAR_GAUSSIAN_SBM_SCAR_MIXED_SIGNAL/prior_calibrations/GP_Cov_PU_replicate_058_prior_calibration.csv
GP_Cov_PU/prior_calibrations/GP_Cov_PU_replicate_059_prior_calibration.csv,1494,03119231e6ecabf12f6bac0ca735b591,d230240dcaaa128b4249336bf460ccc76b2b59385b597fdad95d2c291ae4c919,SIMULATION_100_GP_LINEAR_SCAR.zip,SIMULATION_100_GP_COV_PU_LINEAR_GAUSSIAN_SBM_SCAR_MIXED_SIGNAL/prior_calibrations/GP_Cov_PU_replicate_059_prior_calibration.csv
GP_Cov_PU/prior_calibrations/GP_Cov_PU_replicate_060_prior_calibration.csv,1491,58d2409b7c6f1426fac3eab7802c9559,4c3d8c86ae14b8eef6590c492b35ddb9c3fb8c32894a3b2a80c4688037763ba3,SIMULATION_100_GP_LINEAR_SCAR.zip,SIMULATION_100_GP_COV_PU_LINEAR_GAUSSIAN_SBM_SCAR_MIXED_SIGNAL/prior_calibrations/GP_Cov_PU_replicate_060_prior_calibration.csv
GP_Cov_PU/prior_calibrations/GP_Cov_PU_replicate_061_prior_calibration.csv,1493,04bce58243552da0c049e9b15edae696,ba423148cae6ab3df1670d6e4cfb37b0ecce80ee671d0cd73b830fcd1adfb47b,SIMULATION_100_GP_LINEAR_SCAR.zip,SIMULATION_100_GP_COV_PU_LINEAR_GAUSSIAN_SBM_SCAR_MIXED_SIGNAL/prior_calibrations/GP_Cov_PU_replicate_061_prior_calibration.csv
GP_Cov_PU/prior_calibrations/GP_Cov_PU_replicate_062_prior_calibration.csv,1495,91c696e0981fc7eaff471812089b4c5f,4d541b5270e87391a0503d2171096148899f09a312b495863f3b00f02e284bd2,SIMULATION_100_GP_LINEAR_SCAR.zip,SIMULATION_100_GP_COV_PU_LINEAR_GAUSSIAN_SBM_SCAR_MIXED_SIGNAL/prior_calibrations/GP_Cov_PU_replicate_062_prior_calibration.csv
GP_Cov_PU/prior_calibrations/GP_Cov_PU_replicate_063_prior_calibration.csv,1495,152a9e23004da10d00ee8c55e4f592bf,67c9b7e114621e4a013685a518f0e784d84a3bd7f8be990f8d78469079b5ce5b,SIMULATION_100_GP_LINEAR_SCAR.zip,SIMULATION_100_GP_COV_PU_LINEAR_GAUSSIAN_SBM_SCAR_MIXED_SIGNAL/prior_calibrations/GP_Cov_PU_replicate_063_prior_calibration.csv
GP_Cov_PU/prior_calibrations/GP_Cov_PU_replicate_064_prior_calibration.csv,1490,d480ccf5521be97f1f0abbda43b7dc33,4be7a2ab0ca1d56d86099e8b1843646ab90df2f96c7035ca4f558d4137f7a1b1,SIMULATION_100_GP_LINEAR_SCAR.zip,SIMULATION_100_GP_COV_PU_LINEAR_GAUSSIAN_SBM_SCAR_MIXED_SIGNAL/prior_calibrations/GP_Cov_PU_replicate_064_prior_calibration.csv
GP_Cov_PU/prior_calibrations/GP_Cov_PU_replicate_065_prior_calibration.csv,1494,01e0001cf7b927f3150096930832898d,9ec74877f751ddbc2003f1245c65e25afc957dcdcb617ccf051e8dc484384d49,SIMULATION_100_GP_LINEAR_SCAR.zip,SIMULATION_100_GP_COV_PU_LINEAR_GAUSSIAN_SBM_SCAR_MIXED_SIGNAL/prior_calibrations/GP_Cov_PU_replicate_065_prior_calibration.csv
GP_Cov_PU/prior_calibrations/GP_Cov_PU_replicate_066_prior_calibration.csv,1494,756abf47e03bb9496f9f8b04a08cef95,63a4e40c95d444dc2fb848686876fe103ad2619f71c4d3b5fef0c37b75bae52a,SIMULATION_100_GP_LINEAR_SCAR.zip,SIMULATION_100_GP_COV_PU_LINEAR_GAUSSIAN_SBM_SCAR_MIXED_SIGNAL/prior_calibrations/GP_Cov_PU_replicate_066_prior_calibration.csv
GP_Cov_PU/prior_calibrations/GP_Cov_PU_replicate_067_prior_calibration.csv,1495,2c251326010479a08baec8c3f335d6c3,a2ae08d23788c27eb5b3d45759416b59cb325e7e7bf0c4150e7c30ca50df604e,SIMULATION_100_GP_LINEAR_SCAR.zip,SIMULATION_100_GP_COV_PU_LINEAR_GAUSSIAN_SBM_SCAR_MIXED_SIGNAL/prior_calibrations/GP_Cov_PU_replicate_067_prior_calibration.csv
GP_Cov_PU/prior_calibrations/GP_Cov_PU_replicate_068_prior_calibration.csv,1493,f5bd82e79a4fde33372cc70fc323b5bb,6ee2822558995ba197ba07c95c80e55708db00f3e671614e4a447a385aa58cce,SIMULATION_100_GP_LINEAR_SCAR.zip,SIMULATION_100_GP_COV_PU_LINEAR_GAUSSIAN_SBM_SCAR_MIXED_SIGNAL/prior_calibrations/GP_Cov_PU_replicate_068_prior_calibration.csv
GP_Cov_PU/prior_calibrations/GP_Cov_PU_replicate_069_prior_calibration.csv,1493,49cb6edb7e8bfdec4f4764ed3b681c3c,f7d79d3ad4903a11a0286cf60d8387bf9746fabb7f2541baab257d3e2bc3780e,SIMULATION_100_GP_LINEAR_SCAR.zip,SIMULATION_100_GP_COV_PU_LINEAR_GAUSSIAN_SBM_SCAR_MIXED_SIGNAL/prior_calibrations/GP_Cov_PU_replicate_069_prior_calibration.csv
GP_Cov_PU/prior_calibrations/GP_Cov_PU_replicate_070_prior_calibration.csv,1495,19348c7945515ebf69241a288eb3a4f4,e7151852dfe1aba1f1d9fb01f593a4270014f3e4733acb5eab07753a9c824fcd,SIMULATION_100_GP_LINEAR_SCAR.zip,SIMULATION_100_GP_COV_PU_LINEAR_GAUSSIAN_SBM_SCAR_MIXED_SIGNAL/prior_calibrations/GP_Cov_PU_replicate_070_prior_calibration.csv
GP_Cov_PU/prior_calibrations/GP_Cov_PU_replicate_071_prior_calibration.csv,1495,130f2460300baefbf541e3e660403e86,cb1e6e483e357caeda0ecb8f9b33697b5112c47e5f3edd547c3e329f6ef716f2,SIMULATION_100_GP_LINEAR_SCAR.zip,SIMULATION_100_GP_COV_PU_LINEAR_GAUSSIAN_SBM_SCAR_MIXED_SIGNAL/prior_calibrations/GP_Cov_PU_replicate_071_prior_calibration.csv
GP_Cov_PU/prior_calibrations/GP_Cov_PU_replicate_072_prior_calibration.csv,1492,bbf57cdd6a97ef682ac187af798a0e64,6873a2d57802b638fd2aa619f2f121d570a5e2487d6dd9d182491119c1126930,SIMULATION_100_GP_LINEAR_SCAR.zip,SIMULATION_100_GP_COV_PU_LINEAR_GAUSSIAN_SBM_SCAR_MIXED_SIGNAL/prior_calibrations/GP_Cov_PU_replicate_072_prior_calibration.csv
GP_Cov_PU/prior_calibrations/GP_Cov_PU_replicate_073_prior_calibration.csv,1495,a6515284eef8d603796b2468578b02b4,8ce31049c1a0a0342b98a60e2a99ce09fd41256092ae7d721deb151ffb285afd,SIMULATION_100_GP_LINEAR_SCAR.zip,SIMULATION_100_GP_COV_PU_LINEAR_GAUSSIAN_SBM_SCAR_MIXED_SIGNAL/prior_calibrations/GP_Cov_PU_replicate_073_prior_calibration.csv
GP_Cov_PU/prior_calibrations/GP_Cov_PU_replicate_074_prior_calibration.csv,1494,8fbe875e0588e57ea8ad389648571502,2896e0256e093692f35ab6b2b75c78f956ae2149090fbdfffe5ef2e7d7357054,SIMULATION_100_GP_LINEAR_SCAR.zip,SIMULATION_100_GP_COV_PU_LINEAR_GAUSSIAN_SBM_SCAR_MIXED_SIGNAL/prior_calibrations/GP_Cov_PU_replicate_074_prior_calibration.csv
GP_Cov_PU/prior_calibrations/GP_Cov_PU_replicate_075_prior_calibration.csv,1494,94b76d62685e3d3be63a3fa52f72d500,12e52a52f48d236b9bab573859db5be5e287b7f4a1aafa5b883e6573ceba8589,SIMULATION_100_GP_LINEAR_SCAR.zip,SIMULATION_100_GP_COV_PU_LINEAR_GAUSSIAN_SBM_SCAR_MIXED_SIGNAL/prior_calibrations/GP_Cov_PU_replicate_075_prior_calibration.csv
GP_Cov_PU/prior_calibrations/GP_Cov_PU_replicate_076_prior_calibration.csv,1488,a6774852ad0da2c6b8a61fd2be1851df,f0e1650b2bd0c11db4822dbfca5029b7d1860f7d735d93870e0a57984e36093a,SIMULATION_100_GP_LINEAR_SCAR.zip,SIMULATION_100_GP_COV_PU_LINEAR_GAUSSIAN_SBM_SCAR_MIXED_SIGNAL/prior_calibrations/GP_Cov_PU_replicate_076_prior_calibration.csv
GP_Cov_PU/prior_calibrations/GP_Cov_PU_replicate_077_prior_calibration.csv,1495,85a64b065f787a63a132fca690f6da31,3272ecd8937bca4cb051b1b2a3b9ffcc90a8f8649255fe6800ac8af20938eb97,SIMULATION_100_GP_LINEAR_SCAR.zip,SIMULATION_100_GP_COV_PU_LINEAR_GAUSSIAN_SBM_SCAR_MIXED_SIGNAL/prior_calibrations/GP_Cov_PU_replicate_077_prior_calibration.csv
GP_Cov_PU/prior_calibrations/GP_Cov_PU_replicate_078_prior_calibration.csv,1494,a969a3f46f7d7d37034f60436e9a756f,80f4cd152e6e74cb04e9df9f06ac13d696851c7bccb466953ccab3a695c80aec,SIMULATION_100_GP_LINEAR_SCAR.zip,SIMULATION_100_GP_COV_PU_LINEAR_GAUSSIAN_SBM_SCAR_MIXED_SIGNAL/prior_calibrations/GP_Cov_PU_replicate_078_prior_calibration.csv
GP_Cov_PU/prior_calibrations/GP_Cov_PU_replicate_079_prior_calibration.csv,1495,0cf486dbc842da2948eaf58bb5e3d07f,45f7d0014d298d0f995fc999b47443f767ff78134ee614a2f5a689e46139e7d4,SIMULATION_100_GP_LINEAR_SCAR.zip,SIMULATION_100_GP_COV_PU_LINEAR_GAUSSIAN_SBM_SCAR_MIXED_SIGNAL/prior_calibrations/GP_Cov_PU_replicate_079_prior_calibration.csv
GP_Cov_PU/prior_calibrations/GP_Cov_PU_replicate_080_prior_calibration.csv,1495,2af2ea9f959ffed424181992d61ff0ae,aa2f031e61b7517fa3c87b316687ee8f5147e31f1ef790b920d17d579e0a7e6f,SIMULATION_100_GP_LINEAR_SCAR.zip,SIMULATION_100_GP_COV_PU_LINEAR_GAUSSIAN_SBM_SCAR_MIXED_SIGNAL/prior_calibrations/GP_Cov_PU_replicate_080_prior_calibration.csv
GP_Cov_PU/prior_calibrations/GP_Cov_PU_replicate_081_prior_calibration.csv,1493,f0f5cff6708a0cf6180ab1e5aa67f38e,5d1f869b0e932664ff5bb3a39c95d60627f9707124e0de19fb4f89803f53bec9,SIMULATION_100_GP_LINEAR_SCAR.zip,SIMULATION_100_GP_COV_PU_LINEAR_GAUSSIAN_SBM_SCAR_MIXED_SIGNAL/prior_calibrations/GP_Cov_PU_replicate_081_prior_calibration.csv
GP_Cov_PU/prior_calibrations/GP_Cov_PU_replicate_082_prior_calibration.csv,1493,531a23f5a3ae07c9ed576451accbb626,467b0cfc6fd488ab32bcc67c5a86b36620e436c5e865cdc34388a16665305916,SIMULATION_100_GP_LINEAR_SCAR.zip,SIMULATION_100_GP_COV_PU_LINEAR_GAUSSIAN_SBM_SCAR_MIXED_SIGNAL/prior_calibrations/GP_Cov_PU_replicate_082_prior_calibration.csv
GP_Cov_PU/prior_calibrations/GP_Cov_PU_replicate_083_prior_calibration.csv,1493,0a476c755f3f045a2459c7f4d3e0fa3e,c5beecb9fdfd09f916476f94d237c77d3e7d2a45393f36220f470fec29b1dddc,SIMULATION_100_GP_LINEAR_SCAR.zip,SIMULATION_100_GP_COV_PU_LINEAR_GAUSSIAN_SBM_SCAR_MIXED_SIGNAL/prior_calibrations/GP_Cov_PU_replicate_083_prior_calibration.csv
GP_Cov_PU/prior_calibrations/GP_Cov_PU_replicate_084_prior_calibration.csv,1495,486356bccb86396b47e7553fb0679658,ab5e71e57c9fa7cb9eaba765ab97300959a91810dbcf155fb538578a5117a5aa,SIMULATION_100_GP_LINEAR_SCAR.zip,SIMULATION_100_GP_COV_PU_LINEAR_GAUSSIAN_SBM_SCAR_MIXED_SIGNAL/prior_calibrations/GP_Cov_PU_replicate_084_prior_calibration.csv
GP_Cov_PU/prior_calibrations/GP_Cov_PU_replicate_085_prior_calibration.csv,1495,599e06cedcc36d74ef05d5e8a2de74f5,7415d27598a6654a024af03d1467b9a4a89706cca9c75d784f18b090d7783912,SIMULATION_100_GP_LINEAR_SCAR.zip,SIMULATION_100_GP_COV_PU_LINEAR_GAUSSIAN_SBM_SCAR_MIXED_SIGNAL/prior_calibrations/GP_Cov_PU_replicate_085_prior_calibration.csv
GP_Cov_PU/prior_calibrations/GP_Cov_PU_replicate_086_prior_calibration.csv,1494,5c31d3d6681e06a2495300996a183c35,4e4dec64343c9d248c5cef5fde7a10a24b0e4efc5b5c8ba5a9960ca76ddffd86,SIMULATION_100_GP_LINEAR_SCAR.zip,SIMULATION_100_GP_COV_PU_LINEAR_GAUSSIAN_SBM_SCAR_MIXED_SIGNAL/prior_calibrations/GP_Cov_PU_replicate_086_prior_calibration.csv
GP_Cov_PU/prior_calibrations/GP_Cov_PU_replicate_087_prior_calibration.csv,1495,023f194e5c7a9ddd3eb15926f42aa556,927e2561272e761e35ef015774ed4b7d56667a9a49c6477fadc0529063d49f10,SIMULATION_100_GP_LINEAR_SCAR.zip,SIMULATION_100_GP_COV_PU_LINEAR_GAUSSIAN_SBM_SCAR_MIXED_SIGNAL/prior_calibrations/GP_Cov_PU_replicate_087_prior_calibration.csv
GP_Cov_PU/prior_calibrations/GP_Cov_PU_replicate_088_prior_calibration.csv,1495,44ed92635c4b227ab3b5e4cfcf395271,d89e7efa375c54d88b5b4376e89709450c3af8a1eb5fd47a41d88f0716ecf5a7,SIMULATION_100_GP_LINEAR_SCAR.zip,SIMULATION_100_GP_COV_PU_LINEAR_GAUSSIAN_SBM_SCAR_MIXED_SIGNAL/prior_calibrations/GP_Cov_PU_replicate_088_prior_calibration.csv
GP_Cov_PU/prior_calibrations/GP_Cov_PU_replicate_089_prior_calibration.csv,1495,b93951d3c995ccb16125712e91451166,35df67f3ee480e41821cd155bc5ebbda66efac4af437f1f3be16cd23e20b9bbe,SIMULATION_100_GP_LINEAR_SCAR.zip,SIMULATION_100_GP_COV_PU_LINEAR_GAUSSIAN_SBM_SCAR_MIXED_SIGNAL/prior_calibrations/GP_Cov_PU_replicate_089_prior_calibration.csv
GP_Cov_PU/prior_calibrations/GP_Cov_PU_replicate_090_prior_calibration.csv,1495,5bac8f43fc2be0269a6762e7833db912,1b57fec966efe74b009c8080f7c69aaa06ef57c6ee0e1818e03fd9f96ae1fd9f,SIMULATION_100_GP_LINEAR_SCAR.zip,SIMULATION_100_GP_COV_PU_LINEAR_GAUSSIAN_SBM_SCAR_MIXED_SIGNAL/prior_calibrations/GP_Cov_PU_replicate_090_prior_calibration.csv
GP_Cov_PU/prior_calibrations/GP_Cov_PU_replicate_091_prior_calibration.csv,1495,b46cab594d6ad40d8717207ec18fb2de,c74c34961e19afcaedc6eabbf3cb640493fabf116b7aeba85e3ee9691fa97df5,SIMULATION_100_GP_LINEAR_SCAR.zip,SIMULATION_100_GP_COV_PU_LINEAR_GAUSSIAN_SBM_SCAR_MIXED_SIGNAL/prior_calibrations/GP_Cov_PU_replicate_091_prior_calibration.csv
GP_Cov_PU/prior_calibrations/GP_Cov_PU_replicate_092_prior_calibration.csv,1494,defdbb6f30acf9fdeb96cdc998dbdaf5,3e90ac1d83860b8e9d2e71a2d6a9f3a5592ef413d54ecbea08bc36b89f43c8c5,SIMULATION_100_GP_LINEAR_SCAR.zip,SIMULATION_100_GP_COV_PU_LINEAR_GAUSSIAN_SBM_SCAR_MIXED_SIGNAL/prior_calibrations/GP_Cov_PU_replicate_092_prior_calibration.csv
GP_Cov_PU/prior_calibrations/GP_Cov_PU_replicate_093_prior_calibration.csv,1494,8120ec863cd66e48bbb2baedb1678b18,823ef1c4da6d8f37db3dded429f83d5a516125e2ecc682eaa5e007f4f5e2da4c,SIMULATION_100_GP_LINEAR_SCAR.zip,SIMULATION_100_GP_COV_PU_LINEAR_GAUSSIAN_SBM_SCAR_MIXED_SIGNAL/prior_calibrations/GP_Cov_PU_replicate_093_prior_calibration.csv
GP_Cov_PU/prior_calibrations/GP_Cov_PU_replicate_094_prior_calibration.csv,1494,c537d90fab604682b4d09cac28c8ecf4,1ce421f302ade05432fef27af997dc1b7eae3cb489614739dee60389ad35bb55,SIMULATION_100_GP_LINEAR_SCAR.zip,SIMULATION_100_GP_COV_PU_LINEAR_GAUSSIAN_SBM_SCAR_MIXED_SIGNAL/prior_calibrations/GP_Cov_PU_replicate_094_prior_calibration.csv
GP_Cov_PU/prior_calibrations/GP_Cov_PU_replicate_095_prior_calibration.csv,1494,80897232b2dc394b297df60e69720ae4,68939b9dc16d12972eb98370d6de1a392d6b9b22dad6ef6040393521cfcf6a16,SIMULATION_100_GP_LINEAR_SCAR.zip,SIMULATION_100_GP_COV_PU_LINEAR_GAUSSIAN_SBM_SCAR_MIXED_SIGNAL/prior_calibrations/GP_Cov_PU_replicate_095_prior_calibration.csv
GP_Cov_PU/prior_calibrations/GP_Cov_PU_replicate_096_prior_calibration.csv,1493,4fedb6c2e2b398fee0f4f4e5853aa8b2,1b2818e4dbcdeff20b48474f02d71f1a1290c084c300aaa0dec8cd58df44cb3c,SIMULATION_100_GP_LINEAR_SCAR.zip,SIMULATION_100_GP_COV_PU_LINEAR_GAUSSIAN_SBM_SCAR_MIXED_SIGNAL/prior_calibrations/GP_Cov_PU_replicate_096_prior_calibration.csv
GP_Cov_PU/prior_calibrations/GP_Cov_PU_replicate_097_prior_calibration.csv,1495,66d7e0d5be68ab5cb3736ff66f0b80ca,7403f4dfad386cf3f27f2fc40963520a3ee10d18c78eb9726c07b2dafe70bec9,SIMULATION_100_GP_LINEAR_SCAR.zip,SIMULATION_100_GP_COV_PU_LINEAR_GAUSSIAN_SBM_SCAR_MIXED_SIGNAL/prior_calibrations/GP_Cov_PU_replicate_097_prior_calibration.csv
GP_Cov_PU/prior_calibrations/GP_Cov_PU_replicate_098_prior_calibration.csv,1494,7b9a9ac12134a2f48b54d4e0c801a7b4,32888b3830944c45c5b58ed4b9d8fed7e28b99d8866cf4cc5bae9ae1c05f5604,SIMULATION_100_GP_LINEAR_SCAR.zip,SIMULATION_100_GP_COV_PU_LINEAR_GAUSSIAN_SBM_SCAR_MIXED_SIGNAL/prior_calibrations/GP_Cov_PU_replicate_098_prior_calibration.csv
GP_Cov_PU/prior_calibrations/GP_Cov_PU_replicate_099_prior_calibration.csv,1493,8755e9a1092f76f6eb9241132e8273f6,2f78ce0131b443712d6a453affce2a2e97ec270b50b608992d72a34faef0c5c6,SIMULATION_100_GP_LINEAR_SCAR.zip,SIMULATION_100_GP_COV_PU_LINEAR_GAUSSIAN_SBM_SCAR_MIXED_SIGNAL/prior_calibrations/GP_Cov_PU_replicate_099_prior_calibration.csv
GP_Cov_PU/prior_calibrations/GP_Cov_PU_replicate_100_prior_calibration.csv,1495,280122961d1d82e0ccd9693c234b5a18,0af0460037ee583be39e3f0e6ea6711c308b8a0112cc609aeb55d7004ec9a131,SIMULATION_100_GP_LINEAR_SCAR.zip,SIMULATION_100_GP_COV_PU_LINEAR_GAUSSIAN_SBM_SCAR_MIXED_SIGNAL/prior_calibrations/GP_Cov_PU_replicate_100_prior_calibration.csv
GP_Cov_PU/production_checkpoints/GP_Cov_PU_replicate_001.rds,14472,475121f50bfb67347fa27e07db70227f,1fcb5ec5fc1a2ffa4e25ca498a4e3077eb424a9a619c0dd2751477e7422a7f30,SIMULATION_100_GP_LINEAR_SCAR.zip,SIMULATION_100_GP_COV_PU_LINEAR_GAUSSIAN_SBM_SCAR_MIXED_SIGNAL/production_checkpoints/GP_Cov_PU_replicate_001.rds
GP_Cov_PU/production_checkpoints/GP_Cov_PU_replicate_002.rds,14492,83d3677d7b457937820f7cf77c07aaa4,dd74fb35a9ca12e77c82b4fd209be38bdc2a422c72a37106643a7e1797418201,SIMULATION_100_GP_LINEAR_SCAR.zip,SIMULATION_100_GP_COV_PU_LINEAR_GAUSSIAN_SBM_SCAR_MIXED_SIGNAL/production_checkpoints/GP_Cov_PU_replicate_002.rds
GP_Cov_PU/production_checkpoints/GP_Cov_PU_replicate_003.rds,14442,0ef8cc4bee902618810a0d6f48ef76a6,4289f4da486e64566b9e2984c776fa9713d658cc17da4c0825f554a69682c34f,SIMULATION_100_GP_LINEAR_SCAR.zip,SIMULATION_100_GP_COV_PU_LINEAR_GAUSSIAN_SBM_SCAR_MIXED_SIGNAL/production_checkpoints/GP_Cov_PU_replicate_003.rds
GP_Cov_PU/production_checkpoints/GP_Cov_PU_replicate_004.rds,14570,6ddf2cc1c03cd107f3d5d124001ba103,88af892ee338bc2d9299d9db71fccfe6cf3a286e0b17ba8641eba32cd2d9586b,SIMULATION_100_GP_LINEAR_SCAR.zip,SIMULATION_100_GP_COV_PU_LINEAR_GAUSSIAN_SBM_SCAR_MIXED_SIGNAL/production_checkpoints/GP_Cov_PU_replicate_004.rds
GP_Cov_PU/production_checkpoints/GP_Cov_PU_replicate_005.rds,14469,6d9271b74a111e5c5fab7b93d887b441,14ef1e190d447aaed8f81054a31ce9e7a34056de1b9ad321b5bdda44e4610dc8,SIMULATION_100_GP_LINEAR_SCAR.zip,SIMULATION_100_GP_COV_PU_LINEAR_GAUSSIAN_SBM_SCAR_MIXED_SIGNAL/production_checkpoints/GP_Cov_PU_replicate_005.rds
GP_Cov_PU/production_checkpoints/GP_Cov_PU_replicate_006.rds,14472,74dbd0e775d82af41158c38696bfb533,de07c58861d748436ee0a31f46fc4a19cd7d739800042759421d2fa8005846ff,SIMULATION_100_GP_LINEAR_SCAR.zip,SIMULATION_100_GP_COV_PU_LINEAR_GAUSSIAN_SBM_SCAR_MIXED_SIGNAL/production_checkpoints/GP_Cov_PU_replicate_006.rds
GP_Cov_PU/production_checkpoints/GP_Cov_PU_replicate_007.rds,14355,c54caf323e05feab1fb2e3d7e117cd20,459c31bd020771a288a1d36817c18d1689f5059c9c2a55956f5e4ea96544c668,SIMULATION_100_GP_LINEAR_SCAR.zip,SIMULATION_100_GP_COV_PU_LINEAR_GAUSSIAN_SBM_SCAR_MIXED_SIGNAL/production_checkpoints/GP_Cov_PU_replicate_007.rds
GP_Cov_PU/production_checkpoints/GP_Cov_PU_replicate_008.rds,14540,42828b52e3a39730c14e060159ad9a40,c0efbd024e39cff6147e0e526fe918091c90a13ada69477cdfeb6b2e793faa2a,SIMULATION_100_GP_LINEAR_SCAR.zip,SIMULATION_100_GP_COV_PU_LINEAR_GAUSSIAN_SBM_SCAR_MIXED_SIGNAL/production_checkpoints/GP_Cov_PU_replicate_008.rds
GP_Cov_PU/production_checkpoints/GP_Cov_PU_replicate_009.rds,14532,b33c6f1fafbe1a0dffb8e9b540f5e391,850104e0ec8b79395dd2ee3747f7f8107ebf04ef3097729a74e81ecdbf161125,SIMULATION_100_GP_LINEAR_SCAR.zip,SIMULATION_100_GP_COV_PU_LINEAR_GAUSSIAN_SBM_SCAR_MIXED_SIGNAL/production_checkpoints/GP_Cov_PU_replicate_009.rds
GP_Cov_PU/production_checkpoints/GP_Cov_PU_replicate_010.rds,14455,e910dda23724dc160cf42cede178f719,6b3407c596540fefa17d3cb868d9f2bad7e13e49a32db32bd3f8b0013fbd8393,SIMULATION_100_GP_LINEAR_SCAR.zip,SIMULATION_100_GP_COV_PU_LINEAR_GAUSSIAN_SBM_SCAR_MIXED_SIGNAL/production_checkpoints/GP_Cov_PU_replicate_010.rds
GP_Cov_PU/production_checkpoints/GP_Cov_PU_replicate_011.rds,14452,d3b801df41b27e16087a2ed03f003585,d832ea061611baaa6f43d4451ce95b4b0fed42a54cbf11d803d87cd48b49e842,SIMULATION_100_GP_LINEAR_SCAR.zip,SIMULATION_100_GP_COV_PU_LINEAR_GAUSSIAN_SBM_SCAR_MIXED_SIGNAL/production_checkpoints/GP_Cov_PU_replicate_011.rds
GP_Cov_PU/production_checkpoints/GP_Cov_PU_replicate_012.rds,14521,2e2d5c2b25a63c586cc2e3b7802d6810,3705526e911d42e6b3799b2a0dd798708c08db58dd2b14b8becdb4982e68c681,SIMULATION_100_GP_LINEAR_SCAR.zip,SIMULATION_100_GP_COV_PU_LINEAR_GAUSSIAN_SBM_SCAR_MIXED_SIGNAL/production_checkpoints/GP_Cov_PU_replicate_012.rds
GP_Cov_PU/production_checkpoints/GP_Cov_PU_replicate_013.rds,14374,290b5f16a27c564821158ac320be3640,c4a0dcd1420c4cfde83c19631d2b64067cd96d40ac8259ad611cc57ae61e96c7,SIMULATION_100_GP_LINEAR_SCAR.zip,SIMULATION_100_GP_COV_PU_LINEAR_GAUSSIAN_SBM_SCAR_MIXED_SIGNAL/production_checkpoints/GP_Cov_PU_replicate_013.rds
GP_Cov_PU/production_checkpoints/GP_Cov_PU_replicate_014.rds,14431,0be9729fa384f47fff642a8b75fe79a5,154f848a69085626ccaea51320ac2faaca5b4b996df095b3f5b03707541903ca,SIMULATION_100_GP_LINEAR_SCAR.zip,SIMULATION_100_GP_COV_PU_LINEAR_GAUSSIAN_SBM_SCAR_MIXED_SIGNAL/production_checkpoints/GP_Cov_PU_replicate_014.rds
GP_Cov_PU/production_checkpoints/GP_Cov_PU_replicate_015.rds,14422,6a8188eaf403ccb75b1fd4b52a0e84c4,9a88ccafa3e9748f3b4a836eed82d7a3016f3dba9c8411eeb5552c2521c3ee36,SIMULATION_100_GP_LINEAR_SCAR.zip,SIMULATION_100_GP_COV_PU_LINEAR_GAUSSIAN_SBM_SCAR_MIXED_SIGNAL/production_checkpoints/GP_Cov_PU_replicate_015.rds
GP_Cov_PU/production_checkpoints/GP_Cov_PU_replicate_016.rds,14457,aa710e3352fc1ba9e3df5afd429ba612,82a9a10af4a206587baf62cc9bf588b06fc24da828d72f098d4d3649ea6bf675,SIMULATION_100_GP_LINEAR_SCAR.zip,SIMULATION_100_GP_COV_PU_LINEAR_GAUSSIAN_SBM_SCAR_MIXED_SIGNAL/production_checkpoints/GP_Cov_PU_replicate_016.rds
GP_Cov_PU/production_checkpoints/GP_Cov_PU_replicate_017.rds,14469,9196a8f60a03d3f4d4f3a619c1480d4a,a46c6dd67ce475329ab1f75c80be0773520d5368917e8fc4f835cbea268810de,SIMULATION_100_GP_LINEAR_SCAR.zip,SIMULATION_100_GP_COV_PU_LINEAR_GAUSSIAN_SBM_SCAR_MIXED_SIGNAL/production_checkpoints/GP_Cov_PU_replicate_017.rds
GP_Cov_PU/production_checkpoints/GP_Cov_PU_replicate_018.rds,14358,bbc9bbbf95fd978357b595667254f81b,991f3cfccd8bbaa6c3d7cdbfb4ac4d4bc59cbb823aa0fc634321198f86ae4322,SIMULATION_100_GP_LINEAR_SCAR.zip,SIMULATION_100_GP_COV_PU_LINEAR_GAUSSIAN_SBM_SCAR_MIXED_SIGNAL/production_checkpoints/GP_Cov_PU_replicate_018.rds
GP_Cov_PU/production_checkpoints/GP_Cov_PU_replicate_019.rds,14316,0f0f92332bae197396da26845c685bec,4994e78cb0ba500d8b59b4e3cccf1de1a7a092d1871bed53dbd6f56153cef8d7,SIMULATION_100_GP_LINEAR_SCAR.zip,SIMULATION_100_GP_COV_PU_LINEAR_GAUSSIAN_SBM_SCAR_MIXED_SIGNAL/production_checkpoints/GP_Cov_PU_replicate_019.rds
GP_Cov_PU/production_checkpoints/GP_Cov_PU_replicate_020.rds,14411,a3d532f74bfdfcb54f5d9475d032f007,53681f1f1e5b32fb15dc1d503b7405e8288937f914917fd5b5653d5f451f6c5c,SIMULATION_100_GP_LINEAR_SCAR.zip,SIMULATION_100_GP_COV_PU_LINEAR_GAUSSIAN_SBM_SCAR_MIXED_SIGNAL/production_checkpoints/GP_Cov_PU_replicate_020.rds
GP_Cov_PU/production_checkpoints/GP_Cov_PU_replicate_021.rds,14430,66a68c4893f5edb5815d197fe3c78023,d7a53b28d66c2fbffccce95f514d9600a7afc9904a3b3bd969ab2f96e2003300,SIMULATION_100_GP_LINEAR_SCAR.zip,SIMULATION_100_GP_COV_PU_LINEAR_GAUSSIAN_SBM_SCAR_MIXED_SIGNAL/production_checkpoints/GP_Cov_PU_replicate_021.rds
GP_Cov_PU/production_checkpoints/GP_Cov_PU_replicate_022.rds,14465,b401d5f008d795ed76c23b31033c539d,277029326dfe71ab189f35fcb8d7334cc8fbcacd0f933f26c872aa753ccc6c18,SIMULATION_100_GP_LINEAR_SCAR.zip,SIMULATION_100_GP_COV_PU_LINEAR_GAUSSIAN_SBM_SCAR_MIXED_SIGNAL/production_checkpoints/GP_Cov_PU_replicate_022.rds
GP_Cov_PU/production_checkpoints/GP_Cov_PU_replicate_023.rds,14463,a385ff9b689eb5941ca9f744f10a041e,86bfc99b6567099bda1ca6bdbfcbebad2822186c836bab242cd8be14b3f3768c,SIMULATION_100_GP_LINEAR_SCAR.zip,SIMULATION_100_GP_COV_PU_LINEAR_GAUSSIAN_SBM_SCAR_MIXED_SIGNAL/production_checkpoints/GP_Cov_PU_replicate_023.rds
GP_Cov_PU/production_checkpoints/GP_Cov_PU_replicate_024.rds,14360,937ea42f7dd52cfbc97ef42aaeef034b,78ca08025e149945cff7de3acf9f01ff3dd1d69f619eaaedb5fa8153d676fa20,SIMULATION_100_GP_LINEAR_SCAR.zip,SIMULATION_100_GP_COV_PU_LINEAR_GAUSSIAN_SBM_SCAR_MIXED_SIGNAL/production_checkpoints/GP_Cov_PU_replicate_024.rds
GP_Cov_PU/production_checkpoints/GP_Cov_PU_replicate_025.rds,14486,cbdf60273cd4f629704925d3b32a4fa0,da4fcaa22c1c0a34c853be173a1eec5ae796b26371823feb13c7d55ee067a347,SIMULATION_100_GP_LINEAR_SCAR.zip,SIMULATION_100_GP_COV_PU_LINEAR_GAUSSIAN_SBM_SCAR_MIXED_SIGNAL/production_checkpoints/GP_Cov_PU_replicate_025.rds
GP_Cov_PU/production_checkpoints/GP_Cov_PU_replicate_026.rds,14404,4a721fd27da8516ff545942ad9a79e97,68b4f263db1e4c9d271e55652a5aa08e9a763847354d76e01e61a5e24c402873,SIMULATION_100_GP_LINEAR_SCAR.zip,SIMULATION_100_GP_COV_PU_LINEAR_GAUSSIAN_SBM_SCAR_MIXED_SIGNAL/production_checkpoints/GP_Cov_PU_replicate_026.rds
GP_Cov_PU/production_checkpoints/GP_Cov_PU_replicate_027.rds,14430,17361a425f8c45dfbc540034bba58b26,2aa82b6c77836be926a1cb11c7c1d31beaf996e0572fc521a6d9022b5714523c,SIMULATION_100_GP_LINEAR_SCAR.zip,SIMULATION_100_GP_COV_PU_LINEAR_GAUSSIAN_SBM_SCAR_MIXED_SIGNAL/production_checkpoints/GP_Cov_PU_replicate_027.rds
GP_Cov_PU/production_checkpoints/GP_Cov_PU_replicate_028.rds,14495,2a9bbba7cdd86e2cec848f8e3450519e,460d59a96fc2ca5fda1b4d98012500408499bcf36c9f2273bbce063e6d111ff9,SIMULATION_100_GP_LINEAR_SCAR.zip,SIMULATION_100_GP_COV_PU_LINEAR_GAUSSIAN_SBM_SCAR_MIXED_SIGNAL/production_checkpoints/GP_Cov_PU_replicate_028.rds
GP_Cov_PU/production_checkpoints/GP_Cov_PU_replicate_029.rds,14416,209929e0747c74b47aab9524bbd19e23,19d5d21748da78b5522dcacf09b6d67c24fb0e49bbc249f0671b07627bce05fe,SIMULATION_100_GP_LINEAR_SCAR.zip,SIMULATION_100_GP_COV_PU_LINEAR_GAUSSIAN_SBM_SCAR_MIXED_SIGNAL/production_checkpoints/GP_Cov_PU_replicate_029.rds
GP_Cov_PU/production_checkpoints/GP_Cov_PU_replicate_030.rds,14329,481d5b547e3eb20ddb534459e9194890,a4b01e951e2fb12044fd4638444f574274deef0f4dded9a1b2c13758773686e0,SIMULATION_100_GP_LINEAR_SCAR.zip,SIMULATION_100_GP_COV_PU_LINEAR_GAUSSIAN_SBM_SCAR_MIXED_SIGNAL/production_checkpoints/GP_Cov_PU_replicate_030.rds
GP_Cov_PU/production_checkpoints/GP_Cov_PU_replicate_031.rds,14405,a73de6ac524bfc03fa72c7c7b599446b,690704538b19590301ead468d67f9c84016b6f4302f3489597cfc2a7c31e562c,SIMULATION_100_GP_LINEAR_SCAR.zip,SIMULATION_100_GP_COV_PU_LINEAR_GAUSSIAN_SBM_SCAR_MIXED_SIGNAL/production_checkpoints/GP_Cov_PU_replicate_031.rds
GP_Cov_PU/production_checkpoints/GP_Cov_PU_replicate_032.rds,14293,991fecfd9170293f6584676a1a89f2be,29810ea212070a8b1146e4c972bd0dca3f864db79ba030a7a4e5f7dcce5260a1,SIMULATION_100_GP_LINEAR_SCAR.zip,SIMULATION_100_GP_COV_PU_LINEAR_GAUSSIAN_SBM_SCAR_MIXED_SIGNAL/production_checkpoints/GP_Cov_PU_replicate_032.rds
GP_Cov_PU/production_checkpoints/GP_Cov_PU_replicate_033.rds,14540,40566970ade327cb6e343089d61de517,285dea1b32f989811cc3b098b40a7e52eb1e78ff330d73fe83e8cf5f2c0bdba3,SIMULATION_100_GP_LINEAR_SCAR.zip,SIMULATION_100_GP_COV_PU_LINEAR_GAUSSIAN_SBM_SCAR_MIXED_SIGNAL/production_checkpoints/GP_Cov_PU_replicate_033.rds
GP_Cov_PU/production_checkpoints/GP_Cov_PU_replicate_034.rds,14318,d565ca3bd1b5fcf84943c309e5b474e0,5a2e08c27f9f042a4a7e8156c8304b91f75814d527ef05758d49d401038916eb,SIMULATION_100_GP_LINEAR_SCAR.zip,SIMULATION_100_GP_COV_PU_LINEAR_GAUSSIAN_SBM_SCAR_MIXED_SIGNAL/production_checkpoints/GP_Cov_PU_replicate_034.rds
GP_Cov_PU/production_checkpoints/GP_Cov_PU_replicate_035.rds,14506,e7903df48963d473e7800085d277f2b0,c04b89e58e1bbc558f99647c89f395e30d997455aa72c20ef120e82330fc64ef,SIMULATION_100_GP_LINEAR_SCAR.zip,SIMULATION_100_GP_COV_PU_LINEAR_GAUSSIAN_SBM_SCAR_MIXED_SIGNAL/production_checkpoints/GP_Cov_PU_replicate_035.rds
GP_Cov_PU/production_checkpoints/GP_Cov_PU_replicate_036.rds,14287,d21c76d77cbf7e9194437a8486e5fa79,a704000981d0d8d3917deb70dd57f7ee0bd4c6a2597dc08c3a339ad0f4aaac79,SIMULATION_100_GP_LINEAR_SCAR.zip,SIMULATION_100_GP_COV_PU_LINEAR_GAUSSIAN_SBM_SCAR_MIXED_SIGNAL/production_checkpoints/GP_Cov_PU_replicate_036.rds
GP_Cov_PU/production_checkpoints/GP_Cov_PU_replicate_037.rds,14478,1b71e9aeca25f2c143089b490b7cd7e0,1a9b41b813029fb922efce46edea4b5d42ccb730f1ef0850c274b6e17565cb59,SIMULATION_100_GP_LINEAR_SCAR.zip,SIMULATION_100_GP_COV_PU_LINEAR_GAUSSIAN_SBM_SCAR_MIXED_SIGNAL/production_checkpoints/GP_Cov_PU_replicate_037.rds
GP_Cov_PU/production_checkpoints/GP_Cov_PU_replicate_038.rds,14416,c444928cfa49536766c2a7a905980732,1ffe5b8b2a745d009d718bc59cef0293cda2175be21783ac890fefd1439c8c75,SIMULATION_100_GP_LINEAR_SCAR.zip,SIMULATION_100_GP_COV_PU_LINEAR_GAUSSIAN_SBM_SCAR_MIXED_SIGNAL/production_checkpoints/GP_Cov_PU_replicate_038.rds
GP_Cov_PU/production_checkpoints/GP_Cov_PU_replicate_039.rds,14440,a81b790d309467b44b6ec60e85c4f9e9,08df6a919bf178417d92bc78d23d20a75ecd469e01e8d0629ebcd407742cfa65,SIMULATION_100_GP_LINEAR_SCAR.zip,SIMULATION_100_GP_COV_PU_LINEAR_GAUSSIAN_SBM_SCAR_MIXED_SIGNAL/production_checkpoints/GP_Cov_PU_replicate_039.rds
GP_Cov_PU/production_checkpoints/GP_Cov_PU_replicate_040.rds,14498,dd53fb6f49fe201aafdf16bc4ec791d6,d6b61df0bd4f52dcf1bb4e5e14074d2137fd84e20891e9946a64a7df3c92b292,SIMULATION_100_GP_LINEAR_SCAR.zip,SIMULATION_100_GP_COV_PU_LINEAR_GAUSSIAN_SBM_SCAR_MIXED_SIGNAL/production_checkpoints/GP_Cov_PU_replicate_040.rds
GP_Cov_PU/production_checkpoints/GP_Cov_PU_replicate_041.rds,14522,cfbbbbdf8defb6e0ba11d589f5940531,8a9a247b5d07def40e0ac02022d7b4df01e42e21ea54d4515ec63d0a081d439c,SIMULATION_100_GP_LINEAR_SCAR.zip,SIMULATION_100_GP_COV_PU_LINEAR_GAUSSIAN_SBM_SCAR_MIXED_SIGNAL/production_checkpoints/GP_Cov_PU_replicate_041.rds
GP_Cov_PU/production_checkpoints/GP_Cov_PU_replicate_042.rds,14504,cc8216bd7bc4e5b6cff16b0790cc2793,17bf58492e07d024b470b297b0b43343c94c6199e880fac27cb9314a66a5eef0,SIMULATION_100_GP_LINEAR_SCAR.zip,SIMULATION_100_GP_COV_PU_LINEAR_GAUSSIAN_SBM_SCAR_MIXED_SIGNAL/production_checkpoints/GP_Cov_PU_replicate_042.rds
GP_Cov_PU/production_checkpoints/GP_Cov_PU_replicate_043.rds,14402,d047530ebda222441157eeab62547928,2be7566c3e6175feba222296df8c28f5ce360b377970bfaaf4132132f2f98807,SIMULATION_100_GP_LINEAR_SCAR.zip,SIMULATION_100_GP_COV_PU_LINEAR_GAUSSIAN_SBM_SCAR_MIXED_SIGNAL/production_checkpoints/GP_Cov_PU_replicate_043.rds
GP_Cov_PU/production_checkpoints/GP_Cov_PU_replicate_044.rds,14562,a6436f832f28d3987a49a4c127a0081b,8138aa71702e237140ba5498c006aa283b304264add8a4694408aa51e048fe08,SIMULATION_100_GP_LINEAR_SCAR.zip,SIMULATION_100_GP_COV_PU_LINEAR_GAUSSIAN_SBM_SCAR_MIXED_SIGNAL/production_checkpoints/GP_Cov_PU_replicate_044.rds
GP_Cov_PU/production_checkpoints/GP_Cov_PU_replicate_045.rds,14530,7ec3bc9b0d6b32c48919aa7ba0ad133b,3e0ebe679f61eb234dfdcf223c5e0637527ac1aaf4b14cad38adc48186b015b0,SIMULATION_100_GP_LINEAR_SCAR.zip,SIMULATION_100_GP_COV_PU_LINEAR_GAUSSIAN_SBM_SCAR_MIXED_SIGNAL/production_checkpoints/GP_Cov_PU_replicate_045.rds
GP_Cov_PU/production_checkpoints/GP_Cov_PU_replicate_046.rds,14562,bdb841f121e6dc634b2522344d187903,c5a05bc7f0f93309753e8ccf8a6616384b524ab4c38945566be357f599bd77ac,SIMULATION_100_GP_LINEAR_SCAR.zip,SIMULATION_100_GP_COV_PU_LINEAR_GAUSSIAN_SBM_SCAR_MIXED_SIGNAL/production_checkpoints/GP_Cov_PU_replicate_046.rds
GP_Cov_PU/production_checkpoints/GP_Cov_PU_replicate_047.rds,14423,cbe07c67da3e4bdd3854be6780339e76,9f41dc2ec9e336a3d4207eb3c422ac7d3328e18b89fe49e9a0c7739d05d1d29c,SIMULATION_100_GP_LINEAR_SCAR.zip,SIMULATION_100_GP_COV_PU_LINEAR_GAUSSIAN_SBM_SCAR_MIXED_SIGNAL/production_checkpoints/GP_Cov_PU_replicate_047.rds
GP_Cov_PU/production_checkpoints/GP_Cov_PU_replicate_048.rds,14471,505cc6bf3dbc3c7059436113719fa169,b6d0186ba212e77083d5ce2c4ed8aabe98ccff55eb56bcacd55c9d89670936b6,SIMULATION_100_GP_LINEAR_SCAR.zip,SIMULATION_100_GP_COV_PU_LINEAR_GAUSSIAN_SBM_SCAR_MIXED_SIGNAL/production_checkpoints/GP_Cov_PU_replicate_048.rds
GP_Cov_PU/production_checkpoints/GP_Cov_PU_replicate_049.rds,14432,3b5331b63145f964801197eeec2f1688,9502043743ad974247864fb94c0bd6a6005a0068269801e590a494697ccbfba6,SIMULATION_100_GP_LINEAR_SCAR.zip,SIMULATION_100_GP_COV_PU_LINEAR_GAUSSIAN_SBM_SCAR_MIXED_SIGNAL/production_checkpoints/GP_Cov_PU_replicate_049.rds
GP_Cov_PU/production_checkpoints/GP_Cov_PU_replicate_050.rds,14511,4eecdc6baf2ff65328b818c56d8d268e,e4ec10540ae3f559cef2c82d10c125d349582fa404aea967cdddd9a2e88de02b,SIMULATION_100_GP_LINEAR_SCAR.zip,SIMULATION_100_GP_COV_PU_LINEAR_GAUSSIAN_SBM_SCAR_MIXED_SIGNAL/production_checkpoints/GP_Cov_PU_replicate_050.rds
GP_Cov_PU/production_checkpoints/GP_Cov_PU_replicate_051.rds,14349,eee06ca6e8e1b4beabc7dfeda61d5081,95b013c5379ca9b90ad5f2d437df2956fcbb3091f6c7692f123eff9eb79f9798,SIMULATION_100_GP_LINEAR_SCAR.zip,SIMULATION_100_GP_COV_PU_LINEAR_GAUSSIAN_SBM_SCAR_MIXED_SIGNAL/production_checkpoints/GP_Cov_PU_replicate_051.rds
GP_Cov_PU/production_checkpoints/GP_Cov_PU_replicate_052.rds,14439,3a10b0f3c0e26b29b7807f10f4e39c0e,584c1c728bc949109d4177f68ac568676796807c071d51d59b8631b014ce078b,SIMULATION_100_GP_LINEAR_SCAR.zip,SIMULATION_100_GP_COV_PU_LINEAR_GAUSSIAN_SBM_SCAR_MIXED_SIGNAL/production_checkpoints/GP_Cov_PU_replicate_052.rds
GP_Cov_PU/production_checkpoints/GP_Cov_PU_replicate_053.rds,14444,3dff37dafd016668e1495f4ca0295328,4b5bebcb888172bf2396f8557a46c9d4d126fb79cf9608c4ee8a74350d6b964e,SIMULATION_100_GP_LINEAR_SCAR.zip,SIMULATION_100_GP_COV_PU_LINEAR_GAUSSIAN_SBM_SCAR_MIXED_SIGNAL/production_checkpoints/GP_Cov_PU_replicate_053.rds
GP_Cov_PU/production_checkpoints/GP_Cov_PU_replicate_054.rds,14470,10450580c445d6a9050f98751ffdef2a,30cc224a90066645c396c27ed30ab2929d2e2ecac550471d4220e1a89c228361,SIMULATION_100_GP_LINEAR_SCAR.zip,SIMULATION_100_GP_COV_PU_LINEAR_GAUSSIAN_SBM_SCAR_MIXED_SIGNAL/production_checkpoints/GP_Cov_PU_replicate_054.rds
GP_Cov_PU/production_checkpoints/GP_Cov_PU_replicate_055.rds,14561,8f99ad4ef8875f79046bad3ef83b2ece,2b99da4defcc502962e53e28005187cc72eb861d3014b5ef4df84dcb1ff0ade0,SIMULATION_100_GP_LINEAR_SCAR.zip,SIMULATION_100_GP_COV_PU_LINEAR_GAUSSIAN_SBM_SCAR_MIXED_SIGNAL/production_checkpoints/GP_Cov_PU_replicate_055.rds
GP_Cov_PU/production_checkpoints/GP_Cov_PU_replicate_056.rds,14521,ae0c8def1600d2eed7f6e28792a73029,ed3de57fdf87d58a0bc09b210820875a04ab492e91884299951a5fe7cf0c62ea,SIMULATION_100_GP_LINEAR_SCAR.zip,SIMULATION_100_GP_COV_PU_LINEAR_GAUSSIAN_SBM_SCAR_MIXED_SIGNAL/production_checkpoints/GP_Cov_PU_replicate_056.rds
GP_Cov_PU/production_checkpoints/GP_Cov_PU_replicate_057.rds,14373,74c2882fbf8027636d17a8513da993df,33ee0e9de95bffde4db8f96011fecaad14a58ff2b055712bbc92b90ccba63298,SIMULATION_100_GP_LINEAR_SCAR.zip,SIMULATION_100_GP_COV_PU_LINEAR_GAUSSIAN_SBM_SCAR_MIXED_SIGNAL/production_checkpoints/GP_Cov_PU_replicate_057.rds
GP_Cov_PU/production_checkpoints/GP_Cov_PU_replicate_058.rds,14538,d9c3bc5a19b523127e89763626426aec,27591ebd35e59d12b3c44f838408bd9b38c658cdb3dd199859406846d80d42e0,SIMULATION_100_GP_LINEAR_SCAR.zip,SIMULATION_100_GP_COV_PU_LINEAR_GAUSSIAN_SBM_SCAR_MIXED_SIGNAL/production_checkpoints/GP_Cov_PU_replicate_058.rds
GP_Cov_PU/production_checkpoints/GP_Cov_PU_replicate_059.rds,14386,93233173bccb06ad5c9b7937c1159879,8ec5d15fc9c7b0f535852baf318d2071fa4c8a4c78fdd300e4e0030195dfbdd4,SIMULATION_100_GP_LINEAR_SCAR.zip,SIMULATION_100_GP_COV_PU_LINEAR_GAUSSIAN_SBM_SCAR_MIXED_SIGNAL/production_checkpoints/GP_Cov_PU_replicate_059.rds
GP_Cov_PU/production_checkpoints/GP_Cov_PU_replicate_060.rds,14368,cda651007d0b3705850096fd719b06a7,3d1cda78986dbf810812f6d896a9ad4785aa354166a17de3da02266f1df2d1cd,SIMULATION_100_GP_LINEAR_SCAR.zip,SIMULATION_100_GP_COV_PU_LINEAR_GAUSSIAN_SBM_SCAR_MIXED_SIGNAL/production_checkpoints/GP_Cov_PU_replicate_060.rds
GP_Cov_PU/production_checkpoints/GP_Cov_PU_replicate_061.rds,14497,54e83879efed8fb02254d9985e36febf,08fc068b006cdfecb81152a8871b79442570cb69ed5f2856eff627e0fdc7f56e,SIMULATION_100_GP_LINEAR_SCAR.zip,SIMULATION_100_GP_COV_PU_LINEAR_GAUSSIAN_SBM_SCAR_MIXED_SIGNAL/production_checkpoints/GP_Cov_PU_replicate_061.rds
GP_Cov_PU/production_checkpoints/GP_Cov_PU_replicate_062.rds,14449,f8ca164aa28ed58b57fd719ccc44a3a2,040021ca18cf182d7425094926d0ae73ad3c444e00966831c95889d45ce89ffb,SIMULATION_100_GP_LINEAR_SCAR.zip,SIMULATION_100_GP_COV_PU_LINEAR_GAUSSIAN_SBM_SCAR_MIXED_SIGNAL/production_checkpoints/GP_Cov_PU_replicate_062.rds
GP_Cov_PU/production_checkpoints/GP_Cov_PU_replicate_063.rds,14504,309ba70ad2ae5a87418447cc852954b2,befba6ccff7dd70adcd51b564e7c32ecf7b2402dcba6d48931e6a0dfa8a35138,SIMULATION_100_GP_LINEAR_SCAR.zip,SIMULATION_100_GP_COV_PU_LINEAR_GAUSSIAN_SBM_SCAR_MIXED_SIGNAL/production_checkpoints/GP_Cov_PU_replicate_063.rds
GP_Cov_PU/production_checkpoints/GP_Cov_PU_replicate_064.rds,14514,3ecb90b34afb9fe5f7c17599226f0fe3,69a3fc4aa6fa277786742dfd0f52527e0658ea14dd9eaf532ed75834f37fef39,SIMULATION_100_GP_LINEAR_SCAR.zip,SIMULATION_100_GP_COV_PU_LINEAR_GAUSSIAN_SBM_SCAR_MIXED_SIGNAL/production_checkpoints/GP_Cov_PU_replicate_064.rds
GP_Cov_PU/production_checkpoints/GP_Cov_PU_replicate_065.rds,14430,06a79fc35c1eb4dd3610923139214942,236b306eedbf0b4f14ef6520e079dc4e91e7866f8e7c0241e14b884960a94438,SIMULATION_100_GP_LINEAR_SCAR.zip,SIMULATION_100_GP_COV_PU_LINEAR_GAUSSIAN_SBM_SCAR_MIXED_SIGNAL/production_checkpoints/GP_Cov_PU_replicate_065.rds
GP_Cov_PU/production_checkpoints/GP_Cov_PU_replicate_066.rds,14454,929935465ddcd74093f42c9c0ee427c3,ba7a6c3c6194a7ed5af7cc1a58763ca77e4206b6b7f328e5b4154d94d627b595,SIMULATION_100_GP_LINEAR_SCAR.zip,SIMULATION_100_GP_COV_PU_LINEAR_GAUSSIAN_SBM_SCAR_MIXED_SIGNAL/production_checkpoints/GP_Cov_PU_replicate_066.rds
GP_Cov_PU/production_checkpoints/GP_Cov_PU_replicate_067.rds,14514,d2224506ad9c1457f29b20e6fb961016,17c72efe232a0819e49157a23ec558d9c1b0f448c32753c4c7a7e965bb254ac6,SIMULATION_100_GP_LINEAR_SCAR.zip,SIMULATION_100_GP_COV_PU_LINEAR_GAUSSIAN_SBM_SCAR_MIXED_SIGNAL/production_checkpoints/GP_Cov_PU_replicate_067.rds
GP_Cov_PU/production_checkpoints/GP_Cov_PU_replicate_068.rds,14386,e5b4219766ebdfe9577aee10273984f3,b48709c8eecfb2d87ff6c684d249d89e4c38332f850e2d9d90b627013f2ec11a,SIMULATION_100_GP_LINEAR_SCAR.zip,SIMULATION_100_GP_COV_PU_LINEAR_GAUSSIAN_SBM_SCAR_MIXED_SIGNAL/production_checkpoints/GP_Cov_PU_replicate_068.rds
GP_Cov_PU/production_checkpoints/GP_Cov_PU_replicate_069.rds,14550,a5d6d56a13f45a0e86de6f3ebbdbfe7c,3d13f301bbbca295e0c152fbadd8b3efa95c517618ba7687a52e75f1fbc93295,SIMULATION_100_GP_LINEAR_SCAR.zip,SIMULATION_100_GP_COV_PU_LINEAR_GAUSSIAN_SBM_SCAR_MIXED_SIGNAL/production_checkpoints/GP_Cov_PU_replicate_069.rds
GP_Cov_PU/production_checkpoints/GP_Cov_PU_replicate_070.rds,14475,eb3163d2a65a85789b7b04a9ccf206b2,c66ca7753522796ddb4e11759648d0d67f5f6edbb011f672736157294fb6e6cf,SIMULATION_100_GP_LINEAR_SCAR.zip,SIMULATION_100_GP_COV_PU_LINEAR_GAUSSIAN_SBM_SCAR_MIXED_SIGNAL/production_checkpoints/GP_Cov_PU_replicate_070.rds
GP_Cov_PU/production_checkpoints/GP_Cov_PU_replicate_071.rds,14518,5991c04198a67ac2e8777d5a6e52d247,801e94fae52ddcf36a55ffbc1c6d90a66c8c3edc06b5b76b732eeba1c362c98d,SIMULATION_100_GP_LINEAR_SCAR.zip,SIMULATION_100_GP_COV_PU_LINEAR_GAUSSIAN_SBM_SCAR_MIXED_SIGNAL/production_checkpoints/GP_Cov_PU_replicate_071.rds
GP_Cov_PU/production_checkpoints/GP_Cov_PU_replicate_072.rds,14349,77a7ad37dd62c40822bb16faf1874da8,65a90c773a53893c430fecf79a0d022da4aac37946f0fc9a5b76b563fe3f9a96,SIMULATION_100_GP_LINEAR_SCAR.zip,SIMULATION_100_GP_COV_PU_LINEAR_GAUSSIAN_SBM_SCAR_MIXED_SIGNAL/production_checkpoints/GP_Cov_PU_replicate_072.rds
GP_Cov_PU/production_checkpoints/GP_Cov_PU_replicate_073.rds,14450,b5eaee3a997e0a1539cab1df73673e80,ec39bcfa08be923da28b39d4019c8e8ff4e5a4958c8bbfe07e2b724a62c7bcf1,SIMULATION_100_GP_LINEAR_SCAR.zip,SIMULATION_100_GP_COV_PU_LINEAR_GAUSSIAN_SBM_SCAR_MIXED_SIGNAL/production_checkpoints/GP_Cov_PU_replicate_073.rds
GP_Cov_PU/production_checkpoints/GP_Cov_PU_replicate_074.rds,14491,7a3c24b1a44df0d3224fa43fe79cc95b,d3f10f7cb4476d9e55bae89745b0d7c3ec0bb15cd3fd933b9865aec425db10b9,SIMULATION_100_GP_LINEAR_SCAR.zip,SIMULATION_100_GP_COV_PU_LINEAR_GAUSSIAN_SBM_SCAR_MIXED_SIGNAL/production_checkpoints/GP_Cov_PU_replicate_074.rds
GP_Cov_PU/production_checkpoints/GP_Cov_PU_replicate_075.rds,14503,28e0d81ca83553d7bed0a84ba528f3e0,53cf732dafdcaea911b9b96688e0f4005123c182cefdaaaf3cd1e87d81592ccd,SIMULATION_100_GP_LINEAR_SCAR.zip,SIMULATION_100_GP_COV_PU_LINEAR_GAUSSIAN_SBM_SCAR_MIXED_SIGNAL/production_checkpoints/GP_Cov_PU_replicate_075.rds
GP_Cov_PU/production_checkpoints/GP_Cov_PU_replicate_076.rds,14523,c76868a69c8af43e25a6ef73f5217738,1c8074370cd57c9c30e3aa2a75dde7e701d44cb65196fe2eec91e0257d9f7497,SIMULATION_100_GP_LINEAR_SCAR.zip,SIMULATION_100_GP_COV_PU_LINEAR_GAUSSIAN_SBM_SCAR_MIXED_SIGNAL/production_checkpoints/GP_Cov_PU_replicate_076.rds
GP_Cov_PU/production_checkpoints/GP_Cov_PU_replicate_077.rds,14431,a798cbf0e19331296190d9da46e34e06,0beebaf1760a07ba79042d0519164f9496becccdebce79d6a4d2973fcc63aa3e,SIMULATION_100_GP_LINEAR_SCAR.zip,SIMULATION_100_GP_COV_PU_LINEAR_GAUSSIAN_SBM_SCAR_MIXED_SIGNAL/production_checkpoints/GP_Cov_PU_replicate_077.rds
GP_Cov_PU/production_checkpoints/GP_Cov_PU_replicate_078.rds,14407,d70354dce69817dfa7f8d8db8e222b6e,43053680e944ce2aa2bade4caddbabf4b19f588eb6141e282dc651c9538aaaa9,SIMULATION_100_GP_LINEAR_SCAR.zip,SIMULATION_100_GP_COV_PU_LINEAR_GAUSSIAN_SBM_SCAR_MIXED_SIGNAL/production_checkpoints/GP_Cov_PU_replicate_078.rds
GP_Cov_PU/production_checkpoints/GP_Cov_PU_replicate_079.rds,14353,75c931986be725a601fd4d65beea5764,16698f8149cb4957f3f88a5d6a5b53633fe31ec761b593f3f83fcad4638fe55e,SIMULATION_100_GP_LINEAR_SCAR.zip,SIMULATION_100_GP_COV_PU_LINEAR_GAUSSIAN_SBM_SCAR_MIXED_SIGNAL/production_checkpoints/GP_Cov_PU_replicate_079.rds
GP_Cov_PU/production_checkpoints/GP_Cov_PU_replicate_080.rds,14522,2617e35d1476bcc2be7e6749a353aea8,7b227c3737b942c36e45d73ae382451aa15ab99dbde2e5bdb30935d9e3a7b815,SIMULATION_100_GP_LINEAR_SCAR.zip,SIMULATION_100_GP_COV_PU_LINEAR_GAUSSIAN_SBM_SCAR_MIXED_SIGNAL/production_checkpoints/GP_Cov_PU_replicate_080.rds
GP_Cov_PU/production_checkpoints/GP_Cov_PU_replicate_081.rds,14413,30f9cd7526bc976bda7032190d2ee2ef,f10217f1aad6937c492ab8ad4183c32717431e52a3e26b7a3ea7131d88ed0203,SIMULATION_100_GP_LINEAR_SCAR.zip,SIMULATION_100_GP_COV_PU_LINEAR_GAUSSIAN_SBM_SCAR_MIXED_SIGNAL/production_checkpoints/GP_Cov_PU_replicate_081.rds
GP_Cov_PU/production_checkpoints/GP_Cov_PU_replicate_082.rds,14396,8f39ce708bd88a25d37fffadad7c53c6,a6baf912fb8d582694601a0dd6af1c148c681fc8af37fac6a8600778316c1768,SIMULATION_100_GP_LINEAR_SCAR.zip,SIMULATION_100_GP_COV_PU_LINEAR_GAUSSIAN_SBM_SCAR_MIXED_SIGNAL/production_checkpoints/GP_Cov_PU_replicate_082.rds
GP_Cov_PU/production_checkpoints/GP_Cov_PU_replicate_083.rds,14475,3773f8d9d8b1f9a487d88f0a6444eab0,d763bdfb8cae308a8c2d6c517f4b32373f2fb99f50e4ec762b84ce25fe492b10,SIMULATION_100_GP_LINEAR_SCAR.zip,SIMULATION_100_GP_COV_PU_LINEAR_GAUSSIAN_SBM_SCAR_MIXED_SIGNAL/production_checkpoints/GP_Cov_PU_replicate_083.rds
GP_Cov_PU/production_checkpoints/GP_Cov_PU_replicate_084.rds,14368,db8e92560227233263a9dace75211ec4,ec0e7c4c34eb9ce5578cfbe845f3ff0b4351cc5c37c92763aaad20043371b7ea,SIMULATION_100_GP_LINEAR_SCAR.zip,SIMULATION_100_GP_COV_PU_LINEAR_GAUSSIAN_SBM_SCAR_MIXED_SIGNAL/production_checkpoints/GP_Cov_PU_replicate_084.rds
GP_Cov_PU/production_checkpoints/GP_Cov_PU_replicate_085.rds,14455,23e94efee010b209796a7072b5a947ce,b9169f857616c2564fbb78b5362f280120869bce56770fe43e5909ea9316eb03,SIMULATION_100_GP_LINEAR_SCAR.zip,SIMULATION_100_GP_COV_PU_LINEAR_GAUSSIAN_SBM_SCAR_MIXED_SIGNAL/production_checkpoints/GP_Cov_PU_replicate_085.rds
GP_Cov_PU/production_checkpoints/GP_Cov_PU_replicate_086.rds,14362,f460a4c234779240f83d439d305f5c76,f4b84e0970554b106c573a87757abf73c27effce182bdaad46efb1862aa1e42f,SIMULATION_100_GP_LINEAR_SCAR.zip,SIMULATION_100_GP_COV_PU_LINEAR_GAUSSIAN_SBM_SCAR_MIXED_SIGNAL/production_checkpoints/GP_Cov_PU_replicate_086.rds
GP_Cov_PU/production_checkpoints/GP_Cov_PU_replicate_087.rds,14514,73088a9c1476d3ed6267918b81afb3a6,68c29f5a81d78d596fb35efc567b8807a25bc14390c4f7027b7b3b298e57f9c3,SIMULATION_100_GP_LINEAR_SCAR.zip,SIMULATION_100_GP_COV_PU_LINEAR_GAUSSIAN_SBM_SCAR_MIXED_SIGNAL/production_checkpoints/GP_Cov_PU_replicate_087.rds
GP_Cov_PU/production_checkpoints/GP_Cov_PU_replicate_088.rds,14450,597362934c9860e15a5897ca42458638,36db0310dc98d8014951db97a1deed67fefc7b3c11946c9c73a606f4cbf787af,SIMULATION_100_GP_LINEAR_SCAR.zip,SIMULATION_100_GP_COV_PU_LINEAR_GAUSSIAN_SBM_SCAR_MIXED_SIGNAL/production_checkpoints/GP_Cov_PU_replicate_088.rds
GP_Cov_PU/production_checkpoints/GP_Cov_PU_replicate_089.rds,14538,38cb16977e030147162492d2811fcab5,0dae55bf2f3f1883f1a2c0989ecdca8d52094e20b9aa31d87f1d47747e0d1b98,SIMULATION_100_GP_LINEAR_SCAR.zip,SIMULATION_100_GP_COV_PU_LINEAR_GAUSSIAN_SBM_SCAR_MIXED_SIGNAL/production_checkpoints/GP_Cov_PU_replicate_089.rds
GP_Cov_PU/production_checkpoints/GP_Cov_PU_replicate_090.rds,14539,1d3c193dda6e6804195c6a84870c7417,759c48efa82b381bed3ee95d18088bf89f55ba6c2ec2e1ad35218700e536228c,SIMULATION_100_GP_LINEAR_SCAR.zip,SIMULATION_100_GP_COV_PU_LINEAR_GAUSSIAN_SBM_SCAR_MIXED_SIGNAL/production_checkpoints/GP_Cov_PU_replicate_090.rds
GP_Cov_PU/production_checkpoints/GP_Cov_PU_replicate_091.rds,14416,39b4a2f069a48524ed2ac0621d1a35e7,c469b827f743e6de1cd00fd012af32a3a6b2a664d5f67935e649aae0c84cbb33,SIMULATION_100_GP_LINEAR_SCAR.zip,SIMULATION_100_GP_COV_PU_LINEAR_GAUSSIAN_SBM_SCAR_MIXED_SIGNAL/production_checkpoints/GP_Cov_PU_replicate_091.rds
GP_Cov_PU/production_checkpoints/GP_Cov_PU_replicate_092.rds,14501,4c6e035295926c0b4ee94e862c0df98b,0d10d5e6fcd9e68ef15b1ba82c40c710414b9c41bd76b22b44541191e1ead362,SIMULATION_100_GP_LINEAR_SCAR.zip,SIMULATION_100_GP_COV_PU_LINEAR_GAUSSIAN_SBM_SCAR_MIXED_SIGNAL/production_checkpoints/GP_Cov_PU_replicate_092.rds
GP_Cov_PU/production_checkpoints/GP_Cov_PU_replicate_093.rds,14386,d598f10042d69910a347942accea0bb1,20a80265d00169933bf65bf17b9d7bd3cb88fd116e119f4ae3a3a2da4c15184b,SIMULATION_100_GP_LINEAR_SCAR.zip,SIMULATION_100_GP_COV_PU_LINEAR_GAUSSIAN_SBM_SCAR_MIXED_SIGNAL/production_checkpoints/GP_Cov_PU_replicate_093.rds
GP_Cov_PU/production_checkpoints/GP_Cov_PU_replicate_094.rds,14477,4733ddaf8a5f613d9ba279f4d91c48f5,dbcfa135c051851fce3484b17a4032600039bea05ebf0beb36e727d540e56706,SIMULATION_100_GP_LINEAR_SCAR.zip,SIMULATION_100_GP_COV_PU_LINEAR_GAUSSIAN_SBM_SCAR_MIXED_SIGNAL/production_checkpoints/GP_Cov_PU_replicate_094.rds
GP_Cov_PU/production_checkpoints/GP_Cov_PU_replicate_095.rds,14534,4c40189cf2f1b1e9ce22b24db08010d4,8d95d2ac4ce28a3981c20355a88b7444b03420f2fff5359a622b72cda0cb0221,SIMULATION_100_GP_LINEAR_SCAR.zip,SIMULATION_100_GP_COV_PU_LINEAR_GAUSSIAN_SBM_SCAR_MIXED_SIGNAL/production_checkpoints/GP_Cov_PU_replicate_095.rds
GP_Cov_PU/production_checkpoints/GP_Cov_PU_replicate_096.rds,14400,f0095a01c1bd2f7d722097c8371ffe60,bff173bb0f5b69d0e9992b2500cda1129c13909b7b2f75080491710630aa099f,SIMULATION_100_GP_LINEAR_SCAR.zip,SIMULATION_100_GP_COV_PU_LINEAR_GAUSSIAN_SBM_SCAR_MIXED_SIGNAL/production_checkpoints/GP_Cov_PU_replicate_096.rds
GP_Cov_PU/production_checkpoints/GP_Cov_PU_replicate_097.rds,14450,23c21aff08cf2dba32487e37e8efaf06,f8920b4724a86c0c447a57b95188be55235b6ec27c423ebffa47eb1cdff3ca4d,SIMULATION_100_GP_LINEAR_SCAR.zip,SIMULATION_100_GP_COV_PU_LINEAR_GAUSSIAN_SBM_SCAR_MIXED_SIGNAL/production_checkpoints/GP_Cov_PU_replicate_097.rds
GP_Cov_PU/production_checkpoints/GP_Cov_PU_replicate_098.rds,14324,0406ad35048cdbe888b82ea483fdf74c,67ac3c1c9704f0e34ff04e80f247e1b312a5bf5ca45ab27eeb33741112ce1577,SIMULATION_100_GP_LINEAR_SCAR.zip,SIMULATION_100_GP_COV_PU_LINEAR_GAUSSIAN_SBM_SCAR_MIXED_SIGNAL/production_checkpoints/GP_Cov_PU_replicate_098.rds
GP_Cov_PU/production_checkpoints/GP_Cov_PU_replicate_099.rds,14521,00b33938f0246c29bd6c44e042be59fb,3cc3dfc70ae967b664bae4adc285dba6f024ff0c76e87689314154a671fec5a1,SIMULATION_100_GP_LINEAR_SCAR.zip,SIMULATION_100_GP_COV_PU_LINEAR_GAUSSIAN_SBM_SCAR_MIXED_SIGNAL/production_checkpoints/GP_Cov_PU_replicate_099.rds
GP_Cov_PU/production_checkpoints/GP_Cov_PU_replicate_100.rds,14519,d5d82f45867aa96fbdb854c1720e05d9,629ad4bd4c425505414ba8e853d4a51bd27e6638f3ee89461c43e2010e10bd7a,SIMULATION_100_GP_LINEAR_SCAR.zip,SIMULATION_100_GP_COV_PU_LINEAR_GAUSSIAN_SBM_SCAR_MIXED_SIGNAL/production_checkpoints/GP_Cov_PU_replicate_100.rds
GP_Cov_PU/sessionInfo_GP_Cov_PU_linear_gaussian_SBM_SCAR_simulation.txt,695,d9ba4e2914793b9ac985410e40276058,6d4bcd05f069301b8ec74b2b5ca2b840967b711958865911f49176fd31c0472d,SIMULATION_100_GP_LINEAR_SCAR.zip,SIMULATION_100_GP_COV_PU_LINEAR_GAUSSIAN_SBM_SCAR_MIXED_SIGNAL/sessionInfo_GP_Cov_PU_linear_gaussian_SBM_SCAR_simulation.txt
GP_PU_PoE/PU_PoE_FINAL_ETA_EVALUATION_TABLE.csv,896,85d8aa4e503ddd85f0bc5f592d59911f,4cd7e1f4915c3221f98a360601ccf17d74f0e6906cef56def5a86e0006c07260,SIMULATION_100_GP_LINEAR_SCAR.zip,SIMULATION_100_FULL_PU_POE_LINEAR_GAUSSIAN_SBM_SCAR_MIXED_SIGNAL/PU_PoE_FINAL_ETA_EVALUATION_TABLE.csv
GP_PU_PoE/PU_PoE_FINAL_MAIN_TABLE_means.csv,668,a40ce4803e42c06a5c2a0d01deb48d83,286ba89a9c67c0d9209e96ce743bf3cfb0eb55f87d14e63a22e595b1897f33fe,SIMULATION_100_GP_LINEAR_SCAR.zip,SIMULATION_100_FULL_PU_POE_LINEAR_GAUSSIAN_SBM_SCAR_MIXED_SIGNAL/PU_PoE_FINAL_MAIN_TABLE_means.csv
GP_PU_PoE/PU_PoE_FINAL_PAPER_TABLE_mean_SD.csv,612,e08981cc8acf268c033d369d6fc607a6,1de4495a14b504e8452f5b8c85446a8d6601cfb36b5bbdde6a2389e5f90de5a5,SIMULATION_100_GP_LINEAR_SCAR.zip,SIMULATION_100_FULL_PU_POE_LINEAR_GAUSSIAN_SBM_SCAR_MIXED_SIGNAL/PU_PoE_FINAL_PAPER_TABLE_mean_SD.csv
GP_PU_PoE/PU_PoE_additional_diagnostic_summary.csv,4836,53d74a9b877a4c1d664b89ab3e499783,7d74ca1e92d648555bded338a06c6456d9a4e974a78dd3959b81264a0dd88f69,SIMULATION_100_GP_LINEAR_SCAR.zip,SIMULATION_100_FULL_PU_POE_LINEAR_GAUSSIAN_SBM_SCAR_MIXED_SIGNAL/PU_PoE_additional_diagnostic_summary.csv
GP_PU_PoE/PU_PoE_all_node_probabilities.csv,7158177,b57a91a83d0c1262e646b9b05a929a81,4d94c3ddf6c0fffe165d8288960d9c316fdcf44b39a01c14fb024fe80cfbe01c,SIMULATION_100_GP_LINEAR_SCAR.zip,SIMULATION_100_FULL_PU_POE_LINEAR_GAUSSIAN_SBM_SCAR_MIXED_SIGNAL/PU_PoE_all_node_probabilities.csv
GP_PU_PoE/PU_PoE_eta_descriptive_diagnostics_by_replicate.csv,33607,78a483bba80dbf17389afce590c36f98,cb25011ab50b91704f0794fd28943e6107c7bca820e8f148c2ace08417caeaa7,SIMULATION_100_GP_LINEAR_SCAR.zip,SIMULATION_100_FULL_PU_POE_LINEAR_GAUSSIAN_SBM_SCAR_MIXED_SIGNAL/PU_PoE_eta_descriptive_diagnostics_by_replicate.csv
GP_PU_PoE/PU_PoE_failure_log.csv,75,415762f6f66023fe900ed436193d8177,60663936722ba4f3844c53a264aa9a5abee70d0b3de51c9e713756443deae104,SIMULATION_100_GP_LINEAR_SCAR.zip,SIMULATION_100_FULL_PU_POE_LINEAR_GAUSSIAN_SBM_SCAR_MIXED_SIGNAL/PU_PoE_failure_log.csv
GP_PU_PoE/PU_PoE_geometry_summary.csv,39095,a0e19d3afe4691d6a266fac89681ff35,45b16e9f1f9aa27ffe59bd7937d8444ddd173442083657d7b88ffac8762792f8,SIMULATION_100_GP_LINEAR_SCAR.zip,SIMULATION_100_FULL_PU_POE_LINEAR_GAUSSIAN_SBM_SCAR_MIXED_SIGNAL/PU_PoE_geometry_summary.csv
GP_PU_PoE/PU_PoE_global_pilot_calibration_5_datasets.rds,6498,2ea6e98aca15d336d37c4d01b61b40a4,25d6f938373c5966a4436d76fcc7098f9b6f68833e0ff46fe838c3d65fde628b,SIMULATION_100_GP_LINEAR_SCAR.zip,SIMULATION_100_FULL_PU_POE_LINEAR_GAUSSIAN_SBM_SCAR_MIXED_SIGNAL/PU_PoE_global_pilot_calibration_5_datasets.rds
GP_PU_PoE/PU_PoE_global_pilot_distribution_summary.csv,2755,da92a7e19326cb50ad34fe2a0010881a,8eab25842abee7cf7cd682e45a96ace825d2c2ee969ef7d1c5149a929dc22d0d,SIMULATION_100_GP_LINEAR_SCAR.zip,SIMULATION_100_FULL_PU_POE_LINEAR_GAUSSIAN_SBM_SCAR_MIXED_SIGNAL/PU_PoE_global_pilot_distribution_summary.csv
GP_PU_PoE/PU_PoE_global_pilot_per_pilot_summary.csv,2896,2d78d1a07d87d1fe399341c0dbf9843d,906249663c216c8a7aef970671b548dd69db15994cc763367a4c21a7d3aef381,SIMULATION_100_GP_LINEAR_SCAR.zip,SIMULATION_100_FULL_PU_POE_LINEAR_GAUSSIAN_SBM_SCAR_MIXED_SIGNAL/PU_PoE_global_pilot_per_pilot_summary.csv
GP_PU_PoE/PU_PoE_metric_summary_long.csv,3515,d8ecf9047b117fa125bcbc5fc79bc4e3,be38cd572d02fb187169614e1fbc923ee02dda4f8809a5c5285baec2901ada6b,SIMULATION_100_GP_LINEAR_SCAR.zip,SIMULATION_100_FULL_PU_POE_LINEAR_GAUSSIAN_SBM_SCAR_MIXED_SIGNAL/PU_PoE_metric_summary_long.csv
GP_PU_PoE/PU_PoE_metrics_by_replicate.csv,84965,0416d31772292ae2befcc4e3c0eb1656,af62ed0fcb13ec96db3d73d88bac2404448e8424f1b81bf137db6d548cf73913,SIMULATION_100_GP_LINEAR_SCAR.zip,SIMULATION_100_FULL_PU_POE_LINEAR_GAUSSIAN_SBM_SCAR_MIXED_SIGNAL/PU_PoE_metrics_by_replicate.csv
GP_PU_PoE/PU_PoE_modularity_summary.csv,13934,b20c990eab9e5045d17416edf94dd8c4,5bf7182f9bc01d88c7dfdf223660716d8f484d7d6e6d894517d8ae383c546e12,SIMULATION_100_GP_LINEAR_SCAR.zip,SIMULATION_100_FULL_PU_POE_LINEAR_GAUSSIAN_SBM_SCAR_MIXED_SIGNAL/PU_PoE_modularity_summary.csv
GP_PU_PoE/PU_PoE_pilot_prior_calibration_summary.csv,6134,c9e3c326cf27f6feea5fb985b444e9ea,9f5b96aac3e0dc03bdc32f23b8b6fe24364afdd7bf749b504f8e6aaf0b395e0e,SIMULATION_100_GP_LINEAR_SCAR.zip,SIMULATION_100_FULL_PU_POE_LINEAR_GAUSSIAN_SBM_SCAR_MIXED_SIGNAL/PU_PoE_pilot_prior_calibration_summary.csv
GP_PU_PoE/PU_PoE_pilot_seed_table.csv,209,2d0be0d4c874fbba803c877af3dd101a,814e2407b1edfeaf25aa3a9b5fd2264bf040d4982a60611b4597e755742aff16,SIMULATION_100_GP_LINEAR_SCAR.zip,SIMULATION_100_FULL_PU_POE_LINEAR_GAUSSIAN_SBM_SCAR_MIXED_SIGNAL/PU_PoE_pilot_seed_table.csv
GP_PU_PoE/PU_PoE_prior_calibration_by_replicate.csv,127638,19dea52d231f9aeeb7801ad8c582bb2f,6cb8a8205d20b9e74e49157937b5f1011a61808146d193760fe2a49ceae558d6,SIMULATION_100_GP_LINEAR_SCAR.zip,SIMULATION_100_FULL_PU_POE_LINEAR_GAUSSIAN_SBM_SCAR_MIXED_SIGNAL/PU_PoE_prior_calibration_by_replicate.csv
GP_PU_PoE/PU_PoE_prior_calibration_distribution_summary.csv,3404,94a7777e49df4d8be8ba2ee2f381df11,6ebd8227f266c141e282cd52e066487878346b414cea049d06a2cd2af90eca7d,SIMULATION_100_GP_LINEAR_SCAR.zip,SIMULATION_100_FULL_PU_POE_LINEAR_GAUSSIAN_SBM_SCAR_MIXED_SIGNAL/PU_PoE_prior_calibration_distribution_summary.csv
GP_PU_PoE/PU_PoE_production_seed_table.csv,3155,caf61d073ae7eb998236db8652ed235f,e865b7e3b7555d91aecf387870e39b2d3ee980b91f92d844136d4d44abca7387,SIMULATION_100_GP_LINEAR_SCAR.zip,SIMULATION_100_FULL_PU_POE_LINEAR_GAUSSIAN_SBM_SCAR_MIXED_SIGNAL/PU_PoE_production_seed_table.csv
GP_PU_PoE/PU_PoE_run_config.rds,3614,4eb8679e1c8f492a8717a95b8b5b6841,7332a4ea45181e9b1916bd1944e7ed6c28e5f6e72d68fdb6cf2a526b26254cf6,SIMULATION_100_GP_LINEAR_SCAR.zip,SIMULATION_100_FULL_PU_POE_LINEAR_GAUSSIAN_SBM_SCAR_MIXED_SIGNAL/PU_PoE_run_config.rds
GP_PU_PoE/pilot_checkpoints/PU_PoE_pilot_01.rds,657040,5e9b8653f0f528e963359d049c3bb448,79c8ab6e841f392d561e6b203b5d19a6494ef668c89124b7ad1ee732ed362670,SIMULATION_100_GP_LINEAR_SCAR.zip,SIMULATION_100_FULL_PU_POE_LINEAR_GAUSSIAN_SBM_SCAR_MIXED_SIGNAL/pilot_checkpoints/PU_PoE_pilot_01.rds
GP_PU_PoE/pilot_checkpoints/PU_PoE_pilot_02.rds,657148,77dffa1df3a2d95d71a79807b4e619f0,135e80c0260df1cf8f41386bac46124138f445113d0ebf8fbdb6d7e4a5d7d3c8,SIMULATION_100_GP_LINEAR_SCAR.zip,SIMULATION_100_FULL_PU_POE_LINEAR_GAUSSIAN_SBM_SCAR_MIXED_SIGNAL/pilot_checkpoints/PU_PoE_pilot_02.rds
GP_PU_PoE/pilot_checkpoints/PU_PoE_pilot_03.rds,657624,1ed12494df3872ebecbb1eca81016dda,1bc8bde2e4b8e3477db627bc54fa52af32cfb04cb4e10c0cb01df29bbea04394,SIMULATION_100_GP_LINEAR_SCAR.zip,SIMULATION_100_FULL_PU_POE_LINEAR_GAUSSIAN_SBM_SCAR_MIXED_SIGNAL/pilot_checkpoints/PU_PoE_pilot_03.rds
GP_PU_PoE/pilot_checkpoints/PU_PoE_pilot_04.rds,659906,8a4c465613fc7b7f512b1b39845bcd34,bf00a5844ca9e43644a58573a8783e1b0689e348f116ff49e7f9864adf424031,SIMULATION_100_GP_LINEAR_SCAR.zip,SIMULATION_100_FULL_PU_POE_LINEAR_GAUSSIAN_SBM_SCAR_MIXED_SIGNAL/pilot_checkpoints/PU_PoE_pilot_04.rds
GP_PU_PoE/pilot_checkpoints/PU_PoE_pilot_05.rds,656562,627bb66e0089b507c3a56e052d0b492e,a57954aba5f9a2e5206975031808eae37af79357f8c363ba92a8bbf49062b2e3,SIMULATION_100_GP_LINEAR_SCAR.zip,SIMULATION_100_FULL_PU_POE_LINEAR_GAUSSIAN_SBM_SCAR_MIXED_SIGNAL/pilot_checkpoints/PU_PoE_pilot_05.rds
GP_PU_PoE/pilot_geometries/PU_PoE_pilot_01_geometry.rds,85433,3baac5650025708685b4c6022f3d29d8,e73c5c9a5eeb8af0a531d00f58b9cab7bf27c449d3b68071a2feb5871891b5cc,SIMULATION_100_GP_LINEAR_SCAR.zip,SIMULATION_100_FULL_PU_POE_LINEAR_GAUSSIAN_SBM_SCAR_MIXED_SIGNAL/pilot_geometries/PU_PoE_pilot_01_geometry.rds
GP_PU_PoE/pilot_geometries/PU_PoE_pilot_02_geometry.rds,62726,85422e4cfb352ce6cf109d4ed1fc3c65,94adaadde1ddefdeb1733ea389e8575ac2e291765933b161a1c238134b258631,SIMULATION_100_GP_LINEAR_SCAR.zip,SIMULATION_100_FULL_PU_POE_LINEAR_GAUSSIAN_SBM_SCAR_MIXED_SIGNAL/pilot_geometries/PU_PoE_pilot_02_geometry.rds
GP_PU_PoE/pilot_geometries/PU_PoE_pilot_03_geometry.rds,58710,7a0c8543d3736cd36e1f200ec10669b7,3f8af82728b9a53110d930fb5d0d8940e139a63a9b7ec90721e3b5b743783a8b,SIMULATION_100_GP_LINEAR_SCAR.zip,SIMULATION_100_FULL_PU_POE_LINEAR_GAUSSIAN_SBM_SCAR_MIXED_SIGNAL/pilot_geometries/PU_PoE_pilot_03_geometry.rds
GP_PU_PoE/pilot_geometries/PU_PoE_pilot_04_geometry.rds,62736,8d864bafd2913527e0da520acd0edbb2,cf77fbfc2816da53334c2ab569f46a972bb234097f966f7288c482e470ba9617,SIMULATION_100_GP_LINEAR_SCAR.zip,SIMULATION_100_FULL_PU_POE_LINEAR_GAUSSIAN_SBM_SCAR_MIXED_SIGNAL/pilot_geometries/PU_PoE_pilot_04_geometry.rds
GP_PU_PoE/pilot_geometries/PU_PoE_pilot_05_geometry.rds,73008,3fc8ada31f2515ae590ab561aa24f704,6880e5b28a4cab0c1451e72ca6bcf6a11d58d2e7d8eb24bac02d7e585adae6c8,SIMULATION_100_GP_LINEAR_SCAR.zip,SIMULATION_100_FULL_PU_POE_LINEAR_GAUSSIAN_SBM_SCAR_MIXED_SIGNAL/pilot_geometries/PU_PoE_pilot_05_geometry.rds
GP_PU_PoE/prior_calibrations/PU_PoE_pilot_01_prior_calibration.csv,1974,fb18fc1dd110f5f95fee340e947b333a,8a2561221a0c7e8440f75931edfe56125fbb056d748ec7a7d844117b9c8a87a5,SIMULATION_100_GP_LINEAR_SCAR.zip,SIMULATION_100_FULL_PU_POE_LINEAR_GAUSSIAN_SBM_SCAR_MIXED_SIGNAL/prior_calibrations/PU_PoE_pilot_01_prior_calibration.csv
GP_PU_PoE/prior_calibrations/PU_PoE_pilot_02_prior_calibration.csv,1974,c1c02bd93f142e1e2fdeb62a3fad5501,02ed0b2b5e22f5a58ec16c860d5a542d10c8688817dd331735dadfc8d98215e9,SIMULATION_100_GP_LINEAR_SCAR.zip,SIMULATION_100_FULL_PU_POE_LINEAR_GAUSSIAN_SBM_SCAR_MIXED_SIGNAL/prior_calibrations/PU_PoE_pilot_02_prior_calibration.csv
GP_PU_PoE/prior_calibrations/PU_PoE_pilot_03_prior_calibration.csv,1976,8ed6dae4f7bdbb058738209b85ea9628,f78657129dfb46523fd74ccf3e7b9166160609125ad9554054915ae9eccd5f2a,SIMULATION_100_GP_LINEAR_SCAR.zip,SIMULATION_100_FULL_PU_POE_LINEAR_GAUSSIAN_SBM_SCAR_MIXED_SIGNAL/prior_calibrations/PU_PoE_pilot_03_prior_calibration.csv
GP_PU_PoE/prior_calibrations/PU_PoE_pilot_04_prior_calibration.csv,1977,afd2a88f164c1b551e522003832f87cc,21c2587bf2074b0d4ebe7cc26acb71d0442b04703d828f842dba525a4eea25ab,SIMULATION_100_GP_LINEAR_SCAR.zip,SIMULATION_100_FULL_PU_POE_LINEAR_GAUSSIAN_SBM_SCAR_MIXED_SIGNAL/prior_calibrations/PU_PoE_pilot_04_prior_calibration.csv
GP_PU_PoE/prior_calibrations/PU_PoE_pilot_05_prior_calibration.csv,1969,f29fe0d212e94020007324518108fb42,50bb5e289059159b873eed794a1a739fe03f505a36cba38721cdca174d0ce6a5,SIMULATION_100_GP_LINEAR_SCAR.zip,SIMULATION_100_FULL_PU_POE_LINEAR_GAUSSIAN_SBM_SCAR_MIXED_SIGNAL/prior_calibrations/PU_PoE_pilot_05_prior_calibration.csv
GP_PU_PoE/prior_calibrations/PU_PoE_replicate_001_prior_calibration.csv,2223,0fe5d34ab876551f786e23edeb82f037,c55113d0a8c865f7a61a1bd6bd3f5fdd773653ba38dbdd21eedf55bfaa7c6f96,SIMULATION_100_GP_LINEAR_SCAR.zip,SIMULATION_100_FULL_PU_POE_LINEAR_GAUSSIAN_SBM_SCAR_MIXED_SIGNAL/prior_calibrations/PU_PoE_replicate_001_prior_calibration.csv
GP_PU_PoE/prior_calibrations/PU_PoE_replicate_002_prior_calibration.csv,2228,9ce34fa2328d9740fc842f4ffe16b5a5,64639fefc0d60e3f135cde7587213aff4fe65cd3f152060035fe1939c856b4dd,SIMULATION_100_GP_LINEAR_SCAR.zip,SIMULATION_100_FULL_PU_POE_LINEAR_GAUSSIAN_SBM_SCAR_MIXED_SIGNAL/prior_calibrations/PU_PoE_replicate_002_prior_calibration.csv
GP_PU_PoE/prior_calibrations/PU_PoE_replicate_003_prior_calibration.csv,2225,e14cc27aa5d26fc5c46e4e8b6dd3ffd3,d088e4852b8b4dcee49921f37a97262eeddc7b0f3eeb25b0a68459e397f3e2da,SIMULATION_100_GP_LINEAR_SCAR.zip,SIMULATION_100_FULL_PU_POE_LINEAR_GAUSSIAN_SBM_SCAR_MIXED_SIGNAL/prior_calibrations/PU_PoE_replicate_003_prior_calibration.csv
GP_PU_PoE/prior_calibrations/PU_PoE_replicate_004_prior_calibration.csv,2224,ffe05cbd02a4da297c638a7a318c6568,e170e537ab7c6b3645a10a41aba43941279140601bd560759a579a581526088d,SIMULATION_100_GP_LINEAR_SCAR.zip,SIMULATION_100_FULL_PU_POE_LINEAR_GAUSSIAN_SBM_SCAR_MIXED_SIGNAL/prior_calibrations/PU_PoE_replicate_004_prior_calibration.csv
GP_PU_PoE/prior_calibrations/PU_PoE_replicate_005_prior_calibration.csv,2222,7238fce26ba0478ef658a91957c77d05,0e4c4d7e4ed4b6b47d860d675b9235071d7b530cace6b5fb9da7a88c510cfbcb,SIMULATION_100_GP_LINEAR_SCAR.zip,SIMULATION_100_FULL_PU_POE_LINEAR_GAUSSIAN_SBM_SCAR_MIXED_SIGNAL/prior_calibrations/PU_PoE_replicate_005_prior_calibration.csv
GP_PU_PoE/prior_calibrations/PU_PoE_replicate_006_prior_calibration.csv,2228,d02a0ed80d93e1b60184e8e8f4fd5b1e,5f8f79e52469b19440bc080ce930c66c85c48ebb93c393ca5f966ac78adaaceb,SIMULATION_100_GP_LINEAR_SCAR.zip,SIMULATION_100_FULL_PU_POE_LINEAR_GAUSSIAN_SBM_SCAR_MIXED_SIGNAL/prior_calibrations/PU_PoE_replicate_006_prior_calibration.csv
GP_PU_PoE/prior_calibrations/PU_PoE_replicate_007_prior_calibration.csv,2224,283d5f8b1709444f89bb48a284135baf,646f564ed4895292c0869a274004d8354fc282e372eb0e4fdf3e622ed8816915,SIMULATION_100_GP_LINEAR_SCAR.zip,SIMULATION_100_FULL_PU_POE_LINEAR_GAUSSIAN_SBM_SCAR_MIXED_SIGNAL/prior_calibrations/PU_PoE_replicate_007_prior_calibration.csv
GP_PU_PoE/prior_calibrations/PU_PoE_replicate_008_prior_calibration.csv,2220,3836686878ec98e9a373fec22f99fa43,7ac8b7cef3ad88a7ff7da9f1043212756d2d3f97e8fbffec1e3da80f22d14512,SIMULATION_100_GP_LINEAR_SCAR.zip,SIMULATION_100_FULL_PU_POE_LINEAR_GAUSSIAN_SBM_SCAR_MIXED_SIGNAL/prior_calibrations/PU_PoE_replicate_008_prior_calibration.csv
GP_PU_PoE/prior_calibrations/PU_PoE_replicate_009_prior_calibration.csv,2227,925d0b3a627d6bffbd98fb61f3b573c5,e184081d69947c190a185b0700e18cc57edcba949c001276f285deb9bc8676f3,SIMULATION_100_GP_LINEAR_SCAR.zip,SIMULATION_100_FULL_PU_POE_LINEAR_GAUSSIAN_SBM_SCAR_MIXED_SIGNAL/prior_calibrations/PU_PoE_replicate_009_prior_calibration.csv
GP_PU_PoE/prior_calibrations/PU_PoE_replicate_010_prior_calibration.csv,2223,1a548d7d7bb202fc645067d4f0aab31c,91af6ddac57bff31096b3ba42d489ce981ae8aba45b830e5d7db68ce555d35ee,SIMULATION_100_GP_LINEAR_SCAR.zip,SIMULATION_100_FULL_PU_POE_LINEAR_GAUSSIAN_SBM_SCAR_MIXED_SIGNAL/prior_calibrations/PU_PoE_replicate_010_prior_calibration.csv
GP_PU_PoE/prior_calibrations/PU_PoE_replicate_011_prior_calibration.csv,2227,560eb4db50cb27376bd203147d8d1b43,f33caea114e92adca951b095428dc9d8edbf4647768a48c048ca7e4c2be9e282,SIMULATION_100_GP_LINEAR_SCAR.zip,SIMULATION_100_FULL_PU_POE_LINEAR_GAUSSIAN_SBM_SCAR_MIXED_SIGNAL/prior_calibrations/PU_PoE_replicate_011_prior_calibration.csv
GP_PU_PoE/prior_calibrations/PU_PoE_replicate_012_prior_calibration.csv,2226,79fd9a2d336e6955cf047d6e8134fbe5,4ce87c822e4a382a34196271e6d133a43c45e3478dafb79d17946986fbfacd5d,SIMULATION_100_GP_LINEAR_SCAR.zip,SIMULATION_100_FULL_PU_POE_LINEAR_GAUSSIAN_SBM_SCAR_MIXED_SIGNAL/prior_calibrations/PU_PoE_replicate_012_prior_calibration.csv
GP_PU_PoE/prior_calibrations/PU_PoE_replicate_013_prior_calibration.csv,2229,856cb2898f966fcd514d68c50ff84e2f,eecff9193f1a6f322a3c1bdcc9ecd7c238b7d7e008444fc0ff7ef618aded9ce5,SIMULATION_100_GP_LINEAR_SCAR.zip,SIMULATION_100_FULL_PU_POE_LINEAR_GAUSSIAN_SBM_SCAR_MIXED_SIGNAL/prior_calibrations/PU_PoE_replicate_013_prior_calibration.csv
GP_PU_PoE/prior_calibrations/PU_PoE_replicate_014_prior_calibration.csv,2230,4f4c4bff8c2c13f473176346fe26b673,688a489761bc3d5ea3dd3e4b7ed1a83eeb0f43879c2885e937378a4dd9b18f64,SIMULATION_100_GP_LINEAR_SCAR.zip,SIMULATION_100_FULL_PU_POE_LINEAR_GAUSSIAN_SBM_SCAR_MIXED_SIGNAL/prior_calibrations/PU_PoE_replicate_014_prior_calibration.csv
GP_PU_PoE/prior_calibrations/PU_PoE_replicate_015_prior_calibration.csv,2225,b5fc6a0d52429a9b55bbfba5931ffebf,75b7a11806d9b1cf9c46a229b9b47e8988f02488e463d8c014075bd7ce4ac761,SIMULATION_100_GP_LINEAR_SCAR.zip,SIMULATION_100_FULL_PU_POE_LINEAR_GAUSSIAN_SBM_SCAR_MIXED_SIGNAL/prior_calibrations/PU_PoE_replicate_015_prior_calibration.csv
GP_PU_PoE/prior_calibrations/PU_PoE_replicate_016_prior_calibration.csv,2226,252d8166f2e9339a8ccf2a4d05b8ce04,723265dc5b66c1159c4f4407d4be1933e33e759e2c5573adb29ad95271f9bed1,SIMULATION_100_GP_LINEAR_SCAR.zip,SIMULATION_100_FULL_PU_POE_LINEAR_GAUSSIAN_SBM_SCAR_MIXED_SIGNAL/prior_calibrations/PU_PoE_replicate_016_prior_calibration.csv
GP_PU_PoE/prior_calibrations/PU_PoE_replicate_017_prior_calibration.csv,2222,683fb38a82777a7d55b98a578f54c545,1a3dbcd76b69c0a4c3176ee214ad4b877e5f28dd482fab1145658c457ff8d85c,SIMULATION_100_GP_LINEAR_SCAR.zip,SIMULATION_100_FULL_PU_POE_LINEAR_GAUSSIAN_SBM_SCAR_MIXED_SIGNAL/prior_calibrations/PU_PoE_replicate_017_prior_calibration.csv
GP_PU_PoE/prior_calibrations/PU_PoE_replicate_018_prior_calibration.csv,2223,2784dda36cb961e869e7834d5ebd850f,26b10fc6c8c725562eac28f2e48118f014c5dff9c9a31352337fc1b18529c6e2,SIMULATION_100_GP_LINEAR_SCAR.zip,SIMULATION_100_FULL_PU_POE_LINEAR_GAUSSIAN_SBM_SCAR_MIXED_SIGNAL/prior_calibrations/PU_PoE_replicate_018_prior_calibration.csv
GP_PU_PoE/prior_calibrations/PU_PoE_replicate_019_prior_calibration.csv,2228,82bfd31be3ca97e3feef0b948d1f8625,2718337bb437c8010d01c42afdad99377c7cfe342190fb01e910573ac1c282ee,SIMULATION_100_GP_LINEAR_SCAR.zip,SIMULATION_100_FULL_PU_POE_LINEAR_GAUSSIAN_SBM_SCAR_MIXED_SIGNAL/prior_calibrations/PU_PoE_replicate_019_prior_calibration.csv
GP_PU_PoE/prior_calibrations/PU_PoE_replicate_020_prior_calibration.csv,2222,a8fb5cdfbc5fcf0df3e757f1cc81b0a5,b124dfb6312b0dcbe21657361980c041b920ad935640b727aa9bce8f5ce1a601,SIMULATION_100_GP_LINEAR_SCAR.zip,SIMULATION_100_FULL_PU_POE_LINEAR_GAUSSIAN_SBM_SCAR_MIXED_SIGNAL/prior_calibrations/PU_PoE_replicate_020_prior_calibration.csv
GP_PU_PoE/prior_calibrations/PU_PoE_replicate_021_prior_calibration.csv,2225,676de1d3cd418200952fd925b2720a0d,60da6be6e682bc5a6cdc25c5f2112a75f03f3e3db41363f11ad060fc5ecfe58a,SIMULATION_100_GP_LINEAR_SCAR.zip,SIMULATION_100_FULL_PU_POE_LINEAR_GAUSSIAN_SBM_SCAR_MIXED_SIGNAL/prior_calibrations/PU_PoE_replicate_021_prior_calibration.csv
GP_PU_PoE/prior_calibrations/PU_PoE_replicate_022_prior_calibration.csv,2224,67e1f4b4ecf3c1d2aa0277f0d11700af,1458e07421072b54705426d7494f0aa3c091850832cbccf6b068fb0823f84b5d,SIMULATION_100_GP_LINEAR_SCAR.zip,SIMULATION_100_FULL_PU_POE_LINEAR_GAUSSIAN_SBM_SCAR_MIXED_SIGNAL/prior_calibrations/PU_PoE_replicate_022_prior_calibration.csv
GP_PU_PoE/prior_calibrations/PU_PoE_replicate_023_prior_calibration.csv,2229,b40272f9625f8e212b2eb8a41cb03435,a981c149f30d4862072fceac238fd2873847e076dea59a589b8242149e03f969,SIMULATION_100_GP_LINEAR_SCAR.zip,SIMULATION_100_FULL_PU_POE_LINEAR_GAUSSIAN_SBM_SCAR_MIXED_SIGNAL/prior_calibrations/PU_PoE_replicate_023_prior_calibration.csv
GP_PU_PoE/prior_calibrations/PU_PoE_replicate_024_prior_calibration.csv,2223,b2bc3c6efea6b5d27ffc22e1e4b27d76,8908020a27e660913f09e1581f04a7b6280432b6b2a3dc702b4ac484530174ce,SIMULATION_100_GP_LINEAR_SCAR.zip,SIMULATION_100_FULL_PU_POE_LINEAR_GAUSSIAN_SBM_SCAR_MIXED_SIGNAL/prior_calibrations/PU_PoE_replicate_024_prior_calibration.csv
GP_PU_PoE/prior_calibrations/PU_PoE_replicate_025_prior_calibration.csv,2226,02998642e43a8fc9355923ac54d22823,95ae98d483aabce31dfc73a9ad4b9c6815ee205c1273100c1e37ec86be096a68,SIMULATION_100_GP_LINEAR_SCAR.zip,SIMULATION_100_FULL_PU_POE_LINEAR_GAUSSIAN_SBM_SCAR_MIXED_SIGNAL/prior_calibrations/PU_PoE_replicate_025_prior_calibration.csv
GP_PU_PoE/prior_calibrations/PU_PoE_replicate_026_prior_calibration.csv,2227,e8233f09b8d97ba586949aaddd8aa139,a6d549d0650c8498d05a147f5413fa525a616c0d8972ba8d10d9d3d106d1d13b,SIMULATION_100_GP_LINEAR_SCAR.zip,SIMULATION_100_FULL_PU_POE_LINEAR_GAUSSIAN_SBM_SCAR_MIXED_SIGNAL/prior_calibrations/PU_PoE_replicate_026_prior_calibration.csv
GP_PU_PoE/prior_calibrations/PU_PoE_replicate_027_prior_calibration.csv,2227,5eca750090067fe0bb25d4004cf39cd6,bd4c2a50f48773fc3822f8fc6f72bab67ee8f7499e317e2073b66abd51b61384,SIMULATION_100_GP_LINEAR_SCAR.zip,SIMULATION_100_FULL_PU_POE_LINEAR_GAUSSIAN_SBM_SCAR_MIXED_SIGNAL/prior_calibrations/PU_PoE_replicate_027_prior_calibration.csv
GP_PU_PoE/prior_calibrations/PU_PoE_replicate_028_prior_calibration.csv,2225,913ffda9b19b193e260121a4d9a5f9bc,4d5b9bf3d53a8bbc7ee5421b0dc93a33177224353cc130779311786e0ead89a1,SIMULATION_100_GP_LINEAR_SCAR.zip,SIMULATION_100_FULL_PU_POE_LINEAR_GAUSSIAN_SBM_SCAR_MIXED_SIGNAL/prior_calibrations/PU_PoE_replicate_028_prior_calibration.csv
GP_PU_PoE/prior_calibrations/PU_PoE_replicate_029_prior_calibration.csv,2223,1da0ca75482755c8a661f5db64bff450,632aad96852aec67054c0f7e9293ffdf66056b27ae1d1dcf1b3a38ed44bc5978,SIMULATION_100_GP_LINEAR_SCAR.zip,SIMULATION_100_FULL_PU_POE_LINEAR_GAUSSIAN_SBM_SCAR_MIXED_SIGNAL/prior_calibrations/PU_PoE_replicate_029_prior_calibration.csv
GP_PU_PoE/prior_calibrations/PU_PoE_replicate_030_prior_calibration.csv,2223,2fc1aa0b9a4e3b2b40a6815e33468abc,5b98f9b68e9b053f12e7c8dc9297434e119a35b8d7d155451bff4b160cd3a262,SIMULATION_100_GP_LINEAR_SCAR.zip,SIMULATION_100_FULL_PU_POE_LINEAR_GAUSSIAN_SBM_SCAR_MIXED_SIGNAL/prior_calibrations/PU_PoE_replicate_030_prior_calibration.csv
GP_PU_PoE/prior_calibrations/PU_PoE_replicate_031_prior_calibration.csv,2225,78ed2ce27f63b39200eaa36ac950b20a,6b43acb7f2d01b18df8a8a3b89e8acc15ed87c884155cc1cd5b05ef30199b66f,SIMULATION_100_GP_LINEAR_SCAR.zip,SIMULATION_100_FULL_PU_POE_LINEAR_GAUSSIAN_SBM_SCAR_MIXED_SIGNAL/prior_calibrations/PU_PoE_replicate_031_prior_calibration.csv
GP_PU_PoE/prior_calibrations/PU_PoE_replicate_032_prior_calibration.csv,2223,6f5fd431bd74aefa7dec55c52d4d6bcc,c25b0a680bd5dedc86be192e3a01f7f55ff7822e6afdf5e95e4a88afbe639b7c,SIMULATION_100_GP_LINEAR_SCAR.zip,SIMULATION_100_FULL_PU_POE_LINEAR_GAUSSIAN_SBM_SCAR_MIXED_SIGNAL/prior_calibrations/PU_PoE_replicate_032_prior_calibration.csv
GP_PU_PoE/prior_calibrations/PU_PoE_replicate_033_prior_calibration.csv,2227,f61c89966d2f90f38a370d1707b67740,3dffc1350eb785d7ae3035b1cce3fa3681040e53f0f08c096578fc582efc4d10,SIMULATION_100_GP_LINEAR_SCAR.zip,SIMULATION_100_FULL_PU_POE_LINEAR_GAUSSIAN_SBM_SCAR_MIXED_SIGNAL/prior_calibrations/PU_PoE_replicate_033_prior_calibration.csv
GP_PU_PoE/prior_calibrations/PU_PoE_replicate_034_prior_calibration.csv,2227,c78a8c9a127679466080d071de1555e6,f61f6d2a894d3d86ac40594a0b2f9ce1976c3855d6e63e0f4fc21baf609d3fc9,SIMULATION_100_GP_LINEAR_SCAR.zip,SIMULATION_100_FULL_PU_POE_LINEAR_GAUSSIAN_SBM_SCAR_MIXED_SIGNAL/prior_calibrations/PU_PoE_replicate_034_prior_calibration.csv
GP_PU_PoE/prior_calibrations/PU_PoE_replicate_035_prior_calibration.csv,2229,3c838733cbf7eb254640b5b521292845,a4d256be05ec86b3638220d8416301b0a787038dcddac3de0f14f6db2764f007,SIMULATION_100_GP_LINEAR_SCAR.zip,SIMULATION_100_FULL_PU_POE_LINEAR_GAUSSIAN_SBM_SCAR_MIXED_SIGNAL/prior_calibrations/PU_PoE_replicate_035_prior_calibration.csv
GP_PU_PoE/prior_calibrations/PU_PoE_replicate_036_prior_calibration.csv,2223,90a641b461371f14bdd3a15d3599e096,d73a8c14bb6c622657bd08d2360899160212da7ecf4462fe94a226e4bc9f0aff,SIMULATION_100_GP_LINEAR_SCAR.zip,SIMULATION_100_FULL_PU_POE_LINEAR_GAUSSIAN_SBM_SCAR_MIXED_SIGNAL/prior_calibrations/PU_PoE_replicate_036_prior_calibration.csv
GP_PU_PoE/prior_calibrations/PU_PoE_replicate_037_prior_calibration.csv,2228,3ab171a490ed3246defe18c2954a0224,16712f514bdda985ed38cf357674e03270031fbe4fe71b65e218ec2c113e66d0,SIMULATION_100_GP_LINEAR_SCAR.zip,SIMULATION_100_FULL_PU_POE_LINEAR_GAUSSIAN_SBM_SCAR_MIXED_SIGNAL/prior_calibrations/PU_PoE_replicate_037_prior_calibration.csv
GP_PU_PoE/prior_calibrations/PU_PoE_replicate_038_prior_calibration.csv,2226,691eab93cdaadb1ae92b1c99b6a519e5,87a7e7f32fb52bcc6c7aa98dd76c43c600643511f51dd41c82fe4a210d95b095,SIMULATION_100_GP_LINEAR_SCAR.zip,SIMULATION_100_FULL_PU_POE_LINEAR_GAUSSIAN_SBM_SCAR_MIXED_SIGNAL/prior_calibrations/PU_PoE_replicate_038_prior_calibration.csv
GP_PU_PoE/prior_calibrations/PU_PoE_replicate_039_prior_calibration.csv,2227,0c70451f45f171cd53342914adb94218,e165f9b76544f743548aa9dfb12980d1aff120893e02f79480e9b9ebe52402c9,SIMULATION_100_GP_LINEAR_SCAR.zip,SIMULATION_100_FULL_PU_POE_LINEAR_GAUSSIAN_SBM_SCAR_MIXED_SIGNAL/prior_calibrations/PU_PoE_replicate_039_prior_calibration.csv
GP_PU_PoE/prior_calibrations/PU_PoE_replicate_040_prior_calibration.csv,2225,a1afbc08b8869d6de5268e90c3018199,3266f0fae00b779299ea26087d87d74513443f7be340091ece53d92dfdd5abaf,SIMULATION_100_GP_LINEAR_SCAR.zip,SIMULATION_100_FULL_PU_POE_LINEAR_GAUSSIAN_SBM_SCAR_MIXED_SIGNAL/prior_calibrations/PU_PoE_replicate_040_prior_calibration.csv
GP_PU_PoE/prior_calibrations/PU_PoE_replicate_041_prior_calibration.csv,2225,f7ef395534b384a8e7984b9372498783,b6f5adebdba129f15a6aab18480593682d823b2bacf3a72594c103a8742df771,SIMULATION_100_GP_LINEAR_SCAR.zip,SIMULATION_100_FULL_PU_POE_LINEAR_GAUSSIAN_SBM_SCAR_MIXED_SIGNAL/prior_calibrations/PU_PoE_replicate_041_prior_calibration.csv
GP_PU_PoE/prior_calibrations/PU_PoE_replicate_042_prior_calibration.csv,2227,f93d2e8605346f352a15997947c3618a,06d96e35803fa1ca8bf19e609124622479abb3d303f84ba6490b0ed1d496983b,SIMULATION_100_GP_LINEAR_SCAR.zip,SIMULATION_100_FULL_PU_POE_LINEAR_GAUSSIAN_SBM_SCAR_MIXED_SIGNAL/prior_calibrations/PU_PoE_replicate_042_prior_calibration.csv
GP_PU_PoE/prior_calibrations/PU_PoE_replicate_043_prior_calibration.csv,2229,4cee36c3793472d80a5244837924aca1,2376fb0b18edd1d9b3e3c324ff4a5f77f8107490f4a2b6f0c054a6687d68de76,SIMULATION_100_GP_LINEAR_SCAR.zip,SIMULATION_100_FULL_PU_POE_LINEAR_GAUSSIAN_SBM_SCAR_MIXED_SIGNAL/prior_calibrations/PU_PoE_replicate_043_prior_calibration.csv
GP_PU_PoE/prior_calibrations/PU_PoE_replicate_044_prior_calibration.csv,2226,9db0c9b3a04f30b0ba7fefa6541e8515,006e43f4016d94d7030cf00babd6be294c3c1938ebd021be72fde676b91feaa9,SIMULATION_100_GP_LINEAR_SCAR.zip,SIMULATION_100_FULL_PU_POE_LINEAR_GAUSSIAN_SBM_SCAR_MIXED_SIGNAL/prior_calibrations/PU_PoE_replicate_044_prior_calibration.csv
GP_PU_PoE/prior_calibrations/PU_PoE_replicate_045_prior_calibration.csv,2227,4b33ede130a8527ea36929a8ae542370,40dffe3ccbb5121123cbe851300c7900dc7c7fca1f998c27b2ce034d3dde7196,SIMULATION_100_GP_LINEAR_SCAR.zip,SIMULATION_100_FULL_PU_POE_LINEAR_GAUSSIAN_SBM_SCAR_MIXED_SIGNAL/prior_calibrations/PU_PoE_replicate_045_prior_calibration.csv
GP_PU_PoE/prior_calibrations/PU_PoE_replicate_046_prior_calibration.csv,2223,126b59e99ede41d84e709cb5598347c5,db4e78e1a811cfafb654c9ed87787c27bbe36da866c6eabafb69446c99364f85,SIMULATION_100_GP_LINEAR_SCAR.zip,SIMULATION_100_FULL_PU_POE_LINEAR_GAUSSIAN_SBM_SCAR_MIXED_SIGNAL/prior_calibrations/PU_PoE_replicate_046_prior_calibration.csv
GP_PU_PoE/prior_calibrations/PU_PoE_replicate_047_prior_calibration.csv,2226,ef04365f3c734d6978f33b4b61debbcd,9d968b2aa7581d9b212918745935400e5aecac2aa2cc6a4772b11afb9e4e36f4,SIMULATION_100_GP_LINEAR_SCAR.zip,SIMULATION_100_FULL_PU_POE_LINEAR_GAUSSIAN_SBM_SCAR_MIXED_SIGNAL/prior_calibrations/PU_PoE_replicate_047_prior_calibration.csv
GP_PU_PoE/prior_calibrations/PU_PoE_replicate_048_prior_calibration.csv,2230,899c55d92c8d6c1a52cccd29e19dacea,fe1bcb1979371349af332c0232850cb3fe2e86d7c4f197edf0bdbaed78c46f34,SIMULATION_100_GP_LINEAR_SCAR.zip,SIMULATION_100_FULL_PU_POE_LINEAR_GAUSSIAN_SBM_SCAR_MIXED_SIGNAL/prior_calibrations/PU_PoE_replicate_048_prior_calibration.csv
GP_PU_PoE/prior_calibrations/PU_PoE_replicate_049_prior_calibration.csv,2225,be225292e41cb85eb1f2e2752f0822ed,2a0487a2937ebc7782604b2c8327a4762623854bdb01670b3826f897e5c5f653,SIMULATION_100_GP_LINEAR_SCAR.zip,SIMULATION_100_FULL_PU_POE_LINEAR_GAUSSIAN_SBM_SCAR_MIXED_SIGNAL/prior_calibrations/PU_PoE_replicate_049_prior_calibration.csv
GP_PU_PoE/prior_calibrations/PU_PoE_replicate_050_prior_calibration.csv,2227,306713590fa85f9e471dfb5d0d8b63ef,07e36f88a629568401e1330d98009d88d218b0bae5a35dc22f558801c006c406,SIMULATION_100_GP_LINEAR_SCAR.zip,SIMULATION_100_FULL_PU_POE_LINEAR_GAUSSIAN_SBM_SCAR_MIXED_SIGNAL/prior_calibrations/PU_PoE_replicate_050_prior_calibration.csv
GP_PU_PoE/prior_calibrations/PU_PoE_replicate_051_prior_calibration.csv,2223,81bd042de92530d90c59a018c8e7b37d,e5bf9601e1fa25d801b78b4587f687696b8d09c18d183a054de853e747116995,SIMULATION_100_GP_LINEAR_SCAR.zip,SIMULATION_100_FULL_PU_POE_LINEAR_GAUSSIAN_SBM_SCAR_MIXED_SIGNAL/prior_calibrations/PU_PoE_replicate_051_prior_calibration.csv
GP_PU_PoE/prior_calibrations/PU_PoE_replicate_052_prior_calibration.csv,2224,e04eb04318ac2b503e005b917a2815da,b961dd339fd0e5816aa390312979287dab30fc03238cf058853aca6f9f7cbc4e,SIMULATION_100_GP_LINEAR_SCAR.zip,SIMULATION_100_FULL_PU_POE_LINEAR_GAUSSIAN_SBM_SCAR_MIXED_SIGNAL/prior_calibrations/PU_PoE_replicate_052_prior_calibration.csv
GP_PU_PoE/prior_calibrations/PU_PoE_replicate_053_prior_calibration.csv,2225,2aee8af485298c86c45b2d09be47bc55,7e1aabb9bbaf26d2f9ab486363ff3949f266e4bd0a6d83e263141eed97ffddc0,SIMULATION_100_GP_LINEAR_SCAR.zip,SIMULATION_100_FULL_PU_POE_LINEAR_GAUSSIAN_SBM_SCAR_MIXED_SIGNAL/prior_calibrations/PU_PoE_replicate_053_prior_calibration.csv
GP_PU_PoE/prior_calibrations/PU_PoE_replicate_054_prior_calibration.csv,2223,2cfdcfde07b581cd4f500747fd6744e4,a13d7ab95ae286b8ddf4096faf36efbc349c724bfb454860e4d198237ec9ff8d,SIMULATION_100_GP_LINEAR_SCAR.zip,SIMULATION_100_FULL_PU_POE_LINEAR_GAUSSIAN_SBM_SCAR_MIXED_SIGNAL/prior_calibrations/PU_PoE_replicate_054_prior_calibration.csv
GP_PU_PoE/prior_calibrations/PU_PoE_replicate_055_prior_calibration.csv,2226,5c58b8bacbc4c3a736d238bae5bc8d66,88db70d6786589621256f5ac3cc99813c1687d8cb1783f68990cc85242a0a528,SIMULATION_100_GP_LINEAR_SCAR.zip,SIMULATION_100_FULL_PU_POE_LINEAR_GAUSSIAN_SBM_SCAR_MIXED_SIGNAL/prior_calibrations/PU_PoE_replicate_055_prior_calibration.csv
GP_PU_PoE/prior_calibrations/PU_PoE_replicate_056_prior_calibration.csv,2227,4e32ca529c4c52670a51b41adeab5bb5,cd2af4e8c6cb35b05567e57efc29886a25e5a795a326bc2c3799b89a821a3edb,SIMULATION_100_GP_LINEAR_SCAR.zip,SIMULATION_100_FULL_PU_POE_LINEAR_GAUSSIAN_SBM_SCAR_MIXED_SIGNAL/prior_calibrations/PU_PoE_replicate_056_prior_calibration.csv
GP_PU_PoE/prior_calibrations/PU_PoE_replicate_057_prior_calibration.csv,2219,ade7df72f6c106cad6093a03322002b0,81992ac5635430aaea7200d912f782afe0ee80ea0f90dbf2acbabb9dfe55368e,SIMULATION_100_GP_LINEAR_SCAR.zip,SIMULATION_100_FULL_PU_POE_LINEAR_GAUSSIAN_SBM_SCAR_MIXED_SIGNAL/prior_calibrations/PU_PoE_replicate_057_prior_calibration.csv
GP_PU_PoE/prior_calibrations/PU_PoE_replicate_058_prior_calibration.csv,2222,602cc52eb17797a6dc184f6fb408a61d,9579414580eca27c5f81ac47ddeea761fb8a7f6a6a09eb53d1263bf419afe891,SIMULATION_100_GP_LINEAR_SCAR.zip,SIMULATION_100_FULL_PU_POE_LINEAR_GAUSSIAN_SBM_SCAR_MIXED_SIGNAL/prior_calibrations/PU_PoE_replicate_058_prior_calibration.csv
GP_PU_PoE/prior_calibrations/PU_PoE_replicate_059_prior_calibration.csv,2228,b9fbe149f38900d5c5d4b1e36e8e6819,1307ac5d04548c890dc66e345a07be6304525181792641dc42252725944abe21,SIMULATION_100_GP_LINEAR_SCAR.zip,SIMULATION_100_FULL_PU_POE_LINEAR_GAUSSIAN_SBM_SCAR_MIXED_SIGNAL/prior_calibrations/PU_PoE_replicate_059_prior_calibration.csv
GP_PU_PoE/prior_calibrations/PU_PoE_replicate_060_prior_calibration.csv,2225,437ec5fe90a4ed307c207384723e75ef,ac27835276634141d52b73db37f62bc43e48efbcf9807dd0e65837b55dded19b,SIMULATION_100_GP_LINEAR_SCAR.zip,SIMULATION_100_FULL_PU_POE_LINEAR_GAUSSIAN_SBM_SCAR_MIXED_SIGNAL/prior_calibrations/PU_PoE_replicate_060_prior_calibration.csv
GP_PU_PoE/prior_calibrations/PU_PoE_replicate_061_prior_calibration.csv,2229,8ad5736b92916caf2b1662d909d48b03,2764c2f3e3ac38343ec03701a65d6591d0e169822e510a8b5604c13cc1bd3f96,SIMULATION_100_GP_LINEAR_SCAR.zip,SIMULATION_100_FULL_PU_POE_LINEAR_GAUSSIAN_SBM_SCAR_MIXED_SIGNAL/prior_calibrations/PU_PoE_replicate_061_prior_calibration.csv
GP_PU_PoE/prior_calibrations/PU_PoE_replicate_062_prior_calibration.csv,2228,34e8f61041c61267bf09ba4c741292d4,5ac7b31658c98cc01220d860babad810ead1733ce6b8b53bea7e21d608d0e16f,SIMULATION_100_GP_LINEAR_SCAR.zip,SIMULATION_100_FULL_PU_POE_LINEAR_GAUSSIAN_SBM_SCAR_MIXED_SIGNAL/prior_calibrations/PU_PoE_replicate_062_prior_calibration.csv
GP_PU_PoE/prior_calibrations/PU_PoE_replicate_063_prior_calibration.csv,2229,4b22da1aefc7f65af884a61e24c84ea0,befc014bfa5689fbfd14b72603013e0aa738d0d5aaba8755f528404cf3505ff3,SIMULATION_100_GP_LINEAR_SCAR.zip,SIMULATION_100_FULL_PU_POE_LINEAR_GAUSSIAN_SBM_SCAR_MIXED_SIGNAL/prior_calibrations/PU_PoE_replicate_063_prior_calibration.csv
GP_PU_PoE/prior_calibrations/PU_PoE_replicate_064_prior_calibration.csv,2221,b55955c21ec2b3c6db3ef9ae953f1a8e,a278b17afb58b6ac08faa207f971c8467fab48477b6eaf29af378f10f9ee9370,SIMULATION_100_GP_LINEAR_SCAR.zip,SIMULATION_100_FULL_PU_POE_LINEAR_GAUSSIAN_SBM_SCAR_MIXED_SIGNAL/prior_calibrations/PU_PoE_replicate_064_prior_calibration.csv
GP_PU_PoE/prior_calibrations/PU_PoE_replicate_065_prior_calibration.csv,2225,1987960dd407b9412a6e9ee5c81cd36b,c5358b5579456526c56d460c01507307e16371ee21fa8221ea2ab06745db1bed,SIMULATION_100_GP_LINEAR_SCAR.zip,SIMULATION_100_FULL_PU_POE_LINEAR_GAUSSIAN_SBM_SCAR_MIXED_SIGNAL/prior_calibrations/PU_PoE_replicate_065_prior_calibration.csv
GP_PU_PoE/prior_calibrations/PU_PoE_replicate_066_prior_calibration.csv,2221,82cd2ed38660aa98bbfe4dbe9f24e3b8,55b6b36ee2981ae7c909d5cd20c5fd6e4313df924d6ca536b71c1e2f5aa7111c,SIMULATION_100_GP_LINEAR_SCAR.zip,SIMULATION_100_FULL_PU_POE_LINEAR_GAUSSIAN_SBM_SCAR_MIXED_SIGNAL/prior_calibrations/PU_PoE_replicate_066_prior_calibration.csv
GP_PU_PoE/prior_calibrations/PU_PoE_replicate_067_prior_calibration.csv,2228,610e3401af2fcfd25e8e0db59b3fdcb1,508c8664ceb51c5726aa9f19cbd1b23d03a95552864069885737030e3987ab0b,SIMULATION_100_GP_LINEAR_SCAR.zip,SIMULATION_100_FULL_PU_POE_LINEAR_GAUSSIAN_SBM_SCAR_MIXED_SIGNAL/prior_calibrations/PU_PoE_replicate_067_prior_calibration.csv
GP_PU_PoE/prior_calibrations/PU_PoE_replicate_068_prior_calibration.csv,2224,da3c2dcc05974cf73b9a4f60755b2de5,8cd918652c54d33d71ea73432d43d7b01ad7369f10d364fd62acfa85a87b4244,SIMULATION_100_GP_LINEAR_SCAR.zip,SIMULATION_100_FULL_PU_POE_LINEAR_GAUSSIAN_SBM_SCAR_MIXED_SIGNAL/prior_calibrations/PU_PoE_replicate_068_prior_calibration.csv
GP_PU_PoE/prior_calibrations/PU_PoE_replicate_069_prior_calibration.csv,2227,e0dcb5c370049a6a7538392d2c55c47e,0bfecfb5cf63df42794c4c1c5c1f88a716a74294eba0535b82a22b0a037b50d1,SIMULATION_100_GP_LINEAR_SCAR.zip,SIMULATION_100_FULL_PU_POE_LINEAR_GAUSSIAN_SBM_SCAR_MIXED_SIGNAL/prior_calibrations/PU_PoE_replicate_069_prior_calibration.csv
GP_PU_PoE/prior_calibrations/PU_PoE_replicate_070_prior_calibration.csv,2226,8e2ddc56545aee85122ecbb09dec006b,983e0239d077ddbc5dd679a62b558cd9a84508ef8c1f42a70bdbaf622a149374,SIMULATION_100_GP_LINEAR_SCAR.zip,SIMULATION_100_FULL_PU_POE_LINEAR_GAUSSIAN_SBM_SCAR_MIXED_SIGNAL/prior_calibrations/PU_PoE_replicate_070_prior_calibration.csv
GP_PU_PoE/prior_calibrations/PU_PoE_replicate_071_prior_calibration.csv,2228,bb6a4b6b04d4a0d6d0b17ff192fc3646,49ab2b9196f253072e151a51ba977f3827ac77b2494b83aec2eb497a951d3a10,SIMULATION_100_GP_LINEAR_SCAR.zip,SIMULATION_100_FULL_PU_POE_LINEAR_GAUSSIAN_SBM_SCAR_MIXED_SIGNAL/prior_calibrations/PU_PoE_replicate_071_prior_calibration.csv
GP_PU_PoE/prior_calibrations/PU_PoE_replicate_072_prior_calibration.csv,2227,98dec326bd6c387d37213cfee997a792,94f54cf055edb3ba6ea9c94517492e42a27b5a08a1c35f60ee9787774e13c37b,SIMULATION_100_GP_LINEAR_SCAR.zip,SIMULATION_100_FULL_PU_POE_LINEAR_GAUSSIAN_SBM_SCAR_MIXED_SIGNAL/prior_calibrations/PU_PoE_replicate_072_prior_calibration.csv
GP_PU_PoE/prior_calibrations/PU_PoE_replicate_073_prior_calibration.csv,2228,1dc9c8c6593a335f6323c1f3a7016cf6,ca32310d72dda8f15273318b2c7b00387d9b35cfd3150c6e69da8ace9c7d3245,SIMULATION_100_GP_LINEAR_SCAR.zip,SIMULATION_100_FULL_PU_POE_LINEAR_GAUSSIAN_SBM_SCAR_MIXED_SIGNAL/prior_calibrations/PU_PoE_replicate_073_prior_calibration.csv
GP_PU_PoE/prior_calibrations/PU_PoE_replicate_074_prior_calibration.csv,2222,25fb594ce0c0cf33367198774de95c41,4ccde667c367a8cd73c44a32553d34a8b15c4e7ae0b5fd30b6d80b8f4b1068cc,SIMULATION_100_GP_LINEAR_SCAR.zip,SIMULATION_100_FULL_PU_POE_LINEAR_GAUSSIAN_SBM_SCAR_MIXED_SIGNAL/prior_calibrations/PU_PoE_replicate_074_prior_calibration.csv
GP_PU_PoE/prior_calibrations/PU_PoE_replicate_075_prior_calibration.csv,2227,555ce81b5ba78ba132b8ca3b565dc039,96065913fe022917c2f83cd9dbda7a01bd14794cf8a7b96cdb7254f0d086abf0,SIMULATION_100_GP_LINEAR_SCAR.zip,SIMULATION_100_FULL_PU_POE_LINEAR_GAUSSIAN_SBM_SCAR_MIXED_SIGNAL/prior_calibrations/PU_PoE_replicate_075_prior_calibration.csv
GP_PU_PoE/prior_calibrations/PU_PoE_replicate_076_prior_calibration.csv,2221,83a4500d98359a775c68c2769036f6de,78575d6ebc219a5314ed93e15a540f44a4e7a28be1f96de6bc660dd458185e31,SIMULATION_100_GP_LINEAR_SCAR.zip,SIMULATION_100_FULL_PU_POE_LINEAR_GAUSSIAN_SBM_SCAR_MIXED_SIGNAL/prior_calibrations/PU_PoE_replicate_076_prior_calibration.csv
GP_PU_PoE/prior_calibrations/PU_PoE_replicate_077_prior_calibration.csv,2229,69a271011cda7ca62cc07132fed97485,4c9d6c1d80c6331db9b43c8dcb47d827dbce3835557c651378115a28ce0686a2,SIMULATION_100_GP_LINEAR_SCAR.zip,SIMULATION_100_FULL_PU_POE_LINEAR_GAUSSIAN_SBM_SCAR_MIXED_SIGNAL/prior_calibrations/PU_PoE_replicate_077_prior_calibration.csv
GP_PU_PoE/prior_calibrations/PU_PoE_replicate_078_prior_calibration.csv,2228,856456259bf1bc2e5154e0264f88ce0a,2f09433fb477596cd5795f62baed44bc5880cc22e1159b83efbef402c5a9898f,SIMULATION_100_GP_LINEAR_SCAR.zip,SIMULATION_100_FULL_PU_POE_LINEAR_GAUSSIAN_SBM_SCAR_MIXED_SIGNAL/prior_calibrations/PU_PoE_replicate_078_prior_calibration.csv
GP_PU_PoE/prior_calibrations/PU_PoE_replicate_079_prior_calibration.csv,2226,5f2a0397922986ca1fab86bf5d796dc2,b6898321da733cd69a315b7e0a74503ee603517b8f75db32a778171e8bc59412,SIMULATION_100_GP_LINEAR_SCAR.zip,SIMULATION_100_FULL_PU_POE_LINEAR_GAUSSIAN_SBM_SCAR_MIXED_SIGNAL/prior_calibrations/PU_PoE_replicate_079_prior_calibration.csv
GP_PU_PoE/prior_calibrations/PU_PoE_replicate_080_prior_calibration.csv,2228,072e306f298360051afda91b20512fd4,1a27b2699f93e240cf13e4a31022904f6112a784dffd2cdabfe0048687863de0,SIMULATION_100_GP_LINEAR_SCAR.zip,SIMULATION_100_FULL_PU_POE_LINEAR_GAUSSIAN_SBM_SCAR_MIXED_SIGNAL/prior_calibrations/PU_PoE_replicate_080_prior_calibration.csv
GP_PU_PoE/prior_calibrations/PU_PoE_replicate_081_prior_calibration.csv,2227,96b87fa4bd9e6fe9f77c96f89d269a59,7aad483558acb40d6bef551c9528a64d5c70f500bb9b5f037a321142b309185f,SIMULATION_100_GP_LINEAR_SCAR.zip,SIMULATION_100_FULL_PU_POE_LINEAR_GAUSSIAN_SBM_SCAR_MIXED_SIGNAL/prior_calibrations/PU_PoE_replicate_081_prior_calibration.csv
GP_PU_PoE/prior_calibrations/PU_PoE_replicate_082_prior_calibration.csv,2223,8a74c91b9aaf2a9326c4136a972d21d1,86e42d68b571548d00bb5963cf20133f7ed6532156219dff0ea2dafffae4ef74,SIMULATION_100_GP_LINEAR_SCAR.zip,SIMULATION_100_FULL_PU_POE_LINEAR_GAUSSIAN_SBM_SCAR_MIXED_SIGNAL/prior_calibrations/PU_PoE_replicate_082_prior_calibration.csv
GP_PU_PoE/prior_calibrations/PU_PoE_replicate_083_prior_calibration.csv,2225,795817c37247083f7998d47cd96faf91,ade6cb94ff8f21cf319cbe9d7106dcd714ac5e3c476f0e3ca0b66b007055fc65,SIMULATION_100_GP_LINEAR_SCAR.zip,SIMULATION_100_FULL_PU_POE_LINEAR_GAUSSIAN_SBM_SCAR_MIXED_SIGNAL/prior_calibrations/PU_PoE_replicate_083_prior_calibration.csv
GP_PU_PoE/prior_calibrations/PU_PoE_replicate_084_prior_calibration.csv,2229,3d4267a9446c98612dc9c19051d3afa9,ab59dcef3f9689f6109a1c33b9fefc85352d17a204fb829742a1c62da435d1b2,SIMULATION_100_GP_LINEAR_SCAR.zip,SIMULATION_100_FULL_PU_POE_LINEAR_GAUSSIAN_SBM_SCAR_MIXED_SIGNAL/prior_calibrations/PU_PoE_replicate_084_prior_calibration.csv
GP_PU_PoE/prior_calibrations/PU_PoE_replicate_085_prior_calibration.csv,2230,24db5d4bb593083720de7117e07335cf,304f78b2b7875372d1b80e52d9414b9e17ca752ba38bf7b327467a3f2f794149,SIMULATION_100_GP_LINEAR_SCAR.zip,SIMULATION_100_FULL_PU_POE_LINEAR_GAUSSIAN_SBM_SCAR_MIXED_SIGNAL/prior_calibrations/PU_PoE_replicate_085_prior_calibration.csv
GP_PU_PoE/prior_calibrations/PU_PoE_replicate_086_prior_calibration.csv,2226,e60d6a92e816ef8c84618786b002d260,145290b6d474836cede7959e3bdb1901e5c929a8d145f6d0fff0794d7ca8baa3,SIMULATION_100_GP_LINEAR_SCAR.zip,SIMULATION_100_FULL_PU_POE_LINEAR_GAUSSIAN_SBM_SCAR_MIXED_SIGNAL/prior_calibrations/PU_PoE_replicate_086_prior_calibration.csv
GP_PU_PoE/prior_calibrations/PU_PoE_replicate_087_prior_calibration.csv,2227,5d93ef1412ad833d8e8ff67eeda07dbf,cd237ecba02f62b28c3bcece3a94039fb738ce78220de0bb6b7498470189dfd9,SIMULATION_100_GP_LINEAR_SCAR.zip,SIMULATION_100_FULL_PU_POE_LINEAR_GAUSSIAN_SBM_SCAR_MIXED_SIGNAL/prior_calibrations/PU_PoE_replicate_087_prior_calibration.csv
GP_PU_PoE/prior_calibrations/PU_PoE_replicate_088_prior_calibration.csv,2228,10c98c1998486cd36aaabcfcb18e55e1,f2f83e05113dbd393dfe55b49d29f5bf50200d1f4700d6b9e1331ec2b1b1d269,SIMULATION_100_GP_LINEAR_SCAR.zip,SIMULATION_100_FULL_PU_POE_LINEAR_GAUSSIAN_SBM_SCAR_MIXED_SIGNAL/prior_calibrations/PU_PoE_replicate_088_prior_calibration.csv
GP_PU_PoE/prior_calibrations/PU_PoE_replicate_089_prior_calibration.csv,2228,6ac8ef8ef33b3670de7bd744f19c9562,cca2d3103999b13e4951969d1502a3ec4aeb01a60a53e2bc12132fb422175337,SIMULATION_100_GP_LINEAR_SCAR.zip,SIMULATION_100_FULL_PU_POE_LINEAR_GAUSSIAN_SBM_SCAR_MIXED_SIGNAL/prior_calibrations/PU_PoE_replicate_089_prior_calibration.csv
GP_PU_PoE/prior_calibrations/PU_PoE_replicate_090_prior_calibration.csv,2230,c019c2263f56bc3c716a8ef0c8eb4ecf,e0ec8db5b0e6b7d35e26517c2a47c9167f87e285d24fb089689d6854539d65c3,SIMULATION_100_GP_LINEAR_SCAR.zip,SIMULATION_100_FULL_PU_POE_LINEAR_GAUSSIAN_SBM_SCAR_MIXED_SIGNAL/prior_calibrations/PU_PoE_replicate_090_prior_calibration.csv
GP_PU_PoE/prior_calibrations/PU_PoE_replicate_091_prior_calibration.csv,2228,16ef920a64d6e0712328d41f0baf23da,6e291a7351196661e9d3fbeec8c7dfd721c22d8eddac8c354611f2c62b9cfe96,SIMULATION_100_GP_LINEAR_SCAR.zip,SIMULATION_100_FULL_PU_POE_LINEAR_GAUSSIAN_SBM_SCAR_MIXED_SIGNAL/prior_calibrations/PU_PoE_replicate_091_prior_calibration.csv
GP_PU_PoE/prior_calibrations/PU_PoE_replicate_092_prior_calibration.csv,2227,7905f621fdaf444cafc15bb55715859e,676744db5c5de7da6e24d10977776e39fd273ef70e9838f9f033ea999432101d,SIMULATION_100_GP_LINEAR_SCAR.zip,SIMULATION_100_FULL_PU_POE_LINEAR_GAUSSIAN_SBM_SCAR_MIXED_SIGNAL/prior_calibrations/PU_PoE_replicate_092_prior_calibration.csv
GP_PU_PoE/prior_calibrations/PU_PoE_replicate_093_prior_calibration.csv,2227,deafe4ac54cdaf191d84389f7f606659,3144b7066576324d756fdbc18332d600fde7232460e9d01cda2cd73758eeead1,SIMULATION_100_GP_LINEAR_SCAR.zip,SIMULATION_100_FULL_PU_POE_LINEAR_GAUSSIAN_SBM_SCAR_MIXED_SIGNAL/prior_calibrations/PU_PoE_replicate_093_prior_calibration.csv
GP_PU_PoE/prior_calibrations/PU_PoE_replicate_094_prior_calibration.csv,2227,1269f2e91c9b0ae8078bac822153caa8,ab842b1aeeee6c46189bf0fee207615ac7ce7483974562606a94bbc15e2360b5,SIMULATION_100_GP_LINEAR_SCAR.zip,SIMULATION_100_FULL_PU_POE_LINEAR_GAUSSIAN_SBM_SCAR_MIXED_SIGNAL/prior_calibrations/PU_PoE_replicate_094_prior_calibration.csv
GP_PU_PoE/prior_calibrations/PU_PoE_replicate_095_prior_calibration.csv,2226,b40a6e2bfc39e6d9ec229b1c031f7d5c,8c7902ba5d847aeca0e6b86277d98a9e3714f3cdfe44286fd4630199aaa921d8,SIMULATION_100_GP_LINEAR_SCAR.zip,SIMULATION_100_FULL_PU_POE_LINEAR_GAUSSIAN_SBM_SCAR_MIXED_SIGNAL/prior_calibrations/PU_PoE_replicate_095_prior_calibration.csv
GP_PU_PoE/prior_calibrations/PU_PoE_replicate_096_prior_calibration.csv,2223,654c7eb4ac5d75b61059792d27265e0e,27d76d06b081111f51f2ebcaa5324831d576e9429a396bf913342b3cff29b3ae,SIMULATION_100_GP_LINEAR_SCAR.zip,SIMULATION_100_FULL_PU_POE_LINEAR_GAUSSIAN_SBM_SCAR_MIXED_SIGNAL/prior_calibrations/PU_PoE_replicate_096_prior_calibration.csv
GP_PU_PoE/prior_calibrations/PU_PoE_replicate_097_prior_calibration.csv,2226,7a5a83a33fc31e2e610cfa44359de053,7b9c617326b145ca5ca082df29f84aefc126ea80b47d3a09c3232f9c5f7ac95d,SIMULATION_100_GP_LINEAR_SCAR.zip,SIMULATION_100_FULL_PU_POE_LINEAR_GAUSSIAN_SBM_SCAR_MIXED_SIGNAL/prior_calibrations/PU_PoE_replicate_097_prior_calibration.csv
GP_PU_PoE/prior_calibrations/PU_PoE_replicate_098_prior_calibration.csv,2227,6b2d031b8ed4ca03115e6b8574ceddee,7ae82fc1148a2cbb6b67fd1f9b2ff835178b58af265880c7c93b7dccaa8b27ac,SIMULATION_100_GP_LINEAR_SCAR.zip,SIMULATION_100_FULL_PU_POE_LINEAR_GAUSSIAN_SBM_SCAR_MIXED_SIGNAL/prior_calibrations/PU_PoE_replicate_098_prior_calibration.csv
GP_PU_PoE/prior_calibrations/PU_PoE_replicate_099_prior_calibration.csv,2224,b2177cbfecc354067af4ff4807ee6f3a,21c9b6489e57404acefd2cb08f907388c4dba7a7a89567b0cbe14f3114bf76d6,SIMULATION_100_GP_LINEAR_SCAR.zip,SIMULATION_100_FULL_PU_POE_LINEAR_GAUSSIAN_SBM_SCAR_MIXED_SIGNAL/prior_calibrations/PU_PoE_replicate_099_prior_calibration.csv
GP_PU_PoE/prior_calibrations/PU_PoE_replicate_100_prior_calibration.csv,2228,9db1de4f0641cf1b431ff761068d78c7,373e07cf25ab6cd53229f191d38a46f370657fa309ae362553ee5498596a8ad7,SIMULATION_100_GP_LINEAR_SCAR.zip,SIMULATION_100_FULL_PU_POE_LINEAR_GAUSSIAN_SBM_SCAR_MIXED_SIGNAL/prior_calibrations/PU_PoE_replicate_100_prior_calibration.csv
GP_PU_PoE/production_checkpoints/PU_PoE_replicate_001.rds,16136,3fc853edc746153aee8ec0194dace9c0,239bcc931df021e466281a68a886f92389e6a40a21aa6222079775f17d414c39,SIMULATION_100_GP_LINEAR_SCAR.zip,SIMULATION_100_FULL_PU_POE_LINEAR_GAUSSIAN_SBM_SCAR_MIXED_SIGNAL/production_checkpoints/PU_PoE_replicate_001.rds
GP_PU_PoE/production_checkpoints/PU_PoE_replicate_002.rds,16168,bcf56349b3d1f50e167ce9c1aa677a8c,6a3ada14caeb8bff064db09a0020603dba5b0b9217ad2495fca452fe040ce670,SIMULATION_100_GP_LINEAR_SCAR.zip,SIMULATION_100_FULL_PU_POE_LINEAR_GAUSSIAN_SBM_SCAR_MIXED_SIGNAL/production_checkpoints/PU_PoE_replicate_002.rds
GP_PU_PoE/production_checkpoints/PU_PoE_replicate_003.rds,16191,6dd54bb13e2b4946308fb85fdcf91002,2130331c35ff88696c7bd2d07ff842fad999ca147e114f3c5a3a49570914e25d,SIMULATION_100_GP_LINEAR_SCAR.zip,SIMULATION_100_FULL_PU_POE_LINEAR_GAUSSIAN_SBM_SCAR_MIXED_SIGNAL/production_checkpoints/PU_PoE_replicate_003.rds
GP_PU_PoE/production_checkpoints/PU_PoE_replicate_004.rds,16277,0db7a359b838c6e7312da7f59cc223cb,85518ae2e662672fdecd29ef0ba74d0f7293fae4b84cda89e7bc6dd32d3585a0,SIMULATION_100_GP_LINEAR_SCAR.zip,SIMULATION_100_FULL_PU_POE_LINEAR_GAUSSIAN_SBM_SCAR_MIXED_SIGNAL/production_checkpoints/PU_PoE_replicate_004.rds
GP_PU_PoE/production_checkpoints/PU_PoE_replicate_005.rds,16330,885b3c0d58e769803d18f189a54f6798,e746f000a29b2bf6eeffca7c680ecb156b7eb9d3a1bc1d0eb7d38c01a26b53b3,SIMULATION_100_GP_LINEAR_SCAR.zip,SIMULATION_100_FULL_PU_POE_LINEAR_GAUSSIAN_SBM_SCAR_MIXED_SIGNAL/production_checkpoints/PU_PoE_replicate_005.rds
GP_PU_PoE/production_checkpoints/PU_PoE_replicate_006.rds,16111,98d4b11f5183241ea925ec447685b0ec,a446a05f62c2ddd511775b8ab777f4846ed759dee7a555a5c76030de1786aa52,SIMULATION_100_GP_LINEAR_SCAR.zip,SIMULATION_100_FULL_PU_POE_LINEAR_GAUSSIAN_SBM_SCAR_MIXED_SIGNAL/production_checkpoints/PU_PoE_replicate_006.rds
GP_PU_PoE/production_checkpoints/PU_PoE_replicate_007.rds,16372,ae78fe3902faac01d73b1aa62fa2e637,0da7f315ffc5a0fa69fa78288d463d6feb7dbd6aa0e0807081d1b52c0219e123,SIMULATION_100_GP_LINEAR_SCAR.zip,SIMULATION_100_FULL_PU_POE_LINEAR_GAUSSIAN_SBM_SCAR_MIXED_SIGNAL/production_checkpoints/PU_PoE_replicate_007.rds
GP_PU_PoE/production_checkpoints/PU_PoE_replicate_008.rds,16336,86806e095c76c147ba0c774fa0bc4ca4,4b238e8e17a7b8092b6236f5a5f292dab2f4452903d8502765312ef296b6cfe0,SIMULATION_100_GP_LINEAR_SCAR.zip,SIMULATION_100_FULL_PU_POE_LINEAR_GAUSSIAN_SBM_SCAR_MIXED_SIGNAL/production_checkpoints/PU_PoE_replicate_008.rds
GP_PU_PoE/production_checkpoints/PU_PoE_replicate_009.rds,16238,deaa6eda196a8e45050aa72cd66bf7c9,de4369f3f37bbe0d3d0aaaadedf78ff089b962b6fba44931df40191120d97f04,SIMULATION_100_GP_LINEAR_SCAR.zip,SIMULATION_100_FULL_PU_POE_LINEAR_GAUSSIAN_SBM_SCAR_MIXED_SIGNAL/production_checkpoints/PU_PoE_replicate_009.rds
GP_PU_PoE/production_checkpoints/PU_PoE_replicate_010.rds,16332,1afab314d8cc67ebce18ff5393cfb33d,21b62bfa351fe60f69ddf95bc648c7108b7b7984bc27059caa1f1fd3de2033b4,SIMULATION_100_GP_LINEAR_SCAR.zip,SIMULATION_100_FULL_PU_POE_LINEAR_GAUSSIAN_SBM_SCAR_MIXED_SIGNAL/production_checkpoints/PU_PoE_replicate_010.rds
GP_PU_PoE/production_checkpoints/PU_PoE_replicate_011.rds,16388,99df9c957fc49639bd4192453efe2af1,4ceacaf5d80935f94be9afb3a61abd8adf5c35615bd71156d5e8ca473233118f,SIMULATION_100_GP_LINEAR_SCAR.zip,SIMULATION_100_FULL_PU_POE_LINEAR_GAUSSIAN_SBM_SCAR_MIXED_SIGNAL/production_checkpoints/PU_PoE_replicate_011.rds
GP_PU_PoE/production_checkpoints/PU_PoE_replicate_012.rds,16271,7082c18cef33729efc7616027b05f9fa,84371c6e7070cdb4b9927cf9e4554c683373080901858f6f4020cefabdc66001,SIMULATION_100_GP_LINEAR_SCAR.zip,SIMULATION_100_FULL_PU_POE_LINEAR_GAUSSIAN_SBM_SCAR_MIXED_SIGNAL/production_checkpoints/PU_PoE_replicate_012.rds
GP_PU_PoE/production_checkpoints/PU_PoE_replicate_013.rds,16160,d3d04e0db409010b6c8d317a51be1666,77dec6f58029e33e3a0ca743d60e3119aafdde1d6a4d48e30ce284bf80099d21,SIMULATION_100_GP_LINEAR_SCAR.zip,SIMULATION_100_FULL_PU_POE_LINEAR_GAUSSIAN_SBM_SCAR_MIXED_SIGNAL/production_checkpoints/PU_PoE_replicate_013.rds
GP_PU_PoE/production_checkpoints/PU_PoE_replicate_014.rds,16133,023bd2f63eafbe0d3e429af0aeff27ec,0ce41f7a79760865ab489cd4d0bd19e9894f9ec8d2eed8b18d287500ff390977,SIMULATION_100_GP_LINEAR_SCAR.zip,SIMULATION_100_FULL_PU_POE_LINEAR_GAUSSIAN_SBM_SCAR_MIXED_SIGNAL/production_checkpoints/PU_PoE_replicate_014.rds
GP_PU_PoE/production_checkpoints/PU_PoE_replicate_015.rds,16277,41c540c90a30293ef02c541f7dbed12e,83dccda69d8ab46b305238100fadc500ed8938a8f701d0cf61018778bbb4fbec,SIMULATION_100_GP_LINEAR_SCAR.zip,SIMULATION_100_FULL_PU_POE_LINEAR_GAUSSIAN_SBM_SCAR_MIXED_SIGNAL/production_checkpoints/PU_PoE_replicate_015.rds
GP_PU_PoE/production_checkpoints/PU_PoE_replicate_016.rds,16111,937cd05df9ca4a0552cfa4401be1d78d,e91df89dfac20b3d4b6e22c46af001de922464378fd32d1dc526c20005e62b3a,SIMULATION_100_GP_LINEAR_SCAR.zip,SIMULATION_100_FULL_PU_POE_LINEAR_GAUSSIAN_SBM_SCAR_MIXED_SIGNAL/production_checkpoints/PU_PoE_replicate_016.rds
GP_PU_PoE/production_checkpoints/PU_PoE_replicate_017.rds,16205,5662382d029fadef69f2e45f37850514,78f6748ebb745f2c1b8e8b5d1fe72666ff7763bfaec28ae34ef437505fd1a274,SIMULATION_100_GP_LINEAR_SCAR.zip,SIMULATION_100_FULL_PU_POE_LINEAR_GAUSSIAN_SBM_SCAR_MIXED_SIGNAL/production_checkpoints/PU_PoE_replicate_017.rds
GP_PU_PoE/production_checkpoints/PU_PoE_replicate_018.rds,16524,faf460e2a968bfcb7cce8c6dffdcb1a2,a69ee3898175500b1d7c37b885e4bfbceb2a4d5ada5f9f7d1ea0dc280376f042,SIMULATION_100_GP_LINEAR_SCAR.zip,SIMULATION_100_FULL_PU_POE_LINEAR_GAUSSIAN_SBM_SCAR_MIXED_SIGNAL/production_checkpoints/PU_PoE_replicate_018.rds
GP_PU_PoE/production_checkpoints/PU_PoE_replicate_019.rds,16131,4db2833e1409586d42ff1b1eecb1d654,2ec77b00ea7c332b316b6b46417ae72df32119ded2e3252c1f83008ac7c4e669,SIMULATION_100_GP_LINEAR_SCAR.zip,SIMULATION_100_FULL_PU_POE_LINEAR_GAUSSIAN_SBM_SCAR_MIXED_SIGNAL/production_checkpoints/PU_PoE_replicate_019.rds
GP_PU_PoE/production_checkpoints/PU_PoE_replicate_020.rds,16212,99b3628f3aec4fbe81f3cfbaec226a79,05c6df5ea8ce86a58ecedbc41dccd1bd1c02c8449e852b873fa7efc3cfe9d494,SIMULATION_100_GP_LINEAR_SCAR.zip,SIMULATION_100_FULL_PU_POE_LINEAR_GAUSSIAN_SBM_SCAR_MIXED_SIGNAL/production_checkpoints/PU_PoE_replicate_020.rds
GP_PU_PoE/production_checkpoints/PU_PoE_replicate_021.rds,16220,1622177a51980ed8c897ebcdef9070f5,aca2535f7f9e7cf4782375bdc3922d6edc45c4cde15d54645a3065b3881ab0c3,SIMULATION_100_GP_LINEAR_SCAR.zip,SIMULATION_100_FULL_PU_POE_LINEAR_GAUSSIAN_SBM_SCAR_MIXED_SIGNAL/production_checkpoints/PU_PoE_replicate_021.rds
GP_PU_PoE/production_checkpoints/PU_PoE_replicate_022.rds,16209,58f0abae52b56132d4f587d3503e8115,899b242b25ace3c459b9406f0a85ca875c09c57efdcd03547128cd68d0685404,SIMULATION_100_GP_LINEAR_SCAR.zip,SIMULATION_100_FULL_PU_POE_LINEAR_GAUSSIAN_SBM_SCAR_MIXED_SIGNAL/production_checkpoints/PU_PoE_replicate_022.rds
GP_PU_PoE/production_checkpoints/PU_PoE_replicate_023.rds,16176,6be8e6bef1715febde50ffa80792066a,066d9856b7492f9b6298e2721d5affca28c22fe4c1b57dc334d4eb2a2495dea4,SIMULATION_100_GP_LINEAR_SCAR.zip,SIMULATION_100_FULL_PU_POE_LINEAR_GAUSSIAN_SBM_SCAR_MIXED_SIGNAL/production_checkpoints/PU_PoE_replicate_023.rds
GP_PU_PoE/production_checkpoints/PU_PoE_replicate_024.rds,16417,f604bf9bc08f776a089f6a94184544f6,826ff964ae0065b5c6511f4a336a07e0a2427ce5ba6bbcbdd1df27351655ca73,SIMULATION_100_GP_LINEAR_SCAR.zip,SIMULATION_100_FULL_PU_POE_LINEAR_GAUSSIAN_SBM_SCAR_MIXED_SIGNAL/production_checkpoints/PU_PoE_replicate_024.rds
GP_PU_PoE/production_checkpoints/PU_PoE_replicate_025.rds,16216,b782c4ede398a99068e6edc21f7b0788,8f237b9ea1cf042fde51c26baadb6fe88ebd5cbd37f576b9fe8744b31ae2ad71,SIMULATION_100_GP_LINEAR_SCAR.zip,SIMULATION_100_FULL_PU_POE_LINEAR_GAUSSIAN_SBM_SCAR_MIXED_SIGNAL/production_checkpoints/PU_PoE_replicate_025.rds
GP_PU_PoE/production_checkpoints/PU_PoE_replicate_026.rds,16172,fa7df09dc7aedbd054538b6d799d269b,4f79a35ddca2e2ab17d75e0edf5a89a007702ede5cca35696a1f314e25e08c8f,SIMULATION_100_GP_LINEAR_SCAR.zip,SIMULATION_100_FULL_PU_POE_LINEAR_GAUSSIAN_SBM_SCAR_MIXED_SIGNAL/production_checkpoints/PU_PoE_replicate_026.rds
GP_PU_PoE/production_checkpoints/PU_PoE_replicate_027.rds,16149,80fa00997dc9a0220637fa71aa5b0b47,71f84cf7ee57b5862e4aa9b5dc21202b3ae0d38b75db12e21ba06babc2fbbbb4,SIMULATION_100_GP_LINEAR_SCAR.zip,SIMULATION_100_FULL_PU_POE_LINEAR_GAUSSIAN_SBM_SCAR_MIXED_SIGNAL/production_checkpoints/PU_PoE_replicate_027.rds
GP_PU_PoE/production_checkpoints/PU_PoE_replicate_028.rds,16213,86e479f72c526789cc062ef4c9bac62c,f3637c1952f7f83f51333595f9727699392a84f0c5b9861f9663516d6e40d113,SIMULATION_100_GP_LINEAR_SCAR.zip,SIMULATION_100_FULL_PU_POE_LINEAR_GAUSSIAN_SBM_SCAR_MIXED_SIGNAL/production_checkpoints/PU_PoE_replicate_028.rds
GP_PU_PoE/production_checkpoints/PU_PoE_replicate_029.rds,16267,8c1bd1c39dd68f10bda66f0e4ef61e20,f462d440785ed95f185c75df5a123d1834edca7007359ca7fab3672a142d63ae,SIMULATION_100_GP_LINEAR_SCAR.zip,SIMULATION_100_FULL_PU_POE_LINEAR_GAUSSIAN_SBM_SCAR_MIXED_SIGNAL/production_checkpoints/PU_PoE_replicate_029.rds
GP_PU_PoE/production_checkpoints/PU_PoE_replicate_030.rds,16067,9b96a4dcea3de4aee0b8cc1a6ec2910c,a24731bb8572194b833a5e14c31922dc5b4704ad11798b2f39588f0209e4d338,SIMULATION_100_GP_LINEAR_SCAR.zip,SIMULATION_100_FULL_PU_POE_LINEAR_GAUSSIAN_SBM_SCAR_MIXED_SIGNAL/production_checkpoints/PU_PoE_replicate_030.rds
GP_PU_PoE/production_checkpoints/PU_PoE_replicate_031.rds,16101,989b57d021450c3988dd9220fb2bf32e,779ecb17c429f75fe098abc196896966b09890ed7b2179feb60a773b9b9fc32f,SIMULATION_100_GP_LINEAR_SCAR.zip,SIMULATION_100_FULL_PU_POE_LINEAR_GAUSSIAN_SBM_SCAR_MIXED_SIGNAL/production_checkpoints/PU_PoE_replicate_031.rds
GP_PU_PoE/production_checkpoints/PU_PoE_replicate_032.rds,16291,9a392bfa49b5aed6d7ca71363c7db202,173e0c9b539499021fd1096981c6d12c7decb688cd55ed0cbfbc4903e39e036b,SIMULATION_100_GP_LINEAR_SCAR.zip,SIMULATION_100_FULL_PU_POE_LINEAR_GAUSSIAN_SBM_SCAR_MIXED_SIGNAL/production_checkpoints/PU_PoE_replicate_032.rds
GP_PU_PoE/production_checkpoints/PU_PoE_replicate_033.rds,16248,ec8d6c630e10220233f521bcc5a03c7a,1bf98d92f26f68bd193c57e878c1b21cb01b330edac796efc91b30beb16d6ef8,SIMULATION_100_GP_LINEAR_SCAR.zip,SIMULATION_100_FULL_PU_POE_LINEAR_GAUSSIAN_SBM_SCAR_MIXED_SIGNAL/production_checkpoints/PU_PoE_replicate_033.rds
GP_PU_PoE/production_checkpoints/PU_PoE_replicate_034.rds,15995,61bdfc8b1ec5d2855e5480aacbf3847d,c64c73919642e8bc6d872e4ab2a218ade3bdbffdebdf57317136e3ace4205045,SIMULATION_100_GP_LINEAR_SCAR.zip,SIMULATION_100_FULL_PU_POE_LINEAR_GAUSSIAN_SBM_SCAR_MIXED_SIGNAL/production_checkpoints/PU_PoE_replicate_034.rds
GP_PU_PoE/production_checkpoints/PU_PoE_replicate_035.rds,16221,da6c8e32ecd6277fe2362e52e5b9a700,c41a0dce4fcdb24f7d04af1c903524c86c26b916b48f6d381fe35930a9236f1d,SIMULATION_100_GP_LINEAR_SCAR.zip,SIMULATION_100_FULL_PU_POE_LINEAR_GAUSSIAN_SBM_SCAR_MIXED_SIGNAL/production_checkpoints/PU_PoE_replicate_035.rds
GP_PU_PoE/production_checkpoints/PU_PoE_replicate_036.rds,16027,b793d3b33112d7a3e71b0ec7318c5a00,a5aa8b18749d6bd9921110b7abe32bb9821cf93ed37808a0ea34f9eb869809ae,SIMULATION_100_GP_LINEAR_SCAR.zip,SIMULATION_100_FULL_PU_POE_LINEAR_GAUSSIAN_SBM_SCAR_MIXED_SIGNAL/production_checkpoints/PU_PoE_replicate_036.rds
GP_PU_PoE/production_checkpoints/PU_PoE_replicate_037.rds,16241,efb2897f0b63dbc585a99a651a0a20c1,10c9c9a42171db7c3c883bf05df8dd874953c0c6d9d9d63d8088505ddf91db69,SIMULATION_100_GP_LINEAR_SCAR.zip,SIMULATION_100_FULL_PU_POE_LINEAR_GAUSSIAN_SBM_SCAR_MIXED_SIGNAL/production_checkpoints/PU_PoE_replicate_037.rds
GP_PU_PoE/production_checkpoints/PU_PoE_replicate_038.rds,16100,38fa92b2a9385fb6d28424497a347ca7,c571f364e3860349a660bc62e40973cf5fcb0d99fd29f0feea728f72e0621045,SIMULATION_100_GP_LINEAR_SCAR.zip,SIMULATION_100_FULL_PU_POE_LINEAR_GAUSSIAN_SBM_SCAR_MIXED_SIGNAL/production_checkpoints/PU_PoE_replicate_038.rds
GP_PU_PoE/production_checkpoints/PU_PoE_replicate_039.rds,16117,c05f107f50dd0c5d7732267e4e9c7a1b,c2f80d65663f2c41acd33f31163c7659e3cdda89c709b2ac423227cb8f2748e1,SIMULATION_100_GP_LINEAR_SCAR.zip,SIMULATION_100_FULL_PU_POE_LINEAR_GAUSSIAN_SBM_SCAR_MIXED_SIGNAL/production_checkpoints/PU_PoE_replicate_039.rds
GP_PU_PoE/production_checkpoints/PU_PoE_replicate_040.rds,16194,34219533855b4a1be1c00b6ce8da440d,02e0e339ea307925e2e9c32be4976edb0b05d05155eeaa8e0185f4d1c3be0fa2,SIMULATION_100_GP_LINEAR_SCAR.zip,SIMULATION_100_FULL_PU_POE_LINEAR_GAUSSIAN_SBM_SCAR_MIXED_SIGNAL/production_checkpoints/PU_PoE_replicate_040.rds
GP_PU_PoE/production_checkpoints/PU_PoE_replicate_041.rds,16278,2f96d2212a988d48673d8a3ec8be4dbb,f29e5a10778e090f21af5d5746735e724573dae95ce008eb11754be0d38e2b9e,SIMULATION_100_GP_LINEAR_SCAR.zip,SIMULATION_100_FULL_PU_POE_LINEAR_GAUSSIAN_SBM_SCAR_MIXED_SIGNAL/production_checkpoints/PU_PoE_replicate_041.rds
GP_PU_PoE/production_checkpoints/PU_PoE_replicate_042.rds,16221,e73fdfa79eff227ecac6579b4b851783,84233a59281fb68e80673d821c5f0eee95b50c7097c4e17da9b2546406660571,SIMULATION_100_GP_LINEAR_SCAR.zip,SIMULATION_100_FULL_PU_POE_LINEAR_GAUSSIAN_SBM_SCAR_MIXED_SIGNAL/production_checkpoints/PU_PoE_replicate_042.rds
GP_PU_PoE/production_checkpoints/PU_PoE_replicate_043.rds,16231,f48b5a9e7c34eb57706b8eb80a140bc6,527d35aa624c47ac2ac7776b7b2096cbc62bef44ad76924c95f06da0a93e1231,SIMULATION_100_GP_LINEAR_SCAR.zip,SIMULATION_100_FULL_PU_POE_LINEAR_GAUSSIAN_SBM_SCAR_MIXED_SIGNAL/production_checkpoints/PU_PoE_replicate_043.rds
GP_PU_PoE/production_checkpoints/PU_PoE_replicate_044.rds,16248,c77f16cb9618d29a73b4a85e67ea2e9c,82ed286329a62e3c244bda1ac2adf88940fe63906d144cdda0edc67d0aeb18a6,SIMULATION_100_GP_LINEAR_SCAR.zip,SIMULATION_100_FULL_PU_POE_LINEAR_GAUSSIAN_SBM_SCAR_MIXED_SIGNAL/production_checkpoints/PU_PoE_replicate_044.rds
GP_PU_PoE/production_checkpoints/PU_PoE_replicate_045.rds,16278,d421fb7e0227a5fc7df303f028434fed,64a4a106a7c7333f8aa615c4ea59cfb6bb138a9d43e3f98f62eb3bb06e30c434,SIMULATION_100_GP_LINEAR_SCAR.zip,SIMULATION_100_FULL_PU_POE_LINEAR_GAUSSIAN_SBM_SCAR_MIXED_SIGNAL/production_checkpoints/PU_PoE_replicate_045.rds
GP_PU_PoE/production_checkpoints/PU_PoE_replicate_046.rds,16434,4d6f12f80108739e89e584f502a627f4,bedbeef1bdb3210d184e66c2aa5add192487ea3a8496e5cc50f5b832140ea9cb,SIMULATION_100_GP_LINEAR_SCAR.zip,SIMULATION_100_FULL_PU_POE_LINEAR_GAUSSIAN_SBM_SCAR_MIXED_SIGNAL/production_checkpoints/PU_PoE_replicate_046.rds
GP_PU_PoE/production_checkpoints/PU_PoE_replicate_047.rds,16184,8efc6f8570d65a85dd093eb46d815bf3,5cc47c095426bf8d195429593457bb74d4ddfff75e5b2edc708f24f9e353ac9b,SIMULATION_100_GP_LINEAR_SCAR.zip,SIMULATION_100_FULL_PU_POE_LINEAR_GAUSSIAN_SBM_SCAR_MIXED_SIGNAL/production_checkpoints/PU_PoE_replicate_047.rds
GP_PU_PoE/production_checkpoints/PU_PoE_replicate_048.rds,16202,110d49b7ce4b468248ce440771028305,4a0cbc418fd5bacb231e6ce1be59973e93f2a3f23daa24fcc6deac2960f9fc81,SIMULATION_100_GP_LINEAR_SCAR.zip,SIMULATION_100_FULL_PU_POE_LINEAR_GAUSSIAN_SBM_SCAR_MIXED_SIGNAL/production_checkpoints/PU_PoE_replicate_048.rds
GP_PU_PoE/production_checkpoints/PU_PoE_replicate_049.rds,16262,964c87098e95078cf08a09cd69f08d86,1ca097952fac3dd8285145f77219feb311424b4a543f205c7ea1ee728f9c7c77,SIMULATION_100_GP_LINEAR_SCAR.zip,SIMULATION_100_FULL_PU_POE_LINEAR_GAUSSIAN_SBM_SCAR_MIXED_SIGNAL/production_checkpoints/PU_PoE_replicate_049.rds
GP_PU_PoE/production_checkpoints/PU_PoE_replicate_050.rds,16271,720e70ac47810cc782f9b3c5a8d4d340,b42e2e9157f9d49e2fe8011b49f3d6c538b97b8c156dd9305aaf517aa7658056,SIMULATION_100_GP_LINEAR_SCAR.zip,SIMULATION_100_FULL_PU_POE_LINEAR_GAUSSIAN_SBM_SCAR_MIXED_SIGNAL/production_checkpoints/PU_PoE_replicate_050.rds
GP_PU_PoE/production_checkpoints/PU_PoE_replicate_051.rds,16099,4776dff76f414be114ead51a652cefc7,893f6047cbaf45b69753cd64243e20d0e158a9d2ad580fd05e8a2c4387151de6,SIMULATION_100_GP_LINEAR_SCAR.zip,SIMULATION_100_FULL_PU_POE_LINEAR_GAUSSIAN_SBM_SCAR_MIXED_SIGNAL/production_checkpoints/PU_PoE_replicate_051.rds
GP_PU_PoE/production_checkpoints/PU_PoE_replicate_052.rds,16253,c4dc56ca87d2353eefa3de22e71ebf1b,7d62c2c4720387bbc3a6760df32f3c38f7ac829632d8033b2688c13b27d0fe57,SIMULATION_100_GP_LINEAR_SCAR.zip,SIMULATION_100_FULL_PU_POE_LINEAR_GAUSSIAN_SBM_SCAR_MIXED_SIGNAL/production_checkpoints/PU_PoE_replicate_052.rds
GP_PU_PoE/production_checkpoints/PU_PoE_replicate_053.rds,16255,73c491393576573640149843b6989739,c9a13bb8eaca35301798f128516276023411524a1ac63787dcb5c345a7998218,SIMULATION_100_GP_LINEAR_SCAR.zip,SIMULATION_100_FULL_PU_POE_LINEAR_GAUSSIAN_SBM_SCAR_MIXED_SIGNAL/production_checkpoints/PU_PoE_replicate_053.rds
GP_PU_PoE/production_checkpoints/PU_PoE_replicate_054.rds,16220,7122af2dbd3fc22085b64bf405e69b60,50a9739145d07ab171039be968e793794906fecd0e56bfe77eae659093d2538f,SIMULATION_100_GP_LINEAR_SCAR.zip,SIMULATION_100_FULL_PU_POE_LINEAR_GAUSSIAN_SBM_SCAR_MIXED_SIGNAL/production_checkpoints/PU_PoE_replicate_054.rds
GP_PU_PoE/production_checkpoints/PU_PoE_replicate_055.rds,16427,e9caaa3c5c756d54bfcce59814af91f5,ac3b58cc8918d7855610b501cd5cc1ec04f58d4d0c26c03110cc5721ea39a4d3,SIMULATION_100_GP_LINEAR_SCAR.zip,SIMULATION_100_FULL_PU_POE_LINEAR_GAUSSIAN_SBM_SCAR_MIXED_SIGNAL/production_checkpoints/PU_PoE_replicate_055.rds
GP_PU_PoE/production_checkpoints/PU_PoE_replicate_056.rds,16271,9d17f182ac85cb43b989cff45965dcd1,76401f3e61f6b08b04d4ab0e237fcd543685021a8a5d781fbb6bb74311bfb084,SIMULATION_100_GP_LINEAR_SCAR.zip,SIMULATION_100_FULL_PU_POE_LINEAR_GAUSSIAN_SBM_SCAR_MIXED_SIGNAL/production_checkpoints/PU_PoE_replicate_056.rds
GP_PU_PoE/production_checkpoints/PU_PoE_replicate_057.rds,16187,9bad298670c9c8427e16dd27486a5bcd,09978a0c62761a61799dca3da30bf91726a9cf78b3f8707807f51deb505ce04a,SIMULATION_100_GP_LINEAR_SCAR.zip,SIMULATION_100_FULL_PU_POE_LINEAR_GAUSSIAN_SBM_SCAR_MIXED_SIGNAL/production_checkpoints/PU_PoE_replicate_057.rds
GP_PU_PoE/production_checkpoints/PU_PoE_replicate_058.rds,16340,f0981f9c8178120a8c12c2f7a07e641a,dde2040e54b8b327950ebd83d8ab0e9512c5fbb9ccb734047cc22e4964de2a69,SIMULATION_100_GP_LINEAR_SCAR.zip,SIMULATION_100_FULL_PU_POE_LINEAR_GAUSSIAN_SBM_SCAR_MIXED_SIGNAL/production_checkpoints/PU_PoE_replicate_058.rds
GP_PU_PoE/production_checkpoints/PU_PoE_replicate_059.rds,16202,0e80dd621db051fa93d28e0acbcb3601,d1900dc56f315045c49641a0a4c6bbe74c6e4bc35310644941e4e4733f8cc92c,SIMULATION_100_GP_LINEAR_SCAR.zip,SIMULATION_100_FULL_PU_POE_LINEAR_GAUSSIAN_SBM_SCAR_MIXED_SIGNAL/production_checkpoints/PU_PoE_replicate_059.rds
GP_PU_PoE/production_checkpoints/PU_PoE_replicate_060.rds,16076,419164a9fb478dbc8c468513137ab46d,4674f582da8c31355d4d7b6ed1f3e7f25b6a67ad7a99e57acdd8fb1377c1dc4e,SIMULATION_100_GP_LINEAR_SCAR.zip,SIMULATION_100_FULL_PU_POE_LINEAR_GAUSSIAN_SBM_SCAR_MIXED_SIGNAL/production_checkpoints/PU_PoE_replicate_060.rds
GP_PU_PoE/production_checkpoints/PU_PoE_replicate_061.rds,16177,832a0ae45634a8a3bb63e750524f7fb9,9e1cdadecd67e49623a52792921f2920f0d2112aa20d1ab42485392ea4f3b35b,SIMULATION_100_GP_LINEAR_SCAR.zip,SIMULATION_100_FULL_PU_POE_LINEAR_GAUSSIAN_SBM_SCAR_MIXED_SIGNAL/production_checkpoints/PU_PoE_replicate_061.rds
GP_PU_PoE/production_checkpoints/PU_PoE_replicate_062.rds,16242,6cffdbea8149266f5e99b247d1b49aad,d9c44cff879dd028fd3d2c8b79e08530fb3b8cb1819f9a68c27cde92ffce26f8,SIMULATION_100_GP_LINEAR_SCAR.zip,SIMULATION_100_FULL_PU_POE_LINEAR_GAUSSIAN_SBM_SCAR_MIXED_SIGNAL/production_checkpoints/PU_PoE_replicate_062.rds
GP_PU_PoE/production_checkpoints/PU_PoE_replicate_063.rds,16203,c1285c2d8f9e72ebf513ba377f9bd0c8,999a2038ce4afce0a345002fe863d8073eebfe82b34eca056c5cbb1233afc6ff,SIMULATION_100_GP_LINEAR_SCAR.zip,SIMULATION_100_FULL_PU_POE_LINEAR_GAUSSIAN_SBM_SCAR_MIXED_SIGNAL/production_checkpoints/PU_PoE_replicate_063.rds
GP_PU_PoE/production_checkpoints/PU_PoE_replicate_064.rds,16241,c259e9c2fbc67f6ff0a57e93edccae34,8e95e9aa55349085081b0b2606f7f2fa412c28fa25e5ca640dd6868e58e50468,SIMULATION_100_GP_LINEAR_SCAR.zip,SIMULATION_100_FULL_PU_POE_LINEAR_GAUSSIAN_SBM_SCAR_MIXED_SIGNAL/production_checkpoints/PU_PoE_replicate_064.rds
GP_PU_PoE/production_checkpoints/PU_PoE_replicate_065.rds,16155,2961b6591b688c06b2b336cde020f644,3931d90440393b217598e963b73e255f2b5fa5bc9c186b9b8855f76deca48413,SIMULATION_100_GP_LINEAR_SCAR.zip,SIMULATION_100_FULL_PU_POE_LINEAR_GAUSSIAN_SBM_SCAR_MIXED_SIGNAL/production_checkpoints/PU_PoE_replicate_065.rds
GP_PU_PoE/production_checkpoints/PU_PoE_replicate_066.rds,16184,6833c4ec3f53a055d63693e506d02f48,c8db201b018884e6c5e358efa3c793bf09c8a08d12043006df64a72171bf99bc,SIMULATION_100_GP_LINEAR_SCAR.zip,SIMULATION_100_FULL_PU_POE_LINEAR_GAUSSIAN_SBM_SCAR_MIXED_SIGNAL/production_checkpoints/PU_PoE_replicate_066.rds
GP_PU_PoE/production_checkpoints/PU_PoE_replicate_067.rds,16076,6b42fc28443fade671a3c77f7f5b66fc,2a888bcfb26a53fed36106234dd94b223c98cd8c78cb9ea1fc0c02ce58d1bc86,SIMULATION_100_GP_LINEAR_SCAR.zip,SIMULATION_100_FULL_PU_POE_LINEAR_GAUSSIAN_SBM_SCAR_MIXED_SIGNAL/production_checkpoints/PU_PoE_replicate_067.rds
GP_PU_PoE/production_checkpoints/PU_PoE_replicate_068.rds,15954,657b9874d66661271b185a9c9b95f0dd,c44ff745c63f849e62810a4aaee34f20af4c91cfb0028cda60ab908c444c0caa,SIMULATION_100_GP_LINEAR_SCAR.zip,SIMULATION_100_FULL_PU_POE_LINEAR_GAUSSIAN_SBM_SCAR_MIXED_SIGNAL/production_checkpoints/PU_PoE_replicate_068.rds
GP_PU_PoE/production_checkpoints/PU_PoE_replicate_069.rds,16301,88ad8ca9216fc273f371072b607343eb,6f4cff3ce8a50337a3ff29dfd8bc2ebf26ae00e52dfb8fc5ca359de9e7ef0f7d,SIMULATION_100_GP_LINEAR_SCAR.zip,SIMULATION_100_FULL_PU_POE_LINEAR_GAUSSIAN_SBM_SCAR_MIXED_SIGNAL/production_checkpoints/PU_PoE_replicate_069.rds
GP_PU_PoE/production_checkpoints/PU_PoE_replicate_070.rds,16265,47c712bd5ea416661b0007e8d06313ca,180881595257c3962f6a4bd3b7fa2af4ce9e77b44b96470affd70fd8a7d4fe10,SIMULATION_100_GP_LINEAR_SCAR.zip,SIMULATION_100_FULL_PU_POE_LINEAR_GAUSSIAN_SBM_SCAR_MIXED_SIGNAL/production_checkpoints/PU_PoE_replicate_070.rds
GP_PU_PoE/production_checkpoints/PU_PoE_replicate_071.rds,16225,9903b55d1c0411d585c0151ccfe95662,1daeebcdddfe2a33f70c98a5275d1a852be09d9280e64cb5cf6370c99d333e53,SIMULATION_100_GP_LINEAR_SCAR.zip,SIMULATION_100_FULL_PU_POE_LINEAR_GAUSSIAN_SBM_SCAR_MIXED_SIGNAL/production_checkpoints/PU_PoE_replicate_071.rds
GP_PU_PoE/production_checkpoints/PU_PoE_replicate_072.rds,16284,af6e754e409b5692bfe4d9f0f1b36a0a,eed480876666c09c4f5f635be89dd36697e21121ec9f802b5d1f722a82f350b1,SIMULATION_100_GP_LINEAR_SCAR.zip,SIMULATION_100_FULL_PU_POE_LINEAR_GAUSSIAN_SBM_SCAR_MIXED_SIGNAL/production_checkpoints/PU_PoE_replicate_072.rds
GP_PU_PoE/production_checkpoints/PU_PoE_replicate_073.rds,16131,00efe3b2c37e69e2c8e0af027c668b32,ca2fbfc3e9ce9805d40487529e070dfb27978953dd70a1d2595dee070e962577,SIMULATION_100_GP_LINEAR_SCAR.zip,SIMULATION_100_FULL_PU_POE_LINEAR_GAUSSIAN_SBM_SCAR_MIXED_SIGNAL/production_checkpoints/PU_PoE_replicate_073.rds
GP_PU_PoE/production_checkpoints/PU_PoE_replicate_074.rds,16159,982863b1374e993ba69d422221a477ea,61bc3d7534dd4d01b111910f5e374fadc9e4ca79ac6e1176e5c8e1140dbf27fd,SIMULATION_100_GP_LINEAR_SCAR.zip,SIMULATION_100_FULL_PU_POE_LINEAR_GAUSSIAN_SBM_SCAR_MIXED_SIGNAL/production_checkpoints/PU_PoE_replicate_074.rds
GP_PU_PoE/production_checkpoints/PU_PoE_replicate_075.rds,16225,ec999832e37741bdf02f16e46caebceb,362cd3f07c0c04ffadcab49b3c07beae049dad81bd565f2930a6e73d20faa135,SIMULATION_100_GP_LINEAR_SCAR.zip,SIMULATION_100_FULL_PU_POE_LINEAR_GAUSSIAN_SBM_SCAR_MIXED_SIGNAL/production_checkpoints/PU_PoE_replicate_075.rds
GP_PU_PoE/production_checkpoints/PU_PoE_replicate_076.rds,16196,fc1c785b0dfad0433baa2dd5e416796c,ad070fa2f82f7a436f15dc2e2d2d06d255d1033196aa5307b51969b4ec9a37b5,SIMULATION_100_GP_LINEAR_SCAR.zip,SIMULATION_100_FULL_PU_POE_LINEAR_GAUSSIAN_SBM_SCAR_MIXED_SIGNAL/production_checkpoints/PU_PoE_replicate_076.rds
GP_PU_PoE/production_checkpoints/PU_PoE_replicate_077.rds,16273,853f03f5d0f4a15a7a4122eb6b8c3e59,71556d2b6219ce71ca7a3d3bd1e3853ea396159e4fb8b7e6d9a4b954c24ef3f1,SIMULATION_100_GP_LINEAR_SCAR.zip,SIMULATION_100_FULL_PU_POE_LINEAR_GAUSSIAN_SBM_SCAR_MIXED_SIGNAL/production_checkpoints/PU_PoE_replicate_077.rds
GP_PU_PoE/production_checkpoints/PU_PoE_replicate_078.rds,16122,fdd223a46d802a68298c9d0354ccf69a,14c82ec6a42a4fa1f62e23754cb6946eaa6f5d39490a4bba72effce1ec83e6be,SIMULATION_100_GP_LINEAR_SCAR.zip,SIMULATION_100_FULL_PU_POE_LINEAR_GAUSSIAN_SBM_SCAR_MIXED_SIGNAL/production_checkpoints/PU_PoE_replicate_078.rds
GP_PU_PoE/production_checkpoints/PU_PoE_replicate_079.rds,16171,93b569e7b6cb26a097a2d6bd180970ea,d3f5c9b39768850733074e66792009cf44da72fdac65f1add8d86a85ef01ca52,SIMULATION_100_GP_LINEAR_SCAR.zip,SIMULATION_100_FULL_PU_POE_LINEAR_GAUSSIAN_SBM_SCAR_MIXED_SIGNAL/production_checkpoints/PU_PoE_replicate_079.rds
GP_PU_PoE/production_checkpoints/PU_PoE_replicate_080.rds,16232,4daf87a88d9ce2e48220ef022a7ce2f6,92107269f82fccc46d86edb886c82729bbde2832707a8f344d284e6ea1a554e1,SIMULATION_100_GP_LINEAR_SCAR.zip,SIMULATION_100_FULL_PU_POE_LINEAR_GAUSSIAN_SBM_SCAR_MIXED_SIGNAL/production_checkpoints/PU_PoE_replicate_080.rds
GP_PU_PoE/production_checkpoints/PU_PoE_replicate_081.rds,16076,13c1649483adcf92d2f549ee5fa594ae,ec6890635a4135baf0ca653ac5b2bd29417d23bb4b649e51f9653546f6a35622,SIMULATION_100_GP_LINEAR_SCAR.zip,SIMULATION_100_FULL_PU_POE_LINEAR_GAUSSIAN_SBM_SCAR_MIXED_SIGNAL/production_checkpoints/PU_PoE_replicate_081.rds
GP_PU_PoE/production_checkpoints/PU_PoE_replicate_082.rds,16197,00ed206337273e63245ca6dd1a6a94f1,28aa29c2551a450d80de97b397b4ee3406371509e66b8ef2bed4ada7cb719c2b,SIMULATION_100_GP_LINEAR_SCAR.zip,SIMULATION_100_FULL_PU_POE_LINEAR_GAUSSIAN_SBM_SCAR_MIXED_SIGNAL/production_checkpoints/PU_PoE_replicate_082.rds
GP_PU_PoE/production_checkpoints/PU_PoE_replicate_083.rds,16366,2d891b420e019c4c56f74476d6627f3e,e816739b1a2b3cb05643268934da33f16bac18ef0b0c3b930230cb0200d0b324,SIMULATION_100_GP_LINEAR_SCAR.zip,SIMULATION_100_FULL_PU_POE_LINEAR_GAUSSIAN_SBM_SCAR_MIXED_SIGNAL/production_checkpoints/PU_PoE_replicate_083.rds
GP_PU_PoE/production_checkpoints/PU_PoE_replicate_084.rds,16116,fa3270b5ee924aec13616c900e79cdf4,5fa8388f677031cbe987e12b9bde703d0122cb8348a7d7f91c00c7b35e3acd7b,SIMULATION_100_GP_LINEAR_SCAR.zip,SIMULATION_100_FULL_PU_POE_LINEAR_GAUSSIAN_SBM_SCAR_MIXED_SIGNAL/production_checkpoints/PU_PoE_replicate_084.rds
GP_PU_PoE/production_checkpoints/PU_PoE_replicate_085.rds,16236,bfcf4fb652bdfa968bf08bafcf290675,c5b19c16b6c3f9ed60eeb0244b6cfcd924ed5a7615bae8820719bc59e92d3b9c,SIMULATION_100_GP_LINEAR_SCAR.zip,SIMULATION_100_FULL_PU_POE_LINEAR_GAUSSIAN_SBM_SCAR_MIXED_SIGNAL/production_checkpoints/PU_PoE_replicate_085.rds
GP_PU_PoE/production_checkpoints/PU_PoE_replicate_086.rds,16016,22768469c680282857ef435cb6d0eb66,1d13e2bcec8aacf6541291b9d2a8124390aa865d595cf25bdc6c1759408f39d3,SIMULATION_100_GP_LINEAR_SCAR.zip,SIMULATION_100_FULL_PU_POE_LINEAR_GAUSSIAN_SBM_SCAR_MIXED_SIGNAL/production_checkpoints/PU_PoE_replicate_086.rds
GP_PU_PoE/production_checkpoints/PU_PoE_replicate_087.rds,16325,d5d2eb6f95e9f37c1ee83382b81ea2d8,d376c30a19b39ea63ffc17681e4894b5a37b1ffa7223b10168dfd805be410a32,SIMULATION_100_GP_LINEAR_SCAR.zip,SIMULATION_100_FULL_PU_POE_LINEAR_GAUSSIAN_SBM_SCAR_MIXED_SIGNAL/production_checkpoints/PU_PoE_replicate_087.rds
GP_PU_PoE/production_checkpoints/PU_PoE_replicate_088.rds,16091,59e755a7fea058fd92e103240a485843,5b3f0621dd4a72ef0468d94c34aedb3b684edb7d45a0026dca5cfcf02eec0312,SIMULATION_100_GP_LINEAR_SCAR.zip,SIMULATION_100_FULL_PU_POE_LINEAR_GAUSSIAN_SBM_SCAR_MIXED_SIGNAL/production_checkpoints/PU_PoE_replicate_088.rds
GP_PU_PoE/production_checkpoints/PU_PoE_replicate_089.rds,16242,84edd5f37375b013e263c3ab153f9f7d,2ead3cca6d30f68bd0dd2c8a5b7aebafe6e14e0a1eb4f24c1ae974af8cebac2d,SIMULATION_100_GP_LINEAR_SCAR.zip,SIMULATION_100_FULL_PU_POE_LINEAR_GAUSSIAN_SBM_SCAR_MIXED_SIGNAL/production_checkpoints/PU_PoE_replicate_089.rds
GP_PU_PoE/production_checkpoints/PU_PoE_replicate_090.rds,16508,5cad3f4dce97df92d742041d453a4130,9f2f2001dc430be6373bf55e7c4103c8681c3f1a39b034d84461cb8d7877b019,SIMULATION_100_GP_LINEAR_SCAR.zip,SIMULATION_100_FULL_PU_POE_LINEAR_GAUSSIAN_SBM_SCAR_MIXED_SIGNAL/production_checkpoints/PU_PoE_replicate_090.rds
GP_PU_PoE/production_checkpoints/PU_PoE_replicate_091.rds,16376,d6dd821b11f626e531f4d0395dcbca18,6be31bedb6c6cfc3042226fb123e44081b944b0405da5f816ae61769fba01891,SIMULATION_100_GP_LINEAR_SCAR.zip,SIMULATION_100_FULL_PU_POE_LINEAR_GAUSSIAN_SBM_SCAR_MIXED_SIGNAL/production_checkpoints/PU_PoE_replicate_091.rds
GP_PU_PoE/production_checkpoints/PU_PoE_replicate_092.rds,16305,2a7b6fbe704ef5b91f0e63d2079ae80b,77c9f0cd24052a776217f695c6c0f4b6d97637dea03785206cbeed353ac4c78b,SIMULATION_100_GP_LINEAR_SCAR.zip,SIMULATION_100_FULL_PU_POE_LINEAR_GAUSSIAN_SBM_SCAR_MIXED_SIGNAL/production_checkpoints/PU_PoE_replicate_092.rds
GP_PU_PoE/production_checkpoints/PU_PoE_replicate_093.rds,16079,bfa4d51b8185f3eddf5ca0e44c6d3038,3e1e5979d4505bc4e90398ee7b5081548ee44e5cb551fa95b6f8fbfd76e152e5,SIMULATION_100_GP_LINEAR_SCAR.zip,SIMULATION_100_FULL_PU_POE_LINEAR_GAUSSIAN_SBM_SCAR_MIXED_SIGNAL/production_checkpoints/PU_PoE_replicate_093.rds
GP_PU_PoE/production_checkpoints/PU_PoE_replicate_094.rds,16390,ac9c6939abda6edb28326828a5e84efc,2a16833a257241a1c0a93d5365ff95c31d37b460ef585c0e999cbbf9516a1f52,SIMULATION_100_GP_LINEAR_SCAR.zip,SIMULATION_100_FULL_PU_POE_LINEAR_GAUSSIAN_SBM_SCAR_MIXED_SIGNAL/production_checkpoints/PU_PoE_replicate_094.rds
GP_PU_PoE/production_checkpoints/PU_PoE_replicate_095.rds,16205,c1fe254bd3aeff6b1b7481516a824077,f38c3ca23635e471a793ab9b431ce0573e72ac05c3d177aec9246ee8e6b41c98,SIMULATION_100_GP_LINEAR_SCAR.zip,SIMULATION_100_FULL_PU_POE_LINEAR_GAUSSIAN_SBM_SCAR_MIXED_SIGNAL/production_checkpoints/PU_PoE_replicate_095.rds
GP_PU_PoE/production_checkpoints/PU_PoE_replicate_096.rds,16297,f37157aa5655dddf39085f727b9b4b20,032b72fa933a96060823a7bd835593758b062283dd768f06209e602c8684fabf,SIMULATION_100_GP_LINEAR_SCAR.zip,SIMULATION_100_FULL_PU_POE_LINEAR_GAUSSIAN_SBM_SCAR_MIXED_SIGNAL/production_checkpoints/PU_PoE_replicate_096.rds
GP_PU_PoE/production_checkpoints/PU_PoE_replicate_097.rds,16211,4d33bca6bf4435e0c2093e42638a928f,63e1e7ed5f292e6955ead4ccd3ddf674c0f00e6acf3b6ebd445bacd647a5d991,SIMULATION_100_GP_LINEAR_SCAR.zip,SIMULATION_100_FULL_PU_POE_LINEAR_GAUSSIAN_SBM_SCAR_MIXED_SIGNAL/production_checkpoints/PU_PoE_replicate_097.rds
GP_PU_PoE/production_checkpoints/PU_PoE_replicate_098.rds,16243,9548c79876810150eaa1296d900704e7,fc061fc622b6ae1d43509d615e9d4bb16ce2e72883d16e486a73233776c8059f,SIMULATION_100_GP_LINEAR_SCAR.zip,SIMULATION_100_FULL_PU_POE_LINEAR_GAUSSIAN_SBM_SCAR_MIXED_SIGNAL/production_checkpoints/PU_PoE_replicate_098.rds
GP_PU_PoE/production_checkpoints/PU_PoE_replicate_099.rds,16152,56c78abeadd70ef98c783b04cbf3be63,aaa92dcd0304c0c6363a5f6681b4e1242e6c90727029c9a9416759efe1cd64f6,SIMULATION_100_GP_LINEAR_SCAR.zip,SIMULATION_100_FULL_PU_POE_LINEAR_GAUSSIAN_SBM_SCAR_MIXED_SIGNAL/production_checkpoints/PU_PoE_replicate_099.rds
GP_PU_PoE/production_checkpoints/PU_PoE_replicate_100.rds,16236,68b082828d9f5715319bc296fd118e62,eea644340474a8c4b76e48d279dea5655c7883e11c03a7a4f19431e4c97eece5,SIMULATION_100_GP_LINEAR_SCAR.zip,SIMULATION_100_FULL_PU_POE_LINEAR_GAUSSIAN_SBM_SCAR_MIXED_SIGNAL/production_checkpoints/PU_PoE_replicate_100.rds
GP_PU_PoE/sessionInfo_full_PU_PoE_linear_gaussian_SBM_SCAR_simulation.txt,831,72e730cac74d5133ff355ea8f6460da1,830e1a0b5fbd518422106820085b874f0fac1da9b841fdacc848bc54d67b694b,SIMULATION_100_GP_LINEAR_SCAR.zip,SIMULATION_100_FULL_PU_POE_LINEAR_GAUSSIAN_SBM_SCAR_MIXED_SIGNAL/sessionInfo_full_PU_PoE_linear_gaussian_SBM_SCAR_simulation.txt
GP_PU_PoE_beta0/GP_PU_PoE_mu0_linear_global_pilot_calibration_5_datasets.rds,5300,eeca6538f18d4b6fa9147a8acd18d6f9,98baaf6829f15af2b3315395f496e55ea201484643eb864228bfa6855b07a1f6,SIMULATION_100_GP_LINEAR_SCAR.zip,SIMULATION_100_GP_PU_POE_MU0_LINEAR_GAUSSIAN_SBM_SCAR/GP_PU_PoE_mu0_linear_global_pilot_calibration_5_datasets.rds
GP_PU_PoE_beta0/PU_PoE_mu0_FINAL_ETA_EVALUATION_TABLE.csv,902,b6cc216d356637e095ce9bbc40112bca,3cafbd75c9f6f0a87263ff1c11c55c685905a6eea92a07d06a28cbc92f5fd7bb,SIMULATION_100_GP_LINEAR_SCAR.zip,SIMULATION_100_GP_PU_POE_MU0_LINEAR_GAUSSIAN_SBM_SCAR/PU_PoE_mu0_FINAL_ETA_EVALUATION_TABLE.csv
GP_PU_PoE_beta0/PU_PoE_mu0_FINAL_MAIN_TABLE_means.csv,671,a6e8d2afeb8759366614691f70f81a3a,7baf62e6d05ac78d98b34b05ebb2f145831726707a1c2cce11212612b39fea3f,SIMULATION_100_GP_LINEAR_SCAR.zip,SIMULATION_100_GP_PU_POE_MU0_LINEAR_GAUSSIAN_SBM_SCAR/PU_PoE_mu0_FINAL_MAIN_TABLE_means.csv
GP_PU_PoE_beta0/PU_PoE_mu0_FINAL_PAPER_TABLE_mean_SD.csv,617,b6937da264cba698a61739fab403e992,e6dd6a3f1a00a5eca64872c6cfa91af5ee732c15f7230e715c74a1c5d9226f03,SIMULATION_100_GP_LINEAR_SCAR.zip,SIMULATION_100_GP_PU_POE_MU0_LINEAR_GAUSSIAN_SBM_SCAR/PU_PoE_mu0_FINAL_PAPER_TABLE_mean_SD.csv
GP_PU_PoE_beta0/PU_PoE_mu0_additional_diagnostic_summary.csv,4674,9c8885eb75242d8a72e7c981ed838648,4131c4bdfad952dcc9b0b172ea1b9dceda50ce32ac8c2624f8576d9204628943,SIMULATION_100_GP_LINEAR_SCAR.zip,SIMULATION_100_GP_PU_POE_MU0_LINEAR_GAUSSIAN_SBM_SCAR/PU_PoE_mu0_additional_diagnostic_summary.csv
GP_PU_PoE_beta0/PU_PoE_mu0_all_node_probabilities.csv,7518287,942521986459db22da32b30e1dcfda26,520a37a7b8e12884a687cc6f75f2f71a2263201e8cf0fc386a353abaab96b066,SIMULATION_100_GP_LINEAR_SCAR.zip,SIMULATION_100_GP_PU_POE_MU0_LINEAR_GAUSSIAN_SBM_SCAR/PU_PoE_mu0_all_node_probabilities.csv
GP_PU_PoE_beta0/PU_PoE_mu0_eta_descriptive_diagnostics_by_replicate.csv,33566,1622e96c58600bc4179ab8d58416cfd5,9ed88aa1c58bda5a459d7c696901d796246e87b649d8e01d398cca85c5bcbb59,SIMULATION_100_GP_LINEAR_SCAR.zip,SIMULATION_100_GP_PU_POE_MU0_LINEAR_GAUSSIAN_SBM_SCAR/PU_PoE_mu0_eta_descriptive_diagnostics_by_replicate.csv
GP_PU_PoE_beta0/PU_PoE_mu0_failure_log.csv,75,415762f6f66023fe900ed436193d8177,60663936722ba4f3844c53a264aa9a5abee70d0b3de51c9e713756443deae104,SIMULATION_100_GP_LINEAR_SCAR.zip,SIMULATION_100_GP_PU_POE_MU0_LINEAR_GAUSSIAN_SBM_SCAR/PU_PoE_mu0_failure_log.csv
GP_PU_PoE_beta0/PU_PoE_mu0_geometry_summary.csv,41457,3a3eac2f6d07bc3fce84238c64a45e5f,b1380e893c864b39353a36892294b9d558153ca6f33966638d237d4b5b7973ab,SIMULATION_100_GP_LINEAR_SCAR.zip,SIMULATION_100_GP_PU_POE_MU0_LINEAR_GAUSSIAN_SBM_SCAR/PU_PoE_mu0_geometry_summary.csv
GP_PU_PoE_beta0/PU_PoE_mu0_global_pilot_distribution_summary.csv,1197,b3d2d0ab2ed9596af39abcec002b730d,9b79cb4efa5b1b25eba3a1a642ac16b635e4d577d395f93b35e17b0b77c60d43,SIMULATION_100_GP_LINEAR_SCAR.zip,SIMULATION_100_GP_PU_POE_MU0_LINEAR_GAUSSIAN_SBM_SCAR/PU_PoE_mu0_global_pilot_distribution_summary.csv
GP_PU_PoE_beta0/PU_PoE_mu0_global_pilot_per_pilot_summary.csv,2481,eaa28bb53145e614ae5dc316131e7192,d3c6e409fe37b1dbe380e758ff66538e6dc46ff7e64a21ae6f545eb75d30558e,SIMULATION_100_GP_LINEAR_SCAR.zip,SIMULATION_100_GP_PU_POE_MU0_LINEAR_GAUSSIAN_SBM_SCAR/PU_PoE_mu0_global_pilot_per_pilot_summary.csv
GP_PU_PoE_beta0/PU_PoE_mu0_metric_summary_long.csv,3630,0fb9f5a7199f48a65a4646ab4c958f85,7ad179a4fdca8ebaea5da9e7b4396a78f918300d13978e792bf2f76cf632bca5,SIMULATION_100_GP_LINEAR_SCAR.zip,SIMULATION_100_GP_PU_POE_MU0_LINEAR_GAUSSIAN_SBM_SCAR/PU_PoE_mu0_metric_summary_long.csv
GP_PU_PoE_beta0/PU_PoE_mu0_metrics_by_replicate.csv,80914,78e756ff9feabeb051adf6ea66687b41,6dc3eb3769c8fab7b032919892d4e34ac43bedd94ebbd57ef7e5d81909f535bb,SIMULATION_100_GP_LINEAR_SCAR.zip,SIMULATION_100_GP_PU_POE_MU0_LINEAR_GAUSSIAN_SBM_SCAR/PU_PoE_mu0_metrics_by_replicate.csv
GP_PU_PoE_beta0/PU_PoE_mu0_pilot_prior_calibration_summary.csv,5485,a98c82274028b5b81f171b2a12a14174,0d89da541d6fcb148d72dff0f2b9e618955382cb5d78a25983bb7d2d51b9b36f,SIMULATION_100_GP_LINEAR_SCAR.zip,SIMULATION_100_GP_PU_POE_MU0_LINEAR_GAUSSIAN_SBM_SCAR/PU_PoE_mu0_pilot_prior_calibration_summary.csv
GP_PU_PoE_beta0/PU_PoE_mu0_pilot_seed_table.csv,146,f321e958fe0125633ac5794368543e9b,e651a97d97a33908a2e7218a42fa36092c20d8fc0c4a9c5e5f2338aa2e414fbc,SIMULATION_100_GP_LINEAR_SCAR.zip,SIMULATION_100_GP_PU_POE_MU0_LINEAR_GAUSSIAN_SBM_SCAR/PU_PoE_mu0_pilot_seed_table.csv
GP_PU_PoE_beta0/PU_PoE_mu0_prior_calibration_by_replicate.csv,117212,fca9e7c9a3a707215648054ffaffcd4c,be26af6e49db7a716624b09022f5734422a062c261c8d7e0b2127f1bc1b8233b,SIMULATION_100_GP_LINEAR_SCAR.zip,SIMULATION_100_GP_PU_POE_MU0_LINEAR_GAUSSIAN_SBM_SCAR/PU_PoE_mu0_prior_calibration_by_replicate.csv
GP_PU_PoE_beta0/PU_PoE_mu0_prior_calibration_distribution_summary.csv,2612,603c96caa93e3fb1cfca046b49eea04d,caf59fcb9350f31a98f11521e683b022af9dcef3852d754450c9434b7407fb29,SIMULATION_100_GP_LINEAR_SCAR.zip,SIMULATION_100_GP_PU_POE_MU0_LINEAR_GAUSSIAN_SBM_SCAR/PU_PoE_mu0_prior_calibration_distribution_summary.csv
GP_PU_PoE_beta0/PU_PoE_mu0_production_seed_table.csv,2237,edb84615bd00d0c39fd3d9447835fbc9,dc26f68f6d55a7bcd90f50ea1ebcacfba5c62eddef40a0d99e86706633be5f85,SIMULATION_100_GP_LINEAR_SCAR.zip,SIMULATION_100_GP_PU_POE_MU0_LINEAR_GAUSSIAN_SBM_SCAR/PU_PoE_mu0_production_seed_table.csv
GP_PU_PoE_beta0/PU_PoE_mu0_run_config.rds,3331,ab8405ddb675f3727f604dd160583fa2,b328af80a3c6cd8aeca2bb89f9aabc4a5efcce5325d3ea161f9b532c52f4a5bd,SIMULATION_100_GP_LINEAR_SCAR.zip,SIMULATION_100_GP_PU_POE_MU0_LINEAR_GAUSSIAN_SBM_SCAR/PU_PoE_mu0_run_config.rds
GP_PU_PoE_beta0/pilot_checkpoints/PU_PoE_mu0_pilot_01.rds,124572,f0071c6d58a051b51484dae1809fc464,b07f788423ba3242d62ddd30331ddc0be48553d20bca59c2398630146b9d8839,SIMULATION_100_GP_LINEAR_SCAR.zip,SIMULATION_100_GP_PU_POE_MU0_LINEAR_GAUSSIAN_SBM_SCAR/pilot_checkpoints/PU_PoE_mu0_pilot_01.rds
GP_PU_PoE_beta0/pilot_checkpoints/PU_PoE_mu0_pilot_02.rds,124288,90fcd951457ed6ce73f969cae42c9ac1,31373944467b2fce827e74612e3e955970239d2a2dc6e82b587ad19bbced86c9,SIMULATION_100_GP_LINEAR_SCAR.zip,SIMULATION_100_GP_PU_POE_MU0_LINEAR_GAUSSIAN_SBM_SCAR/pilot_checkpoints/PU_PoE_mu0_pilot_02.rds
GP_PU_PoE_beta0/pilot_checkpoints/PU_PoE_mu0_pilot_03.rds,122505,f4aed43f17c06dafd9cbce42a7c36868,f19630826ee8412c35b7e4152d6de682c58eeca8d726974b4840a5f934583914,SIMULATION_100_GP_LINEAR_SCAR.zip,SIMULATION_100_GP_PU_POE_MU0_LINEAR_GAUSSIAN_SBM_SCAR/pilot_checkpoints/PU_PoE_mu0_pilot_03.rds
GP_PU_PoE_beta0/pilot_checkpoints/PU_PoE_mu0_pilot_04.rds,122222,952719c29871e4fe4a31356b109c1b3a,bcec2d4c3b7131d35be12458af8cc182a59ce2ee35891eee244c4f95cb9c86de,SIMULATION_100_GP_LINEAR_SCAR.zip,SIMULATION_100_GP_PU_POE_MU0_LINEAR_GAUSSIAN_SBM_SCAR/pilot_checkpoints/PU_PoE_mu0_pilot_04.rds
GP_PU_PoE_beta0/pilot_checkpoints/PU_PoE_mu0_pilot_05.rds,123954,55d9de5bef6c4c1482624a7a3b60c8a0,05e8ce9860a002aae9d8ea4e7d1f599c4696731d1b4e836de004ebec36c2a89a,SIMULATION_100_GP_LINEAR_SCAR.zip,SIMULATION_100_GP_PU_POE_MU0_LINEAR_GAUSSIAN_SBM_SCAR/pilot_checkpoints/PU_PoE_mu0_pilot_05.rds
GP_PU_PoE_beta0/pilot_geometries/PU_PoE_mu0_pilot_01_geometry.rds,54519,43f2e39df07430bd066bc11cf2141e49,f597c067f3211eb93ecec6d57153ad4f7d1df6975e50458f22592703b8471c9e,SIMULATION_100_GP_LINEAR_SCAR.zip,SIMULATION_100_GP_PU_POE_MU0_LINEAR_GAUSSIAN_SBM_SCAR/pilot_geometries/PU_PoE_mu0_pilot_01_geometry.rds
GP_PU_PoE_beta0/pilot_geometries/PU_PoE_mu0_pilot_02_geometry.rds,54704,a616004b23950b33a54a40e657131a3a,94cd4cf6d834b30195c1e8385972d06eec8abc6604b3674a112bcb069d3b2741,SIMULATION_100_GP_LINEAR_SCAR.zip,SIMULATION_100_GP_PU_POE_MU0_LINEAR_GAUSSIAN_SBM_SCAR/pilot_geometries/PU_PoE_mu0_pilot_02_geometry.rds
GP_PU_PoE_beta0/pilot_geometries/PU_PoE_mu0_pilot_03_geometry.rds,54339,3b6a9afaf135b4c2a59290938724f470,05c90146a9a4219e85ca62ddd6358b51edc7646b044a5dd7b226d89250fd0419,SIMULATION_100_GP_LINEAR_SCAR.zip,SIMULATION_100_GP_PU_POE_MU0_LINEAR_GAUSSIAN_SBM_SCAR/pilot_geometries/PU_PoE_mu0_pilot_03_geometry.rds
GP_PU_PoE_beta0/pilot_geometries/PU_PoE_mu0_pilot_04_geometry.rds,54723,e6fd96d4e6ab655cf63a433e595a3007,d2f4bba0c534e96e55b1e3bbfa3ce7aca5432f7b6e131b3dc45e91523fae061c,SIMULATION_100_GP_LINEAR_SCAR.zip,SIMULATION_100_GP_PU_POE_MU0_LINEAR_GAUSSIAN_SBM_SCAR/pilot_geometries/PU_PoE_mu0_pilot_04_geometry.rds
GP_PU_PoE_beta0/pilot_geometries/PU_PoE_mu0_pilot_05_geometry.rds,54824,e36595e925c09d610ea6c2e90453aa05,5b45be33ac14e0fc724699dcbfb1f81e29adf26cbc54ef657eade06370cde61f,SIMULATION_100_GP_LINEAR_SCAR.zip,SIMULATION_100_GP_PU_POE_MU0_LINEAR_GAUSSIAN_SBM_SCAR/pilot_geometries/PU_PoE_mu0_pilot_05_geometry.rds
GP_PU_PoE_beta0/prior_calibrations/PU_PoE_mu0_pilot_01_prior_calibration.csv,1738,f8e48deb7c27ba232bcfdaba9f4a9bac,c97dc2b9dba92d633f3fc9f381241cdc54074c889101425aeab0c19ac3f1aad3,SIMULATION_100_GP_LINEAR_SCAR.zip,SIMULATION_100_GP_PU_POE_MU0_LINEAR_GAUSSIAN_SBM_SCAR/prior_calibrations/PU_PoE_mu0_pilot_01_prior_calibration.csv
GP_PU_PoE_beta0/prior_calibrations/PU_PoE_mu0_pilot_02_prior_calibration.csv,1739,201f463d166f454e77ec87f87d83284c,fa40e0b4f0a5cb8d1f65d35aca1291df32bc3f047bb96d74e07401af29bcb737,SIMULATION_100_GP_LINEAR_SCAR.zip,SIMULATION_100_GP_PU_POE_MU0_LINEAR_GAUSSIAN_SBM_SCAR/prior_calibrations/PU_PoE_mu0_pilot_02_prior_calibration.csv
GP_PU_PoE_beta0/prior_calibrations/PU_PoE_mu0_pilot_03_prior_calibration.csv,1739,9d7d9ba9a4ceda3a780076cb1f6be85a,03b9c59c83d609d05a3937f39f8fafa1cf680da4ed323ab2c8eeb6bec26ce817,SIMULATION_100_GP_LINEAR_SCAR.zip,SIMULATION_100_GP_PU_POE_MU0_LINEAR_GAUSSIAN_SBM_SCAR/prior_calibrations/PU_PoE_mu0_pilot_03_prior_calibration.csv
GP_PU_PoE_beta0/prior_calibrations/PU_PoE_mu0_pilot_04_prior_calibration.csv,1740,26e8f258691fa52a18a9922d493957f1,95e2e14959297c50f5f8e21d4a8434971034dbeb8a881ba6fa5d3ede20b2fe71,SIMULATION_100_GP_LINEAR_SCAR.zip,SIMULATION_100_GP_PU_POE_MU0_LINEAR_GAUSSIAN_SBM_SCAR/prior_calibrations/PU_PoE_mu0_pilot_04_prior_calibration.csv
GP_PU_PoE_beta0/prior_calibrations/PU_PoE_mu0_pilot_05_prior_calibration.csv,1733,94c772003ee3a70861723693c78d9040,fd3c9b53ed2469fd8c5415060595eb2e9781f697eb09a10992a1eedb828e9800,SIMULATION_100_GP_LINEAR_SCAR.zip,SIMULATION_100_GP_PU_POE_MU0_LINEAR_GAUSSIAN_SBM_SCAR/prior_calibrations/PU_PoE_mu0_pilot_05_prior_calibration.csv
GP_PU_PoE_beta0/prior_calibrations/PU_PoE_mu0_replicate_001_prior_calibration.csv,1984,bf930fa896736a26b836953ea0927706,9c7bc1a45eef55a65700a208270366796281dc87ecf492442c6b81fc2b160dca,SIMULATION_100_GP_LINEAR_SCAR.zip,SIMULATION_100_GP_PU_POE_MU0_LINEAR_GAUSSIAN_SBM_SCAR/prior_calibrations/PU_PoE_mu0_replicate_001_prior_calibration.csv
GP_PU_PoE_beta0/prior_calibrations/PU_PoE_mu0_replicate_002_prior_calibration.csv,1991,00761df860b1a6feeef5917c1355bdc4,d723b9ec0c3320742974ba5ffd16fb70e07b5f89a3c64ee6cc3153b884bb70fc,SIMULATION_100_GP_LINEAR_SCAR.zip,SIMULATION_100_GP_PU_POE_MU0_LINEAR_GAUSSIAN_SBM_SCAR/prior_calibrations/PU_PoE_mu0_replicate_002_prior_calibration.csv
GP_PU_PoE_beta0/prior_calibrations/PU_PoE_mu0_replicate_003_prior_calibration.csv,1990,2cae2e1085baee1a1347c448551a45a9,abd8e0671be32bfd7158c4bd5ecad8d5c6be4f006df77e92674b5efac65c8b5e,SIMULATION_100_GP_LINEAR_SCAR.zip,SIMULATION_100_GP_PU_POE_MU0_LINEAR_GAUSSIAN_SBM_SCAR/prior_calibrations/PU_PoE_mu0_replicate_003_prior_calibration.csv
GP_PU_PoE_beta0/prior_calibrations/PU_PoE_mu0_replicate_004_prior_calibration.csv,1986,f18e1aca622051a77c0ddd5bf5cc58a7,40d1ed2db5abbe32352191d84e9221f6713e4ccc5a2fc28fe653bab39c4558e8,SIMULATION_100_GP_LINEAR_SCAR.zip,SIMULATION_100_GP_PU_POE_MU0_LINEAR_GAUSSIAN_SBM_SCAR/prior_calibrations/PU_PoE_mu0_replicate_004_prior_calibration.csv
GP_PU_PoE_beta0/prior_calibrations/PU_PoE_mu0_replicate_005_prior_calibration.csv,1987,8bc16b5cd1f3f4b74e6d0e5d9230a6eb,d0fa18d69d80d7664b9845939b6e6c2e4b2ee1ca3ccd1d4264f38319ee00422f,SIMULATION_100_GP_LINEAR_SCAR.zip,SIMULATION_100_GP_PU_POE_MU0_LINEAR_GAUSSIAN_SBM_SCAR/prior_calibrations/PU_PoE_mu0_replicate_005_prior_calibration.csv
GP_PU_PoE_beta0/prior_calibrations/PU_PoE_mu0_replicate_006_prior_calibration.csv,1991,c1eb68e3382f23ce27bf4e11dea5e327,53ab99b97e117812c7a2b58d3dc6c81fa282a48b6488bd351c105abe443d9c36,SIMULATION_100_GP_LINEAR_SCAR.zip,SIMULATION_100_GP_PU_POE_MU0_LINEAR_GAUSSIAN_SBM_SCAR/prior_calibrations/PU_PoE_mu0_replicate_006_prior_calibration.csv
GP_PU_PoE_beta0/prior_calibrations/PU_PoE_mu0_replicate_007_prior_calibration.csv,1989,5c4fb61a0f75ee479a4f41bcb1114f5c,67006603f3d377da9fb24c5e9b84a04b606e0fb08cf95cd0d09346be3f8fbc79,SIMULATION_100_GP_LINEAR_SCAR.zip,SIMULATION_100_GP_PU_POE_MU0_LINEAR_GAUSSIAN_SBM_SCAR/prior_calibrations/PU_PoE_mu0_replicate_007_prior_calibration.csv
GP_PU_PoE_beta0/prior_calibrations/PU_PoE_mu0_replicate_008_prior_calibration.csv,1987,d9bc7fbfedb337a4f025da06c779581f,ee3a0076310b2b25c1bbb1d9c2aac001132bdf104a1fb1c9ac6c2d11c4f14e55,SIMULATION_100_GP_LINEAR_SCAR.zip,SIMULATION_100_GP_PU_POE_MU0_LINEAR_GAUSSIAN_SBM_SCAR/prior_calibrations/PU_PoE_mu0_replicate_008_prior_calibration.csv
GP_PU_PoE_beta0/prior_calibrations/PU_PoE_mu0_replicate_009_prior_calibration.csv,1990,b38651d795f6d3fb23fdfb433aa3948d,27516a300a2317421b5325a89e0d15643ca3ff01fcd62b5fc2e34a6a2d5bc76b,SIMULATION_100_GP_LINEAR_SCAR.zip,SIMULATION_100_GP_PU_POE_MU0_LINEAR_GAUSSIAN_SBM_SCAR/prior_calibrations/PU_PoE_mu0_replicate_009_prior_calibration.csv
GP_PU_PoE_beta0/prior_calibrations/PU_PoE_mu0_replicate_010_prior_calibration.csv,1986,9f5bdf5275ca293b6bec5bdbd087d52b,d7382715c8ffacc3e7da53c4ad1af542ac23dac2ce9ac1d3d692e763f44e69f3,SIMULATION_100_GP_LINEAR_SCAR.zip,SIMULATION_100_GP_PU_POE_MU0_LINEAR_GAUSSIAN_SBM_SCAR/prior_calibrations/PU_PoE_mu0_replicate_010_prior_calibration.csv
GP_PU_PoE_beta0/prior_calibrations/PU_PoE_mu0_replicate_011_prior_calibration.csv,1991,d9a4f6fd5d00ee02ca3e0b8f94c40c05,d4dedf3ffcb4ce7d5f07867016bdc8f465b41b5bf2129b7a7572877407da94cc,SIMULATION_100_GP_LINEAR_SCAR.zip,SIMULATION_100_GP_PU_POE_MU0_LINEAR_GAUSSIAN_SBM_SCAR/prior_calibrations/PU_PoE_mu0_replicate_011_prior_calibration.csv
GP_PU_PoE_beta0/prior_calibrations/PU_PoE_mu0_replicate_012_prior_calibration.csv,1989,7ffea82553fb58188e5789996292eb90,68c26d5f00ee309a94905eb2b34f2515166106bf9e459ed6ab21dfedbed8e938,SIMULATION_100_GP_LINEAR_SCAR.zip,SIMULATION_100_GP_PU_POE_MU0_LINEAR_GAUSSIAN_SBM_SCAR/prior_calibrations/PU_PoE_mu0_replicate_012_prior_calibration.csv
GP_PU_PoE_beta0/prior_calibrations/PU_PoE_mu0_replicate_013_prior_calibration.csv,1992,fcb06d6c3f4fe30064d0f9fda2d51295,024f1bebf103ea3e852e212864c456783af9b4da4d25dca9c367382f84ccfeaa,SIMULATION_100_GP_LINEAR_SCAR.zip,SIMULATION_100_GP_PU_POE_MU0_LINEAR_GAUSSIAN_SBM_SCAR/prior_calibrations/PU_PoE_mu0_replicate_013_prior_calibration.csv
GP_PU_PoE_beta0/prior_calibrations/PU_PoE_mu0_replicate_014_prior_calibration.csv,1993,8e29c1d2f8af2fe88236f73d587d86f4,6df8cf401a8c02325117ddac27b36090653029a8f40433504ab5cec62648f37e,SIMULATION_100_GP_LINEAR_SCAR.zip,SIMULATION_100_GP_PU_POE_MU0_LINEAR_GAUSSIAN_SBM_SCAR/prior_calibrations/PU_PoE_mu0_replicate_014_prior_calibration.csv
GP_PU_PoE_beta0/prior_calibrations/PU_PoE_mu0_replicate_015_prior_calibration.csv,1987,8191f94f9c5ba5c7504cab246ff779b0,ee300ff43ebf66c47580cae4a00da5d720b53330f9fd10fc5c264281a25764bd,SIMULATION_100_GP_LINEAR_SCAR.zip,SIMULATION_100_GP_PU_POE_MU0_LINEAR_GAUSSIAN_SBM_SCAR/prior_calibrations/PU_PoE_mu0_replicate_015_prior_calibration.csv
GP_PU_PoE_beta0/prior_calibrations/PU_PoE_mu0_replicate_016_prior_calibration.csv,1989,8401b59e11aa3e269a4b502fd60fa0b3,6b257b27a513fdafaa5dd168fbc2f3e84028d530b91f0d9cbd6c410f222aae63,SIMULATION_100_GP_LINEAR_SCAR.zip,SIMULATION_100_GP_PU_POE_MU0_LINEAR_GAUSSIAN_SBM_SCAR/prior_calibrations/PU_PoE_mu0_replicate_016_prior_calibration.csv
GP_PU_PoE_beta0/prior_calibrations/PU_PoE_mu0_replicate_017_prior_calibration.csv,1989,be56af3031a5b91f59cbeb55bc9d25d1,8a9a1ed81e2ba4b37096487d33b54a83a531046a2ddda03328a155165f193770,SIMULATION_100_GP_LINEAR_SCAR.zip,SIMULATION_100_GP_PU_POE_MU0_LINEAR_GAUSSIAN_SBM_SCAR/prior_calibrations/PU_PoE_mu0_replicate_017_prior_calibration.csv
GP_PU_PoE_beta0/prior_calibrations/PU_PoE_mu0_replicate_018_prior_calibration.csv,1990,50be1c33b497c19d3833f2977c5eb97c,1d7cf9395cee5d5b888ce0ac26f8d2db6c3523057b62639eb190658270c5fc34,SIMULATION_100_GP_LINEAR_SCAR.zip,SIMULATION_100_GP_PU_POE_MU0_LINEAR_GAUSSIAN_SBM_SCAR/prior_calibrations/PU_PoE_mu0_replicate_018_prior_calibration.csv
GP_PU_PoE_beta0/prior_calibrations/PU_PoE_mu0_replicate_019_prior_calibration.csv,1991,fecc01568cea314603aba691d16d3964,420947994b69dff9409c98a46265ad516b38f46ee03c906426a98feaeebb8fb8,SIMULATION_100_GP_LINEAR_SCAR.zip,SIMULATION_100_GP_PU_POE_MU0_LINEAR_GAUSSIAN_SBM_SCAR/prior_calibrations/PU_PoE_mu0_replicate_019_prior_calibration.csv
GP_PU_PoE_beta0/prior_calibrations/PU_PoE_mu0_replicate_020_prior_calibration.csv,1987,648c2e01b7f0a4891774d46da8c12145,0a4f65d93de141675a782653076660919383d4e8e46f0fcf8b52e44831ce4b30,SIMULATION_100_GP_LINEAR_SCAR.zip,SIMULATION_100_GP_PU_POE_MU0_LINEAR_GAUSSIAN_SBM_SCAR/prior_calibrations/PU_PoE_mu0_replicate_020_prior_calibration.csv
GP_PU_PoE_beta0/prior_calibrations/PU_PoE_mu0_replicate_021_prior_calibration.csv,1988,7bbe3aae84e687dffed6924fe2cae74b,f0a7b65808b17688ce97d250453225d112268aff6dc121e0f175e92737db4484,SIMULATION_100_GP_LINEAR_SCAR.zip,SIMULATION_100_GP_PU_POE_MU0_LINEAR_GAUSSIAN_SBM_SCAR/prior_calibrations/PU_PoE_mu0_replicate_021_prior_calibration.csv
GP_PU_PoE_beta0/prior_calibrations/PU_PoE_mu0_replicate_022_prior_calibration.csv,1989,014bcd22a2a9aaa02c3061dea8c07fe9,2cd09b0077315aceea771d659c88291f89a7fc9a7705b4a40e402f51c8abee1e,SIMULATION_100_GP_LINEAR_SCAR.zip,SIMULATION_100_GP_PU_POE_MU0_LINEAR_GAUSSIAN_SBM_SCAR/prior_calibrations/PU_PoE_mu0_replicate_022_prior_calibration.csv
GP_PU_PoE_beta0/prior_calibrations/PU_PoE_mu0_replicate_023_prior_calibration.csv,1992,2b76b4503722188edafa4fffe17eacde,c99cee5d0b65d1dcdaabbffb3ca2fdde88da902e666b48767f0a2f28bae31df6,SIMULATION_100_GP_LINEAR_SCAR.zip,SIMULATION_100_GP_PU_POE_MU0_LINEAR_GAUSSIAN_SBM_SCAR/prior_calibrations/PU_PoE_mu0_replicate_023_prior_calibration.csv
GP_PU_PoE_beta0/prior_calibrations/PU_PoE_mu0_replicate_024_prior_calibration.csv,1987,e5d67339fd561156f61adb98c4afad58,7d53386e3fb8815d87c41529800324603fbf4ae968d94a8e6139d0f0828bd35e,SIMULATION_100_GP_LINEAR_SCAR.zip,SIMULATION_100_GP_PU_POE_MU0_LINEAR_GAUSSIAN_SBM_SCAR/prior_calibrations/PU_PoE_mu0_replicate_024_prior_calibration.csv
GP_PU_PoE_beta0/prior_calibrations/PU_PoE_mu0_replicate_025_prior_calibration.csv,1991,cf2c06d0c517075c376133fd4390a5d8,ff3dde6db9073e7abdc0cbd1c5a1cd681a82ff2ac415b8e7ad31973402e3a81e,SIMULATION_100_GP_LINEAR_SCAR.zip,SIMULATION_100_GP_PU_POE_MU0_LINEAR_GAUSSIAN_SBM_SCAR/prior_calibrations/PU_PoE_mu0_replicate_025_prior_calibration.csv
GP_PU_PoE_beta0/prior_calibrations/PU_PoE_mu0_replicate_026_prior_calibration.csv,1991,67cde241a4defda0a30f29f86741c9e4,158b696aa994e35185f49530abadd9aba638d1f7e336cb0742b65d58596f1209,SIMULATION_100_GP_LINEAR_SCAR.zip,SIMULATION_100_GP_PU_POE_MU0_LINEAR_GAUSSIAN_SBM_SCAR/prior_calibrations/PU_PoE_mu0_replicate_026_prior_calibration.csv
GP_PU_PoE_beta0/prior_calibrations/PU_PoE_mu0_replicate_027_prior_calibration.csv,1990,65a69a5b86a27bc2e29ea27fe87e8081,0ec12fbc01a79ed4326c4c0a835415ebaf8f7e668a91091c13c97235bd51727d,SIMULATION_100_GP_LINEAR_SCAR.zip,SIMULATION_100_GP_PU_POE_MU0_LINEAR_GAUSSIAN_SBM_SCAR/prior_calibrations/PU_PoE_mu0_replicate_027_prior_calibration.csv
GP_PU_PoE_beta0/prior_calibrations/PU_PoE_mu0_replicate_028_prior_calibration.csv,1990,34ba7d8d1313b7e27436e75a482fdfcf,8ca8aba7b17a109a89360cdc2cb1b255969d2860f0b919e2cbbb9da447f03907,SIMULATION_100_GP_LINEAR_SCAR.zip,SIMULATION_100_GP_PU_POE_MU0_LINEAR_GAUSSIAN_SBM_SCAR/prior_calibrations/PU_PoE_mu0_replicate_028_prior_calibration.csv
GP_PU_PoE_beta0/prior_calibrations/PU_PoE_mu0_replicate_029_prior_calibration.csv,1987,a16dab735d46cb2b8089a012c8ca48e1,f11c5c8ea7b81e02e830bf2a3335b7d8509e07b67c3e45443bcf2d703f57bbd9,SIMULATION_100_GP_LINEAR_SCAR.zip,SIMULATION_100_GP_PU_POE_MU0_LINEAR_GAUSSIAN_SBM_SCAR/prior_calibrations/PU_PoE_mu0_replicate_029_prior_calibration.csv
GP_PU_PoE_beta0/prior_calibrations/PU_PoE_mu0_replicate_030_prior_calibration.csv,1984,c51fe29f03d3e44d6012d2d8f8c5dcde,7abbadae1205e0d3107af1ec9d244d446b9ecb46c375cd56efdaf14d9d5b24bd,SIMULATION_100_GP_LINEAR_SCAR.zip,SIMULATION_100_GP_PU_POE_MU0_LINEAR_GAUSSIAN_SBM_SCAR/prior_calibrations/PU_PoE_mu0_replicate_030_prior_calibration.csv
GP_PU_PoE_beta0/prior_calibrations/PU_PoE_mu0_replicate_031_prior_calibration.csv,1990,addc049263f388bb15dee907b82bd4a5,5881b1aa7945a3ae37fe7560aa86fac33fc9c6b524af62652e038ea41e1e45e2,SIMULATION_100_GP_LINEAR_SCAR.zip,SIMULATION_100_GP_PU_POE_MU0_LINEAR_GAUSSIAN_SBM_SCAR/prior_calibrations/PU_PoE_mu0_replicate_031_prior_calibration.csv
GP_PU_PoE_beta0/prior_calibrations/PU_PoE_mu0_replicate_032_prior_calibration.csv,1990,7929eef398103cc9f02613c967f161b5,b3460a319f29be8cedb6a2b044336a7f536e5b5819b01a498ce3e32d656f2bb6,SIMULATION_100_GP_LINEAR_SCAR.zip,SIMULATION_100_GP_PU_POE_MU0_LINEAR_GAUSSIAN_SBM_SCAR/prior_calibrations/PU_PoE_mu0_replicate_032_prior_calibration.csv
GP_PU_PoE_beta0/prior_calibrations/PU_PoE_mu0_replicate_033_prior_calibration.csv,1992,04b9f9b844bb5fc5dd84110f390996f1,0c1fc82e099d43a26c6ba28d8a458b246709bfb771df5ba9ddcbb12070eab3a4,SIMULATION_100_GP_LINEAR_SCAR.zip,SIMULATION_100_GP_PU_POE_MU0_LINEAR_GAUSSIAN_SBM_SCAR/prior_calibrations/PU_PoE_mu0_replicate_033_prior_calibration.csv
GP_PU_PoE_beta0/prior_calibrations/PU_PoE_mu0_replicate_034_prior_calibration.csv,1990,7683cc948f8543055c0daaa47bf4268e,f9868557e925e30b8fd2a1cb8913b49ab20662592ef5c21c4c4b7344684aef6d,SIMULATION_100_GP_LINEAR_SCAR.zip,SIMULATION_100_GP_PU_POE_MU0_LINEAR_GAUSSIAN_SBM_SCAR/prior_calibrations/PU_PoE_mu0_replicate_034_prior_calibration.csv
GP_PU_PoE_beta0/prior_calibrations/PU_PoE_mu0_replicate_035_prior_calibration.csv,1992,74c806e1358128150b92c4cecc412d2b,dd750d31af6f09ee7d578c422e08e55e94ae2bb91ebe877a2fa72cfa8ae526ed,SIMULATION_100_GP_LINEAR_SCAR.zip,SIMULATION_100_GP_PU_POE_MU0_LINEAR_GAUSSIAN_SBM_SCAR/prior_calibrations/PU_PoE_mu0_replicate_035_prior_calibration.csv
GP_PU_PoE_beta0/prior_calibrations/PU_PoE_mu0_replicate_036_prior_calibration.csv,1986,6867d6b68a9aafa73c9d96237d547017,e2589febc03501c994449ccd9ff86e787ad4162b2dcfb32b73d106d1f1f3e4f4,SIMULATION_100_GP_LINEAR_SCAR.zip,SIMULATION_100_GP_PU_POE_MU0_LINEAR_GAUSSIAN_SBM_SCAR/prior_calibrations/PU_PoE_mu0_replicate_036_prior_calibration.csv
GP_PU_PoE_beta0/prior_calibrations/PU_PoE_mu0_replicate_037_prior_calibration.csv,1992,05393144c2504ab13b49ddbea7fcf98a,460b73aa62541e99309d611eed9b6a71fcdd57736ce6a8a3ebf9e728e5f00343,SIMULATION_100_GP_LINEAR_SCAR.zip,SIMULATION_100_GP_PU_POE_MU0_LINEAR_GAUSSIAN_SBM_SCAR/prior_calibrations/PU_PoE_mu0_replicate_037_prior_calibration.csv
GP_PU_PoE_beta0/prior_calibrations/PU_PoE_mu0_replicate_038_prior_calibration.csv,1991,314b40e0b9b85d5aad4d3793df8a5664,f272e3167bb499eabb31e7fb91a042e63a5c2eba3fe0319694852e668dc8b6b9,SIMULATION_100_GP_LINEAR_SCAR.zip,SIMULATION_100_GP_PU_POE_MU0_LINEAR_GAUSSIAN_SBM_SCAR/prior_calibrations/PU_PoE_mu0_replicate_038_prior_calibration.csv
GP_PU_PoE_beta0/prior_calibrations/PU_PoE_mu0_replicate_039_prior_calibration.csv,1990,38b924fe152b03b26374534e323aec1f,8549b54b6cf7c3d18215ce328b8d59c59f84374cd3c993b8d28655ed5cb288ec,SIMULATION_100_GP_LINEAR_SCAR.zip,SIMULATION_100_GP_PU_POE_MU0_LINEAR_GAUSSIAN_SBM_SCAR/prior_calibrations/PU_PoE_mu0_replicate_039_prior_calibration.csv
GP_PU_PoE_beta0/prior_calibrations/PU_PoE_mu0_replicate_040_prior_calibration.csv,1990,a90ba5cbac832b8e0409bce75f700c0c,7f801dcd9c1e918e587ae98cbb4dfddec8504da5d64b48974576556f43afa40f,SIMULATION_100_GP_LINEAR_SCAR.zip,SIMULATION_100_GP_PU_POE_MU0_LINEAR_GAUSSIAN_SBM_SCAR/prior_calibrations/PU_PoE_mu0_replicate_040_prior_calibration.csv
GP_PU_PoE_beta0/prior_calibrations/PU_PoE_mu0_replicate_041_prior_calibration.csv,1990,461836b20374589e263c3fee1215f14e,4139d8aaf9da0e6826f9bbdd72b1fa36b582a7328179f9677a83e8e5a333a1fb,SIMULATION_100_GP_LINEAR_SCAR.zip,SIMULATION_100_GP_PU_POE_MU0_LINEAR_GAUSSIAN_SBM_SCAR/prior_calibrations/PU_PoE_mu0_replicate_041_prior_calibration.csv
GP_PU_PoE_beta0/prior_calibrations/PU_PoE_mu0_replicate_042_prior_calibration.csv,1992,efcbe87c27259b320cccc6ed2cf8971e,5d899906c5be46a763e5eb1db1135d3decf57ebbf81cc1e700fa5a3d11563767,SIMULATION_100_GP_LINEAR_SCAR.zip,SIMULATION_100_GP_PU_POE_MU0_LINEAR_GAUSSIAN_SBM_SCAR/prior_calibrations/PU_PoE_mu0_replicate_042_prior_calibration.csv
GP_PU_PoE_beta0/prior_calibrations/PU_PoE_mu0_replicate_043_prior_calibration.csv,1992,05857c258e6d7b90c5a6b48a9f074f81,13623202965fca4f3d771d47d415caca037d9e7e9b74aff7f1970e9611ce47e2,SIMULATION_100_GP_LINEAR_SCAR.zip,SIMULATION_100_GP_PU_POE_MU0_LINEAR_GAUSSIAN_SBM_SCAR/prior_calibrations/PU_PoE_mu0_replicate_043_prior_calibration.csv
GP_PU_PoE_beta0/prior_calibrations/PU_PoE_mu0_replicate_044_prior_calibration.csv,1991,bf8670121bcdd539fa785998035b806e,88f0613d209fcaa3e4fe7238b90a6a9b934545f54478ade94319ae7d9d56c05f,SIMULATION_100_GP_LINEAR_SCAR.zip,SIMULATION_100_GP_PU_POE_MU0_LINEAR_GAUSSIAN_SBM_SCAR/prior_calibrations/PU_PoE_mu0_replicate_044_prior_calibration.csv
GP_PU_PoE_beta0/prior_calibrations/PU_PoE_mu0_replicate_045_prior_calibration.csv,1992,b8f8ed9944d00332cbd8649a201bc99d,c5aaa5286260e66553908b7da591ad99c84749c6a61979d644baef92680df6c3,SIMULATION_100_GP_LINEAR_SCAR.zip,SIMULATION_100_GP_PU_POE_MU0_LINEAR_GAUSSIAN_SBM_SCAR/prior_calibrations/PU_PoE_mu0_replicate_045_prior_calibration.csv
GP_PU_PoE_beta0/prior_calibrations/PU_PoE_mu0_replicate_046_prior_calibration.csv,1988,b280a3233ffe168d7c6f933c83e030a2,afb215deb47fbc055af225d1e49e66e52f68b89eaa9607a4042a3e91fb0d5522,SIMULATION_100_GP_LINEAR_SCAR.zip,SIMULATION_100_GP_PU_POE_MU0_LINEAR_GAUSSIAN_SBM_SCAR/prior_calibrations/PU_PoE_mu0_replicate_046_prior_calibration.csv
GP_PU_PoE_beta0/prior_calibrations/PU_PoE_mu0_replicate_047_prior_calibration.csv,1991,88c2ae83dea3249e1789026012651995,5ed1bfd608614a6bb72ff6ec96b42c06e091696686aa689a10db6028eda69516,SIMULATION_100_GP_LINEAR_SCAR.zip,SIMULATION_100_GP_PU_POE_MU0_LINEAR_GAUSSIAN_SBM_SCAR/prior_calibrations/PU_PoE_mu0_replicate_047_prior_calibration.csv
GP_PU_PoE_beta0/prior_calibrations/PU_PoE_mu0_replicate_048_prior_calibration.csv,1993,3d2c8d7683d65689fd4159fb55fe3769,5cfb80fc210423cc84af6fc5b7b56ff816863145cc5d494802fd571b06ec01d0,SIMULATION_100_GP_LINEAR_SCAR.zip,SIMULATION_100_GP_PU_POE_MU0_LINEAR_GAUSSIAN_SBM_SCAR/prior_calibrations/PU_PoE_mu0_replicate_048_prior_calibration.csv
GP_PU_PoE_beta0/prior_calibrations/PU_PoE_mu0_replicate_049_prior_calibration.csv,1990,38257bb70c3ab76edd853d06faaf4ff8,0259a4b131425b269a30e7d74a8105f335cfca2a4bf21588ef5ed3793e5f50c9,SIMULATION_100_GP_LINEAR_SCAR.zip,SIMULATION_100_GP_PU_POE_MU0_LINEAR_GAUSSIAN_SBM_SCAR/prior_calibrations/PU_PoE_mu0_replicate_049_prior_calibration.csv
GP_PU_PoE_beta0/prior_calibrations/PU_PoE_mu0_replicate_050_prior_calibration.csv,1990,c768814dd548732ae0ff5fa55a5fb549,7f5cff88456c685ac5c445bae11802b8bd738b8f8a2cb0806585fc7fde0c7846,SIMULATION_100_GP_LINEAR_SCAR.zip,SIMULATION_100_GP_PU_POE_MU0_LINEAR_GAUSSIAN_SBM_SCAR/prior_calibrations/PU_PoE_mu0_replicate_050_prior_calibration.csv
GP_PU_PoE_beta0/prior_calibrations/PU_PoE_mu0_replicate_051_prior_calibration.csv,1987,2abbd1b5ba38075a662d30b73111d5b9,a9853b82a020b4b315d4580c888a534dcedfb2b91a1ec6de43adc97878416210,SIMULATION_100_GP_LINEAR_SCAR.zip,SIMULATION_100_GP_PU_POE_MU0_LINEAR_GAUSSIAN_SBM_SCAR/prior_calibrations/PU_PoE_mu0_replicate_051_prior_calibration.csv
GP_PU_PoE_beta0/prior_calibrations/PU_PoE_mu0_replicate_052_prior_calibration.csv,1989,9660c172d408bd8aaead0b4c16e70956,321a9dc51b991e66c325cefba18f63179b51ad0212f5c9388ee8d3f1e1c26706,SIMULATION_100_GP_LINEAR_SCAR.zip,SIMULATION_100_GP_PU_POE_MU0_LINEAR_GAUSSIAN_SBM_SCAR/prior_calibrations/PU_PoE_mu0_replicate_052_prior_calibration.csv
GP_PU_PoE_beta0/prior_calibrations/PU_PoE_mu0_replicate_053_prior_calibration.csv,1992,8a87b40d7b50989c76fef4c7ae742c26,4e429de91dafd7f7f62ed3c07b83e91de91b854ada067de2f394f19990ad7779,SIMULATION_100_GP_LINEAR_SCAR.zip,SIMULATION_100_GP_PU_POE_MU0_LINEAR_GAUSSIAN_SBM_SCAR/prior_calibrations/PU_PoE_mu0_replicate_053_prior_calibration.csv
GP_PU_PoE_beta0/prior_calibrations/PU_PoE_mu0_replicate_054_prior_calibration.csv,1986,c78a1101a1f86af687f66bfc6d59fb29,a1fea4c8c294a0af497da39904947beeac4fad7aebf87e05032ee1513417c20d,SIMULATION_100_GP_LINEAR_SCAR.zip,SIMULATION_100_GP_PU_POE_MU0_LINEAR_GAUSSIAN_SBM_SCAR/prior_calibrations/PU_PoE_mu0_replicate_054_prior_calibration.csv
GP_PU_PoE_beta0/prior_calibrations/PU_PoE_mu0_replicate_055_prior_calibration.csv,1989,3a3f043f583c01f7f9ad455723760004,c11b16669c624e42c6d50670b62251f3d2173507363adf393275bec858da7227,SIMULATION_100_GP_LINEAR_SCAR.zip,SIMULATION_100_GP_PU_POE_MU0_LINEAR_GAUSSIAN_SBM_SCAR/prior_calibrations/PU_PoE_mu0_replicate_055_prior_calibration.csv
GP_PU_PoE_beta0/prior_calibrations/PU_PoE_mu0_replicate_056_prior_calibration.csv,1990,7bcac6913217bb6e451628d44177b45d,d31782109edfc7ca3d2ba71b49fa19c5eca7e7755825b5ef9a4a58d2c7a12003,SIMULATION_100_GP_LINEAR_SCAR.zip,SIMULATION_100_GP_PU_POE_MU0_LINEAR_GAUSSIAN_SBM_SCAR/prior_calibrations/PU_PoE_mu0_replicate_056_prior_calibration.csv
GP_PU_PoE_beta0/prior_calibrations/PU_PoE_mu0_replicate_057_prior_calibration.csv,1984,d5c3d35bdccc3333969c9a7cc1e785d7,7b1f7826aecf89a59024ccee4218c7e369745f5ccc39dc9323bb2f9a9d4f332d,SIMULATION_100_GP_LINEAR_SCAR.zip,SIMULATION_100_GP_PU_POE_MU0_LINEAR_GAUSSIAN_SBM_SCAR/prior_calibrations/PU_PoE_mu0_replicate_057_prior_calibration.csv
GP_PU_PoE_beta0/prior_calibrations/PU_PoE_mu0_replicate_058_prior_calibration.csv,1989,f9ae61d3881b5447c4852d140438e419,e8107514972cb556f4e0d05ac3e7f759027102055ab76ad4a3de16ebcc796f59,SIMULATION_100_GP_LINEAR_SCAR.zip,SIMULATION_100_GP_PU_POE_MU0_LINEAR_GAUSSIAN_SBM_SCAR/prior_calibrations/PU_PoE_mu0_replicate_058_prior_calibration.csv
GP_PU_PoE_beta0/prior_calibrations/PU_PoE_mu0_replicate_059_prior_calibration.csv,1992,c35d6dcec92cb577ddf51c14fd994e43,c8f4a6ceb64c188c54aa2ae5f570053c2b2b69cf7b924dc63fce7b2a474139a1,SIMULATION_100_GP_LINEAR_SCAR.zip,SIMULATION_100_GP_PU_POE_MU0_LINEAR_GAUSSIAN_SBM_SCAR/prior_calibrations/PU_PoE_mu0_replicate_059_prior_calibration.csv
GP_PU_PoE_beta0/prior_calibrations/PU_PoE_mu0_replicate_060_prior_calibration.csv,1990,f69b246e27658fe7147e0963cd64b3cc,edc247f012ff94b14d28d45bc620dd4158ffe7dc3586aa203648887c36ab3e85,SIMULATION_100_GP_LINEAR_SCAR.zip,SIMULATION_100_GP_PU_POE_MU0_LINEAR_GAUSSIAN_SBM_SCAR/prior_calibrations/PU_PoE_mu0_replicate_060_prior_calibration.csv
GP_PU_PoE_beta0/prior_calibrations/PU_PoE_mu0_replicate_061_prior_calibration.csv,1992,c77f426edeeb5769bacc04d54d32c4fb,419f14c978fb9c7cd9d401ef79161e3d677a74f41bf0398dd4e6cc614770a747,SIMULATION_100_GP_LINEAR_SCAR.zip,SIMULATION_100_GP_PU_POE_MU0_LINEAR_GAUSSIAN_SBM_SCAR/prior_calibrations/PU_PoE_mu0_replicate_061_prior_calibration.csv
GP_PU_PoE_beta0/prior_calibrations/PU_PoE_mu0_replicate_062_prior_calibration.csv,1992,809a353c6ee8a834001f5e8849864067,44cddacd68431506ccff90ab1b459c88cc6756892e47fe70ba43447caf912b54,SIMULATION_100_GP_LINEAR_SCAR.zip,SIMULATION_100_GP_PU_POE_MU0_LINEAR_GAUSSIAN_SBM_SCAR/prior_calibrations/PU_PoE_mu0_replicate_062_prior_calibration.csv
GP_PU_PoE_beta0/prior_calibrations/PU_PoE_mu0_replicate_063_prior_calibration.csv,1992,6e46171c00a3a4f7f5203bdfd7814b63,32dc487eca8c89b4f0dd560822c6a8ff77dd698c32f5aeadc4be1718968dc48f,SIMULATION_100_GP_LINEAR_SCAR.zip,SIMULATION_100_GP_PU_POE_MU0_LINEAR_GAUSSIAN_SBM_SCAR/prior_calibrations/PU_PoE_mu0_replicate_063_prior_calibration.csv
GP_PU_PoE_beta0/prior_calibrations/PU_PoE_mu0_replicate_064_prior_calibration.csv,1984,6f1617d6f4f71c3b89ab44bc52185135,9f0ecb418f40d312503356809e6ab5c5b5c37c3526711b41a1f00d334c931723,SIMULATION_100_GP_LINEAR_SCAR.zip,SIMULATION_100_GP_PU_POE_MU0_LINEAR_GAUSSIAN_SBM_SCAR/prior_calibrations/PU_PoE_mu0_replicate_064_prior_calibration.csv
GP_PU_PoE_beta0/prior_calibrations/PU_PoE_mu0_replicate_065_prior_calibration.csv,1990,352a8353e4c893e09d93343b0a49b97e,87fa1967ee6b04a25915793003293ec59ff2ba101341dce5b85d9ce84cac3864,SIMULATION_100_GP_LINEAR_SCAR.zip,SIMULATION_100_GP_PU_POE_MU0_LINEAR_GAUSSIAN_SBM_SCAR/prior_calibrations/PU_PoE_mu0_replicate_065_prior_calibration.csv
GP_PU_PoE_beta0/prior_calibrations/PU_PoE_mu0_replicate_066_prior_calibration.csv,1988,40c3281e37d7565285fe5dc17e632b73,04dfbec8994b56faddbf00e13ac75361e02e518ef125d80fcb2f02bc4a0d9ca1,SIMULATION_100_GP_LINEAR_SCAR.zip,SIMULATION_100_GP_PU_POE_MU0_LINEAR_GAUSSIAN_SBM_SCAR/prior_calibrations/PU_PoE_mu0_replicate_066_prior_calibration.csv
GP_PU_PoE_beta0/prior_calibrations/PU_PoE_mu0_replicate_067_prior_calibration.csv,1991,eda2c5c16694c1cebb4e51014c9a19fa,ad7139676350c89ac79a7d84a50f8b72eda77dddd1f22ddbf8e5ac018171fa3e,SIMULATION_100_GP_LINEAR_SCAR.zip,SIMULATION_100_GP_PU_POE_MU0_LINEAR_GAUSSIAN_SBM_SCAR/prior_calibrations/PU_PoE_mu0_replicate_067_prior_calibration.csv
GP_PU_PoE_beta0/prior_calibrations/PU_PoE_mu0_replicate_068_prior_calibration.csv,1987,2346730afef2eb73a021f8f435dc26ab,abc2ad53f6ccfed79902e57d149f849cd737618d11007be28b2408de90570b01,SIMULATION_100_GP_LINEAR_SCAR.zip,SIMULATION_100_GP_PU_POE_MU0_LINEAR_GAUSSIAN_SBM_SCAR/prior_calibrations/PU_PoE_mu0_replicate_068_prior_calibration.csv
GP_PU_PoE_beta0/prior_calibrations/PU_PoE_mu0_replicate_069_prior_calibration.csv,1992,43e347ed23145e3a20f2bff34da41a36,f9cdc9c924db023a5e4cde4b7648365b5029b051978623461feeb57a77d2ddee,SIMULATION_100_GP_LINEAR_SCAR.zip,SIMULATION_100_GP_PU_POE_MU0_LINEAR_GAUSSIAN_SBM_SCAR/prior_calibrations/PU_PoE_mu0_replicate_069_prior_calibration.csv
GP_PU_PoE_beta0/prior_calibrations/PU_PoE_mu0_replicate_070_prior_calibration.csv,1991,96182d6e0eeabef74aed19307b14468a,406acaed565abe6c434312b3c095f56f328d167340eed6bcb4f0a741efb388f2,SIMULATION_100_GP_LINEAR_SCAR.zip,SIMULATION_100_GP_PU_POE_MU0_LINEAR_GAUSSIAN_SBM_SCAR/prior_calibrations/PU_PoE_mu0_replicate_070_prior_calibration.csv
GP_PU_PoE_beta0/prior_calibrations/PU_PoE_mu0_replicate_071_prior_calibration.csv,1991,6ac2e0d81710bf0f4a434061167e843c,4ae8754e4358f06110a09f6eb25631d275da0dcf526a394654390ef06bf750f0,SIMULATION_100_GP_LINEAR_SCAR.zip,SIMULATION_100_GP_PU_POE_MU0_LINEAR_GAUSSIAN_SBM_SCAR/prior_calibrations/PU_PoE_mu0_replicate_071_prior_calibration.csv
GP_PU_PoE_beta0/prior_calibrations/PU_PoE_mu0_replicate_072_prior_calibration.csv,1991,72a342394af557277cf23d256b1a223b,5d260a7d76a7cd9fd09669515c18920b1907e957e3cf164533a860c4a739507c,SIMULATION_100_GP_LINEAR_SCAR.zip,SIMULATION_100_GP_PU_POE_MU0_LINEAR_GAUSSIAN_SBM_SCAR/prior_calibrations/PU_PoE_mu0_replicate_072_prior_calibration.csv
GP_PU_PoE_beta0/prior_calibrations/PU_PoE_mu0_replicate_073_prior_calibration.csv,1993,67eb8a4777656e6c453bcf5d2de8b353,64bb9dbe3db48cf702fb4e91ccd6802c15146e9b58e12cc3f7005a85ea6628c1,SIMULATION_100_GP_LINEAR_SCAR.zip,SIMULATION_100_GP_PU_POE_MU0_LINEAR_GAUSSIAN_SBM_SCAR/prior_calibrations/PU_PoE_mu0_replicate_073_prior_calibration.csv
GP_PU_PoE_beta0/prior_calibrations/PU_PoE_mu0_replicate_074_prior_calibration.csv,1989,bd23007989d9d763bed00a8a59188530,e853c83f99a7659639c802b89415f0a1ea2409976f26115dcc3c1a41a37314ea,SIMULATION_100_GP_LINEAR_SCAR.zip,SIMULATION_100_GP_PU_POE_MU0_LINEAR_GAUSSIAN_SBM_SCAR/prior_calibrations/PU_PoE_mu0_replicate_074_prior_calibration.csv
GP_PU_PoE_beta0/prior_calibrations/PU_PoE_mu0_replicate_075_prior_calibration.csv,1990,7151db197e36de0f036f9261feab8e50,91a094f03297bd737a12bac69896396cfe4ea3ad15cfe8fe0a20c257532e78fd,SIMULATION_100_GP_LINEAR_SCAR.zip,SIMULATION_100_GP_PU_POE_MU0_LINEAR_GAUSSIAN_SBM_SCAR/prior_calibrations/PU_PoE_mu0_replicate_075_prior_calibration.csv
GP_PU_PoE_beta0/prior_calibrations/PU_PoE_mu0_replicate_076_prior_calibration.csv,1986,b7cbd829cdd25722d85db7fa37119342,5b9a6837d458749f1b7df7df8094d76b21f53060425ab24f02d48bdaa05d37c1,SIMULATION_100_GP_LINEAR_SCAR.zip,SIMULATION_100_GP_PU_POE_MU0_LINEAR_GAUSSIAN_SBM_SCAR/prior_calibrations/PU_PoE_mu0_replicate_076_prior_calibration.csv
GP_PU_PoE_beta0/prior_calibrations/PU_PoE_mu0_replicate_077_prior_calibration.csv,1992,5f21332423ebdbec4ca91673945a64b7,ba21ba8ea79dddbc16d0a0a6a906adbc21a02ca6a83b2e69d3590706ede3a397,SIMULATION_100_GP_LINEAR_SCAR.zip,SIMULATION_100_GP_PU_POE_MU0_LINEAR_GAUSSIAN_SBM_SCAR/prior_calibrations/PU_PoE_mu0_replicate_077_prior_calibration.csv
GP_PU_PoE_beta0/prior_calibrations/PU_PoE_mu0_replicate_078_prior_calibration.csv,1991,f1fd46d07cfd90149b0f082f70376643,56181ffd343fd319e48048d09cb636a3b6f3ce2afb2d7dec8387059c83ae7bca,SIMULATION_100_GP_LINEAR_SCAR.zip,SIMULATION_100_GP_PU_POE_MU0_LINEAR_GAUSSIAN_SBM_SCAR/prior_calibrations/PU_PoE_mu0_replicate_078_prior_calibration.csv
GP_PU_PoE_beta0/prior_calibrations/PU_PoE_mu0_replicate_079_prior_calibration.csv,1991,9e16932285930b900e4d6483f5bea847,57f057aff00371bc15263d9805e9c39707afb491adb2868dc8ffde704264ac30,SIMULATION_100_GP_LINEAR_SCAR.zip,SIMULATION_100_GP_PU_POE_MU0_LINEAR_GAUSSIAN_SBM_SCAR/prior_calibrations/PU_PoE_mu0_replicate_079_prior_calibration.csv
GP_PU_PoE_beta0/prior_calibrations/PU_PoE_mu0_replicate_080_prior_calibration.csv,1992,1ed084dce84175b1a5f26e0dd5c796cd,1dcb431bb514b8aac456aa62cb2ece3c06286eb75eecd6c29778a3f081f42091,SIMULATION_100_GP_LINEAR_SCAR.zip,SIMULATION_100_GP_PU_POE_MU0_LINEAR_GAUSSIAN_SBM_SCAR/prior_calibrations/PU_PoE_mu0_replicate_080_prior_calibration.csv
GP_PU_PoE_beta0/prior_calibrations/PU_PoE_mu0_replicate_081_prior_calibration.csv,1990,3fdda39ced035771051f00622e0d9b73,710b6e47a2fc22be85dd48bb27fd995985a8a791bdda88a0ef5f4634aa2f94f1,SIMULATION_100_GP_LINEAR_SCAR.zip,SIMULATION_100_GP_PU_POE_MU0_LINEAR_GAUSSIAN_SBM_SCAR/prior_calibrations/PU_PoE_mu0_replicate_081_prior_calibration.csv
GP_PU_PoE_beta0/prior_calibrations/PU_PoE_mu0_replicate_082_prior_calibration.csv,1990,f46c43a1d1dfd0e4f50dc76aded8aacd,faf75f0358da5925e59a3e7e441bcbe358f0097ec32c481616b2fa6020b84b3f,SIMULATION_100_GP_LINEAR_SCAR.zip,SIMULATION_100_GP_PU_POE_MU0_LINEAR_GAUSSIAN_SBM_SCAR/prior_calibrations/PU_PoE_mu0_replicate_082_prior_calibration.csv
GP_PU_PoE_beta0/prior_calibrations/PU_PoE_mu0_replicate_083_prior_calibration.csv,1990,a46399dbccfe64446fef9ddf09340aeb,168e336e4994be2f3af559122287739fdde33fdee9452e4b2324dd0d2aa7eb98,SIMULATION_100_GP_LINEAR_SCAR.zip,SIMULATION_100_GP_PU_POE_MU0_LINEAR_GAUSSIAN_SBM_SCAR/prior_calibrations/PU_PoE_mu0_replicate_083_prior_calibration.csv
GP_PU_PoE_beta0/prior_calibrations/PU_PoE_mu0_replicate_084_prior_calibration.csv,1992,35234ab02d512dcc1d80c4ca4b76053b,ca6a5b5103f3ded007f273fb49d682c52c35e490dc035266fcd093240ee2a1f8,SIMULATION_100_GP_LINEAR_SCAR.zip,SIMULATION_100_GP_PU_POE_MU0_LINEAR_GAUSSIAN_SBM_SCAR/prior_calibrations/PU_PoE_mu0_replicate_084_prior_calibration.csv
GP_PU_PoE_beta0/prior_calibrations/PU_PoE_mu0_replicate_085_prior_calibration.csv,1993,cc80c6871517dab40d01748677f6d195,9fca8e030ab7bba25c0ea70d391f6e12577851ef3597acf7923c91405252b192,SIMULATION_100_GP_LINEAR_SCAR.zip,SIMULATION_100_GP_PU_POE_MU0_LINEAR_GAUSSIAN_SBM_SCAR/prior_calibrations/PU_PoE_mu0_replicate_085_prior_calibration.csv
GP_PU_PoE_beta0/prior_calibrations/PU_PoE_mu0_replicate_086_prior_calibration.csv,1989,e0da24ee4af23593fa5f3ab07cf0527c,f4db25f5fd2e83d011e8102fa24cb4338e927e7c49c2869677348dcadfeb6b54,SIMULATION_100_GP_LINEAR_SCAR.zip,SIMULATION_100_GP_PU_POE_MU0_LINEAR_GAUSSIAN_SBM_SCAR/prior_calibrations/PU_PoE_mu0_replicate_086_prior_calibration.csv
GP_PU_PoE_beta0/prior_calibrations/PU_PoE_mu0_replicate_087_prior_calibration.csv,1992,0135e0c93394c8181ea577c3bf86fffc,987c58fd759f2f630293e5ba6ee0b5cd1012934a6758f85ca50a19788e9071fd,SIMULATION_100_GP_LINEAR_SCAR.zip,SIMULATION_100_GP_PU_POE_MU0_LINEAR_GAUSSIAN_SBM_SCAR/prior_calibrations/PU_PoE_mu0_replicate_087_prior_calibration.csv
GP_PU_PoE_beta0/prior_calibrations/PU_PoE_mu0_replicate_088_prior_calibration.csv,1991,9214b0915fd53daea9b42c31c11cc37c,ad9ccc4955e6f81c6012b8e56185899358995491c60169e89f81a73de9bf92be,SIMULATION_100_GP_LINEAR_SCAR.zip,SIMULATION_100_GP_PU_POE_MU0_LINEAR_GAUSSIAN_SBM_SCAR/prior_calibrations/PU_PoE_mu0_replicate_088_prior_calibration.csv
GP_PU_PoE_beta0/prior_calibrations/PU_PoE_mu0_replicate_089_prior_calibration.csv,1989,2228d77a6890ef222f7f787ed48ac334,266a90469f682f78af5618682ddd6f3fc44198a57b3035ac3b072af6f9bafc0e,SIMULATION_100_GP_LINEAR_SCAR.zip,SIMULATION_100_GP_PU_POE_MU0_LINEAR_GAUSSIAN_SBM_SCAR/prior_calibrations/PU_PoE_mu0_replicate_089_prior_calibration.csv
GP_PU_PoE_beta0/prior_calibrations/PU_PoE_mu0_replicate_090_prior_calibration.csv,1993,bf46caf4362faa8b9776d205ea6f2d5c,08149fbd2ba6721ed4bfcd17578a68bb7e53080370d97d5c5de4868b2e970b57,SIMULATION_100_GP_LINEAR_SCAR.zip,SIMULATION_100_GP_PU_POE_MU0_LINEAR_GAUSSIAN_SBM_SCAR/prior_calibrations/PU_PoE_mu0_replicate_090_prior_calibration.csv
GP_PU_PoE_beta0/prior_calibrations/PU_PoE_mu0_replicate_091_prior_calibration.csv,1994,9c866428c41b1aa6a7a42a3bed3de93e,589dc9b250e4d7455403fe998920f12bac59ff3e8ca353958d2ea8eb29c8b17b,SIMULATION_100_GP_LINEAR_SCAR.zip,SIMULATION_100_GP_PU_POE_MU0_LINEAR_GAUSSIAN_SBM_SCAR/prior_calibrations/PU_PoE_mu0_replicate_091_prior_calibration.csv
GP_PU_PoE_beta0/prior_calibrations/PU_PoE_mu0_replicate_092_prior_calibration.csv,1991,1ae75a19e2f2af41d30bcbc7509dd30e,50c2b35cfffe64d9a438c67648ce226c9987a52e3a8cff71e4e19a25505accdc,SIMULATION_100_GP_LINEAR_SCAR.zip,SIMULATION_100_GP_PU_POE_MU0_LINEAR_GAUSSIAN_SBM_SCAR/prior_calibrations/PU_PoE_mu0_replicate_092_prior_calibration.csv
GP_PU_PoE_beta0/prior_calibrations/PU_PoE_mu0_replicate_093_prior_calibration.csv,1990,ca17280049d85eb13a2b7be0a40cf803,55cebe39ac4aed43e12ec29c6c5effdff4494a39763776302ae5c42572176cda,SIMULATION_100_GP_LINEAR_SCAR.zip,SIMULATION_100_GP_PU_POE_MU0_LINEAR_GAUSSIAN_SBM_SCAR/prior_calibrations/PU_PoE_mu0_replicate_093_prior_calibration.csv
GP_PU_PoE_beta0/prior_calibrations/PU_PoE_mu0_replicate_094_prior_calibration.csv,1991,8ee0c64036aeb15736d78787f839a03e,6fd3d9740750c9203531ce002725511321e413896858661f84d45d740908c45a,SIMULATION_100_GP_LINEAR_SCAR.zip,SIMULATION_100_GP_PU_POE_MU0_LINEAR_GAUSSIAN_SBM_SCAR/prior_calibrations/PU_PoE_mu0_replicate_094_prior_calibration.csv
GP_PU_PoE_beta0/prior_calibrations/PU_PoE_mu0_replicate_095_prior_calibration.csv,1991,7f89855126c09399c0373fb10dd7fa29,5b953b8d2032537324a5c633f885453d9a828d7d5cfe7ff5afc9d957ceb5579a,SIMULATION_100_GP_LINEAR_SCAR.zip,SIMULATION_100_GP_PU_POE_MU0_LINEAR_GAUSSIAN_SBM_SCAR/prior_calibrations/PU_PoE_mu0_replicate_095_prior_calibration.csv
GP_PU_PoE_beta0/prior_calibrations/PU_PoE_mu0_replicate_096_prior_calibration.csv,1990,3205268cf145275f586b5d1ac802e034,3724281e24b3c70cd2b3e9ade8c9f7f09b90ec3ca3093c9388a2010e03b7d043,SIMULATION_100_GP_LINEAR_SCAR.zip,SIMULATION_100_GP_PU_POE_MU0_LINEAR_GAUSSIAN_SBM_SCAR/prior_calibrations/PU_PoE_mu0_replicate_096_prior_calibration.csv
GP_PU_PoE_beta0/prior_calibrations/PU_PoE_mu0_replicate_097_prior_calibration.csv,1989,02c9de656384618e5ccb80b87ff9ba28,3f08390a365d9a91318ce1eb0f02eb33259ee4041879e274649db316d0d3ef44,SIMULATION_100_GP_LINEAR_SCAR.zip,SIMULATION_100_GP_PU_POE_MU0_LINEAR_GAUSSIAN_SBM_SCAR/prior_calibrations/PU_PoE_mu0_replicate_097_prior_calibration.csv
GP_PU_PoE_beta0/prior_calibrations/PU_PoE_mu0_replicate_098_prior_calibration.csv,1988,c6b1b5ce5607e09def80eb0f0f856339,8624aeb5c085db051f833fcad044c368eb10d687096d73c4d0e4156e3e8592c9,SIMULATION_100_GP_LINEAR_SCAR.zip,SIMULATION_100_GP_PU_POE_MU0_LINEAR_GAUSSIAN_SBM_SCAR/prior_calibrations/PU_PoE_mu0_replicate_098_prior_calibration.csv
GP_PU_PoE_beta0/prior_calibrations/PU_PoE_mu0_replicate_099_prior_calibration.csv,1989,b9c63dfe8726500e1badf0263fc5bbb1,f3b60dec65ac2b5d2b8ea223ef81220b09b32b41cac20698d716f03ce6a1f284,SIMULATION_100_GP_LINEAR_SCAR.zip,SIMULATION_100_GP_PU_POE_MU0_LINEAR_GAUSSIAN_SBM_SCAR/prior_calibrations/PU_PoE_mu0_replicate_099_prior_calibration.csv
GP_PU_PoE_beta0/prior_calibrations/PU_PoE_mu0_replicate_100_prior_calibration.csv,1991,b2d140f19a1b785474d9845b59759af9,ef17c087e56854a38d9e28c730428d682d708851fac82de8c91f22a49b6af2ab,SIMULATION_100_GP_LINEAR_SCAR.zip,SIMULATION_100_GP_PU_POE_MU0_LINEAR_GAUSSIAN_SBM_SCAR/prior_calibrations/PU_PoE_mu0_replicate_100_prior_calibration.csv
GP_PU_PoE_beta0/production_checkpoints/PU_PoE_mu0_replicate_001.rds,15469,51a5a3de9a67f99ab74f47eba7e93801,0fc319dc9baf9904c5a40d1a7a1d27f3a32915e239e63877e0cd01bef096c6f7,SIMULATION_100_GP_LINEAR_SCAR.zip,SIMULATION_100_GP_PU_POE_MU0_LINEAR_GAUSSIAN_SBM_SCAR/production_checkpoints/PU_PoE_mu0_replicate_001.rds
GP_PU_PoE_beta0/production_checkpoints/PU_PoE_mu0_replicate_002.rds,15549,030662a6e3cce2b3842edc0f0f5f8a76,1121cc5169d8a9eb83a0a15dda54f321a392d371a4a4294d42b2af6cda2e34f3,SIMULATION_100_GP_LINEAR_SCAR.zip,SIMULATION_100_GP_PU_POE_MU0_LINEAR_GAUSSIAN_SBM_SCAR/production_checkpoints/PU_PoE_mu0_replicate_002.rds
GP_PU_PoE_beta0/production_checkpoints/PU_PoE_mu0_replicate_003.rds,15521,928db4bc0df0d9c9938ede0083903834,8d4da5bfd5ea3d85439becc77be3daac2a41440a3bae884f38b14fec8e2f7a34,SIMULATION_100_GP_LINEAR_SCAR.zip,SIMULATION_100_GP_PU_POE_MU0_LINEAR_GAUSSIAN_SBM_SCAR/production_checkpoints/PU_PoE_mu0_replicate_003.rds
GP_PU_PoE_beta0/production_checkpoints/PU_PoE_mu0_replicate_004.rds,15664,36ee1808664036f93f3849b4a4b04e3d,de6d98a97dad8d5cff78bdf47985f5b0cd64464785af8b4aea0fc64e463f8526,SIMULATION_100_GP_LINEAR_SCAR.zip,SIMULATION_100_GP_PU_POE_MU0_LINEAR_GAUSSIAN_SBM_SCAR/production_checkpoints/PU_PoE_mu0_replicate_004.rds
GP_PU_PoE_beta0/production_checkpoints/PU_PoE_mu0_replicate_005.rds,15390,27eb191314306e3b160c01d9bae1ac96,62773a2f2b3ae75fb348e062b8988d9d8862aac5f5657bec4b1a50dee42cf996,SIMULATION_100_GP_LINEAR_SCAR.zip,SIMULATION_100_GP_PU_POE_MU0_LINEAR_GAUSSIAN_SBM_SCAR/production_checkpoints/PU_PoE_mu0_replicate_005.rds
GP_PU_PoE_beta0/production_checkpoints/PU_PoE_mu0_replicate_006.rds,15425,fbb037171b4f7cbb56a3a96512e07a7f,d33e63cbfb4cddf5679cd63f4efca0f7d7cb8b4c2ab33b27764f2dc98c656b02,SIMULATION_100_GP_LINEAR_SCAR.zip,SIMULATION_100_GP_PU_POE_MU0_LINEAR_GAUSSIAN_SBM_SCAR/production_checkpoints/PU_PoE_mu0_replicate_006.rds
GP_PU_PoE_beta0/production_checkpoints/PU_PoE_mu0_replicate_007.rds,15374,eca0ed4734e13e16fd441c2492aec457,04153fa4774c773a60bceaf4f8c33213470a21e0b923ff3169d0130bc62d1993,SIMULATION_100_GP_LINEAR_SCAR.zip,SIMULATION_100_GP_PU_POE_MU0_LINEAR_GAUSSIAN_SBM_SCAR/production_checkpoints/PU_PoE_mu0_replicate_007.rds
GP_PU_PoE_beta0/production_checkpoints/PU_PoE_mu0_replicate_008.rds,15723,18b84951ecc9d3debc72fff09160aede,2831a1d19ac2b34a757c3f9aa667cb9836023d338ef06b82daa1526392803419,SIMULATION_100_GP_LINEAR_SCAR.zip,SIMULATION_100_GP_PU_POE_MU0_LINEAR_GAUSSIAN_SBM_SCAR/production_checkpoints/PU_PoE_mu0_replicate_008.rds
GP_PU_PoE_beta0/production_checkpoints/PU_PoE_mu0_replicate_009.rds,15629,c0b0f56e34eea62053110d88e327ebb7,dc1a547356ef511a21045013b7ae264e73cdc995169be4879da3e591189ffefe,SIMULATION_100_GP_LINEAR_SCAR.zip,SIMULATION_100_GP_PU_POE_MU0_LINEAR_GAUSSIAN_SBM_SCAR/production_checkpoints/PU_PoE_mu0_replicate_009.rds
GP_PU_PoE_beta0/production_checkpoints/PU_PoE_mu0_replicate_010.rds,15530,2ed5cc6cab1843e4928a5da15264e38e,900543e5823cd6ff8ca4d4c60be41553c382e13c7b8499ff1d794a0ce97d60b7,SIMULATION_100_GP_LINEAR_SCAR.zip,SIMULATION_100_GP_PU_POE_MU0_LINEAR_GAUSSIAN_SBM_SCAR/production_checkpoints/PU_PoE_mu0_replicate_010.rds
GP_PU_PoE_beta0/production_checkpoints/PU_PoE_mu0_replicate_011.rds,15472,699a45f8e0275066c4c8a9104d22fd27,9a420ff8219ff84b052cc1946507ee7c079732bc590b47cf3b43f86f79780f2d,SIMULATION_100_GP_LINEAR_SCAR.zip,SIMULATION_100_GP_PU_POE_MU0_LINEAR_GAUSSIAN_SBM_SCAR/production_checkpoints/PU_PoE_mu0_replicate_011.rds
GP_PU_PoE_beta0/production_checkpoints/PU_PoE_mu0_replicate_012.rds,15511,781917c22b24bc96d1c2a051cb5d95d3,93f2b043c188b078a22ef6c9c5ecb1273f03bb9d5973801336875236fa50d611,SIMULATION_100_GP_LINEAR_SCAR.zip,SIMULATION_100_GP_PU_POE_MU0_LINEAR_GAUSSIAN_SBM_SCAR/production_checkpoints/PU_PoE_mu0_replicate_012.rds
GP_PU_PoE_beta0/production_checkpoints/PU_PoE_mu0_replicate_013.rds,15407,d881e15763f0b57ca8f3190f2ea5c90e,359c848f519d0b60868976e2c16c04d9666540f265c4047ed57a36ae2a35b569,SIMULATION_100_GP_LINEAR_SCAR.zip,SIMULATION_100_GP_PU_POE_MU0_LINEAR_GAUSSIAN_SBM_SCAR/production_checkpoints/PU_PoE_mu0_replicate_013.rds
GP_PU_PoE_beta0/production_checkpoints/PU_PoE_mu0_replicate_014.rds,15488,5b4e448a0be06f0a135cd2d650249cf7,e77d1bd175ec669398f50d660bc27e6fc2c7c2b65bc4b2535dba6607e93e79e0,SIMULATION_100_GP_LINEAR_SCAR.zip,SIMULATION_100_GP_PU_POE_MU0_LINEAR_GAUSSIAN_SBM_SCAR/production_checkpoints/PU_PoE_mu0_replicate_014.rds
GP_PU_PoE_beta0/production_checkpoints/PU_PoE_mu0_replicate_015.rds,15449,99cdb266f5063bc6b57f34eeb69ad594,7c6749f97fdbe7d16691aa59f367b97d8e59b725bb26a0fac519b38d30449428,SIMULATION_100_GP_LINEAR_SCAR.zip,SIMULATION_100_GP_PU_POE_MU0_LINEAR_GAUSSIAN_SBM_SCAR/production_checkpoints/PU_PoE_mu0_replicate_015.rds
GP_PU_PoE_beta0/production_checkpoints/PU_PoE_mu0_replicate_016.rds,15410,8770e848e18aa2d5fe6f2aeb60a82e25,f847ceb39d6208080553c80748218ebd08e95498b86d33397e3d61b6643f44c3,SIMULATION_100_GP_LINEAR_SCAR.zip,SIMULATION_100_GP_PU_POE_MU0_LINEAR_GAUSSIAN_SBM_SCAR/production_checkpoints/PU_PoE_mu0_replicate_016.rds
GP_PU_PoE_beta0/production_checkpoints/PU_PoE_mu0_replicate_017.rds,15510,0739e55253e93a6a097baa0f218707f5,4f7ca163c998aa539668c71baddf6c3c9f4634b3b92656715dacb0df853e2c36,SIMULATION_100_GP_LINEAR_SCAR.zip,SIMULATION_100_GP_PU_POE_MU0_LINEAR_GAUSSIAN_SBM_SCAR/production_checkpoints/PU_PoE_mu0_replicate_017.rds
GP_PU_PoE_beta0/production_checkpoints/PU_PoE_mu0_replicate_018.rds,15396,ae9d668093313739dc16a63451a19eb1,f65a1fe89ae8e1773c147a1f4efac48f65827c1854094d728a28500547d41d0b,SIMULATION_100_GP_LINEAR_SCAR.zip,SIMULATION_100_GP_PU_POE_MU0_LINEAR_GAUSSIAN_SBM_SCAR/production_checkpoints/PU_PoE_mu0_replicate_018.rds
GP_PU_PoE_beta0/production_checkpoints/PU_PoE_mu0_replicate_019.rds,15400,a2a741badc650240cb89dc1a520a7ef8,122749227eee788abd8a51a1919ce706cba1b4c962e4afce5ea6878530535ea2,SIMULATION_100_GP_LINEAR_SCAR.zip,SIMULATION_100_GP_PU_POE_MU0_LINEAR_GAUSSIAN_SBM_SCAR/production_checkpoints/PU_PoE_mu0_replicate_019.rds
GP_PU_PoE_beta0/production_checkpoints/PU_PoE_mu0_replicate_020.rds,15448,99668e908be73d781fbafb1fa25091be,54723ec815f01ff0c0da25a69cafe83003162b02971e184a4f2f5ebc11e2aaa2,SIMULATION_100_GP_LINEAR_SCAR.zip,SIMULATION_100_GP_PU_POE_MU0_LINEAR_GAUSSIAN_SBM_SCAR/production_checkpoints/PU_PoE_mu0_replicate_020.rds
GP_PU_PoE_beta0/production_checkpoints/PU_PoE_mu0_replicate_021.rds,15350,8d9a95631afa56e2ddf1145b862d9b34,5db37b1d2761959a0320b97b8eeaea07267c901b62dac32d6ee6e0d6a5cfba90,SIMULATION_100_GP_LINEAR_SCAR.zip,SIMULATION_100_GP_PU_POE_MU0_LINEAR_GAUSSIAN_SBM_SCAR/production_checkpoints/PU_PoE_mu0_replicate_021.rds
GP_PU_PoE_beta0/production_checkpoints/PU_PoE_mu0_replicate_022.rds,15603,754fb8b08e36410a4a61e11b6881c103,78f89c6b2ff4147f176dbf7a74122b83d9f012f9c06bf88bf90fe024dc6e0a08,SIMULATION_100_GP_LINEAR_SCAR.zip,SIMULATION_100_GP_PU_POE_MU0_LINEAR_GAUSSIAN_SBM_SCAR/production_checkpoints/PU_PoE_mu0_replicate_022.rds
GP_PU_PoE_beta0/production_checkpoints/PU_PoE_mu0_replicate_023.rds,15398,8884ad28e0c47903beac8884217e0b68,2d66541de1491ea692d274cff7848e49ccaeaf1cf7cc17542468a5ffe317e2c7,SIMULATION_100_GP_LINEAR_SCAR.zip,SIMULATION_100_GP_PU_POE_MU0_LINEAR_GAUSSIAN_SBM_SCAR/production_checkpoints/PU_PoE_mu0_replicate_023.rds
GP_PU_PoE_beta0/production_checkpoints/PU_PoE_mu0_replicate_024.rds,15368,d666f8ca29aee8e90298e2ef7ff674ca,6c071554caebdce4d5d2eb4a8db2f255551ad3c93462e098302d80f46a693bbc,SIMULATION_100_GP_LINEAR_SCAR.zip,SIMULATION_100_GP_PU_POE_MU0_LINEAR_GAUSSIAN_SBM_SCAR/production_checkpoints/PU_PoE_mu0_replicate_024.rds
GP_PU_PoE_beta0/production_checkpoints/PU_PoE_mu0_replicate_025.rds,15543,578d7ad223799f02cef67713e4672354,c643bcb8b807ea22a24d66b803efa90c80234ed19005ae070885518a2703b4d0,SIMULATION_100_GP_LINEAR_SCAR.zip,SIMULATION_100_GP_PU_POE_MU0_LINEAR_GAUSSIAN_SBM_SCAR/production_checkpoints/PU_PoE_mu0_replicate_025.rds
GP_PU_PoE_beta0/production_checkpoints/PU_PoE_mu0_replicate_026.rds,15337,ccc170f529e12d0589dda96e48aae285,667ff4b153757900fcb0308db4869a3e6eaf48301435bdd0449d67fbc67d1e47,SIMULATION_100_GP_LINEAR_SCAR.zip,SIMULATION_100_GP_PU_POE_MU0_LINEAR_GAUSSIAN_SBM_SCAR/production_checkpoints/PU_PoE_mu0_replicate_026.rds
GP_PU_PoE_beta0/production_checkpoints/PU_PoE_mu0_replicate_027.rds,15399,ba0f98b6cd379a6cd9e122ce274805ed,054220f038eb2d41b6ec118162e0a63d4081fa6f6d6ce9778f6c7735c434ad0b,SIMULATION_100_GP_LINEAR_SCAR.zip,SIMULATION_100_GP_PU_POE_MU0_LINEAR_GAUSSIAN_SBM_SCAR/production_checkpoints/PU_PoE_mu0_replicate_027.rds
GP_PU_PoE_beta0/production_checkpoints/PU_PoE_mu0_replicate_028.rds,15600,6f68973706b445c29dcd320881d8a921,f9b78d1ef1d15f9cf7a403413fe1291cb4e6a67a7717447347e694f67e9cd1cd,SIMULATION_100_GP_LINEAR_SCAR.zip,SIMULATION_100_GP_PU_POE_MU0_LINEAR_GAUSSIAN_SBM_SCAR/production_checkpoints/PU_PoE_mu0_replicate_028.rds
GP_PU_PoE_beta0/production_checkpoints/PU_PoE_mu0_replicate_029.rds,15521,005a53af00b736fd02869c11f01f45c8,0ba49ed02794f87aeb5239ade5e6b188dbe35387fd2fd618420feec06efd5a24,SIMULATION_100_GP_LINEAR_SCAR.zip,SIMULATION_100_GP_PU_POE_MU0_LINEAR_GAUSSIAN_SBM_SCAR/production_checkpoints/PU_PoE_mu0_replicate_029.rds
GP_PU_PoE_beta0/production_checkpoints/PU_PoE_mu0_replicate_030.rds,15351,32472161d3bde11cafe238c1308b4b24,37bf7e22831ff4b68d59cfcc7bd7228bdff3cb2b6e68c8cc9cd13852810dca81,SIMULATION_100_GP_LINEAR_SCAR.zip,SIMULATION_100_GP_PU_POE_MU0_LINEAR_GAUSSIAN_SBM_SCAR/production_checkpoints/PU_PoE_mu0_replicate_030.rds
GP_PU_PoE_beta0/production_checkpoints/PU_PoE_mu0_replicate_031.rds,15393,4db38106745897a5d156200ac231e7eb,9b301c98bcd7f4cade070bba2cfe20aad5791e659811e0eda0571531f265930b,SIMULATION_100_GP_LINEAR_SCAR.zip,SIMULATION_100_GP_PU_POE_MU0_LINEAR_GAUSSIAN_SBM_SCAR/production_checkpoints/PU_PoE_mu0_replicate_031.rds
GP_PU_PoE_beta0/production_checkpoints/PU_PoE_mu0_replicate_032.rds,15354,31b1a60e7a63c0d84251a23e5bbcc6e7,aade120fae8521b95071df43a31c1ac26dc0e18ab65b7872951c0f3c2f192e52,SIMULATION_100_GP_LINEAR_SCAR.zip,SIMULATION_100_GP_PU_POE_MU0_LINEAR_GAUSSIAN_SBM_SCAR/production_checkpoints/PU_PoE_mu0_replicate_032.rds
GP_PU_PoE_beta0/production_checkpoints/PU_PoE_mu0_replicate_033.rds,15523,c6b2644e7c89402a753f1973021e99e8,eb911a7183e035fd5a8d7a3f39e5ac13720ff5ebd1a98006fb549b2b85b99052,SIMULATION_100_GP_LINEAR_SCAR.zip,SIMULATION_100_GP_PU_POE_MU0_LINEAR_GAUSSIAN_SBM_SCAR/production_checkpoints/PU_PoE_mu0_replicate_033.rds
GP_PU_PoE_beta0/production_checkpoints/PU_PoE_mu0_replicate_034.rds,15311,99c11c79ca4100da29b3d55d37119464,38aa1ef602fd6f7fae922eb5c1ee9c0dfbddfc9d1d1522a8f0b18d946cba974e,SIMULATION_100_GP_LINEAR_SCAR.zip,SIMULATION_100_GP_PU_POE_MU0_LINEAR_GAUSSIAN_SBM_SCAR/production_checkpoints/PU_PoE_mu0_replicate_034.rds
GP_PU_PoE_beta0/production_checkpoints/PU_PoE_mu0_replicate_035.rds,15595,e271f84e100f1d4812907ef9c87bd2e1,2578e59261ce39d513f926e4cf368b612b3f92190ca7e594f6288dd92ae2a2f3,SIMULATION_100_GP_LINEAR_SCAR.zip,SIMULATION_100_GP_PU_POE_MU0_LINEAR_GAUSSIAN_SBM_SCAR/production_checkpoints/PU_PoE_mu0_replicate_035.rds
GP_PU_PoE_beta0/production_checkpoints/PU_PoE_mu0_replicate_036.rds,15412,d823ff627dc883a44a7d172b0dddeeae,d661a2c19d468568b0ad4bb3dd1d6e9571b0d8b73a7515deaa9c9cc16316b6a5,SIMULATION_100_GP_LINEAR_SCAR.zip,SIMULATION_100_GP_PU_POE_MU0_LINEAR_GAUSSIAN_SBM_SCAR/production_checkpoints/PU_PoE_mu0_replicate_036.rds
GP_PU_PoE_beta0/production_checkpoints/PU_PoE_mu0_replicate_037.rds,15574,f01a62a2d0b8ecc56f6cfeba9b1a6a5e,b7846693b8efdac06a2d76150fb7540ee4af769d808f77cb06196ea0719520ce,SIMULATION_100_GP_LINEAR_SCAR.zip,SIMULATION_100_GP_PU_POE_MU0_LINEAR_GAUSSIAN_SBM_SCAR/production_checkpoints/PU_PoE_mu0_replicate_037.rds
GP_PU_PoE_beta0/production_checkpoints/PU_PoE_mu0_replicate_038.rds,15393,2f9c95071077f49ca1904caf4b81cb74,557dace3c31cef8491d250968c6f1df2dad954aba97856479995b310e2f219e7,SIMULATION_100_GP_LINEAR_SCAR.zip,SIMULATION_100_GP_PU_POE_MU0_LINEAR_GAUSSIAN_SBM_SCAR/production_checkpoints/PU_PoE_mu0_replicate_038.rds
GP_PU_PoE_beta0/production_checkpoints/PU_PoE_mu0_replicate_039.rds,15458,9aafe3441ed6a0fe5c2e9259f3c0690e,ca2347dd178c47bdf6f2f055618ca784ea04474a50bd02d53c5bd6fa09830e86,SIMULATION_100_GP_LINEAR_SCAR.zip,SIMULATION_100_GP_PU_POE_MU0_LINEAR_GAUSSIAN_SBM_SCAR/production_checkpoints/PU_PoE_mu0_replicate_039.rds
GP_PU_PoE_beta0/production_checkpoints/PU_PoE_mu0_replicate_040.rds,15477,d53ec866eecc3430e8b9f506be314cc1,1062f0474709890738ab72b8dc116b6ea57f985ca93a29aa415b4d109db25f28,SIMULATION_100_GP_LINEAR_SCAR.zip,SIMULATION_100_GP_PU_POE_MU0_LINEAR_GAUSSIAN_SBM_SCAR/production_checkpoints/PU_PoE_mu0_replicate_040.rds
GP_PU_PoE_beta0/production_checkpoints/PU_PoE_mu0_replicate_041.rds,15531,82e50ee1cb5b07113b8f2341be822578,3b9d9f8639d14ee46d53abc6ceaa26d36348b043802fd828465b352c50be7596,SIMULATION_100_GP_LINEAR_SCAR.zip,SIMULATION_100_GP_PU_POE_MU0_LINEAR_GAUSSIAN_SBM_SCAR/production_checkpoints/PU_PoE_mu0_replicate_041.rds
GP_PU_PoE_beta0/production_checkpoints/PU_PoE_mu0_replicate_042.rds,15542,95dcd36f36c0661efbb4dcaf2ef64b4d,29607acc9f10c959a52c03536a1775875a74292400990d498a9936ae419f728e,SIMULATION_100_GP_LINEAR_SCAR.zip,SIMULATION_100_GP_PU_POE_MU0_LINEAR_GAUSSIAN_SBM_SCAR/production_checkpoints/PU_PoE_mu0_replicate_042.rds
GP_PU_PoE_beta0/production_checkpoints/PU_PoE_mu0_replicate_043.rds,15411,678f6ac3ffa5b3ded10064ffdfed8329,db7144f9eb46da4c2de051efda82ce313112448cf4f0625c6e2829b7c8bf48c8,SIMULATION_100_GP_LINEAR_SCAR.zip,SIMULATION_100_GP_PU_POE_MU0_LINEAR_GAUSSIAN_SBM_SCAR/production_checkpoints/PU_PoE_mu0_replicate_043.rds
GP_PU_PoE_beta0/production_checkpoints/PU_PoE_mu0_replicate_044.rds,15612,5965b64a892489fc71e3f9e75bf8ad98,9dab94013c39f8d9e5d86d00e38df0519ab9e515d38ffcc33fe15f9b098d614d,SIMULATION_100_GP_LINEAR_SCAR.zip,SIMULATION_100_GP_PU_POE_MU0_LINEAR_GAUSSIAN_SBM_SCAR/production_checkpoints/PU_PoE_mu0_replicate_044.rds
GP_PU_PoE_beta0/production_checkpoints/PU_PoE_mu0_replicate_045.rds,15564,118fe25407a902544f402f60c77e3fdf,28216b47a8d3d0e562157bffbb42f0d980938dfee138919552e6d281830e95b2,SIMULATION_100_GP_LINEAR_SCAR.zip,SIMULATION_100_GP_PU_POE_MU0_LINEAR_GAUSSIAN_SBM_SCAR/production_checkpoints/PU_PoE_mu0_replicate_045.rds
GP_PU_PoE_beta0/production_checkpoints/PU_PoE_mu0_replicate_046.rds,15708,95cc94ade19fcea1badc19996b6539f3,221f3308dacf6fb2b5d639e42b8b630f8a2471506e775d734fab90d28ff40712,SIMULATION_100_GP_LINEAR_SCAR.zip,SIMULATION_100_GP_PU_POE_MU0_LINEAR_GAUSSIAN_SBM_SCAR/production_checkpoints/PU_PoE_mu0_replicate_046.rds
GP_PU_PoE_beta0/production_checkpoints/PU_PoE_mu0_replicate_047.rds,15584,14ca3c2ab352bae2f0717dd19f688482,ca3091cc25b3be10e1fae9493b0f5bdfb08769e017fd4f78e74147839e6e54cc,SIMULATION_100_GP_LINEAR_SCAR.zip,SIMULATION_100_GP_PU_POE_MU0_LINEAR_GAUSSIAN_SBM_SCAR/production_checkpoints/PU_PoE_mu0_replicate_047.rds
GP_PU_PoE_beta0/production_checkpoints/PU_PoE_mu0_replicate_048.rds,15482,29abea637905c98a7e5fba0f0c018300,2606af5eb94d93db654721a21d962d7fe772993d66953307c148b9f3e4477b60,SIMULATION_100_GP_LINEAR_SCAR.zip,SIMULATION_100_GP_PU_POE_MU0_LINEAR_GAUSSIAN_SBM_SCAR/production_checkpoints/PU_PoE_mu0_replicate_048.rds
GP_PU_PoE_beta0/production_checkpoints/PU_PoE_mu0_replicate_049.rds,15406,2dfaba34953f9013e1ef0f125215c4b3,b7d01443e1f66405adb9aa9c56ccef40a9e9d28d6015ea1be8bbfec9855b9ca2,SIMULATION_100_GP_LINEAR_SCAR.zip,SIMULATION_100_GP_PU_POE_MU0_LINEAR_GAUSSIAN_SBM_SCAR/production_checkpoints/PU_PoE_mu0_replicate_049.rds
GP_PU_PoE_beta0/production_checkpoints/PU_PoE_mu0_replicate_050.rds,15579,1c2d926ef75f67128dca4418ce4a5708,bdb6cb3bfeefec207a257c8e293efcbd8210a0052fe2baecf214333f3b0bc81c,SIMULATION_100_GP_LINEAR_SCAR.zip,SIMULATION_100_GP_PU_POE_MU0_LINEAR_GAUSSIAN_SBM_SCAR/production_checkpoints/PU_PoE_mu0_replicate_050.rds
GP_PU_PoE_beta0/production_checkpoints/PU_PoE_mu0_replicate_051.rds,15314,ff1ae4008a36f8df0c30eb43a2ed657f,cbba3c0ce93d8ae5dc942c2821a24ca18f715e3b87e0a0689e44689e0a1aa4a4,SIMULATION_100_GP_LINEAR_SCAR.zip,SIMULATION_100_GP_PU_POE_MU0_LINEAR_GAUSSIAN_SBM_SCAR/production_checkpoints/PU_PoE_mu0_replicate_051.rds
GP_PU_PoE_beta0/production_checkpoints/PU_PoE_mu0_replicate_052.rds,15439,6dc2e18c54527b941f2bbd96e403393b,45d10a0fcffc9f03edbc7ea11f765cc2cf3e84701a7e07237f077058afe530d9,SIMULATION_100_GP_LINEAR_SCAR.zip,SIMULATION_100_GP_PU_POE_MU0_LINEAR_GAUSSIAN_SBM_SCAR/production_checkpoints/PU_PoE_mu0_replicate_052.rds
GP_PU_PoE_beta0/production_checkpoints/PU_PoE_mu0_replicate_053.rds,15396,7ab1e2c6a6982ab8c4bc46ef6db0bd5c,16cdcb103ce5ef0ae32eeab827cb90f230054fef24c383c6c391d78d161b5051,SIMULATION_100_GP_LINEAR_SCAR.zip,SIMULATION_100_GP_PU_POE_MU0_LINEAR_GAUSSIAN_SBM_SCAR/production_checkpoints/PU_PoE_mu0_replicate_053.rds
GP_PU_PoE_beta0/production_checkpoints/PU_PoE_mu0_replicate_054.rds,15474,82000abba87eaf9908d3fbc59e2da24f,287a7c061619b64d9fa51aec053ea7c06e3e390c2a8133f048c8be102d32d454,SIMULATION_100_GP_LINEAR_SCAR.zip,SIMULATION_100_GP_PU_POE_MU0_LINEAR_GAUSSIAN_SBM_SCAR/production_checkpoints/PU_PoE_mu0_replicate_054.rds
GP_PU_PoE_beta0/production_checkpoints/PU_PoE_mu0_replicate_055.rds,15619,ab31949cce019ca54be42b52b2d1a9ce,73aaa57d2fc135d402cdb4c6428bc4254d5771f89c8d76d7baac435f22e900a2,SIMULATION_100_GP_LINEAR_SCAR.zip,SIMULATION_100_GP_PU_POE_MU0_LINEAR_GAUSSIAN_SBM_SCAR/production_checkpoints/PU_PoE_mu0_replicate_055.rds
GP_PU_PoE_beta0/production_checkpoints/PU_PoE_mu0_replicate_056.rds,15667,e02312fc4b2de48791a101706eb1b297,25ed8217a73a070a1d7b14d3b65e1cfdbfdda60bf3da0161314ee9d0f081db7d,SIMULATION_100_GP_LINEAR_SCAR.zip,SIMULATION_100_GP_PU_POE_MU0_LINEAR_GAUSSIAN_SBM_SCAR/production_checkpoints/PU_PoE_mu0_replicate_056.rds
GP_PU_PoE_beta0/production_checkpoints/PU_PoE_mu0_replicate_057.rds,15411,744638dc0084165aac56607bba2aa53e,b0c4e1eeb0bb9357b66f4ddab8df4b3aaf3bfcfc2de06f642ed9cd10ca7bc9dd,SIMULATION_100_GP_LINEAR_SCAR.zip,SIMULATION_100_GP_PU_POE_MU0_LINEAR_GAUSSIAN_SBM_SCAR/production_checkpoints/PU_PoE_mu0_replicate_057.rds
GP_PU_PoE_beta0/production_checkpoints/PU_PoE_mu0_replicate_058.rds,15680,a786f9d71c5b38d3c747a42786087bba,0ed725dc9d7115694980af97071e979392f133ca175e8eb5fda18d9e0e59350c,SIMULATION_100_GP_LINEAR_SCAR.zip,SIMULATION_100_GP_PU_POE_MU0_LINEAR_GAUSSIAN_SBM_SCAR/production_checkpoints/PU_PoE_mu0_replicate_058.rds
GP_PU_PoE_beta0/production_checkpoints/PU_PoE_mu0_replicate_059.rds,15412,3a9b35d20501e56fc262cd5eba40358c,77f471fdccd972bcf37ffb06d4957e59e17c29954869defe5321ae1e831412d6,SIMULATION_100_GP_LINEAR_SCAR.zip,SIMULATION_100_GP_PU_POE_MU0_LINEAR_GAUSSIAN_SBM_SCAR/production_checkpoints/PU_PoE_mu0_replicate_059.rds
GP_PU_PoE_beta0/production_checkpoints/PU_PoE_mu0_replicate_060.rds,15392,49183b5932db34914a788af7b66a969a,b11067f013aa3e92cad0b8fd66b92248626a1131bd07a268baf7299e32840e86,SIMULATION_100_GP_LINEAR_SCAR.zip,SIMULATION_100_GP_PU_POE_MU0_LINEAR_GAUSSIAN_SBM_SCAR/production_checkpoints/PU_PoE_mu0_replicate_060.rds
GP_PU_PoE_beta0/production_checkpoints/PU_PoE_mu0_replicate_061.rds,15578,48f83cfd72a0c14a7b1bb22d58df51d6,5b88341e816e0b57b56f6298491f912b806b7121b0ee691282fc6cc9ba280aab,SIMULATION_100_GP_LINEAR_SCAR.zip,SIMULATION_100_GP_PU_POE_MU0_LINEAR_GAUSSIAN_SBM_SCAR/production_checkpoints/PU_PoE_mu0_replicate_061.rds
GP_PU_PoE_beta0/production_checkpoints/PU_PoE_mu0_replicate_062.rds,15431,3f92edb4ba5117d5f28264cf0ea6cb41,fbc55ebe57146d3479c01c896f24618cd772a227aeb3b1a921bd7aa5ed01fa96,SIMULATION_100_GP_LINEAR_SCAR.zip,SIMULATION_100_GP_PU_POE_MU0_LINEAR_GAUSSIAN_SBM_SCAR/production_checkpoints/PU_PoE_mu0_replicate_062.rds
GP_PU_PoE_beta0/production_checkpoints/PU_PoE_mu0_replicate_063.rds,15630,5342601abd13c7c710f1fef710c76626,c9d8b1f5da712a7eac494ad64a8fd7aed586c56e866f947b1e0288ee7e756916,SIMULATION_100_GP_LINEAR_SCAR.zip,SIMULATION_100_GP_PU_POE_MU0_LINEAR_GAUSSIAN_SBM_SCAR/production_checkpoints/PU_PoE_mu0_replicate_063.rds
GP_PU_PoE_beta0/production_checkpoints/PU_PoE_mu0_replicate_064.rds,15535,dd779f824c5bd613ebe7e55c7b7d66bb,6be5ecd58442bc2efe1b32d99c7977114ae0e8344e5f0549238c907c9eb2f715,SIMULATION_100_GP_LINEAR_SCAR.zip,SIMULATION_100_GP_PU_POE_MU0_LINEAR_GAUSSIAN_SBM_SCAR/production_checkpoints/PU_PoE_mu0_replicate_064.rds
GP_PU_PoE_beta0/production_checkpoints/PU_PoE_mu0_replicate_065.rds,15418,dc150a276b856ee67836605176c68c40,4830272567566d8fa96bbf8be0875fac2bea7a6db9294aed62cbe56602d5bed7,SIMULATION_100_GP_LINEAR_SCAR.zip,SIMULATION_100_GP_PU_POE_MU0_LINEAR_GAUSSIAN_SBM_SCAR/production_checkpoints/PU_PoE_mu0_replicate_065.rds
GP_PU_PoE_beta0/production_checkpoints/PU_PoE_mu0_replicate_066.rds,15512,339d007b72d9ee5c5c5a3f071ed23f93,f5dcca114846437e7ee34de129c0a3fabeeef066e0d4865b2a41a99bdbc75951,SIMULATION_100_GP_LINEAR_SCAR.zip,SIMULATION_100_GP_PU_POE_MU0_LINEAR_GAUSSIAN_SBM_SCAR/production_checkpoints/PU_PoE_mu0_replicate_066.rds
GP_PU_PoE_beta0/production_checkpoints/PU_PoE_mu0_replicate_067.rds,15491,63f259bce6297c247ad93ece096998eb,14a247a8e0ad8c77bc4a75df89fec91fa63ba53fabd1ca01b5f37fb4834fd2c4,SIMULATION_100_GP_LINEAR_SCAR.zip,SIMULATION_100_GP_PU_POE_MU0_LINEAR_GAUSSIAN_SBM_SCAR/production_checkpoints/PU_PoE_mu0_replicate_067.rds
GP_PU_PoE_beta0/production_checkpoints/PU_PoE_mu0_replicate_068.rds,15393,426a2e89ea655235200543f2ee0d0c95,888dd974736041e0e47ba49333bec068edf5c7b363be4e573de3d7bc5f209770,SIMULATION_100_GP_LINEAR_SCAR.zip,SIMULATION_100_GP_PU_POE_MU0_LINEAR_GAUSSIAN_SBM_SCAR/production_checkpoints/PU_PoE_mu0_replicate_068.rds
GP_PU_PoE_beta0/production_checkpoints/PU_PoE_mu0_replicate_069.rds,15566,a9056460e388778e489e3427d8f8d1b1,b8c387cfb3cd55e2b5881e4ca26eb6cf461bf5bee5329158fe0e24fb9c5417d7,SIMULATION_100_GP_LINEAR_SCAR.zip,SIMULATION_100_GP_PU_POE_MU0_LINEAR_GAUSSIAN_SBM_SCAR/production_checkpoints/PU_PoE_mu0_replicate_069.rds
GP_PU_PoE_beta0/production_checkpoints/PU_PoE_mu0_replicate_070.rds,15419,6bb93faa37ee2632d23ea462646ece1d,02dde6c29b91edcf8fadc8244adbd88cc48447fe88bd359d128ff49a6dfa071b,SIMULATION_100_GP_LINEAR_SCAR.zip,SIMULATION_100_GP_PU_POE_MU0_LINEAR_GAUSSIAN_SBM_SCAR/production_checkpoints/PU_PoE_mu0_replicate_070.rds
GP_PU_PoE_beta0/production_checkpoints/PU_PoE_mu0_replicate_071.rds,15566,43191813d96793606b4201405412f706,748b5f59e1b862602a143ce12d0cda6898fdfd7af4d8c3a14c6128fbf512c8fd,SIMULATION_100_GP_LINEAR_SCAR.zip,SIMULATION_100_GP_PU_POE_MU0_LINEAR_GAUSSIAN_SBM_SCAR/production_checkpoints/PU_PoE_mu0_replicate_071.rds
GP_PU_PoE_beta0/production_checkpoints/PU_PoE_mu0_replicate_072.rds,15432,d4ff7bba91c8f189344c0c46577de1dd,79f02259171c285f9c366b65dcab9cc110f9a30d551f47a93882d93ee02a2903,SIMULATION_100_GP_LINEAR_SCAR.zip,SIMULATION_100_GP_PU_POE_MU0_LINEAR_GAUSSIAN_SBM_SCAR/production_checkpoints/PU_PoE_mu0_replicate_072.rds
GP_PU_PoE_beta0/production_checkpoints/PU_PoE_mu0_replicate_073.rds,15430,18402dcecfa6cd2e31c9543e66d9cfc7,9329c00d16eca787e95fd5bf7d413f264c4688a908e1fa71a7957c81a02c098f,SIMULATION_100_GP_LINEAR_SCAR.zip,SIMULATION_100_GP_PU_POE_MU0_LINEAR_GAUSSIAN_SBM_SCAR/production_checkpoints/PU_PoE_mu0_replicate_073.rds
GP_PU_PoE_beta0/production_checkpoints/PU_PoE_mu0_replicate_074.rds,15553,4343ac92158fbbbcc9db37b2dbf52207,da4fce067b3de61088e066fee33ef505aa06a5b2a680d1d49096082e3ec1cba9,SIMULATION_100_GP_LINEAR_SCAR.zip,SIMULATION_100_GP_PU_POE_MU0_LINEAR_GAUSSIAN_SBM_SCAR/production_checkpoints/PU_PoE_mu0_replicate_074.rds
GP_PU_PoE_beta0/production_checkpoints/PU_PoE_mu0_replicate_075.rds,15609,4b17beb7480cc5d73cb1b0251215364c,5e8c1bde62afa88c168334c59af8c43147f944bebd2d0462aad9d66175b5097e,SIMULATION_100_GP_LINEAR_SCAR.zip,SIMULATION_100_GP_PU_POE_MU0_LINEAR_GAUSSIAN_SBM_SCAR/production_checkpoints/PU_PoE_mu0_replicate_075.rds
GP_PU_PoE_beta0/production_checkpoints/PU_PoE_mu0_replicate_076.rds,15490,def8b684d5eaba26f7123b7452e34de3,fa468ff38bc6e2e406885e68cbc7cbc3778bf88f664608396ad5c2756ed46c09,SIMULATION_100_GP_LINEAR_SCAR.zip,SIMULATION_100_GP_PU_POE_MU0_LINEAR_GAUSSIAN_SBM_SCAR/production_checkpoints/PU_PoE_mu0_replicate_076.rds
GP_PU_PoE_beta0/production_checkpoints/PU_PoE_mu0_replicate_077.rds,15515,407c40e002e764657243f381fcea93c3,b3620ffa173e551fc00afda261541d22ee34293f0ef85fe93df384aced8dd816,SIMULATION_100_GP_LINEAR_SCAR.zip,SIMULATION_100_GP_PU_POE_MU0_LINEAR_GAUSSIAN_SBM_SCAR/production_checkpoints/PU_PoE_mu0_replicate_077.rds
GP_PU_PoE_beta0/production_checkpoints/PU_PoE_mu0_replicate_078.rds,15404,236d4a30dd2c90135aa4b71cc8b14c6f,f99e631bbd6b5a5dadc0483a063f70e29903c0e95dfd156034b44fe85415585b,SIMULATION_100_GP_LINEAR_SCAR.zip,SIMULATION_100_GP_PU_POE_MU0_LINEAR_GAUSSIAN_SBM_SCAR/production_checkpoints/PU_PoE_mu0_replicate_078.rds
GP_PU_PoE_beta0/production_checkpoints/PU_PoE_mu0_replicate_079.rds,15386,116db5b740ceb17149bd762f37a54f2e,c7b1beacd467a5beac1f1cfc3b2a93aa9f0ed67ab2bfacb260517a63268dac5a,SIMULATION_100_GP_LINEAR_SCAR.zip,SIMULATION_100_GP_PU_POE_MU0_LINEAR_GAUSSIAN_SBM_SCAR/production_checkpoints/PU_PoE_mu0_replicate_079.rds
GP_PU_PoE_beta0/production_checkpoints/PU_PoE_mu0_replicate_080.rds,15436,7fac3c4af299e66ba682b75452df396e,7ee1dc8914c2a0c5c087942d052e5e794a95400693f591b4c2616c1ba6133897,SIMULATION_100_GP_LINEAR_SCAR.zip,SIMULATION_100_GP_PU_POE_MU0_LINEAR_GAUSSIAN_SBM_SCAR/production_checkpoints/PU_PoE_mu0_replicate_080.rds
GP_PU_PoE_beta0/production_checkpoints/PU_PoE_mu0_replicate_081.rds,15405,1a00623c2c76c1cb9c1ad0839ed7c09d,92d3b6b1c9d30e582ad03b5dee2bb8a213953378a1c97a0252a3952b1c7acc23,SIMULATION_100_GP_LINEAR_SCAR.zip,SIMULATION_100_GP_PU_POE_MU0_LINEAR_GAUSSIAN_SBM_SCAR/production_checkpoints/PU_PoE_mu0_replicate_081.rds
GP_PU_PoE_beta0/production_checkpoints/PU_PoE_mu0_replicate_082.rds,15411,f8de8917ca901cb7a31e797a4935a85f,49415f6c138fdf217615e864c8f024698fb352ad0361d65b4fca3a09cbd85b6d,SIMULATION_100_GP_LINEAR_SCAR.zip,SIMULATION_100_GP_PU_POE_MU0_LINEAR_GAUSSIAN_SBM_SCAR/production_checkpoints/PU_PoE_mu0_replicate_082.rds
GP_PU_PoE_beta0/production_checkpoints/PU_PoE_mu0_replicate_083.rds,15675,7eca7983feed976bbf5e4c802613dacd,0b7028052a6443b63a532ee79200545f6ea615e6bf8c7de1826b728575abbbdf,SIMULATION_100_GP_LINEAR_SCAR.zip,SIMULATION_100_GP_PU_POE_MU0_LINEAR_GAUSSIAN_SBM_SCAR/production_checkpoints/PU_PoE_mu0_replicate_083.rds
GP_PU_PoE_beta0/production_checkpoints/PU_PoE_mu0_replicate_084.rds,15436,194ed4032c9f45f1c0dd9be99375e831,6c449bf4e7a3ec6d61d15e5cb57de8042838c1095a44eae2de79ca656b3a4ab6,SIMULATION_100_GP_LINEAR_SCAR.zip,SIMULATION_100_GP_PU_POE_MU0_LINEAR_GAUSSIAN_SBM_SCAR/production_checkpoints/PU_PoE_mu0_replicate_084.rds
GP_PU_PoE_beta0/production_checkpoints/PU_PoE_mu0_replicate_085.rds,15508,1e19de527687e2187a9db490d036a23c,51d902fb3c51c1855e37f2fc6dce9c00e155b333e3dc8a741557370eceb309f1,SIMULATION_100_GP_LINEAR_SCAR.zip,SIMULATION_100_GP_PU_POE_MU0_LINEAR_GAUSSIAN_SBM_SCAR/production_checkpoints/PU_PoE_mu0_replicate_085.rds
GP_PU_PoE_beta0/production_checkpoints/PU_PoE_mu0_replicate_086.rds,15417,9f66ab2cff20c1834755f0ce18d4c4f5,a5beb161e50f768482bc8f647f5926c0e00459db26422afcf5ee5f530fc090b5,SIMULATION_100_GP_LINEAR_SCAR.zip,SIMULATION_100_GP_PU_POE_MU0_LINEAR_GAUSSIAN_SBM_SCAR/production_checkpoints/PU_PoE_mu0_replicate_086.rds
GP_PU_PoE_beta0/production_checkpoints/PU_PoE_mu0_replicate_087.rds,15563,9eef607a13ff40b6fff34d912a31ec19,dcfbcbcf96ed43d0d16a7b5490af4acf6a0a746b530a1da99bfb491022ae95d9,SIMULATION_100_GP_LINEAR_SCAR.zip,SIMULATION_100_GP_PU_POE_MU0_LINEAR_GAUSSIAN_SBM_SCAR/production_checkpoints/PU_PoE_mu0_replicate_087.rds
GP_PU_PoE_beta0/production_checkpoints/PU_PoE_mu0_replicate_088.rds,15514,04129c428e18add5ebbee61ffb050d32,e69d140dc3524cf083feb53a9ad7d8984aa645901700feed4ba8a05c6ab4f173,SIMULATION_100_GP_LINEAR_SCAR.zip,SIMULATION_100_GP_PU_POE_MU0_LINEAR_GAUSSIAN_SBM_SCAR/production_checkpoints/PU_PoE_mu0_replicate_088.rds
GP_PU_PoE_beta0/production_checkpoints/PU_PoE_mu0_replicate_089.rds,15634,53a042193bd2db15655b65b9d4645ca3,dcc82b81b925b0ce5f002aa1e459d16a704e781a9a2da925f8d7ea9cf5aa1532,SIMULATION_100_GP_LINEAR_SCAR.zip,SIMULATION_100_GP_PU_POE_MU0_LINEAR_GAUSSIAN_SBM_SCAR/production_checkpoints/PU_PoE_mu0_replicate_089.rds
GP_PU_PoE_beta0/production_checkpoints/PU_PoE_mu0_replicate_090.rds,15747,6c13b13c88236d877a8a283ced836509,4adb79366343089e43f72570a7d9b48a1bd056ae12ef44118d8b6fb100174189,SIMULATION_100_GP_LINEAR_SCAR.zip,SIMULATION_100_GP_PU_POE_MU0_LINEAR_GAUSSIAN_SBM_SCAR/production_checkpoints/PU_PoE_mu0_replicate_090.rds
GP_PU_PoE_beta0/production_checkpoints/PU_PoE_mu0_replicate_091.rds,15499,e15f6bff4d324c2ade7ea05b751ba3ac,8777a777eadd9165ff80540163c233ac2a6ca084ebdb192e1e5de2c5b3e5f8f6,SIMULATION_100_GP_LINEAR_SCAR.zip,SIMULATION_100_GP_PU_POE_MU0_LINEAR_GAUSSIAN_SBM_SCAR/production_checkpoints/PU_PoE_mu0_replicate_091.rds
GP_PU_PoE_beta0/production_checkpoints/PU_PoE_mu0_replicate_092.rds,15584,ab443e2fba4f7328987a30339891da7b,62df607613ec291eee72807d1d111af0427a4a454232ba7ed544ef4265d6f707,SIMULATION_100_GP_LINEAR_SCAR.zip,SIMULATION_100_GP_PU_POE_MU0_LINEAR_GAUSSIAN_SBM_SCAR/production_checkpoints/PU_PoE_mu0_replicate_092.rds
GP_PU_PoE_beta0/production_checkpoints/PU_PoE_mu0_replicate_093.rds,15391,cbeac5c0c96d95502b93bf882af240d1,2421d6d141febad06d2e34183e4ba2e4ac162e7763afe732c39f1f835ff974e9,SIMULATION_100_GP_LINEAR_SCAR.zip,SIMULATION_100_GP_PU_POE_MU0_LINEAR_GAUSSIAN_SBM_SCAR/production_checkpoints/PU_PoE_mu0_replicate_093.rds
GP_PU_PoE_beta0/production_checkpoints/PU_PoE_mu0_replicate_094.rds,15442,989ce70ea4e16f029c646bc19f0f7ee2,7d34cda64b06cc7c865759c9e5393ea074c0660a7f38f5544d8556d913f51982,SIMULATION_100_GP_LINEAR_SCAR.zip,SIMULATION_100_GP_PU_POE_MU0_LINEAR_GAUSSIAN_SBM_SCAR/production_checkpoints/PU_PoE_mu0_replicate_094.rds
GP_PU_PoE_beta0/production_checkpoints/PU_PoE_mu0_replicate_095.rds,15505,181546701f92e7ae2755ca2fb3e96748,fa44a08a9cde814d0f9bd78995e934f91b16b01ffb8bff13c2e5d0f328860884,SIMULATION_100_GP_LINEAR_SCAR.zip,SIMULATION_100_GP_PU_POE_MU0_LINEAR_GAUSSIAN_SBM_SCAR/production_checkpoints/PU_PoE_mu0_replicate_095.rds
GP_PU_PoE_beta0/production_checkpoints/PU_PoE_mu0_replicate_096.rds,15398,faa8abf913487baa3582c2f1c7604c91,4c0fd74bfc82aa62f0e9bb36ce9ac473ed7b4e70c8a83813622935f89aa5d65f,SIMULATION_100_GP_LINEAR_SCAR.zip,SIMULATION_100_GP_PU_POE_MU0_LINEAR_GAUSSIAN_SBM_SCAR/production_checkpoints/PU_PoE_mu0_replicate_096.rds
GP_PU_PoE_beta0/production_checkpoints/PU_PoE_mu0_replicate_097.rds,15455,4df3154edb641d8ebb23e4df38b4abac,cd8f1b465ff62f85abb90078d6b83507958499c553eb5bc816b8ae6435624a88,SIMULATION_100_GP_LINEAR_SCAR.zip,SIMULATION_100_GP_PU_POE_MU0_LINEAR_GAUSSIAN_SBM_SCAR/production_checkpoints/PU_PoE_mu0_replicate_097.rds
GP_PU_PoE_beta0/production_checkpoints/PU_PoE_mu0_replicate_098.rds,15274,b720976c88c731f1d9c36b21992325cb,4d755fb56f0a7e02b1f87856d6dd8a952967f2f4ff0df5c4a59fc354254ba931,SIMULATION_100_GP_LINEAR_SCAR.zip,SIMULATION_100_GP_PU_POE_MU0_LINEAR_GAUSSIAN_SBM_SCAR/production_checkpoints/PU_PoE_mu0_replicate_098.rds
GP_PU_PoE_beta0/production_checkpoints/PU_PoE_mu0_replicate_099.rds,15476,2f62ced0c987a05f563a1e9fa391974a,c4dfa0eda5fbbb11d1edf7a067bcfc441c70781efc1b2954f1dcfa3c8135b6ed,SIMULATION_100_GP_LINEAR_SCAR.zip,SIMULATION_100_GP_PU_POE_MU0_LINEAR_GAUSSIAN_SBM_SCAR/production_checkpoints/PU_PoE_mu0_replicate_099.rds
GP_PU_PoE_beta0/production_checkpoints/PU_PoE_mu0_replicate_100.rds,15493,baba4be091fe0ab0e2e2e6bdf4b947cf,3535d3b45fdccdb13b4c5ef532b92076f121e50385f1285e2a2cc8d67f7674e2,SIMULATION_100_GP_LINEAR_SCAR.zip,SIMULATION_100_GP_PU_POE_MU0_LINEAR_GAUSSIAN_SBM_SCAR/production_checkpoints/PU_PoE_mu0_replicate_100.rds
GP_PU_PoE_beta0/sessionInfo_GP_PU_PoE_mu0_linear_gaussian_SBM_SCAR.txt,831,72e730cac74d5133ff355ea8f6460da1,830e1a0b5fbd518422106820085b874f0fac1da9b841fdacc848bc54d67b694b,SIMULATION_100_GP_LINEAR_SCAR.zip,SIMULATION_100_GP_PU_POE_MU0_LINEAR_GAUSSIAN_SBM_SCAR/sessionInfo_GP_PU_PoE_mu0_linear_gaussian_SBM_SCAR.txt
GP_PoE/PoE_FINAL_MAIN_TABLE_means.csv,666,de0c7d1a0d7b69aadd8e181f81e4eae1,e1b64821b027248ec1a2c4590339848b7f9b3f2c0cc2df5a520d6dbfc75159c2,SIMULATION_100_GP_LINEAR_SCAR.zip,SIMULATION_100_FULL_POE_LINEAR_GAUSSIAN_SBM_SCAR_MIXED_SIGNAL_SELF_CALIBRATING_PRIORS/PoE_FINAL_MAIN_TABLE_means.csv
GP_PoE/PoE_FINAL_PAPER_TABLE_mean_SD.csv,609,92973ba9d75319b5a9521fc17547f137,6f5662bd0a34fa49e035dbebad2862d82d8b8d1118eaf02d5f363d67e6c5d2fb,SIMULATION_100_GP_LINEAR_SCAR.zip,SIMULATION_100_FULL_POE_LINEAR_GAUSSIAN_SBM_SCAR_MIXED_SIGNAL_SELF_CALIBRATING_PRIORS/PoE_FINAL_PAPER_TABLE_mean_SD.csv
GP_PoE/PoE_additional_diagnostic_summary.csv,3805,77c20eee539e99d5b680cd887160ea89,051734bb79894ce274f699d1a5d4c7454887f5608e1c9c1e9e2b9d5dd314d26e,SIMULATION_100_GP_LINEAR_SCAR.zip,SIMULATION_100_FULL_POE_LINEAR_GAUSSIAN_SBM_SCAR_MIXED_SIGNAL_SELF_CALIBRATING_PRIORS/PoE_additional_diagnostic_summary.csv
GP_PoE/PoE_all_node_probabilities.csv,6922894,36af33fa094ca87ef58038aede397939,ed44ff497b61aa962cf0a8339fe9d1c9a64419936b23a3f21d4f8a4151e4cd0f,SIMULATION_100_GP_LINEAR_SCAR.zip,SIMULATION_100_FULL_POE_LINEAR_GAUSSIAN_SBM_SCAR_MIXED_SIGNAL_SELF_CALIBRATING_PRIORS/PoE_all_node_probabilities.csv
GP_PoE/PoE_failure_log.csv,75,415762f6f66023fe900ed436193d8177,60663936722ba4f3844c53a264aa9a5abee70d0b3de51c9e713756443deae104,SIMULATION_100_GP_LINEAR_SCAR.zip,SIMULATION_100_FULL_POE_LINEAR_GAUSSIAN_SBM_SCAR_MIXED_SIGNAL_SELF_CALIBRATING_PRIORS/PoE_failure_log.csv
GP_PoE/PoE_geometry_summary.csv,39093,9b9603cf6d7caa4ae0ef2aaa59a926fb,4e74e5c17ded889124920c02bec40f11a8379e4a9c8c199b7559f27269b89d5a,SIMULATION_100_GP_LINEAR_SCAR.zip,SIMULATION_100_FULL_POE_LINEAR_GAUSSIAN_SBM_SCAR_MIXED_SIGNAL_SELF_CALIBRATING_PRIORS/PoE_geometry_summary.csv
GP_PoE/PoE_global_pilot_calibration_5_datasets.rds,6309,7d69be20041073f7b77192f3d3de4e9f,c3d380b3bfdab7c2d9b377a92a422a6e4327507f36635c726524cd78026a04ca,SIMULATION_100_GP_LINEAR_SCAR.zip,SIMULATION_100_FULL_POE_LINEAR_GAUSSIAN_SBM_SCAR_MIXED_SIGNAL_SELF_CALIBRATING_PRIORS/PoE_global_pilot_calibration_5_datasets.rds
GP_PoE/PoE_global_pilot_distribution_summary.csv,2661,0da52b1dad28d40fc6979a60f54f6516,171021befed252939b052aead457df9c7567ebe924ae97d1c458922bdb0dac5f,SIMULATION_100_GP_LINEAR_SCAR.zip,SIMULATION_100_FULL_POE_LINEAR_GAUSSIAN_SBM_SCAR_MIXED_SIGNAL_SELF_CALIBRATING_PRIORS/PoE_global_pilot_distribution_summary.csv
GP_PoE/PoE_global_pilot_per_pilot_summary.csv,2798,06e131a80825031b24c7a58fe3ba00f2,5a600c2c91903ffd59a654f67123e22bf52264358ff8cfef497559560fc9e867,SIMULATION_100_GP_LINEAR_SCAR.zip,SIMULATION_100_FULL_POE_LINEAR_GAUSSIAN_SBM_SCAR_MIXED_SIGNAL_SELF_CALIBRATING_PRIORS/PoE_global_pilot_per_pilot_summary.csv
GP_PoE/PoE_metric_summary_long.csv,3535,2f04b37937db2046bc5bd3f906a5ef33,3a37dd9c2df26e1fcbd069deea0eb7d541224cff2d1bff0c0a7a1b159bea5e6b,SIMULATION_100_GP_LINEAR_SCAR.zip,SIMULATION_100_FULL_POE_LINEAR_GAUSSIAN_SBM_SCAR_MIXED_SIGNAL_SELF_CALIBRATING_PRIORS/PoE_metric_summary_long.csv
GP_PoE/PoE_metrics_by_replicate.csv,72397,bd07872d6340136833192acd73e6b885,c82a4c579e0c1c806998eb05dd086bdfd0e43005a1287c82b06d0a2964910ad0,SIMULATION_100_GP_LINEAR_SCAR.zip,SIMULATION_100_FULL_POE_LINEAR_GAUSSIAN_SBM_SCAR_MIXED_SIGNAL_SELF_CALIBRATING_PRIORS/PoE_metrics_by_replicate.csv
GP_PoE/PoE_modularity_summary.csv,13934,b20c990eab9e5045d17416edf94dd8c4,5bf7182f9bc01d88c7dfdf223660716d8f484d7d6e6d894517d8ae383c546e12,SIMULATION_100_GP_LINEAR_SCAR.zip,SIMULATION_100_FULL_POE_LINEAR_GAUSSIAN_SBM_SCAR_MIXED_SIGNAL_SELF_CALIBRATING_PRIORS/PoE_modularity_summary.csv
GP_PoE/PoE_pilot_prior_calibration_summary.csv,6134,428dc46cfcf66d1e2693f6aa0886f56a,45d16d5bf16cb2113506c4289ffd2af4ba8010c6ae2242682dee7321303aa0fd,SIMULATION_100_GP_LINEAR_SCAR.zip,SIMULATION_100_FULL_POE_LINEAR_GAUSSIAN_SBM_SCAR_MIXED_SIGNAL_SELF_CALIBRATING_PRIORS/PoE_pilot_prior_calibration_summary.csv
GP_PoE/PoE_pilot_seed_table.csv,209,2d0be0d4c874fbba803c877af3dd101a,814e2407b1edfeaf25aa3a9b5fd2264bf040d4982a60611b4597e755742aff16,SIMULATION_100_GP_LINEAR_SCAR.zip,SIMULATION_100_FULL_POE_LINEAR_GAUSSIAN_SBM_SCAR_MIXED_SIGNAL_SELF_CALIBRATING_PRIORS/PoE_pilot_seed_table.csv
GP_PoE/PoE_prior_calibration_by_replicate.csv,127634,78500787e98e1df584dc46c6217a4ce1,2d33a19642e0f6a49d933833b535e259659fad9c5a30208e04f1da7c451660c5,SIMULATION_100_GP_LINEAR_SCAR.zip,SIMULATION_100_FULL_POE_LINEAR_GAUSSIAN_SBM_SCAR_MIXED_SIGNAL_SELF_CALIBRATING_PRIORS/PoE_prior_calibration_by_replicate.csv
GP_PoE/PoE_prior_calibration_distribution_summary.csv,3400,d911783cd7bb80256e25366236b63318,7b3f80bd9d6237d1141d98341f6fc9bf5940ab7a05045cd03bf9b327cf707937,SIMULATION_100_GP_LINEAR_SCAR.zip,SIMULATION_100_FULL_POE_LINEAR_GAUSSIAN_SBM_SCAR_MIXED_SIGNAL_SELF_CALIBRATING_PRIORS/PoE_prior_calibration_distribution_summary.csv
GP_PoE/PoE_production_seed_table.csv,3155,caf61d073ae7eb998236db8652ed235f,e865b7e3b7555d91aecf387870e39b2d3ee980b91f92d844136d4d44abca7387,SIMULATION_100_GP_LINEAR_SCAR.zip,SIMULATION_100_FULL_POE_LINEAR_GAUSSIAN_SBM_SCAR_MIXED_SIGNAL_SELF_CALIBRATING_PRIORS/PoE_production_seed_table.csv
GP_PoE/PoE_run_config.rds,3332,e5585853b2c2bfe665c0b484be05cbda,4a397e8c21318ed1409e4cc236543235c425f5ef92b4a9a4a26925847d911f7a,SIMULATION_100_GP_LINEAR_SCAR.zip,SIMULATION_100_FULL_POE_LINEAR_GAUSSIAN_SBM_SCAR_MIXED_SIGNAL_SELF_CALIBRATING_PRIORS/PoE_run_config.rds
GP_PoE/pilot_checkpoints/PoE_pilot_01.rds,622283,ae6d69d97e45a397e02ed710f29ce09f,26c286a2e0d9999177f73cdc37cdf1090847cdb2320c32c309646f01baa65435,SIMULATION_100_GP_LINEAR_SCAR.zip,SIMULATION_100_FULL_POE_LINEAR_GAUSSIAN_SBM_SCAR_MIXED_SIGNAL_SELF_CALIBRATING_PRIORS/pilot_checkpoints/PoE_pilot_01.rds
GP_PoE/pilot_checkpoints/PoE_pilot_02.rds,616381,e8ce2ca8df35a5871398410cc4071ced,82bcf9d6afbdb256ecfad7552e8b4a51ca9c9e53dcfb34175ae6b2f29931ed86,SIMULATION_100_GP_LINEAR_SCAR.zip,SIMULATION_100_FULL_POE_LINEAR_GAUSSIAN_SBM_SCAR_MIXED_SIGNAL_SELF_CALIBRATING_PRIORS/pilot_checkpoints/PoE_pilot_02.rds
GP_PoE/pilot_checkpoints/PoE_pilot_03.rds,617137,4e937e6bf15257a557b3030f3a924f29,7174094e426205c8057fff90635120772ab496109f72d13fff74fe52878fc20a,SIMULATION_100_GP_LINEAR_SCAR.zip,SIMULATION_100_FULL_POE_LINEAR_GAUSSIAN_SBM_SCAR_MIXED_SIGNAL_SELF_CALIBRATING_PRIORS/pilot_checkpoints/PoE_pilot_03.rds
GP_PoE/pilot_checkpoints/PoE_pilot_04.rds,618328,626dc29e7daaaa6dd496867083259493,a7b8bc674af417ef5031894e54a78434fe21d673d81158de1bdf92e41584cfa7,SIMULATION_100_GP_LINEAR_SCAR.zip,SIMULATION_100_FULL_POE_LINEAR_GAUSSIAN_SBM_SCAR_MIXED_SIGNAL_SELF_CALIBRATING_PRIORS/pilot_checkpoints/PoE_pilot_04.rds
GP_PoE/pilot_checkpoints/PoE_pilot_05.rds,620150,810361d00cc61c054c711da7715641bd,0698ce6df58562585973323298dc38b194e12ee1bf1248ea703a2affb69ca762,SIMULATION_100_GP_LINEAR_SCAR.zip,SIMULATION_100_FULL_POE_LINEAR_GAUSSIAN_SBM_SCAR_MIXED_SIGNAL_SELF_CALIBRATING_PRIORS/pilot_checkpoints/PoE_pilot_05.rds
GP_PoE/pilot_geometries/PoE_pilot_01_geometry.rds,85433,84385de91011740f327b0b58f9b520a2,64c9036baece3a65094fc368b8eca0f6b746aae843a2627b276a5c13f50f5fbc,SIMULATION_100_GP_LINEAR_SCAR.zip,SIMULATION_100_FULL_POE_LINEAR_GAUSSIAN_SBM_SCAR_MIXED_SIGNAL_SELF_CALIBRATING_PRIORS/pilot_geometries/PoE_pilot_01_geometry.rds
GP_PoE/pilot_geometries/PoE_pilot_02_geometry.rds,62724,d0bbd2c61641a11200dc2e313b823cb6,33bbbe8de22333fe843cefb8a5a96064bf749f3bdf22674e1fc6d45fe920cf76,SIMULATION_100_GP_LINEAR_SCAR.zip,SIMULATION_100_FULL_POE_LINEAR_GAUSSIAN_SBM_SCAR_MIXED_SIGNAL_SELF_CALIBRATING_PRIORS/pilot_geometries/PoE_pilot_02_geometry.rds
GP_PoE/pilot_geometries/PoE_pilot_03_geometry.rds,58709,6cfe15d6954e6a012001e3476be3edaa,232e86ad58c9e1caa0e8a8c65828f9860fa746034ac347acb725b994a0d86a6e,SIMULATION_100_GP_LINEAR_SCAR.zip,SIMULATION_100_FULL_POE_LINEAR_GAUSSIAN_SBM_SCAR_MIXED_SIGNAL_SELF_CALIBRATING_PRIORS/pilot_geometries/PoE_pilot_03_geometry.rds
GP_PoE/pilot_geometries/PoE_pilot_04_geometry.rds,62736,7ff17b3d33bc05bc89950e2a5f84110e,5b8c3e8c88e283ea7fd8216b7bdd310d4a0c2e357b3ef99cf87519126da21de1,SIMULATION_100_GP_LINEAR_SCAR.zip,SIMULATION_100_FULL_POE_LINEAR_GAUSSIAN_SBM_SCAR_MIXED_SIGNAL_SELF_CALIBRATING_PRIORS/pilot_geometries/PoE_pilot_04_geometry.rds
GP_PoE/pilot_geometries/PoE_pilot_05_geometry.rds,73007,0af34d0accb76ee0e328993a75555745,ad4be4a1ab39d9cbd4b3b37c4094b198ba96916b133bde1c64215e512126823b,SIMULATION_100_GP_LINEAR_SCAR.zip,SIMULATION_100_FULL_POE_LINEAR_GAUSSIAN_SBM_SCAR_MIXED_SIGNAL_SELF_CALIBRATING_PRIORS/pilot_geometries/PoE_pilot_05_geometry.rds
GP_PoE/prior_calibrations/PoE_pilot_01_prior_calibration.csv,1974,e2190454eca0c998a0d8ee436c0a8de5,471f0ecd38b985b9cffa97328730e3d76012101384f18d26394f31f2e97adeef,SIMULATION_100_GP_LINEAR_SCAR.zip,SIMULATION_100_FULL_POE_LINEAR_GAUSSIAN_SBM_SCAR_MIXED_SIGNAL_SELF_CALIBRATING_PRIORS/prior_calibrations/PoE_pilot_01_prior_calibration.csv
GP_PoE/prior_calibrations/PoE_pilot_02_prior_calibration.csv,1974,a97d4709ced84de5f93eb41d46ce46f4,ed4f4c714a808796f330786cc2e3df08f4e422c80aa38f006d938b820516e11a,SIMULATION_100_GP_LINEAR_SCAR.zip,SIMULATION_100_FULL_POE_LINEAR_GAUSSIAN_SBM_SCAR_MIXED_SIGNAL_SELF_CALIBRATING_PRIORS/prior_calibrations/PoE_pilot_02_prior_calibration.csv
GP_PoE/prior_calibrations/PoE_pilot_03_prior_calibration.csv,1976,8beecf5eb83dc78984ef20f3bd0327fc,a0573b0f98d5d5abc765c06020c12fb677108c62803a25c337c2020739115613,SIMULATION_100_GP_LINEAR_SCAR.zip,SIMULATION_100_FULL_POE_LINEAR_GAUSSIAN_SBM_SCAR_MIXED_SIGNAL_SELF_CALIBRATING_PRIORS/prior_calibrations/PoE_pilot_03_prior_calibration.csv
GP_PoE/prior_calibrations/PoE_pilot_04_prior_calibration.csv,1977,f50fb629c26d1441e718e91910cc9c02,aabac19b20e106aeb1dacbd750d6e03589a316ba129d434194a4d623770665ef,SIMULATION_100_GP_LINEAR_SCAR.zip,SIMULATION_100_FULL_POE_LINEAR_GAUSSIAN_SBM_SCAR_MIXED_SIGNAL_SELF_CALIBRATING_PRIORS/prior_calibrations/PoE_pilot_04_prior_calibration.csv
GP_PoE/prior_calibrations/PoE_pilot_05_prior_calibration.csv,1969,312064da37f65159568005939ad31b60,837615e42f333e4bef7edc6eae9f10d6a6de1be72f101a0d36ee733ac8f3d02c,SIMULATION_100_GP_LINEAR_SCAR.zip,SIMULATION_100_FULL_POE_LINEAR_GAUSSIAN_SBM_SCAR_MIXED_SIGNAL_SELF_CALIBRATING_PRIORS/prior_calibrations/PoE_pilot_05_prior_calibration.csv
GP_PoE/prior_calibrations/PoE_replicate_001_prior_calibration.csv,2223,9b1a02f3425025f7bd98d587dc2f1ad5,4dd577ccfcfb61095e02d0b2ec63aac0bbb27e317bc3dc6be5b4b1bc49304a7c,SIMULATION_100_GP_LINEAR_SCAR.zip,SIMULATION_100_FULL_POE_LINEAR_GAUSSIAN_SBM_SCAR_MIXED_SIGNAL_SELF_CALIBRATING_PRIORS/prior_calibrations/PoE_replicate_001_prior_calibration.csv
GP_PoE/prior_calibrations/PoE_replicate_002_prior_calibration.csv,2228,798aecf7c28c0dcd807442a29cee4706,7e2507045d016d71154c5b9729fe7432933e14936e5514a2da0d4899a42fdbd0,SIMULATION_100_GP_LINEAR_SCAR.zip,SIMULATION_100_FULL_POE_LINEAR_GAUSSIAN_SBM_SCAR_MIXED_SIGNAL_SELF_CALIBRATING_PRIORS/prior_calibrations/PoE_replicate_002_prior_calibration.csv
GP_PoE/prior_calibrations/PoE_replicate_003_prior_calibration.csv,2225,1f3bf8a211e6c55c4dbec6aeaf6ffae5,1d2a82115a46d69aa082ae731d1d7f457769d1f0181bdeb1ee1b9ef5951252e9,SIMULATION_100_GP_LINEAR_SCAR.zip,SIMULATION_100_FULL_POE_LINEAR_GAUSSIAN_SBM_SCAR_MIXED_SIGNAL_SELF_CALIBRATING_PRIORS/prior_calibrations/PoE_replicate_003_prior_calibration.csv
GP_PoE/prior_calibrations/PoE_replicate_004_prior_calibration.csv,2224,7a6291570014a7f4fb4870c9d0ecb32d,57856095832b71a65a2dc41cbf84d363feb722e2e69f8d3a4e8cdca53b7f5ecc,SIMULATION_100_GP_LINEAR_SCAR.zip,SIMULATION_100_FULL_POE_LINEAR_GAUSSIAN_SBM_SCAR_MIXED_SIGNAL_SELF_CALIBRATING_PRIORS/prior_calibrations/PoE_replicate_004_prior_calibration.csv
GP_PoE/prior_calibrations/PoE_replicate_005_prior_calibration.csv,2220,36a0fe9e060c10cd00b09831a5f0b3da,1157463738a14d8c4b3f6d279d5525e49846665d84cece647d6f73332e5b316d,SIMULATION_100_GP_LINEAR_SCAR.zip,SIMULATION_100_FULL_POE_LINEAR_GAUSSIAN_SBM_SCAR_MIXED_SIGNAL_SELF_CALIBRATING_PRIORS/prior_calibrations/PoE_replicate_005_prior_calibration.csv
GP_PoE/prior_calibrations/PoE_replicate_006_prior_calibration.csv,2228,05c956319f9a51766bc1ecf9e8083b15,214810d3c51590a45cb28f34ef0e999728225dc75b583fa961d81ea53e456297,SIMULATION_100_GP_LINEAR_SCAR.zip,SIMULATION_100_FULL_POE_LINEAR_GAUSSIAN_SBM_SCAR_MIXED_SIGNAL_SELF_CALIBRATING_PRIORS/prior_calibrations/PoE_replicate_006_prior_calibration.csv
GP_PoE/prior_calibrations/PoE_replicate_007_prior_calibration.csv,2224,ce52f4fc5bcd9cb9799647379fa0f1b8,e182e899122525a32d6cd4e1579ca718165dab74732e4339d0ee4cae6c8e10a1,SIMULATION_100_GP_LINEAR_SCAR.zip,SIMULATION_100_FULL_POE_LINEAR_GAUSSIAN_SBM_SCAR_MIXED_SIGNAL_SELF_CALIBRATING_PRIORS/prior_calibrations/PoE_replicate_007_prior_calibration.csv
GP_PoE/prior_calibrations/PoE_replicate_008_prior_calibration.csv,2222,eedda34692f4338ea4f2de6aa9b2cefa,a9929c9509457fead6b886f7b6d131430b91262cdcf90ba0271fe28e1c2af4e3,SIMULATION_100_GP_LINEAR_SCAR.zip,SIMULATION_100_FULL_POE_LINEAR_GAUSSIAN_SBM_SCAR_MIXED_SIGNAL_SELF_CALIBRATING_PRIORS/prior_calibrations/PoE_replicate_008_prior_calibration.csv
GP_PoE/prior_calibrations/PoE_replicate_009_prior_calibration.csv,2227,19472b8ec8c65a60f8fe1e069b2d4853,cca7200e6c46694580aab8ffd18509c37e116433edfcd70cd7cde2645146049e,SIMULATION_100_GP_LINEAR_SCAR.zip,SIMULATION_100_FULL_POE_LINEAR_GAUSSIAN_SBM_SCAR_MIXED_SIGNAL_SELF_CALIBRATING_PRIORS/prior_calibrations/PoE_replicate_009_prior_calibration.csv
GP_PoE/prior_calibrations/PoE_replicate_010_prior_calibration.csv,2223,0b6798de8ad9307c6ba1a4e3d2c31cfb,fddb4325a76543cd2227bab2a23faa1e15fe539e5c5162ae93c18f215a8973f1,SIMULATION_100_GP_LINEAR_SCAR.zip,SIMULATION_100_FULL_POE_LINEAR_GAUSSIAN_SBM_SCAR_MIXED_SIGNAL_SELF_CALIBRATING_PRIORS/prior_calibrations/PoE_replicate_010_prior_calibration.csv
GP_PoE/prior_calibrations/PoE_replicate_011_prior_calibration.csv,2227,8fe90e231152d440e8baa9f626e6db8b,593f4ab5c5fe5a6683a5949014e3420cca35e441f1de29422c00bdb08470aa23,SIMULATION_100_GP_LINEAR_SCAR.zip,SIMULATION_100_FULL_POE_LINEAR_GAUSSIAN_SBM_SCAR_MIXED_SIGNAL_SELF_CALIBRATING_PRIORS/prior_calibrations/PoE_replicate_011_prior_calibration.csv
GP_PoE/prior_calibrations/PoE_replicate_012_prior_calibration.csv,2226,9762990696c27b09b3e31fe4a7455db1,79f63976d141849c2ccc7eb52d6396c8f9b3086cb6b08a52a4008ac9fdd35a56,SIMULATION_100_GP_LINEAR_SCAR.zip,SIMULATION_100_FULL_POE_LINEAR_GAUSSIAN_SBM_SCAR_MIXED_SIGNAL_SELF_CALIBRATING_PRIORS/prior_calibrations/PoE_replicate_012_prior_calibration.csv
GP_PoE/prior_calibrations/PoE_replicate_013_prior_calibration.csv,2229,56c7555cf9f92d718ff2523d66409764,f2105c87e89663709414be32e11fad691b407a2b856f2b7e41bcffdf9fef1038,SIMULATION_100_GP_LINEAR_SCAR.zip,SIMULATION_100_FULL_POE_LINEAR_GAUSSIAN_SBM_SCAR_MIXED_SIGNAL_SELF_CALIBRATING_PRIORS/prior_calibrations/PoE_replicate_013_prior_calibration.csv
GP_PoE/prior_calibrations/PoE_replicate_014_prior_calibration.csv,2230,f47be71f60048f364a5921d2b6e4cd6d,563ff8ecec43476f76a93bc93fae8d1a560c34e02299d124befb73ffa183e47e,SIMULATION_100_GP_LINEAR_SCAR.zip,SIMULATION_100_FULL_POE_LINEAR_GAUSSIAN_SBM_SCAR_MIXED_SIGNAL_SELF_CALIBRATING_PRIORS/prior_calibrations/PoE_replicate_014_prior_calibration.csv
GP_PoE/prior_calibrations/PoE_replicate_015_prior_calibration.csv,2225,ab84345565aeaba9160ba326e46fc59d,5b1c82d9e7571f7fbbd67d7c7e3d540afa7342e3ab75ce51abe0fc4293ea849e,SIMULATION_100_GP_LINEAR_SCAR.zip,SIMULATION_100_FULL_POE_LINEAR_GAUSSIAN_SBM_SCAR_MIXED_SIGNAL_SELF_CALIBRATING_PRIORS/prior_calibrations/PoE_replicate_015_prior_calibration.csv
GP_PoE/prior_calibrations/PoE_replicate_016_prior_calibration.csv,2226,6b764e635b0a2d1698bdced87665f953,bfe249e6b7ee1c09c31daccd942fc147657d6dd48ee9ed0917edd7ce194923e3,SIMULATION_100_GP_LINEAR_SCAR.zip,SIMULATION_100_FULL_POE_LINEAR_GAUSSIAN_SBM_SCAR_MIXED_SIGNAL_SELF_CALIBRATING_PRIORS/prior_calibrations/PoE_replicate_016_prior_calibration.csv
GP_PoE/prior_calibrations/PoE_replicate_017_prior_calibration.csv,2224,98f81fdde99b4153279f09bfe31c1b75,3b0b3bb921778b351e8e0e22a7c6eb21e27c5ba47c4372054c231120dead133f,SIMULATION_100_GP_LINEAR_SCAR.zip,SIMULATION_100_FULL_POE_LINEAR_GAUSSIAN_SBM_SCAR_MIXED_SIGNAL_SELF_CALIBRATING_PRIORS/prior_calibrations/PoE_replicate_017_prior_calibration.csv
GP_PoE/prior_calibrations/PoE_replicate_018_prior_calibration.csv,2225,43451753a8905759ca0936a212077ce0,933860cab385147af5eae16b37f45c85d386ea73722bdc729dada675c1a06739,SIMULATION_100_GP_LINEAR_SCAR.zip,SIMULATION_100_FULL_POE_LINEAR_GAUSSIAN_SBM_SCAR_MIXED_SIGNAL_SELF_CALIBRATING_PRIORS/prior_calibrations/PoE_replicate_018_prior_calibration.csv
GP_PoE/prior_calibrations/PoE_replicate_019_prior_calibration.csv,2224,b8edbad5b4920a4df9846e669c0ee055,dc09765a8b62089e48afc9583c513a375b3f08e308eb587f97223bff876f3115,SIMULATION_100_GP_LINEAR_SCAR.zip,SIMULATION_100_FULL_POE_LINEAR_GAUSSIAN_SBM_SCAR_MIXED_SIGNAL_SELF_CALIBRATING_PRIORS/prior_calibrations/PoE_replicate_019_prior_calibration.csv
GP_PoE/prior_calibrations/PoE_replicate_020_prior_calibration.csv,2222,32e2b925be480de1fd08425f1bf42d50,add2171c639310b7f58f6d5ef770f0b9e2a8b2075e5fc619e7ac1908d9312cd0,SIMULATION_100_GP_LINEAR_SCAR.zip,SIMULATION_100_FULL_POE_LINEAR_GAUSSIAN_SBM_SCAR_MIXED_SIGNAL_SELF_CALIBRATING_PRIORS/prior_calibrations/PoE_replicate_020_prior_calibration.csv
GP_PoE/prior_calibrations/PoE_replicate_021_prior_calibration.csv,2223,3a11cb0fdeca5e2fe5f9fecf8fde4d1b,9a9dce7980f0b79f3c2639cb96c5a811024a318f3d342f18131763b404ad1946,SIMULATION_100_GP_LINEAR_SCAR.zip,SIMULATION_100_FULL_POE_LINEAR_GAUSSIAN_SBM_SCAR_MIXED_SIGNAL_SELF_CALIBRATING_PRIORS/prior_calibrations/PoE_replicate_021_prior_calibration.csv
GP_PoE/prior_calibrations/PoE_replicate_022_prior_calibration.csv,2224,7b4c9535dbfe7d0da8c5aff3b3eb853a,3f7fc25555bcb8f038b0774a1b9012bd072945dd4cb144bfe1cc50443380d205,SIMULATION_100_GP_LINEAR_SCAR.zip,SIMULATION_100_FULL_POE_LINEAR_GAUSSIAN_SBM_SCAR_MIXED_SIGNAL_SELF_CALIBRATING_PRIORS/prior_calibrations/PoE_replicate_022_prior_calibration.csv
GP_PoE/prior_calibrations/PoE_replicate_023_prior_calibration.csv,2229,a2e58b537cba2cfc35243002c305dee5,aa56a83b12e9675cf52f12e403381061acef43ef2bf23962a61bb6f253bbbd52,SIMULATION_100_GP_LINEAR_SCAR.zip,SIMULATION_100_FULL_POE_LINEAR_GAUSSIAN_SBM_SCAR_MIXED_SIGNAL_SELF_CALIBRATING_PRIORS/prior_calibrations/PoE_replicate_023_prior_calibration.csv
GP_PoE/prior_calibrations/PoE_replicate_024_prior_calibration.csv,2223,52853a12367a87583b21163c766936a8,248cac2d0dd15c1b1ec62191263cb0782ffa3a5feeebe07b15ef19786b768f40,SIMULATION_100_GP_LINEAR_SCAR.zip,SIMULATION_100_FULL_POE_LINEAR_GAUSSIAN_SBM_SCAR_MIXED_SIGNAL_SELF_CALIBRATING_PRIORS/prior_calibrations/PoE_replicate_024_prior_calibration.csv
GP_PoE/prior_calibrations/PoE_replicate_025_prior_calibration.csv,2226,2a062da213185b6279c9b5eb6182eaea,fa62f0b5da044a5705531ad77317298a45fdcc4921b8246bcd2f12be0a95a866,SIMULATION_100_GP_LINEAR_SCAR.zip,SIMULATION_100_FULL_POE_LINEAR_GAUSSIAN_SBM_SCAR_MIXED_SIGNAL_SELF_CALIBRATING_PRIORS/prior_calibrations/PoE_replicate_025_prior_calibration.csv
GP_PoE/prior_calibrations/PoE_replicate_026_prior_calibration.csv,2227,8ceee51c7ab7a3c9ac177f74f94673bd,14ef19353c18d4f335da471d411a6ef5a66031ef7b1c9a5d343c6e6f77c2df65,SIMULATION_100_GP_LINEAR_SCAR.zip,SIMULATION_100_FULL_POE_LINEAR_GAUSSIAN_SBM_SCAR_MIXED_SIGNAL_SELF_CALIBRATING_PRIORS/prior_calibrations/PoE_replicate_026_prior_calibration.csv
GP_PoE/prior_calibrations/PoE_replicate_027_prior_calibration.csv,2227,63ead5a13f0fbc516756f763605e310b,53250930ca5c6585ed02c45b97e753af97070556d8ef5588e16ea35c6d25e8b5,SIMULATION_100_GP_LINEAR_SCAR.zip,SIMULATION_100_FULL_POE_LINEAR_GAUSSIAN_SBM_SCAR_MIXED_SIGNAL_SELF_CALIBRATING_PRIORS/prior_calibrations/PoE_replicate_027_prior_calibration.csv
GP_PoE/prior_calibrations/PoE_replicate_028_prior_calibration.csv,2225,20ab53aa179e7136473b66962500ce87,af87f3e57226f7fafc8922a0680790e623a942ccd277c6aa759ac805b99c39df,SIMULATION_100_GP_LINEAR_SCAR.zip,SIMULATION_100_FULL_POE_LINEAR_GAUSSIAN_SBM_SCAR_MIXED_SIGNAL_SELF_CALIBRATING_PRIORS/prior_calibrations/PoE_replicate_028_prior_calibration.csv
GP_PoE/prior_calibrations/PoE_replicate_029_prior_calibration.csv,2223,e68ded15b302eb64329bb2c7342e144e,192ec6b274889f7bf0cd2139450e934cb11f9d7f78dd1e98d9875ef7b4d68940,SIMULATION_100_GP_LINEAR_SCAR.zip,SIMULATION_100_FULL_POE_LINEAR_GAUSSIAN_SBM_SCAR_MIXED_SIGNAL_SELF_CALIBRATING_PRIORS/prior_calibrations/PoE_replicate_029_prior_calibration.csv
GP_PoE/prior_calibrations/PoE_replicate_030_prior_calibration.csv,2221,7ad4f6ea7a10a2c8fbdc043445c666dd,ed550e70a471681718207f079464c560d0176e43bcc5c0137a40ce405101883d,SIMULATION_100_GP_LINEAR_SCAR.zip,SIMULATION_100_FULL_POE_LINEAR_GAUSSIAN_SBM_SCAR_MIXED_SIGNAL_SELF_CALIBRATING_PRIORS/prior_calibrations/PoE_replicate_030_prior_calibration.csv
GP_PoE/prior_calibrations/PoE_replicate_031_prior_calibration.csv,2225,16a3024c0e4d1eeea5aa6093d97f4140,3046bf06efaf5acfb64d33457442cf82e62e9855f717ee0f3bc6708e88884da1,SIMULATION_100_GP_LINEAR_SCAR.zip,SIMULATION_100_FULL_POE_LINEAR_GAUSSIAN_SBM_SCAR_MIXED_SIGNAL_SELF_CALIBRATING_PRIORS/prior_calibrations/PoE_replicate_031_prior_calibration.csv
GP_PoE/prior_calibrations/PoE_replicate_032_prior_calibration.csv,2223,0367b8b70669f38f9b4bda7362be3b1a,1c71846ce2d0f8949f8eb3fa79121189a2a0ddfc37101a1198ec9e72f0bfc36d,SIMULATION_100_GP_LINEAR_SCAR.zip,SIMULATION_100_FULL_POE_LINEAR_GAUSSIAN_SBM_SCAR_MIXED_SIGNAL_SELF_CALIBRATING_PRIORS/prior_calibrations/PoE_replicate_032_prior_calibration.csv
GP_PoE/prior_calibrations/PoE_replicate_033_prior_calibration.csv,2227,03c587ed58dc77d9d1b180958b834a53,b54cbc599d470749fcb1f660a03c88273447a3fd61ddf9e4fe26b3a96b9527b1,SIMULATION_100_GP_LINEAR_SCAR.zip,SIMULATION_100_FULL_POE_LINEAR_GAUSSIAN_SBM_SCAR_MIXED_SIGNAL_SELF_CALIBRATING_PRIORS/prior_calibrations/PoE_replicate_033_prior_calibration.csv
GP_PoE/prior_calibrations/PoE_replicate_034_prior_calibration.csv,2227,64972c14b683e188ba3dd5ea799ddc29,6a39cf96f06e1ccc28fcafa8d6c37d82fa6d9d68a56702f70d55f8ba4ecad347,SIMULATION_100_GP_LINEAR_SCAR.zip,SIMULATION_100_FULL_POE_LINEAR_GAUSSIAN_SBM_SCAR_MIXED_SIGNAL_SELF_CALIBRATING_PRIORS/prior_calibrations/PoE_replicate_034_prior_calibration.csv
GP_PoE/prior_calibrations/PoE_replicate_035_prior_calibration.csv,2229,a7adbdf2ff7b782b7cbd90c039e25db9,a95dce2360eac054cfe5e40b2ca157d4c72fcbc82bd12da3fdea6a8fd2d6f86a,SIMULATION_100_GP_LINEAR_SCAR.zip,SIMULATION_100_FULL_POE_LINEAR_GAUSSIAN_SBM_SCAR_MIXED_SIGNAL_SELF_CALIBRATING_PRIORS/prior_calibrations/PoE_replicate_035_prior_calibration.csv
GP_PoE/prior_calibrations/PoE_replicate_036_prior_calibration.csv,2223,454cba9c5a2e34716302e16d02afdf28,3af2fd47c0ee502649e294f5e8adee15b6d009450d24623145ed89d94d64f828,SIMULATION_100_GP_LINEAR_SCAR.zip,SIMULATION_100_FULL_POE_LINEAR_GAUSSIAN_SBM_SCAR_MIXED_SIGNAL_SELF_CALIBRATING_PRIORS/prior_calibrations/PoE_replicate_036_prior_calibration.csv
GP_PoE/prior_calibrations/PoE_replicate_037_prior_calibration.csv,2228,9de2513c303538f163eac817b91ff1a2,e27398c0ca6596f3ded63e3664239e5c8b3d9aa23e0d3146b753d024618d0349,SIMULATION_100_GP_LINEAR_SCAR.zip,SIMULATION_100_FULL_POE_LINEAR_GAUSSIAN_SBM_SCAR_MIXED_SIGNAL_SELF_CALIBRATING_PRIORS/prior_calibrations/PoE_replicate_037_prior_calibration.csv
GP_PoE/prior_calibrations/PoE_replicate_038_prior_calibration.csv,2226,300ec6ed04397745aa2d25685a88cbec,d65c9b85b0e77c65b69faaa1113f80b531f3181525548842470d5cc80e220753,SIMULATION_100_GP_LINEAR_SCAR.zip,SIMULATION_100_FULL_POE_LINEAR_GAUSSIAN_SBM_SCAR_MIXED_SIGNAL_SELF_CALIBRATING_PRIORS/prior_calibrations/PoE_replicate_038_prior_calibration.csv
GP_PoE/prior_calibrations/PoE_replicate_039_prior_calibration.csv,2227,d362eda40d6a9e369917e4ab40d669fe,9e2468524b5dddd172607ed21483b4596e7ccca73faa55d8759651bd9a0b146b,SIMULATION_100_GP_LINEAR_SCAR.zip,SIMULATION_100_FULL_POE_LINEAR_GAUSSIAN_SBM_SCAR_MIXED_SIGNAL_SELF_CALIBRATING_PRIORS/prior_calibrations/PoE_replicate_039_prior_calibration.csv
GP_PoE/prior_calibrations/PoE_replicate_040_prior_calibration.csv,2225,8b4d7748c490bccccab97214d6e7cd44,38f2259240f5672191cbdbd1ba5d0ec4dcc168ce56911eabcfa67442ab7e11bf,SIMULATION_100_GP_LINEAR_SCAR.zip,SIMULATION_100_FULL_POE_LINEAR_GAUSSIAN_SBM_SCAR_MIXED_SIGNAL_SELF_CALIBRATING_PRIORS/prior_calibrations/PoE_replicate_040_prior_calibration.csv
GP_PoE/prior_calibrations/PoE_replicate_041_prior_calibration.csv,2225,fcf7c57f63c62771924679ed8047d4fc,2f3c3f578f1423f0a7a92db32efefcce9e559acfd90680fb192bc18a4f858514,SIMULATION_100_GP_LINEAR_SCAR.zip,SIMULATION_100_FULL_POE_LINEAR_GAUSSIAN_SBM_SCAR_MIXED_SIGNAL_SELF_CALIBRATING_PRIORS/prior_calibrations/PoE_replicate_041_prior_calibration.csv
GP_PoE/prior_calibrations/PoE_replicate_042_prior_calibration.csv,2227,da81d5ec1b601dc3b917d4fd59ac2fc0,68c4c65284a5ff9977097bfac7c00c4290b963599167dd2424cf9ddfc5b66d7b,SIMULATION_100_GP_LINEAR_SCAR.zip,SIMULATION_100_FULL_POE_LINEAR_GAUSSIAN_SBM_SCAR_MIXED_SIGNAL_SELF_CALIBRATING_PRIORS/prior_calibrations/PoE_replicate_042_prior_calibration.csv
GP_PoE/prior_calibrations/PoE_replicate_043_prior_calibration.csv,2229,26cae3c992df23fc3235597d3cd5e138,6d47d00c3c32904bf79c6740c9c277a30f1e98ee16da140129eafe4fd356f409,SIMULATION_100_GP_LINEAR_SCAR.zip,SIMULATION_100_FULL_POE_LINEAR_GAUSSIAN_SBM_SCAR_MIXED_SIGNAL_SELF_CALIBRATING_PRIORS/prior_calibrations/PoE_replicate_043_prior_calibration.csv
GP_PoE/prior_calibrations/PoE_replicate_044_prior_calibration.csv,2226,a7a86a295459d4d2d02e7ea6b5c6038b,013b5e3e68bad0cc3c2392676eec8cdb5c5a6011c577a1eb6f8180c5e720e2f4,SIMULATION_100_GP_LINEAR_SCAR.zip,SIMULATION_100_FULL_POE_LINEAR_GAUSSIAN_SBM_SCAR_MIXED_SIGNAL_SELF_CALIBRATING_PRIORS/prior_calibrations/PoE_replicate_044_prior_calibration.csv
GP_PoE/prior_calibrations/PoE_replicate_045_prior_calibration.csv,2227,4848e0e613287cddba135c3e91a7e0ce,2c609a78dd94dce946d2c974b47221d5e59e5543a8cd4128b2ee25295c2ba49e,SIMULATION_100_GP_LINEAR_SCAR.zip,SIMULATION_100_FULL_POE_LINEAR_GAUSSIAN_SBM_SCAR_MIXED_SIGNAL_SELF_CALIBRATING_PRIORS/prior_calibrations/PoE_replicate_045_prior_calibration.csv
GP_PoE/prior_calibrations/PoE_replicate_046_prior_calibration.csv,2223,1451ca1f46c500cb135f6379859490a8,c10f6d34ea28a67860bb0b26c2610f2798446f8400b8100f9867b48d508076a0,SIMULATION_100_GP_LINEAR_SCAR.zip,SIMULATION_100_FULL_POE_LINEAR_GAUSSIAN_SBM_SCAR_MIXED_SIGNAL_SELF_CALIBRATING_PRIORS/prior_calibrations/PoE_replicate_046_prior_calibration.csv
GP_PoE/prior_calibrations/PoE_replicate_047_prior_calibration.csv,2226,7a233b38341aa5e0259778b22553c621,2a9af7f6fd5a5895c382afd837e5642cc071cda04f52c20a4c9dc1f40b835226,SIMULATION_100_GP_LINEAR_SCAR.zip,SIMULATION_100_FULL_POE_LINEAR_GAUSSIAN_SBM_SCAR_MIXED_SIGNAL_SELF_CALIBRATING_PRIORS/prior_calibrations/PoE_replicate_047_prior_calibration.csv
GP_PoE/prior_calibrations/PoE_replicate_048_prior_calibration.csv,2230,5bbb5f8edc67d0dae467cbc63f2d9ba3,4b3067be445b6b278a0bbc86fe3b5489cd8a1a552e7ce9894619e392075da975,SIMULATION_100_GP_LINEAR_SCAR.zip,SIMULATION_100_FULL_POE_LINEAR_GAUSSIAN_SBM_SCAR_MIXED_SIGNAL_SELF_CALIBRATING_PRIORS/prior_calibrations/PoE_replicate_048_prior_calibration.csv
GP_PoE/prior_calibrations/PoE_replicate_049_prior_calibration.csv,2225,2111a25f60cf5ae63c0c10be854491e4,2200db5e4f9c71d0779590587e9cb31c26a8efe3f27ab04162a9cc75a1aeb2ff,SIMULATION_100_GP_LINEAR_SCAR.zip,SIMULATION_100_FULL_POE_LINEAR_GAUSSIAN_SBM_SCAR_MIXED_SIGNAL_SELF_CALIBRATING_PRIORS/prior_calibrations/PoE_replicate_049_prior_calibration.csv
GP_PoE/prior_calibrations/PoE_replicate_050_prior_calibration.csv,2227,9032018d6469c3993fa18312e6f446ae,4b1f828975ab08c4c96a7ad38a9a208580157049bf207b94805700d87cb8e999,SIMULATION_100_GP_LINEAR_SCAR.zip,SIMULATION_100_FULL_POE_LINEAR_GAUSSIAN_SBM_SCAR_MIXED_SIGNAL_SELF_CALIBRATING_PRIORS/prior_calibrations/PoE_replicate_050_prior_calibration.csv
GP_PoE/prior_calibrations/PoE_replicate_051_prior_calibration.csv,2223,7febf71cd11fe3f050a0369605c5eb3d,f0861e8847d27dd247bd1cc56beffd86f91cff4cc9aec1d3e3d5aa0a5a729201,SIMULATION_100_GP_LINEAR_SCAR.zip,SIMULATION_100_FULL_POE_LINEAR_GAUSSIAN_SBM_SCAR_MIXED_SIGNAL_SELF_CALIBRATING_PRIORS/prior_calibrations/PoE_replicate_051_prior_calibration.csv
GP_PoE/prior_calibrations/PoE_replicate_052_prior_calibration.csv,2224,9d7951abc6e18428c76d620bb875612a,4eadcd3575bea0a0fed8db2c83bfd62da6bb9beeea1b7c7a9f92e913b6fba822,SIMULATION_100_GP_LINEAR_SCAR.zip,SIMULATION_100_FULL_POE_LINEAR_GAUSSIAN_SBM_SCAR_MIXED_SIGNAL_SELF_CALIBRATING_PRIORS/prior_calibrations/PoE_replicate_052_prior_calibration.csv
GP_PoE/prior_calibrations/PoE_replicate_053_prior_calibration.csv,2225,b4a118e8081a7fda446787f7b7946ec5,a12035bf426d2cb532331fa4647fa290d44d649aa4a549aa4a51aec163088916,SIMULATION_100_GP_LINEAR_SCAR.zip,SIMULATION_100_FULL_POE_LINEAR_GAUSSIAN_SBM_SCAR_MIXED_SIGNAL_SELF_CALIBRATING_PRIORS/prior_calibrations/PoE_replicate_053_prior_calibration.csv
GP_PoE/prior_calibrations/PoE_replicate_054_prior_calibration.csv,2223,a129e46527733b03f0e7b5d9074e555d,c245169f27e8873f89ab80aec32054d8d3e7ef4b14c1a3cd6bdd14d26489af80,SIMULATION_100_GP_LINEAR_SCAR.zip,SIMULATION_100_FULL_POE_LINEAR_GAUSSIAN_SBM_SCAR_MIXED_SIGNAL_SELF_CALIBRATING_PRIORS/prior_calibrations/PoE_replicate_054_prior_calibration.csv
GP_PoE/prior_calibrations/PoE_replicate_055_prior_calibration.csv,2226,3b88fabe2145afa8ae8aa6811219a0dd,08136d9568bf08f5798588061e57c67867563accc258f2f085fde496b5873a55,SIMULATION_100_GP_LINEAR_SCAR.zip,SIMULATION_100_FULL_POE_LINEAR_GAUSSIAN_SBM_SCAR_MIXED_SIGNAL_SELF_CALIBRATING_PRIORS/prior_calibrations/PoE_replicate_055_prior_calibration.csv
GP_PoE/prior_calibrations/PoE_replicate_056_prior_calibration.csv,2227,44962c3a30a0437750eaefc2c84cfadd,306ea0b342ef31138d6e853dde8d2bc4028b927344a9880955f578b101f9b0eb,SIMULATION_100_GP_LINEAR_SCAR.zip,SIMULATION_100_FULL_POE_LINEAR_GAUSSIAN_SBM_SCAR_MIXED_SIGNAL_SELF_CALIBRATING_PRIORS/prior_calibrations/PoE_replicate_056_prior_calibration.csv
GP_PoE/prior_calibrations/PoE_replicate_057_prior_calibration.csv,2217,4cce96b9b0cbf3901bc309d6d997f194,18917538f312136db2dabb045472228f492499d58bf150b91f9fb20b9088606f,SIMULATION_100_GP_LINEAR_SCAR.zip,SIMULATION_100_FULL_POE_LINEAR_GAUSSIAN_SBM_SCAR_MIXED_SIGNAL_SELF_CALIBRATING_PRIORS/prior_calibrations/PoE_replicate_057_prior_calibration.csv
GP_PoE/prior_calibrations/PoE_replicate_058_prior_calibration.csv,2222,63cbc3dd0e5101c0927eaedf07cc6f34,eed1c3e970f224c513f2d0a6985c57396788601070410b24c60024de06692040,SIMULATION_100_GP_LINEAR_SCAR.zip,SIMULATION_100_FULL_POE_LINEAR_GAUSSIAN_SBM_SCAR_MIXED_SIGNAL_SELF_CALIBRATING_PRIORS/prior_calibrations/PoE_replicate_058_prior_calibration.csv
GP_PoE/prior_calibrations/PoE_replicate_059_prior_calibration.csv,2228,d3e243b223ebe46185742c3117701edf,7beea2ffd96b5269277b19433ad6615edd8f1bbef21dd61961606c3077ce5107,SIMULATION_100_GP_LINEAR_SCAR.zip,SIMULATION_100_FULL_POE_LINEAR_GAUSSIAN_SBM_SCAR_MIXED_SIGNAL_SELF_CALIBRATING_PRIORS/prior_calibrations/PoE_replicate_059_prior_calibration.csv
GP_PoE/prior_calibrations/PoE_replicate_060_prior_calibration.csv,2225,598d7ebb1a656f16f720ef48c86a2bf0,db7e9f4526c483a1505ef08094add7330ee1778fdbb7d9b0427761e0c01eafe4,SIMULATION_100_GP_LINEAR_SCAR.zip,SIMULATION_100_FULL_POE_LINEAR_GAUSSIAN_SBM_SCAR_MIXED_SIGNAL_SELF_CALIBRATING_PRIORS/prior_calibrations/PoE_replicate_060_prior_calibration.csv
GP_PoE/prior_calibrations/PoE_replicate_061_prior_calibration.csv,2229,7a012ec5d3514bd3d0714e5dc137567d,44586edaffef258542121fbfb06904dffd12c96cc6ecaaed475dcdd415d2e327,SIMULATION_100_GP_LINEAR_SCAR.zip,SIMULATION_100_FULL_POE_LINEAR_GAUSSIAN_SBM_SCAR_MIXED_SIGNAL_SELF_CALIBRATING_PRIORS/prior_calibrations/PoE_replicate_061_prior_calibration.csv
GP_PoE/prior_calibrations/PoE_replicate_062_prior_calibration.csv,2228,d25121d664359181af2bd790e124807d,a282d7a58d06ab5652cc90b6a744220b699183f5aadcaf925bfe848cd2a9c513,SIMULATION_100_GP_LINEAR_SCAR.zip,SIMULATION_100_FULL_POE_LINEAR_GAUSSIAN_SBM_SCAR_MIXED_SIGNAL_SELF_CALIBRATING_PRIORS/prior_calibrations/PoE_replicate_062_prior_calibration.csv
GP_PoE/prior_calibrations/PoE_replicate_063_prior_calibration.csv,2229,d2957b0674527fe41f004e829010d4be,b840aba3791e7b0f16c3274da4703f19d68386755f8669217fa9b66d5e0d0250,SIMULATION_100_GP_LINEAR_SCAR.zip,SIMULATION_100_FULL_POE_LINEAR_GAUSSIAN_SBM_SCAR_MIXED_SIGNAL_SELF_CALIBRATING_PRIORS/prior_calibrations/PoE_replicate_063_prior_calibration.csv
GP_PoE/prior_calibrations/PoE_replicate_064_prior_calibration.csv,2221,c51afbbe01c5848274e7354a83508b70,8827dfb443029cb8b4fd3662ce95ab21bd0b0d23950d71fc542df21fbc1bbeba,SIMULATION_100_GP_LINEAR_SCAR.zip,SIMULATION_100_FULL_POE_LINEAR_GAUSSIAN_SBM_SCAR_MIXED_SIGNAL_SELF_CALIBRATING_PRIORS/prior_calibrations/PoE_replicate_064_prior_calibration.csv
GP_PoE/prior_calibrations/PoE_replicate_065_prior_calibration.csv,2223,85a39339be038e15c86e1410bd6c93e1,1849c202864d6486c94908e854af303fe3ab7bb1e9659d0b063ee1687ee88234,SIMULATION_100_GP_LINEAR_SCAR.zip,SIMULATION_100_FULL_POE_LINEAR_GAUSSIAN_SBM_SCAR_MIXED_SIGNAL_SELF_CALIBRATING_PRIORS/prior_calibrations/PoE_replicate_065_prior_calibration.csv
GP_PoE/prior_calibrations/PoE_replicate_066_prior_calibration.csv,2225,98cb8ed7ca3ca2cc6f09086413c8cea4,67736d47c8e5f7f34521059617d21969eca150e156f3304e87b624d662e18747,SIMULATION_100_GP_LINEAR_SCAR.zip,SIMULATION_100_FULL_POE_LINEAR_GAUSSIAN_SBM_SCAR_MIXED_SIGNAL_SELF_CALIBRATING_PRIORS/prior_calibrations/PoE_replicate_066_prior_calibration.csv
GP_PoE/prior_calibrations/PoE_replicate_067_prior_calibration.csv,2228,4d077d870dc2133a6261d220112acc27,125c055a1ac8b03ba732a9330811fbceb62b7bd2dccb56147ab825b070f3e080,SIMULATION_100_GP_LINEAR_SCAR.zip,SIMULATION_100_FULL_POE_LINEAR_GAUSSIAN_SBM_SCAR_MIXED_SIGNAL_SELF_CALIBRATING_PRIORS/prior_calibrations/PoE_replicate_067_prior_calibration.csv
GP_PoE/prior_calibrations/PoE_replicate_068_prior_calibration.csv,2224,e0ab28a8d3aff6370ab711bd2345b50d,359748a840acfeb2c088f64e5a7e587ff5543a60fcc1494e15a602b0bedfe6fd,SIMULATION_100_GP_LINEAR_SCAR.zip,SIMULATION_100_FULL_POE_LINEAR_GAUSSIAN_SBM_SCAR_MIXED_SIGNAL_SELF_CALIBRATING_PRIORS/prior_calibrations/PoE_replicate_068_prior_calibration.csv
GP_PoE/prior_calibrations/PoE_replicate_069_prior_calibration.csv,2227,bea984d935ca2b6fcc3b66529db2bcdb,3c9267317ebeb087ea03ed86e57ba40738c79b6462f6a2ca6d48325eed19fa72,SIMULATION_100_GP_LINEAR_SCAR.zip,SIMULATION_100_FULL_POE_LINEAR_GAUSSIAN_SBM_SCAR_MIXED_SIGNAL_SELF_CALIBRATING_PRIORS/prior_calibrations/PoE_replicate_069_prior_calibration.csv
GP_PoE/prior_calibrations/PoE_replicate_070_prior_calibration.csv,2224,0c918cfdd3cb2bf818da872dbfa60f85,8f8c0b7cb984b551c5009f31c07c0eaf1c86da62796caad00291ddacc62a5442,SIMULATION_100_GP_LINEAR_SCAR.zip,SIMULATION_100_FULL_POE_LINEAR_GAUSSIAN_SBM_SCAR_MIXED_SIGNAL_SELF_CALIBRATING_PRIORS/prior_calibrations/PoE_replicate_070_prior_calibration.csv
GP_PoE/prior_calibrations/PoE_replicate_071_prior_calibration.csv,2228,ac25400b2f69316eff0c55b185d9589a,f26c8e4e5f67ee4b2aaf3dde3aba433a6f6ce9ad3544196504c0339250025ad0,SIMULATION_100_GP_LINEAR_SCAR.zip,SIMULATION_100_FULL_POE_LINEAR_GAUSSIAN_SBM_SCAR_MIXED_SIGNAL_SELF_CALIBRATING_PRIORS/prior_calibrations/PoE_replicate_071_prior_calibration.csv
GP_PoE/prior_calibrations/PoE_replicate_072_prior_calibration.csv,2227,f836ee84c247d50b9d4625a8153a4746,372e1e64965ace692c23719429bee403f27ed02e9d5671d27764cb0cdd39d8a7,SIMULATION_100_GP_LINEAR_SCAR.zip,SIMULATION_100_FULL_POE_LINEAR_GAUSSIAN_SBM_SCAR_MIXED_SIGNAL_SELF_CALIBRATING_PRIORS/prior_calibrations/PoE_replicate_072_prior_calibration.csv
GP_PoE/prior_calibrations/PoE_replicate_073_prior_calibration.csv,2228,621ffe169ba48eb9c6dceef7870c8019,538615d4cc8329c4db6b6a66e7acfce31fe061d45fbba9ef80090e68d921aafd,SIMULATION_100_GP_LINEAR_SCAR.zip,SIMULATION_100_FULL_POE_LINEAR_GAUSSIAN_SBM_SCAR_MIXED_SIGNAL_SELF_CALIBRATING_PRIORS/prior_calibrations/PoE_replicate_073_prior_calibration.csv
GP_PoE/prior_calibrations/PoE_replicate_074_prior_calibration.csv,2224,1a48963390660f57e194a96d456c7a31,f94d8136ffbe459868b018c51546bf8e066d58b1c7ec94531adb300e4c99defe,SIMULATION_100_GP_LINEAR_SCAR.zip,SIMULATION_100_FULL_POE_LINEAR_GAUSSIAN_SBM_SCAR_MIXED_SIGNAL_SELF_CALIBRATING_PRIORS/prior_calibrations/PoE_replicate_074_prior_calibration.csv
GP_PoE/prior_calibrations/PoE_replicate_075_prior_calibration.csv,2227,3f97e3685f1b7466b820b003cd09999d,9e41d644dbb8824228244940e8ff84c4fb77589369461fc3f3491fa30f3df584,SIMULATION_100_GP_LINEAR_SCAR.zip,SIMULATION_100_FULL_POE_LINEAR_GAUSSIAN_SBM_SCAR_MIXED_SIGNAL_SELF_CALIBRATING_PRIORS/prior_calibrations/PoE_replicate_075_prior_calibration.csv
GP_PoE/prior_calibrations/PoE_replicate_076_prior_calibration.csv,2221,0dc6dd498a76e340be6eafcf1b5688b2,33069c8bda62f58b52f541b7c921042fe46d33007940d6fb78da7dcf34df45ee,SIMULATION_100_GP_LINEAR_SCAR.zip,SIMULATION_100_FULL_POE_LINEAR_GAUSSIAN_SBM_SCAR_MIXED_SIGNAL_SELF_CALIBRATING_PRIORS/prior_calibrations/PoE_replicate_076_prior_calibration.csv
GP_PoE/prior_calibrations/PoE_replicate_077_prior_calibration.csv,2229,4e3c27ad518defdb076442c35b86c7e0,805bc5475a697eec2bb691c30b8ff15e919b1d94c08b9cf224c79377b7f64834,SIMULATION_100_GP_LINEAR_SCAR.zip,SIMULATION_100_FULL_POE_LINEAR_GAUSSIAN_SBM_SCAR_MIXED_SIGNAL_SELF_CALIBRATING_PRIORS/prior_calibrations/PoE_replicate_077_prior_calibration.csv
GP_PoE/prior_calibrations/PoE_replicate_078_prior_calibration.csv,2228,4c07cd692d8bcb8df88cd772275e90f5,3109d45c4140117939700958656785c908a8d1bf48b810e7bdd6b6318b4cc153,SIMULATION_100_GP_LINEAR_SCAR.zip,SIMULATION_100_FULL_POE_LINEAR_GAUSSIAN_SBM_SCAR_MIXED_SIGNAL_SELF_CALIBRATING_PRIORS/prior_calibrations/PoE_replicate_078_prior_calibration.csv
GP_PoE/prior_calibrations/PoE_replicate_079_prior_calibration.csv,2226,1f048cde437eb3fb85f53e471ab009b5,42b7f040b47f453bb29f56ff424abbf57a9fe9cbda343e6a511c9c8aa923c6ea,SIMULATION_100_GP_LINEAR_SCAR.zip,SIMULATION_100_FULL_POE_LINEAR_GAUSSIAN_SBM_SCAR_MIXED_SIGNAL_SELF_CALIBRATING_PRIORS/prior_calibrations/PoE_replicate_079_prior_calibration.csv
GP_PoE/prior_calibrations/PoE_replicate_080_prior_calibration.csv,2228,59303f4f92367597575e6cc5354d7630,a915a3fafffaf93c0f65b9dc2618e9499149b5a8953243094900d95e6adf3f6a,SIMULATION_100_GP_LINEAR_SCAR.zip,SIMULATION_100_FULL_POE_LINEAR_GAUSSIAN_SBM_SCAR_MIXED_SIGNAL_SELF_CALIBRATING_PRIORS/prior_calibrations/PoE_replicate_080_prior_calibration.csv
GP_PoE/prior_calibrations/PoE_replicate_081_prior_calibration.csv,2227,c566f1308f6f5436714375d472e06e9d,b42c9bbd3800a91d649d6c91e02e3c07d877214e4ca718ac85b1de810508ff02,SIMULATION_100_GP_LINEAR_SCAR.zip,SIMULATION_100_FULL_POE_LINEAR_GAUSSIAN_SBM_SCAR_MIXED_SIGNAL_SELF_CALIBRATING_PRIORS/prior_calibrations/PoE_replicate_081_prior_calibration.csv
GP_PoE/prior_calibrations/PoE_replicate_082_prior_calibration.csv,2225,910188ec097a0b2da3e1943a719186dc,f8bb354089943bf2cc5037caebae5cdd071c65994d9993da389be40207cf0fb4,SIMULATION_100_GP_LINEAR_SCAR.zip,SIMULATION_100_FULL_POE_LINEAR_GAUSSIAN_SBM_SCAR_MIXED_SIGNAL_SELF_CALIBRATING_PRIORS/prior_calibrations/PoE_replicate_082_prior_calibration.csv
GP_PoE/prior_calibrations/PoE_replicate_083_prior_calibration.csv,2225,dd607d8762169f4ab4dc94d8a79363ca,417eb0c6c8e5ec15af85a82981df5ff9ebf21b80da4dce7df0a36947fa434806,SIMULATION_100_GP_LINEAR_SCAR.zip,SIMULATION_100_FULL_POE_LINEAR_GAUSSIAN_SBM_SCAR_MIXED_SIGNAL_SELF_CALIBRATING_PRIORS/prior_calibrations/PoE_replicate_083_prior_calibration.csv
GP_PoE/prior_calibrations/PoE_replicate_084_prior_calibration.csv,2229,9edcca38b86cd5680dff2cb664b0ea69,857bae9cb99c03b805bcb230f0d05037a9e42b293037dc5194f0a105f8c8eaf8,SIMULATION_100_GP_LINEAR_SCAR.zip,SIMULATION_100_FULL_POE_LINEAR_GAUSSIAN_SBM_SCAR_MIXED_SIGNAL_SELF_CALIBRATING_PRIORS/prior_calibrations/PoE_replicate_084_prior_calibration.csv
GP_PoE/prior_calibrations/PoE_replicate_085_prior_calibration.csv,2230,0debd442fe6dcc05a44afb6a2863e9b5,c5da4a4e34b5a7b0fbb6832d9bb539753fc4f2120c360a00e95c80842fc77b5d,SIMULATION_100_GP_LINEAR_SCAR.zip,SIMULATION_100_FULL_POE_LINEAR_GAUSSIAN_SBM_SCAR_MIXED_SIGNAL_SELF_CALIBRATING_PRIORS/prior_calibrations/PoE_replicate_085_prior_calibration.csv
GP_PoE/prior_calibrations/PoE_replicate_086_prior_calibration.csv,2226,bea686ebf5c2c1ab9e2a3e1e9da49dd8,9c243e0764041dd06eec4a37cf0728ef5c61abc1c1348cbfe4e3c0bc2f8d1a3e,SIMULATION_100_GP_LINEAR_SCAR.zip,SIMULATION_100_FULL_POE_LINEAR_GAUSSIAN_SBM_SCAR_MIXED_SIGNAL_SELF_CALIBRATING_PRIORS/prior_calibrations/PoE_replicate_086_prior_calibration.csv
GP_PoE/prior_calibrations/PoE_replicate_087_prior_calibration.csv,2225,da6fb963f2071d0713725ff7cef10045,6ac311372850beac02c3ee293aa5cd9a2a701fe72eab8582ec1eb3e22a968088,SIMULATION_100_GP_LINEAR_SCAR.zip,SIMULATION_100_FULL_POE_LINEAR_GAUSSIAN_SBM_SCAR_MIXED_SIGNAL_SELF_CALIBRATING_PRIORS/prior_calibrations/PoE_replicate_087_prior_calibration.csv
GP_PoE/prior_calibrations/PoE_replicate_088_prior_calibration.csv,2228,052cfb19fd270e23b8d96b06e2ba3615,c01ca71ebef5a062dab226f1c7b5b53d1e6749ded0475d7482cc0c22d0425a5e,SIMULATION_100_GP_LINEAR_SCAR.zip,SIMULATION_100_FULL_POE_LINEAR_GAUSSIAN_SBM_SCAR_MIXED_SIGNAL_SELF_CALIBRATING_PRIORS/prior_calibrations/PoE_replicate_088_prior_calibration.csv
GP_PoE/prior_calibrations/PoE_replicate_089_prior_calibration.csv,2226,0dec272f1967e66679b48b0c6538cccf,60685e6bceaf6ac2a7032b1e9a64f85cac2fc99cff5de5fe54a0d2e25620ca2e,SIMULATION_100_GP_LINEAR_SCAR.zip,SIMULATION_100_FULL_POE_LINEAR_GAUSSIAN_SBM_SCAR_MIXED_SIGNAL_SELF_CALIBRATING_PRIORS/prior_calibrations/PoE_replicate_089_prior_calibration.csv
GP_PoE/prior_calibrations/PoE_replicate_090_prior_calibration.csv,2228,5987c338c973cb31637eeeb9efb41584,ee4dff825c975bcad9d6e254e87dc13ba3566884dde2bc98883111f5ba0483e8,SIMULATION_100_GP_LINEAR_SCAR.zip,SIMULATION_100_FULL_POE_LINEAR_GAUSSIAN_SBM_SCAR_MIXED_SIGNAL_SELF_CALIBRATING_PRIORS/prior_calibrations/PoE_replicate_090_prior_calibration.csv
GP_PoE/prior_calibrations/PoE_replicate_091_prior_calibration.csv,2230,19e1dc2093eb8cbb47f7f1a4186b2023,fa3f3bace154e0e370ad5f9339dcf54f9f8bdaa5658ff6c0838dccba0a6be234,SIMULATION_100_GP_LINEAR_SCAR.zip,SIMULATION_100_FULL_POE_LINEAR_GAUSSIAN_SBM_SCAR_MIXED_SIGNAL_SELF_CALIBRATING_PRIORS/prior_calibrations/PoE_replicate_091_prior_calibration.csv
GP_PoE/prior_calibrations/PoE_replicate_092_prior_calibration.csv,2227,bdb85705677f40f276091b1d1567a9a6,6cc4c6903d36f277256bf8e65e2eb6374577f966391a84aa0a6f8fcdb1ad1774,SIMULATION_100_GP_LINEAR_SCAR.zip,SIMULATION_100_FULL_POE_LINEAR_GAUSSIAN_SBM_SCAR_MIXED_SIGNAL_SELF_CALIBRATING_PRIORS/prior_calibrations/PoE_replicate_092_prior_calibration.csv
GP_PoE/prior_calibrations/PoE_replicate_093_prior_calibration.csv,2227,fe55c85c4374ede83fc7c529806096a2,970c6f52f31867d953f90cba0182599d87d4fbf64566247a5ebd817e0a7d3de7,SIMULATION_100_GP_LINEAR_SCAR.zip,SIMULATION_100_FULL_POE_LINEAR_GAUSSIAN_SBM_SCAR_MIXED_SIGNAL_SELF_CALIBRATING_PRIORS/prior_calibrations/PoE_replicate_093_prior_calibration.csv
GP_PoE/prior_calibrations/PoE_replicate_094_prior_calibration.csv,2227,d391a73b58d8ac7c9455e6acee4381fc,763de06386fef807ab8e3628f6fbd598edc49a085960a221258419c1021892c7,SIMULATION_100_GP_LINEAR_SCAR.zip,SIMULATION_100_FULL_POE_LINEAR_GAUSSIAN_SBM_SCAR_MIXED_SIGNAL_SELF_CALIBRATING_PRIORS/prior_calibrations/PoE_replicate_094_prior_calibration.csv
GP_PoE/prior_calibrations/PoE_replicate_095_prior_calibration.csv,2226,c8b9e8d9ab5f0131c13ad357d0435a7e,d362423f0a7df76e204ecd651739cfdd6466b8b7da7000bb7b291b383fbb81ce,SIMULATION_100_GP_LINEAR_SCAR.zip,SIMULATION_100_FULL_POE_LINEAR_GAUSSIAN_SBM_SCAR_MIXED_SIGNAL_SELF_CALIBRATING_PRIORS/prior_calibrations/PoE_replicate_095_prior_calibration.csv
GP_PoE/prior_calibrations/PoE_replicate_096_prior_calibration.csv,2223,92c87355b58860de2773d598247506ee,ac08b0cc8ce4489c69fa812a042c555fc199d051c70ab59cd3df526995066637,SIMULATION_100_GP_LINEAR_SCAR.zip,SIMULATION_100_FULL_POE_LINEAR_GAUSSIAN_SBM_SCAR_MIXED_SIGNAL_SELF_CALIBRATING_PRIORS/prior_calibrations/PoE_replicate_096_prior_calibration.csv
GP_PoE/prior_calibrations/PoE_replicate_097_prior_calibration.csv,2226,3fc5ef97e8d0244f0c1fa1012d7cb1ec,08fd98aa6965dc0be804f2a8d1ae459273f33d2274e15e2670bb705922ca4c04,SIMULATION_100_GP_LINEAR_SCAR.zip,SIMULATION_100_FULL_POE_LINEAR_GAUSSIAN_SBM_SCAR_MIXED_SIGNAL_SELF_CALIBRATING_PRIORS/prior_calibrations/PoE_replicate_097_prior_calibration.csv
GP_PoE/prior_calibrations/PoE_replicate_098_prior_calibration.csv,2227,18072592c71b752c9e14280d6db6c1cf,abffad02cee50e0a8148cbd016c5a2d9c62b0985da2420ce6e52a6151de0c4a6,SIMULATION_100_GP_LINEAR_SCAR.zip,SIMULATION_100_FULL_POE_LINEAR_GAUSSIAN_SBM_SCAR_MIXED_SIGNAL_SELF_CALIBRATING_PRIORS/prior_calibrations/PoE_replicate_098_prior_calibration.csv
GP_PoE/prior_calibrations/PoE_replicate_099_prior_calibration.csv,2226,5609190ec5998eb539b511404744d6f1,0098c7f3be45dd87e34930540de295319cec7d616335cf0624c1f685e9d826f2,SIMULATION_100_GP_LINEAR_SCAR.zip,SIMULATION_100_FULL_POE_LINEAR_GAUSSIAN_SBM_SCAR_MIXED_SIGNAL_SELF_CALIBRATING_PRIORS/prior_calibrations/PoE_replicate_099_prior_calibration.csv
GP_PoE/prior_calibrations/PoE_replicate_100_prior_calibration.csv,2228,e4e58215033146b4f7db8d0b2dc395b7,b8efa5430f17ed543ca8813fa864bf9bd1a4f8f5a2775d3a6ac704dcda421107,SIMULATION_100_GP_LINEAR_SCAR.zip,SIMULATION_100_FULL_POE_LINEAR_GAUSSIAN_SBM_SCAR_MIXED_SIGNAL_SELF_CALIBRATING_PRIORS/prior_calibrations/PoE_replicate_100_prior_calibration.csv
GP_PoE/production_checkpoints/PoE_replicate_001.rds,15936,095644c15d9b14bf870053c6ccfddb59,75b643e69262eed65ac4053abc5576678d83d9f3c0dfc89bdc3eaa80cd2422b1,SIMULATION_100_GP_LINEAR_SCAR.zip,SIMULATION_100_FULL_POE_LINEAR_GAUSSIAN_SBM_SCAR_MIXED_SIGNAL_SELF_CALIBRATING_PRIORS/production_checkpoints/PoE_replicate_001.rds
GP_PoE/production_checkpoints/PoE_replicate_002.rds,15969,e2da63d0ff96f54e23a1dee7c7cc2bf5,4a0f799ffee2fc74a825668f26e9d7a1f35b5cbbeec8cc7cdf3e2d285ad5844c,SIMULATION_100_GP_LINEAR_SCAR.zip,SIMULATION_100_FULL_POE_LINEAR_GAUSSIAN_SBM_SCAR_MIXED_SIGNAL_SELF_CALIBRATING_PRIORS/production_checkpoints/PoE_replicate_002.rds
GP_PoE/production_checkpoints/PoE_replicate_003.rds,15985,3554733d999759525e4652cc384a84a8,db792bc0936beb93b849397d5ac78722892c03ae696a2b819ed12f845b9b902a,SIMULATION_100_GP_LINEAR_SCAR.zip,SIMULATION_100_FULL_POE_LINEAR_GAUSSIAN_SBM_SCAR_MIXED_SIGNAL_SELF_CALIBRATING_PRIORS/production_checkpoints/PoE_replicate_003.rds
GP_PoE/production_checkpoints/PoE_replicate_004.rds,16049,72ebca7a3c573e9ddaf43a95278fe72a,47a27c18ef4c25edf6e0f0cb4ef1d9ac40c53b7cdf0f2ceff29572d34c29e44e,SIMULATION_100_GP_LINEAR_SCAR.zip,SIMULATION_100_FULL_POE_LINEAR_GAUSSIAN_SBM_SCAR_MIXED_SIGNAL_SELF_CALIBRATING_PRIORS/production_checkpoints/PoE_replicate_004.rds
GP_PoE/production_checkpoints/PoE_replicate_005.rds,16064,24732da132c5c1c1596d3b8513de3d67,1f254ac20485c1014cae2b9a1af73cf13e7cc076ff5b02870c69877077b42c0f,SIMULATION_100_GP_LINEAR_SCAR.zip,SIMULATION_100_FULL_POE_LINEAR_GAUSSIAN_SBM_SCAR_MIXED_SIGNAL_SELF_CALIBRATING_PRIORS/production_checkpoints/PoE_replicate_005.rds
GP_PoE/production_checkpoints/PoE_replicate_006.rds,15952,7f19a29d08e72e3de80c8e9939e69a5d,be530a83f8f969708275ed23751cd86b53b22d9ea5605b1c9dbe09d02a5317bf,SIMULATION_100_GP_LINEAR_SCAR.zip,SIMULATION_100_FULL_POE_LINEAR_GAUSSIAN_SBM_SCAR_MIXED_SIGNAL_SELF_CALIBRATING_PRIORS/production_checkpoints/PoE_replicate_006.rds
GP_PoE/production_checkpoints/PoE_replicate_007.rds,16163,b12c3288623d50b2b2ff85a840021f17,3b47479f7b613f71bc1b8bf0a435189bdd8f9e26d851a1a34857bd97f2fd709d,SIMULATION_100_GP_LINEAR_SCAR.zip,SIMULATION_100_FULL_POE_LINEAR_GAUSSIAN_SBM_SCAR_MIXED_SIGNAL_SELF_CALIBRATING_PRIORS/production_checkpoints/PoE_replicate_007.rds
GP_PoE/production_checkpoints/PoE_replicate_008.rds,16077,10d13ac5af4ab55e63ab4a55a5ef3530,4f85886b79c7a4fdbe391715627459c1eb11e5a892779ca9d66aa2b336ca409f,SIMULATION_100_GP_LINEAR_SCAR.zip,SIMULATION_100_FULL_POE_LINEAR_GAUSSIAN_SBM_SCAR_MIXED_SIGNAL_SELF_CALIBRATING_PRIORS/production_checkpoints/PoE_replicate_008.rds
GP_PoE/production_checkpoints/PoE_replicate_009.rds,15989,f1b0932cc2c39c4bbb45374704974902,bbe03b1548f2396191a1e3406bb5a00e66ea76781b6f954baf87d37010076901,SIMULATION_100_GP_LINEAR_SCAR.zip,SIMULATION_100_FULL_POE_LINEAR_GAUSSIAN_SBM_SCAR_MIXED_SIGNAL_SELF_CALIBRATING_PRIORS/production_checkpoints/PoE_replicate_009.rds
GP_PoE/production_checkpoints/PoE_replicate_010.rds,16086,0457b38c3a541e79dc42a14a6e30d65d,5d1432b8b9b3107db04c82d5df6d6bda4339f2ebe542b29e3a33bdcfcdb06cc8,SIMULATION_100_GP_LINEAR_SCAR.zip,SIMULATION_100_FULL_POE_LINEAR_GAUSSIAN_SBM_SCAR_MIXED_SIGNAL_SELF_CALIBRATING_PRIORS/production_checkpoints/PoE_replicate_010.rds
GP_PoE/production_checkpoints/PoE_replicate_011.rds,16113,da3f1dd4c8645a284ba2e2ecba0a71e0,feb2bf40aeaa790140019e97f08e4c5c01dfacc803d4aaaccae668a48d0fc272,SIMULATION_100_GP_LINEAR_SCAR.zip,SIMULATION_100_FULL_POE_LINEAR_GAUSSIAN_SBM_SCAR_MIXED_SIGNAL_SELF_CALIBRATING_PRIORS/production_checkpoints/PoE_replicate_011.rds
GP_PoE/production_checkpoints/PoE_replicate_012.rds,16010,480cf5e18aa3a7f15c8af49aa2977e5d,46035581ad7276795a286f311f964ae9e009761341a009d82918ca74b9f5bd68,SIMULATION_100_GP_LINEAR_SCAR.zip,SIMULATION_100_FULL_POE_LINEAR_GAUSSIAN_SBM_SCAR_MIXED_SIGNAL_SELF_CALIBRATING_PRIORS/production_checkpoints/PoE_replicate_012.rds
GP_PoE/production_checkpoints/PoE_replicate_013.rds,16023,3b2dca580c0c856dd8d20078204b99d2,0637c6f93bf0eb51e285b06972d60ac7c9a5136e90d635f21b96d6c42e322358,SIMULATION_100_GP_LINEAR_SCAR.zip,SIMULATION_100_FULL_POE_LINEAR_GAUSSIAN_SBM_SCAR_MIXED_SIGNAL_SELF_CALIBRATING_PRIORS/production_checkpoints/PoE_replicate_013.rds
GP_PoE/production_checkpoints/PoE_replicate_014.rds,15965,2988574c07c63f840d30a289ef42832c,931d85a8108e7e73107bb98a7c33623531c0d525d34c0cf037be6e076481ae6e,SIMULATION_100_GP_LINEAR_SCAR.zip,SIMULATION_100_FULL_POE_LINEAR_GAUSSIAN_SBM_SCAR_MIXED_SIGNAL_SELF_CALIBRATING_PRIORS/production_checkpoints/PoE_replicate_014.rds
GP_PoE/production_checkpoints/PoE_replicate_015.rds,16149,2be8d5c3514b4fa9d7aa3e80d4db6722,b56ab83ef2823d1d5dfd0e6ebae2e8d30ace82774b0dfd68f20eb37ee1e2dbd2,SIMULATION_100_GP_LINEAR_SCAR.zip,SIMULATION_100_FULL_POE_LINEAR_GAUSSIAN_SBM_SCAR_MIXED_SIGNAL_SELF_CALIBRATING_PRIORS/production_checkpoints/PoE_replicate_015.rds
GP_PoE/production_checkpoints/PoE_replicate_016.rds,15936,600e3f256a80902554ad9591cd41fcd6,e6a8d05aa7d2f1c7f009076cc96bcbe6e9659b287bab75645e4ef1319dd17c6e,SIMULATION_100_GP_LINEAR_SCAR.zip,SIMULATION_100_FULL_POE_LINEAR_GAUSSIAN_SBM_SCAR_MIXED_SIGNAL_SELF_CALIBRATING_PRIORS/production_checkpoints/PoE_replicate_016.rds
GP_PoE/production_checkpoints/PoE_replicate_017.rds,16018,4217afeb62eb69ae624d639a5feb4a8d,892ca1527e9e2375350728c0aadba8141efd156aff50db2db7b2de05256a7c1b,SIMULATION_100_GP_LINEAR_SCAR.zip,SIMULATION_100_FULL_POE_LINEAR_GAUSSIAN_SBM_SCAR_MIXED_SIGNAL_SELF_CALIBRATING_PRIORS/production_checkpoints/PoE_replicate_017.rds
GP_PoE/production_checkpoints/PoE_replicate_018.rds,16283,1830eaf0f2c89904dcec5e0e856abc13,9db5be232e97edf09de298be6fb5240e2a1a359621ab696f15f5b375ab90e59e,SIMULATION_100_GP_LINEAR_SCAR.zip,SIMULATION_100_FULL_POE_LINEAR_GAUSSIAN_SBM_SCAR_MIXED_SIGNAL_SELF_CALIBRATING_PRIORS/production_checkpoints/PoE_replicate_018.rds
GP_PoE/production_checkpoints/PoE_replicate_019.rds,15934,558ad7eff65385c8cc888cdc272701e5,910388576c698415309a3f72066f883f3c1b150c3166f0059d6def473441769b,SIMULATION_100_GP_LINEAR_SCAR.zip,SIMULATION_100_FULL_POE_LINEAR_GAUSSIAN_SBM_SCAR_MIXED_SIGNAL_SELF_CALIBRATING_PRIORS/production_checkpoints/PoE_replicate_019.rds
GP_PoE/production_checkpoints/PoE_replicate_020.rds,16037,d78107bfbc110d699e78ab6ce7008b13,b671ab1615756bbe577a7f7c224ba95ef3a4524d5e18cf3a7961349bb94123ce,SIMULATION_100_GP_LINEAR_SCAR.zip,SIMULATION_100_FULL_POE_LINEAR_GAUSSIAN_SBM_SCAR_MIXED_SIGNAL_SELF_CALIBRATING_PRIORS/production_checkpoints/PoE_replicate_020.rds
GP_PoE/production_checkpoints/PoE_replicate_021.rds,15934,ee39fde2fd771d17b70a0c82da6d9730,f854f8768ae20c37fe742691647dae2b48fdf1b745598a8e3ff81d1ebe7fd650,SIMULATION_100_GP_LINEAR_SCAR.zip,SIMULATION_100_FULL_POE_LINEAR_GAUSSIAN_SBM_SCAR_MIXED_SIGNAL_SELF_CALIBRATING_PRIORS/production_checkpoints/PoE_replicate_021.rds
GP_PoE/production_checkpoints/PoE_replicate_022.rds,16006,74b073eb4855c4ad2b05f776e7fd8548,e996773456281fe58f1f2a922c0373c434fe837bf8db30f93c32bee1c2f0e629,SIMULATION_100_GP_LINEAR_SCAR.zip,SIMULATION_100_FULL_POE_LINEAR_GAUSSIAN_SBM_SCAR_MIXED_SIGNAL_SELF_CALIBRATING_PRIORS/production_checkpoints/PoE_replicate_022.rds
GP_PoE/production_checkpoints/PoE_replicate_023.rds,15916,5272a04d9629b66cc4a85df73c3fbe8e,21a97592f8b227d5390b5eed3cc69554f6bd63778481ecb66205d3b055b7e0de,SIMULATION_100_GP_LINEAR_SCAR.zip,SIMULATION_100_FULL_POE_LINEAR_GAUSSIAN_SBM_SCAR_MIXED_SIGNAL_SELF_CALIBRATING_PRIORS/production_checkpoints/PoE_replicate_023.rds
GP_PoE/production_checkpoints/PoE_replicate_024.rds,16194,713dcbec6aba2aa28cc77544cb285815,1545a09646fc13e20c7061c2ed2855f86d83eb6e29ff8fda47add4330cdbf471,SIMULATION_100_GP_LINEAR_SCAR.zip,SIMULATION_100_FULL_POE_LINEAR_GAUSSIAN_SBM_SCAR_MIXED_SIGNAL_SELF_CALIBRATING_PRIORS/production_checkpoints/PoE_replicate_024.rds
GP_PoE/production_checkpoints/PoE_replicate_025.rds,15981,2f5fe31c4938ea25b863789b6e48e520,e58a71c806484c014d43103c8a19c110d35790704a389b9c54c8dc6c9fe4c316,SIMULATION_100_GP_LINEAR_SCAR.zip,SIMULATION_100_FULL_POE_LINEAR_GAUSSIAN_SBM_SCAR_MIXED_SIGNAL_SELF_CALIBRATING_PRIORS/production_checkpoints/PoE_replicate_025.rds
GP_PoE/production_checkpoints/PoE_replicate_026.rds,16023,45b438f2442a40cbb16c1c7b2463690b,c3fb6ad2e07ce3034158a4d1f2702f57b8afde84704c4549181ea9188050d8a2,SIMULATION_100_GP_LINEAR_SCAR.zip,SIMULATION_100_FULL_POE_LINEAR_GAUSSIAN_SBM_SCAR_MIXED_SIGNAL_SELF_CALIBRATING_PRIORS/production_checkpoints/PoE_replicate_026.rds
GP_PoE/production_checkpoints/PoE_replicate_027.rds,15977,6b99f50d89594c899356e220978a6716,8532c6e72b807f021af117bf938d46195a8405640a817c2457c7bc5f9ab94a5c,SIMULATION_100_GP_LINEAR_SCAR.zip,SIMULATION_100_FULL_POE_LINEAR_GAUSSIAN_SBM_SCAR_MIXED_SIGNAL_SELF_CALIBRATING_PRIORS/production_checkpoints/PoE_replicate_027.rds
GP_PoE/production_checkpoints/PoE_replicate_028.rds,16023,d5298812d8dc46f1bf47e3cf39df0c4d,beae8085fc4e99053333cba6eb46a8d18f2597cba04a8b6296854c9d5a7e8122,SIMULATION_100_GP_LINEAR_SCAR.zip,SIMULATION_100_FULL_POE_LINEAR_GAUSSIAN_SBM_SCAR_MIXED_SIGNAL_SELF_CALIBRATING_PRIORS/production_checkpoints/PoE_replicate_028.rds
GP_PoE/production_checkpoints/PoE_replicate_029.rds,16056,38b88dcbc192d288f4c8d8d9682a80e1,7ade848130e55df84c4f51a24b4bfd8d77494327500dad5dc44d7ea35b372fc3,SIMULATION_100_GP_LINEAR_SCAR.zip,SIMULATION_100_FULL_POE_LINEAR_GAUSSIAN_SBM_SCAR_MIXED_SIGNAL_SELF_CALIBRATING_PRIORS/production_checkpoints/PoE_replicate_029.rds
GP_PoE/production_checkpoints/PoE_replicate_030.rds,15965,229422aa86d951df5fae47c6f8e9ed97,b5e79891514ea4c7f8dcf651690a3e232f7daf80387d3427233d12b9e578ad2d,SIMULATION_100_GP_LINEAR_SCAR.zip,SIMULATION_100_FULL_POE_LINEAR_GAUSSIAN_SBM_SCAR_MIXED_SIGNAL_SELF_CALIBRATING_PRIORS/production_checkpoints/PoE_replicate_030.rds
GP_PoE/production_checkpoints/PoE_replicate_031.rds,15918,850b58bad90c55920e864dfd33d5e8a7,c6a4e0011db899ca9d22ff35ef38d82ffe43c7bd529e074e133a69e092d5d897,SIMULATION_100_GP_LINEAR_SCAR.zip,SIMULATION_100_FULL_POE_LINEAR_GAUSSIAN_SBM_SCAR_MIXED_SIGNAL_SELF_CALIBRATING_PRIORS/production_checkpoints/PoE_replicate_031.rds
GP_PoE/production_checkpoints/PoE_replicate_032.rds,16059,c1a77fa953f76e57cd0bdc89175060ba,029ffa3ef8a6d88f366fe264d1c49f47936da3a971054a09f1c3ab6fcfb09678,SIMULATION_100_GP_LINEAR_SCAR.zip,SIMULATION_100_FULL_POE_LINEAR_GAUSSIAN_SBM_SCAR_MIXED_SIGNAL_SELF_CALIBRATING_PRIORS/production_checkpoints/PoE_replicate_032.rds
GP_PoE/production_checkpoints/PoE_replicate_033.rds,16068,1a69575c4e843666b8bdc949178507c0,9f3793d108959f4c25c83b927b529310766645accf108d82e21cb0c35a22efae,SIMULATION_100_GP_LINEAR_SCAR.zip,SIMULATION_100_FULL_POE_LINEAR_GAUSSIAN_SBM_SCAR_MIXED_SIGNAL_SELF_CALIBRATING_PRIORS/production_checkpoints/PoE_replicate_033.rds
GP_PoE/production_checkpoints/PoE_replicate_034.rds,15792,1c523fe18baa7f1db2f80239b126eefb,043ebd2c149cdc4d80f8cc7f73c31a68ab68a725f714c27b0e210445bae03126,SIMULATION_100_GP_LINEAR_SCAR.zip,SIMULATION_100_FULL_POE_LINEAR_GAUSSIAN_SBM_SCAR_MIXED_SIGNAL_SELF_CALIBRATING_PRIORS/production_checkpoints/PoE_replicate_034.rds
GP_PoE/production_checkpoints/PoE_replicate_035.rds,16016,ec63da73a07294796741226c3130fdf1,be789fa54e9876925557ade175f621cf4d7ac31141d63ce1bf4c5ce231580e7a,SIMULATION_100_GP_LINEAR_SCAR.zip,SIMULATION_100_FULL_POE_LINEAR_GAUSSIAN_SBM_SCAR_MIXED_SIGNAL_SELF_CALIBRATING_PRIORS/production_checkpoints/PoE_replicate_035.rds
GP_PoE/production_checkpoints/PoE_replicate_036.rds,15909,fd1d3b09a520b628bd9cfcdf37f627de,bacd3a5d525b25f088d4dd3017129e9d9745d72618693f0dd6f4ba774a07317f,SIMULATION_100_GP_LINEAR_SCAR.zip,SIMULATION_100_FULL_POE_LINEAR_GAUSSIAN_SBM_SCAR_MIXED_SIGNAL_SELF_CALIBRATING_PRIORS/production_checkpoints/PoE_replicate_036.rds
GP_PoE/production_checkpoints/PoE_replicate_037.rds,16065,4f01e52025559cea0267887887e81878,d5cb963823808a1f50e39ad958569bf93e5481ee1728a05e1c1c8ac952f2e8f5,SIMULATION_100_GP_LINEAR_SCAR.zip,SIMULATION_100_FULL_POE_LINEAR_GAUSSIAN_SBM_SCAR_MIXED_SIGNAL_SELF_CALIBRATING_PRIORS/production_checkpoints/PoE_replicate_037.rds
GP_PoE/production_checkpoints/PoE_replicate_038.rds,15921,421fec02a92a02442847dd4f1818d707,0ed227447060431b6a0bb2b439c62bc4e8e8807dc12592c08c2aa62a998ba295,SIMULATION_100_GP_LINEAR_SCAR.zip,SIMULATION_100_FULL_POE_LINEAR_GAUSSIAN_SBM_SCAR_MIXED_SIGNAL_SELF_CALIBRATING_PRIORS/production_checkpoints/PoE_replicate_038.rds
GP_PoE/production_checkpoints/PoE_replicate_039.rds,15991,319b6278eed559502737d80b1aa58a86,c019daddacdd984c02aa2e8b671c8287eab81422420d43f0a16b9cbd8955afd2,SIMULATION_100_GP_LINEAR_SCAR.zip,SIMULATION_100_FULL_POE_LINEAR_GAUSSIAN_SBM_SCAR_MIXED_SIGNAL_SELF_CALIBRATING_PRIORS/production_checkpoints/PoE_replicate_039.rds
GP_PoE/production_checkpoints/PoE_replicate_040.rds,16025,8809c45fbc3cd52e14079d69c8861de0,e2e2d955ec5fa135b57697055a702970dab99e835c71fc35ea8e065ebe955ec8,SIMULATION_100_GP_LINEAR_SCAR.zip,SIMULATION_100_FULL_POE_LINEAR_GAUSSIAN_SBM_SCAR_MIXED_SIGNAL_SELF_CALIBRATING_PRIORS/production_checkpoints/PoE_replicate_040.rds
GP_PoE/production_checkpoints/PoE_replicate_041.rds,16043,43e69e3714efabefa048df058e69c0b4,d1a4e6b7e8a3bf6729e1e79ad8d7eea46b16d6b107db22a8ce061b92ce290ef5,SIMULATION_100_GP_LINEAR_SCAR.zip,SIMULATION_100_FULL_POE_LINEAR_GAUSSIAN_SBM_SCAR_MIXED_SIGNAL_SELF_CALIBRATING_PRIORS/production_checkpoints/PoE_replicate_041.rds
GP_PoE/production_checkpoints/PoE_replicate_042.rds,16008,b640cebf4b5c8973f32bac9a1bda4512,794c91d55d917b0488b6454bf427e17082820e6cfeccc3c75e9afc8f9451efc0,SIMULATION_100_GP_LINEAR_SCAR.zip,SIMULATION_100_FULL_POE_LINEAR_GAUSSIAN_SBM_SCAR_MIXED_SIGNAL_SELF_CALIBRATING_PRIORS/production_checkpoints/PoE_replicate_042.rds
GP_PoE/production_checkpoints/PoE_replicate_043.rds,16033,4c399f69f1ed606769dfa8f26eaf3093,e792a06e312ccda83dec339851db65e168a644a5e08918f3d2d984e6b9b4a40a,SIMULATION_100_GP_LINEAR_SCAR.zip,SIMULATION_100_FULL_POE_LINEAR_GAUSSIAN_SBM_SCAR_MIXED_SIGNAL_SELF_CALIBRATING_PRIORS/production_checkpoints/PoE_replicate_043.rds
GP_PoE/production_checkpoints/PoE_replicate_044.rds,16057,d0072f2860b9f782d01de00d270084ad,1a85384accb53db146c03cd51b3e2339f62bb4782ff9714df6d3701005a60416,SIMULATION_100_GP_LINEAR_SCAR.zip,SIMULATION_100_FULL_POE_LINEAR_GAUSSIAN_SBM_SCAR_MIXED_SIGNAL_SELF_CALIBRATING_PRIORS/production_checkpoints/PoE_replicate_044.rds
GP_PoE/production_checkpoints/PoE_replicate_045.rds,16051,8168b583deb0db5d2df4bac57c375ce9,1f88c94055c3397a1ece41e01c54a8e1bdb847b828dca22efdf719b3465f57d6,SIMULATION_100_GP_LINEAR_SCAR.zip,SIMULATION_100_FULL_POE_LINEAR_GAUSSIAN_SBM_SCAR_MIXED_SIGNAL_SELF_CALIBRATING_PRIORS/production_checkpoints/PoE_replicate_045.rds
GP_PoE/production_checkpoints/PoE_replicate_046.rds,16158,56a6d3cb363c77e73fe61e770f3ca356,215ce97880c561dc834209fdf2eea5810a2423c96f816af907f9a92568112d0c,SIMULATION_100_GP_LINEAR_SCAR.zip,SIMULATION_100_FULL_POE_LINEAR_GAUSSIAN_SBM_SCAR_MIXED_SIGNAL_SELF_CALIBRATING_PRIORS/production_checkpoints/PoE_replicate_046.rds
GP_PoE/production_checkpoints/PoE_replicate_047.rds,15948,02b78faaf6a3522b4dfb1605c78ae932,1eac1f49443e5a0b3ee3de24b37e09d93e216e8fde2b310c3a1a1849d6db4534,SIMULATION_100_GP_LINEAR_SCAR.zip,SIMULATION_100_FULL_POE_LINEAR_GAUSSIAN_SBM_SCAR_MIXED_SIGNAL_SELF_CALIBRATING_PRIORS/production_checkpoints/PoE_replicate_047.rds
GP_PoE/production_checkpoints/PoE_replicate_048.rds,15970,74a700223dee5f5f8e78611772684b95,2dd1071dd9435640289ff75f5867617720b2cc51caeda92c06d34eec317910da,SIMULATION_100_GP_LINEAR_SCAR.zip,SIMULATION_100_FULL_POE_LINEAR_GAUSSIAN_SBM_SCAR_MIXED_SIGNAL_SELF_CALIBRATING_PRIORS/production_checkpoints/PoE_replicate_048.rds
GP_PoE/production_checkpoints/PoE_replicate_049.rds,16031,0cd159ea0aa4d0312db5bf127693c115,341f227740a88d57060ffdbeb2cdd1a6219a59ecccc9c32a2f6a8ab4a3286902,SIMULATION_100_GP_LINEAR_SCAR.zip,SIMULATION_100_FULL_POE_LINEAR_GAUSSIAN_SBM_SCAR_MIXED_SIGNAL_SELF_CALIBRATING_PRIORS/production_checkpoints/PoE_replicate_049.rds
GP_PoE/production_checkpoints/PoE_replicate_050.rds,16055,ec1a60af98ae0f31bbcf79aed6f3760a,2290357d7c8e9338e1498c3477aec60e3625dcfa3ccf74e857089e3471b7dbcd,SIMULATION_100_GP_LINEAR_SCAR.zip,SIMULATION_100_FULL_POE_LINEAR_GAUSSIAN_SBM_SCAR_MIXED_SIGNAL_SELF_CALIBRATING_PRIORS/production_checkpoints/PoE_replicate_050.rds
GP_PoE/production_checkpoints/PoE_replicate_051.rds,15918,c56b02ae12ab26ecbc864bbe97dba936,527e1d9001662cca144df1b07b9b2450f4de803ac594294570277c62935da23b,SIMULATION_100_GP_LINEAR_SCAR.zip,SIMULATION_100_FULL_POE_LINEAR_GAUSSIAN_SBM_SCAR_MIXED_SIGNAL_SELF_CALIBRATING_PRIORS/production_checkpoints/PoE_replicate_051.rds
GP_PoE/production_checkpoints/PoE_replicate_052.rds,16032,b9c168fee9c69e5814295dcf097d2f5f,4eded5209977c257f794bd10bcd9f2b36cc9c6d8259031211d09cc6aec39e64a,SIMULATION_100_GP_LINEAR_SCAR.zip,SIMULATION_100_FULL_POE_LINEAR_GAUSSIAN_SBM_SCAR_MIXED_SIGNAL_SELF_CALIBRATING_PRIORS/production_checkpoints/PoE_replicate_052.rds
GP_PoE/production_checkpoints/PoE_replicate_053.rds,16026,531dd4db3bcb5e123d3c8b2f810b1f68,29068f8412329bbc9b3f6cf6a69a56c95c4c96eea46415b7a5fe7357bc29d7dd,SIMULATION_100_GP_LINEAR_SCAR.zip,SIMULATION_100_FULL_POE_LINEAR_GAUSSIAN_SBM_SCAR_MIXED_SIGNAL_SELF_CALIBRATING_PRIORS/production_checkpoints/PoE_replicate_053.rds
GP_PoE/production_checkpoints/PoE_replicate_054.rds,16017,b1dad510c4b71a5e9d2ab14934a78498,0ebbbe1191e9446522647065a64341ae14843967c49ae57ef0076f61aa1f7f8e,SIMULATION_100_GP_LINEAR_SCAR.zip,SIMULATION_100_FULL_POE_LINEAR_GAUSSIAN_SBM_SCAR_MIXED_SIGNAL_SELF_CALIBRATING_PRIORS/production_checkpoints/PoE_replicate_054.rds
GP_PoE/production_checkpoints/PoE_replicate_055.rds,16195,279b37247cee3523bccec1c8cc3edb15,ad8b88170b5b28bde608a2f0cb25484737729c8797ae0f608ca2e6a8603e587d,SIMULATION_100_GP_LINEAR_SCAR.zip,SIMULATION_100_FULL_POE_LINEAR_GAUSSIAN_SBM_SCAR_MIXED_SIGNAL_SELF_CALIBRATING_PRIORS/production_checkpoints/PoE_replicate_055.rds
GP_PoE/production_checkpoints/PoE_replicate_056.rds,16069,bc19fac27b61d770848194ad3e351745,1c6f1355892263d9670a8bbdf0fbb7717f8159cad4c343a6760beb9be70fb416,SIMULATION_100_GP_LINEAR_SCAR.zip,SIMULATION_100_FULL_POE_LINEAR_GAUSSIAN_SBM_SCAR_MIXED_SIGNAL_SELF_CALIBRATING_PRIORS/production_checkpoints/PoE_replicate_056.rds
GP_PoE/production_checkpoints/PoE_replicate_057.rds,16003,e3b6d6d35e6edfee83b9301c2bd9e87a,14c458d3a39a7269a333191f459d0bb3383b86689922f159b03eabe23ff63a77,SIMULATION_100_GP_LINEAR_SCAR.zip,SIMULATION_100_FULL_POE_LINEAR_GAUSSIAN_SBM_SCAR_MIXED_SIGNAL_SELF_CALIBRATING_PRIORS/production_checkpoints/PoE_replicate_057.rds
GP_PoE/production_checkpoints/PoE_replicate_058.rds,16159,1fedab890e68852c36fd1690f4c8fe8c,d1c21e831004ee7ccb4fb6a53f8a0651c6d1af92592ab5d046a65a4ed6b119b3,SIMULATION_100_GP_LINEAR_SCAR.zip,SIMULATION_100_FULL_POE_LINEAR_GAUSSIAN_SBM_SCAR_MIXED_SIGNAL_SELF_CALIBRATING_PRIORS/production_checkpoints/PoE_replicate_058.rds
GP_PoE/production_checkpoints/PoE_replicate_059.rds,15955,d8251b6d401ce0529fb2b2d66d36360c,41d65a15173333b33e3e6e65f9cf4e46d5b8207510dffc799032319f09e677b4,SIMULATION_100_GP_LINEAR_SCAR.zip,SIMULATION_100_FULL_POE_LINEAR_GAUSSIAN_SBM_SCAR_MIXED_SIGNAL_SELF_CALIBRATING_PRIORS/production_checkpoints/PoE_replicate_059.rds
GP_PoE/production_checkpoints/PoE_replicate_060.rds,15863,1183c8706a3f559e1b41e57dda4e3210,b974f02f95ff5c272bc11b1fcc52fb7bd9e298cc0b8c042aac70fef515dacb49,SIMULATION_100_GP_LINEAR_SCAR.zip,SIMULATION_100_FULL_POE_LINEAR_GAUSSIAN_SBM_SCAR_MIXED_SIGNAL_SELF_CALIBRATING_PRIORS/production_checkpoints/PoE_replicate_060.rds
GP_PoE/production_checkpoints/PoE_replicate_061.rds,15949,c7f08684fcc7d1eab3c95e2aa0baf750,2cce467949902ecb8847b3cff5ac47e086ccf4aaaa7431feaa410bebe72e8ac7,SIMULATION_100_GP_LINEAR_SCAR.zip,SIMULATION_100_FULL_POE_LINEAR_GAUSSIAN_SBM_SCAR_MIXED_SIGNAL_SELF_CALIBRATING_PRIORS/production_checkpoints/PoE_replicate_061.rds
GP_PoE/production_checkpoints/PoE_replicate_062.rds,16138,d8f2ebe480749a6790515738f366dcbc,9320d47c0b1a55adecbfa91ef742c92df20b3ff566cd1947a6cc2183221d0eaf,SIMULATION_100_GP_LINEAR_SCAR.zip,SIMULATION_100_FULL_POE_LINEAR_GAUSSIAN_SBM_SCAR_MIXED_SIGNAL_SELF_CALIBRATING_PRIORS/production_checkpoints/PoE_replicate_062.rds
GP_PoE/production_checkpoints/PoE_replicate_063.rds,15998,9f6dc8444d6675ffbb3867e7e2912941,9be42210157ffdf5b14059778d221fd6c764aa446714c39c95e097155387365d,SIMULATION_100_GP_LINEAR_SCAR.zip,SIMULATION_100_FULL_POE_LINEAR_GAUSSIAN_SBM_SCAR_MIXED_SIGNAL_SELF_CALIBRATING_PRIORS/production_checkpoints/PoE_replicate_063.rds
GP_PoE/production_checkpoints/PoE_replicate_064.rds,16109,f4507b2370b2d0c36e352407456b8708,bb5a4d469a3fa668159bf71b32e7dc89ebc891dd88d9faca717f7b56d6d917ef,SIMULATION_100_GP_LINEAR_SCAR.zip,SIMULATION_100_FULL_POE_LINEAR_GAUSSIAN_SBM_SCAR_MIXED_SIGNAL_SELF_CALIBRATING_PRIORS/production_checkpoints/PoE_replicate_064.rds
GP_PoE/production_checkpoints/PoE_replicate_065.rds,15990,78f938651086631f18bd7d8f465acee5,36c212f82ab2749428dd53a20543316aeeb92655be99f2f43982a8592cf84c39,SIMULATION_100_GP_LINEAR_SCAR.zip,SIMULATION_100_FULL_POE_LINEAR_GAUSSIAN_SBM_SCAR_MIXED_SIGNAL_SELF_CALIBRATING_PRIORS/production_checkpoints/PoE_replicate_065.rds
GP_PoE/production_checkpoints/PoE_replicate_066.rds,15966,1c49e741b85055267e3a3d132dddaf67,3c0674daf733b9a1e2fbd5f5c47504c936be6b3b0e2a520acc4fb08d66fd0c9b,SIMULATION_100_GP_LINEAR_SCAR.zip,SIMULATION_100_FULL_POE_LINEAR_GAUSSIAN_SBM_SCAR_MIXED_SIGNAL_SELF_CALIBRATING_PRIORS/production_checkpoints/PoE_replicate_066.rds
GP_PoE/production_checkpoints/PoE_replicate_067.rds,15953,e11e8ce877ce91c46d008d5c0d6a5456,ebda4ffaa6d4ba35f5b83fe3fe0576a9159ff190ac417bc8b59916d2401fc9a6,SIMULATION_100_GP_LINEAR_SCAR.zip,SIMULATION_100_FULL_POE_LINEAR_GAUSSIAN_SBM_SCAR_MIXED_SIGNAL_SELF_CALIBRATING_PRIORS/production_checkpoints/PoE_replicate_067.rds
GP_PoE/production_checkpoints/PoE_replicate_068.rds,15801,c8284c906e71a0f0d74f280ff8b6131a,90f7523324f5f07327b7a47eeae31ca2f1c2e9eb631c3e1b17e916a519d5ec0f,SIMULATION_100_GP_LINEAR_SCAR.zip,SIMULATION_100_FULL_POE_LINEAR_GAUSSIAN_SBM_SCAR_MIXED_SIGNAL_SELF_CALIBRATING_PRIORS/production_checkpoints/PoE_replicate_068.rds
GP_PoE/production_checkpoints/PoE_replicate_069.rds,16067,520a60eaf96491dead963993443d83aa,848aa39ae303ec2afb3630dee69b2d36604b9c67697d966db59e8a27bb185275,SIMULATION_100_GP_LINEAR_SCAR.zip,SIMULATION_100_FULL_POE_LINEAR_GAUSSIAN_SBM_SCAR_MIXED_SIGNAL_SELF_CALIBRATING_PRIORS/production_checkpoints/PoE_replicate_069.rds
GP_PoE/production_checkpoints/PoE_replicate_070.rds,16058,4ab4ce6d61a7546d7e5b07b9277d74ad,6073c3299d273d0cac28e76031ad7bfa43cf3e42118010e90b2fe24afaf66f75,SIMULATION_100_GP_LINEAR_SCAR.zip,SIMULATION_100_FULL_POE_LINEAR_GAUSSIAN_SBM_SCAR_MIXED_SIGNAL_SELF_CALIBRATING_PRIORS/production_checkpoints/PoE_replicate_070.rds
GP_PoE/production_checkpoints/PoE_replicate_071.rds,15943,5c5b0083af1b57d0b24595b806d4b003,0c996256a6b304e20f4f2d5074513038bbbe3e0a5ca2681c3497b339159c1751,SIMULATION_100_GP_LINEAR_SCAR.zip,SIMULATION_100_FULL_POE_LINEAR_GAUSSIAN_SBM_SCAR_MIXED_SIGNAL_SELF_CALIBRATING_PRIORS/production_checkpoints/PoE_replicate_071.rds
GP_PoE/production_checkpoints/PoE_replicate_072.rds,16027,0494a3c25b88ebd5a32ea489d06ec6d1,786aeed36a2e2df0a8fe2a4fe28df767c25a4a139b2db0c1f1bb17d6a4b2bfe4,SIMULATION_100_GP_LINEAR_SCAR.zip,SIMULATION_100_FULL_POE_LINEAR_GAUSSIAN_SBM_SCAR_MIXED_SIGNAL_SELF_CALIBRATING_PRIORS/production_checkpoints/PoE_replicate_072.rds
GP_PoE/production_checkpoints/PoE_replicate_073.rds,15923,2dc1412d72dcfafaa2807fba9e421536,80adde6215d18c1674ce9d8ea0c8ad23a3d9efeed6dedc68bdbb8d2f422cec40,SIMULATION_100_GP_LINEAR_SCAR.zip,SIMULATION_100_FULL_POE_LINEAR_GAUSSIAN_SBM_SCAR_MIXED_SIGNAL_SELF_CALIBRATING_PRIORS/production_checkpoints/PoE_replicate_073.rds
GP_PoE/production_checkpoints/PoE_replicate_074.rds,15931,001c847f70686b9cb991bd877a7a550c,cf31dc90bdd5452a6f159c778da72a02160e81d90d2c54daa71101e8927eb6bf,SIMULATION_100_GP_LINEAR_SCAR.zip,SIMULATION_100_FULL_POE_LINEAR_GAUSSIAN_SBM_SCAR_MIXED_SIGNAL_SELF_CALIBRATING_PRIORS/production_checkpoints/PoE_replicate_074.rds
GP_PoE/production_checkpoints/PoE_replicate_075.rds,16043,1daa0fe0d64bb141a5092e597af044e8,c6f093bfc063b39d87746cd76cc9260362ee0b8c0ddb54b4b6443afe811b6b9f,SIMULATION_100_GP_LINEAR_SCAR.zip,SIMULATION_100_FULL_POE_LINEAR_GAUSSIAN_SBM_SCAR_MIXED_SIGNAL_SELF_CALIBRATING_PRIORS/production_checkpoints/PoE_replicate_075.rds
GP_PoE/production_checkpoints/PoE_replicate_076.rds,16024,6a50d2e39a9a2af74e243781aff9f7ad,f2123a33b526f9a0efca1b68a7b41117aeb748fce96c28c689f377583d842c2d,SIMULATION_100_GP_LINEAR_SCAR.zip,SIMULATION_100_FULL_POE_LINEAR_GAUSSIAN_SBM_SCAR_MIXED_SIGNAL_SELF_CALIBRATING_PRIORS/production_checkpoints/PoE_replicate_076.rds
GP_PoE/production_checkpoints/PoE_replicate_077.rds,16043,b930c39c04de2568cc79b2fae7913b77,c753eb8016c179c8133d87d9d6c2e443808ab8e67fbee5708ef672c827072b3e,SIMULATION_100_GP_LINEAR_SCAR.zip,SIMULATION_100_FULL_POE_LINEAR_GAUSSIAN_SBM_SCAR_MIXED_SIGNAL_SELF_CALIBRATING_PRIORS/production_checkpoints/PoE_replicate_077.rds
GP_PoE/production_checkpoints/PoE_replicate_078.rds,15964,23e17588485801b20ff2c80c6e599b48,6edc7233c5452748d1e1ebf02d5c711dd3eee05aca65e64ad192836320b8d7c8,SIMULATION_100_GP_LINEAR_SCAR.zip,SIMULATION_100_FULL_POE_LINEAR_GAUSSIAN_SBM_SCAR_MIXED_SIGNAL_SELF_CALIBRATING_PRIORS/production_checkpoints/PoE_replicate_078.rds
GP_PoE/production_checkpoints/PoE_replicate_079.rds,15943,ce89bae4bc615b9670824d911a539fd9,aa45927a2f168133870f7c8299ee4154bfb5507ed8744955fb78fa74dab38899,SIMULATION_100_GP_LINEAR_SCAR.zip,SIMULATION_100_FULL_POE_LINEAR_GAUSSIAN_SBM_SCAR_MIXED_SIGNAL_SELF_CALIBRATING_PRIORS/production_checkpoints/PoE_replicate_079.rds
GP_PoE/production_checkpoints/PoE_replicate_080.rds,15987,7883cb8a26b027c66aa43f7e579df7b1,50fb9d50925b62312bf8ddd2fd55c8dede8d2f7e71b6d474784bd7748e13f819,SIMULATION_100_GP_LINEAR_SCAR.zip,SIMULATION_100_FULL_POE_LINEAR_GAUSSIAN_SBM_SCAR_MIXED_SIGNAL_SELF_CALIBRATING_PRIORS/production_checkpoints/PoE_replicate_080.rds
GP_PoE/production_checkpoints/PoE_replicate_081.rds,15940,74b8ea8f08a48057aacec62a70f2810e,e8fa71e5c89f3ff8bd156810579f44014f503f413421aadd7463cc49f72d80a0,SIMULATION_100_GP_LINEAR_SCAR.zip,SIMULATION_100_FULL_POE_LINEAR_GAUSSIAN_SBM_SCAR_MIXED_SIGNAL_SELF_CALIBRATING_PRIORS/production_checkpoints/PoE_replicate_081.rds
GP_PoE/production_checkpoints/PoE_replicate_082.rds,16008,0d198d071f5f658fedeb175410ece7f7,35a8c4b42969504584fce6b4a15f13c94212931efe90119aebf6648e2576515f,SIMULATION_100_GP_LINEAR_SCAR.zip,SIMULATION_100_FULL_POE_LINEAR_GAUSSIAN_SBM_SCAR_MIXED_SIGNAL_SELF_CALIBRATING_PRIORS/production_checkpoints/PoE_replicate_082.rds
GP_PoE/production_checkpoints/PoE_replicate_083.rds,16153,b6a252db3da079bfada0b334b3e6c678,4bcc31fcb4cf0d1af03d68e3eb3b27b577a835a81b00c27ebc18d0decf91a715,SIMULATION_100_GP_LINEAR_SCAR.zip,SIMULATION_100_FULL_POE_LINEAR_GAUSSIAN_SBM_SCAR_MIXED_SIGNAL_SELF_CALIBRATING_PRIORS/production_checkpoints/PoE_replicate_083.rds
GP_PoE/production_checkpoints/PoE_replicate_084.rds,15900,e531d7cc793a1c8e91486515f25f4b90,af7094a27e74f2b2d6375925a724434806e15136f60cf26a38a9c2704a1f6550,SIMULATION_100_GP_LINEAR_SCAR.zip,SIMULATION_100_FULL_POE_LINEAR_GAUSSIAN_SBM_SCAR_MIXED_SIGNAL_SELF_CALIBRATING_PRIORS/production_checkpoints/PoE_replicate_084.rds
GP_PoE/production_checkpoints/PoE_replicate_085.rds,15944,6e6737ef65452c8c9fd48ad37c082af8,0dd905c8b534a13b0cfc352aa570fb879a1ea9f17d3760293ebb6e26b0a75371,SIMULATION_100_GP_LINEAR_SCAR.zip,SIMULATION_100_FULL_POE_LINEAR_GAUSSIAN_SBM_SCAR_MIXED_SIGNAL_SELF_CALIBRATING_PRIORS/production_checkpoints/PoE_replicate_085.rds
GP_PoE/production_checkpoints/PoE_replicate_086.rds,15811,d3facbf045f304d0fea3e4141278e71b,cb7cf8509c9ce62a89279da28674aa9fe9e6296e61aa6f9b9f2704435b606238,SIMULATION_100_GP_LINEAR_SCAR.zip,SIMULATION_100_FULL_POE_LINEAR_GAUSSIAN_SBM_SCAR_MIXED_SIGNAL_SELF_CALIBRATING_PRIORS/production_checkpoints/PoE_replicate_086.rds
GP_PoE/production_checkpoints/PoE_replicate_087.rds,16036,ceaec9d6c37fec868ae12d903749d07b,dbd1109cdfda016527e6854b821691769eb051f6d244f72374a2109b0e9b880b,SIMULATION_100_GP_LINEAR_SCAR.zip,SIMULATION_100_FULL_POE_LINEAR_GAUSSIAN_SBM_SCAR_MIXED_SIGNAL_SELF_CALIBRATING_PRIORS/production_checkpoints/PoE_replicate_087.rds
GP_PoE/production_checkpoints/PoE_replicate_088.rds,15920,987bc3fef5e9d70ac8c7a102266fd1fe,1fe365bc97fea6835c1c5610eda237a9cb150f3bf37104336c4f82943ca8a71b,SIMULATION_100_GP_LINEAR_SCAR.zip,SIMULATION_100_FULL_POE_LINEAR_GAUSSIAN_SBM_SCAR_MIXED_SIGNAL_SELF_CALIBRATING_PRIORS/production_checkpoints/PoE_replicate_088.rds
GP_PoE/production_checkpoints/PoE_replicate_089.rds,16037,8329b037966cf1f092a8e506d4df9fae,b871638fac0295d6a902175f45b56547e895b514c7d701213106ef33c85c33dc,SIMULATION_100_GP_LINEAR_SCAR.zip,SIMULATION_100_FULL_POE_LINEAR_GAUSSIAN_SBM_SCAR_MIXED_SIGNAL_SELF_CALIBRATING_PRIORS/production_checkpoints/PoE_replicate_089.rds
GP_PoE/production_checkpoints/PoE_replicate_090.rds,16326,0d392b0de6ef751635ac7967f36ff950,a247c11ba2d30468570dc79bdea2bbdfe4f193b8cfd1435060f5024b8e28cb59,SIMULATION_100_GP_LINEAR_SCAR.zip,SIMULATION_100_FULL_POE_LINEAR_GAUSSIAN_SBM_SCAR_MIXED_SIGNAL_SELF_CALIBRATING_PRIORS/production_checkpoints/PoE_replicate_090.rds
GP_PoE/production_checkpoints/PoE_replicate_091.rds,16114,012b50638676f0453ebca9680c59792c,8487c313a8dcfdeee1ee5f7ff692062b29ed62f9f812bd3faaddbe447b8aa5c6,SIMULATION_100_GP_LINEAR_SCAR.zip,SIMULATION_100_FULL_POE_LINEAR_GAUSSIAN_SBM_SCAR_MIXED_SIGNAL_SELF_CALIBRATING_PRIORS/production_checkpoints/PoE_replicate_091.rds
GP_PoE/production_checkpoints/PoE_replicate_092.rds,16041,428cad6037266385eb2b8a0ddd1961dd,637add35242aee4904c2ab5f27071b99932555bc252f1126fc83ea7a01c7604b,SIMULATION_100_GP_LINEAR_SCAR.zip,SIMULATION_100_FULL_POE_LINEAR_GAUSSIAN_SBM_SCAR_MIXED_SIGNAL_SELF_CALIBRATING_PRIORS/production_checkpoints/PoE_replicate_092.rds
GP_PoE/production_checkpoints/PoE_replicate_093.rds,15898,dbef5cedf19a847c35d42a7c465f293f,62e3fbcf6ca8bc6eb9b2f6b88771657e23a553441cbebff3661635d356e5255f,SIMULATION_100_GP_LINEAR_SCAR.zip,SIMULATION_100_FULL_POE_LINEAR_GAUSSIAN_SBM_SCAR_MIXED_SIGNAL_SELF_CALIBRATING_PRIORS/production_checkpoints/PoE_replicate_093.rds
GP_PoE/production_checkpoints/PoE_replicate_094.rds,16116,24491cd6811fbb7484aa772f2cba2edc,3f271bd583df91859c9b0ace284dd8ab973a282ca681b86910b404fb8de6ad74,SIMULATION_100_GP_LINEAR_SCAR.zip,SIMULATION_100_FULL_POE_LINEAR_GAUSSIAN_SBM_SCAR_MIXED_SIGNAL_SELF_CALIBRATING_PRIORS/production_checkpoints/PoE_replicate_094.rds
GP_PoE/production_checkpoints/PoE_replicate_095.rds,15972,53121f3fbce2c2c8e769868db51ddcae,673d5fb25fab8a4c48c8875b03c4ff245cb400c4f44c0e4dba7d941590039d1b,SIMULATION_100_GP_LINEAR_SCAR.zip,SIMULATION_100_FULL_POE_LINEAR_GAUSSIAN_SBM_SCAR_MIXED_SIGNAL_SELF_CALIBRATING_PRIORS/production_checkpoints/PoE_replicate_095.rds
GP_PoE/production_checkpoints/PoE_replicate_096.rds,16009,366a2c3b9e4372bd43820b9620124a73,90263e18234cf28f791a7091a5d8356d98e2678d7e3f3bd16d8f17ea4d5d76ca,SIMULATION_100_GP_LINEAR_SCAR.zip,SIMULATION_100_FULL_POE_LINEAR_GAUSSIAN_SBM_SCAR_MIXED_SIGNAL_SELF_CALIBRATING_PRIORS/production_checkpoints/PoE_replicate_096.rds
GP_PoE/production_checkpoints/PoE_replicate_097.rds,15967,33318cd246b38f2a39df21e9ad8ab8d4,9c9a0479aa681dc11b8e824a3a48cf9c3ee4aef9c58ee98ee55409e764ee075d,SIMULATION_100_GP_LINEAR_SCAR.zip,SIMULATION_100_FULL_POE_LINEAR_GAUSSIAN_SBM_SCAR_MIXED_SIGNAL_SELF_CALIBRATING_PRIORS/production_checkpoints/PoE_replicate_097.rds
GP_PoE/production_checkpoints/PoE_replicate_098.rds,16004,7cabef669d96860532f2b66b89c87e17,8638b954c25133ded0330650ef06863d5412c93e4824355be283f1b187751b34,SIMULATION_100_GP_LINEAR_SCAR.zip,SIMULATION_100_FULL_POE_LINEAR_GAUSSIAN_SBM_SCAR_MIXED_SIGNAL_SELF_CALIBRATING_PRIORS/production_checkpoints/PoE_replicate_098.rds
GP_PoE/production_checkpoints/PoE_replicate_099.rds,16032,64b8319e730ffb3ff07b2e5ae0879841,620a0b30dd5368af10295d07876aa93fdef50928dae13874df4899e47b4b653e,SIMULATION_100_GP_LINEAR_SCAR.zip,SIMULATION_100_FULL_POE_LINEAR_GAUSSIAN_SBM_SCAR_MIXED_SIGNAL_SELF_CALIBRATING_PRIORS/production_checkpoints/PoE_replicate_099.rds
GP_PoE/production_checkpoints/PoE_replicate_100.rds,15939,b488f00583f52f7eb373c6917339ca8f,0cb6227ea0e0af01a4ac10b8ca30c597acec60d3573983b33432dd587f437d79,SIMULATION_100_GP_LINEAR_SCAR.zip,SIMULATION_100_FULL_POE_LINEAR_GAUSSIAN_SBM_SCAR_MIXED_SIGNAL_SELF_CALIBRATING_PRIORS/production_checkpoints/PoE_replicate_100.rds
GP_PoE/sessionInfo_full_PoE_linear_gaussian_SBM_SCAR_simulation.txt,831,281279a48b7a42286814fd6d294357a6,e658293814138b76ccaab8f5798d3f112245a12904c4edc3a2f7924bea20146f,SIMULATION_100_GP_LINEAR_SCAR.zip,SIMULATION_100_FULL_POE_LINEAR_GAUSSIAN_SBM_SCAR_MIXED_SIGNAL_SELF_CALIBRATING_PRIORS/sessionInfo_full_PoE_linear_gaussian_SBM_SCAR_simulation.txt
nnPU/all_competitors_plus_nnpu_FINAL_MAIN_TABLE_means.csv,2850,08dc163ed79e9c6acb7b4422ec3fd567,0c10d4ec0a8871a5921681fa4d47262a2691fb10b82e28509f6da8c6b6aa43e6,SIMULATION_100_BAYESIAN_LINEAR_SCAR_REST.zip,SIMULATION_100_NNPU_LINEAR_GAUSSIAN_SBM_SCAR_MIXED_SIGNAL/all_competitors_plus_nnpu_FINAL_MAIN_TABLE_means.csv
nnPU/all_competitors_plus_nnpu_FINAL_PAPER_TABLE_mean_SD.csv,2221,913221178f01f07382b5f9bd5641983f,ea8e0effd11dd55f0ac550563f9aa65b5cff4114e402c141f2f876a6d46e1e99,SIMULATION_100_BAYESIAN_LINEAR_SCAR_REST.zip,SIMULATION_100_NNPU_LINEAR_GAUSSIAN_SBM_SCAR_MIXED_SIGNAL/all_competitors_plus_nnpu_FINAL_PAPER_TABLE_mean_SD.csv
nnPU/all_competitors_plus_nnpu_metric_summary_long.csv,29531,7cbdca2913ab59146425b4673042e53d,38710417972a6861fb9a2432267568afe80de7a14f52d3da8693fa703f080f3a,SIMULATION_100_BAYESIAN_LINEAR_SCAR_REST.zip,SIMULATION_100_NNPU_LINEAR_GAUSSIAN_SBM_SCAR_MIXED_SIGNAL/all_competitors_plus_nnpu_metric_summary_long.csv
nnPU/all_competitors_plus_nnpu_metrics_by_replicate.csv,330785,82e0d7fceb15519194a86b7c2460c10b,1af2f04e5d2d7bb5c662d0f92c08403fad19973fbf76651e7a29dca4673dacae,SIMULATION_100_BAYESIAN_LINEAR_SCAR_REST.zip,SIMULATION_100_NNPU_LINEAR_GAUSSIAN_SBM_SCAR_MIXED_SIGNAL/all_competitors_plus_nnpu_metrics_by_replicate.csv
nnPU/generated_geometries/replicate_001_geometry.rds,89897,6f873f6e93ea19fd5d81ad6c1e1c1e2b,b06b4f1b42d8ac88c5ffb7be5ce3ab6c5790d91235405d2bb1965046fd8319ab,SIMULATION_100_BAYESIAN_LINEAR_SCAR_REST.zip,SIMULATION_100_NNPU_LINEAR_GAUSSIAN_SBM_SCAR_MIXED_SIGNAL/generated_geometries/replicate_001_geometry.rds
nnPU/generated_geometries/replicate_002_geometry.rds,90156,dfa86f74d26928facdc71095fa915ab4,67525a71d9da1ca479b0d8f65ff6457b1e58200cf1cefbcbf4f262921b63e240,SIMULATION_100_BAYESIAN_LINEAR_SCAR_REST.zip,SIMULATION_100_NNPU_LINEAR_GAUSSIAN_SBM_SCAR_MIXED_SIGNAL/generated_geometries/replicate_002_geometry.rds
nnPU/generated_geometries/replicate_003_geometry.rds,93790,23d6d85612c8f31a078163260fd79429,f6e5c3a532e0c5903f50454e0617ab3aad47e088655963bb66f3369418d9b805,SIMULATION_100_BAYESIAN_LINEAR_SCAR_REST.zip,SIMULATION_100_NNPU_LINEAR_GAUSSIAN_SBM_SCAR_MIXED_SIGNAL/generated_geometries/replicate_003_geometry.rds
nnPU/generated_geometries/replicate_004_geometry.rds,100424,1532601e4cbb6f26b11ff48cd0aca5c5,617bca05da957b91ab8865e128d009011f8ba7e1e30c79098b68a7c3f36d5e6c,SIMULATION_100_BAYESIAN_LINEAR_SCAR_REST.zip,SIMULATION_100_NNPU_LINEAR_GAUSSIAN_SBM_SCAR_MIXED_SIGNAL/generated_geometries/replicate_004_geometry.rds
nnPU/generated_geometries/replicate_005_geometry.rds,93872,bb29b7a5d65e366eea62617b81afe501,6514fe7ae0972389457327f07a77fc394ab459b281dabf5450bbb60d52696a60,SIMULATION_100_BAYESIAN_LINEAR_SCAR_REST.zip,SIMULATION_100_NNPU_LINEAR_GAUSSIAN_SBM_SCAR_MIXED_SIGNAL/generated_geometries/replicate_005_geometry.rds
nnPU/generated_geometries/replicate_006_geometry.rds,89974,c2fe172e6fcea7b8945226dc96c59f8e,2e52c2937c86ac500f7b6621c5a47530b9fca0e8b722aaf197e7a7b6f5c5d206,SIMULATION_100_BAYESIAN_LINEAR_SCAR_REST.zip,SIMULATION_100_NNPU_LINEAR_GAUSSIAN_SBM_SCAR_MIXED_SIGNAL/generated_geometries/replicate_006_geometry.rds
nnPU/generated_geometries/replicate_007_geometry.rds,116794,404925b6e60cc7cca590c77528bc2ed1,c0303935fbd237db5482477c1479aeeb42c01097d381cf781d5f74582ccf216d,SIMULATION_100_BAYESIAN_LINEAR_SCAR_REST.zip,SIMULATION_100_NNPU_LINEAR_GAUSSIAN_SBM_SCAR_MIXED_SIGNAL/generated_geometries/replicate_007_geometry.rds
nnPU/generated_geometries/replicate_008_geometry.rds,97064,ba48fad70b604f8a1cb06a046527c613,53d4c4f376385e94f42131413ae0a2826762e311e3c763660c4a74cbd12ebbb6,SIMULATION_100_BAYESIAN_LINEAR_SCAR_REST.zip,SIMULATION_100_NNPU_LINEAR_GAUSSIAN_SBM_SCAR_MIXED_SIGNAL/generated_geometries/replicate_008_geometry.rds
nnPU/generated_geometries/replicate_009_geometry.rds,90098,ef935ca07890841787292b9062c46f66,9ee1b9defca4b3fa2e30ca259a64a0d577122851c3d516625054fb6d042b5846,SIMULATION_100_BAYESIAN_LINEAR_SCAR_REST.zip,SIMULATION_100_NNPU_LINEAR_GAUSSIAN_SBM_SCAR_MIXED_SIGNAL/generated_geometries/replicate_009_geometry.rds
nnPU/generated_geometries/replicate_010_geometry.rds,90058,e52969510ff9c36a0a33c82f46e10282,4791ab5cc698e00f032a8d1110107b0cf61b095e53e44266abd090a1d66f31aa,SIMULATION_100_BAYESIAN_LINEAR_SCAR_REST.zip,SIMULATION_100_NNPU_LINEAR_GAUSSIAN_SBM_SCAR_MIXED_SIGNAL/generated_geometries/replicate_010_geometry.rds
nnPU/generated_geometries/replicate_011_geometry.rds,104110,decf4b7c12c931675aefd54686566e8b,a7d2eea6109de9200d015a6eebf4a7c4bb411dad0faf52d0bde36633bb8ea1b0,SIMULATION_100_BAYESIAN_LINEAR_SCAR_REST.zip,SIMULATION_100_NNPU_LINEAR_GAUSSIAN_SBM_SCAR_MIXED_SIGNAL/generated_geometries/replicate_011_geometry.rds
nnPU/generated_geometries/replicate_012_geometry.rds,89940,027900de1f481176ab4d87b3d2cbeba2,a2519c65d637b6c5d63e8b347c0c4f6c4cf4333af1844f0157e8c591b428f689,SIMULATION_100_BAYESIAN_LINEAR_SCAR_REST.zip,SIMULATION_100_NNPU_LINEAR_GAUSSIAN_SBM_SCAR_MIXED_SIGNAL/generated_geometries/replicate_012_geometry.rds
nnPU/generated_geometries/replicate_013_geometry.rds,90008,2a2182d4d9f89ae3b411cb502f8cae0e,c7f63b85cd36fb19475a8f8fee6e0b919b4d3417400aac6a18acde64109e2593,SIMULATION_100_BAYESIAN_LINEAR_SCAR_REST.zip,SIMULATION_100_NNPU_LINEAR_GAUSSIAN_SBM_SCAR_MIXED_SIGNAL/generated_geometries/replicate_013_geometry.rds
nnPU/generated_geometries/replicate_014_geometry.rds,90006,27c228a386e75655c8246bae72a9358d,4c1c8f6a8a93fbedfe31e59ac047f586e8c25d771ee75412176f74d3db90c1cc,SIMULATION_100_BAYESIAN_LINEAR_SCAR_REST.zip,SIMULATION_100_NNPU_LINEAR_GAUSSIAN_SBM_SCAR_MIXED_SIGNAL/generated_geometries/replicate_014_geometry.rds
nnPU/generated_geometries/replicate_015_geometry.rds,103920,96c70c4189fee1da95d210e720160cc9,fd97d823dc1ab0e9dbc74aa2407d0f8e8baf27f528438330305b9b1df67f99c2,SIMULATION_100_BAYESIAN_LINEAR_SCAR_REST.zip,SIMULATION_100_NNPU_LINEAR_GAUSSIAN_SBM_SCAR_MIXED_SIGNAL/generated_geometries/replicate_015_geometry.rds
nnPU/generated_geometries/replicate_016_geometry.rds,90037,fd053d529a0bac4bbd07af401d0f0ee7,e40d665301b3932dc1c0ca91ed034e74243232ab3ed5a584878a3749972fa36b,SIMULATION_100_BAYESIAN_LINEAR_SCAR_REST.zip,SIMULATION_100_NNPU_LINEAR_GAUSSIAN_SBM_SCAR_MIXED_SIGNAL/generated_geometries/replicate_016_geometry.rds
nnPU/generated_geometries/replicate_017_geometry.rds,97104,dd5f0076739305ef4203933d0818fe18,dac37181247ff07b5f93a64951e3a52019212a54b757b1f1be233fd3a73d3472,SIMULATION_100_BAYESIAN_LINEAR_SCAR_REST.zip,SIMULATION_100_NNPU_LINEAR_GAUSSIAN_SBM_SCAR_MIXED_SIGNAL/generated_geometries/replicate_017_geometry.rds
nnPU/generated_geometries/replicate_018_geometry.rds,141407,34b0de896849f21385f9968ab71d4ed7,503813f12f9d6c69c5f6180719e6f013db85a5438a108f15a515049aa3ebeb98,SIMULATION_100_BAYESIAN_LINEAR_SCAR_REST.zip,SIMULATION_100_NNPU_LINEAR_GAUSSIAN_SBM_SCAR_MIXED_SIGNAL/generated_geometries/replicate_018_geometry.rds
nnPU/generated_geometries/replicate_019_geometry.rds,90019,57781ecbd1bbee24fdf853fa16da1b61,e99cfaa0abef9151f7cad081e04a5f546fed6a727a45fb6af928ec8e2ac83061,SIMULATION_100_BAYESIAN_LINEAR_SCAR_REST.zip,SIMULATION_100_NNPU_LINEAR_GAUSSIAN_SBM_SCAR_MIXED_SIGNAL/generated_geometries/replicate_019_geometry.rds
nnPU/generated_geometries/replicate_020_geometry.rds,96760,229184840696041424c9651f4b7e7358,c55bf76317c55fe621d327ea1f24804950861f76d2ff6bdba5f1a171f27f39f4,SIMULATION_100_BAYESIAN_LINEAR_SCAR_REST.zip,SIMULATION_100_NNPU_LINEAR_GAUSSIAN_SBM_SCAR_MIXED_SIGNAL/generated_geometries/replicate_020_geometry.rds
nnPU/generated_geometries/replicate_021_geometry.rds,97216,a53c4c02e7d96e82ff20e3ef5455f02e,8baac6a80244739f8c3d0a90047bad1080aa3e260341ad838c52088ed8441b3c,SIMULATION_100_BAYESIAN_LINEAR_SCAR_REST.zip,SIMULATION_100_NNPU_LINEAR_GAUSSIAN_SBM_SCAR_MIXED_SIGNAL/generated_geometries/replicate_021_geometry.rds
nnPU/generated_geometries/replicate_022_geometry.rds,93527,0689ed86fccc30a01461e9ca849521cc,61ca6a8a376e472cf6c68bf0cbe1573774f336fcc55fa8c66714d1d090c6bf5e,SIMULATION_100_BAYESIAN_LINEAR_SCAR_REST.zip,SIMULATION_100_NNPU_LINEAR_GAUSSIAN_SBM_SCAR_MIXED_SIGNAL/generated_geometries/replicate_022_geometry.rds
nnPU/generated_geometries/replicate_023_geometry.rds,90051,58be70a2e05f993f2ab8c4f6c6947667,ea5e63089f668d6f0707d7165e0534b911a24dccfcb99a3b839f57bdcbe2a80f,SIMULATION_100_BAYESIAN_LINEAR_SCAR_REST.zip,SIMULATION_100_NNPU_LINEAR_GAUSSIAN_SBM_SCAR_MIXED_SIGNAL/generated_geometries/replicate_023_geometry.rds
nnPU/generated_geometries/replicate_024_geometry.rds,107190,578719c79f0abcd1828ced1a3f5582b0,47fb3d72ca104b6960fa7a072dad0879e869b896d4367e389dd9b73b2614a310,SIMULATION_100_BAYESIAN_LINEAR_SCAR_REST.zip,SIMULATION_100_NNPU_LINEAR_GAUSSIAN_SBM_SCAR_MIXED_SIGNAL/generated_geometries/replicate_024_geometry.rds
nnPU/generated_geometries/replicate_025_geometry.rds,93525,ad97fff94e0e772cd681cd5152fc70c3,dca07147838fc54ff5aef8bf77c377294f25c4a3e2ea5e9ab0fe91b1840c8547,SIMULATION_100_BAYESIAN_LINEAR_SCAR_REST.zip,SIMULATION_100_NNPU_LINEAR_GAUSSIAN_SBM_SCAR_MIXED_SIGNAL/generated_geometries/replicate_025_geometry.rds
nnPU/generated_geometries/replicate_026_geometry.rds,100478,f3fb2b8a14cd97ae4741b9d5e9585d61,7be27f0e2b971b2f0341fca90d42d11f5251e146ee2f97334860af63d989018d,SIMULATION_100_BAYESIAN_LINEAR_SCAR_REST.zip,SIMULATION_100_NNPU_LINEAR_GAUSSIAN_SBM_SCAR_MIXED_SIGNAL/generated_geometries/replicate_026_geometry.rds
nnPU/generated_geometries/replicate_027_geometry.rds,89988,8309b362daead754621138af8aa66374,e42e86463101c6a33a49f038cce0476361b92edc4863b66b65ea7cc0cb9c9428,SIMULATION_100_BAYESIAN_LINEAR_SCAR_REST.zip,SIMULATION_100_NNPU_LINEAR_GAUSSIAN_SBM_SCAR_MIXED_SIGNAL/generated_geometries/replicate_027_geometry.rds
nnPU/generated_geometries/replicate_028_geometry.rds,93700,27415e728132423469c44344d03d6f6f,fb57e659df1e9802ef108632c043a265595264c70905bfac569aa024cc9803f2,SIMULATION_100_BAYESIAN_LINEAR_SCAR_REST.zip,SIMULATION_100_NNPU_LINEAR_GAUSSIAN_SBM_SCAR_MIXED_SIGNAL/generated_geometries/replicate_028_geometry.rds
nnPU/generated_geometries/replicate_029_geometry.rds,100527,b236c2356e85e1f358f902da5e81c88e,95480193868e06ae17a35a9c177a721ccb977cbd8ba81ba7677ceed4fd9904ae,SIMULATION_100_BAYESIAN_LINEAR_SCAR_REST.zip,SIMULATION_100_NNPU_LINEAR_GAUSSIAN_SBM_SCAR_MIXED_SIGNAL/generated_geometries/replicate_029_geometry.rds
nnPU/generated_geometries/replicate_030_geometry.rds,89908,54f84599dd408e6d872154e085599452,3f226bf02e13a8284746a3c24b52c64c71146613217acf848459dd1b8f1512b8,SIMULATION_100_BAYESIAN_LINEAR_SCAR_REST.zip,SIMULATION_100_NNPU_LINEAR_GAUSSIAN_SBM_SCAR_MIXED_SIGNAL/generated_geometries/replicate_030_geometry.rds
nnPU/generated_geometries/replicate_031_geometry.rds,93570,79de2eb54581e7b7a02d3c0aee2d1882,dc7c4038d10392c46824c9cfaf0a54ddfc3b5e604ee2da85ec35446630e0f31b,SIMULATION_100_BAYESIAN_LINEAR_SCAR_REST.zip,SIMULATION_100_NNPU_LINEAR_GAUSSIAN_SBM_SCAR_MIXED_SIGNAL/generated_geometries/replicate_031_geometry.rds
nnPU/generated_geometries/replicate_032_geometry.rds,110085,bf5d29d445d92de2afb0a431485961f9,c9d788a163111cd3ea3c9d2a674cdbbbfc4013d6eb1506285846c9381fd0b4c2,SIMULATION_100_BAYESIAN_LINEAR_SCAR_REST.zip,SIMULATION_100_NNPU_LINEAR_GAUSSIAN_SBM_SCAR_MIXED_SIGNAL/generated_geometries/replicate_032_geometry.rds
nnPU/generated_geometries/replicate_033_geometry.rds,97200,33335f51a35e56713d6fdaea462c28ff,0600fe1df6927a8d1d3ee07dee544d72f4d55786e8a1aed2ce98ee1e8aafe57d,SIMULATION_100_BAYESIAN_LINEAR_SCAR_REST.zip,SIMULATION_100_NNPU_LINEAR_GAUSSIAN_SBM_SCAR_MIXED_SIGNAL/generated_geometries/replicate_033_geometry.rds
nnPU/generated_geometries/replicate_034_geometry.rds,89857,cd1462f85f7b72cff8a2c984b46d0bd6,fc119e8711db2e8e21f5d2982c1b35278f20010cbf01d4bf62cac65ec214582c,SIMULATION_100_BAYESIAN_LINEAR_SCAR_REST.zip,SIMULATION_100_NNPU_LINEAR_GAUSSIAN_SBM_SCAR_MIXED_SIGNAL/generated_geometries/replicate_034_geometry.rds
nnPU/generated_geometries/replicate_035_geometry.rds,89765,2580955f297b99bc33fa36c9517943b4,a1d8077f3a7ca710840733948ceef09c5686aeb9e120d7984357e08837bcea26,SIMULATION_100_BAYESIAN_LINEAR_SCAR_REST.zip,SIMULATION_100_NNPU_LINEAR_GAUSSIAN_SBM_SCAR_MIXED_SIGNAL/generated_geometries/replicate_035_geometry.rds
nnPU/generated_geometries/replicate_036_geometry.rds,89913,8310d4324475c798f42f876dc0bb0cfc,769c3aaaf867196a2edbedd8081b66e30033ab0020dd5f8fa4133be062824d51,SIMULATION_100_BAYESIAN_LINEAR_SCAR_REST.zip,SIMULATION_100_NNPU_LINEAR_GAUSSIAN_SBM_SCAR_MIXED_SIGNAL/generated_geometries/replicate_036_geometry.rds
nnPU/generated_geometries/replicate_037_geometry.rds,100457,0c247e0acfa9e1f4f86f9de7a4ba2da8,2ea523c5ffc82cbb54e3bd0a6f65e1afc821de0fab99d3b0c41debcc2813e751,SIMULATION_100_BAYESIAN_LINEAR_SCAR_REST.zip,SIMULATION_100_NNPU_LINEAR_GAUSSIAN_SBM_SCAR_MIXED_SIGNAL/generated_geometries/replicate_037_geometry.rds
nnPU/generated_geometries/replicate_038_geometry.rds,93738,ed5b9fd37cf914e12e43c1c2a8444940,abb140145a318ec6fee0d726f6187907168d3658d93994b25e35a149f98ef1da,SIMULATION_100_BAYESIAN_LINEAR_SCAR_REST.zip,SIMULATION_100_NNPU_LINEAR_GAUSSIAN_SBM_SCAR_MIXED_SIGNAL/generated_geometries/replicate_038_geometry.rds
nnPU/generated_geometries/replicate_039_geometry.rds,90175,79a14ecf7180202ef3a6d251697d9d97,d9fa209a1ad1b2bfee36547743edd9bf8f8a9352ee41010daa4166dd323486ca,SIMULATION_100_BAYESIAN_LINEAR_SCAR_REST.zip,SIMULATION_100_NNPU_LINEAR_GAUSSIAN_SBM_SCAR_MIXED_SIGNAL/generated_geometries/replicate_039_geometry.rds
nnPU/generated_geometries/replicate_040_geometry.rds,97079,488fe14de1fb7649f22957e9450dfead,b2a54f32dca3da0a579eff46a317086e240f2a5ec401bde52141b453f6a30535,SIMULATION_100_BAYESIAN_LINEAR_SCAR_REST.zip,SIMULATION_100_NNPU_LINEAR_GAUSSIAN_SBM_SCAR_MIXED_SIGNAL/generated_geometries/replicate_040_geometry.rds
nnPU/generated_geometries/replicate_041_geometry.rds,93563,9065fcf96ce30053061964f0ef53ac61,4a0e0e9063386aa8e38aed9cb5e847a5256885e2aba1be71ce8cb2e2d88de680,SIMULATION_100_BAYESIAN_LINEAR_SCAR_REST.zip,SIMULATION_100_NNPU_LINEAR_GAUSSIAN_SBM_SCAR_MIXED_SIGNAL/generated_geometries/replicate_041_geometry.rds
nnPU/generated_geometries/replicate_042_geometry.rds,93767,cc76b113177e73287247fcbef217009c,cdb55a3ded9acfecb0f25853ea3223447c42d55a13e0257af47094d97bee4d42,SIMULATION_100_BAYESIAN_LINEAR_SCAR_REST.zip,SIMULATION_100_NNPU_LINEAR_GAUSSIAN_SBM_SCAR_MIXED_SIGNAL/generated_geometries/replicate_042_geometry.rds
nnPU/generated_geometries/replicate_043_geometry.rds,90007,55f17c3ea7513b0526dc3f29e2821484,af7d5046f554d8ef3bf02b6e60c720a12a4857b0778bd5f648979f2370da9727,SIMULATION_100_BAYESIAN_LINEAR_SCAR_REST.zip,SIMULATION_100_NNPU_LINEAR_GAUSSIAN_SBM_SCAR_MIXED_SIGNAL/generated_geometries/replicate_043_geometry.rds
nnPU/generated_geometries/replicate_044_geometry.rds,97184,570f60895dc7667badbdcef6731d49cc,ce1f615cf16023ca5476af04764114f7f5fc7c484741bb20b895d405552c6f82,SIMULATION_100_BAYESIAN_LINEAR_SCAR_REST.zip,SIMULATION_100_NNPU_LINEAR_GAUSSIAN_SBM_SCAR_MIXED_SIGNAL/generated_geometries/replicate_044_geometry.rds
nnPU/generated_geometries/replicate_045_geometry.rds,97299,9a491db9206b10996aa0a8e6aa72e9d4,6af834005acfa8fa3d8851b90bb631295377aeb445978601d2ce6186c497f36d,SIMULATION_100_BAYESIAN_LINEAR_SCAR_REST.zip,SIMULATION_100_NNPU_LINEAR_GAUSSIAN_SBM_SCAR_MIXED_SIGNAL/generated_geometries/replicate_045_geometry.rds
nnPU/generated_geometries/replicate_046_geometry.rds,110384,4ca10744db27521a2066689e6d46a275,f79fc2057c3b865b040b2bce16c788894ccf7cdeb0f6a41a07f27397be337e9d,SIMULATION_100_BAYESIAN_LINEAR_SCAR_REST.zip,SIMULATION_100_NNPU_LINEAR_GAUSSIAN_SBM_SCAR_MIXED_SIGNAL/generated_geometries/replicate_046_geometry.rds
nnPU/generated_geometries/replicate_047_geometry.rds,93823,5028f45155e50ff8a90de4799c984bc2,c5d15b9177a94054504e7dd67abb7c303d55fec3a1f493bfa6c5cc346f84fa0f,SIMULATION_100_BAYESIAN_LINEAR_SCAR_REST.zip,SIMULATION_100_NNPU_LINEAR_GAUSSIAN_SBM_SCAR_MIXED_SIGNAL/generated_geometries/replicate_047_geometry.rds
nnPU/generated_geometries/replicate_048_geometry.rds,89771,bd2e849c19e933323aff806a998fed30,c1b2152f3d8b1a78df41f0b13107407eeda52235a835915a73087cb8135292d9,SIMULATION_100_BAYESIAN_LINEAR_SCAR_REST.zip,SIMULATION_100_NNPU_LINEAR_GAUSSIAN_SBM_SCAR_MIXED_SIGNAL/generated_geometries/replicate_048_geometry.rds
nnPU/generated_geometries/replicate_049_geometry.rds,93949,edadfab7a1233bcb2dfe11348c543e0b,d4588d0410fe195fa055c7650b771149eaf5c8f56c8a141a895461a504cb143b,SIMULATION_100_BAYESIAN_LINEAR_SCAR_REST.zip,SIMULATION_100_NNPU_LINEAR_GAUSSIAN_SBM_SCAR_MIXED_SIGNAL/generated_geometries/replicate_049_geometry.rds
nnPU/generated_geometries/replicate_050_geometry.rds,89836,de466623eb4ba0575124145cd4c71dce,046bfce383d84e0d31601313a424ba62d96c95be8d07d4f1e366b532fbef7ffe,SIMULATION_100_BAYESIAN_LINEAR_SCAR_REST.zip,SIMULATION_100_NNPU_LINEAR_GAUSSIAN_SBM_SCAR_MIXED_SIGNAL/generated_geometries/replicate_050_geometry.rds
nnPU/generated_geometries/replicate_051_geometry.rds,103971,2dc88f9d46490f0441c7aee32e9bafbd,b99d9bf20ba3017f0d1c7cf56ab24009105e19a810a1c6f494478f2a4ffdb77b,SIMULATION_100_BAYESIAN_LINEAR_SCAR_REST.zip,SIMULATION_100_NNPU_LINEAR_GAUSSIAN_SBM_SCAR_MIXED_SIGNAL/generated_geometries/replicate_051_geometry.rds
nnPU/generated_geometries/replicate_052_geometry.rds,93726,196154b6367040c376c9836a10f535bf,48a2bea734bb17ab6bff19bae1c5c80713e626c1e75462a663e5109e271cf8fe,SIMULATION_100_BAYESIAN_LINEAR_SCAR_REST.zip,SIMULATION_100_NNPU_LINEAR_GAUSSIAN_SBM_SCAR_MIXED_SIGNAL/generated_geometries/replicate_052_geometry.rds
nnPU/generated_geometries/replicate_053_geometry.rds,93566,a24df93b7abf84482d15a473f6b5d913,1bf16ce73fff770c02b7dabe4fb6e57181fec02f1c8532271e000a6f2c6eda87,SIMULATION_100_BAYESIAN_LINEAR_SCAR_REST.zip,SIMULATION_100_NNPU_LINEAR_GAUSSIAN_SBM_SCAR_MIXED_SIGNAL/generated_geometries/replicate_053_geometry.rds
nnPU/generated_geometries/replicate_054_geometry.rds,89937,78e02d8d8f0710aa5415e6d4bfa69f25,84fc0b2ae429caf0b114f26fd339a89ab7daa3b6e811cbd6895cfe948ed98c5b,SIMULATION_100_BAYESIAN_LINEAR_SCAR_REST.zip,SIMULATION_100_NNPU_LINEAR_GAUSSIAN_SBM_SCAR_MIXED_SIGNAL/generated_geometries/replicate_054_geometry.rds
nnPU/generated_geometries/replicate_055_geometry.rds,119843,c84f66110b3cc9f7cf37344ada763d0e,b357a8b54c2fd360ab9749bad72becaa6899159c665ea94b663c413a23184c19,SIMULATION_100_BAYESIAN_LINEAR_SCAR_REST.zip,SIMULATION_100_NNPU_LINEAR_GAUSSIAN_SBM_SCAR_MIXED_SIGNAL/generated_geometries/replicate_055_geometry.rds
nnPU/generated_geometries/replicate_056_geometry.rds,90218,f8916c9bfc12a5aa1a2b2729095c1739,950f0d021f10a7d6a239a997a5cf4cff5a3f53929cec2f7d68e1305169d9d0aa,SIMULATION_100_BAYESIAN_LINEAR_SCAR_REST.zip,SIMULATION_100_NNPU_LINEAR_GAUSSIAN_SBM_SCAR_MIXED_SIGNAL/generated_geometries/replicate_056_geometry.rds
nnPU/generated_geometries/replicate_057_geometry.rds,93480,aa45f208b4b4d99c4851b233503409d6,0c40098fc4015a9c8134e4e74ca0a5d321429600ce0f23cc98a6d18f1f595441,SIMULATION_100_BAYESIAN_LINEAR_SCAR_REST.zip,SIMULATION_100_NNPU_LINEAR_GAUSSIAN_SBM_SCAR_MIXED_SIGNAL/generated_geometries/replicate_057_geometry.rds
nnPU/generated_geometries/replicate_058_geometry.rds,110281,09d03241b94a9e80bee3550f86196b15,b7665e46cb1f47514ebdb8cb0abd10409ac478b446976a51f7a2b8a4fceb390e,SIMULATION_100_BAYESIAN_LINEAR_SCAR_REST.zip,SIMULATION_100_NNPU_LINEAR_GAUSSIAN_SBM_SCAR_MIXED_SIGNAL/generated_geometries/replicate_058_geometry.rds
nnPU/generated_geometries/replicate_059_geometry.rds,103678,defa916dfcd0e44645a33e5f9b6573b8,bf7706dbf31ef77739ac9c0f61ef17f198fa260c11e886957d9b85fb9f672a52,SIMULATION_100_BAYESIAN_LINEAR_SCAR_REST.zip,SIMULATION_100_NNPU_LINEAR_GAUSSIAN_SBM_SCAR_MIXED_SIGNAL/generated_geometries/replicate_059_geometry.rds
nnPU/generated_geometries/replicate_060_geometry.rds,97085,f56c28663c29fce849c452494472d6c0,e9fd0b916d6733802dca8aef4dbf9d7e2b24ca0532eb0410030b641728e74cf1,SIMULATION_100_BAYESIAN_LINEAR_SCAR_REST.zip,SIMULATION_100_NNPU_LINEAR_GAUSSIAN_SBM_SCAR_MIXED_SIGNAL/generated_geometries/replicate_060_geometry.rds
nnPU/generated_geometries/replicate_061_geometry.rds,90131,350391aaabae37b2815b9475db02e439,17c8cfd348dfb63d985730658526a59636b81ce4762de7b8c909cd59dd3fd6d4,SIMULATION_100_BAYESIAN_LINEAR_SCAR_REST.zip,SIMULATION_100_NNPU_LINEAR_GAUSSIAN_SBM_SCAR_MIXED_SIGNAL/generated_geometries/replicate_061_geometry.rds
nnPU/generated_geometries/replicate_062_geometry.rds,107181,54ec35d93117c3f4323151a5a248e11e,0b37d7428708539770ba97148bc4ae52cd4a6d6f9a86348830bfd6350e0c1aaf,SIMULATION_100_BAYESIAN_LINEAR_SCAR_REST.zip,SIMULATION_100_NNPU_LINEAR_GAUSSIAN_SBM_SCAR_MIXED_SIGNAL/generated_geometries/replicate_062_geometry.rds
nnPU/generated_geometries/replicate_063_geometry.rds,90099,3270a4bf2bcc89356d9b3b418d30ab4c,0a2b4e878f1264b661555fd0da35ce3229eec1ba7426bf6a07c7482fea54c2b2,SIMULATION_100_BAYESIAN_LINEAR_SCAR_REST.zip,SIMULATION_100_NNPU_LINEAR_GAUSSIAN_SBM_SCAR_MIXED_SIGNAL/generated_geometries/replicate_063_geometry.rds
nnPU/generated_geometries/replicate_064_geometry.rds,93578,800194f4c46f0a61ca31cd078432e03b,ac33d7fec8df5d2704be3a2ca6e4f421a9991eaaad4cfea891d987f3090bf5e4,SIMULATION_100_BAYESIAN_LINEAR_SCAR_REST.zip,SIMULATION_100_NNPU_LINEAR_GAUSSIAN_SBM_SCAR_MIXED_SIGNAL/generated_geometries/replicate_064_geometry.rds
nnPU/generated_geometries/replicate_065_geometry.rds,93704,aba3a724c57ac08a39d6a346cf838e8e,563390dd53b59880dcfeaddbb5abd923f781a94b8ee9f390a9bc700f22e2790b,SIMULATION_100_BAYESIAN_LINEAR_SCAR_REST.zip,SIMULATION_100_NNPU_LINEAR_GAUSSIAN_SBM_SCAR_MIXED_SIGNAL/generated_geometries/replicate_065_geometry.rds
nnPU/generated_geometries/replicate_066_geometry.rds,90005,c2ee0d37bb3745857f248a11b498418f,b6c646c9efbb899a54ac4bcc491fe1353f94a8f1fcd9a508bc0f0fda42d87d32,SIMULATION_100_BAYESIAN_LINEAR_SCAR_REST.zip,SIMULATION_100_NNPU_LINEAR_GAUSSIAN_SBM_SCAR_MIXED_SIGNAL/generated_geometries/replicate_066_geometry.rds
nnPU/generated_geometries/replicate_067_geometry.rds,90027,f40758febc3884315c7b1ceeb7a1611b,6727b8e00e2745eb8218639be80c1678fe136407d4df79fc59ccd67d66d5e358,SIMULATION_100_BAYESIAN_LINEAR_SCAR_REST.zip,SIMULATION_100_NNPU_LINEAR_GAUSSIAN_SBM_SCAR_MIXED_SIGNAL/generated_geometries/replicate_067_geometry.rds
nnPU/generated_geometries/replicate_068_geometry.rds,89994,a33a6a742a21e5ff66faf708bdac4d42,852afe49b800e6d3cba905ee97204f0907a24a7d1863706c1e75c0ab3ad143ac,SIMULATION_100_BAYESIAN_LINEAR_SCAR_REST.zip,SIMULATION_100_NNPU_LINEAR_GAUSSIAN_SBM_SCAR_MIXED_SIGNAL/generated_geometries/replicate_068_geometry.rds
nnPU/generated_geometries/replicate_069_geometry.rds,97340,6f5ad3359202e0b57db3bf19bd681d36,3e573398faab62479b270c379c8f997b154e8a85951a19958cf9f179e6f38b3d,SIMULATION_100_BAYESIAN_LINEAR_SCAR_REST.zip,SIMULATION_100_NNPU_LINEAR_GAUSSIAN_SBM_SCAR_MIXED_SIGNAL/generated_geometries/replicate_069_geometry.rds
nnPU/generated_geometries/replicate_070_geometry.rds,93646,259fb6a551d14d84602d77ebb74bbf8d,91b516789078a5a7544745b3b7325ef3235b6397746f397d6588f5f459e113ce,SIMULATION_100_BAYESIAN_LINEAR_SCAR_REST.zip,SIMULATION_100_NNPU_LINEAR_GAUSSIAN_SBM_SCAR_MIXED_SIGNAL/generated_geometries/replicate_070_geometry.rds
nnPU/generated_geometries/replicate_071_geometry.rds,89821,be72dad433a66d88bd4b7b3e075c0c70,47bcf0d678c95e7f88e4ddf075961f11e3840632f8c8162cb05329d153e5701d,SIMULATION_100_BAYESIAN_LINEAR_SCAR_REST.zip,SIMULATION_100_NNPU_LINEAR_GAUSSIAN_SBM_SCAR_MIXED_SIGNAL/generated_geometries/replicate_071_geometry.rds
nnPU/generated_geometries/replicate_072_geometry.rds,100211,f85820557b044e056e09837e5dc95b9e,23b5f1a875ada7bb167ef1834aaf5290483dec5ad461a142f0529a66b1296e30,SIMULATION_100_BAYESIAN_LINEAR_SCAR_REST.zip,SIMULATION_100_NNPU_LINEAR_GAUSSIAN_SBM_SCAR_MIXED_SIGNAL/generated_geometries/replicate_072_geometry.rds
nnPU/generated_geometries/replicate_073_geometry.rds,96870,62ce2ade122ae9cbdb51146bcdc1ed9c,845c412049fe0179d9374aedcb5c8cc5690a50c90086ed50fb95c5f7c6b1a574,SIMULATION_100_BAYESIAN_LINEAR_SCAR_REST.zip,SIMULATION_100_NNPU_LINEAR_GAUSSIAN_SBM_SCAR_MIXED_SIGNAL/generated_geometries/replicate_073_geometry.rds
nnPU/generated_geometries/replicate_074_geometry.rds,93549,49267df4dea59a3a97a62b11cfbeb914,b91d4f0de6cf03b9028a4a9798018be5337901b49f5f77bf4aee0eeb065c98a4,SIMULATION_100_BAYESIAN_LINEAR_SCAR_REST.zip,SIMULATION_100_NNPU_LINEAR_GAUSSIAN_SBM_SCAR_MIXED_SIGNAL/generated_geometries/replicate_074_geometry.rds
nnPU/generated_geometries/replicate_075_geometry.rds,90272,5062da682ce907fc580850dfc7320fc5,983b908650d048bfcfa77f9e6ca28c6ed75f7797b34ec159896270a36af6cb3f,SIMULATION_100_BAYESIAN_LINEAR_SCAR_REST.zip,SIMULATION_100_NNPU_LINEAR_GAUSSIAN_SBM_SCAR_MIXED_SIGNAL/generated_geometries/replicate_075_geometry.rds
nnPU/generated_geometries/replicate_076_geometry.rds,97173,1c8500c19ad3ec2d891c28ec61a22870,e64eddc9db561d06d57d66644ab0088281750e578516882a1ab94ef605624693,SIMULATION_100_BAYESIAN_LINEAR_SCAR_REST.zip,SIMULATION_100_NNPU_LINEAR_GAUSSIAN_SBM_SCAR_MIXED_SIGNAL/generated_geometries/replicate_076_geometry.rds
nnPU/generated_geometries/replicate_077_geometry.rds,90024,b789dd1e5917e05ab1b2b6294eef4c9f,8ea6e0469f51d1be8f9d0ea2e7077ddc489e42f62e4d18e7402cbaedd7bffaec,SIMULATION_100_BAYESIAN_LINEAR_SCAR_REST.zip,SIMULATION_100_NNPU_LINEAR_GAUSSIAN_SBM_SCAR_MIXED_SIGNAL/generated_geometries/replicate_077_geometry.rds
nnPU/generated_geometries/replicate_078_geometry.rds,89980,f6b6a08dc7cf135c16e32962f217c636,e59a1090d9eb0cbb7404bbdaaa7a57a6d9cc6364018fb14147a5bedff563fc6e,SIMULATION_100_BAYESIAN_LINEAR_SCAR_REST.zip,SIMULATION_100_NNPU_LINEAR_GAUSSIAN_SBM_SCAR_MIXED_SIGNAL/generated_geometries/replicate_078_geometry.rds
nnPU/generated_geometries/replicate_079_geometry.rds,93605,9468d5efa2e94cbffbfadcae3f11bf6f,15bc5ae31fc3fdc577dfd2bead249793ce5b78a85921e92d58611aade0734193,SIMULATION_100_BAYESIAN_LINEAR_SCAR_REST.zip,SIMULATION_100_NNPU_LINEAR_GAUSSIAN_SBM_SCAR_MIXED_SIGNAL/generated_geometries/replicate_079_geometry.rds
nnPU/generated_geometries/replicate_080_geometry.rds,100684,1e4eca4bdbac96accd4f2ca6e91d6e67,c208dc857601ee1ad2a707a3ac4ae6e9edd1674614975474127bffa5c66bd587,SIMULATION_100_BAYESIAN_LINEAR_SCAR_REST.zip,SIMULATION_100_NNPU_LINEAR_GAUSSIAN_SBM_SCAR_MIXED_SIGNAL/generated_geometries/replicate_080_geometry.rds
nnPU/generated_geometries/replicate_081_geometry.rds,89925,714f60b1f4822fcf586f73ef7aa8e454,0f5c9b591dcc11dd05fb6e1468f4502bd6af900c7fc3f6aaf929eae73094c7c4,SIMULATION_100_BAYESIAN_LINEAR_SCAR_REST.zip,SIMULATION_100_NNPU_LINEAR_GAUSSIAN_SBM_SCAR_MIXED_SIGNAL/generated_geometries/replicate_081_geometry.rds
nnPU/generated_geometries/replicate_082_geometry.rds,96943,8938ff5b2d7bab085761b29766789916,017dc4e03e0e2c027a500e88418980757347027aa73c2cc77a42eba2073d9948,SIMULATION_100_BAYESIAN_LINEAR_SCAR_REST.zip,SIMULATION_100_NNPU_LINEAR_GAUSSIAN_SBM_SCAR_MIXED_SIGNAL/generated_geometries/replicate_082_geometry.rds
nnPU/generated_geometries/replicate_083_geometry.rds,116547,cfc4bc1b221f7db48f4862a9e2a6aeb2,35e2ad7a566aacf19143202de615ff7a5e2840fb1abe97f48f5e249f17cb9ba6,SIMULATION_100_BAYESIAN_LINEAR_SCAR_REST.zip,SIMULATION_100_NNPU_LINEAR_GAUSSIAN_SBM_SCAR_MIXED_SIGNAL/generated_geometries/replicate_083_geometry.rds
nnPU/generated_geometries/replicate_084_geometry.rds,90199,218215ffdb88d784efd2942727a712d3,d0ca51d14d9a47cb57fe51eb607a714d9e4817ff7379a6829cc684e3df9c7822,SIMULATION_100_BAYESIAN_LINEAR_SCAR_REST.zip,SIMULATION_100_NNPU_LINEAR_GAUSSIAN_SBM_SCAR_MIXED_SIGNAL/generated_geometries/replicate_084_geometry.rds
nnPU/generated_geometries/replicate_085_geometry.rds,89721,97d6a2973811cc1101c7ae21b5db2bf3,a5dcab4b34bd7e47210b3677e1c58a8b3262428fecd6b0d00e1ca401742e716f,SIMULATION_100_BAYESIAN_LINEAR_SCAR_REST.zip,SIMULATION_100_NNPU_LINEAR_GAUSSIAN_SBM_SCAR_MIXED_SIGNAL/generated_geometries/replicate_085_geometry.rds
nnPU/generated_geometries/replicate_086_geometry.rds,90005,97f2a9a5489e4c800c1f848536986326,7c3b1317e068cdce8997fb49e1b36fa4ddcecb8c151b439d1ae4cd06b9443983,SIMULATION_100_BAYESIAN_LINEAR_SCAR_REST.zip,SIMULATION_100_NNPU_LINEAR_GAUSSIAN_SBM_SCAR_MIXED_SIGNAL/generated_geometries/replicate_086_geometry.rds
nnPU/generated_geometries/replicate_087_geometry.rds,93797,2da53370d1b394b5b27f75930fe6dccd,00cf8c5aa5a60f069b7c3436ecb9dea8ff33b68ef440ffc821a08acd033f237d,SIMULATION_100_BAYESIAN_LINEAR_SCAR_REST.zip,SIMULATION_100_NNPU_LINEAR_GAUSSIAN_SBM_SCAR_MIXED_SIGNAL/generated_geometries/replicate_087_geometry.rds
nnPU/generated_geometries/replicate_088_geometry.rds,89947,209f7ee2bb51e823d6c313819914ae2c,19807dd92e0447a7e3fd0aa2cc87733940a2ed2fc8d599c1b51af8876fc74c3a,SIMULATION_100_BAYESIAN_LINEAR_SCAR_REST.zip,SIMULATION_100_NNPU_LINEAR_GAUSSIAN_SBM_SCAR_MIXED_SIGNAL/generated_geometries/replicate_088_geometry.rds
nnPU/generated_geometries/replicate_089_geometry.rds,90170,3d59883c8ea9f2834c30466d203c12ee,3c6292d3150f3d5d878687335076e4c05d4598b8b9f97a6c0491301896b799cf,SIMULATION_100_BAYESIAN_LINEAR_SCAR_REST.zip,SIMULATION_100_NNPU_LINEAR_GAUSSIAN_SBM_SCAR_MIXED_SIGNAL/generated_geometries/replicate_089_geometry.rds
nnPU/generated_geometries/replicate_090_geometry.rds,138386,a688f2843da915839bea905705995f69,c1de4b1fc7d73cdc02a368e9f33789e1418919f2631fba238981226d413a0b97,SIMULATION_100_BAYESIAN_LINEAR_SCAR_REST.zip,SIMULATION_100_NNPU_LINEAR_GAUSSIAN_SBM_SCAR_MIXED_SIGNAL/generated_geometries/replicate_090_geometry.rds
nnPU/generated_geometries/replicate_091_geometry.rds,113315,223a6a95b32c1592c088792b90fe08ca,27d71da07d1864224803c5cd1294c452fe1c91487c252fb6e1864024a9644e65,SIMULATION_100_BAYESIAN_LINEAR_SCAR_REST.zip,SIMULATION_100_NNPU_LINEAR_GAUSSIAN_SBM_SCAR_MIXED_SIGNAL/generated_geometries/replicate_091_geometry.rds
nnPU/generated_geometries/replicate_092_geometry.rds,100276,366572c54a75cb0364164fd762e48e39,aa33f308db82a01f383d8e0bbdc6494bc78534158c0a9d1c5056c6c651378b4a,SIMULATION_100_BAYESIAN_LINEAR_SCAR_REST.zip,SIMULATION_100_NNPU_LINEAR_GAUSSIAN_SBM_SCAR_MIXED_SIGNAL/generated_geometries/replicate_092_geometry.rds
nnPU/generated_geometries/replicate_093_geometry.rds,89899,5000761cc156cfa4da34930c87272123,c6f3987a05c4a3acba3f55fd746c987eab798faded268786b23e746bce9dbee5,SIMULATION_100_BAYESIAN_LINEAR_SCAR_REST.zip,SIMULATION_100_NNPU_LINEAR_GAUSSIAN_SBM_SCAR_MIXED_SIGNAL/generated_geometries/replicate_093_geometry.rds
nnPU/generated_geometries/replicate_094_geometry.rds,100753,9c4ddf7d9cca9de9a99d0d9f4e8859c3,fdb346631f41cf2129df669c4298e8260727bd0ed32589769ad0977881a779c4,SIMULATION_100_BAYESIAN_LINEAR_SCAR_REST.zip,SIMULATION_100_NNPU_LINEAR_GAUSSIAN_SBM_SCAR_MIXED_SIGNAL/generated_geometries/replicate_094_geometry.rds
nnPU/generated_geometries/replicate_095_geometry.rds,93920,4eb6f8e31485bb232f536e132e62fc7d,a7835818fb57e47acf9cd0f8f03d8e3e2b49521fb0695c0aca94ac3d4eb8305d,SIMULATION_100_BAYESIAN_LINEAR_SCAR_REST.zip,SIMULATION_100_NNPU_LINEAR_GAUSSIAN_SBM_SCAR_MIXED_SIGNAL/generated_geometries/replicate_095_geometry.rds
nnPU/generated_geometries/replicate_096_geometry.rds,110519,bf5d7d72747fa5ec3f91977a12a3cad5,2101cf8a2210a357748985f215a82988b9a3f805d37de2a6ade4cd41cfc2e360,SIMULATION_100_BAYESIAN_LINEAR_SCAR_REST.zip,SIMULATION_100_NNPU_LINEAR_GAUSSIAN_SBM_SCAR_MIXED_SIGNAL/generated_geometries/replicate_096_geometry.rds
nnPU/generated_geometries/replicate_097_geometry.rds,89801,3946bdc148a75d384629b5f98959e0ef,29fee4a0e543eaa955c1a0004f8090f2eb2db3810ef91dd6a8ee99acad9300a9,SIMULATION_100_BAYESIAN_LINEAR_SCAR_REST.zip,SIMULATION_100_NNPU_LINEAR_GAUSSIAN_SBM_SCAR_MIXED_SIGNAL/generated_geometries/replicate_097_geometry.rds
nnPU/generated_geometries/replicate_098_geometry.rds,120001,61709517d736b38eb4d278e28581e935,45a0bb2aa37ad9e96fa3af6ff54a15b2306a9c2901ad87efeba8b301d8c853b9,SIMULATION_100_BAYESIAN_LINEAR_SCAR_REST.zip,SIMULATION_100_NNPU_LINEAR_GAUSSIAN_SBM_SCAR_MIXED_SIGNAL/generated_geometries/replicate_098_geometry.rds
nnPU/generated_geometries/replicate_099_geometry.rds,89817,de3c30ee8c4971d61311f0f460232fa1,0265f03a1257b25620791165bf22a209e341d351c4e9fd98290054bc42e02b80,SIMULATION_100_BAYESIAN_LINEAR_SCAR_REST.zip,SIMULATION_100_NNPU_LINEAR_GAUSSIAN_SBM_SCAR_MIXED_SIGNAL/generated_geometries/replicate_099_geometry.rds
nnPU/generated_geometries/replicate_100_geometry.rds,89758,190faddb5ae3d0fb36904fec973fa464,a556c7f2ac8507bfd7244b3dfa461ee73d6dafc6194b1991fdf16e53a6bb4b37,SIMULATION_100_BAYESIAN_LINEAR_SCAR_REST.zip,SIMULATION_100_NNPU_LINEAR_GAUSSIAN_SBM_SCAR_MIXED_SIGNAL/generated_geometries/replicate_100_geometry.rds
nnPU/nnpu_FINAL_MAIN_TABLE_means.csv,859,59921d02f4ce5e35179adb8a9a3e5723,1cc82c36d772318cd16020e066a27c5f20474a5cac5d600a8eeba44d1eab9a2a,SIMULATION_100_BAYESIAN_LINEAR_SCAR_REST.zip,SIMULATION_100_NNPU_LINEAR_GAUSSIAN_SBM_SCAR_MIXED_SIGNAL/nnpu_FINAL_MAIN_TABLE_means.csv
nnPU/nnpu_FINAL_PAPER_TABLE_mean_SD.csv,672,78e0eb42f09c4227d5e9fde27fbf1192,0c9672de901018799b563618f66a6f4d2cf8722982f67cb1438eadf8f77525e8,SIMULATION_100_BAYESIAN_LINEAR_SCAR_REST.zip,SIMULATION_100_NNPU_LINEAR_GAUSSIAN_SBM_SCAR_MIXED_SIGNAL/nnpu_FINAL_PAPER_TABLE_mean_SD.csv
nnPU/nnpu_all_node_probabilities.csv,23908465,6b769876ec2168a66f60482982da6ff9,697aa894c9d1c4001d1a68ca3b5ee5031c135dee48812b6391eee034f43ffad2,SIMULATION_100_BAYESIAN_LINEAR_SCAR_REST.zip,SIMULATION_100_NNPU_LINEAR_GAUSSIAN_SBM_SCAR_MIXED_SIGNAL/nnpu_all_node_probabilities.csv
nnPU/nnpu_failure_log.csv,75,f9cea9f131ac5aca5bea2d251c006216,0629a6b5e1064a308a3a7043337e5621fdc3c7c9fa295e2af7c9c464413f8f7a,SIMULATION_100_BAYESIAN_LINEAR_SCAR_REST.zip,SIMULATION_100_NNPU_LINEAR_GAUSSIAN_SBM_SCAR_MIXED_SIGNAL/nnpu_failure_log.csv
nnPU/nnpu_geometry_summary.csv,35601,cede915c24baeb3795d338ca919390c9,5157418c4abe5f34981be079054bc707686e3874e3a51bd01cb5c79ff4af6139,SIMULATION_100_BAYESIAN_LINEAR_SCAR_REST.zip,SIMULATION_100_NNPU_LINEAR_GAUSSIAN_SBM_SCAR_MIXED_SIGNAL/nnpu_geometry_summary.csv
nnPU/nnpu_linear_SCAR_seed_table.csv,4983,03f13bcc9188eaf699591e0ab01e9427,79b2cacf041d100456d1dfe7a9eb6dea595a3d6a6f709830ec6eacf901fc01c8,SIMULATION_100_BAYESIAN_LINEAR_SCAR_REST.zip,SIMULATION_100_NNPU_LINEAR_GAUSSIAN_SBM_SCAR_MIXED_SIGNAL/nnpu_linear_SCAR_seed_table.csv
nnPU/nnpu_metric_summary_long.csv,6258,79e7191752ab9e3fdfe5891f96447dd4,f9afc929b80df68c6b0027ce7e9749473501daf5a44358cbfed8a8eaf2db10cc,SIMULATION_100_BAYESIAN_LINEAR_SCAR_REST.zip,SIMULATION_100_NNPU_LINEAR_GAUSSIAN_SBM_SCAR_MIXED_SIGNAL/nnpu_metric_summary_long.csv
nnPU/nnpu_metrics_by_replicate.csv,77072,4f3677a9036b5abadca6c8071fa78627,39dffe51499c6e0526a3ab0ecd3105f1c43456dbb10130acd29bdb0a3874ff24,SIMULATION_100_BAYESIAN_LINEAR_SCAR_REST.zip,SIMULATION_100_NNPU_LINEAR_GAUSSIAN_SBM_SCAR_MIXED_SIGNAL/nnpu_metrics_by_replicate.csv
nnPU/nnpu_modularity_summary.csv,15941,1e52dccd7a2cbaa11465acf71d65409e,c292b20b9a6817bf1c392f69a01b080b51676404ac58d788aba3ebc84c1d637a,SIMULATION_100_BAYESIAN_LINEAR_SCAR_REST.zip,SIMULATION_100_NNPU_LINEAR_GAUSSIAN_SBM_SCAR_MIXED_SIGNAL/nnpu_modularity_summary.csv
nnPU/nnpu_simulation_run_config.rds,3923,6bfd6f708d972508c86905470c406e72,2f6c5fc3cd7112854db29e91220cc488a32ba016c962b93922497335d00d42ce,SIMULATION_100_BAYESIAN_LINEAR_SCAR_REST.zip,SIMULATION_100_NNPU_LINEAR_GAUSSIAN_SBM_SCAR_MIXED_SIGNAL/nnpu_simulation_run_config.rds
nnPU/nnpu_training_diagnostics.csv,89580,c12807d5f0f1b7d16c8ff2a93d2da5c6,516528146a4f070a86ddfedf8e0e213adeffa030f0fb531294e182c79b19dd5a,SIMULATION_100_BAYESIAN_LINEAR_SCAR_REST.zip,SIMULATION_100_NNPU_LINEAR_GAUSSIAN_SBM_SCAR_MIXED_SIGNAL/nnpu_training_diagnostics.csv
nnPU/replicate_checkpoints/replicate_001.rds,592092,15837766951fa061cc39421489bb9751,32f3b33cf8af01616498dde8cef105968827bb32be68961085eb3d06dd8cbc6c,SIMULATION_100_BAYESIAN_LINEAR_SCAR_REST.zip,SIMULATION_100_NNPU_LINEAR_GAUSSIAN_SBM_SCAR_MIXED_SIGNAL/replicate_checkpoints/replicate_001.rds
nnPU/replicate_checkpoints/replicate_002.rds,598698,577a230b5524e3e08a0d0db7ee7e8f52,82863e1e71a875e2b6758a3d19d11ad7af33615f0c2e7722019649c85b2fa9bd,SIMULATION_100_BAYESIAN_LINEAR_SCAR_REST.zip,SIMULATION_100_NNPU_LINEAR_GAUSSIAN_SBM_SCAR_MIXED_SIGNAL/replicate_checkpoints/replicate_002.rds
nnPU/replicate_checkpoints/replicate_003.rds,595279,749289bd63b0e55dca69b92c48862f44,c113ab28a453dc552cd4edc6f0fa35855d8e9002eebefdecd1fa1ccbd541939c,SIMULATION_100_BAYESIAN_LINEAR_SCAR_REST.zip,SIMULATION_100_NNPU_LINEAR_GAUSSIAN_SBM_SCAR_MIXED_SIGNAL/replicate_checkpoints/replicate_003.rds
nnPU/replicate_checkpoints/replicate_004.rds,604744,eda5031863e40d9dcdc77179e4965eed,13de0a1c8f65754a2244e4114f77bb2b6d323936aae91aefa110ebf87b0d52ec,SIMULATION_100_BAYESIAN_LINEAR_SCAR_REST.zip,SIMULATION_100_NNPU_LINEAR_GAUSSIAN_SBM_SCAR_MIXED_SIGNAL/replicate_checkpoints/replicate_004.rds
nnPU/replicate_checkpoints/replicate_005.rds,604328,51e8af2696b9b6a171633168ecec85be,d82a3339de0e21ca943167541d18ba95c5b0d6ac18e013e20944899af7ac70bc,SIMULATION_100_BAYESIAN_LINEAR_SCAR_REST.zip,SIMULATION_100_NNPU_LINEAR_GAUSSIAN_SBM_SCAR_MIXED_SIGNAL/replicate_checkpoints/replicate_005.rds
nnPU/replicate_checkpoints/replicate_006.rds,596398,e33e506a3ccdf985a739b3539ee26bf3,ef04b1de8adb4b32b561287b96048dff0a15b4f5f5a7002b905373846473b0a9,SIMULATION_100_BAYESIAN_LINEAR_SCAR_REST.zip,SIMULATION_100_NNPU_LINEAR_GAUSSIAN_SBM_SCAR_MIXED_SIGNAL/replicate_checkpoints/replicate_006.rds
nnPU/replicate_checkpoints/replicate_007.rds,598712,4d8ce540bf21812b0c22742d9e1261b6,156e8a6120778e193ecd8721329460502bd59c895d2051685b40701adf628197,SIMULATION_100_BAYESIAN_LINEAR_SCAR_REST.zip,SIMULATION_100_NNPU_LINEAR_GAUSSIAN_SBM_SCAR_MIXED_SIGNAL/replicate_checkpoints/replicate_007.rds
nnPU/replicate_checkpoints/replicate_008.rds,597879,d4c2f1ff9bbc7ccb4d258e1a7153669e,b3e41c9ef6b98e60426c5c0493712c2af51f993f7951d22eec232bfe53098c29,SIMULATION_100_BAYESIAN_LINEAR_SCAR_REST.zip,SIMULATION_100_NNPU_LINEAR_GAUSSIAN_SBM_SCAR_MIXED_SIGNAL/replicate_checkpoints/replicate_008.rds
nnPU/replicate_checkpoints/replicate_009.rds,590974,de48aa3c7acb77520e854029c5e36696,044846f367af791947774f82dbc44066bf46c424defec432e30ad0f26b456f25,SIMULATION_100_BAYESIAN_LINEAR_SCAR_REST.zip,SIMULATION_100_NNPU_LINEAR_GAUSSIAN_SBM_SCAR_MIXED_SIGNAL/replicate_checkpoints/replicate_009.rds
nnPU/replicate_checkpoints/replicate_010.rds,596165,1ea17181224789bf5a2e8a21afcff8ec,823fa028addc620b7543ee6965f081f15e362f61c9547281497f4fdb6a6a4e54,SIMULATION_100_BAYESIAN_LINEAR_SCAR_REST.zip,SIMULATION_100_NNPU_LINEAR_GAUSSIAN_SBM_SCAR_MIXED_SIGNAL/replicate_checkpoints/replicate_010.rds
nnPU/replicate_checkpoints/replicate_011.rds,603152,4fab9432d50a753861d41ce18d35d685,f1433e0733b6d22dbdac123cb9ebba43b88e6e378ae0c054c97606396e650837,SIMULATION_100_BAYESIAN_LINEAR_SCAR_REST.zip,SIMULATION_100_NNPU_LINEAR_GAUSSIAN_SBM_SCAR_MIXED_SIGNAL/replicate_checkpoints/replicate_011.rds
nnPU/replicate_checkpoints/replicate_012.rds,595738,cd83072c92c0991e39df8c47a347b6fb,2d15cc4ac4b4c405df7a1b579f464a659f8052d59976e8f77272f2d192dc9f36,SIMULATION_100_BAYESIAN_LINEAR_SCAR_REST.zip,SIMULATION_100_NNPU_LINEAR_GAUSSIAN_SBM_SCAR_MIXED_SIGNAL/replicate_checkpoints/replicate_012.rds
nnPU/replicate_checkpoints/replicate_013.rds,594646,5bf3bf15f4d75f84d7f3e04c3c539898,c1151770a5003ccd28ce6d273cc73ba63e49d745b55be5485292986baf829875,SIMULATION_100_BAYESIAN_LINEAR_SCAR_REST.zip,SIMULATION_100_NNPU_LINEAR_GAUSSIAN_SBM_SCAR_MIXED_SIGNAL/replicate_checkpoints/replicate_013.rds
nnPU/replicate_checkpoints/replicate_014.rds,600276,e0be75f9628dcfa18b029aeba1335308,105e65e06ae523335b415b8839e3de8af1c0370458801010dc112fc61b1d0cd8,SIMULATION_100_BAYESIAN_LINEAR_SCAR_REST.zip,SIMULATION_100_NNPU_LINEAR_GAUSSIAN_SBM_SCAR_MIXED_SIGNAL/replicate_checkpoints/replicate_014.rds
nnPU/replicate_checkpoints/replicate_015.rds,603945,28e1830a7d91f686f162fd6a2f48594e,cd2f3f8f501d5b477e3808a608d81e9adc797c074ab5d0874ac3601a5ed8e2d5,SIMULATION_100_BAYESIAN_LINEAR_SCAR_REST.zip,SIMULATION_100_NNPU_LINEAR_GAUSSIAN_SBM_SCAR_MIXED_SIGNAL/replicate_checkpoints/replicate_015.rds
nnPU/replicate_checkpoints/replicate_016.rds,594363,472163bf744b1fa3ce1d88b1111f6d11,e48b1e2821d6f131f2810d3e651bdf37e0544c6dff4784ef601950682a62d288,SIMULATION_100_BAYESIAN_LINEAR_SCAR_REST.zip,SIMULATION_100_NNPU_LINEAR_GAUSSIAN_SBM_SCAR_MIXED_SIGNAL/replicate_checkpoints/replicate_016.rds
nnPU/replicate_checkpoints/replicate_017.rds,596374,f2973c9a4d8fa871cc71372452f65624,54960f29d325e6c41ebafe33710dcabb4da3d2e060a4687ac4fbd10027d6e534,SIMULATION_100_BAYESIAN_LINEAR_SCAR_REST.zip,SIMULATION_100_NNPU_LINEAR_GAUSSIAN_SBM_SCAR_MIXED_SIGNAL/replicate_checkpoints/replicate_017.rds
nnPU/replicate_checkpoints/replicate_018.rds,597018,bba0c817696e97153ae435115ae501f4,0ded431adeccbe66b89aefb851c41bf4594173f74847282838b48cc154463704,SIMULATION_100_BAYESIAN_LINEAR_SCAR_REST.zip,SIMULATION_100_NNPU_LINEAR_GAUSSIAN_SBM_SCAR_MIXED_SIGNAL/replicate_checkpoints/replicate_018.rds
nnPU/replicate_checkpoints/replicate_019.rds,596989,393c1fe0435f3411581e0f08cda70c70,9241ce9fdcae082806026ec6d86f80a4eb4d752996ee12c5deb3d4e6caa742f0,SIMULATION_100_BAYESIAN_LINEAR_SCAR_REST.zip,SIMULATION_100_NNPU_LINEAR_GAUSSIAN_SBM_SCAR_MIXED_SIGNAL/replicate_checkpoints/replicate_019.rds
nnPU/replicate_checkpoints/replicate_020.rds,601408,67da11dd233f77f8750393336df87ce4,c27958d5d39745a6b431b263e95d203e8a53fb3ff70135493bcee594d53fdc5c,SIMULATION_100_BAYESIAN_LINEAR_SCAR_REST.zip,SIMULATION_100_NNPU_LINEAR_GAUSSIAN_SBM_SCAR_MIXED_SIGNAL/replicate_checkpoints/replicate_020.rds
nnPU/replicate_checkpoints/replicate_021.rds,600099,fd9a684ec797b189b62694df3e54ee48,62657b5501fd005a6c06eea0b48c7541f0eab710421f05bdfc1ae69e0af9f1a7,SIMULATION_100_BAYESIAN_LINEAR_SCAR_REST.zip,SIMULATION_100_NNPU_LINEAR_GAUSSIAN_SBM_SCAR_MIXED_SIGNAL/replicate_checkpoints/replicate_021.rds
nnPU/replicate_checkpoints/replicate_022.rds,597617,106057b5cec336a6988399521a89f988,fb4d66c8b5182adb1ff3c917e9251eb64f531c608e848c5d6d8020ce058e1553,SIMULATION_100_BAYESIAN_LINEAR_SCAR_REST.zip,SIMULATION_100_NNPU_LINEAR_GAUSSIAN_SBM_SCAR_MIXED_SIGNAL/replicate_checkpoints/replicate_022.rds
nnPU/replicate_checkpoints/replicate_023.rds,600375,d2bd33d2109e4c6eaf4a241cf503fa0b,9c4cf08fdc31c56c9bc33577eb076571e209f86a8b16f64ad3b61fdda4bfc3f8,SIMULATION_100_BAYESIAN_LINEAR_SCAR_REST.zip,SIMULATION_100_NNPU_LINEAR_GAUSSIAN_SBM_SCAR_MIXED_SIGNAL/replicate_checkpoints/replicate_023.rds
nnPU/replicate_checkpoints/replicate_024.rds,588515,b25bd495d2ad35ea64e610b20e6a8e08,67870a35ab22fda4868bd321ca52564f2d7005c477c13eb775b5680d9566d418,SIMULATION_100_BAYESIAN_LINEAR_SCAR_REST.zip,SIMULATION_100_NNPU_LINEAR_GAUSSIAN_SBM_SCAR_MIXED_SIGNAL/replicate_checkpoints/replicate_024.rds
nnPU/replicate_checkpoints/replicate_025.rds,591282,09303bb7f5a9ee16c9c320c1603e409c,c82bba48fe2edec44cd28f30516a857757c10cbabff61a15efc81c5add570614,SIMULATION_100_BAYESIAN_LINEAR_SCAR_REST.zip,SIMULATION_100_NNPU_LINEAR_GAUSSIAN_SBM_SCAR_MIXED_SIGNAL/replicate_checkpoints/replicate_025.rds
nnPU/replicate_checkpoints/replicate_026.rds,590765,e1a0329417753c938cdde1898e64f19e,ba5317dabd3fd0f36f05e00a6d567723f9cf8243797fde26cf6d477cb6ec9a63,SIMULATION_100_BAYESIAN_LINEAR_SCAR_REST.zip,SIMULATION_100_NNPU_LINEAR_GAUSSIAN_SBM_SCAR_MIXED_SIGNAL/replicate_checkpoints/replicate_026.rds
nnPU/replicate_checkpoints/replicate_027.rds,593688,94b98d0463a695aaac121e1b5ae3ec80,c873ee0dc9e86cf40bd3ffc2f10b890c47f570f369be8def2cf93afa13dd44e8,SIMULATION_100_BAYESIAN_LINEAR_SCAR_REST.zip,SIMULATION_100_NNPU_LINEAR_GAUSSIAN_SBM_SCAR_MIXED_SIGNAL/replicate_checkpoints/replicate_027.rds
nnPU/replicate_checkpoints/replicate_028.rds,599077,84736c3073ff8cf5a5006d6d820b2208,800bac938f3c5720bb5f0eee9fa0ee436ff4d63be9750a9dadf49c0bf931217a,SIMULATION_100_BAYESIAN_LINEAR_SCAR_REST.zip,SIMULATION_100_NNPU_LINEAR_GAUSSIAN_SBM_SCAR_MIXED_SIGNAL/replicate_checkpoints/replicate_028.rds
nnPU/replicate_checkpoints/replicate_029.rds,600854,56ec5b406e0d80fe38afc1e6fcb79b5e,ef209fb4067f5585a9d84d62a62735cfd3103763b16fc1bea2111d2d80bc3ab3,SIMULATION_100_BAYESIAN_LINEAR_SCAR_REST.zip,SIMULATION_100_NNPU_LINEAR_GAUSSIAN_SBM_SCAR_MIXED_SIGNAL/replicate_checkpoints/replicate_029.rds
nnPU/replicate_checkpoints/replicate_030.rds,600961,00de04e54c8154ac65e88dd58145c059,7261c503777aca629e6b07c8e8cbd40ce735e2c64e29f2ec9c2f240717b09f43,SIMULATION_100_BAYESIAN_LINEAR_SCAR_REST.zip,SIMULATION_100_NNPU_LINEAR_GAUSSIAN_SBM_SCAR_MIXED_SIGNAL/replicate_checkpoints/replicate_030.rds
nnPU/replicate_checkpoints/replicate_031.rds,592080,0107bfaf227a5127d670a88f3bc6fe74,2cb5082821d1fef04b5ec55eefca8e2c09518d67d04807738c656baf46efd243,SIMULATION_100_BAYESIAN_LINEAR_SCAR_REST.zip,SIMULATION_100_NNPU_LINEAR_GAUSSIAN_SBM_SCAR_MIXED_SIGNAL/replicate_checkpoints/replicate_031.rds
nnPU/replicate_checkpoints/replicate_032.rds,603503,99ba646ae44304978bfc58d55bb10f10,2d1dbd87c0a8d77b3f464fa4b8eac82c48e4e7becf2ae085e4a2d215106757b6,SIMULATION_100_BAYESIAN_LINEAR_SCAR_REST.zip,SIMULATION_100_NNPU_LINEAR_GAUSSIAN_SBM_SCAR_MIXED_SIGNAL/replicate_checkpoints/replicate_032.rds
nnPU/replicate_checkpoints/replicate_033.rds,601846,8f9d0a1bdda2d67834817156d2d73ec7,d3759436d1cb68b3c20f02db00addffd2211e78dcad84f20aeb7a8da760d33d5,SIMULATION_100_BAYESIAN_LINEAR_SCAR_REST.zip,SIMULATION_100_NNPU_LINEAR_GAUSSIAN_SBM_SCAR_MIXED_SIGNAL/replicate_checkpoints/replicate_033.rds
nnPU/replicate_checkpoints/replicate_034.rds,582988,e0a6baa48419a41467d57ae0f39f92f1,d82018cf0faf314f9c52e26fff35969640652b9a000850f689d9a318f4a09ed5,SIMULATION_100_BAYESIAN_LINEAR_SCAR_REST.zip,SIMULATION_100_NNPU_LINEAR_GAUSSIAN_SBM_SCAR_MIXED_SIGNAL/replicate_checkpoints/replicate_034.rds
nnPU/replicate_checkpoints/replicate_035.rds,592728,cf02f3e10ed5498bb1508c3a6b2d1efa,1180adc8d4dace3660597deb4ca47800d90a5477fec2de17d81a912f21d40408,SIMULATION_100_BAYESIAN_LINEAR_SCAR_REST.zip,SIMULATION_100_NNPU_LINEAR_GAUSSIAN_SBM_SCAR_MIXED_SIGNAL/replicate_checkpoints/replicate_035.rds
nnPU/replicate_checkpoints/replicate_036.rds,599869,0408b8db32b022400b318d40bb26a08e,c0657dbe6e638848fa3aac1de328899e8001781e5320f30057347e861830a69a,SIMULATION_100_BAYESIAN_LINEAR_SCAR_REST.zip,SIMULATION_100_NNPU_LINEAR_GAUSSIAN_SBM_SCAR_MIXED_SIGNAL/replicate_checkpoints/replicate_036.rds
nnPU/replicate_checkpoints/replicate_037.rds,597362,c0dc5083ba04d9a69116b91592d0e2ed,baa09726004baba9357ab18be4cb549e3f8df3712903ede747043d7c3c541b15,SIMULATION_100_BAYESIAN_LINEAR_SCAR_REST.zip,SIMULATION_100_NNPU_LINEAR_GAUSSIAN_SBM_SCAR_MIXED_SIGNAL/replicate_checkpoints/replicate_037.rds
nnPU/replicate_checkpoints/replicate_038.rds,592488,1f884b05631014e510f05c2a5ef2daf3,3cc571be71f3136eac4d5ddd393bdf2859c7e22b13d94ab08dc502d5a4111d2a,SIMULATION_100_BAYESIAN_LINEAR_SCAR_REST.zip,SIMULATION_100_NNPU_LINEAR_GAUSSIAN_SBM_SCAR_MIXED_SIGNAL/replicate_checkpoints/replicate_038.rds
nnPU/replicate_checkpoints/replicate_039.rds,593392,dce9dd49bd3226d447dda4ae42d46c59,679f86539ae70828d81e61e4ededebb72abaa46814b6a03a7cefbc5a5953c5f5,SIMULATION_100_BAYESIAN_LINEAR_SCAR_REST.zip,SIMULATION_100_NNPU_LINEAR_GAUSSIAN_SBM_SCAR_MIXED_SIGNAL/replicate_checkpoints/replicate_039.rds
nnPU/replicate_checkpoints/replicate_040.rds,586690,a5287eae2481992469ea529ad9e4c5fd,917a5d88c3987c2191910d384d5de13098b0b8adf32636630d91511505846938,SIMULATION_100_BAYESIAN_LINEAR_SCAR_REST.zip,SIMULATION_100_NNPU_LINEAR_GAUSSIAN_SBM_SCAR_MIXED_SIGNAL/replicate_checkpoints/replicate_040.rds
nnPU/replicate_checkpoints/replicate_041.rds,599561,5e4d6326b63a52316a79be5425484c9b,6651999372f032ef9b559f81f89f33946ea29fa22f449d5214751f592776115b,SIMULATION_100_BAYESIAN_LINEAR_SCAR_REST.zip,SIMULATION_100_NNPU_LINEAR_GAUSSIAN_SBM_SCAR_MIXED_SIGNAL/replicate_checkpoints/replicate_041.rds
nnPU/replicate_checkpoints/replicate_042.rds,594683,f1e3be3be227ea2bc4bc1d21d1dfa659,49190ebd493c4188bb7c11d4e4645d6c8f12a75afdb946d6abb0d53960c39433,SIMULATION_100_BAYESIAN_LINEAR_SCAR_REST.zip,SIMULATION_100_NNPU_LINEAR_GAUSSIAN_SBM_SCAR_MIXED_SIGNAL/replicate_checkpoints/replicate_042.rds
nnPU/replicate_checkpoints/replicate_043.rds,594450,43c96d451b80c3a719cdfe299921a0dd,70c45b7007eb06f24db572ced41dc624dcc456b3669d922cca19d4e5e8f8a525,SIMULATION_100_BAYESIAN_LINEAR_SCAR_REST.zip,SIMULATION_100_NNPU_LINEAR_GAUSSIAN_SBM_SCAR_MIXED_SIGNAL/replicate_checkpoints/replicate_043.rds
nnPU/replicate_checkpoints/replicate_044.rds,594709,da633ab645c2f4fde64a0684630b1ae9,e6662aff46def0e12c34b00a45a9796f4e4d478ea09d2d513f8570ab7e4939f3,SIMULATION_100_BAYESIAN_LINEAR_SCAR_REST.zip,SIMULATION_100_NNPU_LINEAR_GAUSSIAN_SBM_SCAR_MIXED_SIGNAL/replicate_checkpoints/replicate_044.rds
nnPU/replicate_checkpoints/replicate_045.rds,597938,6cc23500d6b8301902d9ff3087ea7dab,c09b7f1637068d64fc522106afe765edc91c716c1cb400e4e365523749860180,SIMULATION_100_BAYESIAN_LINEAR_SCAR_REST.zip,SIMULATION_100_NNPU_LINEAR_GAUSSIAN_SBM_SCAR_MIXED_SIGNAL/replicate_checkpoints/replicate_045.rds
nnPU/replicate_checkpoints/replicate_046.rds,602129,ff018ad98d9dbe39cf87173be1cac759,c413289d37f243c641b7af25c94d3bda25d3459794467f81d61671b14a99e16f,SIMULATION_100_BAYESIAN_LINEAR_SCAR_REST.zip,SIMULATION_100_NNPU_LINEAR_GAUSSIAN_SBM_SCAR_MIXED_SIGNAL/replicate_checkpoints/replicate_046.rds
nnPU/replicate_checkpoints/replicate_047.rds,595827,4640b1c3a7d509af4a50a0744f9c76ef,6cbb13145265a9b32fc218d282aa3c53afa6c173f6a8def6fe3027bf1f859304,SIMULATION_100_BAYESIAN_LINEAR_SCAR_REST.zip,SIMULATION_100_NNPU_LINEAR_GAUSSIAN_SBM_SCAR_MIXED_SIGNAL/replicate_checkpoints/replicate_047.rds
nnPU/replicate_checkpoints/replicate_048.rds,596766,827c74a37d486a0500161c78c0c3ab76,b422fcd04ba9a16f3e909dfe6be25e14fe0d4d3c7ac349f5292ef9968f2b53a0,SIMULATION_100_BAYESIAN_LINEAR_SCAR_REST.zip,SIMULATION_100_NNPU_LINEAR_GAUSSIAN_SBM_SCAR_MIXED_SIGNAL/replicate_checkpoints/replicate_048.rds
nnPU/replicate_checkpoints/replicate_049.rds,601036,d287c85139d03d6868dccabced122dbc,2f664f1ecfd8a3f868d236381110ee52fa94d8134e010233f6bafdb37e2e8d1c,SIMULATION_100_BAYESIAN_LINEAR_SCAR_REST.zip,SIMULATION_100_NNPU_LINEAR_GAUSSIAN_SBM_SCAR_MIXED_SIGNAL/replicate_checkpoints/replicate_049.rds
nnPU/replicate_checkpoints/replicate_050.rds,590925,700c7b614e0c2090c0e5d70406e05de3,857fabe2067bfdafbbbf835fc982750b09a0c7c4bd915a3b3c96a7d5567285b3,SIMULATION_100_BAYESIAN_LINEAR_SCAR_REST.zip,SIMULATION_100_NNPU_LINEAR_GAUSSIAN_SBM_SCAR_MIXED_SIGNAL/replicate_checkpoints/replicate_050.rds
nnPU/replicate_checkpoints/replicate_051.rds,593422,b90060b612174bd3ff769da3c258a121,1de33ca2d99058c12a0a5f3002a03fa1f0acf92266c8ed2186512f514b03cff3,SIMULATION_100_BAYESIAN_LINEAR_SCAR_REST.zip,SIMULATION_100_NNPU_LINEAR_GAUSSIAN_SBM_SCAR_MIXED_SIGNAL/replicate_checkpoints/replicate_051.rds
nnPU/replicate_checkpoints/replicate_052.rds,583729,ce0c672011017b7ddd4a758c3b513183,8c2d580f06e0a88fca944439e0cf7553db0e96daa833a4221697ef947ee76cc3,SIMULATION_100_BAYESIAN_LINEAR_SCAR_REST.zip,SIMULATION_100_NNPU_LINEAR_GAUSSIAN_SBM_SCAR_MIXED_SIGNAL/replicate_checkpoints/replicate_052.rds
nnPU/replicate_checkpoints/replicate_053.rds,588179,ffa646e783bfb632332da77faface360,a577aa27f059a44b3a4aa1267952d86b6903caed30155de5a20864b948ce5929,SIMULATION_100_BAYESIAN_LINEAR_SCAR_REST.zip,SIMULATION_100_NNPU_LINEAR_GAUSSIAN_SBM_SCAR_MIXED_SIGNAL/replicate_checkpoints/replicate_053.rds
nnPU/replicate_checkpoints/replicate_054.rds,597462,13290eab25abeed3bf3192bb4fe37305,f3dd5572b0632d36eb9459ba308c09ca4b406a71280ffdcb9dd396d9401b15b9,SIMULATION_100_BAYESIAN_LINEAR_SCAR_REST.zip,SIMULATION_100_NNPU_LINEAR_GAUSSIAN_SBM_SCAR_MIXED_SIGNAL/replicate_checkpoints/replicate_054.rds
nnPU/replicate_checkpoints/replicate_055.rds,597689,f5aaa4161d02b2ade90d645b5a0152ab,867d509f8bf26d7d30a191855805f83a9d9094d34ac82d9653a7ee6a2febcba2,SIMULATION_100_BAYESIAN_LINEAR_SCAR_REST.zip,SIMULATION_100_NNPU_LINEAR_GAUSSIAN_SBM_SCAR_MIXED_SIGNAL/replicate_checkpoints/replicate_055.rds
nnPU/replicate_checkpoints/replicate_056.rds,601039,a6d4ac3f51a2d6885bbe50f287fb548f,6b0867ab031b7f6bb7872f23e716050ab563c340cb065bc83d3bf7584643cc34,SIMULATION_100_BAYESIAN_LINEAR_SCAR_REST.zip,SIMULATION_100_NNPU_LINEAR_GAUSSIAN_SBM_SCAR_MIXED_SIGNAL/replicate_checkpoints/replicate_056.rds
nnPU/replicate_checkpoints/replicate_057.rds,590300,18f0254c1960935652c28258c4758c7b,5e479c15245b938f6a1266694c980ce53f4be86a0451aeaad6433d82f74d6254,SIMULATION_100_BAYESIAN_LINEAR_SCAR_REST.zip,SIMULATION_100_NNPU_LINEAR_GAUSSIAN_SBM_SCAR_MIXED_SIGNAL/replicate_checkpoints/replicate_057.rds
nnPU/replicate_checkpoints/replicate_058.rds,600737,45925e542099879d9b4aa43b07bef65f,345d0f2e1ee95dd84629c219c2d2cbbc299957c1e45cff39f98b50481a1768f6,SIMULATION_100_BAYESIAN_LINEAR_SCAR_REST.zip,SIMULATION_100_NNPU_LINEAR_GAUSSIAN_SBM_SCAR_MIXED_SIGNAL/replicate_checkpoints/replicate_058.rds
nnPU/replicate_checkpoints/replicate_059.rds,603105,2e79d54f9731f2f8c311c13d29ce3896,56a0a96088fd406d19d7161b4bf2dd42751aae3df2d41ca32a86a638013879c4,SIMULATION_100_BAYESIAN_LINEAR_SCAR_REST.zip,SIMULATION_100_NNPU_LINEAR_GAUSSIAN_SBM_SCAR_MIXED_SIGNAL/replicate_checkpoints/replicate_059.rds
nnPU/replicate_checkpoints/replicate_060.rds,584668,3c3d255d72a7b9f3ee57be86c1645911,632cd31142e069e820ec9226843377f92563069a26910c2bd15f1207bd64df74,SIMULATION_100_BAYESIAN_LINEAR_SCAR_REST.zip,SIMULATION_100_NNPU_LINEAR_GAUSSIAN_SBM_SCAR_MIXED_SIGNAL/replicate_checkpoints/replicate_060.rds
nnPU/replicate_checkpoints/replicate_061.rds,599522,6027ca7a5b37fee0762bb430fa778915,fdf0193f5ad81da28c858802991320f5f145bceb0c9d346170b81910f2e689f0,SIMULATION_100_BAYESIAN_LINEAR_SCAR_REST.zip,SIMULATION_100_NNPU_LINEAR_GAUSSIAN_SBM_SCAR_MIXED_SIGNAL/replicate_checkpoints/replicate_061.rds
nnPU/replicate_checkpoints/replicate_062.rds,602245,4080752df9f51a952bf45cd269ee4619,e756872347b9ce0feceef0cb96a7aa4ceb158ef6063a9aaf5f632aeb51ac22e6,SIMULATION_100_BAYESIAN_LINEAR_SCAR_REST.zip,SIMULATION_100_NNPU_LINEAR_GAUSSIAN_SBM_SCAR_MIXED_SIGNAL/replicate_checkpoints/replicate_062.rds
nnPU/replicate_checkpoints/replicate_063.rds,598226,e48748b048329d6dde01ebbb6448783e,89e92c450d1750d765c1e9eae3abc9fe4b11ce9e4fc7bd939dd8ff78b9d70ace,SIMULATION_100_BAYESIAN_LINEAR_SCAR_REST.zip,SIMULATION_100_NNPU_LINEAR_GAUSSIAN_SBM_SCAR_MIXED_SIGNAL/replicate_checkpoints/replicate_063.rds
nnPU/replicate_checkpoints/replicate_064.rds,597956,ad7aaa2525f2c2c4a07e3ff73d16b1d2,70a19d5d4c1464947b6d88dfb868ed75dab819bf81c46207c4712f3dc49c828c,SIMULATION_100_BAYESIAN_LINEAR_SCAR_REST.zip,SIMULATION_100_NNPU_LINEAR_GAUSSIAN_SBM_SCAR_MIXED_SIGNAL/replicate_checkpoints/replicate_064.rds
nnPU/replicate_checkpoints/replicate_065.rds,599287,53c8d5f7cf1df497f87d7051f8207181,1938b796a1d3859a3c190d25aa56c85dd8a430857452668948f16476b8840347,SIMULATION_100_BAYESIAN_LINEAR_SCAR_REST.zip,SIMULATION_100_NNPU_LINEAR_GAUSSIAN_SBM_SCAR_MIXED_SIGNAL/replicate_checkpoints/replicate_065.rds
nnPU/replicate_checkpoints/replicate_066.rds,596964,23c4a94e6f59f18e64ffb0f55017ef09,82b7bc7bb6a0a0d3fbe1d63c2e5b4320c88f9c2b257e96b987b3df69dfb7fca8,SIMULATION_100_BAYESIAN_LINEAR_SCAR_REST.zip,SIMULATION_100_NNPU_LINEAR_GAUSSIAN_SBM_SCAR_MIXED_SIGNAL/replicate_checkpoints/replicate_066.rds
nnPU/replicate_checkpoints/replicate_067.rds,594044,6feaf08fa3b87744058119762b52d434,1e53ce9074ef0335cb5e3022656423e9d06645d62703f5eaecb6538095829727,SIMULATION_100_BAYESIAN_LINEAR_SCAR_REST.zip,SIMULATION_100_NNPU_LINEAR_GAUSSIAN_SBM_SCAR_MIXED_SIGNAL/replicate_checkpoints/replicate_067.rds
nnPU/replicate_checkpoints/replicate_068.rds,592090,3a590d922cb642b6f87c0398eeaa4af6,393856fff0376c9041eb562a5f1183b36c146c1c6c5c47dce547beeac23859e5,SIMULATION_100_BAYESIAN_LINEAR_SCAR_REST.zip,SIMULATION_100_NNPU_LINEAR_GAUSSIAN_SBM_SCAR_MIXED_SIGNAL/replicate_checkpoints/replicate_068.rds
nnPU/replicate_checkpoints/replicate_069.rds,595182,7193718035aeb35aae77c14a8668e292,cd94ef680af4e73a2d54bf28d73b2f6743b4d0c80e9c76f1ba235d34f7f1002e,SIMULATION_100_BAYESIAN_LINEAR_SCAR_REST.zip,SIMULATION_100_NNPU_LINEAR_GAUSSIAN_SBM_SCAR_MIXED_SIGNAL/replicate_checkpoints/replicate_069.rds
nnPU/replicate_checkpoints/replicate_070.rds,584368,6b2fcfca891fa1744f6a5e1174195c79,5f0ae5956bb535ff2f34756adcc6d3c7333ac5cfc89b9099f53bbaced11e3c5a,SIMULATION_100_BAYESIAN_LINEAR_SCAR_REST.zip,SIMULATION_100_NNPU_LINEAR_GAUSSIAN_SBM_SCAR_MIXED_SIGNAL/replicate_checkpoints/replicate_070.rds
nnPU/replicate_checkpoints/replicate_071.rds,599721,b57ef35ac91b3d4bc21c5964ff6d9446,fe3bd84798f20ac3ae6aa758ad9681a7564a60f53924877beb11e4aa88d90625,SIMULATION_100_BAYESIAN_LINEAR_SCAR_REST.zip,SIMULATION_100_NNPU_LINEAR_GAUSSIAN_SBM_SCAR_MIXED_SIGNAL/replicate_checkpoints/replicate_071.rds
nnPU/replicate_checkpoints/replicate_072.rds,598207,7c5e799d3a813de49bc3aeebef404873,9f244ec07369e05200ddaba752f9f4be596c27e8575b7453774224c32cec14ac,SIMULATION_100_BAYESIAN_LINEAR_SCAR_REST.zip,SIMULATION_100_NNPU_LINEAR_GAUSSIAN_SBM_SCAR_MIXED_SIGNAL/replicate_checkpoints/replicate_072.rds
nnPU/replicate_checkpoints/replicate_073.rds,590170,fd0f9adf3cbc76d1083496df34734664,5fd950099a6acd1bbaf4d5fda48d01c704710e6bc1ff5a14bff9d2a7e8f80de7,SIMULATION_100_BAYESIAN_LINEAR_SCAR_REST.zip,SIMULATION_100_NNPU_LINEAR_GAUSSIAN_SBM_SCAR_MIXED_SIGNAL/replicate_checkpoints/replicate_073.rds
nnPU/replicate_checkpoints/replicate_074.rds,587608,5486bae896a28eeecea8990a82af6c32,9fda23c1191a10635b4efe0d154b5998b573de979d5a0307f54f3da592092cd8,SIMULATION_100_BAYESIAN_LINEAR_SCAR_REST.zip,SIMULATION_100_NNPU_LINEAR_GAUSSIAN_SBM_SCAR_MIXED_SIGNAL/replicate_checkpoints/replicate_074.rds
nnPU/replicate_checkpoints/replicate_075.rds,604067,959a96b420e4dba64df6a172e0adf1c7,21b597d204b61260b6615a2aa4c5fc585667d2b6265d29e0b41c8592b0b98adf,SIMULATION_100_BAYESIAN_LINEAR_SCAR_REST.zip,SIMULATION_100_NNPU_LINEAR_GAUSSIAN_SBM_SCAR_MIXED_SIGNAL/replicate_checkpoints/replicate_075.rds
nnPU/replicate_checkpoints/replicate_076.rds,599372,ae774ee69ee10fa92d033c28c40a5f00,947e4514028e3350a590608036db8416ee3963d7aca0062207b9d639cdd1b996,SIMULATION_100_BAYESIAN_LINEAR_SCAR_REST.zip,SIMULATION_100_NNPU_LINEAR_GAUSSIAN_SBM_SCAR_MIXED_SIGNAL/replicate_checkpoints/replicate_076.rds
nnPU/replicate_checkpoints/replicate_077.rds,601158,7d36cb4a6f57c6ea87b69abef854563a,96752a9c7251698f1251fc25d389a597aa092ef9f545da62396046713d889e46,SIMULATION_100_BAYESIAN_LINEAR_SCAR_REST.zip,SIMULATION_100_NNPU_LINEAR_GAUSSIAN_SBM_SCAR_MIXED_SIGNAL/replicate_checkpoints/replicate_077.rds
nnPU/replicate_checkpoints/replicate_078.rds,590186,df48980bd561ca0a0c1398e4aac01908,cafb22db76c5f24fdee02c358b56666323005c34839e659dcf686513bae2ed04,SIMULATION_100_BAYESIAN_LINEAR_SCAR_REST.zip,SIMULATION_100_NNPU_LINEAR_GAUSSIAN_SBM_SCAR_MIXED_SIGNAL/replicate_checkpoints/replicate_078.rds
nnPU/replicate_checkpoints/replicate_079.rds,596750,92678dca882cac4c4c0dbc859acfb1fe,7c782bd089aa971e2c3edabfbd037157142cd1da77a71a6d2e3fea95ec8216b2,SIMULATION_100_BAYESIAN_LINEAR_SCAR_REST.zip,SIMULATION_100_NNPU_LINEAR_GAUSSIAN_SBM_SCAR_MIXED_SIGNAL/replicate_checkpoints/replicate_079.rds
nnPU/replicate_checkpoints/replicate_080.rds,600423,c837daef903b42848e03fa5de0bbd064,a7ed2fee96469666ce9fbb65978f2efb075f45d90da70824eb092289dadf627c,SIMULATION_100_BAYESIAN_LINEAR_SCAR_REST.zip,SIMULATION_100_NNPU_LINEAR_GAUSSIAN_SBM_SCAR_MIXED_SIGNAL/replicate_checkpoints/replicate_080.rds
nnPU/replicate_checkpoints/replicate_081.rds,601775,97322763fff30f3f5ab631710b5add2f,0f15d428f92e53dd2d544e35b8bc201b47048a5e0c56c23123a4d2ba54732335,SIMULATION_100_BAYESIAN_LINEAR_SCAR_REST.zip,SIMULATION_100_NNPU_LINEAR_GAUSSIAN_SBM_SCAR_MIXED_SIGNAL/replicate_checkpoints/replicate_081.rds
nnPU/replicate_checkpoints/replicate_082.rds,596865,75337b48c6414dca51512657f1ddd053,e62e2af7af6259ea80902d133874e273632891a39dd4455b4e7ec451e3ce07cf,SIMULATION_100_BAYESIAN_LINEAR_SCAR_REST.zip,SIMULATION_100_NNPU_LINEAR_GAUSSIAN_SBM_SCAR_MIXED_SIGNAL/replicate_checkpoints/replicate_082.rds
nnPU/replicate_checkpoints/replicate_083.rds,601290,f543100c574b4c9e2f0ec8f5e9b323bc,3801b1687538158a7b4b45f8c23f9ce9e515c7f81bf4a83a4e188d9fc301bd9e,SIMULATION_100_BAYESIAN_LINEAR_SCAR_REST.zip,SIMULATION_100_NNPU_LINEAR_GAUSSIAN_SBM_SCAR_MIXED_SIGNAL/replicate_checkpoints/replicate_083.rds
nnPU/replicate_checkpoints/replicate_084.rds,598238,650120e12a3b37725886ce9bfb25874d,7d5922f571d48ba06ad5442b488bfc69c9fe728d3134c6cd6e6810ce35d4df38,SIMULATION_100_BAYESIAN_LINEAR_SCAR_REST.zip,SIMULATION_100_NNPU_LINEAR_GAUSSIAN_SBM_SCAR_MIXED_SIGNAL/replicate_checkpoints/replicate_084.rds
nnPU/replicate_checkpoints/replicate_085.rds,599136,69c6d41e68da3e6c35f8a59bd73fb445,2b513952a4ae37fe33aee8f5cc982889f5e8c8ce6d2dc2f7c193cb25d5f6e0bd,SIMULATION_100_BAYESIAN_LINEAR_SCAR_REST.zip,SIMULATION_100_NNPU_LINEAR_GAUSSIAN_SBM_SCAR_MIXED_SIGNAL/replicate_checkpoints/replicate_085.rds
nnPU/replicate_checkpoints/replicate_086.rds,590942,ae3d6918e2caabe4487742e07ea0e285,00f50e793b0af70a7e3194a63a3606fbee94bbeff6ce332e0cc8b43725a69aea,SIMULATION_100_BAYESIAN_LINEAR_SCAR_REST.zip,SIMULATION_100_NNPU_LINEAR_GAUSSIAN_SBM_SCAR_MIXED_SIGNAL/replicate_checkpoints/replicate_086.rds
nnPU/replicate_checkpoints/replicate_087.rds,599379,96a2531c0edd2b9e12e9d02f3e132843,4228e4795a38246928da5984d3da81cee65e04e4c24d6b8bf0d76453e08ce973,SIMULATION_100_BAYESIAN_LINEAR_SCAR_REST.zip,SIMULATION_100_NNPU_LINEAR_GAUSSIAN_SBM_SCAR_MIXED_SIGNAL/replicate_checkpoints/replicate_087.rds
nnPU/replicate_checkpoints/replicate_088.rds,597268,f426652cc62aa41ca5c5c149a79045c4,9ff0c6cbc33e4ee9976f9e0a9556054f7c7259bb9ebe7377d5e6c4614793e2c5,SIMULATION_100_BAYESIAN_LINEAR_SCAR_REST.zip,SIMULATION_100_NNPU_LINEAR_GAUSSIAN_SBM_SCAR_MIXED_SIGNAL/replicate_checkpoints/replicate_088.rds
nnPU/replicate_checkpoints/replicate_089.rds,596491,07303d69104ffddc509fb285bf4559c8,f8161158b9c2655f93ba990acebea49156398169b9e36ef9b0c7d0dbf89b7e4b,SIMULATION_100_BAYESIAN_LINEAR_SCAR_REST.zip,SIMULATION_100_NNPU_LINEAR_GAUSSIAN_SBM_SCAR_MIXED_SIGNAL/replicate_checkpoints/replicate_089.rds
nnPU/replicate_checkpoints/replicate_090.rds,601163,9962b6fe488233233e0bb61c87db90b7,d99b30191a0a0e4a4b6287d75a79bf2f2851b4743ca1b58e4c42f862ca2f067d,SIMULATION_100_BAYESIAN_LINEAR_SCAR_REST.zip,SIMULATION_100_NNPU_LINEAR_GAUSSIAN_SBM_SCAR_MIXED_SIGNAL/replicate_checkpoints/replicate_090.rds
nnPU/replicate_checkpoints/replicate_091.rds,600228,537a431fa4133b789af828354f3dd5bd,18d1fa8fbddeb9c707aa0b0c3f6eebd1b142bfddeef5af89b505adb62e40a07a,SIMULATION_100_BAYESIAN_LINEAR_SCAR_REST.zip,SIMULATION_100_NNPU_LINEAR_GAUSSIAN_SBM_SCAR_MIXED_SIGNAL/replicate_checkpoints/replicate_091.rds
nnPU/replicate_checkpoints/replicate_092.rds,598020,ab5d0c829990c1fe4c5ee33a9f1e2728,d7f9d7102b2220cf19a345c13ce606ed9212814e02d457d1465dc733c7ce9a3e,SIMULATION_100_BAYESIAN_LINEAR_SCAR_REST.zip,SIMULATION_100_NNPU_LINEAR_GAUSSIAN_SBM_SCAR_MIXED_SIGNAL/replicate_checkpoints/replicate_092.rds
nnPU/replicate_checkpoints/replicate_093.rds,593788,a9db2f17ee7b54ba9fd0572aaf49975b,c7596813e28071603d299b379799ee195c92cc8703bbd57bd98bba4f16f761ea,SIMULATION_100_BAYESIAN_LINEAR_SCAR_REST.zip,SIMULATION_100_NNPU_LINEAR_GAUSSIAN_SBM_SCAR_MIXED_SIGNAL/replicate_checkpoints/replicate_093.rds
nnPU/replicate_checkpoints/replicate_094.rds,599220,44c94f6697d4de154162a127d0f834a0,82ad3de3447f2b2f4eccc0eac1aa69c4e61254062781a482a11a248aa8eaf8f0,SIMULATION_100_BAYESIAN_LINEAR_SCAR_REST.zip,SIMULATION_100_NNPU_LINEAR_GAUSSIAN_SBM_SCAR_MIXED_SIGNAL/replicate_checkpoints/replicate_094.rds
nnPU/replicate_checkpoints/replicate_095.rds,593641,fb71c26fa1657494aeaa4aea6cceeba8,4a6dc0012f70e0579195ab26d04f23356ec1de09c66e74186d6d2f742b0eb5f4,SIMULATION_100_BAYESIAN_LINEAR_SCAR_REST.zip,SIMULATION_100_NNPU_LINEAR_GAUSSIAN_SBM_SCAR_MIXED_SIGNAL/replicate_checkpoints/replicate_095.rds
nnPU/replicate_checkpoints/replicate_096.rds,603776,0f4ece471bed51d317bf245999022503,5eac33572e704249dfa929de28a3d926fb00e67cd7ce004054bc5071d6098a15,SIMULATION_100_BAYESIAN_LINEAR_SCAR_REST.zip,SIMULATION_100_NNPU_LINEAR_GAUSSIAN_SBM_SCAR_MIXED_SIGNAL/replicate_checkpoints/replicate_096.rds
nnPU/replicate_checkpoints/replicate_097.rds,596932,9f4e4fab9999f9d2995b56287b3ea1bf,d2991e05f5f3cd914bdea40275da8e9dfd1a9396bbca93ca92b6f868cb7e9798,SIMULATION_100_BAYESIAN_LINEAR_SCAR_REST.zip,SIMULATION_100_NNPU_LINEAR_GAUSSIAN_SBM_SCAR_MIXED_SIGNAL/replicate_checkpoints/replicate_097.rds
nnPU/replicate_checkpoints/replicate_098.rds,594377,687ccddb551cb4ddb9c5caaa02d9cfe6,733de14feb2987f3dc3bc3ca85fb5c5d2e5ed462fd1425393eeabfcc94289200,SIMULATION_100_BAYESIAN_LINEAR_SCAR_REST.zip,SIMULATION_100_NNPU_LINEAR_GAUSSIAN_SBM_SCAR_MIXED_SIGNAL/replicate_checkpoints/replicate_098.rds
nnPU/replicate_checkpoints/replicate_099.rds,597268,2a2192c795d76fb538b8f8a35c08a895,28651e11043b78f4e2029316525e7c21aa8cb3e2110cfa43596b8be7d4f1cba3,SIMULATION_100_BAYESIAN_LINEAR_SCAR_REST.zip,SIMULATION_100_NNPU_LINEAR_GAUSSIAN_SBM_SCAR_MIXED_SIGNAL/replicate_checkpoints/replicate_099.rds
nnPU/replicate_checkpoints/replicate_100.rds,599066,7c3bcc4b807e43bd47110b757346de3f,0d26c39ddcfd8d8a61fe5072e96e7c90f912b69949e0b58d264af6c07b1d2c77,SIMULATION_100_BAYESIAN_LINEAR_SCAR_REST.zip,SIMULATION_100_NNPU_LINEAR_GAUSSIAN_SBM_SCAR_MIXED_SIGNAL/replicate_checkpoints/replicate_100.rds
nnPU/sessionInfo_nnpu_linear_gaussian_SBM_SCAR.txt,2335,0fbf03a65a5ae09f5a10e85b5313b9af,aecc1fa95e62063dd0ae80099aa091144d4938a78025f43c91cb366e6d601644,SIMULATION_100_BAYESIAN_LINEAR_SCAR_REST.zip,SIMULATION_100_NNPU_LINEAR_GAUSSIAN_SBM_SCAR_MIXED_SIGNAL/sessionInfo_nnpu_linear_gaussian_SBM_SCAR.txt
