file,bytes,md5,sha256,original_zip,original_file
.gitattributes,19,8b69e51bf59b18876d3418d393621c52,3e5e82fc72e044ea9af807a2030b73dbb94800d2cd1775302063b2eee761ba1e,,
Bayesian_linear/Bayesian_linear_FINAL_MAIN_TABLE_means.csv,1607,1df02ae0558a7761ec32a3c61a57b92f,c0b9b73a989e93950cd65b065ba4c6401071166406a9546687f12a3ae5b2706a,SIMULATION_100_BAYESIAN_LINEAR_5_PILOTS_SAR_LAMBDA_2.zip,Bayesian_linear/Bayesian_linear_FINAL_MAIN_TABLE_means.csv
Bayesian_linear/Bayesian_linear_FINAL_PAPER_TABLE_mean_SD.csv,1484,b70d37e0c7a2f290bd32878d8a406fad,19446ed722c3a7d636d42f4bb1f98cd1d96c5e7d3ab119510849f531dd9ce0e8,SIMULATION_100_BAYESIAN_LINEAR_5_PILOTS_SAR_LAMBDA_2.zip,Bayesian_linear/Bayesian_linear_FINAL_PAPER_TABLE_mean_SD.csv
Bayesian_linear/Bayesian_linear_additional_diagnostic_summary.csv,5187,a59683ce59fa94708cc37fdbc087c85f,da55a5c2614bad0de8d39a25f693032b3d2972e443dab821b5ac86c50ef3317b,SIMULATION_100_BAYESIAN_LINEAR_5_PILOTS_SAR_LAMBDA_2.zip,Bayesian_linear/Bayesian_linear_additional_diagnostic_summary.csv
Bayesian_linear/Bayesian_linear_all_node_probabilities.csv,29302030,c85534622235180e8c03ff59d25d9ade,a297967e7306beaac477b3167783256fadf6071b7d491a2b7703699beb442663,SIMULATION_100_BAYESIAN_LINEAR_5_PILOTS_SAR_LAMBDA_2.zip,Bayesian_linear/Bayesian_linear_all_node_probabilities.csv
Bayesian_linear/Bayesian_linear_failure_log.csv,75,415762f6f66023fe900ed436193d8177,60663936722ba4f3844c53a264aa9a5abee70d0b3de51c9e713756443deae104,SIMULATION_100_BAYESIAN_LINEAR_5_PILOTS_SAR_LAMBDA_2.zip,Bayesian_linear/Bayesian_linear_failure_log.csv
Bayesian_linear/Bayesian_linear_geometry_summary.csv,30686,ef4baa8485ecc1b74bbfb12cd6bede90,e992a0e0c5518053451148f1489eef84c8d18088718a95fa511d08bb8efc8fab,SIMULATION_100_BAYESIAN_LINEAR_5_PILOTS_SAR_LAMBDA_2.zip,Bayesian_linear/Bayesian_linear_geometry_summary.csv
Bayesian_linear/Bayesian_linear_metric_summary_long.csv,14014,4a183d69f3198f06a7ae3abd5a2b7359,3fa3687a5369555d2da98f27e460a30a2ae40cd6ce8e19b1146c357c6c8b7f27,SIMULATION_100_BAYESIAN_LINEAR_5_PILOTS_SAR_LAMBDA_2.zip,Bayesian_linear/Bayesian_linear_metric_summary_long.csv
Bayesian_linear/Bayesian_linear_metrics_by_replicate.csv,183445,4bf04cd390fa5e6e7502988d23849afd,5db8771231548619b698c811dd0636c2ab4c391ab094663e4d05f3a08597e75a,SIMULATION_100_BAYESIAN_LINEAR_5_PILOTS_SAR_LAMBDA_2.zip,Bayesian_linear/Bayesian_linear_metrics_by_replicate.csv
Bayesian_linear/Bayesian_linear_modularity_summary.csv,10005,17066404caa092920ba28211ec02bcbb,8cd763a0bf5e0c702b97afe00e88504e8a092d29c5da1899e3826b33a201ce35,SIMULATION_100_BAYESIAN_LINEAR_5_PILOTS_SAR_LAMBDA_2.zip,Bayesian_linear/Bayesian_linear_modularity_summary.csv
Bayesian_linear/Bayesian_linear_run_config.rds,3519,c301adf5d74518f634c75f12e34bee60,42618eef8ab3e76b083edff88e67114a60f4b7bff1263a808ce312e813228d6c,SIMULATION_100_BAYESIAN_LINEAR_5_PILOTS_SAR_LAMBDA_2.zip,Bayesian_linear/Bayesian_linear_run_config.rds
Bayesian_linear/Bayesian_linear_uncertainty_metrics_80_95.csv,840,c81b5c83c35338791c3904c20226b53d,33b7de4829538bc077884dbde2f457dc32c2978fa7ea44e104436240e1cdec96,SIMULATION_100_BAYESIAN_LINEAR_5_PILOTS_SAR_LAMBDA_2.zip,Bayesian_linear/Bayesian_linear_uncertainty_metrics_80_95.csv
Bayesian_linear/SAR_selection_Monte_Carlo_summary.csv,662,770419111bdb5df0fc19c1367bf17f5d,6cf90aaf4cf9cebf57619a15af818a3968558a89e7a22aaf6e534a81bdd88f2b,SIMULATION_100_BAYESIAN_LINEAR_5_PILOTS_SAR_LAMBDA_2.zip,Bayesian_linear/SAR_selection_Monte_Carlo_summary.csv
Bayesian_linear/SAR_selection_diagnostics_all_positives.csv,633288,1a67b53c72c2af9a54ef046a5b1edf22,213827b1d71a5070dcd92195543e01504b2d60cc777d6f3eb302069ca97247c0,SIMULATION_100_BAYESIAN_LINEAR_5_PILOTS_SAR_LAMBDA_2.zip,Bayesian_linear/SAR_selection_diagnostics_all_positives.csv
Bayesian_linear/SAR_selection_summary_by_replicate.csv,14471,558486173ab0934c6ebe79fc18a23d44,95a5e5eaee0fda3fd7d90373c21e56ee1a193212d89be1c9032a66accbde2338,SIMULATION_100_BAYESIAN_LINEAR_5_PILOTS_SAR_LAMBDA_2.zip,Bayesian_linear/SAR_selection_summary_by_replicate.csv
Bayesian_linear/global_pilot_calibration_5_datasets.rds,5587,fc43fc1a35f6a0eccb3bb9c208d68814,d0622cace83ea124f77b09a2af8093a995747af4cfbf567e9915398fd811d867,SIMULATION_100_BAYESIAN_LINEAR_5_PILOTS_SAR_LAMBDA_2.zip,Bayesian_linear/global_pilot_calibration_5_datasets.rds
Bayesian_linear/global_pilot_calibration_distribution_summary.csv,8744,db94ff70eb3593aa1e098efb40208a56,0dcd0ca5abd19e966df2bf653164af5328e8ccc6d9893152ee5958bba3af679f,SIMULATION_100_BAYESIAN_LINEAR_5_PILOTS_SAR_LAMBDA_2.zip,Bayesian_linear/global_pilot_calibration_distribution_summary.csv
Bayesian_linear/global_pilot_calibration_per_pilot_summary.csv,2633,eedc36ba330aae8d0f9487c8a8688bfa,6377e72029ed3ba0b539689652efd08f269d906b14de107e7e97d77abaa89cd7,SIMULATION_100_BAYESIAN_LINEAR_5_PILOTS_SAR_LAMBDA_2.zip,Bayesian_linear/global_pilot_calibration_per_pilot_summary.csv
Bayesian_linear/pilot_checkpoints/pilot_01_cov.rds,497998,4cd3f6aeac823113c88a3fbb282fd551,d13df24eafb0aa418e936984583239feda9d7636138fe9d54d98353ad72f2df0,SIMULATION_100_BAYESIAN_LINEAR_5_PILOTS_SAR_LAMBDA_2.zip,Bayesian_linear/pilot_checkpoints/pilot_01_cov.rds
Bayesian_linear/pilot_checkpoints/pilot_01_cov_net.rds,611804,77819b76696a9bb1affc58bf9b42ac20,7bc45efde6575ed793eeef45dbb491ea24412bf93c4534e62e8ad0ff7f6cdab7,SIMULATION_100_BAYESIAN_LINEAR_5_PILOTS_SAR_LAMBDA_2.zip,Bayesian_linear/pilot_checkpoints/pilot_01_cov_net.rds
Bayesian_linear/pilot_checkpoints/pilot_01_cov_net_pu.rds,649853,69b51bf201ccf3ff672de0be122a62b1,5d488957070d1c4ef2107fec85b4d3e1411e67a60b3ae0c5f977a8a32909761f,SIMULATION_100_BAYESIAN_LINEAR_5_PILOTS_SAR_LAMBDA_2.zip,Bayesian_linear/pilot_checkpoints/pilot_01_cov_net_pu.rds
Bayesian_linear/pilot_checkpoints/pilot_01_cov_pu.rds,536468,dd9e0639ea2d3d933a70a87ec31907d9,c48486b19744fec2ce514f3b328015d5c2b189845644adef64c178e6c988470d,SIMULATION_100_BAYESIAN_LINEAR_5_PILOTS_SAR_LAMBDA_2.zip,Bayesian_linear/pilot_checkpoints/pilot_01_cov_pu.rds
Bayesian_linear/pilot_checkpoints/pilot_02_cov.rds,498663,5eee0a2e1e8b22a28f6555978363ae3e,40cc4cb6305da358abff1d9adb0f9b7b9a8fe08fada16424c34eeff1c656c9a2,SIMULATION_100_BAYESIAN_LINEAR_5_PILOTS_SAR_LAMBDA_2.zip,Bayesian_linear/pilot_checkpoints/pilot_02_cov.rds
Bayesian_linear/pilot_checkpoints/pilot_02_cov_net.rds,613047,ef55cb8edbbe0dda7bd7d6867390cfcc,3f2475f125212e51b5e6038c5315977c83ef82c13da1ed386e34c891b3a9eac3,SIMULATION_100_BAYESIAN_LINEAR_5_PILOTS_SAR_LAMBDA_2.zip,Bayesian_linear/pilot_checkpoints/pilot_02_cov_net.rds
Bayesian_linear/pilot_checkpoints/pilot_02_cov_net_pu.rds,651530,2e9d7ce285b1aee8bd849e3d5f4b5640,6977bd9ee4b9fe8bf79a293724c73d6ec64c8f8c3d612172b18021df3767220f,SIMULATION_100_BAYESIAN_LINEAR_5_PILOTS_SAR_LAMBDA_2.zip,Bayesian_linear/pilot_checkpoints/pilot_02_cov_net_pu.rds
Bayesian_linear/pilot_checkpoints/pilot_02_cov_pu.rds,537017,7b0e786f85f2bccacfd323be12c8cf0e,54f9cc15c0ac8f64c84272a0e8da6bcbe894b7444c689617f7ff218d4c0ba737,SIMULATION_100_BAYESIAN_LINEAR_5_PILOTS_SAR_LAMBDA_2.zip,Bayesian_linear/pilot_checkpoints/pilot_02_cov_pu.rds
Bayesian_linear/pilot_checkpoints/pilot_03_cov.rds,496878,5f811e8194015702299b808af51e938f,a6d1f061e9b2b1c8cc4e72d0fd7916c42273ae02ed1ee852990f4732275cebfd,SIMULATION_100_BAYESIAN_LINEAR_5_PILOTS_SAR_LAMBDA_2.zip,Bayesian_linear/pilot_checkpoints/pilot_03_cov.rds
Bayesian_linear/pilot_checkpoints/pilot_03_cov_net.rds,687661,916ef0e18b1e15138e4ba711dafb974e,4a82518a75ee90bce49cb09bd8732ad5e3cb634d025495d75f4ce88b81f8ec18,SIMULATION_100_BAYESIAN_LINEAR_5_PILOTS_SAR_LAMBDA_2.zip,Bayesian_linear/pilot_checkpoints/pilot_03_cov_net.rds
Bayesian_linear/pilot_checkpoints/pilot_03_cov_net_pu.rds,725956,2ffbb205ebad26b5027e2a698e71887d,96a6e63fb1a74daf480c9d0f01c632de86708d11e8808b82d3cbac7ce5a8770d,SIMULATION_100_BAYESIAN_LINEAR_5_PILOTS_SAR_LAMBDA_2.zip,Bayesian_linear/pilot_checkpoints/pilot_03_cov_net_pu.rds
Bayesian_linear/pilot_checkpoints/pilot_03_cov_pu.rds,535376,546ec275fd7588784bdf2692de64e85f,174e8d9d512d97838e8fdaa8d98c112ebee77219434c19689a04c097a6c28e56,SIMULATION_100_BAYESIAN_LINEAR_5_PILOTS_SAR_LAMBDA_2.zip,Bayesian_linear/pilot_checkpoints/pilot_03_cov_pu.rds
Bayesian_linear/pilot_checkpoints/pilot_04_cov.rds,497162,b1fa2f55115faf85f6ae00e22e60c4c2,901b71d169b07d5b78e60cfa637957ff2f90ea723df658e60fdcb59c9192c222,SIMULATION_100_BAYESIAN_LINEAR_5_PILOTS_SAR_LAMBDA_2.zip,Bayesian_linear/pilot_checkpoints/pilot_04_cov.rds
Bayesian_linear/pilot_checkpoints/pilot_04_cov_net.rds,611888,9d08d0884aa5803633e29bba97669354,4d7150b42160775e1067179f735ef3876a981a366cae7a7f4f11826f3d4a7ee2,SIMULATION_100_BAYESIAN_LINEAR_5_PILOTS_SAR_LAMBDA_2.zip,Bayesian_linear/pilot_checkpoints/pilot_04_cov_net.rds
Bayesian_linear/pilot_checkpoints/pilot_04_cov_net_pu.rds,649942,9047d59b5f857c17019d529b20def879,0607a66aaad5dc16c6192a0ceae13bfc62d666d660f8492cb127128d3c5d8971,SIMULATION_100_BAYESIAN_LINEAR_5_PILOTS_SAR_LAMBDA_2.zip,Bayesian_linear/pilot_checkpoints/pilot_04_cov_net_pu.rds
Bayesian_linear/pilot_checkpoints/pilot_04_cov_pu.rds,535426,63cc32c9d4720a586792722d9fa16e72,5270a00b4ffbc9d7ecc314cdb6741a3d17de5baf55274a38a0ed132d018dc967,SIMULATION_100_BAYESIAN_LINEAR_5_PILOTS_SAR_LAMBDA_2.zip,Bayesian_linear/pilot_checkpoints/pilot_04_cov_pu.rds
Bayesian_linear/pilot_checkpoints/pilot_05_cov.rds,498908,88487b9076dac52a960d345d099f8615,d69190fab21ba0e548f6caa3d5a321b463d6bc770c076a527fda523f1128b7d1,SIMULATION_100_BAYESIAN_LINEAR_5_PILOTS_SAR_LAMBDA_2.zip,Bayesian_linear/pilot_checkpoints/pilot_05_cov.rds
Bayesian_linear/pilot_checkpoints/pilot_05_cov_net.rds,613772,2ab0bba597f93441fb131a68c2468ddb,e9afadd51d46d5acd16ce66b3544e9589f7ae0fd2aa25dc6e20729f105ea581d,SIMULATION_100_BAYESIAN_LINEAR_5_PILOTS_SAR_LAMBDA_2.zip,Bayesian_linear/pilot_checkpoints/pilot_05_cov_net.rds
Bayesian_linear/pilot_checkpoints/pilot_05_cov_net_pu.rds,652305,cfb444ef70bfda46194ab01a874e0e06,576c93580bd650d191176e32ff33a8a80a09203cbc9a1fff374cb2e1a2aacd3a,SIMULATION_100_BAYESIAN_LINEAR_5_PILOTS_SAR_LAMBDA_2.zip,Bayesian_linear/pilot_checkpoints/pilot_05_cov_net_pu.rds
Bayesian_linear/pilot_checkpoints/pilot_05_cov_pu.rds,537427,33e8cff81ff1b52062de1c9eab0af94d,b947ab3e0ef1f090cad6243b2082fbd1f38dd0638767fd29dd8aae9104d84cc7,SIMULATION_100_BAYESIAN_LINEAR_5_PILOTS_SAR_LAMBDA_2.zip,Bayesian_linear/pilot_checkpoints/pilot_05_cov_pu.rds
Bayesian_linear/pilot_geometries/pilot_01_geometry.rds,91308,e15399d1675edebd2a124cce822d1b25,2149af17b2a98a7d644904a42f6721495b5a7e025223953318612e4942799e5c,SIMULATION_100_BAYESIAN_LINEAR_5_PILOTS_SAR_LAMBDA_2.zip,Bayesian_linear/pilot_geometries/pilot_01_geometry.rds
Bayesian_linear/pilot_geometries/pilot_02_geometry.rds,91234,4d140b4f9c5319d4a7a950a6dafd5a55,2c773a45ce8dba489fa8b0e25660c22e6b1843f7a33286dae0b2729f1391bb1b,SIMULATION_100_BAYESIAN_LINEAR_5_PILOTS_SAR_LAMBDA_2.zip,Bayesian_linear/pilot_geometries/pilot_02_geometry.rds
Bayesian_linear/pilot_geometries/pilot_03_geometry.rds,97551,10cd043f5ec505a7e4774a5319c99939,dacaccf6b5c19b68894c47d0b0a5d906d72e71daf8b7c36bf43596290e25770b,SIMULATION_100_BAYESIAN_LINEAR_5_PILOTS_SAR_LAMBDA_2.zip,Bayesian_linear/pilot_geometries/pilot_03_geometry.rds
Bayesian_linear/pilot_geometries/pilot_04_geometry.rds,91503,b45a2c8fe461b8a33fd914987e12b72b,a6ed2c036d9e08d3081674e49dd5fd4468f4878dc3bdb09281ca8961d72663d2,SIMULATION_100_BAYESIAN_LINEAR_5_PILOTS_SAR_LAMBDA_2.zip,Bayesian_linear/pilot_geometries/pilot_04_geometry.rds
Bayesian_linear/pilot_geometries/pilot_05_geometry.rds,91654,6ad5e43015c990b38200641b559a18d1,2e895fd12091b7fb10dd416d0fbe116deaeb89961f14d67b5539624f89514606,SIMULATION_100_BAYESIAN_LINEAR_5_PILOTS_SAR_LAMBDA_2.zip,Bayesian_linear/pilot_geometries/pilot_05_geometry.rds
Bayesian_linear/pilot_seed_table.csv,265,50890f4716d0ecdf1f2522a1604e1712,1aabb641d5de6dc385c6ac42ac9d86179b8608b3eb0f68b4ebee4599ccac6009,SIMULATION_100_BAYESIAN_LINEAR_5_PILOTS_SAR_LAMBDA_2.zip,Bayesian_linear/pilot_seed_table.csv
Bayesian_linear/production_checkpoints/replicate_001.rds,34771,adfcb9b12deaa7eb1a4478ba86bbb056,cfdf904da1fa754e3402308a44e35d673a7dcea04b3d62f7e3e0ad16fd3ccb33,SIMULATION_100_BAYESIAN_LINEAR_5_PILOTS_SAR_LAMBDA_2.zip,Bayesian_linear/production_checkpoints/replicate_001.rds
Bayesian_linear/production_checkpoints/replicate_002.rds,33192,2f889b9a6f613e73cef87def29022578,f81cc6c656e720cde79a36a4b0b3bf5b4c2838c20184fca4be22159365965c53,SIMULATION_100_BAYESIAN_LINEAR_5_PILOTS_SAR_LAMBDA_2.zip,Bayesian_linear/production_checkpoints/replicate_002.rds
Bayesian_linear/production_checkpoints/replicate_003.rds,33424,0fce6c0a0eec034f68d781255d37fe6e,021bdf4497dd72f4e5348e14f44cd926a9ecc93c9c0ac1e5aebe8aabbcfe8fe4,SIMULATION_100_BAYESIAN_LINEAR_5_PILOTS_SAR_LAMBDA_2.zip,Bayesian_linear/production_checkpoints/replicate_003.rds
Bayesian_linear/production_checkpoints/replicate_004.rds,33584,4163e656766470794cb9f991023e425b,2c01c4b523b713c014588fbcf069c5795af2b613eebe91228e8faa0177a36c1f,SIMULATION_100_BAYESIAN_LINEAR_5_PILOTS_SAR_LAMBDA_2.zip,Bayesian_linear/production_checkpoints/replicate_004.rds
Bayesian_linear/production_checkpoints/replicate_005.rds,34150,dc27e47deb712c874fd9f9d8b8999170,5df2dcf63c76c073f623715bb58dfd20f42dc208e46a1f6e5553d8dffd2cbb84,SIMULATION_100_BAYESIAN_LINEAR_5_PILOTS_SAR_LAMBDA_2.zip,Bayesian_linear/production_checkpoints/replicate_005.rds
Bayesian_linear/production_checkpoints/replicate_006.rds,34188,30a8081433e9d95ef6cac03d0bbbcc2e,434b30683020b2b1bb02a67187017f73025a4d3cd9c7b069f210206d198e54ff,SIMULATION_100_BAYESIAN_LINEAR_5_PILOTS_SAR_LAMBDA_2.zip,Bayesian_linear/production_checkpoints/replicate_006.rds
Bayesian_linear/production_checkpoints/replicate_007.rds,34851,6925a4a62b60b357b2fd675761b4efb9,fdc0b3e07d18aaccc34cb899fba35b2abef2eeed43865accb1e7bf99db571906,SIMULATION_100_BAYESIAN_LINEAR_5_PILOTS_SAR_LAMBDA_2.zip,Bayesian_linear/production_checkpoints/replicate_007.rds
Bayesian_linear/production_checkpoints/replicate_008.rds,34482,670fc0e676cfc0e18fa027c7dff19c02,0e0f7ff3c74a607a8d1906247e7ee2115e3f61401dd0a0530935caec588b24e6,SIMULATION_100_BAYESIAN_LINEAR_5_PILOTS_SAR_LAMBDA_2.zip,Bayesian_linear/production_checkpoints/replicate_008.rds
Bayesian_linear/production_checkpoints/replicate_009.rds,34301,60e61c69976a02eaeb98d457f35c7a30,659e7a7b0e5ae0beeb4749b97852a5638418b8747941a9362602407e18c64e46,SIMULATION_100_BAYESIAN_LINEAR_5_PILOTS_SAR_LAMBDA_2.zip,Bayesian_linear/production_checkpoints/replicate_009.rds
Bayesian_linear/production_checkpoints/replicate_010.rds,33882,4fcb88ded8f8d162498b07cf82bd693e,a840436c41d108481b23dcafb940baac769fd4b9399b5ffd7860136aecf3e254,SIMULATION_100_BAYESIAN_LINEAR_5_PILOTS_SAR_LAMBDA_2.zip,Bayesian_linear/production_checkpoints/replicate_010.rds
Bayesian_linear/production_checkpoints/replicate_011.rds,35105,3af2f6e621183917e68402cabb8c22bb,8c25c0b2e110886320e1dd21c0fca89228fc105042bcd213677c7e2186ddacf5,SIMULATION_100_BAYESIAN_LINEAR_5_PILOTS_SAR_LAMBDA_2.zip,Bayesian_linear/production_checkpoints/replicate_011.rds
Bayesian_linear/production_checkpoints/replicate_012.rds,34687,8387507268b0a3ce1d3e1b464384f34a,fee20277075b21658d322579228fb3f803b8a9a28bf363f39f3f71987d8f8d41,SIMULATION_100_BAYESIAN_LINEAR_5_PILOTS_SAR_LAMBDA_2.zip,Bayesian_linear/production_checkpoints/replicate_012.rds
Bayesian_linear/production_checkpoints/replicate_013.rds,33638,b590ccef5ad669bf42089ace4e32d79c,d660cbbc9d000fc554d80e2792342822f014feb49eb62f393573078de5d95ada,SIMULATION_100_BAYESIAN_LINEAR_5_PILOTS_SAR_LAMBDA_2.zip,Bayesian_linear/production_checkpoints/replicate_013.rds
Bayesian_linear/production_checkpoints/replicate_014.rds,33882,618e24c8a77c2c52ef747d607c558841,50cca51944ec0eab3a803d7d20861861f281f410d6644891ea0e4310d121ab9c,SIMULATION_100_BAYESIAN_LINEAR_5_PILOTS_SAR_LAMBDA_2.zip,Bayesian_linear/production_checkpoints/replicate_014.rds
Bayesian_linear/production_checkpoints/replicate_015.rds,33967,e7d9db2365828b9dcde14e2fac0008b3,3f7469d1a27e02018b8d313122da7c1dde28e36f0353931f50104538e6919a5c,SIMULATION_100_BAYESIAN_LINEAR_5_PILOTS_SAR_LAMBDA_2.zip,Bayesian_linear/production_checkpoints/replicate_015.rds
Bayesian_linear/production_checkpoints/replicate_016.rds,34231,bd70ced5554422a589206d57a0a1d2c8,5821a61c48706a242072f6975678002396766b69dbb6e31b6c046ac2c4cac0db,SIMULATION_100_BAYESIAN_LINEAR_5_PILOTS_SAR_LAMBDA_2.zip,Bayesian_linear/production_checkpoints/replicate_016.rds
Bayesian_linear/production_checkpoints/replicate_017.rds,35150,378c910af6f72eda6e258fe1481d8b39,99028d8a5cc288e09b65fb7154d0368cad7c99f8d5f181fa9b93ca7050ed41c5,SIMULATION_100_BAYESIAN_LINEAR_5_PILOTS_SAR_LAMBDA_2.zip,Bayesian_linear/production_checkpoints/replicate_017.rds
Bayesian_linear/production_checkpoints/replicate_018.rds,33770,d41fe6727cc14ec5e3e6825b8dad6dbd,6123673f3ea0c8c186478033edda32a2b1c625021edfb6f5e7e39846fe4c0be3,SIMULATION_100_BAYESIAN_LINEAR_5_PILOTS_SAR_LAMBDA_2.zip,Bayesian_linear/production_checkpoints/replicate_018.rds
Bayesian_linear/production_checkpoints/replicate_019.rds,34097,0f4a5dd6ce8d8e79bdb8be56f153e9c6,98becddcb7dc0ce0c9fb6c314220503e6617855000476ea8163f4ac7d5aeaef4,SIMULATION_100_BAYESIAN_LINEAR_5_PILOTS_SAR_LAMBDA_2.zip,Bayesian_linear/production_checkpoints/replicate_019.rds
Bayesian_linear/production_checkpoints/replicate_020.rds,33884,60bb6742b65a03285de5993f7ce16ce8,b8acd855aba31b8c303068f8217af4029fb516330d8c6ecd332c6ae19ba3b4a6,SIMULATION_100_BAYESIAN_LINEAR_5_PILOTS_SAR_LAMBDA_2.zip,Bayesian_linear/production_checkpoints/replicate_020.rds
Bayesian_linear/production_checkpoints/replicate_021.rds,33993,4e73228dc9cca47fb01f538d6aadac06,1f7c13ecacb6402ff5bb469bd443799757f169c3de54be1742170d7fd95b2c61,SIMULATION_100_BAYESIAN_LINEAR_5_PILOTS_SAR_LAMBDA_2.zip,Bayesian_linear/production_checkpoints/replicate_021.rds
Bayesian_linear/production_checkpoints/replicate_022.rds,34244,e7ed7e83b42094afc5cf1f4f92e7b1d5,ad9715167e84903ce4fa2ad15ab9d303e18a1644179548e4b64b9e0f7e5c2551,SIMULATION_100_BAYESIAN_LINEAR_5_PILOTS_SAR_LAMBDA_2.zip,Bayesian_linear/production_checkpoints/replicate_022.rds
Bayesian_linear/production_checkpoints/replicate_023.rds,33852,0ede258b3c84f2494651e1b5d95e1fb8,a50f053c004228bad5cb126d7682d31e8318ae0a82a388b109784466e1cebb4d,SIMULATION_100_BAYESIAN_LINEAR_5_PILOTS_SAR_LAMBDA_2.zip,Bayesian_linear/production_checkpoints/replicate_023.rds
Bayesian_linear/production_checkpoints/replicate_024.rds,34922,27f8db1ee4ea8a9b72b5a6da3a4cbeee,c22c57ccbe945ce1967a033720fec91c16fd076ab4ba0ee6bc94ae01219106d2,SIMULATION_100_BAYESIAN_LINEAR_5_PILOTS_SAR_LAMBDA_2.zip,Bayesian_linear/production_checkpoints/replicate_024.rds
Bayesian_linear/production_checkpoints/replicate_025.rds,33794,bff6943f2e7a36c06a59dc5491244516,2f5acedf7290851d5f66f96a4f7e8fbcb80de6f9c8642c623e656b496597fedd,SIMULATION_100_BAYESIAN_LINEAR_5_PILOTS_SAR_LAMBDA_2.zip,Bayesian_linear/production_checkpoints/replicate_025.rds
Bayesian_linear/production_checkpoints/replicate_026.rds,35088,7c9d3ea64492c2203d3e73b6e160a98b,2d884f8344300ab115f023dc044f0867d335c743847447dc6fdb98f4887f10b6,SIMULATION_100_BAYESIAN_LINEAR_5_PILOTS_SAR_LAMBDA_2.zip,Bayesian_linear/production_checkpoints/replicate_026.rds
Bayesian_linear/production_checkpoints/replicate_027.rds,34585,691cdcdf9102157ad15b9eb1e0f20f97,e9fae4c75c0001136b9ba9106c754245f1a41893f7d400a8298d1b39d661562b,SIMULATION_100_BAYESIAN_LINEAR_5_PILOTS_SAR_LAMBDA_2.zip,Bayesian_linear/production_checkpoints/replicate_027.rds
Bayesian_linear/production_checkpoints/replicate_028.rds,34142,b56cd564df17ff7777045f80ebd01d75,69eedcccf10b0b54a2c19c92fb3e5ad69decd2ef617fc3cedf1b4225fd6cfcc2,SIMULATION_100_BAYESIAN_LINEAR_5_PILOTS_SAR_LAMBDA_2.zip,Bayesian_linear/production_checkpoints/replicate_028.rds
Bayesian_linear/production_checkpoints/replicate_029.rds,33079,b1771d89d1c54a47012400d75382b77e,e172047eb95e771b79d3305fd312a3ee9ce7f4669515e52baa019d0a98c6b9ef,SIMULATION_100_BAYESIAN_LINEAR_5_PILOTS_SAR_LAMBDA_2.zip,Bayesian_linear/production_checkpoints/replicate_029.rds
Bayesian_linear/production_checkpoints/replicate_030.rds,34421,be5c41e8a217bafe463cadefb1461178,f8c38b5c6037c2aa177c945d75c884ba7d9c11530054323d1b1432ddb46d7d8a,SIMULATION_100_BAYESIAN_LINEAR_5_PILOTS_SAR_LAMBDA_2.zip,Bayesian_linear/production_checkpoints/replicate_030.rds
Bayesian_linear/production_checkpoints/replicate_031.rds,33519,042a8796ea75cf0f7e665eb6126e47ad,57fe8fe69c35a9a4666eedacd279dfd210736e88e1b28c257587c4479de8188b,SIMULATION_100_BAYESIAN_LINEAR_5_PILOTS_SAR_LAMBDA_2.zip,Bayesian_linear/production_checkpoints/replicate_031.rds
Bayesian_linear/production_checkpoints/replicate_032.rds,33952,7183095a7074f501d9f3e8bc92a8595c,a91c4f5968515359ad1f33bc4a65e8f0db581e87008ebd28bc876e5276da0717,SIMULATION_100_BAYESIAN_LINEAR_5_PILOTS_SAR_LAMBDA_2.zip,Bayesian_linear/production_checkpoints/replicate_032.rds
Bayesian_linear/production_checkpoints/replicate_033.rds,34640,365ae7d1b9275c70954f674879c45de5,b425dfcc608c3aebff7835282add68156ed1ca24f286fe452ffa32af0996fcd0,SIMULATION_100_BAYESIAN_LINEAR_5_PILOTS_SAR_LAMBDA_2.zip,Bayesian_linear/production_checkpoints/replicate_033.rds
Bayesian_linear/production_checkpoints/replicate_034.rds,33816,50ce3afbbfa67bdb9fb5e0b9514b5b58,0ac7dd66c5904eb548226219babc3f914fb375835f3b8bf3098e05699a384ded,SIMULATION_100_BAYESIAN_LINEAR_5_PILOTS_SAR_LAMBDA_2.zip,Bayesian_linear/production_checkpoints/replicate_034.rds
Bayesian_linear/production_checkpoints/replicate_035.rds,34694,8b17237e1e8adf8457b0f2f8e7dca04d,fd6ee37943a5323572cf6394d45c176df6893f94d739642a41257d33071b879b,SIMULATION_100_BAYESIAN_LINEAR_5_PILOTS_SAR_LAMBDA_2.zip,Bayesian_linear/production_checkpoints/replicate_035.rds
Bayesian_linear/production_checkpoints/replicate_036.rds,33234,893ce6499d7d7067715f1103a7adeaf6,eb4ee87b405c8c3875c52f1adfeb025f264d53da008247a079166a2ddb5bc120,SIMULATION_100_BAYESIAN_LINEAR_5_PILOTS_SAR_LAMBDA_2.zip,Bayesian_linear/production_checkpoints/replicate_036.rds
Bayesian_linear/production_checkpoints/replicate_037.rds,33976,15e37107065a3acea30e78cf6e56f4da,ac0c4cee98c93ce006dc3c8ae8c2a9eb47ca5225d797ac408b129609f9b47dd9,SIMULATION_100_BAYESIAN_LINEAR_5_PILOTS_SAR_LAMBDA_2.zip,Bayesian_linear/production_checkpoints/replicate_037.rds
Bayesian_linear/production_checkpoints/replicate_038.rds,35175,d15008af9d2717543d23d9bc7a9a27c1,7652a697371807dcb324014eff79acaf5f901f6aca2897d1424ad6a4db61d230,SIMULATION_100_BAYESIAN_LINEAR_5_PILOTS_SAR_LAMBDA_2.zip,Bayesian_linear/production_checkpoints/replicate_038.rds
Bayesian_linear/production_checkpoints/replicate_039.rds,34942,63c2656a12ba1c8d862422df6cbeb79a,e8c9720ff6beda9b42243c6e58edaaf9dad3947e87aaee895300a891febe2329,SIMULATION_100_BAYESIAN_LINEAR_5_PILOTS_SAR_LAMBDA_2.zip,Bayesian_linear/production_checkpoints/replicate_039.rds
Bayesian_linear/production_checkpoints/replicate_040.rds,34415,14e355380b8b083387894998b2a795e7,7ad9d7c65371740acf1f2720f558f435a918b849ecba314ce9587f6e18a02877,SIMULATION_100_BAYESIAN_LINEAR_5_PILOTS_SAR_LAMBDA_2.zip,Bayesian_linear/production_checkpoints/replicate_040.rds
Bayesian_linear/production_checkpoints/replicate_041.rds,33666,5b711ce279b9c3558974edd7a97097e9,a683d42cbe4f50260ff12e8c26a87c72b7395a2192b0f89a3fb8453f0d322b79,SIMULATION_100_BAYESIAN_LINEAR_5_PILOTS_SAR_LAMBDA_2.zip,Bayesian_linear/production_checkpoints/replicate_041.rds
Bayesian_linear/production_checkpoints/replicate_042.rds,34656,27fce030a80dda5528b348e371eea05c,99930846eca904b01f871af1d7e9c9b88abf34728b1d71124a4fcfd864adc07e,SIMULATION_100_BAYESIAN_LINEAR_5_PILOTS_SAR_LAMBDA_2.zip,Bayesian_linear/production_checkpoints/replicate_042.rds
Bayesian_linear/production_checkpoints/replicate_043.rds,34809,45c70c768ddb5ed188c996643ad960ab,1b53d489a44bda8a2add5485dbe486c4d3ab2199f71f4c2f51736d065e90156e,SIMULATION_100_BAYESIAN_LINEAR_5_PILOTS_SAR_LAMBDA_2.zip,Bayesian_linear/production_checkpoints/replicate_043.rds
Bayesian_linear/production_checkpoints/replicate_044.rds,34397,48bffa3503b322e82cccc935eed97d4a,d473a9dc06226981de666cb65010fcf5bd9e2dffc684f5c8b9c152a435c9ad01,SIMULATION_100_BAYESIAN_LINEAR_5_PILOTS_SAR_LAMBDA_2.zip,Bayesian_linear/production_checkpoints/replicate_044.rds
Bayesian_linear/production_checkpoints/replicate_045.rds,34081,120e611dbbad820c16bc2c1ecfc0ffde,520d7e33e0bce117a344afd1008be61ccbefa9a32c0f4e81ff73739b16fd690a,SIMULATION_100_BAYESIAN_LINEAR_5_PILOTS_SAR_LAMBDA_2.zip,Bayesian_linear/production_checkpoints/replicate_045.rds
Bayesian_linear/production_checkpoints/replicate_046.rds,34391,c9ccbc577a6666e1b0d94fdea0377760,a85ea5c76370ad6590a122fe8660beb77b6cdc71b1070a308d05a98eb37a5cdb,SIMULATION_100_BAYESIAN_LINEAR_5_PILOTS_SAR_LAMBDA_2.zip,Bayesian_linear/production_checkpoints/replicate_046.rds
Bayesian_linear/production_checkpoints/replicate_047.rds,34137,e41922a5619d3d6bfd3ccddabfd798a2,f8bbfd1a56f93d17c46d60307b71df183b985b6e010a83f48a5eb2f10e94319e,SIMULATION_100_BAYESIAN_LINEAR_5_PILOTS_SAR_LAMBDA_2.zip,Bayesian_linear/production_checkpoints/replicate_047.rds
Bayesian_linear/production_checkpoints/replicate_048.rds,33570,4ed3e9133d4d42f2b8f9699e97b8ff96,2d9e3903432e9ef166a41f35f427a043034a6a138d1baa2c98fec10091498fbe,SIMULATION_100_BAYESIAN_LINEAR_5_PILOTS_SAR_LAMBDA_2.zip,Bayesian_linear/production_checkpoints/replicate_048.rds
Bayesian_linear/production_checkpoints/replicate_049.rds,34887,ec85a6568a0c2d51211c93703bae3663,c548a8e00e713108ccee2e2f781483eb0cd2bb6d3ef581d0f6e59bcc337ee0ed,SIMULATION_100_BAYESIAN_LINEAR_5_PILOTS_SAR_LAMBDA_2.zip,Bayesian_linear/production_checkpoints/replicate_049.rds
Bayesian_linear/production_checkpoints/replicate_050.rds,33440,daeeeacc8368131fc23325b87a3be9af,e830b5e6d6d7cf840547a1432abeed4c676d4279057c711031e5505d2735fda0,SIMULATION_100_BAYESIAN_LINEAR_5_PILOTS_SAR_LAMBDA_2.zip,Bayesian_linear/production_checkpoints/replicate_050.rds
Bayesian_linear/production_checkpoints/replicate_051.rds,33742,ea97702c8b56146a86eda091c0cbfd96,552f099fd108e8a77b55bc4810d994fa36240980e653ad686c111207809965b9,SIMULATION_100_BAYESIAN_LINEAR_5_PILOTS_SAR_LAMBDA_2.zip,Bayesian_linear/production_checkpoints/replicate_051.rds
Bayesian_linear/production_checkpoints/replicate_052.rds,34934,c92de17f05d12f3e96dde5cd82446e29,8ba6f1793d54b0d49d0fa3b3cd512cd952146b699fd341fb18529cacf6a43c9a,SIMULATION_100_BAYESIAN_LINEAR_5_PILOTS_SAR_LAMBDA_2.zip,Bayesian_linear/production_checkpoints/replicate_052.rds
Bayesian_linear/production_checkpoints/replicate_053.rds,34940,f68a6f4bd1560dff7af2762d51f7a29f,3b3d0c1a489397a6be91846d2f50d0c8984740b1aa5a24aef2a28610d387bac1,SIMULATION_100_BAYESIAN_LINEAR_5_PILOTS_SAR_LAMBDA_2.zip,Bayesian_linear/production_checkpoints/replicate_053.rds
Bayesian_linear/production_checkpoints/replicate_054.rds,33600,988236556a4f2bda67bc70260728914b,6879426fedfc5d3fc2ffb850ced55773cfed3706449c051368e42d74bd7c818e,SIMULATION_100_BAYESIAN_LINEAR_5_PILOTS_SAR_LAMBDA_2.zip,Bayesian_linear/production_checkpoints/replicate_054.rds
Bayesian_linear/production_checkpoints/replicate_055.rds,34883,5e158ea7bafa1f711225038a158aa06e,cdeda86e973a66746458ca68eda7f12a23ae7c665e3486c98529e0c960f64686,SIMULATION_100_BAYESIAN_LINEAR_5_PILOTS_SAR_LAMBDA_2.zip,Bayesian_linear/production_checkpoints/replicate_055.rds
Bayesian_linear/production_checkpoints/replicate_056.rds,33721,19b850265554c33e428ce573867e4c9e,20ba511fa2df1c57fe100ccff72ea72d3379c6239fbf832ffc75c9531d98fc74,SIMULATION_100_BAYESIAN_LINEAR_5_PILOTS_SAR_LAMBDA_2.zip,Bayesian_linear/production_checkpoints/replicate_056.rds
Bayesian_linear/production_checkpoints/replicate_057.rds,33607,19d22dd7832d6d9170f7a92929882c94,bdc08eac0c85b1a6162aa514db41bc12b255d14c7649c3a7017c24bdb3550b73,SIMULATION_100_BAYESIAN_LINEAR_5_PILOTS_SAR_LAMBDA_2.zip,Bayesian_linear/production_checkpoints/replicate_057.rds
Bayesian_linear/production_checkpoints/replicate_058.rds,35087,ca6937cc50ae6c57b496b9f5d7770f8c,e09a996107163b900e7a69db001b15ea3ca14ec361ce2897928a469b2b4a44fb,SIMULATION_100_BAYESIAN_LINEAR_5_PILOTS_SAR_LAMBDA_2.zip,Bayesian_linear/production_checkpoints/replicate_058.rds
Bayesian_linear/production_checkpoints/replicate_059.rds,34019,182f8f9242c83b41b14100fce85fed7e,8a26ebc3f335a3878c91b45785b1311b15b979df0d9fd5323355d27cf7945cc5,SIMULATION_100_BAYESIAN_LINEAR_5_PILOTS_SAR_LAMBDA_2.zip,Bayesian_linear/production_checkpoints/replicate_059.rds
Bayesian_linear/production_checkpoints/replicate_060.rds,34490,4309a724acfe87707ab10dfe0c6c9a78,f59f093087a06a90317c7203e57f4031cdf5051e4c27facc8cf4cd9be9b9eefb,SIMULATION_100_BAYESIAN_LINEAR_5_PILOTS_SAR_LAMBDA_2.zip,Bayesian_linear/production_checkpoints/replicate_060.rds
Bayesian_linear/production_checkpoints/replicate_061.rds,34704,d359c5b6946459cbf6cace4515384611,a35fbc12654dff6830ddcb396fa696e93389535a1c86dab57b3dc1ec945a5edb,SIMULATION_100_BAYESIAN_LINEAR_5_PILOTS_SAR_LAMBDA_2.zip,Bayesian_linear/production_checkpoints/replicate_061.rds
Bayesian_linear/production_checkpoints/replicate_062.rds,34557,259418e2056e6aad9115edb15bd06cf7,36234ebd720e7160b71a12bf58f13c8d44dddab37d0c250d98b725d8e04373e4,SIMULATION_100_BAYESIAN_LINEAR_5_PILOTS_SAR_LAMBDA_2.zip,Bayesian_linear/production_checkpoints/replicate_062.rds
Bayesian_linear/production_checkpoints/replicate_063.rds,35124,081f4318fd45cf3db77a5f8f498127f1,c3df566211ad8de28edbfe064b14d2cb2cf74a09f01e027de327de0999f06ae7,SIMULATION_100_BAYESIAN_LINEAR_5_PILOTS_SAR_LAMBDA_2.zip,Bayesian_linear/production_checkpoints/replicate_063.rds
Bayesian_linear/production_checkpoints/replicate_064.rds,34171,726f5fa1cc5015cdeb9e3b95ba778d1e,4baa857a68da091115b97fdfe0c0819d62503d74adc97d3b0d36d4de8c73caf3,SIMULATION_100_BAYESIAN_LINEAR_5_PILOTS_SAR_LAMBDA_2.zip,Bayesian_linear/production_checkpoints/replicate_064.rds
Bayesian_linear/production_checkpoints/replicate_065.rds,34660,04610ef29e8de67a83180ac1b2f5db0d,deb5f955f0c565d99363b5089d0b672fdd15af36ce61bea95dd0edb0a561308f,SIMULATION_100_BAYESIAN_LINEAR_5_PILOTS_SAR_LAMBDA_2.zip,Bayesian_linear/production_checkpoints/replicate_065.rds
Bayesian_linear/production_checkpoints/replicate_066.rds,34434,3e9c7a3c5dc340b3c2a82fe68f97f101,4699e4d4de69b4b484886d9fe52b03f6e79579df3695fb646f8f38b92a7eec7a,SIMULATION_100_BAYESIAN_LINEAR_5_PILOTS_SAR_LAMBDA_2.zip,Bayesian_linear/production_checkpoints/replicate_066.rds
Bayesian_linear/production_checkpoints/replicate_067.rds,33567,33bfb2c2efc4d9f862d8aa5196aff45c,bfd6c46c655928b4d3d4b3aad88f21020b790f60a50eaa5b8c25f671d551ba93,SIMULATION_100_BAYESIAN_LINEAR_5_PILOTS_SAR_LAMBDA_2.zip,Bayesian_linear/production_checkpoints/replicate_067.rds
Bayesian_linear/production_checkpoints/replicate_068.rds,34048,ba68fafc1ef7b4d2e009232ed42104ad,a360440ff9d2299c580c49c986ec2793bf316c5e1bf693c06d64dae998695efa,SIMULATION_100_BAYESIAN_LINEAR_5_PILOTS_SAR_LAMBDA_2.zip,Bayesian_linear/production_checkpoints/replicate_068.rds
Bayesian_linear/production_checkpoints/replicate_069.rds,33728,68af0021edd4261906d7c717cd9c2089,2590a1d99e60e599908007075711cb04ea3ac787ee9d89f703fa30ce3c36582f,SIMULATION_100_BAYESIAN_LINEAR_5_PILOTS_SAR_LAMBDA_2.zip,Bayesian_linear/production_checkpoints/replicate_069.rds
Bayesian_linear/production_checkpoints/replicate_070.rds,33602,280f684ec9203b9b9172da9899a144b8,09bb6a2931fa907a56b70f33a7c7a435fb6f9dead1110c1bc4f3f9d123ae4df0,SIMULATION_100_BAYESIAN_LINEAR_5_PILOTS_SAR_LAMBDA_2.zip,Bayesian_linear/production_checkpoints/replicate_070.rds
Bayesian_linear/production_checkpoints/replicate_071.rds,33528,a8d3c089b8a5a91b62238733dadcf792,a40d01b901efb26614bf4a23ef19f443f432a6dd6efdbaae0080008be3316df7,SIMULATION_100_BAYESIAN_LINEAR_5_PILOTS_SAR_LAMBDA_2.zip,Bayesian_linear/production_checkpoints/replicate_071.rds
Bayesian_linear/production_checkpoints/replicate_072.rds,34141,9c16e928fc06083215fe9a4b3cafa8f1,f426efc842332d2f45f5bca1904f649ea2860be5da9ae5b084ea905117f5be32,SIMULATION_100_BAYESIAN_LINEAR_5_PILOTS_SAR_LAMBDA_2.zip,Bayesian_linear/production_checkpoints/replicate_072.rds
Bayesian_linear/production_checkpoints/replicate_073.rds,34382,9a1030649453a310ce58ccdb488bdab6,84e30f4d5956fd50937a3a558f7744ade4aa84bc44ce3f5db9449c1818fc4863,SIMULATION_100_BAYESIAN_LINEAR_5_PILOTS_SAR_LAMBDA_2.zip,Bayesian_linear/production_checkpoints/replicate_073.rds
Bayesian_linear/production_checkpoints/replicate_074.rds,35137,5be49ced34d6e707bd6c542e08f7334e,5a656dbbcf5f3dd71a8e7a70521d52674e9c39b24933c36a5ce4b915931e27b7,SIMULATION_100_BAYESIAN_LINEAR_5_PILOTS_SAR_LAMBDA_2.zip,Bayesian_linear/production_checkpoints/replicate_074.rds
Bayesian_linear/production_checkpoints/replicate_075.rds,33586,b40b278aa66ba57496e8f7005e8c91f9,07eaf73eb4f1deadff258e9c3058fa2da4fcad930722576abe10dc5a94cc27f6,SIMULATION_100_BAYESIAN_LINEAR_5_PILOTS_SAR_LAMBDA_2.zip,Bayesian_linear/production_checkpoints/replicate_075.rds
Bayesian_linear/production_checkpoints/replicate_076.rds,33869,7034f0dff7a191d5e0078c9e7259fb80,a25e7343733b880f9859580262b0de0cfbdcb65262e9e6c8f7de1500a814d8e6,SIMULATION_100_BAYESIAN_LINEAR_5_PILOTS_SAR_LAMBDA_2.zip,Bayesian_linear/production_checkpoints/replicate_076.rds
Bayesian_linear/production_checkpoints/replicate_077.rds,33527,b24def684564e9cf7524d6349d27a1d0,49d500aa45a0fa1d89f4dfb296c920f2d04934427edc92edd930d81aa0ebe184,SIMULATION_100_BAYESIAN_LINEAR_5_PILOTS_SAR_LAMBDA_2.zip,Bayesian_linear/production_checkpoints/replicate_077.rds
Bayesian_linear/production_checkpoints/replicate_078.rds,35215,fb16ebb372bc403fecf5782fd8482fda,7c80185ed0e25f80d293213cca2351e0688ad80316fdafd2259c60d92f648cb3,SIMULATION_100_BAYESIAN_LINEAR_5_PILOTS_SAR_LAMBDA_2.zip,Bayesian_linear/production_checkpoints/replicate_078.rds
Bayesian_linear/production_checkpoints/replicate_079.rds,34236,4d7c858abfdf002baecbda9b895d9e16,7e23be97d2256d1e2ba5edd3ae0dfa6162fd3812ab2a1bf5538d222a29245803,SIMULATION_100_BAYESIAN_LINEAR_5_PILOTS_SAR_LAMBDA_2.zip,Bayesian_linear/production_checkpoints/replicate_079.rds
Bayesian_linear/production_checkpoints/replicate_080.rds,34449,751fe6bc5ea9af3310fa91f0e844b313,99fb24bd18db701c538a9d8fa227908c98490ddb46a18c9cd49bab5881b43b48,SIMULATION_100_BAYESIAN_LINEAR_5_PILOTS_SAR_LAMBDA_2.zip,Bayesian_linear/production_checkpoints/replicate_080.rds
Bayesian_linear/production_checkpoints/replicate_081.rds,33776,47b392ffe9d813baef70e134d0107af6,1a098eb583c24edc6f9f23e7155b0206b88d2d4b0b7f7fce98af8c81a3a7ce42,SIMULATION_100_BAYESIAN_LINEAR_5_PILOTS_SAR_LAMBDA_2.zip,Bayesian_linear/production_checkpoints/replicate_081.rds
Bayesian_linear/production_checkpoints/replicate_082.rds,34217,2da358ce31d2501d66caa2326c5ece2e,f586041d309b666b6eca7d0eb1ad7ef6ad5c9cc16cd027e94844d4ab9ff77691,SIMULATION_100_BAYESIAN_LINEAR_5_PILOTS_SAR_LAMBDA_2.zip,Bayesian_linear/production_checkpoints/replicate_082.rds
Bayesian_linear/production_checkpoints/replicate_083.rds,34321,f2f34c64f298b8a8ed3bbccb858eda96,e8afef6f2fc7bb0c039c056557f8cfd6cf3ac1a4e9c91c60a7fadcadab9b4d7f,SIMULATION_100_BAYESIAN_LINEAR_5_PILOTS_SAR_LAMBDA_2.zip,Bayesian_linear/production_checkpoints/replicate_083.rds
Bayesian_linear/production_checkpoints/replicate_084.rds,33914,16558e84f887012a5312a4b760f0504e,53393303c56bac33af7e80dfaf3b12475afe417826051eae955975366f245d5c,SIMULATION_100_BAYESIAN_LINEAR_5_PILOTS_SAR_LAMBDA_2.zip,Bayesian_linear/production_checkpoints/replicate_084.rds
Bayesian_linear/production_checkpoints/replicate_085.rds,34048,bfcde40e0fe5edb7f0ab581dcdbb0a4b,75d2e4b856e03b4dce806aae4a7a0dff3feb972f8869992d350b2bad9adb71e4,SIMULATION_100_BAYESIAN_LINEAR_5_PILOTS_SAR_LAMBDA_2.zip,Bayesian_linear/production_checkpoints/replicate_085.rds
Bayesian_linear/production_checkpoints/replicate_086.rds,33466,86e52a3fcdcf31ac0af89e78a4f951fd,60ef36653061f6ac456b8b0592c5bce4e8504044771bf8613a589faced39e85b,SIMULATION_100_BAYESIAN_LINEAR_5_PILOTS_SAR_LAMBDA_2.zip,Bayesian_linear/production_checkpoints/replicate_086.rds
Bayesian_linear/production_checkpoints/replicate_087.rds,33440,6f3f9ceeccd16f1f285fccc44f489074,b7156b11f3b81e7b451e9674a9b7d32e923c13abe3d8132610515cffb54717a4,SIMULATION_100_BAYESIAN_LINEAR_5_PILOTS_SAR_LAMBDA_2.zip,Bayesian_linear/production_checkpoints/replicate_087.rds
Bayesian_linear/production_checkpoints/replicate_088.rds,34709,62db634879d7e207a2a56f15d526da11,6d6b51d59e512faac7a0e44ca855016bc1084abe0c24fe9a62b08ece22581ff2,SIMULATION_100_BAYESIAN_LINEAR_5_PILOTS_SAR_LAMBDA_2.zip,Bayesian_linear/production_checkpoints/replicate_088.rds
Bayesian_linear/production_checkpoints/replicate_089.rds,34923,44f09988c40efa6ef8810d6d93f4b308,caa0d06db16dcb51fb528497912d48a37d3e2ab8972ad945417781f798d167e4,SIMULATION_100_BAYESIAN_LINEAR_5_PILOTS_SAR_LAMBDA_2.zip,Bayesian_linear/production_checkpoints/replicate_089.rds
Bayesian_linear/production_checkpoints/replicate_090.rds,34291,6ce35e3011d75be67c539d2d487adbce,4ff1dab3484303de43fd04e715984cbaa1b455a2374a465cdb8f60596a0d29ab,SIMULATION_100_BAYESIAN_LINEAR_5_PILOTS_SAR_LAMBDA_2.zip,Bayesian_linear/production_checkpoints/replicate_090.rds
Bayesian_linear/production_checkpoints/replicate_091.rds,33063,9029d9b097ba0c46f522d8c42e50f986,1bde17bc0c0643b449753a2ffe2cebd63d9dcecaf9e4f33aad1af9e4f981b06e,SIMULATION_100_BAYESIAN_LINEAR_5_PILOTS_SAR_LAMBDA_2.zip,Bayesian_linear/production_checkpoints/replicate_091.rds
Bayesian_linear/production_checkpoints/replicate_092.rds,33984,b61755f51f2d8a31cdeb47a5a2566a38,af86667f6024f1a59a93b28943ab104b2db54d6744118e2c2226126ecc23f7b9,SIMULATION_100_BAYESIAN_LINEAR_5_PILOTS_SAR_LAMBDA_2.zip,Bayesian_linear/production_checkpoints/replicate_092.rds
Bayesian_linear/production_checkpoints/replicate_093.rds,34507,7784a36f43554ce7c43f56e2aa2e223f,68f499704d60e6163eb82702e0c1648eb4c5a2cd469a3f1889004d34035cb2ad,SIMULATION_100_BAYESIAN_LINEAR_5_PILOTS_SAR_LAMBDA_2.zip,Bayesian_linear/production_checkpoints/replicate_093.rds
Bayesian_linear/production_checkpoints/replicate_094.rds,33905,a15bbda33c940365e3bd764f26d91ac8,32c199fbe3976773fb329d860d14510823b5413e087a006f68b138c940ff9f75,SIMULATION_100_BAYESIAN_LINEAR_5_PILOTS_SAR_LAMBDA_2.zip,Bayesian_linear/production_checkpoints/replicate_094.rds
Bayesian_linear/production_checkpoints/replicate_095.rds,33889,52a01d3cf0e0f0afbdd8e6109500e66b,2d7f37b874282d4cac64b20059479d009e9993bc0286a857e06ffd4121ae1583,SIMULATION_100_BAYESIAN_LINEAR_5_PILOTS_SAR_LAMBDA_2.zip,Bayesian_linear/production_checkpoints/replicate_095.rds
Bayesian_linear/production_checkpoints/replicate_096.rds,34340,b0c97826b7ed8c2f6501d2e3311d5b50,1a40247249fba5405e9faac5aa52e499454ccdf0607c7d6dfea3067beb7ae154,SIMULATION_100_BAYESIAN_LINEAR_5_PILOTS_SAR_LAMBDA_2.zip,Bayesian_linear/production_checkpoints/replicate_096.rds
Bayesian_linear/production_checkpoints/replicate_097.rds,34091,a3247f1efb475aab030a0b1a90a6a0b6,4823529fcadd7262cb8de0bedfd422d175c47de4bcc9b3132649eb97358c2a95,SIMULATION_100_BAYESIAN_LINEAR_5_PILOTS_SAR_LAMBDA_2.zip,Bayesian_linear/production_checkpoints/replicate_097.rds
Bayesian_linear/production_checkpoints/replicate_098.rds,34702,57834a562d17a0704a7ccfae712ea947,07a914fd2ece0415ad371d817369d775b112d807ac8b8b4634bb97d6fbcf2881,SIMULATION_100_BAYESIAN_LINEAR_5_PILOTS_SAR_LAMBDA_2.zip,Bayesian_linear/production_checkpoints/replicate_098.rds
Bayesian_linear/production_checkpoints/replicate_099.rds,35007,8e611433e8b2fadcfece4f095d9e7d87,898fad250cbae83387f3b04313e1ce182d364a3468a028f65dfde591bb21731f,SIMULATION_100_BAYESIAN_LINEAR_5_PILOTS_SAR_LAMBDA_2.zip,Bayesian_linear/production_checkpoints/replicate_099.rds
Bayesian_linear/production_checkpoints/replicate_100.rds,34767,73816a1b57361c2a052310f8d4f808d6,f3099c5384bf90225fd5976f6e5482470d4a5b1ab76d8b6c116c144b22c7c040,SIMULATION_100_BAYESIAN_LINEAR_5_PILOTS_SAR_LAMBDA_2.zip,Bayesian_linear/production_checkpoints/replicate_100.rds
Bayesian_linear/production_seed_table.csv,4066,b5dcd32f6430b1d3e4a7fae71b41de83,497f1632bf76a32581f9f83486291f0ed17ef38ac27d503b2d3cbc844d2c147c,SIMULATION_100_BAYESIAN_LINEAR_5_PILOTS_SAR_LAMBDA_2.zip,Bayesian_linear/production_seed_table.csv
Bayesian_linear/sessionInfo_Bayesian_linear_simulation.txt,847,a73563ec98012acc951d31fc06a2d2ca,fc740320f69c38b6b8d740458af1a54ba8baa1bd61a0a83aee3b1fc0a3347a28,SIMULATION_100_BAYESIAN_LINEAR_5_PILOTS_SAR_LAMBDA_2.zip,Bayesian_linear/sessionInfo_Bayesian_linear_simulation.txt
Competitors/SAR_selection_Monte_Carlo_summary.csv,1039,1848454d36c58571072dbbb2829d423d,19d565387ac5499cbe89b038109eb6473547287eaab39e26042cdd106e0c9d0e,,
Competitors/SAR_selection_diagnostics_all_positives.csv,633288,1f61c48acd7a5654db5f239585819bdc,e9e55d97b5fd5d09db8612d64a6ddc7ceadf6f5d1c1efb5f9e12cd3961695779,,
Competitors/SAR_selection_summary_by_replicate.csv,14471,3fd02a12b6b88a0f283869eb28b212fb,debe639b69dabf962fe2af45061724151a29894570368c3912e09f873a782be8,,
Competitors/competing_methods_FINAL_MAIN_TABLE_means.csv,2248,2b827ec4af8ec77d67406c96103a21fe,f566396fbcfbb3f85c2f8fa9f496b05084e3fff1e021135e6350effc39203a6d,,
Competitors/competing_methods_FINAL_PAPER_TABLE_mean_SD.csv,1895,67b822b3f5f7155d81a0463eb3efbbd5,996198a38a9bb27e11fde160fe886ea6d71b14f76a3c441853a66a4a14dbdc3b,,
Competitors/competing_methods_all_node_probabilities.csv,63733083,f53d9871b7dfd683d13b73f7d72c13ae,093d60d4bb4c3ead56bf3b7886f423807a9bc2c836fd92f3673329fc6fd4fc17,,
Competitors/competing_methods_failure_log.csv,75,f9cea9f131ac5aca5bea2d251c006216,0629a6b5e1064a308a3a7043337e5621fdc3c7c9fa295e2af7c9c464413f8f7a,,
Competitors/competing_methods_metric_summary_long.csv,21247,47241b9335fb3510872560eecc3a30ee,c8ddf8bceab2c272e8e85d547da7cb1e5b296b0339c04d4ceacf160bb7368cdd,,
Competitors/competing_methods_metrics_by_replicate.csv,240096,2868c3acd75b1d34b6647408876c8179,c8ad058ed53156bd8dd0cd159183de79cab80cc9d5af7512cd4f7c9909d627f5,,
Competitors/competing_methods_uncertainty_metrics_80_95.csv,867,f5a15a2546de1a6e41d2984239dedb4f,c9c350d572c1d98e8690fc19b828983c2639893bcd288f0ef4805de8456d9983,,
Competitors/generated_geometries/replicate_001_geometry.rds,95163,8b0c3a7fe959e7cf949a9e7e2a4b12d8,dd89854822e298f9cbd97e0d7f4fc56432daac5fb52a81239df8296df83f4ee6,,
Competitors/generated_geometries/replicate_002_geometry.rds,105098,391abc8fc4960377315ec3dcb2196fb4,adfb405f8b128efb23bbe6dfa7878e336898ca129e0cfa6e5f515510ada5f12e,,
Competitors/generated_geometries/replicate_003_geometry.rds,92251,46b0c43758a410524dd538db80fc5c70,f488a6354649095b2ed93131945849e5c29ea9454ae5451d6169f0337f53da91,,
Competitors/generated_geometries/replicate_004_geometry.rds,92355,1f4e9b38e7fdb0bf1f00fdfd7e479b7f,fbc45f902de73b0e51f9f5a3bdd0f12a75247997d1426bd8d1b340d380dbdcfa,,
Competitors/generated_geometries/replicate_005_geometry.rds,95413,1a15dfe1c5fc13bc22e45f77b78811a3,5b9307ada220c92c1e9cb95392761dfb9cf655763881f354bc28defe72fa6838,,
Competitors/generated_geometries/replicate_006_geometry.rds,92064,c2785241e44036780f604a666bfb4263,532add68b81511e4ebdb9b991d76da47b6fa26349f701f21eec69a1faa0c5f8d,,
Competitors/generated_geometries/replicate_007_geometry.rds,92181,a65b2c41e763816cc11590831958e55f,d42986bd0e2759ee611ad25764dc68f2f7d1e68d50f0f173779d10f149064063,,
Competitors/generated_geometries/replicate_008_geometry.rds,91982,e15f3cbfb8522209d6728dd4e0fcbda2,97d1400d769fd3d333b8000a434e8fa48835cb6315d9c5801122632c9ec15182,,
Competitors/generated_geometries/replicate_009_geometry.rds,98667,4c9acf114ea0e9b6218b23965a619f80,462c13f7d5f618af557caf8fb30ebd0401d762ffece6811ea78186134714c3ec,,
Competitors/generated_geometries/replicate_010_geometry.rds,92217,39f709c93130cc7519e29b4676013ede,42f3d991f596b7624c420177920e5ae1a141f70b6f7f7a71b31527f8e455b7af,,
Competitors/generated_geometries/replicate_011_geometry.rds,92410,b2d9812cc71feea6044599c42c3ae455,d6cfcb58ac292f8e3d44a28ea6da296e407af44179c5f3aa8a981fcf73d66078,,
Competitors/generated_geometries/replicate_012_geometry.rds,92080,7280f3ddd6ed00e2be72ef4ce2c9c5c4,97d0da01105fe9e443efa448a1a2b64062a3e7dc479e7bfc1fc5bcd4f9971038,,
Competitors/generated_geometries/replicate_013_geometry.rds,92246,0402622d3492e98c2b04c317650483d9,bf1d851a98a02d7ac40925c20796786178ad5bb46f5092f259cab03bcf795ddc,,
Competitors/generated_geometries/replicate_014_geometry.rds,91890,514ce9ff3e2acf1688ad7c1a66793763,e7846690b49c24dfda88f673a6ad99f9b49f6407e91821ab213712702f2abad1,,
Competitors/generated_geometries/replicate_015_geometry.rds,107964,4890da21338acf8a668091d712476948,e5fc071173c68f6cb5127177af5c6025a593892f41db24649bb852b7853af8a2,,
Competitors/generated_geometries/replicate_016_geometry.rds,98559,ed6a47978595a5b1c68b5b99034c5196,03e5b3161348136e1f627dc59df79634b4398d364ae339c082957e13a41e195e,,
Competitors/generated_geometries/replicate_017_geometry.rds,95296,78fb269ab7f3439ac19ba08e9c33bb2b,9c0f4dfb693cc98b9e0a87e2cce6444ec8dec03e033a2e0dfdf852d427afabda,,
Competitors/generated_geometries/replicate_018_geometry.rds,95330,04ba6bd83b7a4d3e217453c2fae70cbe,d06238f3d3922cfe207899b1486b9c56ca600b14441149d01332d8d734ed9581,,
Competitors/generated_geometries/replicate_019_geometry.rds,98661,29a8bbf39dc58ef054e519cd6babaa5a,e04ffc0b99b8454645ec7a6369f9327432c6a10a478189f88f77a2ea8e037cea,,
Competitors/generated_geometries/replicate_020_geometry.rds,98219,d1dd30af06f3a63b44861ea3703f145d,1c2a2718fa8e30453c4ee48629332f480fcf99372a9fb4ce219c869ce9e67f12,,
Competitors/generated_geometries/replicate_021_geometry.rds,92373,65c0992833deeffc19ae889ae27e0b10,1e7ca0dc68b6d7fc4cb704c2b6122ab53a35766f9594384d2133e198c19fe9b9,,
Competitors/generated_geometries/replicate_022_geometry.rds,95518,4bd6e83377c17cd7babb89e486ff83d3,23c4f9a0f400b24640f6fe5bf7fd4d43cb60f004d1c47aa691098541cefbfd00,,
Competitors/generated_geometries/replicate_023_geometry.rds,92523,2e3dfbd3067ea9ab5b4f9079626d9013,512633cae5b1e9a4197001cbe15258c52722c1d82490c088cedd6a6698c7ef10,,
Competitors/generated_geometries/replicate_024_geometry.rds,95020,5e8802e310477492eeac9f8564a938d1,81787181531fa719355e4d25df70d11a7e4cdac6db9e4fcbbedb0c754e62d87f,,
Competitors/generated_geometries/replicate_025_geometry.rds,95578,40caae79206b011458d9ac4c45d51276,c81998b766170c37db58cd9deb584f14faaf072fabdee7e6d48e5153a8af3603,,
Competitors/generated_geometries/replicate_026_geometry.rds,101868,610ae27935301e04a8bd816302da8e11,18c0895bfff0e3923e0bfbd3383b67c41b722b75e25f5d7aba9432464b35123c,,
Competitors/generated_geometries/replicate_027_geometry.rds,95374,f87a686441cd8b8136f930c8859b5b78,6b6733168c30f4099baed3e249a09b4c9893bfa8f51b721e908bd13fdaf23f39,,
Competitors/generated_geometries/replicate_028_geometry.rds,107943,8751a6d4e61604d762e0caa04603cd59,77886981dd11d6d7bc88261d85adbc06c8ca7526f95bcc384b6bc117fb85636c,,
Competitors/generated_geometries/replicate_029_geometry.rds,95416,14b5b01be27184cba66ffd7b93b82444,dcc0950ef870a81bcac567f0e9f3833e83db26e963d4e551d8fa103d73f7e0ae,,
Competitors/generated_geometries/replicate_030_geometry.rds,98435,3cc8caad1604fbb6021df837864c9bf8,0f7007419ac139f0d8dcbb90b5252747068692748ebcc9e6947a57e805ac90de,,
Competitors/generated_geometries/replicate_031_geometry.rds,95353,373912b050250c3573d0edccbc91e591,57ce9a877c67f326d1de639604a614e8e643c6196f4a601d53ec31e46294cef7,,
Competitors/generated_geometries/replicate_032_geometry.rds,92328,ffe9cbee35c8af0bda35cc3dcc0a29ed,e7caca1f98cf93315fe408205681a24a59492d2bd46c0c7cf0a316a8788e39d0,,
Competitors/generated_geometries/replicate_033_geometry.rds,98785,ee1ca089c5525c96de1886a1a45ecba3,03011aa783124779f0efa200c882c33857602a860af459ff072449e62b9c1eae,,
Competitors/generated_geometries/replicate_034_geometry.rds,92423,975f4357a37741d1dc75b1c34cfdcf69,56891ecf28399e3f9f84d637227fdb5e2ddb49e85e2109fedaeba747431e0e6f,,
Competitors/generated_geometries/replicate_035_geometry.rds,98381,6947f26615e672c247c2639a89d0233a,8e120b2f8f6af924f4ff5755ef739936cdcc8d8a4513790a8d971ce2943f4c58,,
Competitors/generated_geometries/replicate_036_geometry.rds,95592,06548a4dcd407e2392adb27a2bfa74a4,c0cb0b80887bf7990a02a1be3d1dc0bf84d16772f39751caffdb2379c98ee969,,
Competitors/generated_geometries/replicate_037_geometry.rds,104987,018b400a6f5af556526541f3d4b83deb,eb2886d13941cb5fe7af7a3b46e6d131c269f5e58fa7855eeef9cfd7e0cdef19,,
Competitors/generated_geometries/replicate_038_geometry.rds,145316,d8cb8eaf8ac04fa4582118688640f08f,28145f4e51c4ae29c391b925782a55d4784955409764bf762c50e652d62a5562,,
Competitors/generated_geometries/replicate_039_geometry.rds,92227,a5f97480a267ec901540bb3f2cced4c0,507814b89d67687d71a22cb2bdde31e52746f276ad30ad3ffd9f6b54e0b35d4c,,
Competitors/generated_geometries/replicate_040_geometry.rds,92182,b03cffb50a05afabd911a88987c2fcdd,1201e23378b41afab1ecff19bee8f4a724b522b147561068eb8a177fd0ed797a,,
Competitors/generated_geometries/replicate_041_geometry.rds,95605,4d521c627122f1bad8430d55b9dd5b14,803366939d8b6ac0a463e3b51f02989a65e9fb7bb489ab96844282586f58c180,,
Competitors/generated_geometries/replicate_042_geometry.rds,95539,8d0b58a208f5d4f5ea9f37d7af74cd33,1207af12e241337eaa617d44d1b693f5ac1b1d35361ea05297682cf032871c40,,
Competitors/generated_geometries/replicate_043_geometry.rds,95274,6aaf3810e0db776f88535d324a51d803,3cb54c9923ee275c1547dcf001075f101f7ce7c7576be2934041a0265fc059fb,,
Competitors/generated_geometries/replicate_044_geometry.rds,95353,27e920fbe0f38a5b5ac4460e508566d3,979c834fe7b1820ec6ad3062dd18709d68d4ba9607ad8c0b3b382d2a2e2b4c5c,,
Competitors/generated_geometries/replicate_045_geometry.rds,92311,295b6f760dc3b8775a7cb9961b3c408d,bae7f51e29eb273b0c1a7550579d43b60cb1b0eb1a74ae2e340ef647adbcbdf0,,
Competitors/generated_geometries/replicate_046_geometry.rds,92577,bd64eec93341182f856b27ac034122f7,dcde5f1bda9d9a49876e4c8c3be6284e094b26644bcad89420664c7ebaa25e47,,
Competitors/generated_geometries/replicate_047_geometry.rds,95418,27c744c58c75b0ab8b93d22686d009a3,084ea282cdbdcee690b3b24cf9e862270c42a81548445dcc90b87561d6faae14,,
Competitors/generated_geometries/replicate_048_geometry.rds,92186,c648c85e386e623f2ae02587bc51705a,325cf2da3def3cbb76f23ba357d139ed42c4f71250d1568b631a6f78ffc37938,,
Competitors/generated_geometries/replicate_049_geometry.rds,91979,ac68e00a4144f5534ca12409391eefbe,29003145d6a6a605c3a862af5c3a6807d61880f38cf40126140bd5a153d37a3d,,
Competitors/generated_geometries/replicate_050_geometry.rds,92290,cbf7294f0137ca5b30bb02936dc5808e,2a6fc3d049e80ba5dd2407eec27e05536b7f3419e6fac6c2a0e8e04b7355c1a6,,
Competitors/generated_geometries/replicate_051_geometry.rds,92510,e4517626bc2711bc1d15f2e948daab5f,88c3e5e7f8818e0c5379e9b7732d2e1525d1ff63d470d5f26bc7de43c74a25cd,,
Competitors/generated_geometries/replicate_052_geometry.rds,95470,ea886e78fcf08392a7c7f0860d11a07b,b9ddbbb65fc679b7947cea6f172a3fd59e6fdb64d0b6c83b1bc8c33d32e27357,,
Competitors/generated_geometries/replicate_053_geometry.rds,92479,2fd901dee581693e185607cda3bebd8b,533622fa3f2d4eab4e52207732b58620290e10f6ec961cc6fa66b7e5b4b85c75,,
Competitors/generated_geometries/replicate_054_geometry.rds,95518,2a3f3b7a393f47095304fd41ee8c7c1c,2ce069b87fb75f63e3087d34663abd5ae83f1fe661d354827ac74d39e99a27f4,,
Competitors/generated_geometries/replicate_055_geometry.rds,91960,3cbb01a99530d3b04d27b12e69daf0dc,35ad190f89dc9a228df1188bb415c2ae0d1ea4a4b5e243db310538ed4544fcb3,,
Competitors/generated_geometries/replicate_056_geometry.rds,101789,6d2fb1ce430fa7ceb6189ea7aed91145,26967ccfa1fd88c76e07b78bc942401950d9081ac82d568e141cf971f87e27e0,,
Competitors/generated_geometries/replicate_057_geometry.rds,92267,66edd2ce9f70f27108829093c3ed28d3,cd749ae9f83cac052f2662ac52f2c287b87804a4e5309b6896778ca000998cad,,
Competitors/generated_geometries/replicate_058_geometry.rds,92416,2dbb591a35dc8db011e7597b6efcc2fe,0655a3b9fdf1ecbd534e1e41e5c070cbd645c54e85c89dea1371b0bd515840cc,,
Competitors/generated_geometries/replicate_059_geometry.rds,92361,41f03269fe73ab653263c2385f8e6675,79cf5f615cb591d8e714ebb6a9718334ba58b243415ce574f03543861bc86471,,
Competitors/generated_geometries/replicate_060_geometry.rds,92129,c08ee9f7b948d3d8b9794e682163d479,83e2d8b07cf994f49dbe4e2d2c010c9e2d37ab0e4c37ef8807be67560f6d11fe,,
Competitors/generated_geometries/replicate_061_geometry.rds,92142,db466dcaa95ff0a9f9a6992611b000a9,01c7a6f0b00deb6d02be693dac40dc66971dad992337206c63857dc3ac9d1a21,,
Competitors/generated_geometries/replicate_062_geometry.rds,92301,ab9a1045a5ae06f07ab43ad57dba05d5,b10be9d59745876ba2460e95270efc5e47c20367db6f38681e19bf3714a13f9f,,
Competitors/generated_geometries/replicate_063_geometry.rds,92339,8119ed44b3c615a53b71896a0cb235f9,16cb010e9a7c8991971342a378576d68adacda821309618a5ee664db04eb143b,,
Competitors/generated_geometries/replicate_064_geometry.rds,101670,d528d0a4d3146d1fcc98783d2b5f73d0,66715f372858f46e43bf4be0b977401673550aee1f5a3e7ad87d21d7e7c7bf72,,
Competitors/generated_geometries/replicate_065_geometry.rds,98583,930706eda58d7044da757cd5a2e70946,f7912a6a468bf2c4324a531bb89c19e67139b46ce5bdcab0e18c4b39e6a6c7b0,,
Competitors/generated_geometries/replicate_066_geometry.rds,92266,f8cb6108a13a870d41156ebbb6c4f24c,70afc5de2507d6315008f089550545c7e640e610f982da8caf52a57a7dc1c777,,
Competitors/generated_geometries/replicate_067_geometry.rds,92236,2faecd6c7709fa9545b92bc488eaf8dd,eb44b39d9a103589f8505f5d9c24799b95b48a9795769171da41d1385b07531c,,
Competitors/generated_geometries/replicate_068_geometry.rds,92293,fe880fef533099a3fa8164109ead8dcd,d7152b7db877702e94cc450703ccd2cac4660f6d04e73275d20f5d3575fc04bc,,
Competitors/generated_geometries/replicate_069_geometry.rds,95719,e48dc43a11261e6e38f1cf259334d259,cdbe4851b0f3a84b97dc816149cbe87c5d3dc5af1792eb725cae0118c897ddce,,
Competitors/generated_geometries/replicate_070_geometry.rds,98490,31f69b4292c521ca6d44bf25aeae6e2e,c5011083403dc6adf49e623d6f539073e5433399a009f8be1471c831be71331d,,
Competitors/generated_geometries/replicate_071_geometry.rds,98349,17d5d39b2ab575d418b4f167f34676a1,8e5a5198e88212ef42fef1474eeeda3056f0fa55ec7dfb10557b13837794311c,,
Competitors/generated_geometries/replicate_072_geometry.rds,95431,b7bfd242eb29eed0613e85160f257b4c,f3948d7357cf3704e89699cb88742398c165ccabf677ccb52e8af913ba3c77ee,,
Competitors/generated_geometries/replicate_073_geometry.rds,95464,fae7bf42e405093cff909341629a17a2,64ee72d0114b6fe7b7e67069a7f5264f4789cdb246aefdd1899bee012ed92839,,
Competitors/generated_geometries/replicate_074_geometry.rds,116962,7fb29e91fed15dc66d32144db61c2923,51c6865d0c46802a7894bbc6952e583d63d22f1086bfc6a908137a95b590f885,,
Competitors/generated_geometries/replicate_075_geometry.rds,92168,fc201efe38cc0efeb843707a9d097d4a,004b6442a19258eff6bd9cee9505b3bf5e884e21fb2ac7f9747e07ff79a18f52,,
Competitors/generated_geometries/replicate_076_geometry.rds,92162,b9cc80f9bd07e9886c421f6edb39c6b0,70e19f5b0036197d94c591ce4fb181dfa4cf09c0f6e25f9f0a90f45ca11a8e75,,
Competitors/generated_geometries/replicate_077_geometry.rds,98594,672be7630acbc2bac0ae63216277c33b,1d7c0e4dd9bb0ee451fd28073a4e2fe6b7bfe50f0532fbf29e5d06a8deba6ae6,,
Competitors/generated_geometries/replicate_078_geometry.rds,95644,b2ad7655b7677e14584fd35054114b14,e1dbc406c9d9fdffd73ca6bf46cfcccb9c5dd57de2482707e410c07e0800efc1,,
Competitors/generated_geometries/replicate_079_geometry.rds,92142,cb70da6d10220c3635a39a93d2c46954,5720f63dffff30707d229220a665d6a38cd5deab6d745e2673cc80d492578e88,,
Competitors/generated_geometries/replicate_080_geometry.rds,98938,7845201e8a34b7d6eb3ac7a186b7369d,08e2e4db0c408ef8af8fe486cda9e75b028e72f649a7e4abd658db7a26d832da,,
Competitors/generated_geometries/replicate_081_geometry.rds,92118,d8177ce2f9c8f200a2fff3f982213598,16202ea7830d1b1cfd537ee6e6310782b5a938bd53f884b0e2ddfba6eb2d11d8,,
Competitors/generated_geometries/replicate_082_geometry.rds,92137,4b6ef481c0f236e0b1162e174eccc47b,851b8f5ba0a3d53d5609723e9f87cf669a348e5dfcba071b0b8629b17aa8c659,,
Competitors/generated_geometries/replicate_083_geometry.rds,101843,5453a6436654668182985d2ff5bb56b3,dbc2bfabae6f1446f70ccbccab9eb1772eaff722e699ff939b202a4d7ee888c6,,
Competitors/generated_geometries/replicate_084_geometry.rds,95761,47e482aeafb95ec2fd0d114b74fe2e5f,cfa1e0b04388c3fcb4a8b6ff76b5f606275b1851bd973dca4ea6de9e31f0da27,,
Competitors/generated_geometries/replicate_085_geometry.rds,92280,ac667016fda088738f765eb560b05757,f6c1c78af54cb349f764d49d7aeb6a167a1323902a8b40a0a519717964a2fae9,,
Competitors/generated_geometries/replicate_086_geometry.rds,92300,a0a80197d5c72d58b85c4db5d6783615,d667905b506affe816fa9f360169498fd1eb91cd4f3f4657cc87cc4d0629e8e6,,
Competitors/generated_geometries/replicate_087_geometry.rds,92451,e28ffdeedb94389293ec758734d73fe2,0e7740ae2b9e5c01975ff044a642f3cc4cd37188dc4df8512389acca1e55e96a,,
Competitors/generated_geometries/replicate_088_geometry.rds,102010,29a54b3d8f5dc5806d99c190208caec7,d178fc9eff7797368186e2a14dcebc5e42b3670a41ab6530d47f192ec02ddf4b,,
Competitors/generated_geometries/replicate_089_geometry.rds,95501,e5d0f645dd72a2405e012781d86d32ba,4ca1be067be2e7b74fe570520529011c428786437cdd6a5cf11c4ebb57cf22e5,,
Competitors/generated_geometries/replicate_090_geometry.rds,92157,8015ebfd93877b0587c5dfaea8db63fe,dbd1509430a07368f8a49eecb7de20ef5db75b11d9c01d78dd3e08ec457045f3,,
Competitors/generated_geometries/replicate_091_geometry.rds,91857,8052a8e9ccc92d0e20ed83bbbed649b0,1be6b7a0674209f6bb765d790548ea55ddbcd31ac506d6e7ba51dd41c3d820c3,,
Competitors/generated_geometries/replicate_092_geometry.rds,92302,e206571e88340b754e500dbcf50ea354,a0c9a11fb1cbc9d84e8e0d3282cd57ae59f4c222df6896f28c7e82961dfe0f9b,,
Competitors/generated_geometries/replicate_093_geometry.rds,92324,f7bffbac3e4e8c737e06fe7932de0537,c36fcf80713aca36d5066459e7b3f58af131f767a72514b17c36ada23570afbb,,
Competitors/generated_geometries/replicate_094_geometry.rds,92496,503b76296e8387e51a884aaa7f8d8832,23debac8b354c9b94d7dd8a4285803279706438df12b1e96d66899db8b453601,,
Competitors/generated_geometries/replicate_095_geometry.rds,92362,f573e98da574677abd4d4ec0ecb1c423,4df2948ac4529b0af5d660b1d56cfcb44b4f0abee44cbb3616f50127250954f3,,
Competitors/generated_geometries/replicate_096_geometry.rds,111016,b238553793111e0ed7e7acc36aa59208,8a26fc5cdfffe402f2ae8834a2ddfaef0644ec5fd42973d1ffd7f1e880b8b88e,,
Competitors/generated_geometries/replicate_097_geometry.rds,105208,5aa63e7e7b6cb67488d9196a970d9fe8,b5f3e0f6d4cd852c430b473e56b215be5250a478d706ded467de3626edfc0ee1,,
Competitors/generated_geometries/replicate_098_geometry.rds,92241,5b3aa69b3282cd39590caae02b0d5a34,b3e49a2bc25c2c0310301502433eb1ecea2421824b7e90257c446824fb23be1a,,
Competitors/generated_geometries/replicate_099_geometry.rds,92214,3515898263fd93ff7d4246775dc6af68,d98fe5bc10d9babafea69a02101aa6ce08823296a0cc4a2d2fbae49a1dcca0f2,,
Competitors/generated_geometries/replicate_100_geometry.rds,107988,dd3686b7eea4d864bcdd7f77cb482674,e4373db757af2b8035379184eae3de669208036d432b3df1593ea899993b99bf,,
Competitors/replicate_checkpoints/replicate_001.rds,53590,66d1904c7a0a8b57cc47c821fecf6822,69f53f1550ab8d69487da7ddb5860f17b47ccde7a6231249d9d779273d8f861e,,
Competitors/replicate_checkpoints/replicate_002.rds,52783,7d39b1b99d1690fef24080ad8ecb8d0b,a12319349b401cfefaaa172d2fb0580bcf7da6e5cc72197658efa372451d1395,,
Competitors/replicate_checkpoints/replicate_003.rds,52767,500cccb6074041a3c12f9792f0c18d58,71d212d530aca4002521fd1bc9b5976ac001293cea0085d243d7c18eade364bf,,
Competitors/replicate_checkpoints/replicate_004.rds,53043,bd06ac4f890000c24303f04649ade7c3,4ea4dc26a3fdfc5ea87d8554bc3171aa23885bc2283c35281956317e4b778404,,
Competitors/replicate_checkpoints/replicate_005.rds,53251,d7c41e2e9b322f18b17fb6b83a4e3db5,be986952f3a618f0bc3a7e6253e556f77d4e1e4e343381c8b18f8f54fc56d091,,
Competitors/replicate_checkpoints/replicate_006.rds,53253,855cd8f5c64836deead1f4bbef247b6f,0af7846818b3891d430a5da0aba76df9927a14f69ecc5823093f69c98d818567,,
Competitors/replicate_checkpoints/replicate_007.rds,53612,cd7c64274651cf01f9f908059551ed36,3d2fc1ec21bdbe2f3479215b887386314eae4358bb030d012bfcf0a94105cfc1,,
Competitors/replicate_checkpoints/replicate_008.rds,53337,d390372334d0acd8ae116e930d9f74e6,229df3aada397d84cb9091e9185d13a6a13e78358975a03a563e9c44f7d3179b,,
Competitors/replicate_checkpoints/replicate_009.rds,53293,0c29e28ed608cd6a04d57d053103244b,233acfbe2528ee1cc05143adf21d6e3debbec423bb1574255cbe598ea5fbf016,,
Competitors/replicate_checkpoints/replicate_010.rds,53167,653c8c996b090017bb29d5a8edca966e,2c52775204d8edc1589e9473b541df8eb30a2fdf1006cf87fb614950b298e904,,
Competitors/replicate_checkpoints/replicate_011.rds,53666,d9145bea1fb82ccb091c9f5fc56c1412,a0f5349ee05297f4ed6ad37319c6974fe9fe7312131abc6c930435e6a7c95662,,
Competitors/replicate_checkpoints/replicate_012.rds,53474,b53df97906f4f1e919954fbc96d00edd,795462acf0712c5ec8ea624d10e32b91a3e052fe95848c4f0814f6fad2cb5962,,
Competitors/replicate_checkpoints/replicate_013.rds,52936,6fe36f6134b4e99c0085c4838d35a518,80e22d685c7940ae176b1e34602a5ff0a7c9044ff41af5585142588338eeea60,,
Competitors/replicate_checkpoints/replicate_014.rds,53004,4c31524978ae97d5a9dac86c19efdf85,1c17b1eb37a8ef3d4b7586b2dad7e686f93487324bc7fab703c0750fb4ecabba,,
Competitors/replicate_checkpoints/replicate_015.rds,53248,2696ab9ee11566d2bcc8030c07375d16,bc392c3495b218818c0f18ab761b1c06570c063cc5e5fca5606d13de22aae1d1,,
Competitors/replicate_checkpoints/replicate_016.rds,53318,87db0bb7ac395b096d896a6f7eadd444,8d0ec0be954543c63b0138946eb7411f58a6d6bb0f62acc18d01e3f52704717f,,
Competitors/replicate_checkpoints/replicate_017.rds,53686,f80538281a98187720a60524bd5fae01,8f9e99202511ba66bbe03cf7a33c67cea03046e41437323f73756c40e56b0722,,
Competitors/replicate_checkpoints/replicate_018.rds,53179,352774b8ba0a848998fe9ac08f9032a5,e4b620cb14326eb0742e916210f870ce4865753a85bd662e4d371c4ccfd230c4,,
Competitors/replicate_checkpoints/replicate_019.rds,53146,57d2f7f4cb02df79f7bc19a6078cbada,b646839268451ba44b049dda176c0e32937f74597569827f8b215054caa3aad4,,
Competitors/replicate_checkpoints/replicate_020.rds,53124,abd9da83843ae8c0e7ed6c4a2f8c2595,e36ec377f667700c29e29d65a4961d8e79d4f3bfa6431e00e4f3232e3cfb5579,,
Competitors/replicate_checkpoints/replicate_021.rds,53226,b0dc53391ddc63459382a39b6bcd8321,c6b42f8d14ca9ba860c74a6c6281003c22783e9c26dd3173a25b0b48b6578be2,,
Competitors/replicate_checkpoints/replicate_022.rds,53285,ebd6d065d579c2177890b1ff7ad57b1d,51e97d125c4f36830a4fa0d6d05b2eb3a63dd97cf34131c7e3c7aa2a2f2d63c5,,
Competitors/replicate_checkpoints/replicate_023.rds,52953,a17665774606f15512c9d71519995382,d1fc62c43ccfff3e9db5aab6163990d811972bbdf19fea2c4fe8d575c0a2b9a1,,
Competitors/replicate_checkpoints/replicate_024.rds,53598,8e21bb8c1f5ff93ed7df3f8b000f5042,912bb2936ad4a6e0caf1b984156347e913b0c8300c3e6e645455f53e79151db5,,
Competitors/replicate_checkpoints/replicate_025.rds,53251,9e06ed4994bfff4f139ac114438b7331,0258bdbf244ee9b6e59e1f992fccee32e18390bcdb007a6ff61c736b25b9d79e,,
Competitors/replicate_checkpoints/replicate_026.rds,53578,920a977a7b9c7bd1256a71d405a15fe3,ff9414e0d7bad35ea71f2023f170975eea3520ab4ff1c87a5368d04bd7ab7bd9,,
Competitors/replicate_checkpoints/replicate_027.rds,53417,ee247df8abffcc42dc2fdc83f19e7d87,4f1bd92665cb98324e0334e17d370bb6b828d712c3e5867291dc6bb4fd03c765,,
Competitors/replicate_checkpoints/replicate_028.rds,52989,08730ac6759b23390df5332f4455d666,4dd355c454ebba01ef6231e7ad4b0eaa6bfaa616002022b250be261569592464,,
Competitors/replicate_checkpoints/replicate_029.rds,52789,80e6b2d51e11e068c3485b1d005102e3,473de510b400c5d578db16218a60e9593d0d07f1202a80b844a4e301f8006299,,
Competitors/replicate_checkpoints/replicate_030.rds,53369,60cf81eb7140c87cdc8df5faef64b05e,207e84e8876873e6bb88b786eeb1f455d9424659cf054b35737ea9de5c87ef39,,
Competitors/replicate_checkpoints/replicate_031.rds,52867,6c94e799e31ab0968eeebfb6c0f4ba41,5cbe58ea171e13d62081091b1fc296720181493ec0eb8e1c012fe3fa4474cbca,,
Competitors/replicate_checkpoints/replicate_032.rds,53140,64841227cc21cf06b20f114e86a8e179,cb4595ec39ce2e4d40b1c453275c88957ba742faeba1b70456504aa8c9498ed8,,
Competitors/replicate_checkpoints/replicate_033.rds,53470,fbe75121d76bf94f6b1577b2615664ac,f299cccbd07d22331052ad574e71d23ab72f2b600a4607498ee942c151e9bb24,,
Competitors/replicate_checkpoints/replicate_034.rds,53023,0246116a8caab57654eb03f2f16c23f9,18973b087d28246ac84b7d670b1585edafd14dd5ed209802e8149e2a63a72adc,,
Competitors/replicate_checkpoints/replicate_035.rds,53524,c216362d74dc3e60618f486baf2f9529,70a249e5e2bd7d7ceb6357973cd5422642b60c40b2fcd1a924170ef7d99e64b1,,
Competitors/replicate_checkpoints/replicate_036.rds,52799,e20810df82ba053de81e87e2c741f230,7e27574b9d726f427e5b8a146b9a7ae39dd38e2685d1be5560dcf4246600c638,,
Competitors/replicate_checkpoints/replicate_037.rds,53261,a30686514ec3aa0175ff069aeccf85d3,4046a5dc51ceed262f81bb031262855e98269fb6521b47f095e0717101068e9e,,
Competitors/replicate_checkpoints/replicate_038.rds,53695,c78961b4bdce5dc6c32e31b1f218a128,9d163f768400efa3da0f21a44dbd860ef1b961b88dfc6f62c23e446a9492909f,,
Competitors/replicate_checkpoints/replicate_039.rds,53591,f81cb0f7006627982788548da896aa3f,f626412134a2e7eb6063d6126e6608192427011cdc620f81fe3a8f8310fdc2a6,,
Competitors/replicate_checkpoints/replicate_040.rds,53406,00ee9e165dd6d5a20323bee285dfd8ba,c941f97d3f3a6ef1f16106e3fd300ce8f357c438b49528d371251b34c6ba6fa8,,
Competitors/replicate_checkpoints/replicate_041.rds,53090,a2c6c957473177b12c32a97fc1b15d69,d3b0b46e23e78a46303f8616f172e0d74ea5b7e9ea466c037c1171df92324c60,,
Competitors/replicate_checkpoints/replicate_042.rds,53390,995d8b92fb3ca2ee32addc5348c3a2fb,0fc1471bcbf6d6d30ac5ccf163eef7224e38e2d7ed6f1624539fb01b2cbe9adc,,
Competitors/replicate_checkpoints/replicate_043.rds,53487,0c41ee8efbe5f442c815a360942c6876,5b6a0e32dc28f036d12a7d7649503e9fa36aeb0b3992d7d14d4f3057f9349ef0,,
Competitors/replicate_checkpoints/replicate_044.rds,53250,0c0e7a01e6c0bdf716765caf7ed97fad,f8e6631005a700b46576ebdee7eded2bc4b2ae1bcb6e778077fda0489857588b,,
Competitors/replicate_checkpoints/replicate_045.rds,53339,98ac16ecaa7b1cee1281e1f4e238a99b,3e85ddf9a1f5a7145f5e0a236c8f08ad0f1e2e83a33a07350da8fa478f68eb03,,
Competitors/replicate_checkpoints/replicate_046.rds,53249,b7e984d938634b6283ccb9f0bcdfdc8b,bde3c090c8812e0964fdd50639c6e1e7e0894c8b1ac3235ad21fd67d61ef957b,,
Competitors/replicate_checkpoints/replicate_047.rds,53246,e7edfcd2251028368bc60cc518ec87cc,c870c93ec002b566750d2ae94bad7c17a67bdae02dedf14005ff896adfdee40a,,
Competitors/replicate_checkpoints/replicate_048.rds,52947,0be6a93830db613c7ac3f2fab348ec3d,cd0a128d0c9f7bc009a3e17c9540b2f684c059b3bc85e70872818360c36e9189,,
Competitors/replicate_checkpoints/replicate_049.rds,53575,f6bbed6e0b05b9912fabf3eb19f48938,c32fdd224329d64e52c939872af951ed05a827fc330b3fce02dd4af1c3d5806e,,
Competitors/replicate_checkpoints/replicate_050.rds,52797,b565eb60d019764383e8442da19f6054,6c373d3630e10a8d3751327a47d7b17f12a99814112c339faa8db01defc4b216,,
Competitors/replicate_checkpoints/replicate_051.rds,53038,27d8da4d232440a8652c51ccd6424498,319b4977a795cc99b77731b6ffbb377f313055b2430e1e54185a93e76b6a97e2,,
Competitors/replicate_checkpoints/replicate_052.rds,53604,0ef957cb49aff8b0d5e538aa6c6b8e14,68dc63eb77fedd49ab40db79aa165a9b643facc66715a36f4121c809d441325b,,
Competitors/replicate_checkpoints/replicate_053.rds,53636,fe36e98a2594a71e0c0a0c10d74ecec8,f24e7bc6af183f7a5bf2d33fc4bf9da87d856a25f55c57cb8b049ebbb94c52d5,,
Competitors/replicate_checkpoints/replicate_054.rds,52993,96f23ff796087c531947c1e7ae715702,7452636d5a6d110ca414d00741ac4214dab98c27473eefaa97dc74dcaed0a5bc,,
Competitors/replicate_checkpoints/replicate_055.rds,53481,3dcf23eda21c94c53e5dfbc20fb51f6a,8a1dec8fdd9f9d19646b7bfa1003f531491526f443a510ec42de7b57fbf494d0,,
Competitors/replicate_checkpoints/replicate_056.rds,53070,48eae9d21c2010a71f7db8a8c51c0241,ca7cf3ee83fe943110a4fcff0cd8b9852e23ac1f7f0f0e861db0cc240b4ccb90,,
Competitors/replicate_checkpoints/replicate_057.rds,52901,ea99a55e26807d57963de5f633032e73,877c0b094c25eef18b1ddce528eba917f082143185e24a0eb73885771a73e3ef,,
Competitors/replicate_checkpoints/replicate_058.rds,53657,e0a0bbd9ff7d1a1b344613b778dede20,097d812b0d4151707b52d84bd2aa18bb1545d0befbd625d640d83ea1288665dd,,
Competitors/replicate_checkpoints/replicate_059.rds,53281,43eac3b1a20cd8fd49cb4c1e8b17c7a4,943f5603d63608f390ca5b19cdf5003a01f635d61b5508d32c247b29274a2f6a,,
Competitors/replicate_checkpoints/replicate_060.rds,53619,d6f47a9af3cd1dcc8a0e22db650f935a,2b974f96276f13e5514f6764926d19159e4a3f9d05ed78ffae9cd0d618072c08,,
Competitors/replicate_checkpoints/replicate_061.rds,53530,57fdc30f267d52dc03f3cccd2a809f49,22192f372bbbae944ab67e2f52eebdb2de61fde6d5ec9123d7bd8c61c8414b0f,,
Competitors/replicate_checkpoints/replicate_062.rds,53422,65892e2413e7403b5fcc8faa18c98760,f4494c6f392f299b65cb82212002c8905fc1e60e3ce257257c804e8b89d5e6be,,
Competitors/replicate_checkpoints/replicate_063.rds,53659,08aef4aa7341094091de1baa63ddeb60,8818f859967f8b411cc292c9cc5a89581533093741499184990d612829cea4c5,,
Competitors/replicate_checkpoints/replicate_064.rds,53298,5ad01e3bf020a8003a2af0d889621980,300eb79e1c9914797b01e4d1ccaf77c65a3b04dc598bd2a4dbe16f4040670857,,
Competitors/replicate_checkpoints/replicate_065.rds,53510,61f79e33bddd995d4622d5accda3a299,1b9f83938ed6964e00f88cf600299cf7ec7eaa85b66cc4e81e60e2b489b36af9,,
Competitors/replicate_checkpoints/replicate_066.rds,53330,041acee2ef0ae460e75478f175267f60,9f2785d106808e93f6f0f4c9090647965a43219f9e30e37d4150a9436b336d53,,
Competitors/replicate_checkpoints/replicate_067.rds,52928,e9304e209fde31c0e2c5132387533d1b,6b7f307340da9d7c00f03079058896715afe1ce54087ca91e8285c6449c120db,,
Competitors/replicate_checkpoints/replicate_068.rds,53221,598455f0248cdf4e4d5c4189bb79d819,1976d7e991968888cdcef63f526020c745a416764e2162e47804eb83d6b02438,,
Competitors/replicate_checkpoints/replicate_069.rds,53067,57e977219872931954361a6bb665ac01,8e303cef516d0399d5d050579a0aeb104648cea3548a8c37a25ab41983319a52,,
Competitors/replicate_checkpoints/replicate_070.rds,52872,ec7d8b2ada70db4afb4d0cbac83d4326,3399d0a9eab6fa2a6a75789629addd0c6c3e1668f3b402d90c0e291f25cf5d41,,
Competitors/replicate_checkpoints/replicate_071.rds,52904,57391146769fdf99757716603e7802a7,ccd393bdabab70a6fa6cc2975156655a9406810f08ec0e8b7af926c9ee9bdd0e,,
Competitors/replicate_checkpoints/replicate_072.rds,53247,0d8cfa3678286c88948c4f70a7010cdb,86bcac2b1a45b504a0e31e66cfc95ddcae811a18dd438514259f2aeb439136ea,,
Competitors/replicate_checkpoints/replicate_073.rds,53303,195cdce0e864d97e453d7344f80227d0,3d308b370415131afe59542e6815093496da1a327b5490b7d79d7a5c73a88829,,
Competitors/replicate_checkpoints/replicate_074.rds,53676,4732865e9798342619f8a851a51fba12,8b8566c6923cd901d3683645cfa250f8cfe859d57ab844026d9acdfd813504be,,
Competitors/replicate_checkpoints/replicate_075.rds,53053,8d2557dc68bf35235a101169127e972a,8d867c7dbc4dd4c51720f065184e0bd7a72f7b3ce1207ec2d744e77997c73063,,
Competitors/replicate_checkpoints/replicate_076.rds,53109,bbf2835d22f6576b8750b050891b9637,7e78405060b5e0fd576133c6846883f3e563f541b3a42ce062f9683db8e1a429,,
Competitors/replicate_checkpoints/replicate_077.rds,52873,28ca00b8b2b0c3bb020d6daf2cbcbf62,97e8c45da56c634aacc2ad8c61c77ba998ec5b195ce050456be8f99d82689398,,
Competitors/replicate_checkpoints/replicate_078.rds,53806,1deb8f3a0fcf8bc326eb142a78e149e4,81d41ed37ac955a4eca6564d0ec3d1e7718dd5427242ebb6780b61664c78e641,,
Competitors/replicate_checkpoints/replicate_079.rds,53327,1abab8cc5a43cf1e411dabebc7bebd12,a3a2aade576bcba9fecc7e55d24a8e6a779c79dd02f0e35ce859320136ac9269,,
Competitors/replicate_checkpoints/replicate_080.rds,53383,4807014727d758c427b3009f0273714a,554c4f887b94e10af2172d5d79d3cff77106e75ecbd56d39d960c08912631c6c,,
Competitors/replicate_checkpoints/replicate_081.rds,53034,09e69824bfbf05584d6cf630245f553b,9c732e19d0b406fd873448fa6a8adf5b91bd1d7bb073bb4659c096d0eec33ce1,,
Competitors/replicate_checkpoints/replicate_082.rds,53347,cd5eb512c32b73144b243e3273df8e0a,c7ed6e57be9d4e164eb9ca7b650ae7383178ba98c4d8e3f9dadd830350e44a44,,
Competitors/replicate_checkpoints/replicate_083.rds,53361,6447ffba1c628cba2c05f51e378244b9,a3d7c9601d32ef44fc0f6c4bf38ef12e4af93c6e75594d4773474e93944e61d7,,
Competitors/replicate_checkpoints/replicate_084.rds,53034,e81a6c22ec47f5d1ec3fa826c2ff3ff5,d141adaa25b3d497cee70b73a1c890234e63b725e0ff6021e0646bfff83a4d06,,
Competitors/replicate_checkpoints/replicate_085.rds,53280,4270cb5d0ef2c51bdc9de62ade02db78,f2940ffb2371ff9492c3eb01d66f60d138afa1addc867052dd6fa50d598bc0de,,
Competitors/replicate_checkpoints/replicate_086.rds,53050,b9321988cf71d8df2efde4bff6e08c29,3849af19375bf8b72c9c898780a9113a48f37f51e0dddb4b8e8d8723f2f01bb3,,
Competitors/replicate_checkpoints/replicate_087.rds,52932,35662fc167d8e33fa46466965ffca607,a88b499204d2003e3d631f6622cef6956d9ddd22bb4bee01a125931207db397a,,
Competitors/replicate_checkpoints/replicate_088.rds,53475,99cd39e3b1b3fa59f8b63a80f9950d7f,d097e1dfec92e0838f5850b0f7acc69ae4a664e10643fe8670ad1772b487865b,,
Competitors/replicate_checkpoints/replicate_089.rds,53591,d92e9a3e13c0d69d2a18e781e0418c31,c88a14f7dabe40e9d5d7084ef359958ae4c48af699f570d6ac08ec38d67882b1,,
Competitors/replicate_checkpoints/replicate_090.rds,53381,2fce3efa0ffdb4748164d46d4813eb3c,72aedc85da5eb10f770d28bb0bd4befcf4108a071fbdbc3751fd9635f24b6fa9,,
Competitors/replicate_checkpoints/replicate_091.rds,52554,e291ae704d3a5486bd6b32e80b95b085,09358d6ad2d07b6d87a5bd6680bb2ba913de68a2cd6d506a99102ceeca7b3653,,
Competitors/replicate_checkpoints/replicate_092.rds,53222,b22ac500f60050a01375a28e95a579d9,f4faf0536fb1c80f29987db25b43178318c05184e047f4c8fbcad12dc11f4b7a,,
Competitors/replicate_checkpoints/replicate_093.rds,53460,d8135d882c1f9d70ff8c7fe8041c6ad0,cd81ebf73fe9212edec64cf806115531affc70cd7686439407906a7aaaab1f62,,
Competitors/replicate_checkpoints/replicate_094.rds,53233,dee2b016f088877fe1be667b787ef5ee,36fd7fa52455d39a9437ef2a0e1812d385f64e6c21d99afd8cddea574e7a2210,,
Competitors/replicate_checkpoints/replicate_095.rds,53105,8fb13e8c596d1d14dfcc7ff3aedb1425,81df8156adf8c12fb9f79ad4fb3af81fc5e0145f6a8850311dd637c95037bd62,,
Competitors/replicate_checkpoints/replicate_096.rds,53417,ef6e5fd1f330e0b0d10c11d8c02d02c0,9ebcb30077e109fcfd220aff33c1b826091608971d58e0b96de7a383d7dff697,,
Competitors/replicate_checkpoints/replicate_097.rds,53267,85e32f1815235a25cae79fbe917f5657,8e4743fceebffda48bd8fc183afb446a5dd1375cf19c9ee005759bfc91b56420,,
Competitors/replicate_checkpoints/replicate_098.rds,53379,85ea8703d8b9c64f10a7dc840d6bbb95,88bba462d6c017d30431c88e6019c15ff915fb2e49e21497ac2140129fc5c9c3,,
Competitors/replicate_checkpoints/replicate_099.rds,53552,006882e3f3b8d6b8963fc867a7041d98,9b3c6542edcbbb75c7525708dc4df98f2d4e1bd99016b767a9c184a9004ccdea,,
Competitors/replicate_checkpoints/replicate_100.rds,53338,f6f9140323a8e5341c916409b04afe8f,70f5acdf6a85f6ebd3b21a495e615c16135b25a27855c2ad787e157964da8211,,
Competitors/sessionInfo_simulation_competing_methods_SAR.txt,2331,068ace89227ce5cc3d73ee9069a198e2,45ceed39bf4815cdf1fde16d528ccb73f05d6755911fd3bd262cceeb24b15786,,
Competitors/simulation_geometry_summary.csv,26573,aa2713deb9efd5844b0363117bdc5e5d,9ccb23cb3e8d6ccab5b6f2537264fa72178dd3860b22c97e8b3352156b6297d7,,
Competitors/simulation_modularity_summary.csv,10005,17066404caa092920ba28211ec02bcbb,8cd763a0bf5e0c702b97afe00e88504e8a092d29c5da1899e3826b33a201ce35,,
Competitors/simulation_run_config.rds,10612,5dcd8134eb603dfd9dd551d51e7e0c39,e3b60a094455bfc1bc3d4e3603f0cd688910c1bc42b36aa2d92668776ea87464,,
Competitors/simulation_seed_table.csv,11409,cc2ca069830b04f64e1d05bdb4e235a3,4608059fedbd2e64c02dc5cad1935c4e2ff400e911575fa59e9d65310174ccf7,,
GP_Cov/GP_Cov_FINAL_MAIN_TABLE_means.csv,652,21893bb886769c5be7933793664d1a70,dd81e30636f0ba02797e0cdf739334bfa5cc5bf6c71b20bc04fc4096d2492339,,
GP_Cov/GP_Cov_FINAL_PAPER_TABLE_mean_SD.csv,613,4d6492444168f077cc0742b16b12a014,59ff05f4940ec5fc0bf79d9a1ebf2c8eee693a6e84bee293f26912abf49a5efb,,
GP_Cov/GP_Cov_FINAL_UNCERTAINTY_TABLE_mean_SD.csv,353,6376d013a7d3985b35598b44060e6408,afaae1ad6bebdb89fbf19a784467b2685048383c97a7c28e1737d9f532317b6a,,
GP_Cov/GP_Cov_additional_diagnostic_summary.csv,2613,06f3d1d1b4bba7676abd33ab5c0c31f4,0c54e91b6276e1889bfcd296d05bc2db7f51c11d318918ea782333bf719a35a1,,
GP_Cov/GP_Cov_all_node_probabilities.csv,6576419,29a4eec9c0749577fa64be5a9e4849ff,be213ba3d1c0e08b92f82d62d5597abf8d27c43c57c74c9370542b8323d7fa5a,,
GP_Cov/GP_Cov_failure_log.csv,75,415762f6f66023fe900ed436193d8177,60663936722ba4f3844c53a264aa9a5abee70d0b3de51c9e713756443deae104,,
GP_Cov/GP_Cov_geometry_summary.csv,23865,590ca71617c9890d577c17d3803664e8,f079a15cd3fe8354868f94380151ee3063b59beb9b8a82c3780646f042b53305,,
GP_Cov/GP_Cov_global_pilot_calibration_5_datasets.rds,4520,e4bdf02187c0c23b20963695b3501bf5,4a2138c621c1d238cf6bc6c737bc763a7590f0e285d676149f63766263695a4b,,
GP_Cov/GP_Cov_global_pilot_distribution_summary.csv,1990,dbe9291adfb47f1ef84a86ffd8dc6d8a,da2289b92f4579ec4629c9e8d90d541fb2d2becdbfaacfafe00c319e2a12acb2,,
GP_Cov/GP_Cov_global_pilot_per_pilot_summary.csv,1783,b618c9c78da2d52c4e9c32e670e297d3,8d41f7ead1518e2fbaf10606196a2055858e26ca524596480656b7ffc1ff9f9c,,
GP_Cov/GP_Cov_metric_summary_long.csv,3354,7a66eeaf65d05d9ce436425106f70e31,0ff44d79aece4ddabc120677cc6d2617128e7755ef32f5c166b38d2cf372dd70,,
GP_Cov/GP_Cov_metrics_by_replicate.csv,59768,ee6be8e1f64ee49ee9848611c6caab5f,6cec4ce16b0fe0431e5c91ba32daad56253b7e828be32f0954de61cc5dfbbc83,,
GP_Cov/GP_Cov_pilot_prior_calibration_summary.csv,2979,7a5acb2325278724a64d9687b6e0fd08,3365a777b8b76db36218bf188f594e0a40f194256f1642ba3e9a0ae8a93a2bab,,
GP_Cov/GP_Cov_pilot_seed_table.csv,142,37c8d4e39a7bc3f15ee9ef3fbd6da963,6683cdde886beb10cdc6d2a46b60b2b7cf6ef24c0a1fee994ccc7cab7f4ece27,,
GP_Cov/GP_Cov_prior_calibration_by_replicate.csv,51695,d6c230fd5bc7aa6b2acf757dbe6ba39e,50fe57b83c4aa1e89e4470eebdee42473a1c2d0672e0ecfb6ad5123bbd1e5ae2,,
GP_Cov/GP_Cov_prior_calibration_distribution_summary.csv,1525,ee46a2e32ebe38746620222dc4c29cbb,46db60b1e7959e8ecc5b29c6b31863b6c1296047d8d963a038d7a2463c5cc4b0,,
GP_Cov/GP_Cov_production_seed_table.csv,2233,e717e905a2af079bc98c5ee8ae6cd6fa,3f381af1eb894cf6b1749a615cc2e4b3d4454169ba574489400cffa512cfb4a7,,
GP_Cov/GP_Cov_run_config.rds,6340,8eb5bd752940de8f912aea60e1524ba7,3adcb40fef59cd01ae1eae6bbcca3642c2d0836324fe074b60ffd7fd2a86e402,,
GP_Cov/SAR_selection_Monte_Carlo_summary.csv,1039,1848454d36c58571072dbbb2829d423d,19d565387ac5499cbe89b038109eb6473547287eaab39e26042cdd106e0c9d0e,,
GP_Cov/SAR_selection_diagnostics_all_positives.csv,633288,1f61c48acd7a5654db5f239585819bdc,e9e55d97b5fd5d09db8612d64a6ddc7ceadf6f5d1c1efb5f9e12cd3961695779,,
GP_Cov/SAR_selection_summary_by_replicate.csv,14471,3fd02a12b6b88a0f283869eb28b212fb,debe639b69dabf962fe2af45061724151a29894570368c3912e09f873a782be8,,
GP_Cov/pilot_checkpoints/GP_Cov_pilot_01.rds,526027,6dada6fd496c813e1ca16a8affc16ffb,54253b270c4faee349ed9d5878c5d31142660838520e3fb11f23c0ff95b63fe9,,
GP_Cov/pilot_checkpoints/GP_Cov_pilot_02.rds,524357,dc882cf815e796ee9c073b7ba1de6cec,66f7bc1cb3667361b0e7e3f46b8c2ba9d67db0469b1a61d279969918b843020b,,
GP_Cov/pilot_checkpoints/GP_Cov_pilot_03.rds,523009,7637ba9886fef9c183fa1b9724221499,36b2d3e3749bf83b8fcb9dc38546492d2f0ce69035dbb3405cb208fc742050cb,,
GP_Cov/pilot_checkpoints/GP_Cov_pilot_04.rds,523134,c96df123640ec9ac1d7fedbf65ba56b9,43cb3baccbe923cf01b3266d39ee89f4803c8fa828138f462e8b53160cc9d2d8,,
GP_Cov/pilot_checkpoints/GP_Cov_pilot_05.rds,523461,cdb25f9b294d0d7c75ef2c40a106eb9c,96ca52e19d15e33a79b6cf3e846cc226ea55daed3c6ab82f1364cf90a87ab109,,
GP_Cov/pilot_geometries/GP_Cov_pilot_01_geometry.rds,83358,23d496fd9768fb8ef58a889b1fd09191,fcef666ca53d3245260329a5375bd7c9df2b70b4ab817ccdfdb73f6307b1e5f0,,
GP_Cov/pilot_geometries/GP_Cov_pilot_02_geometry.rds,83328,0ca0e9ba002365b191a9450b3730dde4,5d8e52e5fab3919c9a25dac6cd80ff0fe9756ff676b4ae2defcd72e604b7a570,,
GP_Cov/pilot_geometries/GP_Cov_pilot_03_geometry.rds,83353,810eb8307df9a0dcbdda93d4be836151,efc07c84c8ebe15ef6c75f89bb2028de37a04104c92b2dedf908ce0e2216b185,,
GP_Cov/pilot_geometries/GP_Cov_pilot_04_geometry.rds,83360,0fbe70fa4781643967250efd40dd6bfd,8280da5bd7338e8ebd47c4f1a0cb958988daeae66bc57413babe85e9c9e682d5,,
GP_Cov/pilot_geometries/GP_Cov_pilot_05_geometry.rds,83391,e3ca371f2a7f383546de02b8b57e5b99,3dd7a36fd6e50b7ba92b884ed76126e031e6a95160b5ec491644b5a2b61f2b7e,,
GP_Cov/prior_calibrations/GP_Cov_pilot_01_prior_calibration.csv,1348,16dc39971f6613a374dba3c6b71c132c,05ecc0a59991dc93045c0401fda557894c2f9ae9940aec6d07518492c6d2bf5e,,
GP_Cov/prior_calibrations/GP_Cov_pilot_02_prior_calibration.csv,1347,a13d6a0227e8d4e0bc5ffdf63b40169a,730ac5a7353c022b6d334a81d4352df131168a8e70941c61d10e835f55fe3574,,
GP_Cov/prior_calibrations/GP_Cov_pilot_03_prior_calibration.csv,1347,fca2470fc4088e86452f112d36ff681f,37c0f32feac6e0a300e6450079b531a12061440cb9510db2919960c12bb9fc85,,
GP_Cov/prior_calibrations/GP_Cov_pilot_04_prior_calibration.csv,1348,1e3d793514e54537c0cd3cce2cfb4377,424f4e5c57b98283bc7c447598112b01fb3b14ed148ffb90b5f0e107930b212e,,
GP_Cov/prior_calibrations/GP_Cov_pilot_05_prior_calibration.csv,1341,f6ab0bfa7f85a1abd080d7e3927fef1a,856a5bdfcb894820bc170ab2480352dc6227dd47c1963bf9330e5832b5bdfafe,,
GP_Cov/prior_calibrations/GP_Cov_replicate_001_prior_calibration.csv,1470,6421061718f973f73d9163424ea6aec1,d34ca46bc38a2af65d05684503c70bae50b777f6589df4859761ccfca9cb47e9,,
GP_Cov/prior_calibrations/GP_Cov_replicate_002_prior_calibration.csv,1470,8393c4321ba9818c9acff5a1421760a1,d2de5c3870f4e0df50b82d993411bfe7c4e1d32c265a889adb3c1b7fbc33ee62,,
GP_Cov/prior_calibrations/GP_Cov_replicate_003_prior_calibration.csv,1468,a50192539f868a6cc109e92d29491cd9,60db7bbac73ae00b235b05b69ee9fbc3dde8920a18800869e7ab0c79a699e70a,,
GP_Cov/prior_calibrations/GP_Cov_replicate_004_prior_calibration.csv,1469,1394cc37df8fd0ac049e73dcf4c14689,9653adfc61dcff88b1ac945dbaee2aab733f2bba09e221e38471bf605a90ede8,,
GP_Cov/prior_calibrations/GP_Cov_replicate_005_prior_calibration.csv,1470,c319a1b81f1502335c3934327375e022,e0676f05b9547b16d48d867983435a66167b75340de52912cf4b10ea8d6e2abc,,
GP_Cov/prior_calibrations/GP_Cov_replicate_006_prior_calibration.csv,1471,05a9401aac1a0b5db8bafd70b7eedaa5,058c34dd399621f739fb56dc0452489c2323c790aee9fe9b187489243ac9b7b6,,
GP_Cov/prior_calibrations/GP_Cov_replicate_007_prior_calibration.csv,1469,d9140cdb9d05f2a5c4ab8c265c9f3572,0d3f329543042eed4bf27a0bd3b85c3ab715c3a379868d914100c6c1724625a5,,
GP_Cov/prior_calibrations/GP_Cov_replicate_008_prior_calibration.csv,1466,355d7056623e351584e7f138274d6d29,f6453c16a1f8206be870b9431e1f901bbd142e61c43913e0ea0cffab846e2cd4,,
GP_Cov/prior_calibrations/GP_Cov_replicate_009_prior_calibration.csv,1469,6501d84c138c64ca09b197d7cefbaeb2,faece3669689dc63b87ef9f2a9a3164170d04870425af4a7417197057696a72b,,
GP_Cov/prior_calibrations/GP_Cov_replicate_010_prior_calibration.csv,1470,253cf120895fff6d6c05f0aecc571ff2,7c8c3ea9fbcde8a012a7681702029b7d7980f5176991fbaad73c2f669f50541f,,
GP_Cov/prior_calibrations/GP_Cov_replicate_011_prior_calibration.csv,1472,ea2a32453a0b489cdeb262e6316d06df,10b185a079d4feae6cdd54a84d666222371b2fed8530b76b297277f6bc9e70d1,,
GP_Cov/prior_calibrations/GP_Cov_replicate_012_prior_calibration.csv,1472,3ce07e6dd52ef25f93c0dffbfdb2f51d,1f6ccbfd56b7262b8ef8ea5a4168b71d7ec4df4050ea96448cf88c526cbec13d,,
GP_Cov/prior_calibrations/GP_Cov_replicate_013_prior_calibration.csv,1472,7ce93bcae470156e26af613a7b1543cd,4d8b2fcda3f585c57830d1bb927e48f7745415e1d7971b7ffe20ed6f6f58450b,,
GP_Cov/prior_calibrations/GP_Cov_replicate_014_prior_calibration.csv,1472,4597f13ad51db38488d6fd883f8171bc,31b16d7f0650635f9c175dac5df5a8f9e1adc6689750d8d64f41229a03bda586,,
GP_Cov/prior_calibrations/GP_Cov_replicate_015_prior_calibration.csv,1470,7b7e3cca1756f662a60732c987cba21a,16b0c390aa7bb7f1b91c06a20216da60139d05f3a398da361ee68b29bafda68e,,
GP_Cov/prior_calibrations/GP_Cov_replicate_016_prior_calibration.csv,1467,f5205d601df73a7b68443cc8bc2af1cb,5d2d9d1b7c866f8696a7ab596041be715e258fcb76582c6e14a8596ec7f2ae48,,
GP_Cov/prior_calibrations/GP_Cov_replicate_017_prior_calibration.csv,1471,e6d26dfd2bcd0dcac37aa7cba9db89b6,29f0cee8fd9fc66d14ba70e9392b9edc72e12454db5a96fe21e1907b2b80c1de,,
GP_Cov/prior_calibrations/GP_Cov_replicate_018_prior_calibration.csv,1470,82fd930094d724877bd4f0f6fd13b633,411578a2db7cdfacdf6c4ba13dd26dbfab66b1ac2ee1d195f18f622f80cbd6e0,,
GP_Cov/prior_calibrations/GP_Cov_replicate_019_prior_calibration.csv,1472,5d57c8c245ed6d24799e50a4f02cee93,1d855cddb4505b967744ab072f0aa503e46844384258cbf10370955427ff5cd2,,
GP_Cov/prior_calibrations/GP_Cov_replicate_020_prior_calibration.csv,1470,1da5032fc29e3d466999096a05147607,c5c50e741bf9a6389374dd8f57012755da29d923c904ee2b37bd65c95212859a,,
GP_Cov/prior_calibrations/GP_Cov_replicate_021_prior_calibration.csv,1471,86b3133c86a15434b160616b91d68cf8,97ba9f672159eeb3793602eaf97bd162fdd05d58e60c4ae73b4bfec570ef08ac,,
GP_Cov/prior_calibrations/GP_Cov_replicate_022_prior_calibration.csv,1466,69fcd19a687bdba753b76f38ff91319f,f61f3e2575e08585fe19d459e38633bc335fd86bd0319ec2a3cbaa5c12e811f4,,
GP_Cov/prior_calibrations/GP_Cov_replicate_023_prior_calibration.csv,1470,571ddb3db41a1c3a5a11cb90441aaa9e,0d6d895cba09358e47cc604435c40b868e45ad6f97e7255c35c650e85856463d,,
GP_Cov/prior_calibrations/GP_Cov_replicate_024_prior_calibration.csv,1471,64068aadc81808b551be62a0ae1fec7d,f4833bed8ec3f355cbf96c41fd88c764946b4db3c15b03b6d38e3bf526be0d8b,,
GP_Cov/prior_calibrations/GP_Cov_replicate_025_prior_calibration.csv,1469,4f0ff2842f50c1cb8744ca1e9fad0ee3,b448a1a9027eca45bf8309a7c9437304df778c665e026dc5b0c7805668b74672,,
GP_Cov/prior_calibrations/GP_Cov_replicate_026_prior_calibration.csv,1472,d9ae4571493def2e8432b88fa423fb77,42230217678c52c33f57d3b3a5ec54cb08c2d027ef0b3b8c1b315d6df491f999,,
GP_Cov/prior_calibrations/GP_Cov_replicate_027_prior_calibration.csv,1472,1ff80f8973ba988659042c2a4848b0d7,5ed6204674a37dba3143bc2d110d428c5cb9c9457d880f3f65ab6490c401514d,,
GP_Cov/prior_calibrations/GP_Cov_replicate_028_prior_calibration.csv,1467,172cdc109175349c97d816ea81057351,7d6f887c7f8d55ce509386da5141de3c12bdf8d9687557756a48ec9d3f81fda5,,
GP_Cov/prior_calibrations/GP_Cov_replicate_029_prior_calibration.csv,1472,c507bd1bd5bfcc5a59cdb006b579120f,253251e84073f778dfe788b2ec638bc96107b9bd4b0654cfb75d88cb1c2a5c26,,
GP_Cov/prior_calibrations/GP_Cov_replicate_030_prior_calibration.csv,1467,e274a31753fbe3a354cdf55246894e77,0196e1666d7c8c126646d0b670bcff7ad1cdc1e4d32b2288fcfb8ab05983a19f,,
GP_Cov/prior_calibrations/GP_Cov_replicate_031_prior_calibration.csv,1465,f99a737cad338a78795d88b8616866d7,838df49e2bf0de8dd8a75b3333ca9253045135bf8b8b48974c553b30cb9886ef,,
GP_Cov/prior_calibrations/GP_Cov_replicate_032_prior_calibration.csv,1470,c762651833af3e1ab7584b222dd1629d,61876fdfcb8207f97ecfbad3dd44636081cdd341bb007b63ee2493870dd3ba0a,,
GP_Cov/prior_calibrations/GP_Cov_replicate_033_prior_calibration.csv,1470,5393e83175c04551ba4e38cf397330e2,72cb0de5b574500d9fe870aab63701a7f58a882bc84e46a1ef27a3b8718fe70b,,
GP_Cov/prior_calibrations/GP_Cov_replicate_034_prior_calibration.csv,1472,cc4edd783e2f174201b8f1274fce475f,269810172b6da3218c8b4d2e5767c98f3c51bfa8f1b14e38ed08bf310694538b,,
GP_Cov/prior_calibrations/GP_Cov_replicate_035_prior_calibration.csv,1469,bd0876b668e272fb49a969c89b8b0523,f7ce4424c33091beeaf399cb042c9c98b13e54ba39024ca8fb29055d59906b8a,,
GP_Cov/prior_calibrations/GP_Cov_replicate_036_prior_calibration.csv,1472,c3766bb8742ee69d8661661c4c60ab5e,c6a5fcce6aa2996d89775a495f374ec73fa2d4ec5b03a2825aec33a0cb3f640f,,
GP_Cov/prior_calibrations/GP_Cov_replicate_037_prior_calibration.csv,1469,ce421a2a273d060f8d321c9cf585876d,c8c4ae44073a3fe19d4461fc80297bbda0a6c49ef97467f4f98f7f0808b0ed05,,
GP_Cov/prior_calibrations/GP_Cov_replicate_038_prior_calibration.csv,1467,db37157db6c51829541332f32a6d026e,33aafb2fcc9a033bf27c92fabc6d54d540ac3b891ee1d68bb10fba5e2bd7332b,,
GP_Cov/prior_calibrations/GP_Cov_replicate_039_prior_calibration.csv,1472,c56d9ee3aac639c20b9445f0c91c6441,1f6e18139d484c1cbe1be4e0ad7b514a1e262a47ba4969f9d9c8e6695e96d446,,
GP_Cov/prior_calibrations/GP_Cov_replicate_040_prior_calibration.csv,1471,ba44e41dcb461f5f1bdd613a42b18b3f,6a498babb9924ca30173a7f3fc2f675cf36cd2e6846e939b275a5cfb89dbfe85,,
GP_Cov/prior_calibrations/GP_Cov_replicate_041_prior_calibration.csv,1472,aac350b8720697b980a058779d058d22,64c4531a6ae03a62252762eb73ca7d922bf6809c7f39595c9cc1965913b0994c,,
GP_Cov/prior_calibrations/GP_Cov_replicate_042_prior_calibration.csv,1471,3f1a9cd1a68b459cb4467c2cc251f767,3481483be1ce9907cf5fa3851472817b417b86997c5de8ea6d67857e2c10b234,,
GP_Cov/prior_calibrations/GP_Cov_replicate_043_prior_calibration.csv,1472,81dd7dcf3edda935bd939f0bf5e46c09,99a9bc1be19eeacaac2042aad8eb7d7d8532c32b58681c62a68f586f6b9ab173,,
GP_Cov/prior_calibrations/GP_Cov_replicate_044_prior_calibration.csv,1471,1c8da5df87641a601d3265590cfd77fc,48724e25f38fcc2e2565ccd2bb33902c353d002af8b1b09dfd5da7b4809e6c38,,
GP_Cov/prior_calibrations/GP_Cov_replicate_045_prior_calibration.csv,1465,a7b73d17d3c902576e503d4c86e862c8,912a5475d8b0a41e832c9e7989d9be128939fdd5bce4c171f28e09ce675b325a,,
GP_Cov/prior_calibrations/GP_Cov_replicate_046_prior_calibration.csv,1470,5863bbdd1de3fb5521fd1a67576afcf9,55bbe7ec4c9ae857b317051eb3121ff16512b43b788d82195e966bee99dd4090,,
GP_Cov/prior_calibrations/GP_Cov_replicate_047_prior_calibration.csv,1469,e28c927332ccade28d773525ba4d6498,62de35a1ad223120d1dc7d249c05bf2a7e7fb1822a149b5ad3a49de0fe1a4eb5,,
GP_Cov/prior_calibrations/GP_Cov_replicate_048_prior_calibration.csv,1472,bbfec2d81ef79cbdc65886906074a361,682996be4709696e973b33df84ed23ded84dcbf431ded3b2ffae799b3ab17b09,,
GP_Cov/prior_calibrations/GP_Cov_replicate_049_prior_calibration.csv,1472,5fdb462b5f6d9eb69caf2704abe43471,3b4858bd229f540a625786e4045e495ff648106b64f1d781ba013d48a257a66b,,
GP_Cov/prior_calibrations/GP_Cov_replicate_050_prior_calibration.csv,1472,f66103ed66b296a210a91b86f0879fc5,fc2bf0474e5adaa51fb31eaf4557da05657b7b13355a1b4be886a83b0b1fc10f,,
GP_Cov/prior_calibrations/GP_Cov_replicate_051_prior_calibration.csv,1472,a4ff82f603520410b6cc5f9df21b8d6a,1c451c9f52111055c67fd5bffe1625d532a8ef4c67995ff0e18c6b5e42e6b717,,
GP_Cov/prior_calibrations/GP_Cov_replicate_052_prior_calibration.csv,1464,2c63fe4b0b95c8f586b99897085cdd27,a007d45877135be15a0683e4c54658d15b138d0af5ea34f00586e725a4dab318,,
GP_Cov/prior_calibrations/GP_Cov_replicate_053_prior_calibration.csv,1470,9a348467c2a0ad4432d061682107ab4e,1c234e2494163dac6a8a931c5e3aa1f8bfb8c1f6b23f95a70f283336393f5b2b,,
GP_Cov/prior_calibrations/GP_Cov_replicate_054_prior_calibration.csv,1468,70504078d27ab2ee406ff8c5b3e609a9,c76be1582b6b9c30e0cf89e674d78f12344de823d19d3cd145929e352dd923d2,,
GP_Cov/prior_calibrations/GP_Cov_replicate_055_prior_calibration.csv,1472,56ff7e1301256bb6573b8d9c31e195ec,f7dabfc80bd50f83f685f9ae239c6da300f4f5024df3b2617a495061cbe71a3a,,
GP_Cov/prior_calibrations/GP_Cov_replicate_056_prior_calibration.csv,1469,062a0ddbe14dddf534d613fdf6891520,3a335c672039538ec5af7d69741618d0f904939367c6fbe6740ff26db091fea2,,
GP_Cov/prior_calibrations/GP_Cov_replicate_057_prior_calibration.csv,1471,52c888fcf4b388e65ffc9611a0ac8b99,fd2e057e83744cd0a1ff08ab4c45123ca59bb7dcf8d340f24f4ed64cfba35100,,
GP_Cov/prior_calibrations/GP_Cov_replicate_058_prior_calibration.csv,1469,468b46f5ef9601510c89c8b2024d0e05,2fe7f1db99d4f828370ceb1f85c2526dfa59106a5225ff24e76ada4511f9eb96,,
GP_Cov/prior_calibrations/GP_Cov_replicate_059_prior_calibration.csv,1472,dcef99b94af6f9792e12dfbbf016f48b,b25f77dfc4c0a9fbf0a0802493ea274a23633b6dd6a69df9a6834dc62c42fcc8,,
GP_Cov/prior_calibrations/GP_Cov_replicate_060_prior_calibration.csv,1472,aca93efaec027a3286d6d5706e3ab6cb,20615d1697e40b1086229a88b141454df72a340ca2dc1ca856e4371627f8cf41,,
GP_Cov/prior_calibrations/GP_Cov_replicate_061_prior_calibration.csv,1472,8d2c7852ba3ae24f029e6ef916ff4c82,fac72bd4d382de134e3e2d7733d9eca377b2859438b086c19238d80a9780857c,,
GP_Cov/prior_calibrations/GP_Cov_replicate_062_prior_calibration.csv,1472,a3302efeb81c61145f47ff1a843a5487,0ec361c8831658dc8111d931fbf64a4e3875722cfe70f48efa814e86e1e46d68,,
GP_Cov/prior_calibrations/GP_Cov_replicate_063_prior_calibration.csv,1470,81ba04cc2f6842cce82e37c5391fa7cb,79521d52c33a9cd2118288da579c204dd709071cf5ec7b49f3ddf2006a6f8d40,,
GP_Cov/prior_calibrations/GP_Cov_replicate_064_prior_calibration.csv,1472,1a592deb40a339dda0b8ebbbd226625c,ca3b8a78e6427028014cc9d26d09e32ceccc4795d1d83f9caea3a55700f3a562,,
GP_Cov/prior_calibrations/GP_Cov_replicate_065_prior_calibration.csv,1472,2431c51518cb8c161d78db034bdcfbce,e3041d0884d3bdb541f3f3b08426a4a2394ec5d57982f15dd2ac72fc596ce06c,,
GP_Cov/prior_calibrations/GP_Cov_replicate_066_prior_calibration.csv,1471,9aecb3954bc350b7bd191a729266a22c,dfdca2d5c0e9631f32a68d25abb31a9f98bb95c0ec9c5cec30b0f5a86610c4e8,,
GP_Cov/prior_calibrations/GP_Cov_replicate_067_prior_calibration.csv,1472,d30a82fb76024c603eb6786deaace232,57482ece91caaad95e7789967fe0f1acbded382ef76e57db1c8e0eeaed310dc4,,
GP_Cov/prior_calibrations/GP_Cov_replicate_068_prior_calibration.csv,1468,4c876b5fef42e3443518aca16e0be357,051f24597dec15ce71871e47a8bd584abaa750efc7d70eae8ba6d834c8f41940,,
GP_Cov/prior_calibrations/GP_Cov_replicate_069_prior_calibration.csv,1472,5651d9c9894219b7b99d24e3208a26b2,ba3090b4f48a4267b9d7e4fd0d0603ba3203d80af375bbc3b0b1cc7e8a058b72,,
GP_Cov/prior_calibrations/GP_Cov_replicate_070_prior_calibration.csv,1471,da77e6871538f667c952513394a851d4,d03571172fac2653a7782f747deb0112749174f70f3f8c75615f9a10d73205ab,,
GP_Cov/prior_calibrations/GP_Cov_replicate_071_prior_calibration.csv,1472,da1b7c5cfe1518c560bdb5cd0014885a,4de69f55f38ac2b8774beaea2b2953c8516bc78d254e8ce1a88fd8952b654961,,
GP_Cov/prior_calibrations/GP_Cov_replicate_072_prior_calibration.csv,1471,be40f52cec506f030b59a4668ecba6a4,0b17ac4b5f2383917fc41f25431746c2a98e8547cbe7519efae5066b4c5db514,,
GP_Cov/prior_calibrations/GP_Cov_replicate_073_prior_calibration.csv,1472,523adacabcd9b193aced6fc4489fe920,e0045e7665eb9946d3e49cb843ade813b8d39e3763155a4bd40c94b0590202ab,,
GP_Cov/prior_calibrations/GP_Cov_replicate_074_prior_calibration.csv,1470,2286ad56d4c46dc621c81dd6187d7c49,cf1ec9e47b9b0fc2487dd597b4700c8aa34e49bcb36e2aa7a617d636d5bbe479,,
GP_Cov/prior_calibrations/GP_Cov_replicate_075_prior_calibration.csv,1471,7e038eaff073a64fe7181c857758dd83,6ef2c7ab948918d8e1df2c615cf41b98b8940dcf00280ca406907a0d86c30933,,
GP_Cov/prior_calibrations/GP_Cov_replicate_076_prior_calibration.csv,1471,30a76bbc622aed317f6757c0f5a0e0bc,0a9029ff64b1dec6d419aa9a3ac65c42d4e73f6566a0a04a970e491a815a3e58,,
GP_Cov/prior_calibrations/GP_Cov_replicate_077_prior_calibration.csv,1472,03ffeeb612b1dc624a06971ac14ea66f,013c5440f319d7afce875168a9eac338540e97ee6ab505ef27bb450b7e1a6a1a,,
GP_Cov/prior_calibrations/GP_Cov_replicate_078_prior_calibration.csv,1470,da8c800a5d155687d7f642a66bedbf99,a57f240ebca5b35628a02846c2c5f48c891a69f417600af708b371fc1bbadb9c,,
GP_Cov/prior_calibrations/GP_Cov_replicate_079_prior_calibration.csv,1471,dc4e0491b2419da98e209ad726feb6cd,ff770c718066b932f1ac4be43d3b68c66044b1ea1d5dd16b0b72ee21b0c91f35,,
GP_Cov/prior_calibrations/GP_Cov_replicate_080_prior_calibration.csv,1472,2bf14f1bc2b0faf4425983f70654bd9e,b59e70b659bb64016fe525f7dd5e43ce404fd4c2fe65c8f4da8304874ad7d1b3,,
GP_Cov/prior_calibrations/GP_Cov_replicate_081_prior_calibration.csv,1470,1381122bcb76b94056d94856c02e570f,6d40cbcbf68062583f6397e20dc139fb978a046d1067cef10cf278d96c59e98c,,
GP_Cov/prior_calibrations/GP_Cov_replicate_082_prior_calibration.csv,1472,ce3b517aa95b73be93c364135079cfa9,859a1222eae8c917487df1c733e09bd3bb815d78df19befe12ffe8fcff8daf9b,,
GP_Cov/prior_calibrations/GP_Cov_replicate_083_prior_calibration.csv,1463,a258764069697dd0db43e295bc7dcdf3,ba9ccc9738bcf2c0258848e5d6f68064eae70f2be58360f20da1b965e2e9d0ad,,
GP_Cov/prior_calibrations/GP_Cov_replicate_084_prior_calibration.csv,1470,1e251ca956e45fcc692dd95ec1aeb236,19f3292bc0507c3d5a2d0386e14aeab304a7219881a4097f4e04c47e223b31bf,,
GP_Cov/prior_calibrations/GP_Cov_replicate_085_prior_calibration.csv,1472,0cd57fd4b87c1a0f00109dc434ccd61a,0a745a62125a8c6e9cfdd7aa38a9f5ba7a4ea87a41d083660e746674a33ec63b,,
GP_Cov/prior_calibrations/GP_Cov_replicate_086_prior_calibration.csv,1471,15bd3933b59636dd3ccc5e0e0461806b,961dd8d73a0f28c4495b63ad2e2332e94e38d7110773579d32b802995fef31be,,
GP_Cov/prior_calibrations/GP_Cov_replicate_087_prior_calibration.csv,1471,2919a67e52eed3be9666af90d592cc79,ee1adfe3f7a4c274e098b7ab670138675160f7e3dfea2ea87b5b11697394bf2b,,
GP_Cov/prior_calibrations/GP_Cov_replicate_088_prior_calibration.csv,1471,2e345bc1bf8a9898d6b105a8cef954a9,e855c7fe80ba4d8563c94aa24288d3452ef877da39b64e2c8eb046bd2d158032,,
GP_Cov/prior_calibrations/GP_Cov_replicate_089_prior_calibration.csv,1470,7ae21b6b31907b6f86c84180a15ced6d,59258eda9f92396b7c35a2bf8bea07c7e64a4886851d970fbc8df17d87892cf0,,
GP_Cov/prior_calibrations/GP_Cov_replicate_090_prior_calibration.csv,1472,6c899c26d8b7c164cf1f11de275dda69,335e399449ce33333d98da0837172a6598a0d269285caeb4136ceb63eb0b91c7,,
GP_Cov/prior_calibrations/GP_Cov_replicate_091_prior_calibration.csv,1471,5c124859440b7e7c0290912a11b3cd75,1e51f2ef82e44e0bda7f8bd0ece5fd9960f4214d1d33d69e88a2bd2f166957f3,,
GP_Cov/prior_calibrations/GP_Cov_replicate_092_prior_calibration.csv,1470,f84112b8a53f3b3d03b5f9d7f05efcca,843299f4c44ecb7591ed3a59a78fc1361609574d7a53dc40113ee650659b392d,,
GP_Cov/prior_calibrations/GP_Cov_replicate_093_prior_calibration.csv,1471,3037aafd29e148423ea31ea14185ab46,f6057260f9bba7707471aea2122cf2d3d313ab1a3f13f7d2edf04ec5fd97d930,,
GP_Cov/prior_calibrations/GP_Cov_replicate_094_prior_calibration.csv,1469,60869ab9d32d443683dd3bbba0c06682,29a0845f5e5e906f9f688c733becb53dc8591d86e32e0a29d53f95e7ff971672,,
GP_Cov/prior_calibrations/GP_Cov_replicate_095_prior_calibration.csv,1470,4a3d2b98ffd6185c6e87e4767fc478fe,acbb75ea3e3f4ef108f66c210430314aa58215837102784f3b176f0122c88314,,
GP_Cov/prior_calibrations/GP_Cov_replicate_096_prior_calibration.csv,1472,e0465a1cd0ab559f61ab1742deaa2f32,9d214c53ac63a8ec40e776376a0ce31b8383ab6e80285a9dc83db520af3797be,,
GP_Cov/prior_calibrations/GP_Cov_replicate_097_prior_calibration.csv,1471,eef42a99ba5ea59f8d2eef61c37bf281,f4c63736cc9d713842fe1adf234e1f662a8092b6b2bc8bcf07382192cc6ed725,,
GP_Cov/prior_calibrations/GP_Cov_replicate_098_prior_calibration.csv,1471,ed8663cf2ce49e067bb752dd7bad9076,98065a400bf5c5d2b2b090ede12268112354354d67bd825e3324962417d6762a,,
GP_Cov/prior_calibrations/GP_Cov_replicate_099_prior_calibration.csv,1469,c759a437616ba0d5974a8aa9385d2670,67527270f8f8b41487003706be596249ead30a1c7db759c8db4c76885dbe5997,,
GP_Cov/prior_calibrations/GP_Cov_replicate_100_prior_calibration.csv,1473,509ef28a1f9230881133f267983ec130,91d477ca0cc01498ea5b07abc72adc02efef2b12a0bf4916dd8ae781dc92646e,,
GP_Cov/production_checkpoints/GP_Cov_replicate_001.rds,16547,6dd2010d978f80fc929ae7355247f137,87454e1a486e3fcc03fa3354f4a79b5d673ccac40a32e05f6e76a2eb6a90c708,,
GP_Cov/production_checkpoints/GP_Cov_replicate_002.rds,16405,52aad9341eded744cc52db8ae31a8112,011ac58f12b73902a6883499b33b7120c803de14d0d547deb696db30f72b4b9f,,
GP_Cov/production_checkpoints/GP_Cov_replicate_003.rds,16437,5d7133f75d7cec82c46ec837aa1b28e0,a3dc39c14ef4f7193ab7fd24acec5baba587a9ee4a1f6313ada3b22ae1492e02,,
GP_Cov/production_checkpoints/GP_Cov_replicate_004.rds,16477,771499a40d541d1011a9e56d20a18053,c8b484bbbf49ce92b0ed12e99cc262d1b6a43181c4230761ba3ff343ff6272ed,,
GP_Cov/production_checkpoints/GP_Cov_replicate_005.rds,16519,69c31ca91a7b911bc309eae8ca0a5dcf,a8ba108ee065ba2496c1e225ec91c979893444a7ac5e32bbb0308358437dc7de,,
GP_Cov/production_checkpoints/GP_Cov_replicate_006.rds,16466,f199b4a8275d601df03ddb6db9582694,2c5e1b04527408286fb3ab96d4b7492a280c4c47d365a4ee501edc4e1bb84fea,,
GP_Cov/production_checkpoints/GP_Cov_replicate_007.rds,16514,c2daf378a9fc231dcb521fb28cc73c88,172085cb537d807bda8df95060e337e82616f93b25ff0e46bb15b0ec9916701b,,
GP_Cov/production_checkpoints/GP_Cov_replicate_008.rds,16432,1742c0e87e4dca9f1674d4d8a834a451,82e1127c95f098bbb4f14228691c5db3cf912aab26b10aa24e7b81e5deebce70,,
GP_Cov/production_checkpoints/GP_Cov_replicate_009.rds,16454,fc21e8ec4a8345674b63e4c2069bd1b8,85bdfc37e294ada53e59d450bfaa640fb83a2fd5e4288d8828024bfd9b42e8f9,,
GP_Cov/production_checkpoints/GP_Cov_replicate_010.rds,16523,6cb64cd395e81d74c9683399579878b2,d2cc5bd46b76b307559c06fda8f59923d1d7432cd48beb98c66c53f685420178,,
GP_Cov/production_checkpoints/GP_Cov_replicate_011.rds,16536,194b7b8d67045e049ef99f4de85f431d,97b4513646dc66a1656a072ef9dab9cdd1b6c3800308a74cceb50e8fb3455073,,
GP_Cov/production_checkpoints/GP_Cov_replicate_012.rds,16464,dca7682fa7bf7021639695a523b16183,9cf9692759e002fb778684ed27d904a789c0af6d49f244c2b9a00e064b3bb8ba,,
GP_Cov/production_checkpoints/GP_Cov_replicate_013.rds,16450,160e0e59e6d5e356478350458babd050,068d367041879b5d38a85d422807ede19cdec0b1e89b1946bc21e75b07bacfc4,,
GP_Cov/production_checkpoints/GP_Cov_replicate_014.rds,16435,056fb512c8f76fba2af97e0efeb95509,9a7914deeb4b41fc28b1b97993809482b76bc06355ea513faac7996a129a29e3,,
GP_Cov/production_checkpoints/GP_Cov_replicate_015.rds,16509,364bfe39d3b6cd3cf921fc7f0f279f92,7ed3fe1ffa73e00a6e0fa82ccff7a27d082ac26d1bfcee02c4d1c4ca9de6492d,,
GP_Cov/production_checkpoints/GP_Cov_replicate_016.rds,16505,44061d50d97eee79739e73aff265cfd1,976d7e5ba3b2070842b24bb4a79c5180cc02a3165aaaadcf5887c8bb43b5255f,,
GP_Cov/production_checkpoints/GP_Cov_replicate_017.rds,16514,94f8e20faa1962759b55bcc2d4c9fc2c,ae73c0dd80be8684d9238a52fca4539535f56b033469417ad42781f041b99ab7,,
GP_Cov/production_checkpoints/GP_Cov_replicate_018.rds,16442,407661c07a5ad190f8372157363c2e20,f2cc98b797863e6a5a8d99e448f941eddcddcbc1e69aa3ff92e7b4f42921e9af,,
GP_Cov/production_checkpoints/GP_Cov_replicate_019.rds,16462,976b4ac46deed731088e4c1c749ab6cc,ada3cecf91e450c277380b67c40431298d4b3d456c801415f4928880d47c54d2,,
GP_Cov/production_checkpoints/GP_Cov_replicate_020.rds,16507,efe08417e0a5e2f0b4a15147e364da60,d718e656a24853e99c8eea6f32a40767d6e3d17c1d5a17f6a7e175e77c0a36b4,,
GP_Cov/production_checkpoints/GP_Cov_replicate_021.rds,16495,35db0f7267333fc28fe56908c5ad4d92,2fda775e2276cb91165589cd453a602d20c1ee239ebca0e2adb7d9788307d1ba,,
GP_Cov/production_checkpoints/GP_Cov_replicate_022.rds,16481,a9bbe45483e3d705567943759f9586da,d7aaa6e49fb8a2abae4dd41d629b6da207659b7b4d5fe7c95dfac9fcd19d7377,,
GP_Cov/production_checkpoints/GP_Cov_replicate_023.rds,16487,c7f76919ed1d5dd2f445b889f5d506bc,facfe430ce43cba04fcf088c28afe2e42844f0ca0925a0942c0921049db0951f,,
GP_Cov/production_checkpoints/GP_Cov_replicate_024.rds,16523,39b297116de4d7083b5b33ce2d031594,65ef0550f5e7dbb886456ea27aded37e2c2295fd6682485c673f2662f0bf8691,,
GP_Cov/production_checkpoints/GP_Cov_replicate_025.rds,16543,6354257158416554e5ccbfa7a2361715,bb7ad6308832b3d66fe3263eb3f910250c90a4177dbdd2f574f09afc793cd275,,
GP_Cov/production_checkpoints/GP_Cov_replicate_026.rds,16482,42c079d83c7717d10a1230aefc6bab80,3de40df29aa54d2e40a0abac61a60c53cd2b93481d99cfd3cc788c5a1cf71fa4,,
GP_Cov/production_checkpoints/GP_Cov_replicate_027.rds,16481,071ddda36ae3781ce9de5f917388af31,b71899ac6b2b4d2092624aa3d4cc81f33dd551759df2669821f0f7c81041dc05,,
GP_Cov/production_checkpoints/GP_Cov_replicate_028.rds,16390,ab7c856a72492e42f11a8bb499397f12,7a1d8f2395fb1c84a653bd6842fbbf796e667a9f906f28e1e2428841f2f3a538,,
GP_Cov/production_checkpoints/GP_Cov_replicate_029.rds,16490,3b517ae2fef95aa5aefda6a38ca54edf,f6c3fb2cc199b1f0187a941a110dc893c4b1695f743b7db1ae2f0ed2d6ed4524,,
GP_Cov/production_checkpoints/GP_Cov_replicate_030.rds,16505,450477109c76744cb901e6ba45f66f5b,8c34678386b729770d83173c6df8d5a3f99f33efeeddeb1ed44e998946733514,,
GP_Cov/production_checkpoints/GP_Cov_replicate_031.rds,16460,c66fe3c77f5d7d9199fa59619bd1e106,ecd7415eb1a84422943dc10c95206d6bc55cd04d162648b9e6cf95cbaf489e76,,
GP_Cov/production_checkpoints/GP_Cov_replicate_032.rds,16500,05cb1a9f0b0805c1fa8efce04f6b61a1,a21dcf8033482b4f64751ca2b3e2c31f29e15b35a2c1b42272543c3c8778f23d,,
GP_Cov/production_checkpoints/GP_Cov_replicate_033.rds,16546,eb11a6863f663a8307f20a335b6ecd8d,afd1460f7f9a750510255e808cb75ca179ade65d2ab8f0849fabc15c9e02511c,,
GP_Cov/production_checkpoints/GP_Cov_replicate_034.rds,16435,4603a4f6c9d4c29bc0529fd567370ba9,edb28a3342a7a6e402861630ac0e0a0c6d59c4444a3979c1c519a7e893e73e44,,
GP_Cov/production_checkpoints/GP_Cov_replicate_035.rds,16454,75a43129a11313469ffa432ea59e1faf,2c66db25478264afa555c9fc2c608b01026a818b55701f4d33a42434e0374396,,
GP_Cov/production_checkpoints/GP_Cov_replicate_036.rds,16455,123cce06ceb003e7cd6c39422750e6e3,cfe27ea7fbc35440c5dc423508ce27b73758fbda926056d4d7a0d5f1b9aae7e3,,
GP_Cov/production_checkpoints/GP_Cov_replicate_037.rds,16468,1f0de567c9664a2f6765e87e53bd963a,7c9487904c61cd071f441af60b0a5009b861992b2520a53c98e700d5ed062bfd,,
GP_Cov/production_checkpoints/GP_Cov_replicate_038.rds,16523,37ae2b9054af7b9106f09f941848b217,7843c6c5dff72e833538c245cb30b0b8ae0e57f62cf9da297138234398374700,,
GP_Cov/production_checkpoints/GP_Cov_replicate_039.rds,16502,01f64d716aa5fac53273e805a532c079,f251ba86b8115266965bdd09a27d92f6531bd93a600979caae60fe737bc72f4a,,
GP_Cov/production_checkpoints/GP_Cov_replicate_040.rds,16518,30ac85d4254b81ed49a6b96a269f454e,bede6c953e09d5840930fd6d9e0a2ffc3d49a28c1d1b0b5d3103ebf0ca27d178,,
GP_Cov/production_checkpoints/GP_Cov_replicate_041.rds,16468,aea9a3ceb1020da83d8262aef778c198,bd0e53849e609700dca47beae8336a17e1cd7c9799c188bf6a203a759f8cf510,,
GP_Cov/production_checkpoints/GP_Cov_replicate_042.rds,16470,31a8aa4497fc801e36c0fa3c2d3e5e05,0411626d5f9b1460c53d74fba2c316072a506432548a6106e137762c8ec296fd,,
GP_Cov/production_checkpoints/GP_Cov_replicate_043.rds,16464,03fb455e5385967421184ce2b410e8c1,d78e60043c7e2cf4f9efcff2e94821cb92dc2d08330fa3bcc9971a137d9e69dc,,
GP_Cov/production_checkpoints/GP_Cov_replicate_044.rds,16475,63e45a07ede2152ab3a23cf31bc7da35,592da7f1da2c126ae6e6b31b9aa854d58b853a478eaefabb291d7499d49d4af8,,
GP_Cov/production_checkpoints/GP_Cov_replicate_045.rds,16466,e20024e0994e91963fbb79d3aa9e4c9d,1edf40f65480eb16e0432ecce3ebd9fe3c1a4e102dce340eebedbf2f28cfa8b9,,
GP_Cov/production_checkpoints/GP_Cov_replicate_046.rds,16415,57d70d427d162c554258c2125e548a08,0a1eda16de59fca29ddfd82b1a05fb30f958bf115866f0f7ed3669997faeb2fe,,
GP_Cov/production_checkpoints/GP_Cov_replicate_047.rds,16530,89c77c4afbfb229a4b5d026a2226373e,782dcec3189f4d5174516e05803fe7e4cd0958fa1f38a04c167c37fcde99c86b,,
GP_Cov/production_checkpoints/GP_Cov_replicate_048.rds,16488,e4c6f749037789d13052734f039cf0a9,762be9736add16d8b3d343fa6214da84056c5024e883c33e2f501658f2a93bcd,,
GP_Cov/production_checkpoints/GP_Cov_replicate_049.rds,16549,4b0294ae47d6556d9f24d464e20f5355,aab42f30f31c6dc13907937db9783c67e3edf6f28f045426f45e688e2a5c94ec,,
GP_Cov/production_checkpoints/GP_Cov_replicate_050.rds,16461,ec115807f64c72a480cbcc52c62e510d,68fb9dfeee2f87a3d7fed05a3c8de2584bc54a219d39e973024178bfca301cfe,,
GP_Cov/production_checkpoints/GP_Cov_replicate_051.rds,16536,d16946e5172c800cc306fe1e0e7270c3,27981acc1ec3b3961c3e16a17710f8d27888e269becb832948c4252494fb775c,,
GP_Cov/production_checkpoints/GP_Cov_replicate_052.rds,16553,dbbe9c567eb02a09133de22fc39e7f5f,cf49f53945b9bd4af36c8e4d76fd1aec6b71a9d5e7c433fb91923dd335c51129,,
GP_Cov/production_checkpoints/GP_Cov_replicate_053.rds,16515,49c7d29232f4be3eb4324b1fc6ff5586,9c7f5430a587238c86a84bc70f4d389f61520f2c8538a081ee168acf454e0d59,,
GP_Cov/production_checkpoints/GP_Cov_replicate_054.rds,16514,ba5b5a25e85afebb44bafadfb55f5016,253c6f61d3cc0ff8510ab35a146c40d1fbb2c821f02eca1825feab0edae7c4c7,,
GP_Cov/production_checkpoints/GP_Cov_replicate_055.rds,16482,9dab262214f604e9b17f44029751376f,bda296b936e278df99ff097c4d755ebbec53e5b3cd4017b90b40b1a15ee44cda,,
GP_Cov/production_checkpoints/GP_Cov_replicate_056.rds,16500,74da4dd36730d0136361ce9e0d1cac68,aca768badaeb87afe7c7699caedead0ffba0b127e7dcca55e92647a06bb8b3a4,,
GP_Cov/production_checkpoints/GP_Cov_replicate_057.rds,16505,79d51e04f3b86e319a62a4962968ba12,d6ae879fe5d853c8b0b4b4de2d90c8bb6c384f8b0ddb447e447a50829b34f2c4,,
GP_Cov/production_checkpoints/GP_Cov_replicate_058.rds,16460,c4d45d657a5fd118e12c35d910446fd1,cffc565afcc58d4feba8dfeaba868114bb69c3e52badebbec103ab58ff60d992,,
GP_Cov/production_checkpoints/GP_Cov_replicate_059.rds,16484,560d87fab2be5e6a2c50c13a084e4d36,762a88dade04181badb30fb5156e5d04f0b5ddf6b5d232b9fea06ae6074d6a30,,
GP_Cov/production_checkpoints/GP_Cov_replicate_060.rds,16541,70c5d0d29333d23c8b0ba38ad928de6b,6b0f0f05c47572ea79b2e3255e4b14bdef99c6e2e39800be56930ffa49862581,,
GP_Cov/production_checkpoints/GP_Cov_replicate_061.rds,16436,211489299d26fee383feb15ec0ca2a15,56177fd212d97b043356a46a861e11813c0dbe2c357fe9e90f1754c23171b6df,,
GP_Cov/production_checkpoints/GP_Cov_replicate_062.rds,16543,c0e8bf7dd4ec23fa713ac92b28e12671,a374c7324b8132193d006f2897ee4b9ea29ecebb8c2111990eb9ca8f960c00f8,,
GP_Cov/production_checkpoints/GP_Cov_replicate_063.rds,16465,5b1ea8972a54f6c8051a580b5f68e971,3fefa52063955410411298e3b19951533c02c09f84af35159c177b67048006ad,,
GP_Cov/production_checkpoints/GP_Cov_replicate_064.rds,16559,dfa91c7fed4295f534428ad238c490c6,5382cb0ccda3e34d16ac07f9d732f192ea5bd49d9c03340a2e207997818de2a1,,
GP_Cov/production_checkpoints/GP_Cov_replicate_065.rds,16504,c62b7fec1ff243d4bf1cd2be1484f986,9c5bf7a5c627dadf80f56d5917606f582f36fa16de1e6892c89a3ce22e54212a,,
GP_Cov/production_checkpoints/GP_Cov_replicate_066.rds,16471,17661851cbf7bd25ccdad95d34dc9ec3,4ecc5c11c506aeaf87fe297a460d4bd68843f40c8d3b5abcffb67d9e470060a0,,
GP_Cov/production_checkpoints/GP_Cov_replicate_067.rds,16520,b76448755424602a1e4453f02e53004c,3e59a83c5bab48672d6b912fe5e1d8c82f4651bdaf2d102243f85c74c42c9502,,
GP_Cov/production_checkpoints/GP_Cov_replicate_068.rds,16521,0f9b7b714641598e6169aa724f489404,f0e8027ce67fce76aee9f3627a2110be87dd7ff46dc2bde5961ac518043b30b0,,
GP_Cov/production_checkpoints/GP_Cov_replicate_069.rds,16475,51bd520ab03902667fc4672d94418250,4d031dbbd9df6772180ef60d6917f65c63acec86fc899e578e817c6698a2d655,,
GP_Cov/production_checkpoints/GP_Cov_replicate_070.rds,16488,9a98e57a411a67a713eeb8553c1e966d,59f15f75f97930161a2ca45dd47ce5f3a381980992ce67e4086576afedc7fab7,,
GP_Cov/production_checkpoints/GP_Cov_replicate_071.rds,16406,f0d0d51b007529e1578574b511a80ad0,5204e1d941f42c6887fd4a978e81e54567191f880f9f2afaf3853f9d7b715824,,
GP_Cov/production_checkpoints/GP_Cov_replicate_072.rds,16501,bff87a8471a4f888fa4219e3e40bf1b9,ab3b20f1f089d5f8ceeeb148c1bbfe7286b8e809fe2ca9f0eb84a222b7836e4a,,
GP_Cov/production_checkpoints/GP_Cov_replicate_073.rds,16501,50fe84defcfa2323e38e404bdbec1775,cbda4e3184e8b2adb4323c829cd57850f6fe0d51f3c77c2451d7a29d034aefb4,,
GP_Cov/production_checkpoints/GP_Cov_replicate_074.rds,16502,8ec3c8c16df8de4d74260c8c5036a35a,f4b49235aabda91e3cd6b092e1753fbff99700bb0ba34f87070db1c6e7c7fc6a,,
GP_Cov/production_checkpoints/GP_Cov_replicate_075.rds,16550,22b9c77c59d002b6a37a0fa6a8939769,808f2dcdeaa02ad1973e83563d6fdc3a2ccf10b2af7c6d007606765cfd6ff99a,,
GP_Cov/production_checkpoints/GP_Cov_replicate_076.rds,16455,a8b8c89882ca080232a1780c39735a86,8b7202a9546811a7368c0718362a2e9a718530799336e1798fa62f05c1d7f1f0,,
GP_Cov/production_checkpoints/GP_Cov_replicate_077.rds,16508,63eeceeaa22e162d06eef9c704ba01e9,b27ae255c50bbc07d75835b16fa54dd8f756f37e72eaf3f7034b507d0a85adbb,,
GP_Cov/production_checkpoints/GP_Cov_replicate_078.rds,16535,ebbf2d8e7499000b2e06ca8cc2cd5aee,20e8f051029f84a8309aaa25591abb9200e53cee2254582f84410308f3f77dbe,,
GP_Cov/production_checkpoints/GP_Cov_replicate_079.rds,16474,b9dee1b79b9b3257a61a1327f31ce3e8,68d7592c38d3572fc98ad82561d5c2072405336e7d4ca82765b0f4465825fff9,,
GP_Cov/production_checkpoints/GP_Cov_replicate_080.rds,16529,0fee987d6cf7d3fccec763a28a6490cd,98ddd5a4ad0b5e067ecf171b1578bb94a9dd8af92184ebdf522b2f459051ed1a,,
GP_Cov/production_checkpoints/GP_Cov_replicate_081.rds,16395,6c77c25a8607fa73b993b1e3733442ba,d7b874fc229b92c7176f7623c67dacc70a0dc224baa6b3549e57795c17ddb7c0,,
GP_Cov/production_checkpoints/GP_Cov_replicate_082.rds,16559,c56903fe1190dfbdfd9a8a6e84222971,af219a3885c4569d169f2f5c46ca751688b80be7338b24cbb72c0c5f8b862ca7,,
GP_Cov/production_checkpoints/GP_Cov_replicate_083.rds,16474,7842384360bac0386cba419ee43554f2,888d5f95ef9ed0157ff234fa4232361dd5ff436bec6d4bb56de12eeb05a89f34,,
GP_Cov/production_checkpoints/GP_Cov_replicate_084.rds,16454,22179634117711254f476fd30883084b,aac7ee7811aae5e0556ef0585ad4fb3d26828ce769193d8d4f94b17d4d85f3aa,,
GP_Cov/production_checkpoints/GP_Cov_replicate_085.rds,16484,c36329965e72ad65b4cb3cb99282dafe,47fe37231bda134c5abf5f0f9a97c54c731180c5110887f72487bbdd3e2beeb1,,
GP_Cov/production_checkpoints/GP_Cov_replicate_086.rds,16487,88352996bc930f4adeb877d062491420,24fce988628c5651d8b8b7a97c16eb7af9fb4ef05bd111e1396efe7479e42473,,
GP_Cov/production_checkpoints/GP_Cov_replicate_087.rds,16499,43c7f2b6a340dfb5c1ad9b82a49a2da9,3cb11483f2137833581819cdc8e8c7b80f365fc5a43df0308f82f2ce89d031ae,,
GP_Cov/production_checkpoints/GP_Cov_replicate_088.rds,16540,1f24f2fe098f843ce6e853a8143e565e,228537db73a2c97b9df6123f550fbc49794816339089b51576f9ce0b59c35e3b,,
GP_Cov/production_checkpoints/GP_Cov_replicate_089.rds,16493,eba65a5b2685e1fbbf9e07a058d9a75e,3ceb6398ce4d87abcf078f64cb2c77f76323db4696ec140a52c04e954d30ff0c,,
GP_Cov/production_checkpoints/GP_Cov_replicate_090.rds,16556,e157dd920ecbc9294eb843aac7585db8,6ddb0e49896d2a78ca4798481f9d3709307924b05bbf7db1e84eb24a043db760,,
GP_Cov/production_checkpoints/GP_Cov_replicate_091.rds,16456,60e787c155d02ac0c1a9aee6d93cc4ae,ff0fdeccfc89c72c2979154dd78530e6fdbf728ced41e1549790da71389cdc63,,
GP_Cov/production_checkpoints/GP_Cov_replicate_092.rds,16511,76a7b47927b5972a52c7cc93468d7f65,04fb5efc50dcf34c60c8071376c3e00f148fe4cd8b8d63ee40b401167d7475ff,,
GP_Cov/production_checkpoints/GP_Cov_replicate_093.rds,16547,45bece6bb95e0c10df3b1111d5f088d9,12eb2de6ff53a600c6323cda8d4c25eeda9e34b851a88e4526cf96bd3fce56fe,,
GP_Cov/production_checkpoints/GP_Cov_replicate_094.rds,16451,894a9f8f89b83abdd7539e5672cc4c71,714d00cb4461cf9c00dbfe049ccba10e0e4ed4a79f8c69ac84dd620569002551,,
GP_Cov/production_checkpoints/GP_Cov_replicate_095.rds,16443,7fb500411e171ffd395ab60e72d00fde,23975bc2980efcd9ca86037204f512a957e02ba11f6a48d1c5d86dccd97e0688,,
GP_Cov/production_checkpoints/GP_Cov_replicate_096.rds,16522,a7a5632e979aa95bd46ec4e04133f450,73292bc5c332548d28fca84093d94444edbaab2852c1422903b487658fad594e,,
GP_Cov/production_checkpoints/GP_Cov_replicate_097.rds,16518,5de10b10bffe237dff9a31b675b66020,c2d0af47869c20a53e2161dc2346b3ef9f94bdb9e4cc44fb306262cc16fc51eb,,
GP_Cov/production_checkpoints/GP_Cov_replicate_098.rds,16553,0107cabdc751453bd2f9a968803ec6d9,9b7457704b5405cc804f5da330d3fc3276f99404d0a4f6495a480a2d4e4c889a,,
GP_Cov/production_checkpoints/GP_Cov_replicate_099.rds,16406,eb4aaabd64b892a63b35e086d6884589,7886ddc0f8aa5a748dd2fa5fb91a86f04e1991b530677ddd594c8deed1806641,,
GP_Cov/production_checkpoints/GP_Cov_replicate_100.rds,16415,7d9bf944e8358b746e2dd815bf3e6d75,811b7459f2f38e1be06e692560899ed157bfcf1e91d59450e1138ce384a271e9,,
GP_Cov/sessionInfo_GP_Cov_self_calibrating_SAR_simulation.txt,695,d9ba4e2914793b9ac985410e40276058,6d4bcd05f069301b8ec74b2b5ca2b840967b711958865911f49176fd31c0472d,,
GP_Cov_PU/GP_Cov_PU_FINAL_MAIN_TABLE_means.csv,654,bace63762e2d0f4fd126093f8b436493,13e13333051643d87528a4caa267fd926a37f16f49e9ccf665b26c0cb4b36fa0,,
GP_Cov_PU/GP_Cov_PU_FINAL_PAPER_TABLE_mean_SD.csv,618,89de35b9b69b720aceb746b99951795a,65717fabf69421892d37e634aad26432125a980468d2d300c5fe1b7a02db2ad1,,
GP_Cov_PU/GP_Cov_PU_FINAL_UNCERTAINTY_TABLE_mean_SD.csv,358,518634e8fc85038ffaf72b4992661ca2,2542531a1bf89a0c92800814866b171a850446dbb60eabb070dd3c31dd40fc43,,
GP_Cov_PU/GP_Cov_PU_additional_diagnostic_summary.csv,3762,a669693ad1e75d819048f7b6b47aa312,a6472652535f7a33c7c54162e591a24d27d5568e626f6829ebea4bfca54b565e,,
GP_Cov_PU/GP_Cov_PU_all_node_probabilities.csv,6893213,3ace3404de51f97efdb21446e90b0c52,1a47abbfffc97d4a3a7ce10df5f478f9b5c6e3c11439571cac5c3ce70f84f7f1,,
GP_Cov_PU/GP_Cov_PU_eta_descriptive_diagnostics_by_replicate.csv,13339,870e729eae9e996b19e75b6c96ea649d,fb7085de2099ea32013847bb3e5481bb27e10417c28be122dab36687a2500c47,,
GP_Cov_PU/GP_Cov_PU_failure_log.csv,75,415762f6f66023fe900ed436193d8177,60663936722ba4f3844c53a264aa9a5abee70d0b3de51c9e713756443deae104,,
GP_Cov_PU/GP_Cov_PU_geometry_summary.csv,23863,18393df5e68b7e2c02777d5fd5fe5c26,83348cfeed8a018801aa49a9686693c32472a7ae752615454c55f0c818be3bf8,,
GP_Cov_PU/GP_Cov_PU_global_pilot_calibration_5_datasets.rds,4654,7ff60d445bab8947b2274af0c737a5dc,2af5e096caee25d125a63d45e9188de739820c5f9baf979d2e37d67f5778b995,,
GP_Cov_PU/GP_Cov_PU_global_pilot_distribution_summary.csv,2096,c7dfdf4e4cff27234a4c72a6ac304684,05978932df491172bf73c9de818797e4c5ee87cf67e19d9b834380e401a75c37,,
GP_Cov_PU/GP_Cov_PU_global_pilot_per_pilot_summary.csv,1882,9655ee925a8f2a97efcc2436869c5a91,21ccb143af8f1b672fe78fc70f155bc69f02060f76cce6aed0c4a3f059df5ece,,
GP_Cov_PU/GP_Cov_PU_metric_summary_long.csv,3425,07951413256ceac4c385e6ec6d428f6c,739e446bd0fccffaed1e27683845e9d7f4eda6a2b1cd6c843f78eda075985d2e,,
GP_Cov_PU/GP_Cov_PU_metrics_by_replicate.csv,73674,a7a1bc5b651ddbfe11c014a14eb78001,574f2cad8e55ed79ef773a744546ed250044fb481c5d682f21bc6ddf783c2a75,,
GP_Cov_PU/GP_Cov_PU_pilot_prior_calibration_summary.csv,2978,c41723f5075e9c8e5609ce2d411a1f2e,cf7282e65e425c8b8a9e04452bfeae1858fc96c09dcfafaf4ad7d192d89b827e,,
GP_Cov_PU/GP_Cov_PU_pilot_seed_table.csv,142,37c8d4e39a7bc3f15ee9ef3fbd6da963,6683cdde886beb10cdc6d2a46b60b2b7cf6ef24c0a1fee994ccc7cab7f4ece27,,
GP_Cov_PU/GP_Cov_PU_prior_calibration_by_replicate.csv,51693,b07148d47f50d0254eb718d57ba6980b,c91179fcaedb5f5d55c10605e57c0f6e5d0e48fb1c0b61627f627a02ffd53932,,
GP_Cov_PU/GP_Cov_PU_prior_calibration_distribution_summary.csv,1524,9d2e4a0e9b8f0c3415fc1fb6a2a2b513,04ea834e6c837e7c996da1d60a5613f5c8bbb8921db9bfea086e4adff4f3da45,,
GP_Cov_PU/GP_Cov_PU_production_seed_table.csv,2233,e717e905a2af079bc98c5ee8ae6cd6fa,3f381af1eb894cf6b1749a615cc2e4b3d4454169ba574489400cffa512cfb4a7,,
GP_Cov_PU/GP_Cov_PU_run_config.rds,6382,bddf4b387c588adcf2f521ee4753a992,1922927fb8cc1660e46bfa1e42759ac2774b89e32bc608329e7ea9586cb5c305,,
GP_Cov_PU/SAR_selection_Monte_Carlo_summary.csv,1039,1848454d36c58571072dbbb2829d423d,19d565387ac5499cbe89b038109eb6473547287eaab39e26042cdd106e0c9d0e,,
GP_Cov_PU/SAR_selection_diagnostics_all_positives.csv,633288,1f61c48acd7a5654db5f239585819bdc,e9e55d97b5fd5d09db8612d64a6ddc7ceadf6f5d1c1efb5f9e12cd3961695779,,
GP_Cov_PU/SAR_selection_summary_by_replicate.csv,14471,3fd02a12b6b88a0f283869eb28b212fb,debe639b69dabf962fe2af45061724151a29894570368c3912e09f873a782be8,,
GP_Cov_PU/pilot_checkpoints/GP_Cov_PU_pilot_01.rds,561890,36f4d43d3df3c0f015bc7bc85a12e419,92838a3053e9126d543eb53461e198b16d4fe3996880ba705f4a8cf5cbdaaabd,,
GP_Cov_PU/pilot_checkpoints/GP_Cov_PU_pilot_02.rds,562902,b2911a6115dca0fa9b8c71e2e8f98b89,7c420e479f7002b5bb372325fa0a75cc63ce7c39c2db31ac12c8289d804c6210,,
GP_Cov_PU/pilot_checkpoints/GP_Cov_PU_pilot_03.rds,563673,4650988d3748d773e3812820edfa3940,5bfdccc243d245b97557c1d6427eb3a1833a9d8a98a1946595f53476dfc7740d,,
GP_Cov_PU/pilot_checkpoints/GP_Cov_PU_pilot_04.rds,562057,c625870b0e8c5b1848d1adba9eba74f0,c7b19966e86b12edcacfd59b05200351002333945a29fc9151ff611e9d696129,,
GP_Cov_PU/pilot_checkpoints/GP_Cov_PU_pilot_05.rds,564378,8488037da8e38f2f9e9b7b952f415273,59a71630ebb6b96bbe4508f2677e6f6eaa0c6cfab887ee10edbd309b69779e77,,
GP_Cov_PU/pilot_geometries/GP_Cov_PU_pilot_01_geometry.rds,83409,7ddad42b20614baf3ceea307554cebab,65a7a0faf3152725dc93ae7850ea6a2a8984de725aff9d183fc3f6391f0f1b73,,
GP_Cov_PU/pilot_geometries/GP_Cov_PU_pilot_02_geometry.rds,83377,a1eb8d2f0038b61c4eeb272d1f7f7795,6cddfbf91dbc95cd4fbb05264c334eebb8272899ef925e3c200ffe08755ce816,,
GP_Cov_PU/pilot_geometries/GP_Cov_PU_pilot_03_geometry.rds,83402,c8d6e0dc525f942b7374bb3ec1c80620,df1dfc7dfb921fdc7e2326093223fcf1abfb6a4f8af3b77808c5be0d287b98c1,,
GP_Cov_PU/pilot_geometries/GP_Cov_PU_pilot_04_geometry.rds,83414,f0e9c4a4c615b40b0616b7b47a57a47c,221cf9c1b6f98f683c4b53b5afcf4b319f1c9ec3f7006cb59e15899fe4233293,,
GP_Cov_PU/pilot_geometries/GP_Cov_PU_pilot_05_geometry.rds,83440,95378877eb37c5286974082b70f291e0,907958f5f996c7d1ec7766e68f50a860f0ca4107317d9296602698fd04f74fb8,,
GP_Cov_PU/prior_calibrations/GP_Cov_PU_pilot_01_prior_calibration.csv,1348,d6268eac94602497c1a3c4ac892155ed,2f9bcfcd6358329b47aed02750a874ac2557d83a65f38841826e1f327f5b3f71,,
GP_Cov_PU/prior_calibrations/GP_Cov_PU_pilot_02_prior_calibration.csv,1347,567d8b5e44cf3f85b3f49dc5de5ba0f9,534f3fbe1bea07de1a63109250275e00d0ec55ec77afc921bb4dac7bc45e6de4,,
GP_Cov_PU/prior_calibrations/GP_Cov_PU_pilot_03_prior_calibration.csv,1347,405da103ced80169a2367a7685dfd638,087c71b3e45aea2b334b81f3dff35d825bfdd690873437b4cdd9e30cd420d97c,,
GP_Cov_PU/prior_calibrations/GP_Cov_PU_pilot_04_prior_calibration.csv,1347,62c73270bcb2c9d84a106bd9b88b9fbe,6cd8b592fa310ed8bfbe74abbbcfeca1bca183b89ac7b9c4b36631cf17d6f6bc,,
GP_Cov_PU/prior_calibrations/GP_Cov_PU_pilot_05_prior_calibration.csv,1341,96eb7568007f74fd3de906e763d04a98,48b689e55e19702b7cd759e6b8b33e14d51a5a5e36b39e34d8e9185035696345,,
GP_Cov_PU/prior_calibrations/GP_Cov_PU_replicate_001_prior_calibration.csv,1469,63e4de2a1a09a5dc882535f6331f4bc6,c6e6f4380aa5c55c87a5d0a35238728e45277fc9b34721f0f5217d4b1c7f9cda,,
GP_Cov_PU/prior_calibrations/GP_Cov_PU_replicate_002_prior_calibration.csv,1470,8c53b619a3a82d3c8fd3e186f69991ad,5457fb578c11d07e286fc5a61249608b9a768de608c6278296025a733ce2f039,,
GP_Cov_PU/prior_calibrations/GP_Cov_PU_replicate_003_prior_calibration.csv,1468,a430263f985195ed34e96b4e6082f8a9,61e80a183f96d4bbee93335d02f67e52a5e05a14f45c16704bbcf3af68d97296,,
GP_Cov_PU/prior_calibrations/GP_Cov_PU_replicate_004_prior_calibration.csv,1469,d624a97c9dcb72a01cc39c7dc7b250d1,4f4d99a3569ec2ab33055b04eb9290360cf69fbc4bf3788dc44d482892bd76ef,,
GP_Cov_PU/prior_calibrations/GP_Cov_PU_replicate_005_prior_calibration.csv,1470,737cb1bea548286aef2f7b0b14f63712,5b7324fb173eec6926dbce9349f9cd686b3273f6189e63b965e8afbeae4bc55a,,
GP_Cov_PU/prior_calibrations/GP_Cov_PU_replicate_006_prior_calibration.csv,1471,507125a019d8321428e03adf01ce39b9,244ba1bfc76a0bbfc2e72f3843fa5a5bb854d52130843cd2178bd78f8c8d9198,,
GP_Cov_PU/prior_calibrations/GP_Cov_PU_replicate_007_prior_calibration.csv,1469,d144980865d2624d5d619b0f43a56ea8,b2fef6347f9f0bf4fafb41cf9654d09c4c08e3ab69df72a774b8f8def0462ce2,,
GP_Cov_PU/prior_calibrations/GP_Cov_PU_replicate_008_prior_calibration.csv,1466,09aadf510a500460ff138caea4676317,96f65fb8604552e6166a5dcb2dd99d2511d8136b2574f3a82d335b1878a3a449,,
GP_Cov_PU/prior_calibrations/GP_Cov_PU_replicate_009_prior_calibration.csv,1469,1a5607c5368f20fef031e6798e1ba868,0423a74a7519aa0c2af5479e9f8e8203235aee3fe132add98d1db63aa1048c99,,
GP_Cov_PU/prior_calibrations/GP_Cov_PU_replicate_010_prior_calibration.csv,1469,5f19cd9ef60fe75648cd6eb0ecb3d58e,bcffac696438d937934c94463cf8d8f5379d9967130fafae2c8e19a9096fe8a3,,
GP_Cov_PU/prior_calibrations/GP_Cov_PU_replicate_011_prior_calibration.csv,1472,90d20dcc500afc1ae1d5a4260f55797f,d1156c3c2d872ad95f34484c71d156cf4c7d9bc48bcd332bf4646cebe042d0b0,,
GP_Cov_PU/prior_calibrations/GP_Cov_PU_replicate_012_prior_calibration.csv,1472,86b294a0803a06db8acb530326f108e9,13a5eb2f295bbfeced37527152ce9f6aa00bfa9b3b597f2272f686477f0c888d,,
GP_Cov_PU/prior_calibrations/GP_Cov_PU_replicate_013_prior_calibration.csv,1472,d0e9ef30098133ec26b49093aa19af23,7c070237c6b014474f225231d82ebc424e5564f75dcd4d5ef075d054c918fdfd,,
GP_Cov_PU/prior_calibrations/GP_Cov_PU_replicate_014_prior_calibration.csv,1472,1d83f5fcb1c8465f1a17d21d0728247c,b5fb93b055bdb73db2fe8d18a0511a381c92bc7d78d153c97e4217f6bd1fb8b0,,
GP_Cov_PU/prior_calibrations/GP_Cov_PU_replicate_015_prior_calibration.csv,1470,606891ac80fb91ed46761303e38019d4,adefda7ec67a6aac717e160ec0c4cf89dbc77c0979ea168227407be257a1eef4,,
GP_Cov_PU/prior_calibrations/GP_Cov_PU_replicate_016_prior_calibration.csv,1467,dcf03f67e63d082705c26885f3f36a25,6342d8461a1f6d88132a31940b08e83ac0f37559d2e3132bf91a228f837310cf,,
GP_Cov_PU/prior_calibrations/GP_Cov_PU_replicate_017_prior_calibration.csv,1471,3edbcb4c3c413534d6e4d69e18c39221,8f89a4c8ae7faab0bc5b2edb4a00b38703afaf56816e7481872aeec887618e2d,,
GP_Cov_PU/prior_calibrations/GP_Cov_PU_replicate_018_prior_calibration.csv,1470,2d74b81f46b3db6e70b6c08c4c11c0d8,0a7f9256f50869fe76e7ee6ff282c3e905051af9ce2367a6969bd298f8dc31be,,
GP_Cov_PU/prior_calibrations/GP_Cov_PU_replicate_019_prior_calibration.csv,1472,f992fb5d256d47f79f3ba19e446f29b9,e64f53b89305f8b55d29d30c458503e85a228c6d61c77806a9a4f526631bb823,,
GP_Cov_PU/prior_calibrations/GP_Cov_PU_replicate_020_prior_calibration.csv,1470,0145f2c48d16f7cdec2f6e08910b9acc,bfae60fb84ef5c76106a58dc845622e945f4f34b6e4a3709ddcdd0dc567d8953,,
GP_Cov_PU/prior_calibrations/GP_Cov_PU_replicate_021_prior_calibration.csv,1471,656e127de976a43034615b66365895bc,c6611881d4b39967135c24287d4d9b274ebf506eb28dc0de1d028febd133cd98,,
GP_Cov_PU/prior_calibrations/GP_Cov_PU_replicate_022_prior_calibration.csv,1467,ca8cf162bfe895e9fbc610ff9a0700a6,3f60d15681ddd39ee937c966360ed618b5d7e078b64fa1779a6393cbf99e731e,,
GP_Cov_PU/prior_calibrations/GP_Cov_PU_replicate_023_prior_calibration.csv,1470,d6a9f23b7f02518619fb1f6f2fb3be03,460cc15200a4c948ee8e6e032d003696df113f67c4e8cc5e0c87d3d8fc2e11f8,,
GP_Cov_PU/prior_calibrations/GP_Cov_PU_replicate_024_prior_calibration.csv,1471,c32c162a04fa1af17bb074d659d0dc09,d36d2a21e58af1b543b8f750d700c43df365eaf0e6bfc872273dc437b3b2859f,,
GP_Cov_PU/prior_calibrations/GP_Cov_PU_replicate_025_prior_calibration.csv,1469,b6747826e719dde80971d918a030fe3d,70059e25e80fac265640280beb88a8e5ca19fda0083977e888844b636fff5934,,
GP_Cov_PU/prior_calibrations/GP_Cov_PU_replicate_026_prior_calibration.csv,1472,bae6a8ae70260e36f2c159de802a446e,823773e7f64a4ab1af6e1c222af2d26ad77fd02d92941257463b5ca0cff4f124,,
GP_Cov_PU/prior_calibrations/GP_Cov_PU_replicate_027_prior_calibration.csv,1472,07344b1cbd02784e983e283b40e3813b,301fa41603a6c0a1b507c3d2c4e82058bd0a373b6cdedff66097ea4b73ae5a67,,
GP_Cov_PU/prior_calibrations/GP_Cov_PU_replicate_028_prior_calibration.csv,1467,5557c8b9a049c1404d76caa7666b22b4,b1533a2955580aa745d39481e5e35fe9e0f21f2a15f50f2760a5c9b93993530c,,
GP_Cov_PU/prior_calibrations/GP_Cov_PU_replicate_029_prior_calibration.csv,1472,33e14129606db657602fbaaf35461f96,c450ceb8ae433f5caac00796464591ffebe4581983ad68a20855af433cf6f941,,
GP_Cov_PU/prior_calibrations/GP_Cov_PU_replicate_030_prior_calibration.csv,1467,f8322d751d26cb50ace26c168bc5399d,1752b33af26350d23924ec6ec2f2cd650a2b49767bb0272b2fc15aa9481d2286,,
GP_Cov_PU/prior_calibrations/GP_Cov_PU_replicate_031_prior_calibration.csv,1465,b811f17dcc06054fb8cf383dff2f4271,2ddbb0f361e736d8be093d4d7833d0ff971fe0b736be1133939642081f2feea9,,
GP_Cov_PU/prior_calibrations/GP_Cov_PU_replicate_032_prior_calibration.csv,1470,eba4f5064ba4da15bf9d240a0c965412,a2aa88aa3c5e3ed52b0d36b78a4cd941e7e6223cad915ac8dbd0f45fe0df2e05,,
GP_Cov_PU/prior_calibrations/GP_Cov_PU_replicate_033_prior_calibration.csv,1470,c9db959bc7a56465cf8d305ea8198801,915c5646ca4cb1acc4d268ff686f755ed8fac172c9af92a48ad38e1db9bc443a,,
GP_Cov_PU/prior_calibrations/GP_Cov_PU_replicate_034_prior_calibration.csv,1472,652f97bbd7a33a835791f4e186835f2f,f26cdf0af4548a522b3ef86ea6f322ed36266df8a2f4d24b9c5240511fce02fa,,
GP_Cov_PU/prior_calibrations/GP_Cov_PU_replicate_035_prior_calibration.csv,1470,b8a5f1aa1163d07c4b8da3f450636a99,73593d1955b6f766f90a284590496d51869394f480d2643ddbe28f28303452a1,,
GP_Cov_PU/prior_calibrations/GP_Cov_PU_replicate_036_prior_calibration.csv,1472,78f320df0404c66196721ad6b533e770,584c8cac3e0545ecf0672bb1f5e90f78977b79fe2b70b6327f57ea61a361e704,,
GP_Cov_PU/prior_calibrations/GP_Cov_PU_replicate_037_prior_calibration.csv,1469,f215c364f34fc454630810c091a60afe,10ba1e62692721314ddc25adca56d623c41322cd4a6d66e0759b8dcb35f7217f,,
GP_Cov_PU/prior_calibrations/GP_Cov_PU_replicate_038_prior_calibration.csv,1467,21f4d646c14f2d5cf3208a317dd905e2,1fb5399fa581deb379e8bc6fde1913df2651e87eafa3d4cffa41636d5ffc1bb7,,
GP_Cov_PU/prior_calibrations/GP_Cov_PU_replicate_039_prior_calibration.csv,1472,f49f26b6d52008802fadb3bc038c1e39,8038aebbe949cd5fa480b8e9e20fbe9572cfb7ca4d9ce89e1bc4ec894d99bc86,,
GP_Cov_PU/prior_calibrations/GP_Cov_PU_replicate_040_prior_calibration.csv,1471,9f1993acb98a305c5f1b1f6f2c420efe,6b1ac2ce9c26beb0d44b11b53c63f65cc7cff994d3282e4106b32d0b6ac5b733,,
GP_Cov_PU/prior_calibrations/GP_Cov_PU_replicate_041_prior_calibration.csv,1472,6fab4c53e490b5eeb2794a3bfab30bcb,7d65fcafe60b3437541be2bf3940b1f723c3c02cad010bdedd67e3af8b3a991b,,
GP_Cov_PU/prior_calibrations/GP_Cov_PU_replicate_042_prior_calibration.csv,1471,3742af8c8bd38eac73894bd0271e6430,59e4b3394c49bf72b3cd8af2791c0b54611d1c26ea0baf3eabb4b859c90f562c,,
GP_Cov_PU/prior_calibrations/GP_Cov_PU_replicate_043_prior_calibration.csv,1472,0ba7bc2ae637ca3ac41f59ad61296b54,6856bd2abad74c2549b93e6aac2c15799b71f2d5cf9aea38fab2f29dfc61e7b9,,
GP_Cov_PU/prior_calibrations/GP_Cov_PU_replicate_044_prior_calibration.csv,1471,431e78aa2eaa5713dafb0c7939e74aef,34192e6ac94a695e8988c6e5cbb7742597b53c3bd58b8274e5accb9560e1e917,,
GP_Cov_PU/prior_calibrations/GP_Cov_PU_replicate_045_prior_calibration.csv,1467,ecc267a25ba116eb0c4d38b9e3b818a7,e1696a0702dae465aaaf576566c2e4d8444cfc1f73bc058d88ad8298e5263553,,
GP_Cov_PU/prior_calibrations/GP_Cov_PU_replicate_046_prior_calibration.csv,1471,e8542ea3f073cae959b99e5668a4d4ef,23ff6ce3d1618169946a8e083200236108892fd204c3de096812a04b17dc6715,,
GP_Cov_PU/prior_calibrations/GP_Cov_PU_replicate_047_prior_calibration.csv,1469,63e838bd9a90f1e16f1fae64dd73f8d3,abf2e44615fbe287a12c0772abf0023d2d3dca009c8e0afea0b4215f708c4ed9,,
GP_Cov_PU/prior_calibrations/GP_Cov_PU_replicate_048_prior_calibration.csv,1472,a3ae51a3a230bbc7d884b9fd141810b1,7848a7e01c77641a98a39075c3fd119833ac897a72f57a83eff69bd9c488f9fb,,
GP_Cov_PU/prior_calibrations/GP_Cov_PU_replicate_049_prior_calibration.csv,1472,56c95b8f8767242c17210e6aa89f2119,5685997588adb14c61580ad2355baff17d9ebe5d916dbecd60c2adc3b46bb94b,,
GP_Cov_PU/prior_calibrations/GP_Cov_PU_replicate_050_prior_calibration.csv,1472,b9b22e95ecd89fd9401b1f2b94b93ee6,caf005236ce12bd2e2d3a87c993d2451a6263c45ce5b8edec2db189474c99a11,,
GP_Cov_PU/prior_calibrations/GP_Cov_PU_replicate_051_prior_calibration.csv,1472,6c3052d32778698486bd3274f3a1d36f,ffb66f0be45d9faa35f2109ec7a13f8d292c3d97b43be8d8c2daee5c770ce434,,
GP_Cov_PU/prior_calibrations/GP_Cov_PU_replicate_052_prior_calibration.csv,1464,90d7ac71edd91eb19ad4ea88bedbe5b7,c82ca9f34201928a326882fe28f4058b62fa975f429d356e9c4e1c44ee6e6f82,,
GP_Cov_PU/prior_calibrations/GP_Cov_PU_replicate_053_prior_calibration.csv,1471,94be426477f2680f56ebaf02ff6572dd,2f62a27b74096bb11c5b64d3e775190a279faa79f724095b6e34f92ac4122abf,,
GP_Cov_PU/prior_calibrations/GP_Cov_PU_replicate_054_prior_calibration.csv,1468,2d6fa094456494fd9b275cfdc718a43e,cd05f667568f233dce9191b4052b1f9b45b8b0c5f974e51d41e9a4a1b97e7912,,
GP_Cov_PU/prior_calibrations/GP_Cov_PU_replicate_055_prior_calibration.csv,1472,da8ebe4063cf7fcf710eb5f777f9e845,ca6dfd53b615b67d80df3f39df400bd36fb7e48682e72ce08292be15d41f51ed,,
GP_Cov_PU/prior_calibrations/GP_Cov_PU_replicate_056_prior_calibration.csv,1469,14bf1bdb60777a25395d1bbffb0e0173,ddcbb1a59c0f2237cb09077474a62216228e36ea3fcfd196656a50ec2ceaa7f2,,
GP_Cov_PU/prior_calibrations/GP_Cov_PU_replicate_057_prior_calibration.csv,1471,203a01abe7ea1c6cfae006ac1c184380,fe712addfdb2dfc1f39f2f3d9fbf40f0da0424452877cef3f925a29bb7f3bb7d,,
GP_Cov_PU/prior_calibrations/GP_Cov_PU_replicate_058_prior_calibration.csv,1468,32c53a728ce7a55bbba786c9efab86e8,d4e04b6b4e853dc30adb8a80eb26720440a6d8883755df57b7e9b3283b14d37d,,
GP_Cov_PU/prior_calibrations/GP_Cov_PU_replicate_059_prior_calibration.csv,1472,e5ff0e3c0176031debf08fdb69730ddd,887145f48841b2fd24b031a69bce875f59a9a5307e9ec2caf3ce4d9639a61277,,
GP_Cov_PU/prior_calibrations/GP_Cov_PU_replicate_060_prior_calibration.csv,1472,b41086fe004d471ab9b3f99009c28357,54d2fd77572159cfd85dd3c514d9b988456b914b9c6a9f7581dab34a12508d89,,
GP_Cov_PU/prior_calibrations/GP_Cov_PU_replicate_061_prior_calibration.csv,1472,0b5f5189c742d0e5c6b568b8e0a5c2c5,8d9da998b2a9698d2d911609977f1640d338b1035f1a769f4bebeb7ff50b9261,,
GP_Cov_PU/prior_calibrations/GP_Cov_PU_replicate_062_prior_calibration.csv,1472,553796923ce2fe36d69635eacc381eca,71ffebc199a58645893da06a0b1271627d683e9e3bed458267110eb9c1f5b23f,,
GP_Cov_PU/prior_calibrations/GP_Cov_PU_replicate_063_prior_calibration.csv,1470,9ad04f5d12942fd7e791c7fbcf697693,bdea309641f52fec462cd85cbd32524645b6a4fef4da7a58793f32fca17287d2,,
GP_Cov_PU/prior_calibrations/GP_Cov_PU_replicate_064_prior_calibration.csv,1472,a9a20f4e6f98fd0bfd6821211e198a5c,be26171acae8600d0c69be6aa015042f09076a81a38ce7a52bb9ccb79c3aea0f,,
GP_Cov_PU/prior_calibrations/GP_Cov_PU_replicate_065_prior_calibration.csv,1471,5f53c0be6a3b971f0bab32e3fc42080a,1bc25331755b409d082e601b2ef12e08768674a233ecb62f7f6fe3c295e51a2d,,
GP_Cov_PU/prior_calibrations/GP_Cov_PU_replicate_066_prior_calibration.csv,1471,9046bb609841fc47544f11a67bd7308e,2a89216ab33412656b15aabb42d8dcd8e1a71755c65fe8991dc5af2d28d95e02,,
GP_Cov_PU/prior_calibrations/GP_Cov_PU_replicate_067_prior_calibration.csv,1472,439e8da65fd9ff6a3de18d0ad0423038,006cf5b1106db24dde349dd27d824c9acce2bd02568ced86cf5157b5105fff77,,
GP_Cov_PU/prior_calibrations/GP_Cov_PU_replicate_068_prior_calibration.csv,1468,50e5b71d15893ab9376ae4d946a6647c,72bdf7452f72da206957a14805cddb48b6dded7b9eff4debfefdaf8e5f3e177d,,
GP_Cov_PU/prior_calibrations/GP_Cov_PU_replicate_069_prior_calibration.csv,1472,ecb138821535942576a4555d2495bb19,13fa0f4d6662475c6cc672e3448909739b404bad639e874f8305f8cbe87b096c,,
GP_Cov_PU/prior_calibrations/GP_Cov_PU_replicate_070_prior_calibration.csv,1470,b181a5e8cff89c8188a9a15061bc6f75,6d772616697feb3fa1059f419f3e1666b38bf0ebe4e693f112959288546d9a37,,
GP_Cov_PU/prior_calibrations/GP_Cov_PU_replicate_071_prior_calibration.csv,1472,5dcf04cf94ca96d19e2fb8ebf2030a65,4f8d0b79dde29c925077cb167cae0345e110b2a764ab7d46071cd7058c989bc2,,
GP_Cov_PU/prior_calibrations/GP_Cov_PU_replicate_072_prior_calibration.csv,1472,a8ade2ef6b5cbc46462880da4416596f,4292408c5dfd282d13aa0cba85e50700dc1a79c290fcad9072efdf7848760ecd,,
GP_Cov_PU/prior_calibrations/GP_Cov_PU_replicate_073_prior_calibration.csv,1472,d6a1f1707d73e0c4e044178c83a62355,fa966cd35ac910ae3d466c0a56200f35e7855305c13cb64ad3c941fe81c02787,,
GP_Cov_PU/prior_calibrations/GP_Cov_PU_replicate_074_prior_calibration.csv,1470,d9e2f54cd369a2e1d751c18fe55b36b7,e7c10d68bea58bd8a41d51c75936965af7ede236002a6554093470b7d5a29d80,,
GP_Cov_PU/prior_calibrations/GP_Cov_PU_replicate_075_prior_calibration.csv,1470,449086f61dd9f7d2466437687d936053,5af8599b2c14618a897a7316b8e8f813efedbaff291a3fcd9a1f5812d8d4f430,,
GP_Cov_PU/prior_calibrations/GP_Cov_PU_replicate_076_prior_calibration.csv,1471,4964b5d1c5f4533d6d41c2b96c4b6817,7e94c82fc7bc7b0bc863b10adc83986c23cf2454dfb87671a355d843fff23277,,
GP_Cov_PU/prior_calibrations/GP_Cov_PU_replicate_077_prior_calibration.csv,1472,549563d59719d85ad80a5cbc6c61199c,4ebf2c634b6f1ba9b7b332d4255ed4f9af54dce16fc64c6d40d04772289b4b5f,,
GP_Cov_PU/prior_calibrations/GP_Cov_PU_replicate_078_prior_calibration.csv,1470,e65a1a8a6c80fd4c75b4ffc5f38baa79,6ee74401ec930e51a62ebe4bfee0916c3fb714bdcb28ae4c2d645ca2d37d6999,,
GP_Cov_PU/prior_calibrations/GP_Cov_PU_replicate_079_prior_calibration.csv,1471,6f4b8a5f3f9b312ce36b2761de17d878,e3b67e9133d154ec0ae08505590532807b90c6aa070d8eb677f20c69df4ea931,,
GP_Cov_PU/prior_calibrations/GP_Cov_PU_replicate_080_prior_calibration.csv,1472,7cc2de4c439aed4cb8f25b4a1ad17eaa,dbc47c83c5dc9313731e5b9c2a00af2e547203f795ab86e441ae5cb97d26f4d0,,
GP_Cov_PU/prior_calibrations/GP_Cov_PU_replicate_081_prior_calibration.csv,1470,5a7ee9391d230252f68ad21fb2f5cc66,2038b626de8f57e66a702caa44dc4ad8e0eeeb626fedef23942827decf38ae04,,
GP_Cov_PU/prior_calibrations/GP_Cov_PU_replicate_082_prior_calibration.csv,1472,516d38fd34a859ab869bef9dcd4c8a0c,a5bb6645014880e55e6bdd9c12a5d003df4641501f5375b74bf2202e785c9527,,
GP_Cov_PU/prior_calibrations/GP_Cov_PU_replicate_083_prior_calibration.csv,1463,d9f339f0c8f2d8433440e3a218bf8dbc,eba614f98bdd3901cbe8b80afd55c5d81b2bcde4640b80159f604562633ff9ac,,
GP_Cov_PU/prior_calibrations/GP_Cov_PU_replicate_084_prior_calibration.csv,1471,3bc06822b192eb3a0f0344fcd13ac4a3,cb8d1b24f123628ae5a5b19419d2e994451efe0405e03dcc090c32d77040326d,,
GP_Cov_PU/prior_calibrations/GP_Cov_PU_replicate_085_prior_calibration.csv,1471,fa8fd07de75467f8750da9471167633e,450aaac57bc85ae5674daeb05faf66ed19e6646c39a58a54fd88f11cc866db27,,
GP_Cov_PU/prior_calibrations/GP_Cov_PU_replicate_086_prior_calibration.csv,1471,bc5c5500c2f2c68653248fbfeb01061d,8346cd6ef054c9c3d41f7bf107cdc97d3d058efa7badcb954686255867ca40b4,,
GP_Cov_PU/prior_calibrations/GP_Cov_PU_replicate_087_prior_calibration.csv,1470,1cdb6c2cc1bda3873da294e8d1e7d14c,8ec130553e666d34d4699b713b51db04e902a0081e41110031326fd9084f7d11,,
GP_Cov_PU/prior_calibrations/GP_Cov_PU_replicate_088_prior_calibration.csv,1470,9a36507afc4c35c771a9dd27cf7ec63f,56c79f84eedcaa395ce68c570ab5cc5a74c6d75917667378c74eb254952eb9c8,,
GP_Cov_PU/prior_calibrations/GP_Cov_PU_replicate_089_prior_calibration.csv,1470,27bfc4fe03c8a9d74e01ce402d680adb,8a35d5066441de6249c6a11236b273a9c6064643ec1754ada17c8f164e64ec37,,
GP_Cov_PU/prior_calibrations/GP_Cov_PU_replicate_090_prior_calibration.csv,1472,18cf1c6d6e78f4f5c262ea2b4d3c3e9e,727cf992d838f2daf9c99774c3470ef6e33e3ab9af6f4c786d660d6b00bc97ca,,
GP_Cov_PU/prior_calibrations/GP_Cov_PU_replicate_091_prior_calibration.csv,1471,047070b849220cf9cb218bc7acbd1c2a,8e4718d9f1ad378ff2c63a8b0a07d7d1fc313c5f60bc3cb24be1c0955372eab6,,
GP_Cov_PU/prior_calibrations/GP_Cov_PU_replicate_092_prior_calibration.csv,1471,ecd595130290eb8f5695782b6c1fd6cb,ad2112c5c52b506d11117f3d327152412bebcbc3c995ab5f22741fc9e6116d13,,
GP_Cov_PU/prior_calibrations/GP_Cov_PU_replicate_093_prior_calibration.csv,1471,2b4e1e8b5a24ba20999278b29c3d822e,f2a37a66e04a0076ce234740c3907d3db2e359c7d653b743b95af7ef50f2323f,,
GP_Cov_PU/prior_calibrations/GP_Cov_PU_replicate_094_prior_calibration.csv,1467,ea1da362ef8b04c2404cb77b9dc7ba9f,709526b6bffd67060e8f91d6063a011142e63a13db25b2c515f0d021d0a449ce,,
GP_Cov_PU/prior_calibrations/GP_Cov_PU_replicate_095_prior_calibration.csv,1470,72d91d5c13d0414d4a643ee397f29153,ae4c6b323b571f5643f28d05c674b279d41e695da2d8a9ad49e93354ee1f4ded,,
GP_Cov_PU/prior_calibrations/GP_Cov_PU_replicate_096_prior_calibration.csv,1472,3d8181eeafbff6df3ccc1ebd249a5abc,4add210d54f43db3dc33b7dbb37e2de35765b7fdc7b457e2ed9376a1f8c66350,,
GP_Cov_PU/prior_calibrations/GP_Cov_PU_replicate_097_prior_calibration.csv,1471,11f130776fa199b21e318326f87520a4,36a0924a4009568d5b48eebef836927c3408ad86b13e88d53865fbf50d5cee5b,,
GP_Cov_PU/prior_calibrations/GP_Cov_PU_replicate_098_prior_calibration.csv,1471,4dc060bf8ed8d8a0371261115a382724,5b7b0c84427d7e5de2d4c349c6ca4c2ad399a7e59e382f4e9129d81001f754de,,
GP_Cov_PU/prior_calibrations/GP_Cov_PU_replicate_099_prior_calibration.csv,1469,cc1c032480589ce61377666d2abda39a,be5d89d3d73f8c8a9b8ccfe6c9a560aadf028e5730b48f790c04ca7b0f5d98e3,,
GP_Cov_PU/prior_calibrations/GP_Cov_PU_replicate_100_prior_calibration.csv,1473,f2bbd4071062e489da4a9e426151b3bb,fb9af2a813eecc1b2afa77bed5e99bb42437b3c3ca4ded202a3d5e79d677dd4d,,
GP_Cov_PU/production_checkpoints/GP_Cov_PU_replicate_001.rds,16783,8795660af07869e6c1e35b24f890c2eb,99c64b4bf7cfc9b9a2ff182738dd943c1d1d4d83cacf9e0b68be7ca38e1008b1,,
GP_Cov_PU/production_checkpoints/GP_Cov_PU_replicate_002.rds,16668,8d5fe8603d8ea5020749f36c8496d996,f81396e51096272ddebacc5629ee8e8c7951250ac746022c7d4e5b57a3547ae1,,
GP_Cov_PU/production_checkpoints/GP_Cov_PU_replicate_003.rds,16677,4264a627d6b644aad0c1fe0797d543d5,9408f602d24921b2e9ab2497ff9d188c8214e996fe5c050b7201d23dbe1f3ba2,,
GP_Cov_PU/production_checkpoints/GP_Cov_PU_replicate_004.rds,16720,b503494c83ec526d7e6eb3e0f9180d45,6e1620e0ace8ead242fbcec3183f95bafe833f4448c53d1221f7d3a60ed3daee,,
GP_Cov_PU/production_checkpoints/GP_Cov_PU_replicate_005.rds,16743,77fcec34f6c76cbd5fff8d2c26178e6e,7bb08935084c57facf7762f3315d51cd034ca3789bec87340affd020894a1f82,,
GP_Cov_PU/production_checkpoints/GP_Cov_PU_replicate_006.rds,16710,e9b4f188b80fe8136254f9cbd0ac8464,901e7fcb4ae6c65e8477aeb83684ccf49b7ee36e0723d4a49b4789a672b57a23,,
GP_Cov_PU/production_checkpoints/GP_Cov_PU_replicate_007.rds,16822,4267776e3abd30a7ca2d871d491c896c,b042d5c6746a5211504783dfa9f43bba4b6d0a088c74566b707c5563f56a73bd,,
GP_Cov_PU/production_checkpoints/GP_Cov_PU_replicate_008.rds,16698,b65123787d97206249db47ca05728aef,2620a27118f7b13bfc1c0249281cda9d22b3d2950c77abdf50190ed8f3685a31,,
GP_Cov_PU/production_checkpoints/GP_Cov_PU_replicate_009.rds,16716,8bf215f223a750ccbfb61e87ebd2b42c,411a0801341c80f35c697e5d8ebf2f51dca49c926d70f0eaaaafd612ec33ea32,,
GP_Cov_PU/production_checkpoints/GP_Cov_PU_replicate_010.rds,16748,6ce8b7613bb9953a9477ab50c2b4ee41,252df9d1b828fe42b8e14783f0ca3d3cedc334478e8a40665ab56499eff5c8c2,,
GP_Cov_PU/production_checkpoints/GP_Cov_PU_replicate_011.rds,16790,0f749a698776c778c3089c45749cc384,1e030cf744065eead0a888939896eae5ea4bac9841ddf6af404657ca2fe67197,,
GP_Cov_PU/production_checkpoints/GP_Cov_PU_replicate_012.rds,16718,3328e4f97729f24030c74251c9587508,b305492e3862dd772426b5016b07650636df66bca94438a111f19d6f26dda70b,,
GP_Cov_PU/production_checkpoints/GP_Cov_PU_replicate_013.rds,16709,9958b63831a22bc6fadf59b476b0f65a,c2da80072f5000baa000fa2323e92ab5eb4e117da4ee798ffc2f33582ffdf05b,,
GP_Cov_PU/production_checkpoints/GP_Cov_PU_replicate_014.rds,16695,00e4417458f5555c28ce1226b88c7309,01b946b89580b0b0824bc4b52c8752bf6043ac75e54eabdd56171f9e79834800,,
GP_Cov_PU/production_checkpoints/GP_Cov_PU_replicate_015.rds,16760,9c82e1e9d13f2d91ae7ec9a9d7bd3c0d,f16852a5a01c781f62e268c779528b783301c4f29dd50871fc8221869a20f363,,
GP_Cov_PU/production_checkpoints/GP_Cov_PU_replicate_016.rds,16726,10093de3f513fb5a49b2241af2d860f8,c70ec644f63a9cc4235164715999f7e921144ef3a52224363c4af086f35b68e8,,
GP_Cov_PU/production_checkpoints/GP_Cov_PU_replicate_017.rds,16732,f408845e7f8ac98e180b66549348c3df,0f52b8faf7175fddaa914894ae4740e4d78fcdfd4db1935964554a156e7c4ffd,,
GP_Cov_PU/production_checkpoints/GP_Cov_PU_replicate_018.rds,16720,5396cd728e9a21f5cebbf51605164d76,e7dd862d81cae05d509cf1e1a574c739696d39baf9a7da78fc2ea4b46a0ae525,,
GP_Cov_PU/production_checkpoints/GP_Cov_PU_replicate_019.rds,16718,5e3fd4ab73e7e995d6edf545c69480a8,8cfd574de00e954c3036ecbb3ed341d0dd294032bba1fa177bf8dc57ccbd44de,,
GP_Cov_PU/production_checkpoints/GP_Cov_PU_replicate_020.rds,16729,285f405686e7045fd21d8f36e8936f7e,554cb95362cfc936e73392da17aa42ed060c552702750d2cc55653d5188eeb05,,
GP_Cov_PU/production_checkpoints/GP_Cov_PU_replicate_021.rds,16751,d114917f77b3e563039a93393158d519,fef089da63f6e9d9660b87ae7ccc6b0db2626552f84f2d6a5ccea1b40e21f71e,,
GP_Cov_PU/production_checkpoints/GP_Cov_PU_replicate_022.rds,16743,aacd5cc1a2ae3800c172c608f3927ed3,b3326a8ac6c3ca4c7bea208b8ee01943c64454548360a202e53e47461e820550,,
GP_Cov_PU/production_checkpoints/GP_Cov_PU_replicate_023.rds,16696,27282371c56492855ee5a64468c0f85b,5baf7b3f2a26ea8dd3010f0bcbd50be87063eea33c73460819f23c478eb1c67b,,
GP_Cov_PU/production_checkpoints/GP_Cov_PU_replicate_024.rds,16782,c4fa4418ce4c980fe33a6d87a45dd2a8,485f7b0ebbcec8f057a3485bf70cf114f3bd48f857c5b4ef2539fddd7012c8ac,,
GP_Cov_PU/production_checkpoints/GP_Cov_PU_replicate_025.rds,16799,0868102e536c137a4414985ceb1e5642,c7cac9605b6ab4965f071c99b3d4a474b282dfb7239520f9308c6c181552b104,,
GP_Cov_PU/production_checkpoints/GP_Cov_PU_replicate_026.rds,16728,c8795b8e494d910d9d563ff071c65b61,27cf9e7ae892e4dc41a4aab16da352fbcff8511cd032a1a1a211e6164fb4e020,,
GP_Cov_PU/production_checkpoints/GP_Cov_PU_replicate_027.rds,16737,c985460c224cdceae3be69bf7c06ee49,809c8f079c28a7eaa4fa4babc8ee97bde1cc5b359632a199d57a24a57a484f5c,,
GP_Cov_PU/production_checkpoints/GP_Cov_PU_replicate_028.rds,16638,ab6a10e620ad6aaeeb7825decdd65c2a,e804b71f50c5d694df1d7777c7017bb718d515d344a383f5bff9c9766dd56f4a,,
GP_Cov_PU/production_checkpoints/GP_Cov_PU_replicate_029.rds,16736,2ab3ee2f7eb7bee1c248a4cdbc5f8e74,58090fde64ef0e850adedb981752edd5d0387497cd10f1d12c2ddd1b9525cc26,,
GP_Cov_PU/production_checkpoints/GP_Cov_PU_replicate_030.rds,16750,a9c0943e93803614db687f1da5941777,0943ab761d522234c17b91a50536681bd8ac3855a071521556faea3cebcf9c0c,,
GP_Cov_PU/production_checkpoints/GP_Cov_PU_replicate_031.rds,16725,4467413b32fa8bea9481d285e3ab744a,367ae796cc002a4c9cfd17a115b3a509c0625380d173094381909f3a55075bfa,,
GP_Cov_PU/production_checkpoints/GP_Cov_PU_replicate_032.rds,16775,c0922809ec81eff64962a4a4acf8351e,ddb00e6248e477805d66717b03c5ad2a32d910697b47ffc0e714a50c769aadfd,,
GP_Cov_PU/production_checkpoints/GP_Cov_PU_replicate_033.rds,16790,519d4c16eda18ecff202e76a7cf26e62,cea91d7e3ac89bd5736c85ed4158073fdb59875d373c1f42f93abfd66418fd19,,
GP_Cov_PU/production_checkpoints/GP_Cov_PU_replicate_034.rds,16703,cc2c679a60773f51fe42328025991492,285a5f9799140d5e1492096832b55d24c2484fa013177ab86347bcf925b593bb,,
GP_Cov_PU/production_checkpoints/GP_Cov_PU_replicate_035.rds,16739,85e84737460cf233312b4f74f34d153d,5f02a6e322ce7a107a5700c79e5825ca3720bf6f92a31faf183e9e524c1a8a0d,,
GP_Cov_PU/production_checkpoints/GP_Cov_PU_replicate_036.rds,16753,74d25d1d7c8412ab726eabbd0777acac,6f4847419056e4da3a9ee51c637e0e6a0e7ae464566d3c61f36b4a90dd9e90d4,,
GP_Cov_PU/production_checkpoints/GP_Cov_PU_replicate_037.rds,16721,41122cb4703ccaa771d3c7fd465ac1fa,76771af4dfad25f1ee5b3f574093b97df040e7780b3e13a2bab472a3bcd7655d,,
GP_Cov_PU/production_checkpoints/GP_Cov_PU_replicate_038.rds,16715,edd4ebd10104b42d9104e2b820f09168,ef34f458d2795cd8f841e4409715f2acd11d89cccabc44714360554452020378,,
GP_Cov_PU/production_checkpoints/GP_Cov_PU_replicate_039.rds,16727,658331d56247794fec54d900a76f2a07,5d26bf4efc49adb76d93c9be605b42f338fc5f7d715e78f0b1fc1655cbfeb5a0,,
GP_Cov_PU/production_checkpoints/GP_Cov_PU_replicate_040.rds,16801,37190bdd8736e3314f7d55126f466631,207f667ec15024d8bcfb0ced81db56052c8b95cfcb9906927aab1c67be6ace4d,,
GP_Cov_PU/production_checkpoints/GP_Cov_PU_replicate_041.rds,16747,aad66c3fcbee25f19426f497169f7678,a59066fd2515779193cf6581976b4e8f149ece701eabdc05bfd54c0bf599984e,,
GP_Cov_PU/production_checkpoints/GP_Cov_PU_replicate_042.rds,16738,5076b1b7c31e708caf6bfe371c0c5a1e,9dd277134020b719180446ba0851789240e881add98cd43d2dd410afa87de8fb,,
GP_Cov_PU/production_checkpoints/GP_Cov_PU_replicate_043.rds,16739,1e10a34b113e4e19fa58c0b390cff276,f301043b0cdae67ddca3248cf907d0dd15ba22958a07ad56e40fa5ea21bd1994,,
GP_Cov_PU/production_checkpoints/GP_Cov_PU_replicate_044.rds,16716,06e1a5d857fdccb15e880a4cd094777b,8513392dcdbbbbcfdec5ab2fab4b77e0a54282f1e134a0322d3551c96559b374,,
GP_Cov_PU/production_checkpoints/GP_Cov_PU_replicate_045.rds,16746,d09a40e236aa8c6bd03f4a8afb054f49,1d951cf43914632c9b50e60dbfda0407c029f4c755f988258132a1ba5219e0e3,,
GP_Cov_PU/production_checkpoints/GP_Cov_PU_replicate_046.rds,16654,977f12ef2fa0642edfa46d571b7355e1,f7eaa002cad14322a71375667b6e3ea79331d3c0e865b1d01dd46166e5bfaad2,,
GP_Cov_PU/production_checkpoints/GP_Cov_PU_replicate_047.rds,16772,3be40322e8172f07494e29fd8324036a,1467d50e7cde82061f496153049f1d16ab1cb18236609227687b8854cee3d035,,
GP_Cov_PU/production_checkpoints/GP_Cov_PU_replicate_048.rds,16738,e47561b9bc0111aa63769f1a41629c4e,41144a6e27ef68559aa6bcc6a9b45caee3013b93aafce6cf62b2fe7f94ee6e6a,,
GP_Cov_PU/production_checkpoints/GP_Cov_PU_replicate_049.rds,16795,cc45152344f0a335bde1d63e78f598ec,0b323103ace01eaacb7c67026d627868f3642cafd7df3fe8527587b472e7f11e,,
GP_Cov_PU/production_checkpoints/GP_Cov_PU_replicate_050.rds,16751,e1392f993f7532ae8bcbbb69c693c208,70f4af70bce28f9bbef5471ebecafd47651254590cc2bbde417f181d8947c26c,,
GP_Cov_PU/production_checkpoints/GP_Cov_PU_replicate_051.rds,16798,3e003995165de6bde7da61c8b01df16b,f376bfe33dcf61f2de1b5555c30b43ea0fa8b6204718601f71b1d2329677c4fd,,
GP_Cov_PU/production_checkpoints/GP_Cov_PU_replicate_052.rds,16793,b1e5012884f911184f3887e9d71a9c57,8e54066b00930e52ec841ca676f6d3d5618f3bbf0cf6e1fa4079436dfb353da0,,
GP_Cov_PU/production_checkpoints/GP_Cov_PU_replicate_053.rds,16785,7620d5c96c0cbeebea4c6ea8219d6222,e3f28b1ff1ff1721ecadd0a7a9730cbc63f4d18f2effa8e1abd9805bed5187a2,,
GP_Cov_PU/production_checkpoints/GP_Cov_PU_replicate_054.rds,16759,b2d03d69fdcdd5f48a39177570a05b7b,97d1f33a1a4d3e4ad0214ed7814c03ae30e38d9f9c30171e955a3cba5826f169,,
GP_Cov_PU/production_checkpoints/GP_Cov_PU_replicate_055.rds,16722,beb619a9799216e2d5febd7d78b4b8f4,2dc8efd4765f75157f34914b4247bd6e8c4815f62eb1a520f90a6de2afb82277,,
GP_Cov_PU/production_checkpoints/GP_Cov_PU_replicate_056.rds,16733,e468a4a238fe3456ba3b3dc447808fe7,c53f1f7e54b8bd985463997ba0c8b971c290ccea32730b3f6cead119b5c6de5b,,
GP_Cov_PU/production_checkpoints/GP_Cov_PU_replicate_057.rds,16765,d6617f3652443f2ec914d75fd50c07d0,a88565779fd8a51846d36f26e21f13ed9e672e459481846788f8636a0788967d,,
GP_Cov_PU/production_checkpoints/GP_Cov_PU_replicate_058.rds,16695,b3543bf2d1f61be3132681bfbac03ee3,480b74cb698e9842039f90a49912f6ce9b87efb34f8c418eaa1aae50aae8bd00,,
GP_Cov_PU/production_checkpoints/GP_Cov_PU_replicate_059.rds,16737,b5535540b8176f497247bb89e83c9bab,cfb8bd4df210b7791f4883837c67ef1eb80902885efeed934ac3265ab61ec0ea,,
GP_Cov_PU/production_checkpoints/GP_Cov_PU_replicate_060.rds,16794,3e37950a41fc9b57ddbc538f25d11394,78afaeb5ea016a5eb7b0ce8180b005f779ce3ac3dc7f375f14728eb2ad0be210,,
GP_Cov_PU/production_checkpoints/GP_Cov_PU_replicate_061.rds,16710,5b5b72f2d214c39b2bff6d9ccb1b7d7f,1bf408ff4be9d15a859d399c250f8f12c24e770fd55bc798c0c9ab387951d754,,
GP_Cov_PU/production_checkpoints/GP_Cov_PU_replicate_062.rds,16847,4d91569ad5fbae36933b6645e677a4b4,185df5798ab5aa93927bca70a68101ade827a9bc493805dc1c5f4640a37a6864,,
GP_Cov_PU/production_checkpoints/GP_Cov_PU_replicate_063.rds,16728,cef82dad5ba1db72ca0d747114a84654,2c04fbf47b9a75dff4d826150d8332beecc2537823ae3512fe2425284e8807db,,
GP_Cov_PU/production_checkpoints/GP_Cov_PU_replicate_064.rds,16773,c245a3b92ecbeed38b8ff36027ef8ea5,2ee5c1a1f95562b72d4f5fe11a5bb9c300310ff1b86050478aaf28ef9787654e,,
GP_Cov_PU/production_checkpoints/GP_Cov_PU_replicate_065.rds,16756,fbfc1cce477b5e54a1ee1ad319fd6830,a8b684c36169e4f5145c6b7d5991fa1492cdc12f3d14aa8c9ab60b43a64c2c76,,
GP_Cov_PU/production_checkpoints/GP_Cov_PU_replicate_066.rds,16723,df3d8feaec875f1f220998f5fe44d4fb,f6b062d6cb9c94dd666d27d6bd67227d954d2a57e9463e04663b26b55b063c9c,,
GP_Cov_PU/production_checkpoints/GP_Cov_PU_replicate_067.rds,16803,1ec54fce9adbface6efbe139431067a2,f2d55a39db725909e75d11c5d4c8e3a36f8870b121376b4837b1936fec014071,,
GP_Cov_PU/production_checkpoints/GP_Cov_PU_replicate_068.rds,16771,0f150dedd9ef83219ce92c1606d5a88c,780987984d83186d867275edc70c9dd5b2fa2c67bb56201fd1b980fe02fd177c,,
GP_Cov_PU/production_checkpoints/GP_Cov_PU_replicate_069.rds,16736,9a8e579a5a2b8f3e70301f7ba3bd10e5,cefffd892e0653c5ea968795434dca0dc338519f928212e64e2b6a41d125a949,,
GP_Cov_PU/production_checkpoints/GP_Cov_PU_replicate_070.rds,16742,f8d0ba1602f406f919602e5a322c75f3,3ca219f0051ef98dcf552cc9554159d013b48eabe127c9be5d362ff0dcd79962,,
GP_Cov_PU/production_checkpoints/GP_Cov_PU_replicate_071.rds,16642,ddaea690ceec242d45bbb852f5d60888,f4b42349d0a0c2652f6e725df79b695e0b9bfab43158601c1a5dedac22262eb6,,
GP_Cov_PU/production_checkpoints/GP_Cov_PU_replicate_072.rds,16738,9ba32d74955d2147878863ec0cc87dc6,2eb132eb57411b4796f5ee58db900939233a6fd56544750ded445671625250be,,
GP_Cov_PU/production_checkpoints/GP_Cov_PU_replicate_073.rds,16752,c0885036ddce14175c51a4d7804359cd,f24e638fee5937595e9c7df9d2531fdc7e879e5ea007d389e7fdd90fe573a73b,,
GP_Cov_PU/production_checkpoints/GP_Cov_PU_replicate_074.rds,16763,392e54d6960e29e76c1b024051bad195,1998f3fca65a33179ecf99bb36782fc8109216b7d70ddb3009d625c93bd63873,,
GP_Cov_PU/production_checkpoints/GP_Cov_PU_replicate_075.rds,16807,6010274754d31e707211c6b2c51a6d52,6141b8c461244b6f09b2d655b80c84226b9259973a4f9b227e94889ac3116633,,
GP_Cov_PU/production_checkpoints/GP_Cov_PU_replicate_076.rds,16705,97d05b914b031010a2812d59996145a2,10b1411722679d73783c1b1a2298469c507489ab4e75f1d7cd32b9fefda77bf1,,
GP_Cov_PU/production_checkpoints/GP_Cov_PU_replicate_077.rds,16744,119e89716105f85b09e1a2d740c7355c,2cc83c2dd4ef95d69579e7cce4e62723dc7b335344ff8635a9ed9916f37a4f62,,
GP_Cov_PU/production_checkpoints/GP_Cov_PU_replicate_078.rds,16818,cfc9e6273a555497925326a709824322,b1bd8b11cb09035e6f9636793b6fc88ba216a313f7124ada3b895db0170cfe3b,,
GP_Cov_PU/production_checkpoints/GP_Cov_PU_replicate_079.rds,16748,5bf76774d61723abd5d1436ff1cf986d,aeed215e58298ad0733125656bd741af975f4f90aad1766687af3575431cdcc5,,
GP_Cov_PU/production_checkpoints/GP_Cov_PU_replicate_080.rds,16735,366f7875d61554197a8f70ec4e0bd22e,976b64b92f811710e50de8dba9981a11a8dcf7829426d2069d961f50a8b6b1e6,,
GP_Cov_PU/production_checkpoints/GP_Cov_PU_replicate_081.rds,16691,f0ebe5ab112b172ff9dedef3dd271bd3,6d4caa6764c2b6b8ae0416622f954f17793b5f57b8469c0bc9552e81118f8430,,
GP_Cov_PU/production_checkpoints/GP_Cov_PU_replicate_082.rds,16791,087706c71aa3111ed85b220b7400ee68,7beb58bbd4f0699ebec66a6f52d2cbc44209ed88b19083ac1da166e8d2a06611,,
GP_Cov_PU/production_checkpoints/GP_Cov_PU_replicate_083.rds,16703,300a0eba0e4ffc7bc39ff7e57cfb7a9a,a03182a662791bd2a77ef8cdd33639887a6d5dcce98094fc4fb731f7acc8c35a,,
GP_Cov_PU/production_checkpoints/GP_Cov_PU_replicate_084.rds,16721,6dc8e6730e39fd163bad259814ed8cf7,11ac7e903c81f1b454fdb00b8ad32c3aba58d5edffcdede3e60bf42fe35689af,,
GP_Cov_PU/production_checkpoints/GP_Cov_PU_replicate_085.rds,16737,5ab8d8346116a1e4a18f486d0de6e954,0a528bc34bf34da6b66c1a2b8f0d7afc39356cf92cda9c0c04a83cfa277624f8,,
GP_Cov_PU/production_checkpoints/GP_Cov_PU_replicate_086.rds,16805,c55468fe0be4071dea36ec3c05f4e985,51402fc346733cb29250cb91653497124158fe9a7e61f431e78abbc9b03ca893,,
GP_Cov_PU/production_checkpoints/GP_Cov_PU_replicate_087.rds,16736,b2ecd79d057cc72165e52ce10b01826f,cb0f3811f2f24771b3eba4be2019a484be974b6454726d11732c05bd2b169fc8,,
GP_Cov_PU/production_checkpoints/GP_Cov_PU_replicate_088.rds,16783,886b9899675bd95ef6c8f7ad0d38b8ce,b0732b8560a58cc0b11a3545a50eff09146d1015c2b1830a117e4629ce7b7b38,,
GP_Cov_PU/production_checkpoints/GP_Cov_PU_replicate_089.rds,16749,0b80d36d98342377e48072f9bc73ac5e,8b15932ee0369632e078b19b1601b59de2cf6af0f36b234074df05d8021af0af,,
GP_Cov_PU/production_checkpoints/GP_Cov_PU_replicate_090.rds,16796,30cef5d59f0011007049bd59728e947c,95898e2aefcc0d50c0b19b1d3f2604083a344c61c8d8eb97cf51570257424c72,,
GP_Cov_PU/production_checkpoints/GP_Cov_PU_replicate_091.rds,16707,0c0f4f3d7867d260035d5befc0ae34f8,eb1b3d6e69ad8657835479d9c43359beb096523e751f8e203284cbf0b461c79b,,
GP_Cov_PU/production_checkpoints/GP_Cov_PU_replicate_092.rds,16787,c73189bad8c14ec0290ffd081b4a0413,5ebbae3e663eff14ce0943c54b080c05f7115faef15232d4a6826d51f84cdce4,,
GP_Cov_PU/production_checkpoints/GP_Cov_PU_replicate_093.rds,16821,15956e1a665abc5af1b7507344c6ab43,d84ce9c291050ba2162555a7d6e1d3844976200970f17efd521b0e4dd0fe4ada,,
GP_Cov_PU/production_checkpoints/GP_Cov_PU_replicate_094.rds,16732,3c94042b232d94c09f96374f60e6388b,d27bbabee4ad8a32980a536ad130ef1ac8ea0a41fa8639f90b506032821f4644,,
GP_Cov_PU/production_checkpoints/GP_Cov_PU_replicate_095.rds,16717,e6779cdd73f68b30e93ca553aa06c1e5,10fc115a29d79ba6c6cf926457bb7c43b025d222c9d0c858797b8c2fa9a55e8b,,
GP_Cov_PU/production_checkpoints/GP_Cov_PU_replicate_096.rds,16780,f8db90002b373bd907d04c907c45fe65,8feb42071f6479cea30002ed0edfc22eb844f58aa08b5ef462dcef43e419b5fa,,
GP_Cov_PU/production_checkpoints/GP_Cov_PU_replicate_097.rds,16768,2829793fa7f86a937cbcf9e3c73ce845,d3ef3453e1332fe5ded4b82d308b0d608c9ca6737f293a99fcd2a0b9ceb87eac,,
GP_Cov_PU/production_checkpoints/GP_Cov_PU_replicate_098.rds,16791,d14e89f2943b3bb56c5e9a7236bf833d,b64c325de94e0a051c720a057089cf8fd5d14cefb14a648911a463b9a31d8244,,
GP_Cov_PU/production_checkpoints/GP_Cov_PU_replicate_099.rds,16651,801d14b09be4b6ca7c08cec88263f1d7,b47a99bee2ddcf0e4458d83469c36615058bac38aab46f87f4cfb99a6b56eb35,,
GP_Cov_PU/production_checkpoints/GP_Cov_PU_replicate_100.rds,16702,67168b02df4c23ff63e6ae8b0da0726e,502d27983202e7af7f82c84ce373fbb71161d41f7670af20bb92ad587ac42ac9,,
GP_Cov_PU/sessionInfo_GP_Cov_PU_self_calibrating_SAR_simulation.txt,695,d9ba4e2914793b9ac985410e40276058,6d4bcd05f069301b8ec74b2b5ca2b840967b711958865911f49176fd31c0472d,,
GP_PU_PoE/PU_PoE_FINAL_ETA_EVALUATION_TABLE.csv,880,4cbbd6730fd61f99af401fdb3d642859,536ee64249c966c9470e3c0b38a3a34019272ae0aa1701549aabdb7b2a7fc5ef,,
GP_PU_PoE/PU_PoE_FINAL_MAIN_TABLE_means.csv,651,8225f485465fde46648d61fec6f9494b,bc63fbce9a3c408ac4bea9a8d8a8795dabee6668e2cc31510b8bf732e6730d8d,,
GP_PU_PoE/PU_PoE_FINAL_PAPER_TABLE_mean_SD.csv,612,e8ad30d69e9f09575566b0e8945af705,1eb8ae0fa1dcba9b7610aa9a5b27136289dd9a4fe7e26e38cc6a30b23d851316,,
GP_PU_PoE/PU_PoE_additional_diagnostic_summary.csv,4913,40b0f2368554a904bd1932492232b429,3cb50abc9efa3a0134ab8dfc6074c866bbcdcaac87b041bc0e9682e0dfd9ae47,,
GP_PU_PoE/PU_PoE_all_node_probabilities.csv,6933135,e779b5d37a03e317337f312e47fd1341,bf6a6641e0d0b37da71bb2991a0475b50f2da10fa053123e03a9cf99a1bfb79f,,
GP_PU_PoE/PU_PoE_eta_descriptive_diagnostics_by_replicate.csv,33557,574facd13c51fa4dd820d3c48b7d5675,8c18bc069758951f6ac29cd17317cf82a6cfb4d937bfa60765c0c1352032a44c,,
GP_PU_PoE/PU_PoE_failure_log.csv,75,415762f6f66023fe900ed436193d8177,60663936722ba4f3844c53a264aa9a5abee70d0b3de51c9e713756443deae104,,
GP_PU_PoE/PU_PoE_geometry_summary.csv,33885,75ca8e8da24f81727d29cbc5431b6b48,a6e14107ba8303cda39993b81e6bc5ec5ecb8e6a88bb63b2782fe7071762c6d8,,
GP_PU_PoE/PU_PoE_global_pilot_calibration_5_datasets.rds,6545,438338da2a749daf2fd959a000a53771,4b30d67805194f8415d8edeb99a6e832beef76cad3785fd1d7f4c5b17de159a0,,
GP_PU_PoE/PU_PoE_global_pilot_distribution_summary.csv,2809,c319de3ffd3d9e5d38b57393f3ceeb30,c76355b470d20930db26a299cd04e94849d06e67edb28a944adcbac83aa5503c,,
GP_PU_PoE/PU_PoE_global_pilot_per_pilot_summary.csv,2900,a819dd245aafeba3bff3d10cf2b6a600,59499c89791de2f01bede10f9370d967f9e515231d880bd6c6c6405596be439c,,
GP_PU_PoE/PU_PoE_metric_summary_long.csv,3267,4fc3e616e7d54393d34862e41cd8c0f1,26ba514666b60f73e5156613318633be10219e262c5aee02ec1f127725737a59,,
GP_PU_PoE/PU_PoE_metrics_by_replicate.csv,85191,76f4f7bb7fcd01064189d47f5f4d2a63,048da100cbaec8c167fdb2cc7f303561edfbcf5b778d19ef266bd66ca3cb235e,,
GP_PU_PoE/PU_PoE_modularity_summary.csv,11432,616875c88d6b99cdf4aec9b578d04dde,d28cbb4609706fcd26d85655e0796ee1330833d8d0b87d9e6b95582fe2b701ca,,
GP_PU_PoE/PU_PoE_pilot_prior_calibration_summary.csv,6219,a8a269c3fa5f2c5f4b7dd906f0199e0c,6c844d1fea16b9579e0d666004f6ed0a9910d061006b02957dc4f26393800484,,
GP_PU_PoE/PU_PoE_pilot_seed_table.csv,265,50890f4716d0ecdf1f2522a1604e1712,1aabb641d5de6dc385c6ac42ac9d86179b8608b3eb0f68b4ebee4599ccac6009,,
GP_PU_PoE/PU_PoE_prior_calibration_by_replicate.csv,126422,5619b4b3fba0daadca3e65ac8e0db68a,733bfd3265214e5f5fd45b334f15de8ca8a92cea0b1bbbe4a1df8d2278c8556e,,
GP_PU_PoE/PU_PoE_prior_calibration_distribution_summary.csv,3439,5290a6bdf5e165c8cf336374e58a5213,a9aea98fb59163d5cffffb9938520305a82699c8f541895ef4ff34cbb2b3c635,,
GP_PU_PoE/PU_PoE_production_seed_table.csv,4066,b5dcd32f6430b1d3e4a7fae71b41de83,497f1632bf76a32581f9f83486291f0ed17ef38ac27d503b2d3cbc844d2c147c,,
GP_PU_PoE/PU_PoE_run_config.rds,7331,ab6380464f98ed480f042b1a22d64fcc,7a9050c3a62235bb37b0e2c6dba11f72cb648ad156e2e44c5473412835adaac4,,
GP_PU_PoE/SAR_selection_Monte_Carlo_summary.csv,1039,1848454d36c58571072dbbb2829d423d,19d565387ac5499cbe89b038109eb6473547287eaab39e26042cdd106e0c9d0e,,
GP_PU_PoE/SAR_selection_diagnostics_all_positives.csv,633288,1f61c48acd7a5654db5f239585819bdc,e9e55d97b5fd5d09db8612d64a6ddc7ceadf6f5d1c1efb5f9e12cd3961695779,,
GP_PU_PoE/SAR_selection_summary_by_replicate.csv,14471,3fd02a12b6b88a0f283869eb28b212fb,debe639b69dabf962fe2af45061724151a29894570368c3912e09f873a782be8,,
GP_PU_PoE/pilot_checkpoints/PU_PoE_pilot_01.rds,663973,aad555e54e58a161e618ca72a18d09fd,78c643f4b799c27e90c4993226f16dea5bf6bde2fbc47e6f55f9dde1ffd6de7a,,
GP_PU_PoE/pilot_checkpoints/PU_PoE_pilot_02.rds,661111,8b074273ba91ee0bf5ffde3de5d987bc,d4da2978c75ab6f7dbb375ea47cac92d06ec11b2a7ebdbb5094a7875b6985878,,
GP_PU_PoE/pilot_checkpoints/PU_PoE_pilot_03.rds,661537,6dac8a298c488ab537f533bc89a4c899,07ad8cb5b31212bc834728db6906710d5e3b4dbabca50ef9ce2bd6256d4ffeeb,,
GP_PU_PoE/pilot_checkpoints/PU_PoE_pilot_04.rds,662288,167858d85ecb9c9fdc49716484a1ba06,adde79ac5a5347e0c8a12d7d3cb78f02911ffffe63e7bd0812435a7514f52c8d,,
GP_PU_PoE/pilot_checkpoints/PU_PoE_pilot_05.rds,662835,d0a3451e9d03b88be394b6fa58cdc724,8a9635a46bcb30e6639ab2af06d4b1bbc10d8dc7d2c858457307e1f533fa759d,,
GP_PU_PoE/pilot_geometries/PU_PoE_pilot_01_geometry.rds,75757,a632ad32987db130c19d437b7a61218a,fbf0155ff2c15e493ae59ab3b9b313879c5eb50b84a596a5522853fac3f15c1f,,
GP_PU_PoE/pilot_geometries/PU_PoE_pilot_02_geometry.rds,75642,e18207ed94bbd347c4a1417a3d1cfe68,e2fdf3e316f35ef14a4c83c57344bc55c5908099e4b5ddd867683f6ebc2ad244,,
GP_PU_PoE/pilot_geometries/PU_PoE_pilot_03_geometry.rds,82064,1006ada6562cb11aadd002a56520f017,0467484dbfac59f5b21ccb37a7b1022f59934164dc3efbceaf273193712edd69,,
GP_PU_PoE/pilot_geometries/PU_PoE_pilot_04_geometry.rds,75948,af0b49a732095b495301cf0f461ec266,85a8ac4f762cf0c0670017fcc88fdbea4a1058127baa2d6939d60af78b22c661,,
GP_PU_PoE/pilot_geometries/PU_PoE_pilot_05_geometry.rds,76046,89e32fd965c16d8b134500abb035bd43,16453189ba721e538adff64f4af6bd65420569cd1edfe877bf22e7fc4d27644a,,
GP_PU_PoE/prior_calibrations/PU_PoE_pilot_01_prior_calibration.csv,1992,2544b93a8d4839b55c28a51eda855578,1379ca009f3e7cbc70c29f0a1e1595b2d333a13977bd015dbf810fe9b7402156,,
GP_PU_PoE/prior_calibrations/PU_PoE_pilot_02_prior_calibration.csv,1993,925d0a72041774bdb1a38a4a925fd3a2,dc398f4336d9c6360735c71617e9a08daf36d764fb22d3d11d136bc489ef553c,,
GP_PU_PoE/prior_calibrations/PU_PoE_pilot_03_prior_calibration.csv,1992,ea1e66b17684715a5a780b1ede730d5d,a6269fcd9a11f30971b89774e6801028255adc060a42598c31978516043a5d93,,
GP_PU_PoE/prior_calibrations/PU_PoE_pilot_04_prior_calibration.csv,1993,e32a69656989f6523fc95130c4b9158f,b74a61fa20e2ec409224853e9f150399a93e16d674be2450597c48acd4292d18,,
GP_PU_PoE/prior_calibrations/PU_PoE_pilot_05_prior_calibration.csv,1985,50816686c1613cec6382b396c88094e8,fd5dc80235c47303ba305b8de5aa6a7a880f4dcf7d9a4d5b58b5e993fc41fc96,,
GP_PU_PoE/prior_calibrations/PU_PoE_replicate_001_prior_calibration.csv,2211,789f049c20384322d376746b1167a2a0,eb14f41c176919a39ede3a8c32fc0ac2a31cadb5c3002e2fdae6882a60af352f,,
GP_PU_PoE/prior_calibrations/PU_PoE_replicate_002_prior_calibration.csv,2213,ae8d4362368aaddd31c49c1d11237bb5,39e8e82ff3f3f0701a097647ad37ead89ddbc7d9a4d9cf38470d2e714ca9e899,,
GP_PU_PoE/prior_calibrations/PU_PoE_replicate_003_prior_calibration.csv,2211,07b3574646f1b559258d7921c0a7ceae,b55c5ca695d0950530156e1bf409baa8d51d72be76988d3c4b5ffc0f4d00bef7,,
GP_PU_PoE/prior_calibrations/PU_PoE_replicate_004_prior_calibration.csv,2213,add3fc571d418c0d9673e61ff30e52f2,ffa07a68254da9d9c1da9e71ceb940cc4ecb0496b83f668f043d795edcc3466d,,
GP_PU_PoE/prior_calibrations/PU_PoE_replicate_005_prior_calibration.csv,2210,4ff6b35c98535680a25967a04c8dd30c,e235351316abf793d2d54ae41586da2f53912ef2c9bf4f731cefa0edebb20116,,
GP_PU_PoE/prior_calibrations/PU_PoE_replicate_006_prior_calibration.csv,2216,3aff461efa17df3144129bf8c7f5d237,6e8a75383af92c7feb603784bef6c9382ec225281d49834524646be56510045d,,
GP_PU_PoE/prior_calibrations/PU_PoE_replicate_007_prior_calibration.csv,2213,d5d26a10c379672b048742474d17177c,1be7389330623ed8a519e98c84c2c1cdff555d794ddb63e4d497d4ac9f500c6f,,
GP_PU_PoE/prior_calibrations/PU_PoE_replicate_008_prior_calibration.csv,2211,6d463ea1a2c0c68d3dd00a5ba04e2861,f226122deff609658ee073b855e464e7ca601eb306cf9348cf0076ec273d9d8f,,
GP_PU_PoE/prior_calibrations/PU_PoE_replicate_009_prior_calibration.csv,2209,23611c84e2c47a0e23967082e1736671,a593ef87bc3296505c1d269350dc0e95a2cb0bca757d66fd85158e72b5ea26a4,,
GP_PU_PoE/prior_calibrations/PU_PoE_replicate_010_prior_calibration.csv,2217,8c46f50dae30b0f0e9797e164b483bfa,fc584d2d026ce63b8d8f088ff3f843212035ee4272cbe23601c08ce99d4c10a5,,
GP_PU_PoE/prior_calibrations/PU_PoE_replicate_011_prior_calibration.csv,2214,002ccb8181f274cac7112f2192cf6395,2bf53d5087d0995e76a98a2436097aee5c7098f64ec901cd37f58905538faea6,,
GP_PU_PoE/prior_calibrations/PU_PoE_replicate_012_prior_calibration.csv,2219,fec6f9c8921556b26a60b108ddfbc8a9,89aed82c7d8a1ac663e18e66c0418c3258c9a63e9e49a4f7128961cdda93cba9,,
GP_PU_PoE/prior_calibrations/PU_PoE_replicate_013_prior_calibration.csv,2215,3260e19769fd5dc9890dd66c72852f4d,3d5e6456e94cb6a04d111baf20b567f5877cf9f7304d5a14dc1173030920adcb,,
GP_PU_PoE/prior_calibrations/PU_PoE_replicate_014_prior_calibration.csv,2213,3d3890f2018782e28aa6a1d81ed27e7a,18eb4ea2cd6b74edfc75100e560671cb36fed13a22af43e945d4b571090e5d04,,
GP_PU_PoE/prior_calibrations/PU_PoE_replicate_015_prior_calibration.csv,2212,adf4e1a99a6f67237223319a5d4d6fca,2a52cdcc4bc5a331191b183741a9047f9809bab8c441a118bc4542fadb8ac3c5,,
GP_PU_PoE/prior_calibrations/PU_PoE_replicate_016_prior_calibration.csv,2212,8dfd934a58660d519ea4c18698c1b98b,8412ee55df41c0f67d2e46cd56584580c7a107fc6858dd667bdc6caba30de532,,
GP_PU_PoE/prior_calibrations/PU_PoE_replicate_017_prior_calibration.csv,2216,e6cc9b22104ed59e557df20007b2c820,99f0a18cf2c5d1cfa9ec7dcdb041c4ed5284b70751fb943f10f0464a7a41baf9,,
GP_PU_PoE/prior_calibrations/PU_PoE_replicate_018_prior_calibration.csv,2211,6ebc22251422913fba253af1b1b7cd9b,36e77f580f14e09009a559197337da6a90e8333e72f8cf2719a949ef0e50faf9,,
GP_PU_PoE/prior_calibrations/PU_PoE_replicate_019_prior_calibration.csv,2214,d9ccc8530abd467294ad6d5984d2faf6,e252f834f34bedb7a6169e2f66058ecadc1bbdc029a28601d4ab6959121f87ef,,
GP_PU_PoE/prior_calibrations/PU_PoE_replicate_020_prior_calibration.csv,2210,65359f925bcd6f96786af520ef0ba2f1,724a38353ecbaab599abdd1687cce77c3836da73640b5310768d9beba51f5e1e,,
GP_PU_PoE/prior_calibrations/PU_PoE_replicate_021_prior_calibration.csv,2215,94c3a14845dcb59ac9c655b699b2c3be,6dd8e421bb194e0d9ebddab032cbc5846eede732b7725165b89ec2263b3e36d6,,
GP_PU_PoE/prior_calibrations/PU_PoE_replicate_022_prior_calibration.csv,2209,f840ed4a477624193d6e01b412c36721,40e36475c1a0eb46f29263586b23dd6f831134ab4f31fd6e6b17407fdedfc19d,,
GP_PU_PoE/prior_calibrations/PU_PoE_replicate_023_prior_calibration.csv,2214,fdbc993f1ab9960c6c93d891824f6619,e2767ed0dbc1e22f2d36de3779db880d7d339de1faba6fe490c9a86c97531a9a,,
GP_PU_PoE/prior_calibrations/PU_PoE_replicate_024_prior_calibration.csv,2216,b15ca859c952d8de5c0ede5a1e4e7474,3a0158b30f7ec020787579e1c393c8e757315bacc0505227efd5370107330e4f,,
GP_PU_PoE/prior_calibrations/PU_PoE_replicate_025_prior_calibration.csv,2212,4f1f430ac869f70a1b6d94d1968578ff,02d11dfb451357c1068abd063a38061d4f47c304c2856654de1c75f83e099a55,,
GP_PU_PoE/prior_calibrations/PU_PoE_replicate_026_prior_calibration.csv,2216,97162af83d88f8dec646740a9807a1c0,a37d37c15ea70f4c29ab10d3135e636da7eba68335c54016c7c4c4f77b3e0aff,,
GP_PU_PoE/prior_calibrations/PU_PoE_replicate_027_prior_calibration.csv,2216,cce7717712f2db8e8ca0947daf472f4a,8f2bfe29c3fca8e2395a2833429edd557b875636ca82effdff691c9688dc5829,,
GP_PU_PoE/prior_calibrations/PU_PoE_replicate_028_prior_calibration.csv,2210,4aafe77fa0d5e70f0f0cc4aca890929e,f39ccd806a386272a484d86793979c91b50a3e9f7aa7441d673155a667442d1d,,
GP_PU_PoE/prior_calibrations/PU_PoE_replicate_029_prior_calibration.csv,2216,44ca37bb0ab5751aa549710884465588,5cea008645a331d444f058124073470409d7d410149b0b2048366209f9f50b40,,
GP_PU_PoE/prior_calibrations/PU_PoE_replicate_030_prior_calibration.csv,2208,e02e1da4757ddcebe1819fbf6ffd0883,abbdb4257756d2870865dfa29c0d303e72f49e2fc1e3294fe3481c6dd964ca9d,,
GP_PU_PoE/prior_calibrations/PU_PoE_replicate_031_prior_calibration.csv,2210,20ea71112de76dfcf4c402a3f6822a6b,ab9392c86599be4caf2a77893c23d88ed9cbf0659d892454bce0cdd67963e4b9,,
GP_PU_PoE/prior_calibrations/PU_PoE_replicate_032_prior_calibration.csv,2214,0e88a0a0d7d62ca3a3864cc22441f003,6eea72a85bfcca1b60b78f3a5292bfab7aa163d6f620255ecb7d636074fd4b45,,
GP_PU_PoE/prior_calibrations/PU_PoE_replicate_033_prior_calibration.csv,2214,0b4e7a0f41d2498acac6a0541767685b,83bcb29c1f6884bfeaf4a6e27046ff403d9ebab2dba4ce31805d66b64652dfcb,,
GP_PU_PoE/prior_calibrations/PU_PoE_replicate_034_prior_calibration.csv,2216,da62e91c1f8732470571b2bddfcfa349,c950079d6a466a43a140648e94b09c6d5745ea3bb64c26a600df32b3ab24a216,,
GP_PU_PoE/prior_calibrations/PU_PoE_replicate_035_prior_calibration.csv,2215,a9f896aab6fb6856465652705a5f2cc0,ef6f6ae6ca2176dea4bfa64532204362ae4addb63cdc592f9738ed06d3e282e1,,
GP_PU_PoE/prior_calibrations/PU_PoE_replicate_036_prior_calibration.csv,2213,04b193222c8f94d0f0f143206c66b36a,ab095c927363755036e1576f847c3b058d83eb364590ccb7805c7f4471b65cdb,,
GP_PU_PoE/prior_calibrations/PU_PoE_replicate_037_prior_calibration.csv,2211,033684e9a229a86e2a21b9b6dd8a3970,557fa7fc6c95167c11aab6b347449665e1a1db8367337927dd31481b4384d4fa,,
GP_PU_PoE/prior_calibrations/PU_PoE_replicate_038_prior_calibration.csv,2213,241739cb4276670221a32e37bb91bdbd,8aa2529a444119371f0d5b363370b82f6a71848a70762616bec90ebc757f2c36,,
GP_PU_PoE/prior_calibrations/PU_PoE_replicate_039_prior_calibration.csv,2214,51c4bcbf7d30c7f681290782abe193c5,d5669651945c7ec58ddb9e0b44df545269c5b6dc4e8e5481eab10d9981a706ab,,
GP_PU_PoE/prior_calibrations/PU_PoE_replicate_040_prior_calibration.csv,2214,bcfed8bb0cf0aca32e25f62211ca279c,d6d2b46e943813da33f920adea7345b7d0a4d4befae345620e1373d65feedca1,,
GP_PU_PoE/prior_calibrations/PU_PoE_replicate_041_prior_calibration.csv,2215,ffae9e6d3e042045c66365c4839ced78,d816d84223f35e9411bd6774451e62624943b1c61427d98f03d6eb15d249a605,,
GP_PU_PoE/prior_calibrations/PU_PoE_replicate_042_prior_calibration.csv,2212,2a658b12e40fdaadd8ae36b273bda790,744695bdf3e1e01f918b82d9d75506274996c1b8f6dd7665cfa5fd2806fbfef5,,
GP_PU_PoE/prior_calibrations/PU_PoE_replicate_043_prior_calibration.csv,2210,024a183c3f8d218262b5f9e438fdf879,7c8f942a192b1eff48588a8aeec00399b6a5d44533abf41ab26de267f6c29582,,
GP_PU_PoE/prior_calibrations/PU_PoE_replicate_044_prior_calibration.csv,2215,0917d6f6e2f9a46882a6f90edaf6c003,06f68eebbef27f49a68168a35badd42b7a44bb0f599f7f19c426f31def77d112,,
GP_PU_PoE/prior_calibrations/PU_PoE_replicate_045_prior_calibration.csv,2211,3193287d3aa52115adf0c738cd05d24a,575aca9d774bea13017e0ff35be0ddd6a72757beb21e6db30387d4f6805b3e3e,,
GP_PU_PoE/prior_calibrations/PU_PoE_replicate_046_prior_calibration.csv,2215,698426d9d060500bce3db99ec2a1fc41,53cc49d4b6f50f3c840eb6450078f7ca552f64e23587fbb81602106c91d16fff,,
GP_PU_PoE/prior_calibrations/PU_PoE_replicate_047_prior_calibration.csv,2213,11630ee27dbd7d03e67f1d819af13ffc,73f40eb3e1f7125ce6f6ca87170955feef64f43c872afba220fc912b00ff378e,,
GP_PU_PoE/prior_calibrations/PU_PoE_replicate_048_prior_calibration.csv,2216,21916f5f21f5e9410d6fab5f9c3429ea,7a5a1f3d17681ad70dc18823eb8e8116c9beac1bac9dcf46a78bcf5630a27348,,
GP_PU_PoE/prior_calibrations/PU_PoE_replicate_049_prior_calibration.csv,2217,d81f888b810f09e27a4d8eabb0a16e34,062062e139c788db7408fc662dc73e3724dc915b5ade0c3d01652cdcd333736d,,
GP_PU_PoE/prior_calibrations/PU_PoE_replicate_050_prior_calibration.csv,2215,2a161ac5e17240fef185293a1479fd79,a48d899933744fd3630f5489bcfda025d6c779588c212c7351b2a21f4883f034,,
GP_PU_PoE/prior_calibrations/PU_PoE_replicate_051_prior_calibration.csv,2216,800d56b238667d929250c64e3d133ac2,a2263fccbd8563d16a1ea77e93835632ffed855bbf52580fef9545a1b8967591,,
GP_PU_PoE/prior_calibrations/PU_PoE_replicate_052_prior_calibration.csv,2209,8eede3cd92f9342b715edea7a8f3b86c,813a249d9984508cba4578cad72de38dc943e6f5ae80617ad3a526a697160048,,
GP_PU_PoE/prior_calibrations/PU_PoE_replicate_053_prior_calibration.csv,2211,15be4bd2056b06ae3cdf70b865971380,e43e9bf8eb4c368c552df4fba223303929f2eadca8340702e9ebb4e2b95bf1b6,,
GP_PU_PoE/prior_calibrations/PU_PoE_replicate_054_prior_calibration.csv,2209,73e5878a53621e6f6bf5ddb5bcb3c2a3,580fcfe01dfd4596846debf1e3e82f673e649fd22cb016014f617b9c9cc7bdf7,,
GP_PU_PoE/prior_calibrations/PU_PoE_replicate_055_prior_calibration.csv,2214,1b779d7e295fb4cb4eb18d6df7a199e0,2861de0458369a67344a0c48fd13263806684cd1dd48ae746be3326f7aaebe2e,,
GP_PU_PoE/prior_calibrations/PU_PoE_replicate_056_prior_calibration.csv,2210,f9d55a99417d4ca22a82e9c92c5e0a1a,7d423f36d74c0152adf84c9e9bbeeb3e37cb40ae627c10b1f6c3316b5a9bed5a,,
GP_PU_PoE/prior_calibrations/PU_PoE_replicate_057_prior_calibration.csv,2217,adbfe963558c891a944075dd36b010f2,b26914a9fa71ca72fbe1189d19052c23300e72a9f0361cab81fc0a997808f74a,,
GP_PU_PoE/prior_calibrations/PU_PoE_replicate_058_prior_calibration.csv,2212,60cb83cd6cc3b4066e8d8d444bdc725f,b8d99077006adb7739271ce26c0af7ef9f045092964269c7050fddde4cf3b6de,,
GP_PU_PoE/prior_calibrations/PU_PoE_replicate_059_prior_calibration.csv,2215,8b1a9a014c768cf37711f99c7ddef5c8,294eb596ae3f5b521b59b271a212c3b8f664d3a4422720ef010dd67f27120e8a,,
GP_PU_PoE/prior_calibrations/PU_PoE_replicate_060_prior_calibration.csv,2218,8900c70b1d23cd347c5b8bb8ff71e09d,ea97aab77fea800271f75facd77ca3865b0fb4b8d1a5e29c392ffb474e4217fe,,
GP_PU_PoE/prior_calibrations/PU_PoE_replicate_061_prior_calibration.csv,2215,b1c221821bd9df7fbfea8224314dec9d,27e52f1a9cde57c255f3c3071abdf4d3d38c3082a0a3d270790f495710060ec8,,
GP_PU_PoE/prior_calibrations/PU_PoE_replicate_062_prior_calibration.csv,2215,60edb27d2501023d0541ad4cc69a3c4d,71cafcb3275d48f05f2b1d70d10358320b4f16a6ad30f96faf8ac0c6438f922f,,
GP_PU_PoE/prior_calibrations/PU_PoE_replicate_063_prior_calibration.csv,2210,76675cc50997f4586a26d70fe4a4cf56,79782c5ade74d31f4e2c46d8a3a1c869db566f68df6a46ee717db02aa7665901,,
GP_PU_PoE/prior_calibrations/PU_PoE_replicate_064_prior_calibration.csv,2217,2b14ebb7fbd73a1b940cd081a7a3e8d4,4844a1ef57cc0066df3bd7e30928ce2136e3a7294516d88d1e48db3baa1e26e1,,
GP_PU_PoE/prior_calibrations/PU_PoE_replicate_065_prior_calibration.csv,2214,42694ae884e97f49259c8b945f9942f4,bef4683c3a116bdc7ec10f668a942c37e75657f521a3f28c13d0e1a432f830b1,,
GP_PU_PoE/prior_calibrations/PU_PoE_replicate_066_prior_calibration.csv,2214,60a2fcdb113d4a14eab4af6330cbc0dd,19969ed09b5705c02180e8d4dba120b9ea06ecd5de6aff597f76a3167cab8050,,
GP_PU_PoE/prior_calibrations/PU_PoE_replicate_067_prior_calibration.csv,2215,b061cb741adf7806e711276bff5f4f5b,c216278271a162babb201a1bee3cff0bda05dbc7926946ca2e667a9d83da7fda,,
GP_PU_PoE/prior_calibrations/PU_PoE_replicate_068_prior_calibration.csv,2214,96223b933cd5a4c8878ae90aed37da11,d7efcc9108ea82cf767a064f94b7a3ddee9296feb2a63675a695b40879d1cad4,,
GP_PU_PoE/prior_calibrations/PU_PoE_replicate_069_prior_calibration.csv,2211,8ef7c8258c3ddec098d3bb3d50e50f0c,5b8f20eec7727dda9fe7b0d46f897f5a14de19741ffff28abf562b90720c9869,,
GP_PU_PoE/prior_calibrations/PU_PoE_replicate_070_prior_calibration.csv,2212,fb7fb4702e149ee213083d73febed546,c53dbc4dc28f19abccd3eae8f6aa172b836301dffe0245620f5e3db4ddb449fe,,
GP_PU_PoE/prior_calibrations/PU_PoE_replicate_071_prior_calibration.csv,2214,b4f5f60fdba6eeeea721cd2645deb956,a6154f7be8c9f995966d9311d02237ec20d242d96e319aa4eacaa9b7c221264b,,
GP_PU_PoE/prior_calibrations/PU_PoE_replicate_072_prior_calibration.csv,2216,dc3149b0c5aee1a17eabbe1fac0f09cf,1ac238069036eeaeb1bd73f8a6c5f48263b6b2589d97e7db18a7834ca92bd718,,
GP_PU_PoE/prior_calibrations/PU_PoE_replicate_073_prior_calibration.csv,2213,fcd0c798b9f84de6f1390737702a2c1e,baf930826845d538728b9f6ff0062d871321e8ee6aba3434e9200b13e7a24c66,,
GP_PU_PoE/prior_calibrations/PU_PoE_replicate_074_prior_calibration.csv,2214,9e34bbbb65eecfe968fd2131c2ceddd3,79ab9e41ba3705eb71ec4c9cadd683b768309db76cd869a235e6261bb58796a9,,
GP_PU_PoE/prior_calibrations/PU_PoE_replicate_075_prior_calibration.csv,2215,dd0aac0fb61eff31ba834b10654b0899,42fc2168bdd480d9a5452c6d9867548b92954f92f035857ee0d7a1a7bebcdaad,,
GP_PU_PoE/prior_calibrations/PU_PoE_replicate_076_prior_calibration.csv,2215,72e5d2f9e48755d57867edd8f744a2fc,5e598205316de4a7340a82464e89ecaae870f11e1597a443c9c7dda030474cf3,,
GP_PU_PoE/prior_calibrations/PU_PoE_replicate_077_prior_calibration.csv,2212,041abcc706d65961371a8a6e2b93d0b1,7f9ee0fed959ab89a681cc7a4f7c546482ac193791e952f12adbb7bb5fb4e19b,,
GP_PU_PoE/prior_calibrations/PU_PoE_replicate_078_prior_calibration.csv,2213,08d96332de0deeb20b8dbd0c779c9206,3e27c0c264323ff87f841574dc988a2f8e19e1727752194f97862424d5f5f76e,,
GP_PU_PoE/prior_calibrations/PU_PoE_replicate_079_prior_calibration.csv,2216,6c9022cc432375fdaec960b767c1f86e,44daed3f98b494a13541c903ce37b54c1cf1f1bc7631901b3b0f11f6077e7f37,,
GP_PU_PoE/prior_calibrations/PU_PoE_replicate_080_prior_calibration.csv,2216,13f4e95e460cf615ec16add29fda1cd5,ea378a84698865a07cb2faf143d59a342921250a67850215266ac562f88ba1a8,,
GP_PU_PoE/prior_calibrations/PU_PoE_replicate_081_prior_calibration.csv,2215,b1ba71b911a6e9fb38d2a8728b4af4c4,f16349afc7c2b9a937139b767cc5fd3fe4eabc54de585bb326d1c9a599919cd7,,
GP_PU_PoE/prior_calibrations/PU_PoE_replicate_082_prior_calibration.csv,2215,cc170091cdd2b5e39a9d04f2c095e7a7,042517e42acfb0ccc45a290b7ea582be1970e0eb6c1ff9e46f618698f9fffeab,,
GP_PU_PoE/prior_calibrations/PU_PoE_replicate_083_prior_calibration.csv,2206,2c354482a5c3e31d1580b4e31cbff770,2685f37c55b2bf922ffbf78bb80d4e28522a8fa03edf88de7bad90e1f3de5a37,,
GP_PU_PoE/prior_calibrations/PU_PoE_replicate_084_prior_calibration.csv,2214,7aaa8299a76bc5632d990a544d861f43,5907a761df499b6bf185ecb72998318e648ceb49eae10059d5a6ab43127b45db,,
GP_PU_PoE/prior_calibrations/PU_PoE_replicate_085_prior_calibration.csv,2215,1c1f35cd7d8f1df72ffe9ed00269de53,ce3301734857b7f52a1c6c54804a284bbbcff10e52ad819ddb05f798605d5940,,
GP_PU_PoE/prior_calibrations/PU_PoE_replicate_086_prior_calibration.csv,2217,4ba6478d6421d30e6687cbc300bf689e,1955304b6da6aa820eb7b62e8299762f25cb43480030f16565cd8090cf04726b,,
GP_PU_PoE/prior_calibrations/PU_PoE_replicate_087_prior_calibration.csv,2218,bc701c161cd1e108f0eb8f9610ffdd66,35d521a43ef5667e01dc50d8b266b035f7f17fb9299f82a04d2c5d4f8a4e3d29,,
GP_PU_PoE/prior_calibrations/PU_PoE_replicate_088_prior_calibration.csv,2216,5e429916c05d27c5c972435097d93863,047dd106a4f40a9fbeb07f2357642e10eb996be0156a046c1db71eb571fd033b,,
GP_PU_PoE/prior_calibrations/PU_PoE_replicate_089_prior_calibration.csv,2213,56fdf073edb5f234bb12c327b066408a,6b689955859976016a355f639fbaa322197d8acd58035513ae8e061a5c0363c8,,
GP_PU_PoE/prior_calibrations/PU_PoE_replicate_090_prior_calibration.csv,2214,5817ef9e45a8061ffc009e93cdd03b37,4f91a5e8f198d177381f20a7c95ebd37ece2640a5a837b65c21b623caeaa1efa,,
GP_PU_PoE/prior_calibrations/PU_PoE_replicate_091_prior_calibration.csv,2215,0d03faf03eddfd50b6b5ed5806e4b734,da333d5e88790c20f66dec9d9a1a471f5c1f50720f1103f4f2cee485f40059d5,,
GP_PU_PoE/prior_calibrations/PU_PoE_replicate_092_prior_calibration.csv,2213,52e6eb054ed6adab32ecbeafac2cd14e,0b1b1ab95b7e6929c9be70d0f6ae264ac031b94cec5a6dff66f93b4a9851406d,,
GP_PU_PoE/prior_calibrations/PU_PoE_replicate_093_prior_calibration.csv,2216,124f97cd157c38e5842994b981fe3b21,604c7df15e0c1fb68c316d61957b0d7d12fa45b8b1879576ea4739b94ee255dc,,
GP_PU_PoE/prior_calibrations/PU_PoE_replicate_094_prior_calibration.csv,2209,474609f5c80752871ffe2eccdf34b291,c8bd43b82c0b976f18423c110358748fb116ba58e4e39e8b33200538ded3bc47,,
GP_PU_PoE/prior_calibrations/PU_PoE_replicate_095_prior_calibration.csv,2215,b1ef8e0b279b3f5c3fcf91de1afd67ea,e66cec04dea33c6ad468c8873993f156f40e3878c8077b4e159e6438b50ac547,,
GP_PU_PoE/prior_calibrations/PU_PoE_replicate_096_prior_calibration.csv,2210,ab8e9c6ae275a9599feec5d6ba6a1fc9,53b0d1f34b11df1ec58e1ec0e6926b11dd70e8f4ae5db86720bde29cced71e40,,
GP_PU_PoE/prior_calibrations/PU_PoE_replicate_097_prior_calibration.csv,2217,dbd208925ac13b7014fe4e21bcacbf33,1308f9c548774c69a69a296c87c27a3562cc5278973f853ab8ff5b14f0cd9dfb,,
GP_PU_PoE/prior_calibrations/PU_PoE_replicate_098_prior_calibration.csv,2214,5527748ecf41cefd273853b1bc972ef2,d490aebba61eb4243bc783a80b9bd276234d70cb968d0d8c5a692fec295b6876,,
GP_PU_PoE/prior_calibrations/PU_PoE_replicate_099_prior_calibration.csv,2215,1f398d3a306b230fd71aca3453964655,6e3565e54b800165d0d58101674795685d348741b4a6c61098a0801cb73889be,,
GP_PU_PoE/prior_calibrations/PU_PoE_replicate_100_prior_calibration.csv,2219,4a618b6e52055538311d0a2cd243a68b,6ea32532621af30dccea841bf62b31c2e1dfbad41a1625326e50b1af89a799ad,,
GP_PU_PoE/production_checkpoints/PU_PoE_replicate_001.rds,18321,84d4978e4a31a85e65ca8a838c157a65,7903f2ed80ad186349248c54a2dded3fd64ebfd31c115cf92001105065a7d09c,,
GP_PU_PoE/production_checkpoints/PU_PoE_replicate_002.rds,18287,0fdd4f4d892898f2d292e2b1422def05,1b319146b7f1757c4b98ae088cb7b01875d89f28404e04e0a4323cb3947f0d2b,,
GP_PU_PoE/production_checkpoints/PU_PoE_replicate_003.rds,18227,bdda02d7d1fb9df566d38f94ed8f051f,a035865c9cb98af2dc4538f8561821d39870ead741dc03d1c997f999c8e19917,,
GP_PU_PoE/production_checkpoints/PU_PoE_replicate_004.rds,18274,195e6c256efc8b11853107bc967879e8,43666f97a697c514643b5e84173cb1eda7a97dd7f58db7a4c9b31701217df4e8,,
GP_PU_PoE/production_checkpoints/PU_PoE_replicate_005.rds,18243,a72f8963591a125f0a384b0045183201,657c2900677098c89c970ae22a3f2835c345782517dc3ac2b2d86ad935a54397,,
GP_PU_PoE/production_checkpoints/PU_PoE_replicate_006.rds,18248,138f4889dbb33ca14ac1fa2538f54ea1,9c855d8cc3bec1a9fd8506f930748672a49e52312dfefd2b9ca329bcf149cb5b,,
GP_PU_PoE/production_checkpoints/PU_PoE_replicate_007.rds,18319,9efae4b119921e8acb350eaa7f6dad55,c32a156f57666f77831f8474a009b0ba1739b2186dd26a9ef635ab481efb3902,,
GP_PU_PoE/production_checkpoints/PU_PoE_replicate_008.rds,18226,744d05785831e8da1714e823c27c0c6a,fd0b9b00f85f4e2f91c6e27fb1a0fb843b4831eb833136686d1383d2daf49a07,,
GP_PU_PoE/production_checkpoints/PU_PoE_replicate_009.rds,18298,3c820f49af62a2841984f494f4a6e7a2,bc63a61728a1ec41fee2be3745b86e8f513633f74c2683fd4a7c2717ce77c356,,
GP_PU_PoE/production_checkpoints/PU_PoE_replicate_010.rds,18322,e1b9e0f23062acff36edd9f2174b7ab1,d0bb290502b152997074fe2cc6982e7753e3dddde19e05928e76e49cf0850623,,
GP_PU_PoE/production_checkpoints/PU_PoE_replicate_011.rds,18323,d451b2dfe89b265b9cdc1deca5cd43a3,08521fd10493f4cd9273a5c58f045cd12d8a602166f6791dbd08b58c2d2d5302,,
GP_PU_PoE/production_checkpoints/PU_PoE_replicate_012.rds,18212,2843fc5750bd4d80e9e1ae46005c407c,c1582a3dbc22f18d2e0001a7320d1d2fdf5d0b6b248017f3efc64426932a4bdd,,
GP_PU_PoE/production_checkpoints/PU_PoE_replicate_013.rds,18255,1a18de529c7e1d0e497333941be8da35,b8b6d81be203013c5e0e7e4611a0277a665fec26ac9c71586a2616189971f8e4,,
GP_PU_PoE/production_checkpoints/PU_PoE_replicate_014.rds,18218,7e94e50bb24f2061269b745fde01b85e,5d58fe865fecc04fbd7e56c7b842f1e5b3666ac80e5c46a207f01d6590e964b0,,
GP_PU_PoE/production_checkpoints/PU_PoE_replicate_015.rds,18440,7a32b92d0dc9eaf384790c6440b501c6,8ad2ecc2c45d87dc5d83586fd1f8ccb47657fbd418c64dc89093f5a1dd005f89,,
GP_PU_PoE/production_checkpoints/PU_PoE_replicate_016.rds,18248,e1fa013af851733eb463f5c71357d682,80fdecc847ccc005373070c34655d7d2d4f580cb3690a5f3d1015d43ffae3e87,,
GP_PU_PoE/production_checkpoints/PU_PoE_replicate_017.rds,18293,332b7ad284c0bf53881f2af261ec86f1,fefef8a7b433f3d87756589e2f53b65fbf6fdda822e21ebdc0cfcd5722ee7ca0,,
GP_PU_PoE/production_checkpoints/PU_PoE_replicate_018.rds,18226,bc0e87b79a49f994991d1e2ac3a4368b,ab11b43d06d187f13e9ea6a77ea56f390ed16166e60b8ceec400949d78aaf710,,
GP_PU_PoE/production_checkpoints/PU_PoE_replicate_019.rds,18289,afd7d4b3e52006d48e6e4bce577c48c7,e9a1b88a1b46b97daa8975e295a927c8428df6b9dc40a3995f75dd2f6ba2b12c,,
GP_PU_PoE/production_checkpoints/PU_PoE_replicate_020.rds,18339,d800ccec8bb6c056dfdc73fca77ed12c,385e07f9cf444828f2613c0f865f1c099760b8ab753f8bd7c48c311e56148296,,
GP_PU_PoE/production_checkpoints/PU_PoE_replicate_021.rds,18252,b07322bee089ed9268caf5fce1b7cf00,9e72a47a51c116d0353446ab8f24b8b0432fe5261d7bdd0bb70067b46d1a8228,,
GP_PU_PoE/production_checkpoints/PU_PoE_replicate_022.rds,18258,91a861c82c5a135faef28f7e27c13808,f9bea9d2cc31a78b1e1a14db896fe9b3cf4a6a758c1846e76d8fb4d7e1852b23,,
GP_PU_PoE/production_checkpoints/PU_PoE_replicate_023.rds,18214,cf69b588a4f84bf216906227ce3bd98c,64d432c67032bac14ce6f42f4a1fbfa6443f834575bee4501b4dc9b6f8dd00d7,,
GP_PU_PoE/production_checkpoints/PU_PoE_replicate_024.rds,18294,70ec938937c11faa590cd5ee40ce3fc5,4590e1e373eccc27446d8e250f926228bbf94d4481c7bcc8048a3cc468c8debc,,
GP_PU_PoE/production_checkpoints/PU_PoE_replicate_025.rds,18338,ea08afde0d991e25b0be09f191991d3a,c465f88ba171bb9dba8ce9109ecbc46967b6145783078a7b03259c36677e3610,,
GP_PU_PoE/production_checkpoints/PU_PoE_replicate_026.rds,18336,b8f4c9e7ba36de521fcbded361745c5a,3c3b6b3d29300c48bc4e6e0e39a08e61548616565c71757546f016de54044f7d,,
GP_PU_PoE/production_checkpoints/PU_PoE_replicate_027.rds,18269,321a8e1960208af0b58cd024b6408ca0,51626ddf24410603599dba49c935edcaae40094c92d927a082d9d7101a40932f,,
GP_PU_PoE/production_checkpoints/PU_PoE_replicate_028.rds,18276,7f2b1fe110ab6d2e0db677f35c4d0a4d,d2b2c074e695c0530a95901ec60186ff0950aacbde034a55be9949d0b543ce03,,
GP_PU_PoE/production_checkpoints/PU_PoE_replicate_029.rds,18252,452bc506c4d0b05791a89d9dd7abb7a5,b8d993eae447fda73f46170ebd200a2dd19db816f0c127c1e2d03354a9b40901,,
GP_PU_PoE/production_checkpoints/PU_PoE_replicate_030.rds,18230,7016e74c671adeb7665cb31643d06ea4,d83eb656528d35c907a9f32ad7a5b30887c6e23cf67ced6fffffae6e791d7995,,
GP_PU_PoE/production_checkpoints/PU_PoE_replicate_031.rds,18167,0ae0e8a21d62b8ab159d950f8958a48a,3c7292dd58449f5ef85f7994d2d8ea6649391837057b64e9e7f4c60e4430d0f5,,
GP_PU_PoE/production_checkpoints/PU_PoE_replicate_032.rds,18241,076bb738053c1f965a81fa353477abbf,70a5fdf21dadda69f292f620d60625a82cc0e97db4b9d5cecc1c7dc9550e0e34,,
GP_PU_PoE/production_checkpoints/PU_PoE_replicate_033.rds,18363,40b20a3b7c675a86ffd6d490363f06d1,a8334a9b7502b5094cfcfeb02e2b3330680eeb8761ef064f85d2c3c43480b93d,,
GP_PU_PoE/production_checkpoints/PU_PoE_replicate_034.rds,18243,f520be16f0095aa0ca5ac1d4e05722db,4c0de856dd762def211c3265850e20143073a9c258b7164714e015970d897afe,,
GP_PU_PoE/production_checkpoints/PU_PoE_replicate_035.rds,18344,a89ed80b68c72d181a3608e95e314147,75807e7237ae3fb56798dcf76501d42136282a7b91982620882733ddd7317a6f,,
GP_PU_PoE/production_checkpoints/PU_PoE_replicate_036.rds,18289,480bcbbd04bf3c5e1cbc4228b8e73470,1ccebebb5b4543a01c833b55f4d38307794a3758e7d90f4a791376a11a3052e1,,
GP_PU_PoE/production_checkpoints/PU_PoE_replicate_037.rds,18363,810a35eece5ecc1173f7ebf7e878405e,60d69fa672de2ce42e33b9efb6e634fe0e6462b363c7a6ce4aba650077cd6252,,
GP_PU_PoE/production_checkpoints/PU_PoE_replicate_038.rds,18554,8b3c4b775b097c13ee868ea7ca451d06,c1d81a47cdac25fb63d61a419fcc24bcd0d44b22ed26561d0601bd15a3c6ab17,,
GP_PU_PoE/production_checkpoints/PU_PoE_replicate_039.rds,18262,cbdfe22b118f7a41af6f2da62d80d2ac,a4970e1530ebd8e9a1094e70f83eaf1ac2316bfd18b96d56006307bba20d3501,,
GP_PU_PoE/production_checkpoints/PU_PoE_replicate_040.rds,18287,3cba1bc2229498435e306e63d2d95052,c7558bae1b3a2945978935ca4e5323020ff1a836ea65f55235e06093e39a161f,,
GP_PU_PoE/production_checkpoints/PU_PoE_replicate_041.rds,18252,f7132d521c94adec599669b611019662,0c712354a8367929fa0183d00720db55bf560ea9bf0ab057b898ae182adcd46e,,
GP_PU_PoE/production_checkpoints/PU_PoE_replicate_042.rds,18241,2442725fa84487bb8f7aa0391efbcfd5,c10fd4d46551e410372af87de07f46d4c00da2fe647dc097e80e7d546eab4784,,
GP_PU_PoE/production_checkpoints/PU_PoE_replicate_043.rds,18256,113b394b46a68bc944b40628d253620d,72b4938f896c2c2dba763cd990c3645af67cc09d4ac615392c2abd41371dd011,,
GP_PU_PoE/production_checkpoints/PU_PoE_replicate_044.rds,18267,bdfb19611df09db2abbb477596eebbc9,ca3af44c330f54b3a84c4455805fcf155b6f1b770d8b3f997fd7f275e5a710c7,,
GP_PU_PoE/production_checkpoints/PU_PoE_replicate_045.rds,18341,b98343de585ead44e6e0426c05a3459b,74213eebf266b6b3aa2c2b1911ff34b8075b41b6783f1eabd230b62834e9aba7,,
GP_PU_PoE/production_checkpoints/PU_PoE_replicate_046.rds,18199,8aa92fb3de20a84a4441318bd0ca2b93,1025709f58fdf56b194381c99470a891339938514654f6b5512dfd37d0407e99,,
GP_PU_PoE/production_checkpoints/PU_PoE_replicate_047.rds,18321,0a8f4dcdffb35221dab9f8b7eb345c36,e0eadf2306bbbffc84ba9aa0acc51a3971c94f4b4e530075ed8e9ff676e35868,,
GP_PU_PoE/production_checkpoints/PU_PoE_replicate_048.rds,18251,c401387e02c9332025af2ec5d5584f63,af3bf59cc8b8c1c033f0fd8c094aa503b7197ca2b233b33058314786b5281943,,
GP_PU_PoE/production_checkpoints/PU_PoE_replicate_049.rds,18297,b4f056ed6abd269b41db0f28c86771da,6d048e9da444194145b3045eeedd97d00714e107b59a1afef4f4fd3a3921a025,,
GP_PU_PoE/production_checkpoints/PU_PoE_replicate_050.rds,18261,1ac8a73446948bb58212ac882f254fff,da1c4fdb57992cba19c31cebae3ff2be4a1bca54a6f6ed4452df41802ab82122,,
GP_PU_PoE/production_checkpoints/PU_PoE_replicate_051.rds,18272,33ab2210331d2a99a70ed73a0caa6969,22cbc7d92a41cfd15c9f5ae30270fb18d9e2ca31e1c9f46931f60cd8c1de27ec,,
GP_PU_PoE/production_checkpoints/PU_PoE_replicate_052.rds,18340,f658f0061107048890b1c5edc12cecb3,441b73b70efc91ee79e021cd211f7556664e30d8ae394807d80c30e9c1000474,,
GP_PU_PoE/production_checkpoints/PU_PoE_replicate_053.rds,18328,a29cda1014cf170aeffa5f9cee686789,1f419b0e63c52286f293fee89771b4ea7d1a749ceb787a52513e9bd843a9d42c,,
GP_PU_PoE/production_checkpoints/PU_PoE_replicate_054.rds,18312,e93cfd5ec9d57f60b1469f82b8192fc6,6db3f719e0a5ae19807521c781f3679ad055ee2a14cbd91e3b31a62f0d820b0e,,
GP_PU_PoE/production_checkpoints/PU_PoE_replicate_055.rds,18301,79e5b0ad3d327c40a10bc9f3eba35d2d,19db2238102b4225fb1181208788c1f632c69a0c83987d00fa63a929b9b84c7a,,
GP_PU_PoE/production_checkpoints/PU_PoE_replicate_056.rds,18336,cdec34c2368be9d5e24864c9e8b0afbc,a1cafe7e4c90bfd2a1f12c61487baa594fbe2b3ec8c39a67c22ddeb3ac0c98b1,,
GP_PU_PoE/production_checkpoints/PU_PoE_replicate_057.rds,18305,47a311155074b912d0fafdeb13be41bb,ccd34eede2bd45ae4d701d2aa2138693ee392b67012874d4ee12172ca25582ca,,
GP_PU_PoE/production_checkpoints/PU_PoE_replicate_058.rds,18217,0ff9fa9a8147a51bea6457dc7278db35,41561a332ed0e8effa60ad2b67b218c63770ea06f361eeaaacd5c8f9d0e0928f,,
GP_PU_PoE/production_checkpoints/PU_PoE_replicate_059.rds,18240,ee4ccfa9c006f37f6051763455eb383b,1536d60b3875fb0278440ad6cec82787dd7603feb18a85e97e46705b8c18416d,,
GP_PU_PoE/production_checkpoints/PU_PoE_replicate_060.rds,18326,fc7626568864e2107bd9f79cae130dfd,75816dc8a9db70f14049b8d05fda1fffcb24054b8e332a4c469473b12a4c46be,,
GP_PU_PoE/production_checkpoints/PU_PoE_replicate_061.rds,18216,49205703df8b716dcb3643acebf182be,df489f5476f24070701d78b36a285fdcc0f177d50bf8c95f486ecf18c667d754,,
GP_PU_PoE/production_checkpoints/PU_PoE_replicate_062.rds,18324,f76e30a846489252226beda7b7cfe37e,236ed30c3df35a72c49d222e0f1093852ea886386fda69996bbd390c0596c07e,,
GP_PU_PoE/production_checkpoints/PU_PoE_replicate_063.rds,18257,e6f55fbdf21c8a77a9d7387f509de639,2e0a2de1fc504939bc18bdf30530f92aa4dbe4d71ee323f8a9e80a67560733e1,,
GP_PU_PoE/production_checkpoints/PU_PoE_replicate_064.rds,18315,e41dc406727ffc6a4c6a97ef14680ea8,47a5c44e0d972ebc9a971462d9a0a22aa531915cb5266b6035c51582ab18ad53,,
GP_PU_PoE/production_checkpoints/PU_PoE_replicate_065.rds,18335,139eaad886c1cd5175916248b3a39693,a4461575a198bb52e54ed64427032994cbe7e473de92d5b03e18854e5080770d,,
GP_PU_PoE/production_checkpoints/PU_PoE_replicate_066.rds,18245,eb3d4873952a2f82365d438f52bc9293,6574f4735eb967c6ee350c004b032de6cf2bc9978e5726933acbc0b5794d4ab2,,
GP_PU_PoE/production_checkpoints/PU_PoE_replicate_067.rds,18257,8b6acdf7eecc3014a13d28adc957e6d2,b7c351cccb6864bb935f47c4e8ba2ab018524416915f5792f8e041c3e6897cb6,,
GP_PU_PoE/production_checkpoints/PU_PoE_replicate_068.rds,18298,69b474ba29e8c650bb2427589f736dfc,1c2b310fdca74996e551690b885981a547f8a8a1ced7659033f777cd7b069aa2,,
GP_PU_PoE/production_checkpoints/PU_PoE_replicate_069.rds,18306,d096a6fc94db69db6207bd902cd1ee20,a6af461f047ad4d9e64a6a910036b4932d114c0d9d5221588e3d571df2fc49e4,,
GP_PU_PoE/production_checkpoints/PU_PoE_replicate_070.rds,18266,a15a8d3faa4d400dfeb39c59c3226f5e,893fe693fbd585d33d006cde4c5f03dac23c8da3718f2939c8499efaed5eef04,,
GP_PU_PoE/production_checkpoints/PU_PoE_replicate_071.rds,18284,7203c3ba69664551946eb6933d0d731e,7b8cdf1d22ce71559ea2a7e5f97da080b5e9c9172c5e8d0f7beee6b2bd6889bf,,
GP_PU_PoE/production_checkpoints/PU_PoE_replicate_072.rds,18291,48937852899a9d01d0be9208c9e5b202,b9e026c7e62a86ac227b70e7e172ff8cf6c48a53e56490387afa254c131ff1c9,,
GP_PU_PoE/production_checkpoints/PU_PoE_replicate_073.rds,18249,7f0b2460bc63fcd5896a063d6b415c25,be533bb4841f8f0ec1d3ebfc5361d98614b816446ec8856477dbe1c71a3ab44b,,
GP_PU_PoE/production_checkpoints/PU_PoE_replicate_074.rds,18419,7c883157faff1a43840c285d2d0c780c,fee13cd432abbbc0637532accacc5df830b54ec62ce7b37b94985fa38de88584,,
GP_PU_PoE/production_checkpoints/PU_PoE_replicate_075.rds,18330,693d4b81bb1bec5da215290902a95e8c,15703804442246c73764aeb8265a1cc25d5d35ae8e138bb8cf63bae65c7a3dde,,
GP_PU_PoE/production_checkpoints/PU_PoE_replicate_076.rds,18248,42393b61d4f541c018cfe9c8ee2c4027,6aa38a769fc086ada24a80986dd562c34a76b9bad0536b29bc197595ca932c8b,,
GP_PU_PoE/production_checkpoints/PU_PoE_replicate_077.rds,18252,38dcbe2b9558d729672525d2e6242f5d,e2148eab7d16a51f67c82f1260a5b92172fd93217dbc2c3081a2e7db8227bd0f,,
GP_PU_PoE/production_checkpoints/PU_PoE_replicate_078.rds,18342,0eedb9402c289924bfc7a94a70a36a65,52b3b3be4050ccbf1cf5ac28acc6b99e3028a2b29c2a73ca07573791caee0bb3,,
GP_PU_PoE/production_checkpoints/PU_PoE_replicate_079.rds,18259,93a408a0225b4ab5cd288c3ebadd1f49,d9c502699233b7f8035bfeefffc3909d3b35bb6b87739c7fbd522a41b46e6a6e,,
GP_PU_PoE/production_checkpoints/PU_PoE_replicate_080.rds,18360,2f0a8ce284eac35f7135f2329cef5cb2,bf38ce79e6a0c0472ac4f88a8a94cd3721d1ebc272f222478223c40739b33d06,,
GP_PU_PoE/production_checkpoints/PU_PoE_replicate_081.rds,18241,2bab61109854f09a2cf3919a9ef290de,81ac9dc6c55261bfceef4c7f1d342f038cccf537cb92d130f6d010713c44cc1f,,
GP_PU_PoE/production_checkpoints/PU_PoE_replicate_082.rds,18272,6a58e35bf5361fdb029840c772fd5175,9340941b8379d1c6d2680ead535164d614a5b7c565ad5885c531b2b9937304fc,,
GP_PU_PoE/production_checkpoints/PU_PoE_replicate_083.rds,18335,17376fca0a9aa77fd8c0c123aaa9b143,f2a04d131c4f478e85664518c0f87984301b327f46eb89d772010fdbeb4d20ac,,
GP_PU_PoE/production_checkpoints/PU_PoE_replicate_084.rds,18259,0ed0b011ada913bea93bd58d53611410,0e09318a379427249d321b37e69754d7043052c36e41f8544f57d6332cdbfaaa,,
GP_PU_PoE/production_checkpoints/PU_PoE_replicate_085.rds,18302,f75ac6492757999a6b3040b07432c676,a4c35487ef889bdccc40d9166508a2c17705b4e500fedfa1183bdde0bd7b4c0b,,
GP_PU_PoE/production_checkpoints/PU_PoE_replicate_086.rds,18303,fdae229ef56205da2d8e2aa3895d51fe,6b3f354a1d2f7f29e82e8997b7d539f85c6f25e2f7859378f4bb8890a3121fdb,,
GP_PU_PoE/production_checkpoints/PU_PoE_replicate_087.rds,18277,14d823ab9400c2572b484852b2c961aa,0c9c472318b6717c45b48b99e5592bb3446c15245e4468c73c282feadf4102a5,,
GP_PU_PoE/production_checkpoints/PU_PoE_replicate_088.rds,18265,5f27484a03c676b44712491575736d68,f8518eeaf51498928065249f4d38e69e28b5d0797e1f678e64154aa81f22dd32,,
GP_PU_PoE/production_checkpoints/PU_PoE_replicate_089.rds,18319,586ee776990e122ccc169afcab2d143e,5fa0149246bb08a1d82718f7117c0f445526ec255435a04b0c9728b178ff1d1d,,
GP_PU_PoE/production_checkpoints/PU_PoE_replicate_090.rds,18348,25f211f21629edeca7446600ca199ce9,6fc52ccb89a5ef39e576c3cdb257d1fcc9cd848475e5bfc66036e9dae829f85f,,
GP_PU_PoE/production_checkpoints/PU_PoE_replicate_091.rds,18207,621eab5e9aa427df797613f693babdee,b0b44d7c245c9976b98f77f77af79af0d68e2fea5aa245775f8ec01ad64a0f0e,,
GP_PU_PoE/production_checkpoints/PU_PoE_replicate_092.rds,18264,47a70509a2b3535ceda5cb5363725042,1a8d1816c0f23d139c2e7618283b8fd12beca6c749110f654dc75165c4fb4e59,,
GP_PU_PoE/production_checkpoints/PU_PoE_replicate_093.rds,18276,eb75d9cf5584e1dfcdca69d5268bcf3a,916a996997f84ccd766930ab84bb65b2b0f480fe16767a9e43232f3fe4a70ec9,,
GP_PU_PoE/production_checkpoints/PU_PoE_replicate_094.rds,18248,242e32f04a28a4b1c7904d06b729751c,04d09bba9b1cbcc817d82f9cf4f8846e503a30719ec2709361066715183cacba,,
GP_PU_PoE/production_checkpoints/PU_PoE_replicate_095.rds,18225,7ad2a40182a70d8c36c8f7e7d4df67ac,a563168d5747ec296e385c328afa01292ea651bcefb69662989f706f5ece67d9,,
GP_PU_PoE/production_checkpoints/PU_PoE_replicate_096.rds,18394,162e5aef9e89b278a9eebba3087310b0,8b68c69e271da7d4ca890211fa3120652aa2c0fcf0f32e6a4f64fd7dc16d6360,,
GP_PU_PoE/production_checkpoints/PU_PoE_replicate_097.rds,18441,19be4a617c5ee9403598fff5edc260c0,70e85d2710d5943f09783642dc58d3e4628e9b5219a59004ea452bfc0f5c5559,,
GP_PU_PoE/production_checkpoints/PU_PoE_replicate_098.rds,18309,1b9161855bea7326da9f9f40683c77cf,2dcf2ae7f7416727a17162a53be414ffd36d2b7ca2e32c8a072aa0e28cac41cc,,
GP_PU_PoE/production_checkpoints/PU_PoE_replicate_099.rds,18212,489d76d0d01a21da6cc17495e96c4df6,17a88679cae83da42f68fc3481d190dbcc424e964cc59642800d6f2f146c298f,,
GP_PU_PoE/production_checkpoints/PU_PoE_replicate_100.rds,18265,2b0cf0bafba6c36209ddc3de9d61fc94,d5c3e79fee8dd9ebde46a94f6c56a221f9f2171615827e0305020444fa5ccf08,,
GP_PU_PoE/sessionInfo_full_PU_PoE_SAR_simulation.txt,831,3bdf28cf21cf84d5355baa9bc6acb036,c28f75b075bc51d0aa42b8131ba41bd060dde4e5317eb7389ef386dfc77aa6c2,,
GP_PU_PoE_beta0/PU_PoE_mu0_FINAL_ETA_EVALUATION_TABLE.csv,881,fa8413945f17ff74efa5c9a1998edd7c,441c6c24930d248d0ca55b7f7b34817fec4c76605300fec0ac34ebb7373af8cb,,
GP_PU_PoE_beta0/PU_PoE_mu0_FINAL_MAIN_TABLE_means.csv,648,350af3121ba2a4564958995d183ff859,6a455b7bbe78941ac33cf08521415cb0d51ff888b6c462f7d1b2cc1ecffa246a,,
GP_PU_PoE_beta0/PU_PoE_mu0_FINAL_PAPER_TABLE_mean_SD.csv,617,25dccd91b97972f8adcb8b10270c63e6,b70a7428c105e076252bd1e4b24f21d414092bbb7de127109bf5573c8b3ae0f9,,
GP_PU_PoE_beta0/PU_PoE_mu0_additional_diagnostic_summary.csv,4687,a67eea4077105931e366b7b5a4e06d39,03b2f5f124705bfc163bcd803b89a8eaf4a5bb6b0a21578aeddf826e9576f5c8,,
GP_PU_PoE_beta0/PU_PoE_mu0_all_node_probabilities.csv,7292208,a0c277d5824e1e5f338c93e00a4e23f3,05701c663036321889a11fa74f0ee6e5e8eed918c8b4d4836dbb9e5c96d4bdf3,,
GP_PU_PoE_beta0/PU_PoE_mu0_eta_descriptive_diagnostics_by_replicate.csv,33550,570fff83ca133c6ec6f56b709869edbc,9fc29bd832c9c75c0e04a669df85b428d5fee32a8efd6a58ae341882fb8ec8f7,,
GP_PU_PoE_beta0/PU_PoE_mu0_failure_log.csv,75,415762f6f66023fe900ed436193d8177,60663936722ba4f3844c53a264aa9a5abee70d0b3de51c9e713756443deae104,,
GP_PU_PoE_beta0/PU_PoE_mu0_geometry_summary.csv,33926,bf4e903568a9972e9e57207e37457134,fe16f0b72888e5ecdc324fa65adf96b742567fed156e6fcb663f6eabbd537977,,
GP_PU_PoE_beta0/PU_PoE_mu0_global_pilot_calibration_5_datasets.rds,5462,76b0be4f267c9b0e1e24e6c6478e4546,320f0121eaf3cbaca90f7b9f38ad0b6b0f57355d9c0148af3bf2b21aeecc20ea,,
GP_PU_PoE_beta0/PU_PoE_mu0_global_pilot_distribution_summary.csv,1195,86bea37fceeb83de359bf4a134bbac9d,5b9f19199d1bfad0aab46f467618d073f8dace5f52b81c477c7f764251f84125,,
GP_PU_PoE_beta0/PU_PoE_mu0_global_pilot_per_pilot_summary.csv,2652,b4ab01c39ea6ea8ed2a316da216834e2,866f94ae92fc28a4a7f9fdfde8b4f8ea8154dd56be77bb3f64cfc159aef3af25,,
GP_PU_PoE_beta0/PU_PoE_mu0_metric_summary_long.csv,3331,0a7f51a14cdd05993ee867f71f83ce81,9fc98ff55d77956a49a10ac515135e76122a5e8487c14291f9bda65b0e160f45,,
GP_PU_PoE_beta0/PU_PoE_mu0_metrics_by_replicate.csv,82401,56ccf2e28e65a4cf3479fa72b36faf73,5f9154664c82d0e75a8dab35d0d4ce52a5e0eb72498a0214bd82b0642dabdd47,,
GP_PU_PoE_beta0/PU_PoE_mu0_pilot_prior_calibration_summary.csv,5572,6b84723ee52c043f43badccb62fb1c34,5ff5ca3c5f122d633a57c507004de25b5a5dd62f64fa26b852be1bcf1a9688e2,,
GP_PU_PoE_beta0/PU_PoE_mu0_pilot_seed_table.csv,202,8d3d8139ee9e9a307f30309dd59e21dc,35fdcbe199dea9d38c097af3cebcc91051e0605df4eb5f5d37a53c3b0e46f746,,
GP_PU_PoE_beta0/PU_PoE_mu0_prior_calibration_by_replicate.csv,115976,358a30e6ded8628ea26d9fcbe84da70b,b22a5c0f628f1ddf0d1bf678cea41439c670e8426e5ef6c3cf8adfac50d5cd5b,,
GP_PU_PoE_beta0/PU_PoE_mu0_prior_calibration_distribution_summary.csv,2621,433dfd790ba96ef6e4e4613ffce80642,07c4d7d3ed36206e666485c683d903c8aa2ff8f60fb9739c3d23acfc94748141,,
GP_PU_PoE_beta0/PU_PoE_mu0_production_seed_table.csv,3148,224a3d47581a4cd63b258439c1eba1e0,a1d01dccdb1ded7ac9f5c8a351e52e78abbe8e3cee4313992c631c6c31f1966d,,
GP_PU_PoE_beta0/PU_PoE_mu0_run_config.rds,6973,eaae5c449c33337d14c6556980028634,9b18c9c254105088d99e701211dfba14be0f1c58144a0c8b57ee6f8937f7d5c0,,
GP_PU_PoE_beta0/SAR_selection_Monte_Carlo_summary.csv,1039,1848454d36c58571072dbbb2829d423d,19d565387ac5499cbe89b038109eb6473547287eaab39e26042cdd106e0c9d0e,,
GP_PU_PoE_beta0/SAR_selection_diagnostics_all_positives.csv,633288,1f61c48acd7a5654db5f239585819bdc,e9e55d97b5fd5d09db8612d64a6ddc7ceadf6f5d1c1efb5f9e12cd3961695779,,
GP_PU_PoE_beta0/SAR_selection_summary_by_replicate.csv,14471,3fd02a12b6b88a0f283869eb28b212fb,debe639b69dabf962fe2af45061724151a29894570368c3912e09f873a782be8,,
GP_PU_PoE_beta0/pilot_checkpoints/PU_PoE_mu0_pilot_01.rds,125876,e004c1c2b2f79985cfd85e5760f7ea41,553a20142f75127d7ea97c2a740abf5694d876ef49974d1dbbbec0a05b89c311,,
GP_PU_PoE_beta0/pilot_checkpoints/PU_PoE_mu0_pilot_02.rds,124954,add34cde990cc4076687e67e93f07085,e34e05fc72ee861c3f2bc589ae38f57ae2db9280fb83fabe25462a597e0242a4,,
GP_PU_PoE_beta0/pilot_checkpoints/PU_PoE_mu0_pilot_03.rds,126436,739dde8a12cf005af14d04087218db32,eed549471ab5285632db0abf428c2b88472016d04b2d55b4a25c79d19692b22c,,
GP_PU_PoE_beta0/pilot_checkpoints/PU_PoE_mu0_pilot_04.rds,124932,0dbfcef52a3694aa81b84e3cfce254dc,282f526b155d1f63bdc1400e237d97d10d996f9e0b301f314e9a14abceba9dd6,,
GP_PU_PoE_beta0/pilot_checkpoints/PU_PoE_mu0_pilot_05.rds,126142,7e86b4a4060486e7185ad75e2ea4232d,a3e55dc2ec325d149c048780c5ffe0c70cc612611d0e3f62df443f38b57bb767,,
GP_PU_PoE_beta0/pilot_geometries/PU_PoE_mu0_pilot_01_geometry.rds,72072,b438e548446573db3d006ec0876ee97e,e94ac1c6a437c28e2b40f066f7603eb9f7ebe69f3e7a29880cb2371a73d29efa,,
GP_PU_PoE_beta0/pilot_geometries/PU_PoE_mu0_pilot_02_geometry.rds,71946,97e28cd5bb41aea93f201cad3ba4c3f1,f6d30d01541d23d3fcf01aef99deffd197058a1853436be7c7488b924595684c,,
GP_PU_PoE_beta0/pilot_geometries/PU_PoE_mu0_pilot_03_geometry.rds,71946,7d835610c5c3396c7d2dff44f783979b,a5545c85df5c1cfc45379569c6e16f2e97a01306958abdd094b1d11c41ca8154,,
GP_PU_PoE_beta0/pilot_geometries/PU_PoE_mu0_pilot_04_geometry.rds,72268,28c93d80e170bceb8b96732db2f0bcd4,aba8675897b211d5ff9e379b59498607804e5c1bc6b6c60c716ea859348c214a,,
GP_PU_PoE_beta0/pilot_geometries/PU_PoE_mu0_pilot_05_geometry.rds,72356,c8ed44c2421b91bd644bba2cd590d644,c24448f818a74cd33fe51a6237171309ed830fbb7cfc996bb0146bff7ac50182,,
GP_PU_PoE_beta0/prior_calibrations/PU_PoE_mu0_pilot_01_prior_calibration.csv,1755,61689968087dbb61870af50bd2d47930,266dce05776dfa00be975552ff9bc23408108c38abf95844a0f08ebf128c2b3c,,
GP_PU_PoE_beta0/prior_calibrations/PU_PoE_mu0_pilot_02_prior_calibration.csv,1758,f6e23fde2d660644acc7dd7f92ebc9f2,1b422b946ab401fc923689822dfc16c4e79e19c01bebb43369a147158c352566,,
GP_PU_PoE_beta0/prior_calibrations/PU_PoE_mu0_pilot_03_prior_calibration.csv,1757,7c4837e898c323dbb11548626cedd26d,61a95d4f89cdcfc20ba92a51988369faafc4ccf692c62d305006cafe0218e9b4,,
GP_PU_PoE_beta0/prior_calibrations/PU_PoE_mu0_pilot_04_prior_calibration.csv,1758,5f30293fe47961e8be117adab8dafaf9,4f0526b9c731b179ea9bd1922bada648e5c7ac7a53e7f9019e9e6467cd23f88e,,
GP_PU_PoE_beta0/prior_calibrations/PU_PoE_mu0_pilot_05_prior_calibration.csv,1748,788868750817403a92f385892ddb9df8,f93a40e57ceb74c73ea0bd1051aa02f3efccac2bb8186f1b3729ec14a7e92f2f,,
GP_PU_PoE_beta0/prior_calibrations/PU_PoE_mu0_replicate_001_prior_calibration.csv,1976,2a601290af9278e56d4c976409ec5015,06a78e248788d4a273374132165cbbabf4f6bc72d7208d93b2779e14566a9bdd,,
GP_PU_PoE_beta0/prior_calibrations/PU_PoE_mu0_replicate_002_prior_calibration.csv,1977,c4dc9ca4f8a5584ab608212213d7fb76,537d0503dba4a12f08e77b1d0eb2cc9695e776b872b5f203b64025034ede45fd,,
GP_PU_PoE_beta0/prior_calibrations/PU_PoE_mu0_replicate_003_prior_calibration.csv,1974,b73391788866103af5c3cc68abd0ae27,7f0450705807e954c058e8f84b06742aa5c40a538b61d42c24db2b974106e20e,,
GP_PU_PoE_beta0/prior_calibrations/PU_PoE_mu0_replicate_004_prior_calibration.csv,1976,9794a343ddb15b41f62d81cf52c0d10e,1d779dd5598a7a3167001958af37fd1de9398b340c145c8e31c2d815e3b71c3d,,
GP_PU_PoE_beta0/prior_calibrations/PU_PoE_mu0_replicate_005_prior_calibration.csv,1975,32432a5c5d301067651c38293c893e63,a2ec706e93d1ffbd84d637d01ac46f7fe66e29737fe0638223e4baf6f7cda235,,
GP_PU_PoE_beta0/prior_calibrations/PU_PoE_mu0_replicate_006_prior_calibration.csv,1979,8e575272283d6257f1fb3e0bcb0a30cf,a014bae8e818415c5b78f06f384df892982c0a2025fa0e5128827d3e89598c04,,
GP_PU_PoE_beta0/prior_calibrations/PU_PoE_mu0_replicate_007_prior_calibration.csv,1976,f59eb6462b7a957679b0cd7b2ebbf63d,bf61acb76689a4b92d066c47ab4cdde0d8a768900a0910866e1199e49c49108f,,
GP_PU_PoE_beta0/prior_calibrations/PU_PoE_mu0_replicate_008_prior_calibration.csv,1974,9546cd5b0341dde0eef0539181c2e909,e7d9f557163e7ed7e799f83ddf257936636e21edf0b8a9531a1dfa429f895528,,
GP_PU_PoE_beta0/prior_calibrations/PU_PoE_mu0_replicate_009_prior_calibration.csv,1974,5b45deb44b7729ed1c4dcbda69dbede8,faa32caf9b43fb41c47540e17443f3245f166e7359354ff98c6d35db65edf66b,,
GP_PU_PoE_beta0/prior_calibrations/PU_PoE_mu0_replicate_010_prior_calibration.csv,1980,2a77f44026bd36b00889a323f39afc02,fa8c438c0f38dac274937bfeed6c2f9d69d8b02382fd49d31594631adc533afe,,
GP_PU_PoE_beta0/prior_calibrations/PU_PoE_mu0_replicate_011_prior_calibration.csv,1977,c30458c9e82393a231822622e69aab9d,4b5e8dd8eeb80d2a2e61342a3e536949d47fd78446b98ef2f91f16e23e8360e1,,
GP_PU_PoE_beta0/prior_calibrations/PU_PoE_mu0_replicate_012_prior_calibration.csv,1982,7b1534b28554d21d1495248d2855f06b,e06166d9735420da7a29d095f01ab3f05fb1d6e85d87dba7817f2362c1926ae7,,
GP_PU_PoE_beta0/prior_calibrations/PU_PoE_mu0_replicate_013_prior_calibration.csv,1978,72723877715895c0733b71549b4afa6e,744e5fbd71e0207cd78da57abf76851549e8f092d1bdf20f8b502f410f724fa9,,
GP_PU_PoE_beta0/prior_calibrations/PU_PoE_mu0_replicate_014_prior_calibration.csv,1978,2053538ef0c38ad74d63abe320201c99,4aa7df3e414af0478cfa1d200948642e3574828affd0bb24c1ee155330f1cea5,,
GP_PU_PoE_beta0/prior_calibrations/PU_PoE_mu0_replicate_015_prior_calibration.csv,1978,aa08e5bb9c27aec2c7d1c8cb593a5165,7312c5c5c233a6ea2ad6e07c88026799e6936a5646cda83fa90ff207b29dc64d,,
GP_PU_PoE_beta0/prior_calibrations/PU_PoE_mu0_replicate_016_prior_calibration.csv,1977,05bf81fd893ca959c45227918dff4982,331f77d33c5fd5f6cc4f67ba115bb6e891b71cc87873fa4efac8f35bee8650b5,,
GP_PU_PoE_beta0/prior_calibrations/PU_PoE_mu0_replicate_017_prior_calibration.csv,1981,dff6cac2b4f4ed2ece55c8c1fffa1195,d6cab694271f45b508bbd2c22402dcd7e99171a7ac55d616ae505a4e5f959c14,,
GP_PU_PoE_beta0/prior_calibrations/PU_PoE_mu0_replicate_018_prior_calibration.csv,1976,d0d3506bcc470b30128ba26e056dfbc0,c7bbc63c40819947b1d9d7c54bc8059d65f94749a308ae17a146096dce0016c9,,
GP_PU_PoE_beta0/prior_calibrations/PU_PoE_mu0_replicate_019_prior_calibration.csv,1979,271d7727073d7fce65fab007e41bb8f7,0bd08fcea8742bfbdab99471ccf1c5119fc4c53173db7353e68ca4f25afae152,,
GP_PU_PoE_beta0/prior_calibrations/PU_PoE_mu0_replicate_020_prior_calibration.csv,1977,e113ad9d8a64c846d5e0317a934108e3,a7c020cbb3eb74d2ae58471cef9242a90d988ae34aefd62f2ff004436df92ce6,,
GP_PU_PoE_beta0/prior_calibrations/PU_PoE_mu0_replicate_021_prior_calibration.csv,1978,8afc0e5fa411c760042e2cc7554d829f,2b6ab9521e6be7c066301b11bcb8548f45750870629038f0fdc627f27ba3848b,,
GP_PU_PoE_beta0/prior_calibrations/PU_PoE_mu0_replicate_022_prior_calibration.csv,1974,9e35c85f041bbd6c20cc49f52116cfa5,5b9c8e182ceae6ed78a43b77fa4c85f8c59da6c9a6ec44a96dd6b273d2677a4a,,
GP_PU_PoE_beta0/prior_calibrations/PU_PoE_mu0_replicate_023_prior_calibration.csv,1977,04b220efa87d8589e042225816e202de,55f3d4484f0dcbc944f313b2f703e6057ae72c5b54f7d4385a3180700256e41b,,
GP_PU_PoE_beta0/prior_calibrations/PU_PoE_mu0_replicate_024_prior_calibration.csv,1981,f054a508d104f5b59a9ffc41c13893db,0cfaf16d00a921fae893b309ce7ecf49a97cb83724421a2d9bb151b2527a87d0,,
GP_PU_PoE_beta0/prior_calibrations/PU_PoE_mu0_replicate_025_prior_calibration.csv,1977,a728869ab2e608eb9aa3661d235b4d3a,0d07b9dc3e74f60391f2da4f7ad61781e207b7e1cbdd9018cb29a45aace1754f,,
GP_PU_PoE_beta0/prior_calibrations/PU_PoE_mu0_replicate_026_prior_calibration.csv,1980,57add16750a0396dccd97ca6e49cc888,9d3150f8c71e22cedcbfcacf1cea064de5155c923494785713e6bdbe2233e739,,
GP_PU_PoE_beta0/prior_calibrations/PU_PoE_mu0_replicate_027_prior_calibration.csv,1981,b52704cab3a256e7b4d9ca9dc4905a12,6c524fdb446105bd539aacc6b78fd800d3942a7a4dd4dfaec8c1c0c14e591579,,
GP_PU_PoE_beta0/prior_calibrations/PU_PoE_mu0_replicate_028_prior_calibration.csv,1974,9497d8ba73cc4c2b41573b63d995cb86,e537d6a1921ad1c16ce16c66b828bf507f3e535e6b4e40e3bd975e9474040fac,,
GP_PU_PoE_beta0/prior_calibrations/PU_PoE_mu0_replicate_029_prior_calibration.csv,1979,409cadb87f64decf4e9cf62f8692160c,7fb044941cf0a41401f3818de78eacf7ce1125d9cdb76d27fcf4bf07ae90d89f,,
GP_PU_PoE_beta0/prior_calibrations/PU_PoE_mu0_replicate_030_prior_calibration.csv,1973,6994a9808604569b240f2068ff576f03,cc52a1f5c632d058f8148188232c11e0df1adac84eb07c2b147938be40b9ee73,,
GP_PU_PoE_beta0/prior_calibrations/PU_PoE_mu0_replicate_031_prior_calibration.csv,1975,c511a70200adf1ee30d42f8021f0404d,eb6a77ac816cdfe02ec9fdf6e6d6940791be71fc9a09dcfd1cfc2da8576c38ee,,
GP_PU_PoE_beta0/prior_calibrations/PU_PoE_mu0_replicate_032_prior_calibration.csv,1977,3efd3c362745708b15088760374cbc10,cb347fec28bcba168f4c06fda8afb72397f5da4d99e9979646421a663a13d439,,
GP_PU_PoE_beta0/prior_calibrations/PU_PoE_mu0_replicate_033_prior_calibration.csv,1979,93b82dfd352532fc84928c4df74d2a8e,e409a4b55d5b6a6f3ca0ab82e995f42a0c9524735b269da537ad4c6d349893c5,,
GP_PU_PoE_beta0/prior_calibrations/PU_PoE_mu0_replicate_034_prior_calibration.csv,1979,0ae7ed53aaa9141f3b46a382f1863764,e8b8b746d41467627058d96d1a23261207a16001c417ee8c83a74944799b5581,,
GP_PU_PoE_beta0/prior_calibrations/PU_PoE_mu0_replicate_035_prior_calibration.csv,1980,ef01c0f994e3f8479e0d743ece0c32d5,f8d52e49e8d8f4b5437085200d288db51448efcb998f90b8fa738d531bbc582f,,
GP_PU_PoE_beta0/prior_calibrations/PU_PoE_mu0_replicate_036_prior_calibration.csv,1978,81c724bbdc131290b5ab8ae4a11fbf44,1f028c1bb09dbbf038ccbf6eaf7b5a55a4a1c674dc7c3e716abeed764cb146b2,,
GP_PU_PoE_beta0/prior_calibrations/PU_PoE_mu0_replicate_037_prior_calibration.csv,1975,b576ee294daac7bb084036665c49020b,81d069990062390a57afa782a8a9e496c429a45df05bb8e1a644f0b507cc3bac,,
GP_PU_PoE_beta0/prior_calibrations/PU_PoE_mu0_replicate_038_prior_calibration.csv,1976,622c05903d25ff7ecc873a5ed1263eb4,89e704a88c2ce1437b549d57497f320e2037629607a2309d6de49eee773490a9,,
GP_PU_PoE_beta0/prior_calibrations/PU_PoE_mu0_replicate_039_prior_calibration.csv,1973,161f7ff503b89631bdc973c734f1679c,0f9c19de100aee71f4b4cce31893bdce184d7c8eb254fe07fe91244f28543cf0,,
GP_PU_PoE_beta0/prior_calibrations/PU_PoE_mu0_replicate_040_prior_calibration.csv,1979,600a05c35d1bb5985e4e9bdcf6e72348,779831326454e1fb62a03140458c51688a38d13ae1509ca9826aef18821fd79e,,
GP_PU_PoE_beta0/prior_calibrations/PU_PoE_mu0_replicate_041_prior_calibration.csv,1980,1357df0fda07f72aadb0e0e580e91e35,ea75de999c97f9bef11124aa9af313f9944500fb5b234bdfeab244a8b2bc793c,,
GP_PU_PoE_beta0/prior_calibrations/PU_PoE_mu0_replicate_042_prior_calibration.csv,1977,224cf893d3c09bcb0992863a969ad054,acac1e8763a6eaddbf9963ac2d81fe5c00b11eac7df2cf1958c9d8e856b8cce0,,
GP_PU_PoE_beta0/prior_calibrations/PU_PoE_mu0_replicate_043_prior_calibration.csv,1973,bb0bd450b068d14d111443aa8073b817,9e1b27087915655caad6ae618cf16b38290ed43309353542954e51e4e644ac10,,
GP_PU_PoE_beta0/prior_calibrations/PU_PoE_mu0_replicate_044_prior_calibration.csv,1980,2bd483c6c3ad5e839722dac9ae7d1912,dd3babc2804b570bd5dea8059213be72eafbabf1c3a4afb585ee8fce9fd88b57,,
GP_PU_PoE_beta0/prior_calibrations/PU_PoE_mu0_replicate_045_prior_calibration.csv,1976,60f93d152e7b4cee78dfa2b57d3f226a,e181095ac6d9ba0b012b5cf9fa98c8ee7d20d4e74eff8c2b034cb29f5c986b97,,
GP_PU_PoE_beta0/prior_calibrations/PU_PoE_mu0_replicate_046_prior_calibration.csv,1976,5401b1e2c0b8f1c2ed7e78f54aeaa200,e2d90d110882f052fffa8a880eea4b74dc596bba7a6293b81c34944240742389,,
GP_PU_PoE_beta0/prior_calibrations/PU_PoE_mu0_replicate_047_prior_calibration.csv,1978,c333432c7daadb9e9beecf26101cb6b4,cc0a024d9168ff14ccbd57eae27bf7c40e0f3574cf26b955acbbeb82e8c74f6b,,
GP_PU_PoE_beta0/prior_calibrations/PU_PoE_mu0_replicate_048_prior_calibration.csv,1979,b680714c44111c66d9c1bb17d6b5c434,86e4dafe73d720274dd508ac96c55f3e26b9e723a4be44203681453977977b1c,,
GP_PU_PoE_beta0/prior_calibrations/PU_PoE_mu0_replicate_049_prior_calibration.csv,1980,b1ffe25e7076f5b064d6092dbc1cdafe,fa52c4340f4e5bf648158d751ea0edd7fbcf81b6f29d25b84e950134975a4e16,,
GP_PU_PoE_beta0/prior_calibrations/PU_PoE_mu0_replicate_050_prior_calibration.csv,1978,c54b0a2b967a022eaa9782c9e3439989,4e5efbfdfbbafcbdcfa9cbfb1a784e2806ccdd62ed354489de770e3354b673dc,,
GP_PU_PoE_beta0/prior_calibrations/PU_PoE_mu0_replicate_051_prior_calibration.csv,1979,bd3a60f26fa4dcd0f0653d2e881b71c8,c62a8c2aa38a7646a886b53af0aff701b562e8dece6a5c7559081a5d0ea773bd,,
GP_PU_PoE_beta0/prior_calibrations/PU_PoE_mu0_replicate_052_prior_calibration.csv,1974,7439b3f926acb32a8b65e292ae11ebd5,4ede7093dc0ac6dc4bb65aa5507eb34649790a90afddf6bd1e299d1de77e9dd5,,
GP_PU_PoE_beta0/prior_calibrations/PU_PoE_mu0_replicate_053_prior_calibration.csv,1974,0bd8cfda8edebf4dcb98d8cd42b238e6,edbb20d3ac41f8d56f91b11bc79e5fdb3ced0def1f9783cf34b7adb6b14dbeb6,,
GP_PU_PoE_beta0/prior_calibrations/PU_PoE_mu0_replicate_054_prior_calibration.csv,1974,650dbe3eeba2cce1598e8cbc52e62304,5a4ec2066fe9188e4ed27838e7c1e56f0adb85a3f87b8dbb721e8c6ff42ad27e,,
GP_PU_PoE_beta0/prior_calibrations/PU_PoE_mu0_replicate_055_prior_calibration.csv,1977,cee02995b489403698a9adf71f3ab7d2,248bbbe19bb29b7c63734adfcaaa6bdba4fc34ce138954b07ead191dc3c8f3c6,,
GP_PU_PoE_beta0/prior_calibrations/PU_PoE_mu0_replicate_056_prior_calibration.csv,1974,0fda293a47fcf342017733f99b3d9b62,b53909d827cb8d2e6177fc1e89f3289173e3a3eb9dea9b4614827f61cb0276f3,,
GP_PU_PoE_beta0/prior_calibrations/PU_PoE_mu0_replicate_057_prior_calibration.csv,1980,cd60bc11473888c8161bde36243fd55c,5efb3696135ec42ae3719bdc94066e713d86f297bee88c85e02f5deef04e097c,,
GP_PU_PoE_beta0/prior_calibrations/PU_PoE_mu0_replicate_058_prior_calibration.csv,1975,0402ad7a3a444434ae8271891aa6c548,d88e63803c1df4b1b48f8c71faf75fefbe142902296f0f5aabaf14312cd4b629,,
GP_PU_PoE_beta0/prior_calibrations/PU_PoE_mu0_replicate_059_prior_calibration.csv,1978,0bd957a193aefcfb5ee663f2459582fd,bc9d45fd72f5571e72bfe5dd76eca89a4cb08a94b72e3e902e84ca86337d5cfb,,
GP_PU_PoE_beta0/prior_calibrations/PU_PoE_mu0_replicate_060_prior_calibration.csv,1981,ad46e397499a90fcc06cc6090f0d0ce0,c473a94dcc4f53a2aa382734e972e69a0a949801dfa3987d845f1613d8d23c98,,
GP_PU_PoE_beta0/prior_calibrations/PU_PoE_mu0_replicate_061_prior_calibration.csv,1978,edff8a277a9e5996ff4261a78e2872d7,b49feb51a8d8d8280ede50067e1175afdf293b1bc51d7a013df611dd3ef6296c,,
GP_PU_PoE_beta0/prior_calibrations/PU_PoE_mu0_replicate_062_prior_calibration.csv,1978,ef0b4394ab1fa80225273e4fb95fa07a,229d78e879ac621b5c2bcc6d0913155946a0d9d500f9c50562cad319b9fc25ff,,
GP_PU_PoE_beta0/prior_calibrations/PU_PoE_mu0_replicate_063_prior_calibration.csv,1975,dc0bbbf7c07e91b9c81da6b46ecf35c4,213e90fc2d0a298bf1417126df6de2540c5d4fb2fcde7abaf030b2c95ad725f5,,
GP_PU_PoE_beta0/prior_calibrations/PU_PoE_mu0_replicate_064_prior_calibration.csv,1981,d651be5c592e3e29913416fcc3445cbb,a5f03e7f34344c46318be3c132175cc549f22ad18adfe2ba1d5b83b7d156bc85,,
GP_PU_PoE_beta0/prior_calibrations/PU_PoE_mu0_replicate_065_prior_calibration.csv,1979,ca015324e355b4b432d8cd486d127f06,06958042cf619aa80839fe8f22665e464d4629ee1596168772321c0cd0b58de3,,
GP_PU_PoE_beta0/prior_calibrations/PU_PoE_mu0_replicate_066_prior_calibration.csv,1979,f96542b5d00d7727ba510bc9af86fe14,d50910dec82a02f37a30d7eb9a4667d36287b52722b43eedac8a54ba86ff6b0b,,
GP_PU_PoE_beta0/prior_calibrations/PU_PoE_mu0_replicate_067_prior_calibration.csv,1976,ba96e5b7cb54ba73d768fbea83e18728,dad88e92646e76b944bf7ae9be0cd7a25394743faf0027b1d2b2ab305bb1ad8f,,
GP_PU_PoE_beta0/prior_calibrations/PU_PoE_mu0_replicate_068_prior_calibration.csv,1977,2261b365f09724b6135ec472d953d223,340bb0005a40b96aedbe27f9def2768c9a6f075a51dfda68db306dde5e17f3f2,,
GP_PU_PoE_beta0/prior_calibrations/PU_PoE_mu0_replicate_069_prior_calibration.csv,1978,2d02b5059dfb197911a9d9de220b9835,f49f33e1fc6b873ace536a9112cbf5c8f03ab1a02104748689c6595f4d24118d,,
GP_PU_PoE_beta0/prior_calibrations/PU_PoE_mu0_replicate_070_prior_calibration.csv,1977,f122bf12ba1c996886fba3c39e743fc6,988ceacfab0fe467fc4b545ff53dc457a6eeae49507ca8517e6dda9a247d583f,,
GP_PU_PoE_beta0/prior_calibrations/PU_PoE_mu0_replicate_071_prior_calibration.csv,1979,3950097b37b214136af98a0b0ab48ef6,25cfa379b69c87ef66c2b206cc00fb5feb757e25d6d230a600938c1e1cfb180a,,
GP_PU_PoE_beta0/prior_calibrations/PU_PoE_mu0_replicate_072_prior_calibration.csv,1981,5c43dfa6bdaa75a0cfcfcc6d02af7ff5,fe9a5958a68b14acb47ed5578060d8ce59969029ac4a5e3afe3c33d8935ec05e,,
GP_PU_PoE_beta0/prior_calibrations/PU_PoE_mu0_replicate_073_prior_calibration.csv,1980,8d75944dd8f0f214ab75c99df7e52788,7e6321832ff0eb16d15809251165a3eb1fc594e328f648464e105c82f0ff32d1,,
GP_PU_PoE_beta0/prior_calibrations/PU_PoE_mu0_replicate_074_prior_calibration.csv,1979,94f20b47abc782109a35643a5765a647,1db7ddb890a6d1b7623ec569206526af43fd059e08894eb45c856fc4343adba2,,
GP_PU_PoE_beta0/prior_calibrations/PU_PoE_mu0_replicate_075_prior_calibration.csv,1978,c388ccca6fbe063332f41de40cdf5adc,459604f9802eb3173d535427e5db2c9acb7f24030aa98953be2689e3345db13d,,
GP_PU_PoE_beta0/prior_calibrations/PU_PoE_mu0_replicate_076_prior_calibration.csv,1978,43471efa7c59241b89cffeb8c06ed605,5bd7da72c8b57ce3000cecec85dae1c0f91a4be3b30ee42bd638ae7b94e6cba4,,
GP_PU_PoE_beta0/prior_calibrations/PU_PoE_mu0_replicate_077_prior_calibration.csv,1979,c13cace438eaa66f43e4a87ed8ab6077,79b719782d39b23c3bad27f0e481693c440397dfb1f824839e53360caea91581,,
GP_PU_PoE_beta0/prior_calibrations/PU_PoE_mu0_replicate_078_prior_calibration.csv,1978,a23b18220a6394b15272829448f058e1,6f8346bd661ba84532f8b2ce0f73d16747f6686fab5d0b85211c326137411b6f,,
GP_PU_PoE_beta0/prior_calibrations/PU_PoE_mu0_replicate_079_prior_calibration.csv,1975,2316b86b6c908f1dd57ad37d92a37e25,be5032f2730a7391e931f1ac4f066a71b58043d8d1988b8e2740c0656d713dbb,,
GP_PU_PoE_beta0/prior_calibrations/PU_PoE_mu0_replicate_080_prior_calibration.csv,1979,3246e131dfe8992c826ca28d5bc91ef7,6e74dd2c6948f3931f0f9325f910404bbd8b5def8e32f71940c3d69158b07d9a,,
GP_PU_PoE_beta0/prior_calibrations/PU_PoE_mu0_replicate_081_prior_calibration.csv,1978,ce4603a8ae391ef10bbd617cc4ea6f23,4275bc95fcedb335de5c745490ceba65c37192b393e0f8a68bb2c7315b59a1a4,,
GP_PU_PoE_beta0/prior_calibrations/PU_PoE_mu0_replicate_082_prior_calibration.csv,1978,8c17eded9677e651fe454c1529760937,2f4458e34dc39e297ec3d52304bc8323bed9d3984809bf9d284fb4623a1e41c9,,
GP_PU_PoE_beta0/prior_calibrations/PU_PoE_mu0_replicate_083_prior_calibration.csv,1970,d119038130b9114aa4bd04a2c763a7d7,b04fb0e64cb85cfca5f30613b4fdb7b9ff08ffb2f34812481fe5b0ef426d9cd8,,
GP_PU_PoE_beta0/prior_calibrations/PU_PoE_mu0_replicate_084_prior_calibration.csv,1979,b46e69f18c01cbfeb4d428b644995001,c63f5fe3c428c7bee9787c50a209a3aa8f2a3b11011e6ed882125daff41b2886,,
GP_PU_PoE_beta0/prior_calibrations/PU_PoE_mu0_replicate_085_prior_calibration.csv,1978,a1891d2cb964252b28d6dd9cb5473a06,9d8917323ab91c5c3f775997a9c0dda901e844aec1580bea3bb96d1ad869f936,,
GP_PU_PoE_beta0/prior_calibrations/PU_PoE_mu0_replicate_086_prior_calibration.csv,1980,bca68d09e381cea382cd61bdf067bae7,9a650dbf1540bbd9a4c616320dda264d2b6b564937ef97ae74b9828fa28ad071,,
GP_PU_PoE_beta0/prior_calibrations/PU_PoE_mu0_replicate_087_prior_calibration.csv,1981,b4eb81b338c39210e872009c272231be,4a5da5caf411137b378394d22b1af4a05ece95e360edab183d9c90026828c181,,
GP_PU_PoE_beta0/prior_calibrations/PU_PoE_mu0_replicate_088_prior_calibration.csv,1980,080fc6bb80abe487159ceeccd5ee7361,35bc1c5e6634326c8f29d5db9b521c31383e7d6819bd8971e38434210293022c,,
GP_PU_PoE_beta0/prior_calibrations/PU_PoE_mu0_replicate_089_prior_calibration.csv,1978,583f66edada8feaa4ab0aa127566f22c,0133a2a2716f85352ed445b471c2df3c1517e98374327af739dfeb2497e0a659,,
GP_PU_PoE_beta0/prior_calibrations/PU_PoE_mu0_replicate_090_prior_calibration.csv,1977,28e247e0eb634e63b11b1698ca7b25bf,96f8fc38c97a1d3cb014e3ff75f9d1f251bcecf58f9ec2388d69cbb48ee1d836,,
GP_PU_PoE_beta0/prior_calibrations/PU_PoE_mu0_replicate_091_prior_calibration.csv,1978,d56dd81ed1eefbc183fafaf79f051cde,62c2e7e1491e89794f4091653a25df71c56b1467877fd387454cfeb5c91f644e,,
GP_PU_PoE_beta0/prior_calibrations/PU_PoE_mu0_replicate_092_prior_calibration.csv,1976,905d3a8a559f3240b00619d8af9b8c64,c2d378724ac307a6365acb2e05bd852548b27d20104575add1bcfd25c15d921a,,
GP_PU_PoE_beta0/prior_calibrations/PU_PoE_mu0_replicate_093_prior_calibration.csv,1979,be45993fa444d5efe1c947e7ec90e5eb,5ab743d74a5fad974a0ea0dc7a35406a92e87ec31590cb2b76df6f065bb467a2,,
GP_PU_PoE_beta0/prior_calibrations/PU_PoE_mu0_replicate_094_prior_calibration.csv,1972,b6973443e05ff4aef611f1aceda8d24e,70c48d6b20b8f9365f96532d22f8d1269963aeb70d098b799e442eac8591d941,,
GP_PU_PoE_beta0/prior_calibrations/PU_PoE_mu0_replicate_095_prior_calibration.csv,1978,d6c9a124ed232bf5c3e89fe1f1daaf74,0dc717580782d7ce398c9e497bfc7db4ccae0e3968cade87c2abe8622f9e225d,,
GP_PU_PoE_beta0/prior_calibrations/PU_PoE_mu0_replicate_096_prior_calibration.csv,1977,475946d9f439ce8f69934da63fa55d22,94b5dca5a921d5c8866078c93aeeb1cc4de4e84a947b46ba22cc736a838b93c3,,
GP_PU_PoE_beta0/prior_calibrations/PU_PoE_mu0_replicate_097_prior_calibration.csv,1981,9bd5cc40f54172578f9d692c20cf1b82,e4a7036079e9100e9b3a031fc3bee27b30609665e3b94f8965b7813a6daa4a49,,
GP_PU_PoE_beta0/prior_calibrations/PU_PoE_mu0_replicate_098_prior_calibration.csv,1977,e3854d0743ea947b0c80c298aac5b478,66221f8566309afb278564c5644c02ac927d08e8dc618936a7a6c1ad623fe69b,,
GP_PU_PoE_beta0/prior_calibrations/PU_PoE_mu0_replicate_099_prior_calibration.csv,1978,ea779b5c170e0a5d54088cb65ab524e7,bcfdd7db1d6cef2e85d5d89cc0487c6c8246312ebe0202e9328348d9442fed64,,
GP_PU_PoE_beta0/prior_calibrations/PU_PoE_mu0_replicate_100_prior_calibration.csv,1979,f07aaa4d9eec05055e3a661a40e1d5a8,9d1ec7d453c0f3dcb41f6e7da426ec30a62f7445f5cbddde78b6309157d8ad98,,
GP_PU_PoE_beta0/production_checkpoints/PU_PoE_mu0_replicate_001.rds,17745,117ce2805a70be070873778ff1e3dbbc,468d31120442e7141dde9e56d8daae04075966f524f80693f7894e79439c93c2,,
GP_PU_PoE_beta0/production_checkpoints/PU_PoE_mu0_replicate_002.rds,17620,a64bbd015c885ce601326c0c2fbdd1a0,71ca5e695a4e12e4a12bdbfde8458c2d7be2826d9a4d2117b7b2dc93b4f05abe,,
GP_PU_PoE_beta0/production_checkpoints/PU_PoE_mu0_replicate_003.rds,17662,e04185108a00533215fa7f54eaef7f5e,b6964969cd5a09cfb2a2e974c3972cba386188f78abe53f6e0e81541d459f73e,,
GP_PU_PoE_beta0/production_checkpoints/PU_PoE_mu0_replicate_004.rds,17636,21719c4685c53da89ec7111c74e74093,9c43284ce2add8bcdd0bd12c97815605999cba4f6d9834cc84bb12e37d9edf13,,
GP_PU_PoE_beta0/production_checkpoints/PU_PoE_mu0_replicate_005.rds,17735,cf14fbf367d3d035ba4e2ae84cb9b192,99f23e27c21519169044ef7fd844f32247c934363bc525ae769fd49ae4b4233e,,
GP_PU_PoE_beta0/production_checkpoints/PU_PoE_mu0_replicate_006.rds,17696,4f483ee356551a9bc8e397cc0ad09b52,beb5374807dd1c4072870a8c992155c02f4e5a4710f857e880e5ce43018044f9,,
GP_PU_PoE_beta0/production_checkpoints/PU_PoE_mu0_replicate_007.rds,17779,e8e7049ed4d2ac7ef05007442b2cff15,e8f27ca849af1ffb10f20b5cecf24f55794a46513a6c818e693deaf39316b48d,,
GP_PU_PoE_beta0/production_checkpoints/PU_PoE_mu0_replicate_008.rds,17624,dfb98280a66ff7d9f947bb80efd8f771,242dce24a0215f363a0fb799402fb71a5b3ab3f67c9ee952d15349260040022d,,
GP_PU_PoE_beta0/production_checkpoints/PU_PoE_mu0_replicate_009.rds,17693,6924d049cb02d992c4ca0b8fa84a6412,597de8c8176f8babb9bc3d312cbec4f01538e82d51a70158a9eb104afc60c8b2,,
GP_PU_PoE_beta0/production_checkpoints/PU_PoE_mu0_replicate_010.rds,17727,4abb6ab3062e8f1510bdfb70a72aadc8,a2b91cc92ab445e3bbb8e31e4b87b6e32e55ed6dd4c906e305f0177297317d46,,
GP_PU_PoE_beta0/production_checkpoints/PU_PoE_mu0_replicate_011.rds,17690,e595c5c0f27cd43caac9d509c07d8ceb,83f957f32128a8eb6e74a1ddfe578c1e397aa141dbc28c2ddf7975d2a0303442,,
GP_PU_PoE_beta0/production_checkpoints/PU_PoE_mu0_replicate_012.rds,17666,d714c58dfbed713dc70f05d9fb3fb8c3,3838a9087be21d320997b9def451d9ab09891c9ad099f9e2752ff3e578c36e90,,
GP_PU_PoE_beta0/production_checkpoints/PU_PoE_mu0_replicate_013.rds,17685,94ea46cca11ba7be5790b7f0adfc56ff,a4a99187e24c578312013e17024134f8f2a241a1a729f6e1b98961041b0a0c34,,
GP_PU_PoE_beta0/production_checkpoints/PU_PoE_mu0_replicate_014.rds,17660,3c842538e06773b7378086dc634ca6a6,ae57c884ec26c246144a5e873aac8a373d8a0950c5f83f720b0a9d3635b41b44,,
GP_PU_PoE_beta0/production_checkpoints/PU_PoE_mu0_replicate_015.rds,17760,699a126057a6735c3439337b59f200d2,4955fafea08f9360e397337aa67808780b0419597bae2f95f958ed3a8f40ab96,,
GP_PU_PoE_beta0/production_checkpoints/PU_PoE_mu0_replicate_016.rds,17704,7eb03a4373ca90c738bd4ad6eab99b54,2b3a6d0817acec33cd82d7da440bbff64f1fce71a6ad0b6dbc0b32544f37f8c7,,
GP_PU_PoE_beta0/production_checkpoints/PU_PoE_mu0_replicate_017.rds,17689,5541efb7586e2584447a01df25800c3c,feb36e19a51827d2834406b69d6a56641ab514f98c0bb3985eae46780ca4d6ac,,
GP_PU_PoE_beta0/production_checkpoints/PU_PoE_mu0_replicate_018.rds,17668,bcd832286f7e8b172dbba868dfa44f0f,aaeb2530497517d02eed88506530f27ddf83609a915e0ccc4f62a95af3b151f4,,
GP_PU_PoE_beta0/production_checkpoints/PU_PoE_mu0_replicate_019.rds,17673,31bb198d1c4dfae18115187922af1b27,70d185d26f89b1ae892ab9a0407ef46ea74c6cd8432d7fd12ca40201de986464,,
GP_PU_PoE_beta0/production_checkpoints/PU_PoE_mu0_replicate_020.rds,17727,1979594949ade5ba688a4a52ab1a614d,d0cdb1e49efa3fc944f850340011907c999c571736b75ed9a7b2f11fa8e43dcb,,
GP_PU_PoE_beta0/production_checkpoints/PU_PoE_mu0_replicate_021.rds,17700,331f0d6b7091aea756bf4fe74d8d51b3,f42efb7ef4ea3eeeb39c340955b09b1912b95ede699f82486669bccb209f1fa0,,
GP_PU_PoE_beta0/production_checkpoints/PU_PoE_mu0_replicate_022.rds,17701,70595a88fbe3f8d0a0e0e0b9d21d3509,6f0c13b55d6d656e8852ed9838a5cd4cb550d1603444c68748f14d528c3cab35,,
GP_PU_PoE_beta0/production_checkpoints/PU_PoE_mu0_replicate_023.rds,17632,2706965e9ea97ad9e17f4e9e2c4a0868,8ed07e46c6c992e0367acb9d095d13bf22c3af1488765d8d25bcbbe6f08818da,,
GP_PU_PoE_beta0/production_checkpoints/PU_PoE_mu0_replicate_024.rds,17667,b802e0b403d6f6200c4c45fad18c8062,b481af9e21806fc3695a01dfce21aac0ee955b4d07df78e3de5a33f5667310b5,,
GP_PU_PoE_beta0/production_checkpoints/PU_PoE_mu0_replicate_025.rds,17727,1cb47dd6950327580cf01460690f8c29,6816036eae4ceaadb04ed418f2afe5abfeecd79af9179a5d0e140b522042aed1,,
GP_PU_PoE_beta0/production_checkpoints/PU_PoE_mu0_replicate_026.rds,17680,eaaaaaf641ff0bd527ffd3b14f1e4844,ecc8af1a79178bee64455ded47cf89f99e4585dfc67385cccfe2ef7f90e97065,,
GP_PU_PoE_beta0/production_checkpoints/PU_PoE_mu0_replicate_027.rds,17698,b01a000aa0c8a3631a80643b2298911d,149f961b6ea70e499ebe6f985f96ba73fc09563b219b876cc98409a2ee628b65,,
GP_PU_PoE_beta0/production_checkpoints/PU_PoE_mu0_replicate_028.rds,17626,408f6f53ec3f9fd54228f710645e0f42,6ee6ec6b070cfaa46b25f2cd466aeccc25e0524f5a3a7cc03b2a7b92f7467158,,
GP_PU_PoE_beta0/production_checkpoints/PU_PoE_mu0_replicate_029.rds,17683,1d5379a16d40f00bc9290b23a55b2c62,b1670bc11c09c16af434622af9f8f1e530640225f5076df6123cc03aa1f6e0b3,,
GP_PU_PoE_beta0/production_checkpoints/PU_PoE_mu0_replicate_030.rds,17630,737ee80020881fd8b82c3193a82254ed,bf7797933141837464cfb0c73a2ed73507bcaa6ac27c3f80a286f8e11d84a819,,
GP_PU_PoE_beta0/production_checkpoints/PU_PoE_mu0_replicate_031.rds,17617,6432a6f32b85e536c126d94df7d8d1d8,486133d89fc483f00347a3b832f8dc08b91546299954271a0440bc3ccf40d4d1,,
GP_PU_PoE_beta0/production_checkpoints/PU_PoE_mu0_replicate_032.rds,17678,88440c1cea0436bbfa11a53dfaafdc2e,32639b4617e0f34219baa6c262f0ee09ee77407634717813cb6755b69c9936e7,,
GP_PU_PoE_beta0/production_checkpoints/PU_PoE_mu0_replicate_033.rds,17738,95ab001b486a14b9f76785ddfc010f84,0530d1013ba97597ab6aea55e7c1ba87b4782417e9aea8cd66ffb05ed2e10ffd,,
GP_PU_PoE_beta0/production_checkpoints/PU_PoE_mu0_replicate_034.rds,17650,02994fb1278b5d70c1881a7046526070,3b965b276b744bc3c51aec0244b93844883f5908bac37a4d8998fb1e0575dd82,,
GP_PU_PoE_beta0/production_checkpoints/PU_PoE_mu0_replicate_035.rds,17797,3665c7fe759a1d10432c94d66c4c3499,916c09d745123a535ab9054291ec919a4bf4eab5f38f5b2868a132919b8745fd,,
GP_PU_PoE_beta0/production_checkpoints/PU_PoE_mu0_replicate_036.rds,17700,7241b13904dcdc843c722704325c6547,9772421247492bba390be283170202b12b5506189344bae883452d163864e7a2,,
GP_PU_PoE_beta0/production_checkpoints/PU_PoE_mu0_replicate_037.rds,17672,25d44bc56856876e0fdda9a0b51516c5,5c9c1fbd12e43c48bcabe766fad9373004f12df2bc92ec328bd6a93805a8af06,,
GP_PU_PoE_beta0/production_checkpoints/PU_PoE_mu0_replicate_038.rds,17635,25bd8d1754cf17aa3508c1d80a20218a,316dfb02211d26abf6648a88a63f3fa482e883bad142f1a8f901f9edd8e7dcd4,,
GP_PU_PoE_beta0/production_checkpoints/PU_PoE_mu0_replicate_039.rds,17694,bdd6c0134c600e39398270020f343282,93fad01d934ee420d93a83dfebc8a6a75eb5f2d5d0ad2827f7c4307a80265948,,
GP_PU_PoE_beta0/production_checkpoints/PU_PoE_mu0_replicate_040.rds,17713,c401ddb258f354891088dea84b8fc1df,f326ee42b9e864d6453251c1438e28f8e87740d2e86616b79a7f5114ca646f4d,,
GP_PU_PoE_beta0/production_checkpoints/PU_PoE_mu0_replicate_041.rds,17692,6bacf2eeb90f31e9fe01a658b052ad82,25b5b8f5a9bfc0e0c0a7f867a4fa7bb033df412fbba7a37340faeca31b74d580,,
GP_PU_PoE_beta0/production_checkpoints/PU_PoE_mu0_replicate_042.rds,17671,f0b20a7ddc7d33f5666eecc5114ac688,3465d3f4c76b77b1686be5747e1ee93170ea6472ea424af2b0e0fdab60fbb7a5,,
GP_PU_PoE_beta0/production_checkpoints/PU_PoE_mu0_replicate_043.rds,17705,0b22393c73e73889fda21dfc400342ff,2a69f7287a236d77fc78d013ec0bc3b77379f79bc1e754cd99893bef144edab2,,
GP_PU_PoE_beta0/production_checkpoints/PU_PoE_mu0_replicate_044.rds,17648,3ae896b188b4e65e700b4a897d0682ea,5bebc8065bd17592fba707ab12bb436fd9d3431436697078a10050f8094e95d8,,
GP_PU_PoE_beta0/production_checkpoints/PU_PoE_mu0_replicate_045.rds,17744,0a39c95444ff11c6257f551ba5fd7a8b,14cb32796b7072ed4352f4eda5499ebc6783c668dd4413dceec6ab85503b92d3,,
GP_PU_PoE_beta0/production_checkpoints/PU_PoE_mu0_replicate_046.rds,17570,e34d27ea9648cceb553c29560b9d3f32,313b86ed6d1c498f3456a4213d210db819f609efaf3818edca3493c4d8cbd12c,,
GP_PU_PoE_beta0/production_checkpoints/PU_PoE_mu0_replicate_047.rds,17688,c44420f2218b868bde29f01c722227f9,459f835da7a8a3f563cb65934b7d7bbc8b4c343d446cc1f57c71cdb38d440f9d,,
GP_PU_PoE_beta0/production_checkpoints/PU_PoE_mu0_replicate_048.rds,17693,a86a683f6a530e87cd3879b303329b01,076a49ff1ee1ff9ca9592f624587592b4f46870344bfb38c6b0a98666a106394,,
GP_PU_PoE_beta0/production_checkpoints/PU_PoE_mu0_replicate_049.rds,17721,6e0c78d15581495e5ff2856c09924abd,ccd4df7d815cf77553c22bd5c67ad1abc3e7e0431a2e4da05e88a5edfedb9ed7,,
GP_PU_PoE_beta0/production_checkpoints/PU_PoE_mu0_replicate_050.rds,17693,5d888b26d535840d83810d3aa114931d,644db32ed2133cf31a5f926b1fb930e399e181dcb21360579b3c89ed392dcf4c,,
GP_PU_PoE_beta0/production_checkpoints/PU_PoE_mu0_replicate_051.rds,17758,401469b4e0de1ef556dfa129a8f14c78,493c5d35cfd61bb891108c7057f486da1087f09a2b7ec5dc9ba26824ec9f696a,,
GP_PU_PoE_beta0/production_checkpoints/PU_PoE_mu0_replicate_052.rds,17784,4ca57a8aae2842ff1a012eec5c44c741,2a390181ffdb5f707a246d1dd5a8e59745f5d4f260bbc3a52c8bf3b293c603fb,,
GP_PU_PoE_beta0/production_checkpoints/PU_PoE_mu0_replicate_053.rds,17730,88ebe2ac7df00bcda0066943d4a35c49,c2c5f03534ec1e6fae24c4d8174a432a15c95939ded75403ef722adb44fc3867,,
GP_PU_PoE_beta0/production_checkpoints/PU_PoE_mu0_replicate_054.rds,17766,fd37b552abc95049e4ddf03a64bc2188,d3727947e2b0b7fa13c81c0dd015ca1b7a4042f4f9f2552615c1a5698dc5550d,,
GP_PU_PoE_beta0/production_checkpoints/PU_PoE_mu0_replicate_055.rds,17720,6a3c6f71729b51b618d1c3258fbe07ae,12dddebdc6a989e5565c2c246dbf5869510bbe35bd1506e9167424834cabf85a,,
GP_PU_PoE_beta0/production_checkpoints/PU_PoE_mu0_replicate_056.rds,17664,8cbfad3fdbb072c9e8350b40b8df2948,699d90fab7b34a6d30191b1cbe4b44cf4dec9cf582a70de932b73eff34007e75,,
GP_PU_PoE_beta0/production_checkpoints/PU_PoE_mu0_replicate_057.rds,17763,6849c7c049edf8384de633b7f4f123c1,f8f8eb10437702d128909772f184cde20721a93460f06dafc0600229a38eddd4,,
GP_PU_PoE_beta0/production_checkpoints/PU_PoE_mu0_replicate_058.rds,17707,247d5f370b9851d67e96569badd93636,28949b00c253525fb3a09205dc0c08e1ca8065c91b4210cda6507f10c22317dd,,
GP_PU_PoE_beta0/production_checkpoints/PU_PoE_mu0_replicate_059.rds,17717,2b951b3586379ed39f1ad4a970bfde1a,f003a91fffee79d53eae04858ac3d25822eeffa44f665f012e28a78fb90199ff,,
GP_PU_PoE_beta0/production_checkpoints/PU_PoE_mu0_replicate_060.rds,17752,6c667ad22cfef8378687d08ce0b9fd68,97feb67bb57698c8f45b698bdd15e55734e86d2605bd1c3fca29a1d9ab47c122,,
GP_PU_PoE_beta0/production_checkpoints/PU_PoE_mu0_replicate_061.rds,17628,93a44d45abebe210628526905c69bf53,ec4dce3a4ea4c98f43dacbbb8453970c0162d733d058132c4885d94c7d2a631b,,
GP_PU_PoE_beta0/production_checkpoints/PU_PoE_mu0_replicate_062.rds,17763,8ddd8cce71cc6b1229feeb2208a0b0f1,d87a2025c1777e15fa9674419b1c38eb8667c45cc817209b000eac27c4c8c99c,,
GP_PU_PoE_beta0/production_checkpoints/PU_PoE_mu0_replicate_063.rds,17658,33a3840759c45886d0494944a0c6a382,c729891641786a8ec0950c6a34118874b3dadfee7720ef79dfedcc9759bbb312,,
GP_PU_PoE_beta0/production_checkpoints/PU_PoE_mu0_replicate_064.rds,17683,2d4594c6ee844dee0d717f3e4c7bf3bb,0f71aa96b43a0073c1f40faee509fde4d896e02b2aad4828a6c5a22b652a3ea8,,
GP_PU_PoE_beta0/production_checkpoints/PU_PoE_mu0_replicate_065.rds,17753,92264b0fcebc5dcea9cbd32030d14e43,5784ff8d8dfa8acc2b1d0310f9bd674f18bb391a094a1903b6af0f6eefd10b32,,
GP_PU_PoE_beta0/production_checkpoints/PU_PoE_mu0_replicate_066.rds,17695,ced0bac1c71affc787753077e324c18d,fd4cacc898eb57eecd1875044db837077478ec0eb23fd9f2054eae0ead1bc3fb,,
GP_PU_PoE_beta0/production_checkpoints/PU_PoE_mu0_replicate_067.rds,17697,80a8722ad13fc0cdb5176842a648cc46,1733ab41e93a8a60e1383ec2fdc56bfa494f2b28fc1fb13a62f996697426221e,,
GP_PU_PoE_beta0/production_checkpoints/PU_PoE_mu0_replicate_068.rds,17733,dbdb6f878f34d6162fdba421e505ab51,8bc519b59bbc35c6f684fade5ec54967c56bff05257d2fd22a4676e7dd445a71,,
GP_PU_PoE_beta0/production_checkpoints/PU_PoE_mu0_replicate_069.rds,17732,6ea825c1294168233fbbf71115fb9d7b,9120a073a9188cb28b3b9d013edb383b7acc0e73e3b8a96b925254c3ed447243,,
GP_PU_PoE_beta0/production_checkpoints/PU_PoE_mu0_replicate_070.rds,17661,d0e8d068c535bcd075a328bb5df05827,9dd155dd73089555fe0f81dec0724a94b84e3d076a9ded6e950e4227e5d73c77,,
GP_PU_PoE_beta0/production_checkpoints/PU_PoE_mu0_replicate_071.rds,17634,826d97176b9f6f267cbd6c812f0ef2b5,c63002505a80b6c9fa168dd4de5a51549728dc5e3b1a0f6d1ae37b0f39ef030c,,
GP_PU_PoE_beta0/production_checkpoints/PU_PoE_mu0_replicate_072.rds,17727,d11394e36abf78485507fcbce31d9267,3a6d7aaa2b28c4545098310eab14c51a8a101be7c771202aaf5614ce1a6185e9,,
GP_PU_PoE_beta0/production_checkpoints/PU_PoE_mu0_replicate_073.rds,17699,8f8a7db292f75567dbe2f50e73c67456,32efb81303099f393bedd8eeac028c983952f543aaef584a5385e4e20623c51d,,
GP_PU_PoE_beta0/production_checkpoints/PU_PoE_mu0_replicate_074.rds,17638,8143a1f46cdd653312368098106aed3b,0c75cfba19b866c18f6c993af9d68dca31f823ea16497c13428bd3c62340fd23,,
GP_PU_PoE_beta0/production_checkpoints/PU_PoE_mu0_replicate_075.rds,17726,da68418820a7b21a8ea0b71a85f78c30,77f0cbc3bcc4a3bb105c0b253a6e53f1413a14cfb8fbbc1ab18e9ac3be397f2c,,
GP_PU_PoE_beta0/production_checkpoints/PU_PoE_mu0_replicate_076.rds,17697,d9e49b9de0616b123b39cb51a0d56df3,2f2150cfd15c6bf2eb55163d8d5235eed38e090862167e2244ab9eaf3fac0937,,
GP_PU_PoE_beta0/production_checkpoints/PU_PoE_mu0_replicate_077.rds,17664,d0d8bc9106b85096ac5e8055a0e2c30e,abd50002c5b5f69d15178b51d98853eb0ce99564bd9310a283a095d2ad1ba086,,
GP_PU_PoE_beta0/production_checkpoints/PU_PoE_mu0_replicate_078.rds,17783,aaaf3c08a736a4fd7cdd68d73df32b88,bdbd63330186115941ccd79a0996de062038d4e01ca71c8c9e8d4fc14e829241,,
GP_PU_PoE_beta0/production_checkpoints/PU_PoE_mu0_replicate_079.rds,17682,c58c0f65b2341b6834b82f68ebf2d17e,c13dd7f623ef55e08cf36f25c8727aa801b0043f9bf9e14a9d2450d4cdd7de88,,
GP_PU_PoE_beta0/production_checkpoints/PU_PoE_mu0_replicate_080.rds,17766,0c012c0e7645d35c5ac04fb4deea4f28,9c900befd4d87b4532000ce9201db934a52f530af3dd7228945912e0ea57d6d6,,
GP_PU_PoE_beta0/production_checkpoints/PU_PoE_mu0_replicate_081.rds,17664,c69fc936f0a82ebcb9b418594dc73111,4f92526e03f9c1915894728bc61c8bff296d6fff21f99c138749c6169d78d720,,
GP_PU_PoE_beta0/production_checkpoints/PU_PoE_mu0_replicate_082.rds,17709,801de9bad506d389db26fac54f1c1bcd,db9a1d9744677b29faf6640becf3cf06eb21a1ba9e9bcf492a6a546c24ee1544,,
GP_PU_PoE_beta0/production_checkpoints/PU_PoE_mu0_replicate_083.rds,17719,6d00b027e13ebdfae42364bbc1c8c509,ea3eb1d8da3b6241a1fcb3e04799864f8b129cd42add4521311203b2a3096d45,,
GP_PU_PoE_beta0/production_checkpoints/PU_PoE_mu0_replicate_084.rds,17692,9524b5aefebba9ec1a94593fbd572b82,25f7d95efa9f618e083caa7827cc2d9a8845412f33a4e3a54b53ac83286b2df5,,
GP_PU_PoE_beta0/production_checkpoints/PU_PoE_mu0_replicate_085.rds,17732,078a885825438b51e9ed2b4294238d12,eee9d2624e208cb50b6496766f35ec2a1a4b5c81d3bea43ce8a403ae1ed4ea9b,,
GP_PU_PoE_beta0/production_checkpoints/PU_PoE_mu0_replicate_086.rds,17694,5617ae8247be23a1633bd35d73250567,7d9c7bf81a078a7cd8760608fa91ac465d20ac9fd2efc1ce58410cf6ec4b8a5a,,
GP_PU_PoE_beta0/production_checkpoints/PU_PoE_mu0_replicate_087.rds,17767,fff1ae04337e14f94ec1aa1c8f0b0559,9f33d032939f2171da7e28d0780e24b4c719b03945e1081e29e8ca4facd68c97,,
GP_PU_PoE_beta0/production_checkpoints/PU_PoE_mu0_replicate_088.rds,17702,a96bcb3398b3a550ae402444178e677e,caa86ca65f8673b52e1886e04b2c2f8d4ee5d892e316ad49bda09acf7eab0e01,,
GP_PU_PoE_beta0/production_checkpoints/PU_PoE_mu0_replicate_089.rds,17693,40880b8ed0614a60a3ce149787c6ee8b,064a32e48131a00ef34d88e60edc64cb7307766af4675c5888be0c86b9f31423,,
GP_PU_PoE_beta0/production_checkpoints/PU_PoE_mu0_replicate_090.rds,17736,98973a87d0a66a64fea29625f7c6a0d1,d6dee071a5de74e27707a113b240177e20bdd02a7f5f2371734c6c8f7a1a6dc9,,
GP_PU_PoE_beta0/production_checkpoints/PU_PoE_mu0_replicate_091.rds,17658,3dde645e4525605be8c802ebb996d79c,e703cf54f90a5bb715851b15c611a00a37d14c911d29f8ad5cedd232446818aa,,
GP_PU_PoE_beta0/production_checkpoints/PU_PoE_mu0_replicate_092.rds,17703,80ceafbdce54176df093611c5bda78ac,87a727bb410e0b53eb3fdead18163fb18fd6b9fb03fafc3c29f21973afdf2358,,
GP_PU_PoE_beta0/production_checkpoints/PU_PoE_mu0_replicate_093.rds,17724,399ac5886a38aefc2d0603916afadfcc,c27c64280077b459b00d203adab351a3f1db8fc288157964e05f758dbc637aa7,,
GP_PU_PoE_beta0/production_checkpoints/PU_PoE_mu0_replicate_094.rds,17698,5b25e6151f06fbef6adf0d5e19ed378d,1e3230b73cfc5f83284de4aea467653d2ee8dc8c10159b5d5f663bf8a7ad2a49,,
GP_PU_PoE_beta0/production_checkpoints/PU_PoE_mu0_replicate_095.rds,17648,b4969fa90f4812783ba9ddc9d0e5d8c9,d8093f981a9e7de6577142ac24a1e92c59d8611d2268f31c5c6dbf7fabc397b0,,
GP_PU_PoE_beta0/production_checkpoints/PU_PoE_mu0_replicate_096.rds,17704,20c0a5e4d12ef61ba8762205ac022b55,a4b69e6e4fa41ada7d76881d03764f9ae93119321fd0956eebd8a26ee1ea3489,,
GP_PU_PoE_beta0/production_checkpoints/PU_PoE_mu0_replicate_097.rds,17738,d99f2e7d1ab8acf2ea9b02b2c80ef933,f61296e1e719f3f7df159d9599ce7cc8c409cf3de0f77ae819190a8ed5109529,,
GP_PU_PoE_beta0/production_checkpoints/PU_PoE_mu0_replicate_098.rds,17747,c9c1f4e064eef9a5913000d4e9c8d254,7f9cf48e88b1d20be8b8e6b648c832dac27fe4395618cb0ea29b718e3303af85,,
GP_PU_PoE_beta0/production_checkpoints/PU_PoE_mu0_replicate_099.rds,17588,cd64a321ce2fa8cc7c40f32f80d2a403,e479a5198667a9574c57fbec1e629684d1d763ad0f3d5941d2f2ba9b0e34a198,,
GP_PU_PoE_beta0/production_checkpoints/PU_PoE_mu0_replicate_100.rds,17679,90b3a1770c6d81b8459307042c86eb73,57b84fe6ce7b30de0edcc8d5c9678193ff78fd2a41aa81879828dcd74ef53c7a,,
GP_PU_PoE_beta0/sessionInfo_full_PU_PoE_mu0_SAR_simulation.txt,831,3bdf28cf21cf84d5355baa9bc6acb036,c28f75b075bc51d0aa42b8131ba41bd060dde4e5317eb7389ef386dfc77aa6c2,,
GP_PoE/PoE_FINAL_MAIN_TABLE_means.csv,636,136b1eac5111c3857a35a9c61f0bb3e4,1c5b978e0c7f7828870a2a621604a01798c43459e61f76832c7fac4e82b6616b,,
GP_PoE/PoE_FINAL_PAPER_TABLE_mean_SD.csv,610,e95b84b8b99f2833407669f11eea783a,037ffa553f833f640c64c0b4cd1c1d0d6ff2f21b1b2e991c16b6b1752d4d0240,,
GP_PoE/PoE_additional_diagnostic_summary.csv,3818,11172be48ffd26eab9a81da104309601,f7f2aa6dff5f5a6dad20f57874087638344fa0b3294823bab85fb8d65e46954e,,
GP_PoE/PoE_all_node_probabilities.csv,6696562,fcc44ff426be6d3da4f46b53331404e0,527b19f090437277c0b2e9f29b3699c6f1649fdde1d1cc2e506dbda6c4ca9b0a,,
GP_PoE/PoE_failure_log.csv,75,415762f6f66023fe900ed436193d8177,60663936722ba4f3844c53a264aa9a5abee70d0b3de51c9e713756443deae104,,
GP_PoE/PoE_geometry_summary.csv,33889,0219887c3ff1e12394f3cc2b9727daae,ae32e223176607d0d25bdc59b951bce7abf762f57ba7bea3690f5c19cd705eb6,,
GP_PoE/PoE_global_pilot_calibration_5_datasets.rds,6392,964ac8e9b9f1a588f8297899a9880525,29e1be452e63f3bae8db6876da0f15fdff87edec95f223dcc8789d818a2518f3,,
GP_PoE/PoE_global_pilot_distribution_summary.csv,2714,31a55015963fb8c3f527af30f55fb42d,9c0f4df97e1970aa34acb093d44b7ab8df1ee8b368ce3127a809465af6522cf6,,
GP_PoE/PoE_global_pilot_per_pilot_summary.csv,2801,4315a66bde1f0dcf5c668213845d9b2f,d9ff2d2c6de88346b41554781a4d65fc9b6ef3dff915be5924b3e12948f0551f,,
GP_PoE/PoE_metric_summary_long.csv,3212,8d619e9b91330b47860b4b5582fda5d9,ca1d6cdc59d76fdb3b348364ebef00ad932d86ad25ecd2a933d7fa7de90b3a88,,
GP_PoE/PoE_metrics_by_replicate.csv,71624,b425481edc0be852faa6a735172cc7e0,a1958095d29c8dfecc9d03aa4d7c606239c05a7e943d400c13d3d707b2340cf2,,
GP_PoE/PoE_modularity_summary.csv,11432,616875c88d6b99cdf4aec9b578d04dde,d28cbb4609706fcd26d85655e0796ee1330833d8d0b87d9e6b95582fe2b701ca,,
GP_PoE/PoE_pilot_prior_calibration_summary.csv,6223,8e6001e39631206b3754d3efea3eca6e,409e6a5061939bfc2143636e984a8321491af8dcd73d01a8a09174117c6a1c3a,,
GP_PoE/PoE_pilot_seed_table.csv,265,50890f4716d0ecdf1f2522a1604e1712,1aabb641d5de6dc385c6ac42ac9d86179b8608b3eb0f68b4ebee4599ccac6009,,
GP_PoE/PoE_prior_calibration_by_replicate.csv,126430,29ec41f2d6c1994ed1dda270ec7694f8,91b9e252526c95f30d18cf7bf174b21b48b881ccba6e534d2bfe8ff3b4341287,,
GP_PoE/PoE_prior_calibration_distribution_summary.csv,3439,86a46cc5eebaa3caa6e838bd47017e4d,ae6a6679a0e05f284e6716a88e034d749e12d06e4cfabd0bfc15b0ba78323153,,
GP_PoE/PoE_production_seed_table.csv,4066,b5dcd32f6430b1d3e4a7fae71b41de83,497f1632bf76a32581f9f83486291f0ed17ef38ac27d503b2d3cbc844d2c147c,,
GP_PoE/PoE_run_config.rds,6902,a00697d16f1d92d02d0d55babbb0225a,74bccdfc24b1c223fb595ff3df025d26cf08b94e4e7f21d575b76e479170cd83,,
GP_PoE/SAR_selection_Monte_Carlo_summary.csv,1039,1848454d36c58571072dbbb2829d423d,19d565387ac5499cbe89b038109eb6473547287eaab39e26042cdd106e0c9d0e,,
GP_PoE/SAR_selection_diagnostics_all_positives.csv,633288,1f61c48acd7a5654db5f239585819bdc,e9e55d97b5fd5d09db8612d64a6ddc7ceadf6f5d1c1efb5f9e12cd3961695779,,
GP_PoE/SAR_selection_summary_by_replicate.csv,14471,3fd02a12b6b88a0f283869eb28b212fb,debe639b69dabf962fe2af45061724151a29894570368c3912e09f873a782be8,,
GP_PoE/pilot_checkpoints/PoE_pilot_01.rds,621339,cdbe5cab62c92d9a51a62fb88b38ac7c,c71c52e3183176e6878634f6147d184330e2d7d27ce638ae455e89be91787d74,,
GP_PoE/pilot_checkpoints/PoE_pilot_02.rds,622818,78c5c8e7e410d39cd36b44dbae1e17bf,1f4a42106cb4ed68a7618672426aa937e9b2a57ed0161f7e97cc3a48fda25dd0,,
GP_PoE/pilot_checkpoints/PoE_pilot_03.rds,624426,a031a1800f668102cc8e37c65838f5c4,768d67da9318e899f440f124197c59ac5a10bd678309c909625c479f21cedf52,,
GP_PoE/pilot_checkpoints/PoE_pilot_04.rds,622628,3084ab167fe02aa419579ea8103fa1e9,2b90314df2f27404eb2b659cc45db0a611880a2df08ed357aca73a698a852c31,,
GP_PoE/pilot_checkpoints/PoE_pilot_05.rds,622891,ce6ec2db8f89c5cc64059f0a394b99c6,89e87da400f10e949c61db9cfcf7541dd82d192c39d2dc8de6994a0434d5e6f2,,
GP_PoE/pilot_geometries/PoE_pilot_01_geometry.rds,75757,18500bc0595a25cb850800bc99c989c2,a6a546f58d6ea5e7655b7868a8118f8e06cde6941ed5d880ec0e9df0ee7209a9,,
GP_PoE/pilot_geometries/PoE_pilot_02_geometry.rds,75643,6c8a5e4bfe56dfeec0ef0e131defd40f,6dca6776c1be8d60a449aabd5513c230c4ee61c6e44e51d134b8ecd616e2d183,,
GP_PoE/pilot_geometries/PoE_pilot_03_geometry.rds,82064,b35c9dc153a3c9a3cfe70db5546aaf4b,2fd1b33c40e89dbbe44e0fafcb12925e4d4dfca4c623ea44e17fb492aea00d1c,,
GP_PoE/pilot_geometries/PoE_pilot_04_geometry.rds,75949,7aec0545b820fa9d34c283127bd47d55,1db120e2d1d15df53b200adaa6f22ac61a0f12521e217514c26fcb18ccfac46d,,
GP_PoE/pilot_geometries/PoE_pilot_05_geometry.rds,76045,528e03d700dd75a6387d2d895c0d0425,ba479a39bfd6875177fb8088364367d11f6cd29f2e83a04008662f223ec6a298,,
GP_PoE/prior_calibrations/PoE_pilot_01_prior_calibration.csv,1992,c59bbacf091970598c9f207c5a041779,883b2379607e3185235bd39d5f91108e08ee99cd7c11edd834500304fb8c02e5,,
GP_PoE/prior_calibrations/PoE_pilot_02_prior_calibration.csv,1995,6f909322475ea97c4a1ff78e82c85304,dbff492730673d0ed4f806aed7712f84687c079cecc5fda004435c2967672c8b,,
GP_PoE/prior_calibrations/PoE_pilot_03_prior_calibration.csv,1992,c5e2e391132613923b77914383965605,7e03770bdbc3d033d6f11e38489f222b7fa655ea9d250851c2c3f1f35b102d4b,,
GP_PoE/prior_calibrations/PoE_pilot_04_prior_calibration.csv,1995,946c6cc6fdf44db9645e9da272421862,76becebb23dc06ee18c81e4cc15ec0c633a43c5d2576d0286c2bf18cba921726,,
GP_PoE/prior_calibrations/PoE_pilot_05_prior_calibration.csv,1985,183b419020bb2c2106089915e4228f6e,dcd318b63b32117e2da63fb55c408ba5aefe15a5c5dba2973f4569ccafb68bac,,
GP_PoE/prior_calibrations/PoE_replicate_001_prior_calibration.csv,2211,28d7eb7be0a44df9d344ed89fca4d146,65046a85dd4233b171b396db22766003562290243828bd5f17085170922d75ba,,
GP_PoE/prior_calibrations/PoE_replicate_002_prior_calibration.csv,2213,bd7a1251415df97cca4c5cb5f208763d,f94cbd8cea37290bf34cfbd2f662658565e6702a61d3e59adac80865cbc5e97c,,
GP_PoE/prior_calibrations/PoE_replicate_003_prior_calibration.csv,2211,59bbb4062df7c09707155ac1fbb3314e,18e2f8fcb84e477510d65b2e5c757a69944bd012c4154c053e6e593e88835ffc,,
GP_PoE/prior_calibrations/PoE_replicate_004_prior_calibration.csv,2213,9059908e2d5106a9f9c2d434a7733da0,e8642d5a62dbd0b9872297dfcbc645ae15f32a45deef3a4c3d1d624812d81a1f,,
GP_PoE/prior_calibrations/PoE_replicate_005_prior_calibration.csv,2210,5d5b85918001bfd9e6b9946cebe0cb26,cf84e15fe64c1b89fb480661a8b46943fff599d3471a1992269ad3db99333ed3,,
GP_PoE/prior_calibrations/PoE_replicate_006_prior_calibration.csv,2216,085c21f77b34fa375f428f51376fa231,9380ac93a46a3ae6a2af7d90b24910a25281fe9179efbbf1516f43221a94e3bc,,
GP_PoE/prior_calibrations/PoE_replicate_007_prior_calibration.csv,2213,180dbda4714ca76d0adc4aa12703afa5,d919e8f5bb940490847f0e99f3ad0e474878fbc7d4d1905bf2ef46f50cfc0ae2,,
GP_PoE/prior_calibrations/PoE_replicate_008_prior_calibration.csv,2211,7b4fb859bb2ea4bac42bb891d3ac1c3b,c067418f27a6aca8d86da5b19d68a725ebe64f7eafff7fb9a80393457b79160c,,
GP_PoE/prior_calibrations/PoE_replicate_009_prior_calibration.csv,2209,8faf6b5ac6c745641d0bb96da7d36c9e,4951c5636f2499d40e5a748af64a3c3ec776736d5560693aa656a6b1578fdbcb,,
GP_PoE/prior_calibrations/PoE_replicate_010_prior_calibration.csv,2217,c5a384b5a150ba9dbc911e6492f3a851,52ec901cb63d178ad5308e2d2b5b1bf1c589e5d619e2f48a14e77f4044c6389e,,
GP_PoE/prior_calibrations/PoE_replicate_011_prior_calibration.csv,2214,783566281ac38dde1138b6e8a048e1a2,2abdda90a7f658f0d41a7d4313ceb4f85d51dcc3a1bd4da6c05cd5aebb0ea1f6,,
GP_PoE/prior_calibrations/PoE_replicate_012_prior_calibration.csv,2219,bd49191a5f41d049f51bda02d4430169,98dfa9cb0a8ac94a08f7dc588cea9084d310295cca9d48d022f4f04a00060d1e,,
GP_PoE/prior_calibrations/PoE_replicate_013_prior_calibration.csv,2215,fdfd8d6840215662baa748bcb66c4a7c,826bf7beb30c97076f33a3369e856778b2c1852b0519c8c355584370c08ab6ea,,
GP_PoE/prior_calibrations/PoE_replicate_014_prior_calibration.csv,2215,89ac008df5e80d44ae4f99ffb1015b20,cf644b1e2c58250340d052a3906be0b4d17d628312f6ecea64e601f75223d02e,,
GP_PoE/prior_calibrations/PoE_replicate_015_prior_calibration.csv,2214,8225c9067d1b9045496367e5e7af1809,297c5ed07c76a5d0a48fdf1bead5607cdef30cfc531dc5b8cbe0b258470c094c,,
GP_PoE/prior_calibrations/PoE_replicate_016_prior_calibration.csv,2212,f093377f4c97544849b0b8efff56e5dc,8e57498e9145b9fd65d5fffd6ffa15cf4f2029adb64e1cb7c165a73a1e4feac7,,
GP_PoE/prior_calibrations/PoE_replicate_017_prior_calibration.csv,2216,2a4cddb52ca42073353614a914a5bd9f,60587af1768156efbcc4630f0a9fbe92e3199c04fa70ea8d2f711eef724b6b1d,,
GP_PoE/prior_calibrations/PoE_replicate_018_prior_calibration.csv,2211,75cd8b574e7f0a372f88cc8e3c9978e5,97310dc4d292cac19b2e6ab4911c49d1f65b9582f7192b0cc54fd27f85fea5eb,,
GP_PoE/prior_calibrations/PoE_replicate_019_prior_calibration.csv,2214,6b386d018567738123bd11db5351e4ff,c02797f86a5b4296cf219662f531e984d55642d35d130e47f8c00fcb7381640e,,
GP_PoE/prior_calibrations/PoE_replicate_020_prior_calibration.csv,2212,237434ba0671ad588f34be77c9a7815a,26389bac326dce0981e70f34217d50c1375e58171c960865a1bb73810b2a2547,,
GP_PoE/prior_calibrations/PoE_replicate_021_prior_calibration.csv,2213,3bc76e9b6b467c6663f1c70d766d9847,b9e6d1214c09b2e4b916bfb50b2e4f4544d09182b22cda34722d8d0ebbe82aef,,
GP_PoE/prior_calibrations/PoE_replicate_022_prior_calibration.csv,2209,d37646714c06ecb7a68ca4659599419c,7aec5d661d128187ec56a033797e6ff924a6edd71fbf4b3e634cf0af3486021a,,
GP_PoE/prior_calibrations/PoE_replicate_023_prior_calibration.csv,2214,3c2ffbfd9e2adf2ab3550e1ca2d7f74d,a353877b4adb57247486bc581ba886d14a3bc35b58f67cb62c56f0550d28ed4a,,
GP_PoE/prior_calibrations/PoE_replicate_024_prior_calibration.csv,2216,f6eabe0e7992e06aed763306079295b6,188e6283f872eb7990244a43e3e84f2166b9de07ab578d3f4cc32f67bd1ab11f,,
GP_PoE/prior_calibrations/PoE_replicate_025_prior_calibration.csv,2212,02df215fa72382a30c16608253f91c6b,b1c697926f399bb447bbf3b1e39d0b3b4f44d3ffc4f122877e9095e9bc5799e3,,
GP_PoE/prior_calibrations/PoE_replicate_026_prior_calibration.csv,2216,85f84b08d0d17cd93fa6fdd4b1df20ae,d76c74bbd5e9eb3dd2fff1e046c6fd266c0ec461eda49f7c2897fbb90733db37,,
GP_PoE/prior_calibrations/PoE_replicate_027_prior_calibration.csv,2216,6279e61480eeaaabbffa62c0af61bc37,ff68c1c6d34701eb11af42f2279293e72dd9051481bac86ead936e2e5db23fa0,,
GP_PoE/prior_calibrations/PoE_replicate_028_prior_calibration.csv,2210,220e536f8accc2bdcdefafbf8a319aad,edb2ab09b284cfb2775cd3191485fef902a6321713ac693489bf6d13704ce0f5,,
GP_PoE/prior_calibrations/PoE_replicate_029_prior_calibration.csv,2216,313fd72c3753dedecfa52b7ffdb65e29,cb13595915f9d37a7ce434fc7b51b4d89095c47350e4acc82d5d675c65c5b052,,
GP_PoE/prior_calibrations/PoE_replicate_030_prior_calibration.csv,2208,73de0653e816962e1ad9c5ed041ad99b,e0fa1bde653ae9b7b7ceb41f78da1cda0594433bc2193e0142026ecbcdf3e07f,,
GP_PoE/prior_calibrations/PoE_replicate_031_prior_calibration.csv,2210,2ac133d4993d1ef75e707d010aac0c28,99724838ef02a7da22044e7bac6f39f92bfab65932995782a7747a75000071e0,,
GP_PoE/prior_calibrations/PoE_replicate_032_prior_calibration.csv,2214,3a38291c6b8ccbd6e81c11d3df1476c0,d27bcc8891fde97101a31884396d8db4a40dd2369e3f87f698c9ddd6b37d3602,,
GP_PoE/prior_calibrations/PoE_replicate_033_prior_calibration.csv,2214,97072d141cb525578e4624b324cd9d3e,619db1f54acbd43afc07913d57722cc3f268f84c35eced0a88d9b38c56f507e9,,
GP_PoE/prior_calibrations/PoE_replicate_034_prior_calibration.csv,2214,49d21c54a8cafe847e8fb8223685f4b2,5a0322e01828de34cae7347e103fd3cc89d6c2a137b3ea66ed6af29e81e42720,,
GP_PoE/prior_calibrations/PoE_replicate_035_prior_calibration.csv,2215,51006247cfad993a7efd89005f23b436,f948f03df659dab8c0fc71c99e974d9d26b96c850c539f125f656b804260f48e,,
GP_PoE/prior_calibrations/PoE_replicate_036_prior_calibration.csv,2213,ac19f478c43edae540724a1bd663751f,37ba12048f5fdc46836327cf979594f56e1c5a668ead5ea94a4fe1e87003c5fd,,
GP_PoE/prior_calibrations/PoE_replicate_037_prior_calibration.csv,2209,53f2bbbf063f9cebbe30f7cd2fef2d8a,8324cc4ebb73d1ff967c60f320ffe7c7d9f221d44072c411036423089ba9642b,,
GP_PoE/prior_calibrations/PoE_replicate_038_prior_calibration.csv,2213,53efc54bbc3e98e651a8aa5d52cdf565,a1243c6e8d6d11dd5ba37dca0060f95336f458be2c35846847a2a046925e89d1,,
GP_PoE/prior_calibrations/PoE_replicate_039_prior_calibration.csv,2214,2a1ba6871cccabce33b57a09d10eab56,71fa396865e84ee214092f59bd1f9e487875d0c411d5cd6faa462202715287da,,
GP_PoE/prior_calibrations/PoE_replicate_040_prior_calibration.csv,2216,807ee35559383b629ec0248d00db3f30,feb9ff2fe3068803d314edde10ce78d4c6f8c312d17ddef41d80cb6979e6f030,,
GP_PoE/prior_calibrations/PoE_replicate_041_prior_calibration.csv,2215,d6aa70eb592a3580354a966063001870,983770099a09d90facf91cfcecbe8fcd2c300ae0fa8457575f3da834df583fa1,,
GP_PoE/prior_calibrations/PoE_replicate_042_prior_calibration.csv,2212,1f83fe29b053e2c057fdd5c2e5d0171d,17963c5cd3a7eb5a06cf372617e045fa00557ffee71fec4738d58c310c8c13a2,,
GP_PoE/prior_calibrations/PoE_replicate_043_prior_calibration.csv,2210,c7673ac7705b966bd1baef3fe1f3dd89,e2df5e0aa9c53fb65add20fe8ed047b9e3240976b2211f3332d6d352bd7035fb,,
GP_PoE/prior_calibrations/PoE_replicate_044_prior_calibration.csv,2215,e943e70bb4b99ac9991c80bcd6e70547,ed7580e41cf1bdb048cbaeb4a59990ad94b11e53f3c6da5a631d3bbbe4942be7,,
GP_PoE/prior_calibrations/PoE_replicate_045_prior_calibration.csv,2213,c9a493e5b9d5a37e0cbe900613432d00,98830c228f9bd84c9259436f3da84c1f2bd5286b7006b97df9a1cd7b8bc78e2a,,
GP_PoE/prior_calibrations/PoE_replicate_046_prior_calibration.csv,2215,77d5e8304449a79bc15f0f5ab251194f,0fdb18805ab440dfc2e402042ed253111fce9e2d76be9c657ffaa735645590a0,,
GP_PoE/prior_calibrations/PoE_replicate_047_prior_calibration.csv,2213,0b2ae94691b7e2d481348c1739d28348,7d5cd1d55b5d6ec4d5668f2aae57d962c668ca0e7aa0ac97ac8a21f4548d5dac,,
GP_PoE/prior_calibrations/PoE_replicate_048_prior_calibration.csv,2214,4f83b78a6747d3604d7b2e8fd9925fc5,66b599385882046959c5a146d7cd02a22ae2d1ed219b59195115d299860c0978,,
GP_PoE/prior_calibrations/PoE_replicate_049_prior_calibration.csv,2217,6f11912e10a5fe0de0a5e2db37b72243,a538417b92c9d2a7101c90b7e0694f4e69e2e21c5311285ca4fd9c0a2d622ac9,,
GP_PoE/prior_calibrations/PoE_replicate_050_prior_calibration.csv,2215,2c9a62d7672b399271d600ce28751045,48303c4768f72358abbb9e1988417724d9dcd98186c4c3e7748b95d73008245b,,
GP_PoE/prior_calibrations/PoE_replicate_051_prior_calibration.csv,2216,1c61f9d0b11b8d72edde6fd5d2ea9524,310da61808ba11ed7cdd8ada3eff1db6d9fc7b59cbea9cb96d692d36e248cda5,,
GP_PoE/prior_calibrations/PoE_replicate_052_prior_calibration.csv,2209,d72014ec0a45e8fc3e1bd361dd5482f9,3972e3e1c02caa1a139fd767ed821bd8a79aea3efa014cab5e3f6fc8a66a353d,,
GP_PoE/prior_calibrations/PoE_replicate_053_prior_calibration.csv,2211,16a326a6e4a3a37369324f7f4dfa956b,4e2e535e9cfaede6a88bca785f77d4cd144f71be4807e75f0aa9cf1238455e76,,
GP_PoE/prior_calibrations/PoE_replicate_054_prior_calibration.csv,2209,301be8a9419fa7d47f75e39ff648df93,6f975883ed89d1c6fadcc05b4eedbd948bc1d203cc3ad4b0b9137f91a4bb5740,,
GP_PoE/prior_calibrations/PoE_replicate_055_prior_calibration.csv,2214,88d91b130e233ac6d5113ace3146b376,3201d0a679a926453a23bef7b95e14e34fdfe6bbfc1c8652c08563b895f7e7c2,,
GP_PoE/prior_calibrations/PoE_replicate_056_prior_calibration.csv,2210,e099b067c8e6c2fd0c624f278c1a7974,cbf8c993fd0b2677a8bbf7c9c50c550978f05d4f72434a62c568a37e53a215ee,,
GP_PoE/prior_calibrations/PoE_replicate_057_prior_calibration.csv,2217,353f7c4fd79c57e0487ae17dcb447a89,af6bfb139c8ff161a5c1ffdeaa4c44a0d4634efe33ed894284199048a596146c,,
GP_PoE/prior_calibrations/PoE_replicate_058_prior_calibration.csv,2212,6c27ee765125f3182043f7b5f4dbc2c0,95fd2f53f3062d66f13102b8596948a419caf773eeaa9377e88a6c61e9cdc980,,
GP_PoE/prior_calibrations/PoE_replicate_059_prior_calibration.csv,2215,77e3ea2454bd74636c47bb7634d5c046,77df0cecb52ee7140a4dcf34317cb35c9d2460dd4e9c9319e2b102e8e473744d,,
GP_PoE/prior_calibrations/PoE_replicate_060_prior_calibration.csv,2218,39baba73bccad88dc9b8585b93b5da28,8fbb6d9a15685e3275ed7d78077792116fbcebf7d5d751183bf9fa7d6234a2cb,,
GP_PoE/prior_calibrations/PoE_replicate_061_prior_calibration.csv,2215,3886ddf0ec967710ffb098745741c8a0,2acd087a9591d14b558b1223838944fdfca4434fa25ae2b5705543406e3607c5,,
GP_PoE/prior_calibrations/PoE_replicate_062_prior_calibration.csv,2215,0d86d77510804507c67921505b5dc409,ed00a90256b0974af4cff6e33b86b4f3fc1f7849636eb6665a8764fcfd34a339,,
GP_PoE/prior_calibrations/PoE_replicate_063_prior_calibration.csv,2212,9319f3696f805ab2e6c100dca27758bd,e626460ffad169880627e7a20f189a1ccda774a08fd0ff9d0a758ad4599543b9,,
GP_PoE/prior_calibrations/PoE_replicate_064_prior_calibration.csv,2217,063ac4264a283a272505102cc9f486f5,c91bc5c4fc35c7257f71329f0f394af8d3b47e2c8622faa0d1ebad79546f1672,,
GP_PoE/prior_calibrations/PoE_replicate_065_prior_calibration.csv,2214,abb05e11834acd5a7f2b16f1c0705d4b,a6227dc0e1fbe8e18c952e55430da80375fae979b8f3bfd3097e41fc532cea0c,,
GP_PoE/prior_calibrations/PoE_replicate_066_prior_calibration.csv,2216,e17bbda041fc7862cfe3453c3bcd9e1f,4e9859d13987a06308bdc462d91590946507616ea56370a0bb4dcb5607b58014,,
GP_PoE/prior_calibrations/PoE_replicate_067_prior_calibration.csv,2215,abc7535653de77c5a803b1d38bf6ce01,e3c64ceff467bbe6d0cdd5c686f87f1e75ccadd698ecd6d9ad11dae47b481296,,
GP_PoE/prior_calibrations/PoE_replicate_068_prior_calibration.csv,2214,dea663fadbe91fc4e43a154ebc658af0,94b02439a6f476d8aa41f8d3bf7f27222ace972b735a25d168bb25539a9a4c5a,,
GP_PoE/prior_calibrations/PoE_replicate_069_prior_calibration.csv,2213,261bdddeb65f0d9b9a8084239da68a75,8f2cc7fccd59cc2b32defd43ea8a6fc754cb621fa68e8b831aba66402a53411b,,
GP_PoE/prior_calibrations/PoE_replicate_070_prior_calibration.csv,2212,328ff2acb9d139ef8b7a7be5835d6af1,aef713feb25e63b19a8000ec37321b09b24c67345639bfbb958525d6aee150d2,,
GP_PoE/prior_calibrations/PoE_replicate_071_prior_calibration.csv,2214,f7d35b4f3bf3c66a75c62dea08e09ec2,5be774a29fcd0857840d50aa0bbb9a0f08ed72e8da1e4aac62b3ab819dbd1e31,,
GP_PoE/prior_calibrations/PoE_replicate_072_prior_calibration.csv,2216,530144abea5f0ea51919285b9a492eec,2402a50b36a7808da8494eb09d92ecd7be9a784ae53036455a11134d660a426c,,
GP_PoE/prior_calibrations/PoE_replicate_073_prior_calibration.csv,2215,d3403d0e44ec9cb188022259bb2e449c,727849c5b7fe5d6d8712557aa356783057a7ffc05fc6892330d5cc779dd59676,,
GP_PoE/prior_calibrations/PoE_replicate_074_prior_calibration.csv,2214,3d60551d0e2ac6db4e9dbb11d409f378,7e8b75e6688e45111598b355c28a6e2274c445e17f9d0cf48aa26fc3cee49cc0,,
GP_PoE/prior_calibrations/PoE_replicate_075_prior_calibration.csv,2215,739bd9fa2f9a6edee509aead91bfee31,42125b3641ef8d5ef20302726162da8b80100293cf162232ca4b5be99a28643c,,
GP_PoE/prior_calibrations/PoE_replicate_076_prior_calibration.csv,2215,dcf6174a22ac2dde2a7026f488a3a647,4af82c46294c187db2fdb63139e17a1434695b5dd8dc8326c9749df8e264201f,,
GP_PoE/prior_calibrations/PoE_replicate_077_prior_calibration.csv,2214,7e6f450c9aa64da1d7b35ab02c40e13c,960edb2ce1e84bf432f8f65f59ee74c23ac5f5da49c8e1ee9305993869f9c50b,,
GP_PoE/prior_calibrations/PoE_replicate_078_prior_calibration.csv,2213,365b2a5a07fc25e4aa8316f1170e7842,98572e506fb815af2dcf6388e19bcf01e30316960dd45533374ee0ebf94e87d7,,
GP_PoE/prior_calibrations/PoE_replicate_079_prior_calibration.csv,2216,3830fc38d76644cef91505e8fe955d55,077325b5d70e7ca017348285ed6c45f968382c198e61b0171bd03d6d3eedb81c,,
GP_PoE/prior_calibrations/PoE_replicate_080_prior_calibration.csv,2216,f2dad581feb94bc328013d82dc2048f2,5f32b271716c53a395860f2f3035feb55117b727c789b4af54013d7d100a24d0,,
GP_PoE/prior_calibrations/PoE_replicate_081_prior_calibration.csv,2215,296424fb09c7328308caaa1646343311,a0228ae320942a4da8f040c198a208c63df9ea96b37b764aba33b0b38a6035fb,,
GP_PoE/prior_calibrations/PoE_replicate_082_prior_calibration.csv,2215,854cf6a982498bbb6d19ee8c56cf5bda,0730d7288fb4807220eddcd96703d392f3b2a11159d6d93999880622240c8e5a,,
GP_PoE/prior_calibrations/PoE_replicate_083_prior_calibration.csv,2204,b762d6cc8a1ef6394c29b1f4742c0131,97c6ba5862e281de1853c30d6e64e973c02b2367796d583fb14d315003ed701f,,
GP_PoE/prior_calibrations/PoE_replicate_084_prior_calibration.csv,2214,68a6936c8e60b7a71ae41448501a4156,8033f9a0128358c75fb131235d6376758927715bc1af0975949a81486c8e892b,,
GP_PoE/prior_calibrations/PoE_replicate_085_prior_calibration.csv,2215,a567423d1e09d0167d712ba28302d950,81521e9dbd0217493d689522786f7f7465a383f3c3cb791a75be426eb23f7c9e,,
GP_PoE/prior_calibrations/PoE_replicate_086_prior_calibration.csv,2215,0e95c662356cbb3eba383afe51a9264f,1c8af63ddcf91e4d8c63f2c08577b51f8d980eea1e12151d41c3946e9dfebdda,,
GP_PoE/prior_calibrations/PoE_replicate_087_prior_calibration.csv,2218,3bfd713c7e24e66b82ff4d2146e59ecf,29a7695cb3cdb3e706fe7fea5b24e1311b558bdb4612c382b816b537256512b2,,
GP_PoE/prior_calibrations/PoE_replicate_088_prior_calibration.csv,2216,f452b2ead0d8b19fcd148b27738a4fa0,6d76768407626e43cc957023bd27f0d41fc37a609af51e885102c3651a31a984,,
GP_PoE/prior_calibrations/PoE_replicate_089_prior_calibration.csv,2213,048b0d9705fded19fcac460a179f1d26,d7944f45d76b12b740fd67cba1f78f5d42b8e2d544d30302610dd35b6b7cf58e,,
GP_PoE/prior_calibrations/PoE_replicate_090_prior_calibration.csv,2214,3f9b99586965a509329946b36fc16963,52b9ec8c9cc735c65e07ccafb9e00dbe8713dbae26d58e745f7a4a139360862f,,
GP_PoE/prior_calibrations/PoE_replicate_091_prior_calibration.csv,2215,4643d706c334e03d8821e6bdb90217d0,703cd7b08126408921d926dc413b344d3cf7ab65ea647cb16966095ed94ed643,,
GP_PoE/prior_calibrations/PoE_replicate_092_prior_calibration.csv,2213,98d10a5eba6b004fb493818fe157989a,8334070bb26471dd4fc0f5774160b7e51936f71193470e435bc81e0490c95c81,,
GP_PoE/prior_calibrations/PoE_replicate_093_prior_calibration.csv,2216,754d9a52d588619095aec2fb27cb2b2b,adf6288634d3b348c5f327c77105e4b3737ad047c9de5ee38f8f4eb37f4aca7a,,
GP_PoE/prior_calibrations/PoE_replicate_094_prior_calibration.csv,2209,ccf79814a83d54896dc2decbe2d59b2f,a6fa7846aeea883c228b6209c7b08f968ef60f86166322e7aff9a54533449a86,,
GP_PoE/prior_calibrations/PoE_replicate_095_prior_calibration.csv,2215,73a206abd2d01b2cd68153501c4f486f,37bc9134c3992d305e8f960d264b2a37f6b4ad5649305c94e99177a9ca5188b3,,
GP_PoE/prior_calibrations/PoE_replicate_096_prior_calibration.csv,2210,b030534b0aaa3f919af39d967ce73362,cfdde5a38648efdcdc7a2abeb8896e8ab2d9b55f1dce04361a405cfbb49ad467,,
GP_PoE/prior_calibrations/PoE_replicate_097_prior_calibration.csv,2217,015ad529a94fa52fe537d679c8c14d5f,1afdb51904a60566527c211ce95b1c589e2b568c579d615e0dd1482383f8418f,,
GP_PoE/prior_calibrations/PoE_replicate_098_prior_calibration.csv,2214,e3683abd9ebb049ef41fbeda23c08130,a1cb72054caf1370b01972f4798c86d353fa24f3569c895c9a2f34ad15f7f1ba,,
GP_PoE/prior_calibrations/PoE_replicate_099_prior_calibration.csv,2215,f3984c45963b5e6903fd674ce05f7866,ef8754c76a328ee9a8de2afed4887953df4fcd244e31eeda1774835f56a93535,,
GP_PoE/prior_calibrations/PoE_replicate_100_prior_calibration.csv,2219,8f68354e83c6318dbe17a19f2f8ef8f4,33bf1e990e42fc8ebffb0fffec6af91978ec2bedb3eedb37f1372967bf21c8b7,,
GP_PoE/production_checkpoints/PoE_replicate_001.rds,18089,de195fae686599765edccd3a6e51e4c1,f3783094894a67d38d60214109f4f7e3ce3195f121deadfc3522b7a6def106e9,,
GP_PoE/production_checkpoints/PoE_replicate_002.rds,18035,e41475a4b56cd90e2a61fd1a2984aa8e,7ffd00fac38a6fc94af320ed3e2824d324e0c0360397c4d29b232a56463c9296,,
GP_PoE/production_checkpoints/PoE_replicate_003.rds,17960,61bb2a2afc965b1a4f4e88938b62850b,3e05aae06604738deaa16fc4be76e2c2a7b5b81d8c193efd3da5e3d89f31f354,,
GP_PoE/production_checkpoints/PoE_replicate_004.rds,18006,8758c759b070ad86c8ddef10c6d63880,1f26007e20298fd2aed283580b15e9be38a4509a786718d6dd5c021795f7eacf,,
GP_PoE/production_checkpoints/PoE_replicate_005.rds,18044,459565573d6cd4e1c469a9e928d486f0,129711c84bbd8bd6e5706c3cd0aea773633321427c40f034ff4481dcc03b4c07,,
GP_PoE/production_checkpoints/PoE_replicate_006.rds,18005,7aad257f713d6c2415ca8766b40b8a4d,bbdd3dedd66b0db0b28a1a4e90ac0231df33caca4e19a024f94bea9dc3d58270,,
GP_PoE/production_checkpoints/PoE_replicate_007.rds,18099,5e301e0d6d0644349e51cadc16f498e4,f00d78386b8ec986e3a7c50ec43b5deef71cfd5b7f064acd3553f97061be0683,,
GP_PoE/production_checkpoints/PoE_replicate_008.rds,18003,a070b990073469cb1ae97663a836c76d,3d88bb32e1c92f28e53c7746446a88ccc543ab61397b4f3c3f1b64b69d594245,,
GP_PoE/production_checkpoints/PoE_replicate_009.rds,18027,55b0a43eb311e86508586b0b1b3c1ccd,97e8303189ce1d4d0ce5d76168362ea4e2997edbfdb666a872c61b9a9e764c66,,
GP_PoE/production_checkpoints/PoE_replicate_010.rds,18048,5474b1f8ba67be819214eaf43c8a38bf,c33bb0082344e671cb89a36df76925e42405be58db6b5fb90101f96029db65a9,,
GP_PoE/production_checkpoints/PoE_replicate_011.rds,18091,0c4bd97656ed061a38f520babf3d7ba4,871579d6ab3662a195f56169ae1eae6588f76b291d4e662f581dd2eaddcd05f6,,
GP_PoE/production_checkpoints/PoE_replicate_012.rds,17973,04209992c690737c3453aa6cc4cf194c,2c28b728991dc45982a463ccdb58d7d9c98380b53f3785b7b4f202e5efe2b0da,,
GP_PoE/production_checkpoints/PoE_replicate_013.rds,18003,c8b6d6357f1dbcc10837fecf7f0e5f0c,ce97a1f4c0399f679d0f52f34ba8acfb1df03069111b044534de9cb1c0edd989,,
GP_PoE/production_checkpoints/PoE_replicate_014.rds,17982,2ddec641c861d1f250aea73fd78d667f,8d91c7b5572c60677527bdac77353b5305cacd71925b3d13c87f9bbd42ab8b2e,,
GP_PoE/production_checkpoints/PoE_replicate_015.rds,18197,3297cb47d30725d56e1605bde1141778,6ff7e0c1aa09cf644a68ab0432171d56696c97cfcd31fa954fabd73d65cc897a,,
GP_PoE/production_checkpoints/PoE_replicate_016.rds,18048,80551e2c7d41892e70019c0073faf75d,7e1a79a3f12822f6b853ac08aa970c64c37e688618292e5c6d5d2a444ab66ebb,,
GP_PoE/production_checkpoints/PoE_replicate_017.rds,18023,6034d6f196bc48b338e964fa0cded7b1,883d8d4d2f055710a5367f41196aee716ada10f03bde925759be4ea49a340b99,,
GP_PoE/production_checkpoints/PoE_replicate_018.rds,18006,1b2d2ae2ac77e3f3d9b207498b6641cb,1983a5617b2174df3b0b43da262a16496199f505187c4f97edf20cdc4fca0092,,
GP_PoE/production_checkpoints/PoE_replicate_019.rds,18090,2722fbf1f91af5d55457b6c6845c0a8a,51e031ad89edb4059fa71455311fdc155051fcf812acfa6b0e62a492f0de960b,,
GP_PoE/production_checkpoints/PoE_replicate_020.rds,18112,241bae52a76738c8c6c1370769ca28a8,a08c80de910ab79d5061b666141909c3636dc5a23e7ea8d871cfa3567c2be245,,
GP_PoE/production_checkpoints/PoE_replicate_021.rds,18009,87d869288d70210e202a67f2b3fe170f,9fdcdaa8aed520f6808003e5c4229fca454af92420a34be9481de8776de25ed4,,
GP_PoE/production_checkpoints/PoE_replicate_022.rds,18048,42a0290d1ddb9809b2d6eed1b1b9f14f,7b3b16690591b0b900f467b72b53a4c3e821639a112d38a7dd686ca9b02e7bfe,,
GP_PoE/production_checkpoints/PoE_replicate_023.rds,17954,8ec64b6cde3d9cab8b14fe7279806e1b,4920ea4ce1c6787c23e4a2b91c0d4ac6b9115548af88e5f50571668fb735e64a,,
GP_PoE/production_checkpoints/PoE_replicate_024.rds,18039,df7361b8beff83f57bcb3d4927a1add9,355371cbe7ef45f0608216e718898f4650b1a54aa32bc43883b4b400fcfd8d8b,,
GP_PoE/production_checkpoints/PoE_replicate_025.rds,18053,89ba6a7e74ee2de0e0c6d75ea9afc8e9,8d0dda4a636b99bae01f26f57230b562c7ecdd7055d11ad049cec175b29edb69,,
GP_PoE/production_checkpoints/PoE_replicate_026.rds,18048,2ddc1404d2bc4fda37cade24280f9fee,396bd27aeaa56c8050174ca0b1d1ac3ca8077332ed89a99289502f5d5648236f,,
GP_PoE/production_checkpoints/PoE_replicate_027.rds,18038,e3e22984069f4044fce8bd2dc2dedb0c,0275cf95e5fdafc5340b208168abb5550f2dfa9247b30d47f459de3d322cf947,,
GP_PoE/production_checkpoints/PoE_replicate_028.rds,18038,2fef1ebad1a05735f8711086721df524,35fc14793ef4985f11946145352926dd9723c158dc4831edcd498fbf2522facf,,
GP_PoE/production_checkpoints/PoE_replicate_029.rds,18033,b2bf060f158e908b3dc59e974eb7c0f8,ae698174b4fd57e6a926735c475de8a22a17cebb6ab3360b56764ea21d674163,,
GP_PoE/production_checkpoints/PoE_replicate_030.rds,18025,e5a76c7c10cc68284af5fe6374cba351,493663c6945b78915ae7ae42893a9ecb7899f4727ee327f42452989315b2b932,,
GP_PoE/production_checkpoints/PoE_replicate_031.rds,18004,72a62143584e8859eff1871937b1eb0e,7609f01154b873292d252cffa5188d620eac0fded61b17186ca60ed06d42b915,,
GP_PoE/production_checkpoints/PoE_replicate_032.rds,18034,1009e624663ad0149993aa63681c86f9,a70f824d9c3005fca6a8aa7ed90eaa6c531308f088c4da789d913d3385acc91e,,
GP_PoE/production_checkpoints/PoE_replicate_033.rds,18091,ebfd1d10c3930d694e995ffad1065f45,e38d2fb1d73f68bd872e7bb53ff4b21a15f7325c6c4736efd857eb50362304fa,,
GP_PoE/production_checkpoints/PoE_replicate_034.rds,18027,70ada7720f6660f6d581028643e83572,ca1aa947a1fd25249be3d25fb270ff369796b4aa67522527934a00596db917e9,,
GP_PoE/production_checkpoints/PoE_replicate_035.rds,18127,e08be9dfc22644e9c98c5214b470dee3,5144a51c1cd9bc0dde940aeedc8d574b341968f22b74568925f51e3fa0563dda,,
GP_PoE/production_checkpoints/PoE_replicate_036.rds,18033,03aa7d8340ec580dbda1fa030f8af8c9,b39d2f104438eaef30049623f9026f0e23fea1fee5296841c144beae3e47c5e2,,
GP_PoE/production_checkpoints/PoE_replicate_037.rds,18121,9a366f55aa7718c78d01914a4809454c,5188f335978b87e85d59c9cdae555e4cc9a451381f1e17b85c75afaddd2c34b5,,
GP_PoE/production_checkpoints/PoE_replicate_038.rds,18389,c80dfbe0dcc2afd823e2176ec2f83426,5ef5d9f49ba9388ee9c756833dd4a8fd6995a82cb0ffe8c1b83bb57968f61f58,,
GP_PoE/production_checkpoints/PoE_replicate_039.rds,18009,868dc82b798c47b81fd47156bee9f2bd,bac18a72c36999f16f0d5aa8d91351495da087b4be738d0381c26edf3b68f342,,
GP_PoE/production_checkpoints/PoE_replicate_040.rds,18091,7dac16a94d6b676105150773b97101a6,8bbbe82249ce1b894ced9a650ed7eb422e3a22aaab77e0f0516b0ac07f17ece2,,
GP_PoE/production_checkpoints/PoE_replicate_041.rds,18048,fbd6e12d5706faea17618fd80f019fa0,9316a4d97f4f6ce8a7e28f083f56ee2c1a853a14003a4c6bfbaf312cc1e52aa0,,
GP_PoE/production_checkpoints/PoE_replicate_042.rds,18030,8e953c96a3a3377030958941798b0ce5,96f10544c1031e7ab69a183d84f43f49e0c4868cafdc1bfd6f2ba564ee82a1cd,,
GP_PoE/production_checkpoints/PoE_replicate_043.rds,17998,3f0eaa43fee3d90ea5b98824f90ce908,4ecda433045845c9ddde912a9aab6d397bb831da097a28141c9be38c1895d8f8,,
GP_PoE/production_checkpoints/PoE_replicate_044.rds,18032,68bf4eb6846edadc0d189faf1fd6af18,ec676312e906ad6911ac345734022075220d179ffd5fbfe26b1c8605af5e1fd9,,
GP_PoE/production_checkpoints/PoE_replicate_045.rds,18053,c6bb34b4c8c96ed901edc850fed2a233,3ec1e07931f585a0d6753e776066f05af308ccb413368b4f164f350d4e8f4e88,,
GP_PoE/production_checkpoints/PoE_replicate_046.rds,17985,d1d875f34e84fb6b4c591c9b6fc583a9,02fb19a8f7be78f6a99dab7c9e176514e06321ad411a2ec83950337fd882f103,,
GP_PoE/production_checkpoints/PoE_replicate_047.rds,18038,3fe31498ed364e8dfd19aa6ee429700d,8a8009b9eb86655a3832535d44437b0ced6f8e50ff10bbb03098f221a1c87035,,
GP_PoE/production_checkpoints/PoE_replicate_048.rds,17993,dd24ce310fcd3197e0fe15f76e3f9283,665abf32bd941ed247d78201e1eac7a8bb31da527f8984221f4a50a3c8543af2,,
GP_PoE/production_checkpoints/PoE_replicate_049.rds,18065,2e48073e57e3e28dcb9e437c79d274a4,63b7cb9fae8154377b02cc84066189cb09a9c4d0ed35a5247b134336915d7814,,
GP_PoE/production_checkpoints/PoE_replicate_050.rds,18005,edb78c79180c10d80a2fa40b6cd718b8,c12424a80af0ba6c2d30f99a7fab6f50e50009fc0ce0ae570fe776cefe430fbb,,
GP_PoE/production_checkpoints/PoE_replicate_051.rds,18064,a7d0f191b6872ddeaa1b8b814031369a,adf7ad2e18bdf122519d6ab754a47110be3aca336128abe8d188e1070685a743,,
GP_PoE/production_checkpoints/PoE_replicate_052.rds,18079,2f83e139833fc98c5a20d33b0a4f667f,8472af19c4cb8aacf0d781af82193037a02ee4b7e4a68bf320395f00a303fe73,,
GP_PoE/production_checkpoints/PoE_replicate_053.rds,18070,f7df848ccb318e63089a473bc156f99a,c2c95952c70137a63aa34cf9c670d1a935e154b9cf74529cf1e5ae718f9a8513,,
GP_PoE/production_checkpoints/PoE_replicate_054.rds,18092,d1996957bb669dc06a248d7bfeba4244,6c06fbb297d0a7d6de0448ddb6a3915da596ab91dd4da6bb7613e719cc69c2ea,,
GP_PoE/production_checkpoints/PoE_replicate_055.rds,18028,c71133eb55db112dbd58a7cbb09dda0d,4ce832f93d696f1638c1a772fd9af4ecfb63596ce287af38ced3768cb306d728,,
GP_PoE/production_checkpoints/PoE_replicate_056.rds,18110,0c1bc5326d47d5f413e2432247751c50,9fec815eb30309a5daa013a34ba8dacb749b768adab8c1e7f1b9e7bac2ccb57e,,
GP_PoE/production_checkpoints/PoE_replicate_057.rds,18054,e05593d0a98d36fd1be8c529ff5ddf7f,bc917ec2afd2eefd2a76fa9d5a5cd4450c4a7289ff189981d5519f083530bf51,,
GP_PoE/production_checkpoints/PoE_replicate_058.rds,17969,e28a2bc4deb94a8a2601183cfc446616,7dd04b59033adda2d90a8b3802151aca5ed4bd35207ca7fc68c67bed763aba8a,,
GP_PoE/production_checkpoints/PoE_replicate_059.rds,18007,11057687aa1290ad7291e5a5b69d592d,f21b3034b49ab624126700c5bd1d1171b66e66f3e28f3bfe91e2d8052b62219b,,
GP_PoE/production_checkpoints/PoE_replicate_060.rds,18047,bea058c6f5b11953406027cf30cdd0b9,004fafa0a3aa77f3b1dd2c425fce97be44364fb45863ed730d194adeb637706e,,
GP_PoE/production_checkpoints/PoE_replicate_061.rds,17986,eb2547921f1be7a9cbc39ab20a1a531b,9d9bcdbd75d4cc695c0e74d9813398c779c73145c9ff1e1f47c436c568cb2b19,,
GP_PoE/production_checkpoints/PoE_replicate_062.rds,18071,2809eb638482407c40bfc48a09bb1ee3,b2a6cdf966c78093291a0cb16b075d0ba8c45959f0328c044886105ff5a35574,,
GP_PoE/production_checkpoints/PoE_replicate_063.rds,17966,1c11eaaa0d437924def91fd61dd786c4,43e7039d8c3439ad745e216236858bfa4cbaff8c10dca8442f5e1119aa836c86,,
GP_PoE/production_checkpoints/PoE_replicate_064.rds,18087,26c1d41255134a89030bd1dc3023c92b,a7de2f320605e35777ec491aacc34bb861bc9e9583cb6b5e956bb6eda4d02c8b,,
GP_PoE/production_checkpoints/PoE_replicate_065.rds,18077,14719bed71e2ef9eb976f21b646fa81c,55b6005fe00e873b10b2d0bdaf135645cf695ad9d07c8aadd2dd44fc1ae21433,,
GP_PoE/production_checkpoints/PoE_replicate_066.rds,17971,fee29b778914842860bb3eea5ab99d4f,e018de8f3cdabb387dadd51764f5ba85b17881ebbd5cd8623468a40407cc33df,,
GP_PoE/production_checkpoints/PoE_replicate_067.rds,18040,7bbcabf7bffada279abce85ef2c8bec3,eb7cb369e9e8b42c73daf8a76037f829ebee4e822f737ddddc4ae82ad6ed9341,,
GP_PoE/production_checkpoints/PoE_replicate_068.rds,18079,4f11d7c6f507062339f81c1a8149a6cd,21289be5e33e2cfe79780c1324e94a20c7f74e16e880cc84ae5f223349a1fc7b,,
GP_PoE/production_checkpoints/PoE_replicate_069.rds,18055,d67ccef21578ec616f13dc62483a8bc4,ba883ed9eae5eb3778f98c8e196ea695fc9cb4cd3ce31e244d602d5bccbf0649,,
GP_PoE/production_checkpoints/PoE_replicate_070.rds,18025,986116c9ec36987496e44d665c745459,e2f9d192fd1c345ebc6d38cd76aa75d5e1865a8b8f3118d48b1d64dc2a908eec,,
GP_PoE/production_checkpoints/PoE_replicate_071.rds,18018,0bf55ee811cab8d19a3a0064107ae9f2,2fc20c9c37660ba37525ee08c58fc9266458c8fa9f89d87d9dcc6228d3f52a87,,
GP_PoE/production_checkpoints/PoE_replicate_072.rds,18013,573ea70a77434df06006292ec15a30f6,dab8fdeb33f4cad30ef0f4215eaa650b61981848956531286ae93b5cc4545b61,,
GP_PoE/production_checkpoints/PoE_replicate_073.rds,17999,f0da306fb03c7351d0fb41d14d369237,da47f2b30d6722117708d3edf58fecd106830810208bf257de282a96169491c4,,
GP_PoE/production_checkpoints/PoE_replicate_074.rds,18137,7c78a43ed2346ed4814044c53be25c86,7d132e7de5dc8a8247cee81631015adf0273312dc678216ca89f1d9830cdef62,,
GP_PoE/production_checkpoints/PoE_replicate_075.rds,18051,123231827a4079f352bf3fa5dc5d9e68,66d974c2fae46230b43641977fbbefd59cfbd11a2ccc07b9e1f9ff8d5ce7068b,,
GP_PoE/production_checkpoints/PoE_replicate_076.rds,17942,c05dea3d91f22c0f2f61e43f53beb3b2,9b30c636a2410810a4b131711eda582ee50ace41e5689bd3813c94c9f920e497,,
GP_PoE/production_checkpoints/PoE_replicate_077.rds,18018,906b99b9a81c698f9f551d3d3bcf29a6,ff4f4610b5b064b8cb00b617a80feb0c013bf3c7b6dc5790ae614e25dd782eb7,,
GP_PoE/production_checkpoints/PoE_replicate_078.rds,18059,81543b6a4543bb415d62d459fa089c16,9fc028af1111066e2927be62a9d2ad49741da4aa54887accf279404fb37b6448,,
GP_PoE/production_checkpoints/PoE_replicate_079.rds,18002,2cbb47f19bce50c2c6e2043b3357d136,ca5a65ee66b5a89c2c4aead59cc478ad26d59531d1bff1d01ad510dbe5c44b90,,
GP_PoE/production_checkpoints/PoE_replicate_080.rds,18085,8f2f62ff82cd16c14fc60bd8d8008b71,b882f70ff983ed1dab8591f104f90a71d8b879292aabdff397bb427538da7d8a,,
GP_PoE/production_checkpoints/PoE_replicate_081.rds,17922,c7eaa44c24dffdc890d8761a4dfd44c7,e2f6c9ec73f274d259d95b2d15e2793d1684ec2cc05f4be457337c870d672edc,,
GP_PoE/production_checkpoints/PoE_replicate_082.rds,18033,44e08323762cc17b6bb5ac99a43a03c3,4c70467caacde13b30f786efcd910d465725a37d66f499dd026100b352118002,,
GP_PoE/production_checkpoints/PoE_replicate_083.rds,18067,664227daa33cdaf168fafe58eba39794,a395b70ed273a5956861e18192cb8fe26b59843857ed82321d7fcf8134638d3e,,
GP_PoE/production_checkpoints/PoE_replicate_084.rds,18031,940923a394c7c91a57794c4241c8721b,cef6fd0b53187a021756bbc97bc36fe6ccb041d82090662db050ee2a6de696c7,,
GP_PoE/production_checkpoints/PoE_replicate_085.rds,18023,66d60613d33db01a6cd307bcfd1c621e,1af1858cd623714d6186ea87c794bee35d6b1cb673ccc17d7f2cfa4dc2478de8,,
GP_PoE/production_checkpoints/PoE_replicate_086.rds,17993,03c613c816a05fa30beb3cea578e53b9,e3cce79e2e8734c2d86ea82f01ee8acaf04f729a96607d1bc0bfb4a280d326c8,,
GP_PoE/production_checkpoints/PoE_replicate_087.rds,18019,96d2dd25ca905a1e428d47e5fd03e3a4,f1252a254df0fe3ce98f9e273fe14c9fd18defcb169e346679b3ced89f2220e6,,
GP_PoE/production_checkpoints/PoE_replicate_088.rds,17990,95dfaa54526e4abf42f61b7699b167ab,e6e154e8644f8140cb492264b9a20ce7d66af7f5867a08b46a06b33940c8fec3,,
GP_PoE/production_checkpoints/PoE_replicate_089.rds,18089,f31f41ae30cad2d36e389129e3db33ee,a1b5a3767c23bcfe213e523b4f0d4d74b0bc238d5197661cceb46c021ebf6cf3,,
GP_PoE/production_checkpoints/PoE_replicate_090.rds,18056,96582acdb986c30b7d4675f1b8dfd981,3aaecf3d6cc38cd98def23c7b6192e45f10c8a03e3703a6d459f735dd960c124,,
GP_PoE/production_checkpoints/PoE_replicate_091.rds,17988,6e4e5d733aeb3c4bfdc000c2389f0942,f57b5d4b22c1597881699d40f0e59cdab13261f639ac95895169ab294240c731,,
GP_PoE/production_checkpoints/PoE_replicate_092.rds,18029,8ee34c2404e9c44a91a612dd669b93d6,12fea66b94a6bd421aa286b868e2c668aa19e49c3bbea267ca5d5bb0640e261f,,
GP_PoE/production_checkpoints/PoE_replicate_093.rds,18069,0da9a5f6ddf78e6cf2b61385452439c3,df25f63feb12e7aa007eced006c780a16a60e4ebcb223e64bf7ba3b7c3a4a6c9,,
GP_PoE/production_checkpoints/PoE_replicate_094.rds,17983,77db1c6d9c2b6625e61dacb7f44e99bd,8460f0b95aaf26a565660de884c958c2b1450a8477b77478538f106a3be1a33e,,
GP_PoE/production_checkpoints/PoE_replicate_095.rds,17987,6d20ae31004af7c6776e7686ba7645ee,1f478ebc65699fba660e6f7a32c2fce00e83a77b434b137cd5ee5a412298c06b,,
GP_PoE/production_checkpoints/PoE_replicate_096.rds,18166,1a3fe1665c7c5c8dc29a982ac09e0ce3,7acbfc47137f84acc1e62bf183058285903a321f674a716e906901ee84563b3a,,
GP_PoE/production_checkpoints/PoE_replicate_097.rds,18164,f1c66e4d5837eb0b7b5dddbeb322b64c,c5abbfe23e9a3423ba09e5ea12cc6ae124ad295ac9f0fa1721026a17bf79e50f,,
GP_PoE/production_checkpoints/PoE_replicate_098.rds,18108,83550a68ee73e0e84bff117a5403de7e,76666dd0300cfa267f17674671756643e951ef2eadb82175ce205f18591bd51e,,
GP_PoE/production_checkpoints/PoE_replicate_099.rds,17944,5a6eb5e2235974b8ff57307b06ea8e15,96965cf4e3a3fbb261f56d77fc79809865c4216e092c424b5e0387861bfd6852,,
GP_PoE/production_checkpoints/PoE_replicate_100.rds,18087,e9462562624b146eea099cf7cb43ae99,82bd510fe7284e64eb806900f4ae74b9fc70b15ad4da8b9ac6608fa4422bcd45,,
GP_PoE/sessionInfo_full_PoE_SAR_simulation.txt,831,3bdf28cf21cf84d5355baa9bc6acb036,c28f75b075bc51d0aa42b8131ba41bd060dde4e5317eb7389ef386dfc77aa6c2,,
nnPU/all_competitors_plus_nnpu_FINAL_MAIN_TABLE_means.csv,2694,466d679381bd0712c61a2121ac47daec,4f0b78e8b7c82b3713754f2b9a921b9717cd921cde92d354b65d972c99cbc9af,,
nnPU/all_competitors_plus_nnpu_FINAL_PAPER_TABLE_mean_SD.csv,2221,78418d9be1a7d547a2e3495edd0366aa,a7bb5f014ea096f8533229ed9b946fd818bb7f2dc719e92676753299e54e3642,,
nnPU/all_competitors_plus_nnpu_metric_summary_long.csv,26819,6199fbd5eab99ea02f3328cfe4dc6814,4041c66a74097e47aa75c83628a04ac3a18ca3a7c6b8b18de0143a0a81b461d6,,
nnPU/all_competitors_plus_nnpu_metrics_by_replicate.csv,313241,fb3aa3d7270f5892d04b2682ffba2c4a,c83f2638349a49a1b0bc1e593795ca2fe237e6039625650b2a8bade54049dd45,,
nnPU/generated_geometries/replicate_001_geometry.rds,79187,862d2adae35d4745c030a5444b7eb333,7b671415c74e245eb6a623eeb07afcfa6e3fbafdee179de5a68ad20b81da4a0b,,
nnPU/generated_geometries/replicate_002_geometry.rds,89353,655318d36e6950d7d025ec928f2e5188,8343bc26e8cf78c8b901e4be00cfe598d141c6ef1456d3ef6f7e871e08e71838,,
nnPU/generated_geometries/replicate_003_geometry.rds,76121,e83bf964de34d9eeab11facb77002a30,d7539a7fe92d6019ba79db099b055ea110d06feb7acfc5ab2e372eb2b2665d5e,,
nnPU/generated_geometries/replicate_004_geometry.rds,76219,c53ba811da534af543a07bd20b15680b,ddc4f25cb80823d6be73f2c6b8465ab2c0c94784ef33daf113bd5d53cc9d76a4,,
nnPU/generated_geometries/replicate_005_geometry.rds,79442,1f46db190f5923828f98e69ddf92e4f9,5995018a3815b992043bf6852a6b0d8836ed84e2d5f0ccbb6be536f6f537a6be,,
nnPU/generated_geometries/replicate_006_geometry.rds,75950,69082ba78ae2254600d9c3c2709aaeca,23ff71fc34999bb303209e64ac3f0d2464402f9f2965dd80f41808ba73f8cd43,,
nnPU/generated_geometries/replicate_007_geometry.rds,76066,83960575c88c193e061a2c8a7be2c64a,558d4d713ff372de529279c1b53367a43e67872cc565af3f3a755aeaba2789da,,
nnPU/generated_geometries/replicate_008_geometry.rds,75863,2772d2c5c50a533fb453e8f94705b19e,dab3de49cfd6cee3992f33dfcb0dbf26c940f79233ccf69fabee6d49a84063d4,,
nnPU/generated_geometries/replicate_009_geometry.rds,82767,3792838a26806bbcd35e80e0da37a92d,12edf520485817a0197b4b6a41aeaeea2c71f6f04b84dbad5b5cdbb368ea02f1,,
nnPU/generated_geometries/replicate_010_geometry.rds,76074,7165e32934afe98130d038d1ff71ab15,14656c140215f5e632bf9dfc287f12ed446a51330e81c5dff4dbbb8074da2b44,,
nnPU/generated_geometries/replicate_011_geometry.rds,76289,111861657eae0377a661a1afa3d88af9,39de49c490db58e78a7c6ae50a57d2ae502604c24091daa7353a887a6bfae6d5,,
nnPU/generated_geometries/replicate_012_geometry.rds,75916,71dbba1750a7980c4389e1ed7ff9b2d7,6a744e53fb16a78b5574c1a5560958d58decfb06243a352fe4d9e91a371aa5d2,,
nnPU/generated_geometries/replicate_013_geometry.rds,76122,3810b3dad70860d7cc4a6c4be959dd92,d6b8a6bbc0cf03e189349e6f596c8b233917e1a5507da80bd179a2d76736f973,,
nnPU/generated_geometries/replicate_014_geometry.rds,75783,dc62173b2e9113e2874a7dabdc24e2c7,382749ca4d4861800505c203cbc29fc03eb4221dbeda480972be3d401fbd640a,,
nnPU/generated_geometries/replicate_015_geometry.rds,92253,50b263509b4789c5f5087162513ed34d,2cb285ccf27782bf676e007e027d2d98c74261934743fdcb3023230ed9b984de,,
nnPU/generated_geometries/replicate_016_geometry.rds,82612,ba99f427f39304f05762ab750b329d99,a921766760f6f0414c26a6ee9346d2fe1761a9dc24732b7f18725944c6cb8c07,,
nnPU/generated_geometries/replicate_017_geometry.rds,79291,3540fcda225a055ee03e74e1d0e49c1f,8aac942675b7a400fafeabb32ccfb1184b533a840b9d9401827fe6249ff87e7f,,
nnPU/generated_geometries/replicate_018_geometry.rds,79349,76268dd35d1f1c20d59430348c7fe86a,c5b192dc858efda7954af5a985a851cde5c070552335f885781b71f76113fad1,,
nnPU/generated_geometries/replicate_019_geometry.rds,82744,293b6a592034b8d6c31c1c69888be346,15d106d2a47f173f63236e5dc80a122209b359e662911c82f8104a16689e30fe,,
nnPU/generated_geometries/replicate_020_geometry.rds,82318,79d2d4cb84cf1692b2aac68b3c8ee1e2,2c739bd69a70392f0a7be6e67d5a7b5a0b72dfc7f3226514daa43d4e799a5b91,,
nnPU/generated_geometries/replicate_021_geometry.rds,76248,544b4457808b6750fad6cf3eaf2116f4,f9a8111c0d84adc42d17c1abf426d6690787b5c2a4aaa8da5ffbb6c5b699e2a4,,
nnPU/generated_geometries/replicate_022_geometry.rds,79495,a7a285a859b45c8cde5c360e9ed36cb1,0e9fa6f409b61b8c5afab4a0f106510da66f81fd082fb1c05ff63a99b30b3db4,,
nnPU/generated_geometries/replicate_023_geometry.rds,76384,d4bc7cd1a279f22732b99dc49f14e412,3d0c59f852e2394b149ff5f19042e19765149da16c047bcdb3b6bb1bcb4a3cd8,,
nnPU/generated_geometries/replicate_024_geometry.rds,79047,549d1a0955771f6ace73806b8e0cb782,eddf5b5e6db1552387b6b25f07ddc5c736e608405a5e1d7c2a9550095aa0ee75,,
nnPU/generated_geometries/replicate_025_geometry.rds,79604,6cda7108ca17e029142243d7f6931775,58a053ebb41abd393a9a633c9fbef8de4baab868b29bbfc5eb2616298516cb6a,,
nnPU/generated_geometries/replicate_026_geometry.rds,86119,920cfd6adfe787136e1741969b6b0104,56b5ec3d0427e3e882361e89f4e73bb0846193ee2fba3545c6f50cc26bf1062d,,
nnPU/generated_geometries/replicate_027_geometry.rds,79371,0e28534d38e48de0ff0343f86b5d6120,d9c3388d33d46eb1d4714024b07f4f4c62aa049b4c62723b1cd64c42d6887681,,
nnPU/generated_geometries/replicate_028_geometry.rds,92262,0bd5790221fc2b8535583f13e99bbf30,37eb10e0f53319c2cc9c5d75af0cb68b9dfa00bad9c40a443d4a6921f7277dc8,,
nnPU/generated_geometries/replicate_029_geometry.rds,79446,43ddd99ac6048b1effa5b80184b79d7d,694ca2da3de92377fb5131abe0811dc1819b1c6b7e7fa03cd65c7185140c0c69,,
nnPU/generated_geometries/replicate_030_geometry.rds,82494,a989c7b5c185429c344f5e247a38a08a,a96d5551a2fe4c345d6e99ecb15617d855d8e2c52539d1d15204788a8c725f51,,
nnPU/generated_geometries/replicate_031_geometry.rds,79351,6e61f516ce0ff8fea42d1fd4be7531e2,5b62c66eb6f9d6ac54f48479f21a9eb6e99b17da866b24d2983f4d4d7cb19c65,,
nnPU/generated_geometries/replicate_032_geometry.rds,76211,dc409d14a4dc587c28093f7175854f2e,17546b534c265450be9bd8c08b3c32a667936f601089caedd83ff39f37a36e38,,
nnPU/generated_geometries/replicate_033_geometry.rds,82864,3b6799085b8bec72fae10a870debd356,330c9bae0e452e552160762b5943f0dc12824bb548f936cccef32ba09971ab1b,,
nnPU/generated_geometries/replicate_034_geometry.rds,76272,4493e5540f56ae3b4b799ea5996eb6b7,f33ed5e3fdf712675e1cf5c80a986aa19a8e7312f8b15fe83583ae8ad15c364e,,
nnPU/generated_geometries/replicate_035_geometry.rds,82463,567ab814ab8ade90a6ead59220fba1fa,9d43861aee5eb1a5724bdac9a7636cf5a6cff6e7fe7edaa212e4eecddf77335d,,
nnPU/generated_geometries/replicate_036_geometry.rds,79593,c58632a6c884d39644e6c8242e02627f,385e870bbe0461692b255ac080213f02cd3e903734d0678734637e427993b25a,,
nnPU/generated_geometries/replicate_037_geometry.rds,89212,33aab347808b2417aa155b6d561b827a,b309f4898f34551950cbfc5e3212843c09cfb3f10d536816d00df98e3b5970f3,,
nnPU/generated_geometries/replicate_038_geometry.rds,129915,b8ec01a147c317b97cf63e2334cdd324,4f86005e3d07657ee5a6e2a2412b065116edba43a622674ee627738b916b7be7,,
nnPU/generated_geometries/replicate_039_geometry.rds,76067,401802e7b99a22b661dd90f75f32b81c,acbcc88c10b7dab16bc89e7f0cc2f95e61fed1bd33553e34df295eeea2277f6a,,
nnPU/generated_geometries/replicate_040_geometry.rds,76066,9667e3d8eb3c37f52932453dd0c747a1,31f956d0b8fea0b6abed4cb256054cac24fe77a15a5e2bd4ef0591aeac69cef6,,
nnPU/generated_geometries/replicate_041_geometry.rds,79601,8cff01a1e8a2a1efb07a830f15658983,803abf1c4616328f9677b9754233b5409fb9a918a89b9bbc862015d6603546ae,,
nnPU/generated_geometries/replicate_042_geometry.rds,79534,4995ed462cb392766153df119dd4f8ad,306ace1ebd172869dd0391fad4271c53c03c705b841f9448de1cf3aba214d5e5,,
nnPU/generated_geometries/replicate_043_geometry.rds,79325,515e84461a91666b3ad97eaf980f3cc7,22e7a003baeb2cac61f4e749f921f9abc45325e478edca928665edbb6db05955,,
nnPU/generated_geometries/replicate_044_geometry.rds,79342,5fb0e83ac6ed5040c0a175ae958c0525,d45b694f30ddcf253b3f16a218bd28230906463a81344d8bbb54d3fbcc9cf23d,,
nnPU/generated_geometries/replicate_045_geometry.rds,76169,a78bdfad6be4099df4d0d32f6772e25a,75eaa2ebf041f06f1ddad01889311b9161682e16f5c51c255ab78a0491858fea,,
nnPU/generated_geometries/replicate_046_geometry.rds,76437,007b0f5c743d5df3528c3aade1694374,8ec9104793e0ce38e1462569f9c595e886e6841be5f79183ce817e5f57b11ad6,,
nnPU/generated_geometries/replicate_047_geometry.rds,79443,d0cb6510fd7bb26aff0171a80cd655f6,678c831f2db2c788099440fcc698d49c35c4a391e9fc770b7a1ff9bb1fa605a6,,
nnPU/generated_geometries/replicate_048_geometry.rds,76086,fc7cfe2f9e963edfa8bd97f8fad0a9ac,0ab6a27f8d6b9c3f40bb5d5ae9d85decfce10bbf43b0d75282977fda1cf9474e,,
nnPU/generated_geometries/replicate_049_geometry.rds,75854,0df2d9ff7710b643b10375ac07a5a083,58abe6dde850b5a4f3e07bd947f871df706b9e1fc102566c89593eb7911fbf98,,
nnPU/generated_geometries/replicate_050_geometry.rds,76157,3a4476665b1dc0966aa859167ac7eb1b,cfe4cd67fd8dfa68b3c5d4496037b0312063f61cada79656608dfadd902b1347,,
nnPU/generated_geometries/replicate_051_geometry.rds,76333,f5abd24cbaffd380aedc862d1a4dbc4c,bd961a89d35e2faf71b5e95e90419ee5493ba396f418ec482d3f6530998cc331,,
nnPU/generated_geometries/replicate_052_geometry.rds,79475,17c1b379b94a1913a938a1865bb20cf5,d9ad39abdc36165cc4415316aba10fe85a28fe9c710165b4ebdb77e8e1c47018,,
nnPU/generated_geometries/replicate_053_geometry.rds,76336,8cb07dd39add6b0fae03562bed257044,bcaf8b790a51e2ee6f3a975dfef5128e2e107995de9a23a262db43259a58bb51,,
nnPU/generated_geometries/replicate_054_geometry.rds,79533,ce0cf32617adb9fe08a208dfce66eb86,f80b29f414e4fee0bb2f171e2e30861df9d7359092721dbdfc58b1cb8fc5eedd,,
nnPU/generated_geometries/replicate_055_geometry.rds,75826,3747e8f8aaeed912d154a3243961b535,bd04a8e805b2c065f8ce0f3d09532b2cb0ac9ec8e8d4040e45232ac14a8a9a7f,,
nnPU/generated_geometries/replicate_056_geometry.rds,86081,c3a7f91f6c3592c7c2e302962bee8308,62839f4f6541196493e1ac5a8937cd6eead0e2e5c51393d3e2cb327dc37c8948,,
nnPU/generated_geometries/replicate_057_geometry.rds,76101,afbb77667e5996780408eee8c72c81a0,2efa09a5bc7997a6d24dab94daa0ee586ff87315b6e495c423889fd772197cc3,,
nnPU/generated_geometries/replicate_058_geometry.rds,76284,8b4b9dc8032deae59d01694cee231429,e2e1248d0bf97081581a7a408f3a5f2fa3ebc8581cdee025415c5f56253971a6,,
nnPU/generated_geometries/replicate_059_geometry.rds,76258,43cac96c941eedcf11d8586e00d35296,f4a1c097bc28147c44325a42fff968ba32852be4ed13f495e757fb706cb4a769,,
nnPU/generated_geometries/replicate_060_geometry.rds,76009,22a06fb889c0288af254595080712596,dcba2caea15c745054787950103eb162a4794cd584b00b4be946dbf9c7b43454,,
nnPU/generated_geometries/replicate_061_geometry.rds,76010,71899027d30b37003837fe7979869169,1dccfcf7c4d3bec3c2c2c42cb3c729769f35e9dea90a56291e5861d14d0d5c7b,,
nnPU/generated_geometries/replicate_062_geometry.rds,76187,5773c1a65dcfbd4a82c9f54f3f661bd6,5a1d539aaeb33066866ba9fa58b603da41005f1790386c964c19910b87ee6631,,
nnPU/generated_geometries/replicate_063_geometry.rds,76211,039c7baa666801e626fe04d5342f42a1,2d14785758922e515b78ef515ac98a2d0370edbd550db0cd0184e91e5a906645,,
nnPU/generated_geometries/replicate_064_geometry.rds,85931,5ca41bccb156df39ea27cfaf6de06a2c,d0d76106b01825fb994f30665f2656074f05e097b7a287114607a4187fa31208,,
nnPU/generated_geometries/replicate_065_geometry.rds,82678,e3a6f43b507be58d6457ff24208d3292,f330eeb47bfe28bbf24fc319b180e1289559a40b378f9d3b6e166addb514d4ce,,
nnPU/generated_geometries/replicate_066_geometry.rds,76105,59fa04d426edc55e86fe52261a627558,988a38743df22a85b239ce0f440b093beb0b7995c79bbe4ee0e98d75659be436,,
nnPU/generated_geometries/replicate_067_geometry.rds,76078,614deee88b0fff8831da6f18373b5bce,432f1c4431dd9e1f5caf6f7046c76ee24c6ae51b4cb354f1a0b7e353632de462,,
nnPU/generated_geometries/replicate_068_geometry.rds,76157,04dcbe384c1ce4325b076a39ea0e66bb,b14a0b1d568192b320a746a94cf408782ee5056adc745533888ac9dd7c11b26a,,
nnPU/generated_geometries/replicate_069_geometry.rds,79721,84c9329c0df63768cc322f470b0778b1,896f593529ad2f0123a09ca4326467e9228e2972eceba54af8b264119952e512,,
nnPU/generated_geometries/replicate_070_geometry.rds,82549,764882c2dff5ab4731a835b4f2720cb4,bf73439703841f3c58282b4aec2cc33c51adc4a954a04ecd13e8677a35da0caa,,
nnPU/generated_geometries/replicate_071_geometry.rds,82453,6e9ef46c9e95f82e9ac9e32006da601d,de8e8a83e57d44460bd232fe9e52fe76948721506c3a71996bb3db5b3ec10149,,
nnPU/generated_geometries/replicate_072_geometry.rds,79424,7c44fe73b95dc4bd8881ebffa651e89e,f1972be067e4e5cf347fec8c70913a4754bace4f08e203593dcda43b46750156,,
nnPU/generated_geometries/replicate_073_geometry.rds,79479,99681676a17c403d5f5ea65019abd5a4,bced5fb9b10f0d702d505c320ba2044e50abc458b10b0a66fdf2386ec913aafe,,
nnPU/generated_geometries/replicate_074_geometry.rds,101555,5d5366a0b5888d4897fec3d5c648a9c6,e7d0de572baa6b76eb68e86fd8f266c5b3aec4647fee6da6fb459f5ea9fa99c5,,
nnPU/generated_geometries/replicate_075_geometry.rds,76042,63ae5bee8c8cf445f4f25626d6d1bafb,e40811df450e46ab24e2739ec6dd8a5c54ef6cd5387c6dff67015431d396deb5,,
nnPU/generated_geometries/replicate_076_geometry.rds,76028,41d93a10bb25225daf53aeaabeaef969,590939aae773f8989706859e648f41f15c38bcb8665c830016096b1e354d0cd3,,
nnPU/generated_geometries/replicate_077_geometry.rds,82693,9f15a0a49f1d74626acb8c928082b570,9e8ee3ee3f3b43c587af5ae79e14832c4dd5e68ae15623ca9d50c969beb9fc31,,
nnPU/generated_geometries/replicate_078_geometry.rds,79657,91c1b710bd245dd58ab0b196e8a4804a,4bc98a657c6c1052ef76fb6e5378ea4980037b430bbcaf099ebb28b9c73d2cd5,,
nnPU/generated_geometries/replicate_079_geometry.rds,76021,908381e82143ac7b242a0a3b8e2b22c0,b4bfe97b0f8e612171357ee195a64cb43cceba1962b52a997c00f88b6e4745c8,,
nnPU/generated_geometries/replicate_080_geometry.rds,83002,4c909da494443ad3c7f9dab29b480f1f,d58bef7d7eb7a4281076b75f581565d0ffaa7a8d2219cd36a6de4136c9cd8b68,,
nnPU/generated_geometries/replicate_081_geometry.rds,76006,c92cdf49d6e728c158ddfcff5ecef9ab,9d20bd51e3b33c7d793a1ed75e00b1791f145ca09bca71614f78539f90eb223b,,
nnPU/generated_geometries/replicate_082_geometry.rds,75984,b64a8644eff19d5b48701c41dbbbc24b,5893b51e1a7c8740f6d96567685f450205d844613b9bf1db4ef6d79eecf5855d,,
nnPU/generated_geometries/replicate_083_geometry.rds,86128,770b349ce14607e1822caf66743be21d,975e67fa73911876ea934fddb5f50853d36fbc7c952ad8ea6d8d7f0b4a416e05,,
nnPU/generated_geometries/replicate_084_geometry.rds,79747,5bd2e28aaea4e5a12c21167d8e51ff99,ec4129ccee7f0163acbb7f10c18b5203c57358fee3a709665f04e841d1c7ef9d,,
nnPU/generated_geometries/replicate_085_geometry.rds,76165,67399f5fab1d14c668d622fb34ca120b,fc9a9f352276762c3f46c7f41b78c48e7b671e7f001eb4d2728fbfd92e84c782,,
nnPU/generated_geometries/replicate_086_geometry.rds,76178,9a07ebf69dae9710340dfda3bf932ce6,87a033a2bd6ecceb2e8a73ae928f5da8d351253c665d9994b5ac9b86a8662725,,
nnPU/generated_geometries/replicate_087_geometry.rds,76305,d4e6191fb62195fd987b3ae1a6cdb219,413d7a245d607ef146bb3260a9202f43a33c5cd9d8fe9ed5bf3b547ab2edcaa4,,
nnPU/generated_geometries/replicate_088_geometry.rds,86240,51f4f823e6ddcdd028a663831b2d97e4,d2a5ab7315c5ce8f7b0d7d559b5af20dc609874cefd52ca6a4e84122cfc52de9,,
nnPU/generated_geometries/replicate_089_geometry.rds,79502,503b8b3aa5a8d66cd8f36538d9f2071a,e713df94d04e3606493424d4d6f84d29039a097ebabf6491e2c326a04593e417,,
nnPU/generated_geometries/replicate_090_geometry.rds,76049,f2fdf792866ad818bd9a364746b002be,507d629537bf6875f007db67457eb09ffa444364007fd2846765efe520b6d21b,,
nnPU/generated_geometries/replicate_091_geometry.rds,75743,68f7868b2b8222d54670d88b45a68d81,9b1204883fa7d93a5b7464b0d50eb87858e007a72c14fe3e34b358df799e7ec9,,
nnPU/generated_geometries/replicate_092_geometry.rds,76189,50ebc61b56b9b528e57e845a5c862c1d,72864ba7ebba53a344203a1c390ddf9cb1663a99dddca63039747d751a49be57,,
nnPU/generated_geometries/replicate_093_geometry.rds,76195,bd53a1c989457361b4503bad82be29a7,43a75c9f0ffcae4e4969b04e358e5bfc490c198111249316265e422e4a526ca4,,
nnPU/generated_geometries/replicate_094_geometry.rds,76343,d59d0fd09440897f2b3e42aa1728863f,1a92c0a28ece61ff4462cb9f76bad3408ba109f56193c12548322f2c6c9481d5,,
nnPU/generated_geometries/replicate_095_geometry.rds,76239,c077b8a2c7d866d6d4f03f35b6c80854,2ca79e72ef7ff44009c16b69b2ce5ae6ee79335cdb6a4187940dbc40e8cc248f,,
nnPU/generated_geometries/replicate_096_geometry.rds,95421,6722b3efb39d61b9136f74d1ad97d6bc,d0a780a57987cd8970f9e3c99583ce83218ac40a38e6c7a08eea96c6285dfe44,,
nnPU/generated_geometries/replicate_097_geometry.rds,89450,ac979bf1be26302031f9c6fe19fe8532,6472ad68d336ff61682229c2fe7781f7c0da0af2e073e3d9232acc1a57057350,,
nnPU/generated_geometries/replicate_098_geometry.rds,76081,1ad761a3a9c53ada2639552ca9a912be,d440aba8c495225792c6b07544181602f8d391ff753883028904f56851c43906,,
nnPU/generated_geometries/replicate_099_geometry.rds,76083,ffc1f45dbf8bd45149cc07776f05abd6,056ccec619424e81268ce4cd8d91908d4d9f72ea396b48a08ab615fd47f6236f,,
nnPU/generated_geometries/replicate_100_geometry.rds,92266,6b77f76457125fc938c5c305430cf272,8866776aac0d8031b7e8e7a9d0cd5c054855a5823daff7c2e371bf9054d87503,,
nnPU/nnpu_FINAL_MAIN_TABLE_means.csv,823,2eb79c71fb7ac6b679faf891d4f6026d,d253321fd8c3556cc07971cf7280974bd7989ff31384b913ffed0f64cbbfd09f,,
nnPU/nnpu_FINAL_PAPER_TABLE_mean_SD.csv,672,b032d997f78ccbe815f057179815ba57,8cc3182e34f5976cb5ae66e8cb5001c944b8d827d84e2a42ccf1ab4d238e3982,,
nnPU/nnpu_SAR_selection_Monte_Carlo_summary.csv,1039,1848454d36c58571072dbbb2829d423d,19d565387ac5499cbe89b038109eb6473547287eaab39e26042cdd106e0c9d0e,,
nnPU/nnpu_SAR_selection_diagnostics_all_positives.csv,633288,1f61c48acd7a5654db5f239585819bdc,e9e55d97b5fd5d09db8612d64a6ddc7ceadf6f5d1c1efb5f9e12cd3961695779,,
nnPU/nnpu_SAR_selection_summary_by_replicate.csv,14471,3fd02a12b6b88a0f283869eb28b212fb,debe639b69dabf962fe2af45061724151a29894570368c3912e09f873a782be8,,
nnPU/nnpu_SAR_simulation_run_config.rds,7971,0444501f0e480f20235b232197d420b2,243b55c6c0e5529ec74db3e017b057ae94f3447dce2abf2c9ba4ad30e7e0f548,,
nnPU/nnpu_SAR_simulation_seed_table.csv,5894,f755be3972037d0abe46407f66ca91e9,e7fcafbdd4cfdd5d039739c14f61b1affa1368e040454a5c2013a960a744753c,,
nnPU/nnpu_all_node_probabilities.csv,23437012,c4c04b90c4b3828a87e46bdd4e7c670b,dfd65f73c9f08ef8ae8a2add9a0102be195215e2da4140314d15cf0648da451f,,
nnPU/nnpu_failure_log.csv,75,f9cea9f131ac5aca5bea2d251c006216,0629a6b5e1064a308a3a7043337e5621fdc3c7c9fa295e2af7c9c464413f8f7a,,
nnPU/nnpu_geometry_summary.csv,24444,7d274d46049b622d4d8d756f3d7dc7f7,2ddf03e55feffe526c56a626473a3139570a0cf9ed18df7af3a4db44e50beae8,,
nnPU/nnpu_metric_summary_long.csv,5661,dd520ca52f61afbcfa5505910d0a26b3,0f21b4d5645b0d6aff5a2b7f01b059a4242a81167c570b0c81342afabdacfe01,,
nnPU/nnpu_metrics_by_replicate.csv,73572,8949a4326b63a0fd20a4d798ad7e25c9,578a891cfbf23951825c23227b57f039341e86b9890b73762bd1f9cd1a6aa856,,
nnPU/nnpu_modularity_summary.csv,13123,57ea20febe9bd5bcb2c691639de68349,294855474030dff2c612acb2537069e55699fdafecfbeb7bf9a5d9c19c62ce03,,
nnPU/nnpu_training_diagnostics.csv,87946,fe1de7b4018d1bb11caa0eafcb99aaa6,f31e20dd585abc259f188af03603e0bf583b09505d9ab215216248dbef51d80d,,
nnPU/replicate_checkpoints/replicate_001.rds,590320,3597efb9bf27c242af715eba69e2fa7b,41d5c488ef9e2e7b6363bb9c8445e508215e84491f9fff2ec115598b3e648b9c,,
nnPU/replicate_checkpoints/replicate_002.rds,602449,bfcd4d027805644fa006bacb47e84c68,e004f46f1cfe74e144d8bde6bc5f4b2738301e16feaf93bb79d7a8c69efba034,,
nnPU/replicate_checkpoints/replicate_003.rds,604065,a0a58bf10ded64d256b03da4c76cec00,4541f24458f6bdf562a930f5d49205576b019628b0f6a9467e094275e99ebc5d,,
nnPU/replicate_checkpoints/replicate_004.rds,593379,aa19fd7b58b7d1ba1efdc03bffe8b6a3,fe1c77498c0cb47d06631d923bf76e29da696a7652ebf180625416d9ed91e4ec,,
nnPU/replicate_checkpoints/replicate_005.rds,607735,4b286079aee67dda6376f541168009c8,fd4382ae49bdcf442b5c32b4484be9ca837fe74cf55e9010eb6912afc573d7ab,,
nnPU/replicate_checkpoints/replicate_006.rds,592483,c58d1f3122b0a008c971d55e7018f595,e17671aaf97954582bbceee9eccb9d0be9c1a64c8bd5da64508fbc3b13fb1dab,,
nnPU/replicate_checkpoints/replicate_007.rds,593563,85364b5d305971177e1bcdaed791d103,9977e78ca0fcbf062887cc948e11b349a5c7778306028e023a281fc66858d5b5,,
nnPU/replicate_checkpoints/replicate_008.rds,599046,8205cf87b0c40650efaaf3246bb8b119,1d8b86c24b45c44d2d89ecb7fe6b0679f88ff18fc2a6eac40fe4cf1488a220b7,,
nnPU/replicate_checkpoints/replicate_009.rds,603979,4739396600bc3cf0a7261fb67fdf998a,ce9113fa98db486040a96d521e77baa051647aa19b436ede2fcba9576c9296ad,,
nnPU/replicate_checkpoints/replicate_010.rds,599759,d95f7bf1eaf9668df7d0730b2f88d400,9dfcbbe70e1def915b361e73fbcbb2039d5db26276bb778c028b8d36bfa6fc8c,,
nnPU/replicate_checkpoints/replicate_011.rds,598620,91eb334dd559bada29c6bfa6c503d9c7,ca99b48de639f17860f16dd7312c48b131211c9b8641f88f96a819f5dcff646d,,
nnPU/replicate_checkpoints/replicate_012.rds,583305,ebaac9b4dd3b83addc77c06513c325d3,f4080fe613dcdb88963ebd9bca9a1d4b33468fbaefb24a8e06677876ca05102d,,
nnPU/replicate_checkpoints/replicate_013.rds,594775,7b6e0c69bbbd0232315384a433be8ca1,2fa07137350f65f34224a03c52c63de8982ea0a483beb679f39d8cf2d1243fb2,,
nnPU/replicate_checkpoints/replicate_014.rds,603894,5ead11a4b55360a91f963f9763b5dbda,e249f52f5bc624ae5ded5418c5b271daff156b109395977c0f6702d70bb73cf2,,
nnPU/replicate_checkpoints/replicate_015.rds,597450,c540d563b90467872e591ec9912a0357,1c9ae93cf6d010cfeb56e1ae5c48ae25e5a53ecc5e0ca662cd132af9e0136baf,,
nnPU/replicate_checkpoints/replicate_016.rds,596289,ad59ebfd486f0028f417592920e5dc09,1bb2f6fc938d1b807fba4eee353a31c4016c12809f713d4eab50463b4e50f015,,
nnPU/replicate_checkpoints/replicate_017.rds,590571,241886901cb8d667945768ad5410834d,5562a1e7fcdf6c5bb8dd250e07d54cf58251f702fd260e0ea9b1894cfe025096,,
nnPU/replicate_checkpoints/replicate_018.rds,592455,a44ffe155a9608ca4e2d835f4f03d608,caa3d06ae18edfe8cf9242ad6eb06a8a5ffe0a071a0d4706975b96c4e82e07e0,,
nnPU/replicate_checkpoints/replicate_019.rds,596551,ed526315f7be501c7200997c173076e4,7425d9e5fb369a7cd8cec52a8c62a159a314fc51b6c2567d1476b7bb17c593ce,,
nnPU/replicate_checkpoints/replicate_020.rds,605814,5b85c7826bbc9336fc9f3cc8fb33008e,c0a5c96a4e63fdfd292adc14c5d5cec498f014017734c7cc4cc5568dcfc1e750,,
nnPU/replicate_checkpoints/replicate_021.rds,602623,0a5b0216824695a244df851df8ac4231,fd600fefad1c6d2fe247b19b27e1bd75a21aa07528c5e3bb3db96ceeb66c9038,,
nnPU/replicate_checkpoints/replicate_022.rds,592114,e464268457eb5a454e704a7687489ec6,0268f4aff64490930cc03e8a7acd2b6b27e2c48cacebd7702dff88a317740f33,,
nnPU/replicate_checkpoints/replicate_023.rds,590995,6510e98e76a830af563e94886da309ba,6116c964784d4fceb21e8f565e6381db50dc6f33f0d8f3639a182dc755b26faf,,
nnPU/replicate_checkpoints/replicate_024.rds,593399,57a55f82ff1e7b2a5154e8e51fcc9b99,e1391dff49c56893c69bd9b7af71afbd9bc3aac319cc7894b25fead0d903010a,,
nnPU/replicate_checkpoints/replicate_025.rds,588919,05a3215f301d1cae0bcde83ad46b54b7,53008d5597bb18273173ab4e3c51721261a2fd8bf50fc8399687dc4369eda74d,,
nnPU/replicate_checkpoints/replicate_026.rds,593700,75f1e5bb7f06b3fa352c6ced65eaffe8,9402b429a962aa1f3bb70891d6438dfe681db025eb08eb7d07664182fb76d5a8,,
nnPU/replicate_checkpoints/replicate_027.rds,596138,827622f2f69175bf1fca71161d341b90,f023a34031f82f2c065db6c85c81e70313780435259fec29023e8da2bedd9696,,
nnPU/replicate_checkpoints/replicate_028.rds,601004,fd8794585baf58c5af7b2232fe7453c9,64e92c02fc4cf19edad305eac6701a5012a8ca219c8f2482832dd61f4ebe2562,,
nnPU/replicate_checkpoints/replicate_029.rds,590763,be357481ce383d57ca0181bd35e7508e,e517edad0e120bc1e0e65bd70f2f3e1967e2ca783475bee4e076e2ec34b1ef06,,
nnPU/replicate_checkpoints/replicate_030.rds,599943,e2760c079428ab8366610884891d46ff,d3678ad05abbba01066732f5529454cb6603d846ccf9f27b8324e36829591bfc,,
nnPU/replicate_checkpoints/replicate_031.rds,592710,7ac4345c998e1aac8e8131504f4febaa,090efd5f71a7e62bf4eb92890ebdb001ec64081578f7b02bb5b118dac99151bc,,
nnPU/replicate_checkpoints/replicate_032.rds,604927,760d16ba5d242eacd11cb8454935fd15,213085f33636b102a44a8b2920831bf39291294b5edde94ea3e3a530453191a7,,
nnPU/replicate_checkpoints/replicate_033.rds,600835,772db5c87ca7033bcf1e0d2aa35d11f7,ccbc79d6d4f87ad4fdf6632086adaa37237812db5768b95e00f7eedddaeeedbe,,
nnPU/replicate_checkpoints/replicate_034.rds,598113,25a03068c6b7e90c1509be845a7b1b0b,d2e47573e5e2e44b63230b6e73b10cec19fb852c9b66dd5d820ddfeb0539d8e4,,
nnPU/replicate_checkpoints/replicate_035.rds,599996,f8aeaa77f6091e4a27175f9bb99d2efb,fd0f1fb1fdc4b761a5b659ba71e4a20957ba9fe08e334b2e69ba8c42b8cfd44c,,
nnPU/replicate_checkpoints/replicate_036.rds,598145,b15c95e8ba76d311e83a39d1160f7d6b,a0b5b3447ee36c70ccba41f0b1df5a6bbec51b0201faa56a3f122162f01d9731,,
nnPU/replicate_checkpoints/replicate_037.rds,600689,50ff724c078e3f9b3367f0845f49ebb5,0d883a925ab34e29f1bac4932aa78092cecea87e73ce70c2277163e63eb938c0,,
nnPU/replicate_checkpoints/replicate_038.rds,604857,55eeff52eaf9d340cc411c74e259ac45,1faed266ff726ec835cca3c66fa54a1b5243b1b43855a07a0504b672a0589300,,
nnPU/replicate_checkpoints/replicate_039.rds,600678,a85481292f7f1aa3c4c155ffc9aad9ef,eb6abce2c455361b89d98f3dbb7362563582eeaa9ffcdfca3becab086395c632,,
nnPU/replicate_checkpoints/replicate_040.rds,600027,8d89ae5c0cf0e7d299dd2a6897822943,77416c1d95c527e8ad85866f919775b1d70df7ac31840271370add6926fe6ce3,,
nnPU/replicate_checkpoints/replicate_041.rds,587029,6510597be6ff5249a0c606de5f59bb41,d1bfbd394a910e627b514aa47253241e0ec79f1f356b8bdbb69b30476b6ee374,,
nnPU/replicate_checkpoints/replicate_042.rds,603234,21e14cb1e3267d1f7bff17dc004e03d8,be171657b4e6c886c5fca5dff0883ebd3f4498fddf35d2a55f3b30f6b695f783,,
nnPU/replicate_checkpoints/replicate_043.rds,590555,8d04f40cdcbc67a8e1d4e2dd5fef4a4a,415ad62731e1b85af06ef8cae63a01e67d6358271f7caea2db1318933bda0545,,
nnPU/replicate_checkpoints/replicate_044.rds,598380,aa249841e623625d8ed4e590b60ef214,31b179bc41f24db5a35a469b649d73848d4f11bab07a3556f7611a1221424a7c,,
nnPU/replicate_checkpoints/replicate_045.rds,589218,5a3930fd4ea70ced9a8f3304e93ae2dc,f18de51b46228b32868154129063dc079533e0ffa347b635068f6cfed2baad12,,
nnPU/replicate_checkpoints/replicate_046.rds,605415,c806d013725e4cc90ab23be289995f47,3dddb44048d80fd76ae4d092de40fea0d177d8c9cd98c9cd5daaecffbeb9c66f,,
nnPU/replicate_checkpoints/replicate_047.rds,605599,b44b143d593336924005f512e76e04df,3c5e031f7af1ef50f67c860d4dbd43de0cf24195cb69f4b8faff770dcb6f7565,,
nnPU/replicate_checkpoints/replicate_048.rds,602561,932f279e8b0bda51ba35cfad57ce5df6,b42095bf569a389d13cc14fa91241289e284560a834d90870be2ddf34fff6a37,,
nnPU/replicate_checkpoints/replicate_049.rds,594971,a2c84001d93d2bce4bcda9c9eb8a69c3,0d3b6eb34862582cd949d7bfdf787b036acaf152b83e35a6af59832eae278b1e,,
nnPU/replicate_checkpoints/replicate_050.rds,593556,8ac0d4034f4c62b3c7de3858ae9f1723,54878ba50ba04be26b97cf158b70bf5a3824d2fedc44dc1672263df2a6bcf067,,
nnPU/replicate_checkpoints/replicate_051.rds,601994,f1bcd50fdfcbc3b24cc24df93567d498,2452f1759a858389f86abb0d61534d3b1960978a835ac52ab3d2ec8a8867f9aa,,
nnPU/replicate_checkpoints/replicate_052.rds,594782,d2567ed3df5d9dae41080ada3430d2d7,9d9f3248ebee7d097aad8561b676a638dde3f3f307f166ae79d482ffb5b27fdd,,
nnPU/replicate_checkpoints/replicate_053.rds,602410,6426369c10d4a8c20e2fdf4784dd99e1,43884f7616018af6bc2827b20f57171716045cf9bf4b7437393600602ad4649a,,
nnPU/replicate_checkpoints/replicate_054.rds,586364,a602943d76b068eb9bd58b0501b53762,26f71a97af5a45bd61e8d64d7a2f700f3f9c58598a4a1ad2318119b21d89fd98,,
nnPU/replicate_checkpoints/replicate_055.rds,600911,07d6c6c1c1b1afdd85cd1b3139256355,bd35db0bff81bcf000d1b0f1dd1cbb98786da7da98b1ea55d16ab38e169b41d9,,
nnPU/replicate_checkpoints/replicate_056.rds,593956,36e74a6c50d21fface3847b9daeb1cce,b096f39dd3f939ec0d175c581fecd7a946c30b8cbfe6ae544b1bb8fa6c97df0e,,
nnPU/replicate_checkpoints/replicate_057.rds,598802,76e0cc05486ba4aab5281c6fed92d7ff,ee684a58b9303e47a7ae2653de2e3a1971479b9e649a376a287a8ff204234d20,,
nnPU/replicate_checkpoints/replicate_058.rds,584338,7a668dcdebcc42bb2d08b2f2a15fb2c5,e8fcc5b065c5a7fe5f85f262569810cd91edde6aefef8f765a53867333227e3a,,
nnPU/replicate_checkpoints/replicate_059.rds,587905,5676f17429f538bfc73a7f6a02f99d0d,f60b9626c0083ca9cc53ac6e5989b2fac41a79ce761d0dbe8bc828e92cf6dc9d,,
nnPU/replicate_checkpoints/replicate_060.rds,592589,1df806a014a40ad0d359b46e958c15e7,ba95501ddb8be08bdd874a110eb12fe3d45ec51d05fbf41a9c9e6f3d7597a038,,
nnPU/replicate_checkpoints/replicate_061.rds,590155,67c8df4e0fba4aa05863e6562605b86c,46f0b6d6f07264726eb32b4fae18d76f9ea7ee6f83b7dac0746411a284e57111,,
nnPU/replicate_checkpoints/replicate_062.rds,600459,b1ad54548fd824caff54c0ed8c069ccf,d9c1a1bb3972af334de03a7a0f82c37071d6c7c0a097006a53de162e930e2423,,
nnPU/replicate_checkpoints/replicate_063.rds,598202,0072a339c9629ab4d1d750481d555de5,d79e15167ce65ebb0d7a3fbc51e36283427a682d1c76228a7d93c8033d58f234,,
nnPU/replicate_checkpoints/replicate_064.rds,605740,6c1e6340ce0d523d1dbf84dd88a11749,eb0ce3e5820ac16f5261ce8e66c64baea5b6c71f72ad402a761546d387562660,,
nnPU/replicate_checkpoints/replicate_065.rds,602032,78e2392da294b78ab1d1f68a2f1e4d96,d5712dad4163cc4ee781ee31c04d7909786fcb803c173380413977b9e3d6f218,,
nnPU/replicate_checkpoints/replicate_066.rds,593630,af0a3452b1e84a604aed4cde046a1842,051ffa4693d7922bf38920f69a776e1eda1d26342fcfd026ad410fcdb2b93aa3,,
nnPU/replicate_checkpoints/replicate_067.rds,596688,85df3e7f6fd00ed9d007c5dece2b7bfb,adc8aecca523acbecb824b1014a39418ae60485962523c2bb788a933aa86e2a9,,
nnPU/replicate_checkpoints/replicate_068.rds,609996,6c1532bac314560b89690da9a5942727,bc330c81af5c5eab9d07b8a1f363b20e7e789fee73ebec9a6cdd6ea651ac8b4b,,
nnPU/replicate_checkpoints/replicate_069.rds,596973,d0f181ddcdbdc2ef7831644f2c48b342,24e442af105b31c811484dc64f406b4862e26b1252316c4b4c3102b39cc9ff38,,
nnPU/replicate_checkpoints/replicate_070.rds,588594,eae110f2d561d592bf3faa1978c4965b,f818482bcccc581a78716a450507b75774dcc5a2c0f3db115e75d0d045c0fa1c,,
nnPU/replicate_checkpoints/replicate_071.rds,599850,4f005dbe90e769809e8b264b2942229c,73d837ced23e29c9abae6c72155610131f043a790bb98da91e791ff5d023bd97,,
nnPU/replicate_checkpoints/replicate_072.rds,588307,4cd00949416f559347663fa327ae8ee9,30e12b78378ed3a98a84c6769a5e6b251e2c0cab4a72f3cbb3e519514ae81514,,
nnPU/replicate_checkpoints/replicate_073.rds,596834,a82c09ccff6fc666217db2aa60d0c5c0,ce8dadf9d472a994703973a1e2b601dead2e71aca546c7a71d880c23807b8806,,
nnPU/replicate_checkpoints/replicate_074.rds,606284,245d72d9a1ce876c6b9780ceab1c8b9b,613c1e59782acaf9c575576aa89cbf9f79181f853982913b19385e45fae6af51,,
nnPU/replicate_checkpoints/replicate_075.rds,600912,b56e692508fc56fd3504ce0d9cceeb6f,5e5c4fe3645c07dbd60748df77a1d0c4f3a528a6344aa106464efb70a84f5c6a,,
nnPU/replicate_checkpoints/replicate_076.rds,593432,62263137678433a508b4eb5e407c5613,a74d1491c972b2556068cad80fc0bb1a1a5b6ad3ac8326a843fbe17071f74a2f,,
nnPU/replicate_checkpoints/replicate_077.rds,595943,a7b1180d5118a720f102be4bb0c78ca9,fc43f6ce50ccb3f8aa59cca1c6fdbe0b0ab0195b3e4eff9d877d6eebc69bd65e,,
nnPU/replicate_checkpoints/replicate_078.rds,598024,ae688c4951b9c1adf5b2470e879128a7,fc032a7771cad880595b75c017360d0c7ce044629e1e6d4e39f08ef84672bef0,,
nnPU/replicate_checkpoints/replicate_079.rds,600151,0d56c711d31191055f49dc5c21626a25,d7594331346933e0ff1e0cfac3d8fbc38acb14011064c93539aa9ed08a470ba8,,
nnPU/replicate_checkpoints/replicate_080.rds,595625,9aedc65cc1c6150003aeb3ee9a5035bd,4337c925cb34e41c618f39ba53edd6c9848aa178e9d51845b8f4cc03e07a4219,,
nnPU/replicate_checkpoints/replicate_081.rds,590705,9e4170135ff10f2d1cd0222d9c2032d1,fdd422e395b74e1baab67eb4588d0cadacebe99f7a8abddd3d6cf2b59f229d7c,,
nnPU/replicate_checkpoints/replicate_082.rds,593354,3982858d1d30a8178859d9264f97edcb,a348eb5e4a06220b36e97d2d6759f303c975fa2f4e4b0b6c078e18d5aa658c12,,
nnPU/replicate_checkpoints/replicate_083.rds,600595,577d73f3cebcdb230284cfa0675533d3,2da6ce3beb51b30af98eb65d8fd07fc8ce22c7d20905dfc6ef8c4350c19b3e49,,
nnPU/replicate_checkpoints/replicate_084.rds,604584,c58beed93d2e0ab68ab8df6a14e1d821,b8ed651ccbd2cf88454ba222db735f8d1ca6b1acaffe4f94a3cc629da9fb4ce1,,
nnPU/replicate_checkpoints/replicate_085.rds,599224,57486ad24aee72b29e966c526ad9e119,8370e9e7d5e97fdcc57dc6d88faab2cf8eed4b9d753b91c64cdbf886e5b22fbf,,
nnPU/replicate_checkpoints/replicate_086.rds,596835,2c58920d0a6bb65b7b8f5a19832d9aa3,14adafadfb59cb807feb9f23a5b526bb1699814fe8e45132093fa9f3c3344983,,
nnPU/replicate_checkpoints/replicate_087.rds,588260,0b52bbff83ef90dab58ac19c1bd577d6,5172ead5309b7992d8fc521cb8d8878ec0b011e68fb48cdfc6e649feeb111426,,
nnPU/replicate_checkpoints/replicate_088.rds,609350,ce8bbbe45f6628d5e865210a42210a96,23a5d32b0d8f3d31ea4d0c4da79cf764e9ae9a5a7c51df8c906485903ecf9735,,
nnPU/replicate_checkpoints/replicate_089.rds,603988,c3db4738a666b2125cc461db623536f3,2158fed2de07564bd372ad5a337d4cbfa8ca2fd20f6d07f65f5a59290ac73f49,,
nnPU/replicate_checkpoints/replicate_090.rds,590288,947d65312d18c58e8c1a01ce9eaa79ba,9c6d1c658b7631cb929185c494b7d0f3b90668c2d0ce8541f7d0e5419e5d67f8,,
nnPU/replicate_checkpoints/replicate_091.rds,589067,4bc60994d11c5421cb88c92890ca2092,d9edeebb515acf100f0d0a15ae3ce6bb1b129c10778133d8ea1e3fe1e934f534,,
nnPU/replicate_checkpoints/replicate_092.rds,599207,58e6b5fc3ef8f7e60d6141c95607d839,0437f6af78cf123f3496df3139f83cbc6bae382a7772d8e02d8ece915a18902f,,
nnPU/replicate_checkpoints/replicate_093.rds,600490,67c0adf5b4551ae848342bea2779ef10,99c27915f347efed002fdd238586d26634466a111521c6a88ea78e7f8d9b2787,,
nnPU/replicate_checkpoints/replicate_094.rds,600463,e0cd04d86fe1f63f6ba74fc26f800882,df79d5a513a4175e99f6b37df5e9cae6204dc4368d5b9dd9c34b31c52331f0ba,,
nnPU/replicate_checkpoints/replicate_095.rds,601223,d9af70bafe1ce79c602c117c81a5466d,81a6691ab23509fd004eb30b5bffbc534c4feb6890647db47e982a56c0319af7,,
nnPU/replicate_checkpoints/replicate_096.rds,598069,5166b25d3ecfd27afdbcf475dba074b9,7a666826650945e37c05a8e2c1903b5795a97c94d494dc0a41eaf353dbc4d683,,
nnPU/replicate_checkpoints/replicate_097.rds,604110,c43e4f1361acd0bace2602434f1cc3a3,3de6c9936bd76ba64e5550bc9af00ceaa740a5690058ef469960e82a8e9b322d,,
nnPU/replicate_checkpoints/replicate_098.rds,594482,80089e976876e7b67572d39ef6caba86,f2258e4e3bab6072b986e9108e2dfc12fe3b53d89867464f787b314b873fc9ef,,
nnPU/replicate_checkpoints/replicate_099.rds,607644,399ccafdb8d5f25234daab3903b56101,975f8e401d9e266cc4502e1c8f0c86ea0033959949c4dc0ffc31e5d83e1c6c94,,
nnPU/replicate_checkpoints/replicate_100.rds,602590,c8ec9ce0d448d482be0919a58bef9e01,83cff61d0ac99a5abe56d658a13cd77ca2f08913e2813b8889ceed2219b05f6a,,
nnPU/sessionInfo_simulation_nnpu_SAR.txt,2335,0fbf03a65a5ae09f5a10e85b5313b9af,aecc1fa95e62063dd0ae80099aa091144d4938a78025f43c91cb366e6d601644,,
