"scenario","replicate","model_key","method","Overall_AUC","Hidden_AUC","Hidden_at_15","Hidden_Recall_at_15","Overall_Recall_at_45","Overall_LogLoss","Hidden_LogLoss","Overall_Brier","Hidden_Brier","Overall_Coverage_80","Hidden_Coverage_80","Overall_Interval_Score_80","Hidden_Interval_Score_80","Overall_Coverage_95","Hidden_Coverage_95","Overall_Interval_Score_95","Hidden_Interval_Score_95","eta_posterior_mean","anchor_max_mean","anchor_max_median","anchor_max_q025","anchor_max_q975","anchor_Pr_over_090","anchor_Pr_over_095","anchor_Pr_over_099","anchor_q99_median","anchor_top5_median","beta0_posterior_mean","runtime_sec"
"Bayesian linear models on linear Gaussian covariates and Bernoulli SBM, fixed mixed-signal SCAR design",1,"cov","Bayesian Linear Cov",0.758810641627543,0.717183098591549,4,0.266666666666667,0.444444444444444,0.308702617204606,2.42376052220784,0.0883889497143267,0.782928942947524,0.955,0.6,0.675,4.6,0.9875,0.8,1.2975,8.79999999999999,NA,0.547808422485301,0.551850507853615,0.277369698077939,0.809969594527274,0.0025,0,0,0.388703719162042,0.457813932200902,-3.06377359361653,30.7201027870178
"Bayesian linear models on linear Gaussian covariates and Bernoulli SBM, fixed mixed-signal SCAR design",2,"cov","Bayesian Linear Cov",0.789796557120501,0.75906103286385,3,0.2,0.355555555555556,0.302007925092367,2.29858647224943,0.0882425266601321,0.765488081006318,0.9525,0.533333333333333,0.7,5.2,0.995,0.933333333333333,0.9725,3.6,NA,0.547159434593626,0.552036515158803,0.280558297780314,0.802698800508104,0.001,0,0,0.394289868135971,0.461892860105814,-3.07967426758871,29.5479280948639
"Bayesian linear models on linear Gaussian covariates and Bernoulli SBM, fixed mixed-signal SCAR design",3,"cov","Bayesian Linear Cov",0.723442879499217,0.618403755868545,2,0.133333333333333,0.4,0.321878081478134,2.64694820708486,0.0911323155318702,0.815223072604242,0.945,0.4,0.7625,6.4,0.995,0.933333333333333,1.05,3.6,NA,0.536538496704894,0.536863653164372,0.256919667672836,0.815367799874918,0.0015,0,0,0.349666827021714,0.422000199011543,-3.00133576493382,29.4313471317291
"Bayesian linear models on linear Gaussian covariates and Bernoulli SBM, fixed mixed-signal SCAR design",4,"cov","Bayesian Linear Cov",0.81189358372457,0.716244131455399,3,0.2,0.422222222222222,0.285924110440477,2.45222170537592,0.0827017304207477,0.758882217327614,0.9525,0.466666666666667,0.7,5.8,0.9975,0.933333333333333,0.775,3.6,NA,0.722132776659634,0.737127958727448,0.46720239211145,0.909555649586657,0.034,0.003,0,0.528203028582173,0.616081814297786,-3.34667428202878,31.0250070095062
"Bayesian linear models on linear Gaussian covariates and Bernoulli SBM, fixed mixed-signal SCAR design",5,"cov","Bayesian Linear Cov",0.779154929577465,0.783661971830986,4,0.266666666666667,0.488888888888889,0.301177950678333,2.19597493108287,0.0865563927839864,0.729392196465832,0.96,0.733333333333333,0.615,3.4,0.9925,0.866666666666667,1.1025,6.19999999999999,NA,0.583318057714027,0.586016687068376,0.275352590091855,0.849227467705707,0.006,5e-04,0,0.391111157717182,0.470381390318143,-3.02800986734788,29.7831370830536
"Bayesian linear models on linear Gaussian covariates and Bernoulli SBM, fixed mixed-signal SCAR design",6,"cov","Bayesian Linear Cov",0.745978090766823,0.682629107981221,1,0.0666666666666667,0.377777777777778,0.316425612574296,2.55344064062991,0.0910125556966662,0.82343129816982,0.945,0.4,0.7725,6.4,1,1,0.7975,1,NA,0.592033080436065,0.592095607554514,0.295103387259002,0.864791238659707,0.012,0.002,0,0.384674672087086,0.469166040644379,-3.02898308370283,30.9339289665222
"Bayesian linear models on linear Gaussian covariates and Bernoulli SBM, fixed mixed-signal SCAR design",7,"cov","Bayesian Linear Cov",0.656338028169014,0.500469483568075,1,0.0666666666666667,0.288888888888889,0.343163522297828,2.80940269881729,0.0965363971437894,0.859441037818329,0.9425,0.266666666666667,0.7825,7.6,0.9925,0.866666666666667,1.24,6.19999999999999,NA,0.346823658143308,0.338974746764706,0.122083860599026,0.615776170349913,0,0,0,0.250936787684916,0.284541652909777,-2.84476479029461,30.744019985199
"Bayesian linear models on linear Gaussian covariates and Bernoulli SBM, fixed mixed-signal SCAR design",8,"cov","Bayesian Linear Cov",0.840688575899843,0.780469483568075,3,0.2,0.511111111111111,0.270915968747516,2.32749536959734,0.0790686727416192,0.742657752692971,0.9625,0.533333333333333,0.5975,5.2,0.995,0.866666666666667,0.8,6.19999999999999,NA,0.880745554567031,0.904487508550832,0.663691333975388,0.983431133059742,0.515,0.2215,0.005,0.581966072866942,0.705469412936133,-3.47159980820415,31.9579429626465
"Bayesian linear models on linear Gaussian covariates and Bernoulli SBM, fixed mixed-signal SCAR design",9,"cov","Bayesian Linear Cov",0.810203442879499,0.724694835680751,4,0.266666666666667,0.444444444444444,0.290828089793798,2.42961323214412,0.0846374223796605,0.755914693810237,0.9575,0.466666666666667,0.6475,5.8,0.99,0.8,1.0975,8.79999999999999,NA,0.761154719411822,0.783958938202645,0.463891645400277,0.955160394525235,0.1425,0.035,0,0.491671709336992,0.603485932585351,-3.27011605565973,29.3483340740204
"Bayesian linear models on linear Gaussian covariates and Bernoulli SBM, fixed mixed-signal SCAR design",10,"cov","Bayesian Linear Cov",0.762942097026604,0.629483568075117,3,0.2,0.377777777777778,0.311522972091803,2.68232392199566,0.0878664434478077,0.806457521318013,0.95,0.266666666666667,0.715,7.6,0.99,0.8,1.1575,8.79999999999999,NA,0.591621845045557,0.600207641787065,0.323464995712835,0.844470432274753,0.002,0,0,0.423365142353428,0.498651960553025,-3.14439470685381,28.0471270084381
"Bayesian linear models on linear Gaussian covariates and Bernoulli SBM, fixed mixed-signal SCAR design",11,"cov","Bayesian Linear Cov",0.728638497652582,0.590610328638498,3,0.2,0.333333333333333,0.32016873948377,2.66384973270494,0.0911138893117983,0.801690205684991,0.9525,0.4,0.7,6.4,0.995,0.866666666666667,1.0125,6.19999999999999,NA,0.527543479847375,0.528305465813764,0.241113676056615,0.793474178022026,0.002,0,0,0.375772148238746,0.439313926162586,-3.00987869811522,30.4956200122833
"Bayesian linear models on linear Gaussian covariates and Bernoulli SBM, fixed mixed-signal SCAR design",12,"cov","Bayesian Linear Cov",0.741283255086072,0.612206572769953,2,0.133333333333333,0.355555555555556,0.316036507818846,2.69508295035299,0.0900949888547666,0.815672647130567,0.94,0.4,0.8075,6.4,0.9925,0.8,1.07,8.79999999999999,NA,0.614305045217768,0.620232172801722,0.316136580418805,0.869294542456574,0.0115,0.001,0,0.398724467889231,0.488846687733176,-3.10606971810456,29.8006920814514
"Bayesian linear models on linear Gaussian covariates and Bernoulli SBM, fixed mixed-signal SCAR design",13,"cov","Bayesian Linear Cov",0.777777777777778,0.775962441314554,4,0.266666666666667,0.466666666666667,0.313722465481547,2.22599099638651,0.0920049457561255,0.760695023917432,0.9525,0.666666666666667,0.6725,4,1,1,0.895,1,NA,0.410362644426735,0.406395981240026,0.176697331593107,0.679409577361824,0,0,0,0.298280710998357,0.341208503124529,-2.9111540304281,31.3105869293213
"Bayesian linear models on linear Gaussian covariates and Bernoulli SBM, fixed mixed-signal SCAR design",14,"cov","Bayesian Linear Cov",0.757809076682316,0.676619718309859,2,0.133333333333333,0.4,0.314358473480045,2.51540409926936,0.0892786729408278,0.785354359091193,0.9575,0.533333333333333,0.6375,5.2,0.99,0.866666666666667,1.2175,6.19999999999999,NA,0.641072418426976,0.654018834921055,0.309427807733736,0.910696824308809,0.0345,0.0025,0,0.380685919033009,0.487998147659571,-3.03360451522589,28.4012730121613
"Bayesian linear models on linear Gaussian covariates and Bernoulli SBM, fixed mixed-signal SCAR design",15,"cov","Bayesian Linear Cov",0.762253521126761,0.72206572769953,3,0.2,0.444444444444444,0.309957613592846,2.40427778469481,0.0884542352992033,0.761056445717089,0.9525,0.466666666666667,0.67,5.8,0.9875,0.866666666666667,1.3125,6.19999999999999,NA,0.533980656337379,0.532050495906851,0.267025351238047,0.79408457016723,5e-04,0,0,0.373306240346592,0.441671412822233,-3.02833508209553,30.6415820121765
"Bayesian linear models on linear Gaussian covariates and Bernoulli SBM, fixed mixed-signal SCAR design",16,"cov","Bayesian Linear Cov",0.812018779342723,0.862347417840376,6,0.4,0.444444444444444,0.300233916683492,1.98686930062307,0.0894675589479548,0.714892675308369,0.95,0.666666666666667,0.71,4,1,1,0.845,1,NA,0.448828897502584,0.443945144202205,0.201240320226011,0.7281812745,0,0,0,0.317200972979419,0.368616957629008,-2.96238698391495,28.3441519737244
"Bayesian linear models on linear Gaussian covariates and Bernoulli SBM, fixed mixed-signal SCAR design",17,"cov","Bayesian Linear Cov",0.763129890453834,0.709483568075117,4,0.266666666666667,0.4,0.312896405849123,2.46359194406925,0.0893387815451924,0.770770648083507,0.945,0.4,0.77,6.4,0.995,0.866666666666667,1.01,6.19999999999999,NA,0.543940817553684,0.546166209285496,0.252511158750104,0.838157101158827,0.005,0,0,0.36395971085309,0.443949970656433,-3.01061637503179,27.9526641368866
"Bayesian linear models on linear Gaussian covariates and Bernoulli SBM, fixed mixed-signal SCAR design",18,"cov","Bayesian Linear Cov",0.764507042253521,0.786478873239437,4,0.266666666666667,0.422222222222222,0.311878602219138,2.27339812190872,0.0899253546566098,0.770187745529681,0.9475,0.6,0.7275,4.6,0.995,0.933333333333333,1.065,3.6,NA,0.506842791149662,0.504623989612825,0.220697201464486,0.803295278375562,0.0015,0,0,0.324727590035133,0.394494837096299,-2.95107076820362,28.8878090381622
"Bayesian linear models on linear Gaussian covariates and Bernoulli SBM, fixed mixed-signal SCAR design",19,"cov","Bayesian Linear Cov",0.77358372456964,0.829295774647887,5,0.333333333333333,0.422222222222222,0.317261862762975,2.14045064508257,0.0924842377164442,0.744158739091425,0.9525,0.666666666666667,0.65,4,1,1,0.96,1,NA,0.451261730832186,0.442264765952165,0.110670387784754,0.83758033521931,0.006,5e-04,0,0.253934040061615,0.319942868028448,-2.82953773852105,28.7868719100952
"Bayesian linear models on linear Gaussian covariates and Bernoulli SBM, fixed mixed-signal SCAR design",20,"cov","Bayesian Linear Cov",0.775712050078247,0.72131455399061,3,0.2,0.333333333333333,0.309081299570932,2.41956684780374,0.0899072803547752,0.789249095348071,0.9525,0.466666666666667,0.69,5.8,0.9925,0.933333333333333,1.1075,3.6,NA,0.589686165888383,0.597611161713184,0.283668511631412,0.852222399278036,0.0035,0,0,0.397004621111681,0.484532784861018,-3.0571078701261,30.8591458797455
"Bayesian linear models on linear Gaussian covariates and Bernoulli SBM, fixed mixed-signal SCAR design",21,"cov","Bayesian Linear Cov",0.753051643192488,0.710422535211268,4,0.266666666666667,0.466666666666667,0.312069969674997,2.42281522036416,0.0886265263734247,0.782015691462872,0.955,0.6,0.655,4.6,0.9925,0.933333333333333,1.1325,3.6,NA,0.617680964487131,0.625700165613059,0.273307527780931,0.896696645721339,0.0205,0.0025,0,0.360855188966048,0.472861769913361,-3.01618071159484,29.7102780342102
"Bayesian linear models on linear Gaussian covariates and Bernoulli SBM, fixed mixed-signal SCAR design",22,"cov","Bayesian Linear Cov",0.782347417840376,0.726572769953052,4,0.266666666666667,0.4,0.29978393893174,2.38851134040119,0.0860764929180344,0.766800338969581,0.945,0.333333333333333,0.7675,7,0.9925,1,1.0325,1,NA,0.734202275237332,0.759147468454558,0.390177281571677,0.944684139026388,0.119,0.018,5e-04,0.423099018611237,0.532344451078574,-3.13386377495094,30.941684961319
"Bayesian linear models on linear Gaussian covariates and Bernoulli SBM, fixed mixed-signal SCAR design",23,"cov","Bayesian Linear Cov",0.755305164319249,0.702159624413146,3,0.2,0.377777777777778,0.315817663022658,2.43809542311241,0.0919328573460785,0.800263390729194,0.945,0.466666666666667,0.77,5.8,0.9975,1,0.925,1,NA,0.48269776661756,0.48328438778301,0.218187357821977,0.755134366688555,0,0,0,0.331102667775851,0.394107957603228,-2.99346826660111,30.4148020744324
"Bayesian linear models on linear Gaussian covariates and Bernoulli SBM, fixed mixed-signal SCAR design",24,"cov","Bayesian Linear Cov",0.77283255086072,0.786854460093897,3,0.2,0.4,0.318502073734014,2.24559420349037,0.0929419394753656,0.77447376944098,0.95,0.6,0.7025,4.6,0.9975,1,1.035,1,NA,0.369811904084898,0.361837782773269,0.122985499674327,0.645131083813832,0,0,0,0.266604671901916,0.303432598455883,-2.87381148442844,30.6452620029449
"Bayesian linear models on linear Gaussian covariates and Bernoulli SBM, fixed mixed-signal SCAR design",25,"cov","Bayesian Linear Cov",0.791862284820031,0.728075117370892,3,0.2,0.444444444444444,0.29563759712329,2.34167150366357,0.0846021759161401,0.742977504804545,0.9475,0.466666666666667,0.7175,5.8,0.9925,0.866666666666667,1.07,6.19999999999999,NA,0.7476301530315,0.770620200579201,0.425475709357818,0.948116442120793,0.123,0.024,0,0.479776092174369,0.591635499538346,-3.12058141136647,31.2325768470764
"Bayesian linear models on linear Gaussian covariates and Bernoulli SBM, fixed mixed-signal SCAR design",26,"cov","Bayesian Linear Cov",0.725696400625978,0.627793427230047,3,0.2,0.377777777777778,0.324059192165324,2.62631276481879,0.0916860217965789,0.799926551528548,0.94,0.333333333333333,0.805,7,0.99,0.8,1.24,8.79999999999999,NA,0.475391302413459,0.476665487399015,0.209790183416895,0.748212206222483,0,0,0,0.342470923195913,0.396876424372654,-2.97719031445258,30.1348071098328
"Bayesian linear models on linear Gaussian covariates and Bernoulli SBM, fixed mixed-signal SCAR design",27,"cov","Bayesian Linear Cov",0.769765258215962,0.7581220657277,5,0.333333333333333,0.377777777777778,0.314418301346589,2.25777581497732,0.0915687319925479,0.763352832604602,0.9475,0.533333333333333,0.7375,5.2,0.9975,1,1,1,NA,0.458193284696428,0.457641779548996,0.154966131626061,0.785888047228698,5e-04,0,0,0.295254090103282,0.359565486897675,-2.90956051363747,31.2380499839783
"Bayesian linear models on linear Gaussian covariates and Bernoulli SBM, fixed mixed-signal SCAR design",28,"cov","Bayesian Linear Cov",0.75981220657277,0.696525821596244,2,0.133333333333333,0.377777777777778,0.308298705112479,2.48560307728385,0.0876232379117181,0.800366228305775,0.95,0.4,0.7275,6.4,0.9925,1,1.085,1,NA,0.706760320516593,0.732566917080036,0.363145590677404,0.941869896976318,0.0915,0.0175,0,0.414457550190865,0.537708002496896,-3.08491240583469,30.6572599411011
"Bayesian linear models on linear Gaussian covariates and Bernoulli SBM, fixed mixed-signal SCAR design",29,"cov","Bayesian Linear Cov",0.734773082942097,0.628732394366197,2,0.133333333333333,0.288888888888889,0.323216494251252,2.58874147870948,0.0928529025230129,0.81569512002752,0.9425,0.266666666666667,0.76,7.6,0.9975,0.933333333333333,0.96,3.6,NA,0.516492362009393,0.514657918345711,0.225883943029069,0.812514002011192,0.001,0,0,0.336922619695912,0.412014793227494,-2.96886493708815,30.5894138813019
"Bayesian linear models on linear Gaussian covariates and Bernoulli SBM, fixed mixed-signal SCAR design",30,"cov","Bayesian Linear Cov",0.747793427230047,0.772957746478873,4,0.266666666666667,0.4,0.314459602495598,2.26076876307351,0.0905587458843929,0.766107722690068,0.95,0.6,0.69,4.6,1,1,0.92,1,NA,0.443025037150953,0.441338012698822,0.179226640433594,0.73273245409013,0,0,0,0.320342889995838,0.375043491493929,-2.90122529382262,29.1705918312073
"Bayesian linear models on linear Gaussian covariates and Bernoulli SBM, fixed mixed-signal SCAR design",31,"cov","Bayesian Linear Cov",0.741032863849765,0.697840375586854,4,0.266666666666667,0.422222222222222,0.318639717802645,2.42068693713761,0.0917071721958043,0.789558252368296,0.95,0.466666666666667,0.6925,5.8,0.995,0.866666666666667,1.0775,6.19999999999999,NA,0.460835839691543,0.456098021746818,0.199876541454968,0.754407026827921,0,0,0,0.314378250828525,0.371741345447284,-2.93553586081159,30.1909670829773
"Bayesian linear models on linear Gaussian covariates and Bernoulli SBM, fixed mixed-signal SCAR design",32,"cov","Bayesian Linear Cov",0.718184663536776,0.68150234741784,3,0.2,0.355555555555556,0.330544590265265,2.51224680284375,0.0944905285440906,0.816046384619223,0.95,0.533333333333333,0.68,5.2,0.995,0.933333333333333,1.14,3.6,NA,0.361411074149428,0.352482859724553,0.129247222810634,0.630498478798757,0,0,0,0.264241362729516,0.300555033454056,-2.85696263277228,31.6171851158142
"Bayesian linear models on linear Gaussian covariates and Bernoulli SBM, fixed mixed-signal SCAR design",33,"cov","Bayesian Linear Cov",0.816964006259781,0.763755868544601,4,0.266666666666667,0.4,0.288095788946144,2.28378562740757,0.0841307466819091,0.746511013739813,0.965,0.533333333333333,0.575,5.2,0.995,1,0.8875,1,NA,0.725537971867609,0.746224193687632,0.417634537614306,0.94146569113553,0.081,0.0165,0,0.461044733659783,0.581199133119973,-3.22880802458037,31.3553609848022
"Bayesian linear models on linear Gaussian covariates and Bernoulli SBM, fixed mixed-signal SCAR design",34,"cov","Bayesian Linear Cov",0.704663536776213,0.658967136150235,4,0.266666666666667,0.355555555555556,0.328525169627644,2.47207928689813,0.0939924175973293,0.807240916282845,0.93,0.266666666666667,0.885,7.6,0.9975,0.933333333333333,1.0325,3.6,NA,0.394028087132062,0.386234746652132,0.140420733164375,0.681373836544858,0,0,0,0.273325113034464,0.322159486878127,-2.86104918250766,30.9563870429993
"Bayesian linear models on linear Gaussian covariates and Bernoulli SBM, fixed mixed-signal SCAR design",35,"cov","Bayesian Linear Cov",0.806322378716745,0.772018779342723,3,0.2,0.466666666666667,0.29453020218276,2.3244586126428,0.085156194870573,0.75339651306858,0.96,0.533333333333333,0.6025,5.2,0.9925,0.866666666666667,1.0525,6.19999999999999,NA,0.750077157163843,0.774043197879996,0.443753604392251,0.945832974287428,0.1225,0.02,0,0.47629081976943,0.586795648209249,-3.13481985394628,28.4844739437103
"Bayesian linear models on linear Gaussian covariates and Bernoulli SBM, fixed mixed-signal SCAR design",36,"cov","Bayesian Linear Cov",0.726447574334898,0.698967136150235,2,0.133333333333333,0.422222222222222,0.32443992286764,2.43640899381187,0.0930546727960892,0.804799349771885,0.945,0.4,0.7325,6.4,0.9975,1,1.015,1,NA,0.423738621847427,0.415532225054534,0.159033344965906,0.729548783068595,5e-04,0,0,0.282258108141124,0.33640489103758,-2.90239120025407,31.1911089420319
"Bayesian linear models on linear Gaussian covariates and Bernoulli SBM, fixed mixed-signal SCAR design",37,"cov","Bayesian Linear Cov",0.756619718309859,0.667981220657277,6,0.4,0.466666666666667,0.307254603861158,2.40493739037367,0.0873308137034324,0.734636803650045,0.955,0.533333333333333,0.6575,5.2,0.9925,0.866666666666667,1.0975,6.19999999999999,NA,0.569099335631274,0.561699151002438,0.272212594237488,0.895099389902637,0.0215,0.0025,0,0.376235837378061,0.449169352808788,-3.02989334930795,31.086562871933
"Bayesian linear models on linear Gaussian covariates and Bernoulli SBM, fixed mixed-signal SCAR design",38,"cov","Bayesian Linear Cov",0.758059467918623,0.770140845070423,4,0.266666666666667,0.444444444444444,0.313769957958891,2.30305332659916,0.0904472700041349,0.760478134774695,0.9475,0.533333333333333,0.7075,5.2,0.9975,0.933333333333333,0.9675,3.6,NA,0.498417973503571,0.493856745087329,0.204066962386378,0.810604444665784,0.0035,5e-04,0,0.327641589455736,0.393896834730542,-2.92866777328182,29.7911779880524
"Bayesian linear models on linear Gaussian covariates and Bernoulli SBM, fixed mixed-signal SCAR design",39,"cov","Bayesian Linear Cov",0.741032863849765,0.657652582159624,4,0.266666666666667,0.4,0.321720561875572,2.55935531371893,0.091733241875431,0.797673793706575,0.9525,0.466666666666667,0.6975,5.8,0.9925,0.866666666666667,1.125,6.19999999999999,NA,0.482290910444684,0.47931523600729,0.215836747023072,0.774428357436077,5e-04,0,0,0.316945049606972,0.380569917864863,-2.99420073691312,31.7785980701447
"Bayesian linear models on linear Gaussian covariates and Bernoulli SBM, fixed mixed-signal SCAR design",40,"cov","Bayesian Linear Cov",0.791486697965571,0.739530516431925,6,0.4,0.466666666666667,0.298653602947555,2.20998981994464,0.0872690496371986,0.718626941727222,0.96,0.666666666666667,0.625,4,0.9975,0.933333333333333,0.9025,3.6,NA,0.529016040127091,0.527538389958214,0.252553515531919,0.816329565751821,0.0015,0,0,0.371485545015647,0.431386090987182,-3.05018242785413,29.8058681488037
"Bayesian linear models on linear Gaussian covariates and Bernoulli SBM, fixed mixed-signal SCAR design",41,"cov","Bayesian Linear Cov",0.782472613458529,0.683192488262911,4,0.266666666666667,0.533333333333333,0.297660594913198,2.4938690881685,0.0845921371263385,0.74467747379895,0.955,0.533333333333333,0.6525,5.2,0.9875,0.733333333333333,1.205,11.4,NA,0.621896029561813,0.623437412794878,0.364033955353665,0.85519525077607,0.004,0,0,0.465002598324559,0.532604249421906,-3.21161888675337,31.2174758911133
"Bayesian linear models on linear Gaussian covariates and Bernoulli SBM, fixed mixed-signal SCAR design",42,"cov","Bayesian Linear Cov",0.748356807511737,0.643380281690141,1,0.0666666666666667,0.4,0.320741239138004,2.64010640387479,0.0920340019391967,0.831145984734678,0.945,0.333333333333333,0.76,7,0.995,0.933333333333333,1.04,3.6,NA,0.571290350312123,0.572428913387193,0.245352238010729,0.867540937971908,0.0095,0.001,0,0.347988416517767,0.429888785930124,-3.01260420978456,30.5102620124817
"Bayesian linear models on linear Gaussian covariates and Bernoulli SBM, fixed mixed-signal SCAR design",43,"cov","Bayesian Linear Cov",0.764006259780908,0.767136150234742,4,0.266666666666667,0.355555555555556,0.315955845708669,2.31044570416141,0.0916822601777977,0.786240709717595,0.955,0.533333333333333,0.65,5.2,0.995,1,1.1075,1,NA,0.424349345937925,0.416120095706447,0.174514626285782,0.714774004822,0,0,0,0.299126815645331,0.346452672000053,-2.91392796575438,31.1385099887848
"Bayesian linear models on linear Gaussian covariates and Bernoulli SBM, fixed mixed-signal SCAR design",44,"cov","Bayesian Linear Cov",0.768513302034429,0.637558685446009,2,0.133333333333333,0.355555555555556,0.310565295744003,2.75653626905437,0.0891740212479871,0.833535490868758,0.9525,0.266666666666667,0.7075,7.6,0.99,0.866666666666667,1.1025,6.19999999999999,NA,0.671645517804351,0.681576655331265,0.380985468699201,0.90454833340577,0.028,0.002,0,0.447168684374411,0.55347139678961,-3.18304125665365,29.397561788559
"Bayesian linear models on linear Gaussian covariates and Bernoulli SBM, fixed mixed-signal SCAR design",45,"cov","Bayesian Linear Cov",0.822597809076682,0.785915492957746,4,0.266666666666667,0.444444444444444,0.287986042874568,2.17012465603817,0.0842613724741397,0.718282536412879,0.9625,0.6,0.5825,4.6,0.99,0.866666666666667,1.1275,6.19999999999999,NA,0.620586332079038,0.62637688043733,0.347675660831692,0.858098811757052,0.0055,5e-04,0,0.460144164020218,0.534492958518011,-3.13414799327023,30.9144189357758
"Bayesian linear models on linear Gaussian covariates and Bernoulli SBM, fixed mixed-signal SCAR design",46,"cov","Bayesian Linear Cov",0.783599374021909,0.616338028169014,2,0.133333333333333,0.4,0.301134923672458,2.83556294794976,0.086229056154195,0.817786047128363,0.96,0.4,0.635,6.4,0.985,0.6,1.24,16.6,NA,0.85170953488073,0.886231439654081,0.550503938053385,0.985805650784772,0.4455,0.2155,0.014,0.501151724294484,0.624315488885426,-3.33055627833834,31.8172590732574
"Bayesian linear models on linear Gaussian covariates and Bernoulli SBM, fixed mixed-signal SCAR design",47,"cov","Bayesian Linear Cov",0.800438184663537,0.802253521126761,3,0.2,0.355555555555556,0.308107266494947,2.21471784432871,0.0909040173252337,0.762738659054825,0.95,0.666666666666667,0.705,4,0.9975,1,0.9825,1,NA,0.471552261712277,0.469333459726676,0.207600250312452,0.742040878468761,5e-04,0,0,0.336709524082084,0.393660726992379,-2.9597515504025,30.1911089420319
"Bayesian linear models on linear Gaussian covariates and Bernoulli SBM, fixed mixed-signal SCAR design",48,"cov","Bayesian Linear Cov",0.741721439749609,0.628732394366197,2,0.133333333333333,0.333333333333333,0.320185284050814,2.59163153420669,0.092353854540769,0.807752430549633,0.9425,0.266666666666667,0.79,7.6,0.9975,0.933333333333333,0.925,3.6,NA,0.488448151435474,0.481697450393447,0.219114352158059,0.779122834407449,5e-04,0,0,0.336467655531055,0.393650279840968,-2.99821319395308,29.3366370201111
"Bayesian linear models on linear Gaussian covariates and Bernoulli SBM, fixed mixed-signal SCAR design",49,"cov","Bayesian Linear Cov",0.729953051643192,0.630798122065728,3,0.2,0.377777777777778,0.321644506161437,2.64660269798348,0.0900340923170435,0.793011998595462,0.9475,0.466666666666667,0.7375,5.8,0.9875,0.733333333333333,1.31,11.4,NA,0.569435648532303,0.569474640919251,0.271095565787091,0.874840516145394,0.0135,0.001,0,0.368022437984873,0.449626471067209,-3.01448367391084,30.7993490695953
"Bayesian linear models on linear Gaussian covariates and Bernoulli SBM, fixed mixed-signal SCAR design",50,"cov","Bayesian Linear Cov",0.809702660406886,0.784225352112676,4,0.266666666666667,0.466666666666667,0.283171924801671,2.16970292273516,0.0813106774026046,0.714421460505221,0.9625,0.733333333333333,0.595,3.4,0.9825,0.8,1.3975,8.79999999999999,NA,0.807964588558376,0.835421021133996,0.477688258080517,0.977530535687086,0.286,0.106,0.004,0.470585518088137,0.61623194057863,-3.20915607574602,31.2606339454651
"Bayesian linear models on linear Gaussian covariates and Bernoulli SBM, fixed mixed-signal SCAR design",51,"cov","Bayesian Linear Cov",0.727949921752739,0.737089201877934,2,0.133333333333333,0.333333333333333,0.333783759183653,2.42394837758891,0.0964122263943122,0.820711167259157,0.9325,0.4,0.815,6.4,1,1,0.985,1,NA,0.337465614123758,0.317388212235217,0.0928945026531236,0.669507982553901,5e-04,0,0,0.226476384177056,0.262742264989851,-2.78590628715786,30.4141139984131
"Bayesian linear models on linear Gaussian covariates and Bernoulli SBM, fixed mixed-signal SCAR design",52,"cov","Bayesian Linear Cov",0.762629107981221,0.745352112676056,4,0.266666666666667,0.377777777777778,0.323061683274011,2.34505850684513,0.0941613048924015,0.790192629383181,0.955,0.6,0.655,4.6,0.9975,0.933333333333333,1.0475,3.6,NA,0.368901131182623,0.360566904384482,0.125726364056912,0.658032086483152,0,0,0,0.258240194499008,0.302757235719851,-2.86634991631667,30.2778120040894
"Bayesian linear models on linear Gaussian covariates and Bernoulli SBM, fixed mixed-signal SCAR design",53,"cov","Bayesian Linear Cov",0.74679186228482,0.700093896713615,4,0.266666666666667,0.377777777777778,0.311621898530558,2.41342244624452,0.0887205077555854,0.783200274839966,0.945,0.4,0.755,6.4,0.995,1,1.025,1,NA,0.593793096607545,0.60376120474323,0.281604276404965,0.867192744843762,0.0085,0,0,0.372525378275688,0.461842016388616,-3.01577033300108,30.5443298816681
"Bayesian linear models on linear Gaussian covariates and Bernoulli SBM, fixed mixed-signal SCAR design",54,"cov","Bayesian Linear Cov",0.758935837245696,0.683943661971831,2,0.133333333333333,0.355555555555556,0.313637822366016,2.55408315494537,0.0898205853315972,0.797817475846168,0.94,0.333333333333333,0.81,7,0.9925,0.866666666666667,1.1125,6.19999999999999,NA,0.55008228434864,0.549578284808241,0.293960625993233,0.812710193801866,5e-04,0,0,0.405505542393491,0.466790716825812,-3.04354419112522,30.388986825943
"Bayesian linear models on linear Gaussian covariates and Bernoulli SBM, fixed mixed-signal SCAR design",55,"cov","Bayesian Linear Cov",0.801752738654147,0.709671361502347,5,0.333333333333333,0.511111111111111,0.292494626228669,2.48045463075343,0.0837032496307261,0.741700301490264,0.9575,0.533333333333333,0.655,5.2,0.9875,0.8,1.145,8.79999999999999,NA,0.704238246595187,0.718104780193499,0.416227156181853,0.920786856188972,0.0455,0.0045,0,0.486806281850187,0.588116234876099,-3.27699527957665,31.4901149272919
"Bayesian linear models on linear Gaussian covariates and Bernoulli SBM, fixed mixed-signal SCAR design",56,"cov","Bayesian Linear Cov",0.76131455399061,0.556431924882629,3,0.2,0.422222222222222,0.309015231006654,2.92602845867005,0.0867074469207451,0.792260812524138,0.9525,0.333333333333333,0.7025,7,0.99,0.733333333333333,1.1025,11.4,NA,0.72517086608541,0.740869736903612,0.451312434483844,0.930431789551555,0.0675,0.0085,0,0.498640402390833,0.601416774994572,-3.27521163063718,29.8184521198273
"Bayesian linear models on linear Gaussian covariates and Bernoulli SBM, fixed mixed-signal SCAR design",57,"cov","Bayesian Linear Cov",0.777715179968701,0.785915492957746,5,0.333333333333333,0.4,0.311852597355737,2.19673389970206,0.0912107689438925,0.756065323187408,0.9425,0.533333333333333,0.78,5.2,0.9975,1,0.9825,1,NA,0.452162440554688,0.444746816778724,0.184073181937302,0.765355454795956,5e-04,0,0,0.301864390922231,0.359175518820012,-2.91668653436633,28.504823923111
"Bayesian linear models on linear Gaussian covariates and Bernoulli SBM, fixed mixed-signal SCAR design",58,"cov","Bayesian Linear Cov",0.772018779342723,0.687511737089202,2,0.133333333333333,0.377777777777778,0.309526323113581,2.56406997440188,0.0895081658164931,0.811492119582478,0.9475,0.4,0.7325,6.4,0.9925,0.933333333333333,1.055,3.6,NA,0.587949396765466,0.588887708203348,0.31641790627692,0.853634526601407,0.007,5e-04,0,0.400970076714364,0.477594279885391,-3.11548397078398,29.0669560432434
"Bayesian linear models on linear Gaussian covariates and Bernoulli SBM, fixed mixed-signal SCAR design",59,"cov","Bayesian Linear Cov",0.718810641627543,0.660845070422535,0,0,0.222222222222222,0.334559732751474,2.63565504109962,0.0960109611323276,0.847229349817037,0.9425,0.266666666666667,0.7775,7.6,0.995,0.866666666666667,1.1325,6.19999999999999,NA,0.415537255168379,0.410043404278161,0.148549780820636,0.713638884228302,0,0,0,0.281754954724134,0.335578062889104,-2.87795103675788,30.7977240085602
"Bayesian linear models on linear Gaussian covariates and Bernoulli SBM, fixed mixed-signal SCAR design",60,"cov","Bayesian Linear Cov",0.725133020344288,0.72056338028169,3,0.2,0.4,0.330039651100436,2.39465862711362,0.095433696429011,0.806902426782461,0.94,0.533333333333333,0.7675,5.2,1,1,0.9725,1,NA,0.31708524402006,0.301459576393827,0.0947564303017756,0.626383452150544,0,0,0,0.225833578572629,0.257568215707434,-2.81097127117503,31.3230519294739
"Bayesian linear models on linear Gaussian covariates and Bernoulli SBM, fixed mixed-signal SCAR design",61,"cov","Bayesian Linear Cov",0.809201877934272,0.764507042253521,4,0.266666666666667,0.466666666666667,0.290553589391986,2.31858199946029,0.084830387485286,0.754156812180816,0.965,0.6,0.575,4.6,0.99,0.933333333333333,1.08,3.6,NA,0.685197882184649,0.702711347547301,0.377740433868009,0.906548150002305,0.0315,0.002,0,0.454881465440539,0.553678472620615,-3.23658475870926,31.0297820568085
"Bayesian linear models on linear Gaussian covariates and Bernoulli SBM, fixed mixed-signal SCAR design",62,"cov","Bayesian Linear Cov",0.716807511737089,0.603004694835681,2,0.133333333333333,0.311111111111111,0.329119049298572,2.69297025308299,0.0926829657443592,0.821596514800712,0.9475,0.333333333333333,0.7225,7,0.9925,0.866666666666667,1.1775,6.19999999999999,NA,0.518413074094887,0.517403815518346,0.209525500452558,0.813472414242617,0.003,5e-04,0,0.334896175664033,0.415187789887915,-2.94580612495705,30.1986360549927
"Bayesian linear models on linear Gaussian covariates and Bernoulli SBM, fixed mixed-signal SCAR design",63,"cov","Bayesian Linear Cov",0.78679186228482,0.738591549295775,4,0.266666666666667,0.488888888888889,0.293460851902106,2.31177209142696,0.0835711062214331,0.743101463040568,0.955,0.466666666666667,0.655,5.8,0.9925,0.933333333333333,1.045,3.6,NA,0.677136476007277,0.693342438230188,0.366960158686958,0.907638405564963,0.0315,0.0035,0,0.467120610332932,0.562405483150968,-3.14896216386059,30.022262096405
"Bayesian linear models on linear Gaussian covariates and Bernoulli SBM, fixed mixed-signal SCAR design",64,"cov","Bayesian Linear Cov",0.768951486697966,0.691455399061033,1,0.0666666666666667,0.422222222222222,0.307284461246905,2.54330765271424,0.0882429791141523,0.807201956854332,0.95,0.4,0.725,6.4,0.99,0.933333333333333,1.1225,3.6,NA,0.592875548191681,0.596657089303063,0.321826606901546,0.843445042419345,0.0045,5e-04,0,0.416565773117501,0.491188183939176,-3.14903099303899,29.860249042511
"Bayesian linear models on linear Gaussian covariates and Bernoulli SBM, fixed mixed-signal SCAR design",65,"cov","Bayesian Linear Cov",0.742597809076682,0.683568075117371,3,0.2,0.422222222222222,0.317124945009737,2.51077489159373,0.0905826665277994,0.802823184540745,0.95,0.533333333333333,0.7225,5.2,0.99,0.866666666666667,1.2425,6.19999999999999,NA,0.538171447440974,0.534474549858786,0.251386434613348,0.832647347083899,0.0025,5e-04,0,0.354410367785424,0.433820268839387,-3.00637182001835,30.7608478069305
"Bayesian linear models on linear Gaussian covariates and Bernoulli SBM, fixed mixed-signal SCAR design",66,"cov","Bayesian Linear Cov",0.793552425665102,0.772206572769953,4,0.266666666666667,0.466666666666667,0.29442298377711,2.25295519936309,0.0851095448598995,0.7517568554172,0.9625,0.6,0.615,4.6,0.9975,1,0.86,1,NA,0.676238031940881,0.694270567966829,0.372049983096108,0.902013641228304,0.0265,0.002,0,0.448606880479637,0.552012835648618,-3.11891133577261,28.0411920547485
"Bayesian linear models on linear Gaussian covariates and Bernoulli SBM, fixed mixed-signal SCAR design",67,"cov","Bayesian Linear Cov",0.750485133020344,0.68075117370892,2,0.133333333333333,0.422222222222222,0.317819122433013,2.5449366080211,0.0911151657533767,0.802987811128278,0.9475,0.533333333333333,0.7275,5.2,0.99,0.866666666666667,1.2275,6.19999999999999,NA,0.523290404251299,0.518732787338477,0.245302454969612,0.814190528538144,0.0015,0,0,0.36022043078728,0.42167246446664,-2.99684380112114,29.5341770648956
"Bayesian linear models on linear Gaussian covariates and Bernoulli SBM, fixed mixed-signal SCAR design",68,"cov","Bayesian Linear Cov",0.721064162754304,0.658215962441315,3,0.2,0.377777777777778,0.321976637253451,2.45633746089453,0.0915842891949971,0.793758984885179,0.9375,0.333333333333333,0.815,7,0.9975,1,1.015,1,NA,0.507944699497537,0.508802028063972,0.19415169013818,0.818597657788154,0.003,5e-04,0,0.316038363359639,0.401132057183416,-2.90934726254461,28.2247760295868
"Bayesian linear models on linear Gaussian covariates and Bernoulli SBM, fixed mixed-signal SCAR design",69,"cov","Bayesian Linear Cov",0.791111111111111,0.729014084507042,4,0.266666666666667,0.444444444444444,0.3003662253612,2.39039921219766,0.0868572673060216,0.756606789354092,0.9575,0.6,0.655,4.6,0.9925,0.866666666666667,1.0275,6.19999999999999,NA,0.695539436359367,0.717106300472535,0.37691712224959,0.928056178516888,0.061,0.0105,0,0.406056424644564,0.534697249328448,-3.16274570573988,29.0734360218048
"Bayesian linear models on linear Gaussian covariates and Bernoulli SBM, fixed mixed-signal SCAR design",70,"cov","Bayesian Linear Cov",0.757558685446009,0.734272300469484,3,0.2,0.311111111111111,0.316734298574938,2.34975223207665,0.0921226392587139,0.779025687844192,0.94,0.533333333333333,0.8,5.2,0.9975,0.933333333333333,0.96,3.6,NA,0.435212281650207,0.429357147042449,0.180245868877968,0.719796683778362,0,0,0,0.303692711807583,0.353543337101031,-2.95234616539151,26.2977850437164
"Bayesian linear models on linear Gaussian covariates and Bernoulli SBM, fixed mixed-signal SCAR design",71,"cov","Bayesian Linear Cov",0.791737089201878,0.71830985915493,5,0.333333333333333,0.466666666666667,0.298374464326313,2.35527899154658,0.0864042675403593,0.738417838966492,0.9525,0.533333333333333,0.7075,5.2,0.99,0.8,1.12,8.79999999999999,NA,0.606861776089784,0.617555385954504,0.321952403365583,0.85227877130416,0.0075,0,0,0.4127008313904,0.502689437126929,-3.14092875953969,27.2398490905762
"Bayesian linear models on linear Gaussian covariates and Bernoulli SBM, fixed mixed-signal SCAR design",72,"cov","Bayesian Linear Cov",0.728012519561815,0.690328638497653,1,0.0666666666666667,0.288888888888889,0.326633029566487,2.50793885554318,0.0939085683218391,0.827374492395935,0.93,0.333333333333333,0.885,7,0.9975,1,1.015,1,NA,0.413889852699936,0.406419571645427,0.167584745236511,0.69930033798584,0,0,0,0.286784833527896,0.337579150375737,-2.90808679670403,27.0423529148102
"Bayesian linear models on linear Gaussian covariates and Bernoulli SBM, fixed mixed-signal SCAR design",73,"cov","Bayesian Linear Cov",0.713176838810642,0.663098591549296,2,0.133333333333333,0.4,0.324007228417501,2.54560434833652,0.0913883093615567,0.813746589673593,0.9425,0.4,0.7525,6.4,0.995,0.933333333333333,1.09,3.6,NA,0.507424490541639,0.498461903309719,0.209834711184351,0.821172823119295,0.003,0,0,0.336829869777326,0.410131753514395,-2.9215271416291,28.1088030338287
"Bayesian linear models on linear Gaussian covariates and Bernoulli SBM, fixed mixed-signal SCAR design",74,"cov","Bayesian Linear Cov",0.758748043818466,0.689765258215962,2,0.133333333333333,0.333333333333333,0.312184871690037,2.47816331614786,0.0894770055934402,0.779786716074095,0.955,0.6,0.6575,4.6,0.995,0.866666666666667,0.9975,6.19999999999999,NA,0.625798141363107,0.635103354994918,0.306306416009308,0.896055104103376,0.0235,0.001,0,0.380517325069558,0.473789232920431,-3.03655579262516,28.5566458702087
"Bayesian linear models on linear Gaussian covariates and Bernoulli SBM, fixed mixed-signal SCAR design",75,"cov","Bayesian Linear Cov",0.781909233176839,0.71924882629108,2,0.133333333333333,0.422222222222222,0.306085637392246,2.42287328483283,0.0889075167770535,0.787334277667342,0.9525,0.466666666666667,0.7075,5.8,0.99,0.866666666666667,1.1825,6.19999999999999,NA,0.547651649762401,0.550271804160436,0.264350279419065,0.812466075535464,5e-04,0,0,0.377044488262218,0.442798515571448,-3.09356914521729,28.5175960063934
"Bayesian linear models on linear Gaussian covariates and Bernoulli SBM, fixed mixed-signal SCAR design",76,"cov","Bayesian Linear Cov",0.777840375586854,0.72112676056338,2,0.133333333333333,0.488888888888889,0.297796174009115,2.45477072587636,0.0835336495984949,0.77985488528418,0.96,0.533333333333333,0.635,5.2,0.9825,0.866666666666667,1.42,6.19999999999999,NA,0.72202073883899,0.741047512245151,0.414418228422508,0.931098806232263,0.0805,0.0115,0,0.442510973782175,0.547206345869927,-3.19591412496642,25.491513967514
"Bayesian linear models on linear Gaussian covariates and Bernoulli SBM, fixed mixed-signal SCAR design",77,"cov","Bayesian Linear Cov",0.75793427230047,0.732582159624413,2,0.133333333333333,0.444444444444444,0.310429205166555,2.35085143690745,0.0890775245563247,0.76828494699442,0.9475,0.6,0.7675,4.6,0.9925,0.933333333333333,1.1225,3.6,NA,0.589666103552727,0.600885721020835,0.239270183916767,0.894537697987735,0.0205,0,0,0.336887510542843,0.438628491175594,-2.98795565398161,27.813826084137
"Bayesian linear models on linear Gaussian covariates and Bernoulli SBM, fixed mixed-signal SCAR design",78,"cov","Bayesian Linear Cov",0.755117370892019,0.707230046948357,4,0.266666666666667,0.377777777777778,0.314080366276304,2.43423239412321,0.0896647031861435,0.778217867612492,0.95,0.466666666666667,0.6975,5.8,0.9925,0.933333333333333,1.1225,3.6,NA,0.50377313152479,0.50117567627045,0.245389509006204,0.770810106471458,0,0,0,0.357535044979944,0.420600700500244,-3.00917639976942,27.8880999088287
"Bayesian linear models on linear Gaussian covariates and Bernoulli SBM, fixed mixed-signal SCAR design",79,"cov","Bayesian Linear Cov",0.761251956181534,0.775023474178404,5,0.333333333333333,0.355555555555556,0.32624712324897,2.28589849783116,0.0949752835539113,0.788206582989013,0.945,0.533333333333333,0.7375,5.2,0.9975,1,1.0825,1,NA,0.315483180795609,0.306530186856513,0.0972625092520035,0.596528465171609,0,0,0,0.22393709286119,0.256617919270817,-2.7966256884207,27.7025740146637
"Bayesian linear models on linear Gaussian covariates and Bernoulli SBM, fixed mixed-signal SCAR design",80,"cov","Bayesian Linear Cov",0.792175273865415,0.774460093896714,6,0.4,0.466666666666667,0.301332265008244,2.23396133721935,0.0875099836244438,0.738839017446586,0.9625,0.666666666666667,0.605,4,0.9875,0.866666666666667,1.2725,6.19999999999999,NA,0.523926205554143,0.52227190816337,0.251045610732055,0.794807928849751,0.0015,0,0,0.370700926366398,0.434271296957456,-3.07492259153325,27.5482738018036
"Bayesian linear models on linear Gaussian covariates and Bernoulli SBM, fixed mixed-signal SCAR design",81,"cov","Bayesian Linear Cov",0.748982785602504,0.659342723004695,3,0.2,0.377777777777778,0.320379374833306,2.57015406259978,0.0919016366638999,0.811306703697268,0.945,0.4,0.7575,6.4,0.99,0.866666666666667,1.2425,6.19999999999999,NA,0.510944661069743,0.506682111020415,0.2454457810254,0.796239998880657,0.001,0,0,0.345817800154981,0.413201232100853,-2.98426131888062,26.6501569747925
"Bayesian linear models on linear Gaussian covariates and Bernoulli SBM, fixed mixed-signal SCAR design",82,"cov","Bayesian Linear Cov",0.754616588419405,0.739154929577465,2,0.133333333333333,0.355555555555556,0.315225087857737,2.36571685258702,0.0914661878954204,0.789779327654169,0.94,0.466666666666667,0.8,5.8,1,1,0.8725,1,NA,0.470052628720439,0.46887758132323,0.19928611108257,0.753452551225574,0,0,0,0.336765639480194,0.394205644292623,-2.93856214085804,28.8663039207458
"Bayesian linear models on linear Gaussian covariates and Bernoulli SBM, fixed mixed-signal SCAR design",83,"cov","Bayesian Linear Cov",0.75830985915493,0.698403755868545,5,0.333333333333333,0.511111111111111,0.303611162978752,2.35106462516691,0.0853484026505115,0.745366594504116,0.955,0.466666666666667,0.6625,5.8,0.9925,0.866666666666667,1.1075,6.19999999999999,NA,0.598711954440698,0.602708949854811,0.300813411021717,0.864502223217325,0.011,0,0,0.391757664455238,0.47757610741885,-3.03606018154387,26.3947780132294
"Bayesian linear models on linear Gaussian covariates and Bernoulli SBM, fixed mixed-signal SCAR design",84,"cov","Bayesian Linear Cov",0.765508607198748,0.748169014084507,5,0.333333333333333,0.422222222222222,0.313473696165793,2.25615363147226,0.0908909043990449,0.760141974074707,0.95,0.533333333333333,0.695,5.2,0.995,0.933333333333333,1.0925,3.6,NA,0.512267406306692,0.506839002215334,0.192769209464626,0.846098056559364,0.0075,0.0015,0,0.303867226268778,0.376801127119076,-2.91258090835694,29.0185070037842
"Bayesian linear models on linear Gaussian covariates and Bernoulli SBM, fixed mixed-signal SCAR design",85,"cov","Bayesian Linear Cov",0.79924882629108,0.790985915492958,5,0.333333333333333,0.422222222222222,0.295484627828975,2.10493413095579,0.0862574900224426,0.708988905921532,0.9625,0.666666666666667,0.6025,4,0.9975,1,0.9075,1,NA,0.610464647448149,0.618390209274828,0.276539793635375,0.903989544085932,0.027,0.003,0,0.368638344488192,0.457489998587131,-3.03726035518347,27.921676158905
"Bayesian linear models on linear Gaussian covariates and Bernoulli SBM, fixed mixed-signal SCAR design",86,"cov","Bayesian Linear Cov",0.708419405320814,0.634929577464789,1,0.0666666666666667,0.377777777777778,0.326339857206874,2.58925237860956,0.0933582742008198,0.831189838872362,0.9475,0.4,0.7425,6.4,1,1,0.9025,1,NA,0.50994690593501,0.507145673504693,0.209996808438035,0.807341052710705,0.0025,0,0,0.319070834238276,0.39745537359156,-2.90365926802857,28.4849879741669
"Bayesian linear models on linear Gaussian covariates and Bernoulli SBM, fixed mixed-signal SCAR design",87,"cov","Bayesian Linear Cov",0.807824726134585,0.753427230046948,2,0.133333333333333,0.422222222222222,0.294379846938241,2.36476979599856,0.0860935154393932,0.766283713075302,0.965,0.6,0.57,4.6,0.99,0.866666666666667,1.09,6.19999999999999,NA,0.647841637775708,0.655065474721275,0.37433806726505,0.877739968286784,0.0115,0.001,0,0.452095539329521,0.538190224542174,-3.21399281660891,27.7404789924622
"Bayesian linear models on linear Gaussian covariates and Bernoulli SBM, fixed mixed-signal SCAR design",88,"cov","Bayesian Linear Cov",0.802691705790297,0.786103286384977,6,0.4,0.511111111111111,0.294239782908662,2.10358971187907,0.0850983158854463,0.704203038981436,0.955,0.6,0.6625,4.6,0.995,0.933333333333333,1.015,3.6,NA,0.65837649979943,0.672036495898414,0.321502862120438,0.922119016186489,0.0495,0.006,0,0.385353469719481,0.475871262569848,-3.03479708688469,28.1997539997101
"Bayesian linear models on linear Gaussian covariates and Bernoulli SBM, fixed mixed-signal SCAR design",89,"cov","Bayesian Linear Cov",0.778215962441315,0.68,4,0.266666666666667,0.444444444444444,0.302896394044946,2.55882612794796,0.0871191714350875,0.79406038593107,0.9525,0.4,0.7025,6.4,0.99,0.8,1.1325,8.79999999999999,NA,0.752675693220635,0.774945044918825,0.415618851616537,0.960007528540812,0.158,0.0405,0.001,0.448143592846507,0.568540657961433,-3.19516216668693,27.4027287960052
"Bayesian linear models on linear Gaussian covariates and Bernoulli SBM, fixed mixed-signal SCAR design",90,"cov","Bayesian Linear Cov",0.782535211267606,0.647699530516432,2,0.133333333333333,0.377777777777778,0.302590010183654,2.71787179452263,0.0870407976762413,0.812137440978879,0.96,0.4,0.6275,6.4,0.9875,0.733333333333333,1.185,11.4,NA,0.74490011260661,0.76080264693097,0.46841813030209,0.937017308851663,0.0965,0.0125,0,0.498144702367779,0.617630986844752,-3.25950559924804,29.0092830657959
"Bayesian linear models on linear Gaussian covariates and Bernoulli SBM, fixed mixed-signal SCAR design",91,"cov","Bayesian Linear Cov",0.795242566510172,0.829107981220657,5,0.333333333333333,0.444444444444444,0.299261150993514,2.0927293453791,0.0871797540454885,0.733473343800796,0.9575,0.666666666666667,0.62,4,0.9975,1,0.9475,1,NA,0.571895880903918,0.578440892959056,0.270696105557676,0.848079745071282,0.0055,0,0,0.36356936770002,0.452410003779444,-2.9963406471086,26.0413339138031
"Bayesian linear models on linear Gaussian covariates and Bernoulli SBM, fixed mixed-signal SCAR design",92,"cov","Bayesian Linear Cov",0.796181533646322,0.7618779342723,1,0.0666666666666667,0.4,0.301900791589802,2.33132463519367,0.0892209362616896,0.782631261107623,0.955,0.6,0.6775,4.6,0.9975,0.933333333333333,0.875,3.6,NA,0.554211770249082,0.556525692552612,0.29143586214885,0.813784369957918,0.002,0,0,0.381963039962291,0.450326903267118,-3.11719514635693,29.4147608280182
"Bayesian linear models on linear Gaussian covariates and Bernoulli SBM, fixed mixed-signal SCAR design",93,"cov","Bayesian Linear Cov",0.767887323943662,0.778028169014085,4,0.266666666666667,0.4,0.307671399196139,2.22360417939312,0.0889149091612277,0.755908543970064,0.9575,0.6,0.6475,4.6,0.995,1,1.0625,1,NA,0.54037975752935,0.544213924761628,0.236127182481941,0.833973312819796,0.0035,5e-04,0,0.345929338432894,0.428592317361793,-2.9672649612889,26.7075428962708
"Bayesian linear models on linear Gaussian covariates and Bernoulli SBM, fixed mixed-signal SCAR design",94,"cov","Bayesian Linear Cov",0.802754303599374,0.784976525821596,5,0.333333333333333,0.4,0.301652310309063,2.1038360919357,0.0884929257975093,0.707316753538991,0.95,0.6,0.7275,4.6,0.9975,0.933333333333333,0.975,3.6,NA,0.596255148026583,0.604185675514211,0.254581048798561,0.902365296249768,0.0275,0.004,0,0.34206401936416,0.437811201339436,-2.95414463861067,27.8866829872131
"Bayesian linear models on linear Gaussian covariates and Bernoulli SBM, fixed mixed-signal SCAR design",95,"cov","Bayesian Linear Cov",0.764632237871674,0.68131455399061,2,0.133333333333333,0.4,0.316776490643952,2.54511688700201,0.0918365492916769,0.791447129661866,0.95,0.533333333333333,0.7475,5.2,0.995,0.866666666666667,1.0075,6.19999999999999,NA,0.4731914494162,0.471952690841757,0.237982608282556,0.724718403968756,0,0,0,0.343376581919202,0.398222269785637,-3.03606872582037,26.0129411220551
"Bayesian linear models on linear Gaussian covariates and Bernoulli SBM, fixed mixed-signal SCAR design",96,"cov","Bayesian Linear Cov",0.78472613458529,0.778215962441315,3,0.2,0.422222222222222,0.309993579560304,2.28369946059228,0.0911185434873163,0.778862463344149,0.955,0.466666666666667,0.6625,5.8,0.9975,1,0.96,1,NA,0.522330109367484,0.522950683280588,0.223211863433581,0.80201568824235,0.001,0,0,0.348299392778178,0.41841938425434,-2.98068493087764,26.9300580024719
"Bayesian linear models on linear Gaussian covariates and Bernoulli SBM, fixed mixed-signal SCAR design",97,"cov","Bayesian Linear Cov",0.772519561815336,0.717934272300469,5,0.333333333333333,0.4,0.31331700904405,2.33859183170074,0.0910795775605858,0.764342417357377,0.945,0.4,0.7475,6.4,0.9975,1,0.975,1,NA,0.525589912086966,0.525180687993674,0.210131162212309,0.826925503207527,0.0015,5e-04,0,0.326998726912569,0.406684282152227,-2.94979344099922,28.6477680206299
"Bayesian linear models on linear Gaussian covariates and Bernoulli SBM, fixed mixed-signal SCAR design",98,"cov","Bayesian Linear Cov",0.744413145539906,0.722253521126761,4,0.266666666666667,0.444444444444444,0.31335433979711,2.30984726770215,0.0897445265302921,0.766820055252072,0.95,0.466666666666667,0.715,5.8,0.9975,1,0.9925,1,NA,0.485713733524183,0.486627842079366,0.20602529117611,0.7771351864978,5e-04,0,0,0.328722642095373,0.391846431339467,-2.94133722993363,26.9404029846191
"Bayesian linear models on linear Gaussian covariates and Bernoulli SBM, fixed mixed-signal SCAR design",99,"cov","Bayesian Linear Cov",0.801752738654147,0.750046948356808,4,0.266666666666667,0.444444444444444,0.296317410941263,2.2633284087783,0.0870524133024135,0.738890881444888,0.95,0.466666666666667,0.7125,5.8,0.995,0.933333333333333,0.95,3.6,NA,0.679499753889897,0.701059652999602,0.325899641915287,0.920469152294382,0.0555,0.007,0,0.388204306658334,0.488211707022147,-3.11067346521141,29.6369698047638
"Bayesian linear models on linear Gaussian covariates and Bernoulli SBM, fixed mixed-signal SCAR design",100,"cov","Bayesian Linear Cov",0.775712050078247,0.687887323943662,4,0.266666666666667,0.377777777777778,0.311770651531446,2.52409185502971,0.0901613520154505,0.792056872463588,0.9525,0.4,0.705,6.4,0.99,0.866666666666667,1.1775,6.19999999999999,NA,0.530375881160519,0.52840022070041,0.273109728966652,0.779586724706773,0.001,0,0,0.377580585625843,0.442751592509827,-3.08309498545425,33.339430809021
"Bayesian linear models on linear Gaussian covariates and Bernoulli SBM, fixed mixed-signal SCAR design",1,"cov_pu","Bayesian Linear Cov + PU",0.75981220657277,0.717370892018779,3,0.2,0.444444444444444,0.300775145417288,2.21878691077332,0.0859745921635832,0.736666760422369,0.96,0.6,0.7025,4.6,0.995,0.866666666666667,1.0525,6.19999999999999,0.18469546656369,0.622560031177183,0.627538743884448,0.322656622839887,0.883462742077302,0.0145,0.002,0,0.458927429255554,0.531435293443534,-2.86803340594838,35.4950029850006
"Bayesian linear models on linear Gaussian covariates and Bernoulli SBM, fixed mixed-signal SCAR design",2,"cov_pu","Bayesian Linear Cov + PU",0.787292644757433,0.750985915492958,3,0.2,0.355555555555556,0.294402420482942,2.11485762307773,0.085825741088005,0.721505247238959,0.9675,0.666666666666667,0.6225,4,0.995,0.933333333333333,1.02,3.6,0.194005314692784,0.636526954553377,0.642552465020017,0.338694862526774,0.893251531652239,0.0215,0.0035,0.001,0.472599631545325,0.54772857509845,-2.90361449192726,37.2950599193573
"Bayesian linear models on linear Gaussian covariates and Bernoulli SBM, fixed mixed-signal SCAR design",3,"cov_pu","Bayesian Linear Cov + PU",0.724381846635368,0.618779342723005,1,0.0666666666666667,0.4,0.314401806611039,2.45144526879521,0.0891650724339848,0.779452739477833,0.9575,0.466666666666667,0.7225,5.8,0.995,0.933333333333333,1.1025,3.6,0.185385918329487,0.611204689307858,0.620225157922055,0.298668974482461,0.886730349513542,0.0185,0.0035,0,0.417446307933873,0.497016227156027,-2.80515238606995,33.5108540058136
"Bayesian linear models on linear Gaussian covariates and Bernoulli SBM, fixed mixed-signal SCAR design",4,"cov_pu","Bayesian Linear Cov + PU",0.813333333333333,0.7181220657277,4,0.266666666666667,0.422222222222222,0.277320138307438,2.23040616914751,0.0802255693491934,0.702907825174532,0.9625,0.6,0.66,4.6,0.9975,0.933333333333333,0.79,3.6,0.205705312208223,0.802216322473007,0.819057831243519,0.553914606228476,0.968920081372204,0.2055,0.066,0.001,0.629157036054057,0.713932066713365,-3.17204627590787,37.2412109375
"Bayesian linear models on linear Gaussian covariates and Bernoulli SBM, fixed mixed-signal SCAR design",5,"cov_pu","Bayesian Linear Cov + PU",0.780156494522692,0.783286384976526,4,0.266666666666667,0.488888888888889,0.292534565326815,1.98702401358597,0.0835202017761189,0.67397627506133,0.965,0.733333333333333,0.65,3.4,0.9975,0.933333333333333,0.9625,3.6,0.188128018357263,0.65352831156405,0.66077396752159,0.334764216580481,0.927939824020479,0.0515,0.012,5e-04,0.461449652312671,0.542779045592539,-2.83055211684913,34.3419289588928
"Bayesian linear models on linear Gaussian covariates and Bernoulli SBM, fixed mixed-signal SCAR design",6,"cov_pu","Bayesian Linear Cov + PU",0.748231611893584,0.686009389671361,1,0.0666666666666667,0.4,0.30787880643456,2.3266023843647,0.0886368071089803,0.779758498461671,0.9575,0.533333333333333,0.7475,5.2,1,1,0.845,1,0.197609416159785,0.683370700544261,0.693850107384603,0.348273523593336,0.940137738575062,0.0745,0.0155,0,0.481511098170411,0.565608491790974,-2.82970872326548,36.8986611366272
"Bayesian linear models on linear Gaussian covariates and Bernoulli SBM, fixed mixed-signal SCAR design",7,"cov_pu","Bayesian Linear Cov + PU",0.656275430359937,0.499718309859155,1,0.0666666666666667,0.288888888888889,0.335690168805945,2.61178385688698,0.0948616258618176,0.82997263633243,0.95,0.266666666666667,0.795,7.6,0.9975,0.933333333333333,1.0825,3.6,0.189961706116316,0.411888993667767,0.402650606246013,0.135362768648,0.743217152330088,0.0015,0,0,0.30610691845478,0.345918577002227,-2.63846860628844,35.0082621574402
"Bayesian linear models on linear Gaussian covariates and Bernoulli SBM, fixed mixed-signal SCAR design",8,"cov_pu","Bayesian Linear Cov + PU",0.83943661971831,0.772206572769953,3,0.2,0.488888888888889,0.262464212441527,2.09910325065609,0.0762611552627521,0.677519420318912,0.97,0.666666666666667,0.5875,4,0.995,0.866666666666667,0.8375,6.19999999999999,0.209165663029094,0.921228989128107,0.946374342474551,0.70601948194656,0.997184547238071,0.7225,0.4805,0.1015,0.691570632323949,0.794264569104992,-3.29841824349553,36.1409018039703
"Bayesian linear models on linear Gaussian covariates and Bernoulli SBM, fixed mixed-signal SCAR design",9,"cov_pu","Bayesian Linear Cov + PU",0.811017214397496,0.723192488262911,4,0.266666666666667,0.444444444444444,0.280930419193874,2.17484206957329,0.0817898122458713,0.690873056912158,0.97,0.666666666666667,0.6025,4,0.9925,0.866666666666667,1.025,6.19999999999999,0.226120750561089,0.837374850575374,0.865858219209859,0.532022426123586,0.988537379366935,0.3775,0.167,0.021,0.619038542328918,0.720229998908776,-3.07822850915435,36.2890999317169
"Bayesian linear models on linear Gaussian covariates and Bernoulli SBM, fixed mixed-signal SCAR design",10,"cov_pu","Bayesian Linear Cov + PU",0.762566510172144,0.627230046948357,3,0.2,0.377777777777778,0.304052955455602,2.48817161320929,0.0854153425380558,0.768311191429946,0.9625,0.4,0.6525,6.4,0.9875,0.733333333333333,1.2875,11.4,0.19488194151435,0.682072101415905,0.690294048679659,0.386208738586165,0.930708945271169,0.064,0.011,0,0.508299883497478,0.586286678066088,-2.95778034125031,36.3050141334534
"Bayesian linear models on linear Gaussian covariates and Bernoulli SBM, fixed mixed-signal SCAR design",11,"cov_pu","Bayesian Linear Cov + PU",0.727887323943662,0.585539906103286,2,0.133333333333333,0.333333333333333,0.312132991725983,2.47901075999053,0.0886008240663528,0.761750479528528,0.955,0.466666666666667,0.7625,5.8,0.995,0.866666666666667,1.0475,6.19999999999999,0.20223238870771,0.635904433556187,0.641601428424061,0.309949354071427,0.922323891325934,0.047,0.007,0,0.471279936783535,0.543094561715467,-2.81759004379224,37.396791934967
"Bayesian linear models on linear Gaussian covariates and Bernoulli SBM, fixed mixed-signal SCAR design",12,"cov_pu","Bayesian Linear Cov + PU",0.742597809076682,0.611267605633803,2,0.133333333333333,0.377777777777778,0.308270394145464,2.49950920729386,0.0880132033953235,0.773718261833759,0.9575,0.4,0.75,6.4,0.995,0.866666666666667,1.0175,6.19999999999999,0.194667880362143,0.711383632381525,0.724813288053619,0.396850284105518,0.942396486446481,0.0815,0.0225,0.0015,0.489770929695714,0.585215555061727,-2.9209177219105,36.8723609447479
"Bayesian linear models on linear Gaussian covariates and Bernoulli SBM, fixed mixed-signal SCAR design",13,"cov_pu","Bayesian Linear Cov + PU",0.777589984350548,0.773145539906103,4,0.266666666666667,0.444444444444444,0.303788680865083,1.99938481802764,0.0889546309237889,0.70174272338619,0.96,0.666666666666667,0.6875,4,1,1,0.94,1,0.197409010581404,0.503126055003643,0.498082689063262,0.213161078882568,0.808114540154173,0.005,0.002,5e-04,0.372878356252292,0.427121637617601,-2.71322713617482,36.6812601089478
"Bayesian linear models on linear Gaussian covariates and Bernoulli SBM, fixed mixed-signal SCAR design",14,"cov_pu","Bayesian Linear Cov + PU",0.75793427230047,0.673990610328638,3,0.2,0.377777777777778,0.30611038458069,2.30635285103105,0.086877624978932,0.741371333801973,0.9675,0.6,0.6175,4.6,0.9925,0.933333333333333,1.1625,3.6,0.190347170144441,0.708824733463288,0.729827796133396,0.346976762922389,0.95228703265569,0.119,0.03,5e-04,0.457038270019966,0.568162731846222,-2.81587550508413,35.7880320549011
"Bayesian linear models on linear Gaussian covariates and Bernoulli SBM, fixed mixed-signal SCAR design",15,"cov_pu","Bayesian Linear Cov + PU",0.764507042253521,0.722253521126761,3,0.2,0.444444444444444,0.300959478696522,2.18974768337976,0.0854747586287333,0.707979466436882,0.9625,0.6,0.6825,4.6,0.99,0.866666666666667,1.2775,6.19999999999999,0.194362321664044,0.629426330968586,0.634838973593015,0.312724974689844,0.910844902939424,0.035,0.008,0,0.460016492079546,0.533043934972141,-2.82558579319826,36.7911770343781
"Bayesian linear models on linear Gaussian covariates and Bernoulli SBM, fixed mixed-signal SCAR design",16,"cov_pu","Bayesian Linear Cov + PU",0.81339593114241,0.863661971830986,5,0.333333333333333,0.422222222222222,0.288776088999064,1.72685751854447,0.0858033432837002,0.642303754137745,0.965,0.8,0.665,2.8,1,1,0.8925,1,0.206144658825412,0.557199619803522,0.55499287510713,0.248767155219836,0.873936783899941,0.0155,0.004,5e-04,0.404754655753523,0.464634695040328,-2.76006937250503,37.2706701755524
"Bayesian linear models on linear Gaussian covariates and Bernoulli SBM, fixed mixed-signal SCAR design",17,"cov_pu","Bayesian Linear Cov + PU",0.763755868544601,0.709859154929578,4,0.266666666666667,0.4,0.303896981985713,2.24617256102189,0.086517699102637,0.717746775249218,0.96,0.6,0.705,4.6,0.995,0.866666666666667,1.0625,6.19999999999999,0.196514824489702,0.634733819928241,0.643103466177895,0.310663037740981,0.913810181300825,0.033,0.007,5e-04,0.445891040836872,0.53620358388273,-2.80593582931172,34.6889719963074
"Bayesian linear models on linear Gaussian covariates and Bernoulli SBM, fixed mixed-signal SCAR design",18,"cov_pu","Bayesian Linear Cov + PU",0.765133020344288,0.784976525821596,4,0.266666666666667,0.422222222222222,0.304442235738733,2.08298833202877,0.087713116043045,0.727526044940024,0.955,0.666666666666667,0.73,4,0.9975,0.933333333333333,1.0275,3.6,0.178016635432433,0.567349168468088,0.571680440987214,0.232822148960191,0.868440159483186,0.01,0.002,0,0.381838305768564,0.458749359022152,-2.75287259492316,36.1154608726501
"Bayesian linear models on linear Gaussian covariates and Bernoulli SBM, fixed mixed-signal SCAR design",19,"cov_pu","Bayesian Linear Cov + PU",0.7739593114241,0.827793427230047,5,0.333333333333333,0.422222222222222,0.304959441911218,1.88421065515994,0.0886943717676829,0.67785509631432,0.9675,0.8,0.63,2.8,1,1,0.98,1,0.201909806301743,0.565367195092915,0.576171248854257,0.135418420684744,0.943704137999507,0.0725,0.0205,0.001,0.342692863254813,0.426570860752589,-2.62857875943369,36.3612887859344
"Bayesian linear models on linear Gaussian covariates and Bernoulli SBM, fixed mixed-signal SCAR design",20,"cov_pu","Bayesian Linear Cov + PU",0.776525821596244,0.723943661971831,3,0.2,0.333333333333333,0.300022690584112,2.19165396056451,0.0873938547655608,0.738362274619787,0.965,0.6,0.66,4.6,0.9975,0.933333333333333,0.9475,3.6,0.197299023384849,0.676090836066738,0.688810944071195,0.341819832816293,0.929406841132747,0.052,0.011,0.001,0.483575452687663,0.572706648226112,-2.86052672112526,37.1669490337372
"Bayesian linear models on linear Gaussian covariates and Bernoulli SBM, fixed mixed-signal SCAR design",21,"cov_pu","Bayesian Linear Cov + PU",0.754178403755869,0.712863849765258,4,0.266666666666667,0.466666666666667,0.304530704076808,2.22806962974575,0.0863708788264555,0.741025278569728,0.965,0.6,0.6475,4.6,0.995,0.933333333333333,1.075,3.6,0.176056091175074,0.672816873866051,0.694854201083397,0.31986658783987,0.927118392722418,0.0555,0.011,0,0.422661449141158,0.53993230150382,-2.8182800166242,36.2881112098694
"Bayesian linear models on linear Gaussian covariates and Bernoulli SBM, fixed mixed-signal SCAR design",22,"cov_pu","Bayesian Linear Cov + PU",0.781658841940532,0.72169014084507,4,0.266666666666667,0.4,0.291593921349977,2.18670475619872,0.0834719368085,0.719803331810342,0.9625,0.333333333333333,0.675,7,0.995,1,0.9925,1,0.190551585464074,0.803954841945866,0.837986462517371,0.474181608797783,0.974683025579578,0.2695,0.0905,0.003,0.512849464892711,0.62301779073853,-2.9517367346038,35.5766499042511
"Bayesian linear models on linear Gaussian covariates and Bernoulli SBM, fixed mixed-signal SCAR design",23,"cov_pu","Bayesian Linear Cov + PU",0.757183098591549,0.702347417840376,2,0.133333333333333,0.355555555555556,0.30689932791522,2.21672002139222,0.0895516532627657,0.752197000650491,0.95,0.533333333333333,0.7975,5.2,1,1,0.865,1,0.199736538296631,0.571811585464962,0.569580575853564,0.271561475252144,0.868434855947715,0.011,0.0015,0,0.409541644176749,0.476037736148642,-2.80335476793113,37.823352098465
"Bayesian linear models on linear Gaussian covariates and Bernoulli SBM, fixed mixed-signal SCAR design",24,"cov_pu","Bayesian Linear Cov + PU",0.775899843505477,0.792300469483568,3,0.2,0.444444444444444,0.30815897866022,2.00337381636407,0.0899024594827592,0.717509405962633,0.96,0.666666666666667,0.7175,4,0.9975,1,1.0625,1,0.196453907319352,0.459194994497626,0.449297851709844,0.165626498896938,0.795716643284226,0.0015,0,0,0.334610234355041,0.382362079074119,-2.66757628618988,36.0719339847565
"Bayesian linear models on linear Gaussian covariates and Bernoulli SBM, fixed mixed-signal SCAR design",25,"cov_pu","Bayesian Linear Cov + PU",0.793176838810642,0.729014084507042,3,0.2,0.422222222222222,0.286135390055283,2.12198119282196,0.0816752549062992,0.691228578568804,0.96,0.533333333333333,0.6725,5.2,0.995,0.933333333333333,1.015,3.6,0.196071574959073,0.820895012838955,0.850345604937102,0.516222523650925,0.982790265567624,0.3245,0.125,0.0105,0.586201992333864,0.693177104065534,-2.93202825128494,37.7106518745422
"Bayesian linear models on linear Gaussian covariates and Bernoulli SBM, fixed mixed-signal SCAR design",26,"cov_pu","Bayesian Linear Cov + PU",0.726697965571205,0.630046948356808,3,0.2,0.355555555555556,0.315686738031672,2.41857128321331,0.0892756373592675,0.756852299642123,0.9575,0.466666666666667,0.7275,5.8,0.9925,0.8,1.1925,8.79999999999999,0.196048044492674,0.563954141177264,0.562184716658672,0.257952298345625,0.866858012618521,0.012,0.0025,0,0.417071492987228,0.475303321823755,-2.77656881350831,34.9288229942322
"Bayesian linear models on linear Gaussian covariates and Bernoulli SBM, fixed mixed-signal SCAR design",27,"cov_pu","Bayesian Linear Cov + PU",0.768075117370892,0.753239436619718,5,0.333333333333333,0.377777777777778,0.305335197023576,2.04949646107645,0.0886824699931683,0.711152187561246,0.965,0.6,0.6575,4.6,1,1,0.9325,1,0.191566734775579,0.552284387808951,0.549861956655146,0.233231455758722,0.886972667497422,0.021,0.003,0,0.365790028871644,0.437115252975531,-2.71746735524534,36.5649251937866
"Bayesian linear models on linear Gaussian covariates and Bernoulli SBM, fixed mixed-signal SCAR design",28,"cov_pu","Bayesian Linear Cov + PU",0.76093896713615,0.696713615023474,2,0.133333333333333,0.377777777777778,0.301105656929174,2.30020464726907,0.0856461985944601,0.764350163744851,0.9625,0.533333333333333,0.675,5.2,0.99,0.933333333333333,1.2175,3.6,0.175560115369645,0.758322583027885,0.783056622799579,0.409805401450171,0.964226731197072,0.183,0.048,5e-04,0.485421962057432,0.604927356954237,-2.90740235826835,35.3373317718506
"Bayesian linear models on linear Gaussian covariates and Bernoulli SBM, fixed mixed-signal SCAR design",29,"cov_pu","Bayesian Linear Cov + PU",0.73471048513302,0.627793427230047,2,0.133333333333333,0.311111111111111,0.313870118172718,2.3606044500828,0.0904007716691273,0.768816270487433,0.965,0.466666666666667,0.6675,5.8,1,1,0.895,1,0.204656487037599,0.626502100821099,0.635989710177612,0.281689016609545,0.928838457385231,0.0475,0.014,0.002,0.43573641125913,0.519066033981084,-2.76998289095056,33.6263790130615
"Bayesian linear models on linear Gaussian covariates and Bernoulli SBM, fixed mixed-signal SCAR design",30,"cov_pu","Bayesian Linear Cov + PU",0.747605633802817,0.767699530516432,4,0.266666666666667,0.4,0.306477125693241,2.06747852611029,0.0880595294968543,0.721634998142734,0.955,0.6,0.725,4.6,1,1,0.9575,1,0.180053398645935,0.513173367391,0.511191082810765,0.210355996717212,0.815202052819429,0.002,0,0,0.383011400668158,0.440784405039611,-2.70492174429405,34.9691710472107
"Bayesian linear models on linear Gaussian covariates and Bernoulli SBM, fixed mixed-signal SCAR design",31,"cov_pu","Bayesian Linear Cov + PU",0.743849765258216,0.700845070422535,4,0.266666666666667,0.422222222222222,0.309669010998684,2.20459229362302,0.0890411955817512,0.74129242653522,0.96,0.6,0.7275,4.6,0.9975,0.933333333333333,1.0175,3.6,0.18704435179454,0.544837887124102,0.545629414518911,0.245466288293112,0.851301713411431,0.005,5e-04,0,0.389229882199957,0.454084059438188,-2.73813427702422,36.1879279613495
"Bayesian linear models on linear Gaussian covariates and Bernoulli SBM, fixed mixed-signal SCAR design",32,"cov_pu","Bayesian Linear Cov + PU",0.718622848200313,0.682065727699531,3,0.2,0.355555555555556,0.321952018361989,2.30856714238296,0.0920892615815671,0.77513238549306,0.9525,0.533333333333333,0.775,5.2,0.995,0.933333333333333,1.165,3.6,0.180218902982303,0.439613012121257,0.431460273002114,0.162405005053015,0.755962035158018,0.0015,0,0,0.33060822730233,0.372688394834004,-2.66132247098698,37.8364768028259
"Bayesian linear models on linear Gaussian covariates and Bernoulli SBM, fixed mixed-signal SCAR design",33,"cov_pu","Bayesian Linear Cov + PU",0.817902973395931,0.764319248826291,4,0.266666666666667,0.4,0.277684574109454,2.03370538080262,0.0806594420739911,0.686500884876269,0.97,0.533333333333333,0.615,5.2,0.995,1,0.925,1,0.211526980450888,0.819265006951114,0.847025587944726,0.515499737983349,0.983592160822688,0.3095,0.126,0.009,0.581094080003008,0.694568540308511,-3.0566754017681,36.733451128006
"Bayesian linear models on linear Gaussian covariates and Bernoulli SBM, fixed mixed-signal SCAR design",34,"cov_pu","Bayesian Linear Cov + PU",0.707480438184664,0.663474178403756,4,0.266666666666667,0.355555555555556,0.319622891954148,2.25017074635811,0.0916856047015764,0.763547112255065,0.9475,0.466666666666667,0.8175,5.8,1,1,0.97,1,0.188284500736959,0.473763251626018,0.468633452673386,0.174998337364179,0.802245002563873,0.0015,5e-04,0,0.335740922920229,0.390480734789232,-2.65283682253137,36.9358248710632
"Bayesian linear models on linear Gaussian covariates and Bernoulli SBM, fixed mixed-signal SCAR design",35,"cov_pu","Bayesian Linear Cov + PU",0.808012519561815,0.775211267605634,4,0.266666666666667,0.466666666666667,0.285091075831767,2.09134516036567,0.0822507938035203,0.694232910043631,0.975,0.733333333333333,0.555,3.4,0.995,0.933333333333333,1.0125,3.6,0.194522034068991,0.822362767449898,0.853793544375179,0.517816130446705,0.979749944867276,0.323,0.128,0.0095,0.57299881461025,0.675597728926459,-2.93388199552348,35.8323538303375
"Bayesian linear models on linear Gaussian covariates and Bernoulli SBM, fixed mixed-signal SCAR design",36,"cov_pu","Bayesian Linear Cov + PU",0.726259780907668,0.696901408450704,2,0.133333333333333,0.422222222222222,0.316427123123141,2.23561722474861,0.090851561873528,0.765732266541078,0.9525,0.466666666666667,0.785,5.8,0.9975,1,1.0375,1,0.182439981089665,0.494315101627468,0.48483483804395,0.187429041259255,0.818166427878462,0.003,0,0,0.343220003413595,0.403145118406423,-2.69842681775727,36.2391729354858
"Bayesian linear models on linear Gaussian covariates and Bernoulli SBM, fixed mixed-signal SCAR design",37,"cov_pu","Bayesian Linear Cov + PU",0.759874804381847,0.669671361502347,6,0.4,0.466666666666667,0.29587317832144,2.17296380344914,0.0828642843850723,0.663604098603087,0.9575,0.6,0.73,4.6,0.99,0.866666666666667,1.2575,6.19999999999999,0.209960250771472,0.707775718993058,0.726767568327591,0.350913220904358,0.982876900599207,0.175,0.0755,0.015,0.498108197426169,0.58665973644468,-2.83462259148569,37.4513731002808
"Bayesian linear models on linear Gaussian covariates and Bernoulli SBM, fixed mixed-signal SCAR design",38,"cov_pu","Bayesian Linear Cov + PU",0.757809076682316,0.771079812206573,4,0.266666666666667,0.444444444444444,0.304911502380088,2.0875510055878,0.0876453277189455,0.708716936641407,0.9575,0.733333333333333,0.7125,3.4,0.9975,0.933333333333333,1.0275,3.6,0.191776513321941,0.574763061598992,0.570118715812439,0.23735727287144,0.889190583795495,0.02,0.003,5e-04,0.389059229540632,0.464189597118367,-2.72469537618533,36.8657779693604
"Bayesian linear models on linear Gaussian covariates and Bernoulli SBM, fixed mixed-signal SCAR design",39,"cov_pu","Bayesian Linear Cov + PU",0.739154929577465,0.650328638497653,4,0.266666666666667,0.4,0.31414812297363,2.37116461441884,0.0894489794196306,0.757459952509095,0.96,0.533333333333333,0.715,5.2,0.995,0.933333333333333,1.07,3.6,0.191747660784661,0.563271732447891,0.56547008017901,0.244360629327333,0.864835391986866,0.0135,0.0025,0,0.386403854398732,0.454301417197319,-2.7982822371615,37.833615064621
"Bayesian linear models on linear Gaussian covariates and Bernoulli SBM, fixed mixed-signal SCAR design",40,"cov_pu","Bayesian Linear Cov + PU",0.791611893583725,0.740093896713615,5,0.333333333333333,0.466666666666667,0.288179676380739,1.96974201232088,0.0833870178033837,0.647765742334021,0.965,0.666666666666667,0.6775,4,0.9975,0.933333333333333,0.9475,3.6,0.217484379157093,0.647775390982896,0.653097570523411,0.320942650057881,0.942312577477949,0.0665,0.0205,0.0015,0.475577292497497,0.543088397504078,-2.85516423871808,37.044065952301
"Bayesian linear models on linear Gaussian covariates and Bernoulli SBM, fixed mixed-signal SCAR design",41,"cov_pu","Bayesian Linear Cov + PU",0.783348982785602,0.682441314553991,4,0.266666666666667,0.466666666666667,0.289506979747232,2.2870467777916,0.0817945170819736,0.688933639504811,0.9625,0.533333333333333,0.6725,5.2,0.99,0.733333333333333,1.1475,11.4,0.210083363432959,0.726204083745669,0.734235058392336,0.446523639049346,0.950358020574239,0.084,0.0265,5e-04,0.576822819237121,0.647776046846551,-3.02317210521202,37.4128890037537
"Bayesian linear models on linear Gaussian covariates and Bernoulli SBM, fixed mixed-signal SCAR design",42,"cov_pu","Bayesian Linear Cov + PU",0.747668231611894,0.64150234741784,1,0.0666666666666667,0.4,0.312888472803,2.44213020792887,0.0899364602015294,0.79428336802667,0.9575,0.333333333333333,0.7,7,0.995,0.933333333333333,1.0675,3.6,0.190943128108145,0.65642302956249,0.675154349473634,0.29145914530001,0.93405118777137,0.0585,0.0145,5e-04,0.426177252116309,0.517130823738566,-2.82961205523018,35.3293640613556
"Bayesian linear models on linear Gaussian covariates and Bernoulli SBM, fixed mixed-signal SCAR design",43,"cov_pu","Bayesian Linear Cov + PU",0.765571205007825,0.768450704225352,4,0.266666666666667,0.355555555555556,0.307472846257424,2.1068488369392,0.0891704900065734,0.742047376910893,0.9625,0.666666666666667,0.6675,4,0.995,1,1.14,1,0.18182477655242,0.497618001027097,0.492781703076229,0.218743380337001,0.80513437088195,0.0035,0.001,0,0.36265590618555,0.418857728911016,-2.72394698720121,36.0011539459229
"Bayesian linear models on linear Gaussian covariates and Bernoulli SBM, fixed mixed-signal SCAR design",44,"cov_pu","Bayesian Linear Cov + PU",0.768701095461659,0.635868544600939,2,0.133333333333333,0.355555555555556,0.303235061964869,2.56078926128811,0.0874830345410775,0.797681382062862,0.96,0.266666666666667,0.685,7.6,0.995,0.933333333333333,0.945,3.6,0.196463417275615,0.749434708537737,0.767745878844952,0.443660298500162,0.964990764239927,0.136,0.0395,0.002,0.538230290084845,0.639121745375797,-3.00734399388883,37.7081291675568
"Bayesian linear models on linear Gaussian covariates and Bernoulli SBM, fixed mixed-signal SCAR design",45,"cov_pu","Bayesian Linear Cov + PU",0.823849765258216,0.789671361502347,4,0.266666666666667,0.444444444444444,0.276390970599052,1.904520546104,0.0801797739249352,0.645652445054688,0.9725,0.666666666666667,0.58,4,0.99,0.866666666666667,1.175,6.19999999999999,0.215141028954185,0.736294233969401,0.750887496826079,0.439804508464088,0.961099720166876,0.125,0.0385,0.0015,0.581019920198733,0.655008377583768,-2.94184494750424,36.2095968723297
"Bayesian linear models on linear Gaussian covariates and Bernoulli SBM, fixed mixed-signal SCAR design",46,"cov_pu","Bayesian Linear Cov + PU",0.784475743348983,0.613708920187793,2,0.133333333333333,0.377777777777778,0.293758304679543,2.61986024134091,0.0847560888416241,0.768537289398509,0.9675,0.466666666666667,0.6175,5.8,0.9925,0.8,0.99,8.79999999999999,0.223274818977623,0.905419709309312,0.939078706721713,0.629477104225258,0.998996627367972,0.6715,0.439,0.112,0.627805616460375,0.733293238934029,-3.14629107652767,37.4654519557953
"Bayesian linear models on linear Gaussian covariates and Bernoulli SBM, fixed mixed-signal SCAR design",47,"cov_pu","Bayesian Linear Cov + PU",0.804632237871674,0.806948356807512,3,0.2,0.355555555555556,0.296076700369483,1.92765453050789,0.0875221567838939,0.691820876957693,0.97,0.666666666666667,0.62,4,0.9975,1,1.0125,1,0.210644977995546,0.585728576618316,0.584685368889355,0.267895959475899,0.913584325691617,0.03,0.0115,0.0015,0.428852080036296,0.49690432018435,-2.74126406872211,36.6766531467438
"Bayesian linear models on linear Gaussian covariates and Bernoulli SBM, fixed mixed-signal SCAR design",48,"cov_pu","Bayesian Linear Cov + PU",0.741408450704225,0.626291079812207,2,0.133333333333333,0.311111111111111,0.311517572094424,2.38134228190194,0.0899211467853501,0.764108506166664,0.965,0.533333333333333,0.69,5.2,0.9975,0.933333333333333,0.9575,3.6,0.200693089311073,0.586631589520815,0.587005628976296,0.268620307350521,0.886249537563861,0.0205,0.0035,0,0.418698722494092,0.486036087664565,-2.80167486644413,37.0667538642883
"Bayesian linear models on linear Gaussian covariates and Bernoulli SBM, fixed mixed-signal SCAR design",49,"cov_pu","Bayesian Linear Cov + PU",0.729890453834116,0.631924882629108,3,0.2,0.377777777777778,0.314174582636379,2.45786347066337,0.0878785074495153,0.755082782288613,0.9625,0.6,0.6775,4.6,0.99,0.8,1.26,8.79999999999999,0.187012575893433,0.640514193546333,0.64743359101351,0.303779765017425,0.919380836618192,0.0365,0.007,0,0.439051722349955,0.525863082738908,-2.83048340773217,37.6997509002686
"Bayesian linear models on linear Gaussian covariates and Bernoulli SBM, fixed mixed-signal SCAR design",50,"cov_pu","Bayesian Linear Cov + PU",0.81170579029734,0.787417840375587,4,0.266666666666667,0.466666666666667,0.275033086817835,1.97307991069338,0.0786135131734674,0.661839484125085,0.9725,0.8,0.54,2.8,0.995,0.933333333333333,0.975,3.6,0.178908924476681,0.851515012711535,0.877693423729271,0.558621769775529,0.990053773339034,0.4285,0.2155,0.0255,0.54726142921101,0.683766777782046,-3.03230989537104,36.7312672138214
"Bayesian linear models on linear Gaussian covariates and Bernoulli SBM, fixed mixed-signal SCAR design",51,"cov_pu","Bayesian Linear Cov + PU",0.727762128325509,0.734272300469484,2,0.133333333333333,0.311111111111111,0.325446042140629,2.22088653410787,0.0944772400105605,0.782824091837443,0.955,0.533333333333333,0.7375,5.2,1,1,0.995,1,0.184884151935391,0.400880239654537,0.384034519126212,0.11101900081802,0.769959035912276,0.003,0,0,0.27453319949096,0.319126514397499,-2.58524667891536,35.4041831493378
"Bayesian linear models on linear Gaussian covariates and Bernoulli SBM, fixed mixed-signal SCAR design",52,"cov_pu","Bayesian Linear Cov + PU",0.762253521126761,0.744225352112676,4,0.266666666666667,0.355555555555556,0.313070086116597,2.11390363664424,0.0913731824667297,0.737503352246226,0.9675,0.666666666666667,0.64,4,0.9975,0.933333333333333,1.0625,3.6,0.199679263928569,0.451882238210161,0.439023350362883,0.160401461431621,0.790266320451185,0.003,0.001,0,0.326204583760488,0.374350422378766,-2.65691010331649,36.0494198799133
"Bayesian linear models on linear Gaussian covariates and Bernoulli SBM, fixed mixed-signal SCAR design",53,"cov_pu","Bayesian Linear Cov + PU",0.749608763693271,0.704037558685446,4,0.266666666666667,0.4,0.303435274127943,2.20651708646915,0.0864143837959948,0.741328086974014,0.9575,0.533333333333333,0.7225,5.2,0.9975,1,0.96,1,0.178979040817426,0.657394241590058,0.670487334631183,0.328716553665993,0.919772785386582,0.0445,0.008,5e-04,0.441150890236293,0.533870784049938,-2.82052039347528,37.2362098693848
"Bayesian linear models on linear Gaussian covariates and Bernoulli SBM, fixed mixed-signal SCAR design",54,"cov_pu","Bayesian Linear Cov + PU",0.75943661971831,0.682065727699531,2,0.133333333333333,0.355555555555556,0.30516005888018,2.33820410957356,0.0874119262362131,0.751785267651472,0.96,0.466666666666667,0.69,5.8,0.995,0.866666666666667,1.05,6.19999999999999,0.200334486416089,0.644883611137396,0.652800043142302,0.331850990471698,0.917466378035115,0.0365,0.0085,5e-04,0.493297633133292,0.558342569197545,-2.84082071529809,35.528636932373
"Bayesian linear models on linear Gaussian covariates and Bernoulli SBM, fixed mixed-signal SCAR design",55,"cov_pu","Bayesian Linear Cov + PU",0.802253521126761,0.709671361502347,4,0.266666666666667,0.511111111111111,0.28331656912322,2.25511879301578,0.0799842661866333,0.67274503777175,0.9675,0.533333333333333,0.6425,5.2,0.9925,0.933333333333333,1.005,3.6,0.223062681213113,0.810977838484501,0.837839850325002,0.5030326582868,0.98016438006226,0.286,0.1125,0.006,0.622897451899019,0.716182403306255,-3.09786599457496,36.4869210720062
"Bayesian linear models on linear Gaussian covariates and Bernoulli SBM, fixed mixed-signal SCAR design",56,"cov_pu","Bayesian Linear Cov + PU",0.761940532081377,0.547230046948357,3,0.2,0.4,0.305118032616126,2.72652030194514,0.0854035574658871,0.718369357108242,0.965,0.333333333333333,0.69,7,0.99,0.733333333333333,1.1225,11.4,0.318071565650084,0.890046945357884,0.926805701822522,0.593664321686276,0.999854401138072,0.598,0.4085,0.185,0.752893546333822,0.832092902666902,-3.08465695256243,35.9925720691681
"Bayesian linear models on linear Gaussian covariates and Bernoulli SBM, fixed mixed-signal SCAR design",57,"cov_pu","Bayesian Linear Cov + PU",0.778403755868545,0.784037558685446,5,0.333333333333333,0.4,0.302727711420823,1.98417231208496,0.0885097996560548,0.704154444390341,0.9625,0.6,0.69,4.6,1,1,0.9325,1,0.19210646835602,0.53088534007174,0.528838277961347,0.224194705962636,0.840394484155568,0.0085,0.0015,0,0.367033237183189,0.431627803972083,-2.72013999856136,34.2249491214752
"Bayesian linear models on linear Gaussian covariates and Bernoulli SBM, fixed mixed-signal SCAR design",58,"cov_pu","Bayesian Linear Cov + PU",0.771205007824726,0.6818779342723,2,0.133333333333333,0.377777777777778,0.302005995033351,2.36683331653126,0.0874311298581536,0.770411272315956,0.96,0.533333333333333,0.6825,5.2,0.9925,0.866666666666667,1.1,6.19999999999999,0.200888120212501,0.680839432472552,0.694158223292208,0.370599179674509,0.927089730422002,0.0565,0.0105,0.001,0.4941334476461,0.575714209212822,-2.92943237646392,36.6738750934601
"Bayesian linear models on linear Gaussian covariates and Bernoulli SBM, fixed mixed-signal SCAR design",59,"cov_pu","Bayesian Linear Cov + PU",0.718998435054773,0.660657276995305,0,0,0.244444444444444,0.326028927018146,2.4286298209286,0.0940850159416237,0.81112974590648,0.96,0.6,0.7,4.6,0.995,0.866666666666667,1.1375,6.19999999999999,0.189947956597196,0.507215405134131,0.501230450069508,0.198240657787544,0.847998603038316,0.0085,0.001,0,0.354583521574752,0.413843746499923,-2.69295627168213,35.5874438285828
"Bayesian linear models on linear Gaussian covariates and Bernoulli SBM, fixed mixed-signal SCAR design",60,"cov_pu","Bayesian Linear Cov + PU",0.726197183098592,0.71849765258216,3,0.2,0.4,0.32170536248503,2.19363067815132,0.0932764914305916,0.766703002049676,0.96,0.6,0.72,4.6,1,1,0.9825,1,0.180433465779525,0.379087554050186,0.365881467342276,0.125407183112923,0.698810348366582,5e-04,0,0,0.275433449699859,0.312384990569897,-2.60992337055446,36.9866180419922
"Bayesian linear models on linear Gaussian covariates and Bernoulli SBM, fixed mixed-signal SCAR design",61,"cov_pu","Bayesian Linear Cov + PU",0.809264475743349,0.76075117370892,4,0.266666666666667,0.488888888888889,0.281272584914452,2.08322784619427,0.0816769494337704,0.69308985715032,0.965,0.6,0.6375,4.6,0.9925,0.933333333333333,1.04,3.6,0.203321838347488,0.775121212668743,0.794430676116443,0.470578693870673,0.965993934857112,0.17,0.049,0.003,0.559767625093588,0.655187948499192,-3.03935866749609,35.8186209201813
"Bayesian linear models on linear Gaussian covariates and Bernoulli SBM, fixed mixed-signal SCAR design",62,"cov_pu","Bayesian Linear Cov + PU",0.716744913928013,0.60112676056338,2,0.133333333333333,0.333333333333333,0.321312091846973,2.51276931979538,0.0905995001061068,0.787394327266465,0.96,0.533333333333333,0.715,5.2,0.99,0.8,1.295,8.79999999999999,0.18530947052266,0.598884975670356,0.611073033169904,0.2632555702333,0.90260393331457,0.027,0.006,0,0.411628508528543,0.501268480898336,-2.76161002426064,36.0803809165955
"Bayesian linear models on linear Gaussian covariates and Bernoulli SBM, fixed mixed-signal SCAR design",63,"cov_pu","Bayesian Linear Cov + PU",0.78585289514867,0.734835680751174,4,0.266666666666667,0.488888888888889,0.285782980086393,2.12171970111463,0.0809990878234398,0.697717712464717,0.96,0.6,0.6825,4.6,0.9975,1,0.91,1,0.182311043204767,0.743405416858824,0.761077264478749,0.427128888742307,0.95284323355554,0.133,0.03,0.002,0.544758259844456,0.641109091746982,-2.96496425643771,35.7829849720001
"Bayesian linear models on linear Gaussian covariates and Bernoulli SBM, fixed mixed-signal SCAR design",64,"cov_pu","Bayesian Linear Cov + PU",0.768325508607199,0.687699530516432,1,0.0666666666666667,0.422222222222222,0.299789379406844,2.34024180855547,0.0859846942658176,0.765801401805726,0.9525,0.4,0.785,6.4,0.995,0.933333333333333,0.9575,3.6,0.193540688253129,0.669607358513978,0.671419734779653,0.375256538399832,0.922576550822473,0.046,0.0085,0,0.494779849898569,0.568691525673579,-2.9527702022927,36.0888130664825
"Bayesian linear models on linear Gaussian covariates and Bernoulli SBM, fixed mixed-signal SCAR design",65,"cov_pu","Bayesian Linear Cov + PU",0.744100156494523,0.684507042253521,3,0.2,0.422222222222222,0.308710954325457,2.29172870295814,0.0881761284929154,0.757896899763586,0.9575,0.533333333333333,0.735,5.2,0.9925,0.866666666666667,1.195,6.19999999999999,0.190316216543158,0.615719895236248,0.614087603564728,0.29981433652839,0.922666565874725,0.038,0.009,0,0.429170840579782,0.507499751482703,-2.79196974981578,36.5212199687958
"Bayesian linear models on linear Gaussian covariates and Bernoulli SBM, fixed mixed-signal SCAR design",66,"cov_pu","Bayesian Linear Cov + PU",0.795367762128325,0.773896713615023,4,0.266666666666667,0.466666666666667,0.286868088488415,2.0585475003723,0.0828127772379077,0.705533674464086,0.965,0.6,0.6425,4.6,0.9975,1,0.9175,1,0.183183937973049,0.732377489818753,0.755969329875894,0.4045960174673,0.949407292427684,0.103,0.0245,0.001,0.520130617577996,0.620767819421776,-2.9246745580676,32.9349670410156
"Bayesian linear models on linear Gaussian covariates and Bernoulli SBM, fixed mixed-signal SCAR design",67,"cov_pu","Bayesian Linear Cov + PU",0.754992175273865,0.689201877934272,2,0.133333333333333,0.4,0.309106893833513,2.32855048436212,0.0885719219072277,0.756373283920231,0.96,0.6,0.7125,4.6,0.995,0.866666666666667,1.095,6.19999999999999,0.197045743162358,0.622005981210398,0.626009572133064,0.308841263245741,0.915369739962931,0.032,0.0075,0,0.438082301731686,0.515231469991012,-2.79696621886594,34.2522308826447
"Bayesian linear models on linear Gaussian covariates and Bernoulli SBM, fixed mixed-signal SCAR design",68,"cov_pu","Bayesian Linear Cov + PU",0.721627543035994,0.659718309859155,3,0.2,0.4,0.314730608209031,2.27263879525054,0.0896177812365899,0.757827407091873,0.95,0.333333333333333,0.7775,7,1,1,0.945,1,0.180574274034524,0.568652298994351,0.574612643297224,0.220918889928725,0.888186050493964,0.0185,0.0015,0,0.372311610183631,0.459876750421846,-2.71846737367062,33.9193861484528
"Bayesian linear models on linear Gaussian covariates and Bernoulli SBM, fixed mixed-signal SCAR design",69,"cov_pu","Bayesian Linear Cov + PU",0.792175273865415,0.730328638497653,4,0.266666666666667,0.444444444444444,0.29161879966638,2.16536982199677,0.0842096613687719,0.70041599359793,0.975,0.666666666666667,0.585,4,0.9925,0.866666666666667,1.0675,6.19999999999999,0.193295105324099,0.758427039982729,0.778751424355295,0.422111359749021,0.966162971034662,0.167,0.058,0.0025,0.479338752116078,0.611781718006591,-2.96566772903686,33.8425788879395
"Bayesian linear models on linear Gaussian covariates and Bernoulli SBM, fixed mixed-signal SCAR design",70,"cov_pu","Bayesian Linear Cov + PU",0.759499217527387,0.739342723004695,3,0.2,0.311111111111111,0.307043810123819,2.11072019279661,0.089356380782943,0.725918253101106,0.9675,0.666666666666667,0.6625,4,1,1,0.9175,1,0.195463319968943,0.523440684436619,0.522624562203166,0.209387250865464,0.83591681443241,0.0055,0.0015,0,0.378453812213294,0.439922822143687,-2.7366825419999,33.025622844696
"Bayesian linear models on linear Gaussian covariates and Bernoulli SBM, fixed mixed-signal SCAR design",71,"cov_pu","Bayesian Linear Cov + PU",0.792738654147105,0.71924882629108,5,0.333333333333333,0.466666666666667,0.288528317848566,2.11942034582863,0.082991972294907,0.674326021279792,0.9675,0.6,0.6325,4.6,0.995,0.866666666666667,0.9725,6.19999999999999,0.209882902819399,0.715601118124029,0.728493335982311,0.393396954066622,0.949709914660114,0.098,0.0245,0.001,0.519110828611632,0.608808688938692,-2.94129719863512,32.6497528553009
"Bayesian linear models on linear Gaussian covariates and Bernoulli SBM, fixed mixed-signal SCAR design",72,"cov_pu","Bayesian Linear Cov + PU",0.727824726134585,0.687323943661972,1,0.0666666666666667,0.288888888888889,0.319508812746683,2.3142912991042,0.0921987449669264,0.793574336542804,0.95,0.533333333333333,0.8075,5.2,0.9975,1,1.0475,1,0.183499728574188,0.475263441659109,0.471446121633949,0.18365238202729,0.786270639218121,0.0015,0,0,0.341038366639628,0.393376864451484,-2.69753137323694,33.0082049369812
"Bayesian linear models on linear Gaussian covariates and Bernoulli SBM, fixed mixed-signal SCAR design",73,"cov_pu","Bayesian Linear Cov + PU",0.715117370892019,0.664600938967136,2,0.133333333333333,0.4,0.316251179614599,2.3418516944724,0.0893268515684646,0.776335466183992,0.9525,0.533333333333333,0.7625,5.2,0.9975,1,1.0375,1,0.183941220019518,0.570805007475226,0.57089922985507,0.247901320666945,0.866060403251787,0.01,0.0015,0,0.390656733504247,0.468104665247706,-2.7137624285986,32.8209519386292
"Bayesian linear models on linear Gaussian covariates and Bernoulli SBM, fixed mixed-signal SCAR design",74,"cov_pu","Bayesian Linear Cov + PU",0.759749608763693,0.687323943661972,3,0.2,0.333333333333333,0.303644596277106,2.26224640721252,0.0871269224777999,0.732358170342836,0.9575,0.6,0.715,4.6,0.995,0.866666666666667,1.065,6.19999999999999,0.194067278226711,0.699739155892257,0.713896387281552,0.371633517152911,0.95705836611187,0.0955,0.032,0.002,0.463144377657386,0.556700605356915,-2.81575772226895,34.3181149959564
"Bayesian linear models on linear Gaussian covariates and Bernoulli SBM, fixed mixed-signal SCAR design",75,"cov_pu","Bayesian Linear Cov + PU",0.781095461658842,0.716431924882629,2,0.133333333333333,0.422222222222222,0.298151484154451,2.22442111778219,0.0863572076734019,0.742855681713544,0.965,0.6,0.6425,4.6,0.9925,0.866666666666667,1.1125,6.19999999999999,0.196937420553877,0.63985866111373,0.644750105781946,0.330171123932142,0.901785547152029,0.0265,0.0025,0,0.463822104331041,0.533752046156648,-2.9155445804226,32.5954570770264
"Bayesian linear models on linear Gaussian covariates and Bernoulli SBM, fixed mixed-signal SCAR design",76,"cov_pu","Bayesian Linear Cov + PU",0.778967136150235,0.722253521126761,2,0.133333333333333,0.488888888888889,0.290892590396895,2.27147668145795,0.0812101959926525,0.741625677556515,0.97,0.6,0.585,4.6,0.985,0.933333333333333,1.375,3.6,0.17329747434158,0.771450333405448,0.797227128124287,0.453487426076594,0.96423229643089,0.1785,0.053,0.001,0.512401258074712,0.614574673992864,-3.02410549566551,34.6993989944458
"Bayesian linear models on linear Gaussian covariates and Bernoulli SBM, fixed mixed-signal SCAR design",77,"cov_pu","Bayesian Linear Cov + PU",0.757245696400626,0.733333333333333,3,0.2,0.444444444444444,0.301659210543992,2.14355122483298,0.0861494022226171,0.723025575038267,0.9575,0.666666666666667,0.7425,4,0.995,0.933333333333333,1.0825,3.6,0.188234058008104,0.676696388656168,0.703814972425627,0.292643405747671,0.952335410376271,0.0975,0.027,0.001,0.413089978522806,0.523264800572001,-2.79672469629095,32.1438639163971
"Bayesian linear models on linear Gaussian covariates and Bernoulli SBM, fixed mixed-signal SCAR design",78,"cov_pu","Bayesian Linear Cov + PU",0.756181533646322,0.706666666666667,4,0.266666666666667,0.377777777777778,0.305121864309223,2.21678944241189,0.0869120989978524,0.728897563906308,0.9575,0.533333333333333,0.725,5.2,0.9925,0.933333333333333,1.17,3.6,0.191886861753957,0.594628571519612,0.595902007513048,0.291791020568927,0.880291542906575,0.0165,0.0025,0,0.439148428785265,0.50580816603301,-2.81207648182347,34.4388251304626
"Bayesian linear models on linear Gaussian covariates and Bernoulli SBM, fixed mixed-signal SCAR design",79,"cov_pu","Bayesian Linear Cov + PU",0.762691705790297,0.779154929577465,5,0.333333333333333,0.355555555555556,0.3164517733153,2.06415607421856,0.0923428579511903,0.738390690346302,0.9575,0.6,0.725,4.6,1,1,0.99,1,0.187773455145901,0.392781033086068,0.384580900623055,0.125322321978422,0.715941486702922,0,0,0,0.280004595318614,0.32257616135243,-2.61261326186003,33.0272059440613
"Bayesian linear models on linear Gaussian covariates and Bernoulli SBM, fixed mixed-signal SCAR design",80,"cov_pu","Bayesian Linear Cov + PU",0.792050078247261,0.772769953051643,5,0.333333333333333,0.466666666666667,0.292329683027316,2.01738227010431,0.0844387735392953,0.682659670914724,0.9725,0.733333333333333,0.5925,3.4,0.9925,0.933333333333333,1.135,3.6,0.200061598891084,0.621004590985617,0.624169947814543,0.332052960964649,0.886767448035023,0.02,0.003,0,0.460012679514766,0.528060354621828,-2.87535072707542,35.1746559143066
"Bayesian linear models on linear Gaussian covariates and Bernoulli SBM, fixed mixed-signal SCAR design",81,"cov_pu","Bayesian Linear Cov + PU",0.750798122065728,0.663286384976526,3,0.2,0.377777777777778,0.311690146391483,2.35586668183189,0.089427992596395,0.765239427063997,0.965,0.6,0.6525,4.6,0.9925,0.933333333333333,1.175,3.6,0.198755574823244,0.602851285214071,0.607427068987594,0.292505634433691,0.892446174428029,0.022,0.0035,0,0.430018463457014,0.503195812774375,-2.79445434986543,32.3933968544006
"Bayesian linear models on linear Gaussian covariates and Bernoulli SBM, fixed mixed-signal SCAR design",82,"cov_pu","Bayesian Linear Cov + PU",0.755931142410016,0.735962441314554,2,0.133333333333333,0.355555555555556,0.306949624355076,2.16690877909831,0.0891576695540361,0.747477303834109,0.95,0.6,0.79,4.6,1,1,0.9075,1,0.185867205384864,0.556087594698233,0.558090386495813,0.251891896924493,0.84014980504909,0.0065,0.001,0,0.412413174991964,0.476051674997139,-2.74907812655358,34.2332279682159
"Bayesian linear models on linear Gaussian covariates and Bernoulli SBM, fixed mixed-signal SCAR design",83,"cov_pu","Bayesian Linear Cov + PU",0.75849765258216,0.698591549295775,5,0.333333333333333,0.488888888888889,0.295931124657215,2.16500016175114,0.0826241399285733,0.703350678944915,0.96,0.533333333333333,0.6675,5.2,0.9975,1,0.955,1,0.176354770417987,0.665146638296276,0.678961093266529,0.332142854429189,0.925731889197824,0.054,0.01,0,0.45602948344778,0.549297620844743,-2.85517442052811,31.8366208076477
"Bayesian linear models on linear Gaussian covariates and Bernoulli SBM, fixed mixed-signal SCAR design",84,"cov_pu","Bayesian Linear Cov + PU",0.765696400625978,0.748169014084507,5,0.333333333333333,0.422222222222222,0.304865194431726,2.0486407807064,0.0882476645720211,0.71136140128775,0.9575,0.533333333333333,0.7,5.2,0.9975,1,1.035,1,0.186331213041333,0.584326730850505,0.591034059578455,0.237074143731024,0.919133497888397,0.037,0.0065,0,0.367335417775528,0.446440686616274,-2.70474097125093,33.1585772037506
"Bayesian linear models on linear Gaussian covariates and Bernoulli SBM, fixed mixed-signal SCAR design",85,"cov_pu","Bayesian Linear Cov + PU",0.801251956181534,0.791173708920188,5,0.333333333333333,0.4,0.284344615657813,1.86580688938508,0.0822744117818447,0.641455290091356,0.9675,0.666666666666667,0.6325,4,0.9975,1,0.9575,1,0.204156684974269,0.724029199580932,0.744278540025723,0.346845085525482,0.975741480468007,0.1795,0.08,0.005,0.471545307960058,0.563225347126543,-2.845981075612,30.0398299694061
"Bayesian linear models on linear Gaussian covariates and Bernoulli SBM, fixed mixed-signal SCAR design",86,"cov_pu","Bayesian Linear Cov + PU",0.709921752738654,0.63793427230047,1,0.0666666666666667,0.355555555555556,0.31810308894698,2.387117404082,0.0911096528786428,0.794490490417562,0.955,0.466666666666667,0.7375,5.8,1,1,0.9425,1,0.187755700197991,0.597197757062116,0.603447307948796,0.232411782823752,0.910358525214459,0.0345,0.0045,0,0.395206643775505,0.482424953291953,-2.7190223984041,33.6703178882599
"Bayesian linear models on linear Gaussian covariates and Bernoulli SBM, fixed mixed-signal SCAR design",87,"cov_pu","Bayesian Linear Cov + PU",0.808012519561815,0.753239436619718,2,0.133333333333333,0.444444444444444,0.285281756895406,2.13433230763118,0.0832535134544235,0.710031461274199,0.9725,0.733333333333333,0.595,3.4,0.9925,0.866666666666667,1.05,6.19999999999999,0.204042017543975,0.731032088686131,0.743353975624261,0.422900079683883,0.94908592552772,0.106,0.023,0.001,0.545896011488877,0.633591360735508,-3.01702575669899,32.3701128959656
"Bayesian linear models on linear Gaussian covariates and Bernoulli SBM, fixed mixed-signal SCAR design",88,"cov_pu","Bayesian Linear Cov + PU",0.80112676056338,0.783098591549296,6,0.4,0.511111111111111,0.285933545850274,1.91172379884494,0.082054526425011,0.649492313212748,0.9675,0.733333333333333,0.63,3.4,0.995,0.933333333333333,1.045,3.6,0.187204794261753,0.727894892535883,0.753296210891345,0.37700398725892,0.964299801072198,0.1495,0.047,0.002,0.46621372040049,0.557984401345071,-2.85972723868971,33.8534600734711
"Bayesian linear models on linear Gaussian covariates and Bernoulli SBM, fixed mixed-signal SCAR design",89,"cov_pu","Bayesian Linear Cov + PU",0.780719874804382,0.683943661971831,4,0.266666666666667,0.444444444444444,0.293294631917231,2.31167058528661,0.0844018687112936,0.73865047277214,0.965,0.466666666666667,0.6475,5.8,0.9975,0.933333333333333,0.88,3.6,0.203890321594583,0.821233940088039,0.850392787302884,0.511426876595315,0.983237914691444,0.3355,0.14,0.011,0.542727711948429,0.659754403707719,-2.97428054977075,33.297877073288
"Bayesian linear models on linear Gaussian covariates and Bernoulli SBM, fixed mixed-signal SCAR design",90,"cov_pu","Bayesian Linear Cov + PU",0.786478873239437,0.655211267605634,2,0.133333333333333,0.377777777777778,0.293087407772867,2.46130688571047,0.0848223570785488,0.76189094636176,0.965,0.466666666666667,0.655,5.8,0.99,0.8,1.1425,8.79999999999999,0.215801804471139,0.830286501393759,0.856494840122826,0.520971769199371,0.988636607823122,0.346,0.1495,0.0215,0.626864077248352,0.73538269495794,-3.06105933424903,31.6582531929016
"Bayesian linear models on linear Gaussian covariates and Bernoulli SBM, fixed mixed-signal SCAR design",91,"cov_pu","Bayesian Linear Cov + PU",0.794804381846635,0.828169014084507,5,0.333333333333333,0.444444444444444,0.291747442658915,1.90095454376376,0.0846787163842325,0.685097268542967,0.965,0.733333333333333,0.6225,3.4,0.9975,1,1.0125,1,0.182409208208746,0.628025867285704,0.642077946343726,0.299516389976007,0.905036937098542,0.0285,0.0045,0,0.424049677357654,0.511586812081878,-2.79062226991752,32.7256939411163
"Bayesian linear models on linear Gaussian covariates and Bernoulli SBM, fixed mixed-signal SCAR design",92,"cov_pu","Bayesian Linear Cov + PU",0.797057902973396,0.76075117370892,2,0.133333333333333,0.4,0.292454293536004,2.09116476187873,0.0864782101403965,0.726144346933755,0.96,0.666666666666667,0.7175,4,0.9975,0.933333333333333,0.8975,3.6,0.207780424279213,0.654903003809956,0.659213768301797,0.3402678096939,0.918444893477958,0.041,0.0115,5e-04,0.479335552392901,0.550715183800959,-2.91722465321801,32.8885560035706
"Bayesian linear models on linear Gaussian covariates and Bernoulli SBM, fixed mixed-signal SCAR design",93,"cov_pu","Bayesian Linear Cov + PU",0.768388106416275,0.779154929577465,4,0.266666666666667,0.4,0.298895048861287,2.01538862349925,0.0860475657534293,0.706479187516725,0.965,0.666666666666667,0.655,4,0.9975,1,1,1,0.18619417154751,0.618321323562445,0.632303767093553,0.267996762998901,0.899010653087917,0.025,0.004,0,0.41764136051249,0.507883597442633,-2.7789720888261,33.7498729228973
"Bayesian linear models on linear Gaussian covariates and Bernoulli SBM, fixed mixed-signal SCAR design",94,"cov_pu","Bayesian Linear Cov + PU",0.800876369327074,0.776338028169014,5,0.333333333333333,0.4,0.289070069847926,1.84232666341132,0.0842303098936179,0.62689524420953,0.9675,0.8,0.6575,2.8,0.9975,0.933333333333333,1.0025,3.6,0.219649478411172,0.71539085612417,0.738766903195161,0.328603854845414,0.977284567108718,0.175,0.076,0.009,0.455150882231728,0.5648218818669,-2.74755622497721,30.8368000984192
"Bayesian linear models on linear Gaussian covariates and Bernoulli SBM, fixed mixed-signal SCAR design",95,"cov_pu","Bayesian Linear Cov + PU",0.766009389671361,0.68169014084507,2,0.133333333333333,0.422222222222222,0.307527654233738,2.31261261883089,0.089037961950106,0.731153636917632,0.9575,0.533333333333333,0.755,5.2,0.9975,0.933333333333333,0.95,3.6,0.218205640147443,0.583875052994117,0.577813976864759,0.288706484754556,0.902277537955284,0.026,0.007,5e-04,0.434976760664701,0.495194032701093,-2.82802755334954,35.0736949443817
"Bayesian linear models on linear Gaussian covariates and Bernoulli SBM, fixed mixed-signal SCAR design",96,"cov_pu","Bayesian Linear Cov + PU",0.784600938967136,0.771079812206573,3,0.2,0.4,0.299796436729952,2.04871776883184,0.0879923037961315,0.722944960875345,0.96,0.6,0.705,4.6,0.9975,1,0.9725,1,0.208616486346421,0.635382929017135,0.647032790491949,0.28659128637145,0.935200225741106,0.054,0.0145,5e-04,0.444633481267588,0.52772014218204,-2.78072422506948,32.7770440578461
"Bayesian linear models on linear Gaussian covariates and Bernoulli SBM, fixed mixed-signal SCAR design",97,"cov_pu","Bayesian Linear Cov + PU",0.77339593114241,0.715305164319249,5,0.333333333333333,0.377777777777778,0.302277682608789,2.09281846283933,0.0878224641390854,0.703101612638161,0.965,0.533333333333333,0.66,5.2,0.9975,1,0.9975,1,0.214517575801526,0.660219798540284,0.675170890969845,0.28293616587173,0.96120334963931,0.103,0.039,0.0035,0.432526394569286,0.526167735610165,-2.74903533842638,35.0285978317261
"Bayesian linear models on linear Gaussian covariates and Bernoulli SBM, fixed mixed-signal SCAR design",98,"cov_pu","Bayesian Linear Cov + PU",0.746165884194053,0.723380281690141,4,0.266666666666667,0.444444444444444,0.305257846169686,2.11225258959591,0.0871765691942034,0.722488261188909,0.9575,0.6,0.7275,4.6,0.9975,1,1.035,1,0.183545274302734,0.55662165676982,0.555976367791803,0.255298402709517,0.858272545423715,0.011,0.0015,0,0.390016844587352,0.46244989462453,-2.75107518515165,31.736102104187
"Bayesian linear models on linear Gaussian covariates and Bernoulli SBM, fixed mixed-signal SCAR design",99,"cov_pu","Bayesian Linear Cov + PU",0.803630672926448,0.752676056338028,4,0.266666666666667,0.444444444444444,0.283534346796489,1.97902469500411,0.0828248905295557,0.664224602053666,0.97,0.666666666666667,0.63,4,0.995,0.933333333333333,0.9625,3.6,0.234645338290128,0.810940098314765,0.843058712617671,0.44405740300021,0.986600274372832,0.34,0.1665,0.014,0.528872762133006,0.635624853175199,-2.92807419902962,35.0309829711914
"Bayesian linear models on linear Gaussian covariates and Bernoulli SBM, fixed mixed-signal SCAR design",100,"cov_pu","Bayesian Linear Cov + PU",0.773834115805947,0.683755868544601,4,0.266666666666667,0.4,0.302163161037993,2.28677577794222,0.0871540052840049,0.736175466344372,0.96,0.466666666666667,0.7075,5.8,0.99,0.866666666666667,1.2075,6.19999999999999,0.20921655933961,0.641181119313363,0.649010127176577,0.319783960181486,0.916695789913177,0.0375,0.0065,0,0.486771546171679,0.554043384303736,-2.87566005448334,41.3976879119873
"Bayesian linear models on linear Gaussian covariates and Bernoulli SBM, fixed mixed-signal SCAR design",1,"cov_net","Bayesian Linear Cov + Net",0.764256651017214,0.725258215962441,3,0.2,0.422222222222222,0.306848159506699,2.39786782964423,0.0880396526202172,0.779858526539178,0.955,0.533333333333333,0.675,5.2,0.99,0.866666666666667,1.1975,6.19999999999999,NA,0.550649369547431,0.550932037004361,0.291543325392439,0.799800987286804,5e-04,0,0,0.394394935336746,0.459348714044481,-3.07959319281461,30.0126349925995
"Bayesian linear models on linear Gaussian covariates and Bernoulli SBM, fixed mixed-signal SCAR design",2,"cov_net","Bayesian Linear Cov + Net",0.789045383411581,0.745164319248826,3,0.2,0.333333333333333,0.303078653573456,2.34520508075414,0.0886419544635493,0.775699922785543,0.9575,0.6,0.645,4.6,0.9975,0.933333333333333,0.8725,3.6,NA,0.569625894056149,0.573067867436753,0.30209630394899,0.829314769668623,0.004,0,0,0.395486746375471,0.468749904109084,-3.09089046071083,31.8767311573029
"Bayesian linear models on linear Gaussian covariates and Bernoulli SBM, fixed mixed-signal SCAR design",3,"cov_net","Bayesian Linear Cov + Net",0.739092331768388,0.652018779342723,2,0.133333333333333,0.4,0.317520017195161,2.57407674859073,0.0907455612519284,0.808076376893999,0.9525,0.466666666666667,0.685,5.8,0.995,0.933333333333333,1.045,3.6,NA,0.534281704283929,0.538524475475006,0.261358151499998,0.800902061426903,0.002,0,0,0.368180771859732,0.439810710819141,-3.01987658454281,30.4784889221191
"Bayesian linear models on linear Gaussian covariates and Bernoulli SBM, fixed mixed-signal SCAR design",4,"cov_net","Bayesian Linear Cov + Net",0.83943661971831,0.753990610328638,4,0.266666666666667,0.444444444444444,0.274180846954264,2.32577753896125,0.0805146178469582,0.737188160678814,0.9575,0.466666666666667,0.6475,5.8,0.9925,0.8,0.9675,8.79999999999999,NA,0.751819207154722,0.765128869637885,0.496213588675662,0.927939626196239,0.073,0.0085,0,0.555222634136915,0.646286055912985,-3.38578215311539,33.3223009109497
"Bayesian linear models on linear Gaussian covariates and Bernoulli SBM, fixed mixed-signal SCAR design",5,"cov_net","Bayesian Linear Cov + Net",0.915117370892019,0.907793427230047,9,0.6,0.666666666666667,0.211059006147205,1.56398775983553,0.0613530360384543,0.52742614432362,0.9675,0.733333333333333,0.515,3.4,0.9975,0.933333333333333,0.66,3.6,NA,0.944304437237765,0.960625199041078,0.796974509632964,0.995510316636724,0.8515,0.5955,0.0825,0.747850996841162,0.849874723656634,-3.64174295565595,30.4384670257568
"Bayesian linear models on linear Gaussian covariates and Bernoulli SBM, fixed mixed-signal SCAR design",6,"cov_net","Bayesian Linear Cov + Net",0.769827856025039,0.713802816901408,2,0.133333333333333,0.377777777777778,0.311268610519894,2.48595339224227,0.0906348003300695,0.814073738182807,0.945,0.4,0.7625,6.4,0.9975,1,0.9,1,NA,0.63959424953001,0.6495013857626,0.307513618686757,0.904121438084409,0.0275,0.002,0,0.402909249672973,0.500808044606435,-3.06939684071508,30.2263491153717
"Bayesian linear models on linear Gaussian covariates and Bernoulli SBM, fixed mixed-signal SCAR design",7,"cov_net","Bayesian Linear Cov + Net",0.766697965571205,0.611830985915493,0,0,0.355555555555556,0.313146017366678,2.8335853334375,0.0900023116010093,0.858033675032299,0.9525,0.2,0.685,8.2,0.9925,0.866666666666667,1.0575,6.19999999999999,NA,0.709187748317284,0.726509582119794,0.377893064582043,0.951997224935273,0.099,0.028,0.001,0.428375567518498,0.548448418466332,-3.16362762364758,35.4542620182037
"Bayesian linear models on linear Gaussian covariates and Bernoulli SBM, fixed mixed-signal SCAR design",8,"cov_net","Bayesian Linear Cov + Net",0.903223787167449,0.856338028169014,5,0.333333333333333,0.622222222222222,0.229193264656167,1.97152426118897,0.0689570137806855,0.654318352565451,0.975,0.666666666666667,0.4625,4,0.9975,0.933333333333333,0.6275,3.6,NA,0.984297346719544,0.992376739060502,0.916413157105567,0.99943820128156,0.9845,0.943,0.5835,0.703381788258096,0.808861893044671,-3.76324174376131,32.9204130172729
"Bayesian linear models on linear Gaussian covariates and Bernoulli SBM, fixed mixed-signal SCAR design",9,"cov_net","Bayesian Linear Cov + Net",0.817339593114241,0.737652582159624,4,0.266666666666667,0.422222222222222,0.288096709775476,2.40126047809769,0.0841516503566039,0.754710917304087,0.955,0.4,0.6575,6.4,0.995,0.866666666666667,0.9025,6.19999999999999,NA,0.760200360872098,0.778737202784787,0.46554194409425,0.955791337230037,0.144,0.032,0,0.499079227126765,0.609707264328281,-3.28607653949635,32.8987190723419
"Bayesian linear models on linear Gaussian covariates and Bernoulli SBM, fixed mixed-signal SCAR design",10,"cov_net","Bayesian Linear Cov + Net",0.801439749608764,0.662535211267606,2,0.133333333333333,0.488888888888889,0.295283094928606,2.7818102562337,0.08359012163838,0.795468424046737,0.9575,0.4,0.645,6.4,0.9875,0.733333333333333,1.16,11.4,NA,0.841595844632399,0.866492457712233,0.584019529821572,0.974068896912988,0.3595,0.107,0.001,0.551245904794651,0.69940789692782,-3.34233607020278,31.3867719173431
"Bayesian linear models on linear Gaussian covariates and Bernoulli SBM, fixed mixed-signal SCAR design",11,"cov_net","Bayesian Linear Cov + Net",0.830046948356807,0.695399061032864,4,0.266666666666667,0.511111111111111,0.277884535593653,2.51220548750535,0.0800393926837123,0.732274475255494,0.96,0.4,0.6225,6.4,0.99,0.8,1.0675,8.79999999999999,NA,0.797635380599538,0.816108253648446,0.531040278940285,0.957490439415173,0.1835,0.0365,0,0.583150196176202,0.689867384731144,-3.36989535749169,33.6797161102295
"Bayesian linear models on linear Gaussian covariates and Bernoulli SBM, fixed mixed-signal SCAR design",12,"cov_net","Bayesian Linear Cov + Net",0.742347417840376,0.614084507042253,2,0.133333333333333,0.355555555555556,0.316481724536005,2.70873173593616,0.0902936114580219,0.821166000406115,0.945,0.4,0.7675,6.4,0.9925,0.8,1.06,8.79999999999999,NA,0.614204722069959,0.61997326298707,0.327733771756088,0.868391419021979,0.011,0.001,0,0.401701875220371,0.491809497647138,-3.12568800738304,30.4394369125366
"Bayesian linear models on linear Gaussian covariates and Bernoulli SBM, fixed mixed-signal SCAR design",13,"cov_net","Bayesian Linear Cov + Net",0.842128325508607,0.841877934272301,6,0.4,0.4,0.284724261346836,1.97669486474728,0.0851342499011124,0.686624735982917,0.955,0.8,0.675,2.8,0.9975,0.933333333333333,0.855,3.6,NA,0.580616330105016,0.588382620469322,0.314413724992468,0.827056989691108,0.0035,0,0,0.416855348792453,0.494204752652992,-3.12288883885608,31.8275821208954
"Bayesian linear models on linear Gaussian covariates and Bernoulli SBM, fixed mixed-signal SCAR design",14,"cov_net","Bayesian Linear Cov + Net",0.769139280125196,0.710234741784038,4,0.266666666666667,0.377777777777778,0.30701146155934,2.44149413528175,0.087691998992042,0.782293278177265,0.9525,0.466666666666667,0.6725,5.8,0.9925,0.866666666666667,1.085,6.19999999999999,NA,0.670711425158051,0.685763058432709,0.340743841865765,0.911270471761708,0.039,0.002,0,0.405264815319009,0.515402484915899,-3.07847965822584,30.7568280696869
"Bayesian linear models on linear Gaussian covariates and Bernoulli SBM, fixed mixed-signal SCAR design",15,"cov_net","Bayesian Linear Cov + Net",0.854272300469484,0.811079812206573,5,0.333333333333333,0.466666666666667,0.270673801050581,2.13638402586862,0.0801851843852836,0.707547498719754,0.965,0.533333333333333,0.5675,5.2,0.995,0.933333333333333,0.895,3.6,NA,0.742898193544318,0.755796040084192,0.481462538964798,0.929658397832676,0.071,0.008,0,0.54781806870114,0.64193575489811,-3.32269462853003,32.8809230327606
"Bayesian linear models on linear Gaussian covariates and Bernoulli SBM, fixed mixed-signal SCAR design",16,"cov_net","Bayesian Linear Cov + Net",0.810954616588419,0.845070422535211,4,0.266666666666667,0.444444444444444,0.301924809736264,2.04910967063122,0.0900558679095164,0.7311619282038,0.95,0.666666666666667,0.7075,4,1,1,0.8575,1,NA,0.45161435037452,0.444960897987823,0.20450462631331,0.724017901135632,0,0,0,0.321972734823235,0.372959491219298,-2.98326102357548,32.6152629852295
"Bayesian linear models on linear Gaussian covariates and Bernoulli SBM, fixed mixed-signal SCAR design",17,"cov_net","Bayesian Linear Cov + Net",0.828419405320814,0.815962441314554,5,0.333333333333333,0.422222222222222,0.281714451561827,2.08578579107352,0.0830907399453365,0.709817159278025,0.9675,0.733333333333333,0.5425,3.4,0.9975,0.933333333333333,0.8525,3.6,NA,0.635338578592999,0.637781932925877,0.365725452007606,0.877723933124418,0.012,0.0015,0,0.46769656003443,0.542399309429246,-3.16967674503793,30.2822229862213
"Bayesian linear models on linear Gaussian covariates and Bernoulli SBM, fixed mixed-signal SCAR design",18,"cov_net","Bayesian Linear Cov + Net",0.899405320813772,0.864225352112676,7,0.466666666666667,0.644444444444444,0.237585072638065,1.9022509384893,0.0704033639452832,0.652848840844352,0.9775,0.6,0.425,4.6,0.9975,1,0.77,1,NA,0.839773692077316,0.86328341695745,0.580159446789596,0.981023556082157,0.342,0.142,0.0045,0.631600729684994,0.73417498696641,-3.50169282914404,39.9440159797668
"Bayesian linear models on linear Gaussian covariates and Bernoulli SBM, fixed mixed-signal SCAR design",19,"cov_net","Bayesian Linear Cov + Net",0.794616588419405,0.808262910798122,4,0.266666666666667,0.422222222222222,0.305091008080038,2.14562705158898,0.0900415847564223,0.742169842484467,0.9525,0.533333333333333,0.695,5.2,1,1,0.8425,1,NA,0.499976725671248,0.498841998222532,0.237232695543454,0.788849472063738,5e-04,0,0,0.343113709282733,0.406913779644556,-2.97072794450646,30.194885969162
"Bayesian linear models on linear Gaussian covariates and Bernoulli SBM, fixed mixed-signal SCAR design",20,"cov_net","Bayesian Linear Cov + Net",0.806885758998435,0.757370892018779,3,0.2,0.4,0.295528702745723,2.30807481161641,0.0870199519973628,0.762327505778118,0.955,0.466666666666667,0.6575,5.8,0.9975,0.933333333333333,0.865,3.6,NA,0.606396559755357,0.61379755127796,0.331038056159021,0.853772148655435,0.0065,5e-04,0,0.434023271759561,0.507377505666569,-3.15882520463934,31.9493658542633
"Bayesian linear models on linear Gaussian covariates and Bernoulli SBM, fixed mixed-signal SCAR design",21,"cov_net","Bayesian Linear Cov + Net",0.763442879499218,0.730328638497653,4,0.266666666666667,0.488888888888889,0.30834990070194,2.37943763545456,0.0881448806226647,0.777530155763087,0.9575,0.6,0.6375,4.6,0.9925,0.933333333333333,1.115,3.6,NA,0.611469336434283,0.620681580951738,0.300042956852556,0.889816079462378,0.019,0.001,0,0.376285713375051,0.479611622117731,-3.03813396190736,31.6718020439148
"Bayesian linear models on linear Gaussian covariates and Bernoulli SBM, fixed mixed-signal SCAR design",22,"cov_net","Bayesian Linear Cov + Net",0.826917057902973,0.786291079812207,4,0.266666666666667,0.444444444444444,0.282374375312383,2.19168952084155,0.0823885186517595,0.718136711449346,0.9625,0.466666666666667,0.6075,5.8,0.995,0.933333333333333,0.89,3.6,NA,0.71648771936108,0.728057073781508,0.421406779544149,0.93018299924326,0.0685,0.0115,0,0.470575082679896,0.57292662831659,-3.24032497509939,29.7497158050537
"Bayesian linear models on linear Gaussian covariates and Bernoulli SBM, fixed mixed-signal SCAR design",23,"cov_net","Bayesian Linear Cov + Net",0.804757433489828,0.762629107981221,2,0.133333333333333,0.377777777777778,0.301479504132999,2.39853516611144,0.0892733691484045,0.802399605608239,0.9525,0.466666666666667,0.69,5.8,0.9975,1,0.8525,1,NA,0.748612982969885,0.769653876838447,0.440106506225609,0.950668835857337,0.1255,0.0265,0,0.449987947729942,0.574630499952068,-3.11415291341321,32.6764571666718
"Bayesian linear models on linear Gaussian covariates and Bernoulli SBM, fixed mixed-signal SCAR design",24,"cov_net","Bayesian Linear Cov + Net",0.822472613458529,0.699530516431925,5,0.333333333333333,0.466666666666667,0.274062253378755,2.43920303628594,0.0775768553201723,0.704161802708919,0.965,0.533333333333333,0.5625,5.2,0.9875,0.733333333333333,1.1575,11.4,NA,0.724848410245179,0.737349938057476,0.470692585094173,0.920768816336403,0.0525,0.008,0,0.556861619189718,0.636637210813741,-3.39959344738697,33.0817120075226
"Bayesian linear models on linear Gaussian covariates and Bernoulli SBM, fixed mixed-signal SCAR design",25,"cov_net","Bayesian Linear Cov + Net",0.819906103286385,0.773333333333333,4,0.266666666666667,0.444444444444444,0.282121314452972,2.23356793414577,0.0817439642035393,0.728662483609115,0.9525,0.466666666666667,0.6875,5.8,0.9975,1,0.8025,1,NA,0.79076173092667,0.816880853111444,0.478875250811533,0.965041921785531,0.2165,0.0525,0.001,0.505867377190273,0.63092012400314,-3.23513018440192,32.5137140750885
"Bayesian linear models on linear Gaussian covariates and Bernoulli SBM, fixed mixed-signal SCAR design",26,"cov_net","Bayesian Linear Cov + Net",0.78697965571205,0.683943661971831,1,0.0666666666666667,0.422222222222222,0.302601544496524,2.51819220496673,0.0870129724787626,0.776019338801757,0.9525,0.6,0.685,4.6,0.9875,0.733333333333333,1.2825,11.4,NA,0.656364636843384,0.66736797219343,0.338797785143327,0.894952877127006,0.02,0.001,0,0.453574367596987,0.548424226398267,-3.12140914916086,31.8792390823364
"Bayesian linear models on linear Gaussian covariates and Bernoulli SBM, fixed mixed-signal SCAR design",27,"cov_net","Bayesian Linear Cov + Net",0.80037558685446,0.811643192488263,4,0.266666666666667,0.422222222222222,0.300970329235716,2.13638845698579,0.0890574124063728,0.741794704384563,0.9525,0.666666666666667,0.7025,4,0.9975,0.933333333333333,0.9075,3.6,NA,0.508083314131742,0.505971616101961,0.244280184487463,0.788830753163162,5e-04,0,0,0.34822244099594,0.411908157453709,-3.01861308896818,29.5251288414001
"Bayesian linear models on linear Gaussian covariates and Bernoulli SBM, fixed mixed-signal SCAR design",28,"cov_net","Bayesian Linear Cov + Net",0.85302034428795,0.835117370892019,4,0.266666666666667,0.511111111111111,0.268308767767138,2.05768879549726,0.079276030759017,0.699806977411964,0.96,0.6,0.5975,4.6,0.995,0.933333333333333,0.8775,3.6,NA,0.74554298485017,0.755666328637468,0.465855591283642,0.944588256069023,0.101,0.0185,5e-04,0.532817391338243,0.627890006109397,-3.32009689069211,32.1088571548462
"Bayesian linear models on linear Gaussian covariates and Bernoulli SBM, fixed mixed-signal SCAR design",29,"cov_net","Bayesian Linear Cov + Net",0.843755868544601,0.833802816901408,5,0.333333333333333,0.533333333333333,0.268412388014853,2.06994146537615,0.0774726373594517,0.702414206079859,0.965,0.666666666666667,0.585,4,0.995,1,0.87,1,NA,0.724276955317411,0.741392940677917,0.451506711696663,0.921741522724789,0.0535,0.0065,0,0.535439400399271,0.62347163910908,-3.34500821076669,32.2034931182861
"Bayesian linear models on linear Gaussian covariates and Bernoulli SBM, fixed mixed-signal SCAR design",30,"cov_net","Bayesian Linear Cov + Net",0.762879499217527,0.762441314553991,4,0.266666666666667,0.355555555555556,0.312078364031896,2.28271780878274,0.0904702396660467,0.767777924579534,0.945,0.466666666666667,0.7375,5.8,0.9975,0.933333333333333,0.97,3.6,NA,0.482124792458273,0.475404263612996,0.22231395526303,0.767226067305694,5e-04,0,0,0.334154586611554,0.393512866892849,-2.94616114150694,31.6156101226807
"Bayesian linear models on linear Gaussian covariates and Bernoulli SBM, fixed mixed-signal SCAR design",31,"cov_net","Bayesian Linear Cov + Net",0.776901408450704,0.712300469483568,5,0.333333333333333,0.422222222222222,0.305963784345643,2.30732796038622,0.0889919145711282,0.752362747104813,0.945,0.466666666666667,0.7525,5.8,1,1,0.8525,1,NA,0.566360562981118,0.568890528487602,0.268655878271644,0.848533685344721,0.0065,0,0,0.373992217897075,0.45527530980945,-2.99077509594458,30.6175739765167
"Bayesian linear models on linear Gaussian covariates and Bernoulli SBM, fixed mixed-signal SCAR design",32,"cov_net","Bayesian Linear Cov + Net",0.846009389671362,0.795117370892019,4,0.266666666666667,0.466666666666667,0.274811396392906,2.15726237914089,0.0814787042987625,0.713537546521582,0.9625,0.6,0.6025,4.6,1,1,0.71,1,NA,0.759630515789054,0.779260701636065,0.464490050332137,0.951731568641227,0.151,0.029,0.001,0.51970636848014,0.636832476294994,-3.25655343201826,34.3983948230743
"Bayesian linear models on linear Gaussian covariates and Bernoulli SBM, fixed mixed-signal SCAR design",33,"cov_net","Bayesian Linear Cov + Net",0.822597809076682,0.773333333333333,4,0.266666666666667,0.422222222222222,0.285335959831112,2.25209033610744,0.0835707956789038,0.740661979890621,0.9625,0.466666666666667,0.605,5.8,0.995,1,0.9075,1,NA,0.728525675083159,0.750373220033889,0.4230876369938,0.935109188657927,0.078,0.0085,0,0.474348648298621,0.580286940034233,-3.25047734592547,31.4876608848572
"Bayesian linear models on linear Gaussian covariates and Bernoulli SBM, fixed mixed-signal SCAR design",34,"cov_net","Bayesian Linear Cov + Net",0.711987480438185,0.64018779342723,4,0.266666666666667,0.355555555555556,0.327891581435347,2.50327441906392,0.0940975293874243,0.812305554559259,0.9325,0.266666666666667,0.8575,7.6,0.9975,1,1.0325,1,NA,0.410885929225816,0.403438581596574,0.160953089072936,0.705505038016451,0,0,0,0.284251324586736,0.334099217855671,-2.89351743931715,30.1996490955353
"Bayesian linear models on linear Gaussian covariates and Bernoulli SBM, fixed mixed-signal SCAR design",35,"cov_net","Bayesian Linear Cov + Net",0.809640062597809,0.776338028169014,3,0.2,0.466666666666667,0.293646958920442,2.29843091906222,0.0850873433710551,0.748097518001964,0.96,0.6,0.605,4.6,0.995,0.933333333333333,0.96,3.6,NA,0.743214093066702,0.766991665535001,0.415011829203117,0.944819716386231,0.111,0.0195,0,0.473916949002435,0.584556375933832,-3.12954485563003,32.0154209136963
"Bayesian linear models on linear Gaussian covariates and Bernoulli SBM, fixed mixed-signal SCAR design",36,"cov_net","Bayesian Linear Cov + Net",0.728763693270736,0.707605633802817,2,0.133333333333333,0.422222222222222,0.323718544086245,2.40597620213624,0.0930069169362779,0.800564752604075,0.945,0.4,0.7425,6.4,0.9975,1,1.0225,1,NA,0.421350577685785,0.413820790142837,0.160387228275862,0.729174249032845,0,0,0,0.288674310870686,0.341967586923716,-2.89137185758392,30.2948160171509
"Bayesian linear models on linear Gaussian covariates and Bernoulli SBM, fixed mixed-signal SCAR design",37,"cov_net","Bayesian Linear Cov + Net",0.782973395931142,0.699718309859155,6,0.4,0.555555555555556,0.297550804473647,2.31311342357516,0.0857482545534707,0.725889523574171,0.9525,0.466666666666667,0.695,5.8,0.99,0.866666666666667,1.1725,6.19999999999999,NA,0.61173312324141,0.609501736876391,0.311901297419088,0.909209046054466,0.0325,0.005,0,0.406317132897143,0.486214872789491,-3.09977363069986,31.3409168720245
"Bayesian linear models on linear Gaussian covariates and Bernoulli SBM, fixed mixed-signal SCAR design",38,"cov_net","Bayesian Linear Cov + Net",0.775461658841941,0.745164319248826,5,0.333333333333333,0.422222222222222,0.304223424575996,2.26744986220097,0.0883266044988587,0.747844083780276,0.9475,0.466666666666667,0.7375,5.8,0.9975,0.933333333333333,0.94,3.6,NA,0.531413459410462,0.531216010737698,0.251831233254737,0.799401832919584,0.001,0,0,0.372707643005306,0.441954689810349,-3.00761544974698,30.091185092926
"Bayesian linear models on linear Gaussian covariates and Bernoulli SBM, fixed mixed-signal SCAR design",39,"cov_net","Bayesian Linear Cov + Net",0.74679186228482,0.674366197183099,4,0.266666666666667,0.377777777777778,0.319153431821716,2.5436797188343,0.091147800383072,0.799197024199003,0.9525,0.533333333333333,0.7075,5.2,0.9925,0.866666666666667,1.1125,6.19999999999999,NA,0.521016759616602,0.514096335075128,0.246091345609479,0.823617207413416,0.0015,0,0,0.332887749207482,0.405302328055835,-3.01668272781557,32.1340069770813
"Bayesian linear models on linear Gaussian covariates and Bernoulli SBM, fixed mixed-signal SCAR design",40,"cov_net","Bayesian Linear Cov + Net",0.821784037558685,0.781220657276995,5,0.333333333333333,0.511111111111111,0.280665593222186,2.11003771716211,0.0819448086753466,0.688509282882768,0.9575,0.6,0.64,4.6,0.995,0.933333333333333,0.93,3.6,NA,0.643071840133908,0.645074427124946,0.360808338433278,0.896383803987566,0.0225,0.003,0,0.452900863492292,0.534318705080098,-3.22501338080667,32.1487240791321
"Bayesian linear models on linear Gaussian covariates and Bernoulli SBM, fixed mixed-signal SCAR design",41,"cov_net","Bayesian Linear Cov + Net",0.776838810641628,0.6418779342723,5,0.333333333333333,0.511111111111111,0.294494009057553,2.65238659984081,0.0823855876215462,0.760681962675765,0.955,0.466666666666667,0.6575,5.8,0.985,0.733333333333333,1.28,11.4,NA,0.713080537867768,0.727514558123782,0.445561199034292,0.912608684096018,0.0385,0.0045,0,0.508004194629651,0.606645112245977,-3.31665658503937,31.5951871871948
"Bayesian linear models on linear Gaussian covariates and Bernoulli SBM, fixed mixed-signal SCAR design",42,"cov_net","Bayesian Linear Cov + Net",0.785790297339593,0.699342723004695,3,0.2,0.355555555555556,0.307309635414443,2.4740545149788,0.0897171405417873,0.793893895318405,0.96,0.533333333333333,0.64,5.2,0.9925,0.866666666666667,1.09,6.19999999999999,NA,0.619182855452236,0.623701981871211,0.309262840934198,0.902752200463245,0.0275,0.0025,0,0.390041876410918,0.482720099611092,-3.07305503041051,32.5946819782257
"Bayesian linear models on linear Gaussian covariates and Bernoulli SBM, fixed mixed-signal SCAR design",43,"cov_net","Bayesian Linear Cov + Net",0.849640062597809,0.859342723004695,5,0.333333333333333,0.466666666666667,0.273707155492673,1.98708289392387,0.0814922212642167,0.698469086719842,0.9575,0.6,0.6375,4.6,0.995,1,0.875,1,NA,0.763231605471451,0.780716209465893,0.466798544206459,0.956400800024328,0.1475,0.0345,5e-04,0.495810843255088,0.603090898202943,-3.22396391948432,30.777113199234
"Bayesian linear models on linear Gaussian covariates and Bernoulli SBM, fixed mixed-signal SCAR design",44,"cov_net","Bayesian Linear Cov + Net",0.782723004694836,0.650516431924883,2,0.133333333333333,0.422222222222222,0.30476097916289,2.72805077093326,0.0880287332884543,0.831363643036058,0.95,0.266666666666667,0.7275,7.6,0.9925,0.866666666666667,1.0025,6.19999999999999,NA,0.709120484885041,0.724410452263035,0.419085676517239,0.928571256916336,0.051,0.0105,0,0.478086876902745,0.586928466402983,-3.22546164746179,33.781357049942
"Bayesian linear models on linear Gaussian covariates and Bernoulli SBM, fixed mixed-signal SCAR design",45,"cov_net","Bayesian Linear Cov + Net",0.850516431924883,0.818967136150235,4,0.266666666666667,0.511111111111111,0.274841210572185,2.0734392045422,0.0818047358027851,0.697430388230751,0.9675,0.666666666666667,0.53,4,0.99,0.866666666666667,1.0925,6.19999999999999,NA,0.674888938003095,0.683897641214015,0.413352130522405,0.896075472544256,0.0205,0.001,0,0.499368544840636,0.57638014794787,-3.24096874525471,31.5031888484955
"Bayesian linear models on linear Gaussian covariates and Bernoulli SBM, fixed mixed-signal SCAR design",46,"cov_net","Bayesian Linear Cov + Net",0.902848200312989,0.814835680751174,4,0.266666666666667,0.6,0.223132422588329,2.27251765311636,0.0652330916364784,0.704394821620457,0.97,0.533333333333333,0.4825,5.2,0.9975,1,0.6,1,NA,0.956101787041753,0.970257725566909,0.838039620482911,0.998075425746428,0.887,0.6875,0.211,0.79769225063618,0.870619879055355,-3.88988695014492,34.7240149974823
"Bayesian linear models on linear Gaussian covariates and Bernoulli SBM, fixed mixed-signal SCAR design",47,"cov_net","Bayesian Linear Cov + Net",0.830297339593114,0.836807511737089,2,0.133333333333333,0.466666666666667,0.290068629633056,2.14501839159018,0.0872022804144001,0.757192173216301,0.955,0.666666666666667,0.6775,4,0.9975,1,0.8425,1,NA,0.562707857639495,0.565168327967347,0.319385994589147,0.796821276585269,0.001,0,0,0.422251063922054,0.482286636539227,-3.17001613034797,31.5901210308075
"Bayesian linear models on linear Gaussian covariates and Bernoulli SBM, fixed mixed-signal SCAR design",48,"cov_net","Bayesian Linear Cov + Net",0.794804381846635,0.728075117370892,2,0.133333333333333,0.355555555555556,0.301180969943771,2.39710177894737,0.0877393605892646,0.766191915571531,0.955,0.466666666666667,0.67,5.8,0.9925,0.866666666666667,1.0625,6.19999999999999,NA,0.63671701485246,0.642779278621682,0.344174807246877,0.878551384311308,0.015,0.0015,0,0.420480058744528,0.515258226464074,-3.10434185483373,31.7113869190216
"Bayesian linear models on linear Gaussian covariates and Bernoulli SBM, fixed mixed-signal SCAR design",49,"cov_net","Bayesian Linear Cov + Net",0.783599374021909,0.67962441314554,3,0.2,0.444444444444444,0.297475972967501,2.49964752785407,0.0851333112789203,0.761624953066161,0.9575,0.466666666666667,0.665,5.8,0.995,0.866666666666667,0.9175,6.19999999999999,NA,0.672088164448571,0.681384615597475,0.388990390797401,0.896826622711769,0.023,0.003,0,0.45564402724278,0.553162138409949,-3.21962199367303,33.6586389541626
"Bayesian linear models on linear Gaussian covariates and Bernoulli SBM, fixed mixed-signal SCAR design",50,"cov_net","Bayesian Linear Cov + Net",0.808763693270735,0.741408450704225,5,0.333333333333333,0.444444444444444,0.285663955843174,2.3852386687202,0.0814602508401881,0.738131848169443,0.965,0.666666666666667,0.58,4,0.9875,0.8,1.1875,8.79999999999999,NA,0.839455409954481,0.863698666017121,0.586219474506354,0.977954153849091,0.3465,0.1155,0.0035,0.526732525843029,0.689544901615578,-3.27038472360806,31.6903030872345
"Bayesian linear models on linear Gaussian covariates and Bernoulli SBM, fixed mixed-signal SCAR design",51,"cov_net","Bayesian Linear Cov + Net",0.771267605633803,0.722629107981221,3,0.2,0.333333333333333,0.321196657875499,2.40447603612457,0.0941407719739559,0.807345096419804,0.94,0.466666666666667,0.8025,5.8,0.9975,1,1.0375,1,NA,0.422749724071593,0.417035877057117,0.164798062682535,0.721521710338917,5e-04,0,0,0.288746582712548,0.33783740445545,-2.90613149023796,32.7741589546204
"Bayesian linear models on linear Gaussian covariates and Bernoulli SBM, fixed mixed-signal SCAR design",52,"cov_net","Bayesian Linear Cov + Net",0.785978090766823,0.739154929577465,4,0.266666666666667,0.4,0.300373978481185,2.35160044356971,0.0872656732331182,0.765778572582075,0.9575,0.533333333333333,0.635,5.2,0.9975,0.933333333333333,0.8675,3.6,NA,0.586011958121977,0.587148504018121,0.29654347206574,0.854117504976017,0.005,0,0,0.392355296157271,0.466250307598579,-3.11900817023953,30.819256067276
"Bayesian linear models on linear Gaussian covariates and Bernoulli SBM, fixed mixed-signal SCAR design",53,"cov_net","Bayesian Linear Cov + Net",0.815712050078247,0.729577464788732,3,0.2,0.444444444444444,0.285832160962608,2.41694404018436,0.0830219637469188,0.75987860833958,0.9575,0.466666666666667,0.6675,5.8,0.9975,1,0.7575,1,NA,0.713807371572371,0.722959094735913,0.457637121036434,0.913278818539165,0.0395,0.004,0,0.49389491128408,0.585418164415088,-3.32459243186418,30.6149730682373
"Bayesian linear models on linear Gaussian covariates and Bernoulli SBM, fixed mixed-signal SCAR design",54,"cov_net","Bayesian Linear Cov + Net",0.821909233176839,0.757370892018779,2,0.133333333333333,0.355555555555556,0.29363924813937,2.33783919567486,0.0871774698797078,0.756675881920854,0.955,0.466666666666667,0.655,5.8,0.9925,0.866666666666667,1.035,6.19999999999999,NA,0.632896878276928,0.644879616370511,0.353824842989848,0.859340121190061,0.0075,0,0,0.470676117426606,0.546123285864692,-3.14229616536791,31.8994839191437
"Bayesian linear models on linear Gaussian covariates and Bernoulli SBM, fixed mixed-signal SCAR design",55,"cov_net","Bayesian Linear Cov + Net",0.861283255086072,0.769577464788732,4,0.266666666666667,0.555555555555556,0.261831159060101,2.29248293266446,0.0772911571652131,0.71551236461225,0.97,0.6,0.5325,4.6,0.99,0.8,1.01,8.79999999999999,NA,0.773580446066703,0.786569430018348,0.520381426053176,0.944464951846112,0.1195,0.02,0,0.577119236636927,0.667058592132895,-3.50352315661516,34.6653211116791
"Bayesian linear models on linear Gaussian covariates and Bernoulli SBM, fixed mixed-signal SCAR design",56,"cov_net","Bayesian Linear Cov + Net",0.759374021909233,0.554178403755869,3,0.2,0.422222222222222,0.309268088723329,2.91859735207168,0.0868650543672576,0.793744524407497,0.955,0.333333333333333,0.6675,7,0.99,0.733333333333333,1.105,11.4,NA,0.715935013350997,0.733349085542803,0.419404098312912,0.927651143019957,0.0615,0.006,0,0.499051273563058,0.597243329066574,-3.27092844120518,32.6136240959167
"Bayesian linear models on linear Gaussian covariates and Bernoulli SBM, fixed mixed-signal SCAR design",57,"cov_net","Bayesian Linear Cov + Net",0.849201877934272,0.852018779342723,3,0.2,0.466666666666667,0.284764799803838,2.02913735543919,0.0856426980073272,0.715521599962279,0.9525,0.666666666666667,0.6725,4,1,1,0.755,1,NA,0.736943205335179,0.758065151446301,0.411010565418475,0.956514046945936,0.1385,0.032,0,0.428226181339405,0.55001005207554,-3.11396038546836,32.0077199935913
"Bayesian linear models on linear Gaussian covariates and Bernoulli SBM, fixed mixed-signal SCAR design",58,"cov_net","Bayesian Linear Cov + Net",0.843755868544601,0.757370892018779,3,0.2,0.511111111111111,0.271884041822889,2.34688925940157,0.080048802406022,0.759697309261819,0.965,0.333333333333333,0.59,7,0.995,1,0.845,1,NA,0.731769344997519,0.743705304565418,0.465259224932338,0.924684647534214,0.056,0.005,0,0.55601365956972,0.637911496199029,-3.43427755811236,34.1739139556885
"Bayesian linear models on linear Gaussian covariates and Bernoulli SBM, fixed mixed-signal SCAR design",59,"cov_net","Bayesian Linear Cov + Net",0.795993740219092,0.795492957746479,1,0.0666666666666667,0.4,0.301701690694636,2.30302817536721,0.087754408168541,0.782948818255618,0.9525,0.666666666666667,0.675,4,0.9925,0.933333333333333,1.1275,3.6,NA,0.614693822011582,0.620501251594696,0.29563727343036,0.898224120246491,0.0245,0.0045,0,0.408175168773468,0.494455447693424,-3.06864875186888,31.4999918937683
"Bayesian linear models on linear Gaussian covariates and Bernoulli SBM, fixed mixed-signal SCAR design",60,"cov_net","Bayesian Linear Cov + Net",0.779593114241002,0.795868544600939,6,0.4,0.422222222222222,0.319046087877452,2.24580343019794,0.0938400041801656,0.780499380481517,0.94,0.466666666666667,0.785,5.8,1,1,0.9475,1,NA,0.377098878917911,0.363682757932087,0.154009309696434,0.67433510305483,5e-04,0,0,0.262603424700209,0.303442034883818,-2.86455508733578,30.9053070545197
"Bayesian linear models on linear Gaussian covariates and Bernoulli SBM, fixed mixed-signal SCAR design",61,"cov_net","Bayesian Linear Cov + Net",0.807887323943662,0.756619718309859,4,0.266666666666667,0.511111111111111,0.290692684516937,2.32587695615782,0.0847084979271332,0.753907328079363,0.96,0.533333333333333,0.6225,5.2,0.99,0.933333333333333,1.0825,3.6,NA,0.680040890962719,0.692185112988157,0.400078886941025,0.904272203819411,0.0305,0.0035,0,0.458355992738018,0.553916481847997,-3.23770942016889,29.9101738929749
"Bayesian linear models on linear Gaussian covariates and Bernoulli SBM, fixed mixed-signal SCAR design",62,"cov_net","Bayesian Linear Cov + Net",0.806760563380282,0.714741784037559,3,0.2,0.444444444444444,0.296259497765877,2.41812275050784,0.0870370582213,0.777041569936663,0.95,0.4,0.73,6.4,0.995,0.866666666666667,0.985,6.19999999999999,NA,0.734775498102391,0.763303534049812,0.371949409137035,0.964318955350463,0.155,0.0465,0.0015,0.438068520203717,0.569682338571382,-3.14362526775325,33.9942479133606
"Bayesian linear models on linear Gaussian covariates and Bernoulli SBM, fixed mixed-signal SCAR design",63,"cov_net","Bayesian Linear Cov + Net",0.808388106416275,0.755868544600939,3,0.2,0.488888888888889,0.285354537277621,2.26665605042449,0.082086220073222,0.728517546605136,0.955,0.466666666666667,0.6675,5.8,0.9925,0.866666666666667,1.015,6.19999999999999,NA,0.726344876544187,0.746871282963922,0.416770873517454,0.942617503738027,0.09,0.019,0,0.491671257059487,0.595916290618888,-3.22496624097539,31.1437699794769
"Bayesian linear models on linear Gaussian covariates and Bernoulli SBM, fixed mixed-signal SCAR design",64,"cov_net","Bayesian Linear Cov + Net",0.816275430359937,0.732394366197183,1,0.0666666666666667,0.444444444444444,0.288206703630194,2.48102910929205,0.0840278429166531,0.797160194155762,0.96,0.4,0.62,6.4,0.99,0.933333333333333,1.045,3.6,NA,0.706043172399429,0.718175589281518,0.433325802078451,0.921990995137532,0.0495,0.008,0,0.511988035022587,0.600204326640018,-3.3342518273486,30.5364971160889
"Bayesian linear models on linear Gaussian covariates and Bernoulli SBM, fixed mixed-signal SCAR design",65,"cov_net","Bayesian Linear Cov + Net",0.814835680751174,0.795680751173709,1,0.0666666666666667,0.377777777777778,0.296404700098358,2.27927104035786,0.087510594213012,0.776392683759108,0.945,0.333333333333333,0.7625,7,0.9975,1,0.875,1,NA,0.694164996890518,0.716390703137939,0.367415603608682,0.934458520753387,0.074,0.0105,5e-04,0.415310047860601,0.534903015850342,-3.08956611872917,33.1268329620361
"Bayesian linear models on linear Gaussian covariates and Bernoulli SBM, fixed mixed-signal SCAR design",66,"cov_net","Bayesian Linear Cov + Net",0.822535211267606,0.835117370892019,3,0.2,0.511111111111111,0.286225515540773,2.09851185698678,0.0843544714849352,0.73138943959447,0.96,0.6,0.6175,4.6,1,1,0.7525,1,NA,0.678344438940014,0.691097709019929,0.374604230014534,0.904327070999251,0.0285,0.001,0,0.453916794978754,0.557164473528193,-3.14306075127946,28.3298621177673
"Bayesian linear models on linear Gaussian covariates and Bernoulli SBM, fixed mixed-signal SCAR design",67,"cov_net","Bayesian Linear Cov + Net",0.746729264475743,0.676995305164319,2,0.133333333333333,0.377777777777778,0.317249935613951,2.56228944657678,0.0905735365967673,0.80521507488032,0.95,0.533333333333333,0.71,5.2,0.9925,0.866666666666667,1.135,6.19999999999999,NA,0.533087062052996,0.530294901803506,0.255221257217406,0.809510906132285,0.0015,5e-04,0,0.372922759854284,0.438417919880549,-3.00920167657705,29.1146640777588
"Bayesian linear models on linear Gaussian covariates and Bernoulli SBM, fixed mixed-signal SCAR design",68,"cov_net","Bayesian Linear Cov + Net",0.725821596244131,0.672112676056338,3,0.2,0.377777777777778,0.320747491121114,2.4342340956914,0.091481966948579,0.791332576242434,0.9425,0.333333333333333,0.76,7,1,1,0.925,1,NA,0.534220744364274,0.533856199826483,0.202435443543674,0.865102303659037,0.008,5e-04,0,0.320089259704789,0.407612496731376,-2.92238000930878,27.8278770446777
"Bayesian linear models on linear Gaussian covariates and Bernoulli SBM, fixed mixed-signal SCAR design",69,"cov_net","Bayesian Linear Cov + Net",0.8381220657277,0.784976525821596,3,0.2,0.466666666666667,0.282761234445687,2.21405194147979,0.084747051189952,0.738884280693773,0.97,0.666666666666667,0.555,4,0.995,0.933333333333333,0.8925,3.6,NA,0.675774930128498,0.6809490617156,0.397753042354904,0.913369679289822,0.0385,0.006,0,0.45517634893378,0.547647981672622,-3.27914648256194,28.4790570735931
"Bayesian linear models on linear Gaussian covariates and Bernoulli SBM, fixed mixed-signal SCAR design",70,"cov_net","Bayesian Linear Cov + Net",0.863411580594679,0.885258215962441,5,0.333333333333333,0.533333333333333,0.251494978363937,1.83526587868856,0.0722520807450919,0.640130472652935,0.965,0.8,0.55,2.8,0.9925,0.933333333333333,0.915,3.6,NA,0.885806215597707,0.906287768973784,0.683407759944284,0.982835092792678,0.5365,0.2265,0.005,0.613864866964649,0.749774226929238,-3.36321192352821,29.6209321022034
"Bayesian linear models on linear Gaussian covariates and Bernoulli SBM, fixed mixed-signal SCAR design",71,"cov_net","Bayesian Linear Cov + Net",0.821158059467919,0.744225352112676,3,0.2,0.466666666666667,0.284594998285181,2.33274983253871,0.0835128854860118,0.736630887880383,0.9575,0.466666666666667,0.67,5.8,0.99,0.8,1.0575,8.79999999999999,NA,0.701423963860095,0.711068467963053,0.416376659111193,0.91982788310596,0.0525,0.006,0,0.470581762461775,0.559188836496528,-3.31586884353981,28.1748230457306
"Bayesian linear models on linear Gaussian covariates and Bernoulli SBM, fixed mixed-signal SCAR design",72,"cov_net","Bayesian Linear Cov + Net",0.764194053208138,0.673427230046948,2,0.133333333333333,0.311111111111111,0.315516667447669,2.55087025311566,0.0919083911167548,0.825272816217684,0.94,0.333333333333333,0.8275,7,0.9975,1,0.945,1,NA,0.60057506982338,0.607886259542123,0.253072550937296,0.907153109872253,0.0295,0.003,0,0.360623549611399,0.458925952462475,-3.02595086455886,31.0611021518707
"Bayesian linear models on linear Gaussian covariates and Bernoulli SBM, fixed mixed-signal SCAR design",73,"cov_net","Bayesian Linear Cov + Net",0.757683881064163,0.708169014084507,2,0.133333333333333,0.333333333333333,0.311831446339842,2.51531565040373,0.0897178296428457,0.824079471779714,0.95,0.466666666666667,0.7225,5.8,0.995,0.933333333333333,1.0225,3.6,NA,0.649977884667309,0.659552148879391,0.320542186054615,0.928585212425385,0.0485,0.0115,0,0.393447721453103,0.493321651275501,-3.05427919869683,27.5091938972473
"Bayesian linear models on linear Gaussian covariates and Bernoulli SBM, fixed mixed-signal SCAR design",74,"cov_net","Bayesian Linear Cov + Net",0.754866979655712,0.677558685446009,3,0.2,0.377777777777778,0.312835228021183,2.50111743028638,0.0896180905692946,0.786209096472554,0.95,0.533333333333333,0.7125,5.2,0.9925,0.866666666666667,1.13,6.19999999999999,NA,0.620891883363565,0.62194520658091,0.312863950428932,0.907497841378186,0.031,0.0025,0,0.390029325439205,0.479011935985696,-3.03485034724574,29.7451679706573
"Bayesian linear models on linear Gaussian covariates and Bernoulli SBM, fixed mixed-signal SCAR design",75,"cov_net","Bayesian Linear Cov + Net",0.79830985915493,0.714929577464789,2,0.133333333333333,0.444444444444444,0.296313499830496,2.46614901085432,0.0864491232609765,0.786179368144194,0.9625,0.533333333333333,0.605,5.2,0.99,0.866666666666667,1.095,6.19999999999999,NA,0.619103430966278,0.623724092250419,0.371982078920248,0.855433510265982,0.0045,0,0,0.439737126164433,0.51954010510928,-3.2516115094022,28.755578994751
"Bayesian linear models on linear Gaussian covariates and Bernoulli SBM, fixed mixed-signal SCAR design",76,"cov_net","Bayesian Linear Cov + Net",0.777402190923318,0.72206572769953,3,0.2,0.488888888888889,0.29713892541707,2.44635516671232,0.0833272779421907,0.779500673919377,0.96,0.533333333333333,0.6325,5.2,0.9825,0.866666666666667,1.42,6.19999999999999,NA,0.728937042373326,0.751485917564251,0.408961323779439,0.94453210141813,0.0965,0.016,0,0.448490482022137,0.558952631103553,-3.20795293786979,30.7419941425323
"Bayesian linear models on linear Gaussian covariates and Bernoulli SBM, fixed mixed-signal SCAR design",77,"cov_net","Bayesian Linear Cov + Net",0.819968701095462,0.769389671361502,4,0.266666666666667,0.533333333333333,0.2857758636551,2.2872295657603,0.0822939660886635,0.707813493585945,0.965,0.666666666666667,0.5875,4,0.995,0.866666666666667,0.8875,6.19999999999999,NA,0.658502740110855,0.669788212928412,0.380742886263598,0.888310985584563,0.0185,0.0025,0,0.461424393105709,0.551238619157407,-3.2460727857907,29.2440578937531
"Bayesian linear models on linear Gaussian covariates and Bernoulli SBM, fixed mixed-signal SCAR design",78,"cov_net","Bayesian Linear Cov + Net",0.75924882629108,0.702910798122066,4,0.266666666666667,0.377777777777778,0.310025064256916,2.3987746114584,0.0890183571235027,0.768323901075939,0.9475,0.4,0.74,6.4,0.9925,0.933333333333333,1.1125,3.6,NA,0.539546778656823,0.541548784007364,0.270135215933774,0.800005797492742,0.0015,0,0,0.372941619962972,0.444541098766925,-3.03975104651,29.1210150718689
"Bayesian linear models on linear Gaussian covariates and Bernoulli SBM, fixed mixed-signal SCAR design",79,"cov_net","Bayesian Linear Cov + Net",0.83887323943662,0.854272300469484,6,0.4,0.466666666666667,0.292903263858381,1.96256761538707,0.0877984549728707,0.693826080857377,0.9525,0.733333333333333,0.6625,3.4,0.9975,0.933333333333333,0.94,3.6,NA,0.549614625333044,0.545698200686171,0.274643218909774,0.831746816141723,0.005,5e-04,0,0.365779154777378,0.438974238444901,-3.00127809946591,28.5001170635223
"Bayesian linear models on linear Gaussian covariates and Bernoulli SBM, fixed mixed-signal SCAR design",80,"cov_net","Bayesian Linear Cov + Net",0.805070422535211,0.783849765258216,5,0.333333333333333,0.466666666666667,0.296780749338162,2.212563758689,0.0869954927473953,0.738910083018061,0.955,0.6,0.67,4.6,0.995,0.933333333333333,0.98,3.6,NA,0.544897632933264,0.542597817675493,0.295621644336589,0.804863754753495,0.0015,0,0,0.384997578697512,0.450197877311718,-3.11043594926946,30.3769249916077
"Bayesian linear models on linear Gaussian covariates and Bernoulli SBM, fixed mixed-signal SCAR design",81,"cov_net","Bayesian Linear Cov + Net",0.751173708920188,0.656338028169014,3,0.2,0.4,0.319495136377219,2.58511018026456,0.0916069800490537,0.816031296522138,0.955,0.4,0.67,6.4,0.99,0.866666666666667,1.22,6.19999999999999,NA,0.520823306713414,0.517509509910842,0.253247199573831,0.800610014006799,0.003,0,0,0.355033142705962,0.423154853379505,-3.01932317287884,28.40957903862
"Bayesian linear models on linear Gaussian covariates and Bernoulli SBM, fixed mixed-signal SCAR design",82,"cov_net","Bayesian Linear Cov + Net",0.814773082942097,0.803568075117371,5,0.333333333333333,0.555555555555556,0.284457497537259,2.14526753448307,0.0820245882732397,0.713734615686382,0.96,0.666666666666667,0.62,4,0.995,0.933333333333333,0.9375,3.6,NA,0.64234399883869,0.64776103563401,0.362614764682091,0.881786255654041,0.013,0.0015,0,0.445579867802376,0.533618629251919,-3.18869251550326,30.2438151836395
"Bayesian linear models on linear Gaussian covariates and Bernoulli SBM, fixed mixed-signal SCAR design",83,"cov_net","Bayesian Linear Cov + Net",0.811643192488263,0.771455399061033,7,0.466666666666667,0.533333333333333,0.283610090651564,2.1765086006092,0.082044243551859,0.726791603302709,0.9625,0.533333333333333,0.59,5.2,0.9925,1,1.0825,1,NA,0.683544329236765,0.699390897455414,0.363437699808363,0.937782794632722,0.0655,0.018,5e-04,0.450107359061336,0.551284610408909,-3.16064685272216,31.7637238502502
"Bayesian linear models on linear Gaussian covariates and Bernoulli SBM, fixed mixed-signal SCAR design",84,"cov_net","Bayesian Linear Cov + Net",0.808325508607199,0.811643192488263,6,0.4,0.444444444444444,0.299777384321555,2.09752265145133,0.0887309987263286,0.723250318816727,0.955,0.6,0.66,4.6,1,1,0.8425,1,NA,0.51625073629923,0.509378408692606,0.235633622894539,0.826902794220388,0.0055,0,0,0.345455525539232,0.412426843911992,-3.00736888683209,27.9886679649353
"Bayesian linear models on linear Gaussian covariates and Bernoulli SBM, fixed mixed-signal SCAR design",85,"cov_net","Bayesian Linear Cov + Net",0.833489827856025,0.835305164319249,8,0.533333333333333,0.533333333333333,0.272373085659412,1.917208991717,0.0794592927960186,0.649960023523319,0.9575,0.533333333333333,0.65,5.2,0.995,1,0.92,1,NA,0.745741532190209,0.767096150949846,0.445035767659757,0.956982137293776,0.134,0.033,0,0.463999215354179,0.578765901693783,-3.19348481034242,29.4117920398712
"Bayesian linear models on linear Gaussian covariates and Bernoulli SBM, fixed mixed-signal SCAR design",86,"cov_net","Bayesian Linear Cov + Net",0.710923317683881,0.655586854460094,1,0.0666666666666667,0.377777777777778,0.325121542992687,2.55403028041497,0.0930665958929091,0.828886597073037,0.94,0.333333333333333,0.81,7,1,1,0.91,1,NA,0.505844229464045,0.502788093120125,0.211618245586767,0.813133947082885,0.0015,0,0,0.324316871365579,0.393581169528445,-2.91933873591314,29.4059340953827
"Bayesian linear models on linear Gaussian covariates and Bernoulli SBM, fixed mixed-signal SCAR design",87,"cov_net","Bayesian Linear Cov + Net",0.857089201877934,0.792112676056338,4,0.266666666666667,0.511111111111111,0.262270583121545,2.2043463384442,0.0774999210719503,0.713355463658918,0.97,0.533333333333333,0.5275,5.2,0.9925,0.933333333333333,0.905,3.6,NA,0.775411225960229,0.78984165008572,0.540796860878313,0.937325327996018,0.101,0.013,0,0.598802053634784,0.680139011395539,-3.49487133941865,28.3371379375458
"Bayesian linear models on linear Gaussian covariates and Bernoulli SBM, fixed mixed-signal SCAR design",88,"cov_net","Bayesian Linear Cov + Net",0.800062597809077,0.783098591549296,6,0.4,0.511111111111111,0.295365390494448,2.12616561687127,0.0854151620832188,0.709760063408885,0.955,0.666666666666667,0.6525,4,0.99,0.866666666666667,1.215,6.19999999999999,NA,0.664736795344076,0.684953722966172,0.310817381867831,0.939154763478594,0.0635,0.0185,0,0.388530226558712,0.479111198008157,-3.06065912806498,27.6141390800476
"Bayesian linear models on linear Gaussian covariates and Bernoulli SBM, fixed mixed-signal SCAR design",89,"cov_net","Bayesian Linear Cov + Net",0.780093896713615,0.68150234741784,3,0.2,0.488888888888889,0.292899108160392,2.576492177498,0.082808532097611,0.788303129066295,0.9575,0.4,0.6275,6.4,0.9925,0.933333333333333,0.99,3.6,NA,0.761699427293452,0.778903356000607,0.485524400055266,0.944624013289809,0.1085,0.0185,0,0.520332358525484,0.62982717397209,-3.27677726103725,28.7761878967285
"Bayesian linear models on linear Gaussian covariates and Bernoulli SBM, fixed mixed-signal SCAR design",90,"cov_net","Bayesian Linear Cov + Net",0.826353677621283,0.72150234741784,3,0.2,0.444444444444444,0.280852555772232,2.49063473566428,0.0821983515057085,0.785304700487727,0.9625,0.466666666666667,0.605,5.8,1,1,0.695,1,NA,0.780112056725353,0.796395821510154,0.505396724862366,0.956723291050848,0.1545,0.0335,0,0.551665469092976,0.663012263558313,-3.34815739300367,34.8584520816803
"Bayesian linear models on linear Gaussian covariates and Bernoulli SBM, fixed mixed-signal SCAR design",91,"cov_net","Bayesian Linear Cov + Net",0.862284820031299,0.843192488262911,5,0.333333333333333,0.511111111111111,0.270536992314391,2.00503624910344,0.081342072118089,0.697547487120799,0.965,0.666666666666667,0.5725,4,0.9975,1,0.8125,1,NA,0.662741975780569,0.671811521888441,0.395367724970158,0.895589183664021,0.02,0.002,0,0.483023883624999,0.563224276778511,-3.27311767004076,32.0671269893646
"Bayesian linear models on linear Gaussian covariates and Bernoulli SBM, fixed mixed-signal SCAR design",92,"cov_net","Bayesian Linear Cov + Net",0.812582159624413,0.770516431924883,2,0.133333333333333,0.422222222222222,0.295982452870936,2.30017498081397,0.0882087599289252,0.775433998353011,0.955,0.6,0.6725,4.6,0.9975,0.933333333333333,0.8475,3.6,NA,0.562677768546559,0.562498065520317,0.301389932717598,0.816784574888357,0.0015,5e-04,0,0.406838802648158,0.472574457861052,-3.16171016800889,27.9071099758148
"Bayesian linear models on linear Gaussian covariates and Bernoulli SBM, fixed mixed-signal SCAR design",93,"cov_net","Bayesian Linear Cov + Net",0.77170579029734,0.784600938967136,4,0.266666666666667,0.4,0.306852784376515,2.21585472118344,0.0888550226199303,0.75557153820519,0.9525,0.533333333333333,0.69,5.2,0.9975,1,0.9475,1,NA,0.53920039815506,0.539181618281853,0.245472169681379,0.845364175418954,0.0055,0,0,0.34624163710329,0.424163379955672,-2.99540871182355,29.954442024231
"Bayesian linear models on linear Gaussian covariates and Bernoulli SBM, fixed mixed-signal SCAR design",94,"cov_net","Bayesian Linear Cov + Net",0.850266040688576,0.815962441314554,7,0.466666666666667,0.422222222222222,0.281138961557927,2.02105853378882,0.0845754585041721,0.680983656802229,0.9675,0.666666666666667,0.56,4,0.9975,0.933333333333333,0.8525,3.6,NA,0.652001865962431,0.658470260443435,0.345503582624335,0.899829748008722,0.025,0.0025,0,0.44752322780372,0.537529888529851,-3.15710171768032,29.1196749210358
"Bayesian linear models on linear Gaussian covariates and Bernoulli SBM, fixed mixed-signal SCAR design",95,"cov_net","Bayesian Linear Cov + Net",0.762942097026604,0.665164319248826,2,0.133333333333333,0.4,0.317591067855526,2.60757820331217,0.091803945280042,0.804334849635305,0.955,0.533333333333333,0.695,5.2,0.9975,0.933333333333333,0.9075,3.6,NA,0.492822618882275,0.490769789425473,0.251506725599409,0.746567496424457,5e-04,0,0,0.353539692410564,0.408705011386564,-3.07379347618219,29.5415940284729
"Bayesian linear models on linear Gaussian covariates and Bernoulli SBM, fixed mixed-signal SCAR design",96,"cov_net","Bayesian Linear Cov + Net",0.859405320813772,0.849953051643192,8,0.533333333333333,0.533333333333333,0.273786472510091,1.95315802460414,0.0821604064278482,0.681566725668653,0.9625,0.6,0.585,4.6,1,1,0.8,1,NA,0.665486719661777,0.67421483980626,0.377863775665909,0.904904597192996,0.031,0.002,0,0.463843426619937,0.553032991546474,-3.19153789044859,30.2024569511414
"Bayesian linear models on linear Gaussian covariates and Bernoulli SBM, fixed mixed-signal SCAR design",97,"cov_net","Bayesian Linear Cov + Net",0.860156494522692,0.91849765258216,8,0.533333333333333,0.6,0.255190290313997,1.61894604690462,0.0742084947710413,0.578531861498165,0.9675,0.866666666666667,0.52,2.2,0.995,1,0.8975,1,NA,0.862359169664276,0.888674544631132,0.600318396861791,0.982611608000671,0.449,0.18,0.0065,0.511093701375621,0.663620336405353,-3.16474760831947,29.2128188610077
"Bayesian linear models on linear Gaussian covariates and Bernoulli SBM, fixed mixed-signal SCAR design",98,"cov_net","Bayesian Linear Cov + Net",0.827480438184664,0.804694835680751,6,0.4,0.488888888888889,0.282599764475204,2.11919063689687,0.0830752669812185,0.722293932172489,0.965,0.6,0.5575,4.6,0.9975,1,0.9025,1,NA,0.654742554556249,0.659597049312692,0.343540956503982,0.917940902219969,0.043,0.006,0,0.448666950949704,0.53611180946323,-3.15110763876542,30.9255561828613
"Bayesian linear models on linear Gaussian covariates and Bernoulli SBM, fixed mixed-signal SCAR design",99,"cov_net","Bayesian Linear Cov + Net",0.804444444444444,0.748920187793427,4,0.266666666666667,0.444444444444444,0.295388487764416,2.25958738621227,0.087010773760848,0.737735954024385,0.9575,0.466666666666667,0.655,5.8,0.995,0.933333333333333,0.9275,3.6,NA,0.675335945239972,0.689798463362197,0.343313291869725,0.922381011099433,0.0485,0.005,0,0.386371500652359,0.486052849517239,-3.1251457521179,31.1806118488312
"Bayesian linear models on linear Gaussian covariates and Bernoulli SBM, fixed mixed-signal SCAR design",100,"cov_net","Bayesian Linear Cov + Net",0.78510172143975,0.686197183098592,5,0.333333333333333,0.555555555555556,0.282147219395154,2.44238512938195,0.0767497754774533,0.695826585068532,0.96,0.533333333333333,0.6,5.2,0.985,0.733333333333333,1.28,11.4,NA,0.732220087021734,0.747151254550585,0.479510963352761,0.919135528141837,0.0515,0.0025,0,0.544072065894696,0.629206088806258,-3.30428339163995,35.5025269985199
"Bayesian linear models on linear Gaussian covariates and Bernoulli SBM, fixed mixed-signal SCAR design",1,"cov_net_pu","Bayesian Linear Cov + Net + PU",0.766885758998435,0.726384976525822,2,0.133333333333333,0.422222222222222,0.298949417618004,2.18971221866779,0.0857137425593291,0.73406562548682,0.96,0.6,0.7075,4.6,0.995,0.933333333333333,1.0375,3.6,0.190503092433613,0.631739075197531,0.637357173203426,0.3446538510012,0.899199547584466,0.0245,0.0025,0,0.464715498478798,0.535592017749813,-2.8875665183083,37.1016919612885
"Bayesian linear models on linear Gaussian covariates and Bernoulli SBM, fixed mixed-signal SCAR design",2,"cov_net_pu","Bayesian Linear Cov + Net + PU",0.787230046948357,0.740469483568075,3,0.2,0.333333333333333,0.294805483463619,2.13784506623915,0.086074762877376,0.726424460733864,0.9675,0.666666666666667,0.6525,4,0.9975,0.933333333333333,0.935,3.6,0.19929263597624,0.663507746006318,0.671454037842381,0.3606521566183,0.927645993234078,0.052,0.0085,0.001,0.49080182879012,0.570134958273698,-2.90958478003593,38.7221341133118
"Bayesian linear models on linear Gaussian covariates and Bernoulli SBM, fixed mixed-signal SCAR design",3,"cov_net_pu","Bayesian Linear Cov + Net + PU",0.743161189358372,0.651455399061033,3,0.2,0.4,0.308997164305974,2.35723742493545,0.0883965535573749,0.763714048367105,0.96,0.533333333333333,0.715,5.2,0.9975,0.933333333333333,0.9875,3.6,0.200154854696822,0.629006615620805,0.633298556205697,0.318606675799529,0.901127050752183,0.026,0.003,0,0.449979471589246,0.523423147608335,-2.81346839585147,35.4102578163147
"Bayesian linear models on linear Gaussian covariates and Bernoulli SBM, fixed mixed-signal SCAR design",4,"cov_net_pu","Bayesian Linear Cov + Net + PU",0.843630672926448,0.76,4,0.266666666666667,0.444444444444444,0.262315594443803,2.03254863479034,0.0770553370160435,0.665192249490543,0.9675,0.533333333333333,0.62,5.2,0.9975,0.933333333333333,0.8025,3.6,0.237581509889446,0.849555916470542,0.870035868360223,0.58652459741529,0.991735205400704,0.383,0.1735,0.0325,0.697862007400106,0.774783248981059,-3.19808244228202,39.6560411453247
"Bayesian linear models on linear Gaussian covariates and Bernoulli SBM, fixed mixed-signal SCAR design",5,"cov_net_pu","Bayesian Linear Cov + Net + PU",0.917057902973396,0.911924882629108,9,0.6,0.666666666666667,0.196957327794693,1.30294448753332,0.0554642565827133,0.435146557966071,0.9775,0.8,0.48,2.8,0.9975,0.933333333333333,0.6825,3.6,0.207824980794838,0.971899383955915,0.984791877633286,0.876050948601938,0.999502565757509,0.951,0.8275,0.388,0.85828629209079,0.920253621030644,-3.5271501631859,39.1900050640106
"Bayesian linear models on linear Gaussian covariates and Bernoulli SBM, fixed mixed-signal SCAR design",6,"cov_net_pu","Bayesian Linear Cov + Net + PU",0.771956181533646,0.716619718309859,2,0.133333333333333,0.377777777777778,0.301334594996023,2.2282729502459,0.0879325530101939,0.761611442746281,0.9575,0.466666666666667,0.73,5.8,1,1,0.8375,1,0.209099181239725,0.7487586683227,0.771994666670921,0.408039788354317,0.972066308347965,0.184,0.0635,0.003,0.514035823651018,0.61313982037126,-2.87188482668109,36.7287790775299
"Bayesian linear models on linear Gaussian covariates and Bernoulli SBM, fixed mixed-signal SCAR design",7,"cov_net_pu","Bayesian Linear Cov + Net + PU",0.767386541471049,0.612206572769953,0,0,0.355555555555556,0.305004815588958,2.61417118051221,0.0878937986762659,0.822605769113245,0.9675,0.4,0.6425,6.4,0.9925,0.866666666666667,1.1225,6.19999999999999,0.211098106267095,0.793513544097839,0.823066591256033,0.449175305006289,0.987232288599678,0.287,0.1255,0.016,0.54264980336019,0.65859963779258,-2.97405544128768,40.9218239784241
"Bayesian linear models on linear Gaussian covariates and Bernoulli SBM, fixed mixed-signal SCAR design",8,"cov_net_pu","Bayesian Linear Cov + Net + PU",0.903787167449139,0.854084507042253,6,0.4,0.577777777777778,0.21701940895776,1.67646062861088,0.0640273308608581,0.555338667687266,0.9775,0.666666666666667,0.4825,4,0.9975,0.933333333333333,0.6625,3.6,0.227847250651225,0.993026475900316,0.997653304888453,0.956237006660952,0.999979451659838,0.997,0.982,0.8115,0.827252727277729,0.895206833725924,-3.60914439770707,38.826514005661
"Bayesian linear models on linear Gaussian covariates and Bernoulli SBM, fixed mixed-signal SCAR design",9,"cov_net_pu","Bayesian Linear Cov + Net + PU",0.817026604068858,0.734084507042253,3,0.2,0.444444444444444,0.278298034662953,2.1554194248417,0.0812854638086153,0.691703103197215,0.97,0.666666666666667,0.6025,4,0.995,0.866666666666667,0.925,6.19999999999999,0.224204306780692,0.839531361284727,0.865927414892598,0.550832727080112,0.98736603260406,0.378,0.176,0.016,0.622347126312178,0.721361720195524,-3.09805930937124,36.1147439479828
"Bayesian linear models on linear Gaussian covariates and Bernoulli SBM, fixed mixed-signal SCAR design",10,"cov_net_pu","Bayesian Linear Cov + Net + PU",0.803067292644757,0.664788732394366,2,0.133333333333333,0.488888888888889,0.286696342458271,2.56413073636845,0.0807256079950072,0.74416567996113,0.97,0.466666666666667,0.5875,5.8,0.9875,0.733333333333333,1.1875,11.4,0.211749135277019,0.904764088943385,0.930219453717975,0.671041254156824,0.995086858914545,0.6425,0.3815,0.0625,0.678422360217332,0.803956884291136,-3.17646703222047,37.6753330230713
"Bayesian linear models on linear Gaussian covariates and Bernoulli SBM, fixed mixed-signal SCAR design",11,"cov_net_pu","Bayesian Linear Cov + Net + PU",0.837120500782473,0.709483568075117,4,0.266666666666667,0.511111111111111,0.262492260095504,2.1667422112912,0.0746754650944383,0.638815111131059,0.975,0.6,0.57,4.6,0.9925,0.866666666666667,1.0025,6.19999999999999,0.273268663574693,0.908252915772853,0.940216139630932,0.649672515898512,0.998575894651532,0.665,0.4475,0.1395,0.785949847700753,0.86090258716905,-3.20166926121919,38.9439280033112
"Bayesian linear models on linear Gaussian covariates and Bernoulli SBM, fixed mixed-signal SCAR design",12,"cov_net_pu","Bayesian Linear Cov + Net + PU",0.742723004694836,0.614647887323944,2,0.133333333333333,0.377777777777778,0.307867954031478,2.48601305995456,0.0880578933713545,0.77675263763951,0.9575,0.466666666666667,0.7425,5.8,0.995,0.866666666666667,1.03,6.19999999999999,0.199746922571329,0.70639650793499,0.72361050663559,0.382144548710687,0.948078675017258,0.082,0.0215,0.0015,0.500749879646726,0.592406332968067,-2.92799014373289,37.5836470127106
"Bayesian linear models on linear Gaussian covariates and Bernoulli SBM, fixed mixed-signal SCAR design",13,"cov_net_pu","Bayesian Linear Cov + Net + PU",0.842816901408451,0.84131455399061,6,0.4,0.4,0.272814290462551,1.71124273107188,0.0810293785731162,0.602771358204565,0.9725,0.8,0.5925,2.8,0.9975,0.933333333333333,0.8925,3.6,0.213926000215866,0.692694998710887,0.703492426241552,0.379810357955854,0.94646488969852,0.082,0.023,0.002,0.522094601746899,0.605841458737185,-2.9242750972962,36.4848930835724
"Bayesian linear models on linear Gaussian covariates and Bernoulli SBM, fixed mixed-signal SCAR design",14,"cov_net_pu","Bayesian Linear Cov + Net + PU",0.769890453834116,0.708356807511737,4,0.266666666666667,0.377777777777778,0.298822434481644,2.23363840292475,0.0852984630113393,0.738532492954068,0.9575,0.466666666666667,0.71,5.8,0.9925,0.866666666666667,1.1425,6.19999999999999,0.188870024942527,0.738966651942881,0.762855211821856,0.398180518438399,0.956403016314538,0.14,0.033,0.002,0.487794328224875,0.600669606556932,-2.87866661440435,38.4556741714478
"Bayesian linear models on linear Gaussian covariates and Bernoulli SBM, fixed mixed-signal SCAR design",15,"cov_net_pu","Bayesian Linear Cov + Net + PU",0.856025039123631,0.806948356807512,4,0.266666666666667,0.422222222222222,0.25752635335725,1.81265641252452,0.0755579218501412,0.613456282483302,0.975,0.6,0.55,4.6,0.9975,1,0.845,1,0.255219600489472,0.858366191643454,0.884308006138328,0.566471617835553,0.997631700359365,0.456,0.246,0.06,0.714914555232037,0.789330234155749,-3.10441401041156,39.8497941493988
"Bayesian linear models on linear Gaussian covariates and Bernoulli SBM, fixed mixed-signal SCAR design",16,"cov_net_pu","Bayesian Linear Cov + Net + PU",0.813521126760563,0.845821596244131,5,0.333333333333333,0.444444444444444,0.291140212697099,1.7855950296863,0.0866839981160504,0.661435818744106,0.9725,0.8,0.625,2.8,1,1,0.89,1,0.219337619918414,0.558317231308684,0.557955161007764,0.25620685749729,0.869339483160872,0.016,0.002,0,0.408790222636985,0.470181312676905,-2.76339061521606,38.1330041885376
"Bayesian linear models on linear Gaussian covariates and Bernoulli SBM, fixed mixed-signal SCAR design",17,"cov_net_pu","Bayesian Linear Cov + Net + PU",0.831298904538341,0.815399061032864,5,0.333333333333333,0.422222222222222,0.271172467964382,1.84889286692101,0.079367870594397,0.640291348907551,0.9675,0.733333333333333,0.605,3.4,0.9975,0.933333333333333,0.8975,3.6,0.204700582398849,0.735528823427529,0.748710036786642,0.432338062577707,0.954763276791406,0.103,0.029,0.003,0.578101497579219,0.654405210248427,-2.9946668308607,37.005756855011
"Bayesian linear models on linear Gaussian covariates and Bernoulli SBM, fixed mixed-signal SCAR design",18,"cov_net_pu","Bayesian Linear Cov + Net + PU",0.903536776212833,0.863098591549296,7,0.466666666666667,0.644444444444444,0.223386407330987,1.62656356357826,0.0644053907830119,0.56489405641343,0.98,0.666666666666667,0.495,4,0.9975,1,0.825,1,0.217872453539351,0.9042764417229,0.926316705842398,0.692660763113986,0.996683762644595,0.6365,0.368,0.0835,0.756402627474038,0.833436718279458,-3.35803191071352,44.0746738910675
"Bayesian linear models on linear Gaussian covariates and Bernoulli SBM, fixed mixed-signal SCAR design",19,"cov_net_pu","Bayesian Linear Cov + Net + PU",0.795242566510172,0.806572769953052,4,0.266666666666667,0.4,0.294690846394563,1.90406154962025,0.0868058080541052,0.680632945012472,0.9625,0.666666666666667,0.69,4,1,1,0.8725,1,0.204411359568972,0.61188226599322,0.616410459671862,0.283041960461463,0.920996445887124,0.0385,0.0085,0.001,0.43392746172129,0.508997382189863,-2.77405417596834,38.9318771362305
"Bayesian linear models on linear Gaussian covariates and Bernoulli SBM, fixed mixed-signal SCAR design",20,"cov_net_pu","Bayesian Linear Cov + Net + PU",0.806447574334898,0.754929577464789,3,0.2,0.4,0.285735499506722,2.0701039736798,0.0838229562679946,0.701412459837148,0.9725,0.666666666666667,0.5875,4,0.9975,0.933333333333333,0.9025,3.6,0.205526062853406,0.702353286002458,0.713703909818597,0.387915876650441,0.950168372910429,0.0825,0.0255,0.004,0.530427684802828,0.607772640660305,-2.96115798902936,37.3384919166565
"Bayesian linear models on linear Gaussian covariates and Bernoulli SBM, fixed mixed-signal SCAR design",21,"cov_net_pu","Bayesian Linear Cov + Net + PU",0.764882629107981,0.732394366197183,4,0.266666666666667,0.488888888888889,0.300729538666537,2.18392009838885,0.0856642656646775,0.734150561859121,0.9625,0.6,0.6775,4.6,0.995,0.933333333333333,1.0825,3.6,0.182868144527171,0.680307237863331,0.699571349931858,0.345505063566816,0.925854235187275,0.0575,0.0075,5e-04,0.447538696968717,0.55362300499276,-2.84861675154319,38.9025900363922
"Bayesian linear models on linear Gaussian covariates and Bernoulli SBM, fixed mixed-signal SCAR design",22,"cov_net_pu","Bayesian Linear Cov + Net + PU",0.827793427230047,0.782723004694836,4,0.266666666666667,0.444444444444444,0.271222446898661,1.93508235900069,0.0786353210613924,0.648192187479273,0.9725,0.6,0.5825,4.6,0.995,0.933333333333333,0.9375,3.6,0.220782793515892,0.807869002795533,0.834574405140584,0.510902819416081,0.98096824873357,0.2825,0.1125,0.0105,0.601702511634121,0.693400471305717,-3.04765453151062,37.4979310035706
"Bayesian linear models on linear Gaussian covariates and Bernoulli SBM, fixed mixed-signal SCAR design",23,"cov_net_pu","Bayesian Linear Cov + Net + PU",0.801752738654147,0.756431924882629,2,0.133333333333333,0.4,0.291769844565114,2.13359122490848,0.0864597232199766,0.743352006099093,0.9675,0.6,0.6275,4.6,0.9975,1,0.91,1,0.235136903327544,0.868759186388868,0.905496421282909,0.553705694787234,0.995158534993196,0.52,0.301,0.0575,0.603150213207553,0.722146878125171,-2.93644755897122,34.6589410305023
"Bayesian linear models on linear Gaussian covariates and Bernoulli SBM, fixed mixed-signal SCAR design",24,"cov_net_pu","Bayesian Linear Cov + Net + PU",0.825039123630673,0.701032863849765,5,0.333333333333333,0.466666666666667,0.262278902858528,2.19300854030419,0.0727388111017005,0.628433481809234,0.9725,0.533333333333333,0.56,5.2,0.9925,0.866666666666667,1.0025,6.19999999999999,0.229532507267589,0.833259894871958,0.850328188684081,0.569952694341882,0.98637641931985,0.3285,0.15,0.017,0.706328710899934,0.773365951944065,-3.2263306742988,37.8147778511047
"Bayesian linear models on linear Gaussian covariates and Bernoulli SBM, fixed mixed-signal SCAR design",25,"cov_net_pu","Bayesian Linear Cov + Net + PU",0.822660406885759,0.770704225352113,4,0.266666666666667,0.444444444444444,0.271854464331702,1.9892104977637,0.0783840406169237,0.670178455538266,0.965,0.533333333333333,0.655,5.2,0.9975,1,0.8725,1,0.20547053469969,0.858042620608068,0.888503194121005,0.560058255405283,0.990178768619912,0.455,0.2305,0.0255,0.620442549021017,0.730159104841307,-3.03066831441501,36.9441142082214
"Bayesian linear models on linear Gaussian covariates and Bernoulli SBM, fixed mixed-signal SCAR design",26,"cov_net_pu","Bayesian Linear Cov + Net + PU",0.789358372456964,0.682253521126761,1,0.0666666666666667,0.444444444444444,0.292156436216357,2.28326334486322,0.0836742613097484,0.717356198104254,0.97,0.733333333333333,0.6025,3.4,0.99,0.733333333333333,1.215,11.4,0.217232877362521,0.772963362720972,0.799771673053645,0.461821587246181,0.977271921401927,0.2105,0.081,0.007,0.573249918108618,0.672883013137258,-2.92841064177862,38.811784029007
"Bayesian linear models on linear Gaussian covariates and Bernoulli SBM, fixed mixed-signal SCAR design",27,"cov_net_pu","Bayesian Linear Cov + Net + PU",0.801189358372457,0.809014084507042,4,0.266666666666667,0.422222222222222,0.291936966511277,1.92145588041144,0.086145802667714,0.685747058631629,0.9675,0.8,0.6575,2.8,1,1,0.85,1,0.194306619180404,0.593847283469549,0.596942327873335,0.295657703027706,0.884554244973152,0.018,0.003,0,0.427569209633746,0.49688146381943,-2.82184159492859,34.7412259578705
"Bayesian linear models on linear Gaussian covariates and Bernoulli SBM, fixed mixed-signal SCAR design",28,"cov_net_pu","Bayesian Linear Cov + Net + PU",0.856651017214398,0.83981220657277,4,0.266666666666667,0.511111111111111,0.256986185152403,1.7835464341267,0.0756390328132611,0.62544748340283,0.975,0.8,0.53,2.8,0.9975,1,0.8375,1,0.206855036556494,0.817458857580223,0.838323939713152,0.550124894028551,0.983036542004718,0.2895,0.1155,0.0145,0.639064476310193,0.726684263675828,-3.13480334156488,39.6085901260376
"Bayesian linear models on linear Gaussian covariates and Bernoulli SBM, fixed mixed-signal SCAR design",29,"cov_net_pu","Bayesian Linear Cov + Net + PU",0.845320813771518,0.835868544600939,5,0.333333333333333,0.533333333333333,0.2600252934033,1.86383189810314,0.0745073329176423,0.649981935036105,0.9675,0.666666666666667,0.5975,4,0.995,1,0.93,1,0.178872173968311,0.78572722833124,0.800887677465876,0.519228018157401,0.960604749057336,0.181,0.0465,0.002,0.609075877967377,0.693526914402921,-3.15777028424401,38.8065090179443
"Bayesian linear models on linear Gaussian covariates and Bernoulli SBM, fixed mixed-signal SCAR design",30,"cov_net_pu","Bayesian Linear Cov + Net + PU",0.762816901408451,0.75924882629108,4,0.266666666666667,0.355555555555556,0.30392076531117,2.08086036610917,0.0880483295935543,0.721692053980993,0.955,0.6,0.7125,4.6,0.9975,0.933333333333333,1.0325,3.6,0.191362264967505,0.561284325155587,0.559768256063285,0.253713019495846,0.870202499213727,0.0125,0.003,0,0.405710049867017,0.469381126949521,-2.74272085217864,37.0737810134888
"Bayesian linear models on linear Gaussian covariates and Bernoulli SBM, fixed mixed-signal SCAR design",31,"cov_net_pu","Bayesian Linear Cov + Net + PU",0.779154929577465,0.715492957746479,5,0.333333333333333,0.444444444444444,0.295451767630175,2.07578360798531,0.0856109378671663,0.693079087120568,0.955,0.466666666666667,0.7525,5.8,1,1,0.8775,1,0.203440720102541,0.670220406334063,0.679797380295185,0.340592229594104,0.937937049851418,0.069,0.0175,0.002,0.473580639727833,0.566276965509855,-2.79841554066724,35.3568561077118
"Bayesian linear models on linear Gaussian covariates and Bernoulli SBM, fixed mixed-signal SCAR design",32,"cov_net_pu","Bayesian Linear Cov + Net + PU",0.85452269170579,0.802629107981221,4,0.266666666666667,0.466666666666667,0.256101027995004,1.78994104242167,0.0755243219938821,0.61277403115273,0.975,0.666666666666667,0.5625,4,1,1,0.7475,1,0.266379102489436,0.899692152529344,0.935230007707676,0.614333538481026,0.998381661790558,0.6355,0.4355,0.1365,0.738101465258602,0.832853220851379,-3.10900865521217,38.6910860538483
"Bayesian linear models on linear Gaussian covariates and Bernoulli SBM, fixed mixed-signal SCAR design",33,"cov_net_pu","Bayesian Linear Cov + Net + PU",0.822410015649452,0.773333333333333,4,0.266666666666667,0.422222222222222,0.275297901113427,2.00857816641318,0.0801983701978264,0.682361858396418,0.9725,0.6,0.5775,4.6,0.995,1,0.945,1,0.211416974647998,0.816000718757788,0.843097952752452,0.526428779340833,0.98485438759723,0.298,0.127,0.014,0.585782233027945,0.692112149602735,-3.07402393693441,38.33837890625
"Bayesian linear models on linear Gaussian covariates and Bernoulli SBM, fixed mixed-signal SCAR design",34,"cov_net_pu","Bayesian Linear Cov + Net + PU",0.714303599374022,0.644319248826291,4,0.266666666666667,0.355555555555556,0.31865726709537,2.28149856402262,0.0916907728190703,0.768611275725121,0.945,0.4,0.87,6.4,0.9975,1,1.06,1,0.193875411816407,0.499475737581281,0.492747610818333,0.204108101983708,0.834613704628881,0.0065,5e-04,0,0.350590886667179,0.409811080600537,-2.68581760835595,35.6223130226135
"Bayesian linear models on linear Gaussian covariates and Bernoulli SBM, fixed mixed-signal SCAR design",35,"cov_net_pu","Bayesian Linear Cov + Net + PU",0.810954616588419,0.778403755868545,4,0.266666666666667,0.488888888888889,0.283905979878619,2.06638895268991,0.0820229692741703,0.685466320436305,0.9675,0.666666666666667,0.62,4,0.995,0.933333333333333,1.0125,3.6,0.201636740425658,0.819482407622282,0.845785118870713,0.511021514139582,0.985828756829906,0.3185,0.137,0.0145,0.583015381679587,0.683133892326774,-2.94454405843533,38.7900199890137
"Bayesian linear models on linear Gaussian covariates and Bernoulli SBM, fixed mixed-signal SCAR design",36,"cov_net_pu","Bayesian Linear Cov + Net + PU",0.727198748043818,0.705164319248826,2,0.133333333333333,0.422222222222222,0.316092835962263,2.21833445198679,0.0907568654574782,0.762560491173977,0.955,0.533333333333333,0.75,5.2,0.9975,1,1.05,1,0.184893035514087,0.502171764447513,0.498537772386999,0.194596925105218,0.829477863206931,0.0025,5e-04,0,0.349116334484815,0.413389204296166,-2.71084882465977,37.0287020206451
"Bayesian linear models on linear Gaussian covariates and Bernoulli SBM, fixed mixed-signal SCAR design",37,"cov_net_pu","Bayesian Linear Cov + Net + PU",0.787668231611894,0.705352112676056,5,0.333333333333333,0.533333333333333,0.284115710071134,2.0370779826638,0.0805240024179082,0.645379461532612,0.965,0.6,0.6675,4.6,0.9975,0.933333333333333,0.92,3.6,0.232545841160735,0.762152465070455,0.786468853767212,0.399040482439254,0.98919010391511,0.2465,0.1245,0.023,0.546551781536326,0.642333684788351,-2.91501161199169,37.2431049346924
"Bayesian linear models on linear Gaussian covariates and Bernoulli SBM, fixed mixed-signal SCAR design",38,"cov_net_pu","Bayesian Linear Cov + Net + PU",0.776651017214397,0.744413145539906,5,0.333333333333333,0.422222222222222,0.29542182331488,2.05786507507983,0.0854361997293861,0.696671106787406,0.955,0.533333333333333,0.7575,5.2,0.9975,0.933333333333333,0.98,3.6,0.196046799186852,0.615835765480216,0.618703065321061,0.29816274901242,0.903042181184002,0.027,0.006,0,0.452797085592029,0.52553428596033,-2.82256696260411,37.9015510082245
"Bayesian linear models on linear Gaussian covariates and Bernoulli SBM, fixed mixed-signal SCAR design",39,"cov_net_pu","Bayesian Linear Cov + Net + PU",0.745226917057903,0.666291079812207,3,0.2,0.377777777777778,0.312018536640582,2.35842489683488,0.0890539079951802,0.760264782624264,0.965,0.6,0.6725,4.6,0.995,0.933333333333333,1.06,3.6,0.19352746205148,0.59871311696981,0.598642910731333,0.286592688798453,0.892679551278114,0.021,0.004,0,0.39802736703535,0.475225837208007,-2.82086429346265,36.2209370136261
"Bayesian linear models on linear Gaussian covariates and Bernoulli SBM, fixed mixed-signal SCAR design",40,"cov_net_pu","Bayesian Linear Cov + Net + PU",0.823035993740219,0.776901408450704,5,0.333333333333333,0.511111111111111,0.268531826246501,1.84403773044223,0.0770118550305663,0.609598716949502,0.9725,0.733333333333333,0.595,3.4,0.9975,1,0.8825,1,0.225908273331877,0.767413997540115,0.788814350540554,0.449164153580516,0.983544626904537,0.2065,0.091,0.0125,0.581767659428918,0.670262359418462,-3.02396548213643,39.4990270137787
"Bayesian linear models on linear Gaussian covariates and Bernoulli SBM, fixed mixed-signal SCAR design",41,"cov_net_pu","Bayesian Linear Cov + Net + PU",0.779029733959311,0.644507042253521,5,0.333333333333333,0.511111111111111,0.285770486279016,2.43946571352816,0.0791177520934616,0.704766061903954,0.9625,0.466666666666667,0.645,5.8,0.99,0.8,1.14,8.79999999999999,0.211234353997335,0.808250535518529,0.827138907629302,0.544977045854922,0.974309042993726,0.238,0.079,0.0055,0.627104822346953,0.716616826676457,-3.1433452363277,36.275032043457
"Bayesian linear models on linear Gaussian covariates and Bernoulli SBM, fixed mixed-signal SCAR design",42,"cov_net_pu","Bayesian Linear Cov + Net + PU",0.786103286384977,0.699154929577465,3,0.2,0.355555555555556,0.297581972094335,2.24011440281489,0.0869054031130723,0.739957627868189,0.9725,0.666666666666667,0.6,4,0.9925,0.866666666666667,1.1225,6.19999999999999,0.210643227397204,0.722481023867076,0.741245934532174,0.381280667098224,0.972763450492213,0.1455,0.0535,0.004,0.486319853452736,0.584043501073101,-2.88464104363159,39.2506518363953
"Bayesian linear models on linear Gaussian covariates and Bernoulli SBM, fixed mixed-signal SCAR design",43,"cov_net_pu","Bayesian Linear Cov + Net + PU",0.852519561815337,0.864413145539906,5,0.333333333333333,0.488888888888889,0.263858572008994,1.74110865756994,0.0782721835574878,0.629980351315169,0.965,0.733333333333333,0.6275,3.4,1,1,0.745,1,0.194684949550734,0.826557146477896,0.850388866395218,0.543709321777053,0.979272626891574,0.31,0.118,0.005,0.587184554510485,0.691992665771266,-3.03047025325555,37.8096988201141
"Bayesian linear models on linear Gaussian covariates and Bernoulli SBM, fixed mixed-signal SCAR design",44,"cov_net_pu","Bayesian Linear Cov + Net + PU",0.780907668231612,0.646197183098592,1,0.0666666666666667,0.4,0.297352284457577,2.52824803649729,0.0861617609363382,0.793591911616401,0.96,0.4,0.685,6.4,0.995,0.933333333333333,0.95,3.6,0.209073367261518,0.793844117459438,0.819311565738755,0.504506286024479,0.98033392699366,0.226,0.0925,0.007,0.587627274676028,0.693242954293153,-3.04676809824541,39.2310590744019
"Bayesian linear models on linear Gaussian covariates and Bernoulli SBM, fixed mixed-signal SCAR design",45,"cov_net_pu","Bayesian Linear Cov + Net + PU",0.85170579029734,0.822159624413145,5,0.333333333333333,0.511111111111111,0.260299819188533,1.74496174874842,0.0764549671685057,0.598508541166625,0.9775,0.733333333333333,0.52,3.4,0.995,1,0.9575,1,0.240692970469359,0.802467303399932,0.8201961924208,0.495491229861019,0.985882905702321,0.276,0.1245,0.0165,0.65326415933104,0.727914315347518,-3.04150609163409,38.502583026886
"Bayesian linear models on linear Gaussian covariates and Bernoulli SBM, fixed mixed-signal SCAR design",46,"cov_net_pu","Bayesian Linear Cov + Net + PU",0.906729264475743,0.820093896713615,4,0.266666666666667,0.6,0.210658564380184,1.98406614480172,0.0613985492475874,0.63684635190898,0.9775,0.533333333333333,0.4775,5.2,1,1,0.555,1,0.211689045847459,0.977015303800598,0.988808403527145,0.885380821315206,0.99981291472773,0.9635,0.87,0.4715,0.893333150824597,0.935756048484002,-3.77480587434096,38.6243059635162
"Bayesian linear models on linear Gaussian covariates and Bernoulli SBM, fixed mixed-signal SCAR design",47,"cov_net_pu","Bayesian Linear Cov + Net + PU",0.835618153364632,0.843380281690141,2,0.133333333333333,0.466666666666667,0.277579987512117,1.83346967012817,0.0835397933473694,0.677821767151878,0.975,0.8,0.575,2.8,1,1,0.7875,1,0.22470537125497,0.682184506320897,0.692474451948569,0.393508995388259,0.941987705788347,0.0645,0.0205,0.0025,0.539088894226063,0.605717133955747,-2.96736641268427,38.0690269470215
"Bayesian linear models on linear Gaussian covariates and Bernoulli SBM, fixed mixed-signal SCAR design",48,"cov_net_pu","Bayesian Linear Cov + Net + PU",0.795743348982786,0.730328638497653,2,0.133333333333333,0.355555555555556,0.291502777845587,2.15688182279716,0.0848790536123178,0.710458975272444,0.9675,0.6,0.63,4.6,0.995,0.866666666666667,1.015,6.19999999999999,0.213409999446722,0.735365078837183,0.752869979627337,0.405437711054068,0.962006010922766,0.1325,0.043,0.0035,0.529188091084169,0.623261475569043,-2.90867291765943,37.8141348361969
"Bayesian linear models on linear Gaussian covariates and Bernoulli SBM, fixed mixed-signal SCAR design",49,"cov_net_pu","Bayesian Linear Cov + Net + PU",0.785915492957746,0.68018779342723,3,0.2,0.466666666666667,0.28886688505215,2.28956358714979,0.082213629681582,0.711061077561032,0.9625,0.533333333333333,0.6975,5.2,0.9925,0.8,1.045,8.79999999999999,0.206750437678591,0.757988171822179,0.776141003599949,0.460370561162407,0.964973700652472,0.1605,0.0485,0.003,0.558739373828935,0.65239426445753,-3.03668623005336,39.776615858078
"Bayesian linear models on linear Gaussian covariates and Bernoulli SBM, fixed mixed-signal SCAR design",50,"cov_net_pu","Bayesian Linear Cov + Net + PU",0.810328638497653,0.740845070422535,5,0.333333333333333,0.444444444444444,0.27755463329235,2.18659005769561,0.0789393348045229,0.686416140689472,0.9675,0.666666666666667,0.6125,4,0.99,0.8,1.1525,8.79999999999999,0.186695021282252,0.883009984067614,0.908693099104305,0.62337104654947,0.991129044641285,0.5405,0.2845,0.032,0.626038241772975,0.76561704559591,-3.10036723889519,38.0000600814819
"Bayesian linear models on linear Gaussian covariates and Bernoulli SBM, fixed mixed-signal SCAR design",51,"cov_net_pu","Bayesian Linear Cov + Net + PU",0.771392801251956,0.72037558685446,3,0.2,0.355555555555556,0.310728857595831,2.16512936451583,0.0913045788832484,0.754976886785991,0.9625,0.6,0.6875,4.6,0.9975,1,1.0575,1,0.203685017626421,0.524451929392457,0.520727461691268,0.203470476935892,0.851141663494217,0.011,0.0025,0,0.371625870237395,0.432966588230506,-2.70926917773457,39.0081889629364
"Bayesian linear models on linear Gaussian covariates and Bernoulli SBM, fixed mixed-signal SCAR design",52,"cov_net_pu","Bayesian Linear Cov + Net + PU",0.789045383411581,0.741971830985915,4,0.266666666666667,0.4,0.290368899011451,2.1167255734098,0.084258842742549,0.712328148529627,0.965,0.666666666666667,0.6325,4,1,1,0.8275,1,0.197319845286736,0.675879689797198,0.688062886159412,0.37223932382674,0.927552548373641,0.0515,0.0115,5e-04,0.484115795836759,0.562488342561441,-2.92467229449118,36.8233361244202
"Bayesian linear models on linear Gaussian covariates and Bernoulli SBM, fixed mixed-signal SCAR design",53,"cov_net_pu","Bayesian Linear Cov + Net + PU",0.817339593114241,0.734084507042253,3,0.2,0.444444444444444,0.276810613132235,2.17925728119374,0.0802890753850793,0.708632014281113,0.9625,0.466666666666667,0.6775,5.8,0.9975,1,0.8125,1,0.210609263031213,0.793868252045217,0.814850291577331,0.519412591801792,0.97594736772813,0.2145,0.0695,0.004,0.596469447723253,0.685061750539911,-3.14187035816158,36.9076800346375
"Bayesian linear models on linear Gaussian covariates and Bernoulli SBM, fixed mixed-signal SCAR design",54,"cov_net_pu","Bayesian Linear Cov + Net + PU",0.823035993740219,0.76037558685446,2,0.133333333333333,0.377777777777778,0.279627461754349,1.97333160374639,0.0830509807336845,0.663889466500581,0.985,0.8,0.5175,2.8,0.9975,0.933333333333333,0.8575,3.6,0.277693404176735,0.819259688594048,0.851739377878163,0.480998111625146,0.992898167594416,0.357,0.178,0.0345,0.691934976407688,0.760638675721963,-2.94498065716272,38.3211019039154
"Bayesian linear models on linear Gaussian covariates and Bernoulli SBM, fixed mixed-signal SCAR design",55,"cov_net_pu","Bayesian Linear Cov + Net + PU",0.86829420970266,0.780093896713615,4,0.266666666666667,0.577777777777778,0.245317096680401,1.88621460184399,0.0711468824318714,0.593628322610947,0.9825,0.733333333333333,0.5,3.4,0.9925,0.866666666666667,0.9875,6.19999999999999,0.268116770730779,0.88705125534119,0.907555507498085,0.640764296990359,0.998646535251847,0.534,0.324,0.098,0.755251891248372,0.825731989540635,-3.3327527999944,39.4161999225616
"Bayesian linear models on linear Gaussian covariates and Bernoulli SBM, fixed mixed-signal SCAR design",56,"cov_net_pu","Bayesian Linear Cov + Net + PU",0.763255086071987,0.543849765258216,3,0.2,0.4,0.30754286279871,2.74224119853583,0.0863839689201912,0.721777650752205,0.9675,0.4,0.6675,6.4,0.9875,0.666666666666667,1.21,14,0.335367317401627,0.893869037805053,0.936139142152321,0.587159503834468,0.999910382673691,0.608,0.445,0.2045,0.778422284299058,0.844969529153911,-3.08231074154799,39.2696571350098
"Bayesian linear models on linear Gaussian covariates and Bernoulli SBM, fixed mixed-signal SCAR design",57,"cov_net_pu","Bayesian Linear Cov + Net + PU",0.851017214397496,0.850704225352113,3,0.2,0.466666666666667,0.272107313707681,1.74170388285123,0.0817828669917348,0.632084319065749,0.9775,0.733333333333333,0.5225,3.4,1,1,0.82,1,0.213811272643199,0.819128048389738,0.85166674926337,0.489022136737501,0.991525930767547,0.343,0.171,0.027,0.544448441176494,0.659401311178786,-2.9095732943581,36.46994805336
"Bayesian linear models on linear Gaussian covariates and Bernoulli SBM, fixed mixed-signal SCAR design",58,"cov_net_pu","Bayesian Linear Cov + Net + PU",0.840500782472614,0.747230046948357,3,0.2,0.488888888888889,0.263107764249843,2.12767323526177,0.0766786798682245,0.708645558138686,0.9675,0.4,0.6325,6.4,0.9975,1,0.7875,1,0.217611229542238,0.829891198096926,0.853387361272853,0.571322774985012,0.982196045754509,0.329,0.1255,0.011,0.686217991218652,0.759461002553316,-3.27234159078665,40.1956191062927
"Bayesian linear models on linear Gaussian covariates and Bernoulli SBM, fixed mixed-signal SCAR design",59,"cov_net_pu","Bayesian Linear Cov + Net + PU",0.796995305164319,0.791549295774648,1,0.0666666666666667,0.377777777777778,0.294579419700227,2.11813785806949,0.0855907926586394,0.742494129650161,0.9675,0.8,0.605,2.8,0.9975,0.933333333333333,0.98,3.6,0.184628746101124,0.674539057028737,0.684497266777031,0.338712624811339,0.942353188932402,0.0735,0.02,0.0015,0.474905360186325,0.566412780525738,-2.87236312299277,39.9764270782471
"Bayesian linear models on linear Gaussian covariates and Bernoulli SBM, fixed mixed-signal SCAR design",60,"cov_net_pu","Bayesian Linear Cov + Net + PU",0.779092331768388,0.794178403755869,6,0.4,0.422222222222222,0.309251422745784,2.01832230997028,0.0910425188836341,0.728139403908672,0.9625,0.8,0.7025,2.8,1,1,0.9775,1,0.191165037352537,0.463055781837227,0.455972301979441,0.165768592698637,0.812852147392976,0.003,0,0,0.32912005492919,0.379674897601875,-2.66284090913502,37.6996078491211
"Bayesian linear models on linear Gaussian covariates and Bernoulli SBM, fixed mixed-signal SCAR design",61,"cov_net_pu","Bayesian Linear Cov + Net + PU",0.807824726134585,0.752112676056338,4,0.266666666666667,0.511111111111111,0.282014178794359,2.10652127469178,0.0815917704688863,0.69459303242102,0.97,0.666666666666667,0.5925,4,0.9925,0.933333333333333,1.045,3.6,0.205468054786644,0.765974235913517,0.783849768015596,0.471676929554518,0.964086460997369,0.1595,0.0475,0.0025,0.561332806175386,0.653837561123861,-3.05298736512755,35.6617798805237
"Bayesian linear models on linear Gaussian covariates and Bernoulli SBM, fixed mixed-signal SCAR design",62,"cov_net_pu","Bayesian Linear Cov + Net + PU",0.809076682316119,0.715868544600939,3,0.2,0.444444444444444,0.285967581303102,2.1704105674385,0.0840000337854201,0.723116613910712,0.9725,0.666666666666667,0.6,4,0.9975,0.933333333333333,0.945,3.6,0.21780731922011,0.810022541175949,0.848323227367656,0.449462420926978,0.992457677527755,0.346,0.163,0.035,0.54673969639516,0.66942868442451,-2.93814387105123,36.9255700111389
"Bayesian linear models on linear Gaussian covariates and Bernoulli SBM, fixed mixed-signal SCAR design",63,"cov_net_pu","Bayesian Linear Cov + Net + PU",0.811205007824726,0.75793427230047,4,0.266666666666667,0.488888888888889,0.27597642005456,2.04592833109203,0.0789215254233588,0.673317172340271,0.9625,0.6,0.675,4.6,0.9925,0.866666666666667,1.06,6.19999999999999,0.199551042044545,0.799597598379028,0.829944669887145,0.487514039720525,0.973608066780317,0.257,0.09,0.0035,0.599823535668306,0.69473395759301,-3.04134814777573,38.1254241466522
"Bayesian linear models on linear Gaussian covariates and Bernoulli SBM, fixed mixed-signal SCAR design",64,"cov_net_pu","Bayesian Linear Cov + Net + PU",0.814397496087637,0.727699530516432,1,0.0666666666666667,0.444444444444444,0.280170841106543,2.25980292728176,0.0815353941369972,0.749966375083233,0.9725,0.6,0.59,4.6,0.99,0.933333333333333,1.085,3.6,0.197335339631674,0.778703094746723,0.797265002899309,0.497883356986084,0.966767277155967,0.1835,0.056,0.0025,0.604769739931583,0.689209700034013,-3.13737380102737,38.3059468269348
"Bayesian linear models on linear Gaussian covariates and Bernoulli SBM, fixed mixed-signal SCAR design",65,"cov_net_pu","Bayesian Linear Cov + Net + PU",0.816713615023474,0.79943661971831,1,0.0666666666666667,0.355555555555556,0.286495327679962,2.04764610195067,0.0846568137185076,0.727508161199449,0.9625,0.6,0.665,4.6,1,1,0.83,1,0.199172343538381,0.777206545402004,0.803508711133363,0.421100633963302,0.979333135859917,0.2345,0.0965,0.0095,0.518042916785068,0.641037674516765,-2.91374583706427,36.4329261779785
"Bayesian linear models on linear Gaussian covariates and Bernoulli SBM, fixed mixed-signal SCAR design",66,"cov_net_pu","Bayesian Linear Cov + Net + PU",0.827793427230047,0.843380281690141,4,0.266666666666667,0.511111111111111,0.275489702864627,1.84524869221531,0.080969516963971,0.665679032602642,0.965,0.666666666666667,0.63,4,1,1,0.795,1,0.195892894178368,0.762448423994224,0.779985340318656,0.461546477515081,0.962771918062909,0.1445,0.043,0.0015,0.546456283811329,0.651075949842277,-2.95482304336994,35.2304000854492
"Bayesian linear models on linear Gaussian covariates and Bernoulli SBM, fixed mixed-signal SCAR design",67,"cov_net_pu","Bayesian Linear Cov + Net + PU",0.749796557120501,0.68169014084507,2,0.133333333333333,0.377777777777778,0.30844430828224,2.34109304144591,0.0878981663249768,0.757537626413899,0.965,0.6,0.665,4.6,0.9975,0.933333333333333,1.0025,3.6,0.197766131346393,0.631187129328024,0.639292942482013,0.301429347250453,0.916076550494825,0.0405,0.008,0,0.459320092685365,0.536122596728709,-2.80575207030326,33.6171607971191
"Bayesian linear models on linear Gaussian covariates and Bernoulli SBM, fixed mixed-signal SCAR design",68,"cov_net_pu","Bayesian Linear Cov + Net + PU",0.725508607198748,0.672300469483568,3,0.2,0.377777777777778,0.312829562580171,2.23560287499823,0.0892936862130723,0.751792742504182,0.9525,0.4,0.7825,6.4,1,1,0.9525,1,0.184574683497145,0.600482904838089,0.609213741987668,0.234120594555257,0.907482568245454,0.0305,0.005,5e-04,0.384192527628762,0.481273911074653,-2.72926930469693,35.2860541343689
"Bayesian linear models on linear Gaussian covariates and Bernoulli SBM, fixed mixed-signal SCAR design",69,"cov_net_pu","Bayesian Linear Cov + Net + PU",0.841752738654147,0.790046948356808,3,0.2,0.466666666666667,0.270873602778631,1.90774310861225,0.0809959586324495,0.653191177623074,0.98,0.733333333333333,0.5475,3.4,0.9975,0.933333333333333,0.8325,3.6,0.240885769285719,0.780957847630545,0.801128248271771,0.462912525379176,0.987908586904336,0.231,0.092,0.0215,0.583495003838854,0.670001470630171,-3.0892942226824,32.6927099227905
"Bayesian linear models on linear Gaussian covariates and Bernoulli SBM, fixed mixed-signal SCAR design",70,"cov_net_pu","Bayesian Linear Cov + Net + PU",0.864788732394366,0.886948356807512,5,0.333333333333333,0.533333333333333,0.242909616453576,1.64577521565865,0.0692465510962672,0.583774921065125,0.9725,0.866666666666667,0.5175,2.2,0.9925,0.933333333333333,0.965,3.6,0.165994643579034,0.913985569033919,0.934929046131389,0.723752501386823,0.993279129184734,0.6975,0.375,0.041,0.690663183381076,0.805364502422806,-3.20949313482846,34.785297870636
"Bayesian linear models on linear Gaussian covariates and Bernoulli SBM, fixed mixed-signal SCAR design",71,"cov_net_pu","Bayesian Linear Cov + Net + PU",0.822034428794992,0.745164319248826,3,0.2,0.444444444444444,0.274842052585489,2.0732746194078,0.0804178307414581,0.66682053259819,0.9675,0.6,0.635,4.6,0.9925,0.866666666666667,1.0025,6.19999999999999,0.227472246134334,0.792680494464202,0.814045057489119,0.495298480149969,0.984202320381551,0.2415,0.099,0.0145,0.587493061175353,0.676507553733961,-3.11198637838059,34.7355191707611
"Bayesian linear models on linear Gaussian covariates and Bernoulli SBM, fixed mixed-signal SCAR design",72,"cov_net_pu","Bayesian Linear Cov + Net + PU",0.763442879499218,0.664037558685446,1,0.0666666666666667,0.333333333333333,0.306945585551763,2.33998936720795,0.0897242153926704,0.782731915946381,0.9725,0.6,0.62,4.6,0.9975,1,0.9775,1,0.214959314458383,0.714348691175545,0.729495766280664,0.343908822629013,0.979022333626335,0.175,0.0685,0.0095,0.459861546538943,0.568889824920512,-2.82867261729269,34.3285081386566
"Bayesian linear models on linear Gaussian covariates and Bernoulli SBM, fixed mixed-signal SCAR design",73,"cov_net_pu","Bayesian Linear Cov + Net + PU",0.758622848200313,0.706854460093897,1,0.0666666666666667,0.333333333333333,0.304240038977491,2.30941561731404,0.0877985168702143,0.786825190128438,0.9575,0.533333333333333,0.7075,5.2,0.9975,1,0.98,1,0.182592893885986,0.701465398987576,0.722991043094766,0.350643235602756,0.948559618564209,0.1045,0.0225,0.001,0.460981564375272,0.563177593859996,-2.85437003652208,34.4068620204926
"Bayesian linear models on linear Gaussian covariates and Bernoulli SBM, fixed mixed-signal SCAR design",74,"cov_net_pu","Bayesian Linear Cov + Net + PU",0.755117370892019,0.676244131455399,3,0.2,0.355555555555556,0.304665567028258,2.30189405167054,0.0872995553066166,0.739876338884186,0.9625,0.6,0.66,4.6,0.995,0.866666666666667,1.0525,6.19999999999999,0.195117717955389,0.709485216392133,0.72670079614561,0.369145613800368,0.958176202177835,0.1045,0.0325,0.002,0.477443505817603,0.573537163037378,-2.84419174169691,35.7001249790192
"Bayesian linear models on linear Gaussian covariates and Bernoulli SBM, fixed mixed-signal SCAR design",75,"cov_net_pu","Bayesian Linear Cov + Net + PU",0.798247261345853,0.713239436619718,2,0.133333333333333,0.444444444444444,0.288306945844294,2.24665771212112,0.0840440598216927,0.741245401795991,0.9675,0.533333333333333,0.63,5.2,0.995,0.933333333333333,0.92,3.6,0.215790391212435,0.719695056564656,0.730452896742438,0.419392449338589,0.953547476095828,0.084,0.028,0.0035,0.546539125711788,0.626619480598279,-3.06525497092343,35.302836894989
"Bayesian linear models on linear Gaussian covariates and Bernoulli SBM, fixed mixed-signal SCAR design",76,"cov_net_pu","Bayesian Linear Cov + Net + PU",0.777902973395931,0.723568075117371,3,0.2,0.488888888888889,0.290187141298504,2.25802636465751,0.0808741590868625,0.739602105900793,0.9675,0.6,0.6125,4.6,0.985,0.933333333333333,1.3725,3.6,0.173212136722224,0.781590112232496,0.808027172131756,0.462448373883993,0.964985350429696,0.205,0.0535,0.0015,0.521380640282311,0.626491366564715,-3.03059150294578,36.3201580047607
"Bayesian linear models on linear Gaussian covariates and Bernoulli SBM, fixed mixed-signal SCAR design",77,"cov_net_pu","Bayesian Linear Cov + Net + PU",0.818779342723005,0.768262910798122,3,0.2,0.533333333333333,0.276151451810259,2.05374423290324,0.0785239263849829,0.639999255550411,0.97,0.733333333333333,0.6225,3.4,0.995,0.866666666666667,0.9425,6.19999999999999,0.219395572027184,0.763910468568527,0.7807846387458,0.456883907315244,0.969792153340573,0.185,0.0635,0.0045,0.576046530609577,0.666608486306502,-3.05596723707609,33.6542541980743
"Bayesian linear models on linear Gaussian covariates and Bernoulli SBM, fixed mixed-signal SCAR design",78,"cov_net_pu","Bayesian Linear Cov + Net + PU",0.760813771517997,0.700469483568075,4,0.266666666666667,0.355555555555556,0.300806278328049,2.17379764206529,0.0862725800939358,0.717782879938921,0.955,0.466666666666667,0.7625,5.8,0.9975,0.933333333333333,0.965,3.6,0.199161914519437,0.635397577663799,0.641577742002763,0.326087183630974,0.921522912185032,0.039,0.012,0.001,0.45849113553939,0.535158898087249,-2.83242109473929,32.8895859718323
"Bayesian linear models on linear Gaussian covariates and Bernoulli SBM, fixed mixed-signal SCAR design",79,"cov_net_pu","Bayesian Linear Cov + Net + PU",0.843192488262911,0.852018779342723,6,0.4,0.466666666666667,0.275718405708059,1.61224446604523,0.0821445403606541,0.57639711059432,0.98,0.866666666666667,0.5275,2.2,0.9975,0.933333333333333,0.975,3.6,0.238811357975676,0.698458287933044,0.71364186506073,0.32790707247816,0.986039904530838,0.1555,0.082,0.019,0.500173859423089,0.581010602726701,-2.78978852598561,33.2238500118256
"Bayesian linear models on linear Gaussian covariates and Bernoulli SBM, fixed mixed-signal SCAR design",80,"cov_net_pu","Bayesian Linear Cov + Net + PU",0.804882629107981,0.783661971830986,5,0.333333333333333,0.466666666666667,0.286654289452689,1.97510098747618,0.0833829265170603,0.674143373277719,0.975,0.8,0.56,2.8,0.9975,0.933333333333333,0.9275,3.6,0.204751105317066,0.650313689661998,0.659709048886977,0.340088837989795,0.916552884473347,0.036,0.0065,0,0.486939743377886,0.558308431632056,-2.92289685969007,35.7342081069946
"Bayesian linear models on linear Gaussian covariates and Bernoulli SBM, fixed mixed-signal SCAR design",81,"cov_net_pu","Bayesian Linear Cov + Net + PU",0.751424100156495,0.656713615023474,2,0.133333333333333,0.377777777777778,0.311296572744293,2.36146190322391,0.0893413624948561,0.771707940274342,0.9675,0.6,0.64,4.6,0.99,0.866666666666667,1.2725,6.19999999999999,0.197887198390388,0.60629695484722,0.611804346649842,0.302388788190228,0.89839611552246,0.0235,0.0045,0,0.430610248635755,0.503029876212838,-2.80085437879268,33.1623430252075
"Bayesian linear models on linear Gaussian covariates and Bernoulli SBM, fixed mixed-signal SCAR design",82,"cov_net_pu","Bayesian Linear Cov + Net + PU",0.815461658841941,0.80131455399061,5,0.333333333333333,0.555555555555556,0.276453440260953,1.9567377277068,0.0789301518651916,0.663892597873669,0.9725,0.8,0.5725,2.8,0.995,0.933333333333333,0.9775,3.6,0.185999381663866,0.716990686870704,0.72605648612656,0.405967116420708,0.948721996939562,0.093,0.024,0.001,0.524623880648251,0.613209037867792,-3.01124749809627,34.5474100112915
"Bayesian linear models on linear Gaussian covariates and Bernoulli SBM, fixed mixed-signal SCAR design",83,"cov_net_pu","Bayesian Linear Cov + Net + PU",0.815461658841941,0.778215962441315,7,0.466666666666667,0.533333333333333,0.27454527720128,1.96731546906816,0.078627480860069,0.673795601626301,0.9725,0.6,0.55,4.6,0.995,1,1.0325,1,0.184203931574736,0.74763783292876,0.763247963478256,0.437388773656964,0.967111974355868,0.1555,0.052,0.0025,0.530570228721549,0.627889773487203,-2.98073654077041,38.2812340259552
"Bayesian linear models on linear Gaussian covariates and Bernoulli SBM, fixed mixed-signal SCAR design",84,"cov_net_pu","Bayesian Linear Cov + Net + PU",0.808701095461659,0.809953051643193,6,0.4,0.444444444444444,0.288915199154913,1.84399116254234,0.0851703121071381,0.652698759152262,0.9675,0.733333333333333,0.635,3.4,1,1,0.875,1,0.210804632138518,0.624414280375033,0.625606920139159,0.296399149921076,0.930104777105376,0.0495,0.0115,0.0015,0.444591973426041,0.514307097377849,-2.79425683656573,34.015398979187
"Bayesian linear models on linear Gaussian covariates and Bernoulli SBM, fixed mixed-signal SCAR design",85,"cov_net_pu","Bayesian Linear Cov + Net + PU",0.835430359937402,0.832300469483568,8,0.533333333333333,0.533333333333333,0.258501298261846,1.64890016468168,0.0736762184835183,0.561176605382774,0.9625,0.6,0.6575,4.6,0.9975,1,0.8675,1,0.227970898951261,0.8679854748531,0.906734092104762,0.550175656043574,0.995810766667985,0.527,0.32,0.069,0.610983548866175,0.72349942795441,-3.02822520642332,34.6813199520111
"Bayesian linear models on linear Gaussian covariates and Bernoulli SBM, fixed mixed-signal SCAR design",86,"cov_net_pu","Bayesian Linear Cov + Net + PU",0.711486697965571,0.652018779342723,1,0.0666666666666667,0.377777777777778,0.316925639131755,2.35726116302269,0.0908650020509139,0.792743494353136,0.95,0.4,0.7825,6.4,1,1,0.93,1,0.189153391285151,0.595557583968949,0.606828270027937,0.244247169962996,0.898971574486317,0.0235,0.0035,0,0.401262757143948,0.485447104327737,-2.73106082370533,33.7791361808777
"Bayesian linear models on linear Gaussian covariates and Bernoulli SBM, fixed mixed-signal SCAR design",87,"cov_net_pu","Bayesian Linear Cov + Net + PU",0.858904538341158,0.796244131455399,4,0.266666666666667,0.511111111111111,0.251049258068399,1.92358512488746,0.0733879306786049,0.637706729245538,0.975,0.6,0.545,4.6,0.995,0.933333333333333,0.84,3.6,0.235965275569318,0.876291774046306,0.896814376068808,0.655149557814101,0.988624968530282,0.486,0.231,0.0215,0.745260321612247,0.810443151252739,-3.35625294036833,35.704785823822
"Bayesian linear models on linear Gaussian covariates and Bernoulli SBM, fixed mixed-signal SCAR design",88,"cov_net_pu","Bayesian Linear Cov + Net + PU",0.799874804381847,0.783661971830986,6,0.4,0.511111111111111,0.286107615731875,1.908228051411,0.0819924513323462,0.648564012617211,0.97,0.8,0.605,2.8,0.9925,0.866666666666667,1.17,6.19999999999999,0.194461449323723,0.744257458589698,0.773840325175627,0.403641399835664,0.966871099369266,0.1765,0.051,0.0025,0.466996760500435,0.563437546582614,-2.8498667535498,35.0909490585327
"Bayesian linear models on linear Gaussian covariates and Bernoulli SBM, fixed mixed-signal SCAR design",89,"cov_net_pu","Bayesian Linear Cov + Net + PU",0.783599374021909,0.685446009389671,3,0.2,0.466666666666667,0.283943004555134,2.3548773840078,0.0799910188825301,0.74047030632225,0.9625,0.466666666666667,0.635,5.8,0.99,0.933333333333333,1.1325,3.6,0.195709308505774,0.835185181568932,0.856112680323168,0.562180143698987,0.981276048525464,0.338,0.132,0.006,0.622695924780339,0.724459387563331,-3.10425129284178,35.1354401111603
"Bayesian linear models on linear Gaussian covariates and Bernoulli SBM, fixed mixed-signal SCAR design",90,"cov_net_pu","Bayesian Linear Cov + Net + PU",0.828544600938967,0.724882629107981,3,0.2,0.466666666666667,0.270189949933558,2.21549462018249,0.0787364692863076,0.724750848282428,0.965,0.466666666666667,0.65,5.8,0.9975,0.933333333333333,0.85,3.6,0.225566857842529,0.862679376336762,0.886599391855979,0.595759572622961,0.993344639861334,0.458,0.2335,0.037,0.690443332408672,0.783322287534841,-3.16294240763685,40.4320969581604
"Bayesian linear models on linear Gaussian covariates and Bernoulli SBM, fixed mixed-signal SCAR design",91,"cov_net_pu","Bayesian Linear Cov + Net + PU",0.872926447574335,0.820281690140845,4,0.266666666666667,0.444444444444444,0.250499639491905,1.51777003996092,0.0747767280164961,0.531119329987112,0.99,0.8,0.49,2.8,1,1,0.745,1,0.329265135647896,0.848129771532442,0.875342983840644,0.506874915933481,0.999999949048231,0.4495,0.335,0.2035,0.727373730380712,0.790051314355927,-3.09825896952553,38.6467998027802
"Bayesian linear models on linear Gaussian covariates and Bernoulli SBM, fixed mixed-signal SCAR design",92,"cov_net_pu","Bayesian Linear Cov + Net + PU",0.816150234741784,0.772769953051643,2,0.133333333333333,0.422222222222222,0.285001086240439,2.02384417195563,0.0850402452553793,0.709454718074608,0.9675,0.666666666666667,0.6475,4,0.9975,0.933333333333333,0.9025,3.6,0.220265984250504,0.679162518611006,0.685020726456351,0.383748583325489,0.939221742784768,0.065,0.0155,0.002,0.517575275424045,0.587510018234642,-2.95104502622241,35.4037709236145
"Bayesian linear models on linear Gaussian covariates and Bernoulli SBM, fixed mixed-signal SCAR design",93,"cov_net_pu","Bayesian Linear Cov + Net + PU",0.77245696400626,0.787793427230047,3,0.2,0.4,0.298038868517724,1.99722182066947,0.0860532690058696,0.704966617109519,0.96,0.6,0.705,4.6,0.9975,1,1.0075,1,0.187768165724456,0.612597774851251,0.620962829478366,0.287632255569728,0.898472196756051,0.024,0.0035,0,0.415212666904436,0.504113458958037,-2.78794638901726,35.7934839725494
"Bayesian linear models on linear Gaussian covariates and Bernoulli SBM, fixed mixed-signal SCAR design",94,"cov_net_pu","Bayesian Linear Cov + Net + PU",0.851142410015649,0.803192488262911,6,0.4,0.444444444444444,0.262633049256412,1.55318526160835,0.0775433034693079,0.503686796405552,0.9875,0.8,0.5325,2.8,0.9975,0.933333333333333,0.8625,3.6,0.328998406962911,0.841759550123129,0.880088909890708,0.483199440286894,0.999998433308863,0.456,0.3285,0.1765,0.691078507879441,0.773468779385731,-2.94908094953618,35.4581799507141
"Bayesian linear models on linear Gaussian covariates and Bernoulli SBM, fixed mixed-signal SCAR design",95,"cov_net_pu","Bayesian Linear Cov + Net + PU",0.763317683881064,0.665164319248826,2,0.133333333333333,0.377777777777778,0.308130459106344,2.36308679501299,0.0891064665769044,0.746325573531727,0.9575,0.533333333333333,0.765,5.2,0.9975,0.933333333333333,0.95,3.6,0.216089962786894,0.602715007194752,0.59461802157335,0.317798064220775,0.903115792503197,0.028,0.007,0.001,0.449194268886158,0.511936165910407,-2.85511023998148,34.0212180614471
"Bayesian linear models on linear Gaussian covariates and Bernoulli SBM, fixed mixed-signal SCAR design",96,"cov_net_pu","Bayesian Linear Cov + Net + PU",0.859906103286385,0.847699530516432,8,0.533333333333333,0.533333333333333,0.259016800016981,1.64445245746056,0.0762057078895347,0.581928922925039,0.9725,0.733333333333333,0.5775,3.4,1,1,0.83,1,0.236882908087437,0.786964434162282,0.808728349940943,0.456745513110686,0.986228991806152,0.251,0.116,0.0175,0.606492928586357,0.692089027048309,-2.99044861486301,36.0056209564209
"Bayesian linear models on linear Gaussian covariates and Bernoulli SBM, fixed mixed-signal SCAR design",97,"cov_net_pu","Bayesian Linear Cov + Net + PU",0.867981220657277,0.912676056338028,8,0.533333333333333,0.577777777777778,0.239203227107728,1.35361568152183,0.0679681549601384,0.4822590516227,0.975,0.933333333333333,0.51,1.6,0.995,1,0.925,1,0.217044564336796,0.923074382632468,0.950975340530345,0.707399405636219,0.997376191241093,0.733,0.506,0.132,0.660531426342611,0.792193464423255,-3.01105892526834,32.8667809963226
"Bayesian linear models on linear Gaussian covariates and Bernoulli SBM, fixed mixed-signal SCAR design",98,"cov_net_pu","Bayesian Linear Cov + Net + PU",0.828732394366197,0.805258215962441,6,0.4,0.488888888888889,0.269872797988867,1.85323685246391,0.0776461747434507,0.644768972534697,0.97,0.666666666666667,0.5925,4,0.9975,1,0.95,1,0.220212296844245,0.777009136143942,0.802562508816609,0.440429506422023,0.980159459934886,0.2545,0.112,0.01,0.576696938194906,0.669861308158958,-2.97854061188252,39.0679252147675
"Bayesian linear models on linear Gaussian covariates and Bernoulli SBM, fixed mixed-signal SCAR design",99,"cov_net_pu","Bayesian Linear Cov + Net + PU",0.807762128325509,0.750798122065728,4,0.266666666666667,0.444444444444444,0.282153925038764,1.9640664570457,0.0825353904266744,0.659313542578257,0.9725,0.666666666666667,0.6125,4,0.995,0.933333333333333,0.95,3.6,0.242629261435698,0.814332225558836,0.852229721216955,0.453811684365674,0.987592245414218,0.3565,0.1675,0.021,0.541708382313192,0.648399733064202,-2.93419264263188,33.5572669506073
"Bayesian linear models on linear Gaussian covariates and Bernoulli SBM, fixed mixed-signal SCAR design",100,"cov_net_pu","Bayesian Linear Cov + Net + PU",0.78754303599374,0.688262910798122,5,0.333333333333333,0.555555555555556,0.272738961292763,2.24265281774621,0.0725970731503454,0.640903114901774,0.96,0.533333333333333,0.6775,5.2,0.985,0.733333333333333,1.31,11.4,0.20222344342057,0.817905088338948,0.837572182741901,0.553837328406584,0.975117981647393,0.27,0.094,0.0045,0.658199294605801,0.737062006799,-3.14183734842963,42.5546500682831
