"scenario","replicate","model_key","method","Overall_AUC","Hidden_AUC","Hidden_at_15","Hidden_Recall_at_15","Overall_Recall_at_45","Overall_LogLoss","Hidden_LogLoss","Overall_Brier","Hidden_Brier","Overall_Coverage_80","Hidden_Coverage_80","Overall_Interval_Score_80","Hidden_Interval_Score_80","Overall_Coverage_95","Hidden_Coverage_95","Overall_Interval_Score_95","Hidden_Interval_Score_95","eta_posterior_mean","anchor_max_mean","anchor_max_median","anchor_max_q025","anchor_max_q975","anchor_Pr_over_090","anchor_Pr_over_095","anchor_Pr_over_099","anchor_q99_median","anchor_top5_median","beta0_posterior_mean","runtime_sec"
"Fixed mixed-signal covariate-driven SAR design, lambda = 2",1,"cov","Bayesian Linear Cov",0.677308294209703,0.492769953051643,1,0.0666666666666667,0.333333333333333,0.339675540440195,2.8734670947696,0.0960672772103164,0.866440973035528,0.9425,0.266666666666667,0.7925,7.6,0.9925,0.866666666666667,1.2075,6.19999999999999,NA,0.420502544166229,0.41132837156013,0.160820971941193,0.721013847617178,0.001,0,0,0.283792459730948,0.334523848536487,-2.9050297340327,31.153135061264
"Fixed mixed-signal covariate-driven SAR design, lambda = 2",2,"cov","Bayesian Linear Cov",0.651580594679186,0.545915492957746,1,0.0666666666666667,0.266666666666667,0.357694044585149,2.66459168820268,0.100786122534824,0.864688999134621,0.8875,0,1.1325,10,1,1,1,1,NA,0.157012767162551,0.133860305386421,0.0619731882167135,0.381108506155592,0,0,0,0.113944519771279,0.122500394179013,-2.65698123204005,31.262001991272
"Fixed mixed-signal covariate-driven SAR design, lambda = 2",3,"cov","Bayesian Linear Cov",0.610954616588419,0.442629107981221,1,0.0666666666666667,0.222222222222222,0.355353888594426,2.72524375542493,0.100258594572673,0.869674463655083,0.9025,0.0666666666666667,1.045,9.4,1,1,1,1,NA,0.204805859055726,0.18108203086658,0.0664969633365337,0.477236866336317,0,0,0,0.146284452069761,0.159955555027902,-2.69145820155037,31.3933248519897
"Fixed mixed-signal covariate-driven SAR design, lambda = 2",4,"cov","Bayesian Linear Cov",0.664413145539906,0.583098591549296,0,0,0.311111111111111,0.349730413353861,2.64166846452362,0.0994419296132381,0.859853083359826,0.905,0.0666666666666667,1.0225,9.4,1,1,1,1,NA,0.223694112996016,0.195475600592801,0.0684845447974331,0.546471677820346,0,0,0,0.152417788348742,0.168526793396558,-2.71014594243584,29.1800539493561
"Fixed mixed-signal covariate-driven SAR design, lambda = 2",5,"cov","Bayesian Linear Cov",0.627104851330203,0.435868544600939,2,0.133333333333333,0.355555555555556,0.34327182846178,2.84999085406178,0.0956934326715621,0.872112677765167,0.93,0.2,0.8625,8.2,0.995,0.933333333333333,1.18,3.6,NA,0.46338668393395,0.449239355070575,0.0982339260909504,0.889070801219845,0.02,0.005,0,0.261855469316637,0.340742594862207,-2.82249272812425,30.8408279418945
"Fixed mixed-signal covariate-driven SAR design, lambda = 2",6,"cov","Bayesian Linear Cov",0.726823161189358,0.692018779342723,1,0.0666666666666667,0.333333333333333,0.327935443350601,2.48587693873931,0.0942238131180829,0.8252053907028,0.9325,0.266666666666667,0.85,7.6,1,1,0.955,1,NA,0.4257931245278,0.413898182969569,0.132827839382219,0.773713875689803,0.001,0,0,0.270745767094702,0.325879749967028,-2.83755697401228,29.0467340946198
"Fixed mixed-signal covariate-driven SAR design, lambda = 2",7,"cov","Bayesian Linear Cov",0.679123630672926,0.492957746478873,0,0,0.311111111111111,0.336883601448648,2.91498555248863,0.0948349966480782,0.875295472955341,0.9375,0.2,0.8525,8.2,0.9975,0.933333333333333,0.9575,3.6,NA,0.59090054556449,0.603341059538315,0.216566126991735,0.918230931194642,0.0365,0.0045,0,0.31234833506272,0.41304301715613,-2.94247942135522,29.8705031871796
"Fixed mixed-signal covariate-driven SAR design, lambda = 2",8,"cov","Bayesian Linear Cov",0.687010954616588,0.547042253521127,2,0.133333333333333,0.377777777777778,0.327690310939598,2.83189680284828,0.0904646967087733,0.85959114888277,0.945,0.266666666666667,0.77,7.6,0.99,0.933333333333333,1.2775,3.6,NA,0.705846151987783,0.736418382675949,0.249589370009752,0.976055187870373,0.1855,0.0775,0.004,0.332715494319139,0.479757943344634,-2.95582044863167,31.2518289089203
"Fixed mixed-signal covariate-driven SAR design, lambda = 2",9,"cov","Bayesian Linear Cov",0.662785602503912,0.496713615023474,0,0,0.288888888888889,0.343679889637518,2.84275171870448,0.0971855231637906,0.871546049255363,0.9325,0.2,0.87,8.2,0.995,0.933333333333333,1.1525,3.6,NA,0.364220887072797,0.349976472331026,0.120786097519072,0.67497658856899,0,0,0,0.247703629438329,0.287519962408713,-2.84113758879416,30.247819185257
"Fixed mixed-signal covariate-driven SAR design, lambda = 2",10,"cov","Bayesian Linear Cov",0.650203442879499,0.492394366197183,1,0.0666666666666667,0.266666666666667,0.347108923347922,2.72637802871105,0.0985394110881268,0.865719520283504,0.9175,0.0666666666666667,0.9525,9.4,1,1,0.995,1,NA,0.323114155496098,0.286149999894169,0.0775570374739048,0.747893726899818,0.0015,0,0,0.198339688052077,0.232967989773884,-2.74479742023119,30.7706968784332
"Fixed mixed-signal covariate-driven SAR design, lambda = 2",11,"cov","Bayesian Linear Cov",0.694209702660407,0.429107981220657,2,0.133333333333333,0.355555555555556,0.33861564729548,3.49511916821973,0.0913051449592644,0.89010537589803,0.9425,0.133333333333333,0.8,8.8,0.9825,0.533333333333333,1.4075,19.2,NA,0.642277725097279,0.64950593173645,0.364787649084834,0.883799004206032,0.0155,0.001,0,0.45974105543294,0.538516459366981,-3.22449055886486,30.6718900203705
"Fixed mixed-signal covariate-driven SAR design, lambda = 2",12,"cov","Bayesian Linear Cov",0.689139280125196,0.51943661971831,0,0,0.288888888888889,0.333545812279705,2.93437897013262,0.0939623451099967,0.884107049110736,0.9275,0.133333333333333,0.9125,8.8,0.995,0.866666666666667,1.0575,6.19999999999999,NA,0.61445877104405,0.61621926415813,0.255003717741636,0.934705205817754,0.0545,0.018,5e-04,0.353179884971732,0.45564257124031,-2.96590314353272,29.3435029983521
"Fixed mixed-signal covariate-driven SAR design, lambda = 2",13,"cov","Bayesian Linear Cov",0.64169014084507,0.486948356807512,2,0.133333333333333,0.266666666666667,0.350273255551245,2.71996626041242,0.0993149976154178,0.867224770526161,0.9175,0.133333333333333,0.9375,8.8,1,1,1,1,NA,0.25831471965732,0.23973521046619,0.0737235795434354,0.550991504001419,0,0,0,0.180465832630208,0.207098653862201,-2.72296377683671,30.3170440196991
"Fixed mixed-signal covariate-driven SAR design, lambda = 2",14,"cov","Bayesian Linear Cov",0.65452269170579,0.466854460093897,0,0,0.288888888888889,0.345971003741842,2.85162829530619,0.0981188606994209,0.878986975893282,0.925,0.0666666666666667,0.92,9.4,0.995,0.866666666666667,1.1775,6.19999999999999,NA,0.352487358796123,0.334474600755741,0.0952569983300809,0.699516695852197,0.001,0,0,0.232787030613946,0.271868341504955,-2.81676986321268,30.1610770225525
"Fixed mixed-signal covariate-driven SAR design, lambda = 2",15,"cov","Bayesian Linear Cov",0.58810641627543,0.357746478873239,0,0,0.244444444444444,0.355140224099607,2.88182925539532,0.0996105931622543,0.886699660359059,0.92,0,0.9325,10,1,1,1,1,NA,0.274341329817325,0.25601729519656,0.0791878392089787,0.574243917945811,0,0,0,0.19409542424977,0.220854601655898,-2.74148395050835,28.4768948554993
"Fixed mixed-signal covariate-driven SAR design, lambda = 2",16,"cov","Bayesian Linear Cov",0.708607198748044,0.656901408450704,1,0.0666666666666667,0.333333333333333,0.340517114172156,2.55589018842903,0.0979633346375213,0.84358626640136,0.9275,0.266666666666667,0.865,7.6,1,1,0.99,1,NA,0.261019936022029,0.250015855394811,0.0766939656937908,0.531408238520552,0,0,0,0.194404262177226,0.217607513232405,-2.76054515719593,30.5001258850098
"Fixed mixed-signal covariate-driven SAR design, lambda = 2",17,"cov","Bayesian Linear Cov",0.738967136150235,0.571267605633803,0,0,0.333333333333333,0.32023175815517,2.89174071431422,0.0913202132332264,0.874937532772199,0.9525,0.266666666666667,0.7175,7.6,0.9925,0.866666666666667,1.03,6.19999999999999,NA,0.744476433641033,0.77836690956118,0.361053524215082,0.966091686535822,0.184,0.0625,0.001,0.392322404968857,0.519857031892511,-3.15135185108739,31.568363904953
"Fixed mixed-signal covariate-driven SAR design, lambda = 2",18,"cov","Bayesian Linear Cov",0.58810641627543,0.390422535211268,0,0,0.333333333333333,0.347394922608095,2.87034194585194,0.0971024816781652,0.886523594120169,0.93,0.0666666666666667,0.8325,9.4,1,1,1,1,NA,0.333778049101766,0.309378908320597,0.0838656976612373,0.705347211239696,5e-04,0,0,0.217825603056185,0.256683943948198,-2.77505681326261,27.5512959957123
"Fixed mixed-signal covariate-driven SAR design, lambda = 2",19,"cov","Bayesian Linear Cov",0.687449139280125,0.576150234741784,1,0.0666666666666667,0.244444444444444,0.345305322410779,2.67713675037859,0.0986514788568584,0.85799165915326,0.9275,0.2,0.89,8.2,1,1,0.995,1,NA,0.296215621177899,0.277797304865799,0.084843704120001,0.61856180971402,0,0,0,0.20299344618477,0.234555473340708,-2.7548323169726,30.9985830783844
"Fixed mixed-signal covariate-driven SAR design, lambda = 2",20,"cov","Bayesian Linear Cov",0.632425665101721,0.471549295774648,1,0.0666666666666667,0.2,0.350921711305444,2.72266433942563,0.0993432143917242,0.866424536182275,0.905,0.0666666666666667,1.055,9.4,1,1,1,1,NA,0.266221519414172,0.24621092503927,0.0738583505516497,0.580280785108478,0,0,0,0.183100730242061,0.211008877004931,-2.72458505727851,29.7745859622955
"Fixed mixed-signal covariate-driven SAR design, lambda = 2",21,"cov","Bayesian Linear Cov",0.702284820031299,0.572769953051643,0,0,0.244444444444444,0.340757066530623,2.72050059014433,0.0977704619098595,0.866391420318109,0.925,0.133333333333333,0.9175,8.8,1,1,0.9875,1,NA,0.34525889677217,0.33372632759028,0.0983199587683628,0.661243568054139,0,0,0,0.230910511051329,0.271288715028171,-2.80358474545804,29.8004610538483
"Fixed mixed-signal covariate-driven SAR design, lambda = 2",22,"cov","Bayesian Linear Cov",0.600312989045383,0.404694835680751,1,0.0666666666666667,0.311111111111111,0.349152380651284,3.02902943617751,0.0956748507764634,0.888119669336573,0.9325,0.133333333333333,0.8375,8.8,0.995,0.866666666666667,1.1475,6.19999999999999,NA,0.487538167686697,0.490767469176507,0.139592907396856,0.814050534891594,0.0045,5e-04,0,0.294129670943003,0.376187904676347,-2.84800074682697,30.2674179077148
"Fixed mixed-signal covariate-driven SAR design, lambda = 2",23,"cov","Bayesian Linear Cov",0.683380281690141,0.603568075117371,1,0.0666666666666667,0.288888888888889,0.339538112472643,2.62728275433009,0.0970706733918014,0.851525566531436,0.9225,0.133333333333333,0.9275,8.8,1,1,0.9825,1,NA,0.369606779278305,0.352845632711502,0.0962401699337437,0.726047493420626,0,0,0,0.232309462317187,0.278784827485082,-2.79823708249802,29.2229959964752
"Fixed mixed-signal covariate-driven SAR design, lambda = 2",24,"cov","Bayesian Linear Cov",0.67943661971831,0.437746478873239,2,0.133333333333333,0.377777777777778,0.334926752323925,3.16643834000609,0.0923705928460371,0.879998151207821,0.9375,0.133333333333333,0.83,8.8,0.985,0.733333333333333,1.3925,11.4,NA,0.766497591986059,0.808227822315643,0.363876828928452,0.989732225562113,0.297,0.157,0.0245,0.408978944720708,0.533963654894207,-3.0425554804815,30.9814701080322
"Fixed mixed-signal covariate-driven SAR design, lambda = 2",25,"cov","Bayesian Linear Cov",0.62735524256651,0.446760563380282,1,0.0666666666666667,0.244444444444444,0.35281517235062,2.7452937568403,0.0997574827428441,0.869955625576495,0.9125,0.133333333333333,0.9675,8.8,1,1,1,1,NA,0.237269797996898,0.213464908638836,0.0711070131574355,0.541987691613107,0,0,0,0.166669597646378,0.184987004448212,-2.7134443841052,30.3953130245209
"Fixed mixed-signal covariate-driven SAR design, lambda = 2",26,"cov","Bayesian Linear Cov",0.728450704225352,0.580093896713615,0,0,0.377777777777778,0.320645120921314,2.89330664819419,0.089617978741326,0.855871355547409,0.9475,0.333333333333333,0.74,7,0.985,0.8,1.355,8.79999999999999,NA,0.622854062295645,0.632143377011753,0.30760781258095,0.86997173591798,0.012,0.0015,0,0.423226927154503,0.511085162879087,-3.10828546033406,31.5773930549622
"Fixed mixed-signal covariate-driven SAR design, lambda = 2",27,"cov","Bayesian Linear Cov",0.708419405320814,0.580657276995305,1,0.0666666666666667,0.311111111111111,0.333031900493884,2.71581374553191,0.0957168340808403,0.851403839278251,0.935,0.133333333333333,0.8475,8.8,0.9975,0.933333333333333,0.985,3.6,NA,0.432967040672795,0.423953575442774,0.162249608828948,0.751584935770622,0,0,0,0.288634973490129,0.340524924303387,-2.90873252329853,29.0149710178375
"Fixed mixed-signal covariate-driven SAR design, lambda = 2",28,"cov","Bayesian Linear Cov",0.684256651017214,0.620657276995305,1,0.0666666666666667,0.377777777777778,0.329689194727134,2.64736189927273,0.092649463682014,0.851916216654337,0.9375,0.266666666666667,0.79,7.6,0.9975,1,1.0625,1,NA,0.45592447060551,0.443522390395033,0.141849604636284,0.813730255045026,0.003,5e-04,0,0.305830992340288,0.364195932749252,-2.86804236427272,30.0975909233093
"Fixed mixed-signal covariate-driven SAR design, lambda = 2",29,"cov","Bayesian Linear Cov",0.618904538341158,0.529014084507042,0,0,0.155555555555556,0.359379464263391,2.66826611632064,0.101056225532381,0.865607477349735,0.8875,0,1.125,10,1,1,1,1,NA,0.151745270797787,0.127998309613692,0.0624872558606281,0.374356834470783,0,0,0,0.110555939574785,0.116995283484125,-2.64342936628748,31.2505600452423
"Fixed mixed-signal covariate-driven SAR design, lambda = 2",30,"cov","Bayesian Linear Cov",0.649640062597809,0.432488262910798,1,0.0666666666666667,0.266666666666667,0.347392161946531,3.01927975750127,0.0966788493696039,0.885147404151553,0.93,0.133333333333333,0.88,8.8,0.9925,0.866666666666667,1.235,6.19999999999999,NA,0.482041415634467,0.478436853359199,0.178629223167507,0.835737243283984,0.005,0,0,0.289161592937707,0.363437080569744,-2.86880815775119,30.2643859386444
"Fixed mixed-signal covariate-driven SAR design, lambda = 2",31,"cov","Bayesian Linear Cov",0.651643192488263,0.56093896713615,1,0.0666666666666667,0.244444444444444,0.351279996535659,2.65646170866621,0.099675837931928,0.861861038211587,0.9125,0.0666666666666667,0.9325,9.4,1,1,1,1,NA,0.225042810104008,0.202170620688061,0.0707132667480422,0.522706393130695,0,0,0,0.154290947804874,0.17321287802507,-2.69965221280971,29.5486478805542
"Fixed mixed-signal covariate-driven SAR design, lambda = 2",32,"cov","Bayesian Linear Cov",0.633928012519562,0.547981220657277,1,0.0666666666666667,0.355555555555556,0.343317751361585,2.73468002193576,0.0966602221805123,0.864154537334923,0.935,0.2,0.7875,8.2,1,1,1,1,NA,0.429754653568141,0.408535521869279,0.0877173762769855,0.869249474348141,0.0135,0.002,0,0.232709569334006,0.299344348065347,-2.76612903480036,29.6898670196533
"Fixed mixed-signal covariate-driven SAR design, lambda = 2",33,"cov","Bayesian Linear Cov",0.676682316118936,0.590422535211268,0,0,0.266666666666667,0.331522441335495,2.7537006175766,0.0930610076897191,0.872739323826846,0.9275,0,0.9025,10,0.9975,1,1.0125,1,NA,0.596864787961635,0.609001338417657,0.21396840846652,0.918483893736426,0.043,0.007,5e-04,0.345361765771189,0.443081808996736,-2.89459999007282,31.7022390365601
"Fixed mixed-signal covariate-driven SAR design, lambda = 2",34,"cov","Bayesian Linear Cov",0.673302034428795,0.492394366197183,0,0,0.177777777777778,0.348226474910032,2.7819810062689,0.0991433621558132,0.869960773383189,0.9175,0.2,0.9775,8.2,1,1,0.99,1,NA,0.291344966531551,0.280255502992152,0.0823649569773962,0.573342177924054,0,0,0,0.205585660530273,0.236831442829947,-2.77802819089415,29.9320120811462
"Fixed mixed-signal covariate-driven SAR design, lambda = 2",35,"cov","Bayesian Linear Cov",0.729014084507042,0.621784037558685,0,0,0.377777777777778,0.328901281522189,2.67873470667024,0.0938901009926875,0.843708584285719,0.9375,0.266666666666667,0.8075,7.6,0.995,0.933333333333333,1.1,3.6,NA,0.555388230655709,0.54034847249095,0.188857157158928,0.945288544819704,0.064,0.0225,0.0015,0.291754106007157,0.383736504066698,-2.91670536116528,28.9517450332642
"Fixed mixed-signal covariate-driven SAR design, lambda = 2",36,"cov","Bayesian Linear Cov",0.616713615023474,0.475305164319249,0,0,0.266666666666667,0.357120841643035,2.67688425874452,0.100660767891535,0.866488537427953,0.895,0,1.0725,10,1,1,1,1,NA,0.174206716890681,0.145024997771676,0.0616449304174193,0.454594381108845,0,0,0,0.121501845289743,0.131076822092528,-2.65010924120532,31.7912411689758
"Fixed mixed-signal covariate-driven SAR design, lambda = 2",37,"cov","Bayesian Linear Cov",0.680876369327074,0.567323943661972,0,0,0.266666666666667,0.344575806467514,2.69908593589434,0.0982948033670628,0.86246621740562,0.925,0.0666666666666667,0.9025,9.4,1,1,0.995,1,NA,0.283973570054311,0.272476855216992,0.0801348592798111,0.568906294418975,0,0,0,0.20468170015061,0.232436552998407,-2.77874154375604,30.7375750541687
"Fixed mixed-signal covariate-driven SAR design, lambda = 2",38,"cov","Bayesian Linear Cov",0.637245696400626,0.466103286384977,2,0.133333333333333,0.377777777777778,0.34409132333292,3.04649362759021,0.0937408912877997,0.86753067687175,0.945,0.266666666666667,0.755,7.6,0.985,0.733333333333333,1.49,11.4,NA,0.446234522345446,0.44006366589701,0.177932330244053,0.750437491258544,5e-04,0,0,0.308678278678224,0.362091292867398,-2.90763534230609,27.8395979404449
"Fixed mixed-signal covariate-driven SAR design, lambda = 2",39,"cov","Bayesian Linear Cov",0.672112676056338,0.488262910798122,1,0.0666666666666667,0.4,0.330114410139219,3.06748068598641,0.0892560923550198,0.873760101569917,0.94,0.2,0.8,8.2,0.98,0.666666666666667,1.595,14,NA,0.699775612518457,0.723035804674976,0.320898328418416,0.965625714034289,0.1415,0.0485,0.0015,0.398814703359746,0.532508713503379,-3.06333237933852,28.1129989624023
"Fixed mixed-signal covariate-driven SAR design, lambda = 2",40,"cov","Bayesian Linear Cov",0.675868544600939,0.514741784037559,0,0,0.266666666666667,0.340109504024924,2.82435162142167,0.0969924523163831,0.877834244010051,0.9225,0,0.9625,10,0.9975,0.933333333333333,1.02,3.6,NA,0.393480159490894,0.38476678809646,0.131686593733711,0.693583604253693,0,0,0,0.273219838232102,0.320839225670505,-2.86325353426162,31.317330121994
"Fixed mixed-signal covariate-driven SAR design, lambda = 2",41,"cov","Bayesian Linear Cov",0.670297339593114,0.585727699530516,1,0.0666666666666667,0.244444444444444,0.348962501785905,2.6172132942216,0.0992267821139564,0.852010905608783,0.91,0.133333333333333,0.98,8.8,1,1,1,1,NA,0.221029436086811,0.195423577703688,0.0721349162475615,0.514542295721539,0,0,0,0.15606288149374,0.172131525529585,-2.70785991286976,30.2697901725769
"Fixed mixed-signal covariate-driven SAR design, lambda = 2",42,"cov","Bayesian Linear Cov",0.71962441314554,0.589483568075117,2,0.133333333333333,0.288888888888889,0.325939276579235,2.68982396699181,0.0926190953858253,0.831747520574789,0.9425,0.333333333333333,0.795,7,0.995,0.933333333333333,1.07,3.6,NA,0.566376487034236,0.571483021791227,0.212574823935177,0.889730842198825,0.0205,0.003,5e-04,0.328479824255003,0.429560036557803,-2.94690137459957,27.8625221252441
"Fixed mixed-signal covariate-driven SAR design, lambda = 2",43,"cov","Bayesian Linear Cov",0.694647887323944,0.471924882629108,2,0.133333333333333,0.333333333333333,0.336216428055054,2.93282024752153,0.0952374126597537,0.862796091825938,0.9425,0.266666666666667,0.805,7.6,0.9875,0.8,1.36,8.79999999999999,NA,0.482148874457559,0.482324146766726,0.202836866110362,0.780159347542809,5e-04,0,0,0.322491003014105,0.387568547309843,-2.94734918740716,30.6101222038269
"Fixed mixed-signal covariate-driven SAR design, lambda = 2",44,"cov","Bayesian Linear Cov",0.657151799687011,0.475492957746479,3,0.2,0.333333333333333,0.338961518458842,2.91073118425087,0.0940033506559714,0.857723064828413,0.935,0.266666666666667,0.8375,7.6,0.99,0.8,1.34,8.79999999999999,NA,0.547810999567889,0.541595339084394,0.157649914091598,0.931785507242788,0.052,0.012,5e-04,0.302359176960221,0.386811647820303,-2.88994311381519,28.8700838088989
"Fixed mixed-signal covariate-driven SAR design, lambda = 2",45,"cov","Bayesian Linear Cov",0.696964006259781,0.59924882629108,2,0.133333333333333,0.355555555555556,0.336355355517784,2.61518470564867,0.0964193015744106,0.843989941278701,0.9375,0.333333333333333,0.78,7,1,1,0.97,1,NA,0.338251725786418,0.327057655856724,0.0909971836980605,0.659825854699577,5e-04,0,0,0.237012847021853,0.274339440192778,-2.8088069149581,31.3114380836487
"Fixed mixed-signal covariate-driven SAR design, lambda = 2",46,"cov","Bayesian Linear Cov",0.712175273865415,0.580093896713615,0,0,0.266666666666667,0.33460686641347,2.73791725378145,0.0960122868067512,0.866212505495095,0.9375,0.2,0.83,8.2,0.9975,1,1.015,1,NA,0.390356493946067,0.381367359593792,0.137927634100001,0.69180537980854,0,0,0,0.275133294522868,0.319044493573218,-2.89199280719283,30.3455991744995
"Fixed mixed-signal covariate-driven SAR design, lambda = 2",47,"cov","Bayesian Linear Cov",0.646510172143975,0.446572769953052,1,0.0666666666666667,0.266666666666667,0.345807052659939,2.87277703431293,0.0975063298212939,0.876421647152411,0.9275,0.133333333333333,0.905,8.8,0.9975,0.933333333333333,1.0825,3.6,NA,0.393873460601699,0.386176094627102,0.12139131996602,0.714762682272682,0,0,0,0.26340719482862,0.316074326612466,-2.80910571187423,31.0665190219879
"Fixed mixed-signal covariate-driven SAR design, lambda = 2",48,"cov","Bayesian Linear Cov",0.697214397496088,0.626854460093897,3,0.2,0.288888888888889,0.347573843883632,2.57039100024515,0.0991190902003522,0.848228168634701,0.9125,0.266666666666667,0.9475,7.6,1,1,1,1,NA,0.213614453806151,0.191957305664511,0.0694673998468699,0.483875795052429,0,0,0,0.150127450837313,0.166383586619841,-2.69247612281434,30.057578086853
"Fixed mixed-signal covariate-driven SAR design, lambda = 2",49,"cov","Bayesian Linear Cov",0.643630672926448,0.384976525821596,0,0,0.333333333333333,0.341482087729131,3.18551929101349,0.0945424811934096,0.91294382200671,0.93,0,0.8975,10,0.99,0.866666666666667,1.255,6.19999999999999,NA,0.577279845112576,0.587064887799371,0.246623747720654,0.862184724605014,0.0085,5e-04,0,0.368531611726865,0.455908070342773,-2.9859078178028,30.276752948761
"Fixed mixed-signal covariate-driven SAR design, lambda = 2",50,"cov","Bayesian Linear Cov",0.636557120500783,0.552112676056338,3,0.2,0.222222222222222,0.351841217812584,2.62571676392806,0.0996872450570548,0.856483509481706,0.9075,0.133333333333333,0.97,8.8,1,1,1,1,NA,0.207880649013034,0.181271721379961,0.0679919860996513,0.49773089030444,0,0,0,0.142529283499669,0.157086222993291,-2.6806785508462,30.8978900909424
"Fixed mixed-signal covariate-driven SAR design, lambda = 2",51,"cov","Bayesian Linear Cov",0.625414710485133,0.497276995305164,0,0,0.244444444444444,0.350073526618539,2.76298844730787,0.09887585324887,0.873291674914366,0.915,0,0.965,10,1,1,1,1,NA,0.272270023899603,0.256821903213632,0.0766195753289002,0.585182730927979,0,0,0,0.192297523619644,0.21799353545044,-2.73840507617015,31.0624039173126
"Fixed mixed-signal covariate-driven SAR design, lambda = 2",52,"cov","Bayesian Linear Cov",0.67868544600939,0.457840375586854,0,0,0.244444444444444,0.339453936505014,3.05815895673418,0.0955958585910211,0.889863940746935,0.94,0.2,0.8225,8.2,0.9975,0.933333333333333,0.9225,3.6,NA,0.521238465370806,0.516043220147436,0.21762299158131,0.83223824278723,0.0045,0.0015,0,0.337986850688987,0.408756129960016,-2.99967795689183,28.0266799926758
"Fixed mixed-signal covariate-driven SAR design, lambda = 2",53,"cov","Bayesian Linear Cov",0.675305164319249,0.476807511737089,2,0.133333333333333,0.333333333333333,0.332083562122465,2.9625363397097,0.0912786255884988,0.84560385560415,0.94,0.133333333333333,0.825,8.8,0.985,0.733333333333333,1.415,11.4,NA,0.514591026302142,0.514504853630411,0.227626135051753,0.793030598611275,0.001,0,0,0.367775815936789,0.429635397606295,-2.99996776853654,29.950187921524
"Fixed mixed-signal covariate-driven SAR design, lambda = 2",54,"cov","Bayesian Linear Cov",0.610078247261346,0.492957746478873,1,0.0666666666666667,0.266666666666667,0.356312058082725,2.6879380915911,0.100463011282018,0.867163902151421,0.8975,0.0666666666666667,1.0475,9.4,1,1,1,1,NA,0.191631385201865,0.160217654457437,0.0627660746051502,0.506858143231766,0,0,0,0.129575280363904,0.14253517236937,-2.6780884241264,31.869236946106
"Fixed mixed-signal covariate-driven SAR design, lambda = 2",55,"cov","Bayesian Linear Cov",0.713302034428795,0.562816901408451,0,0,0.4,0.324278238075789,2.97642975409519,0.0894482577451391,0.872519190928828,0.94,0.133333333333333,0.7975,8.8,0.9825,0.8,1.5,8.79999999999999,NA,0.679165047512551,0.695268892055303,0.358208733455075,0.91004645918706,0.0365,0.0035,0,0.461997996093688,0.570472184261154,-3.07173964157001,30.7098748683929
"Fixed mixed-signal covariate-driven SAR design, lambda = 2",56,"cov","Bayesian Linear Cov",0.608200312989045,0.430798122065728,0,0,0.2,0.356824231968609,2.75001905325247,0.10062642687001,0.874948637732689,0.895,0,1.1125,10,1,1,1,1,NA,0.206443603434663,0.188009153015828,0.0728024654114185,0.447878545897287,0,0,0,0.150019108499284,0.166410715993589,-2.69946475626518,29.8461368083954
"Fixed mixed-signal covariate-driven SAR design, lambda = 2",57,"cov","Bayesian Linear Cov",0.572957746478873,0.485070422535211,0,0,0.222222222222222,0.356361180520062,2.70083170917359,0.100219355141532,0.869705736770365,0.9025,0,1.005,10,1,1,1,1,NA,0.207057048572838,0.165149079371301,0.0643384324030215,0.587774581382813,0,0,0,0.129795869686943,0.143762735453833,-2.66735474553375,30.4963002204895
"Fixed mixed-signal covariate-driven SAR design, lambda = 2",58,"cov","Bayesian Linear Cov",0.762816901408451,0.646948356807512,1,0.0666666666666667,0.377777777777778,0.310416602264056,2.74875768173059,0.0879922183080148,0.838831499056228,0.955,0.4,0.67,6.4,0.99,0.866666666666667,1.0925,6.19999999999999,NA,0.645184586399952,0.647299013928884,0.335380844873184,0.916738057607452,0.0405,0.0055,0,0.432623309645246,0.521368163807962,-3.21312047974376,30.3907489776611
"Fixed mixed-signal covariate-driven SAR design, lambda = 2",59,"cov","Bayesian Linear Cov",0.663724569640063,0.48131455399061,2,0.133333333333333,0.333333333333333,0.343417598825294,2.78360179768771,0.097461697053558,0.865094483762563,0.9325,0.133333333333333,0.855,8.8,1,1,0.9775,1,NA,0.327248447847334,0.313053136873494,0.0971368938697763,0.614119097599094,0,0,0,0.229192999107664,0.264535721120571,-2.80648394289829,31.4011631011963
"Fixed mixed-signal covariate-driven SAR design, lambda = 2",60,"cov","Bayesian Linear Cov",0.686134585289515,0.526197183098592,1,0.0666666666666667,0.266666666666667,0.340215699617839,2.73519655732655,0.0973048273424039,0.855039985878203,0.935,0.2,0.8375,8.2,1,1,0.9725,1,NA,0.34061289063194,0.328617188387395,0.114252102095825,0.618765331767568,0,0,0,0.24741383057033,0.281160103342241,-2.83665233406163,29.6178150177002
"Fixed mixed-signal covariate-driven SAR design, lambda = 2",61,"cov","Bayesian Linear Cov",0.686572769953052,0.472300469483568,0,0,0.288888888888889,0.339697951097818,2.93559157981643,0.096338672017679,0.87067009135993,0.94,0.266666666666667,0.8125,7.6,0.9925,0.866666666666667,1.185,6.19999999999999,NA,0.411164510122992,0.400661770219679,0.162434601877436,0.699461345819072,0,0,0,0.290771833626915,0.337480193328769,-2.91991897888702,30.8974590301514
"Fixed mixed-signal covariate-driven SAR design, lambda = 2",62,"cov","Bayesian Linear Cov",0.669671361502347,0.462723004694836,0,0,0.222222222222222,0.344033664865601,2.98517938375952,0.0967221461920727,0.891443346558293,0.93,0.0666666666666667,0.91,9.4,0.9925,0.866666666666667,1.2125,6.19999999999999,NA,0.466893057898343,0.458868232327573,0.17811236788747,0.817484724365547,0.0045,0.001,0,0.29778254639329,0.36526203727892,-2.8941520996496,30.6721420288086
"Fixed mixed-signal covariate-driven SAR design, lambda = 2",63,"cov","Bayesian Linear Cov",0.746666666666667,0.634929577464789,3,0.2,0.4,0.315840568353052,2.62060560775654,0.0906148988820554,0.815079823696258,0.945,0.333333333333333,0.785,7,0.9925,0.866666666666667,1.075,6.19999999999999,NA,0.505937664107263,0.504602475155536,0.249259611728499,0.764118341061124,0.001,5e-04,0,0.359896793456972,0.418883039834233,-3.07443724856475,29.1023919582367
"Fixed mixed-signal covariate-driven SAR design, lambda = 2",64,"cov","Bayesian Linear Cov",0.631611893583725,0.489389671361502,1,0.0666666666666667,0.311111111111111,0.347979376261536,2.72908108159316,0.0981885467424428,0.86952315368405,0.9225,0.0666666666666667,0.885,9.4,0.9975,1,1.0975,1,NA,0.313253818906355,0.279009973100443,0.0796789956775199,0.73970441337962,0,0,0,0.187923301448942,0.225751317515607,-2.74052622410995,30.0084459781647
"Fixed mixed-signal covariate-driven SAR design, lambda = 2",65,"cov","Bayesian Linear Cov",0.699029733959311,0.529389671361502,1,0.0666666666666667,0.266666666666667,0.336136516453131,2.8379172046978,0.0960733144415007,0.865443214007544,0.9325,0.2,0.875,8.2,0.995,0.866666666666667,1.0775,6.19999999999999,NA,0.466770433120962,0.459051251768067,0.184778418188947,0.784437894310379,0.001,0,0,0.304459606223099,0.370794403711522,-2.93303373304068,30.6697111129761
"Fixed mixed-signal covariate-driven SAR design, lambda = 2",66,"cov","Bayesian Linear Cov",0.709546165884194,0.59981220657277,2,0.133333333333333,0.333333333333333,0.325584386348276,2.60093575019847,0.0928440058923137,0.818088526688614,0.9375,0.4,0.8275,6.4,0.9975,0.933333333333333,1,3.6,NA,0.48057116054755,0.476122691313075,0.194866641004672,0.783108260248219,0.0025,0,0,0.32154040623638,0.38375939536996,-2.9075859013861,30.239205121994
"Fixed mixed-signal covariate-driven SAR design, lambda = 2",67,"cov","Bayesian Linear Cov",0.646447574334898,0.556244131455399,0,0,0.222222222222222,0.353204103106245,2.68113011608535,0.0999901325205279,0.866508850064578,0.91,0,0.9825,10,1,1,1,1,NA,0.217387197828885,0.19257823251499,0.0643552600732577,0.515753829336258,0,0,0,0.151660614426529,0.169375546370104,-2.69532715483336,27.9433279037476
"Fixed mixed-signal covariate-driven SAR design, lambda = 2",68,"cov","Bayesian Linear Cov",0.664225352112676,0.509483568075117,2,0.133333333333333,0.4,0.338434290765324,2.7432606549971,0.094879339535353,0.863339846332292,0.9325,0.133333333333333,0.81,8.8,0.9925,1,1.285,1,NA,0.393665807329172,0.376696994712295,0.0855937642694341,0.804543749707526,0.0035,0.001,0,0.250404373698675,0.303650081522472,-2.80576400389104,28.6683390140533
"Fixed mixed-signal covariate-driven SAR design, lambda = 2",69,"cov","Bayesian Linear Cov",0.597746478873239,0.402816901408451,0,0,0.288888888888889,0.354856860107695,2.84752384096483,0.0996785401952716,0.88311641671323,0.915,0,0.955,10,1,1,1,1,NA,0.251193061015348,0.233343629870088,0.0707959259358852,0.532052269119265,0,0,0,0.179115498466478,0.201071569103379,-2.72757479414107,28.6745109558105
"Fixed mixed-signal covariate-driven SAR design, lambda = 2",70,"cov","Bayesian Linear Cov",0.716557120500782,0.666478873239437,2,0.133333333333333,0.288888888888889,0.346066813514821,2.53946383776127,0.098933590550971,0.841838230787226,0.9125,0.2,0.9475,8.2,1,1,1,1,NA,0.230716473149449,0.205067351965184,0.0678033431767637,0.533957865610934,0,0,0,0.157630839577027,0.178183438845379,-2.69226678317695,27.9052438735962
"Fixed mixed-signal covariate-driven SAR design, lambda = 2",71,"cov","Bayesian Linear Cov",0.686322378716745,0.572018779342723,0,0,0.311111111111111,0.348036526006236,2.63489958719679,0.0991584965482388,0.857388485156269,0.91,0.0666666666666667,0.975,9.4,1,1,1,1,NA,0.222757611889966,0.202411293126053,0.0739588904260375,0.475381409323524,0,0,0,0.16307146065788,0.179568566590158,-2.7110067647638,27.8333251476288
"Fixed mixed-signal covariate-driven SAR design, lambda = 2",72,"cov","Bayesian Linear Cov",0.653896713615023,0.487699530516432,1,0.0666666666666667,0.355555555555556,0.339646203763211,2.81541608570728,0.0956591542965533,0.869650411132105,0.935,0.133333333333333,0.8375,8.8,1,1,0.9425,1,NA,0.429545374186566,0.41814642526383,0.141038567055771,0.761263684891752,5e-04,0,0,0.274286951828403,0.334500679687632,-2.85892674945863,27.0776278972626
"Fixed mixed-signal covariate-driven SAR design, lambda = 2",73,"cov","Bayesian Linear Cov",0.683067292644757,0.510610328638498,0,0,0.266666666666667,0.341121523861787,2.83095713601165,0.0971754202394631,0.874503403209673,0.9375,0.2,0.8325,8.2,0.9975,1,1.055,1,NA,0.413163293097884,0.402741220829265,0.13298753015644,0.736447617589825,5e-04,0,0,0.265408653093091,0.326116051283473,-2.8579148113644,26.9691348075867
"Fixed mixed-signal covariate-driven SAR design, lambda = 2",74,"cov","Bayesian Linear Cov",0.68037558685446,0.470985915492958,3,0.2,0.377777777777778,0.328137153081835,3.01109156051213,0.0891028738435482,0.842006095816482,0.9375,0.2,0.8275,8.2,0.985,0.733333333333333,1.405,11.4,NA,0.730106308398011,0.752970837410855,0.37168324748923,0.955773505670713,0.142,0.035,0,0.419212367812346,0.566962610045227,-3.03695421578222,26.8429820537567
"Fixed mixed-signal covariate-driven SAR design, lambda = 2",75,"cov","Bayesian Linear Cov",0.666353677621283,0.52112676056338,1,0.0666666666666667,0.288888888888889,0.350793468373775,2.6823675242479,0.0996909027403724,0.86196678796257,0.9075,0.0666666666666667,1.02,9.4,1,1,1,1,NA,0.230767945583142,0.214306206901726,0.0702553175034999,0.48964756234974,0,0,0,0.169188707508619,0.188890898785264,-2.70610410834971,29.3302199840546
"Fixed mixed-signal covariate-driven SAR design, lambda = 2",76,"cov","Bayesian Linear Cov",0.672801251956182,0.515117370892019,1,0.0666666666666667,0.288888888888889,0.341157575018117,2.70411865067984,0.0974353877964653,0.85388629223992,0.9275,0.2,0.9,8.2,1,1,0.9875,1,NA,0.347601362200756,0.333032666220087,0.0968888781915921,0.682659171072584,0.001,0,0,0.231392734709529,0.271120515790066,-2.80650408512374,27.899533033371
"Fixed mixed-signal covariate-driven SAR design, lambda = 2",77,"cov","Bayesian Linear Cov",0.612018779342723,0.509859154929577,0,0,0.2,0.357347432545225,2.66920224190177,0.100701579517687,0.865262442394017,0.895,0,1.07,10,1,1,1,1,NA,0.164781095924724,0.146740749836685,0.0642562581236067,0.37190859620796,0,0,0,0.12508770846072,0.134147837775388,-2.65530689504907,29.2902059555054
"Fixed mixed-signal covariate-driven SAR design, lambda = 2",78,"cov","Bayesian Linear Cov",0.703474178403756,0.457652582159624,2,0.133333333333333,0.355555555555556,0.335302613944939,3.37339027208137,0.0904791246045989,0.871047386872123,0.9375,0.2,0.8375,8.2,0.985,0.666666666666667,1.335,14,NA,0.746704293435083,0.770940059335847,0.415686244171153,0.954602761551972,0.142,0.0315,0,0.464141522145311,0.590906836851281,-3.14750003675954,25.5037450790405
"Fixed mixed-signal covariate-driven SAR design, lambda = 2",79,"cov","Bayesian Linear Cov",0.664600938967136,0.488638497652582,1,0.0666666666666667,0.333333333333333,0.340770093591567,2.8423962255288,0.0959304500635715,0.867801753799406,0.93,0.133333333333333,0.8825,8.8,0.995,0.933333333333333,1.1375,3.6,NA,0.388455146458223,0.383962660045785,0.129476564316265,0.694936229905854,0,0,0,0.274974272555668,0.319976306134689,-2.85651286459357,28.4785740375519
"Fixed mixed-signal covariate-driven SAR design, lambda = 2",80,"cov","Bayesian Linear Cov",0.631674491392801,0.44131455399061,1,0.0666666666666667,0.311111111111111,0.34551597937729,2.94280843898129,0.095631391031331,0.875695127975371,0.93,0.133333333333333,0.8675,8.8,0.9875,0.8,1.4625,8.79999999999999,NA,0.442663372167837,0.434571313181842,0.133836250678372,0.774259855772433,0.001,0,0,0.28717935851411,0.351000156198439,-2.84558995055565,27.3995110988617
"Fixed mixed-signal covariate-driven SAR design, lambda = 2",81,"cov","Bayesian Linear Cov",0.594679186228482,0.343286384976526,0,0,0.222222222222222,0.355690151397705,2.95978230740161,0.0995772391833007,0.894659663395165,0.9275,0,0.88,10,0.9975,0.933333333333333,1.0925,3.6,NA,0.340851875571016,0.311923026976957,0.0887453934322805,0.714791040616189,0.001,0,0,0.20502402407211,0.251447434819548,-2.78550159637974,28.6068520545959
"Fixed mixed-signal covariate-driven SAR design, lambda = 2",82,"cov","Bayesian Linear Cov",0.664350547730829,0.497276995305164,0,0,0.377777777777778,0.339505046807689,2.80992639011368,0.0956298229524926,0.868075914929485,0.935,0.266666666666667,0.8225,7.6,0.9975,1,1.06,1,NA,0.501480005959137,0.482901544586013,0.13082703935674,0.941211984792695,0.055,0.018,5e-04,0.273277709495713,0.349728381219313,-2.84524818608114,26.8179340362549
"Fixed mixed-signal covariate-driven SAR design, lambda = 2",83,"cov","Bayesian Linear Cov",0.69358372456964,0.577276995305164,0,0,0.222222222222222,0.344122335182122,2.70910624825852,0.0981024048573726,0.860652386053118,0.92,0.0666666666666667,0.96,9.4,1,1,0.985,1,NA,0.313186461841381,0.29406410822055,0.0867716750194592,0.654300586355015,5e-04,0,0,0.208684553857473,0.241799741580631,-2.7841489991924,28.7553918361664
"Fixed mixed-signal covariate-driven SAR design, lambda = 2",84,"cov","Bayesian Linear Cov",0.658466353677621,0.60093896713615,0,0,0.288888888888889,0.348094715469874,2.64902504816576,0.0988423877907441,0.861201968417534,0.9125,0,0.965,10,1,1,1,1,NA,0.267547306986536,0.230668273819513,0.069299501741413,0.65730222941715,0.001,0,0,0.165639795306693,0.190374778016067,-2.70592620813141,26.2751760482788
"Fixed mixed-signal covariate-driven SAR design, lambda = 2",85,"cov","Bayesian Linear Cov",0.65302034428795,0.528075117370892,2,0.133333333333333,0.288888888888889,0.343178662580565,2.71050086352775,0.0973993997983874,0.85991883398748,0.93,0.133333333333333,0.89,8.8,1,1,0.9875,1,NA,0.343131337692452,0.327755151881507,0.0948578817345246,0.694408400755626,5e-04,0,0,0.226336436030228,0.267005617328749,-2.78305077797416,27.4877920150757
"Fixed mixed-signal covariate-driven SAR design, lambda = 2",86,"cov","Bayesian Linear Cov",0.665790297339593,0.569765258215962,2,0.133333333333333,0.333333333333333,0.351282859815777,2.62222810324109,0.0997530918830431,0.855541584565081,0.905,0.133333333333333,1,8.8,1,1,1,1,NA,0.200510648466032,0.178510802157919,0.0674991738653276,0.44207199992374,0,0,0,0.143234157590867,0.157675907726485,-2.69158268228905,27.3408570289612
"Fixed mixed-signal covariate-driven SAR design, lambda = 2",87,"cov","Bayesian Linear Cov",0.660970266040689,0.575023474178404,1,0.0666666666666667,0.266666666666667,0.34845919978688,2.63153919967199,0.0990573946685161,0.856065092319245,0.9075,0.0666666666666667,0.9825,9.4,1,1,1,1,NA,0.244493271799549,0.207705767211744,0.0688138007688008,0.614298813602696,0,0,0,0.155858530039762,0.17733227029817,-2.70696185314004,29.0418109893799
"Fixed mixed-signal covariate-driven SAR design, lambda = 2",88,"cov","Bayesian Linear Cov",0.681251956181534,0.536713615023474,1,0.0666666666666667,0.4,0.325855698164883,2.72069562413889,0.0902398435304126,0.845171719094506,0.9375,0.133333333333333,0.77,8.8,0.9925,1,1.235,1,NA,0.608279659594528,0.635633860565483,0.154394467494452,0.935901635314084,0.061,0.013,0,0.342481547295224,0.46988022862558,-2.88475581800026,27.4883241653442
"Fixed mixed-signal covariate-driven SAR design, lambda = 2",89,"cov","Bayesian Linear Cov",0.694397496087637,0.523943661971831,2,0.133333333333333,0.288888888888889,0.329273581833662,2.8432590584088,0.092525471111244,0.853736991728005,0.935,0.133333333333333,0.85,8.8,0.995,0.933333333333333,1.0475,3.6,NA,0.578850825651608,0.57939836843839,0.269850708793144,0.8791172208279,0.0165,0.0015,0,0.385915885552164,0.465369646039983,-2.99690832549859,28.0138919353485
"Fixed mixed-signal covariate-driven SAR design, lambda = 2",90,"cov","Bayesian Linear Cov",0.689201877934272,0.548169014084507,1,0.0666666666666667,0.266666666666667,0.337705299244026,2.70656304929926,0.096612264078506,0.853139889127753,0.9325,0.266666666666667,0.8675,7.6,0.9975,0.933333333333333,1.05,3.6,NA,0.411248936498898,0.395252511470454,0.123125561049525,0.770389171196409,0.001,0,0,0.26533656921648,0.319454212058718,-2.84747248835421,26.6136839389801
"Fixed mixed-signal covariate-driven SAR design, lambda = 2",91,"cov","Bayesian Linear Cov",0.622284820031299,0.513239436619718,1,0.0666666666666667,0.244444444444444,0.356200908242059,2.66105398977225,0.100497291360959,0.863129342025646,0.8975,0.0666666666666667,1.045,9.4,1,1,1,1,NA,0.175941504491227,0.149429116703172,0.0621843064262229,0.421364236975544,0,0,0,0.123526690224431,0.134688427096213,-2.65917614976143,29.3136119842529
"Fixed mixed-signal covariate-driven SAR design, lambda = 2",92,"cov","Bayesian Linear Cov",0.66660406885759,0.542347417840376,1,0.0666666666666667,0.266666666666667,0.343078021330821,2.68422475886274,0.0975299906591621,0.853866908279281,0.93,0.266666666666667,0.8625,7.6,0.9975,1,1.0875,1,NA,0.322518175530747,0.310751485705757,0.0878583006894638,0.641006100409954,0,0,0,0.218879801557349,0.256782085597599,-2.79804201040119,26.6747620105743
"Fixed mixed-signal covariate-driven SAR design, lambda = 2",93,"cov","Bayesian Linear Cov",0.641189358372457,0.472300469483568,2,0.133333333333333,0.377777777777778,0.338161319450697,2.92693491205932,0.0933286201123924,0.87194224405683,0.9375,0.2,0.8175,8.2,0.9875,0.8,1.43,8.79999999999999,NA,0.551458218005966,0.557740774958346,0.186430710421336,0.881872442319783,0.014,0.002,0,0.333373682471708,0.426987615002451,-2.90487796922575,29.6720049381256
"Fixed mixed-signal covariate-driven SAR design, lambda = 2",94,"cov","Bayesian Linear Cov",0.65320813771518,0.460093896713615,1,0.0666666666666667,0.377777777777778,0.344508531101594,2.81687470268485,0.0978142806531881,0.874582393583906,0.94,0.2,0.7625,8.2,1,1,0.9875,1,NA,0.381286401720709,0.365642428012404,0.108101536437091,0.73851779569556,0.001,0.001,0,0.235864859067332,0.288905437179657,-2.81072920319279,26.4663717746735
"Fixed mixed-signal covariate-driven SAR design, lambda = 2",95,"cov","Bayesian Linear Cov",0.684256651017214,0.544037558685446,1,0.0666666666666667,0.288888888888889,0.340808755177342,2.74684742866592,0.0972325172471851,0.861677244987086,0.9375,0.0666666666666667,0.8175,9.4,1,1,0.9675,1,NA,0.352400103017433,0.346468413179505,0.111381266409666,0.635716941874691,0,0,0,0.246948286042934,0.285824812504138,-2.83323945818962,27.5871679782867
"Fixed mixed-signal covariate-driven SAR design, lambda = 2",96,"cov","Bayesian Linear Cov",0.669483568075117,0.527136150234742,2,0.133333333333333,0.355555555555556,0.34313496700719,2.6917881844999,0.0978512019781047,0.854376386247575,0.9325,0.333333333333333,0.84,7,1,1,0.9925,1,NA,0.344665710407127,0.325060809918225,0.0896008156256763,0.699026247820591,5e-04,0,0,0.221286503153054,0.261734657655398,-2.78186694835129,27.220312833786
"Fixed mixed-signal covariate-driven SAR design, lambda = 2",97,"cov","Bayesian Linear Cov",0.629483568075117,0.514741784037559,1,0.0666666666666667,0.311111111111111,0.355250867005771,2.67261650645567,0.100340663283949,0.86468726834971,0.9,0.0666666666666667,1.04,9.4,1,1,1,1,NA,0.200732962111698,0.168574040985008,0.0661701047602719,0.519853111872299,0,0,0,0.133083482732609,0.146786578419127,-2.66863475802577,27.6952710151672
"Fixed mixed-signal covariate-driven SAR design, lambda = 2",98,"cov","Bayesian Linear Cov",0.713990610328639,0.615399061032864,0,0,0.333333333333333,0.323298824366011,2.77280804889131,0.0905816514811215,0.865076309170157,0.94,0.133333333333333,0.78,8.8,0.9925,0.933333333333333,1.1275,3.6,NA,0.671218681988117,0.691002806875061,0.31285440854283,0.94091530190261,0.0735,0.0175,0,0.400871953773211,0.531332660850326,-3.00830812005181,28.3828308582306
"Fixed mixed-signal covariate-driven SAR design, lambda = 2",99,"cov","Bayesian Linear Cov",0.729827856025039,0.531455399061033,0,0,0.422222222222222,0.310449355355101,3.18454808890064,0.0832396414283698,0.88145400286043,0.94,0.2,0.7875,8.2,0.9825,0.6,1.3875,16.6,NA,0.843010281712026,0.865903645410699,0.588701744419413,0.977681567932692,0.348,0.1195,0.0045,0.633712264832581,0.741582899898704,-3.31089225028881,26.5335400104523
"Fixed mixed-signal covariate-driven SAR design, lambda = 2",100,"cov","Bayesian Linear Cov",0.661533646322379,0.500845070422535,0,0,0.288888888888889,0.331155997293218,2.91098736636483,0.0916217784580184,0.886287423592498,0.93,0.0666666666666667,0.8825,9.4,0.995,1,1.0875,1,NA,0.720683541535085,0.764441134873206,0.283739323686453,0.969945488758663,0.171,0.059,0,0.380868935408494,0.531523045225828,-2.96154433193865,28.5722119808197
"Fixed mixed-signal covariate-driven SAR design, lambda = 2",1,"cov_pu","Bayesian Linear Cov + PU",0.677245696400626,0.492394366197183,1,0.0666666666666667,0.311111111111111,0.332537381110162,2.68333074993434,0.0944119691513277,0.837070166771901,0.95,0.266666666666667,0.8075,7.6,0.995,0.933333333333333,1.1325,3.6,0.190755666317091,0.500289113826593,0.494240000618988,0.207279156564712,0.834862818181103,0.009,0.0035,0,0.348895138790553,0.408889293236302,-2.70182833120077,36.7110960483551
"Fixed mixed-signal covariate-driven SAR design, lambda = 2",2,"cov_pu","Bayesian Linear Cov + PU",0.648325508607199,0.542347417840376,1,0.0666666666666667,0.266666666666667,0.350281428973164,2.47277456658396,0.0995860707859242,0.837352093433238,0.91,0.0666666666666667,0.99,9.4,1,1,1,1,0.175531556576549,0.188771759434078,0.159047102470793,0.0700852217300029,0.459454257703477,0,0,0,0.136462409519078,0.145339242310264,-2.45676629681513,35.7070660591125
"Fixed mixed-signal covariate-driven SAR design, lambda = 2",3,"cov_pu","Bayesian Linear Cov + PU",0.611017214397496,0.447136150234742,1,0.0666666666666667,0.222222222222222,0.347876816839685,2.52057255309329,0.0990192762746983,0.841485070223288,0.9275,0.266666666666667,0.93,7.6,1,1,1,1,0.17987688982337,0.247082955864764,0.219086407798583,0.0772455897422264,0.583765677995028,0,0,0,0.174999130559959,0.190515937450793,-2.48167519053906,36.2865090370178
"Fixed mixed-signal covariate-driven SAR design, lambda = 2",4,"cov_pu","Bayesian Linear Cov + PU",0.66472613458529,0.583474178403756,0,0,0.311111111111111,0.341361165918718,2.43902084316282,0.0978731876167906,0.829361187738083,0.93,0.266666666666667,0.9325,7.6,1,1,1,1,0.177667484065466,0.27570211344909,0.243863557726255,0.0836038341422501,0.649161847937366,5e-04,0,0,0.192899620980099,0.214278663206608,-2.5101043787807,36.7546479701996
"Fixed mixed-signal covariate-driven SAR design, lambda = 2",5,"cov_pu","Bayesian Linear Cov + PU",0.629233176838811,0.43868544600939,2,0.133333333333333,0.311111111111111,0.336451696396542,2.65134275421495,0.0944513986711583,0.845690186312866,0.9425,0.333333333333333,0.845,7,0.9975,1,1.095,1,0.175218472625345,0.498772444937245,0.484785318076347,0.10608154390884,0.919062307777765,0.0345,0.0115,0,0.300029249129255,0.379089546462112,-2.62858319562161,36.3983969688416
"Fixed mixed-signal covariate-driven SAR design, lambda = 2",6,"cov_pu","Bayesian Linear Cov + PU",0.729577464788732,0.699530516431925,1,0.0666666666666667,0.333333333333333,0.320773757784994,2.2867712021053,0.0926103115366494,0.790756634080889,0.9525,0.533333333333333,0.765,5.2,1,1,0.98,1,0.180862963934513,0.471161068625754,0.464319243382499,0.154158581410691,0.819367351198978,0.0055,5e-04,0,0.315104835866674,0.373950124093495,-2.64355156995312,36.9004499912262
"Fixed mixed-signal covariate-driven SAR design, lambda = 2",7,"cov_pu","Bayesian Linear Cov + PU",0.678748043818466,0.492206572769953,0,0,0.311111111111111,0.330151913459781,2.73290555005267,0.0935206282022336,0.850177836443416,0.9475,0.266666666666667,0.8325,7.6,0.9975,0.933333333333333,0.9825,3.6,0.185276702476799,0.661151895201786,0.674812760190708,0.281577609248604,0.952759761514435,0.0935,0.027,5e-04,0.379609510930069,0.483257011745515,-2.75839826480524,36.2929399013519
"Fixed mixed-signal covariate-driven SAR design, lambda = 2",8,"cov_pu","Bayesian Linear Cov + PU",0.688638497652582,0.550798122065728,2,0.133333333333333,0.4,0.321690517964634,2.65382418040057,0.0892130109671397,0.835496101268624,0.955,0.4,0.74,6.4,0.99,0.933333333333333,1.3425,3.6,0.167290093922708,0.730761885988785,0.775583853538893,0.246618875454065,0.979357070210897,0.22,0.0895,0.0065,0.381638597410904,0.52694163211979,-2.78160089790406,37.9977579116821
"Fixed mixed-signal covariate-driven SAR design, lambda = 2",9,"cov_pu","Bayesian Linear Cov + PU",0.662723004694836,0.496338028169014,0,0,0.311111111111111,0.336364731839541,2.65341059388924,0.0955765986521341,0.843861148050095,0.9425,0.266666666666667,0.885,7.6,0.9975,0.933333333333333,1.0725,3.6,0.188817349344796,0.436968765373127,0.4292493560195,0.149699121152746,0.784398462209834,0.002,0,0,0.306656551121119,0.355513121574169,-2.64421940375355,33.723237991333
"Fixed mixed-signal covariate-driven SAR design, lambda = 2",10,"cov_pu","Bayesian Linear Cov + PU",0.650954616588419,0.494084507042254,1,0.0666666666666667,0.266666666666667,0.339382058535964,2.54061041278833,0.0969616320399608,0.83798327103883,0.9375,0.2,0.895,8.2,1,1,1,1,0.184274769838955,0.397916865345069,0.376543896105974,0.0987814906132202,0.820004256848315,0.007,0.001,0,0.247210677632378,0.301275158881212,-2.55715379062232,34.9837830066681
"Fixed mixed-signal covariate-driven SAR design, lambda = 2",11,"cov_pu","Bayesian Linear Cov + PU",0.696275430359937,0.433051643192488,2,0.133333333333333,0.355555555555556,0.332455549503923,3.30210729824062,0.0900817933234348,0.860465187866904,0.95,0.2,0.8225,8.2,0.9825,0.533333333333333,1.44,19.2,0.20879183264649,0.725490475648311,0.736427511067703,0.429820702398798,0.947136535154633,0.09,0.023,0.0035,0.556933447039209,0.632323748205805,-3.0153966810994,36.3248980045319
"Fixed mixed-signal covariate-driven SAR design, lambda = 2",12,"cov_pu","Bayesian Linear Cov + PU",0.691017214397496,0.52131455399061,0,0,0.311111111111111,0.326073481613931,2.72208314553213,0.092709548463473,0.856266780225181,0.9425,0.2,0.87,8.2,1,1,0.915,1,0.184467039519986,0.674687238315563,0.686585946979579,0.306663078697077,0.964856043198911,0.1135,0.0425,0.004,0.415534594840921,0.520779167491316,-2.76335218282746,35.1779799461365
"Fixed mixed-signal covariate-driven SAR design, lambda = 2",13,"cov_pu","Bayesian Linear Cov + PU",0.64150234741784,0.484882629107981,1,0.0666666666666667,0.266666666666667,0.342660947744213,2.5406094105494,0.0978635012072248,0.841494385898038,0.9375,0.133333333333333,0.87,8.8,1,1,1,1,0.181209702666979,0.318564881515665,0.294055167721947,0.0849551734528326,0.706459336844933,0.0015,5e-04,0,0.219716031908136,0.251535517847556,-2.5365605532286,35.9224960803986
"Fixed mixed-signal covariate-driven SAR design, lambda = 2",14,"cov_pu","Bayesian Linear Cov + PU",0.655023474178404,0.469107981220657,1,0.0666666666666667,0.288888888888889,0.338667215175289,2.64207392785192,0.0967977383112314,0.851209438019727,0.94,0.2,0.9175,8.2,1,1,0.9925,1,0.188093223117334,0.417242505144189,0.398452318362588,0.128142369504832,0.798618640410959,0.0065,0.002,0,0.285576000196803,0.330127641499045,-2.60138698800548,35.3103470802307
"Fixed mixed-signal covariate-driven SAR design, lambda = 2",15,"cov_pu","Bayesian Linear Cov + PU",0.584538341158059,0.353239436619718,0,0,0.222222222222222,0.348156945192964,2.68729841259354,0.0984560712471986,0.863306703393138,0.9275,0.133333333333333,0.9575,8.8,1,1,1,1,0.183276674988181,0.321226462163662,0.306000738353296,0.0810924153684428,0.683844768593034,0,0,0,0.233032124531181,0.264482666340927,-2.5349302358395,37.4485130310059
"Fixed mixed-signal covariate-driven SAR design, lambda = 2",16,"cov_pu","Bayesian Linear Cov + PU",0.708043818466354,0.658028169014084,1,0.0666666666666667,0.333333333333333,0.332143458455898,2.34461762650178,0.096192227294409,0.808454928896534,0.94,0.466666666666667,0.875,5.8,1,1,0.9975,1,0.180993356477646,0.321483608011239,0.308359772512688,0.0914474004164931,0.630770554820392,0.001,5e-04,0,0.244156596871876,0.270328657943102,-2.55658614243121,36.7012779712677
"Fixed mixed-signal covariate-driven SAR design, lambda = 2",17,"cov_pu","Bayesian Linear Cov + PU",0.737276995305164,0.566572769953052,0,0,0.333333333333333,0.31432728415991,2.70867623539921,0.0902050189995311,0.851031601564657,0.9575,0.266666666666667,0.735,7.6,0.9925,0.933333333333333,1.0775,3.6,0.186967054683436,0.796278690230832,0.833908135110403,0.428714466647077,0.984589795993578,0.3065,0.1375,0.014,0.467767953232855,0.593566145072512,-2.95977691086565,37.689493894577
"Fixed mixed-signal covariate-driven SAR design, lambda = 2",18,"cov_pu","Bayesian Linear Cov + PU",0.590046948356807,0.390985915492958,0,0,0.355555555555556,0.341193929794408,2.67749208490219,0.0959820519879063,0.863755524411424,0.935,0.0666666666666667,0.885,9.4,1,1,1,1,0.177586794717473,0.371700448036443,0.356574447544067,0.0972694547489822,0.7562499633268,5e-04,5e-04,0,0.253184151371169,0.297498265639488,-2.57564341087872,35.7822070121765
"Fixed mixed-signal covariate-driven SAR design, lambda = 2",19,"cov_pu","Bayesian Linear Cov + PU",0.685508607198748,0.575399061032864,1,0.0666666666666667,0.222222222222222,0.337286209412538,2.47442947136444,0.0970734452138274,0.825957868713041,0.9525,0.466666666666667,0.7725,5.8,1,1,1,1,0.186202754631436,0.364846768465354,0.339004205709146,0.100510137214936,0.740569404972879,0.0035,0.001,0,0.251498506373931,0.287245324408288,-2.55032405274715,35.2616791725159
"Fixed mixed-signal covariate-driven SAR design, lambda = 2",20,"cov_pu","Bayesian Linear Cov + PU",0.633928012519562,0.473615023474178,1,0.0666666666666667,0.2,0.34301377831405,2.52763333646308,0.0978880377050689,0.838514353526144,0.9375,0.2,0.8875,8.2,1,1,1,1,0.180864195219236,0.324530189531307,0.30260389743247,0.0904423560606997,0.683254714920076,0,0,0,0.225808548563644,0.256598212929285,-2.5234726626586,36.8301739692688
"Fixed mixed-signal covariate-driven SAR design, lambda = 2",21,"cov_pu","Bayesian Linear Cov + PU",0.702159624413146,0.572018779342723,0,0,0.244444444444444,0.332757757019096,2.50696387888959,0.0962006026103976,0.835706787523077,0.955,0.333333333333333,0.7525,7,1,1,0.9975,1,0.185984168472016,0.415278295215709,0.401754632332319,0.11289560732698,0.786851618362879,0.004,0,0,0.285427725677481,0.332388567642442,-2.59247933713081,36.0113468170166
"Fixed mixed-signal covariate-driven SAR design, lambda = 2",22,"cov_pu","Bayesian Linear Cov + PU",0.603693270735524,0.406384976525822,1,0.0666666666666667,0.288888888888889,0.34241827889246,2.83685203350981,0.0946359259459823,0.865705762329754,0.94,0.2,0.8775,8.2,0.9975,0.933333333333333,1.0675,3.6,0.171390437931917,0.529374098629482,0.533215849164177,0.16649810142616,0.864140658903629,0.0115,5e-04,0,0.332446230250611,0.417450400298966,-2.65045826040086,35.7898399829865
"Fixed mixed-signal covariate-driven SAR design, lambda = 2",23,"cov_pu","Bayesian Linear Cov + PU",0.686635367762128,0.607136150234742,1,0.0666666666666667,0.266666666666667,0.332109864319685,2.42821795373101,0.0955874562806705,0.820421842862369,0.935,0.2,0.92,8.2,1,1,0.9975,1,0.177914941454837,0.425579775364061,0.41780040082269,0.121399929312204,0.801643891018117,0.0045,0,0,0.275414624283953,0.328749183960258,-2.59632871456185,34.8131120204926
"Fixed mixed-signal covariate-driven SAR design, lambda = 2",24,"cov_pu","Bayesian Linear Cov + PU",0.686259780907668,0.448262910798122,2,0.133333333333333,0.355555555555556,0.328000944080754,2.96599365987063,0.0910438540775389,0.848419440521198,0.9475,0.133333333333333,0.83,8.8,0.99,0.733333333333333,1.25,11.4,0.195927290808751,0.80685484293761,0.854486531581109,0.4005445746234,0.993900982377275,0.3765,0.217,0.0405,0.494684634596026,0.617186188995011,-2.85441391325436,36.1611380577087
"Fixed mixed-signal covariate-driven SAR design, lambda = 2",25,"cov_pu","Bayesian Linear Cov + PU",0.6279186228482,0.447323943661972,1,0.0666666666666667,0.244444444444444,0.345013565896786,2.55309290143113,0.0983466132529462,0.842940380814537,0.9325,0.266666666666667,0.9525,7.6,1,1,1,1,0.183896345928412,0.287155897293952,0.265921061704874,0.0812705069587879,0.628666313610446,0,0,0,0.205576877320269,0.22837119479685,-2.51037493567135,36.8000509738922
"Fixed mixed-signal covariate-driven SAR design, lambda = 2",26,"cov_pu","Bayesian Linear Cov + PU",0.730516431924883,0.578403755868545,1,0.0666666666666667,0.355555555555556,0.313793451618135,2.70079688216675,0.0880146336572818,0.821905098081335,0.955,0.4,0.7475,6.4,0.9875,0.8,1.305,8.79999999999999,0.190331678923512,0.708883349140186,0.723571964949225,0.387528362334609,0.942484124973151,0.078,0.0195,0,0.508460979470338,0.599561608451417,-2.93164221333154,36.9975309371948
"Fixed mixed-signal covariate-driven SAR design, lambda = 2",27,"cov_pu","Bayesian Linear Cov + PU",0.709233176838811,0.581784037558685,1,0.0666666666666667,0.311111111111111,0.324926661557197,2.50347631245965,0.0939626513965433,0.816349391757395,0.955,0.466666666666667,0.7875,5.8,1,1,0.925,1,0.194445850446432,0.51698496822415,0.511872431004852,0.19843821503074,0.868960661579222,0.014,0.0035,5e-04,0.350848494430819,0.416689447200731,-2.70467675751774,36.4969961643219
"Fixed mixed-signal covariate-driven SAR design, lambda = 2",28,"cov_pu","Bayesian Linear Cov + PU",0.684068857589984,0.616150234741784,1,0.0666666666666667,0.355555555555556,0.323212653589313,2.45428377574296,0.0913166581996043,0.822368672354512,0.9475,0.4,0.7975,6.4,1,1,0.9875,1,0.170764961767971,0.489879798718521,0.488575556136914,0.155288768676394,0.831081149877977,0.0045,5e-04,0,0.351862258423601,0.411210091432224,-2.66615857701567,33.8050680160522
"Fixed mixed-signal covariate-driven SAR design, lambda = 2",29,"cov_pu","Bayesian Linear Cov + PU",0.616713615023474,0.528262910798122,0,0,0.155555555555556,0.352011327250806,2.47826344497538,0.0999141345479738,0.838683589611078,0.9025,0.0666666666666667,1.0575,9.4,1,1,1,1,0.176747188441415,0.18014001047422,0.152475233560183,0.0710364026882009,0.43309751919264,0,0,0,0.13229763158547,0.140160037572124,-2.44462662572491,37.0882949829102
"Fixed mixed-signal covariate-driven SAR design, lambda = 2",30,"cov_pu","Bayesian Linear Cov + PU",0.652394366197183,0.427230046948357,1,0.0666666666666667,0.266666666666667,0.340686393737223,2.83585550696958,0.0956274831301027,0.860803514424946,0.9475,0.2,0.8225,8.2,0.9925,0.866666666666667,1.2675,6.19999999999999,0.191725170392965,0.555414422807522,0.551489850480849,0.203381991707953,0.903317156711796,0.027,0.002,5e-04,0.358484458773943,0.43365650160209,-2.66917005048806,35.8419790267944
"Fixed mixed-signal covariate-driven SAR design, lambda = 2",31,"cov_pu","Bayesian Linear Cov + PU",0.651205007824726,0.556807511737089,1,0.0666666666666667,0.266666666666667,0.343623900646577,2.45343916265284,0.0982942865125678,0.832143148572783,0.9425,0.466666666666667,0.8325,5.8,1,1,1,1,0.183320939432782,0.269383861896549,0.23831908594574,0.0802621621865255,0.628541849128004,0,0,0,0.184605511519513,0.206208707942512,-2.49158027208059,37.6177010536194
"Fixed mixed-signal covariate-driven SAR design, lambda = 2",32,"cov_pu","Bayesian Linear Cov + PU",0.633802816901408,0.543286384976526,1,0.0666666666666667,0.355555555555556,0.336834144873279,2.55440812843842,0.0953690507475573,0.838947563781398,0.9375,0.2,0.855,8.2,1,1,1,1,0.172280267733306,0.475907861360189,0.459485179159965,0.109007175740621,0.902949662872976,0.0265,0.0045,5e-04,0.268724325047302,0.344102906011603,-2.5759146946945,34.1913819313049
"Fixed mixed-signal covariate-driven SAR design, lambda = 2",33,"cov_pu","Bayesian Linear Cov + PU",0.675555555555556,0.586666666666667,0,0,0.266666666666667,0.325351917212088,2.57845209396521,0.091792033935277,0.849347342319446,0.9375,0.2,0.87,8.2,0.9975,1,1.0725,1,0.166213729513222,0.642705894806516,0.657218029794307,0.248898158234115,0.941093526561695,0.068,0.016,0,0.395685323875882,0.493965477887504,-2.71498179176055,36.9115059375763
"Fixed mixed-signal covariate-driven SAR design, lambda = 2",34,"cov_pu","Bayesian Linear Cov + PU",0.670485133020344,0.491455399061033,0,0,0.177777777777778,0.340527365207006,2.58745080271064,0.097772778497465,0.841412617290611,0.96,0.333333333333333,0.715,7,1,1,0.995,1,0.192999008424952,0.363738380842309,0.347485034055328,0.107946673543803,0.720051732732863,0.003,5e-04,0,0.254940954964325,0.292325901378718,-2.58145813233294,35.7642090320587
"Fixed mixed-signal covariate-driven SAR design, lambda = 2",35,"cov_pu","Bayesian Linear Cov + PU",0.728450704225352,0.617464788732394,0,0,0.355555555555556,0.321122871327447,2.47800820426806,0.0920324696754387,0.808018977414147,0.955,0.4,0.755,6.4,0.9925,0.933333333333333,1.2175,3.6,0.18632860030015,0.618004225689842,0.629673991330217,0.232575589085794,0.963594269221002,0.0975,0.034,0.0045,0.359175004570219,0.456263023586561,-2.7234356458141,33.768158197403
"Fixed mixed-signal covariate-driven SAR design, lambda = 2",36,"cov_pu","Bayesian Linear Cov + PU",0.617026604068858,0.48093896713615,0,0,0.266666666666667,0.350015476368606,2.49431174022525,0.0994944463400378,0.840799776413079,0.9125,0.0666666666666667,0.985,9.4,1,1,1,1,0.177667250440354,0.208901838833273,0.170103722115536,0.0738528692547499,0.533268326074285,0,0,0,0.143293107526408,0.155510126303201,-2.46196442680829,37.6525309085846
"Fixed mixed-signal covariate-driven SAR design, lambda = 2",37,"cov_pu","Bayesian Linear Cov + PU",0.67962441314554,0.566948356807512,1,0.0666666666666667,0.266666666666667,0.336823991638337,2.49314062402743,0.0967304901086093,0.832044461795512,0.95,0.4,0.795,6.4,1,1,1,1,0.185865458184042,0.340544077727377,0.324026837217692,0.0906115391528234,0.680453706458247,5e-04,5e-04,0,0.245694414986593,0.27813889108308,-2.56778156366023,36.2618119716644
"Fixed mixed-signal covariate-driven SAR design, lambda = 2",38,"cov_pu","Bayesian Linear Cov + PU",0.63962441314554,0.468732394366197,2,0.133333333333333,0.377777777777778,0.337817564414813,2.86520827221179,0.092293862573484,0.843101907698076,0.9475,0.333333333333333,0.83,7,0.99,0.733333333333333,1.33,11.4,0.175222967177905,0.5040845987813,0.502522810831653,0.212835931405054,0.808486312053753,5e-04,0,0,0.352220767550244,0.410998583921659,-2.72496714019973,34.8706071376801
"Fixed mixed-signal covariate-driven SAR design, lambda = 2",39,"cov_pu","Bayesian Linear Cov + PU",0.67887323943662,0.498591549295775,1,0.0666666666666667,0.4,0.322859297740179,2.85253928182167,0.0880992929263653,0.846106336023736,0.945,0.2,0.8225,8.2,0.99,0.8,1.25,8.79999999999999,0.166667205370752,0.723022995633174,0.745491735513605,0.361419531317202,0.970736088920238,0.1765,0.0675,0.0015,0.454622110379305,0.574172360776469,-2.87205430614971,33.8872089385986
"Fixed mixed-signal covariate-driven SAR design, lambda = 2",40,"cov_pu","Bayesian Linear Cov + PU",0.674804381846635,0.514553990610329,0,0,0.266666666666667,0.333250100086145,2.64313041099441,0.0956421106599057,0.853994053910217,0.9425,0.266666666666667,0.885,7.6,1,1,0.9575,1,0.185920345060535,0.463914689537382,0.457239151637095,0.16647252341682,0.797726458833625,0.0025,0.001,0,0.326455778942333,0.378800796876647,-2.67840930972709,33.8367440700531
"Fixed mixed-signal covariate-driven SAR design, lambda = 2",41,"cov_pu","Bayesian Linear Cov + PU",0.669859154929577,0.585352112676056,1,0.0666666666666667,0.244444444444444,0.340980718613564,2.41650040168567,0.0976719080612203,0.820657971534133,0.9375,0.266666666666667,0.885,7.6,1,1,1,1,0.185093050119066,0.271477564779056,0.245812738188768,0.0829180822870523,0.597675366548692,0.0015,5e-04,0,0.1949883905376,0.214152001144359,-2.50283879311751,37.4641499519348
"Fixed mixed-signal covariate-driven SAR design, lambda = 2",42,"cov_pu","Bayesian Linear Cov + PU",0.72056338028169,0.590798122065728,2,0.133333333333333,0.311111111111111,0.318420754258608,2.47649661708554,0.0909583550533112,0.79474704385112,0.9625,0.533333333333333,0.695,5.2,0.995,0.933333333333333,1.1175,3.6,0.187820146381051,0.626006500166433,0.640977442195263,0.253206453188556,0.92344981435899,0.049,0.01,0,0.398026132931871,0.499887216015681,-2.73408529351783,36.4129619598389
"Fixed mixed-signal covariate-driven SAR design, lambda = 2",43,"cov_pu","Bayesian Linear Cov + PU",0.69471048513302,0.474553990610329,2,0.133333333333333,0.333333333333333,0.328848040246697,2.7408574019149,0.0936023542601525,0.8319472970025,0.955,0.266666666666667,0.7625,7.6,0.9975,1,1.02,1,0.199581122721538,0.571603532066706,0.572067559382476,0.252113979558908,0.893461018592694,0.0225,0.007,0,0.395258434858337,0.466756581596056,-2.74716767876313,37.9101009368896
"Fixed mixed-signal covariate-driven SAR design, lambda = 2",44,"cov_pu","Bayesian Linear Cov + PU",0.658841940532081,0.476431924882629,3,0.2,0.333333333333333,0.332771625184288,2.74782621281504,0.0924165700025093,0.830326524435116,0.9375,0.333333333333333,0.9125,7,0.99,0.8,1.3425,8.79999999999999,0.175164975278359,0.604887086902529,0.608266527541451,0.214311540541818,0.947174385656936,0.075,0.0235,0.0015,0.360709028345551,0.448920526459478,-2.7173735144599,37.0042250156403
"Fixed mixed-signal covariate-driven SAR design, lambda = 2",45,"cov_pu","Bayesian Linear Cov + PU",0.696901408450704,0.596995305164319,2,0.133333333333333,0.333333333333333,0.328514189162101,2.42654961065453,0.0945574756693523,0.811374999783793,0.9525,0.466666666666667,0.7675,5.8,1,1,0.97,1,0.183776001988513,0.409033620626439,0.395217255461084,0.124957175982855,0.76523430682762,0.0015,0,0,0.288476464166354,0.332058192291948,-2.62412366433721,37.6175420284271
"Fixed mixed-signal covariate-driven SAR design, lambda = 2",46,"cov_pu","Bayesian Linear Cov + PU",0.711048513302034,0.579342723004695,0,0,0.288888888888889,0.326930362444548,2.53224322540844,0.0942953763923081,0.83655548672381,0.95,0.333333333333333,0.815,7,0.9975,1,1.05,1,0.187453482957359,0.460786925140903,0.453262832926382,0.161384296001709,0.775263544178984,0.0015,0,0,0.333540836014043,0.382716031030989,-2.6863667804327,36.3438091278076
"Fixed mixed-signal covariate-driven SAR design, lambda = 2",47,"cov_pu","Bayesian Linear Cov + PU",0.647323943661972,0.450892018779343,1,0.0666666666666667,0.266666666666667,0.33863567290335,2.68321804010707,0.0961294575378174,0.851284950803343,0.9425,0.266666666666667,0.8625,7.6,1,1,0.985,1,0.185173376876371,0.462629009196322,0.449540905057956,0.13505706635663,0.817337936689987,0.0025,5e-04,0,0.319214800606602,0.373962997721675,-2.61901102346727,36.007640838623
"Fixed mixed-signal covariate-driven SAR design, lambda = 2",48,"cov_pu","Bayesian Linear Cov + PU",0.69320813771518,0.619906103286385,3,0.2,0.288888888888889,0.339497680160693,2.37430292745472,0.0974968041080324,0.816274015779403,0.9475,0.4,0.755,6.4,1,1,1,1,0.179988652727896,0.260702346361029,0.238351252387792,0.07909393278656,0.565633161318767,0,0,0,0.188531346164957,0.209590731913686,-2.49637551877936,36.2437767982483
"Fixed mixed-signal covariate-driven SAR design, lambda = 2",49,"cov_pu","Bayesian Linear Cov + PU",0.646322378716745,0.381596244131455,0,0,0.333333333333333,0.336145534492641,3.01622674794033,0.0938490998366044,0.896788790362451,0.935,0.0666666666666667,0.9475,9.4,0.9975,0.933333333333333,0.995,3.6,0.189660228720418,0.649512009998647,0.662199109232728,0.27434366469118,0.932155207923625,0.062,0.0155,5e-04,0.439119644745518,0.525527017704107,-2.80074933665368,36.6562659740448
"Fixed mixed-signal covariate-driven SAR design, lambda = 2",50,"cov_pu","Bayesian Linear Cov + PU",0.635242566510172,0.545727699530516,2,0.133333333333333,0.222222222222222,0.344529098975974,2.43171881826172,0.0983427642261843,0.827062709988933,0.9275,0.333333333333333,0.94,7,1,1,1,1,0.182703490405318,0.250162938692731,0.216446504291198,0.0807327730912613,0.58959477266325,5e-04,0,0,0.172819474930639,0.190707972037836,-2.47347336623525,37.7596859931946
"Fixed mixed-signal covariate-driven SAR design, lambda = 2",51,"cov_pu","Bayesian Linear Cov + PU",0.623974960876369,0.494835680751174,0,0,0.244444444444444,0.34310668642092,2.57148293264286,0.0975955474733889,0.847544786924576,0.9375,0.266666666666667,0.87,7.6,1,1,1,1,0.179590313485275,0.326247000683684,0.298619019353704,0.0944741886987217,0.683211668707629,0.001,0,0,0.227882655854286,0.254612431089583,-2.54021690642,36.7781658172607
"Fixed mixed-signal covariate-driven SAR design, lambda = 2",52,"cov_pu","Bayesian Linear Cov + PU",0.677934272300469,0.456901408450704,0,0,0.244444444444444,0.332987074422354,2.8798281612154,0.0943851747344879,0.865940907162706,0.9475,0.266666666666667,0.8375,7.6,0.995,0.866666666666667,1.0525,6.19999999999999,0.197949618262964,0.60935225325613,0.612089744532844,0.301306838132356,0.903061074292425,0.028,0.0085,0,0.41980159123549,0.492794260004219,-2.80501249698018,37.4082450866699
"Fixed mixed-signal covariate-driven SAR design, lambda = 2",53,"cov_pu","Bayesian Linear Cov + PU",0.675743348982786,0.4781220657277,2,0.133333333333333,0.333333333333333,0.325677579296167,2.77433400109033,0.0896996948001944,0.818319650494453,0.955,0.333333333333333,0.7925,7,0.99,0.8,1.2825,8.79999999999999,0.187616937753547,0.585818685737121,0.588521218763218,0.287766120538879,0.861171098955852,0.0125,0.001,0,0.427346613377555,0.498482636061302,-2.80971763449138,36.204754114151
"Fixed mixed-signal covariate-driven SAR design, lambda = 2",54,"cov_pu","Bayesian Linear Cov + PU",0.609139280125196,0.493896713615023,1,0.0666666666666667,0.266666666666667,0.348777832240423,2.49076754663445,0.0992150084558614,0.839461995379805,0.915,0.0666666666666667,1,9.4,1,1,1,1,0.178594168266835,0.223522770616545,0.186013284912732,0.0752054894732799,0.589474074244,0,0,0,0.154519357140861,0.167816818583055,-2.47254089497893,35.1631669998169
"Fixed mixed-signal covariate-driven SAR design, lambda = 2",55,"cov_pu","Bayesian Linear Cov + PU",0.716682316118936,0.563568075117371,0,0,0.4,0.317947386904313,2.7994622778444,0.0880595526929938,0.844506371248753,0.955,0.4,0.7425,6.4,0.9825,0.8,1.5275,8.79999999999999,0.18298994173606,0.742747826929595,0.763116252465798,0.398940020441591,0.956756869649883,0.1385,0.0405,0.0015,0.538793060933795,0.644470078555786,-2.89972475304961,37.713455915451
"Fixed mixed-signal covariate-driven SAR design, lambda = 2",56,"cov_pu","Bayesian Linear Cov + PU",0.610453834115806,0.436995305164319,0,0,0.177777777777778,0.348998946984295,2.55096683969964,0.0993780925176941,0.848554521779009,0.9225,0.0666666666666667,1,9.4,1,1,1,1,0.180067006644699,0.253414347228554,0.228589223398175,0.0774136871503532,0.580237310285431,0,0,0,0.183493711745097,0.203059205018301,-2.49797338722076,35.7529599666595
"Fixed mixed-signal covariate-driven SAR design, lambda = 2",57,"cov_pu","Bayesian Linear Cov + PU",0.576651017214397,0.492582159624413,0,0,0.222222222222222,0.349299113072525,2.50752779232137,0.0990544473370536,0.843105965866424,0.9125,0,0.9975,10,1,1,1,1,0.174754005590656,0.237173806499312,0.192995791343538,0.0755471420815097,0.648225306742498,0.001,0,0,0.152294595914266,0.170558490818868,-2.46864021687808,37.6116399765015
"Fixed mixed-signal covariate-driven SAR design, lambda = 2",58,"cov_pu","Bayesian Linear Cov + PU",0.765195618153365,0.646384976525822,1,0.0666666666666667,0.377777777777778,0.302832277127127,2.52745127188941,0.0862664692567864,0.800029356964723,0.96,0.4,0.6925,6.4,0.99,0.866666666666667,1.1525,6.19999999999999,0.189394151540054,0.705540645391665,0.719818804849035,0.401400135692558,0.947533552928272,0.0835,0.023,5e-04,0.511024875261768,0.594517397838898,-3.02874349275742,34.6245341300964
"Fixed mixed-signal covariate-driven SAR design, lambda = 2",59,"cov_pu","Bayesian Linear Cov + PU",0.662159624413146,0.48150234741784,2,0.133333333333333,0.333333333333333,0.33574113824774,2.59587259061895,0.095739216954206,0.836740845054574,0.95,0.266666666666667,0.8,7.6,1,1,0.98,1,0.181692254735966,0.402413190476669,0.391213500580861,0.125841652055878,0.754959015202204,0.0015,5e-04,0,0.288447544815239,0.330989781191446,-2.61225498319565,34.6422839164734
"Fixed mixed-signal covariate-driven SAR design, lambda = 2",60,"cov_pu","Bayesian Linear Cov + PU",0.685946791862285,0.529201877934272,1,0.0666666666666667,0.244444444444444,0.331709486185626,2.53152690210441,0.0955200265579241,0.821340515038569,0.95,0.266666666666667,0.8075,7.6,1,1,0.9625,1,0.190322781301186,0.428436197748308,0.412572708785641,0.142263475637257,0.756521772727519,0.003,0,0,0.314031344969153,0.357327148097677,-2.63879070858308,36.7158489227295
"Fixed mixed-signal covariate-driven SAR design, lambda = 2",61,"cov_pu","Bayesian Linear Cov + PU",0.686134585289515,0.473615023474178,0,0,0.288888888888889,0.332497324009838,2.74864830673643,0.0948386425366451,0.840964499576961,0.955,0.266666666666667,0.745,7.6,0.995,0.933333333333333,1.1275,3.6,0.194033062280049,0.501897642444139,0.497260637938443,0.21696492178375,0.827037652558921,0.007,0.0025,0,0.36130940335337,0.413028057968397,-2.72054515940224,34.5570650100708
"Fixed mixed-signal covariate-driven SAR design, lambda = 2",62,"cov_pu","Bayesian Linear Cov + PU",0.669170579029734,0.464225352112676,0,0,0.222222222222222,0.337189686583319,2.79249331005641,0.0955044083132229,0.867714055855904,0.955,0.266666666666667,0.7275,7.6,0.995,0.933333333333333,1.1475,3.6,0.193599353490203,0.545333101668362,0.543620772438359,0.224093923434015,0.884951072782141,0.016,0.0045,0,0.370907039652362,0.441066546743479,-2.69661338982763,34.896430015564
"Fixed mixed-signal covariate-driven SAR design, lambda = 2",63,"cov_pu","Bayesian Linear Cov + PU",0.745352112676056,0.633239436619718,2,0.133333333333333,0.4,0.308440654186304,2.42093605048327,0.0885240904130208,0.77676406978005,0.9575,0.466666666666667,0.755,5.8,0.995,0.933333333333333,1.0025,3.6,0.193154256988082,0.593204721996773,0.595023531894441,0.300069517220043,0.877385810087091,0.017,0.0015,0,0.434319652009342,0.502831722020058,-2.88266627477619,36.9521119594574
"Fixed mixed-signal covariate-driven SAR design, lambda = 2",64,"cov_pu","Bayesian Linear Cov + PU",0.630422535211268,0.489389671361502,1,0.0666666666666667,0.288888888888889,0.342123755119568,2.54120977840707,0.0972259759389563,0.844352859875885,0.9325,0.133333333333333,0.9025,8.8,1,1,1,1,0.173935294769898,0.332300223728543,0.302244530384799,0.0865976562571094,0.742935077115258,0.0025,0,0,0.210680398828344,0.247864896814041,-2.54069024656269,34.9632849693298
"Fixed mixed-signal covariate-driven SAR design, lambda = 2",65,"cov_pu","Bayesian Linear Cov + PU",0.699968701095462,0.530516431924883,1,0.0666666666666667,0.288888888888889,0.32817011664183,2.62596878644432,0.0945146159419771,0.83248292927214,0.955,0.4,0.7725,6.4,0.9975,0.933333333333333,1.0075,3.6,0.201208610324482,0.558211241754572,0.555818647635378,0.240099391643458,0.896609155077868,0.024,0.009,5e-04,0.381021624044076,0.456861160941779,-2.71786362924123,34.5372009277344
"Fixed mixed-signal covariate-driven SAR design, lambda = 2",66,"cov_pu","Bayesian Linear Cov + PU",0.712112676056338,0.60056338028169,2,0.133333333333333,0.333333333333333,0.318267015524424,2.41627614675231,0.0909752224885165,0.783857462889283,0.9525,0.466666666666667,0.7775,5.8,1,1,0.9375,1,0.188627865841891,0.559561628897769,0.561957833541135,0.224588052036103,0.881785984089814,0.015,0.002,5e-04,0.38860930915252,0.459477308777323,-2.72031500196799,37.3126120567322
"Fixed mixed-signal covariate-driven SAR design, lambda = 2",67,"cov_pu","Bayesian Linear Cov + PU",0.649514866979656,0.555117370892019,0,0,0.2,0.344903114420631,2.47952195665748,0.0985453836750499,0.837743296877423,0.925,0,0.9675,10,1,1,1,1,0.180266768683165,0.269077181067598,0.238690823386352,0.083050725685413,0.624807717123633,0,0,0,0.186298106471184,0.206713463635405,-2.49400707711779,33.5151951313019
"Fixed mixed-signal covariate-driven SAR design, lambda = 2",68,"cov_pu","Bayesian Linear Cov + PU",0.66472613458529,0.516244131455399,2,0.133333333333333,0.377777777777778,0.332148386479164,2.55249950308088,0.0936755665405488,0.837860753736919,0.94,0.2,0.865,8.2,0.995,1,1.195,1,0.168151445653246,0.428225225501199,0.419286784091518,0.106048188092889,0.820507355466093,0.008,0.0015,0,0.282013469791733,0.341398544459497,-2.62084484218926,34.2968499660492
"Fixed mixed-signal covariate-driven SAR design, lambda = 2",69,"cov_pu","Bayesian Linear Cov + PU",0.600688575899843,0.407887323943662,0,0,0.288888888888889,0.347102849522924,2.64855154413415,0.0982724228204492,0.857629955284073,0.94,0.133333333333333,0.8425,8.8,1,1,1,1,0.183698167560884,0.311565094672257,0.287556177061993,0.0863296134813595,0.655614894891316,0,0,0,0.220205180971975,0.246187349632028,-2.52275403979392,34.556902885437
"Fixed mixed-signal covariate-driven SAR design, lambda = 2",70,"cov_pu","Bayesian Linear Cov + PU",0.719123630672926,0.673615023474178,2,0.133333333333333,0.288888888888889,0.338056181380995,2.34249967075174,0.097344145137756,0.808963262677698,0.9375,0.4,0.8275,6.4,1,1,1,1,0.181141800160002,0.278768685203236,0.244529339644347,0.0769480728812794,0.667298919887988,5e-04,0,0,0.190350008736926,0.213568458072742,-2.50008374344334,32.9195940494537
"Fixed mixed-signal covariate-driven SAR design, lambda = 2",71,"cov_pu","Bayesian Linear Cov + PU",0.687636932707355,0.576713615023474,0,0,0.288888888888889,0.34115014599149,2.44324509240244,0.0978801591438476,0.829075744147942,0.9475,0.333333333333333,0.7675,7,1,1,1,1,0.179329433693247,0.261409371265459,0.234915095387105,0.0785904396972525,0.573357448347548,0,0,0,0.188830163973552,0.209002351681231,-2.51459654298061,33.0353488922119
"Fixed mixed-signal covariate-driven SAR design, lambda = 2",72,"cov_pu","Bayesian Linear Cov + PU",0.654397496087637,0.490140845070423,1,0.0666666666666667,0.355555555555556,0.33291557206286,2.62207546430869,0.0942639108067812,0.843031696726886,0.9425,0.133333333333333,0.8775,8.8,0.9975,1,1.07,1,0.183647772750322,0.485351709711611,0.484310670499197,0.164118456377476,0.82070735549505,0.0045,5e-04,0,0.32235963577834,0.385952469031906,-2.66922088945152,32.5139408111572
"Fixed mixed-signal covariate-driven SAR design, lambda = 2",73,"cov_pu","Bayesian Linear Cov + PU",0.684381846635368,0.509483568075117,0,0,0.266666666666667,0.333566158193821,2.64020766255458,0.0957486344924371,0.846898912938631,0.95,0.333333333333333,0.8075,7,1,1,0.9625,1,0.190349800775965,0.501354760819927,0.492641144613659,0.161114969705672,0.856727497878097,0.012,0.0025,0,0.331668843855791,0.40277826617725,-2.66589857600971,31.8948228359222
"Fixed mixed-signal covariate-driven SAR design, lambda = 2",74,"cov_pu","Bayesian Linear Cov + PU",0.682190923317684,0.469483568075117,3,0.2,0.4,0.321138482163051,2.82416300340166,0.0875216943588968,0.811286190522909,0.955,0.333333333333333,0.735,7,0.99,0.733333333333333,1.265,11.4,0.186850387932403,0.783500564807659,0.817851847117384,0.431556755274096,0.977704022990101,0.2435,0.094,0.007,0.500834511945154,0.638120000074845,-2.84174723721917,32.9268500804901
"Fixed mixed-signal covariate-driven SAR design, lambda = 2",75,"cov_pu","Bayesian Linear Cov + PU",0.665727699530516,0.52,1,0.0666666666666667,0.288888888888889,0.342498843157685,2.4870040073817,0.0981858518018565,0.832185291605832,0.9325,0.2,0.9525,8.2,1,1,1,1,0.188128408169164,0.292396271576577,0.270872558618437,0.0837122144044456,0.641067036071392,0.0015,5e-04,5e-04,0.212777565170133,0.235770380411115,-2.51232586873148,32.8224108219147
"Fixed mixed-signal covariate-driven SAR design, lambda = 2",76,"cov_pu","Bayesian Linear Cov + PU",0.671236306729264,0.513990610328638,1,0.0666666666666667,0.288888888888889,0.333696967679387,2.506677522454,0.0958298634391835,0.823633935650724,0.945,0.333333333333333,0.8575,7,1,1,0.995,1,0.187731242461548,0.410858668967181,0.400028800514914,0.109549984854519,0.791809454202998,0.0035,0,0,0.276563698439429,0.328088131149297,-2.60111083438556,31.7403440475464
"Fixed mixed-signal covariate-driven SAR design, lambda = 2",77,"cov_pu","Bayesian Linear Cov + PU",0.612394366197183,0.512112676056338,0,0,0.177777777777778,0.349869128450811,2.47886876887604,0.0994772692030756,0.838151317025217,0.9275,0.133333333333333,0.9,8.8,1,1,1,1,0.177079986416076,0.199745110787499,0.170589853892189,0.0734898917274667,0.481271657377878,0,0,0,0.147641999951695,0.157745676356266,-2.46060119412421,34.5571358203888
"Fixed mixed-signal covariate-driven SAR design, lambda = 2",78,"cov_pu","Bayesian Linear Cov + PU",0.706353677621283,0.460657276995305,2,0.133333333333333,0.377777777777778,0.329544563895336,3.20127056549542,0.0892329418556702,0.839225526191131,0.9525,0.333333333333333,0.78,7,0.985,0.666666666666667,1.3825,14,0.203106645664062,0.815415021000971,0.84654373230327,0.501440927992158,0.981647891557141,0.332,0.12,0.0085,0.57053335377644,0.688820304532237,-2.95566546156674,33.3399460315704
"Fixed mixed-signal covariate-driven SAR design, lambda = 2",79,"cov_pu","Bayesian Linear Cov + PU",0.667605633802817,0.487323943661972,1,0.0666666666666667,0.333333333333333,0.334213782297965,2.67054068817153,0.0945076399141289,0.843423392642865,0.945,0.266666666666667,0.845,7.6,0.9975,0.933333333333333,1.0675,3.6,0.185548740762241,0.449933627353909,0.441924398919127,0.148574374306331,0.763666085461487,0.002,0,0,0.323209968274646,0.369951056385195,-2.67366185730682,32.4370770454407
"Fixed mixed-signal covariate-driven SAR design, lambda = 2",80,"cov_pu","Bayesian Linear Cov + PU",0.630610328638498,0.43924882629108,1,0.0666666666666667,0.311111111111111,0.339099819394323,2.76968620234487,0.0943028420719711,0.852169657172583,0.9375,0.2,0.885,8.2,0.995,0.866666666666667,1.1725,6.19999999999999,0.177247707562451,0.495355968072879,0.483129509216053,0.184256984327758,0.854424524497486,0.01,0.001,0,0.333382402268599,0.40037289564769,-2.66109262595896,31.0381059646606
"Fixed mixed-signal covariate-driven SAR design, lambda = 2",81,"cov_pu","Bayesian Linear Cov + PU",0.594553990610329,0.343098591549296,0,0,0.2,0.34809520181895,2.76121091374021,0.0983333207763739,0.87202137828646,0.935,0.0666666666666667,0.94,9.4,1,1,0.9975,1,0.187268046001399,0.408100754454337,0.386465736305432,0.106900156388438,0.813994558082728,0.004,0.0015,0,0.252297891627372,0.307709950200076,-2.57476778912225,34.1030950546265
"Fixed mixed-signal covariate-driven SAR design, lambda = 2",82,"cov_pu","Bayesian Linear Cov + PU",0.664538341158059,0.498779342723005,0,0,0.377777777777778,0.332408434117168,2.6143280221849,0.0941478921423475,0.840415810097276,0.9525,0.333333333333333,0.765,7,0.995,0.933333333333333,1.1825,3.6,0.182173785481919,0.551156947315868,0.542537868386951,0.141929670523965,0.954819824673642,0.071,0.029,0.0035,0.322071927657673,0.401969035537574,-2.65117267489155,31.4549820423126
"Fixed mixed-signal covariate-driven SAR design, lambda = 2",83,"cov_pu","Bayesian Linear Cov + PU",0.69189358372457,0.574272300469484,0,0,0.222222222222222,0.336498316292174,2.51147319278687,0.0965634896442463,0.83099081623793,0.95,0.466666666666667,0.7725,5.8,1,1,0.9975,1,0.18775771547378,0.375852144747355,0.357701908617684,0.101092393962569,0.760424310035744,0.0025,0,0,0.25950417332069,0.2990991154616,-2.58562959815225,33.4641239643097
"Fixed mixed-signal covariate-driven SAR design, lambda = 2",84,"cov_pu","Bayesian Linear Cov + PU",0.657339593114241,0.597370892018779,0,0,0.244444444444444,0.340898654875843,2.46319700092433,0.0974194351966552,0.83396636825579,0.9375,0.333333333333333,0.8575,7,1,1,1,1,0.179929485147293,0.318875638692491,0.284937070897252,0.0830321013695367,0.707500927333516,0.001,0,0,0.202526353529572,0.235506866887762,-2.51830613730838,31.9614548683167
"Fixed mixed-signal covariate-driven SAR design, lambda = 2",85,"cov_pu","Bayesian Linear Cov + PU",0.65302034428795,0.525258215962441,2,0.133333333333333,0.266666666666667,0.336115278510977,2.51894605495169,0.0960010889845175,0.832049545212272,0.9425,0.2,0.8525,8.2,1,1,0.9925,1,0.1837733169522,0.389250096695651,0.37791315367677,0.115023567344276,0.74142658073198,5e-04,0,0,0.263596520623822,0.309097611495779,-2.58521799601494,33.3998620510101
"Fixed mixed-signal covariate-driven SAR design, lambda = 2",86,"cov_pu","Bayesian Linear Cov + PU",0.66810641627543,0.572018779342723,2,0.133333333333333,0.333333333333333,0.343261931334522,2.42811756661208,0.0982823368185178,0.825798088821731,0.935,0.333333333333333,0.85,7,1,1,1,1,0.178362792338371,0.24239865055307,0.216215625158899,0.0772652887529983,0.568415367609312,0,0,0,0.175335228540047,0.191670944325986,-2.49433705351603,33.0594489574432
"Fixed mixed-signal covariate-driven SAR design, lambda = 2",87,"cov_pu","Bayesian Linear Cov + PU",0.658528951486698,0.573521126760563,1,0.0666666666666667,0.266666666666667,0.34087149141783,2.4343648420533,0.0975814194191698,0.82591447087325,0.93,0.266666666666667,0.915,7.6,1,1,1,1,0.176303280921856,0.292321470882477,0.256239982816019,0.0773377923670521,0.70057851985088,5e-04,0,0,0.1911632212581,0.217206121684202,-2.51174440894219,34.6003930568695
"Fixed mixed-signal covariate-driven SAR design, lambda = 2",88,"cov_pu","Bayesian Linear Cov + PU",0.682691705790297,0.541408450704225,1,0.0666666666666667,0.4,0.32016743986209,2.54869291086226,0.0889062179327558,0.821622276862287,0.9525,0.333333333333333,0.72,7,0.9925,1,1.2725,1,0.162288733530266,0.634562805653726,0.660050328386007,0.199369524036749,0.952730975010286,0.092,0.0285,5e-04,0.383726000246473,0.499463181695642,-2.70729548400291,33.5346279144287
"Fixed mixed-signal covariate-driven SAR design, lambda = 2",89,"cov_pu","Bayesian Linear Cov + PU",0.697589984350548,0.526760563380282,2,0.133333333333333,0.266666666666667,0.322320406937535,2.64997394098481,0.0912796098466524,0.82426543343201,0.9525,0.266666666666667,0.78,7.6,0.9975,0.933333333333333,0.995,3.6,0.186223433518851,0.643659297604388,0.646975216112463,0.307663543285293,0.927664817089139,0.0535,0.011,0.0015,0.455595838243578,0.538988490588791,-2.79951165378615,33.5446050167084
"Fixed mixed-signal covariate-driven SAR design, lambda = 2",90,"cov_pu","Bayesian Linear Cov + PU",0.690453834115806,0.549483568075117,1,0.0666666666666667,0.266666666666667,0.329967502159473,2.51014823763274,0.094989034723756,0.821049189502585,0.945,0.266666666666667,0.85,7.6,1,1,0.99,1,0.18821237431128,0.491767144057967,0.487351523368543,0.145869776794079,0.855528549404383,0.0095,0.002,0,0.338331138417087,0.399531123429495,-2.65354626403534,33.1494510173798
"Fixed mixed-signal covariate-driven SAR design, lambda = 2",91,"cov_pu","Bayesian Linear Cov + PU",0.62547730829421,0.514178403755869,1,0.0666666666666667,0.244444444444444,0.348852387453562,2.46123071613788,0.0992905819741535,0.834377820265855,0.925,0.133333333333333,0.9275,8.8,1,1,1,1,0.18215488916091,0.208790517588375,0.179159929694065,0.0724767576848788,0.496154403475298,0,0,0,0.147883076904437,0.16108296390436,-2.45140810854425,31.9755492210388
"Fixed mixed-signal covariate-driven SAR design, lambda = 2",92,"cov_pu","Bayesian Linear Cov + PU",0.668169014084507,0.544600938967136,1,0.0666666666666667,0.244444444444444,0.335059611243788,2.48310190142515,0.0958542507634359,0.821518442849122,0.9425,0.333333333333333,0.845,7,1,1,1,1,0.181480189800081,0.387637829660326,0.371110528263177,0.120404803821757,0.740286922357586,0,0,0,0.267196123779748,0.307949247444419,-2.59743437254096,34.8384251594543
"Fixed mixed-signal covariate-driven SAR design, lambda = 2",93,"cov_pu","Bayesian Linear Cov + PU",0.646510172143975,0.475117370892019,2,0.133333333333333,0.355555555555556,0.331044523366972,2.72095755829303,0.0920390276357366,0.845079536408382,0.9425,0.266666666666667,0.845,7.6,0.9975,0.933333333333333,1.0725,3.6,0.180319466971824,0.603514509687482,0.618390808056249,0.207055654225215,0.901192258783118,0.026,0.0035,0,0.389617310350148,0.486929561358918,-2.70136634706371,33.3970410823822
"Fixed mixed-signal covariate-driven SAR design, lambda = 2",94,"cov_pu","Bayesian Linear Cov + PU",0.651392801251956,0.455774647887324,1,0.0666666666666667,0.377777777777778,0.336883663134432,2.61243053781438,0.0962828223356603,0.846656185604844,0.945,0.2,0.845,8.2,1,1,0.9925,1,0.188519557664651,0.4669183293162,0.447795801494094,0.116369819786677,0.931765139522885,0.035,0.0195,0.003,0.290801941002098,0.350204307191012,-2.59516456755367,32.3591461181641
"Fixed mixed-signal covariate-driven SAR design, lambda = 2",95,"cov_pu","Bayesian Linear Cov + PU",0.682503912363067,0.543661971830986,1,0.0666666666666667,0.288888888888889,0.333335540052791,2.54506029964093,0.0956965617603606,0.832414402063547,0.9475,0.2,0.7975,8.2,1,1,0.9925,1,0.184429174884508,0.417415601235382,0.410417945844741,0.128775443904516,0.751740882984363,0.0015,0.001,0,0.29851366158525,0.345696894561726,-2.62869125185381,32.3550729751587
"Fixed mixed-signal covariate-driven SAR design, lambda = 2",96,"cov_pu","Bayesian Linear Cov + PU",0.669546165884194,0.526009389671361,2,0.133333333333333,0.333333333333333,0.334895892582662,2.49020400640609,0.0960945472362683,0.8211563352894,0.94,0.333333333333333,0.8975,7,1,1,0.9925,1,0.193259101795977,0.430183047995946,0.415409027095427,0.117190440354121,0.810956034464941,0.004,0.0015,0,0.278304404256932,0.328774563628808,-2.57640382226432,34.5247409343719
"Fixed mixed-signal covariate-driven SAR design, lambda = 2",97,"cov_pu","Bayesian Linear Cov + PU",0.626353677621283,0.513990610328638,1,0.0666666666666667,0.288888888888889,0.348146820090452,2.47716930779195,0.0991429317451634,0.836904562280403,0.9225,0.133333333333333,0.9425,8.8,1,1,1,1,0.177102235463201,0.235874277632955,0.195907835532586,0.0735526080049996,0.602961255787067,5e-04,0,0,0.159283874592857,0.173708710295465,-2.46358090010513,33.0915949344635
"Fixed mixed-signal covariate-driven SAR design, lambda = 2",98,"cov_pu","Bayesian Linear Cov + PU",0.717120500782473,0.612957746478873,0,0,0.355555555555556,0.316776937461463,2.57788346246532,0.0896308622392942,0.838377854814057,0.9475,0.266666666666667,0.7875,7.6,0.9925,0.933333333333333,1.1925,3.6,0.174344664911585,0.702788616413744,0.724330534878078,0.329663597840201,0.955805077717261,0.1195,0.033,0,0.453589764868833,0.575202710263738,-2.81490361917104,34.8668460845947
"Fixed mixed-signal covariate-driven SAR design, lambda = 2",99,"cov_pu","Bayesian Linear Cov + PU",0.732018779342723,0.527323943661972,2,0.133333333333333,0.422222222222222,0.304927125153224,3.01722532999539,0.0825620072877044,0.856668011860125,0.95,0.266666666666667,0.755,7.6,0.985,0.666666666666667,1.3325,14,0.1618004346333,0.873069349751916,0.894882876664402,0.634937009419758,0.985385574635288,0.4795,0.2105,0.0115,0.698095997704027,0.788588821838618,-3.14975238797904,32.4457111358643
"Fixed mixed-signal covariate-driven SAR design, lambda = 2",100,"cov_pu","Bayesian Linear Cov + PU",0.661283255086072,0.504413145539906,0,0,0.288888888888889,0.325409095773775,2.71980412545452,0.0908069311727854,0.864126086031747,0.935,0.133333333333333,0.92,8.8,0.9975,1,1.035,1,0.16368477554907,0.736912069115509,0.778296699858244,0.286923484849113,0.972407968209714,0.2155,0.0735,0.004,0.421346170857978,0.566279475222747,-2.76770552314593,34.7231678962708
"Fixed mixed-signal covariate-driven SAR design, lambda = 2",1,"cov_net","Bayesian Linear Cov + Net",0.724444444444444,0.545727699530516,1,0.0666666666666667,0.288888888888889,0.329992218668271,2.83679498075281,0.095159539496459,0.861331443726204,0.9475,0.266666666666667,0.745,7.6,0.9975,0.933333333333333,0.985,3.6,NA,0.558289141395825,0.557378652692215,0.260398174920442,0.859639727362504,0.0085,0,0,0.353463128163856,0.436943104265008,-2.98849005188315,31.6786258220673
"Fixed mixed-signal covariate-driven SAR design, lambda = 2",2,"cov_net","Bayesian Linear Cov + Net",0.688575899843505,0.601877934272301,0,0,0.2,0.350043610443108,2.66191952459034,0.0996325136766946,0.864181903787342,0.905,0.0666666666666667,1.0375,9.4,1,1,1,1,NA,0.347514408459924,0.319284091531953,0.106512268589493,0.712009413003097,5e-04,0,0,0.208381916501504,0.253790006491774,-2.73569637417059,33.1564719676971
"Fixed mixed-signal covariate-driven SAR design, lambda = 2",3,"cov_net","Bayesian Linear Cov + Net",0.61339593114241,0.456901408450704,1,0.0666666666666667,0.2,0.355083589682674,2.71193755913603,0.1002503588972,0.868443444399689,0.905,0.0666666666666667,1.0075,9.4,1,1,1,1,NA,0.225706340081458,0.202228195722003,0.0838264586349866,0.492976717013543,0,0,0,0.153357360837797,0.172338965775369,-2.69512064677711,28.2792370319366
"Fixed mixed-signal covariate-driven SAR design, lambda = 2",4,"cov_net","Bayesian Linear Cov + Net",0.660657276995305,0.573521126760563,0,0,0.288888888888889,0.349247826407218,2.63847875148972,0.0993351933869545,0.858981417522715,0.9175,0.133333333333333,0.93,8.8,1,1,1,1,NA,0.247610804484791,0.223577141290315,0.0882250402228354,0.551146447091577,0,0,0,0.170584331332813,0.192293118853451,-2.71416773486638,32.3197658061981
"Fixed mixed-signal covariate-driven SAR design, lambda = 2",5,"cov_net","Bayesian Linear Cov + Net",0.667042253521127,0.506666666666667,0,0,0.333333333333333,0.336856347503107,2.8053923963679,0.0950385842721503,0.873277168792894,0.93,0.133333333333333,0.8825,8.8,1,1,0.96,1,NA,0.550178989156059,0.540580670819364,0.178524200890472,0.916594254894029,0.033,0.009,0,0.311080450873931,0.409746779691699,-2.88539332011415,30.2524001598358
"Fixed mixed-signal covariate-driven SAR design, lambda = 2",6,"cov_net","Bayesian Linear Cov + Net",0.720625978090767,0.67868544600939,1,0.0666666666666667,0.333333333333333,0.329386359393864,2.50684553399218,0.094550253965245,0.828831290322395,0.9325,0.266666666666667,0.8625,7.6,0.9975,1,1.05,1,NA,0.428125103738876,0.414867988496409,0.138554380223484,0.774705271938954,0.0025,0,0,0.272391083104943,0.327664388126495,-2.85302371339475,32.0035519599915
"Fixed mixed-signal covariate-driven SAR design, lambda = 2",7,"cov_net","Bayesian Linear Cov + Net",0.674428794992175,0.489953051643192,0,0,0.311111111111111,0.337643059926465,2.91770368930509,0.0949451393501529,0.875538674632353,0.935,0.2,0.8625,8.2,0.995,0.933333333333333,1.0675,3.6,NA,0.591155855446789,0.594066520299621,0.229020032350226,0.902452824999398,0.0275,0.0045,0,0.314732808698585,0.416281550041549,-2.9529323903644,30.703094959259
"Fixed mixed-signal covariate-driven SAR design, lambda = 2",8,"cov_net","Bayesian Linear Cov + Net",0.70491392801252,0.603755868544601,3,0.2,0.422222222222222,0.322513463214048,2.72077443414963,0.0899231989907451,0.847220139886192,0.9475,0.333333333333333,0.7425,7,0.99,0.933333333333333,1.275,3.6,NA,0.741447011138572,0.792268972112369,0.280363857355831,0.988348433523281,0.2685,0.1425,0.02,0.337534159870291,0.504888634517605,-2.97613818829962,31.7161350250244
"Fixed mixed-signal covariate-driven SAR design, lambda = 2",9,"cov_net","Bayesian Linear Cov + Net",0.698528951486698,0.563943661971831,2,0.133333333333333,0.355555555555556,0.334792897257082,2.70303966222425,0.0957291499942481,0.848571825514532,0.9375,0.266666666666667,0.82,7.6,0.9975,0.933333333333333,1.0625,3.6,NA,0.415062040444974,0.40702245738939,0.147135501410466,0.72111197565286,0,0,0,0.272942557652847,0.327888656589618,-2.87798421639665,31.3569951057434
"Fixed mixed-signal covariate-driven SAR design, lambda = 2",10,"cov_net","Bayesian Linear Cov + Net",0.668669796557121,0.543849765258216,0,0,0.333333333333333,0.343253354644382,2.70372020379908,0.0977158705364755,0.860846992836061,0.9275,0.266666666666667,0.8625,7.6,1,1,0.9925,1,NA,0.364300103473104,0.337984607623375,0.104460238214313,0.768736672016635,0.0045,0.001,0,0.220392273865047,0.269094024389009,-2.78661197894026,30.3925619125366
"Fixed mixed-signal covariate-driven SAR design, lambda = 2",11,"cov_net","Bayesian Linear Cov + Net",0.694647887323944,0.432863849765258,2,0.133333333333333,0.355555555555556,0.337129558803714,3.4511739742607,0.0913168384421203,0.88968895825903,0.945,0.133333333333333,0.785,8.8,0.9825,0.533333333333333,1.4075,19.2,NA,0.646085426639867,0.657402847537602,0.357161692600232,0.877888559312994,0.011,0,0,0.451573091623268,0.538068291364631,-3.22693116577741,32.451131105423
"Fixed mixed-signal covariate-driven SAR design, lambda = 2",12,"cov_net","Bayesian Linear Cov + Net",0.693270735524257,0.523192488262911,0,0,0.244444444444444,0.332998435820345,2.91454363748409,0.0940834786241172,0.882036901889369,0.9325,0.133333333333333,0.8675,8.8,0.9975,0.933333333333333,0.95,3.6,NA,0.612076354782064,0.614502622247133,0.266213467721704,0.934592850184675,0.051,0.016,0.0015,0.353620528204788,0.457959289312594,-2.96906627682933,31.0087809562683
"Fixed mixed-signal covariate-driven SAR design, lambda = 2",13,"cov_net","Bayesian Linear Cov + Net",0.642879499217527,0.484131455399061,1,0.0666666666666667,0.266666666666667,0.350411690954645,2.72603094842009,0.0994184483768718,0.868067934126349,0.92,0.133333333333333,0.93,8.8,1,1,1,1,NA,0.308308656166115,0.280460725562175,0.100336286334766,0.682868471684659,0,0,0,0.192408553012816,0.227696870464677,-2.73097515851719,32.7084469795227
"Fixed mixed-signal covariate-driven SAR design, lambda = 2",14,"cov_net","Bayesian Linear Cov + Net",0.65339593114241,0.461971830985915,0,0,0.288888888888889,0.346222026590599,2.84613812985873,0.0982179960380686,0.879122422951834,0.9225,0.0666666666666667,0.95,9.4,1,1,0.98,1,NA,0.351422197297248,0.334509778108598,0.110017323255552,0.685377737769399,5e-04,0,0,0.231973090170514,0.272301427628883,-2.81295235852367,30.2301850318909
"Fixed mixed-signal covariate-driven SAR design, lambda = 2",15,"cov_net","Bayesian Linear Cov + Net",0.604444444444444,0.332957746478873,1,0.0666666666666667,0.288888888888889,0.350486102874867,2.90989119343313,0.0986881065790963,0.886040389887041,0.925,0.133333333333333,0.885,8.8,0.9975,0.933333333333333,1.09,3.6,NA,0.374968933901953,0.356469805781907,0.119261945389284,0.738176312519365,5e-04,0,0,0.239430965785404,0.287450264944527,-2.79846159981179,34.2557048797607
"Fixed mixed-signal covariate-driven SAR design, lambda = 2",16,"cov_net","Bayesian Linear Cov + Net",0.767323943661972,0.665727699530516,3,0.2,0.355555555555556,0.304941902776502,2.48825653754814,0.0860442827603874,0.780711210599388,0.9325,0.266666666666667,0.82,7.6,1,1,0.91,1,NA,0.860552691859026,0.895693084875231,0.535354052761519,0.990817538598756,0.4815,0.2505,0.0305,0.530344639258896,0.709293840088981,-2.98355399695617,31.911031961441
"Fixed mixed-signal covariate-driven SAR design, lambda = 2",17,"cov_net","Bayesian Linear Cov + Net",0.760312989045383,0.626103286384976,1,0.0666666666666667,0.377777777777778,0.310034866546401,2.73519268330071,0.0887859762915671,0.842769518689634,0.9525,0.333333333333333,0.7,7,0.995,1,0.93,1,NA,0.739633414811132,0.755594662109406,0.4124963245183,0.966078218920359,0.1575,0.0485,5e-04,0.439582570061615,0.561777952810611,-3.18776894358042,30.4261801242828
"Fixed mixed-signal covariate-driven SAR design, lambda = 2",18,"cov_net","Bayesian Linear Cov + Net",0.589233176838811,0.371267605633803,0,0,0.355555555555556,0.347573383584506,2.88854927404191,0.0972221463062945,0.888796750123807,0.9325,0.0666666666666667,0.8125,9.4,0.9975,1,1.095,1,NA,0.358641230236857,0.34133586701175,0.104861319436625,0.717716471307726,5e-04,0,0,0.229801303682542,0.279825776190708,-2.78341817977854,29.7532420158386
"Fixed mixed-signal covariate-driven SAR design, lambda = 2",19,"cov_net","Bayesian Linear Cov + Net",0.716369327073552,0.655586854460094,1,0.0666666666666667,0.355555555555556,0.328754184823591,2.54707275664512,0.0947514980186593,0.834844992976109,0.9375,0.333333333333333,0.795,7,1,1,0.9375,1,NA,0.50099257490704,0.495099955499643,0.198243226079666,0.829485831702406,0.006,0.0015,0,0.306418787140415,0.38769112272259,-2.90047821758752,31.0891900062561
"Fixed mixed-signal covariate-driven SAR design, lambda = 2",20,"cov_net","Bayesian Linear Cov + Net",0.714366197183099,0.618779342723005,2,0.133333333333333,0.266666666666667,0.332234277080638,2.58816273360455,0.0951335317620174,0.831472509645732,0.92,0.2,0.95,8.2,1,1,0.98,1,NA,0.541539337968887,0.541862391757753,0.203109871636676,0.870109551050109,0.0115,0,0,0.313130790968562,0.409576138003861,-2.84443929829664,33.0929460525513
"Fixed mixed-signal covariate-driven SAR design, lambda = 2",21,"cov_net","Bayesian Linear Cov + Net",0.717370892018779,0.603380281690141,0,0,0.266666666666667,0.338823207006314,2.69170622809306,0.0976250963192301,0.862451846372662,0.9275,0.0666666666666667,0.8925,9.4,1,1,0.9725,1,NA,0.378888305656881,0.371788318118853,0.130867839241658,0.676301646822088,0,0,0,0.251073191808093,0.300502896104499,-2.82135854998789,31.6252510547638
"Fixed mixed-signal covariate-driven SAR design, lambda = 2",22,"cov_net","Bayesian Linear Cov + Net",0.606948356807512,0.419154929577465,0,0,0.311111111111111,0.348174330497037,3.0073952523024,0.0957313295337519,0.88631971579906,0.93,0.133333333333333,0.86,8.8,0.9925,0.8,1.2375,8.79999999999999,NA,0.489713508768059,0.481473567630987,0.171106044473232,0.846128431051388,0.004,5e-04,0,0.292715378769907,0.369774915328095,-2.85733714109925,31.9293730258942
"Fixed mixed-signal covariate-driven SAR design, lambda = 2",23,"cov_net","Bayesian Linear Cov + Net",0.701971830985916,0.64018779342723,2,0.133333333333333,0.311111111111111,0.336932408376448,2.58455900828404,0.0967212955864166,0.844191825644447,0.9275,0.133333333333333,0.885,8.8,0.9975,0.933333333333333,1.0725,3.6,NA,0.369236639263946,0.356437727461463,0.120162177420316,0.691907965474139,0,0,0,0.239768565465477,0.288804919627031,-2.81334347817467,30.9117488861084
"Fixed mixed-signal covariate-driven SAR design, lambda = 2",24,"cov_net","Bayesian Linear Cov + Net",0.683317683881064,0.444131455399061,2,0.133333333333333,0.377777777777778,0.333946917984659,3.14816596614306,0.092203746263525,0.877049097239422,0.9375,0.133333333333333,0.84,8.8,0.9875,0.666666666666667,1.2975,14,NA,0.766319036437941,0.81146605814969,0.348894927308539,0.990292363556073,0.305,0.1625,0.027,0.404649543499243,0.534361803698912,-3.06173096887448,31.3755359649658
"Fixed mixed-signal covariate-driven SAR design, lambda = 2",25,"cov_net","Bayesian Linear Cov + Net",0.702597809076682,0.563755868544601,1,0.0666666666666667,0.311111111111111,0.344643080652808,2.66078507170297,0.098694242381692,0.856850094535356,0.925,0.133333333333333,0.88,8.8,1,1,0.9975,1,NA,0.365644595662624,0.339866919176535,0.109439776634374,0.762772691349511,0.002,0,0,0.211597670645952,0.261035527768875,-2.75498735101829,31.09876704216
"Fixed mixed-signal covariate-driven SAR design, lambda = 2",26,"cov_net","Bayesian Linear Cov + Net",0.755680751173709,0.647136150234742,1,0.0666666666666667,0.422222222222222,0.30982538707252,2.69783525033013,0.0874537596972177,0.822403945460692,0.955,0.533333333333333,0.65,5.2,0.9875,0.8,1.2725,8.79999999999999,NA,0.663848612113748,0.671432195600512,0.382544278241182,0.900571696652304,0.0255,0.0015,0,0.453652536697236,0.547026451559747,-3.14134393689522,32.8566751480103
"Fixed mixed-signal covariate-driven SAR design, lambda = 2",27,"cov_net","Bayesian Linear Cov + Net",0.707793427230047,0.574084507042254,1,0.0666666666666667,0.311111111111111,0.333049848438609,2.71778734161607,0.095783372092457,0.852812600141719,0.9375,0.2,0.835,8.2,0.9975,0.933333333333333,1.0125,3.6,NA,0.441568789305531,0.43053660736403,0.18346429273343,0.746758092781354,5e-04,0,0,0.290186068754805,0.348820200669871,-2.91383262277843,32.1256470680237
"Fixed mixed-signal covariate-driven SAR design, lambda = 2",28,"cov_net","Bayesian Linear Cov + Net",0.703724569640063,0.646948356807512,1,0.0666666666666667,0.355555555555556,0.324655460919094,2.60769617550232,0.0919365031185334,0.848139534083439,0.935,0.266666666666667,0.8225,7.6,0.995,1,1.165,1,NA,0.498534003868146,0.49012920957233,0.184333849341434,0.835426168306811,0.005,0,0,0.328300801277075,0.392600665108148,-2.90693448068655,33.5395200252533
"Fixed mixed-signal covariate-driven SAR design, lambda = 2",29,"cov_net","Bayesian Linear Cov + Net",0.599123630672926,0.492769953051643,0,0,0.155555555555556,0.36010166954261,2.67814995004409,0.101175455602773,0.866809420212799,0.8875,0,1.13,10,1,1,1,1,NA,0.198473429922948,0.172358672067656,0.0751774174557877,0.450687382042085,0,0,0,0.133029536899265,0.149369634608866,-2.65845503419902,32.374871969223
"Fixed mixed-signal covariate-driven SAR design, lambda = 2",30,"cov_net","Bayesian Linear Cov + Net",0.670297339593114,0.468169014084507,1,0.0666666666666667,0.266666666666667,0.34391320739082,2.99442747032388,0.0960623909699034,0.880613285430568,0.93,0.0666666666666667,0.875,9.4,0.99,0.8,1.3225,8.79999999999999,NA,0.509092796074208,0.501353262469374,0.194995030876982,0.855297427391534,0.009,0.001,0,0.308280937154953,0.385368723266502,-2.92022715193458,31.3705539703369
"Fixed mixed-signal covariate-driven SAR design, lambda = 2",31,"cov_net","Bayesian Linear Cov + Net",0.633302034428795,0.498403755868545,0,0,0.311111111111111,0.353465081672267,2.71467067485539,0.100021318882639,0.869219063391409,0.915,0.0666666666666667,0.94,9.4,1,1,1,1,NA,0.275986687991065,0.252875745341546,0.0924726506565628,0.596049680484977,0,0,0,0.1755151415905,0.208334327771873,-2.71691511242609,31.1598980426788
"Fixed mixed-signal covariate-driven SAR design, lambda = 2",32,"cov_net","Bayesian Linear Cov + Net",0.755680751173709,0.788356807511737,2,0.133333333333333,0.444444444444444,0.323090548453173,2.34259046614333,0.0933169523423756,0.803834565834718,0.9425,0.533333333333333,0.72,5.2,0.9975,1,1.065,1,NA,0.564723238910524,0.568022176202427,0.166896381621259,0.931736418052888,0.0455,0.014,0,0.272460947324431,0.375023761095798,-2.82239982355499,32.3913850784302
"Fixed mixed-signal covariate-driven SAR design, lambda = 2",33,"cov_net","Bayesian Linear Cov + Net",0.724131455399061,0.596244131455399,0,0,0.288888888888889,0.32053480045113,2.7855671211873,0.0909335112618726,0.871229767195882,0.935,0.0666666666666667,0.855,9.4,0.9975,1,0.95,1,NA,0.698468374262301,0.717317098730506,0.347049441181402,0.951201853447842,0.106,0.026,0,0.41201026032893,0.526563065903201,-3.03818417837178,32.1918258666992
"Fixed mixed-signal covariate-driven SAR design, lambda = 2",34,"cov_net","Bayesian Linear Cov + Net",0.675931142410016,0.515117370892019,0,0,0.177777777777778,0.347134917194652,2.74213814018873,0.0991096449856012,0.86706132814907,0.9125,0.0666666666666667,1.025,9.4,1,1,0.98,1,NA,0.300183942493449,0.285878663439763,0.0983175007649424,0.576704723922351,0,0,0,0.20716743735588,0.238027029859341,-2.80232654298158,31.4513599872589
"Fixed mixed-signal covariate-driven SAR design, lambda = 2",35,"cov_net","Bayesian Linear Cov + Net",0.729264475743349,0.614647887323944,1,0.0666666666666667,0.377777777777778,0.328202519509121,2.68933535722074,0.0937449543401403,0.844435140252862,0.945,0.4,0.7525,6.4,0.9925,0.866666666666667,1.195,6.19999999999999,NA,0.567031898141168,0.554017642768148,0.202812729593716,0.946995893045917,0.0665,0.024,0.002,0.304933107760791,0.395141054917936,-2.92679583908049,30.3511760234833
"Fixed mixed-signal covariate-driven SAR design, lambda = 2",36,"cov_net","Bayesian Linear Cov + Net",0.630735524256651,0.500845070422535,1,0.0666666666666667,0.244444444444444,0.356561822755185,2.68055922392977,0.100563296809643,0.865996731435568,0.9,0,1.0325,10,1,1,1,1,NA,0.248544760637806,0.213126407863493,0.0834825655054675,0.624668955499178,0,0,0,0.151134258213639,0.177669041707101,-2.67442130422017,32.7292261123657
"Fixed mixed-signal covariate-driven SAR design, lambda = 2",37,"cov_net","Bayesian Linear Cov + Net",0.705039123630673,0.593051643192488,0,0,0.311111111111111,0.340369329404858,2.67464050873001,0.0975790406295271,0.859640513090321,0.93,0.0666666666666667,0.875,9.4,1,1,0.9925,1,NA,0.353011338996598,0.329357876703666,0.119414692138035,0.693988061293979,0.001,5e-04,0,0.232938301733326,0.274237917805824,-2.81012294850982,33.0596990585327
"Fixed mixed-signal covariate-driven SAR design, lambda = 2",38,"cov_net","Bayesian Linear Cov + Net",0.67887323943662,0.534272300469484,3,0.2,0.422222222222222,0.331487505270041,2.90438311997312,0.0914905632176992,0.85066517447922,0.945,0.266666666666667,0.7425,7.6,0.9875,0.8,1.4175,8.79999999999999,NA,0.56972491233856,0.558566780687695,0.217969205409289,0.951697734054191,0.0565,0.0265,0.002,0.349819807145212,0.433283991811312,-2.97408848090905,37.2447290420532
"Fixed mixed-signal covariate-driven SAR design, lambda = 2",39,"cov_net","Bayesian Linear Cov + Net",0.810766823161189,0.729014084507042,4,0.266666666666667,0.533333333333333,0.268803033964022,2.34704362677056,0.0750063759075336,0.713826622670604,0.9625,0.4,0.545,6.4,0.99,0.866666666666667,1.1525,6.19999999999999,NA,0.937144409415651,0.960638895527929,0.744098952788498,0.996934715917089,0.812,0.575,0.142,0.763997978833817,0.87156056977914,-3.1723676218731,33.1017599105835
"Fixed mixed-signal covariate-driven SAR design, lambda = 2",40,"cov_net","Bayesian Linear Cov + Net",0.675743348982786,0.51868544600939,0,0,0.266666666666667,0.340715985193602,2.83087502309251,0.0971150815146056,0.878579532036249,0.9275,0.0666666666666667,0.92,9.4,0.9975,0.933333333333333,1.035,3.6,NA,0.398335841096346,0.388617142169437,0.148001088820621,0.69244238086184,5e-04,0,0,0.27400899248041,0.322027828278613,-2.88794139103287,30.7174830436707
"Fixed mixed-signal covariate-driven SAR design, lambda = 2",41,"cov_net","Bayesian Linear Cov + Net",0.711048513302034,0.648450704225352,5,0.333333333333333,0.377777777777778,0.332142561506687,2.36326679913655,0.0952086725775176,0.783099426783618,0.9225,0.333333333333333,0.875,7,1,1,1,1,NA,0.397191338285453,0.372539661105395,0.117695039476473,0.7995670295322,0.0035,0,0,0.236841508095367,0.292957996853442,-2.76515486682152,32.1390559673309
"Fixed mixed-signal covariate-driven SAR design, lambda = 2",42,"cov_net","Bayesian Linear Cov + Net",0.748607198748044,0.655023474178404,3,0.2,0.333333333333333,0.315729997027919,2.521829533505,0.0905080803461883,0.798870124419104,0.945,0.4,0.77,6.4,0.995,0.933333333333333,1.05,3.6,NA,0.571847194869782,0.570697222143007,0.254207524796917,0.887529576228712,0.0195,0.002,0,0.355872617323849,0.447097724309251,-2.98813268770727,30.6645240783691
"Fixed mixed-signal covariate-driven SAR design, lambda = 2",43,"cov_net","Bayesian Linear Cov + Net",0.698215962441315,0.468544600938967,1,0.0666666666666667,0.355555555555556,0.334826952689849,2.96177657112924,0.0952547093832735,0.869633759579663,0.9425,0.2,0.8,8.2,0.99,0.8,1.2725,8.79999999999999,NA,0.549331775636911,0.541925192542073,0.241366630351232,0.864028664474996,0.013,0.0035,0,0.329815247176416,0.417014731394809,-3.00173231405264,32.7482998371124
"Fixed mixed-signal covariate-driven SAR design, lambda = 2",44,"cov_net","Bayesian Linear Cov + Net",0.655837245696401,0.470985915492958,3,0.2,0.333333333333333,0.339852090568645,2.92089862426471,0.0942152966516248,0.858916877830964,0.935,0.266666666666667,0.8475,7.6,0.9875,0.733333333333333,1.4225,11.4,NA,0.545679305021695,0.537581708033144,0.182066041637235,0.926581502738478,0.0455,0.0155,0.002,0.30796987194844,0.392385142508478,-2.90887906472262,30.5079169273376
"Fixed mixed-signal covariate-driven SAR design, lambda = 2",45,"cov_net","Bayesian Linear Cov + Net",0.69264475743349,0.594741784037559,2,0.133333333333333,0.355555555555556,0.337207207808149,2.62785818869746,0.0965175212799425,0.845722418242189,0.9375,0.333333333333333,0.7925,7,1,1,0.9675,1,NA,0.355542321969602,0.344702162938947,0.121987127551937,0.644889781377357,0,0,0,0.246452669502686,0.286885672626805,-2.82542798638209,30.7660899162292
"Fixed mixed-signal covariate-driven SAR design, lambda = 2",46,"cov_net","Bayesian Linear Cov + Net",0.723067292644757,0.592488262910798,0,0,0.288888888888889,0.330481200338508,2.72068790152432,0.0952725956225428,0.863639183819746,0.9375,0.2,0.84,8.2,0.9975,1,0.9875,1,NA,0.458334204602882,0.451259809722073,0.186434800120419,0.780048971226007,0.0015,0,0,0.299032081819516,0.359330368922164,-2.949174582353,32.3018989562988
"Fixed mixed-signal covariate-driven SAR design, lambda = 2",47,"cov_net","Bayesian Linear Cov + Net",0.652707355242567,0.449953051643192,1,0.0666666666666667,0.311111111111111,0.343633193045246,2.86081872117281,0.0969851137217835,0.871273737185132,0.9325,0.2,0.8575,8.2,1,1,0.97,1,NA,0.410541359270257,0.405895409236644,0.155683833416361,0.707617447093071,0,0,0,0.278919138118611,0.334980740805118,-2.84726992800856,31.6939179897308
"Fixed mixed-signal covariate-driven SAR design, lambda = 2",48,"cov_net","Bayesian Linear Cov + Net",0.696964006259781,0.642065727699531,2,0.133333333333333,0.288888888888889,0.346522955057783,2.55358901113633,0.0989004916345521,0.844193617422765,0.91,0.2,0.9725,8.2,1,1,1,1,NA,0.258551707977378,0.237738810642092,0.0895956437196005,0.537971266853354,0,0,0,0.173165104064805,0.200146739007469,-2.71024582827414,30.3529291152954
"Fixed mixed-signal covariate-driven SAR design, lambda = 2",49,"cov_net","Bayesian Linear Cov + Net",0.644820031298905,0.388544600938967,0,0,0.333333333333333,0.342039059845345,3.17825092404786,0.0948345541414562,0.911908282312924,0.93,0,0.9,10,0.9925,0.933333333333333,1.1625,3.6,NA,0.568945948372199,0.568492075618825,0.249956663915707,0.871560978416535,0.0115,0.0015,0,0.36054368715294,0.446964923210924,-2.99409171919596,29.7028567790985
"Fixed mixed-signal covariate-driven SAR design, lambda = 2",50,"cov_net","Bayesian Linear Cov + Net",0.629984350547731,0.56112676056338,2,0.133333333333333,0.244444444444444,0.35136803901049,2.61869414239971,0.0995526458372237,0.855299307135483,0.905,0.0666666666666667,1.005,9.4,1,1,1,1,NA,0.228215160746623,0.202805902720511,0.0817557639527278,0.51887258701856,0,0,0,0.153132293000773,0.172858313575314,-2.69546016042384,32.1175940036774
"Fixed mixed-signal covariate-driven SAR design, lambda = 2",51,"cov_net","Bayesian Linear Cov + Net",0.620657276995305,0.490328638497653,0,0,0.266666666666667,0.350896554106702,2.75744674814312,0.0990635603493163,0.872804359273732,0.915,0,0.9675,10,1,1,1,1,NA,0.29243892808335,0.273980360021913,0.0949251368957835,0.600545536833069,0,0,0,0.1943937468882,0.225599383811709,-2.73971864635645,31.5545721054077
"Fixed mixed-signal covariate-driven SAR design, lambda = 2",52,"cov_net","Bayesian Linear Cov + Net",0.751549295774648,0.608638497652582,2,0.133333333333333,0.311111111111111,0.315004492559265,2.78768860723572,0.0904646489400575,0.853395816602715,0.95,0.266666666666667,0.7225,7.6,0.995,0.866666666666667,0.985,6.19999999999999,NA,0.72248787750645,0.741561725395786,0.380366908689042,0.945159162252167,0.105,0.017,0,0.482585313474069,0.597943776794882,-3.12893827518333,31.8108570575714
"Fixed mixed-signal covariate-driven SAR design, lambda = 2",53,"cov_net","Bayesian Linear Cov + Net",0.679749608763693,0.483380281690141,2,0.133333333333333,0.355555555555556,0.331771718093345,2.96121614404721,0.0911893478426678,0.842848653704486,0.9425,0.2,0.79,8.2,0.985,0.733333333333333,1.4175,11.4,NA,0.540528678354067,0.539307611375157,0.259579000766524,0.827418818592695,0.005,0.0015,0,0.368924420286889,0.438483934181071,-3.02452285162355,30.3145229816437
"Fixed mixed-signal covariate-driven SAR design, lambda = 2",54,"cov_net","Bayesian Linear Cov + Net",0.670610328638498,0.64075117370892,1,0.0666666666666667,0.244444444444444,0.340153192203616,2.59244702424401,0.0964908171569643,0.84372714981618,0.9125,0.0666666666666667,0.975,9.4,1,1,0.9675,1,NA,0.502837694819146,0.494841050689202,0.157093984803706,0.866664232548643,0.0115,0.002,0,0.283274298790412,0.354859509430229,-2.78098921057623,29.7636020183563
"Fixed mixed-signal covariate-driven SAR design, lambda = 2",55,"cov_net","Bayesian Linear Cov + Net",0.70547730829421,0.538028169014084,0,0,0.377777777777778,0.326099275859959,3.03126871923215,0.0897577568122086,0.880577796620313,0.9425,0.133333333333333,0.785,8.8,0.9825,0.8,1.4825,8.79999999999999,NA,0.670505525235973,0.688675599012515,0.369103288450035,0.903721457763513,0.0305,0.004,0,0.463546944652279,0.568228125910988,-3.08709171543477,32.4248740673065
"Fixed mixed-signal covariate-driven SAR design, lambda = 2",56,"cov_net","Bayesian Linear Cov + Net",0.683442879499218,0.592112676056338,2,0.133333333333333,0.288888888888889,0.346233437560829,2.63486734351444,0.0986981198145483,0.856546420972871,0.9125,0.2,0.9675,8.2,1,1,1,1,NA,0.375114664505267,0.345865708874843,0.104784097825381,0.778397456651477,0.002,0,0,0.216219265476321,0.271123227912664,-2.74257432446313,32.8951561450958
"Fixed mixed-signal covariate-driven SAR design, lambda = 2",57,"cov_net","Bayesian Linear Cov + Net",0.590860719874804,0.51924882629108,1,0.0666666666666667,0.222222222222222,0.34336670658385,2.75444579519829,0.0947324864988138,0.859484090477561,0.915,0.0666666666666667,0.9625,9.4,1,1,0.9575,1,NA,0.686859092012484,0.714596831858592,0.292641010821865,0.955851498407608,0.12,0.032,0.001,0.323917849665024,0.463546436497287,-2.8078080430221,32.5398750305176
"Fixed mixed-signal covariate-driven SAR design, lambda = 2",58,"cov_net","Bayesian Linear Cov + Net",0.75962441314554,0.64131455399061,1,0.0666666666666667,0.377777777777778,0.311140427605932,2.75329782223108,0.088083724241701,0.8392950496177,0.955,0.4,0.6775,6.4,0.99,0.866666666666667,1.1,6.19999999999999,NA,0.648767246622394,0.653832435463004,0.348135790361696,0.907294403835524,0.0335,0.0035,0,0.43524199867322,0.52339114197922,-3.21294207739988,31.2494699954987
"Fixed mixed-signal covariate-driven SAR design, lambda = 2",59,"cov_net","Bayesian Linear Cov + Net",0.661909233176839,0.486760563380282,2,0.133333333333333,0.333333333333333,0.343207665547282,2.7679204556188,0.0973591163641377,0.86169735307299,0.9475,0.266666666666667,0.7325,7.6,1,1,0.98,1,NA,0.340930588671311,0.330984098526825,0.111135984943099,0.630264027830313,0,0,0,0.240199579859111,0.274998673674552,-2.82127065042342,29.7828829288483
"Fixed mixed-signal covariate-driven SAR design, lambda = 2",60,"cov_net","Bayesian Linear Cov + Net",0.6939593114241,0.554366197183099,3,0.2,0.333333333333333,0.328503271278292,2.71600373677371,0.0924590764129839,0.831947195495809,0.935,0.266666666666667,0.82,7.6,0.9975,0.933333333333333,1.0075,3.6,NA,0.641043088629705,0.656240674340793,0.257482305972754,0.935575052451872,0.057,0.013,5e-04,0.372909653785689,0.485212715963922,-2.92383832507758,31.3294749259949
"Fixed mixed-signal covariate-driven SAR design, lambda = 2",61,"cov_net","Bayesian Linear Cov + Net",0.746666666666667,0.586666666666667,1,0.0666666666666667,0.355555555555556,0.320243932731453,2.78173574772809,0.0923628115817918,0.853065814035608,0.9425,0.266666666666667,0.7875,7.6,0.9925,0.866666666666667,1.1075,6.19999999999999,NA,0.667177522244643,0.686210349559699,0.344529925049336,0.906675175825526,0.031,0.005,0,0.409124127305226,0.53584740287908,-3.14326529223973,31.6435708999634
"Fixed mixed-signal covariate-driven SAR design, lambda = 2",62,"cov_net","Bayesian Linear Cov + Net",0.69433489827856,0.489953051643192,0,0,0.266666666666667,0.339514542657389,2.93733495685917,0.0961584236120281,0.882930211460021,0.9375,0.0666666666666667,0.83,9.4,0.9925,0.866666666666667,1.205,6.19999999999999,NA,0.496022344699275,0.483289239455075,0.21373295865867,0.852581365168912,0.006,0.001,0,0.313175470742864,0.382049461952513,-2.93544022924733,30.7076919078827
"Fixed mixed-signal covariate-driven SAR design, lambda = 2",63,"cov_net","Bayesian Linear Cov + Net",0.775899843505477,0.635868544600939,3,0.2,0.4,0.301115531719855,2.65986528227074,0.0858178689101956,0.781910335998596,0.955,0.333333333333333,0.7,7,0.9925,0.8,0.9975,8.79999999999999,NA,0.763719235881044,0.783091174000436,0.424487402165544,0.988010663032336,0.2615,0.137,0.021,0.468736861259321,0.578487410806326,-3.23348564002377,30.1493880748749
"Fixed mixed-signal covariate-driven SAR design, lambda = 2",64,"cov_net","Bayesian Linear Cov + Net",0.752550860719875,0.722441314553991,2,0.133333333333333,0.422222222222222,0.319874053826794,2.46924346169288,0.0929596784146164,0.822658382999751,0.9425,0.333333333333333,0.735,7,1,1,0.92,1,NA,0.559627659843364,0.562698246194203,0.247363948351634,0.863643058472138,0.009,0,0,0.360971015375195,0.449015172909231,-2.92591520253767,33.5051159858704
"Fixed mixed-signal covariate-driven SAR design, lambda = 2",65,"cov_net","Bayesian Linear Cov + Net",0.695586854460094,0.524131455399061,1,0.0666666666666667,0.288888888888889,0.336266199579168,2.8330788285081,0.0960804832630127,0.864950370390175,0.9325,0.2,0.8725,8.2,0.9975,0.933333333333333,0.9825,3.6,NA,0.471742247337714,0.46540991130728,0.198165833152648,0.784044062829744,0.0015,0,0,0.310931101970335,0.376103770803278,-2.93654605223404,31.6623799800873
"Fixed mixed-signal covariate-driven SAR design, lambda = 2",66,"cov_net","Bayesian Linear Cov + Net",0.712676056338028,0.60018779342723,2,0.133333333333333,0.333333333333333,0.32574101638004,2.60581220287616,0.0930221819552068,0.820289886297323,0.935,0.333333333333333,0.865,7,1,1,0.8975,1,NA,0.478409812731871,0.480174924742909,0.193812448746971,0.777917046491981,0,0,0,0.322038666741875,0.387466810580738,-2.91346625680541,30.3260521888733
"Fixed mixed-signal covariate-driven SAR design, lambda = 2",67,"cov_net","Bayesian Linear Cov + Net",0.645758998435055,0.548544600938967,0,0,0.244444444444444,0.352409150240246,2.67889894722101,0.0998346111331381,0.866066604597271,0.9075,0,0.995,10,1,1,1,1,NA,0.254232776509337,0.230870188670671,0.0801989451176654,0.562655132349034,0,0,0,0.163502180295562,0.1928407114145,-2.70429104671498,29.799614906311
"Fixed mixed-signal covariate-driven SAR design, lambda = 2",68,"cov_net","Bayesian Linear Cov + Net",0.657464788732394,0.493333333333333,1,0.0666666666666667,0.333333333333333,0.33871965945339,2.75688753484859,0.0951373593157547,0.867533913333271,0.9325,0.2,0.8075,8.2,0.9975,1,1.08,1,NA,0.406549212765171,0.379279910590011,0.115158976229776,0.818591113330334,0.0085,0,0,0.256788549281399,0.309342138815484,-2.81687660033348,29.1898510456085
"Fixed mixed-signal covariate-driven SAR design, lambda = 2",69,"cov_net","Bayesian Linear Cov + Net",0.607449139280125,0.411267605633803,0,0,0.266666666666667,0.350575967887711,2.90872506727652,0.0982322965907211,0.887028458930939,0.92,0.0666666666666667,0.9175,9.4,0.9975,0.933333333333333,1.0775,3.6,NA,0.459798782387334,0.445463988200037,0.148496687805733,0.818447387039205,0.002,5e-04,0,0.274319050713435,0.346137058479795,-2.80297026829145,30.3796880245209
"Fixed mixed-signal covariate-driven SAR design, lambda = 2",70,"cov_net","Bayesian Linear Cov + Net",0.74660406885759,0.747417840375587,3,0.2,0.311111111111111,0.341737741356653,2.44926870850061,0.0981789674652967,0.825234323872881,0.92,0.266666666666667,0.89,7.6,1,1,1,1,NA,0.301120998955125,0.271114013086654,0.0902999634747619,0.670853070850835,0,0,0,0.1846701595585,0.21948787767128,-2.71746756397585,28.2466669082642
"Fixed mixed-signal covariate-driven SAR design, lambda = 2",71,"cov_net","Bayesian Linear Cov + Net",0.683192488262911,0.575211267605634,0,0,0.266666666666667,0.345982237602659,2.67031141726741,0.098613372262393,0.862030429898013,0.9125,0.0666666666666667,0.9825,9.4,1,1,0.9975,1,NA,0.344117170004231,0.317983518181293,0.105037126379742,0.741562398125392,0.0025,0.001,5e-04,0.210209423282115,0.250123220755621,-2.7728417880433,29.0591838359833
"Fixed mixed-signal covariate-driven SAR design, lambda = 2",72,"cov_net","Bayesian Linear Cov + Net",0.65283255086072,0.488075117370892,2,0.133333333333333,0.355555555555556,0.340299082653719,2.81553433539357,0.095831185368264,0.869890075565387,0.9375,0.133333333333333,0.8075,8.8,1,1,0.9475,1,NA,0.43629133930007,0.424586656781239,0.154904006572318,0.767317698947167,0,0,0,0.278658637357377,0.339942619804853,-2.87123788198418,28.4889531135559
"Fixed mixed-signal covariate-driven SAR design, lambda = 2",73,"cov_net","Bayesian Linear Cov + Net",0.701658841940532,0.538591549295775,0,0,0.333333333333333,0.336060066790857,2.82135716086902,0.0961605615917718,0.871082344736687,0.935,0.133333333333333,0.835,8.8,0.9975,0.933333333333333,1.015,3.6,NA,0.479657823267667,0.479079621754227,0.192383521091555,0.780139711695623,0.001,0,0,0.325692190290744,0.386990869021882,-2.92739849731413,27.5970849990845
"Fixed mixed-signal covariate-driven SAR design, lambda = 2",74,"cov_net","Bayesian Linear Cov + Net",0.744663536776213,0.571643192488263,3,0.2,0.422222222222222,0.3043934886475,2.81905896244827,0.0841429423953148,0.80939229711002,0.9575,0.466666666666667,0.645,5.8,0.9875,0.8,1.29,8.79999999999999,NA,0.78904423099604,0.815784091192318,0.462917136412024,0.97544148665379,0.223,0.0805,0.0045,0.528855550594438,0.654064014875765,-3.20561562612952,31.6085119247437
"Fixed mixed-signal covariate-driven SAR design, lambda = 2",75,"cov_net","Bayesian Linear Cov + Net",0.661658841940532,0.514178403755869,1,0.0666666666666667,0.266666666666667,0.350957940352829,2.69315313658116,0.0996631555982733,0.863581416377431,0.9075,0.0666666666666667,1.0125,9.4,1,1,1,1,NA,0.260021529015201,0.239321842879604,0.0856021340524768,0.544234981027735,0,0,0,0.177324527554348,0.203984345976488,-2.71879931791519,28.8663549423218
"Fixed mixed-signal covariate-driven SAR design, lambda = 2",76,"cov_net","Bayesian Linear Cov + Net",0.673114241001565,0.512488262910798,1,0.0666666666666667,0.311111111111111,0.34157079631272,2.70905172727421,0.0975473922816727,0.855378424206353,0.93,0.333333333333333,0.845,7,1,1,0.9775,1,NA,0.352323190613648,0.335721721686981,0.107857906912808,0.673779343143581,0,0,0,0.231187918271335,0.274163254539221,-2.81387076545974,28.8070168495178
"Fixed mixed-signal covariate-driven SAR design, lambda = 2",77,"cov_net","Bayesian Linear Cov + Net",0.697527386541471,0.689014084507042,4,0.266666666666667,0.311111111111111,0.345851536364548,2.48685406369166,0.0989400619641672,0.835091102682415,0.9175,0.333333333333333,0.905,7,1,1,0.9975,1,NA,0.25851919486051,0.235030434958682,0.0946641283450349,0.564060211915271,0,0,0,0.169360522197932,0.195039116244677,-2.71072443395877,31.4631330966949
"Fixed mixed-signal covariate-driven SAR design, lambda = 2",78,"cov_net","Bayesian Linear Cov + Net",0.754428794992175,0.574647887323944,2,0.133333333333333,0.422222222222222,0.312367070723307,2.95927569742611,0.0873097199207908,0.844791207846491,0.945,0.2,0.77,8.2,0.9875,0.733333333333333,1.2125,11.4,NA,0.771162067682937,0.792332450228211,0.451165503267798,0.968701672750779,0.1865,0.0595,0.003,0.523594539688071,0.642543574348205,-3.22107381590322,27.6768898963928
"Fixed mixed-signal covariate-driven SAR design, lambda = 2",79,"cov_net","Bayesian Linear Cov + Net",0.70491392801252,0.581408450704225,2,0.133333333333333,0.288888888888889,0.333372814101728,2.68568279718368,0.0950629731466175,0.847052190399747,0.94,0.2,0.795,8.2,0.9975,0.933333333333333,1.04,3.6,NA,0.441297666221108,0.430648500432515,0.166218878737833,0.775146762673007,0.0015,0,0,0.290862191592848,0.348139237973147,-2.86749256277029,27.6479969024658
"Fixed mixed-signal covariate-driven SAR design, lambda = 2",80,"cov_net","Bayesian Linear Cov + Net",0.627104851330203,0.429295774647887,1,0.0666666666666667,0.333333333333333,0.345666702404187,2.95587126814721,0.0955393101598736,0.877457489838725,0.9275,0.133333333333333,0.9025,8.8,0.9925,0.866666666666667,1.255,6.19999999999999,NA,0.458594849267068,0.446994749157601,0.16631176275339,0.797398776518028,0.0015,0,0,0.298826495003727,0.363089586553861,-2.86938228338259,29.3483190536499
"Fixed mixed-signal covariate-driven SAR design, lambda = 2",81,"cov_net","Bayesian Linear Cov + Net",0.593239436619718,0.347793427230047,0,0,0.2,0.355048339756337,2.94984980225808,0.0994044881959267,0.893626514866157,0.9225,0,0.9175,10,1,1,0.9925,1,NA,0.361292748925102,0.335532246098791,0.101250956459118,0.73956667369914,5e-04,0,0,0.214924369383365,0.264856816266581,-2.78766969546286,27.5456440448761
"Fixed mixed-signal covariate-driven SAR design, lambda = 2",82,"cov_net","Bayesian Linear Cov + Net",0.666729264475743,0.507042253521127,0,0,0.355555555555556,0.338413787696606,2.78081677759126,0.0955187413488191,0.865420467666002,0.935,0.266666666666667,0.8275,7.6,0.9975,1,1.0675,1,NA,0.50751854036589,0.486081040844997,0.138600186987627,0.934357004180129,0.043,0.015,0.001,0.273581841663941,0.354934661555498,-2.84249616663899,28.142765045166
"Fixed mixed-signal covariate-driven SAR design, lambda = 2",83,"cov_net","Bayesian Linear Cov + Net",0.748231611893584,0.63962441314554,2,0.133333333333333,0.355555555555556,0.325073859064489,2.5971427323779,0.0940639082043931,0.82390372805772,0.94,0.266666666666667,0.8,7.6,0.9925,0.866666666666667,1.2,6.19999999999999,NA,0.515156462512003,0.513021657328939,0.224090295947175,0.827327268110505,0.003,0,0,0.337847140174951,0.411989294739752,-2.93297610515156,29.535945892334
"Fixed mixed-signal covariate-driven SAR design, lambda = 2",84,"cov_net","Bayesian Linear Cov + Net",0.702284820031299,0.660469483568075,2,0.133333333333333,0.333333333333333,0.33375830736096,2.53166216749733,0.0956020786075476,0.830349845726825,0.9325,0.333333333333333,0.8425,7,1,1,0.9725,1,NA,0.441924305438385,0.427681161781883,0.146736957822777,0.808001007399971,0.004,0,0,0.259069713963402,0.32658145927587,-2.81760629388143,29.7227008342743
"Fixed mixed-signal covariate-driven SAR design, lambda = 2",85,"cov_net","Bayesian Linear Cov + Net",0.653082942097027,0.522629107981221,2,0.133333333333333,0.266666666666667,0.343726533146032,2.71348229595933,0.0976468203658287,0.861342554265631,0.9325,0.133333333333333,0.8575,8.8,1,1,0.98,1,NA,0.364856797658621,0.340286424756096,0.122569046386471,0.713577019494646,0.001,0,0,0.226202085030608,0.272697363853756,-2.78887482674685,27.7936308383942
"Fixed mixed-signal covariate-driven SAR design, lambda = 2",86,"cov_net","Bayesian Linear Cov + Net",0.713427230046948,0.627981220657277,3,0.2,0.333333333333333,0.342310576350254,2.51250623035611,0.0981383900591971,0.829920285654299,0.9225,0.333333333333333,0.8625,7,1,1,1,1,NA,0.335423200641448,0.31140662542443,0.0940791522070205,0.712367073991583,0.001,0,0,0.212293201898738,0.256296713409916,-2.71906578006933,27.5930879116058
"Fixed mixed-signal covariate-driven SAR design, lambda = 2",87,"cov_net","Bayesian Linear Cov + Net",0.670735524256651,0.574084507042254,1,0.0666666666666667,0.311111111111111,0.34733373986698,2.63601362992983,0.0989027415358111,0.856157809256829,0.9175,0.0666666666666667,0.915,9.4,1,1,1,1,NA,0.275967600440819,0.250441816358791,0.0838998202445107,0.624387195800537,5e-04,0,0,0.181193669721557,0.209251861371012,-2.72914826620421,28.9156301021576
"Fixed mixed-signal covariate-driven SAR design, lambda = 2",88,"cov_net","Bayesian Linear Cov + Net",0.868169014084507,0.793427230046948,5,0.333333333333333,0.622222222222222,0.246084602193186,2.22351349932701,0.0698891621117684,0.691605170109283,0.9725,0.666666666666667,0.4525,4,0.99,0.866666666666667,1.03,6.19999999999999,NA,0.963029330220408,0.979218197711182,0.825687070173588,0.998399931186568,0.914,0.77,0.2775,0.73210183566859,0.863790795628496,-3.49214382952351,31.047956943512
"Fixed mixed-signal covariate-driven SAR design, lambda = 2",89,"cov_net","Bayesian Linear Cov + Net",0.715430359937402,0.549671361502347,2,0.133333333333333,0.355555555555556,0.322100434604703,2.83365262325643,0.0905987036376335,0.846825748144086,0.94,0.133333333333333,0.8125,8.8,0.995,0.933333333333333,0.9825,3.6,NA,0.615121454318697,0.618423536435223,0.305311149205814,0.900608239205658,0.0255,0.0035,0,0.410773198394625,0.499936711919109,-3.09889759936574,29.6297409534454
"Fixed mixed-signal covariate-driven SAR design, lambda = 2",90,"cov_net","Bayesian Linear Cov + Net",0.689201877934272,0.530892018779343,1,0.0666666666666667,0.266666666666667,0.33812193948954,2.74796422026798,0.0966435356466207,0.858553862632967,0.9325,0.266666666666667,0.8475,7.6,0.9975,0.933333333333333,1.05,3.6,NA,0.434362270030429,0.417646870219544,0.151635289714945,0.785736342771912,0.0035,0,0,0.280388602987114,0.338105762306786,-2.86407139915127,28.399934053421
"Fixed mixed-signal covariate-driven SAR design, lambda = 2",91,"cov_net","Bayesian Linear Cov + Net",0.618654147104851,0.495211267605634,1,0.0666666666666667,0.266666666666667,0.356941284277453,2.6766866930685,0.100617852042764,0.86533460401473,0.8925,0,1.09,10,1,1,1,1,NA,0.195967816168211,0.170451597535352,0.0725038522995418,0.45674582083043,0,0,0,0.135893434945115,0.15030653210787,-2.67291890576907,26.5233690738678
"Fixed mixed-signal covariate-driven SAR design, lambda = 2",92,"cov_net","Bayesian Linear Cov + Net",0.702222222222222,0.607699530516432,1,0.0666666666666667,0.333333333333333,0.336541995433823,2.59689874369028,0.0966304756424659,0.842489373771726,0.9325,0.333333333333333,0.8525,7,1,1,0.9825,1,NA,0.354294573732838,0.341678196068274,0.125119009060738,0.652157358337986,0,0,0,0.238086912367233,0.279222292480829,-2.82846370374796,29.3009729385376
"Fixed mixed-signal covariate-driven SAR design, lambda = 2",93,"cov_net","Bayesian Linear Cov + Net",0.65508607198748,0.501408450704225,3,0.2,0.422222222222222,0.334982359469484,2.85105175160284,0.0927615369638793,0.856296938192777,0.94,0.266666666666667,0.7875,7.6,0.9925,0.933333333333333,1.235,3.6,NA,0.560988950023908,0.565424212501183,0.210042291403584,0.877928292921229,0.014,0.001,0,0.337927670020095,0.432119407529309,-2.91025015449087,27.7896859645844
"Fixed mixed-signal covariate-driven SAR design, lambda = 2",94,"cov_net","Bayesian Linear Cov + Net",0.647762128325509,0.453145539906103,0,0,0.333333333333333,0.344344049728364,2.80552890625817,0.0977184483676924,0.873404042054421,0.935,0.2,0.805,8.2,1,1,0.98,1,NA,0.394823954982189,0.378585683877685,0.118941447588554,0.776449539623724,0.003,5e-04,0,0.244232548085479,0.298682113619329,-2.80888368799262,30.9226338863373
"Fixed mixed-signal covariate-driven SAR design, lambda = 2",95,"cov_net","Bayesian Linear Cov + Net",0.702097026604069,0.586291079812207,1,0.0666666666666667,0.244444444444444,0.338481453989979,2.68272891314425,0.0970607908892686,0.855284372708818,0.935,0.133333333333333,0.84,8.8,1,1,0.98,1,NA,0.36151668478703,0.348320507139621,0.125548831413515,0.659011488376296,0,0,0,0.249835162058538,0.290498031651381,-2.82146189893311,29.6940629482269
"Fixed mixed-signal covariate-driven SAR design, lambda = 2",96,"cov_net","Bayesian Linear Cov + Net",0.753427230046948,0.704225352112676,5,0.333333333333333,0.377777777777778,0.319188816903805,2.37999470753342,0.0922695134451074,0.786865907332937,0.935,0.333333333333333,0.8025,7,1,1,0.955,1,NA,0.535445075440694,0.534829830046847,0.198433975750242,0.877411043285268,0.0165,0.0045,0,0.325595874275595,0.410682416014653,-2.9044724623322,30.6210792064667
"Fixed mixed-signal covariate-driven SAR design, lambda = 2",97,"cov_net","Bayesian Linear Cov + Net",0.732206572769953,0.636056338028169,2,0.133333333333333,0.333333333333333,0.326327196557779,2.5980860572131,0.0933153573423859,0.826572783380451,0.9275,0.2,0.875,8.2,0.9975,1,1.03,1,NA,0.57810378360988,0.584263581131909,0.260545163999691,0.868934521809202,0.0145,0.001,0,0.387971151764313,0.469379548273016,-2.90867610192805,28.9844620227814
"Fixed mixed-signal covariate-driven SAR design, lambda = 2",98,"cov_net","Bayesian Linear Cov + Net",0.711486697965571,0.608638497652582,0,0,0.355555555555556,0.323905965235304,2.7682187041751,0.0908500636647531,0.864959123030907,0.9425,0.2,0.755,8.2,0.9925,0.933333333333333,1.125,3.6,NA,0.667806694819167,0.690859455205714,0.301556627739819,0.934533360859829,0.062,0.0155,0,0.398985553613697,0.528737138051239,-3.0000701419071,28.9604780673981
"Fixed mixed-signal covariate-driven SAR design, lambda = 2",99,"cov_net","Bayesian Linear Cov + Net",0.728951486697966,0.526948356807512,0,0,0.422222222222222,0.310519900603136,3.17788127582043,0.0834348893683482,0.88191939809667,0.94,0.2,0.7925,8.2,0.985,0.666666666666667,1.2825,14,NA,0.838974038830488,0.860268840006033,0.593541161903004,0.977362145631887,0.347,0.113,0.005,0.634084386478828,0.737228544042638,-3.30140954798455,28.8113360404968
"Fixed mixed-signal covariate-driven SAR design, lambda = 2",100,"cov_net","Bayesian Linear Cov + Net",0.701846635367762,0.516431924882629,0,0,0.4,0.319950277809674,2.94354330402248,0.0887894535897496,0.871984835443404,0.9425,0.333333333333333,0.755,7,0.99,0.8,1.255,8.79999999999999,NA,0.79200990797749,0.829233128491761,0.402878559334218,0.98259142648812,0.305,0.132,0.013,0.494011349076321,0.638580270436966,-3.07707598842384,32.6165950298309
"Fixed mixed-signal covariate-driven SAR design, lambda = 2",1,"cov_net_pu","Bayesian Linear Cov + Net + PU",0.7339593114241,0.557370892018779,0,0,0.311111111111111,0.318154255619895,2.51813195828645,0.0929377244079054,0.797439805376138,0.96,0.4,0.7475,6.4,0.9975,0.933333333333333,0.975,3.6,0.262097859416422,0.756518407734348,0.77859854515324,0.372047577210639,0.999570909460514,0.3075,0.218,0.1035,0.519967574569566,0.630378396773112,-2.75107721149258,35.0275478363037
"Fixed mixed-signal covariate-driven SAR design, lambda = 2",2,"cov_net_pu","Bayesian Linear Cov + Net + PU",0.688575899843505,0.610516431924883,0,0,0.177777777777778,0.342555385891885,2.4500530833088,0.098355741685337,0.833636207516704,0.925,0.133333333333333,0.95,8.8,1,1,1,1,0.188504464839766,0.420217667834817,0.388333789894915,0.115372406410416,0.860608661894713,0.014,0.0015,0,0.25280581840512,0.307770409984213,-2.52269312426434,39.1408021450043
"Fixed mixed-signal covariate-driven SAR design, lambda = 2",3,"cov_net_pu","Bayesian Linear Cov + Net + PU",0.617902973395931,0.461408450704225,1,0.0666666666666667,0.177777777777778,0.347381290956727,2.50867239353853,0.0989682374349358,0.840106284166282,0.93,0.2,0.9275,8.2,1,1,1,1,0.182099730344894,0.275078403427884,0.253431115092635,0.0925152186256509,0.600820825558418,0,0,0,0.189314697083734,0.21687830969954,-2.48725565858969,34.1918549537659
"Fixed mixed-signal covariate-driven SAR design, lambda = 2",4,"cov_net_pu","Bayesian Linear Cov + Net + PU",0.659405320813772,0.579342723004695,0,0,0.288888888888889,0.342163422243198,2.44199450608962,0.0980205521200543,0.830123106966325,0.93,0.266666666666667,0.9075,7.6,1,1,1,1,0.179505113171194,0.292967312872825,0.267175629249957,0.0983371695946673,0.643574322950882,5e-04,0,0,0.204194990095644,0.230189892840095,-2.51658268391925,38.0150229930878
"Fixed mixed-signal covariate-driven SAR design, lambda = 2",5,"cov_net_pu","Bayesian Linear Cov + Net + PU",0.668669796557121,0.516244131455399,0,0,0.333333333333333,0.329431888220912,2.5890319300957,0.0936407900239441,0.844266758763171,0.9425,0.333333333333333,0.8575,7,1,1,0.97,1,0.185908169960125,0.620757408284938,0.62982355811415,0.233308047315743,0.94657970899615,0.0685,0.022,0.0025,0.382534458142758,0.491635567978287,-2.68865840774346,35.407233953476
"Fixed mixed-signal covariate-driven SAR design, lambda = 2",6,"cov_net_pu","Bayesian Linear Cov + Net + PU",0.722566510172144,0.688638497652582,1,0.0666666666666667,0.311111111111111,0.322174822529176,2.29577948836894,0.0929853417084504,0.793568531649837,0.9525,0.6,0.745,4.6,0.9975,1,1.085,1,0.184536346433078,0.473016314817607,0.466503425401799,0.157093871349954,0.817513956722097,0.0045,5e-04,0,0.315207861156266,0.375540493166023,-2.63712077671643,37.4030630588531
"Fixed mixed-signal covariate-driven SAR design, lambda = 2",7,"cov_net_pu","Bayesian Linear Cov + Net + PU",0.675555555555556,0.489014084507042,0,0,0.311111111111111,0.330802337590079,2.72937343222223,0.093707834228156,0.850065978810692,0.9475,0.266666666666667,0.84,7.6,0.9975,0.933333333333333,1.005,3.6,0.186530112272821,0.65964067112836,0.678407740089399,0.267271612973377,0.953995362815356,0.0905,0.028,0.001,0.380490688598602,0.487356164970859,-2.76242608107745,37.3212831020355
"Fixed mixed-signal covariate-driven SAR design, lambda = 2",8,"cov_net_pu","Bayesian Linear Cov + Net + PU",0.706478873239437,0.609765258215962,3,0.2,0.422222222222222,0.316480125746152,2.5447530525023,0.0884474567123481,0.820450844719403,0.955,0.466666666666667,0.7225,5.8,0.9925,0.933333333333333,1.22,3.6,0.166084719026982,0.776587119650804,0.829022184870476,0.320502195467079,0.988444168933139,0.327,0.174,0.0195,0.390628271507294,0.549722301307847,-2.80176540425816,36.5344710350037
"Fixed mixed-signal covariate-driven SAR design, lambda = 2",9,"cov_net_pu","Bayesian Linear Cov + Net + PU",0.700406885758998,0.565070422535211,2,0.133333333333333,0.355555555555556,0.326287970962328,2.48127731523891,0.0936644142363651,0.811114086300871,0.945,0.266666666666667,0.85,7.6,0.995,0.933333333333333,1.175,3.6,0.193594089692845,0.500615279838604,0.488489589293332,0.200479749746156,0.854544761214157,0.0125,0.0055,0.0015,0.341225615890435,0.401271942713632,-2.6608817847378,36.4416270256042
"Fixed mixed-signal covariate-driven SAR design, lambda = 2",10,"cov_net_pu","Bayesian Linear Cov + Net + PU",0.66735524256651,0.538215962441315,0,0,0.311111111111111,0.336079531817691,2.51511787780899,0.0962224149737253,0.832376950705655,0.95,0.4,0.7975,6.4,1,1,1,1,0.185174063066929,0.424619464548145,0.400007952061572,0.123310063940936,0.830487336893919,0.0045,0.001,0,0.265975128201399,0.3172639826464,-2.58835546369263,36.9907791614532
"Fixed mixed-signal covariate-driven SAR design, lambda = 2",11,"cov_net_pu","Bayesian Linear Cov + Net + PU",0.695712050078247,0.434366197183099,2,0.133333333333333,0.377777777777778,0.33101484578608,3.24981805622463,0.0901249977108191,0.860158822847929,0.9475,0.2,0.8475,8.2,0.985,0.6,1.3575,16.6,0.209968078337381,0.732208899470209,0.747887604195275,0.427726416242186,0.962451741009036,0.1125,0.036,0.0055,0.558674553311106,0.63934111994295,-3.01851943852984,39.1744520664215
"Fixed mixed-signal covariate-driven SAR design, lambda = 2",12,"cov_net_pu","Bayesian Linear Cov + Net + PU",0.696212832550861,0.528262910798122,0,0,0.244444444444444,0.325901420465676,2.71245258056077,0.0928725971805129,0.855428045639512,0.9425,0.2,0.855,8.2,0.9975,0.933333333333333,1.0125,3.6,0.184958784054657,0.673986173931168,0.684225306602132,0.307838632912803,0.965763722510178,0.1105,0.04,0.003,0.418491695590113,0.519751112408148,-2.78260690248221,37.1231331825256
"Fixed mixed-signal covariate-driven SAR design, lambda = 2",13,"cov_net_pu","Bayesian Linear Cov + Net + PU",0.647136150234742,0.494272300469484,1,0.0666666666666667,0.266666666666667,0.342689467354461,2.52490921096156,0.0980388795380698,0.8397536134715,0.9375,0.133333333333333,0.89,8.8,1,1,1,1,0.185028826130854,0.371740501344344,0.345784136381303,0.113060845968089,0.771456980334384,0.0075,0.003,0.001,0.236752905648813,0.280784457069223,-2.53134832816322,38.2690329551697
"Fixed mixed-signal covariate-driven SAR design, lambda = 2",14,"cov_net_pu","Bayesian Linear Cov + Net + PU",0.657527386541471,0.466103286384977,1,0.0666666666666667,0.288888888888889,0.339047548025298,2.6602408090161,0.0969368933610188,0.853615694590695,0.94,0.2,0.9175,8.2,1,1,0.995,1,0.188404939766447,0.432656528634312,0.420296420313385,0.128814417537944,0.79594048030397,0.0025,5e-04,0,0.294819023039288,0.346132186640663,-2.62036163389465,37.8539309501648
"Fixed mixed-signal covariate-driven SAR design, lambda = 2",15,"cov_net_pu","Bayesian Linear Cov + Net + PU",0.608262910798122,0.334272300469484,1,0.0666666666666667,0.288888888888889,0.342889694044634,2.72540714919468,0.0972006066060114,0.861999704115715,0.9375,0.133333333333333,0.905,8.8,1,1,0.9975,1,0.19135171404955,0.462591495001154,0.44640399940088,0.148910071009193,0.88033540029394,0.019,0.002,5e-04,0.303184141980284,0.362001075396312,-2.60328919382843,38.869549036026
"Fixed mixed-signal covariate-driven SAR design, lambda = 2",16,"cov_net_pu","Bayesian Linear Cov + Net + PU",0.768075117370892,0.671361502347418,3,0.2,0.355555555555556,0.294648607430548,2.27094358178116,0.0834448406208937,0.738800549139862,0.95,0.4,0.7375,6.4,1,1,0.9325,1,0.183421556108529,0.907010159798809,0.943847375736446,0.620164953565067,0.998564061536728,0.666,0.468,0.1505,0.641421580360192,0.797698266343898,-2.79613106348833,38.9137670993805
"Fixed mixed-signal covariate-driven SAR design, lambda = 2",17,"cov_net_pu","Bayesian Linear Cov + Net + PU",0.76,0.624037558685446,1,0.0666666666666667,0.4,0.303116059094683,2.53461662275737,0.0871424796948353,0.808814432033679,0.9575,0.333333333333333,0.7375,7,0.995,0.933333333333333,0.9725,3.6,0.188045846949681,0.791522377481752,0.813808911081794,0.460890712659895,0.980741933670968,0.2635,0.1115,0.0075,0.523529723635674,0.63862505319703,-2.99424362990648,34.6949441432953
"Fixed mixed-signal covariate-driven SAR design, lambda = 2",18,"cov_net_pu","Bayesian Linear Cov + Net + PU",0.588982785602504,0.371455399061033,0,0,0.355555555555556,0.341701447082668,2.70028412530217,0.0961870034882985,0.866980056514646,0.9375,0.0666666666666667,0.8675,9.4,1,1,1,1,0.172531754188494,0.402011377700618,0.389695810276438,0.125257932414306,0.7502795524547,0.001,0,0,0.273361240065954,0.322619157662504,-2.5880209519518,37.9314751625061
"Fixed mixed-signal covariate-driven SAR design, lambda = 2",19,"cov_net_pu","Bayesian Linear Cov + Net + PU",0.714616588419405,0.651643192488263,1,0.0666666666666667,0.377777777777778,0.320066282928704,2.32822211535668,0.0925463403877591,0.79490534483734,0.9525,0.4,0.77,6.4,1,1,0.9475,1,0.195142551376576,0.596421342236631,0.602284839015446,0.229347493871136,0.916199617433583,0.037,0.0095,0,0.387548493261835,0.479456791115393,-2.69580155225834,36.9490048885345
"Fixed mixed-signal covariate-driven SAR design, lambda = 2",20,"cov_net_pu","Bayesian Linear Cov + Net + PU",0.713051643192488,0.611643192488263,2,0.133333333333333,0.244444444444444,0.323658936941875,2.36657127313017,0.0931150386083412,0.790529097493879,0.95,0.333333333333333,0.7775,7,1,1,0.9925,1,0.203626036674605,0.648955131198389,0.664016816780417,0.243630636117231,0.972287960857153,0.105,0.04,0.0095,0.40364817351391,0.517385430294404,-2.62572498327908,39.5644109249115
"Fixed mixed-signal covariate-driven SAR design, lambda = 2",21,"cov_net_pu","Bayesian Linear Cov + Net + PU",0.716056338028169,0.60037558685446,0,0,0.266666666666667,0.330454188702065,2.48229457745763,0.0959582470816353,0.831034559711818,0.9625,0.4,0.6975,6.4,1,1,0.99,1,0.193596597424558,0.465372943234492,0.462841768600919,0.159759272877789,0.818514833608665,0.0055,0.0015,0,0.317073929388132,0.377123162764264,-2.61267979171223,35.7491841316223
"Fixed mixed-signal covariate-driven SAR design, lambda = 2",22,"cov_net_pu","Bayesian Linear Cov + Net + PU",0.607010954616588,0.419342723004695,1,0.0666666666666667,0.311111111111111,0.341915301358412,2.82847281678032,0.0945425690623486,0.865144671064777,0.94,0.266666666666667,0.8625,7.6,0.995,0.866666666666667,1.165,6.19999999999999,0.167348191134207,0.539161007397181,0.542033966606179,0.203375223432446,0.86994475071995,0.0135,0.003,0,0.335937383640685,0.422865085512219,-2.67566394731517,38.0239241123199
"Fixed mixed-signal covariate-driven SAR design, lambda = 2",23,"cov_net_pu","Bayesian Linear Cov + Net + PU",0.704287949921753,0.646197183098592,2,0.133333333333333,0.288888888888889,0.328989992333128,2.38141592041534,0.0950107243830684,0.8105798842978,0.9475,0.466666666666667,0.815,5.8,1,1,0.9925,1,0.179208986857666,0.437036332316484,0.428501814242164,0.133534919315038,0.817017897931923,0.0055,5e-04,0,0.289623544343002,0.34417941689166,-2.62089252507585,38.9941442012787
"Fixed mixed-signal covariate-driven SAR design, lambda = 2",24,"cov_net_pu","Bayesian Linear Cov + Net + PU",0.689577464788732,0.454647887323944,2,0.133333333333333,0.377777777777778,0.326659539280663,2.94067721131532,0.0907719739031146,0.845113368673909,0.9475,0.133333333333333,0.835,8.8,0.99,0.733333333333333,1.2575,11.4,0.196184852965209,0.816739592985307,0.861141439776301,0.441038756898927,0.994326703680263,0.392,0.2235,0.0435,0.49351340573298,0.622272550628392,-2.86589451718647,38.0749320983887
"Fixed mixed-signal covariate-driven SAR design, lambda = 2",25,"cov_net_pu","Bayesian Linear Cov + Net + PU",0.702973395931142,0.568826291079812,1,0.0666666666666667,0.288888888888889,0.335173307009053,2.44265322195981,0.0968378942717401,0.821023841605478,0.945,0.333333333333333,0.835,7,1,1,1,1,0.191855506069639,0.470929674166447,0.43914801624642,0.13195609680956,0.921945736630736,0.039,0.013,0.002,0.272817651508546,0.338740342167411,-2.55890481779334,38.6858570575714
"Fixed mixed-signal covariate-driven SAR design, lambda = 2",26,"cov_net_pu","Bayesian Linear Cov + Net + PU",0.76075117370892,0.652018779342723,1,0.0666666666666667,0.377777777777778,0.301563109632776,2.45961514567972,0.0854483676047363,0.775237757892517,0.965,0.6,0.6425,4.6,0.9875,0.8,1.32,8.79999999999999,0.200077060718409,0.737219042122548,0.753923832300449,0.424443340866784,0.962901487574293,0.123,0.0425,0.0045,0.539809910503005,0.634735267948162,-2.93330593506751,37.9758079051971
"Fixed mixed-signal covariate-driven SAR design, lambda = 2",27,"cov_net_pu","Bayesian Linear Cov + Net + PU",0.70866979655712,0.572018779342723,1,0.0666666666666667,0.288888888888889,0.325191844355363,2.508431664589,0.0941163229105474,0.817992126565494,0.9575,0.466666666666667,0.755,5.8,0.9975,0.933333333333333,1.045,3.6,0.196821261409678,0.530102160829306,0.519089540690957,0.228853782485469,0.855587992286323,0.0105,0.003,0,0.35572174811292,0.42416460799942,-2.7110609591126,38.6185159683228
"Fixed mixed-signal covariate-driven SAR design, lambda = 2",28,"cov_net_pu","Bayesian Linear Cov + Net + PU",0.711173708920188,0.653333333333333,1,0.0666666666666667,0.355555555555556,0.317996365115706,2.41104672631325,0.0906843774681871,0.817445761863121,0.9475,0.333333333333333,0.79,7,0.9975,1,1.09,1,0.17443712294232,0.538920356386318,0.533514393129464,0.209526002020783,0.881036630328448,0.0175,0.004,5e-04,0.367577266445004,0.439303214602873,-2.71550614369227,37.7988579273224
"Fixed mixed-signal covariate-driven SAR design, lambda = 2",29,"cov_net_pu","Bayesian Linear Cov + Net + PU",0.601189358372457,0.498591549295775,0,0,0.155555555555556,0.352358921230609,2.48083553064815,0.0999897309245416,0.838959287083792,0.9075,0.0666666666666667,1.045,9.4,1,1,1,1,0.182974509899336,0.245442612766669,0.21396231301395,0.0886815618151355,0.565313611452876,0.001,0,0,0.162773292620042,0.186504365950138,-2.45815665100453,37.3328578472137
"Fixed mixed-signal covariate-driven SAR design, lambda = 2",30,"cov_net_pu","Bayesian Linear Cov + Net + PU",0.673364632237872,0.467605633802817,1,0.0666666666666667,0.222222222222222,0.335896183336124,2.77954755116106,0.0946504695293331,0.850664194802564,0.9475,0.266666666666667,0.835,7.6,0.995,0.866666666666667,1.1625,6.19999999999999,0.202275503290345,0.60269275501734,0.608076427389218,0.241304600326751,0.930456448656773,0.05,0.013,0.001,0.392625132476686,0.477210731776268,-2.70322767761317,36.594211101532
"Fixed mixed-signal covariate-driven SAR design, lambda = 2",31,"cov_net_pu","Bayesian Linear Cov + Net + PU",0.634178403755869,0.503849765258216,0,0,0.288888888888889,0.345304749877405,2.51252942125925,0.0985928945694799,0.840724422215661,0.9325,0.266666666666667,0.9275,7.6,1,1,1,1,0.183026540036015,0.341853202381571,0.308452636754847,0.102544938285813,0.753333568050221,0.002,0,0,0.219467446379461,0.258400035843426,-2.51462843369979,37.9240601062775
"Fixed mixed-signal covariate-driven SAR design, lambda = 2",32,"cov_net_pu","Bayesian Linear Cov + Net + PU",0.756744913928013,0.789671361502347,2,0.133333333333333,0.444444444444444,0.31584770305226,2.14266555477249,0.0915124206466351,0.763310576582794,0.96,0.666666666666667,0.645,4,1,1,0.9775,1,0.175216147845404,0.629621233340107,0.650421776178557,0.201609455154495,0.950448334021545,0.085,0.0265,0.003,0.327206455857849,0.439894697237337,-2.62781360891157,38.553633928299
"Fixed mixed-signal covariate-driven SAR design, lambda = 2",33,"cov_net_pu","Bayesian Linear Cov + Net + PU",0.727323943661972,0.596244131455399,0,0,0.311111111111111,0.313746742908714,2.59303955060914,0.0896531373712703,0.843201066575965,0.9525,0.266666666666667,0.7675,7.6,0.9975,1,0.9875,1,0.178742361904524,0.763277612759545,0.793127736824468,0.396496021457389,0.971097339825833,0.214,0.069,0.0035,0.489757426572706,0.605802857592816,-2.86629302249101,38.4453639984131
"Fixed mixed-signal covariate-driven SAR design, lambda = 2",34,"cov_net_pu","Bayesian Linear Cov + Net + PU",0.676181533646322,0.514178403755869,0,0,0.177777777777778,0.338961238420703,2.5522945081994,0.0976716338904557,0.837738089493188,0.95,0.333333333333333,0.82,7,1,1,0.9925,1,0.193302809827074,0.383769860269402,0.364898217786568,0.122563083259692,0.741133462915331,0.0045,0.001,0,0.267196393619092,0.304626926535699,-2.61588341502716,37.8324818611145
"Fixed mixed-signal covariate-driven SAR design, lambda = 2",35,"cov_net_pu","Bayesian Linear Cov + Net + PU",0.729014084507042,0.612394366197183,0,0,0.355555555555556,0.320684730828503,2.48357346241003,0.0920067642129577,0.80806900542394,0.965,0.533333333333333,0.665,5.2,0.995,0.933333333333333,1.1275,3.6,0.19049640469869,0.62247930197306,0.619672990402031,0.246207711987193,0.969268359925564,0.098,0.043,0.0035,0.371757409803273,0.463720734378057,-2.72820919505875,35.8067529201508
"Fixed mixed-signal covariate-driven SAR design, lambda = 2",36,"cov_net_pu","Bayesian Linear Cov + Net + PU",0.630046948356808,0.502159624413146,1,0.0666666666666667,0.244444444444444,0.348772590778687,2.4748165768784,0.0992778991985805,0.836595258906505,0.915,0.133333333333333,0.9775,8.8,1,1,1,1,0.184450228300093,0.307905391685035,0.262677403202768,0.0924137461686427,0.760365177465259,0.006,0.0025,0,0.184038832616942,0.215647018956709,-2.46516634485058,38.1965100765228
"Fixed mixed-signal covariate-driven SAR design, lambda = 2",37,"cov_net_pu","Bayesian Linear Cov + Net + PU",0.706666666666667,0.596431924882629,0,0,0.311111111111111,0.331462617377175,2.46334492881586,0.0955926307453782,0.826628531082016,0.95,0.4,0.7975,6.4,1,1,1,1,0.190060011696051,0.444485627361118,0.424509580219601,0.145168344327189,0.846534414823955,0.011,0.0045,5e-04,0.295603915569325,0.35009585910053,-2.61812173935146,39.7118318080902
"Fixed mixed-signal covariate-driven SAR design, lambda = 2",38,"cov_net_pu","Bayesian Linear Cov + Net + PU",0.687073552425665,0.543474178403756,2,0.133333333333333,0.444444444444444,0.323100220343619,2.69537537765572,0.0892398552482831,0.817699912209158,0.9475,0.333333333333333,0.81,7,0.9925,0.8,1.2425,8.79999999999999,0.179717652320218,0.645182698938439,0.645165807992224,0.282712750345052,0.978428781217282,0.1105,0.052,0.0085,0.414598537345742,0.505195134284435,-2.7850794440777,42.8613221645355
"Fixed mixed-signal covariate-driven SAR design, lambda = 2",39,"cov_net_pu","Bayesian Linear Cov + Net + PU",0.822848200312989,0.748920187793427,5,0.333333333333333,0.555555555555556,0.248704674461269,2.0022954631617,0.06782364770638,0.610714767341089,0.9675,0.533333333333333,0.55,5.06666666666667,0.9925,0.866666666666667,1.05,6.13333333333333,0.235445764258672,0.990593639256072,0.998106829386314,0.932698480727544,0.999991871274639,0.985,0.958,0.7945,0.95867979900207,0.983439273861818,-3.06337978469509,38.7287359237671
"Fixed mixed-signal covariate-driven SAR design, lambda = 2",40,"cov_net_pu","Bayesian Linear Cov + Net + PU",0.674616588419405,0.516619718309859,0,0,0.266666666666667,0.3328615252959,2.62221880815944,0.0955367141115777,0.85051845354059,0.9425,0.133333333333333,0.895,8.8,1,1,0.95,1,0.189062936580165,0.478170230508808,0.46770685493567,0.179138422673631,0.819314386076578,0.008,0.0025,5e-04,0.333148808076283,0.391058050755037,-2.6704827838952,37.2660038471222
"Fixed mixed-signal covariate-driven SAR design, lambda = 2",41,"cov_net_pu","Bayesian Linear Cov + Net + PU",0.708544600938967,0.6381220657277,5,0.333333333333333,0.355555555555556,0.322197108631213,2.13114251784089,0.0923398990554878,0.728452233487915,0.945,0.4,0.7975,6.4,1,1,1,1,0.197544942517147,0.504280286086878,0.477787936562603,0.140095978689731,0.963435589362346,0.058,0.033,0.009,0.303010569463596,0.371455827078132,-2.53822083625249,39.569324016571
"Fixed mixed-signal covariate-driven SAR design, lambda = 2",42,"cov_net_pu","Bayesian Linear Cov + Net + PU",0.749483568075117,0.652582159624413,3,0.2,0.355555555555556,0.308015428976218,2.31629698087536,0.0882933266553602,0.7546211238258,0.97,0.6,0.6375,4.6,0.995,0.933333333333333,1.09,3.6,0.197992458700517,0.647149616191129,0.66073152964249,0.315767141364931,0.926142173965442,0.0525,0.012,5e-04,0.435684808177754,0.527559796975196,-2.78761456802305,37.3232090473175
"Fixed mixed-signal covariate-driven SAR design, lambda = 2",43,"cov_net_pu","Bayesian Linear Cov + Net + PU",0.695774647887324,0.463661971830986,1,0.0666666666666667,0.333333333333333,0.327433588924308,2.76542926348535,0.0936010562782771,0.83752223471438,0.955,0.266666666666667,0.7725,7.6,0.9975,0.933333333333333,0.9875,3.6,0.208119427118044,0.647617111557119,0.658196792148022,0.309154411445126,0.95517606325341,0.082,0.0305,0.0045,0.409985930474521,0.511965307303178,-2.80130093236288,37.7569799423218
"Fixed mixed-signal covariate-driven SAR design, lambda = 2",44,"cov_net_pu","Bayesian Linear Cov + Net + PU",0.657777777777778,0.473802816901408,3,0.2,0.333333333333333,0.3331168990094,2.73133508606464,0.0927176930233308,0.829823174650506,0.95,0.333333333333333,0.795,7,0.9925,0.866666666666667,1.2575,6.19999999999999,0.180309454521003,0.592497867736883,0.59547990166137,0.2043352832316,0.936658234617537,0.0605,0.017,0,0.365045579784216,0.451776884576339,-2.71444640248362,35.1556420326233
"Fixed mixed-signal covariate-driven SAR design, lambda = 2",45,"cov_net_pu","Bayesian Linear Cov + Net + PU",0.694272300469484,0.593239436619718,2,0.133333333333333,0.311111111111111,0.329705964878956,2.42050614328912,0.094917464670873,0.81273329291034,0.9525,0.466666666666667,0.7825,5.8,1,1,0.9925,1,0.183896455393874,0.415296042316354,0.401143377963695,0.137784532457714,0.746310880666483,0.001,0,0,0.295061518981461,0.340779374501088,-2.61163986289032,37.5333290100098
"Fixed mixed-signal covariate-driven SAR design, lambda = 2",46,"cov_net_pu","Bayesian Linear Cov + Net + PU",0.721564945226917,0.592112676056338,0,0,0.288888888888889,0.323084738147376,2.516991666484,0.0936775266890861,0.83344392954331,0.955,0.4,0.7875,6.4,0.995,0.933333333333333,1.1175,3.6,0.186270168230261,0.534896494415723,0.532482654640108,0.220581401425195,0.852544387281459,0.0075,0.002,0,0.362701857818545,0.430277868908671,-2.75695545041519,38.390419960022
"Fixed mixed-signal covariate-driven SAR design, lambda = 2",47,"cov_net_pu","Bayesian Linear Cov + Net + PU",0.65358372456964,0.455774647887324,1,0.0666666666666667,0.311111111111111,0.335736436724303,2.66450265110411,0.0953197664587072,0.842255052323222,0.9475,0.266666666666667,0.81,7.6,1,1,0.985,1,0.194242941225807,0.503157990236352,0.498091404080783,0.201368762107828,0.830766330380565,0.008,0.001,0,0.353208337449042,0.412934893819932,-2.65295021223825,37.276505947113
"Fixed mixed-signal covariate-driven SAR design, lambda = 2",48,"cov_net_pu","Bayesian Linear Cov + Net + PU",0.69339593114241,0.63868544600939,2,0.133333333333333,0.288888888888889,0.33862295275341,2.35341894102154,0.0972988579016544,0.810930091798165,0.9425,0.4,0.8025,6.4,1,1,1,1,0.182844767959033,0.317869371144167,0.291618333789033,0.105030663399315,0.669553192550651,0.001,0,0,0.211037668249762,0.245081158894942,-2.51135087148502,38.4929239749908
"Fixed mixed-signal covariate-driven SAR design, lambda = 2",49,"cov_net_pu","Bayesian Linear Cov + Net + PU",0.649014084507042,0.389671361502347,0,0,0.333333333333333,0.336146013095997,2.99591587757514,0.0939698194691046,0.894157918185767,0.9425,0.0666666666666667,0.89,9.4,1,1,0.8875,1,0.198437872700513,0.653803590840193,0.671070187549072,0.286248264634414,0.931804974192608,0.0565,0.017,5e-04,0.441470022542457,0.536137440290383,-2.80217264418216,38.1782319545746
"Fixed mixed-signal covariate-driven SAR design, lambda = 2",50,"cov_net_pu","Bayesian Linear Cov + Net + PU",0.629420970266041,0.56075117370892,1,0.0666666666666667,0.244444444444444,0.344759841145225,2.43374641193415,0.0983768476861718,0.827918604565001,0.9325,0.333333333333333,0.86,7,1,1,1,1,0.178092602574842,0.263745978590466,0.231257104564391,0.0851370172420728,0.611741830879592,5e-04,0,0,0.178668580844065,0.199449713787253,-2.49942099954122,37.8115758895874
"Fixed mixed-signal covariate-driven SAR design, lambda = 2",51,"cov_net_pu","Bayesian Linear Cov + Net + PU",0.618028169014085,0.485070422535211,0,0,0.244444444444444,0.343893693358433,2.56550425348227,0.0977596656014395,0.846901267632105,0.935,0.2,0.895,8.2,1,1,1,1,0.181168672170534,0.35256794201271,0.327035406789195,0.115635111986011,0.711845791486333,5e-04,0,0,0.235175117356014,0.274243318975565,-2.53814168813644,37.08562707901
"Fixed mixed-signal covariate-driven SAR design, lambda = 2",52,"cov_net_pu","Bayesian Linear Cov + Net + PU",0.749921752738654,0.602253521126761,2,0.133333333333333,0.311111111111111,0.307545528797971,2.57339602478551,0.0889434930601353,0.816728492754988,0.96,0.4,0.7125,6.4,1,1,0.8175,1,0.212542892292723,0.811339289308959,0.839509976610731,0.505751541624567,0.987898297529366,0.306,0.1395,0.0175,0.596968547125642,0.703958698316687,-2.93020298039937,38.1533639431
"Fixed mixed-signal covariate-driven SAR design, lambda = 2",53,"cov_net_pu","Bayesian Linear Cov + Net + PU",0.683004694835681,0.486760563380282,2,0.133333333333333,0.333333333333333,0.325127832725995,2.77241211862409,0.0897139278275977,0.815080713662724,0.955,0.333333333333333,0.7725,7,0.99,0.8,1.275,8.79999999999999,0.179253186641844,0.605004076149341,0.609002615938955,0.304626211290668,0.880863889420376,0.02,0.002,0,0.42985436638567,0.504242560601593,-2.82929851318414,37.6296100616455
"Fixed mixed-signal covariate-driven SAR design, lambda = 2",54,"cov_net_pu","Bayesian Linear Cov + Net + PU",0.669170579029734,0.637370892018779,1,0.0666666666666667,0.244444444444444,0.332793377631022,2.39457772912171,0.0950086079637791,0.812068144825503,0.9275,0.266666666666667,0.9225,7.6,1,1,0.985,1,0.180392397182248,0.565010180163355,0.569535284733335,0.180755110795162,0.918382658743976,0.041,0.0105,5e-04,0.340494738181719,0.421019239669058,-2.58158551059511,37.6260321140289
"Fixed mixed-signal covariate-driven SAR design, lambda = 2",55,"cov_net_pu","Bayesian Linear Cov + Net + PU",0.709859154929578,0.544037558685446,0,0,0.377777777777778,0.319201302113545,2.83654020498733,0.0883578145432677,0.851206802601139,0.95,0.266666666666667,0.8,7.6,0.9875,0.8,1.3425,8.79999999999999,0.185259138883397,0.744641961878816,0.766908035865346,0.421768371464329,0.955886757582161,0.13,0.0335,0.001,0.546869152808855,0.642912312142696,-2.90996488116062,38.6512570381165
"Fixed mixed-signal covariate-driven SAR design, lambda = 2",56,"cov_net_pu","Bayesian Linear Cov + Net + PU",0.681377151799687,0.586666666666667,2,0.133333333333333,0.244444444444444,0.337347576316571,2.42210466482534,0.0969060108651796,0.822920981691878,0.935,0.266666666666667,0.9125,7.6,1,1,1,1,0.193947803663611,0.473249977803681,0.441020851215436,0.133915611574481,0.913591794213195,0.03,0.013,0.0025,0.279009692123566,0.352605826451374,-2.53185888106215,38.5118091106415
"Fixed mixed-signal covariate-driven SAR design, lambda = 2",57,"cov_net_pu","Bayesian Linear Cov + Net + PU",0.589608763693271,0.51830985915493,1,0.0666666666666667,0.222222222222222,0.336829106876135,2.56771565318624,0.0936931841496492,0.83382829723002,0.9175,0.133333333333333,0.995,8.8,1,1,0.9725,1,0.167246440005505,0.725304679635596,0.764644271795614,0.301925652056804,0.96913747745866,0.1795,0.0565,0.002,0.378462166394977,0.512931525826246,-2.60777575502019,36.035336971283
"Fixed mixed-signal covariate-driven SAR design, lambda = 2",58,"cov_net_pu","Bayesian Linear Cov + Net + PU",0.764820031298905,0.645633802816901,1,0.0666666666666667,0.377777777777778,0.30307930326607,2.51211228937118,0.0864297100915074,0.797896064736804,0.96,0.466666666666667,0.71,5.8,0.99,0.866666666666667,1.1625,6.19999999999999,0.199197544295032,0.711121891553507,0.72630135332146,0.408158397042604,0.947754764405876,0.0865,0.0235,0.001,0.511372865612387,0.59849721930728,-3.01123729139283,36.6020181179047
"Fixed mixed-signal covariate-driven SAR design, lambda = 2",59,"cov_net_pu","Bayesian Linear Cov + Net + PU",0.663286384976526,0.490516431924883,2,0.133333333333333,0.333333333333333,0.335120336991418,2.56479723010789,0.095544935149488,0.830234460981197,0.95,0.266666666666667,0.805,7.6,1,1,0.99,1,0.185550810283926,0.415389607577116,0.40546741279011,0.158041731796327,0.752860750747697,0.002,5e-04,0,0.296986352740505,0.342058591804691,-2.61395703261847,37.4723560810089
"Fixed mixed-signal covariate-driven SAR design, lambda = 2",60,"cov_net_pu","Bayesian Linear Cov + Net + PU",0.693896713615023,0.553427230046948,3,0.2,0.333333333333333,0.321012177086598,2.5166242103621,0.0907039509917494,0.797539623756106,0.9525,0.4,0.75,6.4,0.9975,0.933333333333333,1.045,3.6,0.187131133339749,0.704526333462674,0.725508904444976,0.331361608220615,0.966156297644494,0.1325,0.045,0.002,0.447270847159148,0.562147583409798,-2.72233096847803,38.3361508846283
"Fixed mixed-signal covariate-driven SAR design, lambda = 2",61,"cov_net_pu","Bayesian Linear Cov + Net + PU",0.745790297339593,0.586666666666667,1,0.0666666666666667,0.333333333333333,0.31244178209165,2.5636155465676,0.0905719222397404,0.813649433475874,0.9625,0.4,0.6825,6.4,0.9975,0.933333333333333,0.94,3.6,0.20931152343562,0.770772407464022,0.79572745798357,0.425117663706205,0.973688439597237,0.211,0.0815,0.005,0.521690362691789,0.652620933007056,-2.96595361269453,37.829108953476
"Fixed mixed-signal covariate-driven SAR design, lambda = 2",62,"cov_net_pu","Bayesian Linear Cov + Net + PU",0.693458528951487,0.489953051643192,0,0,0.266666666666667,0.332536443795419,2.73836588949792,0.0949232343129516,0.855712134611376,0.955,0.2,0.7525,8.2,0.995,0.933333333333333,1.1325,3.6,0.198307830261914,0.573063186164749,0.570112881614761,0.247914907661107,0.905014734623206,0.0265,0.01,0.001,0.388906190935887,0.459665150049875,-2.74072119597808,37.1194479465485
"Fixed mixed-signal covariate-driven SAR design, lambda = 2",63,"cov_net_pu","Bayesian Linear Cov + Net + PU",0.77489827856025,0.629107981220657,3,0.2,0.4,0.293335656809335,2.45915354771547,0.0832255408356643,0.734532394883883,0.96,0.4,0.7125,6.4,0.9925,0.866666666666667,1.0325,6.19999999999999,0.221991401213036,0.847007101384653,0.884229014262602,0.51792098888019,0.998559493395601,0.457,0.3005,0.12,0.604759001593684,0.70343524641169,-3.05089951187014,36.9668409824371
"Fixed mixed-signal covariate-driven SAR design, lambda = 2",64,"cov_net_pu","Bayesian Linear Cov + Net + PU",0.757433489827856,0.734647887323944,2,0.133333333333333,0.4,0.311094998267488,2.19991566951678,0.091078925368196,0.770262508134968,0.9525,0.533333333333333,0.725,5.2,1,1,0.945,1,0.203897697929023,0.656084656938607,0.665372786369173,0.276723684545964,0.959635307099449,0.0845,0.0355,0.0045,0.456531300452445,0.547217652678395,-2.69692215623329,38.2487831115723
"Fixed mixed-signal covariate-driven SAR design, lambda = 2",65,"cov_net_pu","Bayesian Linear Cov + Net + PU",0.697464788732394,0.524319248826291,1,0.0666666666666667,0.288888888888889,0.328237318355392,2.61788164908648,0.0945113104888325,0.83082351851228,0.9525,0.333333333333333,0.8125,7,0.9975,0.933333333333333,1.02,3.6,0.203436057428849,0.573216579166564,0.57028588489518,0.244163496198702,0.899955403000145,0.025,0.01,0,0.391054138770592,0.464941769845511,-2.73041632897816,39.3707141876221
"Fixed mixed-signal covariate-driven SAR design, lambda = 2",66,"cov_net_pu","Bayesian Linear Cov + Net + PU",0.712863849765258,0.59962441314554,2,0.133333333333333,0.333333333333333,0.318226948697572,2.41590594981172,0.0910543726157642,0.784475994917085,0.9575,0.466666666666667,0.74,5.8,1,1,0.945,1,0.188994022604087,0.562208661802619,0.562537753199229,0.241160614580758,0.869124693703604,0.0135,0.0045,5e-04,0.388889895452659,0.459180603119191,-2.72790803538581,35.316034078598
"Fixed mixed-signal covariate-driven SAR design, lambda = 2",67,"cov_net_pu","Bayesian Linear Cov + Net + PU",0.647323943661972,0.550610328638498,0,0,0.244444444444444,0.343859977342456,2.48701369038952,0.0982756347971189,0.838475020339706,0.94,0.333333333333333,0.8425,7,1,1,1,1,0.18000026410709,0.329288433176265,0.29865076387893,0.105876375081211,0.679953480748237,0.002,0,0,0.212348196268304,0.248262827751907,-2.51941229513868,36.864972114563
"Fixed mixed-signal covariate-driven SAR design, lambda = 2",68,"cov_net_pu","Bayesian Linear Cov + Net + PU",0.656713615023474,0.496901408450704,2,0.133333333333333,0.333333333333333,0.333360341973465,2.57354864984715,0.0941500657454039,0.843402822886459,0.9425,0.2,0.835,8.2,1,1,1,1,0.174139791707616,0.433035481102232,0.414827638631648,0.129634324943115,0.822137549795208,0.002,0,0,0.285528320623888,0.340647801584479,-2.62253112420281,33.5758450031281
"Fixed mixed-signal covariate-driven SAR design, lambda = 2",69,"cov_net_pu","Bayesian Linear Cov + Net + PU",0.61151799687011,0.420845070422535,0,0,0.222222222222222,0.342968810349106,2.68755182864945,0.0970155915791638,0.860131631868704,0.9325,0.133333333333333,0.9275,8.8,1,1,0.9875,1,0.188020908715969,0.537611108936856,0.529054453840611,0.170838069880025,0.920839276697453,0.041,0.011,5e-04,0.33157243405122,0.416629662668856,-2.58491069092042,36.0940418243408
"Fixed mixed-signal covariate-driven SAR design, lambda = 2",70,"cov_net_pu","Bayesian Linear Cov + Net + PU",0.749546165884194,0.754929577464789,3,0.2,0.311111111111111,0.3316593081324,2.21710479851701,0.0959872931701002,0.781375742017156,0.955,0.533333333333333,0.69,5.2,1,1,1,1,0.1853826771551,0.37868993436969,0.349696175945925,0.116204554785877,0.801555471810527,0.0075,0.003,5e-04,0.231985766983593,0.281344616167282,-2.50858054654443,33.5996649265289
"Fixed mixed-signal covariate-driven SAR design, lambda = 2",71,"cov_net_pu","Bayesian Linear Cov + Net + PU",0.685696400625978,0.578967136150235,0,0,0.288888888888889,0.33740936675341,2.44870143986989,0.0969497168536985,0.828915411669169,0.9525,0.4,0.765,6.4,1,1,1,1,0.192351173737138,0.412550408488302,0.387016985681358,0.130904002753563,0.824451055674238,0.0095,5e-04,0,0.261685754582145,0.313564958567139,-2.55544206431281,34.7079360485077
"Fixed mixed-signal covariate-driven SAR design, lambda = 2",72,"cov_net_pu","Bayesian Linear Cov + Net + PU",0.65226917057903,0.487323943661972,2,0.133333333333333,0.355555555555556,0.332952413327185,2.61376750283205,0.0941683811957566,0.841271467171882,0.9425,0.133333333333333,0.8725,8.8,1,1,0.9775,1,0.186785696422436,0.509581919569109,0.504448131567729,0.195857615720726,0.841116956020872,0.0055,0,0,0.339048059232721,0.406478690734166,-2.67731408275835,31.7712709903717
"Fixed mixed-signal covariate-driven SAR design, lambda = 2",73,"cov_net_pu","Bayesian Linear Cov + Net + PU",0.705226917057903,0.547981220657277,0,0,0.311111111111111,0.327406561709704,2.58555221069134,0.0944546385822212,0.835765672636186,0.9525,0.333333333333333,0.8025,7,1,1,0.935,1,0.204927662310811,0.579815955755148,0.57906065584854,0.241044984967694,0.920677735100343,0.0325,0.0145,5e-04,0.405166854742308,0.475617244207815,-2.70968743918633,35.2489891052246
"Fixed mixed-signal covariate-driven SAR design, lambda = 2",74,"cov_net_pu","Bayesian Linear Cov + Net + PU",0.754804381846635,0.581971830985916,3,0.2,0.422222222222222,0.294748381592256,2.57143427982123,0.0817768124073379,0.761522237715018,0.965,0.466666666666667,0.63,5.8,0.99,0.733333333333333,1.225,11.4,0.205503271294702,0.84603145226121,0.880113135664846,0.535388238418679,0.992769119597467,0.426,0.22,0.0375,0.631887125858708,0.739772935977203,-3.00785369970256,38.3933370113373
"Fixed mixed-signal covariate-driven SAR design, lambda = 2",75,"cov_net_pu","Bayesian Linear Cov + Net + PU",0.661032863849765,0.516995305164319,1,0.0666666666666667,0.266666666666667,0.342816598395516,2.48894013603467,0.0981981485501901,0.833480611853353,0.9375,0.266666666666667,0.8875,7.6,1,1,1,1,0.184756346696809,0.318789542993724,0.296034831466855,0.102128778528726,0.668904633891379,0.002,0,0,0.219435695067097,0.249680584333347,-2.51041008087984,34.4002799987793
"Fixed mixed-signal covariate-driven SAR design, lambda = 2",76,"cov_net_pu","Bayesian Linear Cov + Net + PU",0.671048513302034,0.510234741784038,1,0.0666666666666667,0.288888888888889,0.333757642404727,2.51266063234141,0.0958531581158977,0.824500170599818,0.9475,0.4,0.8275,6.4,1,1,0.99,1,0.186835963597184,0.424367616236517,0.412578890256068,0.1338588148564,0.790357828453965,0.004,0.0015,0,0.289005901507967,0.335849414447002,-2.61398485102455,33.0516858100891
"Fixed mixed-signal covariate-driven SAR design, lambda = 2",77,"cov_net_pu","Bayesian Linear Cov + Net + PU",0.697151799687011,0.687887323943662,4,0.266666666666667,0.311111111111111,0.337142126817359,2.27993299832935,0.0971816343588652,0.798617967575321,0.935,0.333333333333333,0.885,7,1,1,1,1,0.186598332364627,0.32798099864477,0.301176876217537,0.107841541888325,0.677135442436595,0.0015,5e-04,0,0.21772605801715,0.250785308196057,-2.51898377429794,35.0588440895081
"Fixed mixed-signal covariate-driven SAR design, lambda = 2",78,"cov_net_pu","Bayesian Linear Cov + Net + PU",0.754992175273865,0.571830985915493,2,0.133333333333333,0.4,0.306094976453462,2.76771910693255,0.0861390512380702,0.811128887735676,0.96,0.266666666666667,0.7075,7.6,0.99,0.8,1.16,8.79999999999999,0.198383424805492,0.830551181116872,0.852703024872448,0.543644442257818,0.986755292965232,0.3455,0.1595,0.0145,0.615136981953263,0.723421851537872,-3.03837220968871,35.6399028301239
"Fixed mixed-signal covariate-driven SAR design, lambda = 2",79,"cov_net_pu","Bayesian Linear Cov + Net + PU",0.706666666666667,0.587417840375587,2,0.133333333333333,0.266666666666667,0.32579102833764,2.47620967190045,0.0934120408730634,0.812202500522861,0.95,0.4,0.81,6.4,0.9975,0.933333333333333,1.0725,3.6,0.187971082842865,0.51407316178741,0.504951936845592,0.208163227234379,0.871417499126377,0.0105,0.003,0.0015,0.345788716202501,0.413235606982131,-2.66583329695114,34.1921229362488
"Fixed mixed-signal covariate-driven SAR design, lambda = 2",80,"cov_net_pu","Bayesian Linear Cov + Net + PU",0.629170579029734,0.434366197183099,1,0.0666666666666667,0.333333333333333,0.338741257203455,2.75760879874326,0.0942514224893793,0.851342912980358,0.9425,0.266666666666667,0.8425,7.6,0.9925,0.866666666666667,1.275,6.19999999999999,0.179644282754486,0.511751677128775,0.504767576854436,0.190630867873656,0.846597307571952,0.009,0.002,0,0.345941612474831,0.414609943133632,-2.6727683089971,33.7412981987
"Fixed mixed-signal covariate-driven SAR design, lambda = 2",81,"cov_net_pu","Bayesian Linear Cov + Net + PU",0.592050078247261,0.344976525821596,0,0,0.2,0.347860772001208,2.7616388506344,0.098175686586673,0.871785694282659,0.94,0.0666666666666667,0.9025,9.4,1,1,0.9925,1,0.187505829454814,0.43108870804167,0.41000798624243,0.128772085794344,0.815457213329596,0.0055,0.001,0,0.265212245482594,0.324432783983895,-2.5809813454175,34.4264240264893
"Fixed mixed-signal covariate-driven SAR design, lambda = 2",82,"cov_net_pu","Bayesian Linear Cov + Net + PU",0.66697965571205,0.507981220657277,0,0,0.377777777777778,0.331710856142174,2.59837325493423,0.0940453996591821,0.839384709707126,0.9525,0.333333333333333,0.7725,7,0.9975,1,1.0925,1,0.178837986992918,0.558136896787636,0.553954777248381,0.154298417574571,0.948222623850625,0.066,0.024,0.0015,0.327701099119132,0.411351330333241,-2.65713006851138,36.0421698093414
"Fixed mixed-signal covariate-driven SAR design, lambda = 2",83,"cov_net_pu","Bayesian Linear Cov + Net + PU",0.74735524256651,0.64075117370892,2,0.133333333333333,0.355555555555556,0.314327543544683,2.33718405037206,0.0910957393313632,0.769591066904429,0.9575,0.466666666666667,0.745,5.8,0.9975,0.933333333333333,1.0375,3.6,0.224378976162502,0.647159227842447,0.649325852257941,0.287520083564959,0.967176423894811,0.0945,0.041,0.013,0.444089981686338,0.5317748595558,-2.71228738244397,33.8342521190643
"Fixed mixed-signal covariate-driven SAR design, lambda = 2",84,"cov_net_pu","Bayesian Linear Cov + Net + PU",0.701408450704225,0.658779342723005,2,0.133333333333333,0.288888888888889,0.326377708218002,2.327246169379,0.0938764707808039,0.793216562416102,0.95,0.533333333333333,0.79,5.2,1,1,0.985,1,0.185184079567578,0.511524300473225,0.505385974414044,0.169058914013649,0.882157748378292,0.0155,0.0035,5e-04,0.319434425470671,0.396094952805905,-2.61123804969521,37.1593189239502
"Fixed mixed-signal covariate-driven SAR design, lambda = 2",85,"cov_net_pu","Bayesian Linear Cov + Net + PU",0.65189358372457,0.52056338028169,2,0.133333333333333,0.266666666666667,0.336134218657358,2.52072464900136,0.0960410816262329,0.832543663698812,0.94,0.2,0.875,8.2,1,1,1,1,0.181270208771545,0.438979836440476,0.423041817926292,0.142981595706191,0.817371430060057,0.008,0.003,0.001,0.281945878180442,0.337259663768617,-2.59691464576193,32.8980340957642
"Fixed mixed-signal covariate-driven SAR design, lambda = 2",86,"cov_net_pu","Bayesian Linear Cov + Net + PU",0.712613458528952,0.630985915492958,3,0.2,0.355555555555556,0.333110645228782,2.28870428932804,0.0961593129553657,0.787272628487841,0.9425,0.4,0.8125,6.4,1,1,1,1,0.193831308470817,0.435948403798776,0.405289748901961,0.128834736066674,0.906760228169696,0.026,0.012,0.004,0.276328040500553,0.331909103641693,-2.50606702878636,35.3457288742065
"Fixed mixed-signal covariate-driven SAR design, lambda = 2",87,"cov_net_pu","Bayesian Linear Cov + Net + PU",0.672425665101721,0.575399061032864,1,0.0666666666666667,0.288888888888889,0.338518073627475,2.43098836156301,0.0971322459823022,0.824071813001946,0.9425,0.333333333333333,0.835,7,1,1,1,1,0.180576040036701,0.346999223710114,0.318644436375902,0.102378567716238,0.735825377483369,0.002,0.001,0,0.231706837353183,0.267795623720596,-2.52838211586903,33.6290328502655
"Fixed mixed-signal covariate-driven SAR design, lambda = 2",88,"cov_net_pu","Bayesian Linear Cov + Net + PU",0.868920187793427,0.791361502347418,6,0.4,0.644444444444444,0.236931473827871,2.01241895634919,0.0656060236794548,0.622567163837511,0.9775,0.666666666666667,0.45,4,0.99,0.866666666666667,1.1,6.19999999999999,0.189386042971474,0.980242765581963,0.992095796437947,0.88882349852525,0.999902568708685,0.968,0.899,0.5615,0.839477233391366,0.925835374560714,-3.36450998756974,36.2152669429779
"Fixed mixed-signal covariate-driven SAR design, lambda = 2",89,"cov_net_pu","Bayesian Linear Cov + Net + PU",0.719374021909233,0.551173708920188,2,0.133333333333333,0.355555555555556,0.314522053333612,2.62348848300885,0.0891059332073843,0.814416364250065,0.95,0.2,0.805,8.2,0.9975,0.933333333333333,0.93,3.6,0.195895833293651,0.687694235501297,0.697771979440837,0.35874706441003,0.946969967836595,0.0815,0.0225,0,0.48990814837275,0.578948525108339,-2.89836779498754,32.7773599624634
"Fixed mixed-signal covariate-driven SAR design, lambda = 2",90,"cov_net_pu","Bayesian Linear Cov + Net + PU",0.690391236306729,0.530704225352113,1,0.0666666666666667,0.266666666666667,0.329806120448886,2.53741063114359,0.0949661969055303,0.824158172006538,0.9525,0.333333333333333,0.7925,7,1,1,0.97,1,0.200142612179501,0.529927745624023,0.524957856283192,0.196780326600623,0.863178603621165,0.0135,0.0025,0,0.358125672368116,0.423382371300669,-2.6545030175211,35.1403350830078
"Fixed mixed-signal covariate-driven SAR design, lambda = 2",91,"cov_net_pu","Bayesian Linear Cov + Net + PU",0.620281690140845,0.497276995305164,1,0.0666666666666667,0.266666666666667,0.348751403386589,2.4781149651559,0.0992468120148583,0.836637105878792,0.9275,0.2,0.9025,8.2,1,1,1,1,0.178818040278469,0.246046216392825,0.217664286509615,0.0891775327657763,0.567968232452307,0,0,0,0.172796302469009,0.191196386063499,-2.47241257276081,32.9792251586914
"Fixed mixed-signal covariate-driven SAR design, lambda = 2",92,"cov_net_pu","Bayesian Linear Cov + Net + PU",0.701596244131455,0.604131455399061,1,0.0666666666666667,0.311111111111111,0.328547684369513,2.40269798482038,0.0947854946440816,0.808397142109717,0.95,0.333333333333333,0.7975,7,1,1,0.9925,1,0.185308505025484,0.430652530227951,0.421158250900077,0.151634140727454,0.773501200048214,0.002,0,0,0.294824567249542,0.34256464837565,-2.64125412351226,34.8712058067322
"Fixed mixed-signal covariate-driven SAR design, lambda = 2",93,"cov_net_pu","Bayesian Linear Cov + Net + PU",0.660406885758998,0.505915492957747,3,0.2,0.4,0.327732830398581,2.64318786181178,0.0914405848475048,0.825547756995356,0.9425,0.266666666666667,0.85,7.6,0.9975,0.933333333333333,1.07,3.6,0.178287152718777,0.613491956619469,0.627348386532494,0.241366821320556,0.913245847029228,0.037,0.0085,0,0.395036538756603,0.48928210155702,-2.71261070777417,32.1554639339447
"Fixed mixed-signal covariate-driven SAR design, lambda = 2",94,"cov_net_pu","Bayesian Linear Cov + Net + PU",0.648200312989045,0.452582159624413,1,0.0666666666666667,0.355555555555556,0.336579451990558,2.60058752815563,0.0961433228469016,0.844802711869912,0.9475,0.2,0.815,8.2,1,1,0.99,1,0.19372301211679,0.476052729573073,0.458604418969003,0.148892770049642,0.904023109737673,0.026,0.009,0.0015,0.299560113404077,0.362501298307804,-2.59513453715016,35.5657110214233
"Fixed mixed-signal covariate-driven SAR design, lambda = 2",95,"cov_net_pu","Bayesian Linear Cov + Net + PU",0.700093896713615,0.585164319248826,1,0.0666666666666667,0.222222222222222,0.330275392795264,2.47892715331066,0.0952192867712567,0.82216470515607,0.945,0.266666666666667,0.8375,7.6,1,1,0.9875,1,0.187866167088399,0.451055516829073,0.437527051234414,0.170928516210353,0.806433017913827,0.008,0.0035,5e-04,0.315922796387573,0.365995066276176,-2.62362496202392,32.7203719615936
"Fixed mixed-signal covariate-driven SAR design, lambda = 2",96,"cov_net_pu","Bayesian Linear Cov + Net + PU",0.752863849765258,0.708920187793427,5,0.333333333333333,0.377777777777778,0.309680118940027,2.14894788852342,0.0894875034797978,0.736000685535966,0.95,0.533333333333333,0.7725,5.2,0.9975,0.933333333333333,1.0775,3.6,0.199289956626845,0.631097249927784,0.646084316077369,0.247610047990122,0.948053766957777,0.0775,0.0225,0.002,0.411656868242808,0.509520173930439,-2.6984181677565,36.1178569793701
"Fixed mixed-signal covariate-driven SAR design, lambda = 2",97,"cov_net_pu","Bayesian Linear Cov + Net + PU",0.738090766823161,0.63924882629108,2,0.133333333333333,0.311111111111111,0.315166916507698,2.30862858396272,0.0911393214703336,0.770666117678205,0.955,0.4,0.715,6.4,1,1,0.945,1,0.234008383175517,0.73241710164636,0.747410005810841,0.350983677375075,0.99972420605569,0.227,0.156,0.0845,0.525945789415945,0.611849148192006,-2.65548151107314,34.2592568397522
"Fixed mixed-signal covariate-driven SAR design, lambda = 2",98,"cov_net_pu","Bayesian Linear Cov + Net + PU",0.715743348982786,0.611079812206573,0,0,0.333333333333333,0.31707319683515,2.57320790025603,0.0896895225891314,0.83762110308937,0.9525,0.4,0.7625,6.4,0.995,0.933333333333333,1.1025,3.6,0.176709728639838,0.718070486203781,0.742427779882309,0.353051004602564,0.954715624613553,0.1335,0.035,0.001,0.459054446116115,0.587459475151029,-2.81895651855634,34.5400500297546
"Fixed mixed-signal covariate-driven SAR design, lambda = 2",99,"cov_net_pu","Bayesian Linear Cov + Net + PU",0.73302034428795,0.526948356807512,1,0.0666666666666667,0.4,0.304255389938498,2.9908834402966,0.0826754438997586,0.855264886139697,0.95,0.2,0.7675,8.2,0.9825,0.6,1.425,16.6,0.169786043889542,0.870818445006414,0.891075706004851,0.649963620186847,0.984355520179716,0.4575,0.205,0.012,0.694927320436595,0.783003342245763,-3.13376637686494,34.8720700740814
"Fixed mixed-signal covariate-driven SAR design, lambda = 2",100,"cov_net_pu","Bayesian Linear Cov + Net + PU",0.701095461658842,0.513990610328638,1,0.0666666666666667,0.4,0.313774958711529,2.74542697144144,0.0874543054872543,0.842863697945894,0.945,0.333333333333333,0.8075,7,0.9975,0.933333333333333,1.0025,3.6,0.176121137054203,0.826690799418609,0.866496883365937,0.467359048634737,0.990124150419588,0.3935,0.1995,0.0255,0.563922830405113,0.693320759267131,-2.87462048872681,35.7970328330994
