"scenario","replicate","node","positive_signal_group","oracle_covariate_score","standardized_oracle_score","hidden_weight","hidden_SAR","observed_SAR"
"Fixed mixed-signal covariate-driven SAR design, lambda = 2",1,356,"covariates only",5.99962095430497,0.259924415999364,0.00297879252415888,0,1
"Fixed mixed-signal covariate-driven SAR design, lambda = 2",1,357,"covariates only",40.8858562421914,2.67657170981922,2.37119399470133e-05,0,1
"Fixed mixed-signal covariate-driven SAR design, lambda = 2",1,358,"covariates only",6.70330549926402,0.308670213224112,0.002702092386152,0,1
"Fixed mixed-signal covariate-driven SAR design, lambda = 2",1,359,"covariates only",3.48917148435928,0.0860199844162194,0.00421785577334974,0,1
"Fixed mixed-signal covariate-driven SAR design, lambda = 2",1,360,"covariates only",12.262606017822,0.693775354057964,0.00125084102997781,0,1
"Fixed mixed-signal covariate-driven SAR design, lambda = 2",1,361,"network only",-11.1417665362992,-0.92749771051109,0.0320200502913372,1,0
"Fixed mixed-signal covariate-driven SAR design, lambda = 2",1,362,"network only",-4.76997409377423,-0.486109442733265,0.0132445446435396,0,1
"Fixed mixed-signal covariate-driven SAR design, lambda = 2",1,363,"network only",-3.81516298648156,-0.419967548673713,0.0116034440454419,1,0
"Fixed mixed-signal covariate-driven SAR design, lambda = 2",1,364,"network only",-17.1651709579684,-1.34475236338743,0.0737640572578362,1,0
"Fixed mixed-signal covariate-driven SAR design, lambda = 2",1,365,"network only",-11.9501144119562,-0.983493769989874,0.0358145557922157,1,0
"Fixed mixed-signal covariate-driven SAR design, lambda = 2",1,366,"both",9.35292894013892,0.492215536048193,0.00187186598273139,0,1
"Fixed mixed-signal covariate-driven SAR design, lambda = 2",1,367,"both",6.62485973511152,0.303236100254158,0.0027316194997456,1,0
"Fixed mixed-signal covariate-driven SAR design, lambda = 2",1,368,"both",0.127777110572825,-0.146831297753886,0.0067196055350823,0,1
"Fixed mixed-signal covariate-driven SAR design, lambda = 2",1,369,"both",-0.309619173706958,-0.177130713497912,0.00713939675126391,1,0
"Fixed mixed-signal covariate-driven SAR design, lambda = 2",1,370,"both",0.947689148165872,-0.0900341629966258,0.00599805459904826,0,1
"Fixed mixed-signal covariate-driven SAR design, lambda = 2",1,371,"covariates only",7.3552591047148,0.353832492940083,0.0024687251191256,0,1
"Fixed mixed-signal covariate-driven SAR design, lambda = 2",1,372,"covariates only",12.1246259630245,0.684217168049191,0.00127498258675418,0,1
"Fixed mixed-signal covariate-driven SAR design, lambda = 2",1,373,"covariates only",-1.95777872023216,-0.291302399695205,0.00897077127812992,0,1
"Fixed mixed-signal covariate-driven SAR design, lambda = 2",1,374,"covariates only",8.3701212942275,0.424134259342994,0.00214491159801015,0,1
"Fixed mixed-signal covariate-driven SAR design, lambda = 2",1,375,"covariates only",5.50201967503133,0.225454466031003,0.00319139436115737,0,1
"Fixed mixed-signal covariate-driven SAR design, lambda = 2",1,376,"covariates only",24.849936704675,1.56572781295115,0.000218692473036477,0,1
"Fixed mixed-signal covariate-driven SAR design, lambda = 2",1,377,"covariates only",4.73862459239216,0.172572386742386,0.00354742533879155,1,0
"Fixed mixed-signal covariate-driven SAR design, lambda = 2",1,378,"covariates only",12.7158269787994,0.725170980436394,0.00117471421448146,0,1
"Fixed mixed-signal covariate-driven SAR design, lambda = 2",1,379,"covariates only",5.44115935478108,0.221238535965174,0.00321841751967848,0,1
"Fixed mixed-signal covariate-driven SAR design, lambda = 2",1,380,"covariates only",3.98818100978942,0.120587486735388,0.00393610589756419,0,1
"Fixed mixed-signal covariate-driven SAR design, lambda = 2",1,381,"network only",-12.7373519794961,-1.03802747136204,0.0399417363055945,1,0
"Fixed mixed-signal covariate-driven SAR design, lambda = 2",1,382,"network only",-7.2670252331944,-0.659085742090647,0.018718986719434,0,1
"Fixed mixed-signal covariate-driven SAR design, lambda = 2",1,383,"network only",-5.15166551756906,-0.512550058602994,0.0139637819556717,1,0
"Fixed mixed-signal covariate-driven SAR design, lambda = 2",1,384,"network only",-12.701458819576,-1.03554107215411,0.0397436071390595,0,1
"Fixed mixed-signal covariate-driven SAR design, lambda = 2",1,385,"network only",-9.20653743820204,-0.793440076483095,0.0244895625921775,1,0
"Fixed mixed-signal covariate-driven SAR design, lambda = 2",1,386,"network only",-8.25263083174912,-0.727360839213208,0.021457806865558,0,1
"Fixed mixed-signal covariate-driven SAR design, lambda = 2",1,387,"network only",-11.7125115416603,-0.967034489452267,0.034654785857103,0,1
"Fixed mixed-signal covariate-driven SAR design, lambda = 2",1,388,"network only",-24.1097473749123,-1.82581865403875,0.193060606947776,1,0
"Fixed mixed-signal covariate-driven SAR design, lambda = 2",1,389,"network only",-9.91440294107647,-0.842475497983674,0.0270129897762394,1,0
"Fixed mixed-signal covariate-driven SAR design, lambda = 2",1,390,"network only",-35.9813958547243,-2.64819421090717,1,1,0
"Fixed mixed-signal covariate-driven SAR design, lambda = 2",1,391,"both",12.0581059400037,0.679609177754699,0.00128678711311726,0,1
"Fixed mixed-signal covariate-driven SAR design, lambda = 2",1,392,"both",5.98805577824585,0.259123270470327,0.00298356924260887,0,1
"Fixed mixed-signal covariate-driven SAR design, lambda = 2",1,393,"both",2.94255089014753,0.048154357218357,0.00454968565030482,0,1
"Fixed mixed-signal covariate-driven SAR design, lambda = 2",1,394,"both",5.15924950465863,0.201710012156927,0.00334660645150009,1,0
"Fixed mixed-signal covariate-driven SAR design, lambda = 2",1,395,"both",42.7799836089822,2.80778213528736,1.823892170002e-05,0,1
"Fixed mixed-signal covariate-driven SAR design, lambda = 2",1,396,"both",5.45763030555601,0.222379515445717,0.00321108159630036,0,1
"Fixed mixed-signal covariate-driven SAR design, lambda = 2",1,397,"both",27.4992224290649,1.74924974140142,0.000151505609906111,0,1
"Fixed mixed-signal covariate-driven SAR design, lambda = 2",1,398,"both",5.40219852961758,0.218539632746773,0.00323583688536999,0,1
"Fixed mixed-signal covariate-driven SAR design, lambda = 2",1,399,"both",2.66483614316822,0.028916437557405,0.00472814988919168,0,1
"Fixed mixed-signal covariate-driven SAR design, lambda = 2",1,400,"both",7.84610292234015,0.387834338474973,0.0023064237857394,1,0
"Fixed mixed-signal covariate-driven SAR design, lambda = 2",2,356,"covariates only",12.0658277364613,0.742190569789336,0.000561790732463785,0,1
"Fixed mixed-signal covariate-driven SAR design, lambda = 2",2,357,"covariates only",3.30176712453071,0.0504234842045384,0.00224096888562132,0,1
"Fixed mixed-signal covariate-driven SAR design, lambda = 2",2,358,"covariates only",6.26509445787583,0.284325599193489,0.00140368943444182,0,1
"Fixed mixed-signal covariate-driven SAR design, lambda = 2",2,359,"covariates only",3.52092010607015,0.0677217236907396,0.00216476504561655,0,1
"Fixed mixed-signal covariate-driven SAR design, lambda = 2",2,360,"covariates only",8.79745164029058,0.484210267420685,0.000941138227560239,0,1
"Fixed mixed-signal covariate-driven SAR design, lambda = 2",2,361,"network only",-12.7162375154459,-1.21391377649355,0.0280947529731315,0,1
"Fixed mixed-signal covariate-driven SAR design, lambda = 2",2,362,"network only",-10.2805542869927,-1.02165980165669,0.0191265014208304,1,0
"Fixed mixed-signal covariate-driven SAR design, lambda = 2",2,363,"network only",-9.27423610028848,-0.94222883580512,0.0163170887889269,1,0
"Fixed mixed-signal covariate-driven SAR design, lambda = 2",2,364,"network only",-6.53573294751257,-0.726072600842334,0.0105898975004525,1,0
"Fixed mixed-signal covariate-driven SAR design, lambda = 2",2,365,"network only",-16.1022002163214,-1.48117545497794,0.0479474773021943,1,0
"Fixed mixed-signal covariate-driven SAR design, lambda = 2",2,366,"both",11.4167567545965,0.690957932163453,0.000622407295051982,0,1
"Fixed mixed-signal covariate-driven SAR design, lambda = 2",2,367,"both",17.2284657221934,1.14968923866636,0.000248671333958983,0,1
"Fixed mixed-signal covariate-driven SAR design, lambda = 2",2,368,"both",3.65306435353806,0.0781521674080313,0.00212007389490998,0,1
"Fixed mixed-signal covariate-driven SAR design, lambda = 2",2,369,"both",23.8319291405771,1.67091551105002,8.76787472953745e-05,0,1
"Fixed mixed-signal covariate-driven SAR design, lambda = 2",2,370,"both",28.4018749826149,2.03163165125144,4.26167451833577e-05,0,1
"Fixed mixed-signal covariate-driven SAR design, lambda = 2",2,371,"covariates only",2.4944835331709,-0.0132972317926989,0.00254555765166449,1,0
"Fixed mixed-signal covariate-driven SAR design, lambda = 2",2,372,"covariates only",7.45268016706645,0.3780644197364,0.00116372543338066,0,1
"Fixed mixed-signal covariate-driven SAR design, lambda = 2",2,373,"covariates only",9.27739075514168,0.522092945033243,0.00087246685768848,0,1
"Fixed mixed-signal covariate-driven SAR design, lambda = 2",2,374,"covariates only",1.88372188521378,-0.0615060272247045,0.00280321601100358,0,1
"Fixed mixed-signal covariate-driven SAR design, lambda = 2",2,375,"covariates only",2.71864964179602,0.00439670512957561,0.00245705104515718,0,1
"Fixed mixed-signal covariate-driven SAR design, lambda = 2",2,376,"covariates only",8.60963082901377,0.469385146853598,0.000969461016776125,0,1
"Fixed mixed-signal covariate-driven SAR design, lambda = 2",2,377,"covariates only",11.0740374969741,0.663906327602835,0.00065700912203134,0,1
"Fixed mixed-signal covariate-driven SAR design, lambda = 2",2,378,"covariates only",18.2909979022455,1.23355730189428,0.000210270743304791,0,1
"Fixed mixed-signal covariate-driven SAR design, lambda = 2",2,379,"covariates only",8.4341444425426,0.455533610276624,0.000996693536857627,0,1
"Fixed mixed-signal covariate-driven SAR design, lambda = 2",2,380,"covariates only",15.8610535246363,1.04175630750777,0.000308585188487328,0,1
"Fixed mixed-signal covariate-driven SAR design, lambda = 2",2,381,"network only",-1.21809158855119,-0.306339165856019,0.00457420819077594,0,1
"Fixed mixed-signal covariate-driven SAR design, lambda = 2",2,382,"network only",-35.664702923511,-3,1,1,0
"Fixed mixed-signal covariate-driven SAR design, lambda = 2",2,383,"network only",-17.7690662719412,-1.61274495505495,0.0623800298121817,1,0
"Fixed mixed-signal covariate-driven SAR design, lambda = 2",2,384,"network only",-9.95601893883748,-0.996043494113476,0.0181712789368427,1,0
"Fixed mixed-signal covariate-driven SAR design, lambda = 2",2,385,"network only",-15.9454215224207,-1.46880055880095,0.0467753519562512,1,0
"Fixed mixed-signal covariate-driven SAR design, lambda = 2",2,386,"network only",-9.18473835683461,-0.935164576907683,0.0160881734348381,1,0
"Fixed mixed-signal covariate-driven SAR design, lambda = 2",2,387,"network only",-8.73033981105905,-0.899297874060237,0.0149745340316887,0,1
"Fixed mixed-signal covariate-driven SAR design, lambda = 2",2,388,"network only",-2.77297694969073,-0.429069776964495,0.00584680192873174,1,0
"Fixed mixed-signal covariate-driven SAR design, lambda = 2",2,389,"network only",-11.4855642571663,-1.11677395844753,0.0231339953501587,1,0
"Fixed mixed-signal covariate-driven SAR design, lambda = 2",2,390,"network only",-12.2568235200859,-1.17765119288996,0.0261293097911638,1,0
"Fixed mixed-signal covariate-driven SAR design, lambda = 2",2,391,"both",6.69169896851232,0.317998456113099,0.00131226987497154,0,1
"Fixed mixed-signal covariate-driven SAR design, lambda = 2",2,392,"both",2.23015704315523,-0.0341611182646927,0.00265402542438418,0,1
"Fixed mixed-signal covariate-driven SAR design, lambda = 2",2,393,"both",8.738198275432,0.479533265590789,0.000949982940231883,0,1
"Fixed mixed-signal covariate-driven SAR design, lambda = 2",2,394,"both",12.1504350071028,0.748868812629333,0.000554337070761484,0,1
"Fixed mixed-signal covariate-driven SAR design, lambda = 2",2,395,"both",15.7930554322925,1.03638906459962,0.000311915534613533,0,1
"Fixed mixed-signal covariate-driven SAR design, lambda = 2",2,396,"both",4.75986457527898,0.165514407084471,0.00178020133029144,0,1
"Fixed mixed-signal covariate-driven SAR design, lambda = 2",2,397,"both",5.52772639441884,0.226123473620948,0.00157697480566973,1,0
"Fixed mixed-signal covariate-driven SAR design, lambda = 2",2,398,"both",11.2462784228084,0.677501692646372,0.000639385253077739,1,0
"Fixed mixed-signal covariate-driven SAR design, lambda = 2",2,399,"both",6.11621034858787,0.272573840398963,0.00143707183898812,0,1
"Fixed mixed-signal covariate-driven SAR design, lambda = 2",2,400,"both",21.8917707111317,1.51777442705488,0.000119099788894635,0,1
"Fixed mixed-signal covariate-driven SAR design, lambda = 2",3,356,"covariates only",19.1570594387363,1.63972197956837,0.000524689910836326,0,1
"Fixed mixed-signal covariate-driven SAR design, lambda = 2",3,357,"covariates only",10.9683818556874,0.795265854045852,0.00284045546447159,0,1
"Fixed mixed-signal covariate-driven SAR design, lambda = 2",3,358,"covariates only",10.8895871096838,0.787140157894443,0.00288699395390777,0,1
"Fixed mixed-signal covariate-driven SAR design, lambda = 2",3,359,"covariates only",9.55328039604895,0.649333732075235,0.00380314614876484,0,1
"Fixed mixed-signal covariate-driven SAR design, lambda = 2",3,360,"covariates only",5.10145272451094,0.1902396831432,0.00952592239728126,0,1
"Fixed mixed-signal covariate-driven SAR design, lambda = 2",3,361,"network only",-5.65903587757856,-0.919434061059389,0.0876511072869573,1,0
"Fixed mixed-signal covariate-driven SAR design, lambda = 2",3,362,"network only",-14.105759444136,-1.79050113923333,0.500445349350628,1,0
"Fixed mixed-signal covariate-driven SAR design, lambda = 2",3,363,"network only",-4.04877033634296,-0.753375672971292,0.0628812148559594,1,0
"Fixed mixed-signal covariate-driven SAR design, lambda = 2",3,364,"network only",-8.58347624516268,-1.22101652746934,0.160217004934883,1,0
"Fixed mixed-signal covariate-driven SAR design, lambda = 2",3,365,"network only",-1.735271625421,-0.514796471627394,0.0390205747797557,0,1
"Fixed mixed-signal covariate-driven SAR design, lambda = 2",3,366,"both",5.54801267620742,0.236291109982102,0.00868774925980904,0,1
"Fixed mixed-signal covariate-driven SAR design, lambda = 2",3,367,"both",9.70001072434967,0.664465274778781,0.00368977533975059,0,1
"Fixed mixed-signal covariate-driven SAR design, lambda = 2",3,368,"both",4.98783978480038,0.178523366081725,0.00975177568588294,0,1
"Fixed mixed-signal covariate-driven SAR design, lambda = 2",3,369,"both",6.57625692694495,0.342328641349324,0.00702755492520729,0,1
"Fixed mixed-signal covariate-driven SAR design, lambda = 2",3,370,"both",5.55924131679917,0.237449061828762,0.00866765254921699,0,1
"Fixed mixed-signal covariate-driven SAR design, lambda = 2",3,371,"covariates only",9.76840398160748,0.671518318991359,0.00363809242144052,0,1
"Fixed mixed-signal covariate-driven SAR design, lambda = 2",3,372,"covariates only",7.70563365874335,0.458795444385263,0.00556727236795236,0,1
"Fixed mixed-signal covariate-driven SAR design, lambda = 2",3,373,"covariates only",4.24279860182215,0.101691107838354,0.0113715418626743,0,1
"Fixed mixed-signal covariate-driven SAR design, lambda = 2",3,374,"covariates only",8.25148592678599,0.515086376187627,0.00497449257207002,0,1
"Fixed mixed-signal covariate-driven SAR design, lambda = 2",3,375,"covariates only",7.12392605419246,0.398806936479798,0.0062769377947681,0,1
"Fixed mixed-signal covariate-driven SAR design, lambda = 2",3,376,"covariates only",9.4290835085488,0.636525947013892,0.00390182435929159,0,1
"Fixed mixed-signal covariate-driven SAR design, lambda = 2",3,377,"covariates only",4.88789601243064,0.168216679815292,0.00995487879934301,1,0
"Fixed mixed-signal covariate-driven SAR design, lambda = 2",3,378,"covariates only",5.70602289403131,0.252585889570536,0.00840918316875236,0,1
"Fixed mixed-signal covariate-driven SAR design, lambda = 2",3,379,"covariates only",10.1215723550812,0.707938753584858,0.00338251195373409,0,1
"Fixed mixed-signal covariate-driven SAR design, lambda = 2",3,380,"covariates only",14.1334297882297,1.12166093885667,0.00147871614913272,0,1
"Fixed mixed-signal covariate-driven SAR design, lambda = 2",3,381,"network only",-7.57431958250306,-1.1169474007084,0.130111389207695,1,0
"Fixed mixed-signal covariate-driven SAR design, lambda = 2",3,382,"network only",-11.038779821896,-1.47421933394957,0.265850677963264,1,0
"Fixed mixed-signal covariate-driven SAR design, lambda = 2",3,383,"network only",-13.1250279989884,-1.68936335868842,0.408798692131292,1,0
"Fixed mixed-signal covariate-driven SAR design, lambda = 2",3,384,"network only",-2.42354082667259,-0.585774127923026,0.0449721935679381,1,0
"Fixed mixed-signal covariate-driven SAR design, lambda = 2",3,385,"network only",-3.54802004686679,-0.701735875822523,0.0567109817628993,1,0
"Fixed mixed-signal covariate-driven SAR design, lambda = 2",3,386,"network only",-17.4621613990045,-2.13662957838102,1,1,0
"Fixed mixed-signal covariate-driven SAR design, lambda = 2",3,387,"network only",-8.94242372620993,-1.25803293164902,0.172528421551705,1,0
"Fixed mixed-signal covariate-driven SAR design, lambda = 2",3,388,"network only",0.850720526088751,-0.248116425826583,0.0228906601550314,0,1
"Fixed mixed-signal covariate-driven SAR design, lambda = 2",3,389,"network only",-3.56120106490572,-0.703095166295338,0.056865364913791,1,0
"Fixed mixed-signal covariate-driven SAR design, lambda = 2",3,390,"network only",-11.5285425914024,-1.52472604477902,0.294108342623089,1,0
"Fixed mixed-signal covariate-driven SAR design, lambda = 2",3,391,"both",37.1316965190275,3,3.45446054728405e-05,0,1
"Fixed mixed-signal covariate-driven SAR design, lambda = 2",3,392,"both",5.68037146281271,0.249940589642522,0.00845379068823368,0,1
"Fixed mixed-signal covariate-driven SAR design, lambda = 2",3,393,"both",3.06945910005766,-0.0193093491381974,0.0144850172266612,1,0
"Fixed mixed-signal covariate-driven SAR design, lambda = 2",3,394,"both",8.09449671671572,0.498896887867901,0.00513819754857656,0,1
"Fixed mixed-signal covariate-driven SAR design, lambda = 2",3,395,"both",6.54662707381403,0.339273067269019,0.00707063284828117,0,1
"Fixed mixed-signal covariate-driven SAR design, lambda = 2",3,396,"both",6.11613354719386,0.294878488063125,0.00772714261965547,0,1
"Fixed mixed-signal covariate-driven SAR design, lambda = 2",3,397,"both",6.22004730543678,0.305594578516601,0.00756329517689131,0,1
"Fixed mixed-signal covariate-driven SAR design, lambda = 2",3,398,"both",5.21339863634706,0.201784088209643,0.0093084998563791,0,1
"Fixed mixed-signal covariate-driven SAR design, lambda = 2",3,399,"both",4.30933725195903,0.108552895974744,0.0112165495972224,0,1
"Fixed mixed-signal covariate-driven SAR design, lambda = 2",3,400,"both",7.24423649541141,0.411213932361767,0.00612309848925165,0,1
"Fixed mixed-signal covariate-driven SAR design, lambda = 2",4,356,"covariates only",1.87561905318921,-0.130852946545358,0.00322025700655928,1,0
"Fixed mixed-signal covariate-driven SAR design, lambda = 2",4,357,"covariates only",4.76710751049994,0.0916161954419571,0.00206374622715068,0,1
"Fixed mixed-signal covariate-driven SAR design, lambda = 2",4,358,"covariates only",5.97810800962313,0.184789744623859,0.00171287935833066,0,1
"Fixed mixed-signal covariate-driven SAR design, lambda = 2",4,359,"covariates only",16.3390848555765,0.981956208574909,0.000347789753578365,0,1
"Fixed mixed-signal covariate-driven SAR design, lambda = 2",4,360,"covariates only",12.0556078744025,0.652388422711959,0.00067231952593639,1,0
"Fixed mixed-signal covariate-driven SAR design, lambda = 2",4,361,"network only",-7.45045216858891,-0.848394480413774,0.0135250597140501,1,0
"Fixed mixed-signal covariate-driven SAR design, lambda = 2",4,362,"network only",-2.91707828042993,-0.499599797641833,0.00673255607227842,1,0
"Fixed mixed-signal covariate-driven SAR design, lambda = 2",4,363,"network only",-4.90360673591771,-0.652441936751316,0.00913980593261134,1,0
"Fixed mixed-signal covariate-driven SAR design, lambda = 2",4,364,"network only",-5.16481692257939,-0.67253926965197,0.00951466048743108,0,1
"Fixed mixed-signal covariate-driven SAR design, lambda = 2",4,365,"network only",-4.76674070413344,-0.641911557983498,0.00894932754609173,1,0
"Fixed mixed-signal covariate-driven SAR design, lambda = 2",4,366,"both",3.97578744318965,0.0307325713117066,0.00233098316162801,0,1
"Fixed mixed-signal covariate-driven SAR design, lambda = 2",4,367,"both",5.09334992026235,0.116717063057808,0.0019627001502577,0,1
"Fixed mixed-signal covariate-driven SAR design, lambda = 2",4,368,"both",23.9118646804106,1.56460070291143,0.000108452159788999,0,1
"Fixed mixed-signal covariate-driven SAR design, lambda = 2",4,369,"both",21.9509521037395,1.41372943197788,0.000146650425078114,0,1
"Fixed mixed-signal covariate-driven SAR design, lambda = 2",4,370,"both",10.4460882807505,0.52855308727902,0.000861266847143515,0,1
"Fixed mixed-signal covariate-driven SAR design, lambda = 2",4,371,"covariates only",6.412170024085,0.218186178796877,0.00160220839008567,1,0
"Fixed mixed-signal covariate-driven SAR design, lambda = 2",4,372,"covariates only",10.1688106913071,0.507219539410337,0.000898809831876359,0,1
"Fixed mixed-signal covariate-driven SAR design, lambda = 2",4,373,"covariates only",7.40808692534389,0.29481134323547,0.0013745585053092,0,1
"Fixed mixed-signal covariate-driven SAR design, lambda = 2",4,374,"covariates only",0.85827754623868,-0.209126505475578,0.00376598064167368,0,1
"Fixed mixed-signal covariate-driven SAR design, lambda = 2",4,375,"covariates only",-1.16096691641575,-0.364485791774501,0.0051383235184125,1,0
"Fixed mixed-signal covariate-driven SAR design, lambda = 2",4,376,"covariates only",9.28536978382192,0.439248200915868,0.00102969112347835,0,1
"Fixed mixed-signal covariate-driven SAR design, lambda = 2",4,377,"covariates only",19.0098990262998,1.18744682205673,0.000230584390295605,0,1
"Fixed mixed-signal covariate-driven SAR design, lambda = 2",4,378,"covariates only",5.55818680944076,0.152481295018724,0.00182721452349321,1,0
"Fixed mixed-signal covariate-driven SAR design, lambda = 2",4,379,"covariates only",2.70551741264843,-0.0670011350332732,0.00283419387428025,1,0
"Fixed mixed-signal covariate-driven SAR design, lambda = 2",4,380,"covariates only",10.2201914485464,0.511172739689863,0.000891731500254537,0,1
"Fixed mixed-signal covariate-driven SAR design, lambda = 2",4,381,"network only",-1.67719664731485,-0.404204153786666,0.00556314494842519,0,1
"Fixed mixed-signal covariate-driven SAR design, lambda = 2",4,382,"network only",-9.47634666481679,-1.00426541574229,0.0184725548779269,1,0
"Fixed mixed-signal covariate-driven SAR design, lambda = 2",4,383,"network only",-43.329672697103,-3,1,1,0
"Fixed mixed-signal covariate-driven SAR design, lambda = 2",4,384,"network only",-7.67519492778542,-0.865686034415968,0.014000980289102,0,1
"Fixed mixed-signal covariate-driven SAR design, lambda = 2",4,385,"network only",-10.454790622492,-1.07954622386598,0.0214741036273782,0,1
"Fixed mixed-signal covariate-driven SAR design, lambda = 2",4,386,"network only",2.11158916566336,-0.112697567669801,0.00310542447920947,0,1
"Fixed mixed-signal covariate-driven SAR design, lambda = 2",4,387,"network only",-11.9065892147432,-1.19124661344904,0.0268495350942703,1,0
"Fixed mixed-signal covariate-driven SAR design, lambda = 2",4,388,"network only",-8.89830754618433,-0.95979148176129,0.0169004160928514,0,1
"Fixed mixed-signal covariate-driven SAR design, lambda = 2",4,389,"network only",-1.36458214494124,-0.380151808033734,0.00530186632332825,1,0
"Fixed mixed-signal covariate-driven SAR design, lambda = 2",4,390,"network only",-19.8704084697043,-1.80397741377914,0.0914424768737501,1,0
"Fixed mixed-signal covariate-driven SAR design, lambda = 2",4,391,"both",3.28410726800435,-0.0224848277458794,0.002592765157225,0,1
"Fixed mixed-signal covariate-driven SAR design, lambda = 2",4,392,"both",6.9780567540475,0.261725116314841,0.00146859336240867,0,1
"Fixed mixed-signal covariate-driven SAR design, lambda = 2",4,393,"both",21.683340054041,1.39313954411879,0.000152815524198087,0,1
"Fixed mixed-signal covariate-driven SAR design, lambda = 2",4,394,"both",39.8367388940672,2.78984962050977,9.35406788822056e-06,0,1
"Fixed mixed-signal covariate-driven SAR design, lambda = 2",4,395,"both",16.9782229202964,1.03113105363098,0.000315212952691027,0,1
"Fixed mixed-signal covariate-driven SAR design, lambda = 2",4,396,"both",8.31510210321255,0.364596469950997,0.00119549740715926,0,1
"Fixed mixed-signal covariate-driven SAR design, lambda = 2",4,397,"both",9.23009478625196,0.434995380451844,0.00103848665924927,0,1
"Fixed mixed-signal covariate-driven SAR design, lambda = 2",4,398,"both",5.16776935086919,0.122442843090727,0.00194035237426545,0,1
"Fixed mixed-signal covariate-driven SAR design, lambda = 2",4,399,"both",4.6220933712817,0.0804589068675057,0.0021103155060581,0,1
"Fixed mixed-signal covariate-driven SAR design, lambda = 2",4,400,"both",5.72523176486484,0.165333619506669,0.0017808451232472,0,1
"Fixed mixed-signal covariate-driven SAR design, lambda = 2",5,356,"covariates only",8.03564773594385,0.415989760226931,0.00708829651475706,0,1
"Fixed mixed-signal covariate-driven SAR design, lambda = 2",5,357,"covariates only",3.66561468272972,0.130112078492452,0.0125560222274435,0,1
"Fixed mixed-signal covariate-driven SAR design, lambda = 2",5,358,"covariates only",49.4937342741301,3,4.03737509648777e-05,0,1
"Fixed mixed-signal covariate-driven SAR design, lambda = 2",5,359,"covariates only",6.41120398052868,0.309722322600897,0.00876687067384761,1,0
"Fixed mixed-signal covariate-driven SAR design, lambda = 2",5,360,"covariates only",3.00366937349926,0.0868091130151919,0.013691926330795,0,1
"Fixed mixed-signal covariate-driven SAR design, lambda = 2",5,361,"network only",-27.4867986618819,-1.90780836717596,0.739549561788861,1,0
"Fixed mixed-signal covariate-driven SAR design, lambda = 2",5,362,"network only",-12.4318144507296,-0.922945339270957,0.103163514076973,1,0
"Fixed mixed-signal covariate-driven SAR design, lambda = 2",5,363,"network only",-8.6161298139692,-0.673331877563925,0.062620225774145,0,1
"Fixed mixed-signal covariate-driven SAR design, lambda = 2",5,364,"network only",-11.8965756590073,-0.887931227686743,0.0961863082444625,1,0
"Fixed mixed-signal covariate-driven SAR design, lambda = 2",5,365,"network only",-9.78736961017641,-0.749951736868791,0.0729904083438272,1,0
"Fixed mixed-signal covariate-driven SAR design, lambda = 2",5,366,"both",2.13079537092725,0.0297076693274718,0.0153483692034674,0,1
"Fixed mixed-signal covariate-driven SAR design, lambda = 2",5,367,"both",8.68548649513053,0.458500742573132,0.00651054442060833,0,1
"Fixed mixed-signal covariate-driven SAR design, lambda = 2",5,368,"both",6.02434184119595,0.284414676137688,0.00922203024975753,0,1
"Fixed mixed-signal covariate-driven SAR design, lambda = 2",5,369,"both",0.320901385496149,-0.0886915030448449,0.0194492317839918,0,1
"Fixed mixed-signal covariate-driven SAR design, lambda = 2",5,370,"both",7.49847460923138,0.380849108821177,0.00760439484003652,0,1
"Fixed mixed-signal covariate-driven SAR design, lambda = 2",5,371,"covariates only",8.67962205578529,0.458117104210613,0.00651554172672276,1,0
"Fixed mixed-signal covariate-driven SAR design, lambda = 2",5,372,"covariates only",6.12954295395051,0.291296695075289,0.00909596743300302,0,1
"Fixed mixed-signal covariate-driven SAR design, lambda = 2",5,373,"covariates only",2.83325362483956,0.0756609000464025,0.014000636125727,0,1
"Fixed mixed-signal covariate-driven SAR design, lambda = 2",5,374,"covariates only",18.8691443953391,1.12469261724269,0.0017177912897323,0,1
"Fixed mixed-signal covariate-driven SAR design, lambda = 2",5,375,"covariates only",5.81268950158891,0.270568858624698,0.00948097205993732,0,1
"Fixed mixed-signal covariate-driven SAR design, lambda = 2",5,376,"covariates only",23.6371109120616,1.43660220643578,0.000920553787919244,0,1
"Fixed mixed-signal covariate-driven SAR design, lambda = 2",5,377,"covariates only",2.37377572268181,0.0456028945627895,0.0148681118771722,0,1
"Fixed mixed-signal covariate-driven SAR design, lambda = 2",5,378,"covariates only",4.9949320260218,0.217073013515649,0.0105516108893161,1,0
"Fixed mixed-signal covariate-driven SAR design, lambda = 2",5,379,"covariates only",2.05752027024246,0.0249141779150393,0.0154962213509847,1,0
"Fixed mixed-signal covariate-driven SAR design, lambda = 2",5,380,"covariates only",1.3726666927361,-0.0198873946774344,0.0169488393335074,0,1
"Fixed mixed-signal covariate-driven SAR design, lambda = 2",5,381,"network only",-19.9118674287644,-1.41227349275916,0.274505569880139,1,0
"Fixed mixed-signal covariate-driven SAR design, lambda = 2",5,382,"network only",-6.02169631846804,-0.503609904279845,0.0445960091815193,0,1
"Fixed mixed-signal covariate-driven SAR design, lambda = 2",5,383,"network only",-17.5191024830273,-1.2557442200298,0.200720422361326,1,0
"Fixed mixed-signal covariate-driven SAR design, lambda = 2",5,384,"network only",-7.72463053275372,-0.615012010258942,0.0557260982097929,1,0
"Fixed mixed-signal covariate-driven SAR design, lambda = 2",5,385,"network only",-10.2926696020167,-0.783007319856086,0.0779789724163888,0,1
"Fixed mixed-signal covariate-driven SAR design, lambda = 2",5,386,"network only",-7.86192529252759,-0.623993523021089,0.0567361521876091,0,1
"Fixed mixed-signal covariate-driven SAR design, lambda = 2",5,387,"network only",-29.7928549623177,-2.0586653563772,1,1,0
"Fixed mixed-signal covariate-driven SAR design, lambda = 2",5,388,"network only",-7.62889756524888,-0.608749375976184,0.0550324668910688,1,0
"Fixed mixed-signal covariate-driven SAR design, lambda = 2",5,389,"network only",-18.5632842893296,-1.3240522329121,0.230103459581953,1,0
"Fixed mixed-signal covariate-driven SAR design, lambda = 2",5,390,"network only",-17.6279944665239,-1.26286768738632,0.203600540828287,1,0
"Fixed mixed-signal covariate-driven SAR design, lambda = 2",5,391,"both",2.33805143924885,0.0432658927128997,0.0149377681471155,0,1
"Fixed mixed-signal covariate-driven SAR design, lambda = 2",5,392,"both",11.532771837527,0.644763711985274,0.00448571158710174,0,1
"Fixed mixed-signal covariate-driven SAR design, lambda = 2",5,393,"both",8.47011410858339,0.444411568000314,0.00669661001356422,0,1
"Fixed mixed-signal covariate-driven SAR design, lambda = 2",5,394,"both",3.11857525754715,0.0943259961483986,0.0134876246702147,0,1
"Fixed mixed-signal covariate-driven SAR design, lambda = 2",5,395,"both",8.23648759892105,0.429128249965713,0.00690446336035331,0,1
"Fixed mixed-signal covariate-driven SAR design, lambda = 2",5,396,"both",7.01685392473756,0.349342572581777,0.0080989904739402,0,1
"Fixed mixed-signal covariate-driven SAR design, lambda = 2",5,397,"both",19.1492570929818,1.1430169565901,0.00165597614894366,0,1
"Fixed mixed-signal covariate-driven SAR design, lambda = 2",5,398,"both",8.78536565923149,0.465034611662694,0.00642601980630353,0,1
"Fixed mixed-signal covariate-driven SAR design, lambda = 2",5,399,"both",3.57359075795771,0.124092081399162,0.0127081103951569,0,1
"Fixed mixed-signal covariate-driven SAR design, lambda = 2",5,400,"both",44.3626932724982,2.79242294409378,6.11502504029831e-05,0,1
"Fixed mixed-signal covariate-driven SAR design, lambda = 2",6,356,"covariates only",3.59974104408728,0.127073458631199,0.00192246527866024,0,1
"Fixed mixed-signal covariate-driven SAR design, lambda = 2",6,357,"covariates only",15.9727273058589,1.13751009814185,0.000254802914414625,0,1
"Fixed mixed-signal covariate-driven SAR design, lambda = 2",6,358,"covariates only",3.86204234226705,0.148494224537238,0.00184184323787226,0,1
"Fixed mixed-signal covariate-driven SAR design, lambda = 2",6,359,"covariates only",8.86982280568041,0.557453287111511,0.000812896653288425,0,1
"Fixed mixed-signal covariate-driven SAR design, lambda = 2",6,360,"covariates only",16.3610192121603,1.16921985362461,0.000239145188491199,0,1
"Fixed mixed-signal covariate-driven SAR design, lambda = 2",6,361,"network only",-9.6929356500865,-0.958469455973098,0.016855789544486,1,0
"Fixed mixed-signal covariate-driven SAR design, lambda = 2",6,362,"network only",-15.3149151952657,-1.41758692356294,0.0422214812592845,1,0
"Fixed mixed-signal covariate-driven SAR design, lambda = 2",6,363,"network only",-50.6166004481998,-3,1,1,0
"Fixed mixed-signal covariate-driven SAR design, lambda = 2",6,364,"network only",-8.44706247522002,-0.856725553778843,0.0137523041764159,1,0
"Fixed mixed-signal covariate-driven SAR design, lambda = 2",6,365,"network only",-8.79810975811333,-0.885393736975005,0.0145638546901474,1,0
"Fixed mixed-signal covariate-driven SAR design, lambda = 2",6,366,"both",1.9104986161799,-0.0108780759508133,0.00253327119715299,0,1
"Fixed mixed-signal covariate-driven SAR design, lambda = 2",6,367,"both",6.09471165925731,0.330824571800968,0.00127903531723769,0,1
"Fixed mixed-signal covariate-driven SAR design, lambda = 2",6,368,"both",2.30023845161686,0.0209499242805533,0.00237703860764968,0,1
"Fixed mixed-signal covariate-driven SAR design, lambda = 2",6,369,"both",22.3137657949408,1.65534932356084,9.0451329534438e-05,0,1
"Fixed mixed-signal covariate-driven SAR design, lambda = 2",6,370,"both",5.50210321929418,0.282429360818469,0.00140902300130772,0,1
"Fixed mixed-signal covariate-driven SAR design, lambda = 2",6,371,"covariates only",4.53509679505833,0.203459037808495,0.00165010216365961,0,1
"Fixed mixed-signal covariate-driven SAR design, lambda = 2",6,372,"covariates only",4.97389544981496,0.239293413500317,0.00153597975143872,0,1
"Fixed mixed-signal covariate-driven SAR design, lambda = 2",6,373,"covariates only",12.2427699728569,0.832904122402489,0.000468577876550573,0,1
"Fixed mixed-signal covariate-driven SAR design, lambda = 2",6,374,"covariates only",7.17531548502865,0.419071796460732,0.00107209179222746,1,0
"Fixed mixed-signal covariate-driven SAR design, lambda = 2",6,375,"covariates only",5.92098571417067,0.316637288599052,0.00131584718032101,0,1
"Fixed mixed-signal covariate-driven SAR design, lambda = 2",6,376,"covariates only",18.179516292414,1.31772693508874,0.000177692883724167,0,1
"Fixed mixed-signal covariate-driven SAR design, lambda = 2",6,377,"covariates only",4.40550762743817,0.192876172825313,0.00168540001512713,0,1
"Fixed mixed-signal covariate-driven SAR design, lambda = 2",6,378,"covariates only",22.4652033072088,1.66771642781155,8.82415289826633e-05,0,1
"Fixed mixed-signal covariate-driven SAR design, lambda = 2",6,379,"covariates only",0.268230548411288,-0.1449934618782,0.00331262922786994,0,1
"Fixed mixed-signal covariate-driven SAR design, lambda = 2",6,380,"covariates only",2.33863278460758,0.024085387295109,0.00236217901477214,1,0
"Fixed mixed-signal covariate-driven SAR design, lambda = 2",6,381,"network only",-7.00989472260878,-0.739359630659031,0.0108750866015091,1,0
"Fixed mixed-signal covariate-driven SAR design, lambda = 2",6,382,"network only",-6.40949990876832,-0.690328547520197,0.00985927241216911,0,1
"Fixed mixed-signal covariate-driven SAR design, lambda = 2",6,383,"network only",-3.37439487103957,-0.442467500073647,0.00600558745943613,1,0
"Fixed mixed-signal covariate-driven SAR design, lambda = 2",6,384,"network only",-6.69493521877482,-0.713638546362736,0.0103297943170385,0,1
"Fixed mixed-signal covariate-driven SAR design, lambda = 2",6,385,"network only",-3.75192071970568,-0.473298048316733,0.00638755378352436,0,1
"Fixed mixed-signal covariate-driven SAR design, lambda = 2",6,386,"network only",-13.4604358514652,-1.26614136009527,0.0311881432694347,1,0
"Fixed mixed-signal covariate-driven SAR design, lambda = 2",6,387,"network only",-0.893964958006151,-0.239903849485037,0.00400507768746818,1,0
"Fixed mixed-signal covariate-driven SAR design, lambda = 2",6,388,"network only",-5.02036886900158,-0.576885529806795,0.00785795456092781,1,0
"Fixed mixed-signal covariate-driven SAR design, lambda = 2",6,389,"network only",-4.56434381388574,-0.539644364701199,0.00729394103552809,0,1
"Fixed mixed-signal covariate-driven SAR design, lambda = 2",6,390,"network only",-10.4353219475974,-1.01909623594402,0.0190286882989756,1,0
"Fixed mixed-signal covariate-driven SAR design, lambda = 2",6,391,"both",6.99268286111742,0.404157151696271,0.00110455327321014,0,1
"Fixed mixed-signal covariate-driven SAR design, lambda = 2",6,392,"both",8.71044454897222,0.544437704073416,0.000834335124693792,1,0
"Fixed mixed-signal covariate-driven SAR design, lambda = 2",6,393,"both",5.17206432697175,0.255476822263048,0.00148706091914415,0,1
"Fixed mixed-signal covariate-driven SAR design, lambda = 2",6,394,"both",8.65034263438669,0.539529497168702,0.000842565634486273,0,1
"Fixed mixed-signal covariate-driven SAR design, lambda = 2",6,395,"both",7.13329412981309,0.415640133638727,0.00107947521575466,0,1
"Fixed mixed-signal covariate-driven SAR design, lambda = 2",6,396,"both",7.8075821712292,0.47070568759766,0.00096690396940285,0,1
"Fixed mixed-signal covariate-driven SAR design, lambda = 2",6,397,"both",1.88801828198885,-0.0127139264766692,0.00254258970859711,1,0
"Fixed mixed-signal covariate-driven SAR design, lambda = 2",6,398,"both",22.9092569368667,1.70397994963411,8.20682040863069e-05,0,1
"Fixed mixed-signal covariate-driven SAR design, lambda = 2",6,399,"both",5.61317919145986,0.291500350607914,0.00138369101576623,0,1
"Fixed mixed-signal covariate-driven SAR design, lambda = 2",6,400,"both",2.28263628389013,0.0195124479244327,0.00238388231419439,0,1
"Fixed mixed-signal covariate-driven SAR design, lambda = 2",7,356,"covariates only",10.533581090647,0.638250333352252,0.00467645472370529,0,1
"Fixed mixed-signal covariate-driven SAR design, lambda = 2",7,357,"covariates only",7.36027565969186,0.404811971503029,0.00745896756765613,0,1
"Fixed mixed-signal covariate-driven SAR design, lambda = 2",7,358,"covariates only",4.37018349210547,0.184851355493409,0.0115806805621914,1,0
"Fixed mixed-signal covariate-driven SAR design, lambda = 2",7,359,"covariates only",7.79628990230339,0.436886555167524,0.00699550529112781,0,1
"Fixed mixed-signal covariate-driven SAR design, lambda = 2",7,360,"covariates only",8.3337056828717,0.476420555968081,0.00646368662468429,0,1
"Fixed mixed-signal covariate-driven SAR design, lambda = 2",7,361,"network only",1.23785156209418,-0.0455728663218138,0.0183602258172506,0,1
"Fixed mixed-signal covariate-driven SAR design, lambda = 2",7,362,"network only",-19.9148824132958,-1.60163473155526,0.412530612440498,1,0
"Fixed mixed-signal covariate-driven SAR design, lambda = 2",7,363,"network only",-25.0854256613975,-1.98199621013633,0.88274235308039,1,0
"Fixed mixed-signal covariate-driven SAR design, lambda = 2",7,364,"network only",-24.6403388313628,-1.94925421830963,0.826788888460805,1,0
"Fixed mixed-signal covariate-driven SAR design, lambda = 2",7,365,"network only",-3.44187731184227,-0.389828490622508,0.0365506121056665,0,1
"Fixed mixed-signal covariate-driven SAR design, lambda = 2",7,366,"both",1.57239682064879,-0.0209626613413535,0.0174784077204402,1,0
"Fixed mixed-signal covariate-driven SAR design, lambda = 2",7,367,"both",11.9942596524194,0.745702457979852,0.00377211569337723,0,1
"Fixed mixed-signal covariate-driven SAR design, lambda = 2",7,368,"both",7.44481759370862,0.411031142967561,0.00736676498356976,0,1
"Fixed mixed-signal covariate-driven SAR design, lambda = 2",7,369,"both",5.24245636305954,0.249018500608006,0.0101858953109606,0,1
"Fixed mixed-signal covariate-driven SAR design, lambda = 2",7,370,"both",3.71376404005453,0.136563069065647,0.012754891100348,0,1
"Fixed mixed-signal covariate-driven SAR design, lambda = 2",7,371,"covariates only",29.7996979585434,2.05552669035384,0.000274717377264219,0,1
"Fixed mixed-signal covariate-driven SAR design, lambda = 2",7,372,"covariates only",26.5674039212758,1.81774894046746,0.000441994902822238,0,1
"Fixed mixed-signal covariate-driven SAR design, lambda = 2",7,373,"covariates only",10.3221244062349,0.62269491232984,0.00482422995496252,0,1
"Fixed mixed-signal covariate-driven SAR design, lambda = 2",7,374,"covariates only",7.01471331559878,0.379391314942534,0.00784799685875599,1,0
"Fixed mixed-signal covariate-driven SAR design, lambda = 2",7,375,"covariates only",10.1437513611865,0.60957322822469,0.00495250988444536,0,1
"Fixed mixed-signal covariate-driven SAR design, lambda = 2",7,376,"covariates only",5.71323959394296,0.283650800774093,0.00950425269304181,0,1
"Fixed mixed-signal covariate-driven SAR design, lambda = 2",7,377,"covariates only",1.24881728626707,-0.0447661930459169,0.0183306282921906,1,0
"Fixed mixed-signal covariate-driven SAR design, lambda = 2",7,378,"covariates only",11.1553464438116,0.6839893549042,0.00426764538080732,0,1
"Fixed mixed-signal covariate-driven SAR design, lambda = 2",7,379,"covariates only",7.4768008003998,0.413383928584679,0.00733218157732778,0,1
"Fixed mixed-signal covariate-driven SAR design, lambda = 2",7,380,"covariates only",9.72091876123477,0.578468327793003,0.00527038964525746,0,1
"Fixed mixed-signal covariate-driven SAR design, lambda = 2",7,381,"network only",0.956585289638534,-0.0662637009464911,0.01913594213306,0,1
"Fixed mixed-signal covariate-driven SAR design, lambda = 2",7,382,"network only",-18.6696835963519,-1.51003397697033,0.343473137346391,1,0
"Fixed mixed-signal covariate-driven SAR design, lambda = 2",7,383,"network only",-5.89605696915416,-0.57036569113842,0.0524453845675295,0,1
"Fixed mixed-signal covariate-driven SAR design, lambda = 2",7,384,"network only",-22.4751021395517,-1.78997257418498,0.601235136584816,1,0
"Fixed mixed-signal covariate-driven SAR design, lambda = 2",7,385,"network only",-25.9331455929925,-2.04435716354727,1,1,0
"Fixed mixed-signal covariate-driven SAR design, lambda = 2",7,386,"network only",-8.4323273094468,-0.756941741356972,0.0761667057352559,1,0
"Fixed mixed-signal covariate-driven SAR design, lambda = 2",7,387,"network only",-15.771862542587,-1.29686111528349,0.224250377080208,1,0
"Fixed mixed-signal covariate-driven SAR design, lambda = 2",7,388,"network only",-9.15893646805237,-0.810393404104253,0.0847603413034408,1,0
"Fixed mixed-signal covariate-driven SAR design, lambda = 2",7,389,"network only",-19.8690997871935,-1.59826681709792,0.409761214379738,1,0
"Fixed mixed-signal covariate-driven SAR design, lambda = 2",7,390,"network only",-10.197835541727,-0.886818098531565,0.0987584676985151,0,1
"Fixed mixed-signal covariate-driven SAR design, lambda = 2",7,391,"both",2.25821201423411,0.0294880686010462,0.0158008670433,0,1
"Fixed mixed-signal covariate-driven SAR design, lambda = 2",7,392,"both",0.927982334788908,-0.0683678245707129,0.0192166405893231,0,1
"Fixed mixed-signal covariate-driven SAR design, lambda = 2",7,393,"both",12.919816352563,0.813789329723258,0.00329189139748108,1,0
"Fixed mixed-signal covariate-driven SAR design, lambda = 2",7,394,"both",20.5501947350747,1.37510404356319,0.00107125714936571,0,1
"Fixed mixed-signal covariate-driven SAR design, lambda = 2",7,395,"both",19.6820758900981,1.31124248170881,0.00121720346833029,0,1
"Fixed mixed-signal covariate-driven SAR design, lambda = 2",7,396,"both",12.8701099683264,0.810132771234925,0.00331605362726547,0,1
"Fixed mixed-signal covariate-driven SAR design, lambda = 2",7,397,"both",5.10117117135106,0.238625116036748,0.010399843103318,0,1
"Fixed mixed-signal covariate-driven SAR design, lambda = 2",7,398,"both",9.17899097143923,0.538602409354649,0.00570781411380852,0,1
"Fixed mixed-signal covariate-driven SAR design, lambda = 2",7,399,"both",9.45249483430621,0.558722216633297,0.00548269363057734,0,1
"Fixed mixed-signal covariate-driven SAR design, lambda = 2",7,400,"both",10.4076657255338,0.628987601729592,0.00476389565494282,0,1
"Fixed mixed-signal covariate-driven SAR design, lambda = 2",8,356,"covariates only",4.74348418509167,0.339869433290211,0.00125610594097847,0,1
"Fixed mixed-signal covariate-driven SAR design, lambda = 2",8,357,"covariates only",13.2210624957033,1.01592976934489,0.000324943401935835,0,1
"Fixed mixed-signal covariate-driven SAR design, lambda = 2",8,358,"covariates only",10.1857706930183,0.773874748328029,0.000527295473028598,0,1
"Fixed mixed-signal covariate-driven SAR design, lambda = 2",8,359,"covariates only",8.1938385868523,0.615024397466974,0.000724485511064698,0,1
"Fixed mixed-signal covariate-driven SAR design, lambda = 2",8,360,"covariates only",6.48786436736192,0.478978293040475,0.00095103795453774,0,1
"Fixed mixed-signal covariate-driven SAR design, lambda = 2",8,361,"network only",-10.5735952256297,-0.881619708346684,0.014454339713676,0,1
"Fixed mixed-signal covariate-driven SAR design, lambda = 2",8,362,"network only",-3.09690234629019,-0.285376852735805,0.00438640061122754,0,1
"Fixed mixed-signal covariate-driven SAR design, lambda = 2",8,363,"network only",-5.66746921847892,-0.490371515101544,0.00660943589574796,0,1
"Fixed mixed-signal covariate-driven SAR design, lambda = 2",8,364,"network only",-7.44339765570399,-0.631996249440663,0.00877360496059134,1,0
"Fixed mixed-signal covariate-driven SAR design, lambda = 2",8,365,"network only",-30.9239490781685,-2.50449673292783,0.37120287455637,1,0
"Fixed mixed-signal covariate-driven SAR design, lambda = 2",8,366,"both",3.41519945149844,0.233942883222807,0.00155250462290325,1,0
"Fixed mixed-signal covariate-driven SAR design, lambda = 2",8,367,"both",6.082501828851,0.446651899350117,0.00101455640776627,0,1
"Fixed mixed-signal covariate-driven SAR design, lambda = 2",8,368,"both",6.89672799514208,0.511583887641895,0.000890998534493026,0,1
"Fixed mixed-signal covariate-driven SAR design, lambda = 2",8,369,"both",5.04311293304384,0.363763888122746,0.00119748976433311,0,1
"Fixed mixed-signal covariate-driven SAR design, lambda = 2",8,370,"both",10.5853356514328,0.80573880315171,0.000494740286756754,0,1
"Fixed mixed-signal covariate-driven SAR design, lambda = 2",8,371,"covariates only",4.47695846013397,0.31861484093138,0.00131065314524711,0,1
"Fixed mixed-signal covariate-driven SAR design, lambda = 2",8,372,"covariates only",5.35068475971868,0.388291778622143,0.00114016355536934,0,1
"Fixed mixed-signal covariate-driven SAR design, lambda = 2",8,373,"covariates only",9.03728622079561,0.682286706342903,0.000633295504698082,0,1
"Fixed mixed-signal covariate-driven SAR design, lambda = 2",8,374,"covariates only",5.31032120344472,0.385072911344353,0.00114752730318346,0,1
"Fixed mixed-signal covariate-driven SAR design, lambda = 2",8,375,"covariates only",7.1545682576157,0.5321458415525,0.000855100387956704,0,1
"Fixed mixed-signal covariate-driven SAR design, lambda = 2",8,376,"covariates only",8.48312671783614,0.638094220461679,0.000691817447788103,0,1
"Fixed mixed-signal covariate-driven SAR design, lambda = 2",8,377,"covariates only",3.02165093462551,0.202558620781032,0.00165307640108026,0,1
"Fixed mixed-signal covariate-driven SAR design, lambda = 2",8,378,"covariates only",7.79435574068692,0.583166890838154,0.000772148412939158,0,1
"Fixed mixed-signal covariate-driven SAR design, lambda = 2",8,379,"covariates only",11.0607450057532,0.843651211161321,0.000458613650532051,0,1
"Fixed mixed-signal covariate-driven SAR design, lambda = 2",8,380,"covariates only",13.9398237849578,1.07324873249127,0.000289748438472458,0,1
"Fixed mixed-signal covariate-driven SAR design, lambda = 2",8,381,"network only",-6.71344792073537,-0.57378504276762,0.0078093783539414,1,0
"Fixed mixed-signal covariate-driven SAR design, lambda = 2",8,382,"network only",-13.3005520034879,-1.09908597620029,0.0223299143764636,1,0
"Fixed mixed-signal covariate-driven SAR design, lambda = 2",8,383,"network only",-15.0434288391698,-1.2380749487655,0.0294856934086874,1,0
"Fixed mixed-signal covariate-driven SAR design, lambda = 2",8,384,"network only",-7.73548210011207,-0.655289069678689,0.00919199887667389,1,0
"Fixed mixed-signal covariate-driven SAR design, lambda = 2",8,385,"network only",-13.7896155026355,-1.13808725952337,0.0241414383610082,1,0
"Fixed mixed-signal covariate-driven SAR design, lambda = 2",8,386,"network only",-12.8723112720377,-1.06493511823014,0.0208556629449702,1,0
"Fixed mixed-signal covariate-driven SAR design, lambda = 2",8,387,"network only",-2.85060358345291,-0.265735297297125,0.00421742972918413,1,0
"Fixed mixed-signal covariate-driven SAR design, lambda = 2",8,388,"network only",-18.2185823111839,-1.4912835001543,0.0489266520298612,1,0
"Fixed mixed-signal covariate-driven SAR design, lambda = 2",8,389,"network only",-40.8557456545674,-3,1,1,0
"Fixed mixed-signal covariate-driven SAR design, lambda = 2",8,390,"network only",-18.9609910026433,-1.55048826961183,0.0550769786334123,1,0
"Fixed mixed-signal covariate-driven SAR design, lambda = 2",8,391,"both",4.03645017616803,0.283485684044665,0.00140604937607807,1,0
"Fixed mixed-signal covariate-driven SAR design, lambda = 2",8,392,"both",1.57827639607212,0.0874540189909512,0.00208099728135994,0,1
"Fixed mixed-signal covariate-driven SAR design, lambda = 2",8,393,"both",21.2049815771237,1.65262232698982,9.09459981989569e-05,0,1
"Fixed mixed-signal covariate-driven SAR design, lambda = 2",8,394,"both",2.91243328631907,0.193848855172057,0.0016821244845271,1,0
"Fixed mixed-signal covariate-driven SAR design, lambda = 2",8,395,"both",2.38178737180761,0.151531504373705,0.00183068876477209,0,1
"Fixed mixed-signal covariate-driven SAR design, lambda = 2",8,396,"both",23.4415244692958,1.83097962242051,6.36596747790353e-05,0,1
"Fixed mixed-signal covariate-driven SAR design, lambda = 2",8,397,"both",2.38067118287144,0.151442491799637,0.00183101470242231,0,1
"Fixed mixed-signal covariate-driven SAR design, lambda = 2",8,398,"both",11.2331776806276,0.85740217728056,0.000446172747563066,0,1
"Fixed mixed-signal covariate-driven SAR design, lambda = 2",8,399,"both",3.55060722068417,0.244741228998691,0.00151933512436915,0,1
"Fixed mixed-signal covariate-driven SAR design, lambda = 2",8,400,"both",6.5151507581781,0.481154297303605,0.000946908022518875,0,1
"Fixed mixed-signal covariate-driven SAR design, lambda = 2",9,356,"covariates only",24.6353868492051,1.90092925386709,8.89540291605328e-05,0,1
"Fixed mixed-signal covariate-driven SAR design, lambda = 2",9,357,"covariates only",17.1590961054501,1.23476030267575,0.000337126291502433,0,1
"Fixed mixed-signal covariate-driven SAR design, lambda = 2",9,358,"covariates only",14.8328341239763,1.02748057566819,0.000510309327516131,0,1
"Fixed mixed-signal covariate-driven SAR design, lambda = 2",9,359,"covariates only",6.29241561167362,0.266493364486218,0.00233786053481473,1,0
"Fixed mixed-signal covariate-driven SAR design, lambda = 2",9,360,"covariates only",8.00142681132273,0.418773450623248,0.00172404976443404,0,1
"Fixed mixed-signal covariate-driven SAR design, lambda = 2",9,361,"network only",-13.7742598768465,-1.52153182370628,0.0835367442670362,1,0
"Fixed mixed-signal covariate-driven SAR design, lambda = 2",9,362,"network only",-27.7044030309066,-2.76276617011488,1,1,0
"Fixed mixed-signal covariate-driven SAR design, lambda = 2",9,363,"network only",-6.32437044199238,-0.857715340184188,0.0221459274906787,0,1
"Fixed mixed-signal covariate-driven SAR design, lambda = 2",9,364,"network only",-3.40609137929713,-0.597684401164966,0.0131653942730886,0,1
"Fixed mixed-signal covariate-driven SAR design, lambda = 2",9,365,"network only",-7.85548145166512,-0.994143771130804,0.029093374883219,0,1
"Fixed mixed-signal covariate-driven SAR design, lambda = 2",9,366,"both",10.1482971614649,0.610068628742506,0.00117596099483302,0,1
"Fixed mixed-signal covariate-driven SAR design, lambda = 2",9,367,"both",2.02582236724284,-0.113678039251212,0.00500070557388232,0,1
"Fixed mixed-signal covariate-driven SAR design, lambda = 2",9,368,"both",4.14275538345169,0.074949596495584,0.00342918884804971,0,1
"Fixed mixed-signal covariate-driven SAR design, lambda = 2",9,369,"both",6.63327354189681,0.296865239746915,0.00220007721892257,1,0
"Fixed mixed-signal covariate-driven SAR design, lambda = 2",9,370,"both",14.821602807488,1.0264798181292,0.000511331742177453,0,1
"Fixed mixed-signal covariate-driven SAR design, lambda = 2",9,371,"covariates only",4.41898301698353,0.0995626404804874,0.00326447077027729,0,1
"Fixed mixed-signal covariate-driven SAR design, lambda = 2",9,372,"covariates only",11.93125308703,0.76893750097654,0.000855856922690344,1,0
"Fixed mixed-signal covariate-driven SAR design, lambda = 2",9,373,"covariates only",8.27819180011408,0.443434375221937,0.00164107938726533,0,1
"Fixed mixed-signal covariate-driven SAR design, lambda = 2",9,374,"covariates only",11.0404567896844,0.6895638041171,0.00100310012600029,0,1
"Fixed mixed-signal covariate-driven SAR design, lambda = 2",9,375,"covariates only",6.11777717018607,0.250932344805351,0.00241176356389658,0,1
"Fixed mixed-signal covariate-driven SAR design, lambda = 2",9,376,"covariates only",1.47612258944487,-0.16265860153762,0.00551537773044378,0,1
"Fixed mixed-signal covariate-driven SAR design, lambda = 2",9,377,"covariates only",21.7714890523146,1.64574391436336,0.000148189281992398,0,1
"Fixed mixed-signal covariate-driven SAR design, lambda = 2",9,378,"covariates only",4.9396954474333,0.145960308194891,0.00297517339806397,1,0
"Fixed mixed-signal covariate-driven SAR design, lambda = 2",9,379,"covariates only",5.27377466543772,0.175728171685049,0.00280321394209285,0,1
"Fixed mixed-signal covariate-driven SAR design, lambda = 2",9,380,"covariates only",7.09996497102546,0.338449409026623,0.00202450276184313,0,1
"Fixed mixed-signal covariate-driven SAR design, lambda = 2",9,381,"network only",-9.86085170628025,-1.17283069557702,0.0415910221347049,1,0
"Fixed mixed-signal covariate-driven SAR design, lambda = 2",9,382,"network only",-4.01220236115974,-0.651691439003916,0.014667084254759,1,0
"Fixed mixed-signal covariate-driven SAR design, lambda = 2",9,383,"network only",-7.56582966889024,-0.968334578985217,0.0276297225350617,1,0
"Fixed mixed-signal covariate-driven SAR design, lambda = 2",9,384,"network only",-6.05696560350364,-0.833888444347061,0.0211153407790145,1,0
"Fixed mixed-signal covariate-driven SAR design, lambda = 2",9,385,"network only",-12.9718808912812,-1.45003648121729,0.0724064874606195,1,0
"Fixed mixed-signal covariate-driven SAR design, lambda = 2",9,386,"network only",-9.80984138297743,-1.16828546121692,0.0412146535243044,1,0
"Fixed mixed-signal covariate-driven SAR design, lambda = 2",9,387,"network only",-18.5641338310249,-1.94832973964595,0.196150538508737,1,0
"Fixed mixed-signal covariate-driven SAR design, lambda = 2",9,388,"network only",-11.5011511980954,-1.31898827953867,0.0557122191850306,1,0
"Fixed mixed-signal covariate-driven SAR design, lambda = 2",9,389,"network only",-4.34476711296358,-0.681324357185627,0.0155626163907965,1,0
"Fixed mixed-signal covariate-driven SAR design, lambda = 2",9,390,"network only",-0.190310666447888,-0.311144813799461,0.00742247505075951,0,1
"Fixed mixed-signal covariate-driven SAR design, lambda = 2",9,391,"both",20.3636201561158,1.52029687409422,0.000190449005210158,0,1
"Fixed mixed-signal covariate-driven SAR design, lambda = 2",9,392,"both",6.89042621536532,0.319778624559251,0.00210153008144534,0,1
"Fixed mixed-signal covariate-driven SAR design, lambda = 2",9,393,"both",7.24935293794126,0.351760505217475,0.00197131715970428,0,1
"Fixed mixed-signal covariate-driven SAR design, lambda = 2",9,394,"both",1.44725991850823,-0.165230386916955,0.00554381954961034,0,1
"Fixed mixed-signal covariate-driven SAR design, lambda = 2",9,395,"both",7.72752408699556,0.394367565827249,0.00181029136434312,0,1
"Fixed mixed-signal covariate-driven SAR design, lambda = 2",9,396,"both",2.66781117736224,-0.056474136009347,0.00446010010465983,0,1
"Fixed mixed-signal covariate-driven SAR design, lambda = 2",9,397,"both",18.4821342405331,1.35264856532399,0.000266315337794891,0,1
"Fixed mixed-signal covariate-driven SAR design, lambda = 2",9,398,"both",11.9882905912997,0.774019782511628,0.000847201574458336,0,1
"Fixed mixed-signal covariate-driven SAR design, lambda = 2",9,399,"both",16.7934131631065,1.20217641441899,0.000359827729911884,0,1
"Fixed mixed-signal covariate-driven SAR design, lambda = 2",9,400,"both",7.86453628859104,0.406575929274526,0.00176662523583943,0,1
"Fixed mixed-signal covariate-driven SAR design, lambda = 2",10,356,"covariates only",0.556654303323992,-0.134166266130662,0.0193597927901211,0,1
"Fixed mixed-signal covariate-driven SAR design, lambda = 2",10,357,"covariates only",6.10609520599855,0.276771969191951,0.00851068053421876,1,0
"Fixed mixed-signal covariate-driven SAR design, lambda = 2",10,358,"covariates only",12.7883771125493,0.771597516984121,0.00316347406879293,0,1
"Fixed mixed-signal covariate-driven SAR design, lambda = 2",10,359,"covariates only",1.31653072656651,-0.0778971244446875,0.017299197193545,0,1
"Fixed mixed-signal covariate-driven SAR design, lambda = 2",10,360,"covariates only",9.66961348551721,0.540651869709408,0.00502066355440832,0,1
"Fixed mixed-signal covariate-driven SAR design, lambda = 2",10,361,"network only",-17.0545990329178,-1.43828635583677,0.262811897646658,1,0
"Fixed mixed-signal covariate-driven SAR design, lambda = 2",10,362,"network only",-18.2635525286009,-1.52780982762718,0.314343237450346,1,0
"Fixed mixed-signal covariate-driven SAR design, lambda = 2",10,363,"network only",-11.0113402606414,-0.990780717155174,0.107385727356968,1,0
"Fixed mixed-signal covariate-driven SAR design, lambda = 2",10,364,"network only",-10.873650316476,-0.980584723780464,0.105218095303596,1,0
"Fixed mixed-signal covariate-driven SAR design, lambda = 2",10,365,"network only",-8.2580594338781,-0.78689921194761,0.0714261658311204,0,1
"Fixed mixed-signal covariate-driven SAR design, lambda = 2",10,366,"both",2.57408929477465,0.0152255716786688,0.01435954249141,0,1
"Fixed mixed-signal covariate-driven SAR design, lambda = 2",10,367,"both",17.6102593993467,1.12865975669819,0.00154890206247364,0,1
"Fixed mixed-signal covariate-driven SAR design, lambda = 2",10,368,"both",5.82100350389618,0.2556608188938,0.00887771504155464,0,1
"Fixed mixed-signal covariate-driven SAR design, lambda = 2",10,369,"both",15.5659338340986,0.977276661546563,0.00209659064585285,0,1
"Fixed mixed-signal covariate-driven SAR design, lambda = 2",10,370,"both",3.35277479144581,0.0728875324933411,0.0127954646197307,0,1
"Fixed mixed-signal covariate-driven SAR design, lambda = 2",10,371,"covariates only",4.17489664686753,0.133765972396058,0.0113286385184122,0,1
"Fixed mixed-signal covariate-driven SAR design, lambda = 2",10,372,"covariates only",5.68082951825171,0.245280881291237,0.00906394163013112,0,1
"Fixed mixed-signal covariate-driven SAR design, lambda = 2",10,373,"covariates only",6.02402420242052,0.270694579780478,0.00861475720687088,0,1
"Fixed mixed-signal covariate-driven SAR design, lambda = 2",10,374,"covariates only",10.4587076176039,0.599084593983824,0.00446690894650496,0,1
"Fixed mixed-signal covariate-driven SAR design, lambda = 2",10,375,"covariates only",4.31899068047452,0.144436191059426,0.011089441777375,0,1
"Fixed mixed-signal covariate-driven SAR design, lambda = 2",10,376,"covariates only",2.92414606784783,0.0411474104931144,0.0136340593436602,1,0
"Fixed mixed-signal covariate-driven SAR design, lambda = 2",10,377,"covariates only",1.95249507892877,-0.0308037193123103,0.0157442195493269,0,1
"Fixed mixed-signal covariate-driven SAR design, lambda = 2",10,378,"covariates only",3.70862343597834,0.099238261619164,0.0121385862296474,1,0
"Fixed mixed-signal covariate-driven SAR design, lambda = 2",10,379,"covariates only",8.31639450777224,0.440445483431544,0.00613478406109033,0,1
"Fixed mixed-signal covariate-driven SAR design, lambda = 2",10,380,"covariates only",6.20846826519588,0.284352733638123,0.00838261886390246,0,1
"Fixed mixed-signal covariate-driven SAR design, lambda = 2",10,381,"network only",-5.81837090843231,-0.606239337382528,0.0497666221468318,1,0
"Fixed mixed-signal covariate-driven SAR design, lambda = 2",10,382,"network only",-5.36192102105944,-0.5724390474939,0.0465135627230089,1,0
"Fixed mixed-signal covariate-driven SAR design, lambda = 2",10,383,"network only",-4.02251356621823,-0.473255409804357,0.0381443125801481,0,1
"Fixed mixed-signal covariate-driven SAR design, lambda = 2",10,384,"network only",-8.08351954983432,-0.773974466338048,0.0696034948343057,1,0
"Fixed mixed-signal covariate-driven SAR design, lambda = 2",10,385,"network only",-16.1360496055029,-1.3702674171043,0.22938473991427,1,0
"Fixed mixed-signal covariate-driven SAR design, lambda = 2",10,386,"network only",-7.72676962220658,-0.74755699685204,0.0660214599704895,0,1
"Fixed mixed-signal covariate-driven SAR design, lambda = 2",10,387,"network only",-26.0776224847732,-2.10644471622096,1,1,0
"Fixed mixed-signal covariate-driven SAR design, lambda = 2",10,388,"network only",-20.7081950532923,-1.70883654774364,0.451483551780071,1,0
"Fixed mixed-signal covariate-driven SAR design, lambda = 2",10,389,"network only",-8.33647773818685,-0.792706117571941,0.0722605315439572,1,0
"Fixed mixed-signal covariate-driven SAR design, lambda = 2",10,390,"network only",-2.80863470093505,-0.383367212498846,0.0318679330779008,0,1
"Fixed mixed-signal covariate-driven SAR design, lambda = 2",10,391,"both",10.6112563553403,0.61038088674295,0.00436712139795908,0,1
"Fixed mixed-signal covariate-driven SAR design, lambda = 2",10,392,"both",5.89165059626768,0.260892263282338,0.00878531273695239,0,1
"Fixed mixed-signal covariate-driven SAR design, lambda = 2",10,393,"both",24.216239235888,1.61783510683063,0.000582279697310343,0,1
"Fixed mixed-signal covariate-driven SAR design, lambda = 2",10,394,"both",56.9606680069849,3,3.66942888403731e-05,0,1
"Fixed mixed-signal covariate-driven SAR design, lambda = 2",10,395,"both",5.65125469343419,0.243090854127486,0.00910372925927096,1,0
"Fixed mixed-signal covariate-driven SAR design, lambda = 2",10,396,"both",12.2876419463558,0.734517885149427,0.00340699297328279,0,1
"Fixed mixed-signal covariate-driven SAR design, lambda = 2",10,397,"both",10.9331851425214,0.634219837373094,0.00416379189281652,0,1
"Fixed mixed-signal covariate-driven SAR design, lambda = 2",10,398,"both",8.19917710880701,0.431765489910636,0.00624221362281213,0,1
"Fixed mixed-signal covariate-driven SAR design, lambda = 2",10,399,"both",8.85639769148886,0.480432927081616,0.00566326166634935,0,1
"Fixed mixed-signal covariate-driven SAR design, lambda = 2",10,400,"both",4.38642186519646,0.149429496248421,0.0109792469950442,0,1
"Fixed mixed-signal covariate-driven SAR design, lambda = 2",11,356,"covariates only",10.2088006996055,0.550981742985299,0.00205539043497872,0,1
"Fixed mixed-signal covariate-driven SAR design, lambda = 2",11,357,"covariates only",22.3775500013489,1.39772245935485,0.000377941593388344,0,1
"Fixed mixed-signal covariate-driven SAR design, lambda = 2",11,358,"covariates only",23.9638396906028,1.508101598126,0.000303075330855137,0,1
"Fixed mixed-signal covariate-driven SAR design, lambda = 2",11,359,"covariates only",16.2366730347823,0.970420488308171,0.000888330280134077,0,1
"Fixed mixed-signal covariate-driven SAR design, lambda = 2",11,360,"covariates only",8.2163497965035,0.412340600564689,0.00271216743687613,0,1
"Fixed mixed-signal covariate-driven SAR design, lambda = 2",11,361,"network only",-14.083295945613,-1.13934047546518,0.0604073181782732,1,0
"Fixed mixed-signal covariate-driven SAR design, lambda = 2",11,362,"network only",-8.19543589263467,-0.729644235077659,0.0266214632285103,1,0
"Fixed mixed-signal covariate-driven SAR design, lambda = 2",11,363,"network only",0.74429965368666,-0.10758868171344,0.00767222505688364,1,0
"Fixed mixed-signal covariate-driven SAR design, lambda = 2",11,364,"network only",-2.76569872091598,-0.351825658289265,0.0125044005348205,0,1
"Fixed mixed-signal covariate-driven SAR design, lambda = 2",11,365,"network only",-7.2244243345752,-0.662078127675266,0.0232565209555095,0,1
"Fixed mixed-signal covariate-driven SAR design, lambda = 2",11,366,"both",7.66653692000488,0.374082852182203,0.00292783606030466,0,1
"Fixed mixed-signal covariate-driven SAR design, lambda = 2",11,367,"both",2.96125411465165,0.0466741403637003,0.00563547268556103,1,0
"Fixed mixed-signal covariate-driven SAR design, lambda = 2",11,368,"both",3.8368331310526,0.107599744565216,0.00498897171521167,0,1
"Fixed mixed-signal covariate-driven SAR design, lambda = 2",11,369,"both",2.7953037434522,0.035126779767564,0.00576713687787711,0,1
"Fixed mixed-signal covariate-driven SAR design, lambda = 2",11,370,"both",58.3009470707731,3,1.53357175411112e-05,0,1
"Fixed mixed-signal covariate-driven SAR design, lambda = 2",11,371,"covariates only",4.31955540817402,0.141189113250687,0.00466482855396104,0,1
"Fixed mixed-signal covariate-driven SAR design, lambda = 2",11,372,"covariates only",24.1195011334287,1.51893302199227,0.000296580458813626,0,1
"Fixed mixed-signal covariate-driven SAR design, lambda = 2",11,373,"covariates only",6.24611704514239,0.27524546860538,0.00356776151084206,0,1
"Fixed mixed-signal covariate-driven SAR design, lambda = 2",11,374,"covariates only",1.84902628807961,-0.0307182492143173,0.00657888847957686,0,1
"Fixed mixed-signal covariate-driven SAR design, lambda = 2",11,375,"covariates only",3.21853701857302,0.064576712351506,0.00543726340562982,1,0
"Fixed mixed-signal covariate-driven SAR design, lambda = 2",11,376,"covariates only",4.28227602846686,0.138595094104074,0.00468909275049666,0,1
"Fixed mixed-signal covariate-driven SAR design, lambda = 2",11,377,"covariates only",6.20573646086393,0.272435657669883,0.00358786742235665,0,1
"Fixed mixed-signal covariate-driven SAR design, lambda = 2",11,378,"covariates only",1.56083803796401,-0.050771314595261,0.006848104767764,0,1
"Fixed mixed-signal covariate-driven SAR design, lambda = 2",11,379,"covariates only",5.28620722835472,0.208451856068675,0.00407766938658879,0,1
"Fixed mixed-signal covariate-driven SAR design, lambda = 2",11,380,"covariates only",8.03853716803131,0.399967825953372,0.00278011878902874,0,1
"Fixed mixed-signal covariate-driven SAR design, lambda = 2",11,381,"network only",-15.6218711416222,-1.24639948632594,0.0748307039382846,1,0
"Fixed mixed-signal covariate-driven SAR design, lambda = 2",11,382,"network only",-11.4432074781029,-0.955634628230888,0.0418335464797671,1,0
"Fixed mixed-signal covariate-driven SAR design, lambda = 2",11,383,"network only",-11.4014548091444,-0.952729343230133,0.0415911745709339,0,1
"Fixed mixed-signal covariate-driven SAR design, lambda = 2",11,384,"network only",-15.8105290775833,-1.25952691231553,0.0768213912440116,1,0
"Fixed mixed-signal covariate-driven SAR design, lambda = 2",11,385,"network only",-34.2508389495576,-2.54266298520964,1,1,0
"Fixed mixed-signal covariate-driven SAR design, lambda = 2",11,386,"network only",-9.88455474153322,-0.84717855751988,0.0336760338823563,0,1
"Fixed mixed-signal covariate-driven SAR design, lambda = 2",11,387,"network only",-14.1544950850469,-1.14429474059417,0.0610088411008863,1,0
"Fixed mixed-signal covariate-driven SAR design, lambda = 2",11,388,"network only",-16.3688076685913,-1.29837373234297,0.0830279064228573,1,0
"Fixed mixed-signal covariate-driven SAR design, lambda = 2",11,389,"network only",-6.46205760195384,-0.609030198318743,0.020915483148484,1,0
"Fixed mixed-signal covariate-driven SAR design, lambda = 2",11,390,"network only",-12.8119394733864,-1.05087540289605,0.050611565347424,1,0
"Fixed mixed-signal covariate-driven SAR design, lambda = 2",11,391,"both",2.60077043120421,0.0215905261981844,0.00592540036071167,1,0
"Fixed mixed-signal covariate-driven SAR design, lambda = 2",11,392,"both",4.52397275446707,0.155413129700245,0.00453399318575233,0,1
"Fixed mixed-signal covariate-driven SAR design, lambda = 2",11,393,"both",11.1331233707981,0.615299087467872,0.00180729478552709,0,1
"Fixed mixed-signal covariate-driven SAR design, lambda = 2",11,394,"both",7.22485714879557,0.343349353068525,0.00311344740438586,0,1
"Fixed mixed-signal covariate-driven SAR design, lambda = 2",11,395,"both",3.88036202736378,0.110628625178281,0.00495884107006458,0,1
"Fixed mixed-signal covariate-driven SAR design, lambda = 2",11,396,"both",6.36556746836312,0.283557213257238,0.00350894310359583,0,1
"Fixed mixed-signal covariate-driven SAR design, lambda = 2",11,397,"both",7.19807466076495,0.341485741407304,0.00312507357136564,1,0
"Fixed mixed-signal covariate-driven SAR design, lambda = 2",11,398,"both",12.9839077717152,0.744082619005789,0.00139691197818934,0,1
"Fixed mixed-signal covariate-driven SAR design, lambda = 2",11,399,"both",2.9881727429965,0.0485472251058717,0.00561440074393213,0,1
"Fixed mixed-signal covariate-driven SAR design, lambda = 2",11,400,"both",2.21699331131707,-0.00511392019655912,0.00625047305044908,0,1
"Fixed mixed-signal covariate-driven SAR design, lambda = 2",12,356,"covariates only",13.2787833349245,0.676088910675647,0.00463754628528158,0,1
"Fixed mixed-signal covariate-driven SAR design, lambda = 2",12,357,"covariates only",49.4272508516954,3,4.4439046510009e-05,0,1
"Fixed mixed-signal covariate-driven SAR design, lambda = 2",12,358,"covariates only",2.45694254482335,-0.161034858751357,0.0247402865014259,1,0
"Fixed mixed-signal covariate-driven SAR design, lambda = 2",12,359,"covariates only",5.80193317705544,0.0977169766400379,0.0147453720850591,0,1
"Fixed mixed-signal covariate-driven SAR design, lambda = 2",12,360,"covariates only",28.5107850479442,1.85436079040845,0.000439394185943137,0,1
"Fixed mixed-signal covariate-driven SAR design, lambda = 2",12,361,"network only",-8.48014228707433,-1.00707333396122,0.134358271210018,1,0
"Fixed mixed-signal covariate-driven SAR design, lambda = 2",12,362,"network only",-0.368839343283348,-0.379623288541805,0.0383061250728142,1,0
"Fixed mixed-signal covariate-driven SAR design, lambda = 2",12,363,"network only",-10.3512496823185,-1.15181289408691,0.179466582030237,1,0
"Fixed mixed-signal covariate-driven SAR design, lambda = 2",12,364,"network only",-8.56636631347032,-1.01374319571504,0.136162581140655,1,0
"Fixed mixed-signal covariate-driven SAR design, lambda = 2",12,365,"network only",0.435079361673844,-0.317436136682925,0.0338261950312235,0,1
"Fixed mixed-signal covariate-driven SAR design, lambda = 2",12,366,"both",35.4005567803742,2.38731925791974,0.000151332589328767,0,1
"Fixed mixed-signal covariate-driven SAR design, lambda = 2",12,367,"both",5.12742604368333,0.0455404601909738,0.0163672487309117,0,1
"Fixed mixed-signal covariate-driven SAR design, lambda = 2",12,368,"both",6.2918226594329,0.135612390003131,0.0136691087333904,0,1
"Fixed mixed-signal covariate-driven SAR design, lambda = 2",12,369,"both",13.0114041600199,0.655405787803686,0.00483340725259288,0,1
"Fixed mixed-signal covariate-driven SAR design, lambda = 2",12,370,"both",3.37841183351186,-0.0897545784996153,0.0214531692895864,0,1
"Fixed mixed-signal covariate-driven SAR design, lambda = 2",12,371,"covariates only",5.93954292322556,0.108361782053291,0.0144347669151339,0,1
"Fixed mixed-signal covariate-driven SAR design, lambda = 2",12,372,"covariates only",5.31447445533841,0.0600095948296269,0.0159003964078941,0,1
"Fixed mixed-signal covariate-driven SAR design, lambda = 2",12,373,"covariates only",5.73844774948735,0.0928060597766057,0.0148909122435374,0,1
"Fixed mixed-signal covariate-driven SAR design, lambda = 2",12,374,"covariates only",20.1805991175095,1.20997904599285,0.00159425276074887,0,1
"Fixed mixed-signal covariate-driven SAR design, lambda = 2",12,375,"covariates only",5.24666828436788,0.0547644467504586,0.0160680742325768,0,1
"Fixed mixed-signal covariate-driven SAR design, lambda = 2",12,376,"covariates only",8.68581130151819,0.320799442270709,0.00943819114071862,1,0
"Fixed mixed-signal covariate-driven SAR design, lambda = 2",12,377,"covariates only",2.91509248469023,-0.125594658506041,0.0230473903681483,0,1
"Fixed mixed-signal covariate-driven SAR design, lambda = 2",12,378,"covariates only",6.95991815495717,0.187292934043481,0.0123268198204227,1,0
"Fixed mixed-signal covariate-driven SAR design, lambda = 2",12,379,"covariates only",9.20951573183764,0.361310611791485,0.00870364589534007,0,1
"Fixed mixed-signal covariate-driven SAR design, lambda = 2",12,380,"covariates only",4.06882583607936,-0.0363475857795634,0.0192798093654209,0,1
"Fixed mixed-signal covariate-driven SAR design, lambda = 2",12,381,"network only",-9.39832185881382,-1.07809913807474,0.154866198098148,1,0
"Fixed mixed-signal covariate-driven SAR design, lambda = 2",12,382,"network only",-13.6872137701965,-1.40986648091033,0.300694918728609,1,0
"Fixed mixed-signal covariate-driven SAR design, lambda = 2",12,383,"network only",-21.4543826174894,-2.01069602454669,1,1,0
"Fixed mixed-signal covariate-driven SAR design, lambda = 2",12,384,"network only",-3.40155987724509,-0.614219462543086,0.0612400970155932,0,1
"Fixed mixed-signal covariate-driven SAR design, lambda = 2",12,385,"network only",-13.7832547110087,-1.41729573032838,0.305196151798724,1,0
"Fixed mixed-signal covariate-driven SAR design, lambda = 2",12,386,"network only",-5.8976263037044,-0.807302744415899,0.0901043748311808,1,0
"Fixed mixed-signal covariate-driven SAR design, lambda = 2",12,387,"network only",-3.94186257549544,-0.656014591501612,0.0665792130786589,1,0
"Fixed mixed-signal covariate-driven SAR design, lambda = 2",12,388,"network only",-7.15710647787196,-0.904729865306657,0.109488876596399,1,0
"Fixed mixed-signal covariate-driven SAR design, lambda = 2",12,389,"network only",-1.8771212356615,-0.496296472669687,0.0483736950477082,0,1
"Fixed mixed-signal covariate-driven SAR design, lambda = 2",12,390,"network only",-8.63825688441892,-1.01930429265834,0.137685460951739,1,0
"Fixed mixed-signal covariate-driven SAR design, lambda = 2",12,391,"both",6.19116285990084,0.127825848651393,0.0138836450543351,0,1
"Fixed mixed-signal covariate-driven SAR design, lambda = 2",12,392,"both",10.2558772948439,0.442251937098038,0.00740280776310737,0,1
"Fixed mixed-signal covariate-driven SAR design, lambda = 2",12,393,"both",2.86328270741949,-0.129602405143907,0.0232328689286916,0,1
"Fixed mixed-signal covariate-driven SAR design, lambda = 2",12,394,"both",6.95736948781781,0.187095781832124,0.012331681298384,0,1
"Fixed mixed-signal covariate-driven SAR design, lambda = 2",12,395,"both",27.6994537333627,1.79160023594364,0.000498158369235765,0,1
"Fixed mixed-signal covariate-driven SAR design, lambda = 2",12,396,"both",5.35884716413904,0.0634420468469257,0.0157916155248119,0,1
"Fixed mixed-signal covariate-driven SAR design, lambda = 2",12,397,"both",9.84401815994036,0.410392563247451,0.0078898577330322,0,1
"Fixed mixed-signal covariate-driven SAR design, lambda = 2",12,398,"both",4.67244588250991,0.0103454582570717,0.017560855634789,0,1
"Fixed mixed-signal covariate-driven SAR design, lambda = 2",12,399,"both",2.95810141435761,-0.122267701658264,0.0228945440986072,0,1
"Fixed mixed-signal covariate-driven SAR design, lambda = 2",12,400,"both",7.0652197663174,0.195438542867189,0.0121276278611144,0,1
"Fixed mixed-signal covariate-driven SAR design, lambda = 2",13,356,"covariates only",14.3055728812867,1.12271056764873,0.000802719688086331,0,1
"Fixed mixed-signal covariate-driven SAR design, lambda = 2",13,357,"covariates only",1.18538552432902,-0.0802740016624758,0.00890149670593304,0,1
"Fixed mixed-signal covariate-driven SAR design, lambda = 2",13,358,"covariates only",5.353689416936,0.301916063660553,0.0041447368529638,0,1
"Fixed mixed-signal covariate-driven SAR design, lambda = 2",13,359,"covariates only",19.6343449317399,1.61130347990411,0.000302118627837197,0,1
"Fixed mixed-signal covariate-driven SAR design, lambda = 2",13,360,"covariates only",21.7248428984356,1.80298037655892,0.000205915513154371,0,1
"Fixed mixed-signal covariate-driven SAR design, lambda = 2",13,361,"network only",-5.71921664642744,-0.713354127934296,0.0315754425618468,1,0
"Fixed mixed-signal covariate-driven SAR design, lambda = 2",13,362,"network only",-10.5868818874522,-1.15966834694734,0.0770926636522768,1,0
"Fixed mixed-signal covariate-driven SAR design, lambda = 2",13,363,"network only",-12.0812770994281,-1.29668882779483,0.101397565710581,1,0
"Fixed mixed-signal covariate-driven SAR design, lambda = 2",13,364,"network only",-11.9022191822198,-1.28027108119151,0.0981221951134835,1,0
"Fixed mixed-signal covariate-driven SAR design, lambda = 2",13,365,"network only",-11.9444920849217,-1.28414706621114,0.098885791293647,1,0
"Fixed mixed-signal covariate-driven SAR design, lambda = 2",13,366,"both",5.28002134718126,0.295161468718059,0.0042011088025067,0,1
"Fixed mixed-signal covariate-driven SAR design, lambda = 2",13,367,"both",3.27055385083235,0.11091422248051,0.00607294088937249,0,1
"Fixed mixed-signal covariate-driven SAR design, lambda = 2",13,368,"both",10.0729088073355,0.734619343833931,0.00174443852345129,0,1
"Fixed mixed-signal covariate-driven SAR design, lambda = 2",13,369,"both",0.355004986100043,-0.156411250847112,0.0103656134632854,1,0
"Fixed mixed-signal covariate-driven SAR design, lambda = 2",13,370,"both",4.54832571294644,0.228072597692899,0.00480437150228746,0,1
"Fixed mixed-signal covariate-driven SAR design, lambda = 2",13,371,"covariates only",9.37258503128909,0.670406945551461,0.00198348924232864,0,1
"Fixed mixed-signal covariate-driven SAR design, lambda = 2",13,372,"covariates only",5.78909603340523,0.341838316806636,0.00382666931718401,0,1
"Fixed mixed-signal covariate-driven SAR design, lambda = 2",13,373,"covariates only",9.45931274030203,0.678358973433055,0.00195219324511742,0,1
"Fixed mixed-signal covariate-driven SAR design, lambda = 2",13,374,"covariates only",1.32296324767705,-0.067659556931938,0.0086797310428388,1,0
"Fixed mixed-signal covariate-driven SAR design, lambda = 2",13,375,"covariates only",4.52254688825209,0.225708947885274,0.00482713697304667,0,1
"Fixed mixed-signal covariate-driven SAR design, lambda = 2",13,376,"covariates only",7.77842923014107,0.524239457414027,0.00265698630818087,0,1
"Fixed mixed-signal covariate-driven SAR design, lambda = 2",13,377,"covariates only",10.8255369543571,0.80362750832604,0.00151955330264491,0,1
"Fixed mixed-signal covariate-driven SAR design, lambda = 2",13,378,"covariates only",3.17900635627234,0.102520270449299,0.00617575342725252,0,1
"Fixed mixed-signal covariate-driven SAR design, lambda = 2",13,379,"covariates only",3.94662929870066,0.172903301549905,0.00536483073315282,0,1
"Fixed mixed-signal covariate-driven SAR design, lambda = 2",13,380,"covariates only",10.7742443354375,0.798924509245236,0.00153391364903708,0,1
"Fixed mixed-signal covariate-driven SAR design, lambda = 2",13,381,"network only",-7.33540977685608,-0.861542209707487,0.0424682122022499,1,0
"Fixed mixed-signal covariate-driven SAR design, lambda = 2",13,382,"network only",-12.3251461532138,-1.31904908078932,0.106035038360062,1,0
"Fixed mixed-signal covariate-driven SAR design, lambda = 2",13,383,"network only",-13.7898891116167,-1.45335075873232,0.138708269349665,1,0
"Fixed mixed-signal covariate-driven SAR design, lambda = 2",13,384,"network only",-4.18655956544352,-0.572825432092809,0.0238389856407546,0,1
"Fixed mixed-signal covariate-driven SAR design, lambda = 2",13,385,"network only",-4.29386251098169,-0.582663994928241,0.0243127138769836,0,1
"Fixed mixed-signal covariate-driven SAR design, lambda = 2",13,386,"network only",-7.44983750301033,-0.872034040740062,0.0433687662326941,1,0
"Fixed mixed-signal covariate-driven SAR design, lambda = 2",13,387,"network only",-24.5620082942893,-2.44104192525094,1,1,0
"Fixed mixed-signal covariate-driven SAR design, lambda = 2",13,388,"network only",-9.37887404086796,-1.0489066055552,0.0617741282198056,0,1
"Fixed mixed-signal covariate-driven SAR design, lambda = 2",13,389,"network only",-15.2427308421768,-1.58656121800129,0.181053734787017,1,0
"Fixed mixed-signal covariate-driven SAR design, lambda = 2",13,390,"network only",-9.19719622513417,-1.03224864153626,0.0597499713642907,1,0
"Fixed mixed-signal covariate-driven SAR design, lambda = 2",13,391,"both",8.5802101546689,0.597754419810014,0.00229369163865802,0,1
"Fixed mixed-signal covariate-driven SAR design, lambda = 2",13,392,"both",-2.59489148470023,-0.426886042013599,0.0178043625172344,1,0
"Fixed mixed-signal covariate-driven SAR design, lambda = 2",13,393,"both",27.2227041035496,2.30707700368975,7.51339634901614e-05,0,1
"Fixed mixed-signal covariate-driven SAR design, lambda = 2",13,394,"both",7.71497044382511,0.51842094746075,0.00268808631547923,0,1
"Fixed mixed-signal covariate-driven SAR design, lambda = 2",13,395,"both",10.2228810255358,0.748370234687227,0.00169711705096936,0,1
"Fixed mixed-signal covariate-driven SAR design, lambda = 2",13,396,"both",13.7561929186722,1.07233814538576,0.000887803483992323,0,1
"Fixed mixed-signal covariate-driven SAR design, lambda = 2",13,397,"both",15.0859778442835,1.19426557694524,0.000695684013444532,0,1
"Fixed mixed-signal covariate-driven SAR design, lambda = 2",13,398,"both",6.64221413952483,0.420060364216472,0.00327248848489578,0,1
"Fixed mixed-signal covariate-driven SAR design, lambda = 2",13,399,"both",4.20379914496937,0.196483098723254,0.00511770057144903,0,1
"Fixed mixed-signal covariate-driven SAR design, lambda = 2",13,400,"both",9.2002767119191,0.654608066791081,0.0020471637424328,0,1
"Fixed mixed-signal covariate-driven SAR design, lambda = 2",14,356,"covariates only",4.68904727166572,0.156214948033761,0.011602953839924,0,1
"Fixed mixed-signal covariate-driven SAR design, lambda = 2",14,357,"covariates only",1.65990514266881,-0.113465724725712,0.0198980363819592,0,1
"Fixed mixed-signal covariate-driven SAR design, lambda = 2",14,358,"covariates only",5.5194183742617,0.230141831637029,0.0100082118385587,0,1
"Fixed mixed-signal covariate-driven SAR design, lambda = 2",14,359,"covariates only",7.84422973307804,0.437116831351576,0.0066157683296818,0,1
"Fixed mixed-signal covariate-driven SAR design, lambda = 2",14,360,"covariates only",6.01360522997492,0.274138659135435,0.00916518700066758,0,1
"Fixed mixed-signal covariate-driven SAR design, lambda = 2",14,361,"network only",-8.58539656012437,-1.0255919103491,0.123331200531794,1,0
"Fixed mixed-signal covariate-driven SAR design, lambda = 2",14,362,"network only",-8.34879043252585,-1.00452716760924,0.118243249416484,1,0
"Fixed mixed-signal covariate-driven SAR design, lambda = 2",14,363,"network only",-8.30828243345184,-1.00092079194999,0.117393458612331,1,0
"Fixed mixed-signal covariate-driven SAR design, lambda = 2",14,364,"network only",-4.14536015573448,-0.630301113938387,0.0559406792969671,1,0
"Fixed mixed-signal covariate-driven SAR design, lambda = 2",14,365,"network only",-7.45783060754947,-0.925206147079621,0.100897171806247,1,0
"Fixed mixed-signal covariate-driven SAR design, lambda = 2",14,366,"both",8.74420343020391,0.517240345459218,0.00563619342059333,0,1
"Fixed mixed-signal covariate-driven SAR design, lambda = 2",14,367,"both",29.5047577336067,2.36552610194673,0.000139825145071031,0,1
"Fixed mixed-signal covariate-driven SAR design, lambda = 2",14,368,"both",23.0100425492521,1.78730986589381,0.000444444483362532,0,1
"Fixed mixed-signal covariate-driven SAR design, lambda = 2",14,369,"both",3.81881564451849,0.0787393326048641,0.0135476207015707,0,1
"Fixed mixed-signal covariate-driven SAR design, lambda = 2",14,370,"both",9.15486564893416,0.553801080712914,0.00523877368682078,0,1
"Fixed mixed-signal covariate-driven SAR design, lambda = 2",14,371,"covariates only",6.35394990337937,0.304439112724323,0.00862626291985198,0,1
"Fixed mixed-signal covariate-driven SAR design, lambda = 2",14,372,"covariates only",9.47492735871179,0.582295767836083,0.00494856713730032,0,1
"Fixed mixed-signal covariate-driven SAR design, lambda = 2",14,373,"covariates only",3.77486343809646,0.0748263235440837,0.0136540605836524,0,1
"Fixed mixed-signal covariate-driven SAR design, lambda = 2",14,374,"covariates only",16.2035726042632,1.18133849983923,0.00149333608958084,0,1
"Fixed mixed-signal covariate-driven SAR design, lambda = 2",14,375,"covariates only",28.9460435199562,2.31578448580558,0.000154450848109422,0,1
"Fixed mixed-signal covariate-driven SAR design, lambda = 2",14,376,"covariates only",22.6777631006313,1.757727449014,0.000471533422055805,0,1
"Fixed mixed-signal covariate-driven SAR design, lambda = 2",14,377,"covariates only",5.91350576208695,0.265226930767037,0.00933000678052084,0,1
"Fixed mixed-signal covariate-driven SAR design, lambda = 2",14,378,"covariates only",4.46608881643002,0.136365240213914,0.01207284991373,0,1
"Fixed mixed-signal covariate-driven SAR design, lambda = 2",14,379,"covariates only",13.9171482631553,0.977781047509382,0.00224370273559841,0,1
"Fixed mixed-signal covariate-driven SAR design, lambda = 2",14,380,"covariates only",2.05219575737871,-0.0785405900219052,0.0185555842814382,0,1
"Fixed mixed-signal covariate-driven SAR design, lambda = 2",14,381,"network only",-14.6986610927809,-1.56984807982417,0.366275492785967,1,0
"Fixed mixed-signal covariate-driven SAR design, lambda = 2",14,382,"network only",-13.362681169469,-1.45090748569919,0.288733632005876,1,0
"Fixed mixed-signal covariate-driven SAR design, lambda = 2",14,383,"network only",-20.3393656776909,-2.07203283792257,1,1,0
"Fixed mixed-signal covariate-driven SAR design, lambda = 2",14,384,"network only",-11.7989149652758,-1.31168736857481,0.218560822640447,1,0
"Fixed mixed-signal covariate-driven SAR design, lambda = 2",14,385,"network only",-4.91937517477226,-0.69921068706864,0.0642069189871413,0,1
"Fixed mixed-signal covariate-driven SAR design, lambda = 2",14,386,"network only",-9.07917209774417,-1.06955211872056,0.134665488511542,1,0
"Fixed mixed-signal covariate-driven SAR design, lambda = 2",14,387,"network only",-4.33829939014123,-0.64747824869163,0.0578958728001048,1,0
"Fixed mixed-signal covariate-driven SAR design, lambda = 2",14,388,"network only",-9.11737409365896,-1.07295319385019,0.135584625910503,1,0
"Fixed mixed-signal covariate-driven SAR design, lambda = 2",14,389,"network only",-10.6458933751307,-1.20903532225452,0.177995852177331,1,0
"Fixed mixed-signal covariate-driven SAR design, lambda = 2",14,390,"network only",-5.37859686424398,-0.740094610268205,0.0696775954633683,1,0
"Fixed mixed-signal covariate-driven SAR design, lambda = 2",14,391,"both",4.21394625933195,0.113917308907364,0.0126272223238506,1,0
"Fixed mixed-signal covariate-driven SAR design, lambda = 2",14,392,"both",6.06492422700832,0.278707524198856,0.00908181947037515,0,1
"Fixed mixed-signal covariate-driven SAR design, lambda = 2",14,393,"both",0.576986406942733,-0.209876603039684,0.0241296846128124,0,1
"Fixed mixed-signal covariate-driven SAR design, lambda = 2",14,394,"both",1.17790679250463,-0.156377425070481,0.0216811767509318,0,1
"Fixed mixed-signal covariate-driven SAR design, lambda = 2",14,395,"both",4.04772320727378,0.0991186819040068,0.0130065391083384,0,1
"Fixed mixed-signal covariate-driven SAR design, lambda = 2",14,396,"both",4.87582047172361,0.172843128587881,0.0112234276260746,0,1
"Fixed mixed-signal covariate-driven SAR design, lambda = 2",14,397,"both",5.90186328975406,0.264190416256455,0.00934936821682044,0,1
"Fixed mixed-signal covariate-driven SAR design, lambda = 2",14,398,"both",8.42440769746341,0.488769337933524,0.00596644293930623,0,1
"Fixed mixed-signal covariate-driven SAR design, lambda = 2",14,399,"both",20.0200079229655,1.5211108843828,0.00075689392138958,0,1
"Fixed mixed-signal covariate-driven SAR design, lambda = 2",14,400,"both",3.528987377549,0.0529362904587603,0.0142651146561686,0,1
"Fixed mixed-signal covariate-driven SAR design, lambda = 2",15,356,"covariates only",2.20600107872049,0.107816312791534,0.00516912793518126,1,0
"Fixed mixed-signal covariate-driven SAR design, lambda = 2",15,357,"covariates only",28.3809971154739,1.86336513612946,0.00015437143726711,0,1
"Fixed mixed-signal covariate-driven SAR design, lambda = 2",15,358,"covariates only",8.35044509573436,0.519922257296286,0.00226707874752391,1,0
"Fixed mixed-signal covariate-driven SAR design, lambda = 2",15,359,"covariates only",5.02422889814615,0.296833973972604,0.00354191901187458,0,1
"Fixed mixed-signal covariate-driven SAR design, lambda = 2",15,360,"covariates only",3.64530347492603,0.20434987575896,0.00426156673332365,0,1
"Fixed mixed-signal covariate-driven SAR design, lambda = 2",15,361,"network only",-12.480770566205,-0.877220882388106,0.0370689016164035,0,1
"Fixed mixed-signal covariate-driven SAR design, lambda = 2",15,362,"network only",-7.32170431165475,-0.531203917190449,0.0185550957779912,0,1
"Fixed mixed-signal covariate-driven SAR design, lambda = 2",15,363,"network only",-18.5945638082745,-1.28727108897364,0.0841733867898988,1,0
"Fixed mixed-signal covariate-driven SAR design, lambda = 2",15,364,"network only",-5.75646038126474,-0.426223494791354,0.0150410572442096,1,0
"Fixed mixed-signal covariate-driven SAR design, lambda = 2",15,365,"network only",-31.4658601815297,-2.15054492371172,0.473156627188872,1,0
"Fixed mixed-signal covariate-driven SAR design, lambda = 2",15,366,"both",30.4930513008387,2.00501995184507,0.000116285921310032,0,1
"Fixed mixed-signal covariate-driven SAR design, lambda = 2",15,367,"both",3.01156713575979,0.161845377077562,0.00463968217815962,0,1
"Fixed mixed-signal covariate-driven SAR design, lambda = 2",15,368,"both",4.62734173332514,0.270214875569643,0.00373559410735088,0,1
"Fixed mixed-signal covariate-driven SAR design, lambda = 2",15,369,"both",10.6031620627815,0.671011281923449,0.00167583920566066,0,1
"Fixed mixed-signal covariate-driven SAR design, lambda = 2",15,370,"both",2.35356537178651,0.117713403919837,0.00506781528319172,0,1
"Fixed mixed-signal covariate-driven SAR design, lambda = 2",15,371,"covariates only",7.49928761414771,0.462835390380373,0.00254127479062424,0,1
"Fixed mixed-signal covariate-driven SAR design, lambda = 2",15,372,"covariates only",25.7597011721477,1.6875556344789,0.000219418448836862,0,1
"Fixed mixed-signal covariate-driven SAR design, lambda = 2",15,373,"covariates only",2.57678068314701,0.132684385258658,0.004918324144503,0,1
"Fixed mixed-signal covariate-driven SAR design, lambda = 2",15,374,"covariates only",12.432369520821,0.793695655823379,0.00131120335912404,0,1
"Fixed mixed-signal covariate-driven SAR design, lambda = 2",15,375,"covariates only",14.7305485985226,0.947833810037952,0.000963357213149145,0,1
"Fixed mixed-signal covariate-driven SAR design, lambda = 2",15,376,"covariates only",8.52787968496842,0.531822739875612,0.00221375715506166,0,1
"Fixed mixed-signal covariate-driven SAR design, lambda = 2",15,377,"covariates only",1.32272251123616,0.0485750946591825,0.00581933755233769,1,0
"Fixed mixed-signal covariate-driven SAR design, lambda = 2",15,378,"covariates only",9.23598383829044,0.579315064666021,0.00201316174293791,0,1
"Fixed mixed-signal covariate-driven SAR design, lambda = 2",15,379,"covariates only",5.46141261949045,0.32615574985791,0.0033401814178839,0,1
"Fixed mixed-signal covariate-driven SAR design, lambda = 2",15,380,"covariates only",7.53637904522672,0.465323101098466,0.00252866227985231,0,1
"Fixed mixed-signal covariate-driven SAR design, lambda = 2",15,381,"network only",-18.5274246948512,-1.282768089569,0.0834187247123357,1,0
"Fixed mixed-signal covariate-driven SAR design, lambda = 2",15,382,"network only",0.974218520208606,0.0252010406376304,0.00609783957665621,0,1
"Fixed mixed-signal covariate-driven SAR design, lambda = 2",15,383,"network only",-13.4355206032893,-0.941255669703134,0.0421337027736142,1,0
"Fixed mixed-signal covariate-driven SAR design, lambda = 2",15,384,"network only",-37.0446009619099,-2.52470932851055,1,1,0
"Fixed mixed-signal covariate-driven SAR design, lambda = 2",15,385,"network only",-14.6313250366375,-1.02145790021958,0.0494643606009933,1,0
"Fixed mixed-signal covariate-driven SAR design, lambda = 2",15,386,"network only",-23.6915118486588,-1.62912180491442,0.166764098807272,1,0
"Fixed mixed-signal covariate-driven SAR design, lambda = 2",15,387,"network only",-3.59042523921431,-0.280948193141036,0.0112484799981116,0,1
"Fixed mixed-signal covariate-driven SAR design, lambda = 2",15,388,"network only",-25.3749972206297,-1.742032643935,0.209014140972409,1,0
"Fixed mixed-signal covariate-driven SAR design, lambda = 2",15,389,"network only",-20.3627352079197,-1.4058617934669,0.106704166779005,1,0
"Fixed mixed-signal covariate-driven SAR design, lambda = 2",15,390,"network only",-13.4319474166372,-0.941016017188422,0.042113512716951,1,0
"Fixed mixed-signal covariate-driven SAR design, lambda = 2",15,391,"both",11.7323336103721,0.746744465566955,0.00144029462135986,0,1
"Fixed mixed-signal covariate-driven SAR design, lambda = 2",15,392,"both",7.31733805422461,0.450632090124612,0.00260406176075213,0,1
"Fixed mixed-signal covariate-driven SAR design, lambda = 2",15,393,"both",8.19316495801258,0.509373527496129,0.00231541645833681,0,1
"Fixed mixed-signal covariate-driven SAR design, lambda = 2",15,394,"both",3.55080031015614,0.198011577962065,0.00431593275137854,0,1
"Fixed mixed-signal covariate-driven SAR design, lambda = 2",15,395,"both",9.70485963763968,0.610762418342156,0.00189044411940004,0,1
"Fixed mixed-signal covariate-driven SAR design, lambda = 2",15,396,"both",6.67032401197778,0.407237060037325,0.00284016600203703,0,1
"Fixed mixed-signal covariate-driven SAR design, lambda = 2",15,397,"both",16.4339042547282,1.06207734282699,0.00076657858329111,0,1
"Fixed mixed-signal covariate-driven SAR design, lambda = 2",15,398,"both",0.640504854563252,0.00281896912813065,0.00637700584370462,1,0
"Fixed mixed-signal covariate-driven SAR design, lambda = 2",15,399,"both",16.3207028431019,1.05448495944318,0.00077830772707195,0,1
"Fixed mixed-signal covariate-driven SAR design, lambda = 2",15,400,"both",-2.67568389350662,-0.219596776282718,0.00994957836132578,0,1
"Fixed mixed-signal covariate-driven SAR design, lambda = 2",16,356,"covariates only",6.14710781268718,0.41272132659868,0.00108579520435291,0,1
"Fixed mixed-signal covariate-driven SAR design, lambda = 2",16,357,"covariates only",4.28790889420269,0.285345953947485,0.00140082783290851,1,0
"Fixed mixed-signal covariate-driven SAR design, lambda = 2",16,358,"covariates only",4.40867086857749,0.293619464293878,0.00137783902841513,1,0
"Fixed mixed-signal covariate-driven SAR design, lambda = 2",16,359,"covariates only",1.45944685867979,0.0915655024731663,0.00206395547260394,0,1
"Fixed mixed-signal covariate-driven SAR design, lambda = 2",16,360,"covariates only",15.9618470764644,1.08513784898834,0.00028293999970484,0,1
"Fixed mixed-signal covariate-driven SAR design, lambda = 2",16,361,"network only",-3.65335438796749,-0.25871706148941,0.00415864542376714,0,1
"Fixed mixed-signal covariate-driven SAR design, lambda = 2",16,362,"network only",-8.89912923087309,-0.618109764882348,0.00853328849871556,0,1
"Fixed mixed-signal covariate-driven SAR design, lambda = 2",16,363,"network only",-20.0250267510232,-1.38035490638842,0.0391917040005081,1,0
"Fixed mixed-signal covariate-driven SAR design, lambda = 2",16,364,"network only",-48.9002317832721,-3,1,1,0
"Fixed mixed-signal covariate-driven SAR design, lambda = 2",16,365,"network only",-11.5394152849153,-0.798998112382853,0.0122527635044402,0,1
"Fixed mixed-signal covariate-driven SAR design, lambda = 2",16,366,"both",4.28400119822281,0.28507823421793,0.00140157809224697,1,0
"Fixed mixed-signal covariate-driven SAR design, lambda = 2",16,367,"both",1.10761197348401,0.0674609813442311,0.00216589423185289,0,1
"Fixed mixed-signal covariate-driven SAR design, lambda = 2",16,368,"both",9.11086624092507,0.615771054355971,0.000723404434263408,0,1
"Fixed mixed-signal covariate-driven SAR design, lambda = 2",16,369,"both",2.81933399793439,0.184732580726051,0.00171307519924667,0,1
"Fixed mixed-signal covariate-driven SAR design, lambda = 2",16,370,"both",3.67186128873575,0.243139984195097,0.00152420857874311,0,1
"Fixed mixed-signal covariate-driven SAR design, lambda = 2",16,371,"covariates only",7.07019203035919,0.475962647925531,0.000956791272987438,0,1
"Fixed mixed-signal covariate-driven SAR design, lambda = 2",16,372,"covariates only",5.45497296383209,0.365302552081718,0.00119381035992049,0,1
"Fixed mixed-signal covariate-driven SAR design, lambda = 2",16,373,"covariates only",23.5325545511446,1.60381375624771,0.000100271654261391,0,1
"Fixed mixed-signal covariate-driven SAR design, lambda = 2",16,374,"covariates only",6.24427505393808,0.419378340778697,0.00107143470637948,0,1
"Fixed mixed-signal covariate-driven SAR design, lambda = 2",16,375,"covariates only",18.7676382910919,1.27736510234536,0.000192631753480246,0,1
"Fixed mixed-signal covariate-driven SAR design, lambda = 2",16,376,"covariates only",12.1550642897102,0.824331772110754,0.000476680766273326,0,1
"Fixed mixed-signal covariate-driven SAR design, lambda = 2",16,377,"covariates only",7.70521009808141,0.519468300931339,0.000877058729157036,0,1
"Fixed mixed-signal covariate-driven SAR design, lambda = 2",16,378,"covariates only",5.8916371976124,0.395218807382982,0.00112447657893182,0,1
"Fixed mixed-signal covariate-driven SAR design, lambda = 2",16,379,"covariates only",7.68189264724323,0.517870801621146,0.000879865411872836,0,1
"Fixed mixed-signal covariate-driven SAR design, lambda = 2",16,380,"covariates only",1.91181792519267,0.122557846864517,0.00193990612989616,1,0
"Fixed mixed-signal covariate-driven SAR design, lambda = 2",16,381,"network only",2.82701657516636,0.18525892092995,0.00171127282737456,0,1
"Fixed mixed-signal covariate-driven SAR design, lambda = 2",16,382,"network only",-14.0804913424595,-0.973089494723242,0.0173559305846869,1,0
"Fixed mixed-signal covariate-driven SAR design, lambda = 2",16,383,"network only",5.8631050133235,0.393264042042804,0.00112888135931815,1,0
"Fixed mixed-signal covariate-driven SAR design, lambda = 2",16,384,"network only",-5.60103885306212,-0.392154657693801,0.0054306812928385,1,0
"Fixed mixed-signal covariate-driven SAR design, lambda = 2",16,385,"network only",-16.4680905722022,-1.13666604299172,0.0240729153705576,1,0
"Fixed mixed-signal covariate-driven SAR design, lambda = 2",16,386,"network only",-8.39899396786355,-0.583845052877367,0.00796809453653486,1,0
"Fixed mixed-signal covariate-driven SAR design, lambda = 2",16,387,"network only",-8.5260506448663,-0.592549818903285,0.00810802990397226,1,0
"Fixed mixed-signal covariate-driven SAR design, lambda = 2",16,388,"network only",-4.75823114072819,-0.33441315119629,0.0048383878740737,0,1
"Fixed mixed-signal covariate-driven SAR design, lambda = 2",16,389,"network only",-41.5890827143761,-2.85772757312936,0.752356608698488,1,0
"Fixed mixed-signal covariate-driven SAR design, lambda = 2",16,390,"network only",-36.237465663997,-2.4910835258995,0.36137721539622,1,0
"Fixed mixed-signal covariate-driven SAR design, lambda = 2",16,391,"both",3.42984060143712,0.226558931502204,0.00157560199134398,0,1
"Fixed mixed-signal covariate-driven SAR design, lambda = 2",16,392,"both",9.11805509927978,0.616263569440163,0.000722692209910541,0,1
"Fixed mixed-signal covariate-driven SAR design, lambda = 2",16,393,"both",10.3719497514394,0.702169008065509,0.000608606879878703,0,1
"Fixed mixed-signal covariate-driven SAR design, lambda = 2",16,394,"both",8.1165105151805,0.547646858577174,0.000828997252428823,1,0
"Fixed mixed-signal covariate-driven SAR design, lambda = 2",16,395,"both",4.44154505696939,0.295871704199674,0.00137164653777319,0,1
"Fixed mixed-signal covariate-driven SAR design, lambda = 2",16,396,"both",2.94414616310116,0.1932835732484,0.00168402730908563,0,1
"Fixed mixed-signal covariate-driven SAR design, lambda = 2",16,397,"both",1.83730308068325,0.117452768546608,0.0019598143353414,0,1
"Fixed mixed-signal covariate-driven SAR design, lambda = 2",16,398,"both",4.12053950545195,0.273879328160124,0.00143332457373046,0,1
"Fixed mixed-signal covariate-driven SAR design, lambda = 2",16,399,"both",17.6232208445962,1.19896004451823,0.000225335514920496,0,1
"Fixed mixed-signal covariate-driven SAR design, lambda = 2",16,400,"both",13.8416090817187,0.939878456889454,0.000378325011203065,0,1
"Fixed mixed-signal covariate-driven SAR design, lambda = 2",17,356,"covariates only",4.04359512499709,0.139607942531411,0.00554468792435005,0,1
"Fixed mixed-signal covariate-driven SAR design, lambda = 2",17,357,"covariates only",25.357177318775,1.63112635048646,0.000280776450176135,0,1
"Fixed mixed-signal covariate-driven SAR design, lambda = 2",17,358,"covariates only",4.64460329216309,0.181666322793792,0.00509736417727681,0,1
"Fixed mixed-signal covariate-driven SAR design, lambda = 2",17,359,"covariates only",8.11329931074517,0.424404681661777,0.00313693704480365,0,1
"Fixed mixed-signal covariate-driven SAR design, lambda = 2",17,360,"covariates only",5.00975990591204,0.207219878561254,0.00484339764206169,0,1
"Fixed mixed-signal covariate-driven SAR design, lambda = 2",17,361,"network only",-7.39568898220233,-0.660909899312016,0.0274914768073651,0,1
"Fixed mixed-signal covariate-driven SAR design, lambda = 2",17,362,"network only",-3.75346214729859,-0.406027903370823,0.0165124068800748,0,1
"Fixed mixed-signal covariate-driven SAR design, lambda = 2",17,363,"network only",-15.4138300963612,-1.22201712946314,0.0844441595896153,1,0
"Fixed mixed-signal covariate-driven SAR design, lambda = 2",17,364,"network only",-6.53371805042431,-0.60058941915151,0.0243671292465588,1,0
"Fixed mixed-signal covariate-driven SAR design, lambda = 2",17,365,"network only",-24.7295327788237,-1.8739273483838,0.31103670275299,1,0
"Fixed mixed-signal covariate-driven SAR design, lambda = 2",17,366,"both",20.0155688467692,1.25732211187231,0.000592983918040933,0,1
"Fixed mixed-signal covariate-driven SAR design, lambda = 2",17,367,"both",20.7244974212321,1.30693273148207,0.000536972047321662,0,1
"Fixed mixed-signal covariate-driven SAR design, lambda = 2",17,368,"both",4.42721364586787,0.166453457297967,0.00525483869923354,1,0
"Fixed mixed-signal covariate-driven SAR design, lambda = 2",17,369,"both",15.1839560231693,0.91920722339454,0.00116607309768143,0,1
"Fixed mixed-signal covariate-driven SAR design, lambda = 2",17,370,"both",2.69581264198872,0.0452905084628577,0.00669576479787985,0,1
"Fixed mixed-signal covariate-driven SAR design, lambda = 2",17,371,"covariates only",6.58099981589378,0.317174799688287,0.00388726810529366,0,1
"Fixed mixed-signal covariate-driven SAR design, lambda = 2",17,372,"covariates only",15.9681346106522,0.974083817470614,0.0010448659386251,0,1
"Fixed mixed-signal covariate-driven SAR design, lambda = 2",17,373,"covariates only",7.2736757900665,0.365648066961417,0.00352810214294893,0,1
"Fixed mixed-signal covariate-driven SAR design, lambda = 2",17,374,"covariates only",9.66624293915958,0.533079234218822,0.00252413329751123,0,1
"Fixed mixed-signal covariate-driven SAR design, lambda = 2",17,375,"covariates only",-0.464955596785923,-0.175899152127764,0.0104213285478016,1,0
"Fixed mixed-signal covariate-driven SAR design, lambda = 2",17,376,"covariates only",21.8937584247821,1.38875728329335,0.000455910690482204,0,1
"Fixed mixed-signal covariate-driven SAR design, lambda = 2",17,377,"covariates only",9.37957165810375,0.513018059666397,0.00262746658006667,0,1
"Fixed mixed-signal covariate-driven SAR design, lambda = 2",17,378,"covariates only",17.6324271371578,1.09055053418376,0.000827749385742318,0,1
"Fixed mixed-signal covariate-driven SAR design, lambda = 2",17,379,"covariates only",14.2570856135189,0.854345096267646,0.00132759101261963,0,1
"Fixed mixed-signal covariate-driven SAR design, lambda = 2",17,380,"covariates only",7.04558726572896,0.349686497029167,0.003642547245665,1,0
"Fixed mixed-signal covariate-driven SAR design, lambda = 2",17,381,"network only",-4.27815355977039,-0.442745658888526,0.0177706379427546,0,1
"Fixed mixed-signal covariate-driven SAR design, lambda = 2",17,382,"network only",-33.0736962136549,-2.45784952762541,1,1,0
"Fixed mixed-signal covariate-driven SAR design, lambda = 2",17,383,"network only",-4.89997473907268,-0.486260527808892,0.0193865064324952,1,0
"Fixed mixed-signal covariate-driven SAR design, lambda = 2",17,384,"network only",-27.9982599651559,-2.10267194535825,0.491469613883301,1,0
"Fixed mixed-signal covariate-driven SAR design, lambda = 2",17,385,"network only",-4.62066937060903,-0.466714817720523,0.018643281859291,0,1
"Fixed mixed-signal covariate-driven SAR design, lambda = 2",17,386,"network only",-9.19536087441172,-0.78685042545657,0.0353662181385732,0,1
"Fixed mixed-signal covariate-driven SAR design, lambda = 2",17,387,"network only",-10.9141370989971,-0.907129895834522,0.0449844113540405,1,0
"Fixed mixed-signal covariate-driven SAR design, lambda = 2",17,388,"network only",-25.8601209199292,-1.95304558430224,0.364361822700587,1,0
"Fixed mixed-signal covariate-driven SAR design, lambda = 2",17,389,"network only",-13.1209191402129,-1.0615598741879,0.0612629938923895,1,0
"Fixed mixed-signal covariate-driven SAR design, lambda = 2",17,390,"network only",-22.9160000901059,-1.74701684764965,0.241311811055279,1,0
"Fixed mixed-signal covariate-driven SAR design, lambda = 2",17,391,"both",-0.101577240387595,-0.150470038302929,0.00990457033226829,1,0
"Fixed mixed-signal covariate-driven SAR design, lambda = 2",17,392,"both",11.5636101109173,0.665856448184874,0.00193545671559296,0,1
"Fixed mixed-signal covariate-driven SAR design, lambda = 2",17,393,"both",1.64050106755234,-0.0285598947724742,0.00776150309522391,1,0
"Fixed mixed-signal covariate-driven SAR design, lambda = 2",17,394,"both",7.31471328074045,0.368519858863876,0.00350789627521312,0,1
"Fixed mixed-signal covariate-driven SAR design, lambda = 2",17,395,"both",17.1841740872067,1.05918191349178,0.000881343700894131,0,1
"Fixed mixed-signal covariate-driven SAR design, lambda = 2",17,396,"both",4.95033220394371,0.203061144913275,0.00488385044276328,0,1
"Fixed mixed-signal covariate-driven SAR design, lambda = 2",17,397,"both",24.8268094870513,1.59401136076718,0.000302411532810519,0,1
"Fixed mixed-signal covariate-driven SAR design, lambda = 2",17,398,"both",4.97345574347059,0.204679323619597,0.00486807010635856,0,1
"Fixed mixed-signal covariate-driven SAR design, lambda = 2",17,399,"both",8.50355957068533,0.451714983435638,0.00297019098915553,0,1
"Fixed mixed-signal covariate-driven SAR design, lambda = 2",17,400,"both",6.58773690289699,0.31764625911683,0.00388360445442882,0,1
"Fixed mixed-signal covariate-driven SAR design, lambda = 2",18,356,"covariates only",4.9367496026537,0.257556929748838,0.0140350104855599,0,1
"Fixed mixed-signal covariate-driven SAR design, lambda = 2",18,357,"covariates only",20.8856061282633,1.49505018296238,0.0011812443898572,0,1
"Fixed mixed-signal covariate-driven SAR design, lambda = 2",18,358,"covariates only",9.05126187178076,0.576807476967267,0.00741165575064585,0,1
"Fixed mixed-signal covariate-driven SAR design, lambda = 2",18,359,"covariates only",0.784444265707996,-0.0646260324906117,0.0267335914499633,0,1
"Fixed mixed-signal covariate-driven SAR design, lambda = 2",18,360,"covariates only",0.986550130396811,-0.0489443663106134,0.0259081489121663,0,1
"Fixed mixed-signal covariate-driven SAR design, lambda = 2",18,361,"network only",-18.0122778761289,-1.52308901356403,0.494153819160718,1,0
"Fixed mixed-signal covariate-driven SAR design, lambda = 2",18,362,"network only",-6.3633666152931,-0.61923430338965,0.0810557689398337,0,1
"Fixed mixed-signal covariate-driven SAR design, lambda = 2",18,363,"network only",-5.14712714874195,-0.524864645493969,0.0671143651931167,0,1
"Fixed mixed-signal covariate-driven SAR design, lambda = 2",18,364,"network only",-19.9803966128803,-1.67579799645205,0.670661681462018,1,0
"Fixed mixed-signal covariate-driven SAR design, lambda = 2",18,365,"network only",-14.6439658607627,-1.26173714880553,0.29299135809422,1,0
"Fixed mixed-signal covariate-driven SAR design, lambda = 2",18,366,"both",2.56539755031234,0.0735605309440435,0.0202782271147417,0,1
"Fixed mixed-signal covariate-driven SAR design, lambda = 2",18,367,"both",6.1608477216841,0.352536351072186,0.011606857813742,0,1
"Fixed mixed-signal covariate-driven SAR design, lambda = 2",18,368,"both",1.79965027378227,0.014145168667068,0.0228369189614157,0,1
"Fixed mixed-signal covariate-driven SAR design, lambda = 2",18,369,"both",3.67094551747036,0.15934148635393,0.0170813264047722,0,1
"Fixed mixed-signal covariate-driven SAR design, lambda = 2",18,370,"both",4.36243563274238,0.212995135500434,0.015343294610647,0,1
"Fixed mixed-signal covariate-driven SAR design, lambda = 2",18,371,"covariates only",20.4803809873167,1.46360821863417,0.00125791096299977,0,1
"Fixed mixed-signal covariate-driven SAR design, lambda = 2",18,372,"covariates only",7.5516060079846,0.460447159184614,0.00935372348805292,0,1
"Fixed mixed-signal covariate-driven SAR design, lambda = 2",18,373,"covariates only",12.4240694240053,0.838508156483916,0.00439141941262678,0,1
"Fixed mixed-signal covariate-driven SAR design, lambda = 2",18,374,"covariates only",28.2964417094991,2.07006689451961,0.000374012906566421,0,1
"Fixed mixed-signal covariate-driven SAR design, lambda = 2",18,375,"covariates only",28.9435054990445,2.12027344523222,0.000338281099417107,0,1
"Fixed mixed-signal covariate-driven SAR design, lambda = 2",18,376,"covariates only",7.21530254906975,0.434352920969402,0.00985484265503087,0,1
"Fixed mixed-signal covariate-driven SAR design, lambda = 2",18,377,"covariates only",9.49138100400442,0.610956913063982,0.00692234780511873,0,1
"Fixed mixed-signal covariate-driven SAR design, lambda = 2",18,378,"covariates only",8.62835259006775,0.543993376345014,0.00791438558547806,0,1
"Fixed mixed-signal covariate-driven SAR design, lambda = 2",18,379,"covariates only",1.66625257510856,0.00379466160483048,0.0233145934585398,1,0
"Fixed mixed-signal covariate-driven SAR design, lambda = 2",18,380,"covariates only",1.98673435198857,0.028661274206811,0.0221834445126059,0,1
"Fixed mixed-signal covariate-driven SAR design, lambda = 2",18,381,"network only",-10.8475118102356,-0.967165167038771,0.162552195047707,1,0
"Fixed mixed-signal covariate-driven SAR design, lambda = 2",18,382,"network only",-7.03815377614798,-0.671591947812131,0.0900038738369126,1,0
"Fixed mixed-signal covariate-driven SAR design, lambda = 2",18,383,"network only",-22.5547202172739,-1.87554323128504,1,1,0
"Fixed mixed-signal covariate-driven SAR design, lambda = 2",18,384,"network only",-13.736417344419,-1.19131923739377,0.254501642855998,1,0
"Fixed mixed-signal covariate-driven SAR design, lambda = 2",18,385,"network only",-19.8213951311589,-1.66346085738725,0.654316075897581,1,0
"Fixed mixed-signal covariate-driven SAR design, lambda = 2",18,386,"network only",-14.5529316752917,-1.25467368377584,0.288881388647919,1,0
"Fixed mixed-signal covariate-driven SAR design, lambda = 2",18,387,"network only",-17.5386105785751,-1.4863365301462,0.459133894514887,1,0
"Fixed mixed-signal covariate-driven SAR design, lambda = 2",18,388,"network only",-7.16444659936759,-0.681391178021056,0.0917852099007458,1,0
"Fixed mixed-signal covariate-driven SAR design, lambda = 2",18,389,"network only",-4.75856327084565,-0.494715451000492,0.0631870716933459,0,1
"Fixed mixed-signal covariate-driven SAR design, lambda = 2",18,390,"network only",-19.7707547874653,-1.65953160493202,0.649194280985861,1,0
"Fixed mixed-signal covariate-driven SAR design, lambda = 2",18,391,"both",4.31681097254274,0.209455056681205,0.0154523130335819,0,1
"Fixed mixed-signal covariate-driven SAR design, lambda = 2",18,392,"both",11.8512747624645,0.794064247417749,0.00479963715129622,0,1
"Fixed mixed-signal covariate-driven SAR design, lambda = 2",18,393,"both",9.15189075889299,0.584615407816718,0.00729681535901262,1,0
"Fixed mixed-signal covariate-driven SAR design, lambda = 2",18,394,"both",3.58111104238987,0.152371108468871,0.0173211205768575,1,0
"Fixed mixed-signal covariate-driven SAR design, lambda = 2",18,395,"both",9.4974420479223,0.611427197622863,0.00691583991958867,0,1
"Fixed mixed-signal covariate-driven SAR design, lambda = 2",18,396,"both",13.6052342829307,0.930156328345388,0.00365595066674185,0,1
"Fixed mixed-signal covariate-driven SAR design, lambda = 2",18,397,"both",5.07082280574892,0.267959850108718,0.0137460170930958,0,1
"Fixed mixed-signal covariate-driven SAR design, lambda = 2",18,398,"both",17.6479598073912,1.24383684538314,0.00195227454400749,0,1
"Fixed mixed-signal covariate-driven SAR design, lambda = 2",18,399,"both",5.14873018893129,0.274004788873381,0.0135808299879046,0,1
"Fixed mixed-signal covariate-driven SAR design, lambda = 2",18,400,"both",12.9520551785492,0.879475282120271,0.00404595757154391,0,1
"Fixed mixed-signal covariate-driven SAR design, lambda = 2",19,356,"covariates only",7.33511774771438,0.360442831530039,0.00154747496405989,0,1
"Fixed mixed-signal covariate-driven SAR design, lambda = 2",19,357,"covariates only",3.30559281052602,0.124670107647134,0.00247978036783456,0,1
"Fixed mixed-signal covariate-driven SAR design, lambda = 2",19,358,"covariates only",26.2715728830784,1.46843935160282,0.000168744677070437,0,1
"Fixed mixed-signal covariate-driven SAR design, lambda = 2",19,359,"covariates only",21.8003011877143,1.20681945266453,0.000284754266019242,0,1
"Fixed mixed-signal covariate-driven SAR design, lambda = 2",19,360,"covariates only",9.56727863070524,0.491049456313664,0.00119173627405339,1,0
"Fixed mixed-signal covariate-driven SAR design, lambda = 2",19,361,"network only",-20.9253777642197,-1.29311536924846,0.0422557715281083,1,0
"Fixed mixed-signal covariate-driven SAR design, lambda = 2",19,362,"network only",-41.2832654494384,-2.48428174912335,0.457635817009342,1,0
"Fixed mixed-signal covariate-driven SAR design, lambda = 2",19,363,"network only",-9.75460475021356,-0.639498969686582,0.0114330484646546,1,0
"Fixed mixed-signal covariate-driven SAR design, lambda = 2",19,364,"network only",-17.9016111703466,-1.11619086888266,0.0296627469768102,1,0
"Fixed mixed-signal covariate-driven SAR design, lambda = 2",19,365,"network only",-20.2502015690407,-1.25360993545176,0.0390455955962393,1,0
"Fixed mixed-signal covariate-driven SAR design, lambda = 2",19,366,"both",2.7011347300315,0.0893024823481917,0.0026615409125339,1,0
"Fixed mixed-signal covariate-driven SAR design, lambda = 2",19,367,"both",3.01724295818179,0.107798384260837,0.00256488448281924,0,1
"Fixed mixed-signal covariate-driven SAR design, lambda = 2",19,368,"both",3.26010036104442,0.122008285497482,0.00249301703885552,1,0
"Fixed mixed-signal covariate-driven SAR design, lambda = 2",19,369,"both",2.43233349712916,0.0735745740085325,0.00274659252667974,0,1
"Fixed mixed-signal covariate-driven SAR design, lambda = 2",19,370,"both",7.9260796778864,0.395020779590828,0.00144407452754302,0,1
"Fixed mixed-signal covariate-driven SAR design, lambda = 2",19,371,"covariates only",5.38533358411713,0.246358434386231,0.0019440887172062,0,1
"Fixed mixed-signal covariate-driven SAR design, lambda = 2",19,372,"covariates only",4.70185156369577,0.206367015995313,0.00210597002022918,0,1
"Fixed mixed-signal covariate-driven SAR design, lambda = 2",19,373,"covariates only",21.3042675480931,1.17779588185307,0.000301772591507471,0,1
"Fixed mixed-signal covariate-driven SAR design, lambda = 2",19,374,"covariates only",5.91610947072759,0.277414819073809,0.00182700967334906,0,1
"Fixed mixed-signal covariate-driven SAR design, lambda = 2",19,375,"covariates only",41.4375623909202,2.35582104358421,2.8606197839018e-05,0,1
"Fixed mixed-signal covariate-driven SAR design, lambda = 2",19,376,"covariates only",21.4388030320941,1.18566772729794,0.00029705878086149,0,1
"Fixed mixed-signal covariate-driven SAR design, lambda = 2",19,377,"covariates only",6.93468667661257,0.337013090845297,0.00162171467119471,0,1
"Fixed mixed-signal covariate-driven SAR design, lambda = 2",19,378,"covariates only",2.36167755371677,0.0694404032324417,0.00276939643713867,0,1
"Fixed mixed-signal covariate-driven SAR design, lambda = 2",19,379,"covariates only",6.63808231084664,0.319658385185878,0.00167899170865705,0,1
"Fixed mixed-signal covariate-driven SAR design, lambda = 2",19,380,"covariates only",5.08336966357914,0.228690134234382,0.00201401439496983,0,1
"Fixed mixed-signal covariate-driven SAR design, lambda = 2",19,381,"network only",-8.00441698054879,-0.53709321610702,0.00931565801949704,1,0
"Fixed mixed-signal covariate-driven SAR design, lambda = 2",19,382,"network only",-9.88916136373399,-0.64737205144701,0.0116144999485897,1,0
"Fixed mixed-signal covariate-driven SAR design, lambda = 2",19,383,"network only",-2.85392586934482,-0.235731309293617,0.00509863485689143,1,0
"Fixed mixed-signal covariate-driven SAR design, lambda = 2",19,384,"network only",-47.9630147638848,-2.8751225343949,1,1,0
"Fixed mixed-signal covariate-driven SAR design, lambda = 2",19,385,"network only",-9.98505059451419,-0.652982654553951,0.0117455626129439,0,1
"Fixed mixed-signal covariate-driven SAR design, lambda = 2",19,386,"network only",-10.0188639439077,-0.654961117428457,0.0117921310051577,0,1
"Fixed mixed-signal covariate-driven SAR design, lambda = 2",19,387,"network only",-9.78049118846883,-0.641013618721942,0.0114677350878458,0,1
"Fixed mixed-signal covariate-driven SAR design, lambda = 2",19,388,"network only",-0.69416571710111,-0.10936094505322,0.00395995277740983,0,1
"Fixed mixed-signal covariate-driven SAR design, lambda = 2",19,389,"network only",-23.3317457903432,-1.43391507964304,0.0559993660132121,1,0
"Fixed mixed-signal covariate-driven SAR design, lambda = 2",19,390,"network only",-26.6313527174227,-1.62697935522568,0.0823903996185202,1,0
"Fixed mixed-signal covariate-driven SAR design, lambda = 2",19,391,"both",3.63588828531168,0.143996123738438,0.0023857605507647,1,0
"Fixed mixed-signal covariate-driven SAR design, lambda = 2",19,392,"both",17.036231850879,0.928067584436501,0.000497268598774456,0,1
"Fixed mixed-signal covariate-driven SAR design, lambda = 2",19,393,"both",9.46335715815811,0.484968876336051,0.00120631765304018,0,1
"Fixed mixed-signal covariate-driven SAR design, lambda = 2",19,394,"both",13.7925556635892,0.738275888891105,0.00072684533546958,0,1
"Fixed mixed-signal covariate-driven SAR design, lambda = 2",19,395,"both",4.16819215242674,0.175141912544672,0.00224168179411922,0,1
"Fixed mixed-signal covariate-driven SAR design, lambda = 2",19,396,"both",8.03111258018538,0.401166390762957,0.00142643372206313,0,1
"Fixed mixed-signal covariate-driven SAR design, lambda = 2",19,397,"both",29.132486203632,1.63583509598812,0.000120734666287041,0,1
"Fixed mixed-signal covariate-driven SAR design, lambda = 2",19,398,"both",10.9599499217086,0.572536457603323,0.00101251495978499,0,1
"Fixed mixed-signal covariate-driven SAR design, lambda = 2",19,399,"both",5.69181527375834,0.264291075060583,0.00187559897186741,0,1
"Fixed mixed-signal covariate-driven SAR design, lambda = 2",19,400,"both",1.40726909099925,0.0135967277472569,0.00309663721917947,0,1
"Fixed mixed-signal covariate-driven SAR design, lambda = 2",20,356,"covariates only",4.80430797269209,0.170143189349699,0.00176379705059515,0,1
"Fixed mixed-signal covariate-driven SAR design, lambda = 2",20,357,"covariates only",6.91789102104054,0.299736597757892,0.0013610848743301,0,1
"Fixed mixed-signal covariate-driven SAR design, lambda = 2",20,358,"covariates only",6.53989107700569,0.276559698622625,0.0014256614503903,0,1
"Fixed mixed-signal covariate-driven SAR design, lambda = 2",20,359,"covariates only",16.0934978810983,0.862334868092076,0.000441792723964751,0,1
"Fixed mixed-signal covariate-driven SAR design, lambda = 2",20,360,"covariates only",26.2423046988573,1.48460446275853,0.000127268831468637,0,1
"Fixed mixed-signal covariate-driven SAR design, lambda = 2",20,361,"network only",-10.9749355404857,-0.797354137321924,0.012212543186616,0,1
"Fixed mixed-signal covariate-driven SAR design, lambda = 2",20,362,"network only",-20.381646867471,-1.37412247567917,0.038706216892091,1,0
"Fixed mixed-signal covariate-driven SAR design, lambda = 2",20,363,"network only",-23.7693084187913,-1.58183544315023,0.0586405340782064,1,0
"Fixed mixed-signal covariate-driven SAR design, lambda = 2",20,364,"network only",-5.71150904717007,-0.474629473293342,0.00640458554726961,0,1
"Fixed mixed-signal covariate-driven SAR design, lambda = 2",20,365,"network only",-2.52136053217421,-0.279026930157081,0.00433104624261022,0,1
"Fixed mixed-signal covariate-driven SAR design, lambda = 2",20,366,"both",22.9461623424189,1.28250295418368,0.000190662461919147,0,1
"Fixed mixed-signal covariate-driven SAR design, lambda = 2",20,367,"both",-0.12451498347312,-0.132065407009507,0.00322807535077109,0,1
"Fixed mixed-signal covariate-driven SAR design, lambda = 2",20,368,"both",9.38931036693744,0.451270580248428,0.00100522773565797,0,1
"Fixed mixed-signal covariate-driven SAR design, lambda = 2",20,369,"both",10.1158940845462,0.495820739056896,0.000919535894124289,0,1
"Fixed mixed-signal covariate-driven SAR design, lambda = 2",20,370,"both",13.2985045202326,0.690961088199257,0.000622403366384966,0,1
"Fixed mixed-signal covariate-driven SAR design, lambda = 2",20,371,"covariates only",7.09157077659302,0.310385695038992,0.00133240274683439,0,1
"Fixed mixed-signal covariate-driven SAR design, lambda = 2",20,372,"covariates only",51.5438718695962,3,6.14421235332821e-06,0,1
"Fixed mixed-signal covariate-driven SAR design, lambda = 2",20,373,"covariates only",2.6487314702875,0.0379749709068485,0.00229746269331578,1,0
"Fixed mixed-signal covariate-driven SAR design, lambda = 2",20,374,"covariates only",-0.21538080346803,-0.137636804513924,0.00326424628105506,1,0
"Fixed mixed-signal covariate-driven SAR design, lambda = 2",20,375,"covariates only",18.6774013259689,1.0207657632869,0.000321815703203731,0,1
"Fixed mixed-signal covariate-driven SAR design, lambda = 2",20,376,"covariates only",16.8964779547339,0.911569235630938,0.000400363180613232,0,1
"Fixed mixed-signal covariate-driven SAR design, lambda = 2",20,377,"covariates only",15.4861007212136,0.825092580277351,0.000475955992587225,0,1
"Fixed mixed-signal covariate-driven SAR design, lambda = 2",20,378,"covariates only",16.4241950193941,0.882611416645998,0.000424235075384228,0,1
"Fixed mixed-signal covariate-driven SAR design, lambda = 2",20,379,"covariates only",3.87641217282823,0.113249669387961,0.00197635836207181,0,1
"Fixed mixed-signal covariate-driven SAR design, lambda = 2",20,380,"covariates only",1.77154321285914,-0.0158094385511155,0.00255837977077744,1,0
"Fixed mixed-signal covariate-driven SAR design, lambda = 2",20,381,"network only",-26.3488173425233,-1.73999689022798,0.0804591063290207,1,0
"Fixed mixed-signal covariate-driven SAR design, lambda = 2",20,382,"network only",-6.21325710518167,-0.505393933223471,0.00681102855974006,0,1
"Fixed mixed-signal covariate-driven SAR design, lambda = 2",20,383,"network only",-51.9192116711934,-3,1,1,0
"Fixed mixed-signal covariate-driven SAR design, lambda = 2",20,384,"network only",-0.192733514294445,-0.136248196009751,0.00325519333757692,0,1
"Fixed mixed-signal covariate-driven SAR design, lambda = 2",20,385,"network only",-12.3257733686664,-0.880180160409804,0.0144127841338029,1,0
"Fixed mixed-signal covariate-driven SAR design, lambda = 2",20,386,"network only",-16.8741366065348,-1.15906103766442,0.0251756524363614,1,0
"Fixed mixed-signal covariate-driven SAR design, lambda = 2",20,387,"network only",-18.4361052552726,-1.25483245349539,0.030490653254417,1,0
"Fixed mixed-signal covariate-driven SAR design, lambda = 2",20,388,"network only",-9.0262551606719,-0.677871662992101,0.00961667532821316,1,0
"Fixed mixed-signal covariate-driven SAR design, lambda = 2",20,389,"network only",-7.19063728140531,-0.565321565802847,0.00767830185889643,1,0
"Fixed mixed-signal covariate-driven SAR design, lambda = 2",20,390,"network only",-0.0107221097016352,-0.125088247358206,0.00318334259007909,1,0
"Fixed mixed-signal covariate-driven SAR design, lambda = 2",20,391,"both",3.59597995521813,0.0960550921812785,0.00204550580152132,0,1
"Fixed mixed-signal covariate-driven SAR design, lambda = 2",20,392,"both",0.882692847034974,-0.0703089050196943,0.00285300575390814,0,1
"Fixed mixed-signal covariate-driven SAR design, lambda = 2",20,393,"both",1.7833525295401,-0.0150853555297016,0.00255467749347192,1,0
"Fixed mixed-signal covariate-driven SAR design, lambda = 2",20,394,"both",18.9340223557743,1.03650036806039,0.000311846107784327,0,1
"Fixed mixed-signal covariate-driven SAR design, lambda = 2",20,395,"both",10.4402131563552,0.515706219289315,0.000883682751105813,0,1
"Fixed mixed-signal covariate-driven SAR design, lambda = 2",20,396,"both",0.304309643255276,-0.10577221496743,0.00306270866456224,0,1
"Fixed mixed-signal covariate-driven SAR design, lambda = 2",20,397,"both",7.66881719302836,0.345779303374243,0.00124134649338221,0,1
"Fixed mixed-signal covariate-driven SAR design, lambda = 2",20,398,"both",2.70317678140525,0.0413132610417491,0.00228217459213542,1,0
"Fixed mixed-signal covariate-driven SAR design, lambda = 2",20,399,"both",1.24328503580488,-0.0481993546878169,0.00272959702485376,0,1
"Fixed mixed-signal covariate-driven SAR design, lambda = 2",20,400,"both",5.23870057350025,0.196777779256169,0.0016722996589593,0,1
"Fixed mixed-signal covariate-driven SAR design, lambda = 2",21,356,"covariates only",4.00809859931523,0.0873929907245945,0.00208125129617446,0,1
"Fixed mixed-signal covariate-driven SAR design, lambda = 2",21,357,"covariates only",10.3489137186307,0.443115332655589,0.00102175793924159,0,1
"Fixed mixed-signal covariate-driven SAR design, lambda = 2",21,358,"covariates only",4.77097205681323,0.130190506153097,0.00191051772717448,0,1
"Fixed mixed-signal covariate-driven SAR design, lambda = 2",21,359,"covariates only",35.519821110702,1.85521361301082,6.06477982358799e-05,0,1
"Fixed mixed-signal covariate-driven SAR design, lambda = 2",21,360,"covariates only",38.0332870850193,1.99622009024186,4.57444456356713e-05,0,1
"Fixed mixed-signal covariate-driven SAR design, lambda = 2",21,361,"network only",-8.86668861503285,-0.634887879096059,0.00882449199780383,1,0
"Fixed mixed-signal covariate-driven SAR design, lambda = 2",21,362,"network only",-16.6668520169626,-1.07248026123737,0.021172767445156,1,0
"Fixed mixed-signal covariate-driven SAR design, lambda = 2",21,363,"network only",-7.55386007652715,-0.561237656926909,0.00761584231499433,1,0
"Fixed mixed-signal covariate-driven SAR design, lambda = 2",21,364,"network only",-21.3108833942021,-1.33301233580935,0.035651098170264,1,0
"Fixed mixed-signal covariate-driven SAR design, lambda = 2",21,365,"network only",-1.05407963217723,-0.196597294734635,0.0036727836725985,0,1
"Fixed mixed-signal covariate-driven SAR design, lambda = 2",21,366,"both",5.10655835786239,0.149017035973454,0.00183991837097311,0,1
"Fixed mixed-signal covariate-driven SAR design, lambda = 2",21,367,"both",2.74781446208912,0.0166905311264739,0.00239737458754683,0,1
"Fixed mixed-signal covariate-driven SAR design, lambda = 2",21,368,"both",9.67616991239847,0.405374127815299,0.00110186811240094,0,1
"Fixed mixed-signal covariate-driven SAR design, lambda = 2",21,369,"both",6.8066556384678,0.244393194209836,0.00152039305548168,0,1
"Fixed mixed-signal covariate-driven SAR design, lambda = 2",21,370,"both",10.4840268025278,0.450695232356967,0.00100638511274102,0,1
"Fixed mixed-signal covariate-driven SAR design, lambda = 2",21,371,"covariates only",6.15377771592308,0.207766473633299,0.00163594780185597,0,1
"Fixed mixed-signal covariate-driven SAR design, lambda = 2",21,372,"covariates only",4.13438056943851,0.0944774613030026,0.00205197010066456,0,1
"Fixed mixed-signal covariate-driven SAR design, lambda = 2",21,373,"covariates only",17.9067089595889,0.867110761060197,0.000437592904258051,0,1
"Fixed mixed-signal covariate-driven SAR design, lambda = 2",21,374,"covariates only",10.1486116818006,0.431878305823233,0.00104498096227866,0,1
"Fixed mixed-signal covariate-driven SAR design, lambda = 2",21,375,"covariates only",26.6127515783448,1.3555233406765,0.000164755717456128,0,1
"Fixed mixed-signal covariate-driven SAR design, lambda = 2",21,376,"covariates only",5.71678122419195,0.183250790313548,0.00171815956630407,0,1
"Fixed mixed-signal covariate-driven SAR design, lambda = 2",21,377,"covariates only",7.70587730469432,0.294839900351888,0.00137448000069657,0,1
"Fixed mixed-signal covariate-driven SAR design, lambda = 2",21,378,"covariates only",-0.303749711944375,-0.154503476917259,0.00337623854336319,0,1
"Fixed mixed-signal covariate-driven SAR design, lambda = 2",21,379,"covariates only",1.7285200699336,-0.0404923044351842,0.00268784535088392,1,0
"Fixed mixed-signal covariate-driven SAR design, lambda = 2",21,380,"covariates only",6.86235297245614,0.247517837605492,0.0015109213098952,0,1
"Fixed mixed-signal covariate-driven SAR design, lambda = 2",21,381,"network only",-13.7320676333576,-0.90783764757429,0.0152324888953623,1,0
"Fixed mixed-signal covariate-driven SAR design, lambda = 2",21,382,"network only",-59.0180062814869,-3,1,1,0
"Fixed mixed-signal covariate-driven SAR design, lambda = 2",21,383,"network only",-9.36069211732527,-0.662601679207068,0.00932742175457129,1,0
"Fixed mixed-signal covariate-driven SAR design, lambda = 2",21,384,"network only",-7.17610250750969,-0.540045301590178,0.00729979220121709,0,1
"Fixed mixed-signal covariate-driven SAR design, lambda = 2",21,385,"network only",-8.52717104876646,-0.615840803676515,0.00849465282673407,1,0
"Fixed mixed-signal covariate-driven SAR design, lambda = 2",21,386,"network only",-20.954799843339,-1.31303590182529,0.0342548130770677,1,0
"Fixed mixed-signal covariate-driven SAR design, lambda = 2",21,387,"network only",-11.9529196313437,-0.808026711281519,0.0124760237393506,0,1
"Fixed mixed-signal covariate-driven SAR design, lambda = 2",21,388,"network only",-9.24789007767357,-0.656273438284657,0.0092101133323651,0,1
"Fixed mixed-signal covariate-driven SAR design, lambda = 2",21,389,"network only",-22.0184238109338,-1.37270564484212,0.0385966918205203,1,0
"Fixed mixed-signal covariate-driven SAR design, lambda = 2",21,390,"network only",-6.47456405926901,-0.500688705463819,0.00674723431566916,1,0
"Fixed mixed-signal covariate-driven SAR design, lambda = 2",21,391,"both",2.36745783154743,-0.00464763263312149,0.00250190025276192,1,0
"Fixed mixed-signal covariate-driven SAR design, lambda = 2",21,392,"both",4.88965258280632,0.136848532582422,0.00188524580667452,1,0
"Fixed mixed-signal covariate-driven SAR design, lambda = 2",21,393,"both",9.44744119050202,0.392542352233002,0.00113051194015562,0,1
"Fixed mixed-signal covariate-driven SAR design, lambda = 2",21,394,"both",57.8799897648933,3,6.14421235332821e-06,0,1
"Fixed mixed-signal covariate-driven SAR design, lambda = 2",21,395,"both",7.89084193834887,0.305216492543888,0.00134624911740673,0,1
"Fixed mixed-signal covariate-driven SAR design, lambda = 2",21,396,"both",9.30395623975432,0.384492787350351,0.00114885949211348,0,1
"Fixed mixed-signal covariate-driven SAR design, lambda = 2",21,397,"both",5.24777871554164,0.156939556251482,0.00181099454451179,1,0
"Fixed mixed-signal covariate-driven SAR design, lambda = 2",21,398,"both",5.95974101868134,0.196880934934476,0.00167195468013574,0,1
"Fixed mixed-signal covariate-driven SAR design, lambda = 2",21,399,"both",10.9390489951316,0.476222164926022,0.00095629479464063,0,1
"Fixed mixed-signal covariate-driven SAR design, lambda = 2",21,400,"both",6.08438495421915,0.203873511097427,0.00164873488389715,0,1
"Fixed mixed-signal covariate-driven SAR design, lambda = 2",22,356,"covariates only",5.06944205822184,0.294232465323102,0.0063982332572417,0,1
"Fixed mixed-signal covariate-driven SAR design, lambda = 2",22,357,"covariates only",4.55262491834892,0.239474057527049,0.00713875730505102,0,1
"Fixed mixed-signal covariate-driven SAR design, lambda = 2",22,358,"covariates only",11.6665116508082,0.993212818603587,0.00158100574522458,0,1
"Fixed mixed-signal covariate-driven SAR design, lambda = 2",22,359,"covariates only",7.06028951614176,0.505169039499647,0.0041960715835847,0,1
"Fixed mixed-signal covariate-driven SAR design, lambda = 2",22,360,"covariates only",7.08685669052962,0.507983915510681,0.00417251511186616,1,0
"Fixed mixed-signal covariate-driven SAR design, lambda = 2",22,361,"network only",-9.65236924969583,-1.26558992619766,0.144845358722001,1,0
"Fixed mixed-signal covariate-driven SAR design, lambda = 2",22,362,"network only",-15.0100699346825,-1.83325523046723,0.45078805761638,1,0
"Fixed mixed-signal covariate-driven SAR design, lambda = 2",22,363,"network only",-18.7700238985134,-2.23163422481804,1,1,0
"Fixed mixed-signal covariate-driven SAR design, lambda = 2",22,364,"network only",-18.1620704390326,-2.16721963620077,0.879124127134277,1,0
"Fixed mixed-signal covariate-driven SAR design, lambda = 2",22,365,"network only",-17.268350697156,-2.07252720766968,0.727447073128275,1,0
"Fixed mixed-signal covariate-driven SAR design, lambda = 2",22,366,"both",-1.18390679780517,-0.368329590636392,0.0240743271838032,1,0
"Fixed mixed-signal covariate-driven SAR design, lambda = 2",22,367,"both",6.10330621643081,0.403773637264207,0.00513941651642239,0,1
"Fixed mixed-signal covariate-driven SAR design, lambda = 2",22,368,"both",4.03371866245482,0.184494301292264,0.00796851559790753,0,1
"Fixed mixed-signal covariate-driven SAR design, lambda = 2",22,369,"both",10.1839032134147,0.836125773393317,0.00216459934127012,0,1
"Fixed mixed-signal covariate-driven SAR design, lambda = 2",22,370,"both",6.14861341425616,0.408574077929211,0.00509030969991067,0,1
"Fixed mixed-signal covariate-driven SAR design, lambda = 2",22,371,"covariates only",4.41051143047911,0.224416684770395,0.00735700896712266,1,0
"Fixed mixed-signal covariate-driven SAR design, lambda = 2",22,372,"covariates only",4.27941732987712,0.210526850887978,0.00756424944043048,0,1
"Fixed mixed-signal covariate-driven SAR design, lambda = 2",22,373,"covariates only",11.3299420148686,0.95755220297253,0.00169788341170187,0,1
"Fixed mixed-signal covariate-driven SAR design, lambda = 2",22,374,"covariates only",6.21285984929533,0.415381190576796,0.00502147868046959,0,1
"Fixed mixed-signal covariate-driven SAR design, lambda = 2",22,375,"covariates only",10.2705708207824,0.845308480042936,0.00212520840234658,0,1
"Fixed mixed-signal covariate-driven SAR design, lambda = 2",22,376,"covariates only",2.64856673862693,0.0377330814087569,0.0106869210980182,1,0
"Fixed mixed-signal covariate-driven SAR design, lambda = 2",22,377,"covariates only",8.3991758811772,0.647028277347705,0.0031595520924306,0,1
"Fixed mixed-signal covariate-driven SAR design, lambda = 2",22,378,"covariates only",8.02434872498299,0.6073141566493,0.00342074552145326,0,1
"Fixed mixed-signal covariate-driven SAR design, lambda = 2",22,379,"covariates only",12.3914582534992,1.0700232001445,0.00135586608742743,0,1
"Fixed mixed-signal covariate-driven SAR design, lambda = 2",22,380,"covariates only",16.2173884253307,1.47539258204983,0.000602722531600971,0,1
"Fixed mixed-signal covariate-driven SAR design, lambda = 2",22,381,"network only",-11.1912666119013,-1.42864096072147,0.200691469425129,1,0
"Fixed mixed-signal covariate-driven SAR design, lambda = 2",22,382,"network only",-10.0894364495678,-1.31189857604382,0.158901415470186,1,0
"Fixed mixed-signal covariate-driven SAR design, lambda = 2",22,383,"network only",0.65686093503814,-0.173294437201592,0.0162985427789069,0,1
"Fixed mixed-signal covariate-driven SAR design, lambda = 2",22,384,"network only",-8.35291424260804,-1.12790856522687,0.109980597052258,1,0
"Fixed mixed-signal covariate-driven SAR design, lambda = 2",22,385,"network only",0.617415186926181,-0.177473838762202,0.0164353500651896,0,1
"Fixed mixed-signal covariate-driven SAR design, lambda = 2",22,386,"network only",-3.57749595675859,-0.621937919675966,0.039979333923785,0,1
"Fixed mixed-signal covariate-driven SAR design, lambda = 2",22,387,"network only",-6.75938031921967,-0.95906861453328,0.0784627553777249,1,0
"Fixed mixed-signal covariate-driven SAR design, lambda = 2",22,388,"network only",-5.34542922559037,-0.80925603167725,0.058148430769915,1,0
"Fixed mixed-signal covariate-driven SAR design, lambda = 2",22,389,"network only",-8.18557508474992,-1.11017845308605,0.106148996607949,1,0
"Fixed mixed-signal covariate-driven SAR design, lambda = 2",22,390,"network only",-6.90740990678802,-0.974752816732808,0.0809630164049735,0,1
"Fixed mixed-signal covariate-driven SAR design, lambda = 2",22,391,"both",9.61144210918395,0.775471711880273,0.00244377360877704,0,1
"Fixed mixed-signal covariate-driven SAR design, lambda = 2",22,392,"both",14.7707203967517,1.32211353663365,0.000818943450991538,0,1
"Fixed mixed-signal covariate-driven SAR design, lambda = 2",22,393,"both",9.8258396135069,0.798187804413618,0.00233523194566354,0,1
"Fixed mixed-signal covariate-driven SAR design, lambda = 2",22,394,"both",7.36580186704462,0.537539037719101,0.00393302462245907,0,1
"Fixed mixed-signal covariate-driven SAR design, lambda = 2",22,395,"both",12.0341075260091,1.03216076224831,0.00146252633214818,0,1
"Fixed mixed-signal covariate-driven SAR design, lambda = 2",22,396,"both",7.07886719517268,0.507137403251146,0.00417958526553972,0,1
"Fixed mixed-signal covariate-driven SAR design, lambda = 2",22,397,"both",11.0638719366686,0.92936123808312,0.0017963635171901,0,1
"Fixed mixed-signal covariate-driven SAR design, lambda = 2",22,398,"both",12.7127278881276,1.10406273232757,0.0012666319435364,0,1
"Fixed mixed-signal covariate-driven SAR design, lambda = 2",22,399,"both",5.63328039913849,0.353972917837033,0.00567767032002861,0,1
"Fixed mixed-signal covariate-driven SAR design, lambda = 2",22,400,"both",6.15491822055276,0.409242092063474,0.00508351344326246,0,1
"Fixed mixed-signal covariate-driven SAR design, lambda = 2",23,356,"covariates only",0.898541750619863,-0.0135539437850701,0.0172432354671414,0,1
"Fixed mixed-signal covariate-driven SAR design, lambda = 2",23,357,"covariates only",6.58610041411028,0.561435228802939,0.00545996060516367,0,1
"Fixed mixed-signal covariate-driven SAR design, lambda = 2",23,358,"covariates only",5.82363505492855,0.484353065445722,0.00637004096999486,0,1
"Fixed mixed-signal covariate-driven SAR design, lambda = 2",23,359,"covariates only",11.208981765306,1.0287898321338,0.00214412676708074,0,1
"Fixed mixed-signal covariate-driven SAR design, lambda = 2",23,360,"covariates only",15.1954280122109,1.43180342103764,0.000957629029919567,0,1
"Fixed mixed-signal covariate-driven SAR design, lambda = 2",23,361,"network only",-6.35105735076828,-0.746459085609804,0.0746813356421806,0,1
"Fixed mixed-signal covariate-driven SAR design, lambda = 2",23,362,"network only",-6.49299803208807,-0.760808714288369,0.0768556864000669,1,0
"Fixed mixed-signal covariate-driven SAR design, lambda = 2",23,363,"network only",-8.63606587119974,-0.977464203315813,0.118538812524042,1,0
"Fixed mixed-signal covariate-driven SAR design, lambda = 2",23,364,"network only",0.185043381637285,-0.0856857425228462,0.0199191885764107,0,1
"Fixed mixed-signal covariate-driven SAR design, lambda = 2",23,365,"network only",-19.183049912418,-2.04372162340848,1,1,0
"Fixed mixed-signal covariate-driven SAR design, lambda = 2",23,366,"both",5.53791551442843,0.455467975743004,0.00674887673008664,0,1
"Fixed mixed-signal covariate-driven SAR design, lambda = 2",23,367,"both",13.5169178495876,1.26211283379453,0.00134458627644149,0,1
"Fixed mixed-signal covariate-driven SAR design, lambda = 2",23,368,"both",6.93416616891779,0.5966232685585,0.00508891932696911,0,1
"Fixed mixed-signal covariate-driven SAR design, lambda = 2",23,369,"both",6.57083428883353,0.559891885294616,0.00547683983171817,0,1
"Fixed mixed-signal covariate-driven SAR design, lambda = 2",23,370,"both",-1.53745703543753,-0.25982356653406,0.02821797440748,0,1
"Fixed mixed-signal covariate-driven SAR design, lambda = 2",23,371,"covariates only",9.93839081418618,0.900338226988711,0.00277218433542498,0,1
"Fixed mixed-signal covariate-driven SAR design, lambda = 2",23,372,"covariates only",5.84973157986734,0.48699131854688,0.00633651792935127,0,1
"Fixed mixed-signal covariate-driven SAR design, lambda = 2",23,373,"covariates only",8.0100181983193,0.705387556509259,0.00409405908465589,0,1
"Fixed mixed-signal covariate-driven SAR design, lambda = 2",23,374,"covariates only",3.84752978368615,0.284576816604155,0.00949873278785319,0,1
"Fixed mixed-signal covariate-driven SAR design, lambda = 2",23,375,"covariates only",16.0877191349109,1.52201044389304,0.000799547884358134,0,1
"Fixed mixed-signal covariate-driven SAR design, lambda = 2",23,376,"covariates only",9.94061130460214,0.900562709587055,0.00277094000049201,0,1
"Fixed mixed-signal covariate-driven SAR design, lambda = 2",23,377,"covariates only",19.8894135049144,1.90634636543223,0.000370693131039407,0,1
"Fixed mixed-signal covariate-driven SAR design, lambda = 2",23,378,"covariates only",5.02973957056318,0.404093443578989,0.00747919484393273,0,1
"Fixed mixed-signal covariate-driven SAR design, lambda = 2",23,379,"covariates only",7.11365838272792,0.614769205261918,0.00490754404242317,0,1
"Fixed mixed-signal covariate-driven SAR design, lambda = 2",23,380,"covariates only",2.5612438278231,0.15453850997166,0.0123201361874677,0,1
"Fixed mixed-signal covariate-driven SAR design, lambda = 2",23,381,"network only",-1.88631976980258,-0.29509217769881,0.0302802712795397,0,1
"Fixed mixed-signal covariate-driven SAR design, lambda = 2",23,382,"network only",-8.86385895166775,-1.00049316224337,0.124126146211113,1,0
"Fixed mixed-signal covariate-driven SAR design, lambda = 2",23,383,"network only",-13.3949544105171,-1.45856858316609,0.310271958538563,1,0
"Fixed mixed-signal covariate-driven SAR design, lambda = 2",23,384,"network only",-6.28384784938813,-0.73966447690771,0.0736733391894843,1,0
"Fixed mixed-signal covariate-driven SAR design, lambda = 2",23,385,"network only",-18.8329975802296,-2.00833274871616,0.93166893311294,1,0
"Fixed mixed-signal covariate-driven SAR design, lambda = 2",23,386,"network only",-16.9895057135621,-1.82196317860655,0.641775394310565,1,0
"Fixed mixed-signal covariate-driven SAR design, lambda = 2",23,387,"network only",-7.36561017524062,-0.849026271920314,0.0916855305830587,1,0
"Fixed mixed-signal covariate-driven SAR design, lambda = 2",23,388,"network only",-16.779022902105,-1.80068421784953,0.615035794077091,1,0
"Fixed mixed-signal covariate-driven SAR design, lambda = 2",23,389,"network only",-13.0261599743549,-1.4212849575808,0.287977383439041,1,0
"Fixed mixed-signal covariate-driven SAR design, lambda = 2",23,390,"network only",-15.6500025616993,-1.68654482874184,0.48950843302116,1,0
"Fixed mixed-signal covariate-driven SAR design, lambda = 2",23,391,"both",5.62275071434556,0.464044471264679,0.00663410049996331,0,1
"Fixed mixed-signal covariate-driven SAR design, lambda = 2",23,392,"both",2.82901922132215,0.18160951900332,0.0116708349933976,0,1
"Fixed mixed-signal covariate-driven SAR design, lambda = 2",23,393,"both",8.34238838546627,0.738988837868751,0.003827968927626,0,1
"Fixed mixed-signal covariate-driven SAR design, lambda = 2",23,394,"both",-0.834512982128396,-0.188758766414735,0.0244793416767927,0,1
"Fixed mixed-signal covariate-driven SAR design, lambda = 2",23,395,"both",8.81122497638408,0.786386320592099,0.00348176514574958,0,1
"Fixed mixed-signal covariate-driven SAR design, lambda = 2",23,396,"both",1.80422051980299,0.0780065159717614,0.0143578811459351,1,0
"Fixed mixed-signal covariate-driven SAR design, lambda = 2",23,397,"both",0.645007679769501,-0.0391852127083967,0.018150215929495,1,0
"Fixed mixed-signal covariate-driven SAR design, lambda = 2",23,398,"both",10.2964410756175,0.936535659972892,0.00257858477657018,0,1
"Fixed mixed-signal covariate-driven SAR design, lambda = 2",23,399,"both",5.65105875096904,0.466906299250772,0.00659623765134269,1,0
"Fixed mixed-signal covariate-driven SAR design, lambda = 2",23,400,"both",3.84722229666112,0.284545730909824,0.00949932335561917,0,1
"Fixed mixed-signal covariate-driven SAR design, lambda = 2",24,356,"covariates only",14.0354604174022,0.889654723776996,0.00074003082539254,0,1
"Fixed mixed-signal covariate-driven SAR design, lambda = 2",24,357,"covariates only",3.66979474394311,0.215754505966322,0.00284834179291373,0,1
"Fixed mixed-signal covariate-driven SAR design, lambda = 2",24,358,"covariates only",2.000345375953,0.107219045904837,0.00353887159560816,1,0
"Fixed mixed-signal covariate-driven SAR design, lambda = 2",24,359,"covariates only",6.48906682419321,0.39904307891468,0.00197419328577171,0,1
"Fixed mixed-signal covariate-driven SAR design, lambda = 2",24,360,"covariates only",3.03072963851053,0.174207139177431,0.00309513564242101,0,1
"Fixed mixed-signal covariate-driven SAR design, lambda = 2",24,361,"network only",-23.2043547105279,-1.53140730123106,0.0937902224494754,1,0
"Fixed mixed-signal covariate-driven SAR design, lambda = 2",24,362,"network only",-41.4061337110453,-2.71475463457189,1,1,0
"Fixed mixed-signal covariate-driven SAR design, lambda = 2",24,363,"network only",-17.8996080587259,-1.1865312424524,0.0470545936551211,0,1
"Fixed mixed-signal covariate-driven SAR design, lambda = 2",24,364,"network only",-23.4028030552877,-1.54430896977515,0.0962418168091352,1,0
"Fixed mixed-signal covariate-driven SAR design, lambda = 2",24,365,"network only",-5.5729828751107,-0.385143694580931,0.00947383131218203,0,1
"Fixed mixed-signal covariate-driven SAR design, lambda = 2",24,366,"both",7.31732821673802,0.452890612727128,0.00177263082411919,0,1
"Fixed mixed-signal covariate-driven SAR design, lambda = 2",24,367,"both",3.12577365582552,0.180386210159257,0.00305712089638076,0,1
"Fixed mixed-signal covariate-driven SAR design, lambda = 2",24,368,"both",5.62184164860246,0.342662403217421,0.00220984240582046,0,1
"Fixed mixed-signal covariate-driven SAR design, lambda = 2",24,369,"both",8.15724272364542,0.507495747310671,0.0015892377761441,0,1
"Fixed mixed-signal covariate-driven SAR design, lambda = 2",24,370,"both",3.585452152259,0.210271163873574,0.00287975056807891,0,1
"Fixed mixed-signal covariate-driven SAR design, lambda = 2",24,371,"covariates only",5.64392583131371,0.344098156212754,0.00220350593207885,0,1
"Fixed mixed-signal covariate-driven SAR design, lambda = 2",24,372,"covariates only",16.3141433529563,1.03779812092738,0.000550267787976683,0,1
"Fixed mixed-signal covariate-driven SAR design, lambda = 2",24,373,"covariates only",6.41337397482526,0.394122080178788,0.00199371922058504,1,0
"Fixed mixed-signal covariate-driven SAR design, lambda = 2",24,374,"covariates only",6.8666605227076,0.423591475871407,0.00187960764970377,0,1
"Fixed mixed-signal covariate-driven SAR design, lambda = 2",24,375,"covariates only",4.03706523120226,0.239631762782843,0.00271551734064069,0,1
"Fixed mixed-signal covariate-driven SAR design, lambda = 2",24,376,"covariates only",9.07173725229814,0.566949532668971,0.0014110681129135,1,0
"Fixed mixed-signal covariate-driven SAR design, lambda = 2",24,377,"covariates only",9.4974770184331,0.594628036893127,0.00133507829230252,1,0
"Fixed mixed-signal covariate-driven SAR design, lambda = 2",24,378,"covariates only",56.6435127597748,3,1.08699411683209e-05,0,1
"Fixed mixed-signal covariate-driven SAR design, lambda = 2",24,379,"covariates only",6.14485753689434,0.376665093651554,0.00206455730345207,0,1
"Fixed mixed-signal covariate-driven SAR design, lambda = 2",24,380,"covariates only",5.4718917206054,0.332913749120207,0.00225335115774634,0,1
"Fixed mixed-signal covariate-driven SAR design, lambda = 2",24,381,"network only",-9.93352824121342,-0.668634650643122,0.0167017801762958,1,0
"Fixed mixed-signal covariate-driven SAR design, lambda = 2",24,382,"network only",-13.4160147814641,-0.895040605834859,0.0262673630922365,1,0
"Fixed mixed-signal covariate-driven SAR design, lambda = 2",24,383,"network only",-18.2654127858881,-1.21031320620433,0.0493467753970915,0,1
"Fixed mixed-signal covariate-driven SAR design, lambda = 2",24,384,"network only",-20.9151799991335,-1.38258180509671,0.0696449101504704,1,0
"Fixed mixed-signal covariate-driven SAR design, lambda = 2",24,385,"network only",-12.2361689676119,-0.818335609167459,0.0225315652974899,1,0
"Fixed mixed-signal covariate-driven SAR design, lambda = 2",24,386,"network only",-27.7058357038433,-1.82406086709255,0.168404318204407,1,0
"Fixed mixed-signal covariate-driven SAR design, lambda = 2",24,387,"network only",-13.2721883156318,-0.88569005472655,0.0257806992089808,1,0
"Fixed mixed-signal covariate-driven SAR design, lambda = 2",24,388,"network only",0.242119072674994,-0.00708804503031861,0.00444785563338761,1,0
"Fixed mixed-signal covariate-driven SAR design, lambda = 2",24,389,"network only",-2.11009937223163,-0.160012186353881,0.0060391929323455,0,1
"Fixed mixed-signal covariate-driven SAR design, lambda = 2",24,390,"network only",-11.7242419594706,-0.785053837098264,0.021080610493265,1,0
"Fixed mixed-signal covariate-driven SAR design, lambda = 2",24,391,"both",11.384638556036,0.71731755933169,0.00104457582213003,0,1
"Fixed mixed-signal covariate-driven SAR design, lambda = 2",24,392,"both",9.2498563604598,0.578529542054546,0.00137876328313959,0,1
"Fixed mixed-signal covariate-driven SAR design, lambda = 2",24,393,"both",4.21323871292229,0.251085281682992,0.00265401993310734,0,1
"Fixed mixed-signal covariate-driven SAR design, lambda = 2",24,394,"both",2.081665543477,0.112505891953436,0.0035016497897337,0,1
"Fixed mixed-signal covariate-driven SAR design, lambda = 2",24,395,"both",8.32825222147208,0.51861354152317,0.00155429011978974,0,1
"Fixed mixed-signal covariate-driven SAR design, lambda = 2",24,396,"both",13.3186797687914,0.843054857406804,0.000812317744034361,0,1
"Fixed mixed-signal covariate-driven SAR design, lambda = 2",24,397,"both",3.4471034610475,0.201276737844575,0.00293202272345396,0,1
"Fixed mixed-signal covariate-driven SAR design, lambda = 2",24,398,"both",7.4939252755654,0.464371669531152,0.00173239123480182,0,1
"Fixed mixed-signal covariate-driven SAR design, lambda = 2",24,399,"both",11.3130464392422,0.712663160413115,0.00105434496623328,0,1
"Fixed mixed-signal covariate-driven SAR design, lambda = 2",24,400,"both",2.6558520885002,0.149835326448496,0.00324974118225525,0,1
"Fixed mixed-signal covariate-driven SAR design, lambda = 2",25,356,"covariates only",1.87842178883039,-0.178979571028526,0.0104737989722196,0,1
"Fixed mixed-signal covariate-driven SAR design, lambda = 2",25,357,"covariates only",6.6244547882498,0.162107307440466,0.00529468266243867,1,0
"Fixed mixed-signal covariate-driven SAR design, lambda = 2",25,358,"covariates only",10.8337314080827,0.464618693907218,0.00289122495670701,0,1
"Fixed mixed-signal covariate-driven SAR design, lambda = 2",25,359,"covariates only",8.21466633703385,0.276392288886327,0.00421282347823153,0,1
"Fixed mixed-signal covariate-driven SAR design, lambda = 2",25,360,"covariates only",0.263309452149684,-0.295054116941411,0.0132106839778232,0,1
"Fixed mixed-signal covariate-driven SAR design, lambda = 2",25,361,"network only",-2.70004557017231,-0.508023878104654,0.0202259294380186,0,1
"Fixed mixed-signal covariate-driven SAR design, lambda = 2",25,362,"network only",-4.4655891890562,-0.634909587040858,0.0260687384178176,1,0
"Fixed mixed-signal covariate-driven SAR design, lambda = 2",25,363,"network only",-7.11607159241639,-0.825393886140698,0.0381568552223717,0,1
"Fixed mixed-signal covariate-driven SAR design, lambda = 2",25,364,"network only",-4.38266456849994,-0.628949978252377,0.0257598638808145,1,0
"Fixed mixed-signal covariate-driven SAR design, lambda = 2",25,365,"network only",-17.6325384984065,-1.58118906706874,0.173000726640841,1,0
"Fixed mixed-signal covariate-driven SAR design, lambda = 2",25,366,"both",3.86704642213261,-0.0360615237451261,0.00786986342243885,1,0
"Fixed mixed-signal covariate-driven SAR design, lambda = 2",25,367,"both",6.73356369274144,0.169948722713133,0.00521229477767966,0,1
"Fixed mixed-signal covariate-driven SAR design, lambda = 2",25,368,"both",5.06046526484555,0.0497068448727974,0.00662933150855472,1,0
"Fixed mixed-signal covariate-driven SAR design, lambda = 2",25,369,"both",3.6314938929219,-0.0529901622341091,0.0081408775803394,0,1
"Fixed mixed-signal covariate-driven SAR design, lambda = 2",25,370,"both",21.3377929897136,1.21952233165327,0.000638823546552323,0,1
"Fixed mixed-signal covariate-driven SAR design, lambda = 2",25,371,"covariates only",34.9162488651017,2.19537587703141,9.07330052383477e-05,0,1
"Fixed mixed-signal covariate-driven SAR design, lambda = 2",25,372,"covariates only",18.3648427169482,1.00586298109563,0.000979406697268048,0,1
"Fixed mixed-signal covariate-driven SAR design, lambda = 2",25,373,"covariates only",4.97939761171778,0.0438806922199316,0.00670703030920337,0,1
"Fixed mixed-signal covariate-driven SAR design, lambda = 2",25,374,"covariates only",23.764821791119,1.39394751536501,0.000450689173929812,0,1
"Fixed mixed-signal covariate-driven SAR design, lambda = 2",25,375,"covariates only",3.76003711567915,-0.0437520455577232,0.00799184583865808,0,1
"Fixed mixed-signal covariate-driven SAR design, lambda = 2",25,376,"covariates only",6.82451026066139,0.176484851088784,0.00514460173645806,0,1
"Fixed mixed-signal covariate-driven SAR design, lambda = 2",25,377,"covariates only",17.4930647004971,0.943210226176821,0.00111015229457637,0,1
"Fixed mixed-signal covariate-driven SAR design, lambda = 2",25,378,"covariates only",20.8929431625922,1.18755195998943,0.000681004571868896,0,1
"Fixed mixed-signal covariate-driven SAR design, lambda = 2",25,379,"covariates only",8.05675998223316,0.265043908953872,0.00430953428037517,0,1
"Fixed mixed-signal covariate-driven SAR design, lambda = 2",25,380,"covariates only",40.0793891742216,2.56643933389119,4.31980031925598e-05,0,1
"Fixed mixed-signal covariate-driven SAR design, lambda = 2",25,381,"network only",-1.68901496681066,-0.435363348230666,0.0174902635416271,1,0
"Fixed mixed-signal covariate-driven SAR design, lambda = 2",25,382,"network only",-14.26319365799,-1.33904171700946,0.106591214696482,1,0
"Fixed mixed-signal covariate-driven SAR design, lambda = 2",25,383,"network only",-6.9093989563941,-0.810540781601723,0.037040030151055,0,1
"Fixed mixed-signal covariate-driven SAR design, lambda = 2",25,384,"network only",-7.26016224403187,-0.835749362089159,0.0389553603737121,1,0
"Fixed mixed-signal covariate-driven SAR design, lambda = 2",25,385,"network only",-4.55337322366255,-0.641218431152763,0.0263997495375458,1,0
"Fixed mixed-signal covariate-driven SAR design, lambda = 2",25,386,"network only",-29.8386993536761,-2.45841880919729,1,1,0
"Fixed mixed-signal covariate-driven SAR design, lambda = 2",25,387,"network only",-0.118512052754915,-0.322494782705045,0.013955967938543,0,1
"Fixed mixed-signal covariate-driven SAR design, lambda = 2",25,388,"network only",-21.6695811783401,-1.87132238179981,0.309068342068992,1,0
"Fixed mixed-signal covariate-driven SAR design, lambda = 2",25,389,"network only",-15.4861796472738,-1.42693501095562,0.127076298607134,1,0
"Fixed mixed-signal covariate-driven SAR design, lambda = 2",25,390,"network only",-5.1153104443602,-0.681603614426194,0.0286205470854482,1,0
"Fixed mixed-signal covariate-driven SAR design, lambda = 2",25,391,"both",7.07370073518591,0.194393618497307,0.0049635957296908,0,1
"Fixed mixed-signal covariate-driven SAR design, lambda = 2",25,392,"both",6.65050764977123,0.163979668886882,0.00527489262030051,0,1
"Fixed mixed-signal covariate-driven SAR design, lambda = 2",25,393,"both",2.52759761999181,-0.132324742068118,0.00954070273525597,0,1
"Fixed mixed-signal covariate-driven SAR design, lambda = 2",25,394,"both",6.74209055642472,0.170561529517724,0.00520591043143506,0,1
"Fixed mixed-signal covariate-driven SAR design, lambda = 2",25,395,"both",4.93265931531572,0.040521714390092,0.00675223952816522,0,1
"Fixed mixed-signal covariate-driven SAR design, lambda = 2",25,396,"both",24.3736361817437,1.43770165700089,0.000412926506006603,0,1
"Fixed mixed-signal covariate-driven SAR design, lambda = 2",25,397,"both",4.00504043268259,-0.0261441998850371,0.00771530532363698,1,0
"Fixed mixed-signal covariate-driven SAR design, lambda = 2",25,398,"both",3.12272576859939,-0.0895542003288542,0.00875851229550368,0,1
"Fixed mixed-signal covariate-driven SAR design, lambda = 2",25,399,"both",28.2547632718178,1.71662966366599,0.000236373601907255,0,1
"Fixed mixed-signal covariate-driven SAR design, lambda = 2",25,400,"both",4.53765751956552,0.0121338103197737,0.00714669519917229,0,1
"Fixed mixed-signal covariate-driven SAR design, lambda = 2",26,356,"covariates only",22.1753387716521,1.46430067061815,0.000132543277763727,0,1
"Fixed mixed-signal covariate-driven SAR design, lambda = 2",26,357,"covariates only",4.26958349766666,0.192047015571852,0.00168819725713465,0,1
"Fixed mixed-signal covariate-driven SAR design, lambda = 2",26,358,"covariates only",5.90476679989448,0.308231331792934,0.00133815609174169,0,1
"Fixed mixed-signal covariate-driven SAR design, lambda = 2",26,359,"covariates only",1.90031662761499,0.0237040225464355,0.00236398140566569,1,0
"Fixed mixed-signal covariate-driven SAR design, lambda = 2",26,360,"covariates only",4.789536104572,0.228991092739446,0.00156795636563679,0,1
"Fixed mixed-signal covariate-driven SAR design, lambda = 2",26,361,"network only",-11.143331480357,-0.903083411246714,0.0150883376065954,1,0
"Fixed mixed-signal covariate-driven SAR design, lambda = 2",26,362,"network only",-30.8147293051902,-2.30079087454901,0.246987327113806,1,0
"Fixed mixed-signal covariate-driven SAR design, lambda = 2",26,363,"network only",-11.6335381409892,-0.937913956296296,0.0161768820899517,0,1
"Fixed mixed-signal covariate-driven SAR design, lambda = 2",26,364,"network only",-9.83742132835257,-0.810294867081614,0.0125327474314627,1,0
"Fixed mixed-signal covariate-driven SAR design, lambda = 2",26,365,"network only",-30.1295962554141,-2.25211026803827,0.224073879138254,1,0
"Fixed mixed-signal covariate-driven SAR design, lambda = 2",26,366,"both",7.85638070833615,0.44689892164107,0.00101405529546607,0,1
"Fixed mixed-signal covariate-driven SAR design, lambda = 2",26,367,"both",14.1176074618472,0.891776476390267,0.000416529632353818,0,1
"Fixed mixed-signal covariate-driven SAR design, lambda = 2",26,368,"both",4.02784029155506,0.174870489206336,0.00174719964007861,0,1
"Fixed mixed-signal covariate-driven SAR design, lambda = 2",26,369,"both",20.1512850820341,1.32048603307713,0.000176715040016024,0,1
"Fixed mixed-signal covariate-driven SAR design, lambda = 2",26,370,"both",11.7706708905912,0.725020113128647,0.000581418223444286,0,1
"Fixed mixed-signal covariate-driven SAR design, lambda = 2",26,371,"covariates only",0.184676813557644,-0.0981969523512063,0.00301665675584944,1,0
"Fixed mixed-signal covariate-driven SAR design, lambda = 2",26,372,"covariates only",9.61790303782929,0.572059976723697,0.000789492713596948,0,1
"Fixed mixed-signal covariate-driven SAR design, lambda = 2",26,373,"covariates only",19.6621499931427,1.2857316261766,0.000189435255329157,0,1
"Fixed mixed-signal covariate-driven SAR design, lambda = 2",26,374,"covariates only",21.5411798025159,1.4192419141447,0.000145042489375993,0,1
"Fixed mixed-signal covariate-driven SAR design, lambda = 2",26,375,"covariates only",11.645259231907,0.71610926638106,0.000591872964700334,0,1
"Fixed mixed-signal covariate-driven SAR design, lambda = 2",26,376,"covariates only",7.11505355535881,0.394225567988641,0.00112671254792144,0,1
"Fixed mixed-signal covariate-driven SAR design, lambda = 2",26,377,"covariates only",3.11248947956385,0.109832271137012,0.00198991263688143,0,1
"Fixed mixed-signal covariate-driven SAR design, lambda = 2",26,378,"covariates only",8.51873625393314,0.493961123203171,0.000922962228894696,0,1
"Fixed mixed-signal covariate-driven SAR design, lambda = 2",26,379,"covariates only",10.1647373689096,0.610914075072316,0.000730465796328175,0,1
"Fixed mixed-signal covariate-driven SAR design, lambda = 2",26,380,"covariates only",19.8223915756891,1.29711723577338,0.000185170326708273,0,1
"Fixed mixed-signal covariate-driven SAR design, lambda = 2",26,381,"network only",-6.36229702326087,-0.563377631185031,0.00764850758097526,1,0
"Fixed mixed-signal covariate-driven SAR design, lambda = 2",26,382,"network only",-10.994722471134,-0.892524328300269,0.0147730405555335,1,0
"Fixed mixed-signal covariate-driven SAR design, lambda = 2",26,383,"network only",-6.4532465049326,-0.569839844518725,0.00774800172373524,0,1
"Fixed mixed-signal covariate-driven SAR design, lambda = 2",26,384,"network only",-15.2714257988753,-1.19639598057135,0.0271274801050411,1,0
"Fixed mixed-signal covariate-driven SAR design, lambda = 2",26,385,"network only",-8.56348571271615,-0.719778202551867,0.0104574190566662,0,1
"Fixed mixed-signal covariate-driven SAR design, lambda = 2",26,386,"network only",-41.3800815468848,-3,1,1,0
"Fixed mixed-signal covariate-driven SAR design, lambda = 2",26,387,"network only",-12.0178493450603,-0.965220334975844,0.017084915657826,1,0
"Fixed mixed-signal covariate-driven SAR design, lambda = 2",26,388,"network only",-8.22964682099181,-0.696058021878451,0.00997289908690801,1,0
"Fixed mixed-signal covariate-driven SAR design, lambda = 2",26,389,"network only",-5.61947949137227,-0.51059838197063,0.00688229411232656,1,0
"Fixed mixed-signal covariate-driven SAR design, lambda = 2",26,390,"network only",-8.13419881475227,-0.689276175877151,0.00983854299745457,1,0
"Fixed mixed-signal covariate-driven SAR design, lambda = 2",26,391,"both",19.2603561522911,1.25718305758641,0.000200566215238392,0,1
"Fixed mixed-signal covariate-driven SAR design, lambda = 2",26,392,"both",2.12743659969935,0.0398415275104484,0.00228890199396414,0,1
"Fixed mixed-signal covariate-driven SAR design, lambda = 2",26,393,"both",8.05386926185249,0.460931031998683,0.000985992249443635,1,0
"Fixed mixed-signal covariate-driven SAR design, lambda = 2",26,394,"both",2.62124661183439,0.0749281006945478,0.0021337885838118,0,1
"Fixed mixed-signal covariate-driven SAR design, lambda = 2",26,395,"both",7.77080054737324,0.440818213459903,0.00102646293846106,0,1
"Fixed mixed-signal covariate-driven SAR design, lambda = 2",26,396,"both",3.8256098928133,0.160501457572441,0.00179813922055221,0,1
"Fixed mixed-signal covariate-driven SAR design, lambda = 2",26,397,"both",7.77009287073327,0.440767931068682,0.00102656616967378,0,1
"Fixed mixed-signal covariate-driven SAR design, lambda = 2",26,398,"both",2.98624131288335,0.100861988172433,0.00202593495998264,0,1
"Fixed mixed-signal covariate-driven SAR design, lambda = 2",26,399,"both",18.944267557617,1.23472408482938,0.000209780634747424,0,1
"Fixed mixed-signal covariate-driven SAR design, lambda = 2",26,400,"both",5.37895745942114,0.270871117435118,0.00144197405180273,0,1
"Fixed mixed-signal covariate-driven SAR design, lambda = 2",27,356,"covariates only",0.547743197443188,-0.0796240737805298,0.00290665642734218,1,0
"Fixed mixed-signal covariate-driven SAR design, lambda = 2",27,357,"covariates only",2.10446647496955,0.002909998449023,0.00246436774596104,0,1
"Fixed mixed-signal covariate-driven SAR design, lambda = 2",27,358,"covariates only",11.0461634012463,0.476979263437959,0.000954847871648341,0,1
"Fixed mixed-signal covariate-driven SAR design, lambda = 2",27,359,"covariates only",6.27761568312348,0.224161265866167,0.00158317566948004,0,1
"Fixed mixed-signal covariate-driven SAR design, lambda = 2",27,360,"covariates only",-0.305837329898463,-0.124879051279999,0.0031820109830946,1,0
"Fixed mixed-signal covariate-driven SAR design, lambda = 2",27,361,"network only",-3.23900593182431,-0.280389251935237,0.00434286289061391,0,1
"Fixed mixed-signal covariate-driven SAR design, lambda = 2",27,362,"network only",-55.8975639449389,-3,1,1,0
"Fixed mixed-signal covariate-driven SAR design, lambda = 2",27,363,"network only",-4.26040868124348,-0.334541797550139,0.00483963291615397,0,1
"Fixed mixed-signal covariate-driven SAR design, lambda = 2",27,364,"network only",-11.062846198115,-0.695192195382317,0.00995564443021322,1,0
"Fixed mixed-signal covariate-driven SAR design, lambda = 2",27,365,"network only",-41.495234627661,-2.30865104257902,0.250900730312702,1,0
"Fixed mixed-signal covariate-driven SAR design, lambda = 2",27,366,"both",25.984113233798,1.26895677687267,0.000195898565873936,0,1
"Fixed mixed-signal covariate-driven SAR design, lambda = 2",27,367,"both",20.6180716500572,0.984460957960663,0.000346051857862681,0,1
"Fixed mixed-signal covariate-driven SAR design, lambda = 2",27,368,"both",17.393199373711,0.813485264830427,0.000487134384380368,0,1
"Fixed mixed-signal covariate-driven SAR design, lambda = 2",27,369,"both",31.2836488088003,1.54992659228221,0.000111682203957951,0,1
"Fixed mixed-signal covariate-driven SAR design, lambda = 2",27,370,"both",9.20349534140871,0.37928502263019,0.00116088800490008,0,1
"Fixed mixed-signal covariate-driven SAR design, lambda = 2",27,371,"covariates only",37.2838160806707,1.86804237185279,5.91115191123796e-05,0,1
"Fixed mixed-signal covariate-driven SAR design, lambda = 2",27,372,"covariates only",36.5723553964406,1.83032227840494,6.37434224304887e-05,0,1
"Fixed mixed-signal covariate-driven SAR design, lambda = 2",27,373,"covariates only",2.00417499033932,-0.00240723728322197,0.00249071483983919,0,1
"Fixed mixed-signal covariate-driven SAR design, lambda = 2",27,374,"covariates only",8.06587752113992,0.318971007478514,0.00130971985608249,0,1
"Fixed mixed-signal covariate-driven SAR design, lambda = 2",27,375,"covariates only",4.36020244692856,0.122504198862277,0.00194011428523989,0,1
"Fixed mixed-signal covariate-driven SAR design, lambda = 2",27,376,"covariates only",6.33888536575031,0.227409650781076,0.00157292348067109,0,1
"Fixed mixed-signal covariate-driven SAR design, lambda = 2",27,377,"covariates only",6.2590141960825,0.223175055601837,0.00158630143932392,0,1
"Fixed mixed-signal covariate-driven SAR design, lambda = 2",27,378,"covariates only",6.21079203735048,0.220618421941051,0.00159443339535045,0,1
"Fixed mixed-signal covariate-driven SAR design, lambda = 2",27,379,"covariates only",8.01858683545553,0.316463758486733,0.00131630393779559,0,1
"Fixed mixed-signal covariate-driven SAR design, lambda = 2",27,380,"covariates only",0.84433648783122,-0.0638993445334771,0.00281666614656391,0,1
"Fixed mixed-signal covariate-driven SAR design, lambda = 2",27,381,"network only",-3.81232679256732,-0.310785473289659,0.00461506626083031,0,1
"Fixed mixed-signal covariate-driven SAR design, lambda = 2",27,382,"network only",-10.8448858568676,-0.68363641356329,0.00972819243035157,1,0
"Fixed mixed-signal covariate-driven SAR design, lambda = 2",27,383,"network only",-12.0756425242137,-0.748888447207419,0.0110843274970941,1,0
"Fixed mixed-signal covariate-driven SAR design, lambda = 2",27,384,"network only",-18.413567235333,-1.08491138939929,0.0217057685665851,1,0
"Fixed mixed-signal covariate-driven SAR design, lambda = 2",27,385,"network only",-6.96011122798518,-0.477674137258673,0.0064437041510541,1,0
"Fixed mixed-signal covariate-driven SAR design, lambda = 2",27,386,"network only",3.52341244938965,0.0781394186249141,0.0021201279523237,1,0
"Fixed mixed-signal covariate-driven SAR design, lambda = 2",27,387,"network only",-17.7950828347771,-1.05212069568689,0.0203279476420116,1,0
"Fixed mixed-signal covariate-driven SAR design, lambda = 2",27,388,"network only",-50.7194621975669,-2.79769946596109,0.66724294228031,1,0
"Fixed mixed-signal covariate-driven SAR design, lambda = 2",27,389,"network only",-16.9165179101178,-1.00554109994435,0.0185197453453207,1,0
"Fixed mixed-signal covariate-driven SAR design, lambda = 2",27,390,"network only",-0.3490371864411,-0.127169413434705,0.00319662033331483,0,1
"Fixed mixed-signal covariate-driven SAR design, lambda = 2",27,391,"both",8.15690165466623,0.323796908471676,0.00129713950854811,1,0
"Fixed mixed-signal covariate-driven SAR design, lambda = 2",27,392,"both",6.96823535600685,0.260776414356448,0.00147138252245148,0,1
"Fixed mixed-signal covariate-driven SAR design, lambda = 2",27,393,"both",7.34401264472861,0.28069930645765,0.00141390681848016,0,1
"Fixed mixed-signal covariate-driven SAR design, lambda = 2",27,394,"both",9.37932604081732,0.388607182743464,0.00113944455759936,0,1
"Fixed mixed-signal covariate-driven SAR design, lambda = 2",27,395,"both",23.7136446175258,1.14858148379675,0.000249222878471748,0,1
"Fixed mixed-signal covariate-driven SAR design, lambda = 2",27,396,"both",6.66975703182322,0.244951744729697,0.00151869557112591,0,1
"Fixed mixed-signal covariate-driven SAR design, lambda = 2",27,397,"both",6.45730359761517,0.233687927108748,0.00155329646586273,0,1
"Fixed mixed-signal covariate-driven SAR design, lambda = 2",27,398,"both",17.8718834813412,0.838864051982035,0.00046302565087069,0,1
"Fixed mixed-signal covariate-driven SAR design, lambda = 2",27,399,"both",10.1389919472545,0.428883011914494,0.00105125980068978,0,1
"Fixed mixed-signal covariate-driven SAR design, lambda = 2",27,400,"both",5.73857149421392,0.195582318878828,0.00167630277858587,1,0
"Fixed mixed-signal covariate-driven SAR design, lambda = 2",28,356,"covariates only",4.83778772520979,0.160190419002107,0.00934156967236783,0,1
"Fixed mixed-signal covariate-driven SAR design, lambda = 2",28,357,"covariates only",27.8110794956346,1.78905688710173,0.000359421803911736,0,1
"Fixed mixed-signal covariate-driven SAR design, lambda = 2",28,358,"covariates only",5.96436650157598,0.240067800564725,0.00796231298884497,0,1
"Fixed mixed-signal covariate-driven SAR design, lambda = 2",28,359,"covariates only",29.2144676182725,1.88856077524879,0.000294561810449212,0,1
"Fixed mixed-signal covariate-driven SAR design, lambda = 2",28,360,"covariates only",8.519698602879,0.42124752945449,0.00554202565904759,0,1
"Fixed mixed-signal covariate-driven SAR design, lambda = 2",28,361,"network only",-2.0238332213786,-0.326316451166859,0.0247169202036866,0,1
"Fixed mixed-signal covariate-driven SAR design, lambda = 2",28,362,"network only",-12.8665310321723,-1.09509208263626,0.11501232546046,1,0
"Fixed mixed-signal covariate-driven SAR design, lambda = 2",28,363,"network only",-28.1178441884137,-2.17645007185875,1,1,0
"Fixed mixed-signal covariate-driven SAR design, lambda = 2",28,364,"network only",-13.3240756648997,-1.12753319370367,0.122721986245782,1,0
"Fixed mixed-signal covariate-driven SAR design, lambda = 2",28,365,"network only",-18.6649799083818,-1.50621727252335,0.261723781962407,1,0
"Fixed mixed-signal covariate-driven SAR design, lambda = 2",28,366,"both",12.5656957852098,0.708119311094789,0.00312244551302981,0,1
"Fixed mixed-signal covariate-driven SAR design, lambda = 2",28,367,"both",20.1579185930484,1.24642776395438,0.00106396192696954,0,1
"Fixed mixed-signal covariate-driven SAR design, lambda = 2",28,368,"both",23.6796387157567,1.49612693093646,0.00064571391675511,0,1
"Fixed mixed-signal covariate-driven SAR design, lambda = 2",28,369,"both",4.85423162604341,0.161356334576605,0.00931981208659218,0,1
"Fixed mixed-signal covariate-driven SAR design, lambda = 2",28,370,"both",18.4365528636713,1.12437843188924,0.00135811576404476,0,1
"Fixed mixed-signal covariate-driven SAR design, lambda = 2",28,371,"covariates only",6.76762875628003,0.297021195178463,0.0071050993524578,1,0
"Fixed mixed-signal covariate-driven SAR design, lambda = 2",28,372,"covariates only",8.50993539116231,0.420555292210251,0.00554970376603222,0,1
"Fixed mixed-signal covariate-driven SAR design, lambda = 2",28,373,"covariates only",5.51118483720614,0.207936035364236,0.00849079864272883,0,1
"Fixed mixed-signal covariate-driven SAR design, lambda = 2",28,374,"covariates only",5.51248298748148,0.208028077613784,0.00848923576216921,0,1
"Fixed mixed-signal covariate-driven SAR design, lambda = 2",28,375,"covariates only",3.5786589116795,0.0709148931491727,0.0111676962674343,0,1
"Fixed mixed-signal covariate-driven SAR design, lambda = 2",28,376,"covariates only",7.03162502927143,0.315739221357565,0.0068440296792042,0,1
"Fixed mixed-signal covariate-driven SAR design, lambda = 2",28,377,"covariates only",10.9950730448093,0.596758051183112,0.00390141392731949,0,1
"Fixed mixed-signal covariate-driven SAR design, lambda = 2",28,378,"covariates only",1.04061133509832,-0.109039317733953,0.0160055217284614,0,1
"Fixed mixed-signal covariate-driven SAR design, lambda = 2",28,379,"covariates only",4.47883710772612,0.134739881466362,0.00982937520709565,0,1
"Fixed mixed-signal covariate-driven SAR design, lambda = 2",28,380,"covariates only",12.9577996752518,0.735920502359994,0.00295356858927565,0,1
"Fixed mixed-signal covariate-driven SAR design, lambda = 2",28,381,"network only",-12.5814254881282,-1.07487735393288,0.110455181691582,1,0
"Fixed mixed-signal covariate-driven SAR design, lambda = 2",28,382,"network only",-22.4794429301111,-1.77667267665049,0.44952905421589,1,0
"Fixed mixed-signal covariate-driven SAR design, lambda = 2",28,383,"network only",1.89657768141962,-0.0483490651886279,0.0141760407103999,1,0
"Fixed mixed-signal covariate-driven SAR design, lambda = 2",28,384,"network only",-28.1077840585833,-2.17573678234373,0.998574438050107,1,0
"Fixed mixed-signal covariate-driven SAR design, lambda = 2",28,385,"network only",-7.82373696237174,-0.737544794771995,0.0562578015004383,1,0
"Fixed mixed-signal covariate-driven SAR design, lambda = 2",28,386,"network only",-9.99319314805386,-0.891364912070908,0.0765225110323275,1,0
"Fixed mixed-signal covariate-driven SAR design, lambda = 2",28,387,"network only",-15.9106167746035,-1.31092572290934,0.177098589633375,1,0
"Fixed mixed-signal covariate-driven SAR design, lambda = 2",28,388,"network only",-10.8686316086344,-0.953435788442234,0.0866369771360345,1,0
"Fixed mixed-signal covariate-driven SAR design, lambda = 2",28,389,"network only",-7.2390887708977,-0.696091708978119,0.0517817905262685,1,0
"Fixed mixed-signal covariate-driven SAR design, lambda = 2",28,390,"network only",-7.14373714768919,-0.689331029521501,0.0510863426471129,1,0
"Fixed mixed-signal covariate-driven SAR design, lambda = 2",28,391,"both",1.71314565191674,-0.0613548758063886,0.01454962015189,0,1
"Fixed mixed-signal covariate-driven SAR design, lambda = 2",28,392,"both",0.137873946772619,-0.173045759476732,0.0181913581468061,0,1
"Fixed mixed-signal covariate-driven SAR design, lambda = 2",28,393,"both",18.2631049970773,1.11208052453309,0.00139193391537515,0,1
"Fixed mixed-signal covariate-driven SAR design, lambda = 2",28,394,"both",8.98540460925455,0.454267303257837,0.00518785609878098,0,1
"Fixed mixed-signal covariate-driven SAR design, lambda = 2",28,395,"both",13.1496633875329,0.749524141337933,0.00287429334958447,0,1
"Fixed mixed-signal covariate-driven SAR design, lambda = 2",28,396,"both",-0.956875807977172,-0.250666380164964,0.0212464090582056,0,1
"Fixed mixed-signal covariate-driven SAR design, lambda = 2",28,397,"both",1.33841590167647,-0.0879241951214166,0.0153436778924107,0,1
"Fixed mixed-signal covariate-driven SAR design, lambda = 2",28,398,"both",12.0888434275209,0.674309231832503,0.00334088810585353,0,1
"Fixed mixed-signal covariate-driven SAR design, lambda = 2",28,399,"both",3.78844115588646,0.0857890029026262,0.0108403700128899,0,1
"Fixed mixed-signal covariate-driven SAR design, lambda = 2",28,400,"both",30.3469099388658,1.96885389743192,0.000250861907743971,0,1
"Fixed mixed-signal covariate-driven SAR design, lambda = 2",29,356,"covariates only",17.0939917907215,1.04250603108608,0.000652285239939053,0,1
"Fixed mixed-signal covariate-driven SAR design, lambda = 2",29,357,"covariates only",7.03135197634131,0.289595561968203,0.00294040583247474,0,1
"Fixed mixed-signal covariate-driven SAR design, lambda = 2",29,358,"covariates only",8.07471042337372,0.367662104376952,0.00251535645536306,1,0
"Fixed mixed-signal covariate-driven SAR design, lambda = 2",29,359,"covariates only",9.48603432463424,0.473260690848944,0.00203646885036818,0,1
"Fixed mixed-signal covariate-driven SAR design, lambda = 2",29,360,"covariates only",5.59507527716643,0.182129948241926,0.00364544643804302,1,0
"Fixed mixed-signal covariate-driven SAR design, lambda = 2",29,361,"network only",-20.8335732538202,-1.79532393370867,0.190259057008392,1,0
"Fixed mixed-signal covariate-driven SAR design, lambda = 2",29,362,"network only",-13.2298348389451,-1.22639427284453,0.0609788620107774,1,0
"Fixed mixed-signal covariate-driven SAR design, lambda = 2",29,363,"network only",-11.9919911120679,-1.133775882612,0.0506677948770931,1,0
"Fixed mixed-signal covariate-driven SAR design, lambda = 2",29,364,"network only",-6.54328330303309,-0.726090699771201,0.0224192537832485,1,0
"Fixed mixed-signal covariate-driven SAR design, lambda = 2",29,365,"network only",-10.1926365652751,-0.99914392708884,0.0387072371183696,0,1
"Fixed mixed-signal covariate-driven SAR design, lambda = 2",29,366,"both",6.25546141816046,0.231541598503343,0.00330242001308537,0,1
"Fixed mixed-signal covariate-driven SAR design, lambda = 2",29,367,"both",14.7379556459081,0.866221844056438,0.000928017253629531,0,1
"Fixed mixed-signal covariate-driven SAR design, lambda = 2",29,368,"both",10.516571364116,0.55036790527301,0.00174543345566648,0,1
"Fixed mixed-signal covariate-driven SAR design, lambda = 2",29,369,"both",2.21799850830184,-0.0705509089879369,0.00604263727747733,0,1
"Fixed mixed-signal covariate-driven SAR design, lambda = 2",29,370,"both",19.1240368658553,1.19439879660723,0.000481398986382564,0,1
"Fixed mixed-signal covariate-driven SAR design, lambda = 2",29,371,"covariates only",4.02794374547471,0.0648734669944041,0.0046089119057531,1,0
"Fixed mixed-signal covariate-driven SAR design, lambda = 2",29,372,"covariates only",33.8416485866159,2.29560525429412,5.32119770970034e-05,0,1
"Fixed mixed-signal covariate-driven SAR design, lambda = 2",29,373,"covariates only",3.50453647639289,0.0257108993408416,0.00498441944043927,0,1
"Fixed mixed-signal covariate-driven SAR design, lambda = 2",29,374,"covariates only",7.97262355871536,0.360023724132947,0.00255407797006242,0,1
"Fixed mixed-signal covariate-driven SAR design, lambda = 2",29,375,"covariates only",33.3199690867062,2.25657196240933,5.75325047557148e-05,0,1
"Fixed mixed-signal covariate-driven SAR design, lambda = 2",29,376,"covariates only",20.0567371620114,1.26418563490007,0.000418686631195371,0,1
"Fixed mixed-signal covariate-driven SAR design, lambda = 2",29,377,"covariates only",5.81626564459539,0.198679933770306,0.00352675740443428,1,0
"Fixed mixed-signal covariate-driven SAR design, lambda = 2",29,378,"covariates only",6.03095557356484,0.214743541145408,0.00341525326136391,1,0
"Fixed mixed-signal covariate-driven SAR design, lambda = 2",29,379,"covariates only",18.2253707755998,1.12715847795569,0.000550692764300904,0,1
"Fixed mixed-signal covariate-driven SAR design, lambda = 2",29,380,"covariates only",12.403869097737,0.691579977671256,0.00131597624085,0,1
"Fixed mixed-signal covariate-driven SAR design, lambda = 2",29,381,"network only",-14.4289973335509,-1.31611844195093,0.0729646894469886,1,0
"Fixed mixed-signal covariate-driven SAR design, lambda = 2",29,382,"network only",-5.82370829049908,-0.672250398394393,0.0201305695089939,0,1
"Fixed mixed-signal covariate-driven SAR design, lambda = 2",29,383,"network only",-13.2559957220452,-1.22835169188474,0.0612180522719644,1,0
"Fixed mixed-signal covariate-driven SAR design, lambda = 2",29,384,"network only",-11.7771793350583,-1.11770315827885,0.0490649558864899,0,1
"Fixed mixed-signal covariate-driven SAR design, lambda = 2",29,385,"network only",-4.30743826255181,-0.558799494942626,0.0160440445381216,0,1
"Fixed mixed-signal covariate-driven SAR design, lambda = 2",29,386,"network only",-8.71702752227603,-0.88873537453275,0.031037913802422,0,1
"Fixed mixed-signal covariate-driven SAR design, lambda = 2",29,387,"network only",-7.56404661347165,-0.802466620712176,0.0261192339386271,1,0
"Fixed mixed-signal covariate-driven SAR design, lambda = 2",29,388,"network only",-1.28302696685538,-0.33250590106937,0.0102037013932529,0,1
"Fixed mixed-signal covariate-driven SAR design, lambda = 2",29,389,"network only",-31.9222949586651,-2.62500827248242,1,1,0
"Fixed mixed-signal covariate-driven SAR design, lambda = 2",29,390,"network only",-17.179443530762,-1.52191332031539,0.110119415745979,1,0
"Fixed mixed-signal covariate-driven SAR design, lambda = 2",29,391,"both",9.69346136303659,0.488780871603904,0.00197422712136655,0,1
"Fixed mixed-signal covariate-driven SAR design, lambda = 2",29,392,"both",3.40141578915085,0.0179951660502379,0.00506193287728175,0,1
"Fixed mixed-signal covariate-driven SAR design, lambda = 2",29,393,"both",11.0087081833356,0.58719074403738,0.00162150907909143,0,1
"Fixed mixed-signal covariate-driven SAR design, lambda = 2",29,394,"both",17.6235425243309,1.08212826726051,0.000602590269162538,0,1
"Fixed mixed-signal covariate-driven SAR design, lambda = 2",29,395,"both",6.69701471256911,0.264579658512076,0.00309126198523123,0,1
"Fixed mixed-signal covariate-driven SAR design, lambda = 2",29,396,"both",13.0220736678216,0.737835503205226,0.00119969544362976,0,1
"Fixed mixed-signal covariate-driven SAR design, lambda = 2",29,397,"both",1.21136416460734,-0.145869667278192,0.00702502004483961,0,1
"Fixed mixed-signal covariate-driven SAR design, lambda = 2",29,398,"both",4.78521329629442,0.121534162723726,0.00411512993087522,0,1
"Fixed mixed-signal covariate-driven SAR design, lambda = 2",29,399,"both",3.47779597192791,0.0237101116616075,0.00500440493050237,0,1
"Fixed mixed-signal covariate-driven SAR design, lambda = 2",29,400,"both",5.0377576592321,0.140430128223829,0.00396251322829835,1,0
"Fixed mixed-signal covariate-driven SAR design, lambda = 2",30,356,"covariates only",-0.355597546478899,-0.282603539761709,0.00436213823713774,0,1
"Fixed mixed-signal covariate-driven SAR design, lambda = 2",30,357,"covariates only",48.3473144330469,3,6.14421235332821e-06,0,1
"Fixed mixed-signal covariate-driven SAR design, lambda = 2",30,358,"covariates only",14.3088052839053,0.737264572147852,0.00056735284607959,1,0
"Fixed mixed-signal covariate-driven SAR design, lambda = 2",30,359,"covariates only",7.57840451522544,0.269184064285238,0.0014468476429186,1,0
"Fixed mixed-signal covariate-driven SAR design, lambda = 2",30,360,"covariates only",5.89154177332464,0.151867488933913,0.00182945901167739,0,1
"Fixed mixed-signal covariate-driven SAR design, lambda = 2",30,361,"network only",-0.342540747886386,-0.281695476018361,0.0043542232274933,1,0
"Fixed mixed-signal covariate-driven SAR design, lambda = 2",30,362,"network only",-11.2875482032535,-1.04289006521862,0.0199561109441054,1,0
"Fixed mixed-signal covariate-driven SAR design, lambda = 2",30,363,"network only",-13.2875741919764,-1.18198626657654,0.0263568396913844,1,0
"Fixed mixed-signal covariate-driven SAR design, lambda = 2",30,364,"network only",-2.17337987828052,-0.409025205617469,0.00561704480511599,0,1
"Fixed mixed-signal covariate-driven SAR design, lambda = 2",30,365,"network only",-42.0615091705356,-3,1,1,0
"Fixed mixed-signal covariate-driven SAR design, lambda = 2",30,366,"both",0.19662611963758,-0.244197931689687,0.00403962207724689,0,1
"Fixed mixed-signal covariate-driven SAR design, lambda = 2",30,367,"both",4.40099934797319,0.0482044413044141,0.0022509366002369,0,1
"Fixed mixed-signal covariate-driven SAR design, lambda = 2",30,368,"both",37.6447458318861,2.36021382562792,2.2089069793702e-05,0,1
"Fixed mixed-signal covariate-driven SAR design, lambda = 2",30,369,"both",9.12030412689838,0.376418860267024,0.00116756170153866,0,1
"Fixed mixed-signal covariate-driven SAR design, lambda = 2",30,370,"both",3.23637771892692,-0.0327917285118881,0.00264676657867077,0,1
"Fixed mixed-signal covariate-driven SAR design, lambda = 2",30,371,"covariates only",3.69534007089472,-0.000872183423483686,0.00248307980317194,1,0
"Fixed mixed-signal covariate-driven SAR design, lambda = 2",30,372,"covariates only",5.56467449651061,0.12913478605435,0.00191455593281626,0,1
"Fixed mixed-signal covariate-driven SAR design, lambda = 2",30,373,"covariates only",5.68746676452578,0.137674644102865,0.00188213353190904,0,1
"Fixed mixed-signal covariate-driven SAR design, lambda = 2",30,374,"covariates only",4.32491191761372,0.0429127737992098,0.00227488552256166,0,1
"Fixed mixed-signal covariate-driven SAR design, lambda = 2",30,375,"covariates only",3.75624168882007,0.0033633533934035,0.00246213429205662,1,0
"Fixed mixed-signal covariate-driven SAR design, lambda = 2",30,376,"covariates only",2.91364179495201,-0.0552371073818474,0.00276828914928288,0,1
"Fixed mixed-signal covariate-driven SAR design, lambda = 2",30,377,"covariates only",6.67710078740471,0.206500916407918,0.00164009381778489,0,1
"Fixed mixed-signal covariate-driven SAR design, lambda = 2",30,378,"covariates only",15.0635001760569,0.789751486455174,0.000510815048847118,0,1
"Fixed mixed-signal covariate-driven SAR design, lambda = 2",30,379,"covariates only",2.51716551712676,-0.0828109211647564,0.00292524173382478,0,1
"Fixed mixed-signal covariate-driven SAR design, lambda = 2",30,380,"covariates only",36.0190109489696,2.24714852152497,2.76939371812676e-05,0,1
"Fixed mixed-signal covariate-driven SAR design, lambda = 2",30,381,"network only",-14.2741435644825,-1.25059940103851,0.0302336058156879,1,0
"Fixed mixed-signal covariate-driven SAR design, lambda = 2",30,382,"network only",-7.70368543921316,-0.793642455699077,0.0121222207054594,0,1
"Fixed mixed-signal covariate-driven SAR design, lambda = 2",30,383,"network only",1.16751428087648,-0.176675381516253,0.00352932290882003,1,0
"Fixed mixed-signal covariate-driven SAR design, lambda = 2",30,384,"network only",-8.3621299140889,-0.83943542327887,0.0132848744085625,1,0
"Fixed mixed-signal covariate-driven SAR design, lambda = 2",30,385,"network only",-11.9242767809578,-1.08717275302071,0.0218041601688809,1,0
"Fixed mixed-signal covariate-driven SAR design, lambda = 2",30,386,"network only",-2.65904449052718,-0.442801818060699,0.00600960435402758,0,1
"Fixed mixed-signal covariate-driven SAR design, lambda = 2",30,387,"network only",-5.23474540137977,-0.621934596611501,0.0085988155944994,1,0
"Fixed mixed-signal covariate-driven SAR design, lambda = 2",30,388,"network only",-4.66106686276956,-0.582036862296458,0.00793933091102213,1,0
"Fixed mixed-signal covariate-driven SAR design, lambda = 2",30,389,"network only",-12.1745186156108,-1.10457637118234,0.0225764656627146,1,0
"Fixed mixed-signal covariate-driven SAR design, lambda = 2",30,390,"network only",1.08790406994629,-0.182212048535647,0.0035686214617614,0,1
"Fixed mixed-signal covariate-driven SAR design, lambda = 2",30,391,"both",2.62424324039019,-0.0753639656551885,0.00288199629004755,0,1
"Fixed mixed-signal covariate-driven SAR design, lambda = 2",30,392,"both",3.95086696069492,0.0168989955094002,0.00239637526145713,0,1
"Fixed mixed-signal covariate-driven SAR design, lambda = 2",30,393,"both",5.47313168101498,0.122768239835027,0.00193909001638639,0,1
"Fixed mixed-signal covariate-driven SAR design, lambda = 2",30,394,"both",8.095689257354,0.305159768129189,0.00134640185645705,0,1
"Fixed mixed-signal covariate-driven SAR design, lambda = 2",30,395,"both",22.7275750142926,1.32276640872735,0.000175910921753006,0,1
"Fixed mixed-signal covariate-driven SAR design, lambda = 2",30,396,"both",5.62671437486676,0.133449485693608,0.00189810554579337,0,1
"Fixed mixed-signal covariate-driven SAR design, lambda = 2",30,397,"both",1.82934546900766,-0.130646877522645,0.0032189300895861,0,1
"Fixed mixed-signal covariate-driven SAR design, lambda = 2",30,398,"both",12.6925558714759,0.624858955929101,0.000710374748874516,0,1
"Fixed mixed-signal covariate-driven SAR design, lambda = 2",30,399,"both",5.91709593115163,0.153644708981391,0.00182296785226698,0,1
"Fixed mixed-signal covariate-driven SAR design, lambda = 2",30,400,"both",15.2195943736991,0.80060740036253,0.000499843853795226,0,1
"Fixed mixed-signal covariate-driven SAR design, lambda = 2",31,356,"covariates only",7.46901086785319,0.308530538127764,0.00853832721095673,0,1
"Fixed mixed-signal covariate-driven SAR design, lambda = 2",31,357,"covariates only",9.41853415145932,0.463389902374453,0.00626417178939263,0,1
"Fixed mixed-signal covariate-driven SAR design, lambda = 2",31,358,"covariates only",33.2141032172408,2.35357850817496,0.000142911341798432,0,1
"Fixed mixed-signal covariate-driven SAR design, lambda = 2",31,359,"covariates only",2.5425182288013,-0.082802832683982,0.0186758613534715,1,0
"Fixed mixed-signal covariate-driven SAR design, lambda = 2",31,360,"covariates only",-0.407413117572162,-0.317129089114099,0.0298410322080734,0,1
"Fixed mixed-signal covariate-driven SAR design, lambda = 2",31,361,"network only",-4.22127060581353,-0.620080867594041,0.0546958546460683,1,0
"Fixed mixed-signal covariate-driven SAR design, lambda = 2",31,362,"network only",0.724123610024885,-0.227246059898194,0.0249311570329699,1,0
"Fixed mixed-signal covariate-driven SAR design, lambda = 2",31,363,"network only",-5.96355227592163,-0.758478102467031,0.0721381039975124,1,0
"Fixed mixed-signal covariate-driven SAR design, lambda = 2",31,364,"network only",-13.0882346090778,-1.32442352402225,0.223737443238775,1,0
"Fixed mixed-signal covariate-driven SAR design, lambda = 2",31,365,"network only",-6.46260765510585,-0.798120305970959,0.0780903742237788,0,1
"Fixed mixed-signal covariate-driven SAR design, lambda = 2",31,366,"both",6.40752879060748,0.224212263489123,0.0101067312368316,0,1
"Fixed mixed-signal covariate-driven SAR design, lambda = 2",31,367,"both",30.9425016617853,2.17313502455115,0.000205020795982887,0,1
"Fixed mixed-signal covariate-driven SAR design, lambda = 2",31,368,"both",2.99244328431427,-0.0470632707914395,0.0173875203827832,0,1
"Fixed mixed-signal covariate-driven SAR design, lambda = 2",31,369,"both",10.6860591305733,0.564075087354296,0.00512164672452081,0,1
"Fixed mixed-signal covariate-driven SAR design, lambda = 2",31,370,"both",5.42361077481807,0.146055249578437,0.0118167224942333,0,1
"Fixed mixed-signal covariate-driven SAR design, lambda = 2",31,371,"covariates only",2.80430752138679,-0.0620077368996478,0.0179150593162125,0,1
"Fixed mixed-signal covariate-driven SAR design, lambda = 2",31,372,"covariates only",3.77219623492094,0.0148759977548012,0.0153616507465401,0,1
"Fixed mixed-signal covariate-driven SAR design, lambda = 2",31,373,"covariates only",11.3589439905771,0.617525344916058,0.00460238891528667,0,1
"Fixed mixed-signal covariate-driven SAR design, lambda = 2",31,374,"covariates only",3.12992433528397,-0.0361425352823187,0.0170118686866772,1,0
"Fixed mixed-signal covariate-driven SAR design, lambda = 2",31,375,"covariates only",6.20819052062576,0.208377932081548,0.0104319198677872,0,1
"Fixed mixed-signal covariate-driven SAR design, lambda = 2",31,376,"covariates only",3.84964699815047,0.0210282586972615,0.0151737911104189,0,1
"Fixed mixed-signal covariate-driven SAR design, lambda = 2",31,377,"covariates only",10.4159941391275,0.542622615751479,0.00534617288555394,0,1
"Fixed mixed-signal covariate-driven SAR design, lambda = 2",31,378,"covariates only",4.93229411525159,0.107027767227195,0.0127760286510472,1,0
"Fixed mixed-signal covariate-driven SAR design, lambda = 2",31,379,"covariates only",2.13193037093991,-0.115417664817821,0.0199346917421913,0,1
"Fixed mixed-signal covariate-driven SAR design, lambda = 2",31,380,"covariates only",12.5780333532579,0.714363071991286,0.0037920244947197,0,1
"Fixed mixed-signal covariate-driven SAR design, lambda = 2",31,381,"network only",-5.20743032098167,-0.698415949724555,0.0639728060364735,1,0
"Fixed mixed-signal covariate-driven SAR design, lambda = 2",31,382,"network only",-2.57651521783379,-0.489430582026425,0.0421185117042818,0,1
"Fixed mixed-signal covariate-driven SAR design, lambda = 2",31,383,"network only",-22.5128703718659,-2.07306454552484,1,1,0
"Fixed mixed-signal covariate-driven SAR design, lambda = 2",31,384,"network only",-5.03538062175316,-0.684749271688231,0.0622478957343323,1,0
"Fixed mixed-signal covariate-driven SAR design, lambda = 2",31,385,"network only",-11.1591788052753,-1.17118998334832,0.164680322398863,1,0
"Fixed mixed-signal covariate-driven SAR design, lambda = 2",31,386,"network only",-11.5197804064319,-1.19983418327711,0.174390066984138,1,0
"Fixed mixed-signal covariate-driven SAR design, lambda = 2",31,387,"network only",-8.23216256168307,-0.938683976144349,0.103440248851861,0,1
"Fixed mixed-signal covariate-driven SAR design, lambda = 2",31,388,"network only",-13.8949451744506,-1.38850415662369,0.254330474277386,1,0
"Fixed mixed-signal covariate-driven SAR design, lambda = 2",31,389,"network only",-6.82011910454057,-0.826519041310997,0.0826540868366942,1,0
"Fixed mixed-signal covariate-driven SAR design, lambda = 2",31,390,"network only",-9.2340528348776,-1.01826860693925,0.121287456513531,1,0
"Fixed mixed-signal covariate-driven SAR design, lambda = 2",31,391,"both",8.3308307623662,0.376988751518559,0.00744578935150582,0,1
"Fixed mixed-signal covariate-driven SAR design, lambda = 2",31,392,"both",5.8107085301828,0.176804157683919,0.0111119140724873,0,1
"Fixed mixed-signal covariate-driven SAR design, lambda = 2",31,393,"both",1.37195513338622,-0.175785901053039,0.0224928614512928,0,1
"Fixed mixed-signal covariate-driven SAR design, lambda = 2",31,394,"both",1.94833323841905,-0.13000160718916,0.0205247074586911,0,1
"Fixed mixed-signal covariate-driven SAR design, lambda = 2",31,395,"both",6.67731015163673,0.245642205057873,0.00968270958395008,0,1
"Fixed mixed-signal covariate-driven SAR design, lambda = 2",31,396,"both",30.7356333556865,2.15670254865582,0.00021187073954767,0,1
"Fixed mixed-signal covariate-driven SAR design, lambda = 2",31,397,"both",44.1696686930762,3,3.92276347648765e-05,0,1
"Fixed mixed-signal covariate-driven SAR design, lambda = 2",31,398,"both",5.60119266428736,0.160161374258349,0.0114880049066395,0,1
"Fixed mixed-signal covariate-driven SAR design, lambda = 2",31,399,"both",6.72276618416513,0.24925298127056,0.00961303726301779,0,1
"Fixed mixed-signal covariate-driven SAR design, lambda = 2",31,400,"both",5.28672855230348,0.135182081695018,0.0120765073559967,0,1
"Fixed mixed-signal covariate-driven SAR design, lambda = 2",32,356,"covariates only",9.64305249843027,0.404666546026205,0.0039443306323852,0,1
"Fixed mixed-signal covariate-driven SAR design, lambda = 2",32,357,"covariates only",8.79142440860232,0.34919267799742,0.0044071446188054,0,1
"Fixed mixed-signal covariate-driven SAR design, lambda = 2",32,358,"covariates only",20.3846425647301,1.10435876716654,0.000973258871387682,0,1
"Fixed mixed-signal covariate-driven SAR design, lambda = 2",32,359,"covariates only",5.74543733736041,0.150781321178983,0.00655383067556788,1,0
"Fixed mixed-signal covariate-driven SAR design, lambda = 2",32,360,"covariates only",17.9790457660351,0.947661541070776,0.00133147756255845,0,1
"Fixed mixed-signal covariate-driven SAR design, lambda = 2",32,361,"network only",-11.2117984444758,-0.953789407675918,0.0596915919649333,1,0
"Fixed mixed-signal covariate-driven SAR design, lambda = 2",32,362,"network only",-15.8785937195446,-1.25777795420076,0.109636271644096,1,0
"Fixed mixed-signal covariate-driven SAR design, lambda = 2",32,363,"network only",-12.413201907898,-1.03204715653983,0.0698050718753713,1,0
"Fixed mixed-signal covariate-driven SAR design, lambda = 2",32,364,"network only",-9.62308689001811,-0.850302949020477,0.0485317515590727,1,0
"Fixed mixed-signal covariate-driven SAR design, lambda = 2",32,365,"network only",-4.75579925002955,-0.533254608995188,0.0257419401700748,0,1
"Fixed mixed-signal covariate-driven SAR design, lambda = 2",32,366,"both",7.00327692927618,0.232715240875563,0.00556324669211795,0,1
"Fixed mixed-signal covariate-driven SAR design, lambda = 2",32,367,"both",28.6856650084836,1.64507581143617,0.000330040710871757,0,1
"Fixed mixed-signal covariate-driven SAR design, lambda = 2",32,368,"both",20.7835440025255,1.13034265142431,0.000923972522045311,0,1
"Fixed mixed-signal covariate-driven SAR design, lambda = 2",32,369,"both",5.52907999978544,0.136688105448959,0.00674118783552997,0,1
"Fixed mixed-signal covariate-driven SAR design, lambda = 2",32,370,"both",12.4825901021987,0.589630071978061,0.00272468333238566,0,1
"Fixed mixed-signal covariate-driven SAR design, lambda = 2",32,371,"covariates only",7.06618130903971,0.236812744590054,0.00551784214355998,0,1
"Fixed mixed-signal covariate-driven SAR design, lambda = 2",32,372,"covariates only",3.25364649634477,-0.0115304648234741,0.00906728867976697,0,1
"Fixed mixed-signal covariate-driven SAR design, lambda = 2",32,373,"covariates only",5.1823718568565,0.114104019748791,0.00705265624019342,0,1
"Fixed mixed-signal covariate-driven SAR design, lambda = 2",32,374,"covariates only",42.7608909339015,2.56191643093675,5.27484703656639e-05,0,1
"Fixed mixed-signal covariate-driven SAR design, lambda = 2",32,375,"covariates only",7.6142885674958,0.272515688262749,0.00513757398398476,0,1
"Fixed mixed-signal covariate-driven SAR design, lambda = 2",32,376,"covariates only",10.5410489075916,0.463160781816624,0.00350885857887005,0,1
"Fixed mixed-signal covariate-driven SAR design, lambda = 2",32,377,"covariates only",4.28832809454866,0.055867253871044,0.00792385515410145,1,0
"Fixed mixed-signal covariate-driven SAR design, lambda = 2",32,378,"covariates only",4.47868965683012,0.0682671409930018,0.00772976201578179,0,1
"Fixed mixed-signal covariate-driven SAR design, lambda = 2",32,379,"covariates only",30.5194174662002,1.76452389335345,0.000259905953765796,0,1
"Fixed mixed-signal covariate-driven SAR design, lambda = 2",32,380,"covariates only",2.29906552762282,-0.0737105400396041,0.0102680120555642,0,1
"Fixed mixed-signal covariate-driven SAR design, lambda = 2",32,381,"network only",-32.8469255003792,-2.36307146098118,1,1,0
"Fixed mixed-signal covariate-driven SAR design, lambda = 2",32,382,"network only",-8.39310967665102,-0.770183945869087,0.0413461888340148,1,0
"Fixed mixed-signal covariate-driven SAR design, lambda = 2",32,383,"network only",-29.6656214627924,-2.15584574538015,0.660702622154529,1,0
"Fixed mixed-signal covariate-driven SAR design, lambda = 2",32,384,"network only",-9.08369454664933,-0.815167682782581,0.0452384650933258,0,1
"Fixed mixed-signal covariate-driven SAR design, lambda = 2",32,385,"network only",-19.8833398746365,-1.51864154283747,0.184730026439332,1,0
"Fixed mixed-signal covariate-driven SAR design, lambda = 2",32,386,"network only",-10.3238945258962,-0.895952582669973,0.0531712332841308,0,1
"Fixed mixed-signal covariate-driven SAR design, lambda = 2",32,387,"network only",-16.8937443097066,-1.32390345022492,0.125138266435,1,0
"Fixed mixed-signal covariate-driven SAR design, lambda = 2",32,388,"network only",-13.7605320483625,-1.11981036596899,0.0831988136705244,0,1
"Fixed mixed-signal covariate-driven SAR design, lambda = 2",32,389,"network only",-7.5793879608837,-0.717179246268641,0.0371874318075296,0,1
"Fixed mixed-signal covariate-driven SAR design, lambda = 2",32,390,"network only",-7.52375212256672,-0.71355520522381,0.0369188687085179,1,0
"Fixed mixed-signal covariate-driven SAR design, lambda = 2",32,391,"both",5.89157915171475,0.160300795489204,0.00643023294892116,0,1
"Fixed mixed-signal covariate-driven SAR design, lambda = 2",32,392,"both",0.729315716383661,-0.175961857142687,0.0125979748053533,1,0
"Fixed mixed-signal covariate-driven SAR design, lambda = 2",32,393,"both",23.2355003096107,1.29005967134913,0.000671321590938767,0,1
"Fixed mixed-signal covariate-driven SAR design, lambda = 2",32,394,"both",9.3251278791883,0.383957378983002,0.0041111286398811,1,0
"Fixed mixed-signal covariate-driven SAR design, lambda = 2",32,395,"both",7.61135468373242,0.27232457915932,0.00513953803362437,0,1
"Fixed mixed-signal covariate-driven SAR design, lambda = 2",32,396,"both",17.1593823427414,0.894269806914845,0.00148152615634838,1,0
"Fixed mixed-signal covariate-driven SAR design, lambda = 2",32,397,"both",9.1892651989551,0.375107473157542,0.00418454263279827,0,1
"Fixed mixed-signal covariate-driven SAR design, lambda = 2",32,398,"both",14.5991272339489,0.727498353833882,0.00206806967768948,0,1
"Fixed mixed-signal covariate-driven SAR design, lambda = 2",32,399,"both",7.9530444515718,0.294581774893361,0.00491577197923025,0,1
"Fixed mixed-signal covariate-driven SAR design, lambda = 2",32,400,"both",13.4908335242572,0.655305644688989,0.00238930150914796,0,1
"Fixed mixed-signal covariate-driven SAR design, lambda = 2",33,356,"covariates only",3.14730493343322,0.0882956920300504,0.00207749718950707,0,1
"Fixed mixed-signal covariate-driven SAR design, lambda = 2",33,357,"covariates only",1.65452350491258,-0.0493636537638342,0.00273596056563083,0,1
"Fixed mixed-signal covariate-driven SAR design, lambda = 2",33,358,"covariates only",10.5345818845906,0.769525839234087,0.000531901796627104,0,1
"Fixed mixed-signal covariate-driven SAR design, lambda = 2",33,359,"covariates only",10.3577477510532,0.753218782707462,0.000549535289311873,0,1
"Fixed mixed-signal covariate-driven SAR design, lambda = 2",33,360,"covariates only",11.1510394465044,0.826373508331125,0.000474738222362764,0,1
"Fixed mixed-signal covariate-driven SAR design, lambda = 2",33,361,"network only",-14.5398054344488,-1.54275088699913,0.0542312360311561,1,0
"Fixed mixed-signal covariate-driven SAR design, lambda = 2",33,362,"network only",-11.7293493439409,-1.28357995988948,0.0322950897568646,0,1
"Fixed mixed-signal covariate-driven SAR design, lambda = 2",33,363,"network only",-7.07685280647808,-0.854542180199157,0.0136923822683479,1,0
"Fixed mixed-signal covariate-driven SAR design, lambda = 2",33,364,"network only",-9.82404421660705,-1.10787904858699,0.0227260848285963,1,0
"Fixed mixed-signal covariate-driven SAR design, lambda = 2",33,365,"network only",-4.91981486301579,-0.655627304600877,0.00919821909037977,1,0
"Fixed mixed-signal covariate-driven SAR design, lambda = 2",33,366,"both",7.45774694997256,0.48579033976781,0.000938168788982835,0,1
"Fixed mixed-signal covariate-driven SAR design, lambda = 2",33,367,"both",15.5445179350861,1.23152550375555,0.000211126937149421,0,1
"Fixed mixed-signal covariate-driven SAR design, lambda = 2",33,368,"both",0.569632176620348,-0.149408729122369,0.00334201105219165,0,1
"Fixed mixed-signal covariate-driven SAR design, lambda = 2",33,369,"both",0.254725407583201,-0.178448385553974,0.00354186013176535,0,1
"Fixed mixed-signal covariate-driven SAR design, lambda = 2",33,370,"both",6.77751086775895,0.423061227337921,0.00106357175532789,0,1
"Fixed mixed-signal covariate-driven SAR design, lambda = 2",33,371,"covariates only",20.6157195241704,1.69917487278213,8.28606940176145e-05,0,1
"Fixed mixed-signal covariate-driven SAR design, lambda = 2",33,372,"covariates only",11.9452684905241,0.89961467312684,0.000410050864479874,0,1
"Fixed mixed-signal covariate-driven SAR design, lambda = 2",33,373,"covariates only",10.8200508806004,0.795850842000298,0.000504621616395037,1,0
"Fixed mixed-signal covariate-driven SAR design, lambda = 2",33,374,"covariates only",1.47454223036476,-0.0659609291827525,0.00282830371328555,1,0
"Fixed mixed-signal covariate-driven SAR design, lambda = 2",33,375,"covariates only",2.41402152413888,0.0206747312675601,0.00237834725658057,0,1
"Fixed mixed-signal covariate-driven SAR design, lambda = 2",33,376,"covariates only",4.43858525892456,0.207373275290054,0.00163723481177046,0,1
"Fixed mixed-signal covariate-driven SAR design, lambda = 2",33,377,"covariates only",15.9311422606155,1.26717871507205,0.000196596445525192,0,1
"Fixed mixed-signal covariate-driven SAR design, lambda = 2",33,378,"covariates only",4.20143625734195,0.185504181938667,0.0017104336162175,1,0
"Fixed mixed-signal covariate-driven SAR design, lambda = 2",33,379,"covariates only",13.2808095730477,1.02277383640987,0.000320525836156507,0,1
"Fixed mixed-signal covariate-driven SAR design, lambda = 2",33,380,"covariates only",6.01522908678723,0.352766133043268,0.00122412097243557,0,1
"Fixed mixed-signal covariate-driven SAR design, lambda = 2",33,381,"network only",-9.8906122139971,-1.11401772823322,0.0230068209601706,1,0
"Fixed mixed-signal covariate-driven SAR design, lambda = 2",33,382,"network only",-7.31089491787337,-0.876124766455488,0.0142963578910582,1,0
"Fixed mixed-signal covariate-driven SAR design, lambda = 2",33,383,"network only",-4.70434742284837,-0.635757612838484,0.00883985527278918,0,1
"Fixed mixed-signal covariate-driven SAR design, lambda = 2",33,384,"network only",-8.20952150654141,-0.958993126113221,0.0168734525397999,0,1
"Fixed mixed-signal covariate-driven SAR design, lambda = 2",33,385,"network only",-13.7528267752993,-1.47017832861753,0.0469044210382392,1,0
"Fixed mixed-signal covariate-driven SAR design, lambda = 2",33,386,"network only",-11.9002414336702,-1.29933906086973,0.033329183705033,1,0
"Fixed mixed-signal covariate-driven SAR design, lambda = 2",33,387,"network only",1.7734079385076,-0.0384005261142728,0.00267662408637821,0,1
"Fixed mixed-signal covariate-driven SAR design, lambda = 2",33,388,"network only",-9.07387310599026,-1.03870076009279,0.0197896049867011,1,0
"Fixed mixed-signal covariate-driven SAR design, lambda = 2",33,389,"network only",-8.13090959132983,-0.951743796363483,0.0166305750504681,1,0
"Fixed mixed-signal covariate-driven SAR design, lambda = 2",33,390,"network only",-31.6217452508411,-3,1,1,0
"Fixed mixed-signal covariate-driven SAR design, lambda = 2",33,391,"both",8.33074814349895,0.566295610587812,0.000798647232325297,0,1
"Fixed mixed-signal covariate-driven SAR design, lambda = 2",33,392,"both",3.58274540044193,0.128450565794797,0.00191717768217572,0,1
"Fixed mixed-signal covariate-driven SAR design, lambda = 2",33,393,"both",8.44716529349885,0.577031213538109,0.000781682095883847,0,1
"Fixed mixed-signal covariate-driven SAR design, lambda = 2",33,394,"both",23.1575488351561,1.93357393039686,5.18504024869292e-05,0,1
"Fixed mixed-signal covariate-driven SAR design, lambda = 2",33,395,"both",-2.59131975719546,-0.440901218901146,0.00598680401781211,0,1
"Fixed mixed-signal covariate-driven SAR design, lambda = 2",33,396,"both",4.31186011950641,0.195687103788558,0.00167595151292382,1,0
"Fixed mixed-signal covariate-driven SAR design, lambda = 2",33,397,"both",11.9598299533646,0.900957482871208,0.000408951101320549,0,1
"Fixed mixed-signal covariate-driven SAR design, lambda = 2",33,398,"both",8.43238655563447,0.575668367412615,0.000783815627069141,0,1
"Fixed mixed-signal covariate-driven SAR design, lambda = 2",33,399,"both",11.213475191003,0.832131125338961,0.000469302855457958,0,1
"Fixed mixed-signal covariate-driven SAR design, lambda = 2",33,400,"both",14.0229449498944,1.09121109622256,0.000279524058417634,0,1
"Fixed mixed-signal covariate-driven SAR design, lambda = 2",34,356,"covariates only",4.22270566222081,0.063182917340826,0.0226081373732758,1,0
"Fixed mixed-signal covariate-driven SAR design, lambda = 2",34,357,"covariates only",13.7764138863491,0.753448943700934,0.00568469712442125,0,1
"Fixed mixed-signal covariate-driven SAR design, lambda = 2",34,358,"covariates only",3.92293374614189,0.0415240635772615,0.0236089908986705,0,1
"Fixed mixed-signal covariate-driven SAR design, lambda = 2",34,359,"covariates only",5.91472559037931,0.185433235744144,0.0177043304071866,0,1
"Fixed mixed-signal covariate-driven SAR design, lambda = 2",34,360,"covariates only",3.71558990927637,0.0265432411567109,0.024327058627509,0,1
"Fixed mixed-signal covariate-driven SAR design, lambda = 2",34,361,"network only",-22.001426830296,-1.83153977103208,1,1,0
"Fixed mixed-signal covariate-driven SAR design, lambda = 2",34,362,"network only",-12.3461543666949,-1.13393561560663,0.247781415433332,1,0
"Fixed mixed-signal covariate-driven SAR design, lambda = 2",34,363,"network only",-6.38193318184633,-0.70301401312344,0.1046586145432,0,1
"Fixed mixed-signal covariate-driven SAR design, lambda = 2",34,364,"network only",-13.395472225974,-1.20974999596253,0.288350204377253,1,0
"Fixed mixed-signal covariate-driven SAR design, lambda = 2",34,365,"network only",-5.00679857818873,-0.603659011242626,0.0857978338269646,1,0
"Fixed mixed-signal covariate-driven SAR design, lambda = 2",34,366,"both",-0.125153793949776,-0.250954755652316,0.0423761306869546,0,1
"Fixed mixed-signal covariate-driven SAR design, lambda = 2",34,367,"both",6.08009043355296,0.197381029262567,0.0172862895958625,0,1
"Fixed mixed-signal covariate-driven SAR design, lambda = 2",34,368,"both",58.7286742584169,3,6.3588396955783e-05,0,1
"Fixed mixed-signal covariate-driven SAR design, lambda = 2",34,369,"both",3.40651193210465,0.00421201414697989,0.0254381930648435,0,1
"Fixed mixed-signal covariate-driven SAR design, lambda = 2",34,370,"both",5.94936641063577,0.187936073468233,0.0176159297123213,0,1
"Fixed mixed-signal covariate-driven SAR design, lambda = 2",34,371,"covariates only",9.70233900477441,0.459092510196323,0.0102419365354898,0,1
"Fixed mixed-signal covariate-driven SAR design, lambda = 2",34,372,"covariates only",13.3981379139328,0.726118084706532,0.00600408197757681,0,1
"Fixed mixed-signal covariate-driven SAR design, lambda = 2",34,373,"covariates only",6.16090342173843,0.20321985738296,0.017085600319098,0,1
"Fixed mixed-signal covariate-driven SAR design, lambda = 2",34,374,"covariates only",7.91581528741699,0.330014188098945,0.0132586127578319,0,1
"Fixed mixed-signal covariate-driven SAR design, lambda = 2",34,375,"covariates only",8.67666596773951,0.384986494499639,0.0118781757758054,0,1
"Fixed mixed-signal covariate-driven SAR design, lambda = 2",34,376,"covariates only",13.9414193491949,0.765370771591665,0.00555075632769823,0,1
"Fixed mixed-signal covariate-driven SAR design, lambda = 2",34,377,"covariates only",25.9422745093464,1.6324458810659,0.00097998694854853,0,1
"Fixed mixed-signal covariate-driven SAR design, lambda = 2",34,378,"covariates only",7.29919819641258,0.285462918664277,0.0144942192799693,0,1
"Fixed mixed-signal covariate-driven SAR design, lambda = 2",34,379,"covariates only",9.81781287251614,0.467435625347486,0.0100724551587364,0,1
"Fixed mixed-signal covariate-driven SAR design, lambda = 2",34,380,"covariates only",21.2270374531114,1.29176476858089,0.00193701126432957,0,1
"Fixed mixed-signal covariate-driven SAR design, lambda = 2",34,381,"network only",-8.82409294020882,-0.879462767114486,0.148948598683155,0,1
"Fixed mixed-signal covariate-driven SAR design, lambda = 2",34,382,"network only",-11.2908189260945,-1.05768645831916,0.212735296526487,1,0
"Fixed mixed-signal covariate-driven SAR design, lambda = 2",34,383,"network only",-10.8488301312253,-1.02575227716429,0.199573041323623,1,0
"Fixed mixed-signal covariate-driven SAR design, lambda = 2",34,384,"network only",-9.46673340674594,-0.925894254324287,0.1634429901715,1,0
"Fixed mixed-signal covariate-driven SAR design, lambda = 2",34,385,"network only",-9.32092892778859,-0.915359718837719,0.160035421417822,1,0
"Fixed mixed-signal covariate-driven SAR design, lambda = 2",34,386,"network only",-7.49021251708606,-0.783088425580468,0.122836301651148,1,0
"Fixed mixed-signal covariate-driven SAR design, lambda = 2",34,387,"network only",-7.64779096682457,-0.794473643528226,0.125665425738907,1,0
"Fixed mixed-signal covariate-driven SAR design, lambda = 2",34,388,"network only",-8.8675053987761,-0.882599365445391,0.149885919460117,1,0
"Fixed mixed-signal covariate-driven SAR design, lambda = 2",34,389,"network only",-18.1374231861145,-1.55236121766428,0.572148270669412,1,0
"Fixed mixed-signal covariate-driven SAR design, lambda = 2",34,390,"network only",-11.6339711376781,-1.08247958659664,0.223549956951267,1,0
"Fixed mixed-signal covariate-driven SAR design, lambda = 2",34,391,"both",8.70549931587931,0.387069735915454,0.0118287885173917,0,1
"Fixed mixed-signal covariate-driven SAR design, lambda = 2",34,392,"both",6.49110746699304,0.227077466267256,0.0162895012366611,0,1
"Fixed mixed-signal covariate-driven SAR design, lambda = 2",34,393,"both",4.25242992466594,0.0653305283043538,0.0225112386556217,0,1
"Fixed mixed-signal covariate-driven SAR design, lambda = 2",34,394,"both",24.7081105228342,1.54327616278887,0.00117131073881642,0,1
"Fixed mixed-signal covariate-driven SAR design, lambda = 2",34,395,"both",3.55610759189047,0.0150204666576276,0.0248941989791333,1,0
"Fixed mixed-signal covariate-driven SAR design, lambda = 2",34,396,"both",8.97831849649207,0.406781224616856,0.0113715348252942,0,1
"Fixed mixed-signal covariate-driven SAR design, lambda = 2",34,397,"both",5.29366970905294,0.140561258780472,0.0193666636487067,0,1
"Fixed mixed-signal covariate-driven SAR design, lambda = 2",34,398,"both",2.44664943842525,-0.0651391167249952,0.029222938629165,0,1
"Fixed mixed-signal covariate-driven SAR design, lambda = 2",34,399,"both",17.1577297827809,0.997752771381543,0.00348744785182825,0,1
"Fixed mixed-signal covariate-driven SAR design, lambda = 2",34,400,"both",2.06668590440872,-0.0925919039186578,0.0308723062678121,0,1
"Fixed mixed-signal covariate-driven SAR design, lambda = 2",35,356,"covariates only",4.01091984101682,0.0578569008829411,0.00698032608228306,0,1
"Fixed mixed-signal covariate-driven SAR design, lambda = 2",35,357,"covariates only",9.21205695015593,0.420881976099341,0.00337719499531938,0,1
"Fixed mixed-signal covariate-driven SAR design, lambda = 2",35,358,"covariates only",6.97924662845739,0.265037952384932,0.00461233173893963,0,1
"Fixed mixed-signal covariate-driven SAR design, lambda = 2",35,359,"covariates only",17.1819902107284,0.97716141282196,0.00111014052728042,0,1
"Fixed mixed-signal covariate-driven SAR design, lambda = 2",35,360,"covariates only",4.51223894887832,0.092847596767319,0.00650853401122814,0,1
"Fixed mixed-signal covariate-driven SAR design, lambda = 2",35,361,"network only",-6.0411894071747,-0.643752697044425,0.0283978894764805,1,0
"Fixed mixed-signal covariate-driven SAR design, lambda = 2",35,362,"network only",0.345897227885951,-0.197951604427134,0.0116430873450405,0,1
"Fixed mixed-signal covariate-driven SAR design, lambda = 2",35,363,"network only",-18.2042707136451,-1.49270234276439,0.155122343679686,1,0
"Fixed mixed-signal covariate-driven SAR design, lambda = 2",35,364,"network only",-9.2260928828308,-0.866050206136317,0.044296685125347,0,1
"Fixed mixed-signal covariate-driven SAR design, lambda = 2",35,365,"network only",-5.89203892143904,-0.6333424030709,0.0278127414225529,1,0
"Fixed mixed-signal covariate-driven SAR design, lambda = 2",35,366,"both",2.04781949941882,-0.0791621075015379,0.00918097721232679,0,1
"Fixed mixed-signal covariate-driven SAR design, lambda = 2",35,367,"both",4.07325852004793,0.0622079693453345,0.00691984586417092,0,1
"Fixed mixed-signal covariate-driven SAR design, lambda = 2",35,368,"both",6.80147862258793,0.25263023415954,0.00472822073507389,0,1
"Fixed mixed-signal covariate-driven SAR design, lambda = 2",35,369,"both",8.03550567725349,0.338761930928669,0.00398001493678795,0,1
"Fixed mixed-signal covariate-driven SAR design, lambda = 2",35,370,"both",28.9892961634696,1.80127891667803,0.000213579019668152,0,1
"Fixed mixed-signal covariate-driven SAR design, lambda = 2",35,371,"covariates only",5.23216720921784,0.143096610661018,0.0058862328722781,0,1
"Fixed mixed-signal covariate-driven SAR design, lambda = 2",35,372,"covariates only",5.34949787026712,0.151285968326241,0.00579060917403717,1,0
"Fixed mixed-signal covariate-driven SAR design, lambda = 2",35,373,"covariates only",2.19613939115167,-0.0688097867065722,0.0089928427191041,0,1
"Fixed mixed-signal covariate-driven SAR design, lambda = 2",35,374,"covariates only",9.99439619033725,0.475487104853305,0.00302779679418579,1,0
"Fixed mixed-signal covariate-driven SAR design, lambda = 2",35,375,"covariates only",2.4664128724214,-0.0499454405437808,0.00865987523300233,0,1
"Fixed mixed-signal covariate-driven SAR design, lambda = 2",35,376,"covariates only",1.67288782552443,-0.105331307863004,0.0096742919215496,1,0
"Fixed mixed-signal covariate-driven SAR design, lambda = 2",35,377,"covariates only",5.56384259393581,0.166246640925189,0.00561991282521695,0,1
"Fixed mixed-signal covariate-driven SAR design, lambda = 2",35,378,"covariates only",2.24084897983021,-0.0656891802983307,0.00893689125797892,0,1
"Fixed mixed-signal covariate-driven SAR design, lambda = 2",35,379,"covariates only",3.66219711012617,0.0335170127094873,0.00732853336090475,0,1
"Fixed mixed-signal covariate-driven SAR design, lambda = 2",35,380,"covariates only",11.1385370525301,0.555344992434442,0.00258085167032885,0,1
"Fixed mixed-signal covariate-driven SAR design, lambda = 2",35,381,"network only",-8.75048466496816,-0.83285405970908,0.0414512299203794,1,0
"Fixed mixed-signal covariate-driven SAR design, lambda = 2",35,382,"network only",-2.94706696169963,-0.42779145435316,0.0184376052547281,1,0
"Fixed mixed-signal covariate-driven SAR design, lambda = 2",35,383,"network only",-9.41218408221817,-0.879038860393481,0.0454624702030823,1,0
"Fixed mixed-signal covariate-driven SAR design, lambda = 2",35,384,"network only",-1.23756590067571,-0.308472978750919,0.0145233164884409,0,1
"Fixed mixed-signal covariate-driven SAR design, lambda = 2",35,385,"network only",4.33897401294274,0.080754180446904,0.00666787403150821,0,1
"Fixed mixed-signal covariate-driven SAR design, lambda = 2",35,386,"network only",-5.47631247884275,-0.604325839975922,0.0262446225827125,1,0
"Fixed mixed-signal covariate-driven SAR design, lambda = 2",35,387,"network only",-17.8391896083336,-1.46722068501633,0.147414862263703,1,0
"Fixed mixed-signal covariate-driven SAR design, lambda = 2",35,388,"network only",-2.07422514387096,-0.36686949442011,0.0163225636394298,1,0
"Fixed mixed-signal covariate-driven SAR design, lambda = 2",35,389,"network only",-31.5539450749812,-2.42447292243685,1,1,0
"Fixed mixed-signal covariate-driven SAR design, lambda = 2",35,390,"network only",-24.3536715166856,-1.92191361757138,0.366001220923079,1,0
"Fixed mixed-signal covariate-driven SAR design, lambda = 2",35,391,"both",8.32998100887173,0.359315499728508,0.00381972501586372,0,1
"Fixed mixed-signal covariate-driven SAR design, lambda = 2",35,392,"both",8.99686994680212,0.405862514693325,0.00348018135078035,0,1
"Fixed mixed-signal covariate-driven SAR design, lambda = 2",35,393,"both",3.17422718868268,-0.000541946652321557,0.00784513290506012,0,1
"Fixed mixed-signal covariate-driven SAR design, lambda = 2",35,394,"both",13.8073773124149,0.741622707433115,0.00177813314544863,0,1
"Fixed mixed-signal covariate-driven SAR design, lambda = 2",35,395,"both",5.52109537197454,0.16326300232037,0.0056535486603053,0,1
"Fixed mixed-signal covariate-driven SAR design, lambda = 2",35,396,"both",15.4443034834851,0.855875655184156,0.00141489896220004,0,1
"Fixed mixed-signal covariate-driven SAR design, lambda = 2",35,397,"both",5.27791202274606,0.146289472918516,0.00584876476854005,0,1
"Fixed mixed-signal covariate-driven SAR design, lambda = 2",35,398,"both",6.24315941115847,0.213661087707354,0.00511147114811132,1,0
"Fixed mixed-signal covariate-driven SAR design, lambda = 2",35,399,"both",7.46983759006832,0.299279853146662,0.00430703498048976,0,1
"Fixed mixed-signal covariate-driven SAR design, lambda = 2",35,400,"both",65.8874944127788,3,1.94250741421976e-05,0,1
"Fixed mixed-signal covariate-driven SAR design, lambda = 2",36,356,"covariates only",7.17626384081173,0.38097212447912,0.00241675894181052,0,1
"Fixed mixed-signal covariate-driven SAR design, lambda = 2",36,357,"covariates only",4.18784985000947,0.160115078618488,0.00375895673200472,0,1
"Fixed mixed-signal covariate-driven SAR design, lambda = 2",36,358,"covariates only",10.4094373731469,0.619917985830357,0.00149860644494866,0,1
"Fixed mixed-signal covariate-driven SAR design, lambda = 2",36,359,"covariates only",4.51665381852312,0.184415149952876,0.00358063912616444,0,1
"Fixed mixed-signal covariate-driven SAR design, lambda = 2",36,360,"covariates only",6.23831864152483,0.311653814990797,0.00277614696149839,0,1
"Fixed mixed-signal covariate-driven SAR design, lambda = 2",36,361,"network only",-11.0157150047581,-0.963495783433814,0.0355650416085158,1,0
"Fixed mixed-signal covariate-driven SAR design, lambda = 2",36,362,"network only",-7.4536511011096,-0.700243465198148,0.0210070593685688,1,0
"Fixed mixed-signal covariate-driven SAR design, lambda = 2",36,363,"network only",2.98983659878165,0.07157658683575,0.00448715305678541,0,1
"Fixed mixed-signal covariate-driven SAR design, lambda = 2",36,364,"network only",-13.5800415237201,-1.15301088453531,0.0519558012048522,1,0
"Fixed mixed-signal covariate-driven SAR design, lambda = 2",36,365,"network only",-33.5880553939562,-2.63169183386811,1,1,0
"Fixed mixed-signal covariate-driven SAR design, lambda = 2",36,366,"both",8.30748854502122,0.464574646467449,0.00204464119291031,0,1
"Fixed mixed-signal covariate-driven SAR design, lambda = 2",36,367,"both",5.22103835729868,0.236472290918847,0.00322659379899157,0,1
"Fixed mixed-signal covariate-driven SAR design, lambda = 2",36,368,"both",12.0641586155838,0.742209223407293,0.00117345591022989,0,1
"Fixed mixed-signal covariate-driven SAR design, lambda = 2",36,369,"both",2.36418692604239,0.0253383016148429,0.004921901836844,1,0
"Fixed mixed-signal covariate-driven SAR design, lambda = 2",36,370,"both",2.27999055250729,0.0191158162468937,0.0049835374926399,1,0
"Fixed mixed-signal covariate-driven SAR design, lambda = 2",36,371,"covariates only",13.5848496637362,0.854595035277853,0.000937237594693885,0,1
"Fixed mixed-signal covariate-driven SAR design, lambda = 2",36,372,"covariates only",17.3033242652272,1.12940679767782,0.000540942665708336,0,1
"Fixed mixed-signal covariate-driven SAR design, lambda = 2",36,373,"covariates only",3.32767524858741,0.09654436118137,0.0042685871270139,0,1
"Fixed mixed-signal covariate-driven SAR design, lambda = 2",36,374,"covariates only",18.3494864864101,1.20672282496607,0.000463441999056246,0,1
"Fixed mixed-signal covariate-driven SAR design, lambda = 2",36,375,"covariates only",4.25207593730994,0.164861671276677,0.00372344110409389,0,1
"Fixed mixed-signal covariate-driven SAR design, lambda = 2",36,376,"covariates only",19.2196577502701,1.27103234008695,0.000407508670621837,0,1
"Fixed mixed-signal covariate-driven SAR design, lambda = 2",36,377,"covariates only",4.81398789935134,0.206389457036005,0.00342668286049764,0,1
"Fixed mixed-signal covariate-driven SAR design, lambda = 2",36,378,"covariates only",4.9436871530443,0.215974807027378,0.00336161662679225,0,1
"Fixed mixed-signal covariate-driven SAR design, lambda = 2",36,379,"covariates only",4.52925594569331,0.185346503034121,0.00357397565556902,0,1
"Fixed mixed-signal covariate-driven SAR design, lambda = 2",36,380,"covariates only",21.4436619160827,1.4353961101519,0.000293340681753941,0,1
"Fixed mixed-signal covariate-driven SAR design, lambda = 2",36,381,"network only",-17.1349292306574,-1.41573285001161,0.0878681426026044,1,0
"Fixed mixed-signal covariate-driven SAR design, lambda = 2",36,382,"network only",-7.97003928890415,-0.738406842168221,0.0226732382114494,0,1
"Fixed mixed-signal covariate-driven SAR design, lambda = 2",36,383,"network only",-22.9090394529891,-1.84246520038303,0.206293933205349,1,0
"Fixed mixed-signal covariate-driven SAR design, lambda = 2",36,384,"network only",-19.3735659183117,-1.5811780283277,0.122330655304297,1,0
"Fixed mixed-signal covariate-driven SAR design, lambda = 2",36,385,"network only",-1.4876702689852,-0.259331025924491,0.00869748290987228,1,0
"Fixed mixed-signal covariate-driven SAR design, lambda = 2",36,386,"network only",-0.731843449181461,-0.203472072272866,0.00777812849407317,0,1
"Fixed mixed-signal covariate-driven SAR design, lambda = 2",36,387,"network only",-9.99952098982195,-0.888394539479392,0.0306049172411823,0,1
"Fixed mixed-signal covariate-driven SAR design, lambda = 2",36,388,"network only",-10.9689112082636,-0.960036775324275,0.035319851167439,1,0
"Fixed mixed-signal covariate-driven SAR design, lambda = 2",36,389,"network only",-30.0434941329084,-2.36973303853504,0.592196016075844,1,0
"Fixed mixed-signal covariate-driven SAR design, lambda = 2",36,390,"network only",-8.49850447698612,-0.777462763014259,0.0245152932543818,1,0
"Fixed mixed-signal covariate-driven SAR design, lambda = 2",36,391,"both",11.1779129229111,0.676711736716082,0.00133769520635308,0,1
"Fixed mixed-signal covariate-driven SAR design, lambda = 2",36,392,"both",33.1206227647281,2.29837529764049,5.22153386161847e-05,0,1
"Fixed mixed-signal covariate-driven SAR design, lambda = 2",36,393,"both",21.7596950602669,1.4587523609369,0.000279953122176402,0,1
"Fixed mixed-signal covariate-driven SAR design, lambda = 2",36,394,"both",13.0277842900593,0.813425433890565,0.00101767513204008,0,1
"Fixed mixed-signal covariate-driven SAR design, lambda = 2",36,395,"both",4.99262021464678,0.219591177270491,0.00333739064185763,1,0
"Fixed mixed-signal covariate-driven SAR design, lambda = 2",36,396,"both",0.0253982104931102,-0.147508555680765,0.00695449854332724,0,1
"Fixed mixed-signal covariate-driven SAR design, lambda = 2",36,397,"both",3.79921056062017,0.131392911735293,0.00398120997843467,0,1
"Fixed mixed-signal covariate-driven SAR design, lambda = 2",36,398,"both",6.86257859092475,0.357789393494283,0.00253145142561246,0,1
"Fixed mixed-signal covariate-driven SAR design, lambda = 2",36,399,"both",8.7034492758911,0.493837900342546,0.0019284099640907,0,1
"Fixed mixed-signal covariate-driven SAR design, lambda = 2",36,400,"both",4.72288459769485,0.199656519051532,0.00347313822600054,1,0
"Fixed mixed-signal covariate-driven SAR design, lambda = 2",37,356,"covariates only",6.82914755772501,0.316572022795032,0.0099105931288282,0,1
"Fixed mixed-signal covariate-driven SAR design, lambda = 2",37,357,"covariates only",5.17184903616337,0.177710018387355,0.0130831900893147,0,1
"Fixed mixed-signal covariate-driven SAR design, lambda = 2",37,358,"covariates only",2.50990510603697,-0.0453293827519716,0.0204382267813388,1,0
"Fixed mixed-signal covariate-driven SAR design, lambda = 2",37,359,"covariates only",34.4688226333611,2.63244971908547,9.65058940288442e-05,0,1
"Fixed mixed-signal covariate-driven SAR design, lambda = 2",37,360,"covariates only",13.6639984774884,0.889251649427217,0.00315265496802405,0,1
"Fixed mixed-signal covariate-driven SAR design, lambda = 2",37,361,"network only",-20.7054750239912,-1.99050351764723,1,1,0
"Fixed mixed-signal covariate-driven SAR design, lambda = 2",37,362,"network only",-5.66437208690635,-0.730237080929659,0.0804167433838816,0,1
"Fixed mixed-signal covariate-driven SAR design, lambda = 2",37,363,"network only",-8.3567791952828,-0.955828935919269,0.126267934754318,1,0
"Fixed mixed-signal covariate-driven SAR design, lambda = 2",37,364,"network only",-2.64691253963353,-0.477409678079773,0.0485001843926837,0,1
"Fixed mixed-signal covariate-driven SAR design, lambda = 2",37,365,"network only",-16.328268084411,-1.62374537393963,0.480217435312364,1,0
"Fixed mixed-signal covariate-driven SAR design, lambda = 2",37,366,"both",6.09655345450547,0.25518930612281,0.0112051067190477,0,1
"Fixed mixed-signal covariate-driven SAR design, lambda = 2",37,367,"both",22.9497015759133,1.66728368638749,0.000665099165036941,0,1
"Fixed mixed-signal covariate-driven SAR design, lambda = 2",37,368,"both",5.29706338674165,0.188201499237481,0.0128115261372871,0,1
"Fixed mixed-signal covariate-driven SAR design, lambda = 2",37,369,"both",1.275873913651,-0.148726593723259,0.02513349531287,0,1
"Fixed mixed-signal covariate-driven SAR design, lambda = 2",37,370,"both",2.83608655034004,-0.0179992375987409,0.0193510507220976,0,1
"Fixed mixed-signal covariate-driven SAR design, lambda = 2",37,371,"covariates only",8.39496974538067,0.447769392909738,0.00762330084657985,0,1
"Fixed mixed-signal covariate-driven SAR design, lambda = 2",37,372,"covariates only",9.45971710350442,0.53698262179594,0.00637754355249136,0,1
"Fixed mixed-signal covariate-driven SAR design, lambda = 2",37,373,"covariates only",10.5699304180968,0.630005359811249,0.00529486521755294,0,1
"Fixed mixed-signal covariate-driven SAR design, lambda = 2",37,374,"covariates only",-0.877363032235524,-0.329142369384919,0.0360545468668086,1,0
"Fixed mixed-signal covariate-driven SAR design, lambda = 2",37,375,"covariates only",13.5160538868736,0.876855643441113,0.00323179256444286,0,1
"Fixed mixed-signal covariate-driven SAR design, lambda = 2",37,376,"covariates only",4.84230035584749,0.150097738702554,0.0138260261140133,0,1
"Fixed mixed-signal covariate-driven SAR design, lambda = 2",37,377,"covariates only",1.5440168680719,-0.126259387221683,0.0240291341758338,0,1
"Fixed mixed-signal covariate-driven SAR design, lambda = 2",37,378,"covariates only",3.3481248149574,0.0249035097537374,0.0177598665628044,0,1
"Fixed mixed-signal covariate-driven SAR design, lambda = 2",37,379,"covariates only",18.7371482252167,1.31432156499441,0.00134730340048059,0,1
"Fixed mixed-signal covariate-driven SAR design, lambda = 2",37,380,"covariates only",5.6961029113453,0.221636289351295,0.0119828404628116,0,1
"Fixed mixed-signal covariate-driven SAR design, lambda = 2",37,381,"network only",-14.3436604178681,-1.45745873640657,0.344352456777319,1,0
"Fixed mixed-signal covariate-driven SAR design, lambda = 2",37,382,"network only",-9.34424340996768,-1.03856675191804,0.148990381105657,1,0
"Fixed mixed-signal covariate-driven SAR design, lambda = 2",37,383,"network only",-11.4434511423644,-1.21445551884581,0.21180356848136,1,0
"Fixed mixed-signal covariate-driven SAR design, lambda = 2",37,384,"network only",-0.103948148305503,-0.264339354343275,0.0316718081496704,0,1
"Fixed mixed-signal covariate-driven SAR design, lambda = 2",37,385,"network only",-12.6564680955267,-1.31609198524288,0.259545549248853,1,0
"Fixed mixed-signal covariate-driven SAR design, lambda = 2",37,386,"network only",-14.8447788203493,-1.49944652853261,0.374518537383232,1,0
"Fixed mixed-signal covariate-driven SAR design, lambda = 2",37,387,"network only",-9.73984240757227,-1.07171326658292,0.159202149762677,1,0
"Fixed mixed-signal covariate-driven SAR design, lambda = 2",37,388,"network only",-6.501370224291,-0.800367620196178,0.0925254261533485,1,0
"Fixed mixed-signal covariate-driven SAR design, lambda = 2",37,389,"network only",-8.99925439013663,-1.00966075449565,0.1406212003245,1,0
"Fixed mixed-signal covariate-driven SAR design, lambda = 2",37,390,"network only",-8.33555412993789,-0.954050526610909,0.125819620372392,1,0
"Fixed mixed-signal covariate-driven SAR design, lambda = 2",37,391,"both",13.9910542860102,0.916655055955162,0.00298451761800549,0,1
"Fixed mixed-signal covariate-driven SAR design, lambda = 2",37,392,"both",5.21878991705328,0.181643108729397,0.0129806790658515,0,1
"Fixed mixed-signal covariate-driven SAR design, lambda = 2",37,393,"both",4.15974260937231,0.0929074766185574,0.0155014456985595,0,1
"Fixed mixed-signal covariate-driven SAR design, lambda = 2",37,394,"both",15.5250507294164,1.0451858053128,0.00230798911645828,0,1
"Fixed mixed-signal covariate-driven SAR design, lambda = 2",37,395,"both",29.6020707101641,2.22467349879823,0.000218144246479513,0,1
"Fixed mixed-signal covariate-driven SAR design, lambda = 2",37,396,"both",4.4777661312362,0.119554084408441,0.0146969512581599,1,0
"Fixed mixed-signal covariate-driven SAR design, lambda = 2",37,397,"both",18.6663936734243,1.30839317083064,0.00136337317138761,0,1
"Fixed mixed-signal covariate-driven SAR design, lambda = 2",37,398,"both",4.55528067711063,0.126048886081667,0.0145072782464579,0,1
"Fixed mixed-signal covariate-driven SAR design, lambda = 2",37,399,"both",8.39066035675023,0.447408317137806,0.00762880801332069,0,1
"Fixed mixed-signal covariate-driven SAR design, lambda = 2",37,400,"both",6.38828758837784,0.279633174295384,0.0106704890149928,0,1
"Fixed mixed-signal covariate-driven SAR design, lambda = 2",38,356,"covariates only",6.54827142946422,0.161716318251411,0.0206149550221553,0,1
"Fixed mixed-signal covariate-driven SAR design, lambda = 2",38,357,"covariates only",9.67986821872481,0.409528673355941,0.012558429006863,0,1
"Fixed mixed-signal covariate-driven SAR design, lambda = 2",38,358,"covariates only",21.54487353406,1.34844102650573,0.00192046504537863,0,1
"Fixed mixed-signal covariate-driven SAR design, lambda = 2",38,359,"covariates only",6.80869385388773,0.182324301545984,0.0197825615091166,0,1
"Fixed mixed-signal covariate-driven SAR design, lambda = 2",38,360,"covariates only",4.45746628200118,-0.0037351694478813,0.0287006496888994,1,0
"Fixed mixed-signal covariate-driven SAR design, lambda = 2",38,361,"network only",-2.50863823096571,-0.554983264727166,0.0864370108417897,0,1
"Fixed mixed-signal covariate-driven SAR design, lambda = 2",38,362,"network only",-4.40244966797481,-0.704846067607332,0.116645749072046,0,1
"Fixed mixed-signal covariate-driven SAR design, lambda = 2",38,363,"network only",-7.70457030431272,-0.966152470314234,0.196714681466963,1,0
"Fixed mixed-signal covariate-driven SAR design, lambda = 2",38,364,"network only",-12.3878540651512,-1.33675432505372,0.412797876891494,1,0
"Fixed mixed-signal covariate-driven SAR design, lambda = 2",38,365,"network only",-11.3411722218117,-1.25392734888213,0.349779906678948,1,0
"Fixed mixed-signal covariate-driven SAR design, lambda = 2",38,366,"both",6.84732017000933,0.185380914198013,0.0196619951536463,0,1
"Fixed mixed-signal covariate-driven SAR design, lambda = 2",38,367,"both",5.56954318337185,0.0842667077194164,0.0240687906001058,0,1
"Fixed mixed-signal covariate-driven SAR design, lambda = 2",38,368,"both",0.294177554612777,-0.333188305960346,0.0554690957748706,0,1
"Fixed mixed-signal covariate-driven SAR design, lambda = 2",38,369,"both",3.53062582180112,-0.0770787486838831,0.0332351123588079,0,1
"Fixed mixed-signal covariate-driven SAR design, lambda = 2",38,370,"both",8.04813633193572,0.28040498695063,0.0162588836728447,0,1
"Fixed mixed-signal covariate-driven SAR design, lambda = 2",38,371,"covariates only",31.4444453954534,2.13182291842473,0.000400838604197389,0,1
"Fixed mixed-signal covariate-driven SAR design, lambda = 2",38,372,"covariates only",6.95290236764622,0.193735940344174,0.0193361720286703,0,1
"Fixed mixed-signal covariate-driven SAR design, lambda = 2",38,373,"covariates only",8.35784015062064,0.304912750196644,0.0154811618532437,1,0
"Fixed mixed-signal covariate-driven SAR design, lambda = 2",38,374,"covariates only",51.8170500080014,3,7.06123246826718e-05,0,1
"Fixed mixed-signal covariate-driven SAR design, lambda = 2",38,375,"covariates only",13.320133941024,0.697593479445567,0.00705871103553532,0,1
"Fixed mixed-signal covariate-driven SAR design, lambda = 2",38,376,"covariates only",3.84261417434975,-0.0523902036338317,0.0316339157456055,1,0
"Fixed mixed-signal covariate-driven SAR design, lambda = 2",38,377,"covariates only",9.22426497796575,0.373475464822535,0.0134974191246004,0,1
"Fixed mixed-signal covariate-driven SAR design, lambda = 2",38,378,"covariates only",29.3022073179807,1.96230139349737,0.000562618575552213,0,1
"Fixed mixed-signal covariate-driven SAR design, lambda = 2",38,379,"covariates only",6.41436477034279,0.151119895150308,0.0210565069380186,0,1
"Fixed mixed-signal covariate-driven SAR design, lambda = 2",38,380,"covariates only",8.25267114842838,0.296590421406861,0.0157409969253276,0,1
"Fixed mixed-signal covariate-driven SAR design, lambda = 2",38,381,"network only",-11.2377384492961,-1.24574233385965,0.344100611044152,1,0
"Fixed mixed-signal covariate-driven SAR design, lambda = 2",38,382,"network only",-1.5130782940793,-0.476201713585714,0.0738364748026364,1,0
"Fixed mixed-signal covariate-driven SAR design, lambda = 2",38,383,"network only",0.0118227855701583,-0.355531859425276,0.0580040676340016,0,1
"Fixed mixed-signal covariate-driven SAR design, lambda = 2",38,384,"network only",-3.79860601813535,-0.657062164681258,0.106014274508494,0,1
"Fixed mixed-signal covariate-driven SAR design, lambda = 2",38,385,"network only",-17.9784310454731,-1.77915292906233,1,1,0
"Fixed mixed-signal covariate-driven SAR design, lambda = 2",38,386,"network only",-1.68761985321218,-0.490013694419476,0.0759045636470727,0,1
"Fixed mixed-signal covariate-driven SAR design, lambda = 2",38,387,"network only",-4.11216727635371,-0.681875178328197,0.111408071224681,1,0
"Fixed mixed-signal covariate-driven SAR design, lambda = 2",38,388,"network only",-10.716242962318,-1.20447488038428,0.316840718286587,1,0
"Fixed mixed-signal covariate-driven SAR design, lambda = 2",38,389,"network only",-10.5161165265008,-1.18863829390271,0.306962628425072,1,0
"Fixed mixed-signal covariate-driven SAR design, lambda = 2",38,390,"network only",-14.7517569002354,-1.52381682646176,0.60009205820045,1,0
"Fixed mixed-signal covariate-driven SAR design, lambda = 2",38,391,"both",11.8054638190082,0.577733230696295,0.0089708726744935,1,0
"Fixed mixed-signal covariate-driven SAR design, lambda = 2",38,392,"both",9.04780173770524,0.359511415776278,0.0138796895665321,0,1
"Fixed mixed-signal covariate-driven SAR design, lambda = 2",38,393,"both",4.5627785199411,0.00459849400289166,0.0282262510392053,0,1
"Fixed mixed-signal covariate-driven SAR design, lambda = 2",38,394,"both",16.8784557450729,0.9791738251354,0.00401927593439777,0,1
"Fixed mixed-signal covariate-driven SAR design, lambda = 2",38,395,"both",6.60124789188021,0.165908499684676,0.0204428343282536,0,1
"Fixed mixed-signal covariate-driven SAR design, lambda = 2",38,396,"both",11.4470632929961,0.549371955475185,0.00949443188977538,0,1
"Fixed mixed-signal covariate-driven SAR design, lambda = 2",38,397,"both",2.33267539481036,-0.171876047502532,0.0401732566131285,1,0
"Fixed mixed-signal covariate-driven SAR design, lambda = 2",38,398,"both",6.05959083665006,0.123045602719177,0.0222726220938691,0,1
"Fixed mixed-signal covariate-driven SAR design, lambda = 2",38,399,"both",6.36069748135376,0.14687304660261,0.0212361162234772,0,1
"Fixed mixed-signal covariate-driven SAR design, lambda = 2",38,400,"both",0.00141111636393138,-0.356355765068369,0.0580997261832672,0,1
"Fixed mixed-signal covariate-driven SAR design, lambda = 2",39,356,"covariates only",5.62007307869806,0.11952767800333,0.0100208364542691,0,1
"Fixed mixed-signal covariate-driven SAR design, lambda = 2",39,357,"covariates only",45.7165944699669,2.64192601048398,6.45619472042657e-05,0,1
"Fixed mixed-signal covariate-driven SAR design, lambda = 2",39,358,"covariates only",5.23636289461614,0.0953891768341284,0.0105164802358129,1,0
"Fixed mixed-signal covariate-driven SAR design, lambda = 2",39,359,"covariates only",22.6208314927797,1.18901408696458,0.00118021160977789,0,1
"Fixed mixed-signal covariate-driven SAR design, lambda = 2",39,360,"covariates only",7.2195558224611,0.220148192344956,0.00819419143730318,0,1
"Fixed mixed-signal covariate-driven SAR design, lambda = 2",39,361,"network only",-2.78288839758904,-0.409087156407246,0.0288438338708413,0,1
"Fixed mixed-signal covariate-driven SAR design, lambda = 2",39,362,"network only",-15.6426071522684,-1.21806838513889,0.145453827128683,1,0
"Fixed mixed-signal covariate-driven SAR design, lambda = 2",39,363,"network only",-13.5050430479327,-1.08359816315298,0.111154180712996,1,0
"Fixed mixed-signal covariate-driven SAR design, lambda = 2",39,364,"network only",-27.7058422986998,-1.97694429661151,0.66355418766995,1,0
"Fixed mixed-signal covariate-driven SAR design, lambda = 2",39,365,"network only",-4.00885249915442,-0.486210300714299,0.0336543570144148,0,1
"Fixed mixed-signal covariate-driven SAR design, lambda = 2",39,366,"both",7.24474843525277,0.221733013229453,0.00816825990440565,0,1
"Fixed mixed-signal covariate-driven SAR design, lambda = 2",39,367,"both",4.63247115595879,0.0573994594787513,0.0113466552366605,0,1
"Fixed mixed-signal covariate-driven SAR design, lambda = 2",39,368,"both",8.36089212249822,0.291947557479912,0.00709809765115892,0,1
"Fixed mixed-signal covariate-driven SAR design, lambda = 2",39,369,"both",52.1462242255162,3,3.15469592516635e-05,0,1
"Fixed mixed-signal covariate-driven SAR design, lambda = 2",39,370,"both",10.4228065368116,0.421658796757499,0.00547616113754788,0,1
"Fixed mixed-signal covariate-driven SAR design, lambda = 2",39,371,"covariates only",24.3888478064578,1.30023673787492,0.000944828783768901,0,1
"Fixed mixed-signal covariate-driven SAR design, lambda = 2",39,372,"covariates only",11.2414480132683,0.473158024707077,0.00494020030147474,0,1
"Fixed mixed-signal covariate-driven SAR design, lambda = 2",39,373,"covariates only",10.3334826243346,0.416039593892395,0.00553805158181274,0,1
"Fixed mixed-signal covariate-driven SAR design, lambda = 2",39,374,"covariates only",9.61332739911947,0.370735954669332,0.006063274600828,1,0
"Fixed mixed-signal covariate-driven SAR design, lambda = 2",39,375,"covariates only",10.6621138872169,0.436713181543713,0.0053137381124687,0,1
"Fixed mixed-signal covariate-driven SAR design, lambda = 2",39,376,"covariates only",0.144757390403264,-0.224914350450722,0.0199564146411327,0,1
"Fixed mixed-signal covariate-driven SAR design, lambda = 2",39,377,"covariates only",13.0954041616367,0.589786992379941,0.00391238804941692,0,1
"Fixed mixed-signal covariate-driven SAR design, lambda = 2",39,378,"covariates only",8.4798399843118,0.299430348452298,0.00699266141429013,0,1
"Fixed mixed-signal covariate-driven SAR design, lambda = 2",39,379,"covariates only",4.29467447952856,0.0361492925370707,0.0118392862130081,0,1
"Fixed mixed-signal covariate-driven SAR design, lambda = 2",39,380,"covariates only",11.0111803824787,0.458672312037383,0.00508541837579123,0,1
"Fixed mixed-signal covariate-driven SAR design, lambda = 2",39,381,"network only",-10.5490530234739,-0.897642273469541,0.0766313662182557,1,0
"Fixed mixed-signal covariate-driven SAR design, lambda = 2",39,382,"network only",-14.3204389462878,-1.13489321776014,0.123162960692768,1,0
"Fixed mixed-signal covariate-driven SAR design, lambda = 2",39,383,"network only",-6.30960252554911,-0.630946248588732,0.0449528617388543,1,0
"Fixed mixed-signal covariate-driven SAR design, lambda = 2",39,384,"network only",-26.7137655011206,-1.91453457195018,0.585690252541821,1,0
"Fixed mixed-signal covariate-driven SAR design, lambda = 2",39,385,"network only",-6.17812070952487,-0.622674969635259,0.0442153434586804,1,0
"Fixed mixed-signal covariate-driven SAR design, lambda = 2",39,386,"network only",-0.505222618437092,-0.265803396022682,0.0216569998022596,1,0
"Fixed mixed-signal covariate-driven SAR design, lambda = 2",39,387,"network only",-30.9657116649695,-2.18201667616646,1,1,0
"Fixed mixed-signal covariate-driven SAR design, lambda = 2",39,388,"network only",-5.36008194291758,-0.571213657052566,0.0398909404113343,1,0
"Fixed mixed-signal covariate-driven SAR design, lambda = 2",39,389,"network only",-8.72307141658067,-0.782773132692388,0.0609021325920135,0,1
"Fixed mixed-signal covariate-driven SAR design, lambda = 2",39,390,"network only",-15.5706509342888,-1.21354175195612,0.14414293775667,1,0
"Fixed mixed-signal covariate-driven SAR design, lambda = 2",39,391,"both",12.1560652052386,0.530694908203067,0.00440320246987116,0,1
"Fixed mixed-signal covariate-driven SAR design, lambda = 2",39,392,"both",4.70030624110922,0.0616668397833277,0.0112502263346382,0,1
"Fixed mixed-signal covariate-driven SAR design, lambda = 2",39,393,"both",21.3016159561503,1.10602466657807,0.00139329659945441,0,1
"Fixed mixed-signal covariate-driven SAR design, lambda = 2",39,394,"both",1.53245832030571,-0.137616640073033,0.016759331486118,0,1
"Fixed mixed-signal covariate-driven SAR design, lambda = 2",39,395,"both",11.9389989374575,0.517039668973061,0.00452511317868459,0,1
"Fixed mixed-signal covariate-driven SAR design, lambda = 2",39,396,"both",11.4250647953395,0.484709018380373,0.00482738006016671,0,1
"Fixed mixed-signal covariate-driven SAR design, lambda = 2",39,397,"both",4.76090499594052,0.0654789958715153,0.011164777256163,0,1
"Fixed mixed-signal covariate-driven SAR design, lambda = 2",39,398,"both",5.41456738887049,0.106599693446315,0.0102833135695394,0,1
"Fixed mixed-signal covariate-driven SAR design, lambda = 2",39,399,"both",5.37436562966294,0.104070674796583,0.010335458718017,1,0
"Fixed mixed-signal covariate-driven SAR design, lambda = 2",39,400,"both",5.15270054356575,0.0901261323739458,0.0106277622968502,0,1
"Fixed mixed-signal covariate-driven SAR design, lambda = 2",40,356,"covariates only",13.7353315674533,0.936509642094627,0.00181748263114622,0,1
"Fixed mixed-signal covariate-driven SAR design, lambda = 2",40,357,"covariates only",8.6183548343784,0.504190910144159,0.00431496769497665,0,1
"Fixed mixed-signal covariate-driven SAR design, lambda = 2",40,358,"covariates only",5.7400958106526,0.261015035741779,0.00701774251059332,0,1
"Fixed mixed-signal covariate-driven SAR design, lambda = 2",40,359,"covariates only",11.6753126166932,0.76246453166252,0.00257420975252371,0,1
"Fixed mixed-signal covariate-driven SAR design, lambda = 2",40,360,"covariates only",32.4029854882445,2.51368634085927,7.75446775971019e-05,0,1
"Fixed mixed-signal covariate-driven SAR design, lambda = 2",40,361,"network only",-8.19905442322148,-0.916663907885981,0.0739803467808446,1,0
"Fixed mixed-signal covariate-driven SAR design, lambda = 2",40,362,"network only",-14.7771210902523,-1.47242595030345,0.224825278091205,1,0
"Fixed mixed-signal covariate-driven SAR design, lambda = 2",40,363,"network only",-8.75715493108192,-0.963816223881396,0.0812965927335159,0,1
"Fixed mixed-signal covariate-driven SAR design, lambda = 2",40,364,"network only",-9.76459189742638,-1.04893169235614,0.0963835017047594,1,0
"Fixed mixed-signal covariate-driven SAR design, lambda = 2",40,365,"network only",-5.55507546156107,-0.693281685993043,0.0473248264598546,1,0
"Fixed mixed-signal covariate-driven SAR design, lambda = 2",40,366,"both",7.7475863228509,0.43062216860725,0.0049989471532006,0,1
"Fixed mixed-signal covariate-driven SAR design, lambda = 2",40,367,"both",9.68027667546313,0.593909649883742,0.00360619196535303,0,1
"Fixed mixed-signal covariate-driven SAR design, lambda = 2",40,368,"both",8.92472142635579,0.530074947431164,0.00409727354406153,0,1
"Fixed mixed-signal covariate-driven SAR design, lambda = 2",40,369,"both",31.401153402805,2.42904441274477,9.18482824162224e-05,0,1
"Fixed mixed-signal covariate-driven SAR design, lambda = 2",40,370,"both",5.69489610179204,0.257196241590768,0.00707154634291544,0,1
"Fixed mixed-signal covariate-driven SAR design, lambda = 2",40,371,"covariates only",16.0088932518077,1.12859636745298,0.00123772983468002,0,1
"Fixed mixed-signal covariate-driven SAR design, lambda = 2",40,372,"covariates only",15.6187275008803,1.09563237885378,0.00132208085464247,0,1
"Fixed mixed-signal covariate-driven SAR design, lambda = 2",40,373,"covariates only",2.62448980633434,-0.00221360634640317,0.0118805055864234,0,1
"Fixed mixed-signal covariate-driven SAR design, lambda = 2",40,374,"covariates only",2.17359630493074,-0.0403083089295766,0.0128210490327835,1,0
"Fixed mixed-signal covariate-driven SAR design, lambda = 2",40,375,"covariates only",8.30363823738031,0.477601404810172,0.00455064439630087,0,1
"Fixed mixed-signal covariate-driven SAR design, lambda = 2",40,376,"covariates only",8.76805659513162,0.516838783831224,0.00420718631467564,0,1
"Fixed mixed-signal covariate-driven SAR design, lambda = 2",40,377,"covariates only",15.6731683098877,1.10023192713086,0.00130997467354468,0,1
"Fixed mixed-signal covariate-driven SAR design, lambda = 2",40,378,"covariates only",6.84501399857363,0.354366413875558,0.00582255302917498,0,1
"Fixed mixed-signal covariate-driven SAR design, lambda = 2",40,379,"covariates only",2.55997484187989,-0.00766429120969284,0.0120107278814211,0,1
"Fixed mixed-signal covariate-driven SAR design, lambda = 2",40,380,"covariates only",6.59140227464909,0.3329394845354,0.00607749551381565,0,1
"Fixed mixed-signal covariate-driven SAR design, lambda = 2",40,381,"network only",-12.2280575157006,-1.25706285805247,0.146144721546604,0,1
"Fixed mixed-signal covariate-driven SAR design, lambda = 2",40,382,"network only",-5.06820113265741,-0.652147066183197,0.0435872985599845,1,0
"Fixed mixed-signal covariate-driven SAR design, lambda = 2",40,383,"network only",-4.5623777419813,-0.609411494329898,0.0400166111546458,0,1
"Fixed mixed-signal covariate-driven SAR design, lambda = 2",40,384,"network only",-8.15284224598543,-0.912759573177124,0.0734049083376705,1,0
"Fixed mixed-signal covariate-driven SAR design, lambda = 2",40,385,"network only",-8.1702795577633,-0.914232801786452,0.0736215117093054,1,0
"Fixed mixed-signal covariate-driven SAR design, lambda = 2",40,386,"network only",-4.30641651871546,-0.587786062508894,0.0383227526256476,0,1
"Fixed mixed-signal covariate-driven SAR design, lambda = 2",40,387,"network only",-20.4708093400644,-1.95346938917031,0.588402028647365,1,0
"Fixed mixed-signal covariate-driven SAR design, lambda = 2",40,388,"network only",-21.3883486232171,-2.03098965945869,0.687080167142143,1,0
"Fixed mixed-signal covariate-driven SAR design, lambda = 2",40,389,"network only",-23.6094221494915,-2.21864181043313,1,1,0
"Fixed mixed-signal covariate-driven SAR design, lambda = 2",40,390,"network only",-5.22598802266254,-0.665478029320963,0.0447650507040768,1,0
"Fixed mixed-signal covariate-driven SAR design, lambda = 2",40,391,"both",4.23809093037039,0.134114938457809,0.00904526829996211,0,1
"Fixed mixed-signal covariate-driven SAR design, lambda = 2",40,392,"both",13.7198905345423,0.935205073378305,0.00182223088484187,0,1
"Fixed mixed-signal covariate-driven SAR design, lambda = 2",40,393,"both",4.82071896955546,0.183339515437254,0.00819719995653603,1,0
"Fixed mixed-signal covariate-driven SAR design, lambda = 2",40,394,"both",6.00468989194772,0.283369833051628,0.00671089276469066,0,1
"Fixed mixed-signal covariate-driven SAR design, lambda = 2",40,395,"both",7.84004883893824,0.438434062190711,0.00492145163000003,0,1
"Fixed mixed-signal covariate-driven SAR design, lambda = 2",40,396,"both",5.78330478239841,0.264665638206568,0.00696669112946357,1,0
"Fixed mixed-signal covariate-driven SAR design, lambda = 2",40,397,"both",2.90449812923975,0.0214434961593771,0.011331479689894,0,1
"Fixed mixed-signal covariate-driven SAR design, lambda = 2",40,398,"both",6.28981939819015,0.307459609693297,0.00639523024779664,0,1
"Fixed mixed-signal covariate-driven SAR design, lambda = 2",40,399,"both",6.28569045923283,0.307110767447681,0.00639969365760324,0,1
"Fixed mixed-signal covariate-driven SAR design, lambda = 2",40,400,"both",0.84237767910161,-0.152779163945846,0.016055155067422,1,0
"Fixed mixed-signal covariate-driven SAR design, lambda = 2",41,356,"covariates only",6.21069479209736,0.417710542282768,0.00107501454789819,0,1
"Fixed mixed-signal covariate-driven SAR design, lambda = 2",41,357,"covariates only",27.2975399487735,2.04863968257713,4.11914698650972e-05,0,1
"Fixed mixed-signal covariate-driven SAR design, lambda = 2",41,358,"covariates only",4.10981576845805,0.25522133185663,0.00148782097291126,0,1
"Fixed mixed-signal covariate-driven SAR design, lambda = 2",41,359,"covariates only",3.65065013995533,0.219707882680969,0.0015973396291954,0,1
"Fixed mixed-signal covariate-driven SAR design, lambda = 2",41,360,"covariates only",9.04010607271969,0.636546943515769,0.000693961630096335,0,1
"Fixed mixed-signal covariate-driven SAR design, lambda = 2",41,361,"network only",-8.17002894322058,-0.69454409913889,0.00994274835840226,1,0
"Fixed mixed-signal covariate-driven SAR design, lambda = 2",41,362,"network only",-5.40664914983888,-0.480814800268407,0.0064843065425315,1,0
"Fixed mixed-signal covariate-driven SAR design, lambda = 2",41,363,"network only",-9.11133656472743,-0.767348068556319,0.0115012004409944,0,1
"Fixed mixed-signal covariate-driven SAR design, lambda = 2",41,364,"network only",-4.11914663993806,-0.381234927319297,0.00531336387938538,0,1
"Fixed mixed-signal covariate-driven SAR design, lambda = 2",41,365,"network only",-12.6019038541985,-1.03732054980036,0.0197350526820221,1,0
"Fixed mixed-signal covariate-driven SAR design, lambda = 2",41,366,"both",3.29009797753078,0.191821538188693,0.00168895872941611,0,1
"Fixed mixed-signal covariate-driven SAR design, lambda = 2",41,367,"both",16.9958131739259,1.25186869727257,0.000202709346704617,0,1
"Fixed mixed-signal covariate-driven SAR design, lambda = 2",41,368,"both",4.88805520406687,0.315413046844342,0.00131907295796306,0,1
"Fixed mixed-signal covariate-driven SAR design, lambda = 2",41,369,"both",3.80560233790012,0.231692418684488,0.00155950808532269,1,0
"Fixed mixed-signal covariate-driven SAR design, lambda = 2",41,370,"both",4.50514186710633,0.285797212194057,0.00139956413302603,0,1
"Fixed mixed-signal covariate-driven SAR design, lambda = 2",41,371,"covariates only",5.85418999434004,0.390137234896239,0.00113596306798019,0,1
"Fixed mixed-signal covariate-driven SAR design, lambda = 2",41,372,"covariates only",12.8029464447363,0.927577961546219,0.000387747608681463,1,0
"Fixed mixed-signal covariate-driven SAR design, lambda = 2",41,373,"covariates only",9.76561750956862,0.692660493702253,0.00062029152587949,0,1
"Fixed mixed-signal covariate-driven SAR design, lambda = 2",41,374,"covariates only",4.05453734209459,0.250945908211418,0.00150059765070721,0,1
"Fixed mixed-signal covariate-driven SAR design, lambda = 2",41,375,"covariates only",5.93821374090836,0.396635920486084,0.00112129407004897,0,1
"Fixed mixed-signal covariate-driven SAR design, lambda = 2",41,376,"covariates only",22.02233466724,1.64063716011521,9.31523418843625e-05,0,1
"Fixed mixed-signal covariate-driven SAR design, lambda = 2",41,377,"covariates only",6.46631699696091,0.437481242912505,0.00103333640268317,0,1
"Fixed mixed-signal covariate-driven SAR design, lambda = 2",41,378,"covariates only",1.38937784011448,0.0448133045423668,0.00226625495586467,0,1
"Fixed mixed-signal covariate-driven SAR design, lambda = 2",41,379,"covariates only",5.73808407150867,0.38115720343589,0.00115654934823821,0,1
"Fixed mixed-signal covariate-driven SAR design, lambda = 2",41,380,"covariates only",4.63856607551657,0.29611669943362,0.00137097460867723,0,1
"Fixed mixed-signal covariate-driven SAR design, lambda = 2",41,381,"network only",-9.54493077007242,-0.800883735902746,0.0122990589434352,1,0
"Fixed mixed-signal covariate-driven SAR design, lambda = 2",41,382,"network only",-12.5857119856954,-1.03606821499251,0.0196856847461982,0,1
"Fixed mixed-signal covariate-driven SAR design, lambda = 2",41,383,"network only",-8.26372481599389,-0.701790860240227,0.0100879031637349,0,1
"Fixed mixed-signal covariate-driven SAR design, lambda = 2",41,384,"network only",-8.18746786205857,-0.695892885109327,0.00996960584610508,1,0
"Fixed mixed-signal covariate-driven SAR design, lambda = 2",41,385,"network only",-16.7019993261615,-1.3544360373723,0.0372118535271738,1,0
"Fixed mixed-signal covariate-driven SAR design, lambda = 2",41,386,"network only",-18.6267719425646,-1.50330457248072,0.0501172080888192,1,0
"Fixed mixed-signal covariate-driven SAR design, lambda = 2",41,387,"network only",-12.2480008525857,-1.00994847427747,0.0186837138548108,1,0
"Fixed mixed-signal covariate-driven SAR design, lambda = 2",41,388,"network only",-12.0175550839662,-0.992125005830362,0.0180294276183859,1,0
"Fixed mixed-signal covariate-driven SAR design, lambda = 2",41,389,"network only",-44.4315238785168,-3,1,1,0
"Fixed mixed-signal covariate-driven SAR design, lambda = 2",41,390,"network only",-19.1654790486737,-1.54497003314631,0.0544724650345746,1,0
"Fixed mixed-signal covariate-driven SAR design, lambda = 2",41,391,"both",29.1535222499559,2.19218773807706,3.09117101636477e-05,0,1
"Fixed mixed-signal covariate-driven SAR design, lambda = 2",41,392,"both",10.5259340873194,0.751465993211029,0.000551465109269765,0,1
"Fixed mixed-signal covariate-driven SAR design, lambda = 2",41,393,"both",0.0689279334031054,-0.0573148334106324,0.00277981657637177,1,0
"Fixed mixed-signal covariate-driven SAR design, lambda = 2",41,394,"both",5.79611498445665,0.385645513861729,0.00114621390133909,0,1
"Fixed mixed-signal covariate-driven SAR design, lambda = 2",41,395,"both",0.783980399089243,-0.00201021603131638,0.00248873789138591,0,1
"Fixed mixed-signal covariate-driven SAR design, lambda = 2",41,396,"both",10.7571546442547,0.76934938645165,0.000532089540857144,0,1
"Fixed mixed-signal covariate-driven SAR design, lambda = 2",41,397,"both",4.63962671042332,0.296198732585748,0.00137074969639072,1,0
"Fixed mixed-signal covariate-driven SAR design, lambda = 2",41,398,"both",4.9433167999987,0.319687168766078,0.00130784525760088,0,1
"Fixed mixed-signal covariate-driven SAR design, lambda = 2",41,399,"both",6.28728835311182,0.42363455176305,0.00106235291092429,0,1
"Fixed mixed-signal covariate-driven SAR design, lambda = 2",41,400,"both",2.21136547594452,0.108388655823042,0.00199566627563767,0,1
"Fixed mixed-signal covariate-driven SAR design, lambda = 2",42,356,"covariates only",4.60460353681012,0.0858547494837742,0.00323077856292238,0,1
"Fixed mixed-signal covariate-driven SAR design, lambda = 2",42,357,"covariates only",5.92689769894337,0.163574517081937,0.00276567191903465,1,0
"Fixed mixed-signal covariate-driven SAR design, lambda = 2",42,358,"covariates only",6.51745635430964,0.198285463225799,0.00258018659989073,0,1
"Fixed mixed-signal covariate-driven SAR design, lambda = 2",42,359,"covariates only",4.63153523318524,0.0874376992110279,0.00322056641667613,1,0
"Fixed mixed-signal covariate-driven SAR design, lambda = 2",42,360,"covariates only",1.72768817552916,-0.0832401461010485,0.00453086531723788,0,1
"Fixed mixed-signal covariate-driven SAR design, lambda = 2",42,361,"network only",-12.9307798081374,-0.944812977367076,0.0253824655521562,1,0
"Fixed mixed-signal covariate-driven SAR design, lambda = 2",42,362,"network only",-13.1828840697777,-0.959630772972845,0.0261459471619895,1,0
"Fixed mixed-signal covariate-driven SAR design, lambda = 2",42,363,"network only",-22.9858456560658,-1.535814135252,0.0827696061742826,1,0
"Fixed mixed-signal covariate-driven SAR design, lambda = 2",42,364,"network only",-10.9289660559353,-0.827153454961745,0.0200602362219028,0,1
"Fixed mixed-signal covariate-driven SAR design, lambda = 2",42,365,"network only",-18.8608149784176,-1.29335944189927,0.0509656324534277,1,0
"Fixed mixed-signal covariate-driven SAR design, lambda = 2",42,366,"both",12.7509475404166,0.564667997599125,0.00123998173926653,0,1
"Fixed mixed-signal covariate-driven SAR design, lambda = 2",42,367,"both",36.3236351195089,1.95018708463457,7.7619117627145e-05,0,1
"Fixed mixed-signal covariate-driven SAR design, lambda = 2",42,368,"both",12.0922600661986,0.52595268077926,0.00133980929510677,0,1
"Fixed mixed-signal covariate-driven SAR design, lambda = 2",42,369,"both",1.37678410321903,-0.103865044652513,0.00472167088311432,0,1
"Fixed mixed-signal covariate-driven SAR design, lambda = 2",42,370,"both",4.48494304070577,0.0788215293318316,0.00327654524926146,1,0
"Fixed mixed-signal covariate-driven SAR design, lambda = 2",42,371,"covariates only",18.2239437071016,0.886351328223656,0.000651635444169782,0,1
"Fixed mixed-signal covariate-driven SAR design, lambda = 2",42,372,"covariates only",0.992058070103032,-0.126477878270791,0.00494011398514875,0,1
"Fixed mixed-signal covariate-driven SAR design, lambda = 2",42,373,"covariates only",6.10050983860688,0.173778823758373,0.00270980045893681,0,1
"Fixed mixed-signal covariate-driven SAR design, lambda = 2",42,374,"covariates only",17.5550595947742,0.847036689129796,0.000704941308527628,0,1
"Fixed mixed-signal covariate-driven SAR design, lambda = 2",42,375,"covariates only",8.19986161305949,0.297171285655067,0.00211719071820913,0,1
"Fixed mixed-signal covariate-driven SAR design, lambda = 2",42,376,"covariates only",34.7734638542597,1.85907350800186,9.31341485453047e-05,0,1
"Fixed mixed-signal covariate-driven SAR design, lambda = 2",42,377,"covariates only",7.42473600026818,0.251612147446111,0.00231916765849742,0,1
"Fixed mixed-signal covariate-driven SAR design, lambda = 2",42,378,"covariates only",9.99340388905464,0.402589348337081,0.00171472711550619,0,1
"Fixed mixed-signal covariate-driven SAR design, lambda = 2",42,379,"covariates only",40.0017551458391,2.16637395275426,5.03722295275337e-05,0,1
"Fixed mixed-signal covariate-driven SAR design, lambda = 2",42,380,"covariates only",6.0579717639637,0.171278586390609,0.0027233846831492,0,1
"Fixed mixed-signal covariate-driven SAR design, lambda = 2",42,381,"network only",-1.10509250281558,-0.24974096133745,0.006321234813668,0,1
"Fixed mixed-signal covariate-driven SAR design, lambda = 2",42,382,"network only",-0.115024281708952,-0.191548257887414,0.00562673398216823,0,1
"Fixed mixed-signal covariate-driven SAR design, lambda = 2",42,383,"network only",-19.4123139567414,-1.32577459856668,0.0543792063970049,1,0
"Fixed mixed-signal covariate-driven SAR design, lambda = 2",42,384,"network only",-18.2540558497254,-1.25769628931155,0.0474570564286532,1,0
"Fixed mixed-signal covariate-driven SAR design, lambda = 2",42,385,"network only",-14.452831900763,-1.03427380862441,0.0303555772657718,1,0
"Fixed mixed-signal covariate-driven SAR design, lambda = 2",42,386,"network only",-4.55159390785271,-0.452314107235705,0.00947882973318414,1,0
"Fixed mixed-signal covariate-driven SAR design, lambda = 2",42,387,"network only",-12.3175670835466,-0.908770505269528,0.0236171621821055,1,0
"Fixed mixed-signal covariate-driven SAR design, lambda = 2",42,388,"network only",-17.0573194589215,-1.1873563628163,0.041229143547283,1,0
"Fixed mixed-signal covariate-driven SAR design, lambda = 2",42,389,"network only",-15.5862636099148,-1.10089291014229,0.0346819184355591,1,0
"Fixed mixed-signal covariate-driven SAR design, lambda = 2",42,390,"network only",-44.1822092588703,-2.78166131533667,1,1,0
"Fixed mixed-signal covariate-driven SAR design, lambda = 2",42,391,"both",3.13014180453501,-0.000808888945916658,0.00384222039056505,0,1
"Fixed mixed-signal covariate-driven SAR design, lambda = 2",42,392,"both",7.13994919756676,0.234873387830572,0.00239812185996571,0,1
"Fixed mixed-signal covariate-driven SAR design, lambda = 2",42,393,"both",9.02652131958585,0.345759415372243,0.00192113050522014,0,1
"Fixed mixed-signal covariate-driven SAR design, lambda = 2",42,394,"both",15.1353980833935,0.704817555357518,0.000936877761648346,0,1
"Fixed mixed-signal covariate-driven SAR design, lambda = 2",42,395,"both",5.61553348895599,0.145273631596998,0.00286877579100488,0,1
"Fixed mixed-signal covariate-driven SAR design, lambda = 2",42,396,"both",6.8304410493368,0.216681595082004,0.00248698083356946,0,1
"Fixed mixed-signal covariate-driven SAR design, lambda = 2",42,397,"both",15.8130068139805,0.744644996612152,0.000865145701741281,0,1
"Fixed mixed-signal covariate-driven SAR design, lambda = 2",42,398,"both",9.5585914084318,0.377032610728659,0.00180465137096782,0,1
"Fixed mixed-signal covariate-driven SAR design, lambda = 2",42,399,"both",13.3269860049737,0.598525498354294,0.00115879613504592,0,1
"Fixed mixed-signal covariate-driven SAR design, lambda = 2",42,400,"both",42.0631556767969,2.28753577497263,3.95322335095624e-05,0,1
"Fixed mixed-signal covariate-driven SAR design, lambda = 2",43,356,"covariates only",5.42089145142577,0.336684818314193,0.00126413190102076,0,1
"Fixed mixed-signal covariate-driven SAR design, lambda = 2",43,357,"covariates only",20.2365638065007,1.39483620318954,0.000152297851318643,0,1
"Fixed mixed-signal covariate-driven SAR design, lambda = 2",43,358,"covariates only",7.63175131850025,0.494586827351861,0.000921807948691836,0,1
"Fixed mixed-signal covariate-driven SAR design, lambda = 2",43,359,"covariates only",5.96158348506334,0.375301629652402,0.00117017348977659,0,1
"Fixed mixed-signal covariate-driven SAR design, lambda = 2",43,360,"covariates only",3.92936226027938,0.230158186152748,0.00156430073067071,1,0
"Fixed mixed-signal covariate-driven SAR design, lambda = 2",43,361,"network only",-7.03197693743434,-0.552712545203305,0.00748709123818758,0,1
"Fixed mixed-signal covariate-driven SAR design, lambda = 2",43,362,"network only",-9.59044275462853,-0.735440948122726,0.0107901877040146,1,0
"Fixed mixed-signal covariate-driven SAR design, lambda = 2",43,363,"network only",-4.41503389281535,-0.365807635291812,0.00515192560959169,0,1
"Fixed mixed-signal covariate-driven SAR design, lambda = 2",43,364,"network only",-23.0660829760728,-1.69788578495922,0.0739601806387682,1,0
"Fixed mixed-signal covariate-driven SAR design, lambda = 2",43,365,"network only",-5.72692418789703,-0.459504262706071,0.00621374519035762,1,0
"Fixed mixed-signal covariate-driven SAR design, lambda = 2",43,366,"both",9.26493035142381,0.611230244810097,0.000730004039978379,0,1
"Fixed mixed-signal covariate-driven SAR design, lambda = 2",43,367,"both",3.67162640874445,0.211750412161965,0.00162296456400895,0,1
"Fixed mixed-signal covariate-driven SAR design, lambda = 2",43,368,"both",7.85893143700345,0.510812277756612,0.00089237460256163,0,1
"Fixed mixed-signal covariate-driven SAR design, lambda = 2",43,369,"both",15.1001781010622,1.0279899665014,0.000317199408486237,0,1
"Fixed mixed-signal covariate-driven SAR design, lambda = 2",43,370,"both",10.8866658265814,0.727056350963944,0.000579055226763984,0,1
"Fixed mixed-signal covariate-driven SAR design, lambda = 2",43,371,"covariates only",7.3362810537741,0.473484020653901,0.000961546106595408,0,1
"Fixed mixed-signal covariate-driven SAR design, lambda = 2",43,372,"covariates only",6.66528108295186,0.425560475143416,0.00105826876111481,0,1
"Fixed mixed-signal covariate-driven SAR design, lambda = 2",43,373,"covariates only",6.94269000206721,0.445373320953153,0.00101715410752446,0,1
"Fixed mixed-signal covariate-driven SAR design, lambda = 2",43,374,"covariates only",14.0039652891363,0.949697258802571,0.000370968087118508,0,1
"Fixed mixed-signal covariate-driven SAR design, lambda = 2",43,375,"covariates only",4.07527321335818,0.240579304639208,0.0015320346211175,0,1
"Fixed mixed-signal covariate-driven SAR design, lambda = 2",43,376,"covariates only",5.61852467066152,0.350799997134278,0.0012289440254001,0,1
"Fixed mixed-signal covariate-driven SAR design, lambda = 2",43,377,"covariates only",2.6063699485715,0.135668640672647,0.00188969983242706,0,1
"Fixed mixed-signal covariate-driven SAR design, lambda = 2",43,378,"covariates only",25.6752145553462,1.78327053703689,7.00332048018105e-05,0,1
"Fixed mixed-signal covariate-driven SAR design, lambda = 2",43,379,"covariates only",3.13147023015166,0.173171872172104,0.00175314538003706,1,0
"Fixed mixed-signal covariate-driven SAR design, lambda = 2",43,380,"covariates only",5.00991495907952,0.307332431591194,0.00134056399311783,0,1
"Fixed mixed-signal covariate-driven SAR design, lambda = 2",43,381,"network only",-3.42246340971468,-0.294917175101553,0.00447089954640273,1,0
"Fixed mixed-signal covariate-driven SAR design, lambda = 2",43,382,"network only",-15.9501000933495,-1.18965457130637,0.0267641798727314,1,0
"Fixed mixed-signal covariate-driven SAR design, lambda = 2",43,383,"network only",-17.6223868389362,-1.30909110400919,0.0339856197629728,0,1
"Fixed mixed-signal covariate-driven SAR design, lambda = 2",43,384,"network only",-7.40010299005667,-0.579004507056631,0.00789132688005457,1,0
"Fixed mixed-signal covariate-driven SAR design, lambda = 2",43,385,"network only",-12.6592744008627,-0.954620231963978,0.0167265243340428,1,0
"Fixed mixed-signal covariate-driven SAR design, lambda = 2",43,386,"network only",-10.1011832977059,-0.771918591527428,0.011606815422897,1,0
"Fixed mixed-signal covariate-driven SAR design, lambda = 2",43,387,"network only",-42.4595116696305,-3,1,1,0
"Fixed mixed-signal covariate-driven SAR design, lambda = 2",43,388,"network only",-10.1964199722585,-0.77872049809323,0.0117657912580257,1,0
"Fixed mixed-signal covariate-driven SAR design, lambda = 2",43,389,"network only",-39.980914913422,-2.90596142341035,0.828550779439743,1,0
"Fixed mixed-signal covariate-driven SAR design, lambda = 2",43,390,"network only",-15.5649566505746,-1.16214720899564,0.0253315257468225,1,0
"Fixed mixed-signal covariate-driven SAR design, lambda = 2",43,391,"both",20.2036870546088,1.39248810991973,0.000153014752471235,0,1
"Fixed mixed-signal covariate-driven SAR design, lambda = 2",43,392,"both",5.42469632364812,0.336956566414101,0.00126344503680744,0,1
"Fixed mixed-signal covariate-driven SAR design, lambda = 2",43,393,"both",8.53990854625614,0.559448401312444,0.000809659472814602,0,1
"Fixed mixed-signal covariate-driven SAR design, lambda = 2",43,394,"both",1.73025040934333,0.073095233166569,0.00214162484147264,1,0
"Fixed mixed-signal covariate-driven SAR design, lambda = 2",43,395,"both",4.1048654528156,0.242692814469406,0.0015255723483528,0,1
"Fixed mixed-signal covariate-driven SAR design, lambda = 2",43,396,"both",3.74318894926932,0.216861486404616,0.00160645888472764,0,1
"Fixed mixed-signal covariate-driven SAR design, lambda = 2",43,397,"both",6.39737560127899,0.40642637514081,0.00109955167517208,0,1
"Fixed mixed-signal covariate-driven SAR design, lambda = 2",43,398,"both",20.7805694636475,1.43368967711188,0.000140911383043157,0,1
"Fixed mixed-signal covariate-driven SAR design, lambda = 2",43,399,"both",6.17924455529052,0.390847219307364,0.00113435118052623,0,1
"Fixed mixed-signal covariate-driven SAR design, lambda = 2",43,400,"both",8.86296327350969,0.582521320235139,0.00077314600945267,0,1
"Fixed mixed-signal covariate-driven SAR design, lambda = 2",44,356,"covariates only",10.9261219013093,0.79546868924588,0.0024238969392172,0,1
"Fixed mixed-signal covariate-driven SAR design, lambda = 2",44,357,"covariates only",5.28645670346647,0.281713315749594,0.00677261515037005,0,1
"Fixed mixed-signal covariate-driven SAR design, lambda = 2",44,358,"covariates only",6.13238823369807,0.358774959308268,0.00580525771987986,1,0
"Fixed mixed-signal covariate-driven SAR design, lambda = 2",44,359,"covariates only",1.7832018371546,-0.0374219430212959,0.0128219406271985,0,1
"Fixed mixed-signal covariate-driven SAR design, lambda = 2",44,360,"covariates only",13.440196800127,1.02449283222759,0.0015331558597935,0,1
"Fixed mixed-signal covariate-driven SAR design, lambda = 2",44,361,"network only",-16.3618289999389,-1.69037593369052,0.349696556270003,1,0
"Fixed mixed-signal covariate-driven SAR design, lambda = 2",44,362,"network only",-22.1287145787763,-2.21572067500588,1,1,0
"Fixed mixed-signal covariate-driven SAR design, lambda = 2",44,363,"network only",-9.2253131782681,-1.04026227927943,0.0952817686497186,1,0
"Fixed mixed-signal covariate-driven SAR design, lambda = 2",44,364,"network only",-10.0313349095943,-1.11368826842893,0.110353678371704,0,1
"Fixed mixed-signal covariate-driven SAR design, lambda = 2",44,365,"network only",-3.30860280301183,-0.501268980551013,0.0324224761320117,0,1
"Fixed mixed-signal covariate-driven SAR design, lambda = 2",44,366,"both",12.8428725781491,0.970078515420625,0.00170942472900772,0,1
"Fixed mixed-signal covariate-driven SAR design, lambda = 2",44,367,"both",11.0163720884535,0.803690191228326,0.00238436668098507,0,1
"Fixed mixed-signal covariate-driven SAR design, lambda = 2",44,368,"both",3.17387145666445,0.089263589668572,0.00995213150297835,0,1
"Fixed mixed-signal covariate-driven SAR design, lambda = 2",44,369,"both",11.042173847599,0.806040648558973,0.00237318428104339,0,1
"Fixed mixed-signal covariate-driven SAR design, lambda = 2",44,370,"both",7.59062931476361,0.491616034969465,0.00445079111501052,0,1
"Fixed mixed-signal covariate-driven SAR design, lambda = 2",44,371,"covariates only",5.88453415899611,0.33619624971221,0.00607341730614207,0,1
"Fixed mixed-signal covariate-driven SAR design, lambda = 2",44,372,"covariates only",1.05231147191794,-0.104003706194157,0.0146482568400857,0,1
"Fixed mixed-signal covariate-driven SAR design, lambda = 2",44,373,"covariates only",6.53376342362316,0.395338949080388,0.0053958817882311,0,1
"Fixed mixed-signal covariate-driven SAR design, lambda = 2",44,374,"covariates only",7.40349699832507,0.474568882389932,0.00460515424467849,0,1
"Fixed mixed-signal covariate-driven SAR design, lambda = 2",44,375,"covariates only",42.83742297626,3,2.94905303861155e-05,0,1
"Fixed mixed-signal covariate-driven SAR design, lambda = 2",44,376,"covariates only",5.64767073370291,0.314618752953066,0.00634125325411145,0,1
"Fixed mixed-signal covariate-driven SAR design, lambda = 2",44,377,"covariates only",5.76511142051125,0.325317222063954,0.00620701115653981,0,1
"Fixed mixed-signal covariate-driven SAR design, lambda = 2",44,378,"covariates only",3.37733724010839,0.107798668596119,0.00958995879073452,0,1
"Fixed mixed-signal covariate-driven SAR design, lambda = 2",44,379,"covariates only",7.97188972184172,0.526347632673648,0.00415211840742576,0,1
"Fixed mixed-signal covariate-driven SAR design, lambda = 2",44,380,"covariates only",2.60852762099879,0.0377625832688773,0.0110318744779741,0,1
"Fixed mixed-signal covariate-driven SAR design, lambda = 2",44,381,"network only",-6.11436599405478,-0.756864989460865,0.0540572628516836,1,0
"Fixed mixed-signal covariate-driven SAR design, lambda = 2",44,382,"network only",-15.0753627812166,-1.57318299590002,0.27662973652423,1,0
"Fixed mixed-signal covariate-driven SAR design, lambda = 2",44,383,"network only",-1.5483069270949,-0.340911683890638,0.023526731769105,1,0
"Fixed mixed-signal covariate-driven SAR design, lambda = 2",44,384,"network only",-3.6149074175444,-0.529172346464119,0.0342833091453449,1,0
"Fixed mixed-signal covariate-driven SAR design, lambda = 2",44,385,"network only",-8.32160204719377,-0.957937099789088,0.080817063773693,1,0
"Fixed mixed-signal covariate-driven SAR design, lambda = 2",44,386,"network only",-14.2689975112814,-1.49972571148739,0.238833188443952,1,0
"Fixed mixed-signal covariate-driven SAR design, lambda = 2",44,387,"network only",-6.44050586666001,-0.786575283633366,0.0573667287195194,1,0
"Fixed mixed-signal covariate-driven SAR design, lambda = 2",44,388,"network only",-17.2148724499024,-1.76808545027889,0.408497105880928,1,0
"Fixed mixed-signal covariate-driven SAR design, lambda = 2",44,389,"network only",-4.64513228985654,-0.623022521162849,0.0413618505331236,1,0
"Fixed mixed-signal covariate-driven SAR design, lambda = 2",44,390,"network only",-5.74214457670671,-0.722956814669545,0.0505128398444382,1,0
"Fixed mixed-signal covariate-driven SAR design, lambda = 2",44,391,"both",8.54678636609762,0.578718869232944,0.00373921684775899,0,1
"Fixed mixed-signal covariate-driven SAR design, lambda = 2",44,392,"both",7.77435887070458,0.508353207004228,0.00430426983526707,0,1
"Fixed mixed-signal covariate-driven SAR design, lambda = 2",44,393,"both",3.67575608297401,0.134983666055436,0.00908247376747352,1,0
"Fixed mixed-signal covariate-driven SAR design, lambda = 2",44,394,"both",13.3302910423955,1.01448077093815,0.00156416539387921,0,1
"Fixed mixed-signal covariate-driven SAR design, lambda = 2",44,395,"both",7.91425962664587,0.521097716225896,0.00419594463827632,0,1
"Fixed mixed-signal covariate-driven SAR design, lambda = 2",44,396,"both",8.57431943677992,0.581227043480113,0.00372050660074943,0,1
"Fixed mixed-signal covariate-driven SAR design, lambda = 2",44,397,"both",12.0187841574821,0.895006708938979,0.00198635343114711,0,1
"Fixed mixed-signal covariate-driven SAR design, lambda = 2",44,398,"both",2.81138050205903,0.0562418287591538,0.0106315954605336,0,1
"Fixed mixed-signal covariate-driven SAR design, lambda = 2",44,399,"both",-0.92573476242264,-0.284197360651745,0.0210039108276706,0,1
"Fixed mixed-signal covariate-driven SAR design, lambda = 2",44,400,"both",6.73521853634673,0.413690862367656,0.00520142280358342,0,1
"Fixed mixed-signal covariate-driven SAR design, lambda = 2",45,356,"covariates only",2.19474540848353,-0.0702744187693287,0.00519650136278271,0,1
"Fixed mixed-signal covariate-driven SAR design, lambda = 2",45,357,"covariates only",7.9550509886816,0.490377187466183,0.00169330522237594,0,1
"Fixed mixed-signal covariate-driven SAR design, lambda = 2",45,358,"covariates only",2.188930098661,-0.0708404239486308,0.00520238718693231,0,1
"Fixed mixed-signal covariate-driven SAR design, lambda = 2",45,359,"covariates only",4.38443292676137,0.142848271890793,0.00339308725949369,0,1
"Fixed mixed-signal covariate-driven SAR design, lambda = 2",45,360,"covariates only",5.58190604519688,0.259398551720154,0.00268757592258101,0,1
"Fixed mixed-signal covariate-driven SAR design, lambda = 2",45,361,"network only",3.49589841351798,0.0563670435757379,0.00403377499005516,0,1
"Fixed mixed-signal covariate-driven SAR design, lambda = 2",45,362,"network only",-8.05843399553147,-1.06821826425612,0.038239662995684,1,0
"Fixed mixed-signal covariate-driven SAR design, lambda = 2",45,363,"network only",-20.4604213920119,-2.27530598860393,0.427540373120518,1,0
"Fixed mixed-signal covariate-driven SAR design, lambda = 2",45,364,"network only",-6.16786257589583,-0.884208598733264,0.0264658161644527,0,1
"Fixed mixed-signal covariate-driven SAR design, lambda = 2",45,365,"network only",-2.39222779126385,-0.516725367663116,0.0126909289465384,1,0
"Fixed mixed-signal covariate-driven SAR design, lambda = 2",45,366,"both",4.78125357457056,0.181470898847675,0.00314085466459951,0,1
"Fixed mixed-signal covariate-driven SAR design, lambda = 2",45,367,"both",3.78507960018076,0.0845131018947486,0.00381297812142276,1,0
"Fixed mixed-signal covariate-driven SAR design, lambda = 2",45,368,"both",9.14802374854655,0.60648944656451,0.00134239838495676,0,1
"Fixed mixed-signal covariate-driven SAR design, lambda = 2",45,369,"both",10.2310114091093,0.711896835629944,0.00108724076167846,0,1
"Fixed mixed-signal covariate-driven SAR design, lambda = 2",45,370,"both",12.2071049042832,0.904230380563636,0.000740060000459002,0,1
"Fixed mixed-signal covariate-driven SAR design, lambda = 2",45,371,"covariates only",7.09272909298716,0.406447238059486,0.00200279212733941,0,1
"Fixed mixed-signal covariate-driven SAR design, lambda = 2",45,372,"covariates only",1.6492466483299,-0.123367913866353,0.00577866434898561,1,0
"Fixed mixed-signal covariate-driven SAR design, lambda = 2",45,373,"covariates only",9.94809367185052,0.684360399998488,0.0011487977339356,0,1
"Fixed mixed-signal covariate-driven SAR design, lambda = 2",45,374,"covariates only",2.08739939047959,-0.0807224265319351,0.00530622998881117,0,1
"Fixed mixed-signal covariate-driven SAR design, lambda = 2",45,375,"covariates only",13.0008941594833,0.981490035410823,0.000634103350727851,0,1
"Fixed mixed-signal covariate-driven SAR design, lambda = 2",45,376,"covariates only",7.54884639242106,0.450841219073011,0.00183263405930251,0,1
"Fixed mixed-signal covariate-driven SAR design, lambda = 2",45,377,"covariates only",11.328505945704,0.818716181619458,0.000878099280076866,0,1
"Fixed mixed-signal covariate-driven SAR design, lambda = 2",45,378,"covariates only",8.14963700843145,0.509316280714771,0.00163036543888935,0,1
"Fixed mixed-signal covariate-driven SAR design, lambda = 2",45,379,"covariates only",11.3561067556526,0.821402573550519,0.000873394093728805,0,1
"Fixed mixed-signal covariate-driven SAR design, lambda = 2",45,380,"covariates only",4.72607887912487,0.176100735547394,0.0031747702758468,0,1
"Fixed mixed-signal covariate-driven SAR design, lambda = 2",45,381,"network only",-4.96029606678049,-0.766675927324459,0.0209217356414276,1,0
"Fixed mixed-signal covariate-driven SAR design, lambda = 2",45,382,"network only",-12.2758122263086,-1.47869646654388,0.0869062263972462,1,0
"Fixed mixed-signal covariate-driven SAR design, lambda = 2",45,383,"network only",-8.67755590427542,-1.12847751400602,0.0431374605872544,1,0
"Fixed mixed-signal covariate-driven SAR design, lambda = 2",45,384,"network only",-6.97058884448214,-0.962338094744286,0.0309419521002571,1,0
"Fixed mixed-signal covariate-driven SAR design, lambda = 2",45,385,"network only",-2.09573354513407,-0.487867527915224,0.0119791998813331,0,1
"Fixed mixed-signal covariate-driven SAR design, lambda = 2",45,386,"network only",-4.85160179494125,-0.756096693766997,0.0204837140595194,1,0
"Fixed mixed-signal covariate-driven SAR design, lambda = 2",45,387,"network only",-24.8254935294637,-2.70015926611219,1,1,0
"Fixed mixed-signal covariate-driven SAR design, lambda = 2",45,388,"network only",-5.66547094791601,-0.835310728773998,0.024000104975217,1,0
"Fixed mixed-signal covariate-driven SAR design, lambda = 2",45,389,"network only",-9.72874606736595,-1.23079004676845,0.0529324641830622,1,0
"Fixed mixed-signal covariate-driven SAR design, lambda = 2",45,390,"network only",-8.20740495517871,-1.08271763527834,0.0393648000529976,1,0
"Fixed mixed-signal covariate-driven SAR design, lambda = 2",45,391,"both",14.4055045288332,1.11820102213663,0.000482407880576653,0,1
"Fixed mixed-signal covariate-driven SAR design, lambda = 2",45,392,"both",24.8749247885442,2.137191630055,6.285363475791e-05,0,1
"Fixed mixed-signal covariate-driven SAR design, lambda = 2",45,393,"both",5.8976532212115,0.290130282690377,0.00252736227892385,0,1
"Fixed mixed-signal covariate-driven SAR design, lambda = 2",45,394,"both",16.4987579298963,1.32193776235374,0.000320959998799241,0,1
"Fixed mixed-signal covariate-driven SAR design, lambda = 2",45,395,"both",10.7770621828419,0.765044058310583,0.00097760324632308,0,1
"Fixed mixed-signal covariate-driven SAR design, lambda = 2",45,396,"both",4.48967907206656,0.153091898655715,0.00332427946858184,1,0
"Fixed mixed-signal covariate-driven SAR design, lambda = 2",45,397,"both",7.14393628624779,0.411431243639168,0.00198292744324196,0,1
"Fixed mixed-signal covariate-driven SAR design, lambda = 2",45,398,"both",28.210919827083,2.4618846434222,3.28326267474289e-05,0,1
"Fixed mixed-signal covariate-driven SAR design, lambda = 2",45,399,"both",-1.10293302583303,-0.391238069969273,0.00987407748019602,0,1
"Fixed mixed-signal covariate-driven SAR design, lambda = 2",45,400,"both",2.55564957249973,-0.0351475498149543,0.00484395650445069,0,1
"Fixed mixed-signal covariate-driven SAR design, lambda = 2",46,356,"covariates only",4.36798375800415,0.141519383597304,0.0117773869641109,1,0
"Fixed mixed-signal covariate-driven SAR design, lambda = 2",46,357,"covariates only",3.7470753064755,0.0914221623331768,0.0130185566786473,0,1
"Fixed mixed-signal covariate-driven SAR design, lambda = 2",46,358,"covariates only",15.3082573244856,1.02422166313748,0.00201531754761833,0,1
"Fixed mixed-signal covariate-driven SAR design, lambda = 2",46,359,"covariates only",9.31882418427647,0.540971746772139,0.00529772036163313,0,1
"Fixed mixed-signal covariate-driven SAR design, lambda = 2",46,360,"covariates only",6.65516371038331,0.326057635352645,0.00814256165731082,0,1
"Fixed mixed-signal covariate-driven SAR design, lambda = 2",46,361,"network only",-9.71469140577109,-0.994723635697328,0.114281805085086,1,0
"Fixed mixed-signal covariate-driven SAR design, lambda = 2",46,362,"network only",-3.41843505989302,-0.486718073011634,0.0413741482404053,1,0
"Fixed mixed-signal covariate-driven SAR design, lambda = 2",46,363,"network only",-9.44965603119421,-0.973339588225741,0.109497232786265,1,0
"Fixed mixed-signal covariate-driven SAR design, lambda = 2",46,364,"network only",-6.8825731161041,-0.766217716258929,0.0723601355389603,1,0
"Fixed mixed-signal covariate-driven SAR design, lambda = 2",46,365,"network only",-23.1566047419309,-2.07926758892735,1,1,0
"Fixed mixed-signal covariate-driven SAR design, lambda = 2",46,366,"both",34.8343766809807,2.59966216394526,8.62845928668727e-05,0,1
"Fixed mixed-signal covariate-driven SAR design, lambda = 2",46,367,"both",4.63029042529224,0.162683268736627,0.0112892795571992,0,1
"Fixed mixed-signal covariate-driven SAR design, lambda = 2",46,368,"both",6.99642963718267,0.35359224951788,0.0077062801635635,0,1
"Fixed mixed-signal covariate-driven SAR design, lambda = 2",46,369,"both",13.8603179041868,0.907396483294655,0.00254575466501094,0,1
"Fixed mixed-signal covariate-driven SAR design, lambda = 2",46,370,"both",20.769610814639,1.46486413389824,0.000834845862759246,0,1
"Fixed mixed-signal covariate-driven SAR design, lambda = 2",46,371,"covariates only",8.01031924184636,0.435396663255822,0.00654320282782227,0,1
"Fixed mixed-signal covariate-driven SAR design, lambda = 2",46,372,"covariates only",0.374613733570495,-0.180680678603577,0.0224340850948262,0,1
"Fixed mixed-signal covariate-driven SAR design, lambda = 2",46,373,"covariates only",1.82563366775581,-0.0636069513534882,0.0177508606813218,0,1
"Fixed mixed-signal covariate-driven SAR design, lambda = 2",46,374,"covariates only",5.47792515199043,0.231073615735466,0.00984607471488713,0,1
"Fixed mixed-signal covariate-driven SAR design, lambda = 2",46,375,"covariates only",5.36392906762578,0.22187598434939,0.0100288719938962,0,1
"Fixed mixed-signal covariate-driven SAR design, lambda = 2",46,376,"covariates only",35.6151669826978,2.66265925217896,7.60702211162192e-05,0,1
"Fixed mixed-signal covariate-driven SAR design, lambda = 2",46,377,"covariates only",7.75508996672115,0.414803808644887,0.00681831574972265,0,1
"Fixed mixed-signal covariate-driven SAR design, lambda = 2",46,378,"covariates only",7.98132843191941,0.433057576042625,0.00657388478377193,0,1
"Fixed mixed-signal covariate-driven SAR design, lambda = 2",46,379,"covariates only",12.5489519188064,0.801590560108862,0.00314570799010978,0,1
"Fixed mixed-signal covariate-driven SAR design, lambda = 2",46,380,"covariates only",13.4775308252402,0.876511786937528,0.00270796255458288,0,1
"Fixed mixed-signal covariate-driven SAR design, lambda = 2",46,381,"network only",-5.68229291946582,-0.669374610899519,0.0596187023655379,0,1
"Fixed mixed-signal covariate-driven SAR design, lambda = 2",46,382,"network only",-17.0830808866227,-1.58923291846468,0.375285075334773,1,0
"Fixed mixed-signal covariate-driven SAR design, lambda = 2",46,383,"network only",-13.5255391919666,-1.30219711955622,0.211370885207395,1,0
"Fixed mixed-signal covariate-driven SAR design, lambda = 2",46,384,"network only",-20.8648346525971,-1.89435898771697,0.690860606742025,1,0
"Fixed mixed-signal covariate-driven SAR design, lambda = 2",46,385,"network only",-4.54708270134464,-0.577781595313243,0.0496393214962028,1,0
"Fixed mixed-signal covariate-driven SAR design, lambda = 2",46,386,"network only",-13.3404721214445,-1.28726521460659,0.20515186922298,1,0
"Fixed mixed-signal covariate-driven SAR design, lambda = 2",46,387,"network only",-18.2024506762944,-1.67954786890786,0.449580910552779,1,0
"Fixed mixed-signal covariate-driven SAR design, lambda = 2",46,388,"network only",-3.07435538105922,-0.458956434785276,0.0391395306645087,1,0
"Fixed mixed-signal covariate-driven SAR design, lambda = 2",46,389,"network only",-7.39367838758673,-0.807455605373964,0.0785811078086153,1,0
"Fixed mixed-signal covariate-driven SAR design, lambda = 2",46,390,"network only",-10.4458067162027,-1.05371275943386,0.128592130974208,1,0
"Fixed mixed-signal covariate-driven SAR design, lambda = 2",46,391,"both",5.99005157259112,0.272393894988991,0.00906510394843105,0,1
"Fixed mixed-signal covariate-driven SAR design, lambda = 2",46,392,"both",7.96314795481711,0.431590707002851,0.00659319915769683,0,1
"Fixed mixed-signal covariate-driven SAR design, lambda = 2",46,393,"both",11.1319403214568,0.687260752950513,0.0039538848235475,0,1
"Fixed mixed-signal covariate-driven SAR design, lambda = 2",46,394,"both",8.27427024944929,0.456693219935342,0.00627035932275247,0,1
"Fixed mixed-signal covariate-driven SAR design, lambda = 2",46,395,"both",7.22581410965469,0.372099848574865,0.00742624542015801,0,1
"Fixed mixed-signal covariate-driven SAR design, lambda = 2",46,396,"both",5.33736519336041,0.219732711402422,0.0100719534833867,0,1
"Fixed mixed-signal covariate-driven SAR design, lambda = 2",46,397,"both",2.57079075425372,-0.0034848844901489,0.0157397580327048,0,1
"Fixed mixed-signal covariate-driven SAR design, lambda = 2",46,398,"both",6.58630965851031,0.320502232357048,0.00823353654642573,0,1
"Fixed mixed-signal covariate-driven SAR design, lambda = 2",46,399,"both",4.31391699583163,0.137157074562979,0.0118805897148718,0,1
"Fixed mixed-signal covariate-driven SAR design, lambda = 2",46,400,"both",6.0983479420574,0.281131652012425,0.00890806278119937,0,1
"Fixed mixed-signal covariate-driven SAR design, lambda = 2",47,356,"covariates only",2.82863044074469,-0.177337043299372,0.040158522274379,0,1
"Fixed mixed-signal covariate-driven SAR design, lambda = 2",47,357,"covariates only",24.01647523453,1.17306176602238,0.00269672226631494,1,0
"Fixed mixed-signal covariate-driven SAR design, lambda = 2",47,358,"covariates only",19.9153331666601,0.911677117455607,0.00454854024967196,0,1
"Fixed mixed-signal covariate-driven SAR design, lambda = 2",47,359,"covariates only",-1.29637658870366,-0.440242715642449,0.0679414308792637,0,1
"Fixed mixed-signal covariate-driven SAR design, lambda = 2",47,360,"covariates only",10.8596340507885,0.334515758069216,0.0144273985520866,0,1
"Fixed mixed-signal covariate-driven SAR design, lambda = 2",47,361,"network only",-11.268477642935,-1.07581058585924,0.242204343351125,1,0
"Fixed mixed-signal covariate-driven SAR design, lambda = 2",47,362,"network only",-10.5959892233867,-1.03294980554491,0.222307198695332,1,0
"Fixed mixed-signal covariate-driven SAR design, lambda = 2",47,363,"network only",-6.9191241559772,-0.798606281822152,0.139125048165033,1,0
"Fixed mixed-signal covariate-driven SAR design, lambda = 2",47,364,"network only",-6.22957917858942,-0.754658408619334,0.127418559232154,1,0
"Fixed mixed-signal covariate-driven SAR design, lambda = 2",47,365,"network only",-15.1404300059457,-1.32258792030026,0.396761931779058,1,0
"Fixed mixed-signal covariate-driven SAR design, lambda = 2",47,366,"both",26.8954845201857,1.35655427076812,0.00186834320331376,0,1
"Fixed mixed-signal covariate-driven SAR design, lambda = 2",47,367,"both",10.9890699070679,0.342765300573624,0.0141913126333221,0,1
"Fixed mixed-signal covariate-driven SAR design, lambda = 2",47,368,"both",6.48356032756101,0.0556084504659456,0.0252025124821257,0,1
"Fixed mixed-signal covariate-driven SAR design, lambda = 2",47,369,"both",4.90827392797343,-0.0447917978390529,0.030807069344937,0,1
"Fixed mixed-signal covariate-driven SAR design, lambda = 2",47,370,"both",41.5617599160444,2.29130346420952,0.00028810037470992,0,1
"Fixed mixed-signal covariate-driven SAR design, lambda = 2",47,371,"covariates only",4.53392052255722,-0.0686510623305446,0.0323127767429964,0,1
"Fixed mixed-signal covariate-driven SAR design, lambda = 2",47,372,"covariates only",43.5982832929805,2.42110046669545,0.00022223045693844,0,1
"Fixed mixed-signal covariate-driven SAR design, lambda = 2",47,373,"covariates only",7.30382523691209,0.107887706223049,0.0227004597980959,1,0
"Fixed mixed-signal covariate-driven SAR design, lambda = 2",47,374,"covariates only",23.5636064982368,1.14419835833644,0.00285697643621692,0,1
"Fixed mixed-signal covariate-driven SAR design, lambda = 2",47,375,"covariates only",11.2940380174578,0.362202321052107,0.0136502242497185,0,1
"Fixed mixed-signal covariate-driven SAR design, lambda = 2",47,376,"covariates only",2.80277691386891,-0.178984807489152,0.0402910841349281,1,0
"Fixed mixed-signal covariate-driven SAR design, lambda = 2",47,377,"covariates only",15.9829446372283,0.661047908132119,0.00750871822832767,0,1
"Fixed mixed-signal covariate-driven SAR design, lambda = 2",47,378,"covariates only",6.20566448191727,0.0378968699477208,0.0261112655704791,0,1
"Fixed mixed-signal covariate-driven SAR design, lambda = 2",47,379,"covariates only",7.5386207612476,0.122852305009884,0.0220311196220641,0,1
"Fixed mixed-signal covariate-driven SAR design, lambda = 2",47,380,"covariates only",16.7966021433681,0.712906043689592,0.006768967097632,0,1
"Fixed mixed-signal covariate-driven SAR design, lambda = 2",47,381,"network only",-22.3925257954189,-1.78479734341555,1,1,0
"Fixed mixed-signal covariate-driven SAR design, lambda = 2",47,382,"network only",-6.32633470619057,-0.760825083452927,0.128999787755859,0,1
"Fixed mixed-signal covariate-driven SAR design, lambda = 2",47,383,"network only",-13.2452407753328,-1.20179879307342,0.311611798739654,1,0
"Fixed mixed-signal covariate-driven SAR design, lambda = 2",47,384,"network only",-4.54988680977838,-0.647603887645377,0.102859951357006,0,1
"Fixed mixed-signal covariate-driven SAR design, lambda = 2",47,385,"network only",-9.78235675836345,-0.981093265972975,0.200406363780251,1,0
"Fixed mixed-signal covariate-driven SAR design, lambda = 2",47,386,"network only",-22.0474568815589,-1.76280451427479,0.956967681935735,1,0
"Fixed mixed-signal covariate-driven SAR design, lambda = 2",47,387,"network only",-4.6606528413655,-0.654663516344017,0.104322558652625,0,1
"Fixed mixed-signal covariate-driven SAR design, lambda = 2",47,388,"network only",-10.4297671206123,-1.02235570634066,0.217646460350717,1,0
"Fixed mixed-signal covariate-driven SAR design, lambda = 2",47,389,"network only",-6.83491096927943,-0.793238988067045,0.137639585340284,1,0
"Fixed mixed-signal covariate-driven SAR design, lambda = 2",47,390,"network only",-14.2769831921999,-1.26755648314639,0.355410535179999,1,0
"Fixed mixed-signal covariate-driven SAR design, lambda = 2",47,391,"both",4.75603410073101,-0.0544947423074692,0.0314107464114651,0,1
"Fixed mixed-signal covariate-driven SAR design, lambda = 2",47,392,"both",8.73851827583867,0.199327292946703,0.0189065043101806,0,1
"Fixed mixed-signal covariate-driven SAR design, lambda = 2",47,393,"both",4.34177467477544,-0.0808974010490886,0.0331139748520393,0,1
"Fixed mixed-signal covariate-driven SAR design, lambda = 2",47,394,"both",1.56113533929351,-0.258120336384607,0.0472003479751996,0,1
"Fixed mixed-signal covariate-driven SAR design, lambda = 2",47,395,"both",14.7024285063544,0.57943472494717,0.00884003770804764,0,1
"Fixed mixed-signal covariate-driven SAR design, lambda = 2",47,396,"both",6.82071768320609,0.0770970396097895,0.0241423247278373,0,1
"Fixed mixed-signal covariate-driven SAR design, lambda = 2",47,397,"both",30.9275175199918,1.61353428053679,0.00111749774664384,0,1
"Fixed mixed-signal covariate-driven SAR design, lambda = 2",47,398,"both",16.090312571947,0.667890960486647,0.00740665315421093,0,1
"Fixed mixed-signal covariate-driven SAR design, lambda = 2",47,399,"both",36.3310896235775,1.95792878624445,0.000561189309475265,0,1
"Fixed mixed-signal covariate-driven SAR design, lambda = 2",47,400,"both",6.14576654329239,0.0340792987984555,0.0263113918227089,0,1
"Fixed mixed-signal covariate-driven SAR design, lambda = 2",48,356,"covariates only",4.61413836687804,0.0373188674538608,0.027906570095808,0,1
"Fixed mixed-signal covariate-driven SAR design, lambda = 2",48,357,"covariates only",37.886225573286,2.31240707113522,0.000294842412894283,0,1
"Fixed mixed-signal covariate-driven SAR design, lambda = 2",48,358,"covariates only",5.47899761613545,0.0964564581803994,0.0247936349988186,0,1
"Fixed mixed-signal covariate-driven SAR design, lambda = 2",48,359,"covariates only",10.7512117169437,0.456961407377612,0.012056176106145,0,1
"Fixed mixed-signal covariate-driven SAR design, lambda = 2",48,360,"covariates only",7.70952291472758,0.248975948868151,0.0182752554852818,0,1
"Fixed mixed-signal covariate-driven SAR design, lambda = 2",48,361,"network only",-3.00279693983462,-0.483514092528541,0.0790853831644977,0,1
"Fixed mixed-signal covariate-driven SAR design, lambda = 2",48,362,"network only",-8.74835756453885,-0.87638566441728,0.173516242574946,1,0
"Fixed mixed-signal covariate-driven SAR design, lambda = 2",48,363,"network only",-16.1848428536792,-1.38487976198369,0.479747252190221,1,0
"Fixed mixed-signal covariate-driven SAR design, lambda = 2",48,364,"network only",-21.5556699399266,-1.75212769783247,1,1,0
"Fixed mixed-signal covariate-driven SAR design, lambda = 2",48,365,"network only",-6.39705936872372,-0.715607930352973,0.125802817920967,1,0
"Fixed mixed-signal covariate-driven SAR design, lambda = 2",48,366,"both",14.5140446320464,0.714257462309969,0.0072065112576878,0,1
"Fixed mixed-signal covariate-driven SAR design, lambda = 2",48,367,"both",1.04322790261467,-0.206853859770877,0.0454770408935265,1,0
"Fixed mixed-signal covariate-driven SAR design, lambda = 2",48,368,"both",46.5582411061636,2.90538460568532,9.00608858394956e-05,0,1
"Fixed mixed-signal covariate-driven SAR design, lambda = 2",48,369,"both",3.47783602089816,-0.0403795362295844,0.0325982614037234,0,1
"Fixed mixed-signal covariate-driven SAR design, lambda = 2",48,370,"both",7.90610209409306,0.262417695678001,0.0177904979541117,1,0
"Fixed mixed-signal covariate-driven SAR design, lambda = 2",48,371,"covariates only",14.3213687160169,0.701082613946151,0.00739892452674848,0,1
"Fixed mixed-signal covariate-driven SAR design, lambda = 2",48,372,"covariates only",8.38308762882174,0.295033147683034,0.0166670478575442,1,0
"Fixed mixed-signal covariate-driven SAR design, lambda = 2",48,373,"covariates only",13.0500284687542,0.614150550397828,0.00880393501665981,0,1
"Fixed mixed-signal covariate-driven SAR design, lambda = 2",48,374,"covariates only",5.9902346810111,0.131413971015941,0.0231193965176403,0,1
"Fixed mixed-signal covariate-driven SAR design, lambda = 2",48,375,"covariates only",8.10375901284534,0.275933136456922,0.0173160464212042,0,1
"Fixed mixed-signal covariate-driven SAR design, lambda = 2",48,376,"covariates only",7.25836685963568,0.218126672338204,0.0194383231703124,0,1
"Fixed mixed-signal covariate-driven SAR design, lambda = 2",48,377,"covariates only",6.62164723001909,0.174588877146501,0.0212068051757334,0,1
"Fixed mixed-signal covariate-driven SAR design, lambda = 2",48,378,"covariates only",3.33308481965689,-0.0502773748704167,0.0332499955430432,0,1
"Fixed mixed-signal covariate-driven SAR design, lambda = 2",48,379,"covariates only",10.8663359301036,0.46483340343525,0.0118678501557931,1,0
"Fixed mixed-signal covariate-driven SAR design, lambda = 2",48,380,"covariates only",5.81359869961276,0.119335905845817,0.0236846716156693,0,1
"Fixed mixed-signal covariate-driven SAR design, lambda = 2",48,381,"network only",-6.17788202377833,-0.700620959775924,0.122087964189212,0,1
"Fixed mixed-signal covariate-driven SAR design, lambda = 2",48,382,"network only",-7.03256773310271,-0.759062901307156,0.137225517544455,0,1
"Fixed mixed-signal covariate-driven SAR design, lambda = 2",48,383,"network only",-16.108550317763,-1.37966300935212,0.474767828302959,1,0
"Fixed mixed-signal covariate-driven SAR design, lambda = 2",48,384,"network only",-15.3777518290956,-1.32969226328737,0.429612830924766,1,0
"Fixed mixed-signal covariate-driven SAR design, lambda = 2",48,385,"network only",-12.8523845906329,-1.15701198691795,0.304150868771164,1,0
"Fixed mixed-signal covariate-driven SAR design, lambda = 2",48,386,"network only",-9.58432180239425,-0.933547463869345,0.19453163760832,0,1
"Fixed mixed-signal covariate-driven SAR design, lambda = 2",48,387,"network only",-18.4705149637565,-1.54117009696811,0.655789646864082,1,0
"Fixed mixed-signal covariate-driven SAR design, lambda = 2",48,388,"network only",-16.0634225974544,-1.37657725330994,0.471846815716739,1,0
"Fixed mixed-signal covariate-driven SAR design, lambda = 2",48,389,"network only",-11.6725022488665,-1.07633365793811,0.258828893156194,1,0
"Fixed mixed-signal covariate-driven SAR design, lambda = 2",48,390,"network only",2.65937009768529,-0.0963448309664335,0.0364590438854804,0,1
"Fixed mixed-signal covariate-driven SAR design, lambda = 2",48,391,"both",15.312592408298,0.768860788351867,0.00646096253947252,1,0
"Fixed mixed-signal covariate-driven SAR design, lambda = 2",48,392,"both",40.5387808262952,2.49378424559069,0.000205138768802379,0,1
"Fixed mixed-signal covariate-driven SAR design, lambda = 2",48,393,"both",2.23380064436656,-0.125444539592651,0.0386439010269397,0,1
"Fixed mixed-signal covariate-driven SAR design, lambda = 2",48,394,"both",7.50696092917686,0.235125108042272,0.0187885880560907,0,1
"Fixed mixed-signal covariate-driven SAR design, lambda = 2",48,395,"both",10.1161589259965,0.413537587752598,0.0131500387818825,0,1
"Fixed mixed-signal covariate-driven SAR design, lambda = 2",48,396,"both",5.11063377739253,0.0712683712717608,0.0260746386000541,0,1
"Fixed mixed-signal covariate-driven SAR design, lambda = 2",48,397,"both",6.16531348849175,0.143385559306835,0.0225724190439651,0,1
"Fixed mixed-signal covariate-driven SAR design, lambda = 2",48,398,"both",11.7341442961158,0.524172649702619,0.0105397580127968,0,1
"Fixed mixed-signal covariate-driven SAR design, lambda = 2",48,399,"both",4.07926006224807,0.000744807229759006,0.0300243965303361,0,1
"Fixed mixed-signal covariate-driven SAR design, lambda = 2",48,400,"both",23.1670917479082,1.30593796906835,0.00220697752823276,0,1
"Fixed mixed-signal covariate-driven SAR design, lambda = 2",49,356,"covariates only",6.23749581409779,0.516772951411561,0.00222244369504405,1,0
"Fixed mixed-signal covariate-driven SAR design, lambda = 2",49,357,"covariates only",7.6578239151052,0.663971875635268,0.00165567620021661,0,1
"Fixed mixed-signal covariate-driven SAR design, lambda = 2",49,358,"covariates only",4.69169151521614,0.356570016825975,0.00306183136792482,0,1
"Fixed mixed-signal covariate-driven SAR design, lambda = 2",49,359,"covariates only",-1.13515017829698,-0.24730793806249,0.0102447884560356,0,1
"Fixed mixed-signal covariate-driven SAR design, lambda = 2",49,360,"covariates only",4.70069454499655,0.357503066237227,0.00305612301584551,0,1
"Fixed mixed-signal covariate-driven SAR design, lambda = 2",49,361,"network only",-7.07261543841757,-0.862650617183941,0.0350738027431683,1,0
"Fixed mixed-signal covariate-driven SAR design, lambda = 2",49,362,"network only",-5.57542024232035,-0.707485397216739,0.0257162747768958,0,1
"Fixed mixed-signal covariate-driven SAR design, lambda = 2",49,363,"network only",-20.6004598124953,-2.2646394516776,0.579075091109883,1,0
"Fixed mixed-signal covariate-driven SAR design, lambda = 2",49,364,"network only",-5.62698753112436,-0.712829690152786,0.0259926196250458,1,0
"Fixed mixed-signal covariate-driven SAR design, lambda = 2",49,365,"network only",-6.20323441982428,-0.772550343460796,0.0292902279628089,1,0
"Fixed mixed-signal covariate-driven SAR design, lambda = 2",49,366,"both",5.59437945111147,0.450122128467831,0.00253935217657893,0,1
"Fixed mixed-signal covariate-driven SAR design, lambda = 2",49,367,"both",6.1787880149201,0.510688635487396,0.00224965300847957,0,1
"Fixed mixed-signal covariate-driven SAR design, lambda = 2",49,368,"both",4.4759257970815,0.334208647244364,0.00320187303611345,0,1
"Fixed mixed-signal covariate-driven SAR design, lambda = 2",49,369,"both",0.479326930967831,-0.0799879410146112,0.00733112614290797,1,0
"Fixed mixed-signal covariate-driven SAR design, lambda = 2",49,370,"both",11.5097450426545,1.06317445831153,0.000745130685074851,0,1
"Fixed mixed-signal covariate-driven SAR design, lambda = 2",49,371,"covariates only",3.3064501089004,0.213007381787504,0.00408016934331707,0,1
"Fixed mixed-signal covariate-driven SAR design, lambda = 2",49,372,"covariates only",10.6806230511533,0.977246520173414,0.000884847660780738,0,1
"Fixed mixed-signal covariate-driven SAR design, lambda = 2",49,373,"covariates only",1.45104761094409,0.0207185356346797,0.00599374356227085,1,0
"Fixed mixed-signal covariate-driven SAR design, lambda = 2",49,374,"covariates only",4.71975292202124,0.359478224366884,0.00304407417743519,1,0
"Fixed mixed-signal covariate-driven SAR design, lambda = 2",49,375,"covariates only",2.72069602394679,0.152301428632273,0.0046068779788927,0,1
"Fixed mixed-signal covariate-driven SAR design, lambda = 2",49,376,"covariates only",6.1139521731945,0.503969225974638,0.0022800897469646,0,1
"Fixed mixed-signal covariate-driven SAR design, lambda = 2",49,377,"covariates only",-1.63003790248879,-0.298596749824283,0.0113514643870827,0,1
"Fixed mixed-signal covariate-driven SAR design, lambda = 2",49,378,"covariates only",11.4492472908288,1.05690463658485,0.000754533186996797,0,1
"Fixed mixed-signal covariate-driven SAR design, lambda = 2",49,379,"covariates only",-0.419296234608923,-0.173118790965111,0.00883208257287538,0,1
"Fixed mixed-signal covariate-driven SAR design, lambda = 2",49,380,"covariates only",5.25526866317513,0.414977612815794,0.00272426326805132,0,1
"Fixed mixed-signal covariate-driven SAR design, lambda = 2",49,381,"network only",-7.15618821425056,-0.871311871360549,0.035686661787182,0,1
"Fixed mixed-signal covariate-driven SAR design, lambda = 2",49,382,"network only",-19.7013832999387,-2.17146161808459,0.480619786570656,1,0
"Fixed mixed-signal covariate-driven SAR design, lambda = 2",49,383,"network only",-7.08954456670308,-0.864405105791119,0.0351970921010844,0,1
"Fixed mixed-signal covariate-driven SAR design, lambda = 2",49,384,"network only",-4.12050242377317,-0.556701689162138,0.0190212473354426,1,0
"Fixed mixed-signal covariate-driven SAR design, lambda = 2",49,385,"network only",-23.236206241787,-2.53780101106871,1,1,0
"Fixed mixed-signal covariate-driven SAR design, lambda = 2",49,386,"network only",-3.53866691474848,-0.496401846511105,0.0168602191357876,1,0
"Fixed mixed-signal covariate-driven SAR design, lambda = 2",49,387,"network only",-9.07343143899923,-1.07000972149674,0.0530997754719197,0,1
"Fixed mixed-signal covariate-driven SAR design, lambda = 2",49,388,"network only",-6.90039617423635,-0.844802283126413,0.0338438677391005,0,1
"Fixed mixed-signal covariate-driven SAR design, lambda = 2",49,389,"network only",-4.70659785146476,-0.617443018146226,0.0214782177386487,1,0
"Fixed mixed-signal covariate-driven SAR design, lambda = 2",49,390,"network only",-12.2967652683481,-1.40406723381203,0.103574144112073,1,0
"Fixed mixed-signal covariate-driven SAR design, lambda = 2",49,391,"both",7.52969985440032,0.650693448003261,0.00170023480283314,0,1
"Fixed mixed-signal covariate-driven SAR design, lambda = 2",49,392,"both",13.866503766892,1.30742249411152,0.000457173764643096,0,1
"Fixed mixed-signal covariate-driven SAR design, lambda = 2",49,393,"both",5.19534380210946,0.408767163922426,0.00275831208433187,0,1
"Fixed mixed-signal covariate-driven SAR design, lambda = 2",49,394,"both",20.0586059735542,1.94915505073519,0.000126671666337195,0,1
"Fixed mixed-signal covariate-driven SAR design, lambda = 2",49,395,"both",17.5671795282511,1.69095042021988,0.00021230155545941,0,1
"Fixed mixed-signal covariate-driven SAR design, lambda = 2",49,396,"both",2.12360143994626,0.0904201771366934,0.00521382057401821,0,1
"Fixed mixed-signal covariate-driven SAR design, lambda = 2",49,397,"both",15.6141795376116,1.48854683654993,0.000318242879328036,0,1
"Fixed mixed-signal covariate-driven SAR design, lambda = 2",49,398,"both",2.95684276822472,0.176775032084875,0.00438681386569232,1,0
"Fixed mixed-signal covariate-driven SAR design, lambda = 2",49,399,"both",15.5644322930615,1.48339116802822,0.000321541365594727,0,1
"Fixed mixed-signal covariate-driven SAR design, lambda = 2",49,400,"both",4.68460106306034,0.355835181734806,0.0030663345584815,0,1
"Fixed mixed-signal covariate-driven SAR design, lambda = 2",50,356,"covariates only",16.7946675599358,1.07358559050176,0.000289553296050077,1,0
"Fixed mixed-signal covariate-driven SAR design, lambda = 2",50,357,"covariates only",12.6782641490247,0.767703126002201,0.00053384434406835,0,1
"Fixed mixed-signal covariate-driven SAR design, lambda = 2",50,358,"covariates only",15.4433281462204,0.9731700119054,0.000353955264667836,0,1
"Fixed mixed-signal covariate-driven SAR design, lambda = 2",50,359,"covariates only",5.91587163270392,0.26520201463816,0.00145841648777699,0,1
"Fixed mixed-signal covariate-driven SAR design, lambda = 2",50,360,"covariates only",6.78943417925511,0.330114861597065,0.00128085209515008,0,1
"Fixed mixed-signal covariate-driven SAR design, lambda = 2",50,361,"network only",-41.500901456387,-3,1,1,0
"Fixed mixed-signal covariate-driven SAR design, lambda = 2",50,362,"network only",-7.98560900221495,-0.767791774437701,0.0115114112714871,1,0
"Fixed mixed-signal covariate-driven SAR design, lambda = 2",50,363,"network only",-27.8839924440845,-2.24640452425298,0.221531397192678,1,0
"Fixed mixed-signal covariate-driven SAR design, lambda = 2",50,364,"network only",-2.53389782019106,-0.362685013599563,0.00511985084187752,0,1
"Fixed mixed-signal covariate-driven SAR design, lambda = 2",50,365,"network only",-18.3776246351708,-1.54000359034009,0.0539340745823062,1,0
"Fixed mixed-signal covariate-driven SAR design, lambda = 2",50,366,"both",1.64792739715653,-0.0519411734311957,0.00275010096581006,0,1
"Fixed mixed-signal covariate-driven SAR design, lambda = 2",50,367,"both",4.95163870601422,0.193551616335194,0.001683124767271,0,1
"Fixed mixed-signal covariate-driven SAR design, lambda = 2",50,368,"both",7.60577952291033,0.390776002081527,0.0011345127627218,0,1
"Fixed mixed-signal covariate-driven SAR design, lambda = 2",50,369,"both",23.3752507608665,1.56257678169785,0.000108892046738608,0,1
"Fixed mixed-signal covariate-driven SAR design, lambda = 2",50,370,"both",5.19064817368011,0.211311975976959,0.00162438832092796,0,1
"Fixed mixed-signal covariate-driven SAR design, lambda = 2",50,371,"covariates only",1.19645071950335,-0.0854895857317436,0.0029409552702999,0,1
"Fixed mixed-signal covariate-driven SAR design, lambda = 2",50,372,"covariates only",4.05643873356322,0.127030931538501,0.00192262879933243,0,1
"Fixed mixed-signal covariate-driven SAR design, lambda = 2",50,373,"covariates only",3.60631738467769,0.0935832312581986,0.00205564325095695,0,1
"Fixed mixed-signal covariate-driven SAR design, lambda = 2",50,374,"covariates only",21.3977264260015,1.41563053839404,0.000146093887657358,0,1
"Fixed mixed-signal covariate-driven SAR design, lambda = 2",50,375,"covariates only",18.3891620382993,1.19206958052567,0.000228462343236485,0,1
"Fixed mixed-signal covariate-driven SAR design, lambda = 2",50,376,"covariates only",6.45151550290872,0.305004738219146,0.00134681938630069,0,1
"Fixed mixed-signal covariate-driven SAR design, lambda = 2",50,377,"covariates only",5.71404075850811,0.250204328782718,0.00150282492669802,0,1
"Fixed mixed-signal covariate-driven SAR design, lambda = 2",50,378,"covariates only",8.81439187100968,0.480585791540281,0.000947985280166278,0,1
"Fixed mixed-signal covariate-driven SAR design, lambda = 2",50,379,"covariates only",6.55353961032016,0.312585964425173,0.0013265523388012,0,1
"Fixed mixed-signal covariate-driven SAR design, lambda = 2",50,380,"covariates only",3.75460122866459,0.1046019345087,0.00201083771718763,0,1
"Fixed mixed-signal covariate-driven SAR design, lambda = 2",50,381,"network only",-1.22485743127869,-0.265412598746191,0.0042147086904293,0,1
"Fixed mixed-signal covariate-driven SAR design, lambda = 2",50,382,"network only",-8.47276672695852,-0.80399158057176,0.0123757441518008,1,0
"Fixed mixed-signal covariate-driven SAR design, lambda = 2",50,383,"network only",-11.5708343252472,-1.03420335953369,0.0196123995840679,1,0
"Fixed mixed-signal covariate-driven SAR design, lambda = 2",50,384,"network only",-15.4928609094039,-1.32564203491101,0.035129433797716,1,0
"Fixed mixed-signal covariate-driven SAR design, lambda = 2",50,385,"network only",-1.19081836673718,-0.262883217655015,0.00419344132013535,1,0
"Fixed mixed-signal covariate-driven SAR design, lambda = 2",50,386,"network only",-11.0703011579343,-0.997009648544224,0.0182064254061382,0,1
"Fixed mixed-signal covariate-driven SAR design, lambda = 2",50,387,"network only",-2.34191207013179,-0.348418901045757,0.00497583442952322,0,1
"Fixed mixed-signal covariate-driven SAR design, lambda = 2",50,388,"network only",-18.3878480451061,-1.54076327337269,0.0540160824692087,1,0
"Fixed mixed-signal covariate-driven SAR design, lambda = 2",50,389,"network only",-2.61199077416144,-0.368487959238271,0.00517961742547857,0,1
"Fixed mixed-signal covariate-driven SAR design, lambda = 2",50,390,"network only",-8.39156559974377,-0.797957672221876,0.012227293479202,1,0
"Fixed mixed-signal covariate-driven SAR design, lambda = 2",50,391,"both",4.10815749796605,0.130874059030447,0.00190790763193983,0,1
"Fixed mixed-signal covariate-driven SAR design, lambda = 2",50,392,"both",9.17857266819402,0.507647405441118,0.000898041020481171,0,1
"Fixed mixed-signal covariate-driven SAR design, lambda = 2",50,393,"both",4.41309197693076,0.153533186580817,0.00182337450111785,0,1
"Fixed mixed-signal covariate-driven SAR design, lambda = 2",50,394,"both",8.76511987011586,0.476924478602809,0.000954952499746755,0,1
"Fixed mixed-signal covariate-driven SAR design, lambda = 2",50,395,"both",13.614893550344,0.837302356446644,0.00046447412194742,1,0
"Fixed mixed-signal covariate-driven SAR design, lambda = 2",50,396,"both",2.03641419467924,-0.0230734247706032,0.00259581914215346,1,0
"Fixed mixed-signal covariate-driven SAR design, lambda = 2",50,397,"both",8.32987198573002,0.444581998468022,0.00101876517589506,1,0
"Fixed mixed-signal covariate-driven SAR design, lambda = 2",50,398,"both",30.7997526778096,2.11427804062125,3.61238920736862e-05,0,1
"Fixed mixed-signal covariate-driven SAR design, lambda = 2",50,399,"both",21.2510920944125,1.40473440741529,0.000149312547488501,0,1
"Fixed mixed-signal covariate-driven SAR design, lambda = 2",50,400,"both",1.82540267851847,-0.0387533074638202,0.00267851327888657,1,0
"Fixed mixed-signal covariate-driven SAR design, lambda = 2",51,356,"covariates only",3.18330940097972,0.116526337142465,0.00920936465418803,0,1
"Fixed mixed-signal covariate-driven SAR design, lambda = 2",51,357,"covariates only",5.05324081775987,0.265505964433922,0.00683640226741655,0,1
"Fixed mixed-signal covariate-driven SAR design, lambda = 2",51,358,"covariates only",7.85858739442911,0.489011213698732,0.00437213352342804,0,1
"Fixed mixed-signal covariate-driven SAR design, lambda = 2",51,359,"covariates only",13.6386231210534,0.949513433489516,0.00174062922400709,0,1
"Fixed mixed-signal covariate-driven SAR design, lambda = 2",51,360,"covariates only",13.8348608203541,0.965147920957883,0.00168704368095761,0,1
"Fixed mixed-signal covariate-driven SAR design, lambda = 2",51,361,"network only",2.19938091321289,0.0381356014857773,0.0107725618811752,1,0
"Fixed mixed-signal covariate-driven SAR design, lambda = 2",51,362,"network only",-17.1118668048553,-1.50041413448513,0.233714855671926,1,0
"Fixed mixed-signal covariate-driven SAR design, lambda = 2",51,363,"network only",-21.5094746472216,-1.85077670471127,0.470985330101836,1,0
"Fixed mixed-signal covariate-driven SAR design, lambda = 2",51,364,"network only",-26.2346990543614,-2.22724087057696,1,1,0
"Fixed mixed-signal covariate-driven SAR design, lambda = 2",51,365,"network only",-9.52911808926909,-0.896287658318419,0.0698149977708693,0,1
"Fixed mixed-signal covariate-driven SAR design, lambda = 2",51,366,"both",4.1871936007736,0.19650696776185,0.00784800690656834,0,1
"Fixed mixed-signal covariate-driven SAR design, lambda = 2",51,367,"both",2.49938365136036,0.0620371711982035,0.0102697142051927,0,1
"Fixed mixed-signal covariate-driven SAR design, lambda = 2",51,368,"both",7.83891737462486,0.487444080170222,0.00438585845506425,1,0
"Fixed mixed-signal covariate-driven SAR design, lambda = 2",51,369,"both",1.11011121029453,-0.048647792228246,0.0128143946653334,0,1
"Fixed mixed-signal covariate-driven SAR design, lambda = 2",51,370,"both",20.5744943537051,1.5021024225345,0.000576412742970709,0,1
"Fixed mixed-signal covariate-driven SAR design, lambda = 2",51,371,"covariates only",4.99366998358543,0.260759886265969,0.00690160342675596,0,1
"Fixed mixed-signal covariate-driven SAR design, lambda = 2",51,372,"covariates only",3.85197207128998,0.169799475671826,0.00827860591513624,0,1
"Fixed mixed-signal covariate-driven SAR design, lambda = 2",51,373,"covariates only",12.0561678239783,0.823437365539617,0.00223982739422626,0,1
"Fixed mixed-signal covariate-driven SAR design, lambda = 2",51,374,"covariates only",1.88694227709964,0.0132432492091617,0.0113224450063169,0,1
"Fixed mixed-signal covariate-driven SAR design, lambda = 2",51,375,"covariates only",0.730161107697104,-0.0789188621543203,0.0136141713620089,0,1
"Fixed mixed-signal covariate-driven SAR design, lambda = 2",51,376,"covariates only",11.4730282573788,0.776977952904848,0.00245792532924417,1,0
"Fixed mixed-signal covariate-driven SAR design, lambda = 2",51,377,"covariates only",7.53145154294341,0.462947917050167,0.00460608245886724,0,1
"Fixed mixed-signal covariate-driven SAR design, lambda = 2",51,378,"covariates only",13.266844134503,0.919893365954395,0.0018468598267045,0,1
"Fixed mixed-signal covariate-driven SAR design, lambda = 2",51,379,"covariates only",6.28597417665246,0.363719275740171,0.00561720936520576,0,1
"Fixed mixed-signal covariate-driven SAR design, lambda = 2",51,380,"covariates only",9.74557595911329,0.639349803952463,0.00323676356190302,0,1
"Fixed mixed-signal covariate-driven SAR design, lambda = 2",51,381,"network only",-5.36957857208696,-0.564892270544828,0.0359834128790833,0,1
"Fixed mixed-signal covariate-driven SAR design, lambda = 2",51,382,"network only",-8.81286262867833,-0.839222746414846,0.062284900613141,1,0
"Fixed mixed-signal covariate-driven SAR design, lambda = 2",51,383,"network only",-12.6482956135581,-1.14479618694918,0.114762630399739,1,0
"Fixed mixed-signal covariate-driven SAR design, lambda = 2",51,384,"network only",-24.9102420169719,-2.12171982631663,0.809739985405958,1,0
"Fixed mixed-signal covariate-driven SAR design, lambda = 2",51,385,"network only",-6.28905177242009,-0.638147777918453,0.0416611522412275,0,1
"Fixed mixed-signal covariate-driven SAR design, lambda = 2",51,386,"network only",-13.3632624519084,-1.20175843280875,0.128610750334499,1,0
"Fixed mixed-signal covariate-driven SAR design, lambda = 2",51,387,"network only",-2.44733619414106,-0.33207379580562,0.0225880528024224,0,1
"Fixed mixed-signal covariate-driven SAR design, lambda = 2",51,388,"network only",-17.1036294348504,-1.49975785356371,0.233408291706361,1,0
"Fixed mixed-signal covariate-driven SAR design, lambda = 2",51,389,"network only",-8.78184415243828,-0.836751468063179,0.0619778134830247,1,0
"Fixed mixed-signal covariate-driven SAR design, lambda = 2",51,390,"network only",-17.6558496306898,-1.54375388369653,0.254877058462067,1,0
"Fixed mixed-signal covariate-driven SAR design, lambda = 2",51,391,"both",19.942865989122,1.45177985054181,0.00063744571197917,0,1
"Fixed mixed-signal covariate-driven SAR design, lambda = 2",51,392,"both",18.4575973487329,1.33344675742021,0.000807655254273139,0,1
"Fixed mixed-signal covariate-driven SAR design, lambda = 2",51,393,"both",28.9653215507295,2.17060945828034,0.000151382523278675,0,1
"Fixed mixed-signal covariate-driven SAR design, lambda = 2",51,394,"both",16.7110711112547,1.19429896537857,0.00106681290168555,0,1
"Fixed mixed-signal covariate-driven SAR design, lambda = 2",51,395,"both",9.09626768617854,0.587618652942848,0.00358958368983828,0,1
"Fixed mixed-signal covariate-driven SAR design, lambda = 2",51,396,"both",0.359620322527521,-0.108440280734421,0.0144421945533638,0,1
"Fixed mixed-signal covariate-driven SAR design, lambda = 2",51,397,"both",4.62388982441879,0.231299067650878,0.00732047636122901,1,0
"Fixed mixed-signal covariate-driven SAR design, lambda = 2",51,398,"both",5.20318335293355,0.277452061924372,0.00667500139970195,0,1
"Fixed mixed-signal covariate-driven SAR design, lambda = 2",51,399,"both",5.80113376177654,0.325091471717056,0.00606837339317249,0,1
"Fixed mixed-signal covariate-driven SAR design, lambda = 2",51,400,"both",6.23859918041651,0.359944854272715,0.00565977324834533,1,0
"Fixed mixed-signal covariate-driven SAR design, lambda = 2",52,356,"covariates only",23.2206588447245,1.24257104901175,0.000547254932459333,0,1
"Fixed mixed-signal covariate-driven SAR design, lambda = 2",52,357,"covariates only",7.60295007969048,0.175081132211897,0.00462806708252346,0,1
"Fixed mixed-signal covariate-driven SAR design, lambda = 2",52,358,"covariates only",8.05594855587008,0.206044144323512,0.0043501628445578,0,1
"Fixed mixed-signal covariate-driven SAR design, lambda = 2",52,359,"covariates only",2.07002257332915,-0.203101379210571,0.00986017904329231,0,1
"Fixed mixed-signal covariate-driven SAR design, lambda = 2",52,360,"covariates only",1.44138830960325,-0.246069316952162,0.0107449964798022,0,1
"Fixed mixed-signal covariate-driven SAR design, lambda = 2",52,361,"network only",-13.8489989063548,-1.2911863967087,0.0868927293571461,1,0
"Fixed mixed-signal covariate-driven SAR design, lambda = 2",52,362,"network only",-11.1933839568659,-1.10967179529488,0.0604396386764163,1,0
"Fixed mixed-signal covariate-driven SAR design, lambda = 2",52,363,"network only",-3.46188557287908,-0.581214216092336,0.0210043592762094,1,0
"Fixed mixed-signal covariate-driven SAR design, lambda = 2",52,364,"network only",-3.57116146248387,-0.5886833597457,0.0213204837300898,1,0
"Fixed mixed-signal covariate-driven SAR design, lambda = 2",52,365,"network only",-8.42750831174631,-0.920620737504778,0.0414108549609088,1,0
"Fixed mixed-signal covariate-driven SAR design, lambda = 2",52,366,"both",20.7541596028651,1.07398274261598,0.000766696758217374,1,0
"Fixed mixed-signal covariate-driven SAR design, lambda = 2",52,367,"both",4.65966156733714,-0.0260963168262353,0.00692054277487974,0,1
"Fixed mixed-signal covariate-driven SAR design, lambda = 2",52,368,"both",14.0637790676659,0.616686869813632,0.00191348814220462,0,1
"Fixed mixed-signal covariate-driven SAR design, lambda = 2",52,369,"both",-0.0521071931149004,-0.348151601487199,0.0131787379762784,0,1
"Fixed mixed-signal covariate-driven SAR design, lambda = 2",52,370,"both",21.121832472105,1.09911364283312,0.000729113608837532,0,1
"Fixed mixed-signal covariate-driven SAR design, lambda = 2",52,371,"covariates only",3.78946209351427,-0.0855755386433429,0.00779476727092182,0,1
"Fixed mixed-signal covariate-driven SAR design, lambda = 2",52,372,"covariates only",27.6776231071753,1.54721012771934,0.000297566161578538,0,1
"Fixed mixed-signal covariate-driven SAR design, lambda = 2",52,373,"covariates only",49.9756188834766,3,1.62819453643395e-05,0,1
"Fixed mixed-signal covariate-driven SAR design, lambda = 2",52,374,"covariates only",3.61258635115671,-0.0976652167346587,0.0079855367727735,1,0
"Fixed mixed-signal covariate-driven SAR design, lambda = 2",52,375,"covariates only",4.10737773692705,-0.0638456070098443,0.00746326348174563,0,1
"Fixed mixed-signal covariate-driven SAR design, lambda = 2",52,376,"covariates only",28.8099676717339,1.62460729417923,0.00025489259470665,0,1
"Fixed mixed-signal covariate-driven SAR design, lambda = 2",52,377,"covariates only",16.9549388819323,0.814301257174734,0.00128878389183714,0,1
"Fixed mixed-signal covariate-driven SAR design, lambda = 2",52,378,"covariates only",10.7615623376258,0.39097622842315,0.00300521499664141,0,1
"Fixed mixed-signal covariate-driven SAR design, lambda = 2",52,379,"covariates only",5.95714669281866,0.0625884134045049,0.00579574913895782,1,0
"Fixed mixed-signal covariate-driven SAR design, lambda = 2",52,380,"covariates only",5.02389117123877,-0.00120076809917153,0.00658439927509055,1,0
"Fixed mixed-signal covariate-driven SAR design, lambda = 2",52,381,"network only",-13.2018247796581,-1.24695123615755,0.0795355459732403,1,0
"Fixed mixed-signal covariate-driven SAR design, lambda = 2",52,382,"network only",-12.6864962112899,-1.21172788432994,0.0741253320747725,0,1
"Fixed mixed-signal covariate-driven SAR design, lambda = 2",52,383,"network only",-4.13536027509507,-0.627247053856921,0.0230299530754717,0,1
"Fixed mixed-signal covariate-driven SAR design, lambda = 2",52,384,"network only",-8.48897378976207,-0.924821979761261,0.041760274970694,1,0
"Fixed mixed-signal covariate-driven SAR design, lambda = 2",52,385,"network only",-5.08219074290791,-0.691964099904801,0.026212326268294,0,1
"Fixed mixed-signal covariate-driven SAR design, lambda = 2",52,386,"network only",-31.7205149040434,-2.51272685520234,1,1,0
"Fixed mixed-signal covariate-driven SAR design, lambda = 2",52,387,"network only",-10.1865758703639,-1.04085520403537,0.0526682062564081,1,0
"Fixed mixed-signal covariate-driven SAR design, lambda = 2",52,388,"network only",-10.2702448591649,-1.04657408400923,0.0532740708181165,1,0
"Fixed mixed-signal covariate-driven SAR design, lambda = 2",52,389,"network only",-8.09032668889208,-0.897573952093274,0.0395454037087649,0,1
"Fixed mixed-signal covariate-driven SAR design, lambda = 2",52,390,"network only",-5.4196557343655,-0.715030253914566,0.027449887687211,0,1
"Fixed mixed-signal covariate-driven SAR design, lambda = 2",52,391,"both",5.38852370220943,0.023722321196734,0.00626423783290664,0,1
"Fixed mixed-signal covariate-driven SAR design, lambda = 2",52,392,"both",29.0967760827642,1.6442110075942,0.000245092289725553,0,1
"Fixed mixed-signal covariate-driven SAR design, lambda = 2",52,393,"both",18.1157388226458,0.893643384165076,0.00109967513046955,0,1
"Fixed mixed-signal covariate-driven SAR design, lambda = 2",52,394,"both",7.64798095517829,0.178159048841737,0.00459966498223533,0,1
"Fixed mixed-signal covariate-driven SAR design, lambda = 2",52,395,"both",8.90770829618423,0.264262987304954,0.00387201713190795,1,0
"Fixed mixed-signal covariate-driven SAR design, lambda = 2",52,396,"both",21.4451431739587,1.12121233345508,0.000697590448564326,0,1
"Fixed mixed-signal covariate-driven SAR design, lambda = 2",52,397,"both",5.91026616860728,0.0593840709722794,0.00583301154270994,0,1
"Fixed mixed-signal covariate-driven SAR design, lambda = 2",52,398,"both",1.79710030233934,-0.22175595759559,0.0102350027087482,0,1
"Fixed mixed-signal covariate-driven SAR design, lambda = 2",52,399,"both",7.54024266009876,0.170795001696224,0.00466791061220678,0,1
"Fixed mixed-signal covariate-driven SAR design, lambda = 2",52,400,"both",11.1927982470027,0.420451741889791,0.00283317526599018,0,1
"Fixed mixed-signal covariate-driven SAR design, lambda = 2",53,356,"covariates only",5.02248934618483,0.219968678178993,0.00159650668847325,0,1
"Fixed mixed-signal covariate-driven SAR design, lambda = 2",53,357,"covariates only",2.04998370309647,0.00419532500309968,0.00245804084697068,1,0
"Fixed mixed-signal covariate-driven SAR design, lambda = 2",53,358,"covariates only",12.5259861980862,0.764645415814172,0.000537119029481007,0,1
"Fixed mixed-signal covariate-driven SAR design, lambda = 2",53,359,"covariates only",9.09455763331103,0.515558976120883,0.000883943021923356,0,1
"Fixed mixed-signal covariate-driven SAR design, lambda = 2",53,360,"covariates only",17.9970696150796,1.16178983070691,0.00024272543236503,0,1
"Fixed mixed-signal covariate-driven SAR design, lambda = 2",53,361,"network only",-2.71250168890792,-0.341512157461535,0.00490757335165867,1,0
"Fixed mixed-signal covariate-driven SAR design, lambda = 2",53,362,"network only",-14.9657473653294,-1.23097183369028,0.0290697741790678,1,0
"Fixed mixed-signal covariate-driven SAR design, lambda = 2",53,363,"network only",-3.79276889372308,-0.41992845169159,0.00574087812663695,1,0
"Fixed mixed-signal covariate-driven SAR design, lambda = 2",53,364,"network only",-2.77563177319758,-0.346094752621658,0.00495275894642367,0,1
"Fixed mixed-signal covariate-driven SAR design, lambda = 2",53,365,"network only",-8.55392514736287,-0.765539452374119,0.0114596730788689,1,0
"Fixed mixed-signal covariate-driven SAR design, lambda = 2",53,366,"both",15.1517516529333,0.955248995714233,0.000366871836066564,0,1
"Fixed mixed-signal covariate-driven SAR design, lambda = 2",53,367,"both",0.0601926597604421,-0.140243050257274,0.00328130555905109,0,1
"Fixed mixed-signal covariate-driven SAR design, lambda = 2",53,368,"both",1.80555450216449,-0.0135477223219174,0.00254683324732908,1,0
"Fixed mixed-signal covariate-driven SAR design, lambda = 2",53,369,"both",5.51536454014902,0.255746350644024,0.00148625952491814,0,1
"Fixed mixed-signal covariate-driven SAR design, lambda = 2",53,370,"both",33.8147794982548,2.30999296666803,2.44229832303988e-05,0,1
"Fixed mixed-signal covariate-driven SAR design, lambda = 2",53,371,"covariates only",11.9598615888077,0.723550588780472,0.000583129553525283,0,1
"Fixed mixed-signal covariate-driven SAR design, lambda = 2",53,372,"covariates only",20.1859486435255,1.32067994711841,0.000176646518249087,0,1
"Fixed mixed-signal covariate-driven SAR design, lambda = 2",53,373,"covariates only",9.09907482291538,0.515886877650735,0.000883363519425499,0,1
"Fixed mixed-signal covariate-driven SAR design, lambda = 2",53,374,"covariates only",25.2293545100008,1.68677936824708,8.49405688098334e-05,0,1
"Fixed mixed-signal covariate-driven SAR design, lambda = 2",53,375,"covariates only",13.8612451531317,0.861571489868301,0.000442467749022852,1,0
"Fixed mixed-signal covariate-driven SAR design, lambda = 2",53,376,"covariates only",13.5622736200332,0.839869229907654,0.000462095739583676,0,1
"Fixed mixed-signal covariate-driven SAR design, lambda = 2",53,377,"covariates only",1.17575677978787,-0.0592645628250543,0.00279067751879956,0,1
"Fixed mixed-signal covariate-driven SAR design, lambda = 2",53,378,"covariates only",5.53138506879672,0.256909276337371,0.00148280672304965,0,1
"Fixed mixed-signal covariate-driven SAR design, lambda = 2",53,379,"covariates only",7.95085838493182,0.432538167591439,0.00104360278591356,0,1
"Fixed mixed-signal covariate-driven SAR design, lambda = 2",53,380,"covariates only",13.1446503210964,0.809554071453541,0.000490979519473124,0,1
"Fixed mixed-signal covariate-driven SAR design, lambda = 2",53,381,"network only",-6.68892117969437,-0.630159336031573,0.00874143139164245,1,0
"Fixed mixed-signal covariate-driven SAR design, lambda = 2",53,382,"network only",-15.4250711574164,-1.26431401927789,0.0310743685668012,0,1
"Fixed mixed-signal covariate-driven SAR design, lambda = 2",53,383,"network only",-42.6722963965824,-3,1,1,0
"Fixed mixed-signal covariate-driven SAR design, lambda = 2",53,384,"network only",-31.4198376808425,-2.42536964722934,0.316870943739307,1,0
"Fixed mixed-signal covariate-driven SAR design, lambda = 2",53,385,"network only",-6.40629198231585,-0.609643361649632,0.0083900124323304,1,0
"Fixed mixed-signal covariate-driven SAR design, lambda = 2",53,386,"network only",-13.051235015832,-1.09199791775904,0.0220155960706335,1,0
"Fixed mixed-signal covariate-driven SAR design, lambda = 2",53,387,"network only",-10.2400954973671,-0.887938086432947,0.0146381546464417,1,0
"Fixed mixed-signal covariate-driven SAR design, lambda = 2",53,388,"network only",-10.9185497132105,-0.937186888186867,0.0161533757946162,0,1
"Fixed mixed-signal covariate-driven SAR design, lambda = 2",53,389,"network only",-16.4935998546338,-1.34187821852487,0.0362888929834273,1,0
"Fixed mixed-signal covariate-driven SAR design, lambda = 2",53,390,"network only",-7.45791925231182,-0.685980691022196,0.00977391068734136,0,1
"Fixed mixed-signal covariate-driven SAR design, lambda = 2",53,391,"both",5.4527216292584,0.251199119264667,0.00149983790727561,0,1
"Fixed mixed-signal covariate-driven SAR design, lambda = 2",53,392,"both",5.93707297327103,0.286358047845967,0.00139799516219943,1,0
"Fixed mixed-signal covariate-driven SAR design, lambda = 2",53,393,"both",5.64736155056286,0.265327976708356,0.00145804912373285,0,1
"Fixed mixed-signal covariate-driven SAR design, lambda = 2",53,394,"both",7.28108621195673,0.383919592900833,0.00115017728709023,0,1
"Fixed mixed-signal covariate-driven SAR design, lambda = 2",53,395,"both",12.0339480355837,0.728928503228813,0.000576891121717969,0,1
"Fixed mixed-signal covariate-driven SAR design, lambda = 2",53,396,"both",1.9664395588914,-0.00186912105615477,0.00248803569364521,0,1
"Fixed mixed-signal covariate-driven SAR design, lambda = 2",53,397,"both",3.48506122274523,0.108367200740983,0.0019957519118424,0,1
"Fixed mixed-signal covariate-driven SAR design, lambda = 2",53,398,"both",9.87842129512841,0.572459420073394,0.000788862250236715,0,1
"Fixed mixed-signal covariate-driven SAR design, lambda = 2",53,399,"both",2.08609908300603,0.006816930328703,0.00244518654936419,0,1
"Fixed mixed-signal covariate-driven SAR design, lambda = 2",53,400,"both",4.71653312184261,0.197759401434689,0.0016690197467786,0,1
"Fixed mixed-signal covariate-driven SAR design, lambda = 2",54,356,"covariates only",7.74523096593933,0.374896665497432,0.0104359351148605,1,0
"Fixed mixed-signal covariate-driven SAR design, lambda = 2",54,357,"covariates only",5.69058862904304,0.181890270760105,0.015352340520203,0,1
"Fixed mixed-signal covariate-driven SAR design, lambda = 2",54,358,"covariates only",2.36740389279222,-0.130278856426657,0.0286629742389007,0,1
"Fixed mixed-signal covariate-driven SAR design, lambda = 2",54,359,"covariates only",8.77915120327103,0.472019757857533,0.00859352459090702,0,1
"Fixed mixed-signal covariate-driven SAR design, lambda = 2",54,360,"covariates only",9.00128785936348,0.49288655027269,0.0082422666112052,0,1
"Fixed mixed-signal covariate-driven SAR design, lambda = 2",54,361,"network only",-16.53973104329,-1.90635339908298,1,1,0
"Fixed mixed-signal covariate-driven SAR design, lambda = 2",54,362,"network only",-10.7031215248133,-1.35808135171904,0.334023444709501,0,1
"Fixed mixed-signal covariate-driven SAR design, lambda = 2",54,363,"network only",-6.97488034537139,-1.00786254437065,0.165798561999009,0,1
"Fixed mixed-signal covariate-driven SAR design, lambda = 2",54,364,"network only",-1.96955772077072,-0.537678874481581,0.0647417467917133,1,0
"Fixed mixed-signal covariate-driven SAR design, lambda = 2",54,365,"network only",-2.65497270323168,-0.602064520726744,0.0736392021815509,0,1
"Fixed mixed-signal covariate-driven SAR design, lambda = 2",54,366,"both",3.83650905811056,0.00772408761682916,0.0217497074220082,0,1
"Fixed mixed-signal covariate-driven SAR design, lambda = 2",54,367,"both",4.05275005010473,0.0280370605901515,0.0208838129655625,0,1
"Fixed mixed-signal covariate-driven SAR design, lambda = 2",54,368,"both",7.11280634773872,0.315488761109354,0.0117525584650877,0,1
"Fixed mixed-signal covariate-driven SAR design, lambda = 2",54,369,"both",34.1805519013209,2.85814442878915,7.27126158298795e-05,0,1
"Fixed mixed-signal covariate-driven SAR design, lambda = 2",54,370,"both",3.71150721949063,-0.00401817709480619,0.0222665340274521,1,0
"Fixed mixed-signal covariate-driven SAR design, lambda = 2",54,371,"covariates only",9.65843831969753,0.554617119565175,0.00728497670288893,0,1
"Fixed mixed-signal covariate-driven SAR design, lambda = 2",54,372,"covariates only",5.07582365484825,0.124141255688529,0.0172319629344403,0,1
"Fixed mixed-signal covariate-driven SAR design, lambda = 2",54,373,"covariates only",5.33801747170297,0.148770887038378,0.0164036965158419,0,1
"Fixed mixed-signal covariate-driven SAR design, lambda = 2",54,374,"covariates only",2.38854996671412,-0.128292463263612,0.0285493282618443,0,1
"Fixed mixed-signal covariate-driven SAR design, lambda = 2",54,375,"covariates only",14.2816748182722,0.988908865911561,0.0030563785936661,0,1
"Fixed mixed-signal covariate-driven SAR design, lambda = 2",54,376,"covariates only",0.777024952398204,-0.2796738630609,0.0386441809812013,1,0
"Fixed mixed-signal covariate-driven SAR design, lambda = 2",54,377,"covariates only",31.9187175821111,2.64567509551176,0.000111213699233532,0,1
"Fixed mixed-signal covariate-driven SAR design, lambda = 2",54,378,"covariates only",9.65649416352228,0.554434491879834,0.0072876380657639,0,1
"Fixed mixed-signal covariate-driven SAR design, lambda = 2",54,379,"covariates only",6.15570790582699,0.22558205746324,0.0140677418725466,0,1
"Fixed mixed-signal covariate-driven SAR design, lambda = 2",54,380,"covariates only",8.26817207375649,0.424020046276297,0.00945939462856066,0,1
"Fixed mixed-signal covariate-driven SAR design, lambda = 2",54,381,"network only",-4.25270771307014,-0.752150532514251,0.0994196266963134,0,1
"Fixed mixed-signal covariate-driven SAR design, lambda = 2",54,382,"network only",-0.540346907371538,-0.403423475641476,0.0494961768926078,1,0
"Fixed mixed-signal covariate-driven SAR design, lambda = 2",54,383,"network only",-3.35004422308871,-0.667357270575775,0.083911529364793,1,0
"Fixed mixed-signal covariate-driven SAR design, lambda = 2",54,384,"network only",-7.16243861071554,-1.02548115562342,0.171744995442892,1,0
"Fixed mixed-signal covariate-driven SAR design, lambda = 2",54,385,"network only",-3.55302044257944,-0.686424194116588,0.0871731934465296,0,1
"Fixed mixed-signal covariate-driven SAR design, lambda = 2",54,386,"network only",-7.83030330812165,-1.08821818537499,0.194704855720453,1,0
"Fixed mixed-signal covariate-driven SAR design, lambda = 2",54,387,"network only",-8.8848229560517,-1.18727631912984,0.23736549330819,1,0
"Fixed mixed-signal covariate-driven SAR design, lambda = 2",54,388,"network only",-13.3265646465937,-1.60451903561206,0.546801884927017,1,0
"Fixed mixed-signal covariate-driven SAR design, lambda = 2",54,389,"network only",-10.6689537972045,-1.35487174691156,0.331886145426827,1,0
"Fixed mixed-signal covariate-driven SAR design, lambda = 2",54,390,"network only",-4.89568231820976,-0.812549468240026,0.112184789427213,1,0
"Fixed mixed-signal covariate-driven SAR design, lambda = 2",54,391,"both",3.88984577353761,0.0127343645720172,0.0215328516284013,0,1
"Fixed mixed-signal covariate-driven SAR design, lambda = 2",54,392,"both",2.10393416244872,-0.155028342925037,0.0301174629105441,0,1
"Fixed mixed-signal covariate-driven SAR design, lambda = 2",54,393,"both",-6.4725128062656,-0.96067177748402,0.150866001535153,1,0
"Fixed mixed-signal covariate-driven SAR design, lambda = 2",54,394,"both",17.7660091092318,1.31621585627253,0.00158822456772571,0,1
"Fixed mixed-signal covariate-driven SAR design, lambda = 2",54,395,"both",15.6893724150194,1.12114338339893,0.00234611721797272,0,1
"Fixed mixed-signal covariate-driven SAR design, lambda = 2",54,396,"both",5.43724977873896,0.158092446065248,0.016100713514604,0,1
"Fixed mixed-signal covariate-driven SAR design, lambda = 2",54,397,"both",3.57005067951896,-0.0173061427429737,0.0228662212337899,1,0
"Fixed mixed-signal covariate-driven SAR design, lambda = 2",54,398,"both",13.1614274816346,0.883676487615923,0.00377234002647201,0,1
"Fixed mixed-signal covariate-driven SAR design, lambda = 2",54,399,"both",18.0878576951576,1.34644926191464,0.00149503550688729,0,1
"Fixed mixed-signal covariate-driven SAR design, lambda = 2",54,400,"both",19.0202217231597,1.43403249545167,0.00125480915076081,0,1
"Fixed mixed-signal covariate-driven SAR design, lambda = 2",55,356,"covariates only",5.85760588557478,0.185016047305537,0.0160494158685591,0,1
"Fixed mixed-signal covariate-driven SAR design, lambda = 2",55,357,"covariates only",0.712895373356192,-0.316193780845504,0.0437325252752594,0,1
"Fixed mixed-signal covariate-driven SAR design, lambda = 2",55,358,"covariates only",1.75214863760539,-0.214947277520845,0.0357160120159082,0,1
"Fixed mixed-signal covariate-driven SAR design, lambda = 2",55,359,"covariates only",14.2001371307382,0.997765110989955,0.00315874351617422,0,1
"Fixed mixed-signal covariate-driven SAR design, lambda = 2",55,360,"covariates only",3.55353257737837,-0.0394522068568378,0.0251437400943757,1,0
"Fixed mixed-signal covariate-driven SAR design, lambda = 2",55,361,"network only",-3.87511868446531,-0.763168927846268,0.10691588509879,1,0
"Fixed mixed-signal covariate-driven SAR design, lambda = 2",55,362,"network only",-4.7068495537122,-0.844198110159459,0.125725476159621,1,0
"Fixed mixed-signal covariate-driven SAR design, lambda = 2",55,363,"network only",-1.94363035175427,-0.574998780465834,0.073383719803311,1,0
"Fixed mixed-signal covariate-driven SAR design, lambda = 2",55,364,"network only",-9.24585952996474,-1.28639916399336,0.304448784325855,1,0
"Fixed mixed-signal covariate-driven SAR design, lambda = 2",55,365,"network only",-15.3494502721684,-1.88102536496982,1,1,0
"Fixed mixed-signal covariate-driven SAR design, lambda = 2",55,366,"both",22.2715028802116,1.78409659273803,0.00065541370212167,0,1
"Fixed mixed-signal covariate-driven SAR design, lambda = 2",55,367,"both",2.9385479211671,-0.0993654620581015,0.0283445698787287,0,1
"Fixed mixed-signal covariate-driven SAR design, lambda = 2",55,368,"both",9.20121589539898,0.510758417930275,0.00836609905538126,0,1
"Fixed mixed-signal covariate-driven SAR design, lambda = 2",55,369,"both",1.85817076247056,-0.204618352140559,0.0349857646099301,1,0
"Fixed mixed-signal covariate-driven SAR design, lambda = 2",55,370,"both",7.22519924048812,0.318250216413534,0.0122951406623334,0,1
"Fixed mixed-signal covariate-driven SAR design, lambda = 2",55,371,"covariates only",25.3775300321056,2.08669308117717,0.000357835600937354,0,1
"Fixed mixed-signal covariate-driven SAR design, lambda = 2",55,372,"covariates only",6.81123861536945,0.277921196289999,0.0133279343069566,0,1
"Fixed mixed-signal covariate-driven SAR design, lambda = 2",55,373,"covariates only",4.40437546686908,0.0434389135302789,0.0213025486818488,0,1
"Fixed mixed-signal covariate-driven SAR design, lambda = 2",55,374,"covariates only",4.32953983809781,0.0361482501300853,0.0216154437748306,0,1
"Fixed mixed-signal covariate-driven SAR design, lambda = 2",55,375,"covariates only",4.60949613377739,0.063422252528104,0.020467945822165,0,1
"Fixed mixed-signal covariate-driven SAR design, lambda = 2",55,376,"covariates only",5.24263715229884,0.125104343354176,0.0180924705920403,0,1
"Fixed mixed-signal covariate-driven SAR design, lambda = 2",55,377,"covariates only",11.3471790372598,0.719823206900626,0.00550720995816201,0,1
"Fixed mixed-signal covariate-driven SAR design, lambda = 2",55,378,"covariates only",19.7328573890929,1.53677576344782,0.00107481980271429,0,1
"Fixed mixed-signal covariate-driven SAR design, lambda = 2",55,379,"covariates only",1.10191128233256,-0.278294933782488,0.0405402138727243,1,0
"Fixed mixed-signal covariate-driven SAR design, lambda = 2",55,380,"covariates only",2.11525653928399,-0.179572449613933,0.0332764336506239,1,0
"Fixed mixed-signal covariate-driven SAR design, lambda = 2",55,381,"network only",-7.98993391079171,-1.16404392898816,0.238362448241515,1,0
"Fixed mixed-signal covariate-driven SAR design, lambda = 2",55,382,"network only",-7.40815176648331,-1.10736534078041,0.212817551007037,0,1
"Fixed mixed-signal covariate-driven SAR design, lambda = 2",55,383,"network only",-7.86305372628053,-1.15168296225863,0.232541911560906,1,0
"Fixed mixed-signal covariate-driven SAR design, lambda = 2",55,384,"network only",-9.70185360068747,-1.33082318149289,0.332736508842585,1,0
"Fixed mixed-signal covariate-driven SAR design, lambda = 2",55,385,"network only",-1.3054015216302,-0.512821023037538,0.0648026563204492,0,1
"Fixed mixed-signal covariate-driven SAR design, lambda = 2",55,386,"network only",-2.9022172711374,-0.668386578280849,0.088453563279882,1,0
"Fixed mixed-signal covariate-driven SAR design, lambda = 2",55,387,"network only",-11.9146429067704,-1.54639833294257,0.512090422006297,1,0
"Fixed mixed-signal covariate-driven SAR design, lambda = 2",55,388,"network only",-9.01049385460576,-1.26346928496146,0.290802144165304,0,1
"Fixed mixed-signal covariate-driven SAR design, lambda = 2",55,389,"network only",-11.1654801369015,-1.47341312954748,0.44253997888849,1,0
"Fixed mixed-signal covariate-driven SAR design, lambda = 2",55,390,"network only",1.55913193482348,-0.233751419795098,0.0370848076570761,0,1
"Fixed mixed-signal covariate-driven SAR design, lambda = 2",55,391,"both",13.4948144662917,0.929050914030057,0.00362408818314607,0,1
"Fixed mixed-signal covariate-driven SAR design, lambda = 2",55,392,"both",7.34407148401782,0.32983103065176,0.0120136377991105,0,1
"Fixed mixed-signal covariate-driven SAR design, lambda = 2",55,393,"both",22.7731150259562,1.83296483066319,0.000594386729154527,0,1
"Fixed mixed-signal covariate-driven SAR design, lambda = 2",55,394,"both",14.8460724828898,1.06069365596439,0.00278519318470043,0,1
"Fixed mixed-signal covariate-driven SAR design, lambda = 2",55,395,"both",3.12134243349102,-0.0815571896798534,0.0273528007706573,0,1
"Fixed mixed-signal covariate-driven SAR design, lambda = 2",55,396,"both",25.5376487024398,2.10229221956434,0.000346844096338819,0,1
"Fixed mixed-signal covariate-driven SAR design, lambda = 2",55,397,"both",13.0783052277613,0.888473601978898,0.00393046344979418,0,1
"Fixed mixed-signal covariate-driven SAR design, lambda = 2",55,398,"both",17.1063794986994,1.28089809473154,0.00179303257006271,0,1
"Fixed mixed-signal covariate-driven SAR design, lambda = 2",55,399,"both",3.01160709675085,-0.0922478649159067,0.0279439377232267,0,1
"Fixed mixed-signal covariate-driven SAR design, lambda = 2",55,400,"both",5.99885949124966,0.19877730661408,0.0156137187649798,0,1
"Fixed mixed-signal covariate-driven SAR design, lambda = 2",56,356,"covariates only",3.9536261075597,0.281181793813549,0.00141254309224198,0,1
"Fixed mixed-signal covariate-driven SAR design, lambda = 2",56,357,"covariates only",0.230643931386753,0.0578831099815653,0.00220778347339147,1,0
"Fixed mixed-signal covariate-driven SAR design, lambda = 2",56,358,"covariates only",6.68166144709937,0.444805112954051,0.00101831067477118,1,0
"Fixed mixed-signal covariate-driven SAR design, lambda = 2",56,359,"covariates only",3.63690326814993,0.262185250227506,0.00146724248486865,1,0
"Fixed mixed-signal covariate-driven SAR design, lambda = 2",56,360,"covariates only",24.2844605950439,1.50059364362473,0.000123263368147792,0,1
"Fixed mixed-signal covariate-driven SAR design, lambda = 2",56,361,"network only",-8.78138700604992,-0.48264449712381,0.00650807864232041,1,0
"Fixed mixed-signal covariate-driven SAR design, lambda = 2",56,362,"network only",-11.6483590178843,-0.654601021901977,0.0091793585070655,0,1
"Fixed mixed-signal covariate-driven SAR design, lambda = 2",56,363,"network only",-7.91321179942921,-0.43057269774355,0.0058644029286074,0,1
"Fixed mixed-signal covariate-driven SAR design, lambda = 2",56,364,"network only",-18.0575256781989,-1.03901287562169,0.01980196212921,1,0
"Fixed mixed-signal covariate-driven SAR design, lambda = 2",56,365,"network only",-8.566344185332,-0.469746563004988,0.00634234392885667,1,0
"Fixed mixed-signal covariate-driven SAR design, lambda = 2",56,366,"both",6.79589111045011,0.451656430600436,0.00100445229994729,1,0
"Fixed mixed-signal covariate-driven SAR design, lambda = 2",56,367,"both",7.9398156152673,0.520267244255045,0.000875658407800065,0,1
"Fixed mixed-signal covariate-driven SAR design, lambda = 2",56,368,"both",3.84489839661108,0.274660474719873,0.00143108704890084,0,1
"Fixed mixed-signal covariate-driven SAR design, lambda = 2",56,369,"both",4.6069772398282,0.320368779141978,0.00130606359048428,0,1
"Fixed mixed-signal covariate-driven SAR design, lambda = 2",56,370,"both",3.23072492190187,0.237823304393138,0.00154050251277518,1,0
"Fixed mixed-signal covariate-driven SAR design, lambda = 2",56,371,"covariates only",8.21467079835212,0.53675263089483,0.000847258036786813,0,1
"Fixed mixed-signal covariate-driven SAR design, lambda = 2",56,372,"covariates only",3.31535367218772,0.242899205286276,0.0015249427500587,0,1
"Fixed mixed-signal covariate-driven SAR design, lambda = 2",56,373,"covariates only",3.95757778426486,0.281418809239741,0.00141187366191378,0,1
"Fixed mixed-signal covariate-driven SAR design, lambda = 2",56,374,"covariates only",13.0915992534949,0.829263218817008,0.000472002423605722,0,1
"Fixed mixed-signal covariate-driven SAR design, lambda = 2",56,375,"covariates only",1.07117635689881,0.108296938319547,0.00199603238427244,0,1
"Fixed mixed-signal covariate-driven SAR design, lambda = 2",56,376,"covariates only",18.8807289386932,1.17648621856993,0.000235694887930401,0,1
"Fixed mixed-signal covariate-driven SAR design, lambda = 2",56,377,"covariates only",0.716948878131488,0.0870509247629696,0.00208267563378833,0,1
"Fixed mixed-signal covariate-driven SAR design, lambda = 2",56,378,"covariates only",35.6831000440516,2.1842663194513,3.14053392749261e-05,0,1
"Fixed mixed-signal covariate-driven SAR design, lambda = 2",56,379,"covariates only",12.1414912219154,0.772277215954112,0.000528982910506656,0,1
"Fixed mixed-signal covariate-driven SAR design, lambda = 2",56,380,"covariates only",-2.04047157382471,-0.0783348677433361,0.0028991715230444,0,1
"Fixed mixed-signal covariate-driven SAR design, lambda = 2",56,381,"network only",-5.86742875863604,-0.307869810972144,0.00458823262511006,0,1
"Fixed mixed-signal covariate-driven SAR design, lambda = 2",56,382,"network only",-58.8797254503219,-3,1,1,0
"Fixed mixed-signal covariate-driven SAR design, lambda = 2",56,383,"network only",-45.8899975979931,-2.70836127789348,0.558066334734992,1,0
"Fixed mixed-signal covariate-driven SAR design, lambda = 2",56,384,"network only",-7.72324666862554,-0.419178884484407,0.00573227822648239,0,1
"Fixed mixed-signal covariate-driven SAR design, lambda = 2",56,385,"network only",-9.98557205247277,-0.554869644393462,0.00751946181141035,0,1
"Fixed mixed-signal covariate-driven SAR design, lambda = 2",56,386,"network only",-22.6425795936586,-1.31401728235062,0.0343221131153136,1,0
"Fixed mixed-signal covariate-driven SAR design, lambda = 2",56,387,"network only",-10.9801973210982,-0.614525721935686,0.00847233985732147,1,0
"Fixed mixed-signal covariate-driven SAR design, lambda = 2",56,388,"network only",-11.1474884151291,-0.624559581714274,0.00864407782890407,1,0
"Fixed mixed-signal covariate-driven SAR design, lambda = 2",56,389,"network only",-35.0182008675536,-2.05628780938939,0.151461413745634,1,0
"Fixed mixed-signal covariate-driven SAR design, lambda = 2",56,390,"network only",-0.570988702059985,0.00980243070487025,0.00243062984094579,0,1
"Fixed mixed-signal covariate-driven SAR design, lambda = 2",56,391,"both",7.26938587604734,0.480055910629073,0.000948990451301333,0,1
"Fixed mixed-signal covariate-driven SAR design, lambda = 2",56,392,"both",22.6903044872222,1.40497863827297,0.000149239631835131,0,1
"Fixed mixed-signal covariate-driven SAR design, lambda = 2",56,393,"both",7.87049530312666,0.516109519686044,0.000882970259284471,0,1
"Fixed mixed-signal covariate-driven SAR design, lambda = 2",56,394,"both",2.92395137595669,0.219423503963675,0.00159824838639177,0,1
"Fixed mixed-signal covariate-driven SAR design, lambda = 2",56,395,"both",3.14018619297497,0.232392932167724,0.00155732470228712,0,1
"Fixed mixed-signal covariate-driven SAR design, lambda = 2",56,396,"both",0.472571972073608,0.0723935778030786,0.00214463231630314,0,1
"Fixed mixed-signal covariate-driven SAR design, lambda = 2",56,397,"both",3.70386958193668,0.266201785634354,0.00145550323632224,0,1
"Fixed mixed-signal covariate-driven SAR design, lambda = 2",56,398,"both",16.8704217732081,1.05591111965493,0.000299971754529222,0,1
"Fixed mixed-signal covariate-driven SAR design, lambda = 2",56,399,"both",3.38343143423192,0.246982403631944,0.00151254017373655,0,1
"Fixed mixed-signal covariate-driven SAR design, lambda = 2",56,400,"both",2.06090046781628,0.167659052040927,0.00177258188337276,1,0
"Fixed mixed-signal covariate-driven SAR design, lambda = 2",57,356,"covariates only",2.61839077467005,0.0142607920542128,0.0117319938719446,0,1
"Fixed mixed-signal covariate-driven SAR design, lambda = 2",57,357,"covariates only",10.1845241078807,0.574957082158094,0.00382258558577529,0,1
"Fixed mixed-signal covariate-driven SAR design, lambda = 2",57,358,"covariates only",18.2038094212655,1.16923467765896,0.00116459321872617,0,1
"Fixed mixed-signal covariate-driven SAR design, lambda = 2",57,359,"covariates only",5.675386868468,0.240802711574843,0.00745761598240465,0,1
"Fixed mixed-signal covariate-driven SAR design, lambda = 2",57,360,"covariates only",4.28942951896339,0.138094880522164,0.00915821647576759,1,0
"Fixed mixed-signal covariate-driven SAR design, lambda = 2",57,361,"network only",-6.19660414758088,-0.638983703188286,0.0433284134365983,0,1
"Fixed mixed-signal covariate-driven SAR design, lambda = 2",57,362,"network only",-11.0118015440249,-0.995818984487561,0.0884536938602245,1,0
"Fixed mixed-signal covariate-driven SAR design, lambda = 2",57,363,"network only",-20.3153239834003,-1.68526632660074,0.351206323176637,1,0
"Fixed mixed-signal covariate-driven SAR design, lambda = 2",57,364,"network only",-13.2715225253348,-1.16327799096963,0.123642853342695,1,0
"Fixed mixed-signal covariate-driven SAR design, lambda = 2",57,365,"network only",-5.68223610017356,-0.600865916568885,0.0401480168650906,0,1
"Fixed mixed-signal covariate-driven SAR design, lambda = 2",57,366,"both",5.22730450126667,0.207597095193756,0.0079697013672805,0,1
"Fixed mixed-signal covariate-driven SAR design, lambda = 2",57,367,"both",3.8028525529107,0.102036581295764,0.00984307389805753,1,0
"Fixed mixed-signal covariate-driven SAR design, lambda = 2",57,368,"both",8.35276233649115,0.43921244426438,0.00501491425899729,0,1
"Fixed mixed-signal covariate-driven SAR design, lambda = 2",57,369,"both",5.1738393259332,0.203635001989867,0.00803310564842359,0,1
"Fixed mixed-signal covariate-driven SAR design, lambda = 2",57,370,"both",3.11739345324005,0.0512399118111961,0.0108956256183154,1,0
"Fixed mixed-signal covariate-driven SAR design, lambda = 2",57,371,"covariates only",0.360153952632773,-0.15308822923973,0.0163956764891913,0,1
"Fixed mixed-signal covariate-driven SAR design, lambda = 2",57,372,"covariates only",1.57260555942952,-0.0632382242342074,0.0136989290925958,0,1
"Fixed mixed-signal covariate-driven SAR design, lambda = 2",57,373,"covariates only",4.45668346889007,0.150489410871964,0.00893398363482847,0,1
"Fixed mixed-signal covariate-driven SAR design, lambda = 2",57,374,"covariates only",4.30254953518735,0.13906715316116,0.00914042521272918,1,0
"Fixed mixed-signal covariate-driven SAR design, lambda = 2",57,375,"covariates only",6.14164849699551,0.275355521288842,0.0069596568523596,0,1
"Fixed mixed-signal covariate-driven SAR design, lambda = 2",57,376,"covariates only",8.97146483539861,0.485062045446098,0.00457550521433976,0,1
"Fixed mixed-signal covariate-driven SAR design, lambda = 2",57,377,"covariates only",16.1222016472525,1.01497493824657,0.0015854865572324,0,1
"Fixed mixed-signal covariate-driven SAR design, lambda = 2",57,378,"covariates only",39.5042170426177,2.74772384841808,4.95582524595576e-05,0,1
"Fixed mixed-signal covariate-driven SAR design, lambda = 2",57,379,"covariates only",5.6359285894134,0.237878614191747,0.00750135735251923,0,1
"Fixed mixed-signal covariate-driven SAR design, lambda = 2",57,380,"covariates only",3.71766703418777,0.0957238185918784,0.00996813570186502,0,1
"Fixed mixed-signal covariate-driven SAR design, lambda = 2",57,381,"network only",-1.15473762223303,-0.265350867040278,0.0205229330647608,0,1
"Fixed mixed-signal covariate-driven SAR design, lambda = 2",57,382,"network only",-2.35731774597311,-0.354469335383156,0.0245271307804515,0,1
"Fixed mixed-signal covariate-driven SAR design, lambda = 2",57,383,"network only",-20.7462684062441,-1.71720191754107,0.374370162768986,1,0
"Fixed mixed-signal covariate-driven SAR design, lambda = 2",57,384,"network only",-12.8693866855506,-1.13347729045923,0.116488877204136,1,0
"Fixed mixed-signal covariate-driven SAR design, lambda = 2",57,385,"network only",-8.69168444902369,-0.823884260305036,0.0627155694560475,1,0
"Fixed mixed-signal covariate-driven SAR design, lambda = 2",57,386,"network only",1.69695244824895,-0.0540233668986938,0.0134487739624405,0,1
"Fixed mixed-signal covariate-driven SAR design, lambda = 2",57,387,"network only",-14.290584966212,-1.23879668788131,0.143801602424437,1,0
"Fixed mixed-signal covariate-driven SAR design, lambda = 2",57,388,"network only",-21.8862505210652,-1.80168149441548,0.443281142404319,1,0
"Fixed mixed-signal covariate-driven SAR design, lambda = 2",57,389,"network only",-27.3753504425395,-2.20845703304772,1,1,0
"Fixed mixed-signal covariate-driven SAR design, lambda = 2",57,390,"network only",-13.1827861059071,-1.15670208502414,0.122027372330825,1,0
"Fixed mixed-signal covariate-driven SAR design, lambda = 2",57,391,"both",10.7209436306864,0.614709016617966,0.00353044236744627,0,1
"Fixed mixed-signal covariate-driven SAR design, lambda = 2",57,392,"both",18.7437700957526,1.20924903289878,0.00107502417219449,0,1
"Fixed mixed-signal covariate-driven SAR design, lambda = 2",57,393,"both",6.19057429942291,0.278981219476182,0.00690937215935375,0,1
"Fixed mixed-signal covariate-driven SAR design, lambda = 2",57,394,"both",6.11439337811938,0.27333575196055,0.0069878275151849,0,1
"Fixed mixed-signal covariate-driven SAR design, lambda = 2",57,395,"both",35.8942059171935,2.48020016675436,8.46221589433701e-05,0,1
"Fixed mixed-signal covariate-driven SAR design, lambda = 2",57,396,"both",6.06176671536895,0.269435797615944,0.00704254505021664,1,0
"Fixed mixed-signal covariate-driven SAR design, lambda = 2",57,397,"both",10.2006725879657,0.576153782305409,0.00381344754816117,0,1
"Fixed mixed-signal covariate-driven SAR design, lambda = 2",57,398,"both",6.12199099422424,0.273898781314649,0.00697996323980893,0,1
"Fixed mixed-signal covariate-driven SAR design, lambda = 2",57,399,"both",7.00734130206801,0.339508599591494,0.00612160314307454,0,1
"Fixed mixed-signal covariate-driven SAR design, lambda = 2",57,400,"both",22.0163232539675,1.45176503601026,0.000661868185034268,0,1
"Fixed mixed-signal covariate-driven SAR design, lambda = 2",58,356,"covariates only",31.0000630417241,1.72103494436165,7.93160630962525e-05,0,1
"Fixed mixed-signal covariate-driven SAR design, lambda = 2",58,357,"covariates only",8.24295438025104,0.382937043884659,0.00115243972043755,0,1
"Fixed mixed-signal covariate-driven SAR design, lambda = 2",58,358,"covariates only",11.4616088423343,0.572191084990765,0.000789285722693268,0,1
"Fixed mixed-signal covariate-driven SAR design, lambda = 2",58,359,"covariates only",1.39434731764307,-0.0197550057948398,0.00257864815471444,0,1
"Fixed mixed-signal covariate-driven SAR design, lambda = 2",58,360,"covariates only",24.5595666570716,1.3423394422866,0.000169157743553743,0,1
"Fixed mixed-signal covariate-driven SAR design, lambda = 2",58,361,"network only",-5.34494639436576,-0.416019526955373,0.00569617178701959,0,1
"Fixed mixed-signal covariate-driven SAR design, lambda = 2",58,362,"network only",-10.1371068900555,-0.697794333826477,0.0100075914164331,1,0
"Fixed mixed-signal covariate-driven SAR design, lambda = 2",58,363,"network only",-5.12253554094175,-0.402941965107027,0.005549119181883,1,0
"Fixed mixed-signal covariate-driven SAR design, lambda = 2",58,364,"network only",2.14198742590054,0.0242055725920525,0.00236161128463504,1,0
"Fixed mixed-signal covariate-driven SAR design, lambda = 2",58,365,"network only",-3.92750304619478,-0.332675109329787,0.00482159843035255,1,0
"Fixed mixed-signal covariate-driven SAR design, lambda = 2",58,366,"both",8.61351476125994,0.404725667176133,0.00110329807567629,0,1
"Fixed mixed-signal covariate-driven SAR design, lambda = 2",58,367,"both",5.86680437283574,0.243221520992964,0.00152396004083506,0,1
"Fixed mixed-signal covariate-driven SAR design, lambda = 2",58,368,"both",8.26270585967224,0.384098413439024,0.00114976600999642,0,1
"Fixed mixed-signal covariate-driven SAR design, lambda = 2",58,369,"both",23.2294766116214,1.26413132174994,0.000197798317772702,0,1
"Fixed mixed-signal covariate-driven SAR design, lambda = 2",58,370,"both",19.7001663568207,1.05661099426318,0.000299552163030796,0,1
"Fixed mixed-signal covariate-driven SAR design, lambda = 2",58,371,"covariates only",23.0675694473081,1.25461132341173,0.0002016004787892,0,1
"Fixed mixed-signal covariate-driven SAR design, lambda = 2",58,372,"covariates only",4.24904770398448,0.148098856937785,0.00184330022412055,0,1
"Fixed mixed-signal covariate-driven SAR design, lambda = 2",58,373,"covariates only",6.89930273629571,0.30393151332739,0.00134971337126644,0,1
"Fixed mixed-signal covariate-driven SAR design, lambda = 2",58,374,"covariates only",6.84775085068385,0.300900307960795,0.00135792074118189,0,1
"Fixed mixed-signal covariate-driven SAR design, lambda = 2",58,375,"covariates only",7.7857291764607,0.356052605516933,0.00121610127805301,1,0
"Fixed mixed-signal covariate-driven SAR design, lambda = 2",58,376,"covariates only",7.95087704168455,0.365763154207963,0.0011927111231288,0,1
"Fixed mixed-signal covariate-driven SAR design, lambda = 2",58,377,"covariates only",6.14241903163644,0.259427419631848,0.00147535765699702,0,1
"Fixed mixed-signal covariate-driven SAR design, lambda = 2",58,378,"covariates only",5.52015453520954,0.222838816545383,0.00158736855108677,1,0
"Fixed mixed-signal covariate-driven SAR design, lambda = 2",58,379,"covariates only",6.46114871254066,0.278168443510671,0.00142108177073656,0,1
"Fixed mixed-signal covariate-driven SAR design, lambda = 2",58,380,"covariates only",11.9912967911904,0.603336268801932,0.000741620769621097,0,1
"Fixed mixed-signal covariate-driven SAR design, lambda = 2",58,381,"network only",-12.4946577547136,-0.836416243542424,0.0132048972696973,1,0
"Fixed mixed-signal covariate-driven SAR design, lambda = 2",58,382,"network only",-7.29967623437261,-0.530955916011733,0.00716828984632673,0,1
"Fixed mixed-signal covariate-driven SAR design, lambda = 2",58,383,"network only",-40.285932399464,-2.47051865993054,0.346815382286424,1,0
"Fixed mixed-signal covariate-driven SAR design, lambda = 2",58,384,"network only",-2.27428706178309,-0.235467468821332,0.00396969877547335,1,0
"Fixed mixed-signal covariate-driven SAR design, lambda = 2",58,385,"network only",-8.63119279091286,-0.609247914141232,0.00838337943665414,1,0
"Fixed mixed-signal covariate-driven SAR design, lambda = 2",58,386,"network only",-22.309941265409,-1.41354624953844,0.0418816497718277,1,0
"Fixed mixed-signal covariate-driven SAR design, lambda = 2",58,387,"network only",-1.41152612555213,-0.184737887372408,0.00358669459852107,0,1
"Fixed mixed-signal covariate-driven SAR design, lambda = 2",58,388,"network only",-17.6411926104978,-1.13902794996342,0.0241869003538111,1,0
"Fixed mixed-signal covariate-driven SAR design, lambda = 2",58,389,"network only",-21.2710914457114,-1.35246279718399,0.0370652870784854,1,0
"Fixed mixed-signal covariate-driven SAR design, lambda = 2",58,390,"network only",-65.4269393991312,-3,1,1,0
"Fixed mixed-signal covariate-driven SAR design, lambda = 2",58,391,"both",-1.04869551851158,-0.163403767966823,0.00343687564144411,0,1
"Fixed mixed-signal covariate-driven SAR design, lambda = 2",58,392,"both",-2.37532604002322,-0.241408471549783,0.0040171480962821,0,1
"Fixed mixed-signal covariate-driven SAR design, lambda = 2",58,393,"both",6.54669437850497,0.283198453154012,0.00140685732975429,1,0
"Fixed mixed-signal covariate-driven SAR design, lambda = 2",58,394,"both",2.48072148011495,0.0441228359626717,0.00226938667340075,0,1
"Fixed mixed-signal covariate-driven SAR design, lambda = 2",58,395,"both",1.12725089855211,-0.0354600394582602,0.00266092912761198,0,1
"Fixed mixed-signal covariate-driven SAR design, lambda = 2",58,396,"both",4.52616717388313,0.164393237140857,0.00178419762559335,0,1
"Fixed mixed-signal covariate-driven SAR design, lambda = 2",58,397,"both",4.19541422868189,0.144945255934895,0.00185496303217158,0,1
"Fixed mixed-signal covariate-driven SAR design, lambda = 2",58,398,"both",19.2865904032151,1.03229309327498,0.00031448122342415,0,1
"Fixed mixed-signal covariate-driven SAR design, lambda = 2",58,399,"both",6.59763686992195,0.286193826679891,0.00139845439840302,0,1
"Fixed mixed-signal covariate-driven SAR design, lambda = 2",58,400,"both",28.7180665838054,1.5868555670664,0.000103730835485005,0,1
"Fixed mixed-signal covariate-driven SAR design, lambda = 2",59,356,"covariates only",4.05008786503846,0.0392396162057825,0.00344926091778919,0,1
"Fixed mixed-signal covariate-driven SAR design, lambda = 2",59,357,"covariates only",14.7559550341933,0.80218739348935,0.000749959875511096,0,1
"Fixed mixed-signal covariate-driven SAR design, lambda = 2",59,358,"covariates only",6.54264652992354,0.21687044826038,0.00241789739450151,0,1
"Fixed mixed-signal covariate-driven SAR design, lambda = 2",59,359,"covariates only",19.0147505106934,1.10568812737316,0.000408715059827341,0,1
"Fixed mixed-signal covariate-driven SAR design, lambda = 2",59,360,"covariates only",7.80511941085473,0.306839888677347,0.00201972110777352,0,1
"Fixed mixed-signal covariate-driven SAR design, lambda = 2",59,361,"network only",-9.42976259735207,-0.921394565584429,0.0235571255293597,1,0
"Fixed mixed-signal covariate-driven SAR design, lambda = 2",59,362,"network only",-8.30456348438953,-0.841207865275874,0.0200665639392882,0,1
"Fixed mixed-signal covariate-driven SAR design, lambda = 2",59,363,"network only",-11.8503045195854,-1.09389316380265,0.0332623305306128,1,0
"Fixed mixed-signal covariate-driven SAR design, lambda = 2",59,364,"network only",-5.54673336312978,-0.644672607748771,0.0135445523957733,1,0
"Fixed mixed-signal covariate-driven SAR design, lambda = 2",59,365,"network only",-15.481934063376,-1.35269925999028,0.0558147255745678,1,0
"Fixed mixed-signal covariate-driven SAR design, lambda = 2",59,366,"both",13.8206082406733,0.735530415046595,0.000856910657323959,0,1
"Fixed mixed-signal covariate-driven SAR design, lambda = 2",59,367,"both",8.92169846069824,0.386412284895182,0.0017225653185783,0,1
"Fixed mixed-signal covariate-driven SAR design, lambda = 2",59,368,"both",11.2646143975128,0.553378909654459,0.00123353174759142,0,1
"Fixed mixed-signal covariate-driven SAR design, lambda = 2",59,369,"both",8.09768156871929,0.327689171087944,0.0019372333977213,0,1
"Fixed mixed-signal covariate-driven SAR design, lambda = 2",59,370,"both",0.642627277630722,-0.203591201724992,0.00560591122680371,0,1
"Fixed mixed-signal covariate-driven SAR design, lambda = 2",59,371,"covariates only",6.85704096587944,0.239275596046443,0.00231194236457961,0,1
"Fixed mixed-signal covariate-driven SAR design, lambda = 2",59,372,"covariates only",16.0260283903679,0.892698477623881,0.00062577916513488,0,1
"Fixed mixed-signal covariate-driven SAR design, lambda = 2",59,373,"covariates only",8.95575724380978,0.388839465473959,0.00171422362757571,0,1
"Fixed mixed-signal covariate-driven SAR design, lambda = 2",59,374,"covariates only",4.39905032115166,0.064108235070591,0.00328190072417901,0,1
"Fixed mixed-signal covariate-driven SAR design, lambda = 2",59,375,"covariates only",32.3774719915522,2.05797517625922,6.08519667529135e-05,0,1
"Fixed mixed-signal covariate-driven SAR design, lambda = 2",59,376,"covariates only",46.2982634612986,3,9.24788144906974e-06,0,1
"Fixed mixed-signal covariate-driven SAR design, lambda = 2",59,377,"covariates only",-7.33275817032592,-0.771952690276751,0.0174710389750218,0,1
"Fixed mixed-signal covariate-driven SAR design, lambda = 2",59,378,"covariates only",6.72798478777362,0.23007847799194,0.00235486230794077,0,1
"Fixed mixed-signal covariate-driven SAR design, lambda = 2",59,379,"covariates only",7.42876233156299,0.280019006952056,0.00213102098354173,1,0
"Fixed mixed-signal covariate-driven SAR design, lambda = 2",59,380,"covariates only",6.98719034409291,0.248550620409616,0.00226945104751196,0,1
"Fixed mixed-signal covariate-driven SAR design, lambda = 2",59,381,"network only",-6.38085073644919,-0.704115526842815,0.0152544348019542,1,0
"Fixed mixed-signal covariate-driven SAR design, lambda = 2",59,382,"network only",-6.30836929187579,-0.698950176277762,0.0150976570017245,0,1
"Fixed mixed-signal covariate-driven SAR design, lambda = 2",59,383,"network only",-15.2203170779787,-1.33405526839625,0.0537718314238474,1,0
"Fixed mixed-signal covariate-driven SAR design, lambda = 2",59,384,"network only",-6.0944489673128,-0.683705261170713,0.0146442788370184,1,0
"Fixed mixed-signal covariate-driven SAR design, lambda = 2",59,385,"network only",-4.13668994609418,-0.544186633665313,0.0110785685541327,1,0
"Fixed mixed-signal covariate-driven SAR design, lambda = 2",59,386,"network only",-10.7638038722118,-1.01646428851087,0.0284904171618721,1,0
"Fixed mixed-signal covariate-driven SAR design, lambda = 2",59,387,"network only",1.04893136135713,-0.17463616308287,0.0052904935486672,0,1
"Fixed mixed-signal covariate-driven SAR design, lambda = 2",59,388,"network only",-35.7284762558626,-2.79555803260245,1,1,0
"Fixed mixed-signal covariate-driven SAR design, lambda = 2",59,389,"network only",-8.25064894059871,-0.837365674755616,0.0199129557635573,1,0
"Fixed mixed-signal covariate-driven SAR design, lambda = 2",59,390,"network only",-14.9607751122279,-1.31555915194416,0.0518190331790065,1,0
"Fixed mixed-signal covariate-driven SAR design, lambda = 2",59,391,"both",7.03375064558315,0.251868714868511,0.00225444040344368,0,1
"Fixed mixed-signal covariate-driven SAR design, lambda = 2",59,392,"both",9.31990263483204,0.414790087903587,0.00162752269217827,0,1
"Fixed mixed-signal covariate-driven SAR design, lambda = 2",59,393,"both",6.20129889188517,0.192544495247185,0.00253844127978635,0,1
"Fixed mixed-signal covariate-driven SAR design, lambda = 2",59,394,"both",3.52336641120295,0.00170309944334835,0.003718175217077,1,0
"Fixed mixed-signal covariate-driven SAR design, lambda = 2",59,395,"both",4.7097384100793,0.0862492520597395,0.00313974224715571,0,1
"Fixed mixed-signal covariate-driven SAR design, lambda = 2",59,396,"both",6.31573731882442,0.200699887247627,0.00249737314955572,0,1
"Fixed mixed-signal covariate-driven SAR design, lambda = 2",59,397,"both",4.48726219538694,0.0703946061150339,0.0032408965404651,0,1
"Fixed mixed-signal covariate-driven SAR design, lambda = 2",59,398,"both",10.6779558375004,0.511571007752274,0.00134110942198202,1,0
"Fixed mixed-signal covariate-driven SAR design, lambda = 2",59,399,"both",3.8332858011408,0.0237893355187798,0.00355750886443946,0,1
"Fixed mixed-signal covariate-driven SAR design, lambda = 2",59,400,"both",35.141932670233,2.25498295683996,4.10351320507519e-05,0,1
"Fixed mixed-signal covariate-driven SAR design, lambda = 2",60,356,"covariates only",9.46221508094545,0.647716561266029,0.000678630933384518,1,0
"Fixed mixed-signal covariate-driven SAR design, lambda = 2",60,357,"covariates only",24.759489820416,1.9552827572759,4.96473513881909e-05,0,1
"Fixed mixed-signal covariate-driven SAR design, lambda = 2",60,358,"covariates only",2.42648291836761,0.0463228034466132,0.00225942345445205,0,1
"Fixed mixed-signal covariate-driven SAR design, lambda = 2",60,359,"covariates only",10.2670732498277,0.71651347784996,0.00059139467437589,0,1
"Fixed mixed-signal covariate-driven SAR design, lambda = 2",60,360,"covariates only",15.7820961452594,1.18792146594605,0.000230365603214333,0,1
"Fixed mixed-signal covariate-driven SAR design, lambda = 2",60,361,"network only",-10.2512087458574,-1.03732911141404,0.0197353906127096,1,0
"Fixed mixed-signal covariate-driven SAR design, lambda = 2",60,362,"network only",-5.78533305337727,-0.65559915032482,0.00919770116656269,0,1
"Fixed mixed-signal covariate-driven SAR design, lambda = 2",60,363,"network only",-16.7692699609943,-1.59447387435964,0.0601416749308056,1,0
"Fixed mixed-signal covariate-driven SAR design, lambda = 2",60,364,"network only",-16.0574110670292,-1.53362626313932,0.053250532538406,1,0
"Fixed mixed-signal covariate-driven SAR design, lambda = 2",60,365,"network only",-11.615376777836,-1.15393419530458,0.0249188281812995,0,1
"Fixed mixed-signal covariate-driven SAR design, lambda = 2",60,366,"both",12.5101713601958,0.908246927984263,0.000403032297733927,0,1
"Fixed mixed-signal covariate-driven SAR design, lambda = 2",60,367,"both",4.92868946905342,0.260204083402265,0.00147306772228559,0,1
"Fixed mixed-signal covariate-driven SAR design, lambda = 2",60,368,"both",5.34655279952565,0.295921815794675,0.00137150907387027,0,1
"Fixed mixed-signal covariate-driven SAR design, lambda = 2",60,369,"both",3.25657595630714,0.117276722653691,0.00196050449136264,0,1
"Fixed mixed-signal covariate-driven SAR design, lambda = 2",60,370,"both",4.4060240749457,0.215528177870148,0.00161074841213185,0,1
"Fixed mixed-signal covariate-driven SAR design, lambda = 2",60,371,"covariates only",8.09680356620508,0.531005188114673,0.000857053361169735,0,1
"Fixed mixed-signal covariate-driven SAR design, lambda = 2",60,372,"covariates only",5.2720750515958,0.289555676256321,0.00138908315177535,0,1
"Fixed mixed-signal covariate-driven SAR design, lambda = 2",60,373,"covariates only",10.8657832793188,0.767689455866142,0.00053385893971751,1,0
"Fixed mixed-signal covariate-driven SAR design, lambda = 2",60,374,"covariates only",6.08415201403069,0.358969634148992,0.00120902712911763,0,1
"Fixed mixed-signal covariate-driven SAR design, lambda = 2",60,375,"covariates only",7.69821527955932,0.496935029957762,0.000917488914942087,1,0
"Fixed mixed-signal covariate-driven SAR design, lambda = 2",60,376,"covariates only",11.8057866258135,0.848038186012253,0.000454607398457597,0,1
"Fixed mixed-signal covariate-driven SAR design, lambda = 2",60,377,"covariates only",26.8338245630831,2.13259080952143,3.48247708263283e-05,0,1
"Fixed mixed-signal covariate-driven SAR design, lambda = 2",60,378,"covariates only",1.58890801161713,-0.0252706439709987,0.00260725141027481,1,0
"Fixed mixed-signal covariate-driven SAR design, lambda = 2",60,379,"covariates only",6.5168365428832,0.395954239125995,0.00112282384316329,0,1
"Fixed mixed-signal covariate-driven SAR design, lambda = 2",60,380,"covariates only",7.46660393959117,0.477137571657985,0.000954545598969204,0,1
"Fixed mixed-signal covariate-driven SAR design, lambda = 2",60,381,"network only",-12.2574781318319,-1.20881913652426,0.0278099411481171,1,0
"Fixed mixed-signal covariate-driven SAR design, lambda = 2",60,382,"network only",-13.42382132722,-1.30851473336809,0.0339464657076551,1,0
"Fixed mixed-signal covariate-driven SAR design, lambda = 2",60,383,"network only",-5.18052558821062,-0.603901981383622,0.0082942229450959,1,0
"Fixed mixed-signal covariate-driven SAR design, lambda = 2",60,384,"network only",-4.58552658123919,-0.553043210692405,0.0074920443211931,0,1
"Fixed mixed-signal covariate-driven SAR design, lambda = 2",60,385,"network only",-37.7629184186967,-3,1,1,0
"Fixed mixed-signal covariate-driven SAR design, lambda = 2",60,386,"network only",-11.7354133283133,-1.16419456771488,0.0254354638403782,0,1
"Fixed mixed-signal covariate-driven SAR design, lambda = 2",60,387,"network only",-8.86247233241418,-0.918623994305763,0.0155646647911015,0,1
"Fixed mixed-signal covariate-driven SAR design, lambda = 2",60,388,"network only",-8.61907302796073,-0.897818935361867,0.0149303066377996,1,0
"Fixed mixed-signal covariate-driven SAR design, lambda = 2",60,389,"network only",-4.47111933330414,-0.543264014559358,0.00734693565130835,0,1
"Fixed mixed-signal covariate-driven SAR design, lambda = 2",60,390,"network only",-3.87772431480995,-0.492542348100584,0.00663819424323804,1,0
"Fixed mixed-signal covariate-driven SAR design, lambda = 2",60,391,"both",0.605508331190691,-0.10932876551174,0.00308457168565574,0,1
"Fixed mixed-signal covariate-driven SAR design, lambda = 2",60,392,"both",5.01326366184917,0.267433237446888,0.00145192288296767,0,1
"Fixed mixed-signal covariate-driven SAR design, lambda = 2",60,393,"both",13.2392801221195,0.970569007344325,0.000355801340672542,0,1
"Fixed mixed-signal covariate-driven SAR design, lambda = 2",60,394,"both",2.54291606567138,0.0562751675181444,0.00221489487958848,1,0
"Fixed mixed-signal covariate-driven SAR design, lambda = 2",60,395,"both",12.7953535169838,0.932623462646281,0.000383854522316187,0,1
"Fixed mixed-signal covariate-driven SAR design, lambda = 2",60,396,"both",6.37122335419834,0.383507650667578,0.00115112529075992,0,1
"Fixed mixed-signal covariate-driven SAR design, lambda = 2",60,397,"both",11.6130737540274,0.831565654729713,0.000469833909640082,0,1
"Fixed mixed-signal covariate-driven SAR design, lambda = 2",60,398,"both",4.34850552957208,0.210611661245121,0.00162666508114722,1,0
"Fixed mixed-signal covariate-driven SAR design, lambda = 2",60,399,"both",5.69878803307704,0.326029850871477,0.00129135954885734,0,1
"Fixed mixed-signal covariate-driven SAR design, lambda = 2",60,400,"both",8.45716754528727,0.5618080445275,0.000805847459916892,0,1
"Fixed mixed-signal covariate-driven SAR design, lambda = 2",61,356,"covariates only",7.94400113218867,0.486352479000444,0.00167151377203405,0,1
"Fixed mixed-signal covariate-driven SAR design, lambda = 2",61,357,"covariates only",6.2419969670465,0.342285526344134,0.00222969225004203,1,0
"Fixed mixed-signal covariate-driven SAR design, lambda = 2",61,358,"covariates only",2.3385876095843,0.0118795833876232,0.00431749536455058,0,1
"Fixed mixed-signal covariate-driven SAR design, lambda = 2",61,359,"covariates only",1.43629377142333,-0.0644955080056221,0.0050300284501173,0,1
"Fixed mixed-signal covariate-driven SAR design, lambda = 2",61,360,"covariates only",5.36377425949796,0.267947947258642,0.0025871030330783,1,0
"Fixed mixed-signal covariate-driven SAR design, lambda = 2",61,361,"network only",-14.0050743195591,-1.3715374596488,0.0686835376220625,1,0
"Fixed mixed-signal covariate-driven SAR design, lambda = 2",61,362,"network only",-10.5819287769362,-1.0817836758891,0.0384747420731061,1,0
"Fixed mixed-signal covariate-driven SAR design, lambda = 2",61,363,"network only",-6.55441874194692,-0.740873172015476,0.0194564954031222,1,0
"Fixed mixed-signal covariate-driven SAR design, lambda = 2",61,364,"network only",-4.46704278112392,-0.564186240289495,0.0136645802910309,1,0
"Fixed mixed-signal covariate-driven SAR design, lambda = 2",61,365,"network only",-5.10854086370281,-0.618486150821317,0.0152321286768996,1,0
"Fixed mixed-signal covariate-driven SAR design, lambda = 2",61,366,"both",6.51581900046255,0.365463322692892,0.00212869257942661,0,1
"Fixed mixed-signal covariate-driven SAR design, lambda = 2",61,367,"both",32.8072481816197,2.59091385958516,2.48376881722263e-05,0,1
"Fixed mixed-signal covariate-driven SAR design, lambda = 2",61,368,"both",3.95574115125623,0.148764314634197,0.00328348709013759,0,1
"Fixed mixed-signal covariate-driven SAR design, lambda = 2",61,369,"both",4.92446963432198,0.230762798166107,0.00278684192400182,0,1
"Fixed mixed-signal covariate-driven SAR design, lambda = 2",61,370,"both",-0.443832101822242,-0.223639657424404,0.00691514503606322,0,1
"Fixed mixed-signal covariate-driven SAR design, lambda = 2",61,371,"covariates only",7.84597067115014,0.478054643966572,0.00169948512278516,0,1
"Fixed mixed-signal covariate-driven SAR design, lambda = 2",61,372,"covariates only",2.84310292470527,0.0545845223686888,0.00396404742148178,1,0
"Fixed mixed-signal covariate-driven SAR design, lambda = 2",61,373,"covariates only",3.85895771317061,0.140572034451715,0.0033377287318575,0,1
"Fixed mixed-signal covariate-driven SAR design, lambda = 2",61,374,"covariates only",21.1035438365181,1.60024823471674,0.000180132633751237,0,1
"Fixed mixed-signal covariate-driven SAR design, lambda = 2",61,375,"covariates only",10.7056803979853,0.720116134922053,0.0010472863124338,0,1
"Fixed mixed-signal covariate-driven SAR design, lambda = 2",61,376,"covariates only",22.232441680712,1.69580433005668,0.000148796744387016,0,1
"Fixed mixed-signal covariate-driven SAR design, lambda = 2",61,377,"covariates only",10.2665373304522,0.682944660953094,0.00112811184583014,0,1
"Fixed mixed-signal covariate-driven SAR design, lambda = 2",61,378,"covariates only",2.30932760390139,0.00940285627979535,0.00433893493629568,0,1
"Fixed mixed-signal covariate-driven SAR design, lambda = 2",61,379,"covariates only",6.54585378198842,0.368005631070715,0.0021178964637845,0,1
"Fixed mixed-signal covariate-driven SAR design, lambda = 2",61,380,"covariates only",9.25131709904139,0.597010861253979,0.00133965604966879,0,1
"Fixed mixed-signal covariate-driven SAR design, lambda = 2",61,381,"network only",-3.83517559145063,-0.510701541271656,0.0122783519380674,0,1
"Fixed mixed-signal covariate-driven SAR design, lambda = 2",61,382,"network only",-10.1575876423876,-1.04586511858285,0.0358077682946127,1,0
"Fixed mixed-signal covariate-driven SAR design, lambda = 2",61,383,"network only",-3.23700034683122,-0.460068712979157,0.0110958598264171,0,1
"Fixed mixed-signal covariate-driven SAR design, lambda = 2",61,384,"network only",-29.8254457269849,-2.7106603274054,1,1,0
"Fixed mixed-signal covariate-driven SAR design, lambda = 2",61,385,"network only",-8.81601533884867,-0.932307092405619,0.0285326432488306,1,0
"Fixed mixed-signal covariate-driven SAR design, lambda = 2",61,386,"network only",-12.07144660181,-1.2078646211369,0.0495094651499143,1,0
"Fixed mixed-signal covariate-driven SAR design, lambda = 2",61,387,"network only",-11.3751205056311,-1.14892376729758,0.0440040712816671,1,0
"Fixed mixed-signal covariate-driven SAR design, lambda = 2",61,388,"network only",-5.85455214770769,-0.681632631032678,0.0172825943177628,0,1
"Fixed mixed-signal covariate-driven SAR design, lambda = 2",61,389,"network only",-11.7121458557009,-1.17745143846719,0.046587743946781,1,0
"Fixed mixed-signal covariate-driven SAR design, lambda = 2",61,390,"network only",-15.0191559677585,-1.45737488343006,0.0815473954947915,1,0
"Fixed mixed-signal covariate-driven SAR design, lambda = 2",61,391,"both",0.27968263407334,-0.162397408235369,0.0061179644845831,0,1
"Fixed mixed-signal covariate-driven SAR design, lambda = 2",61,392,"both",14.8114864582213,1.06765404311901,0.000522634212516843,0,1
"Fixed mixed-signal covariate-driven SAR design, lambda = 2",61,393,"both",30.4635434246933,2.39252985490895,3.69339134752591e-05,0,1
"Fixed mixed-signal covariate-driven SAR design, lambda = 2",61,394,"both",3.31157454576545,0.09423852571037,0.00366181004416361,0,1
"Fixed mixed-signal covariate-driven SAR design, lambda = 2",61,395,"both",4.34633519075798,0.181826333017704,0.00307339237028427,0,1
"Fixed mixed-signal covariate-driven SAR design, lambda = 2",61,396,"both",12.6659158774446,0.886041200088329,0.000751527275273482,0,1
"Fixed mixed-signal covariate-driven SAR design, lambda = 2",61,397,"both",-0.206620735192055,-0.203560788391204,0.00664295039205917,0,1
"Fixed mixed-signal covariate-driven SAR design, lambda = 2",61,398,"both",11.887417781114,0.820144858185006,0.000857396255416218,0,1
"Fixed mixed-signal covariate-driven SAR design, lambda = 2",61,399,"both",-0.325817178366347,-0.213650228057268,0.00677835929165316,0,1
"Fixed mixed-signal covariate-driven SAR design, lambda = 2",61,400,"both",6.26121051964109,0.343911866648521,0.00222245155551397,0,1
"Fixed mixed-signal covariate-driven SAR design, lambda = 2",62,356,"covariates only",7.45775015710482,0.460199853643697,0.00127885643719715,0,1
"Fixed mixed-signal covariate-driven SAR design, lambda = 2",62,357,"covariates only",3.86903969890061,0.198699860594529,0.00215753476254036,1,0
"Fixed mixed-signal covariate-driven SAR design, lambda = 2",62,358,"covariates only",0.406481243826516,-0.0536077642416363,0.00357362864208822,0,1
"Fixed mixed-signal covariate-driven SAR design, lambda = 2",62,359,"covariates only",7.13762898052858,0.436873456481116,0.00133993226541812,0,1
"Fixed mixed-signal covariate-driven SAR design, lambda = 2",62,360,"covariates only",11.1484026685184,0.729128098850887,0.000746850520536764,0,1
"Fixed mixed-signal covariate-driven SAR design, lambda = 2",62,361,"network only",-10.5017687846879,-0.848463559897688,0.0175191242275592,1,0
"Fixed mixed-signal covariate-driven SAR design, lambda = 2",62,362,"network only",-1.95265325254121,-0.225511756382288,0.00503991637768563,0,1
"Fixed mixed-signal covariate-driven SAR design, lambda = 2",62,363,"network only",-12.0191890712771,-0.959034027762709,0.0218550940785939,1,0
"Fixed mixed-signal covariate-driven SAR design, lambda = 2",62,364,"network only",0.773083987261704,-0.0268943762498731,0.00338771187356499,1,0
"Fixed mixed-signal covariate-driven SAR design, lambda = 2",62,365,"network only",-2.59062854058416,-0.271999355571958,0.00553097819453671,0,1
"Fixed mixed-signal covariate-driven SAR design, lambda = 2",62,366,"both",2.8630586914094,0.125396642201652,0.00249820554725686,0,1
"Fixed mixed-signal covariate-driven SAR design, lambda = 2",62,367,"both",-2.14801801242202,-0.239747478083963,0.00518547233321342,0,1
"Fixed mixed-signal covariate-driven SAR design, lambda = 2",62,368,"both",5.59421519387767,0.324408909903244,0.00167790863471712,0,1
"Fixed mixed-signal covariate-driven SAR design, lambda = 2",62,369,"both",5.00101453847994,0.281183921688148,0.00182941845843835,0,1
"Fixed mixed-signal covariate-driven SAR design, lambda = 2",62,370,"both",2.06323099909366,0.067115279462302,0.00280705367357465,0,1
"Fixed mixed-signal covariate-driven SAR design, lambda = 2",62,371,"covariates only",9.61445864446498,0.617353589232602,0.000933941757333292,0,1
"Fixed mixed-signal covariate-driven SAR design, lambda = 2",62,372,"covariates only",16.9994808063207,1.15548093789577,0.000318352538590192,0,1
"Fixed mixed-signal covariate-driven SAR design, lambda = 2",62,373,"covariates only",13.6934197644223,0.91457687234205,0.000515412479805373,0,1
"Fixed mixed-signal covariate-driven SAR design, lambda = 2",62,374,"covariates only",10.3894548372185,0.673825545211904,0.000834197484263057,0,1
"Fixed mixed-signal covariate-driven SAR design, lambda = 2",62,375,"covariates only",23.9059895905442,1.65874026185143,0.000116354403114384,0,1
"Fixed mixed-signal covariate-driven SAR design, lambda = 2",62,376,"covariates only",6.14882502240844,0.364821884980195,0.00154762609840078,0,1
"Fixed mixed-signal covariate-driven SAR design, lambda = 2",62,377,"covariates only",8.22877493570226,0.516382423007306,0.00114293684713679,0,1
"Fixed mixed-signal covariate-driven SAR design, lambda = 2",62,378,"covariates only",2.0443774589179,0.0657414710477387,0.00281477698698251,0,1
"Fixed mixed-signal covariate-driven SAR design, lambda = 2",62,379,"covariates only",8.93637536353247,0.567943424964477,0.0010309483713781,0,1
"Fixed mixed-signal covariate-driven SAR design, lambda = 2",62,380,"covariates only",2.70516451753832,0.113891304601791,0.00255635743489971,0,1
"Fixed mixed-signal covariate-driven SAR design, lambda = 2",62,381,"network only",-7.10468180782665,-0.600926671318173,0.0106783606022594,1,0
"Fixed mixed-signal covariate-driven SAR design, lambda = 2",62,382,"network only",-3.46170496441654,-0.335472427983446,0.00627962856744034,1,0
"Fixed mixed-signal covariate-driven SAR design, lambda = 2",62,383,"network only",-10.0901351718548,-0.818468889625926,0.0164990657271075,0,1
"Fixed mixed-signal covariate-driven SAR design, lambda = 2",62,384,"network only",-10.3228921571386,-0.8354292854959,0.0170683274205996,1,0
"Fixed mixed-signal covariate-driven SAR design, lambda = 2",62,385,"network only",-18.7859253772182,-1.45210849492232,0.0585911093383261,1,0
"Fixed mixed-signal covariate-driven SAR design, lambda = 2",62,386,"network only",-9.45919344400033,-0.772493807665445,0.0150496328083792,0,1
"Fixed mixed-signal covariate-driven SAR design, lambda = 2",62,387,"network only",-36.0229890410148,-2.70812847222815,0.722431728364272,1,0
"Fixed mixed-signal covariate-driven SAR design, lambda = 2",62,388,"network only",-38.2539755059207,-2.87069465076506,1,1,0
"Fixed mixed-signal covariate-driven SAR design, lambda = 2",62,389,"network only",-7.06480253367845,-0.598020772379261,0.0106164801213743,1,0
"Fixed mixed-signal covariate-driven SAR design, lambda = 2",62,390,"network only",-20.2950509485538,-1.56207454847015,0.0730040613397789,1,0
"Fixed mixed-signal covariate-driven SAR design, lambda = 2",62,391,"both",1.57789425145165,0.0317500535369987,0.00301278792308666,0,1
"Fixed mixed-signal covariate-driven SAR design, lambda = 2",62,392,"both",2.47913969741885,0.0974214640898434,0.00264196523988961,0,1
"Fixed mixed-signal covariate-driven SAR design, lambda = 2",62,393,"both",39.9374552959671,2.82691145296888,1.12492150231546e-05,0,1
"Fixed mixed-signal covariate-driven SAR design, lambda = 2",62,394,"both",-1.25372842403859,-0.174582922773688,0.00455184125711825,1,0
"Fixed mixed-signal covariate-driven SAR design, lambda = 2",62,395,"both",3.48099049010594,0.170423724477012,0.00228306429235487,0,1
"Fixed mixed-signal covariate-driven SAR design, lambda = 2",62,396,"both",12.9681526853831,0.86172854748097,0.000572873062908341,0,1
"Fixed mixed-signal covariate-driven SAR design, lambda = 2",62,397,"both",23.0271747723521,1.59470331277872,0.000132252719106243,0,1
"Fixed mixed-signal covariate-driven SAR design, lambda = 2",62,398,"both",0.509405332524113,-0.0461079537129034,0.00352042557706732,1,0
"Fixed mixed-signal covariate-driven SAR design, lambda = 2",62,399,"both",2.11699307451683,0.0710327820062388,0.00278514632791192,0,1
"Fixed mixed-signal covariate-driven SAR design, lambda = 2",62,400,"both",7.64757835158424,0.474032140231048,0.00124396231069607,1,0
"Fixed mixed-signal covariate-driven SAR design, lambda = 2",63,356,"covariates only",6.93521137883233,0.410809629023889,0.00108995457486226,0,1
"Fixed mixed-signal covariate-driven SAR design, lambda = 2",63,357,"covariates only",3.9603823768336,0.177773215285451,0.00173708574243764,0,1
"Fixed mixed-signal covariate-driven SAR design, lambda = 2",63,358,"covariates only",3.19172010283854,0.117559233376747,0.00195939707716567,0,1
"Fixed mixed-signal covariate-driven SAR design, lambda = 2",63,359,"covariates only",5.27434222648343,0.280703666398091,0.00141389448943488,0,1
"Fixed mixed-signal covariate-driven SAR design, lambda = 2",63,360,"covariates only",5.49431428312811,0.297935412884596,0.00136599684736354,1,0
"Fixed mixed-signal covariate-driven SAR design, lambda = 2",63,361,"network only",-12.5172854853426,-1.11302253223304,0.0229610739101621,1,0
"Fixed mixed-signal covariate-driven SAR design, lambda = 2",63,362,"network only",-14.7165270530355,-1.28530247421805,0.0324065391294776,1,0
"Fixed mixed-signal covariate-driven SAR design, lambda = 2",63,363,"network only",-10.066644423691,-0.92104894182373,0.0156403351298849,1,0
"Fixed mixed-signal covariate-driven SAR design, lambda = 2",63,364,"network only",-6.48242998876803,-0.640275667990916,0.00892009516238631,1,0
"Fixed mixed-signal covariate-driven SAR design, lambda = 2",63,365,"network only",-53.2550448808405,-3,1,1,0
"Fixed mixed-signal covariate-driven SAR design, lambda = 2",63,366,"both",15.2280316834529,1.06043658313373,0.000297268981839475,0,1
"Fixed mixed-signal covariate-driven SAR design, lambda = 2",63,367,"both",5.6721538917529,0.311866668962416,0.00132846207829562,0,1
"Fixed mixed-signal covariate-driven SAR design, lambda = 2",63,368,"both",9.96387666120878,0.648063365405009,0.000678160392555814,0,1
"Fixed mixed-signal covariate-driven SAR design, lambda = 2",63,369,"both",5.18239299626496,0.273500725038529,0.00143441030705635,0,1
"Fixed mixed-signal covariate-driven SAR design, lambda = 2",63,370,"both",3.2393624360545,0.121291346539325,0.00194482614195114,1,0
"Fixed mixed-signal covariate-driven SAR design, lambda = 2",63,371,"covariates only",14.7627496110221,1.02398821401295,0.000319748301965554,0,1
"Fixed mixed-signal covariate-driven SAR design, lambda = 2",63,372,"covariates only",2.87694086920147,0.092900665211373,0.00205845139183745,0,1
"Fixed mixed-signal covariate-driven SAR design, lambda = 2",63,373,"covariates only",6.66005230953489,0.389254748836288,0.00113796978150019,0,1
"Fixed mixed-signal covariate-driven SAR design, lambda = 2",63,374,"covariates only",5.09603462210239,0.266735749371824,0.00145394969410916,0,1
"Fixed mixed-signal covariate-driven SAR design, lambda = 2",63,375,"covariates only",32.7176488180104,2.43050445996202,1.9192155695786e-05,0,1
"Fixed mixed-signal covariate-driven SAR design, lambda = 2",63,376,"covariates only",19.665624283366,1.40806014886513,0.000148322693280782,0,1
"Fixed mixed-signal covariate-driven SAR design, lambda = 2",63,377,"covariates only",5.41070133433146,0.291385503052274,0.00138400887933252,0,1
"Fixed mixed-signal covariate-driven SAR design, lambda = 2",63,378,"covariates only",0.568024730409246,-0.0879707516819768,0.00295558553655182,0,1
"Fixed mixed-signal covariate-driven SAR design, lambda = 2",63,379,"covariates only",9.7410863119463,0.630610844949959,0.000702249580110808,0,1
"Fixed mixed-signal covariate-driven SAR design, lambda = 2",63,380,"covariates only",11.7283705090198,0.786286879456116,0.000514366887146382,0,1
"Fixed mixed-signal covariate-driven SAR design, lambda = 2",63,381,"network only",-4.72880515806666,-0.502903590027863,0.00677718930379799,0,1
"Fixed mixed-signal covariate-driven SAR design, lambda = 2",63,382,"network only",-2.03840421034646,-0.292148152335825,0.00444620793588733,0,1
"Fixed mixed-signal covariate-driven SAR design, lambda = 2",63,383,"network only",-4.11249477476947,-0.454624256534461,0.00615339395408421,1,0
"Fixed mixed-signal covariate-driven SAR design, lambda = 2",63,384,"network only",-5.41800682497132,-0.556892940235927,0.0075499516514124,0,1
"Fixed mixed-signal covariate-driven SAR design, lambda = 2",63,385,"network only",-9.48736063582074,-0.875670126311511,0.0142833644028949,1,0
"Fixed mixed-signal covariate-driven SAR design, lambda = 2",63,386,"network only",-23.6248820075776,-1.98314799391707,0.130849952611389,1,0
"Fixed mixed-signal covariate-driven SAR design, lambda = 2",63,387,"network only",-5.64311092037855,-0.574526710471558,0.00782097087704171,0,1
"Fixed mixed-signal covariate-driven SAR design, lambda = 2",63,388,"network only",-6.45977894511921,-0.638501274243979,0.00888849574320497,1,0
"Fixed mixed-signal covariate-driven SAR design, lambda = 2",63,389,"network only",0.910111177692997,-0.0611730437095296,0.00280134978305342,1,0
"Fixed mixed-signal covariate-driven SAR design, lambda = 2",63,390,"network only",-7.30667789522246,-0.704844009909897,0.0101496913768306,1,0
"Fixed mixed-signal covariate-driven SAR design, lambda = 2",63,391,"both",2.82612972627086,0.0889203199483197,0.00207490348445559,1,0
"Fixed mixed-signal covariate-driven SAR design, lambda = 2",63,392,"both",5.76062971329178,0.318797517135581,0.00131017438242782,0,1
"Fixed mixed-signal covariate-driven SAR design, lambda = 2",63,393,"both",7.93035983968897,0.48876564878151,0.000932602682186668,0,1
"Fixed mixed-signal covariate-driven SAR design, lambda = 2",63,394,"both",7.47737269533839,0.453280416010769,0.00100119516059648,1,0
"Fixed mixed-signal covariate-driven SAR design, lambda = 2",63,395,"both",10.0224425718577,0.652651188696965,0.000671966293357083,0,1
"Fixed mixed-signal covariate-driven SAR design, lambda = 2",63,396,"both",2.83327333050132,0.0894799218312898,0.00207258254370691,0,1
"Fixed mixed-signal covariate-driven SAR design, lambda = 2",63,397,"both",12.7261722151868,0.864450744024811,0.000439927116957992,0,1
"Fixed mixed-signal covariate-driven SAR design, lambda = 2",63,398,"both",8.2059203112339,0.510351973243776,0.000893196508944197,0,1
"Fixed mixed-signal covariate-driven SAR design, lambda = 2",63,399,"both",6.01959144668412,0.339083561679551,0.00125808176931711,0,1
"Fixed mixed-signal covariate-driven SAR design, lambda = 2",63,400,"both",3.87216521327522,0.170862629362022,0.0017612609832374,0,1
"Fixed mixed-signal covariate-driven SAR design, lambda = 2",64,356,"covariates only",5.11613360015105,0.202166640955172,0.00506589296480872,0,1
"Fixed mixed-signal covariate-driven SAR design, lambda = 2",64,357,"covariates only",3.39362989466977,0.0743221964040581,0.00654184550069,0,1
"Fixed mixed-signal covariate-driven SAR design, lambda = 2",64,358,"covariates only",8.97626925612298,0.488666401309415,0.00285631091543831,0,1
"Fixed mixed-signal covariate-driven SAR design, lambda = 2",64,359,"covariates only",13.5198745613591,0.825893366139145,0.0014551034137523,0,1
"Fixed mixed-signal covariate-driven SAR design, lambda = 2",64,360,"covariates only",15.0183225617336,0.937108367701693,0.00116491365654398,0,1
"Fixed mixed-signal covariate-driven SAR design, lambda = 2",64,361,"network only",-8.61228518601284,-0.816758351018542,0.0388761288164523,0,1
"Fixed mixed-signal covariate-driven SAR design, lambda = 2",64,362,"network only",-17.2425385467753,-1.45729685536608,0.139974101449764,1,0
"Fixed mixed-signal covariate-driven SAR design, lambda = 2",64,363,"network only",-0.899370891959706,-0.244304869115545,0.0123724650540108,1,0
"Fixed mixed-signal covariate-driven SAR design, lambda = 2",64,364,"network only",-15.6582171444308,-1.33970831896488,0.110639851265992,1,0
"Fixed mixed-signal covariate-driven SAR design, lambda = 2",64,365,"network only",-9.40732861007833,-0.875766575279673,0.0437458545722163,1,0
"Fixed mixed-signal covariate-driven SAR design, lambda = 2",64,366,"both",4.44161118954509,0.152103501673214,0.005599384616396,0,1
"Fixed mixed-signal covariate-driven SAR design, lambda = 2",64,367,"both",13.2714395561018,0.807454488386307,0.00150976608517569,0,1
"Fixed mixed-signal covariate-driven SAR design, lambda = 2",64,368,"both",1.08804984618788,-0.0967982486366928,0.00921156907672514,0,1
"Fixed mixed-signal covariate-driven SAR design, lambda = 2",64,369,"both",15.4206042640141,0.966965766915105,0.00109738729837848,0,1
"Fixed mixed-signal covariate-driven SAR design, lambda = 2",64,370,"both",4.71068557277801,0.172074236689854,0.00538014449564818,0,1
"Fixed mixed-signal covariate-driven SAR design, lambda = 2",64,371,"covariates only",3.37381543130526,0.0728515644078225,0.00656111511993225,1,0
"Fixed mixed-signal covariate-driven SAR design, lambda = 2",64,372,"covariates only",17.3082820187249,1.1070694504512,0.000829215508372471,0,1
"Fixed mixed-signal covariate-driven SAR design, lambda = 2",64,373,"covariates only",9.66256718305218,0.539603520913655,0.00257965756477358,1,0
"Fixed mixed-signal covariate-driven SAR design, lambda = 2",64,374,"covariates only",9.48803930586309,0.526650039625386,0.00264736187658035,0,1
"Fixed mixed-signal covariate-driven SAR design, lambda = 2",64,375,"covariates only",7.77829984602904,0.399752959012992,0.00341220185123928,0,1
"Fixed mixed-signal covariate-driven SAR design, lambda = 2",64,376,"covariates only",4.26624258374559,0.139087621400332,0.00574706024493079,0,1
"Fixed mixed-signal covariate-driven SAR design, lambda = 2",64,377,"covariates only",4.12826766824635,0.1288471055873,0.00586597960624146,0,1
"Fixed mixed-signal covariate-driven SAR design, lambda = 2",64,378,"covariates only",0.333966699379499,-0.152766395899481,0.0103026021259746,1,0
"Fixed mixed-signal covariate-driven SAR design, lambda = 2",64,379,"covariates only",3.09519448043279,0.0521722819242812,0.00683816308861568,0,1
"Fixed mixed-signal covariate-driven SAR design, lambda = 2",64,380,"covariates only",5.95845986902651,0.264684203984221,0.00447047781724729,0,1
"Fixed mixed-signal covariate-driven SAR design, lambda = 2",64,381,"network only",-12.2124447147985,-1.08396265007949,0.0663397327670951,1,0
"Fixed mixed-signal covariate-driven SAR design, lambda = 2",64,382,"network only",-12.6618407006037,-1.11731687742073,0.0709160980006778,1,0
"Fixed mixed-signal covariate-driven SAR design, lambda = 2",64,383,"network only",-9.34136135706404,-0.870870477353534,0.0433195770989763,0,1
"Fixed mixed-signal covariate-driven SAR design, lambda = 2",64,384,"network only",-27.474250030342,-2.21669578569137,0.639224214665383,1,0
"Fixed mixed-signal covariate-driven SAR design, lambda = 2",64,385,"network only",-8.09938131833679,-0.778690560590862,0.036026141449171,0,1
"Fixed mixed-signal covariate-driven SAR design, lambda = 2",64,386,"network only",-30.4889309387706,-2.44044578693112,1,1,0
"Fixed mixed-signal covariate-driven SAR design, lambda = 2",64,387,"network only",-6.63911722221495,-0.670309573268418,0.0290054241356374,0,1
"Fixed mixed-signal covariate-driven SAR design, lambda = 2",64,388,"network only",-3.96411190095406,-0.471770337399359,0.0194998033307958,1,0
"Fixed mixed-signal covariate-driven SAR design, lambda = 2",64,389,"network only",-8.72884724959287,-0.825409602233098,0.039554636139688,1,0
"Fixed mixed-signal covariate-driven SAR design, lambda = 2",64,390,"network only",-9.10662481349485,-0.853448301173038,0.0418361294647965,1,0
"Fixed mixed-signal covariate-driven SAR design, lambda = 2",64,391,"both",36.4786731840624,2.5298983259777,4.81741385349441e-05,0,1
"Fixed mixed-signal covariate-driven SAR design, lambda = 2",64,392,"both",15.8958015149718,1.0022349674443,0.00102264639290431,0,1
"Fixed mixed-signal covariate-driven SAR design, lambda = 2",64,393,"both",15.3480700283156,0.961582266697187,0.00110926670592846,1,0
"Fixed mixed-signal covariate-driven SAR design, lambda = 2",64,394,"both",18.190184019976,1.17252432938103,0.000727468228072938,0,1
"Fixed mixed-signal covariate-driven SAR design, lambda = 2",64,395,"both",35.7556507795647,2.47623551096785,5.36321103375881e-05,0,1
"Fixed mixed-signal covariate-driven SAR design, lambda = 2",64,396,"both",1.36292586051125,-0.0763969158211118,0.00884327724272924,0,1
"Fixed mixed-signal covariate-driven SAR design, lambda = 2",64,397,"both",10.8467615778635,0.627494579820201,0.00216381863084864,0,1
"Fixed mixed-signal covariate-driven SAR design, lambda = 2",64,398,"both",2.1821101506416,-0.0155969534039327,0.00783074468348307,0,1
"Fixed mixed-signal covariate-driven SAR design, lambda = 2",64,399,"both",0.481394654689207,-0.141824274266941,0.0100795866378623,0,1
"Fixed mixed-signal covariate-driven SAR design, lambda = 2",64,400,"both",1.29678385559742,-0.0813059838555074,0.00893052936771639,0,1
"Fixed mixed-signal covariate-driven SAR design, lambda = 2",65,356,"covariates only",5.42354645039968,0.322188491947551,0.00620018688782167,0,1
"Fixed mixed-signal covariate-driven SAR design, lambda = 2",65,357,"covariates only",3.41640917753513,0.123507952729199,0.00922521515998764,0,1
"Fixed mixed-signal covariate-driven SAR design, lambda = 2",65,358,"covariates only",8.20761324763512,0.597774970248168,0.00357300321266899,0,1
"Fixed mixed-signal covariate-driven SAR design, lambda = 2",65,359,"covariates only",9.02622158024567,0.678806570393573,0.00303843711983045,0,1
"Fixed mixed-signal covariate-driven SAR design, lambda = 2",65,360,"covariates only",9.10107220026178,0.686215810282983,0.00299374406024376,0,1
"Fixed mixed-signal covariate-driven SAR design, lambda = 2",65,361,"network only",-6.96301897967639,-0.903920719406315,0.0720094857957622,0,1
"Fixed mixed-signal covariate-driven SAR design, lambda = 2",65,362,"network only",-8.09999052255027,-1.01646614530621,0.0901873081503989,1,0
"Fixed mixed-signal covariate-driven SAR design, lambda = 2",65,363,"network only",-2.19750440329109,-0.432196628339108,0.0280320829920301,1,0
"Fixed mixed-signal covariate-driven SAR design, lambda = 2",65,364,"network only",-3.86757045260967,-0.597511491300784,0.0390162958548736,0,1
"Fixed mixed-signal covariate-driven SAR design, lambda = 2",65,365,"network only",-2.73899253075653,-0.48579692494046,0.031204124093679,1,0
"Fixed mixed-signal covariate-driven SAR design, lambda = 2",65,366,"both",4.06885988640132,0.188092104697005,0.00810735933686992,0,1
"Fixed mixed-signal covariate-driven SAR design, lambda = 2",65,367,"both",1.42189086462616,-0.0739234732360403,0.0136918855968766,0,1
"Fixed mixed-signal covariate-driven SAR design, lambda = 2",65,368,"both",18.9254081525325,1.6586975587155,0.000428082776637337,0,1
"Fixed mixed-signal covariate-driven SAR design, lambda = 2",65,369,"both",10.5552048628124,0.830156070571337,0.00224486251222042,0,1
"Fixed mixed-signal covariate-driven SAR design, lambda = 2",65,370,"both",0.480616281710449,-0.16709744006658,0.0164965505062323,0,1
"Fixed mixed-signal covariate-driven SAR design, lambda = 2",65,371,"covariates only",8.08744385482439,0.585879760048068,0.00365902565903123,0,1
"Fixed mixed-signal covariate-driven SAR design, lambda = 2",65,372,"covariates only",8.40741988417357,0.617553233959153,0.00343442648908801,0,1
"Fixed mixed-signal covariate-driven SAR design, lambda = 2",65,373,"covariates only",12.0540376133682,0.978521059406179,0.00166848211488916,0,1
"Fixed mixed-signal covariate-driven SAR design, lambda = 2",65,374,"covariates only",3.23969347257705,0.106015391545622,0.00955367250051114,0,1
"Fixed mixed-signal covariate-driven SAR design, lambda = 2",65,375,"covariates only",2.02092999667575,-0.0146263741399495,0.0121606966715943,0,1
"Fixed mixed-signal covariate-driven SAR design, lambda = 2",65,376,"covariates only",2.8061373352629,0.0630989611113127,0.0104099127004341,1,0
"Fixed mixed-signal covariate-driven SAR design, lambda = 2",65,377,"covariates only",21.6270446320138,1.92612450542814,0.000250751569693067,0,1
"Fixed mixed-signal covariate-driven SAR design, lambda = 2",65,378,"covariates only",1.68464961154419,-0.0479137676579522,0.0129978499328816,1,0
"Fixed mixed-signal covariate-driven SAR design, lambda = 2",65,379,"covariates only",6.00389815801895,0.379635778570616,0.00552721936377886,0,1
"Fixed mixed-signal covariate-driven SAR design, lambda = 2",65,380,"covariates only",8.57210181828321,0.63385460801601,0.00332426036470254,0,1
"Fixed mixed-signal covariate-driven SAR design, lambda = 2",65,381,"network only",-7.36110397679798,-0.943325967344327,0.077914210294959,1,0
"Fixed mixed-signal covariate-driven SAR design, lambda = 2",65,382,"network only",-5.06610724684816,-0.716151078025457,0.049464664923475,0,1
"Fixed mixed-signal covariate-driven SAR design, lambda = 2",65,383,"network only",-6.58709870483636,-0.866709491296474,0.0668449261260722,1,0
"Fixed mixed-signal covariate-driven SAR design, lambda = 2",65,384,"network only",-10.5061693506235,-1.25464661929795,0.145219974344377,1,0
"Fixed mixed-signal covariate-driven SAR design, lambda = 2",65,385,"network only",-20.2524249898187,-2.21939943014662,1,1,0
"Fixed mixed-signal covariate-driven SAR design, lambda = 2",65,386,"network only",-15.6868099427349,-1.76746279796828,0.404997953750329,1,0
"Fixed mixed-signal covariate-driven SAR design, lambda = 2",65,387,"network only",-13.8299629738223,-1.58365904821129,0.280416084191563,1,0
"Fixed mixed-signal covariate-driven SAR design, lambda = 2",65,388,"network only",-9.08885350795661,-1.11435074632964,0.109689967742911,1,0
"Fixed mixed-signal covariate-driven SAR design, lambda = 2",65,389,"network only",-12.0444713636038,-1.40691855283811,0.196919206310639,1,0
"Fixed mixed-signal covariate-driven SAR design, lambda = 2",65,390,"network only",-15.0477069935465,-1.70419990096694,0.356864522379646,1,0
"Fixed mixed-signal covariate-driven SAR design, lambda = 2",65,391,"both",17.6392502903175,1.53138462350199,0.000552217754162027,0,1
"Fixed mixed-signal covariate-driven SAR design, lambda = 2",65,392,"both",4.47170551355304,0.227968593219401,0.00748588488692523,0,1
"Fixed mixed-signal covariate-driven SAR design, lambda = 2",65,393,"both",2.0986402209742,-0.00693407054162148,0.0119750409123599,1,0
"Fixed mixed-signal covariate-driven SAR design, lambda = 2",65,394,"both",2.02540358403719,-0.0141835470542152,0.0121499312677752,0,1
"Fixed mixed-signal covariate-driven SAR design, lambda = 2",65,395,"both",11.167700174286,0.890785156781571,0.00198851097547679,0,1
"Fixed mixed-signal covariate-driven SAR design, lambda = 2",65,396,"both",9.22727506490689,0.698708255885771,0.00291987237144982,0,1
"Fixed mixed-signal covariate-driven SAR design, lambda = 2",65,397,"both",6.47785226773509,0.426551083944207,0.0050321848358112,0,1
"Fixed mixed-signal covariate-driven SAR design, lambda = 2",65,398,"both",2.4334893794735,0.0262116501157929,0.0112069387582541,0,1
"Fixed mixed-signal covariate-driven SAR design, lambda = 2",65,399,"both",10.1987252585892,0.794869216530538,0.00240901508519339,0,1
"Fixed mixed-signal covariate-driven SAR design, lambda = 2",65,400,"both",26.0586185622065,2.36479280676464,0.00010428484861929,0,1
"Fixed mixed-signal covariate-driven SAR design, lambda = 2",66,356,"covariates only",27.0031304147489,2.13280032910207,0.000156252758293666,0,1
"Fixed mixed-signal covariate-driven SAR design, lambda = 2",66,357,"covariates only",4.18953355710734,0.0890114740152289,0.00931193930218522,0,1
"Fixed mixed-signal covariate-driven SAR design, lambda = 2",66,358,"covariates only",3.36764704990899,0.0153815903085925,0.0107893241450083,1,0
"Fixed mixed-signal covariate-driven SAR design, lambda = 2",66,359,"covariates only",9.14568688770794,0.533015591576822,0.00383162554567628,1,0
"Fixed mixed-signal covariate-driven SAR design, lambda = 2",66,360,"covariates only",5.8749118859203,0.239998513302681,0.0068848496468478,1,0
"Fixed mixed-signal covariate-driven SAR design, lambda = 2",66,361,"network only",-1.87072565120005,-0.453905555077768,0.0275811186275642,1,0
"Fixed mixed-signal covariate-driven SAR design, lambda = 2",66,362,"network only",-12.0066400672542,-1.36194601221887,0.169560932364759,1,0
"Fixed mixed-signal covariate-driven SAR design, lambda = 2",66,363,"network only",-7.07515232253585,-0.920151596610232,0.0700790236070053,1,0
"Fixed mixed-signal covariate-driven SAR design, lambda = 2",66,364,"network only",-8.36961611221141,-1.03611799520845,0.0883721001953732,1,0
"Fixed mixed-signal covariate-driven SAR design, lambda = 2",66,365,"network only",-15.4462373560244,-1.67008727765115,0.314031995139018,1,0
"Fixed mixed-signal covariate-driven SAR design, lambda = 2",66,366,"both",9.81254948773228,0.592757435807205,0.003400102061119,0,1
"Fixed mixed-signal covariate-driven SAR design, lambda = 2",66,367,"both",1.312828244441,-0.168702304924775,0.0155914849798996,0,1
"Fixed mixed-signal covariate-driven SAR design, lambda = 2",66,368,"both",4.1866463692106,0.0887528211389329,0.00931675766813079,0,1
"Fixed mixed-signal covariate-driven SAR design, lambda = 2",66,369,"both",14.7793692106108,1.03771711744743,0.00139638406663427,0,1
"Fixed mixed-signal covariate-driven SAR design, lambda = 2",66,370,"both",19.7183172108226,1.480179870764,0.000576350428325774,0,1
"Fixed mixed-signal covariate-driven SAR design, lambda = 2",66,371,"covariates only",13.9089880607584,0.959742771497242,0.00163204654730425,0,1
"Fixed mixed-signal covariate-driven SAR design, lambda = 2",66,372,"covariates only",24.6833766162186,1.92498185183318,0.000236775372439265,0,1
"Fixed mixed-signal covariate-driven SAR design, lambda = 2",66,373,"covariates only",4.47335741659628,0.114438242290786,0.00885023344095148,1,0
"Fixed mixed-signal covariate-driven SAR design, lambda = 2",66,374,"covariates only",3.36185174968076,0.0148624100104465,0.0108005331725603,0,1
"Fixed mixed-signal covariate-driven SAR design, lambda = 2",66,375,"covariates only",17.8912947231174,1.31650343597533,0.000799565718018785,0,1
"Fixed mixed-signal covariate-driven SAR design, lambda = 2",66,376,"covariates only",4.7133389261192,0.135937330648069,0.00847775487519245,0,1
"Fixed mixed-signal covariate-driven SAR design, lambda = 2",66,377,"covariates only",3.87464763990171,0.0608019666664084,0.00985241287810054,0,1
"Fixed mixed-signal covariate-driven SAR design, lambda = 2",66,378,"covariates only",4.4868768020529,0.115649395862767,0.00882882140100013,0,1
"Fixed mixed-signal covariate-driven SAR design, lambda = 2",66,379,"covariates only",13.3859446526981,0.912885176231095,0.00179239007796449,0,1
"Fixed mixed-signal covariate-driven SAR design, lambda = 2",66,380,"covariates only",5.17120525731935,0.176955943831502,0.00781002709487056,0,1
"Fixed mixed-signal covariate-driven SAR design, lambda = 2",66,381,"network only",-8.06298730391962,-1.00864821282622,0.0836479354583043,0,1
"Fixed mixed-signal covariate-driven SAR design, lambda = 2",66,382,"network only",-3.93564869714788,-0.638894653213188,0.0399292695317904,0,1
"Fixed mixed-signal covariate-driven SAR design, lambda = 2",66,383,"network only",-13.8852737967849,-1.53024611426608,0.237415684852115,1,0
"Fixed mixed-signal covariate-driven SAR design, lambda = 2",66,384,"network only",-4.21831344404406,-0.664217580721607,0.0420036064395541,0,1
"Fixed mixed-signal covariate-driven SAR design, lambda = 2",66,385,"network only",-6.53485787496969,-0.871748542182138,0.0636129715746644,0,1
"Fixed mixed-signal covariate-driven SAR design, lambda = 2",66,386,"network only",-7.99126263376831,-1.00222265519037,0.0825798439805113,1,0
"Fixed mixed-signal covariate-driven SAR design, lambda = 2",66,387,"network only",2.48684076658907,-0.0635267062030447,0.0126337743675144,0,1
"Fixed mixed-signal covariate-driven SAR design, lambda = 2",66,388,"network only",-20.4080592887009,-2.11459922507485,0.763962550971305,1,0
"Fixed mixed-signal covariate-driven SAR design, lambda = 2",66,389,"network only",-21.9107226238067,-2.24921747910998,1,1,0
"Fixed mixed-signal covariate-driven SAR design, lambda = 2",66,390,"network only",-9.27786315997571,-1.11748461203216,0.103989459685415,1,0
"Fixed mixed-signal covariate-driven SAR design, lambda = 2",66,391,"both",10.8352910843023,0.684381211301575,0.00283079586969463,0,1
"Fixed mixed-signal covariate-driven SAR design, lambda = 2",66,392,"both",7.91723669648963,0.422963116050574,0.00477500054782781,0,1
"Fixed mixed-signal covariate-driven SAR design, lambda = 2",66,393,"both",3.88239574691512,0.0614960919663709,0.00983874474960075,0,1
"Fixed mixed-signal covariate-driven SAR design, lambda = 2",66,394,"both",4.19702113769636,0.0896822596811153,0.00929945504750574,0,1
"Fixed mixed-signal covariate-driven SAR design, lambda = 2",66,395,"both",5.88659319819963,0.241045000447969,0.0068704549027119,1,0
"Fixed mixed-signal covariate-driven SAR design, lambda = 2",66,396,"both",15.2829908845709,1.08283478875734,0.00127589863644887,0,1
"Fixed mixed-signal covariate-driven SAR design, lambda = 2",66,397,"both",21.0065783326003,1.59559059444605,0.000457553771367218,0,1
"Fixed mixed-signal covariate-driven SAR design, lambda = 2",66,398,"both",6.15748158015702,0.265312925382023,0.00654495464747148,0,1
"Fixed mixed-signal covariate-driven SAR design, lambda = 2",66,399,"both",4.74242474727843,0.138543025729701,0.00843368890903134,0,1
"Fixed mixed-signal covariate-driven SAR design, lambda = 2",66,400,"both",7.0748226187188,0.347494240438371,0.00555296400349363,0,1
"Fixed mixed-signal covariate-driven SAR design, lambda = 2",67,356,"covariates only",0.126770137613472,-0.291020715662787,0.00983207901846518,0,1
"Fixed mixed-signal covariate-driven SAR design, lambda = 2",67,357,"covariates only",4.98081607010398,0.279077419158901,0.00314386878754272,0,1
"Fixed mixed-signal covariate-driven SAR design, lambda = 2",67,358,"covariates only",5.34969095920219,0.322401048391547,0.00288292925877214,0,1
"Fixed mixed-signal covariate-driven SAR design, lambda = 2",67,359,"covariates only",4.38257254800416,0.208814895717292,0.00361820912414266,1,0
"Fixed mixed-signal covariate-driven SAR design, lambda = 2",67,360,"covariates only",4.61096337376299,0.235638948391364,0.00342921400202327,0,1
"Fixed mixed-signal covariate-driven SAR design, lambda = 2",67,361,"network only",-4.45507438551048,-0.829149331049772,0.0288441627041775,1,0
"Fixed mixed-signal covariate-driven SAR design, lambda = 2",67,362,"network only",-1.46678245824571,-0.478180329575517,0.0142958550259374,0,1
"Fixed mixed-signal covariate-driven SAR design, lambda = 2",67,363,"network only",-14.5064432469935,-2.00966280785493,0.305801009137574,1,0
"Fixed mixed-signal covariate-driven SAR design, lambda = 2",67,364,"network only",-2.77803664670475,-0.632184551520339,0.019452548325973,0,1
"Fixed mixed-signal covariate-driven SAR design, lambda = 2",67,365,"network only",-14.385270625755,-1.99543132213759,0.297219707748616,1,0
"Fixed mixed-signal covariate-driven SAR design, lambda = 2",67,366,"both",9.8639999126427,0.852597744129205,0.000998414747355799,0,1
"Fixed mixed-signal covariate-driven SAR design, lambda = 2",67,367,"both",8.1745909809419,0.654179992359071,0.00148475383829121,0,1
"Fixed mixed-signal covariate-driven SAR design, lambda = 2",67,368,"both",6.71973734293248,0.483310297880888,0.00208963285276134,0,1
"Fixed mixed-signal covariate-driven SAR design, lambda = 2",67,369,"both",4.04257691015238,0.168883077666416,0.00391902470240253,0,1
"Fixed mixed-signal covariate-driven SAR design, lambda = 2",67,370,"both",4.23833696364915,0.191874710403982,0.00374289567671308,0,1
"Fixed mixed-signal covariate-driven SAR design, lambda = 2",67,371,"covariates only",9.65772587357932,0.82837126449393,0.00104798204045739,0,1
"Fixed mixed-signal covariate-driven SAR design, lambda = 2",67,372,"covariates only",8.64176281726632,0.709048404449503,0.00133044326527975,0,1
"Fixed mixed-signal covariate-driven SAR design, lambda = 2",67,373,"covariates only",5.95621383391855,0.393635965491945,0.00250011578996559,0,1
"Fixed mixed-signal covariate-driven SAR design, lambda = 2",67,374,"covariates only",12.8647929852185,1.20503498049947,0.000493387216990474,0,1
"Fixed mixed-signal covariate-driven SAR design, lambda = 2",67,375,"covariates only",16.621914044364,1.64630144931905,0.000204130880277875,0,1
"Fixed mixed-signal covariate-driven SAR design, lambda = 2",67,376,"covariates only",5.79125007183586,0.374261296528263,0.00259889507803407,1,0
"Fixed mixed-signal covariate-driven SAR design, lambda = 2",67,377,"covariates only",-0.53419094184552,-0.368649292695219,0.0114834579783656,0,1
"Fixed mixed-signal covariate-driven SAR design, lambda = 2",67,378,"covariates only",5.75852491606962,0.370417791435077,0.002618949792617,0,1
"Fixed mixed-signal covariate-driven SAR design, lambda = 2",67,379,"covariates only",8.23304911900832,0.661045785542804,0.00146450515417106,0,1
"Fixed mixed-signal covariate-driven SAR design, lambda = 2",67,380,"covariates only",14.5260224848559,1.40014311347261,0.000333978970963905,0,1
"Fixed mixed-signal covariate-driven SAR design, lambda = 2",67,381,"network only",-10.7791117058513,-1.57189505925495,0.127408581079468,1,0
"Fixed mixed-signal covariate-driven SAR design, lambda = 2",67,382,"network only",-2.43053736410461,-0.59137144517205,0.0179277872248959,0,1
"Fixed mixed-signal covariate-driven SAR design, lambda = 2",67,383,"network only",-7.77422709587799,-1.21897727987555,0.0629010928225464,1,0
"Fixed mixed-signal covariate-driven SAR design, lambda = 2",67,384,"network only",-6.11121234139944,-1.02365947223735,0.0425605565698258,1,0
"Fixed mixed-signal covariate-driven SAR design, lambda = 2",67,385,"network only",-2.59164649154514,-0.610293394888639,0.0186192458252093,0,1
"Fixed mixed-signal covariate-driven SAR design, lambda = 2",67,386,"network only",-19.5504643355587,-2.6020731506052,1,1,0
"Fixed mixed-signal covariate-driven SAR design, lambda = 2",67,387,"network only",-10.3285103962297,-1.51897282289044,0.114612242142404,1,0
"Fixed mixed-signal covariate-driven SAR design, lambda = 2",67,388,"network only",0.271053610720018,-0.274074905909926,0.00950443745040232,1,0
"Fixed mixed-signal covariate-driven SAR design, lambda = 2",67,389,"network only",-7.93108824027613,-1.23740031235013,0.0652619781458621,1,0
"Fixed mixed-signal covariate-driven SAR design, lambda = 2",67,390,"network only",-2.12086967674048,-0.555001585175637,0.0166700241941937,1,0
"Fixed mixed-signal covariate-driven SAR design, lambda = 2",67,391,"both",10.9475761179935,0.979861635365339,0.000774053494872056,0,1
"Fixed mixed-signal covariate-driven SAR design, lambda = 2",67,392,"both",7.67776311220149,0.595828537668362,0.00166854485526502,0,1
"Fixed mixed-signal covariate-driven SAR design, lambda = 2",67,393,"both",4.55337910832363,0.228875789826606,0.00347591376399636,1,0
"Fixed mixed-signal covariate-driven SAR design, lambda = 2",67,394,"both",20.2871322652726,2.07677411078857,8.62988295285746e-05,0,1
"Fixed mixed-signal covariate-driven SAR design, lambda = 2",67,395,"both",6.02992601616545,0.40229331612213,0.0024571996442462,0,1
"Fixed mixed-signal covariate-driven SAR design, lambda = 2",67,396,"both",4.02696264807622,0.167049213337556,0.00393342501368801,0,1
"Fixed mixed-signal covariate-driven SAR design, lambda = 2",67,397,"both",8.50090583364757,0.692505029138578,0.00137519964851002,1,0
"Fixed mixed-signal covariate-driven SAR design, lambda = 2",67,398,"both",2.75219384442249,0.017330127980861,0.0053065861654723,0,1
"Fixed mixed-signal covariate-driven SAR design, lambda = 2",67,399,"both",8.01990804481634,0.636012786156167,0.00153969355360625,0,1
"Fixed mixed-signal covariate-driven SAR design, lambda = 2",67,400,"both",11.3440698826761,1.02642904714052,0.000705217427081837,0,1
"Fixed mixed-signal covariate-driven SAR design, lambda = 2",68,356,"covariates only",47.8457180034702,3,1.60704260995351e-05,0,1
"Fixed mixed-signal covariate-driven SAR design, lambda = 2",68,357,"covariates only",15.4121566822956,0.910120048837842,0.00105020493147282,1,0
"Fixed mixed-signal covariate-driven SAR design, lambda = 2",68,358,"covariates only",4.9641913172791,0.114009447441301,0.00516139308490093,0,1
"Fixed mixed-signal covariate-driven SAR design, lambda = 2",68,359,"covariates only",4.91271932334901,0.110087401510715,0.00520203873207602,0,1
"Fixed mixed-signal covariate-driven SAR design, lambda = 2",68,360,"covariates only",3.5779650666801,0.00838223913036412,0.00637548991416107,0,1
"Fixed mixed-signal covariate-driven SAR design, lambda = 2",68,361,"network only",-7.96413242071431,-0.871098679023751,0.0370186845744886,1,0
"Fixed mixed-signal covariate-driven SAR design, lambda = 2",68,362,"network only",-11.4387943641647,-1.13585981794485,0.0628622014053588,1,0
"Fixed mixed-signal covariate-driven SAR design, lambda = 2",68,363,"network only",-5.86301379892103,-0.710998338798448,0.0268756881910693,1,0
"Fixed mixed-signal covariate-driven SAR design, lambda = 2",68,364,"network only",-8.53854648128218,-0.914867691193384,0.0404052932740492,1,0
"Fixed mixed-signal covariate-driven SAR design, lambda = 2",68,365,"network only",-8.43227308129706,-0.906769905890813,0.039756177085883,0,1
"Fixed mixed-signal covariate-driven SAR design, lambda = 2",68,366,"both",9.19317222919269,0.436247933065599,0.00270940634362572,0,1
"Fixed mixed-signal covariate-driven SAR design, lambda = 2",68,367,"both",25.6852738349629,1.69290762411176,0.000219459004274622,0,1
"Fixed mixed-signal covariate-driven SAR design, lambda = 2",68,368,"both",2.02836593830642,-0.10969360156335,0.00807370608210685,1,0
"Fixed mixed-signal covariate-driven SAR design, lambda = 2",68,369,"both",14.4464039217948,0.836531940138995,0.00121672343331208,0,1
"Fixed mixed-signal covariate-driven SAR design, lambda = 2",68,370,"both",4.67926607330457,0.0922988081532788,0.00539044423194916,0,1
"Fixed mixed-signal covariate-driven SAR design, lambda = 2",68,371,"covariates only",2.8401824940169,-0.0478350727674596,0.00713416746712847,0,1
"Fixed mixed-signal covariate-driven SAR design, lambda = 2",68,372,"covariates only",14.84899275842,0.867208270854487,0.00114431805442965,0,1
"Fixed mixed-signal covariate-driven SAR design, lambda = 2",68,373,"covariates only",8.05113845734992,0.349227622301439,0.00322447507974622,0,1
"Fixed mixed-signal covariate-driven SAR design, lambda = 2",68,374,"covariates only",7.27036992140312,0.289734880223123,0.00363189901163676,0,1
"Fixed mixed-signal covariate-driven SAR design, lambda = 2",68,375,"covariates only",15.4811496888669,0.915377155081474,0.00103922070013013,0,1
"Fixed mixed-signal covariate-driven SAR design, lambda = 2",68,376,"covariates only",11.4403104292679,0.607474624711527,0.00192374953837436,1,0
"Fixed mixed-signal covariate-driven SAR design, lambda = 2",68,377,"covariates only",9.84023550998165,0.485552646434516,0.00245498370257861,0,1
"Fixed mixed-signal covariate-driven SAR design, lambda = 2",68,378,"covariates only",3.38449839552613,-0.00635947014427504,0.00656625960403506,1,0
"Fixed mixed-signal covariate-driven SAR design, lambda = 2",68,379,"covariates only",5.07071893797587,0.122126603769385,0.00507827790019612,0,1
"Fixed mixed-signal covariate-driven SAR design, lambda = 2",68,380,"covariates only",3.69348397790455,0.0171845108334755,0.00626423449896549,0,1
"Fixed mixed-signal covariate-driven SAR design, lambda = 2",68,381,"network only",-13.183913383857,-1.26883381850267,0.082014253279257,1,0
"Fixed mixed-signal covariate-driven SAR design, lambda = 2",68,382,"network only",-4.92917176772483,-0.639841753272783,0.0233106170035984,0,1
"Fixed mixed-signal covariate-driven SAR design, lambda = 2",68,383,"network only",-9.31374036395526,-0.97393565768954,0.0454719990494998,1,0
"Fixed mixed-signal covariate-driven SAR design, lambda = 2",68,384,"network only",-4.30290165132586,-0.592121430551147,0.0211887054249422,0,1
"Fixed mixed-signal covariate-driven SAR design, lambda = 2",68,385,"network only",-4.81859261361414,-0.631415879544703,0.0229210837491276,0,1
"Fixed mixed-signal covariate-driven SAR design, lambda = 2",68,386,"network only",-25.3573550060583,-2.19642168775104,0.524302491246843,1,0
"Fixed mixed-signal covariate-driven SAR design, lambda = 2",68,387,"network only",-3.29486130101878,-0.515311106102518,0.0181713763465809,1,0
"Fixed mixed-signal covariate-driven SAR design, lambda = 2",68,388,"network only",-12.0719476069107,-1.18410461884613,0.0692300248283027,1,0
"Fixed mixed-signal covariate-driven SAR design, lambda = 2",68,389,"network only",-29.5942726214342,-2.51926493167475,1,1,0
"Fixed mixed-signal covariate-driven SAR design, lambda = 2",68,390,"network only",-7.01777399747016,-0.798988373605984,0.0320469547369509,0,1
"Fixed mixed-signal covariate-driven SAR design, lambda = 2",68,391,"both",4.68546506790096,0.0927711570885757,0.00538535429536635,0,1
"Fixed mixed-signal covariate-driven SAR design, lambda = 2",68,392,"both",4.33878486607245,0.0663549339936844,0.00567752584771608,0,1
"Fixed mixed-signal covariate-driven SAR design, lambda = 2",68,393,"both",4.42824341879136,0.0731714671383658,0.00560064898584555,0,1
"Fixed mixed-signal covariate-driven SAR design, lambda = 2",68,394,"both",8.22330478369237,0.362346294963167,0.00314097363188616,1,0
"Fixed mixed-signal covariate-driven SAR design, lambda = 2",68,395,"both",11.4057055507738,0.604837813651503,0.00193392146436597,0,1
"Fixed mixed-signal covariate-driven SAR design, lambda = 2",68,396,"both",9.66353263754139,0.472088299537087,0.00252199137229243,0,1
"Fixed mixed-signal covariate-driven SAR design, lambda = 2",68,397,"both",23.3837628371563,1.5175378520488,0.00031165755051776,0,1
"Fixed mixed-signal covariate-driven SAR design, lambda = 2",68,398,"both",5.96925615287517,0.190593044606359,0.00442840434610802,0,1
"Fixed mixed-signal covariate-driven SAR design, lambda = 2",68,399,"both",14.5742082460306,0.846270331670148,0.0011932548629672,0,1
"Fixed mixed-signal covariate-driven SAR design, lambda = 2",68,400,"both",10.8408492548716,0.561797080865478,0.00210777155413249,0,1
"Fixed mixed-signal covariate-driven SAR design, lambda = 2",69,356,"covariates only",5.84001894624215,0.266247713405412,0.0093406292307236,0,1
"Fixed mixed-signal covariate-driven SAR design, lambda = 2",69,357,"covariates only",5.67680550536373,0.252978692575468,0.00959182967984712,0,1
"Fixed mixed-signal covariate-driven SAR design, lambda = 2",69,358,"covariates only",6.26333590487727,0.300662780642318,0.00871933945914981,0,1
"Fixed mixed-signal covariate-driven SAR design, lambda = 2",69,359,"covariates only",2.94458106627941,0.0308527279541071,0.0149567632722509,0,1
"Fixed mixed-signal covariate-driven SAR design, lambda = 2",69,360,"covariates only",6.60081109472813,0.328099034051472,0.0082537775313308,0,1
"Fixed mixed-signal covariate-driven SAR design, lambda = 2",69,361,"network only",-22.7414513901577,-2.05738521292085,0.974222261414181,1,0
"Fixed mixed-signal covariate-driven SAR design, lambda = 2",69,362,"network only",-13.5164489090405,-1.30740561920953,0.217387241162062,1,0
"Fixed mixed-signal covariate-driven SAR design, lambda = 2",69,363,"network only",-9.28959918933514,-0.963768743018735,0.109333903241409,1,0
"Fixed mixed-signal covariate-driven SAR design, lambda = 2",69,364,"network only",-14.0213761251256,-1.34845548441536,0.235987777886866,1,0
"Fixed mixed-signal covariate-driven SAR design, lambda = 2",69,365,"network only",1.36292923632775,-0.0977333184180196,0.0193430983817448,0,1
"Fixed mixed-signal covariate-driven SAR design, lambda = 2",69,366,"both",1.67557483264917,-0.0723156756819088,0.0183843617362661,0,1
"Fixed mixed-signal covariate-driven SAR design, lambda = 2",69,367,"both",13.1566738111176,0.861081357528259,0.00284256362876645,0,1
"Fixed mixed-signal covariate-driven SAR design, lambda = 2",69,368,"both",8.94709127432854,0.518848278773251,0.00563598813429318,0,1
"Fixed mixed-signal covariate-driven SAR design, lambda = 2",69,369,"both",20.6345509615718,1.46902214438447,0.00084267388822741,0,1
"Fixed mixed-signal covariate-driven SAR design, lambda = 2",69,370,"both",3.8982378496666,0.108383669372147,0.0128084064273444,0,1
"Fixed mixed-signal covariate-driven SAR design, lambda = 2",69,371,"covariates only",14.7035673920747,0.986841607645871,0.00221042726836999,0,1
"Fixed mixed-signal covariate-driven SAR design, lambda = 2",69,372,"covariates only",7.66101233452991,0.41429188838472,0.00694682881245864,0,1
"Fixed mixed-signal covariate-driven SAR design, lambda = 2",69,373,"covariates only",-0.761669240796838,-0.270460155720792,0.0273246536200525,0,1
"Fixed mixed-signal covariate-driven SAR design, lambda = 2",69,374,"covariates only",15.5015857842103,1.05171936900508,0.00194144066485961,0,1
"Fixed mixed-signal covariate-driven SAR design, lambda = 2",69,375,"covariates only",4.80254077571875,0.181902212316801,0.0110570100623719,0,1
"Fixed mixed-signal covariate-driven SAR design, lambda = 2",69,376,"covariates only",3.87525830170129,0.106515464774699,0.0128563533938535,0,1
"Fixed mixed-signal covariate-driven SAR design, lambda = 2",69,377,"covariates only",14.1997868620919,0.945884966390805,0.00239911306657399,0,1
"Fixed mixed-signal covariate-driven SAR design, lambda = 2",69,378,"covariates only",10.7629472785084,0.666474791724406,0.00419510958687462,0,1
"Fixed mixed-signal covariate-driven SAR design, lambda = 2",69,379,"covariates only",12.3645731446104,0.796684698854019,0.00323328823411083,0,1
"Fixed mixed-signal covariate-driven SAR design, lambda = 2",69,380,"covariates only",5.5733688062228,0.244569435910731,0.00975451421643524,1,0
"Fixed mixed-signal covariate-driven SAR design, lambda = 2",69,381,"network only",-3.33184713259762,-0.479411966303409,0.041499981391778,1,0
"Fixed mixed-signal covariate-driven SAR design, lambda = 2",69,382,"network only",-15.847399997743,-1.49690863062274,0.317566202206608,1,0
"Fixed mixed-signal covariate-driven SAR design, lambda = 2",69,383,"network only",-11.8627076732783,-1.17295880657839,0.166132665576776,1,0
"Fixed mixed-signal covariate-driven SAR design, lambda = 2",69,384,"network only",-6.88963835460031,-0.76865533731052,0.0740084829327028,1,0
"Fixed mixed-signal covariate-driven SAR design, lambda = 2",69,385,"network only",-6.50511529916468,-0.737394159280643,0.0695229813486903,0,1
"Fixed mixed-signal covariate-driven SAR design, lambda = 2",69,386,"network only",-6.06500922762971,-0.701614161020989,0.0647217536464973,1,0
"Fixed mixed-signal covariate-driven SAR design, lambda = 2",69,387,"network only",-7.99567939028534,-0.858574901914328,0.0885899880973636,1,0
"Fixed mixed-signal covariate-driven SAR design, lambda = 2",69,388,"network only",-8.49247181142532,-0.898963419850022,0.0960429882913131,0,1
"Fixed mixed-signal covariate-driven SAR design, lambda = 2",69,389,"network only",-13.9761342277641,-1.34477738244505,0.234258173127517,1,0
"Fixed mixed-signal covariate-driven SAR design, lambda = 2",69,390,"network only",-22.902068015919,-2.07044311637165,1,1,0
"Fixed mixed-signal covariate-driven SAR design, lambda = 2",69,391,"both",2.82535496947911,0.0211598156951553,0.0152495411617783,0,1
"Fixed mixed-signal covariate-driven SAR design, lambda = 2",69,392,"both",15.5539842179392,1.05597928721318,0.00192497017057111,1,0
"Fixed mixed-signal covariate-driven SAR design, lambda = 2",69,393,"both",8.76974045758661,0.504429909373705,0.00580087766404452,0,1
"Fixed mixed-signal covariate-driven SAR design, lambda = 2",69,394,"both",11.4446093952413,0.721892953226497,0.00375498067895912,0,1
"Fixed mixed-signal covariate-driven SAR design, lambda = 2",69,395,"both",4.57635606055748,0.163513716364894,0.0114712237120315,0,1
"Fixed mixed-signal covariate-driven SAR design, lambda = 2",69,396,"both",1.96068754090975,-0.0491364176230741,0.0175515432669581,0,1
"Fixed mixed-signal covariate-driven SAR design, lambda = 2",69,397,"both",4.54265599961115,0.160773949295095,0.0115342532024002,1,0
"Fixed mixed-signal covariate-driven SAR design, lambda = 2",69,398,"both",3.17143181300104,0.0492953713254928,0.0144151293391316,0,1
"Fixed mixed-signal covariate-driven SAR design, lambda = 2",69,399,"both",17.138080351884,1.18476405202678,0.0014878631188885,0,1
"Fixed mixed-signal covariate-driven SAR design, lambda = 2",69,400,"both",43.199157832908,3,3.94338397751293e-05,0,1
"Fixed mixed-signal covariate-driven SAR design, lambda = 2",70,356,"covariates only",5.11424340292516,-0.014476321388312,0.0288786420768441,1,0
"Fixed mixed-signal covariate-driven SAR design, lambda = 2",70,357,"covariates only",17.7658489969223,0.892761818917066,0.00470500112812372,0,1
"Fixed mixed-signal covariate-driven SAR design, lambda = 2",70,358,"covariates only",47.9665222208616,3,6.95401949240305e-05,0,1
"Fixed mixed-signal covariate-driven SAR design, lambda = 2",70,359,"covariates only",5.67336392746073,0.0256178359198248,0.026653326878935,0,1
"Fixed mixed-signal covariate-driven SAR design, lambda = 2",70,360,"covariates only",29.1741529855611,1.71084363610571,0.000916184402708026,0,1
"Fixed mixed-signal covariate-driven SAR design, lambda = 2",70,361,"network only",-3.39455975788008,-0.624636881522767,0.097848798394323,1,0
"Fixed mixed-signal covariate-driven SAR design, lambda = 2",70,362,"network only",-19.6011811083448,-1.78680281416972,1,1,0
"Fixed mixed-signal covariate-driven SAR design, lambda = 2",70,363,"network only",-5.4448288332477,-0.771660299953129,0.1312980921251,1,0
"Fixed mixed-signal covariate-driven SAR design, lambda = 2",70,364,"network only",-18.5327283393439,-1.71018478367939,0.857927174775386,1,0
"Fixed mixed-signal covariate-driven SAR design, lambda = 2",70,365,"network only",-12.5825420960956,-1.2835009243314,0.36545805035981,1,0
"Fixed mixed-signal covariate-driven SAR design, lambda = 2",70,366,"both",7.02120715170588,0.122270768316608,0.0219684671541325,0,1
"Fixed mixed-signal covariate-driven SAR design, lambda = 2",70,367,"both",3.3249852708373,-0.142782820371482,0.0373269390079854,0,1
"Fixed mixed-signal covariate-driven SAR design, lambda = 2",70,368,"both",17.849441971122,0.898756214955743,0.00464893062824539,0,1
"Fixed mixed-signal covariate-driven SAR design, lambda = 2",70,369,"both",5.55443581780765,0.0170895810489258,0.0271118387990366,0,1
"Fixed mixed-signal covariate-driven SAR design, lambda = 2",70,370,"both",23.0499373249559,1.27168024411752,0.00220513595017788,0,1
"Fixed mixed-signal covariate-driven SAR design, lambda = 2",70,371,"covariates only",9.17713086123109,0.276870609604577,0.0161256058075009,0,1
"Fixed mixed-signal covariate-driven SAR design, lambda = 2",70,372,"covariates only",0.798734977520833,-0.323938532271149,0.0536256080003082,0,1
"Fixed mixed-signal covariate-driven SAR design, lambda = 2",70,373,"covariates only",0.147073704296463,-0.370668724517233,0.0588791536211882,0,1
"Fixed mixed-signal covariate-driven SAR design, lambda = 2",70,374,"covariates only",6.31993078002542,0.0719827106818248,0.0242929024947766,0,1
"Fixed mixed-signal covariate-driven SAR design, lambda = 2",70,375,"covariates only",2.35374875369235,-0.212429538731825,0.0429058735052334,0,1
"Fixed mixed-signal covariate-driven SAR design, lambda = 2",70,376,"covariates only",35.5435437111592,2.16758836734455,0.000367501792038315,0,1
"Fixed mixed-signal covariate-driven SAR design, lambda = 2",70,377,"covariates only",28.697894352253,1.6766914493673,0.000980950530717033,0,1
"Fixed mixed-signal covariate-driven SAR design, lambda = 2",70,378,"covariates only",10.6593520001353,0.383159692013125,0.0130375058185013,0,1
"Fixed mixed-signal covariate-driven SAR design, lambda = 2",70,379,"covariates only",28.0868110347686,1.63287107507511,0.00107080157175182,0,1
"Fixed mixed-signal covariate-driven SAR design, lambda = 2",70,380,"covariates only",6.44608147862094,0.081028892555082,0.0238573385383127,0,1
"Fixed mixed-signal covariate-driven SAR design, lambda = 2",70,381,"network only",-10.3087504736927,-1.12044885417127,0.263762046844032,0,1
"Fixed mixed-signal covariate-driven SAR design, lambda = 2",70,382,"network only",-6.92723804612856,-0.877962869020229,0.162402104872826,1,0
"Fixed mixed-signal covariate-driven SAR design, lambda = 2",70,383,"network only",-8.36016688849165,-0.980717233948603,0.199454096782667,0,1
"Fixed mixed-signal covariate-driven SAR design, lambda = 2",70,384,"network only",-0.735441128566115,-0.433953270483323,0.0668235919843085,1,0
"Fixed mixed-signal covariate-driven SAR design, lambda = 2",70,385,"network only",-7.18742464554275,-0.896620675322452,0.168576727340731,1,0
"Fixed mixed-signal covariate-driven SAR design, lambda = 2",70,386,"network only",-9.72892423111736,-1.0788699037285,0.242715374407548,1,0
"Fixed mixed-signal covariate-driven SAR design, lambda = 2",70,387,"network only",-10.080878239181,-1.10410828927382,0.255281339513925,1,0
"Fixed mixed-signal covariate-driven SAR design, lambda = 2",70,388,"network only",-1.8300051096053,-0.512443718452585,0.0781818159222605,0,1
"Fixed mixed-signal covariate-driven SAR design, lambda = 2",70,389,"network only",-11.5607416838305,-1.21022830301079,0.315641241418173,1,0
"Fixed mixed-signal covariate-driven SAR design, lambda = 2",70,390,"network only",-1.19243383312382,-0.466723910410067,0.0713500090999784,0,1
"Fixed mixed-signal covariate-driven SAR design, lambda = 2",70,391,"both",8.79718503271724,0.249624949414123,0.0170286931192392,0,1
"Fixed mixed-signal covariate-driven SAR design, lambda = 2",70,392,"both",7.5748385569738,0.161971304568564,0.0202916006939172,1,0
"Fixed mixed-signal covariate-driven SAR design, lambda = 2",70,393,"both",7.40739874243579,0.149964307920912,0.020784780970825,1,0
"Fixed mixed-signal covariate-driven SAR design, lambda = 2",70,394,"both",4.36283805908522,-0.0683590939499479,0.0321646440537747,0,1
"Fixed mixed-signal covariate-driven SAR design, lambda = 2",70,395,"both",14.6568458247861,0.66981728945508,0.00734863860112992,0,1
"Fixed mixed-signal covariate-driven SAR design, lambda = 2",70,396,"both",9.49837727595374,0.299906974254692,0.0153995101755814,0,1
"Fixed mixed-signal covariate-driven SAR design, lambda = 2",70,397,"both",8.02143255726915,0.193996260396442,0.0190326729234492,1,0
"Fixed mixed-signal covariate-driven SAR design, lambda = 2",70,398,"both",5.24133310659871,-0.00536280409154549,0.0283570381557847,0,1
"Fixed mixed-signal covariate-driven SAR design, lambda = 2",70,399,"both",4.16973533561407,-0.082206360561942,0.0330678784546939,0,1
"Fixed mixed-signal covariate-driven SAR design, lambda = 2",70,400,"both",6.23874778103999,0.0661611323472214,0.024577401584251,0,1
"Fixed mixed-signal covariate-driven SAR design, lambda = 2",71,356,"covariates only",11.9251691975392,0.932418522494818,0.000922005051968449,0,1
"Fixed mixed-signal covariate-driven SAR design, lambda = 2",71,357,"covariates only",1.93612106756054,-0.0480446321848601,0.00655168149357349,0,1
"Fixed mixed-signal covariate-driven SAR design, lambda = 2",71,358,"covariates only",7.61762743804698,0.509616877385994,0.00214770260311575,0,1
"Fixed mixed-signal covariate-driven SAR design, lambda = 2",71,359,"covariates only",7.46190700811883,0.49433232354375,0.00221436974126949,0,1
"Fixed mixed-signal covariate-driven SAR design, lambda = 2",71,360,"covariates only",8.14506963172058,0.561387339435163,0.00193645269200775,0,1
"Fixed mixed-signal covariate-driven SAR design, lambda = 2",71,361,"network only",-8.2921729208533,-1.05199067993434,0.0487943159078123,1,0
"Fixed mixed-signal covariate-driven SAR design, lambda = 2",71,362,"network only",-6.90340709783945,-0.915678020086701,0.0371509190249883,1,0
"Fixed mixed-signal covariate-driven SAR design, lambda = 2",71,363,"network only",-6.10619027032276,-0.837428149278199,0.0317689299784464,1,0
"Fixed mixed-signal covariate-driven SAR design, lambda = 2",71,364,"network only",-4.44862163712136,-0.674731468867851,0.0229448935078303,1,0
"Fixed mixed-signal covariate-driven SAR design, lambda = 2",71,365,"network only",-9.13654829047021,-1.13486934143001,0.0575912791024396,1,0
"Fixed mixed-signal covariate-driven SAR design, lambda = 2",71,366,"both",5.18782919222408,0.27112291656655,0.00346040846570698,1,0
"Fixed mixed-signal covariate-driven SAR design, lambda = 2",71,367,"both",1.64010602490826,-0.0770996371037439,0.00694367895683773,0,1
"Fixed mixed-signal covariate-driven SAR design, lambda = 2",71,368,"both",11.3012401576476,0.871177508657623,0.00104214120917532,0,1
"Fixed mixed-signal covariate-driven SAR design, lambda = 2",71,369,"both",5.76010722106335,0.327294186762524,0.003092698761665,0,1
"Fixed mixed-signal covariate-driven SAR design, lambda = 2",71,370,"both",8.59435367799392,0.605486281358807,0.00177297673679302,0,1
"Fixed mixed-signal covariate-driven SAR design, lambda = 2",71,371,"covariates only",13.0437846739188,1.04221489594036,0.000740227784710744,0,1
"Fixed mixed-signal covariate-driven SAR design, lambda = 2",71,372,"covariates only",3.23586917251206,0.0795305992774015,0.00507624223504048,0,1
"Fixed mixed-signal covariate-driven SAR design, lambda = 2",71,373,"covariates only",12.4985065198075,0.988693766379133,0.000823859672573088,0,1
"Fixed mixed-signal covariate-driven SAR design, lambda = 2",71,374,"covariates only",9.78735956536215,0.722584357237532,0.00140279090307986,0,1
"Fixed mixed-signal covariate-driven SAR design, lambda = 2",71,375,"covariates only",5.47972901415324,0.29977399688322,0.0032676937966784,0,1
"Fixed mixed-signal covariate-driven SAR design, lambda = 2",71,376,"covariates only",15.2012945164268,1.2539827119437,0.000484647743021034,0,1
"Fixed mixed-signal covariate-driven SAR design, lambda = 2",71,377,"covariates only",9.65013707504882,0.709115446687203,0.00144109259949623,0,1
"Fixed mixed-signal covariate-driven SAR design, lambda = 2",71,378,"covariates only",6.95265344092767,0.444347144523374,0.00244718449949941,0,1
"Fixed mixed-signal covariate-driven SAR design, lambda = 2",71,379,"covariates only",3.62549678394298,0.117774034696176,0.00470245352693674,0,1
"Fixed mixed-signal covariate-driven SAR design, lambda = 2",71,380,"covariates only",7.12509576648524,0.461273016169648,0.00236572951307692,0,1
"Fixed mixed-signal covariate-driven SAR design, lambda = 2",71,381,"network only",-4.79286438444436,-0.708520206856104,0.0245490432653513,1,0
"Fixed mixed-signal covariate-driven SAR design, lambda = 2",71,382,"network only",-16.8153948833525,-1.88857740818398,0.260027471558797,1,0
"Fixed mixed-signal covariate-driven SAR design, lambda = 2",71,383,"network only",-11.6846381388571,-1.38497407399795,0.0949718580728467,1,0
"Fixed mixed-signal covariate-driven SAR design, lambda = 2",71,384,"network only",-9.77833965686905,-1.19786361070949,0.0653240122229031,1,0
"Fixed mixed-signal covariate-driven SAR design, lambda = 2",71,385,"network only",-1.76370670935985,-0.411196833148238,0.0135451172956961,1,0
"Fixed mixed-signal covariate-driven SAR design, lambda = 2",71,386,"network only",-23.6769113281355,-2.56206140503733,1,1,0
"Fixed mixed-signal covariate-driven SAR design, lambda = 2",71,387,"network only",-6.75786387273391,-0.901392397695818,0.0361044910818035,1,0
"Fixed mixed-signal covariate-driven SAR design, lambda = 2",71,388,"network only",-11.3754509438426,-1.35462617210921,0.0893789157932657,1,0
"Fixed mixed-signal covariate-driven SAR design, lambda = 2",71,389,"network only",-3.67558786688015,-0.598855257322733,0.019714274821181,0,1
"Fixed mixed-signal covariate-driven SAR design, lambda = 2",71,390,"network only",-17.9669002555564,-2.0016020502891,0.325980175929561,1,0
"Fixed mixed-signal covariate-driven SAR design, lambda = 2",71,391,"both",1.73850440283353,-0.0674414611914233,0.00681083952813161,0,1
"Fixed mixed-signal covariate-driven SAR design, lambda = 2",71,392,"both",13.5498149840412,1.09188369999158,0.000670229605132561,0,1
"Fixed mixed-signal covariate-driven SAR design, lambda = 2",71,393,"both",8.15917674707168,0.562772006586687,0.00193109742582527,0,1
"Fixed mixed-signal covariate-driven SAR design, lambda = 2",71,394,"both",25.9618794141276,2.3101751416643,5.86177448896704e-05,0,1
"Fixed mixed-signal covariate-driven SAR design, lambda = 2",71,395,"both",7.48313697558511,0.496416125784452,0.00220516032793822,0,1
"Fixed mixed-signal covariate-driven SAR design, lambda = 2",71,396,"both",-0.147297780908975,-0.252540134670129,0.00986223422967808,0,1
"Fixed mixed-signal covariate-driven SAR design, lambda = 2",71,397,"both",13.6989299124562,1.10651989867851,0.000650894747228426,0,1
"Fixed mixed-signal covariate-driven SAR design, lambda = 2",71,398,"both",14.5561927062347,1.19066350998568,0.000550078352910998,0,1
"Fixed mixed-signal covariate-driven SAR design, lambda = 2",71,399,"both",9.28067271782823,0.672851111536486,0.00154949681979218,0,1
"Fixed mixed-signal covariate-driven SAR design, lambda = 2",71,400,"both",1.87631852139131,-0.0539144800734681,0.0066290494909409,0,1
"Fixed mixed-signal covariate-driven SAR design, lambda = 2",72,356,"covariates only",9.79386554597859,0.940025469268537,0.00100420539269244,0,1
"Fixed mixed-signal covariate-driven SAR design, lambda = 2",72,357,"covariates only",3.11386391578257,0.213331831341976,0.00429556824529433,0,1
"Fixed mixed-signal covariate-driven SAR design, lambda = 2",72,358,"covariates only",2.60091826815977,0.157530297245842,0.00480274158684234,0,1
"Fixed mixed-signal covariate-driven SAR design, lambda = 2",72,359,"covariates only",19.4224197609496,1.98748166431217,0.000123598630348179,0,1
"Fixed mixed-signal covariate-driven SAR design, lambda = 2",72,360,"covariates only",10.2441895927962,0.989014621958027,0.000910481470764572,0,1
"Fixed mixed-signal covariate-driven SAR design, lambda = 2",72,361,"network only",-8.55697491396925,-1.05629724906261,0.0544260016623522,1,0
"Fixed mixed-signal covariate-driven SAR design, lambda = 2",72,362,"network only",-9.94423727174671,-1.20721259090547,0.073602036492709,1,0
"Fixed mixed-signal covariate-driven SAR design, lambda = 2",72,363,"network only",-18.7139645494136,-2.16124005554316,0.496075247736931,1,0
"Fixed mixed-signal covariate-driven SAR design, lambda = 2",72,364,"network only",-6.07156308203256,-0.785918128534943,0.0316926175958139,1,0
"Fixed mixed-signal covariate-driven SAR design, lambda = 2",72,365,"network only",-17.432772014527,-2.02186367278114,0.375393518658149,1,0
"Fixed mixed-signal covariate-driven SAR design, lambda = 2",72,366,"both",5.81312724182308,0.506975095926713,0.00238762063877388,0,1
"Fixed mixed-signal covariate-driven SAR design, lambda = 2",72,367,"both",5.33881571545966,0.455376430584259,0.00264717928437828,0,1
"Fixed mixed-signal covariate-driven SAR design, lambda = 2",72,368,"both",7.39764699630942,0.679349368943229,0.00169138678518832,0,1
"Fixed mixed-signal covariate-driven SAR design, lambda = 2",72,369,"both",2.53792245400942,0.150677206499259,0.00486902202292586,0,1
"Fixed mixed-signal covariate-driven SAR design, lambda = 2",72,370,"both",3.66203006037443,0.272964878136599,0.00381262434699077,0,1
"Fixed mixed-signal covariate-driven SAR design, lambda = 2",72,371,"covariates only",5.63398962982895,0.487487351737993,0.00248251661509497,0,1
"Fixed mixed-signal covariate-driven SAR design, lambda = 2",72,372,"covariates only",7.04902876554163,0.641424430539175,0.00182466909393159,1,0
"Fixed mixed-signal covariate-driven SAR design, lambda = 2",72,373,"covariates only",5.43051039029838,0.46535156839498,0.00259489064866975,0,1
"Fixed mixed-signal covariate-driven SAR design, lambda = 2",72,374,"covariates only",3.7565361004395,0.28324585437925,0.00373502982758896,0,1
"Fixed mixed-signal covariate-driven SAR design, lambda = 2",72,375,"covariates only",5.79362621506489,0.504853648528534,0.0023977725835449,0,1
"Fixed mixed-signal covariate-driven SAR design, lambda = 2",72,376,"covariates only",6.98627428741526,0.634597593880978,0.00184975338632841,0,1
"Fixed mixed-signal covariate-driven SAR design, lambda = 2",72,377,"covariates only",1.30609386092594,0.0166709515361855,0.00636558164880007,0,1
"Fixed mixed-signal covariate-driven SAR design, lambda = 2",72,378,"covariates only",22.1936194061299,2.28895062540848,6.7633372782549e-05,0,1
"Fixed mixed-signal covariate-driven SAR design, lambda = 2",72,379,"covariates only",5.44530302078412,0.4669608060954,0.00258655248223854,0,1
"Fixed mixed-signal covariate-driven SAR design, lambda = 2",72,380,"covariates only",3.2459950852459,0.227705911699496,0.00417383672142674,1,0
"Fixed mixed-signal covariate-driven SAR design, lambda = 2",72,381,"network only",-10.8723550567019,-1.30817922638122,0.0900716951554887,1,0
"Fixed mixed-signal covariate-driven SAR design, lambda = 2",72,382,"network only",-7.00949559418529,-0.887952473302889,0.0388672681188582,1,0
"Fixed mixed-signal covariate-driven SAR design, lambda = 2",72,383,"network only",-5.02731817890312,-0.672318436566135,0.0252514703677295,1,0
"Fixed mixed-signal covariate-driven SAR design, lambda = 2",72,384,"network only",-4.06237997940445,-0.567346239044767,0.0204695822462661,0,1
"Fixed mixed-signal covariate-driven SAR design, lambda = 2",72,385,"network only",-8.08609745649649,-1.00507216387076,0.0491261677559562,1,0
"Fixed mixed-signal covariate-driven SAR design, lambda = 2",72,386,"network only",-9.26937730819897,-1.13379697379175,0.0635509191447241,1,0
"Fixed mixed-signal covariate-driven SAR design, lambda = 2",72,387,"network only",-12.6062491468291,-1.49680340252486,0.131348529176832,1,0
"Fixed mixed-signal covariate-driven SAR design, lambda = 2",72,388,"network only",-21.9360003780293,-2.51175388285158,1,1,0
"Fixed mixed-signal covariate-driven SAR design, lambda = 2",72,389,"network only",1.18049253263272,0.00300722939378105,0.00654193540052371,0,1
"Fixed mixed-signal covariate-driven SAR design, lambda = 2",72,390,"network only",-4.30606766910309,-0.593856156788579,0.0215841624718133,0,1
"Fixed mixed-signal covariate-driven SAR design, lambda = 2",72,391,"both",6.5159924964935,0.583437309136329,0.00204904308221378,0,1
"Fixed mixed-signal covariate-driven SAR design, lambda = 2",72,392,"both",8.73002839247071,0.824294406008094,0.0012657422402104,0,1
"Fixed mixed-signal covariate-driven SAR design, lambda = 2",72,393,"both",7.64612482912297,0.706380389333277,0.00160237472913819,0,1
"Fixed mixed-signal covariate-driven SAR design, lambda = 2",72,394,"both",3.30503081719615,0.234128199176891,0.00412056839964764,0,1
"Fixed mixed-signal covariate-driven SAR design, lambda = 2",72,395,"both",5.85226248356228,0.511232479796507,0.00236737691121151,0,1
"Fixed mixed-signal covariate-driven SAR design, lambda = 2",72,396,"both",-1.95616243200923,-0.338218317149862,0.0129446703516845,1,0
"Fixed mixed-signal covariate-driven SAR design, lambda = 2",72,397,"both",7.88415085124667,0.732274394382073,0.00152150309497751,0,1
"Fixed mixed-signal covariate-driven SAR design, lambda = 2",72,398,"both",6.12553582539396,0.540960915494237,0.00223072285303608,0,1
"Fixed mixed-signal covariate-driven SAR design, lambda = 2",72,399,"both",6.18021542606749,0.546909314930878,0.00220434162912117,0,1
"Fixed mixed-signal covariate-driven SAR design, lambda = 2",72,400,"both",7.5436151443897,0.695228725030564,0.00163851454021367,0,1
"Fixed mixed-signal covariate-driven SAR design, lambda = 2",73,356,"covariates only",4.59358132434053,0.283618353469647,0.0014056763460455,0,1
"Fixed mixed-signal covariate-driven SAR design, lambda = 2",73,357,"covariates only",2.59131162086361,0.092658316832879,0.00205944935838752,0,1
"Fixed mixed-signal covariate-driven SAR design, lambda = 2",73,358,"covariates only",6.19552886514092,0.436398950684006,0.00103557556915745,0,1
"Fixed mixed-signal covariate-driven SAR design, lambda = 2",73,359,"covariates only",13.1576529971835,1.10038915990304,0.000274439884827298,0,1
"Fixed mixed-signal covariate-driven SAR design, lambda = 2",73,360,"covariates only",18.5819680756615,1.6177157739535,9.7522099129305e-05,0,1
"Fixed mixed-signal covariate-driven SAR design, lambda = 2",73,361,"network only",-4.8021753528838,-0.612471736790062,0.00843760712624804,1,0
"Fixed mixed-signal covariate-driven SAR design, lambda = 2",73,362,"network only",-8.58297172469852,-0.973053037313256,0.0173546651262688,0,1
"Fixed mixed-signal covariate-driven SAR design, lambda = 2",73,363,"network only",-4.40555673321905,-0.574645510877296,0.00782282936684922,1,0
"Fixed mixed-signal covariate-driven SAR design, lambda = 2",73,364,"network only",-8.04617559133867,-0.921857831634985,0.0156656582234166,0,1
"Fixed mixed-signal covariate-driven SAR design, lambda = 2",73,365,"network only",-30.6831669789082,-3,1,1,0
"Fixed mixed-signal covariate-driven SAR design, lambda = 2",73,366,"both",2.07655388371889,0.0435649523508009,0.00227192019381561,0,1
"Fixed mixed-signal covariate-driven SAR design, lambda = 2",73,367,"both",1.57386132828905,-0.00437773420896712,0.00250055009932777,1,0
"Fixed mixed-signal covariate-driven SAR design, lambda = 2",73,368,"both",11.7235888108476,0.963619897956635,0.000360780868676837,0,1
"Fixed mixed-signal covariate-driven SAR design, lambda = 2",73,369,"both",11.9780229522929,0.987885736313811,0.000343689655294654,0,1
"Fixed mixed-signal covariate-driven SAR design, lambda = 2",73,370,"both",5.78056638118969,0.396823237681603,0.00112087407340537,0,1
"Fixed mixed-signal covariate-driven SAR design, lambda = 2",73,371,"covariates only",12.6619012290758,1.05310842862284,0.000301657932241961,0,1
"Fixed mixed-signal covariate-driven SAR design, lambda = 2",73,372,"covariates only",8.64697037868303,0.670197304834797,0.000648794449859907,0,1
"Fixed mixed-signal covariate-driven SAR design, lambda = 2",73,373,"covariates only",14.1351812349131,1.19361777329422,0.000227756029814767,0,1
"Fixed mixed-signal covariate-driven SAR design, lambda = 2",73,374,"covariates only",11.1116400235931,0.905257249492735,0.000405449390847609,0,1
"Fixed mixed-signal covariate-driven SAR design, lambda = 2",73,375,"covariates only",1.5345055575118,-0.00813116433700708,0.00251939201280945,0,1
"Fixed mixed-signal covariate-driven SAR design, lambda = 2",73,376,"covariates only",11.1275171262505,0.90677147712145,0.000404223362930667,0,1
"Fixed mixed-signal covariate-driven SAR design, lambda = 2",73,377,"covariates only",12.6196811515129,1.04908182444248,0.000304097054622086,0,1
"Fixed mixed-signal covariate-driven SAR design, lambda = 2",73,378,"covariates only",2.57694921763305,0.0912885487929708,0.00206509902941477,0,1
"Fixed mixed-signal covariate-driven SAR design, lambda = 2",73,379,"covariates only",15.8800780317441,1.36003169628952,0.000163276840053739,0,1
"Fixed mixed-signal covariate-driven SAR design, lambda = 2",73,380,"covariates only",5.83715970722404,0.402220644231854,0.00110883951951705,0,1
"Fixed mixed-signal covariate-driven SAR design, lambda = 2",73,381,"network only",-6.39844354052255,-0.764710683953014,0.0114406939821623,1,0
"Fixed mixed-signal covariate-driven SAR design, lambda = 2",73,382,"network only",-2.81456483946791,-0.422909773283132,0.00577521119064814,1,0
"Fixed mixed-signal covariate-driven SAR design, lambda = 2",73,383,"network only",-11.4218679208596,-1.24380363633871,0.0298254647867457,1,0
"Fixed mixed-signal covariate-driven SAR design, lambda = 2",73,384,"network only",-0.0010007483275688,-0.154575142343516,0.00337672249719383,0,1
"Fixed mixed-signal covariate-driven SAR design, lambda = 2",73,385,"network only",-0.409929657528455,-0.193575422549141,0.00365065324962386,1,0
"Fixed mixed-signal covariate-driven SAR design, lambda = 2",73,386,"network only",-14.9627184703354,-1.58150087536653,0.0586013087361632,1,0
"Fixed mixed-signal covariate-driven SAR design, lambda = 2",73,387,"network only",-11.6146710817652,-1.26219161804082,0.0309427435689237,1,0
"Fixed mixed-signal covariate-driven SAR design, lambda = 2",73,388,"network only",-22.2807591760931,-2.27943548370336,0.236660410471137,1,0
"Fixed mixed-signal covariate-driven SAR design, lambda = 2",73,389,"network only",-7.14110645360399,-0.835539771984728,0.0131817701121569,1,0
"Fixed mixed-signal covariate-driven SAR design, lambda = 2",73,390,"network only",-18.2552541593083,-1.89551588278653,0.109813892278455,1,0
"Fixed mixed-signal covariate-driven SAR design, lambda = 2",73,391,"both",8.76015771739949,0.680992183422123,0.000634937260164002,0,1
"Fixed mixed-signal covariate-driven SAR design, lambda = 2",73,392,"both",4.77859796672802,0.301263720997995,0.00135693412757191,1,0
"Fixed mixed-signal covariate-driven SAR design, lambda = 2",73,393,"both",5.66894298861823,0.386177515430524,0.00114499497473757,0,1
"Fixed mixed-signal covariate-driven SAR design, lambda = 2",73,394,"both",5.62441644869576,0.381930939816789,0.00115476100368825,0,1
"Fixed mixed-signal covariate-driven SAR design, lambda = 2",73,395,"both",6.5974532664843,0.47473119846884,0.000959150657444075,0,1
"Fixed mixed-signal covariate-driven SAR design, lambda = 2",73,396,"both",0.259330007428425,-0.129746933351233,0.00321314158573448,1,0
"Fixed mixed-signal covariate-driven SAR design, lambda = 2",73,397,"both",1.86952782861049,0.023820507833853,0.00236343073170662,0,1
"Fixed mixed-signal covariate-driven SAR design, lambda = 2",73,398,"both",12.2836233988467,1.01703139654569,0.000324228257067581,0,1
"Fixed mixed-signal covariate-driven SAR design, lambda = 2",73,399,"both",1.80090673684693,0.0172759917906502,0.00239456909333727,0,1
"Fixed mixed-signal covariate-driven SAR design, lambda = 2",73,400,"both",2.68252580558815,0.101357576491328,0.00202392789542269,0,1
"Fixed mixed-signal covariate-driven SAR design, lambda = 2",74,356,"covariates only",-0.777000505533535,-0.281791818115546,0.00835894764390414,1,0
"Fixed mixed-signal covariate-driven SAR design, lambda = 2",74,357,"covariates only",7.67147176596253,0.327188846261115,0.00247284970048619,0,1
"Fixed mixed-signal covariate-driven SAR design, lambda = 2",74,358,"covariates only",6.75791845720651,0.261338325240086,0.00282094589522319,1,0
"Fixed mixed-signal covariate-driven SAR design, lambda = 2",74,359,"covariates only",6.76702322065879,0.261994612521144,0.00281724562237327,0,1
"Fixed mixed-signal covariate-driven SAR design, lambda = 2",74,360,"covariates only",11.4822196443714,0.601874221343066,0.00142760820544896,0,1
"Fixed mixed-signal covariate-driven SAR design, lambda = 2",74,361,"network only",-9.58178301349184,-0.91645594780428,0.0297449925041091,1,0
"Fixed mixed-signal covariate-driven SAR design, lambda = 2",74,362,"network only",-2.0265010811027,-0.371858005965433,0.010008802091199,1,0
"Fixed mixed-signal covariate-driven SAR design, lambda = 2",74,363,"network only",-10.6244665539576,-0.991614401877661,0.0345697045262179,0,1
"Fixed mixed-signal covariate-driven SAR design, lambda = 2",74,364,"network only",-7.97863871625146,-0.800898501694296,0.0236070620438535,1,0
"Fixed mixed-signal covariate-driven SAR design, lambda = 2",74,365,"network only",-4.09291878334554,-0.520809009738888,0.0134821545055859,1,0
"Fixed mixed-signal covariate-driven SAR design, lambda = 2",74,366,"both",11.2931040663291,0.588242439565346,0.00146706531923991,0,1
"Fixed mixed-signal covariate-driven SAR design, lambda = 2",74,367,"both",9.89138499954226,0.487204076518186,0.00179560273302054,0,1
"Fixed mixed-signal covariate-driven SAR design, lambda = 2",74,368,"both",8.9539070234498,0.419629023612417,0.00205544188864133,0,1
"Fixed mixed-signal covariate-driven SAR design, lambda = 2",74,369,"both",6.03793192487703,0.209440436164974,0.00312948367442261,0,1
"Fixed mixed-signal covariate-driven SAR design, lambda = 2",74,370,"both",24.0982894214783,1.5112626063421,0.000231592409116024,0,1
"Fixed mixed-signal covariate-driven SAR design, lambda = 2",74,371,"covariates only",6.14386750789568,0.217076458353918,0.00308205316317232,0,1
"Fixed mixed-signal covariate-driven SAR design, lambda = 2",74,372,"covariates only",9.82219389248086,0.482216660451335,0.00181360319540706,0,1
"Fixed mixed-signal covariate-driven SAR design, lambda = 2",74,373,"covariates only",10.113388915953,0.503206507273174,0.00173904461132652,0,1
"Fixed mixed-signal covariate-driven SAR design, lambda = 2",74,374,"covariates only",9.78243554917453,0.479350809497087,0.001824028075917,0,1
"Fixed mixed-signal covariate-driven SAR design, lambda = 2",74,375,"covariates only",24.8562675441465,1.5658989957261,0.000207619315849842,0,1
"Fixed mixed-signal covariate-driven SAR design, lambda = 2",74,376,"covariates only",6.14294327838962,0.217009838273915,0.00308246384378791,0,1
"Fixed mixed-signal covariate-driven SAR design, lambda = 2",74,377,"covariates only",5.79089735149202,0.191633751856904,0.00324294348144704,0,1
"Fixed mixed-signal covariate-driven SAR design, lambda = 2",74,378,"covariates only",3.29257595222329,0.0115503738613134,0.00464898146259172,1,0
"Fixed mixed-signal covariate-driven SAR design, lambda = 2",74,379,"covariates only",22.1870859328919,1.37349971468118,0.000305058863371191,0,1
"Fixed mixed-signal covariate-driven SAR design, lambda = 2",74,380,"covariates only",6.0056520396991,0.207113645558348,0.00314408091924629,1,0
"Fixed mixed-signal covariate-driven SAR design, lambda = 2",74,381,"network only",-33.964476903536,-2.67400318797797,1,1,0
"Fixed mixed-signal covariate-driven SAR design, lambda = 2",74,382,"network only",-12.932611290844,-1.15798951327962,0.0482177846713495,1,0
"Fixed mixed-signal covariate-driven SAR design, lambda = 2",74,383,"network only",-22.9576414992935,-1.88061123239626,0.204582510373591,1,0
"Fixed mixed-signal covariate-driven SAR design, lambda = 2",74,384,"network only",-27.9889652800118,-2.24327785426744,0.422548659914632,1,0
"Fixed mixed-signal covariate-driven SAR design, lambda = 2",74,385,"network only",-3.17206818760369,-0.454432487503204,0.0118060708505464,0,1
"Fixed mixed-signal covariate-driven SAR design, lambda = 2",74,386,"network only",-7.5177969906569,-0.767680223737473,0.022089653920208,0,1
"Fixed mixed-signal covariate-driven SAR design, lambda = 2",74,387,"network only",-11.3386113953175,-1.04309121164595,0.0383184432132398,1,0
"Fixed mixed-signal covariate-driven SAR design, lambda = 2",74,388,"network only",-3.40961656431277,-0.471555390156026,0.0122173818961497,0,1
"Fixed mixed-signal covariate-driven SAR design, lambda = 2",74,389,"network only",-9.35425005524733,-0.900054974039257,0.0287851276035242,1,0
"Fixed mixed-signal covariate-driven SAR design, lambda = 2",74,390,"network only",-5.95332313280099,-0.654910210563446,0.0176294239975244,1,0
"Fixed mixed-signal covariate-driven SAR design, lambda = 2",74,391,"both",47.0160341809751,3,1.17929769671202e-05,0,1
"Fixed mixed-signal covariate-driven SAR design, lambda = 2",74,392,"both",5.48400534140071,0.169512438773137,0.00338964103186383,0,1
"Fixed mixed-signal covariate-driven SAR design, lambda = 2",74,393,"both",6.04093320786986,0.20965677389471,0.0031281299165259,0,1
"Fixed mixed-signal covariate-driven SAR design, lambda = 2",74,394,"both",4.90722952704216,0.127937428837967,0.00368353925972406,0,1
"Fixed mixed-signal covariate-driven SAR design, lambda = 2",74,395,"both",7.61236031717393,0.322927989599846,0.0024940126609944,0,1
"Fixed mixed-signal covariate-driven SAR design, lambda = 2",74,396,"both",6.91241050871438,0.272474382641327,0.00275881195988893,0,1
"Fixed mixed-signal covariate-driven SAR design, lambda = 2",74,397,"both",6.96800618944243,0.276481816588938,0.00273678882065207,0,1
"Fixed mixed-signal covariate-driven SAR design, lambda = 2",74,398,"both",10.0348351281772,0.497544212797706,0.00175885051188944,0,1
"Fixed mixed-signal covariate-driven SAR design, lambda = 2",74,399,"both",17.7283604791732,1.05210698214661,0.000580152046147161,0,1
"Fixed mixed-signal covariate-driven SAR design, lambda = 2",74,400,"both",4.83105800919363,0.12244685254733,0.0037242116726518,0,1
"Fixed mixed-signal covariate-driven SAR design, lambda = 2",75,356,"covariates only",6.05953601365033,0.418276407351212,0.00344635079271002,0,1
"Fixed mixed-signal covariate-driven SAR design, lambda = 2",75,357,"covariates only",8.40502170334971,0.626130150457245,0.0022741547474548,0,1
"Fixed mixed-signal covariate-driven SAR design, lambda = 2",75,358,"covariates only",-0.380569883307636,-0.15243699438074,0.0107913267572801,0,1
"Fixed mixed-signal covariate-driven SAR design, lambda = 2",75,359,"covariates only",4.53381309591198,0.283068923124258,0.00451647082731112,0,1
"Fixed mixed-signal covariate-driven SAR design, lambda = 2",75,360,"covariates only",14.8619175589671,1.19833145542787,0.000724122888026465,0,1
"Fixed mixed-signal covariate-driven SAR design, lambda = 2",75,361,"network only",-10.441609400266,-1.04403259537779,0.0641955526835637,1,0
"Fixed mixed-signal covariate-driven SAR design, lambda = 2",75,362,"network only",-3.76411320237652,-0.452281988924287,0.0196569845411924,0,1
"Fixed mixed-signal covariate-driven SAR design, lambda = 2",75,363,"network only",-7.33046679132767,-0.768327380272695,0.0369854098036421,1,0
"Fixed mixed-signal covariate-driven SAR design, lambda = 2",75,364,"network only",-7.12518395698891,-0.750135495453225,0.0356639272084987,1,0
"Fixed mixed-signal covariate-driven SAR design, lambda = 2",75,365,"network only",-18.3420296972597,-1.74415706770041,0.260390617895973,1,0
"Fixed mixed-signal covariate-driven SAR design, lambda = 2",75,366,"both",2.49581284332142,0.102464120113808,0.00648142571863484,0,1
"Fixed mixed-signal covariate-driven SAR design, lambda = 2",75,367,"both",4.9629886056651,0.32110187149968,0.00418566252855578,0,1
"Fixed mixed-signal covariate-driven SAR design, lambda = 2",75,368,"both",12.865547424541,1.02141585671503,0.00103152370181105,0,1
"Fixed mixed-signal covariate-driven SAR design, lambda = 2",75,369,"both",4.69042963220575,0.296948066980871,0.00439282536302374,0,1
"Fixed mixed-signal covariate-driven SAR design, lambda = 2",75,370,"both",6.64680579670223,0.470319454621328,0.00310567112533988,0,1
"Fixed mixed-signal covariate-driven SAR design, lambda = 2",75,371,"covariates only",5.74517269693552,0.390417958944828,0.00364382089237043,1,0
"Fixed mixed-signal covariate-driven SAR design, lambda = 2",75,372,"covariates only",5.58063120042536,0.375836515921704,0.00375164988611886,0,1
"Fixed mixed-signal covariate-driven SAR design, lambda = 2",75,373,"covariates only",7.87039915840539,0.578752629629227,0.0025001818905329,1,0
"Fixed mixed-signal covariate-driven SAR design, lambda = 2",75,374,"covariates only",0.166661846353032,-0.103942064799253,0.00979383272987424,0,1
"Fixed mixed-signal covariate-driven SAR design, lambda = 2",75,375,"covariates only",5.72623280483356,0.388739531536507,0.00365607322322647,0,1
"Fixed mixed-signal covariate-driven SAR design, lambda = 2",75,376,"covariates only",2.85521740551345,0.134314062268251,0.00608143458826268,0,1
"Fixed mixed-signal covariate-driven SAR design, lambda = 2",75,377,"covariates only",3.06503843866296,0.152908116077247,0.00585943107409996,0,1
"Fixed mixed-signal covariate-driven SAR design, lambda = 2",75,378,"covariates only",5.36504743014982,0.356731776207678,0.00389777232914058,0,1
"Fixed mixed-signal covariate-driven SAR design, lambda = 2",75,379,"covariates only",4.35302043049751,0.267047323675775,0.00466353664668637,0,1
"Fixed mixed-signal covariate-driven SAR design, lambda = 2",75,380,"covariates only",31.1909164822694,2.64538507092776,4.00790551271084e-05,0,1
"Fixed mixed-signal covariate-driven SAR design, lambda = 2",75,381,"network only",-18.1866867281284,-1.73039078562887,0.253319190468768,1,0
"Fixed mixed-signal covariate-driven SAR design, lambda = 2",75,382,"network only",-23.4884475243298,-2.20022559697856,0.648278208718197,1,0
"Fixed mixed-signal covariate-driven SAR design, lambda = 2",75,383,"network only",-10.6452162278113,-1.06207595476093,0.0665544662790954,1,0
"Fixed mixed-signal covariate-driven SAR design, lambda = 2",75,384,"network only",-16.0520125095515,-1.54121886759427,0.173522362207882,1,0
"Fixed mixed-signal covariate-driven SAR design, lambda = 2",75,385,"network only",-8.53996076430753,-0.875511086680331,0.0458278011082153,0,1
"Fixed mixed-signal covariate-driven SAR design, lambda = 2",75,386,"network only",-13.8247622286456,-1.343842985169,0.116927573714218,1,0
"Fixed mixed-signal covariate-driven SAR design, lambda = 2",75,387,"network only",2.04133366898861,0.0621887954918433,0.00702511196882438,1,0
"Fixed mixed-signal covariate-driven SAR design, lambda = 2",75,388,"network only",-6.72597045513597,-0.714757739356475,0.0332277118957249,1,0
"Fixed mixed-signal covariate-driven SAR design, lambda = 2",75,389,"network only",-25.933956498459,-2.41694326714149,1,1,0
"Fixed mixed-signal covariate-driven SAR design, lambda = 2",75,390,"network only",1.47744873826587,0.0122180819434574,0.00776349470042837,0,1
"Fixed mixed-signal covariate-driven SAR design, lambda = 2",75,391,"both",13.7163303572316,1.09681107993344,0.000887139164810708,0,1
"Fixed mixed-signal covariate-driven SAR design, lambda = 2",75,392,"both",3.64340879409762,0.204162508208741,0.00528854800126542,0,1
"Fixed mixed-signal covariate-driven SAR design, lambda = 2",75,393,"both",5.21527143390399,0.343458831681155,0.0040026277436196,0,1
"Fixed mixed-signal covariate-driven SAR design, lambda = 2",75,394,"both",5.04036362483802,0.327958740176655,0.00412865325057827,0,1
"Fixed mixed-signal covariate-driven SAR design, lambda = 2",75,395,"both",14.6466074041411,1.17925096314183,0.0007522901575967,0,1
"Fixed mixed-signal covariate-driven SAR design, lambda = 2",75,396,"both",19.9446903931811,1.64875985223657,0.000294154258704436,0,1
"Fixed mixed-signal covariate-driven SAR design, lambda = 2",75,397,"both",6.28026350688689,0.437836976779163,0.00331412882476409,0,1
"Fixed mixed-signal covariate-driven SAR design, lambda = 2",75,398,"both",6.05270952178042,0.417671452951501,0.00345052308639847,0,1
"Fixed mixed-signal covariate-driven SAR design, lambda = 2",75,399,"both",9.46138301342858,0.719743449117118,0.00188585603250556,1,0
"Fixed mixed-signal covariate-driven SAR design, lambda = 2",75,400,"both",6.10189098417626,0.422029847076563,0.00342057631674579,0,1
"Fixed mixed-signal covariate-driven SAR design, lambda = 2",76,356,"covariates only",3.74325744670455,0.0841118625162566,0.00249124037088799,0,1
"Fixed mixed-signal covariate-driven SAR design, lambda = 2",76,357,"covariates only",5.43247725032975,0.193451463508111,0.00200190960070551,0,1
"Fixed mixed-signal covariate-driven SAR design, lambda = 2",76,358,"covariates only",12.0115783743182,0.619302670223872,0.000854190631633399,0,1
"Fixed mixed-signal covariate-driven SAR design, lambda = 2",76,359,"covariates only",5.03425460956926,0.167675359916837,0.00210781893454862,0,1
"Fixed mixed-signal covariate-driven SAR design, lambda = 2",76,360,"covariates only",8.74242777112834,0.407697512761271,0.00130422556374105,0,1
"Fixed mixed-signal covariate-driven SAR design, lambda = 2",76,361,"network only",1.10789600744027,-0.0864694719081229,0.00350413393643914,1,0
"Fixed mixed-signal covariate-driven SAR design, lambda = 2",76,362,"network only",-6.14955116091869,-0.556228573657262,0.00896619684152996,0,1
"Fixed mixed-signal covariate-driven SAR design, lambda = 2",76,363,"network only",-1.65033282121633,-0.265003750823347,0.00500787640531661,1,0
"Fixed mixed-signal covariate-driven SAR design, lambda = 2",76,364,"network only",-6.8177838156117,-0.599481850511499,0.00977636906065184,1,0
"Fixed mixed-signal covariate-driven SAR design, lambda = 2",76,365,"network only",-10.7380868093754,-0.853234715701327,0.0162399439569306,1,0
"Fixed mixed-signal covariate-driven SAR design, lambda = 2",76,366,"both",6.33588570182575,0.251927168923863,0.00178095567189222,0,1
"Fixed mixed-signal covariate-driven SAR design, lambda = 2",76,367,"both",4.40936656029655,0.127227687076734,0.00228541831644154,0,1
"Fixed mixed-signal covariate-driven SAR design, lambda = 2",76,368,"both",2.27009432621704,-0.0112428494308443,0.00301466933618858,0,1
"Fixed mixed-signal covariate-driven SAR design, lambda = 2",76,369,"both",9.465279631566,0.454486174501356,0.00118771596231571,0,1
"Fixed mixed-signal covariate-driven SAR design, lambda = 2",76,370,"both",21.1439688729389,1.21042286137843,0.000261887234547863,0,1
"Fixed mixed-signal covariate-driven SAR design, lambda = 2",76,371,"covariates only",23.1475121920662,1.34010795423203,0.000202055785055288,0,1
"Fixed mixed-signal covariate-driven SAR design, lambda = 2",76,372,"covariates only",42.3024241423502,2.5799646177541,1.69256546221131e-05,0,1
"Fixed mixed-signal covariate-driven SAR design, lambda = 2",76,373,"covariates only",2.5225425588525,0.00509758712348859,0.00291773980784934,0,1
"Fixed mixed-signal covariate-driven SAR design, lambda = 2",76,374,"covariates only",7.40611526840985,0.321200849903011,0.00155053921734303,0,1
"Fixed mixed-signal covariate-driven SAR design, lambda = 2",76,375,"covariates only",-1.511075487847,-0.255989920158377,0.00491840500866314,0,1
"Fixed mixed-signal covariate-driven SAR design, lambda = 2",76,376,"covariates only",3.83914182072844,0.0903182538778941,0.00246050827545618,0,1
"Fixed mixed-signal covariate-driven SAR design, lambda = 2",76,377,"covariates only",11.2583072755158,0.570545035956867,0.000941683903611809,0,1
"Fixed mixed-signal covariate-driven SAR design, lambda = 2",76,378,"covariates only",11.9405194238596,0.614703175668241,0.000862084574433372,0,1
"Fixed mixed-signal covariate-driven SAR design, lambda = 2",76,379,"covariates only",3.42930200831182,0.0637901955020452,0.00259457846293266,0,1
"Fixed mixed-signal covariate-driven SAR design, lambda = 2",76,380,"covariates only",7.24773713215424,0.310949370381602,0.00158265799930264,0,1
"Fixed mixed-signal covariate-driven SAR design, lambda = 2",76,381,"network only",-15.2025902655455,-1.14221251804344,0.0289459265718625,1,0
"Fixed mixed-signal covariate-driven SAR design, lambda = 2",76,382,"network only",-10.4651833175647,-0.835570253776462,0.01567622071356,1,0
"Fixed mixed-signal covariate-driven SAR design, lambda = 2",76,383,"network only",-17.3485309270223,-1.2811146876572,0.038215218552843,1,0
"Fixed mixed-signal covariate-driven SAR design, lambda = 2",76,384,"network only",-17.4992262717923,-1.29086887644491,0.038968054897478,1,0
"Fixed mixed-signal covariate-driven SAR design, lambda = 2",76,385,"network only",-4.77816913754144,-0.467461935401143,0.0075076937134461,1,0
"Fixed mixed-signal covariate-driven SAR design, lambda = 2",76,386,"network only",-11.4239843325313,-0.897631401876934,0.017747901013188,1,0
"Fixed mixed-signal covariate-driven SAR design, lambda = 2",76,387,"network only",-42.5658091812964,-2.91337541329257,1,1,0
"Fixed mixed-signal covariate-driven SAR design, lambda = 2",76,388,"network only",-28.6763676733293,-2.01434143960741,0.165618563088151,1,0
"Fixed mixed-signal covariate-driven SAR design, lambda = 2",76,389,"network only",-6.08872784190126,-0.552291609729836,0.00889587487284378,1,0
"Fixed mixed-signal covariate-driven SAR design, lambda = 2",76,390,"network only",-14.6868083664993,-1.10882705398513,0.0270762933354159,1,0
"Fixed mixed-signal covariate-driven SAR design, lambda = 2",76,391,"both",25.2653354544031,1.47719014447052,0.000153604242755482,0,1
"Fixed mixed-signal covariate-driven SAR design, lambda = 2",76,392,"both",12.8463402251656,0.67333502735052,0.000766695465836437,0,1
"Fixed mixed-signal covariate-driven SAR design, lambda = 2",76,393,"both",4.22712317961689,0.115431461100601,0.00233997800603665,1,0
"Fixed mixed-signal covariate-driven SAR design, lambda = 2",76,394,"both",5.46527797936736,0.195574584855326,0.00199342702896322,0,1
"Fixed mixed-signal covariate-driven SAR design, lambda = 2",76,395,"both",7.35318786572208,0.317774971826637,0.00156119961347723,0,1
"Fixed mixed-signal covariate-driven SAR design, lambda = 2",76,396,"both",0.801628008649052,-0.106293547325981,0.00364585733770058,0,1
"Fixed mixed-signal covariate-driven SAR design, lambda = 2",76,397,"both",2.92707791044322,0.0312822990449945,0.00276887154939669,0,1
"Fixed mixed-signal covariate-driven SAR design, lambda = 2",76,398,"both",10.9913491127824,0.553265402523639,0.000974796690150994,0,1
"Fixed mixed-signal covariate-driven SAR design, lambda = 2",76,399,"both",-0.854955054536733,-0.213520641603397,0.00451789300399394,0,1
"Fixed mixed-signal covariate-driven SAR design, lambda = 2",76,400,"both",43.7602536649007,2.67432681855694,1.40146904071433e-05,0,1
"Fixed mixed-signal covariate-driven SAR design, lambda = 2",77,356,"covariates only",7.77586859501854,0.498835843575123,0.000947486325072302,0,1
"Fixed mixed-signal covariate-driven SAR design, lambda = 2",77,357,"covariates only",4.00193943656508,0.177502754524318,0.00180168691914878,0,1
"Fixed mixed-signal covariate-driven SAR design, lambda = 2",77,358,"covariates only",4.31410052396157,0.204081866712974,0.00170841352881858,0,1
"Fixed mixed-signal covariate-driven SAR design, lambda = 2",77,359,"covariates only",14.1743341017507,1.04363639497335,0.000318687628303371,0,1
"Fixed mixed-signal covariate-driven SAR design, lambda = 2",77,360,"covariates only",9.42899900881859,0.63959246092718,0.000715011959771274,0,1
"Fixed mixed-signal covariate-driven SAR design, lambda = 2",77,361,"network only",-14.6791258619453,-1.41310591010416,0.0433774938878415,1,0
"Fixed mixed-signal covariate-driven SAR design, lambda = 2",77,362,"network only",-24.6891234011142,-2.26541216589255,0.238543872254526,1,0
"Fixed mixed-signal covariate-driven SAR design, lambda = 2",77,363,"network only",-5.27787295721061,-0.612631521214408,0.00874945974301594,0,1
"Fixed mixed-signal covariate-driven SAR design, lambda = 2",77,364,"network only",-7.23493070232456,-0.779266183468104,0.0122100731526828,1,0
"Fixed mixed-signal covariate-driven SAR design, lambda = 2",77,365,"network only",-4.0376728840672,-0.507034064608329,0.00708370475690005,1,0
"Fixed mixed-signal covariate-driven SAR design, lambda = 2",77,366,"both",3.73350581357196,0.154646839201089,0.00188595671635484,0,1
"Fixed mixed-signal covariate-driven SAR design, lambda = 2",77,367,"both",4.37736343228362,0.209468418738712,0.00169010739609608,0,1
"Fixed mixed-signal covariate-driven SAR design, lambda = 2",77,368,"both",8.19716674000031,0.534707485212891,0.000881891666120879,0,1
"Fixed mixed-signal covariate-driven SAR design, lambda = 2",77,369,"both",6.0723486001601,0.353788780097123,0.00126636596291838,1,0
"Fixed mixed-signal covariate-driven SAR design, lambda = 2",77,370,"both",10.1384170318822,0.699996213941125,0.000633646839330623,0,1
"Fixed mixed-signal covariate-driven SAR design, lambda = 2",77,371,"covariates only",18.8870831353132,1.44490577266786,0.000142832504424749,0,1
"Fixed mixed-signal covariate-driven SAR design, lambda = 2",77,372,"covariates only",6.55160202979307,0.394595053483893,0.0011671195677337,0,1
"Fixed mixed-signal covariate-driven SAR design, lambda = 2",77,373,"covariates only",2.73541417990878,0.0696638269783096,0.00223535769646832,0,1
"Fixed mixed-signal covariate-driven SAR design, lambda = 2",77,374,"covariates only",8.0568111352631,0.522756836925077,0.000903223939340342,0,1
"Fixed mixed-signal covariate-driven SAR design, lambda = 2",77,375,"covariates only",7.80316331242716,0.50115986596437,0.000943092585266346,0,1
"Fixed mixed-signal covariate-driven SAR design, lambda = 2",77,376,"covariates only",16.1074922829837,1.20823611688598,0.000229295590081861,0,1
"Fixed mixed-signal covariate-driven SAR design, lambda = 2",77,377,"covariates only",5.191615013819,0.278798277613564,0.00147127939227829,1,0
"Fixed mixed-signal covariate-driven SAR design, lambda = 2",77,378,"covariates only",5.19271638993305,0.278892054834618,0.00147100347316842,0,1
"Fixed mixed-signal covariate-driven SAR design, lambda = 2",77,379,"covariates only",19.5257579459833,1.49928605941805,0.000128112921281678,0,1
"Fixed mixed-signal covariate-driven SAR design, lambda = 2",77,380,"covariates only",9.11151967749648,0.612560524194874,0.000754732319723869,0,1
"Fixed mixed-signal covariate-driven SAR design, lambda = 2",77,381,"network only",2.85343690738992,0.0797129312426981,0.00219087947482857,0,1
"Fixed mixed-signal covariate-driven SAR design, lambda = 2",77,382,"network only",-6.44798721380251,-0.712261485855064,0.0106787083380659,0,1
"Fixed mixed-signal covariate-driven SAR design, lambda = 2",77,383,"network only",-2.15260561895353,-0.346529067843696,0.00513863278047109,1,0
"Fixed mixed-signal covariate-driven SAR design, lambda = 2",77,384,"network only",-16.0273317791598,-1.52789957841792,0.0545723895643967,1,0
"Fixed mixed-signal covariate-driven SAR design, lambda = 2",77,385,"network only",-8.5088745628475,-0.887736771757286,0.015168220095057,1,0
"Fixed mixed-signal covariate-driven SAR design, lambda = 2",77,386,"network only",-6.05853544134505,-0.679101419561888,0.00999346871889977,0,1
"Fixed mixed-signal covariate-driven SAR design, lambda = 2",77,387,"network only",-21.8485950104986,-2.02355395288172,0.147059434022227,1,0
"Fixed mixed-signal covariate-driven SAR design, lambda = 2",77,388,"network only",-3.20455295236148,-0.436097650604601,0.00614675446706738,1,0
"Fixed mixed-signal covariate-driven SAR design, lambda = 2",77,389,"network only",-6.25391368689184,-0.695736998169464,0.0103315560794988,1,0
"Fixed mixed-signal covariate-driven SAR design, lambda = 2",77,390,"network only",-33.1053169607803,-2.98201318330148,1,1,0
"Fixed mixed-signal covariate-driven SAR design, lambda = 2",77,391,"both",-1.78613895283361,-0.315326079945872,0.00482775266323972,1,0
"Fixed mixed-signal covariate-driven SAR design, lambda = 2",77,392,"both",2.39949054934171,0.0410614411456325,0.00236695905020341,0,1
"Fixed mixed-signal covariate-driven SAR design, lambda = 2",77,393,"both",2.53598749754342,0.0526835421894254,0.00231257547567212,0,1
"Fixed mixed-signal covariate-driven SAR design, lambda = 2",77,394,"both",4.95019498035229,0.258242447905198,0.00153302670000156,0,1
"Fixed mixed-signal covariate-driven SAR design, lambda = 2",77,395,"both",7.5703162986333,0.481333990311395,0.000981239149046108,0,1
"Fixed mixed-signal covariate-driven SAR design, lambda = 2",77,396,"both",32.5415994571586,2.60752640622296,1.39632849172982e-05,0,1
"Fixed mixed-signal covariate-driven SAR design, lambda = 2",77,397,"both",3.0367425877497,0.0953205852387013,0.002123546868563,0,1
"Fixed mixed-signal covariate-driven SAR design, lambda = 2",77,398,"both",3.95105211901341,0.173169928375274,0.00181736755488261,0,1
"Fixed mixed-signal covariate-driven SAR design, lambda = 2",77,399,"both",11.3138809820404,0.800081680920844,0.000518697483357871,0,1
"Fixed mixed-signal covariate-driven SAR design, lambda = 2",77,400,"both",5.058470640101,0.26746163320393,0.00150501918551684,1,0
"Fixed mixed-signal covariate-driven SAR design, lambda = 2",78,356,"covariates only",2.65220596879836,-0.124878609853961,0.02014299743202,0,1
"Fixed mixed-signal covariate-driven SAR design, lambda = 2",78,357,"covariates only",7.38222151421169,0.224380722490221,0.0100175448563847,0,1
"Fixed mixed-signal covariate-driven SAR design, lambda = 2",78,358,"covariates only",7.43452150342433,0.228242498236756,0.00994047185463862,1,0
"Fixed mixed-signal covariate-driven SAR design, lambda = 2",78,359,"covariates only",7.15263618626103,0.207428385317921,0.0103630097978374,1,0
"Fixed mixed-signal covariate-driven SAR design, lambda = 2",78,360,"covariates only",9.76712384751307,0.400479381921188,0.00704375016660278,0,1
"Fixed mixed-signal covariate-driven SAR design, lambda = 2",78,361,"network only",-1.00965541878505,-0.39526657181415,0.0345923524414325,0,1
"Fixed mixed-signal covariate-driven SAR design, lambda = 2",78,362,"network only",-10.1229165357809,-1.06818010933658,0.132881759298864,1,0
"Fixed mixed-signal covariate-driven SAR design, lambda = 2",78,363,"network only",-8.24482738526903,-0.929503997917306,0.100696141492711,0,1
"Fixed mixed-signal covariate-driven SAR design, lambda = 2",78,364,"network only",-17.659496105784,-1.62467315328239,0.4044167043779,1,0
"Fixed mixed-signal covariate-driven SAR design, lambda = 2",78,365,"network only",-8.64186991071644,-0.958821196987504,0.106776928752797,1,0
"Fixed mixed-signal covariate-driven SAR design, lambda = 2",78,366,"both",4.25064504770711,-0.00685156319153111,0.0159076895637941,0,1
"Fixed mixed-signal covariate-driven SAR design, lambda = 2",78,367,"both",5.23572107943791,0.0658854064541978,0.0137539860052413,0,1
"Fixed mixed-signal covariate-driven SAR design, lambda = 2",78,368,"both",10.3282146866485,0.441909734523497,0.00648362661910993,0,1
"Fixed mixed-signal covariate-driven SAR design, lambda = 2",78,369,"both",10.9421163080654,0.487239579290915,0.00592168080119368,1,0
"Fixed mixed-signal covariate-driven SAR design, lambda = 2",78,370,"both",17.0063523534494,0.935016338596102,0.00241830482483534,0,1
"Fixed mixed-signal covariate-driven SAR design, lambda = 2",78,371,"covariates only",50.5662226148092,3,3.88945743986254e-05,0,1
"Fixed mixed-signal covariate-driven SAR design, lambda = 2",78,372,"covariates only",13.5075538922802,0.676668770216598,0.00405423472462976,0,1
"Fixed mixed-signal covariate-driven SAR design, lambda = 2",78,373,"covariates only",26.6186976418269,1.64478172212342,0.000584812522222908,0,1
"Fixed mixed-signal covariate-driven SAR design, lambda = 2",78,374,"covariates only",7.47210434529797,0.231017575429286,0.0098854535225366,0,1
"Fixed mixed-signal covariate-driven SAR design, lambda = 2",78,375,"covariates only",10.09669702382,0.424814715792791,0.00670913516177826,0,1
"Fixed mixed-signal covariate-driven SAR design, lambda = 2",78,376,"covariates only",5.70518690628454,0.100550265304791,0.0128327302201819,0,1
"Fixed mixed-signal covariate-driven SAR design, lambda = 2",78,377,"covariates only",4.53354459152002,0.0140374391476645,0.0152567893613973,1,0
"Fixed mixed-signal covariate-driven SAR design, lambda = 2",78,378,"covariates only",4.50330055833773,0.0118042518071102,0.0153250843009787,0,1
"Fixed mixed-signal covariate-driven SAR design, lambda = 2",78,379,"covariates only",16.0029018157275,0.860922614911625,0.0028045812938494,0,1
"Fixed mixed-signal covariate-driven SAR design, lambda = 2",78,380,"covariates only",16.7453408141303,0.915743523299521,0.00251333973316806,0,1
"Fixed mixed-signal covariate-driven SAR design, lambda = 2",78,381,"network only",-14.4997033235196,-1.39135740476445,0.253614220579133,1,0
"Fixed mixed-signal covariate-driven SAR design, lambda = 2",78,382,"network only",1.69291767458507,-0.195711440305736,0.0232085876361639,0,1
"Fixed mixed-signal covariate-driven SAR design, lambda = 2",78,383,"network only",-5.37761860587956,-0.717792341926663,0.0659359733327017,0,1
"Fixed mixed-signal covariate-driven SAR design, lambda = 2",78,384,"network only",-23.7897946349599,-2.07732789634062,1,1,0
"Fixed mixed-signal covariate-driven SAR design, lambda = 2",78,385,"network only",0.435530890128856,-0.288555547184712,0.0279442255974554,0,1
"Fixed mixed-signal covariate-driven SAR design, lambda = 2",78,386,"network only",-10.0845301967534,-1.0653457027662,0.132130608513851,1,0
"Fixed mixed-signal covariate-driven SAR design, lambda = 2",78,387,"network only",-14.542234706463,-1.39449787698232,0.255212170470653,1,0
"Fixed mixed-signal covariate-driven SAR design, lambda = 2",78,388,"network only",-14.1199483037473,-1.36331669678228,0.23978264804566,1,0
"Fixed mixed-signal covariate-driven SAR design, lambda = 2",78,389,"network only",1.21930267252992,-0.230682669854098,0.0248899678827012,1,0
"Fixed mixed-signal covariate-driven SAR design, lambda = 2",78,390,"network only",-14.6506538629997,-1.40250343253743,0.259331288722505,1,0
"Fixed mixed-signal covariate-driven SAR design, lambda = 2",78,391,"both",4.44226289585014,0.0072972955310497,0.0154638477318875,0,1
"Fixed mixed-signal covariate-driven SAR design, lambda = 2",78,392,"both",4.67209329922424,0.024267728812748,0.0149477984582544,0,1
"Fixed mixed-signal covariate-driven SAR design, lambda = 2",78,393,"both",1.32938336802415,-0.2225544280242,0.0244886156533519,0,1
"Fixed mixed-signal covariate-driven SAR design, lambda = 2",78,394,"both",16.4695734840096,0.895381156056633,0.00261780760161047,0,1
"Fixed mixed-signal covariate-driven SAR design, lambda = 2",78,395,"both",5.48985909041695,0.0846506877065793,0.0132473576630401,0,1
"Fixed mixed-signal covariate-driven SAR design, lambda = 2",78,396,"both",11.6568673916374,0.540016041406927,0.00532848737577626,0,1
"Fixed mixed-signal covariate-driven SAR design, lambda = 2",78,397,"both",4.49936729732812,0.0115138239848413,0.0153339885484889,1,0
"Fixed mixed-signal covariate-driven SAR design, lambda = 2",78,398,"both",26.7401873062333,1.65375239012016,0.000574413766987093,0,1
"Fixed mixed-signal covariate-driven SAR design, lambda = 2",78,399,"both",-2.09913515752456,-0.475712600479669,0.0406307304226635,0,1
"Fixed mixed-signal covariate-driven SAR design, lambda = 2",78,400,"both",23.7463364676936,1.4326896187683,0.000893794182495572,0,1
"Fixed mixed-signal covariate-driven SAR design, lambda = 2",79,356,"covariates only",7.50575401980963,0.428901095008765,0.00643580961339896,1,0
"Fixed mixed-signal covariate-driven SAR design, lambda = 2",79,357,"covariates only",20.0813738381102,1.42821293289495,0.000872191709763813,0,1
"Fixed mixed-signal covariate-driven SAR design, lambda = 2",79,358,"covariates only",15.6659189262267,1.077342246054,0.00175943959267281,0,1
"Fixed mixed-signal covariate-driven SAR design, lambda = 2",79,359,"covariates only",4.04249416536015,0.153695847058206,0.0111594664099689,0,1
"Fixed mixed-signal covariate-driven SAR design, lambda = 2",79,360,"covariates only",4.46895941272177,0.187584575907606,0.0104281688235251,0,1
"Fixed mixed-signal covariate-driven SAR design, lambda = 2",79,361,"network only",-24.243614066036,-2.09403772089121,1,1,0
"Fixed mixed-signal covariate-driven SAR design, lambda = 2",79,362,"network only",-14.0101486426615,-1.28084335847138,0.196638408859416,1,0
"Fixed mixed-signal covariate-driven SAR design, lambda = 2",79,363,"network only",-7.14738489475374,-0.735499180372078,0.0660675826685928,1,0
"Fixed mixed-signal covariate-driven SAR design, lambda = 2",79,364,"network only",-1.62149913330546,-0.296388970616369,0.0274525148227814,0,1
"Fixed mixed-signal covariate-driven SAR design, lambda = 2",79,365,"network only",-12.3213455345109,-1.14664393433024,0.150350270092839,1,0
"Fixed mixed-signal covariate-driven SAR design, lambda = 2",79,366,"both",6.49988606757349,0.348970581320911,0.0075514430281771,0,1
"Fixed mixed-signal covariate-driven SAR design, lambda = 2",79,367,"both",5.9628634076491,0.306296493758673,0.0082242478830693,1,0
"Fixed mixed-signal covariate-driven SAR design, lambda = 2",79,368,"both",7.67294288876115,0.442186628312096,0.00626705520833295,0,1
"Fixed mixed-signal covariate-driven SAR design, lambda = 2",79,369,"both",4.59675529064435,0.197739775848944,0.0102185049307888,0,1
"Fixed mixed-signal covariate-driven SAR design, lambda = 2",79,370,"both",9.27172620177175,0.56923269951897,0.00486085543648823,0,1
"Fixed mixed-signal covariate-driven SAR design, lambda = 2",79,371,"covariates only",1.83123476292227,-0.0220201597407277,0.0158587303067512,0,1
"Fixed mixed-signal covariate-driven SAR design, lambda = 2",79,372,"covariates only",16.4470972296734,1.13941797173697,0.00155401809143192,0,1
"Fixed mixed-signal covariate-driven SAR design, lambda = 2",79,373,"covariates only",3.43284799898319,0.105250789098053,0.012294822748387,0,1
"Fixed mixed-signal covariate-driven SAR design, lambda = 2",79,374,"covariates only",4.59151669059157,0.197323494574356,0.0102270160178173,0,1
"Fixed mixed-signal covariate-driven SAR design, lambda = 2",79,375,"covariates only",25.3125215351399,1.84390201183527,0.000379794794547435,0,1
"Fixed mixed-signal covariate-driven SAR design, lambda = 2",79,376,"covariates only",14.0530318404491,0.949175429524934,0.00227351928815325,0,1
"Fixed mixed-signal covariate-driven SAR design, lambda = 2",79,377,"covariates only",0.415756067169374,-0.134500072252327,0.0198594503441209,0,1
"Fixed mixed-signal covariate-driven SAR design, lambda = 2",79,378,"covariates only",15.4603906856379,1.06101010443332,0.00181785935146729,0,1
"Fixed mixed-signal covariate-driven SAR design, lambda = 2",79,379,"covariates only",5.28107538085922,0.252118739028151,0.00916546264118765,0,1
"Fixed mixed-signal covariate-driven SAR design, lambda = 2",79,380,"covariates only",4.03425184611216,0.153040877576371,0.011174094208503,0,1
"Fixed mixed-signal covariate-driven SAR design, lambda = 2",79,381,"network only",-21.6503714927555,-1.88796771882114,0.662231554402213,1,0
"Fixed mixed-signal covariate-driven SAR design, lambda = 2",79,382,"network only",-7.77649991906295,-0.785491315969988,0.0730148225480097,1,0
"Fixed mixed-signal covariate-driven SAR design, lambda = 2",79,383,"network only",-20.3920018630156,-1.78797235592018,0.542194367642368,1,0
"Fixed mixed-signal covariate-driven SAR design, lambda = 2",79,384,"network only",-5.12641200268104,-0.574904142968326,0.0479178517624076,0,1
"Fixed mixed-signal covariate-driven SAR design, lambda = 2",79,385,"network only",-9.04074608381472,-0.88595365315039,0.0892630067112006,1,0
"Fixed mixed-signal covariate-driven SAR design, lambda = 2",79,386,"network only",-23.6722975351585,-2.0486384975738,0.913201751237708,1,0
"Fixed mixed-signal covariate-driven SAR design, lambda = 2",79,387,"network only",-8.47758172274459,-0.841202235659698,0.0816208144526163,1,0
"Fixed mixed-signal covariate-driven SAR design, lambda = 2",79,388,"network only",-0.557819823834281,-0.211864522435906,0.0231827596078812,0,1
"Fixed mixed-signal covariate-driven SAR design, lambda = 2",79,389,"network only",-15.1759470462724,-1.373482620961,0.236664867475393,1,0
"Fixed mixed-signal covariate-driven SAR design, lambda = 2",79,390,"network only",-7.35061727901298,-0.75164888355701,0.0682363629820573,1,0
"Fixed mixed-signal covariate-driven SAR design, lambda = 2",79,391,"both",7.585532942071,0.43524066495295,0.00635472421584015,0,1
"Fixed mixed-signal covariate-driven SAR design, lambda = 2",79,392,"both",-5.38991623558855,-0.59584330168036,0.0499671825311916,1,0
"Fixed mixed-signal covariate-driven SAR design, lambda = 2",79,393,"both",1.79247809892362,-0.0250999278706825,0.0159567141889582,0,1
"Fixed mixed-signal covariate-driven SAR design, lambda = 2",79,394,"both",25.595082732945,1.86635551742575,0.000363116631417525,0,1
"Fixed mixed-signal covariate-driven SAR design, lambda = 2",79,395,"both",9.58680332632721,0.594270057912805,0.00462344325769794,0,1
"Fixed mixed-signal covariate-driven SAR design, lambda = 2",79,396,"both",10.7192377497849,0.684258077695678,0.00386191695940422,0,1
"Fixed mixed-signal covariate-driven SAR design, lambda = 2",79,397,"both",17.9454662845927,1.25848470210394,0.00122471777903371,0,1
"Fixed mixed-signal covariate-driven SAR design, lambda = 2",79,398,"both",1.372061788814,-0.0585079826308615,0.0170593049965453,0,1
"Fixed mixed-signal covariate-driven SAR design, lambda = 2",79,399,"both",22.1229568031262,1.5904457336988,0.000630519226368769,0,1
"Fixed mixed-signal covariate-driven SAR design, lambda = 2",79,400,"both",5.4816029802984,0.268053508593215,0.00887796904780751,0,1
"Fixed mixed-signal covariate-driven SAR design, lambda = 2",80,356,"covariates only",4.97439603490345,0.175313458175523,0.00174565241510541,0,1
"Fixed mixed-signal covariate-driven SAR design, lambda = 2",80,357,"covariates only",8.34440898207659,0.410226209364046,0.00109122711899977,0,1
"Fixed mixed-signal covariate-driven SAR design, lambda = 2",80,358,"covariates only",11.9401649892876,0.6608747823807,0.000661004728382046,1,0
"Fixed mixed-signal covariate-driven SAR design, lambda = 2",80,359,"covariates only",4.19463182170451,0.120958605695039,0.00194612081888018,0,1
"Fixed mixed-signal covariate-driven SAR design, lambda = 2",80,360,"covariates only",19.5295881734207,1.18990903479037,0.000229451685899862,0,1
"Fixed mixed-signal covariate-driven SAR design, lambda = 2",80,361,"network only",-19.6153038653563,-1.53875534364187,0.0537995964529933,1,0
"Fixed mixed-signal covariate-driven SAR design, lambda = 2",80,362,"network only",-13.0080002116199,-1.07818148129538,0.0214155702998704,1,0
"Fixed mixed-signal covariate-driven SAR design, lambda = 2",80,363,"network only",-2.77393621593387,-0.364797833590811,0.00514153126286575,1,0
"Fixed mixed-signal covariate-driven SAR design, lambda = 2",80,364,"network only",-13.5023633109628,-1.11264194111354,0.0229436029986304,0,1
"Fixed mixed-signal covariate-driven SAR design, lambda = 2",80,365,"network only",-9.2997493079739,-0.819691251279049,0.0127704994635685,0,1
"Fixed mixed-signal covariate-driven SAR design, lambda = 2",80,366,"both",17.7329043326509,1.06466798952815,0.000294763865215928,0,1
"Fixed mixed-signal covariate-driven SAR design, lambda = 2",80,367,"both",12.6283246340143,0.708844175357447,0.000600535770285801,0,1
"Fixed mixed-signal covariate-driven SAR design, lambda = 2",80,368,"both",1.89959733693501,-0.0390208582835719,0.00267994693927634,1,0
"Fixed mixed-signal covariate-driven SAR design, lambda = 2",80,369,"both",16.0707359104461,0.948803580957746,0.000371631731947703,0,1
"Fixed mixed-signal covariate-driven SAR design, lambda = 2",80,370,"both",5.20492573414405,0.191382941209616,0.00169044092380006,0,1
"Fixed mixed-signal covariate-driven SAR design, lambda = 2",80,371,"covariates only",2.50362999576192,0.00308431339292714,0.00246350874345593,0,1
"Fixed mixed-signal covariate-driven SAR design, lambda = 2",80,372,"covariates only",8.20175497109588,0.400282257600992,0.00111314658227635,0,1
"Fixed mixed-signal covariate-driven SAR design, lambda = 2",80,373,"covariates only",9.30678348619842,0.477310237224112,0.000954216021566668,0,1
"Fixed mixed-signal covariate-driven SAR design, lambda = 2",80,374,"covariates only",7.73907783626328,0.368030524340822,0.00118731473283511,0,1
"Fixed mixed-signal covariate-driven SAR design, lambda = 2",80,375,"covariates only",20.8240556995182,1.28014219788099,0.000191564805673874,0,1
"Fixed mixed-signal covariate-driven SAR design, lambda = 2",80,376,"covariates only",7.50333293689694,0.35159750649878,0.00122698539910074,1,0
"Fixed mixed-signal covariate-driven SAR design, lambda = 2",80,377,"covariates only",6.51209740203277,0.282501669117474,0.00140881924792817,0,1
"Fixed mixed-signal covariate-driven SAR design, lambda = 2",80,378,"covariates only",7.38160328188055,0.343112124214086,0.00124798597331602,0,1
"Fixed mixed-signal covariate-driven SAR design, lambda = 2",80,379,"covariates only",35.9756959085604,2.336314248944,2.31705496367324e-05,0,1
"Fixed mixed-signal covariate-driven SAR design, lambda = 2",80,380,"covariates only",5.38550839830806,0.203970777256746,0.00164841418287174,0,1
"Fixed mixed-signal covariate-driven SAR design, lambda = 2",80,381,"network only",-10.4236892760223,-0.898037487392611,0.01493683416197,0,1
"Fixed mixed-signal covariate-driven SAR design, lambda = 2",80,382,"network only",-3.02343271917227,-0.382189431458948,0.00532351682296537,1,0
"Fixed mixed-signal covariate-driven SAR design, lambda = 2",80,383,"network only",-4.09365025714832,-0.456790849957072,0.0061801156129783,1,0
"Fixed mixed-signal covariate-driven SAR design, lambda = 2",80,384,"network only",-1.66539987606934,-0.287525334798641,0.00440528937039172,0,1
"Fixed mixed-signal covariate-driven SAR design, lambda = 2",80,385,"network only",-17.9585215960697,-1.42326638644811,0.0427038060908086,1,0
"Fixed mixed-signal covariate-driven SAR design, lambda = 2",80,386,"network only",-12.1733887936477,-1.02000340677681,0.0190632441796055,1,0
"Fixed mixed-signal covariate-driven SAR design, lambda = 2",80,387,"network only",-54.462954717688,-3,1,1,0
"Fixed mixed-signal covariate-driven SAR design, lambda = 2",80,388,"network only",-10.3158479970866,-0.890520219084277,0.014713945494157,1,0
"Fixed mixed-signal covariate-driven SAR design, lambda = 2",80,389,"network only",-9.77263295083891,-0.852654447349454,0.0136407846126303,1,0
"Fixed mixed-signal covariate-driven SAR design, lambda = 2",80,390,"network only",-5.65258552044905,-0.565459207428508,0.00768041585775767,1,0
"Fixed mixed-signal covariate-driven SAR design, lambda = 2",80,391,"both",2.62451759331609,0.0115109985633331,0.00242233822376059,0,1
"Fixed mixed-signal covariate-driven SAR design, lambda = 2",80,392,"both",7.82139336702443,0.373768474936194,0.00117376711054681,0,1
"Fixed mixed-signal covariate-driven SAR design, lambda = 2",80,393,"both",5.32204153467792,0.19954670655483,0.00166306430223852,0,1
"Fixed mixed-signal covariate-driven SAR design, lambda = 2",80,394,"both",7.88808427900651,0.378417283667366,0.0011629044496483,0,1
"Fixed mixed-signal covariate-driven SAR design, lambda = 2",80,395,"both",6.00056618000101,0.246844474747611,0.00151295747724945,0,1
"Fixed mixed-signal covariate-driven SAR design, lambda = 2",80,396,"both",2.60933200790726,0.0104524603016959,0.00242747193145412,1,0
"Fixed mixed-signal covariate-driven SAR design, lambda = 2",80,397,"both",6.02466497629445,0.248524324239695,0.00150788292480767,0,1
"Fixed mixed-signal covariate-driven SAR design, lambda = 2",80,398,"both",25.3033403615467,1.5923787084844,0.000102591300736171,0,1
"Fixed mixed-signal covariate-driven SAR design, lambda = 2",80,399,"both",4.9086709180675,0.170731971914151,0.00176172128710712,0,1
"Fixed mixed-signal covariate-driven SAR design, lambda = 2",80,400,"both",16.0578639571077,0.947906318537898,0.000372299233066441,0,1
"Fixed mixed-signal covariate-driven SAR design, lambda = 2",81,356,"covariates only",12.6901365035936,1.05955358997722,0.00188275737839009,0,1
"Fixed mixed-signal covariate-driven SAR design, lambda = 2",81,357,"covariates only",28.058931779665,2.53858246861676,9.77521227397903e-05,0,1
"Fixed mixed-signal covariate-driven SAR design, lambda = 2",81,358,"covariates only",6.38251953249542,0.452534790645804,0.00633934208889952,0,1
"Fixed mixed-signal covariate-driven SAR design, lambda = 2",81,359,"covariates only",-0.856133932424523,-0.244083085040906,0.0255339960568565,0,1
"Fixed mixed-signal covariate-driven SAR design, lambda = 2",81,360,"covariates only",8.40876171966702,0.647531903699328,0.0042921199232544,0,1
"Fixed mixed-signal covariate-driven SAR design, lambda = 2",81,361,"network only",-12.1078894584803,-1.32690519695614,0.22266200895911,1,0
"Fixed mixed-signal covariate-driven SAR design, lambda = 2",81,362,"network only",-7.245486813116,-0.858967808053307,0.0873375231546769,1,0
"Fixed mixed-signal covariate-driven SAR design, lambda = 2",81,363,"network only",-14.9893854861151,-1.60420837928121,0.387711432191096,1,0
"Fixed mixed-signal covariate-driven SAR design, lambda = 2",81,364,"network only",-17.2647178619903,-1.82317689515848,0.600761707884252,1,0
"Fixed mixed-signal covariate-driven SAR design, lambda = 2",81,365,"network only",-10.7315108893115,-1.19444825318315,0.170842329125808,1,0
"Fixed mixed-signal covariate-driven SAR design, lambda = 2",81,366,"both",11.0701130809604,0.903649279775522,0.00257164562072423,0,1
"Fixed mixed-signal covariate-driven SAR design, lambda = 2",81,367,"both",5.72894132163643,0.389637144412266,0.00718913087019931,0,1
"Fixed mixed-signal covariate-driven SAR design, lambda = 2",81,368,"both",2.09949826344503,0.0403546534937521,0.0144563717062939,0,1
"Fixed mixed-signal covariate-driven SAR design, lambda = 2",81,369,"both",7.33569570628032,0.544264497635524,0.00527677743769132,0,1
"Fixed mixed-signal covariate-driven SAR design, lambda = 2",81,370,"both",9.10066957506401,0.714118235360797,0.00375695242005932,0,1
"Fixed mixed-signal covariate-driven SAR design, lambda = 2",81,371,"covariates only",2.72724931819402,0.100766801739084,0.0128110870194831,0,1
"Fixed mixed-signal covariate-driven SAR design, lambda = 2",81,372,"covariates only",4.32451322067829,0.254480830467212,0.00942045050688438,0,1
"Fixed mixed-signal covariate-driven SAR design, lambda = 2",81,373,"covariates only",4.98407107543259,0.317953932736586,0.00829735432044502,0,1
"Fixed mixed-signal covariate-driven SAR design, lambda = 2",81,374,"covariates only",10.8993073266505,0.887211645027699,0.00265759421429647,0,1
"Fixed mixed-signal covariate-driven SAR design, lambda = 2",81,375,"covariates only",4.45708350330603,0.267238842590719,0.0091831188203067,0,1
"Fixed mixed-signal covariate-driven SAR design, lambda = 2",81,376,"covariates only",8.60066203460876,0.665999591147853,0.00413648085195977,0,1
"Fixed mixed-signal covariate-driven SAR design, lambda = 2",81,377,"covariates only",6.17460686602349,0.432526141143803,0.00659816968819448,0,1
"Fixed mixed-signal covariate-driven SAR design, lambda = 2",81,378,"covariates only",14.0138806656771,1.186945217524,0.00145929601487545,0,1
"Fixed mixed-signal covariate-driven SAR design, lambda = 2",81,379,"covariates only",11.2217976777492,0.918246773922949,0.00249765183638825,0,1
"Fixed mixed-signal covariate-driven SAR design, lambda = 2",81,380,"covariates only",4.39172017714425,0.260948548181779,0.00929937763103325,0,1
"Fixed mixed-signal covariate-driven SAR design, lambda = 2",81,381,"network only",-10.5473179792352,-1.17672229429374,0.164891743978821,1,0
"Fixed mixed-signal covariate-driven SAR design, lambda = 2",81,382,"network only",-19.9121563377256,-2.07795535304649,1,1,0
"Fixed mixed-signal covariate-driven SAR design, lambda = 2",81,383,"network only",-12.7874799041996,-1.39230615238635,0.253777240840952,1,0
"Fixed mixed-signal covariate-driven SAR design, lambda = 2",81,384,"network only",-13.5066539722621,-1.46151647084828,0.291452637661881,1,0
"Fixed mixed-signal covariate-driven SAR design, lambda = 2",81,385,"network only",-4.48366674558849,-0.593181741930136,0.0513265445898067,1,0
"Fixed mixed-signal covariate-driven SAR design, lambda = 2",81,386,"network only",-2.16327928637567,-0.369877312392176,0.0328384208638203,0,1
"Fixed mixed-signal covariate-driven SAR design, lambda = 2",81,387,"network only",-12.9079067741154,-1.40389553302226,0.259728184242068,1,0
"Fixed mixed-signal covariate-driven SAR design, lambda = 2",81,388,"network only",-9.61155851331297,-1.08666869876474,0.137714399309807,1,0
"Fixed mixed-signal covariate-driven SAR design, lambda = 2",81,389,"network only",-12.8524123053531,-1.3985549763664,0.256968761165494,1,0
"Fixed mixed-signal covariate-driven SAR design, lambda = 2",81,390,"network only",-1.46968930549904,-0.303129099977064,0.0287346230246625,1,0
"Fixed mixed-signal covariate-driven SAR design, lambda = 2",81,391,"both",6.93388871710271,0.505596265678647,0.00570105953860417,0,1
"Fixed mixed-signal covariate-driven SAR design, lambda = 2",81,392,"both",8.67130042122253,0.672797535415153,0.0040806223031162,1,0
"Fixed mixed-signal covariate-driven SAR design, lambda = 2",81,393,"both",4.41289779616325,0.262986594075897,0.00926154966174765,0,1
"Fixed mixed-signal covariate-driven SAR design, lambda = 2",81,394,"both",2.65616091432051,0.0939255496840833,0.0129875794460227,0,1
"Fixed mixed-signal covariate-driven SAR design, lambda = 2",81,395,"both",9.61346188818321,0.763467232873212,0.00340386008632868,0,1
"Fixed mixed-signal covariate-driven SAR design, lambda = 2",81,396,"both",15.5637036456139,1.33609372935788,0.00108291568756744,0,1
"Fixed mixed-signal covariate-driven SAR design, lambda = 2",81,397,"both",10.816628492925,0.879254978253522,0.00270022368636928,0,1
"Fixed mixed-signal covariate-driven SAR design, lambda = 2",81,398,"both",10.2470976298217,0.824445698887441,0.00301305096522393,0,1
"Fixed mixed-signal covariate-driven SAR design, lambda = 2",81,399,"both",2.83680026915713,0.111309529210323,0.0125437873917954,0,1
"Fixed mixed-signal covariate-driven SAR design, lambda = 2",81,400,"both",4.62268092579675,0.283175249166021,0.00889504228194323,0,1
"Fixed mixed-signal covariate-driven SAR design, lambda = 2",82,356,"covariates only",4.47319128188232,0.0741739182135224,0.00853971477814406,0,1
"Fixed mixed-signal covariate-driven SAR design, lambda = 2",82,357,"covariates only",4.21822734301024,0.0583715275044887,0.00881392088498523,1,0
"Fixed mixed-signal covariate-driven SAR design, lambda = 2",82,358,"covariates only",8.62379922804381,0.33142413459871,0.00510503432874893,1,0
"Fixed mixed-signal covariate-driven SAR design, lambda = 2",82,359,"covariates only",15.1241800952975,0.734310749373693,0.00228063507666743,0,1
"Fixed mixed-signal covariate-driven SAR design, lambda = 2",82,360,"covariates only",2.6327971376405,-0.0398917314410265,0.0107280189052059,0,1
"Fixed mixed-signal covariate-driven SAR design, lambda = 2",82,361,"network only",-6.0321212697546,-0.576934054921332,0.0314042600837497,0,1
"Fixed mixed-signal covariate-driven SAR design, lambda = 2",82,362,"network only",-33.9513837739321,-2.30733991682807,1,1,0
"Fixed mixed-signal covariate-driven SAR design, lambda = 2",82,363,"network only",-17.2318732837956,-1.27108263904308,0.125868879146329,1,0
"Fixed mixed-signal covariate-driven SAR design, lambda = 2",82,364,"network only",-15.9997706506191,-1.19471824300647,0.10804112388271,1,0
"Fixed mixed-signal covariate-driven SAR design, lambda = 2",82,365,"network only",-6.49022553483721,-0.605326864564668,0.0332391758067374,1,0
"Fixed mixed-signal covariate-driven SAR design, lambda = 2",82,366,"both",24.4199705139954,1.31045384159056,0.000720483879488143,0,1
"Fixed mixed-signal covariate-driven SAR design, lambda = 2",82,367,"both",8.45244650271481,0.320803876978415,0.00521462767750073,0,1
"Fixed mixed-signal covariate-driven SAR design, lambda = 2",82,368,"both",-0.488043091138878,-0.233318052252551,0.0157952861381313,1,0
"Fixed mixed-signal covariate-driven SAR design, lambda = 2",82,369,"both",2.95132032885827,-0.0201500066317126,0.0103126929170059,0,1
"Fixed mixed-signal covariate-driven SAR design, lambda = 2",82,370,"both",5.98911755832236,0.168129398397779,0.00707676334509115,0,1
"Fixed mixed-signal covariate-driven SAR design, lambda = 2",82,371,"covariates only",20.6238436455549,1.07517398114625,0.00115341543355757,0,1
"Fixed mixed-signal covariate-driven SAR design, lambda = 2",82,372,"covariates only",10.1325103545927,0.424932427552848,0.00423426851824159,0,1
"Fixed mixed-signal covariate-driven SAR design, lambda = 2",82,373,"covariates only",2.5396982790679,-0.0456618985644148,0.0108525409602689,0,1
"Fixed mixed-signal covariate-driven SAR design, lambda = 2",82,374,"covariates only",8.62641989998536,0.331586561027027,0.00510337621310041,1,0
"Fixed mixed-signal covariate-driven SAR design, lambda = 2",82,375,"covariates only",21.123629407102,1.1061501651106,0.00108412706534932,0,1
"Fixed mixed-signal covariate-driven SAR design, lambda = 2",82,376,"covariates only",3.76839987692158,0.0304917049608239,0.00931934209373001,0,1
"Fixed mixed-signal covariate-driven SAR design, lambda = 2",82,377,"covariates only",5.28971636919028,0.124781264924783,0.00771767316784259,0,1
"Fixed mixed-signal covariate-driven SAR design, lambda = 2",82,378,"covariates only",16.5487220894141,0.8226023300264,0.00191146657029604,0,1
"Fixed mixed-signal covariate-driven SAR design, lambda = 2",82,379,"covariates only",74.8235767016994,3,2.45529184336135e-05,0,1
"Fixed mixed-signal covariate-driven SAR design, lambda = 2",82,380,"covariates only",4.24127802803269,0.0598001841703961,0.00878877269657166,1,0
"Fixed mixed-signal covariate-driven SAR design, lambda = 2",82,381,"network only",-8.60066697510019,-0.736129755181694,0.0431781662103659,1,0
"Fixed mixed-signal covariate-driven SAR design, lambda = 2",82,382,"network only",-6.07578566384188,-0.579640327104343,0.031574697869684,0,1
"Fixed mixed-signal covariate-driven SAR design, lambda = 2",82,383,"network only",-7.21614176864156,-0.650318371988632,0.0363688336438722,0,1
"Fixed mixed-signal covariate-driven SAR design, lambda = 2",82,384,"network only",-5.17182231004448,-0.523613650678852,0.0282276712457861,0,1
"Fixed mixed-signal covariate-driven SAR design, lambda = 2",82,385,"network only",-10.0436720562518,-0.825565658111162,0.0516353627074565,1,0
"Fixed mixed-signal covariate-driven SAR design, lambda = 2",82,386,"network only",-22.0687606988008,-1.57086771879065,0.229249489179007,1,0
"Fixed mixed-signal covariate-driven SAR design, lambda = 2",82,387,"network only",-7.04759633248655,-0.639872107132008,0.0356168791738919,1,0
"Fixed mixed-signal covariate-driven SAR design, lambda = 2",82,388,"network only",-6.66693207211438,-0.616278945691306,0.033975284598603,1,0
"Fixed mixed-signal covariate-driven SAR design, lambda = 2",82,389,"network only",-8.24131843634044,-0.713857719240757,0.0412970423585224,1,0
"Fixed mixed-signal covariate-driven SAR design, lambda = 2",82,390,"network only",-3.36308737178272,-0.411510204560412,0.0225581372484575,0,1
"Fixed mixed-signal covariate-driven SAR design, lambda = 2",82,391,"both",1.37886303322977,-0.117609218584265,0.012532106640312,0,1
"Fixed mixed-signal covariate-driven SAR design, lambda = 2",82,392,"both",-2.47382287801844,-0.356394547670657,0.0202036754467935,0,1
"Fixed mixed-signal covariate-driven SAR design, lambda = 2",82,393,"both",1.99489272670438,-0.0794283607432815,0.0116107589833106,0,1
"Fixed mixed-signal covariate-driven SAR design, lambda = 2",82,394,"both",8.92539524363184,0.350116731268237,0.00491770512062071,0,1
"Fixed mixed-signal covariate-driven SAR design, lambda = 2",82,395,"both",13.7647279266397,0.650053366096637,0.0026992358464863,0,1
"Fixed mixed-signal covariate-driven SAR design, lambda = 2",82,396,"both",4.32224231439602,0.0648182635593933,0.00870100832358354,0,1
"Fixed mixed-signal covariate-driven SAR design, lambda = 2",82,397,"both",2.86312958397985,-0.025615974147176,0.0104260490781588,0,1
"Fixed mixed-signal covariate-driven SAR design, lambda = 2",82,398,"both",1.97773763392869,-0.0804916149426421,0.011635475630569,0,1
"Fixed mixed-signal covariate-driven SAR design, lambda = 2",82,399,"both",28.2850045079048,1.55000449155952,0.000446224300352559,0,1
"Fixed mixed-signal covariate-driven SAR design, lambda = 2",82,400,"both",6.48757930627718,0.199023521423709,0.00665273735617978,0,1
"Fixed mixed-signal covariate-driven SAR design, lambda = 2",83,356,"covariates only",4.10877948060325,0.354960928581921,0.00121875935819364,0,1
"Fixed mixed-signal covariate-driven SAR design, lambda = 2",83,357,"covariates only",2.88793127695868,0.256406077330192,0.00148429976796411,0,1
"Fixed mixed-signal covariate-driven SAR design, lambda = 2",83,358,"covariates only",10.6055326340943,0.879421331398644,0.000426950420466276,0,1
"Fixed mixed-signal covariate-driven SAR design, lambda = 2",83,359,"covariates only",5.998501502228,0.507511648804436,0.000898284883642801,0,1
"Fixed mixed-signal covariate-driven SAR design, lambda = 2",83,360,"covariates only",8.58469470108131,0.716286077320878,0.000591663702472083,0,1
"Fixed mixed-signal covariate-driven SAR design, lambda = 2",83,361,"network only",-12.8962681245212,-1.01779772580974,0.0189793345238952,1,0
"Fixed mixed-signal covariate-driven SAR design, lambda = 2",83,362,"network only",-16.4362244137886,-1.30356614852181,0.0336121489001384,1,0
"Fixed mixed-signal covariate-driven SAR design, lambda = 2",83,363,"network only",-15.3501305353328,-1.21588954768226,0.0282059902146807,1,0
"Fixed mixed-signal covariate-driven SAR design, lambda = 2",83,364,"network only",-22.5850187883497,-1.79993704307961,0.0907065313625905,1,0
"Fixed mixed-signal covariate-driven SAR design, lambda = 2",83,365,"network only",-15.6967688256889,-1.24387245746762,0.0298295703135999,1,0
"Fixed mixed-signal covariate-driven SAR design, lambda = 2",83,366,"both",8.94703521010131,0.745536572888088,0.000558043776709302,0,1
"Fixed mixed-signal covariate-driven SAR design, lambda = 2",83,367,"both",15.0940445226209,1.24176336556372,0.000206847917843778,0,1
"Fixed mixed-signal covariate-driven SAR design, lambda = 2",83,368,"both",2.60364193664087,0.233456382549276,0.00155401594713368,0,1
"Fixed mixed-signal covariate-driven SAR design, lambda = 2",83,369,"both",12.5304671941967,1.03481463801437,0.000312899258822347,0,1
"Fixed mixed-signal covariate-driven SAR design, lambda = 2",83,370,"both",7.17719207221444,0.602663260159592,0.000742619676117574,0,1
"Fixed mixed-signal covariate-driven SAR design, lambda = 2",83,371,"covariates only",5.77668809034079,0.489605419554213,0.000931037651871191,0,1
"Fixed mixed-signal covariate-driven SAR design, lambda = 2",83,372,"covariates only",10.5774245584376,0.877152263706979,0.000428892382386535,0,1
"Fixed mixed-signal covariate-driven SAR design, lambda = 2",83,373,"covariates only",5.47649184881187,0.465371615677622,0.000977274257537981,0,1
"Fixed mixed-signal covariate-driven SAR design, lambda = 2",83,374,"covariates only",8.526985422931,0.711627406974336,0.000597202196714999,0,1
"Fixed mixed-signal covariate-driven SAR design, lambda = 2",83,375,"covariates only",-0.582356495791636,-0.0237382471018654,0.00259927295488368,1,0
"Fixed mixed-signal covariate-driven SAR design, lambda = 2",83,376,"covariates only",5.28881208156729,0.450220877454368,0.00100734033320715,0,1
"Fixed mixed-signal covariate-driven SAR design, lambda = 2",83,377,"covariates only",19.1830105147651,1.57185144197332,0.000106890791601601,0,1
"Fixed mixed-signal covariate-driven SAR design, lambda = 2",83,378,"covariates only",4.72762723598412,0.404918366613082,0.00110287294776752,0,1
"Fixed mixed-signal covariate-driven SAR design, lambda = 2",83,379,"covariates only",2.11540549956268,0.194042744319503,0.00168147231961856,1,0
"Fixed mixed-signal covariate-driven SAR design, lambda = 2",83,380,"covariates only",2.67693336466838,0.23937294593997,0.00153573545043531,0,1
"Fixed mixed-signal covariate-driven SAR design, lambda = 2",83,381,"network only",-2.35696023913944,-0.166995867037162,0.00346165574303643,0,1
"Fixed mixed-signal covariate-driven SAR design, lambda = 2",83,382,"network only",-6.29450212082995,-0.484859998948878,0.00653697994614444,0,1
"Fixed mixed-signal covariate-driven SAR design, lambda = 2",83,383,"network only",-46.1339518004922,-3,1,1,0
"Fixed mixed-signal covariate-driven SAR design, lambda = 2",83,384,"network only",-20.7584256173285,-1.65248249653564,0.0675400173642664,1,0
"Fixed mixed-signal covariate-driven SAR design, lambda = 2",83,385,"network only",-7.46573991370613,-0.579409973395104,0.00789772881030245,1,0
"Fixed mixed-signal covariate-driven SAR design, lambda = 2",83,386,"network only",-18.123566657643,-1.43977944953449,0.0441376949467913,1,0
"Fixed mixed-signal covariate-driven SAR design, lambda = 2",83,387,"network only",0.29694581710752,0.047244786164985,0.00225526099459056,0,1
"Fixed mixed-signal covariate-driven SAR design, lambda = 2",83,388,"network only",-6.95839259649014,-0.538453579936919,0.00727659067655863,1,0
"Fixed mixed-signal covariate-driven SAR design, lambda = 2",83,389,"network only",-19.2802938404972,-1.53315803264147,0.0532006888336691,1,0
"Fixed mixed-signal covariate-driven SAR design, lambda = 2",83,390,"network only",-5.13977191003255,-0.391642624486371,0.00542512276115528,0,1
"Fixed mixed-signal covariate-driven SAR design, lambda = 2",83,391,"both",4.64984371282052,0.398639171925045,0.00111681058966627,0,1
"Fixed mixed-signal covariate-driven SAR design, lambda = 2",83,392,"both",8.43556291873195,0.704247184539228,0.000606082544528072,0,1
"Fixed mixed-signal covariate-driven SAR design, lambda = 2",83,393,"both",5.48402307975988,0.465979585893418,0.000976086672418189,0,1
"Fixed mixed-signal covariate-driven SAR design, lambda = 2",83,394,"both",4.21502103483583,0.363537441651184,0.00119803222182516,0,1
"Fixed mixed-signal covariate-driven SAR design, lambda = 2",83,395,"both",7.76960301805631,0.65048654603006,0.000674881733508271,0,1
"Fixed mixed-signal covariate-driven SAR design, lambda = 2",83,396,"both",11.9293922898474,0.986291940751564,0.000344786945316313,0,1
"Fixed mixed-signal covariate-driven SAR design, lambda = 2",83,397,"both",2.86728625074033,0.25473947579696,0.00148925549513646,1,0
"Fixed mixed-signal covariate-driven SAR design, lambda = 2",83,398,"both",8.57197690677317,0.715259413790926,0.000592879829688911,1,0
"Fixed mixed-signal covariate-driven SAR design, lambda = 2",83,399,"both",3.10886672606823,0.274241431683193,0.0014322869257561,0,1
"Fixed mixed-signal covariate-driven SAR design, lambda = 2",83,400,"both",2.86919760932297,0.254893773161889,0.00148879598964338,0,1
"Fixed mixed-signal covariate-driven SAR design, lambda = 2",84,356,"covariates only",6.65159035710146,0.155862129748104,0.0109724767126127,0,1
"Fixed mixed-signal covariate-driven SAR design, lambda = 2",84,357,"covariates only",43.8877351614822,2.46106150896775,0.000109152560447137,0,1
"Fixed mixed-signal covariate-driven SAR design, lambda = 2",84,358,"covariates only",3.58862248345227,-0.0337587796666408,0.0160327232865919,0,1
"Fixed mixed-signal covariate-driven SAR design, lambda = 2",84,359,"covariates only",5.47507348158206,0.0830268245537367,0.0126931265526287,0,1
"Fixed mixed-signal covariate-driven SAR design, lambda = 2",84,360,"covariates only",9.51950252276174,0.333407613542623,0.00769290943985331,0,1
"Fixed mixed-signal covariate-driven SAR design, lambda = 2",84,361,"network only",-5.01543464240378,-0.566415080405924,0.0465228895815926,0,1
"Fixed mixed-signal covariate-driven SAR design, lambda = 2",84,362,"network only",-22.2350441851985,-1.63243932746453,0.392286693977197,1,0
"Fixed mixed-signal covariate-driven SAR design, lambda = 2",84,363,"network only",-14.7751046480722,-1.17061257068447,0.155763591872955,1,0
"Fixed mixed-signal covariate-driven SAR design, lambda = 2",84,364,"network only",-18.5601191559199,-1.4049336353292,0.248882662483245,1,0
"Fixed mixed-signal covariate-driven SAR design, lambda = 2",84,365,"network only",-5.96089929036264,-0.624946502791317,0.0523005708181234,0,1
"Fixed mixed-signal covariate-driven SAR design, lambda = 2",84,366,"both",18.3580202628328,0.880578802038929,0.00257527590424458,0,1
"Fixed mixed-signal covariate-driven SAR design, lambda = 2",84,367,"both",8.20580988018014,0.252080089437383,0.00905171371771146,0,1
"Fixed mixed-signal covariate-driven SAR design, lambda = 2",84,368,"both",5.50291654211072,0.0847505208757758,0.0126494437007543,0,1
"Fixed mixed-signal covariate-driven SAR design, lambda = 2",84,369,"both",27.7405617985419,1.46142918376466,0.000805941525756757,0,1
"Fixed mixed-signal covariate-driven SAR design, lambda = 2",84,370,"both",8.31311281494914,0.258722953781085,0.00893225044065137,0,1
"Fixed mixed-signal covariate-driven SAR design, lambda = 2",84,371,"covariates only",13.679345085967,0.590933373653648,0.00459628115713065,0,1
"Fixed mixed-signal covariate-driven SAR design, lambda = 2",84,372,"covariates only",5.92509750658865,0.110886720053903,0.0120052114093367,0,1
"Fixed mixed-signal covariate-driven SAR design, lambda = 2",84,373,"covariates only",1.28496279169408,-0.176372761841013,0.0213245673209377,0,1
"Fixed mixed-signal covariate-driven SAR design, lambda = 2",84,374,"covariates only",4.36945499591196,0.0145806666550104,0.0145552673665333,1,0
"Fixed mixed-signal covariate-driven SAR design, lambda = 2",84,375,"covariates only",7.69628561741615,0.220536678582382,0.00964115507563443,0,1
"Fixed mixed-signal covariate-driven SAR design, lambda = 2",84,376,"covariates only",5.74680038308848,0.0998487777382186,0.0122731840551592,0,1
"Fixed mixed-signal covariate-driven SAR design, lambda = 2",84,377,"covariates only",6.90001569062194,0.171241539394897,0.0106401140298087,0,1
"Fixed mixed-signal covariate-driven SAR design, lambda = 2",84,378,"covariates only",10.9543631881708,0.422236355952568,0.00644072793960154,0,1
"Fixed mixed-signal covariate-driven SAR design, lambda = 2",84,379,"covariates only",6.05708697496101,0.119057867796343,0.0118106131194419,1,0
"Fixed mixed-signal covariate-driven SAR design, lambda = 2",84,380,"covariates only",6.148908031897,0.124742286646901,0.0116771005551174,0,1
"Fixed mixed-signal covariate-driven SAR design, lambda = 2",84,381,"network only",-9.10535685354839,-0.819612241167797,0.077195314491129,1,0
"Fixed mixed-signal covariate-driven SAR design, lambda = 2",84,382,"network only",-16.4479105693095,-1.27417192655897,0.191609248240617,1,0
"Fixed mixed-signal covariate-driven SAR design, lambda = 2",84,383,"network only",-7.10649921596695,-0.695867814629873,0.0602709306662661,0,1
"Fixed mixed-signal covariate-driven SAR design, lambda = 2",84,384,"network only",-8.29326485910684,-0.769337596161162,0.0698108521111677,1,0
"Fixed mixed-signal covariate-driven SAR design, lambda = 2",84,385,"network only",-8.26438465088109,-0.767549692541615,0.0695616677439674,1,0
"Fixed mixed-signal covariate-driven SAR design, lambda = 2",84,386,"network only",-11.2407037005783,-0.951806383500515,0.100557232873464,1,0
"Fixed mixed-signal covariate-driven SAR design, lambda = 2",84,387,"network only",-29.7927813748076,-2.1003204996245,1,1,0
"Fixed mixed-signal covariate-driven SAR design, lambda = 2",84,388,"network only",-24.0180527624053,-1.74282106238669,0.489192662394289,1,0
"Fixed mixed-signal covariate-driven SAR design, lambda = 2",84,389,"network only",-2.91822446621071,-0.43658188683416,0.0358835169940044,0,1
"Fixed mixed-signal covariate-driven SAR design, lambda = 2",84,390,"network only",-0.83632202655984,-0.307696358090743,0.0277297819400943,1,0
"Fixed mixed-signal covariate-driven SAR design, lambda = 2",84,391,"both",9.23949641415197,0.316073114734116,0.00796429199795032,0,1
"Fixed mixed-signal covariate-driven SAR design, lambda = 2",84,392,"both",11.9101715622595,0.481408133325797,0.00572188337798015,0,1
"Fixed mixed-signal covariate-driven SAR design, lambda = 2",84,393,"both",43.4890526306824,2.43638004080466,0.000114675852797882,0,1
"Fixed mixed-signal covariate-driven SAR design, lambda = 2",84,394,"both",6.98997289409801,0.176810571599997,0.010522261298433,0,1
"Fixed mixed-signal covariate-driven SAR design, lambda = 2",84,395,"both",7.19292572037956,0.189374888653036,0.0102611457231085,1,0
"Fixed mixed-signal covariate-driven SAR design, lambda = 2",84,396,"both",7.20599304149459,0.19018385479818,0.0102445573071933,0,1
"Fixed mixed-signal covariate-driven SAR design, lambda = 2",84,397,"both",6.00429586886896,0.115789698504623,0.0118880641329431,1,0
"Fixed mixed-signal covariate-driven SAR design, lambda = 2",84,398,"both",18.3037914823722,0.877221629815268,0.00259262537368985,0,1
"Fixed mixed-signal covariate-driven SAR design, lambda = 2",84,399,"both",5.65424098716224,0.0941186501121969,0.0124146469292317,0,1
"Fixed mixed-signal covariate-driven SAR design, lambda = 2",84,400,"both",48.6018293777776,2.75289964414732,6.08900799364539e-05,0,1
"Fixed mixed-signal covariate-driven SAR design, lambda = 2",85,356,"covariates only",7.45545733437792,0.331089746976224,0.00182136102092785,0,1
"Fixed mixed-signal covariate-driven SAR design, lambda = 2",85,357,"covariates only",2.50874495289601,-0.0510433955590575,0.00391122381185018,0,1
"Fixed mixed-signal covariate-driven SAR design, lambda = 2",85,358,"covariates only",6.13386496887252,0.228996840650847,0.00223394671373885,1,0
"Fixed mixed-signal covariate-driven SAR design, lambda = 2",85,359,"covariates only",10.4812983191106,0.564835725140731,0.00114121339619835,0,1
"Fixed mixed-signal covariate-driven SAR design, lambda = 2",85,360,"covariates only",12.0696727057289,0.687537521621399,0.000892872474532202,0,1
"Fixed mixed-signal covariate-driven SAR design, lambda = 2",85,361,"network only",-8.52575945093822,-0.903457993169721,0.0215134757014753,1,0
"Fixed mixed-signal covariate-driven SAR design, lambda = 2",85,362,"network only",-12.1767195791946,-1.18549437602157,0.0378167558668279,1,0
"Fixed mixed-signal covariate-driven SAR design, lambda = 2",85,363,"network only",-9.80078863560583,-1.0019538974364,0.0261976922319419,1,0
"Fixed mixed-signal covariate-driven SAR design, lambda = 2",85,364,"network only",-5.53748391740491,-0.672613943156792,0.0135581984440581,1,0
"Fixed mixed-signal covariate-driven SAR design, lambda = 2",85,365,"network only",-11.5673408178601,-1.13841991462076,0.0344188148614139,1,0
"Fixed mixed-signal covariate-driven SAR design, lambda = 2",85,366,"both",8.23653309636583,0.391427788177877,0.00161431053613032,0,1
"Fixed mixed-signal covariate-driven SAR design, lambda = 2",85,367,"both",6.56192257294301,0.262064256909356,0.00209098451620071,0,1
"Fixed mixed-signal covariate-driven SAR design, lambda = 2",85,368,"both",21.9123667531474,1.44788486290478,0.000195146211943114,0,1
"Fixed mixed-signal covariate-driven SAR design, lambda = 2",85,369,"both",9.32081529266174,0.475188502590282,0.00136531684705304,0,1
"Fixed mixed-signal covariate-driven SAR design, lambda = 2",85,370,"both",9.46465141142195,0.486299831455424,0.0013353105230678,0,1
"Fixed mixed-signal covariate-driven SAR design, lambda = 2",85,371,"covariates only",7.86836627712034,0.3629869303382,0.00170879709299925,0,1
"Fixed mixed-signal covariate-driven SAR design, lambda = 2",85,372,"covariates only",4.38511797162315,0.0939062726081897,0.00292692090281097,0,1
"Fixed mixed-signal covariate-driven SAR design, lambda = 2",85,373,"covariates only",-0.558721473934961,-0.288004935852863,0.00628253399177526,0,1
"Fixed mixed-signal covariate-driven SAR design, lambda = 2",85,374,"covariates only",9.58365782490663,0.495493067540262,0.00131098320541405,0,1
"Fixed mixed-signal covariate-driven SAR design, lambda = 2",85,375,"covariates only",30.6955876744405,2.12638798849582,5.02365490874569e-05,1,0
"Fixed mixed-signal covariate-driven SAR design, lambda = 2",85,376,"covariates only",13.9474451242055,0.832595293309261,0.00066802675266075,0,1
"Fixed mixed-signal covariate-driven SAR design, lambda = 2",85,377,"covariates only",9.77916241204461,0.510595781525166,0.00127197646986637,0,1
"Fixed mixed-signal covariate-driven SAR design, lambda = 2",85,378,"covariates only",7.86146639202015,0.362453914756712,0.00171061969525439,0,1
"Fixed mixed-signal covariate-driven SAR design, lambda = 2",85,379,"covariates only",2.48925870929258,-0.0525487063453207,0.00392301676979245,0,1
"Fixed mixed-signal covariate-driven SAR design, lambda = 2",85,380,"covariates only",33.6654497566399,2.35580960084095,3.1750218479676e-05,0,1
"Fixed mixed-signal covariate-driven SAR design, lambda = 2",85,381,"network only",-11.8512359588228,-1.16035079193893,0.0359620822715429,1,0
"Fixed mixed-signal covariate-driven SAR design, lambda = 2",85,382,"network only",-33.374171559549,-2.82299587485885,1,1,0
"Fixed mixed-signal covariate-driven SAR design, lambda = 2",85,383,"network only",-7.54481157798982,-0.827679847111271,0.0184880249683362,0,1
"Fixed mixed-signal covariate-driven SAR design, lambda = 2",85,384,"network only",-5.02392830579551,-0.632941812538166,0.0125240043943794,1,0
"Fixed mixed-signal covariate-driven SAR design, lambda = 2",85,385,"network only",-13.2288728711781,-1.26677313510198,0.0444920178741574,1,0
"Fixed mixed-signal covariate-driven SAR design, lambda = 2",85,386,"network only",-5.82606955961802,-0.694907161327771,0.0141763892507636,0,1
"Fixed mixed-signal covariate-driven SAR design, lambda = 2",85,387,"network only",-19.911175205852,-1.78298046506095,0.12492636195927,1,0
"Fixed mixed-signal covariate-driven SAR design, lambda = 2",85,388,"network only",-6.04608519427907,-0.711903351806656,0.0146665623522423,1,0
"Fixed mixed-signal covariate-driven SAR design, lambda = 2",85,389,"network only",-9.93280034202936,-1.01215179137822,0.0267375010056604,0,1
"Fixed mixed-signal covariate-driven SAR design, lambda = 2",85,390,"network only",-9.48846473094503,-0.977826900357751,0.0249635642049626,1,0
"Fixed mixed-signal covariate-driven SAR design, lambda = 2",85,391,"both",22.4176764420202,1.48691999664034,0.000180490620957011,0,1
"Fixed mixed-signal covariate-driven SAR design, lambda = 2",85,392,"both",8.48526183209131,0.410642063456427,0.00155345176845844,0,1
"Fixed mixed-signal covariate-driven SAR design, lambda = 2",85,393,"both",1.82768045633107,-0.10365557437015,0.00434521255950274,0,1
"Fixed mixed-signal covariate-driven SAR design, lambda = 2",85,394,"both",-0.0694974401389754,-0.250212417707258,0.00582517105495987,1,0
"Fixed mixed-signal covariate-driven SAR design, lambda = 2",85,395,"both",7.53070074039648,0.336902294175162,0.00180031012353424,0,1
"Fixed mixed-signal covariate-driven SAR design, lambda = 2",85,396,"both",13.3292526824102,0.784839975785824,0.000734976743102588,0,1
"Fixed mixed-signal covariate-driven SAR design, lambda = 2",85,397,"both",13.9758499662092,0.834789565120723,0.000665101511584296,0,1
"Fixed mixed-signal covariate-driven SAR design, lambda = 2",85,398,"both",5.38972636890624,0.17151219231119,0.00250612853144549,0,1
"Fixed mixed-signal covariate-driven SAR design, lambda = 2",85,399,"both",19.1750264547699,1.23642554007791,0.000297873150997866,0,1
"Fixed mixed-signal covariate-driven SAR design, lambda = 2",85,400,"both",6.53948210223295,0.260330732311381,0.00209824664418936,0,1
"Fixed mixed-signal covariate-driven SAR design, lambda = 2",86,356,"covariates only",3.84684893318765,0.108623075597126,0.00199473084766266,0,1
"Fixed mixed-signal covariate-driven SAR design, lambda = 2",86,357,"covariates only",23.9960486866634,1.44408061538992,0.00013801319923095,0,1
"Fixed mixed-signal covariate-driven SAR design, lambda = 2",86,358,"covariates only",17.5629117744161,1.0177023324262,0.000323793476100694,0,1
"Fixed mixed-signal covariate-driven SAR design, lambda = 2",86,359,"covariates only",11.7557461894506,0.632812452919709,0.00069916422130169,0,1
"Fixed mixed-signal covariate-driven SAR design, lambda = 2",86,360,"covariates only",2.63989709955639,0.0286281901371439,0.00234081438993463,1,0
"Fixed mixed-signal covariate-driven SAR design, lambda = 2",86,361,"network only",-10.5468325598208,-0.845367688820117,0.0134434319594357,1,0
"Fixed mixed-signal covariate-driven SAR design, lambda = 2",86,362,"network only",-19.7090598262098,-1.45262582482046,0.0452864073345807,1,0
"Fixed mixed-signal covariate-driven SAR design, lambda = 2",86,363,"network only",-2.51048919965101,-0.312731382465014,0.00463306225625225,0,1
"Fixed mixed-signal covariate-driven SAR design, lambda = 2",86,364,"network only",-19.6222765650659,-1.44687396559823,0.0447684302984536,0,1
"Fixed mixed-signal covariate-driven SAR design, lambda = 2",86,365,"network only",-16.5530522904963,-1.24345056670708,0.0298044112892399,1,0
"Fixed mixed-signal covariate-driven SAR design, lambda = 2",86,366,"both",7.48167809119547,0.349533884180621,0.0012320599327255,0,1
"Fixed mixed-signal covariate-driven SAR design, lambda = 2",86,367,"both",7.18023423740822,0.329554655611261,0.00128228798141321,0,1
"Fixed mixed-signal covariate-driven SAR design, lambda = 2",86,368,"both",13.1152194821919,0.722916222853561,0.000583869858089432,0,1
"Fixed mixed-signal covariate-driven SAR design, lambda = 2",86,369,"both",0.744124843452192,-0.0970206388049392,0.00300956802927144,0,1
"Fixed mixed-signal covariate-driven SAR design, lambda = 2",86,370,"both",6.03627488045667,0.253734813277626,0.00149225090185687,0,1
"Fixed mixed-signal covariate-driven SAR design, lambda = 2",86,371,"covariates only",3.68706260400634,0.0980326868634902,0.00203743141711592,0,1
"Fixed mixed-signal covariate-driven SAR design, lambda = 2",86,372,"covariates only",11.5243813364943,0.617477951246999,0.000720939091184501,0,1
"Fixed mixed-signal covariate-driven SAR design, lambda = 2",86,373,"covariates only",8.7037188503803,0.430528840097219,0.00104780510363218,0,1
"Fixed mixed-signal covariate-driven SAR design, lambda = 2",86,374,"covariates only",8.28643807989856,0.402872121320869,0.00110739569325632,0,1
"Fixed mixed-signal covariate-driven SAR design, lambda = 2",86,375,"covariates only",3.44030021545149,0.0816776605416128,0.00210517786057309,0,1
"Fixed mixed-signal covariate-driven SAR design, lambda = 2",86,376,"covariates only",5.01510059679525,0.186052974135459,0.00170855730086967,0,1
"Fixed mixed-signal covariate-driven SAR design, lambda = 2",86,377,"covariates only",32.2566358833818,1.99157945355446,4.61709887105003e-05,0,1
"Fixed mixed-signal covariate-driven SAR design, lambda = 2",86,378,"covariates only",12.7573176666505,0.699195048617453,0.000612237611183589,1,0
"Fixed mixed-signal covariate-driven SAR design, lambda = 2",86,379,"covariates only",15.9073846154332,0.907976573892583,0.000403250279522427,0,1
"Fixed mixed-signal covariate-driven SAR design, lambda = 2",86,380,"covariates only",25.7758039525542,1.56204001913297,0.00010900900785633,0,1
"Fixed mixed-signal covariate-driven SAR design, lambda = 2",86,381,"network only",-7.65206436563778,-0.653506966897042,0.00915929501939616,0,1
"Fixed mixed-signal covariate-driven SAR design, lambda = 2",86,382,"network only",-49.3262424443851,-3,1,1,0
"Fixed mixed-signal covariate-driven SAR design, lambda = 2",86,383,"network only",-6.92635292155415,-0.605407944028989,0.00831924218407665,1,0
"Fixed mixed-signal covariate-driven SAR design, lambda = 2",86,384,"network only",-12.4069723051031,-0.968654850508858,0.017202676462522,1,0
"Fixed mixed-signal covariate-driven SAR design, lambda = 2",86,385,"network only",-23.9470343764069,-1.73351216947712,0.0794223343654717,1,0
"Fixed mixed-signal covariate-driven SAR design, lambda = 2",86,386,"network only",-12.501527175865,-0.974921799897819,0.0174196499896129,0,1
"Fixed mixed-signal covariate-driven SAR design, lambda = 2",86,387,"network only",-10.1328072628871,-0.817926737754075,0.0127255114541615,1,0
"Fixed mixed-signal covariate-driven SAR design, lambda = 2",86,388,"network only",-12.4244808524672,-0.969815289726007,0.0172426481501076,1,0
"Fixed mixed-signal covariate-driven SAR design, lambda = 2",86,389,"network only",-1.36153449015341,-0.236580455954183,0.00397854506494374,1,0
"Fixed mixed-signal covariate-driven SAR design, lambda = 2",86,390,"network only",-6.3836703924053,-0.569439792234742,0.00774180499151091,1,0
"Fixed mixed-signal covariate-driven SAR design, lambda = 2",86,391,"both",5.93489687509494,0.247015637167115,0.00151243964296346,0,1
"Fixed mixed-signal covariate-driven SAR design, lambda = 2",86,392,"both",2.02611678112389,-0.0120522122637363,0.00253922699874515,0,1
"Fixed mixed-signal covariate-driven SAR design, lambda = 2",86,393,"both",2.30119165821159,0.00617932164871974,0.00244830668270157,1,0
"Fixed mixed-signal covariate-driven SAR design, lambda = 2",86,394,"both",7.31074090886938,0.33820443428875,0.00126029574339855,0,1
"Fixed mixed-signal covariate-driven SAR design, lambda = 2",86,395,"both",11.0013174792693,0.582810094435275,0.000772699609133039,0,1
"Fixed mixed-signal covariate-driven SAR design, lambda = 2",86,396,"both",10.6777864593286,0.561366962935122,0.00080655866253082,0,1
"Fixed mixed-signal covariate-driven SAR design, lambda = 2",86,397,"both",11.4797239514424,0.614518129402722,0.000725219450326534,0,1
"Fixed mixed-signal covariate-driven SAR design, lambda = 2",86,398,"both",32.4267462954617,2.00285410640365,4.51415155453101e-05,0,1
"Fixed mixed-signal covariate-driven SAR design, lambda = 2",86,399,"both",2.52772670445493,0.0211937112639102,0.00237587990800556,0,1
"Fixed mixed-signal covariate-driven SAR design, lambda = 2",86,400,"both",3.96317251943606,0.116332821503257,0.00196420903187216,1,0
"Fixed mixed-signal covariate-driven SAR design, lambda = 2",87,356,"covariates only",4.38558388009502,0.0331998586138866,0.00798554275781699,0,1
"Fixed mixed-signal covariate-driven SAR design, lambda = 2",87,357,"covariates only",8.99884279647562,0.344431889775702,0.00428520627268903,1,0
"Fixed mixed-signal covariate-driven SAR design, lambda = 2",87,358,"covariates only",0.632750219251683,-0.21998385902429,0.0132500349055286,0,1
"Fixed mixed-signal covariate-driven SAR design, lambda = 2",87,359,"covariates only",4.58015898534055,0.0463268055979511,0.00777861932325109,0,1
"Fixed mixed-signal covariate-driven SAR design, lambda = 2",87,360,"covariates only",7.79542711543319,0.263243837352955,0.00504069915682095,0,1
"Fixed mixed-signal covariate-driven SAR design, lambda = 2",87,361,"network only",-26.4257236545656,-2.04547510860155,0.510291783160889,1,0
"Fixed mixed-signal covariate-driven SAR design, lambda = 2",87,362,"network only",-22.3803813689645,-1.77255739053855,0.295641404860997,1,0
"Fixed mixed-signal covariate-driven SAR design, lambda = 2",87,363,"network only",-0.974878851229417,-0.328442037945053,0.0164597259334202,0,1
"Fixed mixed-signal covariate-driven SAR design, lambda = 2",87,364,"network only",-2.17382285334507,-0.409328409985167,0.0193499394201644,1,0
"Fixed mixed-signal covariate-driven SAR design, lambda = 2",87,365,"network only",-6.4399478496413,-0.697141162716847,0.034408884252643,0,1
"Fixed mixed-signal covariate-driven SAR design, lambda = 2",87,366,"both",0.00496774394028088,-0.262337002097441,0.0144213027774762,1,0
"Fixed mixed-signal covariate-driven SAR design, lambda = 2",87,367,"both",42.6768711822208,2.61650925851015,4.55481145885809e-05,0,1
"Fixed mixed-signal covariate-driven SAR design, lambda = 2",87,368,"both",37.0019804902297,2.23365458056908,9.79521002872928e-05,0,1
"Fixed mixed-signal covariate-driven SAR design, lambda = 2",87,369,"both",12.4594646721047,0.577901633173513,0.00268647305783357,0,1
"Fixed mixed-signal covariate-driven SAR design, lambda = 2",87,370,"both",5.89404091790535,0.134967428201414,0.00651493746789719,0,1
"Fixed mixed-signal covariate-driven SAR design, lambda = 2",87,371,"covariates only",8.81104542915382,0.331762200703869,0.00439517816027507,0,1
"Fixed mixed-signal covariate-driven SAR design, lambda = 2",87,372,"covariates only",6.91953424096952,0.204152005886152,0.00567305887834706,0,1
"Fixed mixed-signal covariate-driven SAR design, lambda = 2",87,373,"covariates only",-1.75546537808615,-0.381104057279918,0.0182879172701594,0,1
"Fixed mixed-signal covariate-driven SAR design, lambda = 2",87,374,"covariates only",16.1124061475972,0.824346156609182,0.00164105635854194,0,1
"Fixed mixed-signal covariate-driven SAR design, lambda = 2",87,375,"covariates only",9.01071531467161,0.34523286540272,0.00427834707664241,0,1
"Fixed mixed-signal covariate-driven SAR design, lambda = 2",87,376,"covariates only",7.5641897728217,0.247643484299739,0.00520045176740202,0,1
"Fixed mixed-signal covariate-driven SAR design, lambda = 2",87,377,"covariates only",11.681186956194,0.525395377027606,0.00298393146535814,0,1
"Fixed mixed-signal covariate-driven SAR design, lambda = 2",87,378,"covariates only",2.23781774073534,-0.111698494183951,0.0106699294908877,0,1
"Fixed mixed-signal covariate-driven SAR design, lambda = 2",87,379,"covariates only",7.96869865923729,0.274933546406399,0.00492421748618687,0,1
"Fixed mixed-signal covariate-driven SAR design, lambda = 2",87,380,"covariates only",8.0449937584158,0.280080770768921,0.00487378541234379,0,1
"Fixed mixed-signal covariate-driven SAR design, lambda = 2",87,381,"network only",-17.3472842206025,-1.43300110789477,0.149909935617419,1,0
"Fixed mixed-signal covariate-driven SAR design, lambda = 2",87,382,"network only",-1.89725688736455,-0.390669975914469,0.0186411671117502,1,0
"Fixed mixed-signal covariate-driven SAR design, lambda = 2",87,383,"network only",-31.4118334580088,-2.38186140511122,1,1,0
"Fixed mixed-signal covariate-driven SAR design, lambda = 2",87,384,"network only",-1.81026361133048,-0.384801002486299,0.0184236372573761,1,0
"Fixed mixed-signal covariate-driven SAR design, lambda = 2",87,385,"network only",-13.9035221337876,-1.20066880473448,0.0941952803823213,1,0
"Fixed mixed-signal covariate-driven SAR design, lambda = 2",87,386,"network only",-9.69242051700758,-0.916568186630105,0.0533657333284031,1,0
"Fixed mixed-signal covariate-driven SAR design, lambda = 2",87,387,"network only",-0.0480852470191441,-0.265916205093589,0.0145249066947339,0,1
"Fixed mixed-signal covariate-driven SAR design, lambda = 2",87,388,"network only",-8.09913373763475,-0.809077605772674,0.0430424862538011,1,0
"Fixed mixed-signal covariate-driven SAR design, lambda = 2",87,389,"network only",-12.2351126949423,-1.08811009778275,0.0752076281762477,1,0
"Fixed mixed-signal covariate-driven SAR design, lambda = 2",87,390,"network only",-9.77679134894614,-0.922260237709617,0.0539767254884006,1,0
"Fixed mixed-signal covariate-driven SAR design, lambda = 2",87,391,"both",1.73939922949106,-0.145324138968898,0.0114121747572453,1,0
"Fixed mixed-signal covariate-driven SAR design, lambda = 2",87,392,"both",7.48425467506817,0.242250688602404,0.00525684528728194,0,1
"Fixed mixed-signal covariate-driven SAR design, lambda = 2",87,393,"both",5.45078556143896,0.105063347936909,0.00691647172231513,0,1
"Fixed mixed-signal covariate-driven SAR design, lambda = 2",87,394,"both",5.73839577786474,0.124466878816835,0.00665320511758874,0,1
"Fixed mixed-signal covariate-driven SAR design, lambda = 2",87,395,"both",6.86754014613151,0.200644240976753,0.00571299832645611,0,1
"Fixed mixed-signal covariate-driven SAR design, lambda = 2",87,396,"both",24.8463848176258,1.41358122250695,0.000505033772222771,0,1
"Fixed mixed-signal covariate-driven SAR design, lambda = 2",87,397,"both",27.8019476358217,1.61297731880391,0.000338943392660223,0,1
"Fixed mixed-signal covariate-driven SAR design, lambda = 2",87,398,"both",23.5658587363112,1.32719094169524,0.000600285793524462,0,1
"Fixed mixed-signal covariate-driven SAR design, lambda = 2",87,399,"both",10.1144319565993,0.419694754171749,0.0036863726777461,0,1
"Fixed mixed-signal covariate-driven SAR design, lambda = 2",87,400,"both",25.1886969127037,1.43667519806164,0.000482237799148665,0,1
"Fixed mixed-signal covariate-driven SAR design, lambda = 2",88,356,"covariates only",20.7757271488987,1.19733240388304,0.000226070240622362,0,1
"Fixed mixed-signal covariate-driven SAR design, lambda = 2",88,357,"covariates only",35.5132903725236,2.16062770926459,3.29257537213313e-05,0,1
"Fixed mixed-signal covariate-driven SAR design, lambda = 2",88,358,"covariates only",4.31491173920911,0.121399702777633,0.00194440471952673,1,0
"Fixed mixed-signal covariate-driven SAR design, lambda = 2",88,359,"covariates only",6.02167335189696,0.232959220722369,0.00155556191041488,0,1
"Fixed mixed-signal covariate-driven SAR design, lambda = 2",88,360,"covariates only",10.2693564689358,0.510601673772729,0.00089275055702641,0,1
"Fixed mixed-signal covariate-driven SAR design, lambda = 2",88,361,"network only",-0.935759038107082,-0.221801302242296,0.00386266702291168,0,1
"Fixed mixed-signal covariate-driven SAR design, lambda = 2",88,362,"network only",-10.538140499088,-0.849444342105072,0.0135534884339619,1,0
"Fixed mixed-signal covariate-driven SAR design, lambda = 2",88,363,"network only",-16.8688724631723,-1.2632416767184,0.0310077952458776,1,0
"Fixed mixed-signal covariate-driven SAR design, lambda = 2",88,364,"network only",-6.03979821544921,-0.555417986589105,0.00752771281135426,1,0
"Fixed mixed-signal covariate-driven SAR design, lambda = 2",88,365,"network only",-6.94218104301771,-0.61440067784299,0.00847022129014589,0,1
"Fixed mixed-signal covariate-driven SAR design, lambda = 2",88,366,"both",27.2346809658311,1.61951073792087,9.71726294821282e-05,0,1
"Fixed mixed-signal covariate-driven SAR design, lambda = 2",88,367,"both",9.03246472796924,0.4297543865205,0.00104942931400342,0,1
"Fixed mixed-signal covariate-driven SAR design, lambda = 2",88,368,"both",7.76098187229061,0.346646110941743,0.0012391963406207,0,1
"Fixed mixed-signal covariate-driven SAR design, lambda = 2",88,369,"both",1.4983586536934,-0.0626994134375834,0.00280991464055425,0,1
"Fixed mixed-signal covariate-driven SAR design, lambda = 2",88,370,"both",2.59102117720148,0.00872058071548047,0.00243589468840224,1,0
"Fixed mixed-signal covariate-driven SAR design, lambda = 2",88,371,"covariates only",13.3350231222387,0.710983667063011,0.000597971577668261,0,1
"Fixed mixed-signal covariate-driven SAR design, lambda = 2",88,372,"covariates only",3.08736925950616,0.0411635138017842,0.00228285819319026,0,1
"Fixed mixed-signal covariate-driven SAR design, lambda = 2",88,373,"covariates only",5.7110493222952,0.212655818802137,0.00162002833750422,0,1
"Fixed mixed-signal covariate-driven SAR design, lambda = 2",88,374,"covariates only",16.2090722003832,0.898840909295204,0.000410685920792873,1,0
"Fixed mixed-signal covariate-driven SAR design, lambda = 2",88,375,"covariates only",10.7382091912753,0.541247420256858,0.000839675676141901,0,1
"Fixed mixed-signal covariate-driven SAR design, lambda = 2",88,376,"covariates only",8.5456093241906,0.397931925931642,0.00111839142707348,0,1
"Fixed mixed-signal covariate-driven SAR design, lambda = 2",88,377,"covariates only",17.5384136579458,0.985731012217126,0.000345173964037425,0,1
"Fixed mixed-signal covariate-driven SAR design, lambda = 2",88,378,"covariates only",1.72637532519447,-0.0477954984637969,0.0027273931855127,0,1
"Fixed mixed-signal covariate-driven SAR design, lambda = 2",88,379,"covariates only",12.3628306634961,0.647437990126891,0.000679009132714488,0,1
"Fixed mixed-signal covariate-driven SAR design, lambda = 2",88,380,"covariates only",29.193440025923,1.74754163273904,7.52207626928441e-05,0,1
"Fixed mixed-signal covariate-driven SAR design, lambda = 2",88,381,"network only",-18.2160260604173,-1.351296039313,0.0369788954848812,1,0
"Fixed mixed-signal covariate-driven SAR design, lambda = 2",88,382,"network only",-7.48202388957052,-0.649686570893105,0.0090895774391647,0,1
"Fixed mixed-signal covariate-driven SAR design, lambda = 2",88,383,"network only",-6.64515068402046,-0.594985802667481,0.0081476283452177,0,1
"Fixed mixed-signal covariate-driven SAR design, lambda = 2",88,384,"network only",-11.1363396273707,-0.888544592479863,0.0146559216786931,1,0
"Fixed mixed-signal covariate-driven SAR design, lambda = 2",88,385,"network only",-16.113732371624,-1.21388325198725,0.0280930378685566,1,0
"Fixed mixed-signal covariate-driven SAR design, lambda = 2",88,386,"network only",-10.1090011128771,-0.821394389082404,0.0128140734747912,1,0
"Fixed mixed-signal covariate-driven SAR design, lambda = 2",88,387,"network only",-49.6068065376267,-3,1,1,0
"Fixed mixed-signal covariate-driven SAR design, lambda = 2",88,388,"network only",-7.32915242002135,-0.63969439194812,0.00890973111269266,1,0
"Fixed mixed-signal covariate-driven SAR design, lambda = 2",88,389,"network only",-20.5368724292859,-1.50299414419775,0.0500861021482734,1,0
"Fixed mixed-signal covariate-driven SAR design, lambda = 2",88,390,"network only",-21.9516602527038,-1.5954693008929,0.0602615274335417,1,0
"Fixed mixed-signal covariate-driven SAR design, lambda = 2",88,391,"both",5.99997707515507,0.231541081155292,0.00155998018096566,0,1
"Fixed mixed-signal covariate-driven SAR design, lambda = 2",88,392,"both",24.8193751420523,1.46163845430094,0.000133250877629557,0,1
"Fixed mixed-signal covariate-driven SAR design, lambda = 2",88,393,"both",-0.486841731479469,-0.19245859969255,0.00364250808373642,1,0
"Fixed mixed-signal covariate-driven SAR design, lambda = 2",88,394,"both",7.30106041023488,0.316584140823624,0.00131598705645585,0,1
"Fixed mixed-signal covariate-driven SAR design, lambda = 2",88,395,"both",8.24374059914973,0.378200799336219,0.00116340805984809,0,1
"Fixed mixed-signal covariate-driven SAR design, lambda = 2",88,396,"both",3.17667738600564,0.0470009848737631,0.00225636093382042,0,1
"Fixed mixed-signal covariate-driven SAR design, lambda = 2",88,397,"both",4.64603373651954,0.143042918869584,0.00186203400487714,0,1
"Fixed mixed-signal covariate-driven SAR design, lambda = 2",88,398,"both",5.96593415910505,0.229315924885229,0.00156693805119238,0,1
"Fixed mixed-signal covariate-driven SAR design, lambda = 2",88,399,"both",5.82027204113436,0.219794972724823,0.00159706142866788,0,1
"Fixed mixed-signal covariate-driven SAR design, lambda = 2",88,400,"both",12.097610695057,0.630102346057776,0.000702964129663921,0,1
"Fixed mixed-signal covariate-driven SAR design, lambda = 2",89,356,"covariates only",2.18906871530782,-0.0295251460080227,0.00898251451659668,0,1
"Fixed mixed-signal covariate-driven SAR design, lambda = 2",89,357,"covariates only",7.14199757993139,0.30937628806245,0.00456070395615323,0,1
"Fixed mixed-signal covariate-driven SAR design, lambda = 2",89,358,"covariates only",40.1032645368158,2.56473285501302,5.01249622766988e-05,0,1
"Fixed mixed-signal covariate-driven SAR design, lambda = 2",89,359,"covariates only",11.0313857597783,0.575505535591434,0.00267839703123602,0,1
"Fixed mixed-signal covariate-driven SAR design, lambda = 2",89,360,"covariates only",41.5731160060103,2.66530663355818,4.09917807031112e-05,0,1
"Fixed mixed-signal covariate-driven SAR design, lambda = 2",89,361,"network only",-7.98893327768157,-0.725949335750223,0.0361663177060869,1,0
"Fixed mixed-signal covariate-driven SAR design, lambda = 2",89,362,"network only",-10.7327673012159,-0.913694670045028,0.0526475079026032,1,0
"Fixed mixed-signal covariate-driven SAR design, lambda = 2",89,363,"network only",-19.2041134336748,-1.4933418709777,0.167823579571522,1,0
"Fixed mixed-signal covariate-driven SAR design, lambda = 2",89,364,"network only",-7.75930047178399,-0.710236837276004,0.0350474633535554,0,1
"Fixed mixed-signal covariate-driven SAR design, lambda = 2",89,365,"network only",-23.0736991103813,-1.7581161431182,0.284992211071693,1,0
"Fixed mixed-signal covariate-driven SAR design, lambda = 2",89,366,"both",5.64922260667007,0.207233981356573,0.005594374847439,0,1
"Fixed mixed-signal covariate-driven SAR design, lambda = 2",89,367,"both",14.9704918319293,0.845036702562707,0.00156229541391359,0,1
"Fixed mixed-signal covariate-driven SAR design, lambda = 2",89,368,"both",6.85523044672093,0.28975440465858,0.0047432414621886,0,1
"Fixed mixed-signal covariate-driven SAR design, lambda = 2",89,369,"both",15.1302638575135,0.855969015558672,0.00152850713905887,0,1
"Fixed mixed-signal covariate-driven SAR design, lambda = 2",89,370,"both",16.6838206328318,0.962270283647913,0.00123576349889392,0,1
"Fixed mixed-signal covariate-driven SAR design, lambda = 2",89,371,"covariates only",24.198019404632,1.47642520273884,0.000441922460338693,0,1
"Fixed mixed-signal covariate-driven SAR design, lambda = 2",89,372,"covariates only",8.78472662357472,0.421779119578233,0.0036425038823319,0,1
"Fixed mixed-signal covariate-driven SAR design, lambda = 2",89,373,"covariates only",12.8006178628636,0.696564269388672,0.00210244515162784,0,1
"Fixed mixed-signal covariate-driven SAR design, lambda = 2",89,374,"covariates only",7.13418002641791,0.308841376261966,0.00456558571572774,0,1
"Fixed mixed-signal covariate-driven SAR design, lambda = 2",89,375,"covariates only",10.6217353091222,0.547475428761803,0.00283283706671273,0,1
"Fixed mixed-signal covariate-driven SAR design, lambda = 2",89,376,"covariates only",7.43483471363359,0.329413507912226,0.004381550022765,0,1
"Fixed mixed-signal covariate-driven SAR design, lambda = 2",89,377,"covariates only",9.68986091718973,0.483712435908187,0.00321814366663097,0,1
"Fixed mixed-signal covariate-driven SAR design, lambda = 2",89,378,"covariates only",4.99406286565153,0.162405036333294,0.00611912731898303,1,0
"Fixed mixed-signal covariate-driven SAR design, lambda = 2",89,379,"covariates only",5.22680426592933,0.178330238668641,0.00592730171534816,0,1
"Fixed mixed-signal covariate-driven SAR design, lambda = 2",89,380,"covariates only",-0.433491066643118,-0.208972357008148,0.012860675930266,0,1
"Fixed mixed-signal covariate-driven SAR design, lambda = 2",89,381,"network only",-8.50961794382987,-0.761576897719978,0.0388373867813404,0,1
"Fixed mixed-signal covariate-driven SAR design, lambda = 2",89,382,"network only",-6.73588083843705,-0.640209911617035,0.0304671601553454,1,0
"Fixed mixed-signal covariate-driven SAR design, lambda = 2",89,383,"network only",-11.2340088755524,-0.947991849148828,0.0563855693052578,0,1
"Fixed mixed-signal covariate-driven SAR design, lambda = 2",89,384,"network only",-14.1943293292838,-1.15055014838941,0.0845488827230993,1,0
"Fixed mixed-signal covariate-driven SAR design, lambda = 2",89,385,"network only",-24.5432294874326,-1.85866795111003,0.348474642705242,1,0
"Fixed mixed-signal covariate-driven SAR design, lambda = 2",89,386,"network only",-32.2465417592108,-2.38576285744818,1,1,0
"Fixed mixed-signal covariate-driven SAR design, lambda = 2",89,387,"network only",-0.982286815919035,-0.24652340438333,0.0138637340971182,1,0
"Fixed mixed-signal covariate-driven SAR design, lambda = 2",89,388,"network only",-11.0876051944491,-0.937974257773047,0.0552671157432511,1,0
"Fixed mixed-signal covariate-driven SAR design, lambda = 2",89,389,"network only",-1.42913728756932,-0.277098902194131,0.0147379731198172,0,1
"Fixed mixed-signal covariate-driven SAR design, lambda = 2",89,390,"network only",-17.7975090484178,-1.39709573937297,0.138437788309167,1,0
"Fixed mixed-signal covariate-driven SAR design, lambda = 2",89,391,"both",5.68645526490868,0.209781605523245,0.00556594261447735,1,0
"Fixed mixed-signal covariate-driven SAR design, lambda = 2",89,392,"both",9.79969300321575,0.491227636000607,0.00317013537518988,0,1
"Fixed mixed-signal covariate-driven SAR design, lambda = 2",89,393,"both",3.81883287773486,0.0819905706395985,0.00718681733983109,1,0
"Fixed mixed-signal covariate-driven SAR design, lambda = 2",89,394,"both",6.62027117673852,0.273677445808245,0.00489823370845031,0,1
"Fixed mixed-signal covariate-driven SAR design, lambda = 2",89,395,"both",5.45946532223119,0.194249943511615,0.00574155268900228,0,1
"Fixed mixed-signal covariate-driven SAR design, lambda = 2",89,396,"both",3.57310758536623,0.0651769526274524,0.00743259946937282,0,1
"Fixed mixed-signal covariate-driven SAR design, lambda = 2",89,397,"both",14.4123720111793,0.806847660723982,0.00168629572176759,0,1
"Fixed mixed-signal covariate-driven SAR design, lambda = 2",89,398,"both",3.0137504228273,0.0269032463572049,0.00802388783097502,0,1
"Fixed mixed-signal covariate-driven SAR design, lambda = 2",89,399,"both",3.39930945056193,0.0532849108207046,0.00761149604907843,1,0
"Fixed mixed-signal covariate-driven SAR design, lambda = 2",89,400,"both",7.88207957710047,0.360015991766211,0.00412141924322259,0,1
"Fixed mixed-signal covariate-driven SAR design, lambda = 2",90,356,"covariates only",5.31195440539887,0.129011808048456,0.0237791629194845,0,1
"Fixed mixed-signal covariate-driven SAR design, lambda = 2",90,357,"covariates only",19.3515468990401,1.12262753809488,0.00325951440746787,0,1
"Fixed mixed-signal covariate-driven SAR design, lambda = 2",90,358,"covariates only",3.60256717159245,0.00803436194239134,0.0302883933636322,0,1
"Fixed mixed-signal covariate-driven SAR design, lambda = 2",90,359,"covariates only",44.9713480171359,2.93580248623745,8.67459396215508e-05,0,1
"Fixed mixed-signal covariate-driven SAR design, lambda = 2",90,360,"covariates only",10.1738485561244,0.473099751353754,0.0119488352260263,0,1
"Fixed mixed-signal covariate-driven SAR design, lambda = 2",90,361,"network only",-5.50614100698913,-0.636610824927545,0.109953214827041,1,0
"Fixed mixed-signal covariate-driven SAR design, lambda = 2",90,362,"network only",-10.1485365159954,-0.9651643214008,0.212122077988972,0,1
"Fixed mixed-signal covariate-driven SAR design, lambda = 2",90,363,"network only",-11.2226191761756,-1.0411797347405,0.246951701047694,1,0
"Fixed mixed-signal covariate-driven SAR design, lambda = 2",90,364,"network only",-8.49433070887836,-0.848092197588797,0.167841100402703,1,0
"Fixed mixed-signal covariate-driven SAR design, lambda = 2",90,365,"network only",-6.98628204927603,-0.741363966656528,0.135579914180502,0,1
"Fixed mixed-signal covariate-driven SAR design, lambda = 2",90,366,"both",-0.53314326004234,-0.284659812881455,0.0543885107154271,0,1
"Fixed mixed-signal covariate-driven SAR design, lambda = 2",90,367,"both",3.35681606078125,-0.00935803527205691,0.0313605074330824,1,0
"Fixed mixed-signal covariate-driven SAR design, lambda = 2",90,368,"both",4.29831649323149,0.0572742149126808,0.0274477686233255,0,1
"Fixed mixed-signal covariate-driven SAR design, lambda = 2",90,369,"both",4.23281118345269,0.0526382465804617,0.0277034460764692,1,0
"Fixed mixed-signal covariate-driven SAR design, lambda = 2",90,370,"both",7.47287370221248,0.281945264318452,0.0175129879997746,0,1
"Fixed mixed-signal covariate-driven SAR design, lambda = 2",90,371,"covariates only",2.78554514558116,-0.0497882520121731,0.03400167573528,1,0
"Fixed mixed-signal covariate-driven SAR design, lambda = 2",90,372,"covariates only",-1.75960492314964,-0.371459454773785,0.064699418592222,0,1
"Fixed mixed-signal covariate-driven SAR design, lambda = 2",90,373,"covariates only",45.6500740354231,2.98383755908357,7.88000370092336e-05,0,1
"Fixed mixed-signal covariate-driven SAR design, lambda = 2",90,374,"covariates only",0.798689686012381,-0.190402791846593,0.0450439594409347,0,1
"Fixed mixed-signal covariate-driven SAR design, lambda = 2",90,375,"covariates only",4.39382021269314,0.0640332428529868,0.0270792247637465,0,1
"Fixed mixed-signal covariate-driven SAR design, lambda = 2",90,376,"covariates only",14.951206249288,0.811204846222822,0.00607646804337366,0,1
"Fixed mixed-signal covariate-driven SAR design, lambda = 2",90,377,"covariates only",6.05230015946025,0.181407857808564,0.0214134148994776,1,0
"Fixed mixed-signal covariate-driven SAR design, lambda = 2",90,378,"covariates only",7.75450487885654,0.301876980093804,0.0168285920159728,0,1
"Fixed mixed-signal covariate-driven SAR design, lambda = 2",90,379,"covariates only",2.11093787202155,-0.0975318313871546,0.037408463233378,0,1
"Fixed mixed-signal covariate-driven SAR design, lambda = 2",90,380,"covariates only",8.38777595179568,0.346695097125383,0.0153857708491082,0,1
"Fixed mixed-signal covariate-driven SAR design, lambda = 2",90,381,"network only",-21.1033240786685,-1.74046098663654,1,1,0
"Fixed mixed-signal covariate-driven SAR design, lambda = 2",90,382,"network only",-11.2077097257598,-1.04012455707305,0.246431094733293,0,1
"Fixed mixed-signal covariate-driven SAR design, lambda = 2",90,383,"network only",-10.1267791371526,-0.963624499367318,0.211469822363116,0,1
"Fixed mixed-signal covariate-driven SAR design, lambda = 2",90,384,"network only",-6.41672225261464,-0.701054849891129,0.125078683277471,1,0
"Fixed mixed-signal covariate-driven SAR design, lambda = 2",90,385,"network only",-15.878602830817,-1.37069489696377,0.477337171483041,1,0
"Fixed mixed-signal covariate-driven SAR design, lambda = 2",90,386,"network only",-12.4206239956655,-1.12596541736311,0.292587609193456,1,0
"Fixed mixed-signal covariate-driven SAR design, lambda = 2",90,387,"network only",-10.1666632375213,-0.966447193083186,0.212667027604572,1,0
"Fixed mixed-signal covariate-driven SAR design, lambda = 2",90,388,"network only",-5.82138147511845,-0.658921151101354,0.114970503931412,1,0
"Fixed mixed-signal covariate-driven SAR design, lambda = 2",90,389,"network only",-13.0253909646127,-1.16876623039458,0.318736826342887,1,0
"Fixed mixed-signal covariate-driven SAR design, lambda = 2",90,390,"network only",-4.54103920721473,-0.568308249209178,0.0959137935445108,0,1
"Fixed mixed-signal covariate-driven SAR design, lambda = 2",90,391,"both",5.02906919188198,0.108991341067293,0.024750622088172,0,1
"Fixed mixed-signal covariate-driven SAR design, lambda = 2",90,392,"both",17.5751966892531,0.996910961113383,0.00419130182380213,0,1
"Fixed mixed-signal covariate-driven SAR design, lambda = 2",90,393,"both",7.07446336519931,0.253748806476197,0.0185289744384538,0,1
"Fixed mixed-signal covariate-driven SAR design, lambda = 2",90,394,"both",15.0994959945884,0.821699668177364,0.00595025436672788,0,1
"Fixed mixed-signal covariate-driven SAR design, lambda = 2",90,395,"both",6.57933116151217,0.218707109485426,0.0198741339895491,0,1
"Fixed mixed-signal covariate-driven SAR design, lambda = 2",90,396,"both",6.5651921462418,0.21770645736633,0.0199139480048229,1,0
"Fixed mixed-signal covariate-driven SAR design, lambda = 2",90,397,"both",6.6865984949904,0.226298676684572,0.0195746615602397,0,1
"Fixed mixed-signal covariate-driven SAR design, lambda = 2",90,398,"both",11.8256798416981,0.590003824564725,0.00945766625536971,0,1
"Fixed mixed-signal covariate-driven SAR design, lambda = 2",90,399,"both",38.223140075346,2.45821557880951,0.000225463306948834,0,1
"Fixed mixed-signal covariate-driven SAR design, lambda = 2",90,400,"both",2.05073654856358,-0.101792423849831,0.0377285896575477,0,1
"Fixed mixed-signal covariate-driven SAR design, lambda = 2",91,356,"covariates only",27.8071318360575,1.75476358120091,7.41420906173234e-05,0,1
"Fixed mixed-signal covariate-driven SAR design, lambda = 2",91,357,"covariates only",1.46525174463958,-0.13589784156714,0.00325291319363402,0,1
"Fixed mixed-signal covariate-driven SAR design, lambda = 2",91,358,"covariates only",13.0961196775661,0.698895773686558,0.000612604175613746,0,1
"Fixed mixed-signal covariate-driven SAR design, lambda = 2",91,359,"covariates only",5.40787255837855,0.147079723104381,0.00184706119499817,0,1
"Fixed mixed-signal covariate-driven SAR design, lambda = 2",91,360,"covariates only",7.79981040844013,0.318758608706914,0.00131027634004778,0,1
"Fixed mixed-signal covariate-driven SAR design, lambda = 2",91,361,"network only",-11.0652589330976,-1.03526239200024,0.0196539839435217,1,0
"Fixed mixed-signal covariate-driven SAR design, lambda = 2",91,362,"network only",-8.5394487633316,-0.853974957973559,0.0136768578287321,1,0
"Fixed mixed-signal covariate-driven SAR design, lambda = 2",91,363,"network only",-18.4424021981076,-1.56474928257081,0.0566705028885378,1,0
"Fixed mixed-signal covariate-driven SAR design, lambda = 2",91,364,"network only",-8.84436345900584,-0.875859897482268,0.0142887865733716,1,0
"Fixed mixed-signal covariate-driven SAR design, lambda = 2",91,365,"network only",-11.7176425578263,-1.08208655746754,0.0215834840288153,1,0
"Fixed mixed-signal covariate-driven SAR design, lambda = 2",91,366,"both",0.931661209717188,-0.174195754868347,0.00351186343132161,0,1
"Fixed mixed-signal covariate-driven SAR design, lambda = 2",91,367,"both",5.19335028746651,0.131682607160856,0.00190482485488764,0,1
"Fixed mixed-signal covariate-driven SAR design, lambda = 2",91,368,"both",5.91392631307859,0.183401212251619,0.00171764274626528,0,1
"Fixed mixed-signal covariate-driven SAR design, lambda = 2",91,369,"both",10.3422575372894,0.501240143406055,0.000909623039291702,0,1
"Fixed mixed-signal covariate-driven SAR design, lambda = 2",91,370,"both",5.07844867178059,0.123435661557992,0.00193650336156065,0,1
"Fixed mixed-signal covariate-driven SAR design, lambda = 2",91,371,"covariates only",7.21025561669009,0.276443918278534,0.00142599161576206,0,1
"Fixed mixed-signal covariate-driven SAR design, lambda = 2",91,372,"covariates only",7.41080816983204,0.290838372058872,0.00138552417655345,0,1
"Fixed mixed-signal covariate-driven SAR design, lambda = 2",91,373,"covariates only",5.79770507125563,0.175059551836406,0.00174653910465063,0,1
"Fixed mixed-signal covariate-driven SAR design, lambda = 2",91,374,"covariates only",6.37616798234541,0.21657813390815,0.00160736953100808,0,1
"Fixed mixed-signal covariate-driven SAR design, lambda = 2",91,375,"covariates only",9.08007578798763,0.410648343062077,0.00109030622031857,0,1
"Fixed mixed-signal covariate-driven SAR design, lambda = 2",91,376,"covariates only",1.87319031348407,-0.106618469240759,0.00306789671432375,1,0
"Fixed mixed-signal covariate-driven SAR design, lambda = 2",91,377,"covariates only",2.69119876336874,-0.047906751841396,0.00272800011644117,0,1
"Fixed mixed-signal covariate-driven SAR design, lambda = 2",91,378,"covariates only",5.38784165374706,0.14564202547162,0.00185237986899389,1,0
"Fixed mixed-signal covariate-driven SAR design, lambda = 2",91,379,"covariates only",2.42857567746114,-0.0667562544407025,0.00283280613598738,0,1
"Fixed mixed-signal covariate-driven SAR design, lambda = 2",91,380,"covariates only",7.5242672165465,0.298981778753558,0.00136314117153109,0,1
"Fixed mixed-signal covariate-driven SAR design, lambda = 2",91,381,"network only",-5.99325976425328,-0.671224854377037,0.00948968090520021,1,0
"Fixed mixed-signal covariate-driven SAR design, lambda = 2",91,382,"network only",-5.5908218815727,-0.642340288157615,0.00895700453049035,1,0
"Fixed mixed-signal covariate-driven SAR design, lambda = 2",91,383,"network only",-3.50988374403572,-0.492983087906379,0.00664404825583856,1,0
"Fixed mixed-signal covariate-driven SAR design, lambda = 2",91,384,"network only",2.5778738305379,-0.0560405326496556,0.002772740951918,1,0
"Fixed mixed-signal covariate-driven SAR design, lambda = 2",91,385,"network only",-42.6790957975226,-3,1,1,0
"Fixed mixed-signal covariate-driven SAR design, lambda = 2",91,386,"network only",-11.1609137137766,-1.04212791576337,0.0199257150380444,1,0
"Fixed mixed-signal covariate-driven SAR design, lambda = 2",91,387,"network only",-18.2917214597225,-1.55393432713747,0.0554578866298991,1,0
"Fixed mixed-signal covariate-driven SAR design, lambda = 2",91,388,"network only",-7.61921878342343,-0.78792639511286,0.0119844271465292,1,0
"Fixed mixed-signal covariate-driven SAR design, lambda = 2",91,389,"network only",-4.54918164078635,-0.567577628361772,0.00771302559759068,0,1
"Fixed mixed-signal covariate-driven SAR design, lambda = 2",91,390,"network only",-10.0201161903126,-0.960248343716223,0.0169158654642772,0,1
"Fixed mixed-signal covariate-driven SAR design, lambda = 2",91,391,"both",36.1593510531777,2.35423554802745,2.23547642056982e-05,0,1
"Fixed mixed-signal covariate-driven SAR design, lambda = 2",91,392,"both",14.4882814208115,0.798816754765851,0.000501637149427122,0,1
"Fixed mixed-signal covariate-driven SAR design, lambda = 2",91,393,"both",15.1893618917548,0.849136086418279,0.000453610266315326,0,1
"Fixed mixed-signal covariate-driven SAR design, lambda = 2",91,394,"both",27.7623982831281,1.75155287632588,7.46197192442332e-05,0,1
"Fixed mixed-signal covariate-driven SAR design, lambda = 2",91,395,"both",31.9615692507975,2.0529440651335,4.08383841728951e-05,0,1
"Fixed mixed-signal covariate-driven SAR design, lambda = 2",91,396,"both",5.21690222601451,0.133373023391192,0.00189839583502951,0,1
"Fixed mixed-signal covariate-driven SAR design, lambda = 2",91,397,"both",10.4391546509075,0.508194834341535,0.00089705833131504,0,1
"Fixed mixed-signal covariate-driven SAR design, lambda = 2",91,398,"both",16.4342489261888,0.938486576343078,0.000379379644892725,0,1
"Fixed mixed-signal covariate-driven SAR design, lambda = 2",91,399,"both",11.5322847647256,0.586653126957305,0.000766783355159641,0,1
"Fixed mixed-signal covariate-driven SAR design, lambda = 2",91,400,"both",8.5859407949293,0.375182310805727,0.00117045277060115,0,1
"Fixed mixed-signal covariate-driven SAR design, lambda = 2",92,356,"covariates only",15.4658184871108,1.04058386528879,0.000309309634132311,0,1
"Fixed mixed-signal covariate-driven SAR design, lambda = 2",92,357,"covariates only",10.3295263174946,0.657513411400571,0.000665463463274753,1,0
"Fixed mixed-signal covariate-driven SAR design, lambda = 2",92,358,"covariates only",8.93530856817177,0.553531081654707,0.000819298424903073,0,1
"Fixed mixed-signal covariate-driven SAR design, lambda = 2",92,359,"covariates only",2.47467688100314,0.0716898952345707,0.0021476527219651,0,1
"Fixed mixed-signal covariate-driven SAR design, lambda = 2",92,360,"covariates only",7.42167439901359,0.440642540845029,0.0010268236446805,0,1
"Fixed mixed-signal covariate-driven SAR design, lambda = 2",92,361,"network only",-11.7220122899276,-0.987115169747715,0.0178496806708531,1,0
"Fixed mixed-signal covariate-driven SAR design, lambda = 2",92,362,"network only",-11.1151477247125,-0.94185452709564,0.0163048781031691,1,0
"Fixed mixed-signal covariate-driven SAR design, lambda = 2",92,363,"network only",-8.56084752250306,-0.751351941667315,0.0111390746143258,0,1
"Fixed mixed-signal covariate-driven SAR design, lambda = 2",92,364,"network only",-3.87417874220233,-0.401814906466352,0.00553662490351358,0,1
"Fixed mixed-signal covariate-driven SAR design, lambda = 2",92,365,"network only",-6.68440512023157,-0.611404754280785,0.0084196207657579,1,0
"Fixed mixed-signal covariate-driven SAR design, lambda = 2",92,366,"both",1.18348935120489,-0.0246083247188299,0.00260380003108582,0,1
"Fixed mixed-signal covariate-driven SAR design, lambda = 2",92,367,"both",5.80319549380899,0.3199345615574,0.0013071983146853,0,1
"Fixed mixed-signal covariate-driven SAR design, lambda = 2",92,368,"both",4.01350809451176,0.186457659985803,0.00170717500241342,0,1
"Fixed mixed-signal covariate-driven SAR design, lambda = 2",92,369,"both",20.5771804004084,1.4217949925873,0.000144303767290698,0,1
"Fixed mixed-signal covariate-driven SAR design, lambda = 2",92,370,"both",8.25945433684316,0.503125112015976,0.000906200273399933,0,1
"Fixed mixed-signal covariate-driven SAR design, lambda = 2",92,371,"covariates only",4.18198837486104,0.199023109016604,0.00166480676717877,0,1
"Fixed mixed-signal covariate-driven SAR design, lambda = 2",92,372,"covariates only",38.123892891899,2.73044856921274,1.05340558143109e-05,0,1
"Fixed mixed-signal covariate-driven SAR design, lambda = 2",92,373,"covariates only",3.64038411832459,0.158629653674146,0.00180488336439599,0,1
"Fixed mixed-signal covariate-driven SAR design, lambda = 2",92,374,"covariates only",3.83518590583619,0.173158190349247,0.00175319335314248,0,1
"Fixed mixed-signal covariate-driven SAR design, lambda = 2",92,375,"covariates only",15.1531861667198,1.01726739478489,0.000324075258582267,0,1
"Fixed mixed-signal covariate-driven SAR design, lambda = 2",92,376,"covariates only",15.3918517477695,1.03506734257622,0.000312741156638652,0,1
"Fixed mixed-signal covariate-driven SAR design, lambda = 2",92,377,"covariates only",4.59534412835081,0.229851646583709,0.0015652600648582,0,1
"Fixed mixed-signal covariate-driven SAR design, lambda = 2",92,378,"covariates only",3.33746009883261,0.136037239183615,0.0018883072646997,0,1
"Fixed mixed-signal covariate-driven SAR design, lambda = 2",92,379,"covariates only",1.25797027383211,-0.0190534536377805,0.00257503257947175,0,1
"Fixed mixed-signal covariate-driven SAR design, lambda = 2",92,380,"covariates only",7.48172427030413,0.445121127866864,0.00101766727539819,0,1
"Fixed mixed-signal covariate-driven SAR design, lambda = 2",92,381,"network only",-5.49624302834163,-0.522790287501518,0.00705217340693021,1,0
"Fixed mixed-signal covariate-driven SAR design, lambda = 2",92,382,"network only",-9.40982520432138,-0.814669653194504,0.0126428847348177,1,0
"Fixed mixed-signal covariate-driven SAR design, lambda = 2",92,383,"network only",-7.70542029308061,-0.687553215617101,0.00980469850645494,1,0
"Fixed mixed-signal covariate-driven SAR design, lambda = 2",92,384,"network only",-40.7461013665114,-3,1,1,0
"Fixed mixed-signal covariate-driven SAR design, lambda = 2",92,385,"network only",-10.8614931177184,-0.922936680870524,0.0156994964834664,1,0
"Fixed mixed-signal covariate-driven SAR design, lambda = 2",92,386,"network only",-1.32988510881986,-0.212058622209343,0.00378813011275019,0,1
"Fixed mixed-signal covariate-driven SAR design, lambda = 2",92,387,"network only",-34.6222229899856,-2.69503867123783,0.543392894801031,1,0
"Fixed mixed-signal covariate-driven SAR design, lambda = 2",92,388,"network only",-4.88159422509926,-0.476949087611696,0.0064343669118124,1,0
"Fixed mixed-signal covariate-driven SAR design, lambda = 2",92,389,"network only",-14.8432759622793,-1.21990252922573,0.0284332813459902,1,0
"Fixed mixed-signal covariate-driven SAR design, lambda = 2",92,390,"network only",-19.1386022984837,-1.54025280426291,0.0539609635274499,1,0
"Fixed mixed-signal covariate-driven SAR design, lambda = 2",92,391,"both",3.71702469486642,0.164345594176091,0.00178436764262256,0,1
"Fixed mixed-signal covariate-driven SAR design, lambda = 2",92,392,"both",8.63926806324122,0.531452047431559,0.000856287738787177,0,1
"Fixed mixed-signal covariate-driven SAR design, lambda = 2",92,393,"both",13.877677258207,0.922138504062342,0.000391988910496119,0,1
"Fixed mixed-signal covariate-driven SAR design, lambda = 2",92,394,"both",3.01291198199257,0.111832075162392,0.00198196966126182,1,0
"Fixed mixed-signal covariate-driven SAR design, lambda = 2",92,395,"both",14.2733319089967,0.951646873457205,0.000369524413915977,0,1
"Fixed mixed-signal covariate-driven SAR design, lambda = 2",92,396,"both",3.11854286685571,0.119710145504361,0.0019509861993234,1,0
"Fixed mixed-signal covariate-driven SAR design, lambda = 2",92,397,"both",8.57992454510417,0.527026141023322,0.000863901083808837,0,1
"Fixed mixed-signal covariate-driven SAR design, lambda = 2",92,398,"both",8.47718723118602,0.519363876460824,0.000877241921072893,0,1
"Fixed mixed-signal covariate-driven SAR design, lambda = 2",92,399,"both",10.2139643990827,0.64889467339339,0.000677033809049729,0,1
"Fixed mixed-signal covariate-driven SAR design, lambda = 2",92,400,"both",3.72354279460936,0.164831721394824,0.00178263362635305,0,1
"Fixed mixed-signal covariate-driven SAR design, lambda = 2",93,356,"covariates only",-1.31281454397166,-0.336526090413062,0.00783850400270066,0,1
"Fixed mixed-signal covariate-driven SAR design, lambda = 2",93,357,"covariates only",2.03737210960212,-0.0510434169777802,0.00442859621921759,0,1
"Fixed mixed-signal covariate-driven SAR design, lambda = 2",93,358,"covariates only",4.59961549969008,0.167295490263074,0.00286166847849993,0,1
"Fixed mixed-signal covariate-driven SAR design, lambda = 2",93,359,"covariates only",3.48651054739119,0.0724434087358077,0.00345944787236341,1,0
"Fixed mixed-signal covariate-driven SAR design, lambda = 2",93,360,"covariates only",7.53459632559225,0.417396830666312,0.0017353379148095,0,1
"Fixed mixed-signal covariate-driven SAR design, lambda = 2",93,361,"network only",-7.46910072888471,-0.861127618697124,0.0223818655370666,1,0
"Fixed mixed-signal covariate-driven SAR design, lambda = 2",93,362,"network only",-29.7630077152156,-2.76087972981784,1,1,0
"Fixed mixed-signal covariate-driven SAR design, lambda = 2",93,363,"network only",-11.6598951539217,-1.21824180963361,0.0457174214504089,1,0
"Fixed mixed-signal covariate-driven SAR design, lambda = 2",93,364,"network only",-12.1300035684732,-1.25830160953982,0.0495310149705382,1,0
"Fixed mixed-signal covariate-driven SAR design, lambda = 2",93,365,"network only",-11.8784790005479,-1.23686820492358,0.0474526432349513,0,1
"Fixed mixed-signal covariate-driven SAR design, lambda = 2",93,366,"both",3.66670967322487,0.0877988899412572,0.00335481973747305,1,0
"Fixed mixed-signal covariate-driven SAR design, lambda = 2",93,367,"both",2.69009083267845,0.004577330560665,0.0039623653526613,0,1
"Fixed mixed-signal covariate-driven SAR design, lambda = 2",93,368,"both",2.37098018726693,-0.0226153513982819,0.00418382760342335,0,1
"Fixed mixed-signal covariate-driven SAR design, lambda = 2",93,369,"both",6.0443669637715,0.290408484572069,0.00223709656821649,1,0
"Fixed mixed-signal covariate-driven SAR design, lambda = 2",93,370,"both",3.97449215403579,0.114026254128477,0.00318337931775893,0,1
"Fixed mixed-signal covariate-driven SAR design, lambda = 2",93,371,"covariates only",2.44217380875126,-0.0165486609435264,0.00413337035696704,0,1
"Fixed mixed-signal covariate-driven SAR design, lambda = 2",93,372,"covariates only",20.5059971088154,1.52274126568303,0.000190236601206337,0,1
"Fixed mixed-signal covariate-driven SAR design, lambda = 2",93,373,"covariates only",5.1183398321633,0.211498045082643,0.00261954261781739,0,1
"Fixed mixed-signal covariate-driven SAR design, lambda = 2",93,374,"covariates only",10.8409980925012,0.699148420495315,0.000987774326652443,0,1
"Fixed mixed-signal covariate-driven SAR design, lambda = 2",93,375,"covariates only",7.13261549337262,0.383142451875393,0.00185839073240829,0,1
"Fixed mixed-signal covariate-driven SAR design, lambda = 2",93,376,"covariates only",28.4349645699148,2.198399986358,4.92520566241681e-05,0,1
"Fixed mixed-signal covariate-driven SAR design, lambda = 2",93,377,"covariates only",20.4673789352627,1.51945045816422,0.000191492794637722,1,0
"Fixed mixed-signal covariate-driven SAR design, lambda = 2",93,378,"covariates only",6.62098813134191,0.339544658015353,0.00202770883576957,0,1
"Fixed mixed-signal covariate-driven SAR design, lambda = 2",93,379,"covariates only",19.4263234121817,1.43073799385817,0.00022866890110637,0,1
"Fixed mixed-signal covariate-driven SAR design, lambda = 2",93,380,"covariates only",8.90706536580587,0.534350353357168,0.00137340782212264,0,1
"Fixed mixed-signal covariate-driven SAR design, lambda = 2",93,381,"network only",-13.4676510932538,-1.3722878529872,0.0622134693489864,1,0
"Fixed mixed-signal covariate-driven SAR design, lambda = 2",93,382,"network only",-7.59723840688345,-0.872046737738998,0.0228760221616247,1,0
"Fixed mixed-signal covariate-driven SAR design, lambda = 2",93,383,"network only",-7.45133427966812,-0.859613669193924,0.0223141980055702,1,0
"Fixed mixed-signal covariate-driven SAR design, lambda = 2",93,384,"network only",-8.59870172442424,-0.957385393402834,0.0271334316053363,0,1
"Fixed mixed-signal covariate-driven SAR design, lambda = 2",93,385,"network only",-2.34562639548276,-0.424536078814904,0.0093471172193665,0,1
"Fixed mixed-signal covariate-driven SAR design, lambda = 2",93,386,"network only",-6.74691556525241,-0.799587360631468,0.019789876926272,0,1
"Fixed mixed-signal covariate-driven SAR design, lambda = 2",93,387,"network only",-6.97098144841053,-0.818680901966362,0.0205602093572177,1,0
"Fixed mixed-signal covariate-driven SAR design, lambda = 2",93,388,"network only",-3.26285837155879,-0.502697048267511,0.0109286733281863,0,1
"Fixed mixed-signal covariate-driven SAR design, lambda = 2",93,389,"network only",-9.69509455886546,-1.05081336917776,0.0327080935908782,1,0
"Fixed mixed-signal covariate-driven SAR design, lambda = 2",93,390,"network only",-11.2784047700266,-1.1857335030985,0.0428395964475545,1,0
"Fixed mixed-signal covariate-driven SAR design, lambda = 2",93,391,"both",3.28544376365333,0.0553097117523014,0.00358004867196752,0,1
"Fixed mixed-signal covariate-driven SAR design, lambda = 2",93,392,"both",11.1683666927814,0.727044795494911,0.000934172870544672,0,1
"Fixed mixed-signal covariate-driven SAR design, lambda = 2",93,393,"both",9.09691300598986,0.550528022684126,0.00132968194425616,0,1
"Fixed mixed-signal covariate-driven SAR design, lambda = 2",93,394,"both",7.51253904120811,0.415517242104287,0.00174187363416813,0,1
"Fixed mixed-signal covariate-driven SAR design, lambda = 2",93,395,"both",7.67863802555109,0.429671194408568,0.00169325621663729,1,0
"Fixed mixed-signal covariate-driven SAR design, lambda = 2",93,396,"both",5.3288461471223,0.229436121907527,0.00252722932839102,0,1
"Fixed mixed-signal covariate-driven SAR design, lambda = 2",93,397,"both",7.47028248966533,0.411916393986849,0.00175446335823195,0,1
"Fixed mixed-signal covariate-driven SAR design, lambda = 2",93,398,"both",11.7504686890359,0.776648012057631,0.000845945616305664,0,1
"Fixed mixed-signal covariate-driven SAR design, lambda = 2",93,399,"both",34.4717366510251,2.71281724451179,1.7603832064911e-05,0,1
"Fixed mixed-signal covariate-driven SAR design, lambda = 2",93,400,"both",6.20017315206066,0.303685346959155,0.00217847507560336,0,1
"Fixed mixed-signal covariate-driven SAR design, lambda = 2",94,356,"covariates only",24.2126463530579,1.59508941864364,0.000128189594082972,0,1
"Fixed mixed-signal covariate-driven SAR design, lambda = 2",94,357,"covariates only",4.7352542329628,0.149786109943132,0.00230795467493845,0,1
"Fixed mixed-signal covariate-driven SAR design, lambda = 2",94,358,"covariates only",5.68305851788491,0.220117120406547,0.00200511153829712,0,1
"Fixed mixed-signal covariate-driven SAR design, lambda = 2",94,359,"covariates only",4.83979695113996,0.157543613388683,0.00227242309138149,1,0
"Fixed mixed-signal covariate-driven SAR design, lambda = 2",94,360,"covariates only",18.1622737239963,1.1461266660464,0.000314642123469574,0,1
"Fixed mixed-signal covariate-driven SAR design, lambda = 2",94,361,"network only",-7.46983567366007,-0.755882201105027,0.0141214982149055,1,0
"Fixed mixed-signal covariate-driven SAR design, lambda = 2",94,362,"network only",-5.35153248950786,-0.598695315817272,0.0103121680467047,1,0
"Fixed mixed-signal covariate-driven SAR design, lambda = 2",94,363,"network only",-8.7270751100034,-0.849174583677181,0.0170181955383638,1,0
"Fixed mixed-signal covariate-driven SAR design, lambda = 2",94,364,"network only",-6.75169722959114,-0.702593348936414,0.0126938881293659,1,0
"Fixed mixed-signal covariate-driven SAR design, lambda = 2",94,365,"network only",-13.2884234168342,-1.18764555347382,0.0334892682595063,1,0
"Fixed mixed-signal covariate-driven SAR design, lambda = 2",94,366,"both",5.71941994408972,0.222815289097656,0.00199432042238543,0,1
"Fixed mixed-signal covariate-driven SAR design, lambda = 2",94,367,"both",7.63801491689003,0.365182996496407,0.00150015425142572,0,1
"Fixed mixed-signal covariate-driven SAR design, lambda = 2",94,368,"both",22.607132649843,1.47595364044948,0.000162679487093848,0,1
"Fixed mixed-signal covariate-driven SAR design, lambda = 2",94,369,"both",9.11196222422541,0.474556002235926,0.00120541261284007,0,1
"Fixed mixed-signal covariate-driven SAR design, lambda = 2",94,370,"both",4.49415272145131,0.131895377437894,0.00239203190742023,0,1
"Fixed mixed-signal covariate-driven SAR design, lambda = 2",94,371,"covariates only",5.52275173971493,0.208221692339606,0.00205338683679494,0,1
"Fixed mixed-signal covariate-driven SAR design, lambda = 2",94,372,"covariates only",2.19723076660965,-0.0385457617397925,0.00336364582801907,0,1
"Fixed mixed-signal covariate-driven SAR design, lambda = 2",94,373,"covariates only",4.09914879314231,0.102584447051803,0.00253644891025415,0,1
"Fixed mixed-signal covariate-driven SAR design, lambda = 2",94,374,"covariates only",24.5194298201571,1.61785402477362,0.000122484091902627,0,1
"Fixed mixed-signal covariate-driven SAR design, lambda = 2",94,375,"covariates only",9.44304230835104,0.499123518158037,0.00114761616825617,0,1
"Fixed mixed-signal covariate-driven SAR design, lambda = 2",94,376,"covariates only",11.6499423900065,0.662884660836743,0.000827095269587528,0,1
"Fixed mixed-signal covariate-driven SAR design, lambda = 2",94,377,"covariates only",4.2319077443829,0.11243571206226,0.00248696354371203,0,1
"Fixed mixed-signal covariate-driven SAR design, lambda = 2",94,378,"covariates only",17.5745437461499,1.10251466314753,0.000343318944613543,0,1
"Fixed mixed-signal covariate-driven SAR design, lambda = 2",94,379,"covariates only",13.5065675766867,0.800653952987365,0.000627900241732161,0,1
"Fixed mixed-signal covariate-driven SAR design, lambda = 2",94,380,"covariates only",14.7377532108555,0.892013035338687,0.000523042717422973,0,1
"Fixed mixed-signal covariate-driven SAR design, lambda = 2",94,381,"network only",-32.4739209220079,-2.61128907065109,0.577386606883697,1,0
"Fixed mixed-signal covariate-driven SAR design, lambda = 2",94,382,"network only",-3.55162100783435,-0.465134415888228,0.00789478773919841,0,1
"Fixed mixed-signal covariate-driven SAR design, lambda = 2",94,383,"network only",-24.9787766652012,-2.05511826879235,0.189837884350332,1,0
"Fixed mixed-signal covariate-driven SAR design, lambda = 2",94,384,"network only",-11.6972436557439,-1.06957341325807,0.0264453610321406,1,0
"Fixed mixed-signal covariate-driven SAR design, lambda = 2",94,385,"network only",-1.91306537475319,-0.343546789404149,0.00619057211991471,0,1
"Fixed mixed-signal covariate-driven SAR design, lambda = 2",94,386,"network only",-6.34007936284871,-0.67204959538589,0.0119416599294592,0,1
"Fixed mixed-signal covariate-driven SAR design, lambda = 2",94,387,"network only",-6.26131328466537,-0.666204825577396,0.0118028801388487,1,0
"Fixed mixed-signal covariate-driven SAR design, lambda = 2",94,388,"network only",-18.3109159851547,-1.56033534080054,0.0705699637754436,1,0
"Fixed mixed-signal covariate-driven SAR design, lambda = 2",94,389,"network only",-36.1748137584731,-2.88591067444221,1,1,0
"Fixed mixed-signal covariate-driven SAR design, lambda = 2",94,390,"network only",2.23220921034297,-0.0359502160861829,0.00334623007788436,1,0
"Fixed mixed-signal covariate-driven SAR design, lambda = 2",94,391,"both",5.88150658902346,0.234842790663289,0.00194691943944266,1,0
"Fixed mixed-signal covariate-driven SAR design, lambda = 2",94,392,"both",11.3828033114386,0.643061832823799,0.000860544685015439,0,1
"Fixed mixed-signal covariate-driven SAR design, lambda = 2",94,393,"both",6.68563919017952,0.294512766084984,0.00172790276393516,1,0
"Fixed mixed-signal covariate-driven SAR design, lambda = 2",94,394,"both",9.52680114998556,0.505338771730018,0.00113343901443513,0,1
"Fixed mixed-signal covariate-driven SAR design, lambda = 2",94,395,"both",14.0609988287079,0.841795052270698,0.000578303666071765,0,1
"Fixed mixed-signal covariate-driven SAR design, lambda = 2",94,396,"both",0.286484325870665,-0.180331075495354,0.00446645969863368,0,1
"Fixed mixed-signal covariate-driven SAR design, lambda = 2",94,397,"both",7.65307912305777,0.366300823096752,0.00149680417297415,0,1
"Fixed mixed-signal covariate-driven SAR design, lambda = 2",94,398,"both",9.22564561032673,0.482991781166875,0.00118524602345009,0,1
"Fixed mixed-signal covariate-driven SAR design, lambda = 2",94,399,"both",3.33014797213145,0.0455213954816845,0.00284308900567457,0,1
"Fixed mixed-signal covariate-driven SAR design, lambda = 2",94,400,"both",20.5898553692554,1.32626329637145,0.000219458383194602,0,1
"Fixed mixed-signal covariate-driven SAR design, lambda = 2",95,356,"covariates only",5.71684355469144,0.243384793629738,0.0119334844303775,0,1
"Fixed mixed-signal covariate-driven SAR design, lambda = 2",95,357,"covariates only",5.18850299629511,0.200410775596283,0.0130045110678551,0,1
"Fixed mixed-signal covariate-driven SAR design, lambda = 2",95,358,"covariates only",3.58110344240168,0.0696685557946276,0.0168909967297993,0,1
"Fixed mixed-signal covariate-driven SAR design, lambda = 2",95,359,"covariates only",7.66267609719819,0.401654382142076,0.00869552990327965,0,1
"Fixed mixed-signal covariate-driven SAR design, lambda = 2",95,360,"covariates only",6.47615959838346,0.305145831725613,0.0105468389584077,0,1
"Fixed mixed-signal covariate-driven SAR design, lambda = 2",95,361,"network only",-9.45421319140781,-0.990594418892427,0.140795247762309,0,1
"Fixed mixed-signal covariate-driven SAR design, lambda = 2",95,362,"network only",-17.5590000676536,-1.64981932949605,0.526239542293851,1,0
"Fixed mixed-signal covariate-driven SAR design, lambda = 2",95,363,"network only",-11.7684354974354,-1.1788279919774,0.205156650813946,1,0
"Fixed mixed-signal covariate-driven SAR design, lambda = 2",95,364,"network only",-10.1538262691643,-1.04749935367768,0.157766574024942,1,0
"Fixed mixed-signal covariate-driven SAR design, lambda = 2",95,365,"network only",-10.9299507981533,-1.11062755569612,0.178997701517433,1,0
"Fixed mixed-signal covariate-driven SAR design, lambda = 2",95,366,"both",5.88071020928773,0.256713334204167,0.0116195751090966,0,1
"Fixed mixed-signal covariate-driven SAR design, lambda = 2",95,367,"both",5.72664636367898,0.244182131792621,0.0119144695505914,0,1
"Fixed mixed-signal covariate-driven SAR design, lambda = 2",95,368,"both",9.05509559506986,0.51491061367822,0.00693302777618106,0,1
"Fixed mixed-signal covariate-driven SAR design, lambda = 2",95,369,"both",3.98155121201745,0.102240065589671,0.0158257399068124,0,1
"Fixed mixed-signal covariate-driven SAR design, lambda = 2",95,370,"both",5.85512951103597,0.254632658453443,0.0116680289923205,0,1
"Fixed mixed-signal covariate-driven SAR design, lambda = 2",95,371,"covariates only",3.62327312343606,0.0730985416331879,0.0167755215018785,0,1
"Fixed mixed-signal covariate-driven SAR design, lambda = 2",95,372,"covariates only",4.33135444314936,0.130692263937742,0.0149503292918654,1,0
"Fixed mixed-signal covariate-driven SAR design, lambda = 2",95,373,"covariates only",31.3194104337357,2.32583928870453,0.000185340478010247,0,1
"Fixed mixed-signal covariate-driven SAR design, lambda = 2",95,374,"covariates only",6.214458654596,0.283859672828726,0.0110055369805657,0,1
"Fixed mixed-signal covariate-driven SAR design, lambda = 2",95,375,"covariates only",-2.31909831142659,-0.410240420604324,0.0441061264639912,1,0
"Fixed mixed-signal covariate-driven SAR design, lambda = 2",95,376,"covariates only",18.8815998569325,1.31417609622391,0.00140181196602536,0,1
"Fixed mixed-signal covariate-driven SAR design, lambda = 2",95,377,"covariates only",4.19140078555603,0.119308752091673,0.0152946080231588,0,1
"Fixed mixed-signal covariate-driven SAR design, lambda = 2",95,378,"covariates only",8.69850933743779,0.485906699399,0.00734709101700126,0,1
"Fixed mixed-signal covariate-driven SAR design, lambda = 2",95,379,"covariates only",10.5701770144812,0.638143886621639,0.00541855990757684,0,1
"Fixed mixed-signal covariate-driven SAR design, lambda = 2",95,380,"covariates only",10.3321522450955,0.61878349384196,0.00563248576484956,0,1
"Fixed mixed-signal covariate-driven SAR design, lambda = 2",95,381,"network only",-7.334355015382,-0.818169981591209,0.0997291306025265,1,0
"Fixed mixed-signal covariate-driven SAR design, lambda = 2",95,382,"network only",-4.27509057091695,-0.569336377363298,0.0606300477961211,1,0
"Fixed mixed-signal covariate-driven SAR design, lambda = 2",95,383,"network only",-10.8353666990003,-1.10293430043096,0.176264631622266,1,0
"Fixed mixed-signal covariate-driven SAR design, lambda = 2",95,384,"network only",-6.93056777824928,-0.785326847112021,0.0933888115996165,1,0
"Fixed mixed-signal covariate-driven SAR design, lambda = 2",95,385,"network only",-6.27443043053871,-0.731958129218164,0.0839342800374721,1,0
"Fixed mixed-signal covariate-driven SAR design, lambda = 2",95,386,"network only",-15.5266163013804,-1.48450986151232,0.37809200924686,1,0
"Fixed mixed-signal covariate-driven SAR design, lambda = 2",95,387,"network only",-16.3630186603931,-1.5525409249774,0.43320008166224,1,0
"Fixed mixed-signal covariate-driven SAR design, lambda = 2",95,388,"network only",-21.5055007930133,-1.9708187126504,1,1,0
"Fixed mixed-signal covariate-driven SAR design, lambda = 2",95,389,"network only",-16.3001707417805,-1.54742901837681,0.428793688401336,1,0
"Fixed mixed-signal covariate-driven SAR design, lambda = 2",95,390,"network only",-0.869615530643378,-0.292342791564396,0.0348412990275488,0,1
"Fixed mixed-signal covariate-driven SAR design, lambda = 2",95,391,"both",2.65562985077006,-0.00560735892405351,0.019635370781013,0,1
"Fixed mixed-signal covariate-driven SAR design, lambda = 2",95,392,"both",30.8997870067045,2.29170807459665,0.00019843408578978,0,1
"Fixed mixed-signal covariate-driven SAR design, lambda = 2",95,393,"both",25.3991141835861,1.84429587172826,0.000485549572797083,0,1
"Fixed mixed-signal covariate-driven SAR design, lambda = 2",95,394,"both",14.6947963108177,0.973631028778408,0.00277002347841252,0,1
"Fixed mixed-signal covariate-driven SAR design, lambda = 2",95,395,"both",16.7555855191878,1.14125093074553,0.00198102817888314,0,1
"Fixed mixed-signal covariate-driven SAR design, lambda = 2",95,396,"both",9.79863320109088,0.575388269580097,0.00614317257366466,0,1
"Fixed mixed-signal covariate-driven SAR design, lambda = 2",95,397,"both",17.3766842177827,1.19176968470034,0.00179064964518556,0,1
"Fixed mixed-signal covariate-driven SAR design, lambda = 2",95,398,"both",2.79859423824063,0.00602103883505442,0.0191839842255035,0,1
"Fixed mixed-signal covariate-driven SAR design, lambda = 2",95,399,"both",3.89994584386118,0.0956024707523204,0.0160372302873609,0,1
"Fixed mixed-signal covariate-driven SAR design, lambda = 2",95,400,"both",9.43933984971467,0.54616416645955,0.00651293057959239,0,1
"Fixed mixed-signal covariate-driven SAR design, lambda = 2",96,356,"covariates only",5.24430737568251,0.415730273826388,0.00148582743256014,0,1
"Fixed mixed-signal covariate-driven SAR design, lambda = 2",96,357,"covariates only",7.17235523362567,0.608678563770574,0.00101012615685972,0,1
"Fixed mixed-signal covariate-driven SAR design, lambda = 2",96,358,"covariates only",0.846275133979501,-0.024400294852163,0.0035831164843542,0,1
"Fixed mixed-signal covariate-driven SAR design, lambda = 2",96,359,"covariates only",7.94053657323308,0.685553873288255,0.000866168871064621,0,1
"Fixed mixed-signal covariate-driven SAR design, lambda = 2",96,360,"covariates only",4.32825005743442,0.324056360070232,0.00178482369176957,0,1
"Fixed mixed-signal covariate-driven SAR design, lambda = 2",96,361,"network only",-17.4153223954654,-1.85191925421775,0.138555486065471,1,0
"Fixed mixed-signal covariate-driven SAR design, lambda = 2",96,362,"network only",-3.35477262101221,-0.444817753350439,0.00830674524665656,0,1
"Fixed mixed-signal covariate-driven SAR design, lambda = 2",96,363,"network only",-19.5613709352645,-2.06668383808716,0.21289520185242,1,0
"Fixed mixed-signal covariate-driven SAR design, lambda = 2",96,364,"network only",-4.99856614663265,-0.609319453079065,0.0115429084863189,0,1
"Fixed mixed-signal covariate-driven SAR design, lambda = 2",96,365,"network only",-7.78671268311868,-0.888341627820456,0.0201683715813008,1,0
"Fixed mixed-signal covariate-driven SAR design, lambda = 2",96,366,"both",7.31110687220448,0.622564054880372,0.000982459898954818,0,1
"Fixed mixed-signal covariate-driven SAR design, lambda = 2",96,367,"both",5.94492350727516,0.485844033680008,0.00129142245739028,0,1
"Fixed mixed-signal covariate-driven SAR design, lambda = 2",96,368,"both",5.58719976738493,0.450045034396924,0.0013872762461279,0,1
"Fixed mixed-signal covariate-driven SAR design, lambda = 2",96,369,"both",21.2500348701679,2.01749432581841,6.03522956476832e-05,0,1
"Fixed mixed-signal covariate-driven SAR design, lambda = 2",96,370,"both",2.49913946146985,0.141009160201109,0.00257387884158209,1,0
"Fixed mixed-signal covariate-driven SAR design, lambda = 2",96,371,"covariates only",0.30709834740306,-0.0783581043115754,0.00399142602579819,0,1
"Fixed mixed-signal covariate-driven SAR design, lambda = 2",96,372,"covariates only",8.6081466287629,0.752364568901091,0.000757829555512431,0,1
"Fixed mixed-signal covariate-driven SAR design, lambda = 2",96,373,"covariates only",11.1512054197232,1.00685972726649,0.000455533009515972,0,1
"Fixed mixed-signal covariate-driven SAR design, lambda = 2",96,374,"covariates only",1.47047917833971,0.0380665689444808,0.003162298765248,1,0
"Fixed mixed-signal covariate-driven SAR design, lambda = 2",96,375,"covariates only",8.31931812587832,0.723460221174904,0.000802929725367578,0,1
"Fixed mixed-signal covariate-driven SAR design, lambda = 2",96,376,"covariates only",8.90212568771072,0.781784355588282,0.000714525671597021,0,1
"Fixed mixed-signal covariate-driven SAR design, lambda = 2",96,377,"covariates only",5.59301458601495,0.450626949055513,0.00138566263252918,0,1
"Fixed mixed-signal covariate-driven SAR design, lambda = 2",96,378,"covariates only",5.03752496814745,0.395036642306787,0.00154861204318666,0,1
"Fixed mixed-signal covariate-driven SAR design, lambda = 2",96,379,"covariates only",1.86105121608834,0.0771528429045097,0.00292450920243899,1,0
"Fixed mixed-signal covariate-driven SAR design, lambda = 2",96,380,"covariates only",4.31829803111938,0.323060416711743,0.00178838240147002,0,1
"Fixed mixed-signal covariate-driven SAR design, lambda = 2",96,381,"network only",-9.30174216072048,-1.03995733886932,0.0273125700090939,1,0
"Fixed mixed-signal covariate-driven SAR design, lambda = 2",96,382,"network only",-27.2903944633396,-2.84016146030312,1,1,0
"Fixed mixed-signal covariate-driven SAR design, lambda = 2",96,383,"network only",-11.3908823451212,-1.24902685152334,0.0414913952109159,1,0
"Fixed mixed-signal covariate-driven SAR design, lambda = 2",96,384,"network only",-1.09903883749127,-0.219076481261889,0.00528876797039666,1,0
"Fixed mixed-signal covariate-driven SAR design, lambda = 2",96,385,"network only",-9.12169606300968,-1.02193932830942,0.0263458565250039,0,1
"Fixed mixed-signal covariate-driven SAR design, lambda = 2",96,386,"network only",-7.60005578823454,-0.869662045503134,0.0194287989909603,1,0
"Fixed mixed-signal covariate-driven SAR design, lambda = 2",96,387,"network only",-3.79490432609494,-0.488863682758294,0.00907170041944764,0,1
"Fixed mixed-signal covariate-driven SAR design, lambda = 2",96,388,"network only",-14.1088104901903,-1.52102196078463,0.0714841881111516,1,0
"Fixed mixed-signal covariate-driven SAR design, lambda = 2",96,389,"network only",-8.18094391663655,-0.927794093710493,0.0218242240056499,1,0
"Fixed mixed-signal covariate-driven SAR design, lambda = 2",96,390,"network only",-12.2892243359644,-1.33892791399134,0.0496643904498619,1,0
"Fixed mixed-signal covariate-driven SAR design, lambda = 2",96,391,"both",6.00474050899924,0.491830186017825,0.00127605333972375,0,1
"Fixed mixed-signal covariate-driven SAR design, lambda = 2",96,392,"both",6.74706229873851,0.566117615828461,0.0010998756486354,0,1
"Fixed mixed-signal covariate-driven SAR design, lambda = 2",96,393,"both",4.77101957979968,0.368366267538462,0.00163345895268625,1,0
"Fixed mixed-signal covariate-driven SAR design, lambda = 2",96,394,"both",17.6168948766054,1.65390991270454,0.000124881815236624,0,1
"Fixed mixed-signal covariate-driven SAR design, lambda = 2",96,395,"both",2.71773614615078,0.162885098769175,0.00246369476667697,0,1
"Fixed mixed-signal covariate-driven SAR design, lambda = 2",96,396,"both",8.8458238337121,0.776149979654631,0.000722623021922365,0,1
"Fixed mixed-signal covariate-driven SAR design, lambda = 2",96,397,"both",19.1093615419182,1.80326766317969,9.2633635588826e-05,0,1
"Fixed mixed-signal covariate-driven SAR design, lambda = 2",96,398,"both",5.11719170786157,0.403009245854952,0.00152411492826122,0,1
"Fixed mixed-signal covariate-driven SAR design, lambda = 2",96,399,"both",4.90255038707197,0.381529138072827,0.00159101803070564,0,1
"Fixed mixed-signal covariate-driven SAR design, lambda = 2",96,400,"both",6.82401288957926,0.573818402326964,0.00108306561630415,0,1
"Fixed mixed-signal covariate-driven SAR design, lambda = 2",97,356,"covariates only",3.21643402184103,0.0235064245902026,0.00236491582608176,0,1
"Fixed mixed-signal covariate-driven SAR design, lambda = 2",97,357,"covariates only",18.3888824731034,1.32773825961661,0.000174170384043072,0,1
"Fixed mixed-signal covariate-driven SAR design, lambda = 2",97,358,"covariates only",6.58780724544667,0.313311481440881,0.00132462886206574,0,1
"Fixed mixed-signal covariate-driven SAR design, lambda = 2",97,359,"covariates only",1.97537281983212,-0.0831758643017716,0.00292737760699196,1,0
"Fixed mixed-signal covariate-driven SAR design, lambda = 2",97,360,"covariates only",8.44282142525675,0.472769498748063,0.000962921180395021,0,1
"Fixed mixed-signal covariate-driven SAR design, lambda = 2",97,361,"network only",-9.79601707449082,-1.09505087524681,0.0221504326598346,1,0
"Fixed mixed-signal covariate-driven SAR design, lambda = 2",97,362,"network only",-2.96277593280492,-0.507661788902115,0.00684199158592537,0,1
"Fixed mixed-signal covariate-driven SAR design, lambda = 2",97,363,"network only",-7.4486169061567,-0.893267093352793,0.0147950026606672,0,1
"Fixed mixed-signal covariate-driven SAR design, lambda = 2",97,364,"network only",-36.1803268213002,-3,1,1,0
"Fixed mixed-signal covariate-driven SAR design, lambda = 2",97,365,"network only",-19.9226424240616,-1.96554104067536,0.126322398888272,1,0
"Fixed mixed-signal covariate-driven SAR design, lambda = 2",97,366,"both",11.1616671191085,0.706482937935981,0.000603378492411976,0,1
"Fixed mixed-signal covariate-driven SAR design, lambda = 2",97,367,"both",-1.04813414853305,-0.34307815062247,0.004922967899442,1,0
"Fixed mixed-signal covariate-driven SAR design, lambda = 2",97,368,"both",13.6804110489478,0.922995521790076,0.000391317603092079,0,1
"Fixed mixed-signal covariate-driven SAR design, lambda = 2",97,369,"both",2.01301748548,-0.0799399085814671,0.00290849305385993,0,1
"Fixed mixed-signal covariate-driven SAR design, lambda = 2",97,370,"both",7.5546053502081,0.396417966878842,0.00112178295677054,0,1
"Fixed mixed-signal covariate-driven SAR design, lambda = 2",97,371,"covariates only",9.05733585887952,0.525593490207882,0.000866379970676523,0,1
"Fixed mixed-signal covariate-driven SAR design, lambda = 2",97,372,"covariates only",25.8895408426697,1.97249889008899,4.79669761755115e-05,0,1
"Fixed mixed-signal covariate-driven SAR design, lambda = 2",97,373,"covariates only",6.33667812799704,0.291724287341524,0.00138307143603045,0,1
"Fixed mixed-signal covariate-driven SAR design, lambda = 2",97,374,"covariates only",9.6302891713917,0.574844865327898,0.000785107638356918,1,0
"Fixed mixed-signal covariate-driven SAR design, lambda = 2",97,375,"covariates only",10.7050578459006,0.667232559053563,0.000652652899092325,0,1
"Fixed mixed-signal covariate-driven SAR design, lambda = 2",97,376,"covariates only",10.8235620436895,0.677419243677146,0.000639490695081195,0,1
"Fixed mixed-signal covariate-driven SAR design, lambda = 2",97,377,"covariates only",6.83678142424152,0.334713435853637,0.001269125914577,1,0
"Fixed mixed-signal covariate-driven SAR design, lambda = 2",97,378,"covariates only",5.91548681933304,0.255518455754051,0.0014869371012244,0,1
"Fixed mixed-signal covariate-driven SAR design, lambda = 2",97,379,"covariates only",7.79836990665815,0.417372099350902,0.00107574245637665,0,1
"Fixed mixed-signal covariate-driven SAR design, lambda = 2",97,380,"covariates only",12.9872247453368,0.863408854043089,0.000440844784045777,0,1
"Fixed mixed-signal covariate-driven SAR design, lambda = 2",97,381,"network only",-3.73349231643392,-0.573912984055904,0.00781137689348081,1,0
"Fixed mixed-signal covariate-driven SAR design, lambda = 2",97,382,"network only",-4.72340587884331,-0.659006486674547,0.00926059454509909,1,0
"Fixed mixed-signal covariate-driven SAR design, lambda = 2",97,383,"network only",-5.02804565767488,-0.685193486026947,0.00975853465197696,0,1
"Fixed mixed-signal covariate-driven SAR design, lambda = 2",97,384,"network only",-10.0621794111539,-1.11793033296097,0.023187560392767,1,0
"Fixed mixed-signal covariate-driven SAR design, lambda = 2",97,385,"network only",-1.07388748739111,-0.34529192149174,0.00494481286936653,0,1
"Fixed mixed-signal covariate-driven SAR design, lambda = 2",97,386,"network only",-10.5881464031965,-1.16314273868432,0.0253820125631489,1,0
"Fixed mixed-signal covariate-driven SAR design, lambda = 2",97,387,"network only",-0.649960522971646,-0.308850931463135,0.00459724468222416,0,1
"Fixed mixed-signal covariate-driven SAR design, lambda = 2",97,388,"network only",-13.7592692996492,-1.43573416963366,0.0437820369624405,1,0
"Fixed mixed-signal covariate-driven SAR design, lambda = 2",97,389,"network only",-4.77856828787296,-0.663748277044395,0.00934883590182518,0,1
"Fixed mixed-signal covariate-driven SAR design, lambda = 2",97,390,"network only",-9.02844003495092,-1.02906953980059,0.0194120568197902,1,0
"Fixed mixed-signal covariate-driven SAR design, lambda = 2",97,391,"both",31.8826093225865,2.48766628222803,1.71188123034438e-05,0,1
"Fixed mixed-signal covariate-driven SAR design, lambda = 2",97,392,"both",4.51219978381971,0.134891146900414,0.00189264057794803,0,1
"Fixed mixed-signal covariate-driven SAR design, lambda = 2",97,393,"both",11.903289530183,0.770233199549945,0.000531149836213741,1,0
"Fixed mixed-signal covariate-driven SAR design, lambda = 2",97,394,"both",1.76322809650902,-0.101411938899727,0.003036116272672,0,1
"Fixed mixed-signal covariate-driven SAR design, lambda = 2",97,395,"both",4.83977171539525,0.163049406445291,0.00178899939453984,0,1
"Fixed mixed-signal covariate-driven SAR design, lambda = 2",97,396,"both",6.38007405090538,0.295454624231395,0.0013727911877063,0,1
"Fixed mixed-signal covariate-driven SAR design, lambda = 2",97,397,"both",4.40561398695253,0.125728974434817,0.00192764168350623,0,1
"Fixed mixed-signal covariate-driven SAR design, lambda = 2",97,398,"both",17.1553570846729,1.22170375331578,0.000215315210828297,0,1
"Fixed mixed-signal covariate-driven SAR design, lambda = 2",97,399,"both",2.97575240207318,0.00281730301465206,0.00246482465959087,0,1
"Fixed mixed-signal covariate-driven SAR design, lambda = 2",97,400,"both",8.39867802514585,0.46897490831555,0.00097025676371798,1,0
"Fixed mixed-signal covariate-driven SAR design, lambda = 2",98,356,"covariates only",20.0151242241841,1.27430114448563,0.00170316156721342,0,1
"Fixed mixed-signal covariate-driven SAR design, lambda = 2",98,357,"covariates only",2.03415892532087,-0.0751292815993904,0.0253137346877913,1,0
"Fixed mixed-signal covariate-driven SAR design, lambda = 2",98,358,"covariates only",7.3995240541329,0.327529131424312,0.011313880055243,0,1
"Fixed mixed-signal covariate-driven SAR design, lambda = 2",98,359,"covariates only",7.6184266166445,0.343957269363035,0.0109481886177447,0,1
"Fixed mixed-signal covariate-driven SAR design, lambda = 2",98,360,"covariates only",5.25797309977376,0.166810617774417,0.0156030642729428,0,1
"Fixed mixed-signal covariate-driven SAR design, lambda = 2",98,361,"network only",-17.2712739904452,-1.52395798085309,0.458979028729301,1,0
"Fixed mixed-signal covariate-driven SAR design, lambda = 2",98,362,"network only",1.75837561365448,-0.095826190001335,0.0263835560257379,1,0
"Fixed mixed-signal covariate-driven SAR design, lambda = 2",98,363,"network only",-8.27241029736655,-0.848613789604369,0.11890396345246,0,1
"Fixed mixed-signal covariate-driven SAR design, lambda = 2",98,364,"network only",-5.64723771229067,-0.651600575844949,0.0801812510377097,0,1
"Fixed mixed-signal covariate-driven SAR design, lambda = 2",98,365,"network only",-18.5679205563146,-1.62126834760929,0.557590740593542,1,0
"Fixed mixed-signal covariate-driven SAR design, lambda = 2",98,366,"both",23.6325739088921,1.54578249091175,0.000989578263029545,0,1
"Fixed mixed-signal covariate-driven SAR design, lambda = 2",98,367,"both",7.41152848316058,0.328430036437389,0.0112935129470648,0,1
"Fixed mixed-signal covariate-driven SAR design, lambda = 2",98,368,"both",4.28606045361726,0.093870790884072,0.0180536336812601,0,1
"Fixed mixed-signal covariate-driven SAR design, lambda = 2",98,369,"both",4.24408142744467,0.0907203607356805,0.018167746231022,0,1
"Fixed mixed-signal covariate-driven SAR design, lambda = 2",98,370,"both",44.2005853415062,3,5.39924292277772e-05,0,1
"Fixed mixed-signal covariate-driven SAR design, lambda = 2",98,371,"covariates only",8.7894981911122,0.431843519486098,0.00918343685179886,0,1
"Fixed mixed-signal covariate-driven SAR design, lambda = 2",98,372,"covariates only",7.32002234264676,0.321562709342844,0.0114496955437586,0,1
"Fixed mixed-signal covariate-driven SAR design, lambda = 2",98,373,"covariates only",4.14277433435819,0.0831174945092629,0.018446111127074,1,0
"Fixed mixed-signal covariate-driven SAR design, lambda = 2",98,374,"covariates only",7.42830649654189,0.329689188066331,0.0112651082374652,0,1
"Fixed mixed-signal covariate-driven SAR design, lambda = 2",98,375,"covariates only",4.92630679789924,0.141919818442032,0.0163994684280916,0,1
"Fixed mixed-signal covariate-driven SAR design, lambda = 2",98,376,"covariates only",4.84598038490948,0.135891504394092,0.0165983874566691,0,1
"Fixed mixed-signal covariate-driven SAR design, lambda = 2",98,377,"covariates only",1.44143532638987,-0.11961183553139,0.0276689882796563,0,1
"Fixed mixed-signal covariate-driven SAR design, lambda = 2",98,378,"covariates only",3.33371842640401,0.0223996942993802,0.0208278111818778,0,1
"Fixed mixed-signal covariate-driven SAR design, lambda = 2",98,379,"covariates only",1.19581262288701,-0.138045259095417,0.0287080932118888,0,1
"Fixed mixed-signal covariate-driven SAR design, lambda = 2",98,380,"covariates only",21.7830136453734,1.40697721249726,0.00130621564156008,0,1
"Fixed mixed-signal covariate-driven SAR design, lambda = 2",98,381,"network only",-4.73130370332878,-0.582861817973182,0.0698822857386802,0,1
"Fixed mixed-signal covariate-driven SAR design, lambda = 2",98,382,"network only",-5.64164702836101,-0.651181007769937,0.0801139962733082,0,1
"Fixed mixed-signal covariate-driven SAR design, lambda = 2",98,383,"network only",-12.0811444725488,-1.13445060066733,0.210606141164992,1,0
"Fixed mixed-signal covariate-driven SAR design, lambda = 2",98,384,"network only",-3.81790171810913,-0.514313082707018,0.0609293333941862,1,0
"Fixed mixed-signal covariate-driven SAR design, lambda = 2",98,385,"network only",-15.2252899270223,-1.37041154435324,0.337616841343647,1,0
"Fixed mixed-signal covariate-driven SAR design, lambda = 2",98,386,"network only",-18.3096116007848,-1.60188284977151,0.53638611085448,1,0
"Fixed mixed-signal covariate-driven SAR design, lambda = 2",98,387,"network only",-12.413871096157,-1.15942097472694,0.221391030702452,1,0
"Fixed mixed-signal covariate-driven SAR design, lambda = 2",98,388,"network only",-6.13333895629632,-0.688081365275118,0.0862501063382452,1,0
"Fixed mixed-signal covariate-driven SAR design, lambda = 2",98,389,"network only",-10.6296415892857,-1.02551862056116,0.169376796698206,1,0
"Fixed mixed-signal covariate-driven SAR design, lambda = 2",98,390,"network only",-22.4596446183464,-1.91333336035724,1,1,0
"Fixed mixed-signal covariate-driven SAR design, lambda = 2",98,391,"both",2.85873684543154,-0.0132465897871998,0.0223668899437588,1,0
"Fixed mixed-signal covariate-driven SAR design, lambda = 2",98,392,"both",10.7467484790235,0.578730688560284,0.00684574424533109,0,1
"Fixed mixed-signal covariate-driven SAR design, lambda = 2",98,393,"both",9.00517151479,0.448029310417139,0.00889091472055435,0,1
"Fixed mixed-signal covariate-driven SAR design, lambda = 2",98,394,"both",6.27280797313019,0.24297165989855,0.0133985332025691,1,0
"Fixed mixed-signal covariate-driven SAR design, lambda = 2",98,395,"both",2.84081690317049,-0.0145914405735077,0.0224271311819738,0,1
"Fixed mixed-signal covariate-driven SAR design, lambda = 2",98,396,"both",17.6093508644218,1.09375334207519,0.00244386761896796,0,1
"Fixed mixed-signal covariate-driven SAR design, lambda = 2",98,397,"both",5.78674385897495,0.206493656978951,0.0144125772326809,0,1
"Fixed mixed-signal covariate-driven SAR design, lambda = 2",98,398,"both",3.61258537132258,0.0433280223422737,0.0199740216870254,0,1
"Fixed mixed-signal covariate-driven SAR design, lambda = 2",98,399,"both",35.9244988895909,2.4682634194055,0.000156384387418547,0,1
"Fixed mixed-signal covariate-driven SAR design, lambda = 2",98,400,"both",10.0655540994801,0.527608604369838,0.0075827152622491,0,1
"Fixed mixed-signal covariate-driven SAR design, lambda = 2",99,356,"covariates only",17.6415410083722,1.37178499880882,0.000679813909365071,0,1
"Fixed mixed-signal covariate-driven SAR design, lambda = 2",99,357,"covariates only",8.00711855761825,0.495681160573896,0.00392070504287818,0,1
"Fixed mixed-signal covariate-driven SAR design, lambda = 2",99,358,"covariates only",10.1849671343255,0.693723285766191,0.00263843844783429,0,1
"Fixed mixed-signal covariate-driven SAR design, lambda = 2",99,359,"covariates only",0.628214362070558,-0.175317679339046,0.0150032849731087,1,0
"Fixed mixed-signal covariate-driven SAR design, lambda = 2",99,360,"covariates only",7.20004025543574,0.422289693476366,0.00454057851298102,1,0
"Fixed mixed-signal covariate-driven SAR design, lambda = 2",99,361,"network only",-3.9530190429737,-0.591911013347898,0.0345171341696779,1,0
"Fixed mixed-signal covariate-driven SAR design, lambda = 2",99,362,"network only",-12.2012300899724,-1.3419600581956,0.154710237683474,1,0
"Fixed mixed-signal covariate-driven SAR design, lambda = 2",99,363,"network only",-22.462440782268,-2.27506073116369,1,1,0
"Fixed mixed-signal covariate-driven SAR design, lambda = 2",99,364,"network only",-17.3076755534089,-1.80631342168175,0.391607733926488,1,0
"Fixed mixed-signal covariate-driven SAR design, lambda = 2",99,365,"network only",-8.23002957554332,-0.980839915200463,0.0751370400615081,0,1
"Fixed mixed-signal covariate-driven SAR design, lambda = 2",99,366,"both",4.03823688316567,0.134771880722249,0.00806948815976466,0,1
"Fixed mixed-signal covariate-driven SAR design, lambda = 2",99,367,"both",17.0303550323199,1.31620695225421,0.000759739180729194,0,1
"Fixed mixed-signal covariate-driven SAR design, lambda = 2",99,368,"both",2.80158975806338,0.0223176782641126,0.0101046777493214,0,1
"Fixed mixed-signal covariate-driven SAR design, lambda = 2",99,369,"both",4.73117850931966,0.197784357230246,0.00711400304954483,0,1
"Fixed mixed-signal covariate-driven SAR design, lambda = 2",99,370,"both",15.6178216817837,1.18775857910416,0.000982275616421951,0,1
"Fixed mixed-signal covariate-driven SAR design, lambda = 2",99,371,"covariates only",11.8067409310536,0.841198887477128,0.00196449662437137,0,1
"Fixed mixed-signal covariate-driven SAR design, lambda = 2",99,372,"covariates only",7.18765130306341,0.421163107136542,0.00455082075487293,0,1
"Fixed mixed-signal covariate-driven SAR design, lambda = 2",99,373,"covariates only",8.03681356771718,0.498381469020726,0.00389958789113814,0,1
"Fixed mixed-signal covariate-driven SAR design, lambda = 2",99,374,"covariates only",5.24148760951144,0.244189189865465,0.00648346725138626,0,1
"Fixed mixed-signal covariate-driven SAR design, lambda = 2",99,375,"covariates only",1.68739728743321,-0.0790011402785758,0.0123744776468945,0,1
"Fixed mixed-signal covariate-driven SAR design, lambda = 2",99,376,"covariates only",2.92205243775267,0.0332719224421418,0.00988570695251556,0,1
"Fixed mixed-signal covariate-driven SAR design, lambda = 2",99,377,"covariates only",7.55318468318865,0.45440279524111,0.00425812203475667,0,1
"Fixed mixed-signal covariate-driven SAR design, lambda = 2",99,378,"covariates only",3.64807666002813,0.0992927566995476,0.00866288929057921,0,1
"Fixed mixed-signal covariate-driven SAR design, lambda = 2",99,379,"covariates only",5.20267020530002,0.240659338751527,0.00652940054650436,0,1
"Fixed mixed-signal covariate-driven SAR design, lambda = 2",99,380,"covariates only",17.6911874599509,1.37629958668424,0.000673703378143591,0,1
"Fixed mixed-signal covariate-driven SAR design, lambda = 2",99,381,"network only",-2.81239587241667,-0.488188725601786,0.0280506349438903,0,1
"Fixed mixed-signal covariate-driven SAR design, lambda = 2",99,382,"network only",-10.9966356491831,-1.23242055870963,0.124272276181993,1,0
"Fixed mixed-signal covariate-driven SAR design, lambda = 2",99,383,"network only",-9.73720566910767,-1.11789460293261,0.0988321565071616,1,0
"Fixed mixed-signal covariate-driven SAR design, lambda = 2",99,384,"network only",-2.50749991921326,-0.460463087014816,0.026537530880513,1,0
"Fixed mixed-signal covariate-driven SAR design, lambda = 2",99,385,"network only",-8.57250611480209,-1.01198293514626,0.0799658514722082,1,0
"Fixed mixed-signal covariate-driven SAR design, lambda = 2",99,386,"network only",-4.82749321355198,-0.671431107177806,0.040467372454103,1,0
"Fixed mixed-signal covariate-driven SAR design, lambda = 2",99,387,"network only",-6.2783759873804,-0.803366775711891,0.0526869274120352,0,1
"Fixed mixed-signal covariate-driven SAR design, lambda = 2",99,388,"network only",-20.048002110867,-2.05550434384421,0.644608080087048,1,0
"Fixed mixed-signal covariate-driven SAR design, lambda = 2",99,389,"network only",-12.2950710520529,-1.35049346302424,0.15737330828115,1,0
"Fixed mixed-signal covariate-driven SAR design, lambda = 2",99,390,"network only",-10.1474626419487,-1.15520121995151,0.106488421034478,1,0
"Fixed mixed-signal covariate-driven SAR design, lambda = 2",99,391,"both",5.70483887573821,0.286323923407331,0.00595949633430953,0,1
"Fixed mixed-signal covariate-driven SAR design, lambda = 2",99,392,"both",12.8610322195803,0.937070606743872,0.0016217285769148,0,1
"Fixed mixed-signal covariate-driven SAR design, lambda = 2",99,393,"both",3.74699274352426,0.108287666447079,0.00850843890860433,0,1
"Fixed mixed-signal covariate-driven SAR design, lambda = 2",99,394,"both",6.46829541581953,0.355748656286721,0.00518690149312481,0,1
"Fixed mixed-signal covariate-driven SAR design, lambda = 2",99,395,"both",29.5216849707987,2.45210297089969,7.83497794478405e-05,0,1
"Fixed mixed-signal covariate-driven SAR design, lambda = 2",99,396,"both",10.8487983529494,0.754088614518315,0.00233837580424026,0,1
"Fixed mixed-signal covariate-driven SAR design, lambda = 2",99,397,"both",8.34477075570994,0.526385480241074,0.00368718338458672,0,1
"Fixed mixed-signal covariate-driven SAR design, lambda = 2",99,398,"both",3.67311767169223,0.101569854942265,0.00862352649161302,1,0
"Fixed mixed-signal covariate-driven SAR design, lambda = 2",99,399,"both",9.28180730341297,0.611594668462293,0.0031094457029086,0,1
"Fixed mixed-signal covariate-driven SAR design, lambda = 2",99,400,"both",18.0947857371868,1.41300069685444,0.000626023369534472,0,1
"Fixed mixed-signal covariate-driven SAR design, lambda = 2",100,356,"covariates only",11.9152166035983,1.00871234836133,0.000373272372502322,0,1
"Fixed mixed-signal covariate-driven SAR design, lambda = 2",100,357,"covariates only",4.34538564386725,0.277906418620556,0.00160988855297747,0,1
"Fixed mixed-signal covariate-driven SAR design, lambda = 2",100,358,"covariates only",4.17647682853921,0.261599639184677,0.00166325830642299,1,0
"Fixed mixed-signal covariate-driven SAR design, lambda = 2",100,359,"covariates only",8.08968208330751,0.639387943796836,0.000781298425271272,0,1
"Fixed mixed-signal covariate-driven SAR design, lambda = 2",100,360,"covariates only",2.50920178036092,0.100637723628134,0.00229493000659595,0,1
"Fixed mixed-signal covariate-driven SAR design, lambda = 2",100,361,"network only",-6.1382048171666,-0.734199415004235,0.0121870830212409,1,0
"Fixed mixed-signal covariate-driven SAR design, lambda = 2",100,362,"network only",-11.2268099619407,-1.22546306853798,0.0325541198052912,1,0
"Fixed mixed-signal covariate-driven SAR design, lambda = 2",100,363,"network only",-11.2439265301717,-1.22711553470619,0.0326618869519921,1,0
"Fixed mixed-signal covariate-driven SAR design, lambda = 2",100,364,"network only",-21.9305922330649,-2.25882663979924,0.257142671192115,1,0
"Fixed mixed-signal covariate-driven SAR design, lambda = 2",100,365,"network only",-7.50033536778047,-0.865702098322418,0.0158533682991476,1,0
"Fixed mixed-signal covariate-driven SAR design, lambda = 2",100,366,"both",4.58988394054292,0.301510750866892,0.00153565391004257,0,1
"Fixed mixed-signal covariate-driven SAR design, lambda = 2",100,367,"both",6.49283981208738,0.485225742966151,0.00106345847166542,0,1
"Fixed mixed-signal covariate-driven SAR design, lambda = 2",100,368,"both",5.14711674091771,0.355307069031231,0.00137900697115883,0,1
"Fixed mixed-signal covariate-driven SAR design, lambda = 2",100,369,"both",4.07098219448727,0.251414985850789,0.00169748512985672,0,1
"Fixed mixed-signal covariate-driven SAR design, lambda = 2",100,370,"both",10.5009367767111,0.872175074371975,0.00049047922448904,0,1
"Fixed mixed-signal covariate-driven SAR design, lambda = 2",100,371,"covariates only",6.53486303439655,0.489282745059557,0.00105486447817364,0,1
"Fixed mixed-signal covariate-driven SAR design, lambda = 2",100,372,"covariates only",4.84074854199441,0.325729698327949,0.00146304282760306,0,1
"Fixed mixed-signal covariate-driven SAR design, lambda = 2",100,373,"covariates only",8.7356118448104,0.701747235888495,0.000689687501960447,0,1
"Fixed mixed-signal covariate-driven SAR design, lambda = 2",100,374,"covariates only",1.71963638790777,0.0244115735605292,0.00267287492740393,0,1
"Fixed mixed-signal covariate-driven SAR design, lambda = 2",100,375,"covariates only",5.92348909013321,0.430259537522499,0.00118703513740072,0,1
"Fixed mixed-signal covariate-driven SAR design, lambda = 2",100,376,"covariates only",7.27498502942951,0.560735535165305,0.000914394411441428,1,0
"Fixed mixed-signal covariate-driven SAR design, lambda = 2",100,377,"covariates only",15.7696196059458,1.38082377128619,0.000177342967729276,0,1
"Fixed mixed-signal covariate-driven SAR design, lambda = 2",100,378,"covariates only",5.2997151393086,0.370039209683547,0.00133896827412632,0,1
"Fixed mixed-signal covariate-driven SAR design, lambda = 2",100,379,"covariates only",15.6355173737578,1.36787728582359,0.00018199486991938,0,1
"Fixed mixed-signal covariate-driven SAR design, lambda = 2",100,380,"covariates only",9.33312018457362,0.759431831501188,0.000614537165507514,0,1
"Fixed mixed-signal covariate-driven SAR design, lambda = 2",100,381,"network only",-13.5966624345509,-1.45425314969138,0.0514434986326838,1,0
"Fixed mixed-signal covariate-driven SAR design, lambda = 2",100,382,"network only",-9.97551046210488,-1.10466022641029,0.0255668922987088,1,0
"Fixed mixed-signal covariate-driven SAR design, lambda = 2",100,383,"network only",-1.95430210979396,-0.330277461624838,0.00543322410374929,1,0
"Fixed mixed-signal covariate-driven SAR design, lambda = 2",100,384,"network only",-28.9644505073063,-2.93788874344686,1,1,0
"Fixed mixed-signal covariate-driven SAR design, lambda = 2",100,385,"network only",-16.0934020080759,-1.6952931537624,0.0833096259078158,1,0
"Fixed mixed-signal covariate-driven SAR design, lambda = 2",100,386,"network only",-4.37115171570014,-0.563604735732243,0.00866409317189396,0,1
"Fixed mixed-signal covariate-driven SAR design, lambda = 2",100,387,"network only",-10.3506741456647,-1.14087924451352,0.027487635382719,1,0
"Fixed mixed-signal covariate-driven SAR design, lambda = 2",100,388,"network only",0.105631931827847,-0.131407497354781,0.00365023951795149,0,1
"Fixed mixed-signal covariate-driven SAR design, lambda = 2",100,389,"network only",-12.3617515825308,-1.3350324989056,0.0405300141554859,1,0
"Fixed mixed-signal covariate-driven SAR design, lambda = 2",100,390,"network only",-8.58275337085508,-0.970200798400814,0.0195383536734205,1,0
"Fixed mixed-signal covariate-driven SAR design, lambda = 2",100,391,"both",3.20134946931151,0.167458982653902,0.00200784062122732,0,1
"Fixed mixed-signal covariate-driven SAR design, lambda = 2",100,392,"both",6.15085335356042,0.452209717494503,0.00113605116295742,0,1
"Fixed mixed-signal covariate-driven SAR design, lambda = 2",100,393,"both",9.82765016471854,0.807174699716747,0.000558572080822911,0,1
"Fixed mixed-signal covariate-driven SAR design, lambda = 2",100,394,"both",7.56975032485479,0.589192739417887,0.000863805469346847,0,1
"Fixed mixed-signal covariate-driven SAR design, lambda = 2",100,395,"both",19.6726165309634,1.75762654425911,8.34693903949152e-05,0,1
"Fixed mixed-signal covariate-driven SAR design, lambda = 2",100,396,"both",6.72060578911315,0.50721470513573,0.00101770325929248,0,1
"Fixed mixed-signal covariate-driven SAR design, lambda = 2",100,397,"both",10.2445858392348,0.847426465559051,0.00051536744925774,0,1
"Fixed mixed-signal covariate-driven SAR design, lambda = 2",100,398,"both",5.03677172809437,0.344654150872609,0.00140870309500053,0,1
"Fixed mixed-signal covariate-driven SAR design, lambda = 2",100,399,"both",10.0504156289929,0.82868090284059,0.000535055920316259,0,1
"Fixed mixed-signal covariate-driven SAR design, lambda = 2",100,400,"both",8.8102115908714,0.708949237765228,0.00067982444487694,0,1
