"scenario","replicate","geometry_source","expert","attainable_corr_min","attainable_corr_max","attainable_corr_span","target_corr_pct_low","target_corr_pct_high","target_corr_low","target_corr_high","achieved_corr_at_first_target","achieved_corr_at_second_target","ell_interval_low","ell_interval_high","log_ell_mean_unrounded","log_ell_sd_unrounded","ell_median","unit_kernel_mean_marginal_sd","effective_sd_target_center","effective_sd_target_low","effective_sd_target_high","sigma_raw_interval_low","sigma_raw_interval_high","log_sig_mean_unrounded","log_sig_sd_unrounded","sigma_raw_median","effective_sigma_median_check","mean_structure","log_ell_mean_active","log_ell_sd_active","log_sig_mean_active","log_sig_sd_active","calibration_label","active_prior_rounding","active_prior_digits","prior_calibration_runtime_sec"
"Fixed mixed-signal hidden-positive design",1,"regenerated_from_competing_seeds","cov",0,0.999990000064991,0.999990000064991,0.1,0.5,0.0999990000064991,0.499995000032496,0.0999989992745575,0.499995000030603,1.80345806620095,3.62499786962045,0.938779835181305,0.17810218360526,2.55685972394424,1,1.4142135623731,0.707106781186548,2.82842712474619,0.707106781186548,2.82842712474619,0.346573590279973,0.353653019151067,1.4142135623731,1.4142135623731,"baseline_only_beta0",0.94,0.18,0.35,0.35,"production_001",TRUE,2,0.315394163131714
"Fixed mixed-signal hidden-positive design",1,"regenerated_from_competing_seeds","network",1.152883315402e-07,0.945689223057661,0.94568910776933,0.1,0.5,0.0945690260652645,0.472844669172996,0.0945690260661399,0.472844669158904,0.167059557725352,0.252354662976055,-1.58316234260772,0.105227726671002,0.205324763208703,0.102142256751506,1.4142135623731,0.707106781186548,2.82842712474619,6.92276442360984,27.6910576944394,2.62796235359798,0.353653019151067,13.8455288472197,1.4142135623731,"baseline_only_beta0",-1.58,0.11,2.63,0.35,"production_001",TRUE,2,0.315394163131714
"Fixed mixed-signal hidden-positive design",2,"regenerated_from_competing_seeds","cov",0,0.999990000062645,0.999990000062645,0.1,0.5,0.0999990000062645,0.499995000031323,0.0999990007589205,0.49999500003129,1.80447015394626,3.63652371408521,0.940647603446261,0.178768896284617,2.56163980804963,1,1.4142135623731,0.707106781186548,2.82842712474619,0.707106781186548,2.82842712474619,0.346573590279973,0.353653019151067,1.4142135623731,1.4142135623731,"baseline_only_beta0",0.94,0.18,0.35,0.35,"production_002",TRUE,2,0.359732866287231
"Fixed mixed-signal hidden-positive design",2,"regenerated_from_competing_seeds","network",1.15529628882519e-07,0.960350877192999,0.96035076166337,0.1,0.5,0.0960351916959659,0.480175496361314,0.0960351916963347,0.480175498605224,0.176408954734433,0.263928592705441,-1.53351353374816,0.102775786054228,0.215776196934919,0.102083233114019,1.4142135623731,0.707106781186548,2.82842712474619,6.92676710578678,27.7070684231471,2.62854037781199,0.353653019151067,13.8535342115736,1.4142135623731,"baseline_only_beta0",-1.53,0.1,2.63,0.35,"production_002",TRUE,2,0.359732866287231
"Fixed mixed-signal hidden-positive design",3,"regenerated_from_competing_seeds","cov",0,0.999990000062389,0.999990000062389,0.1,0.5,0.099999000006239,0.499995000031195,0.099999000006228,0.499995000031112,1.80713127220242,3.63947458256158,0.94178999061921,0.178599881386424,2.56456786467679,1,1.4142135623731,0.707106781186548,2.82842712474619,0.707106781186548,2.82842712474619,0.346573590279973,0.353653019151067,1.4142135623731,1.4142135623731,"baseline_only_beta0",0.94,0.18,0.35,0.35,"production_003",TRUE,2,0.330419063568115
"Fixed mixed-signal hidden-positive design",3,"regenerated_from_competing_seeds","network",1.1616145431295e-07,0.945714285714303,0.945714169552849,0.1,0.5,0.0945715331167392,0.472857200937879,0.09457153311715,0.472857201078917,0.175106449687108,0.262771501567623,-1.53941582291868,0.103545465500436,0.214506374540378,0.109170695996919,1.4142135623731,0.707106781186548,2.82842712474619,6.47707495797687,25.9082998319075,2.56141619364063,0.353653019151067,12.9541499159537,1.41421356237309,"baseline_only_beta0",-1.54,0.1,2.56,0.35,"production_003",TRUE,2,0.330419063568115
"Fixed mixed-signal hidden-positive design",4,"regenerated_from_competing_seeds","cov",0,0.999990000063487,0.999990000063487,0.1,0.5,0.0999990000063487,0.499995000031743,0.0999990000063077,0.499995000031732,1.81058919571797,3.63375737978668,0.941959759296415,0.17771114532763,2.5650032849301,1,1.4142135623731,0.707106781186548,2.82842712474619,0.707106781186548,2.82842712474619,0.346573590279973,0.353653019151067,1.4142135623731,1.4142135623731,"baseline_only_beta0",0.94,0.18,0.35,0.35,"production_004",TRUE,2,0.403990030288696
"Fixed mixed-signal hidden-positive design",4,"regenerated_from_competing_seeds","network",1.17189986089675e-07,0.970187969924829,0.970187852734843,0.1,0.5,0.0970189024634704,0.485094043557408,0.0970189024641966,0.485094043557408,0.174807366850843,0.26091369949668,-1.54381812589992,0.102171543902222,0.213564128037287,0.102583948754105,1.4142135623731,0.707106781186548,2.82842712474619,6.89295732689615,27.5718293075846,2.62364739365598,0.353653019151067,13.7859146537923,1.4142135623731,"baseline_only_beta0",-1.54,0.1,2.62,0.35,"production_004",TRUE,2,0.403990030288696
"Fixed mixed-signal hidden-positive design",5,"regenerated_from_competing_seeds","cov",0,0.999990000062864,0.999990000062864,0.1,0.5,0.0999990000062864,0.499995000031432,0.0999990000062597,0.499995000031392,1.80937425708281,3.63702759509546,0.942073912242706,0.178111865223255,2.5652961043251,1,1.4142135623731,0.707106781186548,2.82842712474619,0.707106781186548,2.82842712474619,0.346573590279973,0.353653019151067,1.4142135623731,1.4142135623731,"baseline_only_beta0",0.94,0.18,0.35,0.35,"production_005",TRUE,2,0.422015905380249
"Fixed mixed-signal hidden-positive design",5,"regenerated_from_competing_seeds","network",1.16240211574991e-07,0.965275689223075,0.965275572982863,0.1,0.5,0.0965276735384979,0.482637902731643,0.0965276735394889,0.482637902728178,0.17180757358582,0.257960305027136,-1.5581648745247,0.103683186908547,0.21052205131095,0.105672671586391,1.4142135623731,0.707106781186548,2.82842712474619,6.69148201300524,26.765928052021,2.59398255677435,0.353653019151067,13.3829640260105,1.41421356237309,"baseline_only_beta0",-1.56,0.1,2.59,0.35,"production_005",TRUE,2,0.422015905380249
"Fixed mixed-signal hidden-positive design",6,"regenerated_from_competing_seeds","cov",0,0.999990000062153,0.999990000062153,0.1,0.5,0.0999990000062153,0.499995000031076,0.0999990000060959,0.499995000030895,1.81426926290412,3.64252405308078,0.944179819598393,0.177807880996698,2.57070407260217,1,1.4142135623731,0.707106781186548,2.82842712474619,0.707106781186548,2.82842712474619,0.346573590279973,0.353653019151067,1.4142135623731,1.4142135623731,"baseline_only_beta0",0.94,0.18,0.35,0.35,"production_006",TRUE,2,0.399842023849487
"Fixed mixed-signal hidden-positive design",6,"regenerated_from_competing_seeds","network",1.15655392628491e-07,0.965263157894755,0.965263042239362,0.1,0.5,0.0965264198793289,0.482631636775074,0.0965264198800807,0.482631636772501,0.165073962650409,0.251399821409896,-1.59103617012028,0.107310888654479,0.203714419542989,0.103130384129248,1.4142135623731,0.707106781186548,2.82842712474619,6.8564350570087,27.4257402280348,2.61833481623199,0.353653019151067,13.7128701140174,1.4142135623731,"baseline_only_beta0",-1.59,0.11,2.62,0.35,"production_006",TRUE,2,0.399842023849487
"Fixed mixed-signal hidden-positive design",7,"regenerated_from_competing_seeds","cov",0,0.999990000062651,0.999990000062651,0.1,0.5,0.0999990000062651,0.499995000031326,0.0999990005539759,0.49999500003129,1.80503234617496,3.6367431445206,0.940833526277961,0.178704821669131,2.56211611965377,1,1.4142135623731,0.707106781186548,2.82842712474619,0.707106781186548,2.82842712474619,0.346573590279973,0.353653019151067,1.4142135623731,1.4142135623731,"baseline_only_beta0",0.94,0.18,0.35,0.35,"production_007",TRUE,2,0.376328945159912
"Fixed mixed-signal hidden-positive design",7,"regenerated_from_competing_seeds","network",1.15765520325239e-07,0.960350877192983,0.960350761427462,0.1,0.5,0.0960351919082666,0.480175496479251,0.0960351919093685,0.48017549622571,0.170124931698228,0.255547277972717,-1.56778503247888,0.103796390452233,0.208506506399145,0.103619757842076,1.4142135623731,0.707106781186548,2.82842712474619,6.82405359665314,27.2962143866126,2.61360084485874,0.353653019151067,13.6481071933063,1.4142135623731,"baseline_only_beta0",-1.57,0.1,2.61,0.35,"production_007",TRUE,2,0.376328945159912
"Fixed mixed-signal hidden-positive design",8,"regenerated_from_competing_seeds","cov",0,0.99999000006096,0.99999000006096,0.1,0.5,0.099999000006096,0.49999500003048,0.0999990000048527,0.499995000029001,1.82540052875061,3.65459085911071,0.948891788823835,0.177091191878108,2.5828457341831,1,1.4142135623731,0.707106781186548,2.82842712474619,0.707106781186548,2.82842712474619,0.346573590279973,0.353653019151067,1.4142135623731,1.4142135623731,"baseline_only_beta0",0.95,0.18,0.35,0.35,"production_008",TRUE,2,0.404701948165894
"Fixed mixed-signal hidden-positive design",8,"regenerated_from_competing_seeds","network",1.14643539157853e-07,0.945701754385982,0.945701639742443,0.1,0.5,0.0945702786177834,0.472850934514761,0.0945702786186922,0.472850934443032,0.170814533692222,0.257296455638168,-1.56235162218671,0.104504617840871,0.209642491137878,0.105147560953075,1.4142135623731,0.707106781186548,2.82842712474619,6.72489951052804,26.8995980421121,2.59896416326379,0.353653019151067,13.4497990210561,1.41421356237309,"baseline_only_beta0",-1.56,0.1,2.6,0.35,"production_008",TRUE,2,0.404701948165894
"Fixed mixed-signal hidden-positive design",9,"regenerated_from_competing_seeds","cov",0,0.999990000062293,0.999990000062293,0.1,0.5,0.0999990000062293,0.499995000031146,0.0999990000061911,0.499995000031038,1.810444158167,3.64046865562839,0.942842315666925,0.178202309835902,2.56726804416143,1,1.4142135623731,0.707106781186548,2.82842712474619,0.707106781186548,2.82842712474619,0.346573590279973,0.353653019151067,1.4142135623731,1.4142135623731,"baseline_only_beta0",0.94,0.18,0.35,0.35,"production_009",TRUE,2,0.389159917831421
"Fixed mixed-signal hidden-positive design",9,"regenerated_from_competing_seeds","network",1.1448196956961e-07,0.94082706766919,0.94082695318722,0.1,0.5,0.0940828098006916,0.47041359107558,0.0940828098011103,0.470413593886974,0.176872930283554,0.263444413367957,-1.53311830022267,0.101637281898451,0.215861495777321,0.101029595804329,1.4142135623731,0.707106781186548,2.82842712474619,6.99900633628242,27.9960253451297,2.63891536757947,0.353653019151067,13.9980126725648,1.41421356237309,"baseline_only_beta0",-1.53,0.1,2.64,0.35,"production_009",TRUE,2,0.389159917831421
"Fixed mixed-signal hidden-positive design",10,"regenerated_from_competing_seeds","cov",0,0.999990000061486,0.999990000061486,0.1,0.5,0.0999990000061486,0.499995000030743,0.0999990000058599,0.499995000030166,1.81791257888281,3.6484564317505,0.94599654545705,0.177711243690422,2.57537858203122,1,1.4142135623731,0.707106781186548,2.82842712474619,0.707106781186548,2.82842712474619,0.346573590279973,0.353653019151067,1.4142135623731,1.4142135623731,"baseline_only_beta0",0.95,0.18,0.35,0.35,"production_010",TRUE,2,0.399797916412354
"Fixed mixed-signal hidden-positive design",10,"regenerated_from_competing_seeds","network",1.15806723265291e-07,0.950563909774452,0.950563793967729,0.1,0.5,0.0950564952034961,0.475282012790588,0.0950564952042543,0.475282011741408,0.168831923740717,0.256661257507241,-1.56942486034326,0.106852337248791,0.208164871807562,0.104354268128066,1.4142135623731,0.707106781186548,2.82842712474619,6.77602166035767,27.1040866414307,2.60653733453353,0.353653019151067,13.5520433207153,1.4142135623731,"baseline_only_beta0",-1.57,0.11,2.61,0.35,"production_010",TRUE,2,0.399797916412354
"Fixed mixed-signal hidden-positive design",11,"regenerated_from_competing_seeds","cov",0,0.999990000064839,0.999990000064839,0.1,0.5,0.0999990000064839,0.499995000032419,0.0999990000055309,0.499994999640764,1.79655898945539,3.62337211638057,0.936639139449976,0.178965521518474,2.55139211957423,1,1.4142135623731,0.707106781186548,2.82842712474619,0.707106781186548,2.82842712474619,0.346573590279973,0.353653019151067,1.4142135623731,1.4142135623731,"baseline_only_beta0",0.94,0.18,0.35,0.35,"production_011",TRUE,2,0.410478115081787
"Fixed mixed-signal hidden-positive design",11,"regenerated_from_competing_seeds","network",1.16817403585344e-07,0.975125313283225,0.975125196465821,0.1,0.5,0.0975126364639857,0.487562715050314,0.0975126364505224,0.487562714599208,0.178541301941232,0.26459591696257,-1.526243389752,0.10035487024388,0.217350637226651,0.102526033013696,1.4142135623731,0.707106781186548,2.82842712474619,6.89685107676107,27.5874043070443,2.62421212230984,0.353653019151067,13.7937021535221,1.4142135623731,"baseline_only_beta0",-1.53,0.1,2.62,0.35,"production_011",TRUE,2,0.410478115081787
"Fixed mixed-signal hidden-positive design",12,"regenerated_from_competing_seeds","cov",0,0.999990000064467,0.999990000064467,0.1,0.5,0.0999990000064467,0.499995000032234,0.0999989998174341,0.499994999747812,1.80064797706432,3.62363964988088,0.937812768128719,0.178404390849338,2.55438826437331,1,1.4142135623731,0.707106781186548,2.82842712474619,0.707106781186548,2.82842712474619,0.346573590279973,0.353653019151067,1.4142135623731,1.4142135623731,"baseline_only_beta0",0.94,0.18,0.35,0.35,"production_012",TRUE,2,0.449548006057739
"Fixed mixed-signal hidden-positive design",12,"regenerated_from_competing_seeds","network",1.14798141656262e-07,0.945689223057661,0.945689108259519,0.1,0.5,0.0945690256240936,0.472844668927901,0.0945690256248358,0.472844672501789,0.169114681713138,0.256291389660422,-1.56930922256257,0.106057551697722,0.208188944923212,0.103446479126184,1.4142135623731,0.707106781186548,2.82842712474619,6.83548427321553,27.3419370928621,2.61527450019606,0.353653019151067,13.6709685464311,1.4142135623731,"baseline_only_beta0",-1.57,0.11,2.62,0.35,"production_012",TRUE,2,0.449548006057739
"Fixed mixed-signal hidden-positive design",13,"regenerated_from_competing_seeds","cov",0,0.999990000062469,0.999990000062469,0.1,0.5,0.0999990000062469,0.499995000031235,0.0999990000062361,0.499995000031174,1.80715782304267,3.63838948218302,0.941648240699291,0.178520062536705,2.56420436315112,1,1.4142135623731,0.707106781186548,2.82842712474619,0.707106781186548,2.82842712474619,0.346573590279973,0.353653019151067,1.4142135623731,1.4142135623731,"baseline_only_beta0",0.94,0.18,0.35,0.35,"production_013",TRUE,2,0.270347118377686
"Fixed mixed-signal hidden-positive design",13,"regenerated_from_competing_seeds","network",1.15763173465615e-07,0.960363408521322,0.960363292758148,0.1,0.5,0.0960364450389883,0.480181762142248,0.0960364450396443,0.480181762768091,0.173032772852169,0.26021903361105,-1.5502529148128,0.104094437841821,0.21219429995792,0.107319063911795,1.4142135623731,0.707106781186548,2.82842712474619,6.58882732864419,26.3553093145768,2.57852256614493,0.353653019151067,13.1776546572884,1.4142135623731,"baseline_only_beta0",-1.55,0.1,2.58,0.35,"production_013",TRUE,2,0.270347118377686
"Fixed mixed-signal hidden-positive design",14,"regenerated_from_competing_seeds","cov",0,0.999990000062955,0.999990000062955,0.1,0.5,0.0999990000062955,0.499995000031478,0.0999990000062642,0.499995000031448,1.80981348231464,3.63613515203694,0.942072568837283,0.177987340617495,2.56529265809472,1,1.4142135623731,0.707106781186548,2.82842712474619,0.707106781186548,2.82842712474619,0.346573590279973,0.353653019151067,1.4142135623731,1.4142135623731,"baseline_only_beta0",0.94,0.18,0.35,0.35,"production_014",TRUE,2,0.374420881271362
"Fixed mixed-signal hidden-positive design",14,"regenerated_from_competing_seeds","network",1.14272612090955e-07,0.940827067669189,0.940826953396577,0.1,0.5,0.0940828096122698,0.4704135909709,0.0940828096129032,0.470413590960024,0.165607986163926,0.252710375540923,-1.58682150963384,0.107813360142927,0.204574818528727,0.102774295620642,1.4142135623731,0.707106781186548,2.82842712474619,6.88019097495549,27.520763899822,2.62179359010767,0.353653019151067,13.760381949911,1.4142135623731,"baseline_only_beta0",-1.59,0.11,2.62,0.35,"production_014",TRUE,2,0.374420881271362
"Fixed mixed-signal hidden-positive design",15,"regenerated_from_competing_seeds","cov",0,0.999990000061017,0.999990000061017,0.1,0.5,0.0999990000061017,0.499995000030509,0.0999990000046512,0.499995000029123,1.82649274453809,3.6540883450475,0.949122115102393,0.17690351604552,2.58344069994464,1,1.4142135623731,0.707106781186548,2.82842712474619,0.707106781186548,2.82842712474619,0.346573590279973,0.353653019151067,1.4142135623731,1.4142135623731,"baseline_only_beta0",0.95,0.18,0.35,0.35,"production_015",TRUE,2,0.304907083511353
"Fixed mixed-signal hidden-positive design",15,"regenerated_from_competing_seeds","network",1.15861534843213e-07,0.965263157894737,0.965263042033202,0.1,0.5,0.096526420064855,0.482631636878136,0.0965264200655245,0.48263163687527,0.169221711637025,0.256381649904169,-1.56881682270385,0.105985977094053,0.208291482372919,0.101815454619319,1.4142135623731,0.707106781186548,2.82842712474619,6.9449847651358,27.7799390605432,2.63116696311889,0.353653019151067,13.8899695302716,1.41421356237309,"baseline_only_beta0",-1.57,0.11,2.63,0.35,"production_015",TRUE,2,0.304907083511353
"Fixed mixed-signal hidden-positive design",16,"regenerated_from_competing_seeds","cov",0,0.99999000006314,0.99999000006314,0.1,0.5,0.099999000006314,0.49999500003157,0.099998999750873,0.499995000031564,1.80121563393158,3.63246888214085,0.939187169525545,0.178944808758403,2.55790143287072,1,1.4142135623731,0.707106781186548,2.82842712474619,0.707106781186548,2.82842712474619,0.346573590279973,0.353653019151067,1.4142135623731,1.4142135623731,"baseline_only_beta0",0.94,0.18,0.35,0.35,"production_016",TRUE,2,0.378688097000122
"Fixed mixed-signal hidden-positive design",16,"regenerated_from_competing_seeds","network",1.15181427967267e-07,0.955451127819566,0.955451012638138,0.1,0.5,0.0955452164452418,0.477725621500497,0.0955452164461061,0.477725619131544,0.171786921648505,0.258346760647846,-1.55747648036061,0.104095748199266,0.210667023355713,0.102080178329065,1.4142135623731,0.707106781186548,2.82842712474619,6.92697439170928,27.7078975668371,2.62857030271315,0.353653019151067,13.8539487834186,1.41421356237309,"baseline_only_beta0",-1.56,0.1,2.63,0.35,"production_016",TRUE,2,0.378688097000122
"Fixed mixed-signal hidden-positive design",17,"regenerated_from_competing_seeds","cov",0,0.999990000061171,0.999990000061171,0.1,0.5,0.0999990000061171,0.499995000030585,0.0999990000044477,0.499995000029308,1.82730560932487,3.6534215026937,0.949253331883603,0.176743449042119,2.58377971295935,1,1.4142135623731,0.707106781186548,2.82842712474619,0.707106781186548,2.82842712474619,0.346573590279973,0.353653019151067,1.4142135623731,1.4142135623731,"baseline_only_beta0",0.95,0.18,0.35,0.35,"production_017",TRUE,2,0.366317987442017
"Fixed mixed-signal hidden-positive design",17,"regenerated_from_competing_seeds","network",1.16015963663598e-07,0.960350877192999,0.960350761177036,0.1,0.5,0.0960351921336672,0.480175496604481,0.0960351921342176,0.480175496576787,0.164756393517756,0.251458794778329,-1.59188171984286,0.107861971335007,0.203542241674791,0.103759797210874,1.4142135623731,0.707106781186548,2.82842712474619,6.81484351544632,27.2593740617853,2.61225028366144,0.353653019151067,13.6296870308926,1.4142135623731,"baseline_only_beta0",-1.59,0.11,2.61,0.35,"production_017",TRUE,2,0.366317987442017
"Fixed mixed-signal hidden-positive design",18,"regenerated_from_competing_seeds","cov",0,0.999990000063301,0.999990000063301,0.1,0.5,0.0999990000063301,0.49999500003165,0.0999989996442063,0.499995000031649,1.80191195679354,3.63053482991196,0.939114136437579,0.178710343563985,2.5577146282519,1,1.4142135623731,0.707106781186548,2.82842712474619,0.707106781186548,2.82842712474619,0.346573590279973,0.353653019151067,1.4142135623731,1.4142135623731,"baseline_only_beta0",0.94,0.18,0.35,0.35,"production_018",TRUE,2,0.39880895614624
"Fixed mixed-signal hidden-positive design",18,"regenerated_from_competing_seeds","network",1.16049051869747e-07,0.965263157894754,0.965263041845703,0.1,0.5,0.0965264202336221,0.482631636971903,0.096526420234643,0.482631636971906,0.174177251773133,0.259630019293279,-1.5480897370209,0.101834561492251,0.212653810777773,0.102303525400407,1.4142135623731,0.707106781186548,2.82842712474619,6.9118515556428,27.6474062225712,2.62638473550625,0.353653019151067,13.8237031112856,1.4142135623731,"baseline_only_beta0",-1.55,0.1,2.63,0.35,"production_018",TRUE,2,0.39880895614624
"Fixed mixed-signal hidden-positive design",19,"regenerated_from_competing_seeds","cov",0,0.999990000062927,0.999990000062927,0.1,0.5,0.0999990000062927,0.499995000031464,0.0999990000062643,0.499995000031428,1.80955072522714,3.63668449763834,0.942075505316716,0.178062919374842,2.56530019103491,1,1.4142135623731,0.707106781186548,2.82842712474619,0.707106781186548,2.82842712474619,0.346573590279973,0.353653019151067,1.4142135623731,1.4142135623731,"baseline_only_beta0",0.94,0.18,0.35,0.35,"production_019",TRUE,2,0.30060601234436
"Fixed mixed-signal hidden-positive design",19,"regenerated_from_competing_seeds","network",1.14898877977526e-07,0.945701754385965,0.945701639487087,0.1,0.5,0.0945702788475867,0.472850934642421,0.0945702788479664,0.472850932177589,0.177379881045821,0.264388925302323,-1.52989784184111,0.101820128015026,0.216557789331066,0.10554805606427,1.4142135623731,0.707106781186548,2.82842712474619,6.69938232454021,26.7975292981608,2.59516251233994,0.353653019151067,13.3987646490804,1.4142135623731,"baseline_only_beta0",-1.53,0.1,2.6,0.35,"production_019",TRUE,2,0.30060601234436
"Fixed mixed-signal hidden-positive design",20,"regenerated_from_competing_seeds","cov",0,0.999990000062774,0.999990000062774,0.1,0.5,0.0999990000062774,0.499995000031387,0.0999990005925243,0.49999500003136,1.8049469319779,3.63597653527463,0.940704456817984,0.178663112584582,2.56178545004994,1,1.4142135623731,0.707106781186548,2.82842712474619,0.707106781186548,2.82842712474619,0.346573590279973,0.353653019151067,1.4142135623731,1.4142135623731,"baseline_only_beta0",0.94,0.18,0.35,0.35,"production_020",TRUE,2,0.433718204498291
"Fixed mixed-signal hidden-positive design",20,"regenerated_from_competing_seeds","network",1.15322564446011e-07,0.960350877193001,0.960350761870436,0.1,0.5,0.0960351915096081,0.480175496257783,0.0960351915010257,0.480175496240213,0.158443623728675,0.24451424648436,-1.6254190695628,0.110684363253077,0.196829172802886,0.104050848433223,1.4142135623731,0.707106781186548,2.82842712474619,6.79578102277897,27.1831240911159,2.60944916236419,0.353653019151067,13.591562045558,1.4142135623731,"baseline_only_beta0",-1.63,0.11,2.61,0.35,"production_020",TRUE,2,0.433718204498291
"Fixed mixed-signal hidden-positive design",21,"regenerated_from_competing_seeds","cov",0,0.999990000061537,0.999990000061537,0.1,0.5,0.0999990000061537,0.499995000030769,0.0999990000055117,0.499995000030093,1.82170816202341,3.64928647056942,0.947153136228413,0.17723719796928,2.57835896434106,1,1.4142135623731,0.707106781186548,2.82842712474619,0.707106781186548,2.82842712474619,0.346573590279973,0.353653019151067,1.4142135623731,1.4142135623731,"baseline_only_beta0",0.95,0.18,0.35,0.35,"production_021",TRUE,2,0.443146944046021
"Fixed mixed-signal hidden-positive design",21,"regenerated_from_competing_seeds","network",1.17073990452853e-07,0.990012531328338,0.990012414254348,0.1,0.5,0.0990013584994252,0.495006324201164,0.0990013585003281,0.495006324201164,0.175232913223161,0.260957513478475,-1.5425184628891,0.101594108841915,0.213841869881241,0.102964141547221,1.4142135623731,0.707106781186548,2.82842712474619,6.86750523591025,27.470020943641,2.61994808196562,0.353653019151067,13.7350104718205,1.4142135623731,"baseline_only_beta0",-1.54,0.1,2.62,0.35,"production_021",TRUE,2,0.443146944046021
"Fixed mixed-signal hidden-positive design",22,"regenerated_from_competing_seeds","cov",0,0.99999000006245,0.99999000006245,0.1,0.5,0.099999000006245,0.499995000031225,0.0999990007681727,0.499995000031178,1.80448861497776,3.6375900488189,0.940799311860893,0.178841080134237,2.5620284598439,1,1.4142135623731,0.707106781186548,2.82842712474619,0.707106781186548,2.82842712474619,0.346573590279973,0.353653019151067,1.4142135623731,1.4142135623731,"baseline_only_beta0",0.94,0.18,0.35,0.35,"production_022",TRUE,2,0.396564960479736
"Fixed mixed-signal hidden-positive design",22,"regenerated_from_competing_seeds","network",1.15002805546032e-07,0.940839598997511,0.940839483994705,0.1,0.5,0.0940840634022761,0.470419857000158,0.0940840634027396,0.470419857000159,0.175364776321942,0.26257257692335,-1.53905739500176,0.102976200045668,0.214583273393896,0.105253152465112,1.4142135623731,0.707106781186548,2.82842712474619,6.71815299233843,26.8726119693537,2.59796044498559,0.353653019151067,13.4363059846769,1.4142135623731,"baseline_only_beta0",-1.54,0.1,2.6,0.35,"production_022",TRUE,2,0.396564960479736
"Fixed mixed-signal hidden-positive design",23,"regenerated_from_competing_seeds","cov",0,0.999990000061503,0.999990000061503,0.1,0.5,0.0999990000061503,0.499995000030751,0.0999990000060447,0.499995000030282,1.8138192254484,3.64735423631707,0.944718364752843,0.17820923036917,2.57208888568272,1,1.4142135623731,0.707106781186548,2.82842712474619,0.707106781186548,2.82842712474619,0.346573590279973,0.353653019151067,1.4142135623731,1.4142135623731,"baseline_only_beta0",0.94,0.18,0.35,0.35,"production_023",TRUE,2,0.405769109725952
"Fixed mixed-signal hidden-positive design",23,"regenerated_from_competing_seeds","network",1.16607409351412e-07,0.975125313283226,0.975125196675817,0.1,0.5,0.097512636274991,0.487562714945318,0.0975126362628958,0.487562714942877,0.179400240544462,0.266846380859738,-1.51960906363837,0.101291108641983,0.218797406096727,0.104552343463161,1.4142135623731,0.707106781186548,2.82842712474619,6.76318442767089,27.0527377106835,2.60464102887865,0.353653019151067,13.5263688553418,1.4142135623731,"baseline_only_beta0",-1.52,0.1,2.6,0.35,"production_023",TRUE,2,0.405769109725952
"Fixed mixed-signal hidden-positive design",24,"regenerated_from_competing_seeds","cov",0,0.999990000062012,0.999990000062012,0.1,0.5,0.0999990000062012,0.499995000031006,0.0999990000058052,0.499995000030661,1.81930555486278,3.64548709052781,0.945972427031612,0.17730813665969,2.57531646870396,1,1.4142135623731,0.707106781186548,2.82842712474619,0.707106781186548,2.82842712474619,0.346573590279973,0.353653019151067,1.4142135623731,1.4142135623731,"baseline_only_beta0",0.95,0.18,0.35,0.35,"production_024",TRUE,2,0.356690168380737
"Fixed mixed-signal hidden-positive design",24,"regenerated_from_competing_seeds","network",1.16057562105975e-07,0.955463659147888,0.955463543090326,0.1,0.5,0.0955464703665947,0.477731887602725,0.0955464703670984,0.477731887592148,0.162183175310993,0.248301536339522,-1.60607013489057,0.108654412793212,0.200674690975573,0.108538053529692,1.4142135623731,0.707106781186548,2.82842712474619,6.51482828548339,26.0593131419336,2.56722803399484,0.353653019151067,13.0296565709668,1.4142135623731,"baseline_only_beta0",-1.61,0.11,2.57,0.35,"production_024",TRUE,2,0.356690168380737
"Fixed mixed-signal hidden-positive design",25,"regenerated_from_competing_seeds","cov",0,0.999990000061959,0.999990000061959,0.1,0.5,0.0999990000061959,0.49999500003098,0.099999000006106,0.499995000030721,1.81316473379885,3.64418914094866,0.94410383650209,0.178079826498143,2.57050874996776,1,1.4142135623731,0.707106781186548,2.82842712474619,0.707106781186548,2.82842712474619,0.346573590279973,0.353653019151067,1.4142135623731,1.4142135623731,"baseline_only_beta0",0.94,0.18,0.35,0.35,"production_025",TRUE,2,0.285218000411987
"Fixed mixed-signal hidden-positive design",25,"regenerated_from_competing_seeds","network",1.16323831852419e-07,0.965263157894753,0.965263041570922,0.1,0.5,0.096526420480924,0.482631637109293,0.0965264204815822,0.482631637109293,0.174961564772681,0.261668871248028,-1.54193219190141,0.102683910896969,0.213967275922876,0.103588237730151,1.4142135623731,0.707106781186548,2.82842712474619,6.82613003832125,27.304520153285,2.61390508130561,0.353653019151067,13.6522600766425,1.41421356237309,"baseline_only_beta0",-1.54,0.1,2.61,0.35,"production_025",TRUE,2,0.285218000411987
"Fixed mixed-signal hidden-positive design",26,"regenerated_from_competing_seeds","cov",0,0.999990000062052,0.999990000062052,0.1,0.5,0.0999990000062052,0.499995000031026,0.0999990000061636,0.499995000030858,1.81072210104157,3.64228996952591,0.943169156458575,0.178290745465347,2.56810726922039,1,1.4142135623731,0.707106781186548,2.82842712474619,0.707106781186548,2.82842712474619,0.346573590279973,0.353653019151067,1.4142135623731,1.4142135623731,"baseline_only_beta0",0.94,0.18,0.35,0.35,"production_026",TRUE,2,0.325599193572998
"Fixed mixed-signal hidden-positive design",26,"regenerated_from_competing_seeds","network",1.16169151441138e-07,0.955451127819567,0.955451011650415,0.1,0.5,0.095545217334193,0.477725621994359,0.0955452173347798,0.477725624848701,0.177021026573744,0.262884285381527,-1.53376404121176,0.100880791488867,0.215722150156962,0.101711815961447,1.4142135623731,0.707106781186548,2.82842712474619,6.95206131659836,27.8082452663935,2.63218538847815,0.353653019151067,13.9041226331967,1.4142135623731,"baseline_only_beta0",-1.53,0.1,2.63,0.35,"production_026",TRUE,2,0.325599193572998
"Fixed mixed-signal hidden-positive design",27,"regenerated_from_competing_seeds","cov",0,0.999990000062101,0.999990000062101,0.1,0.5,0.0999990000062101,0.499995000031051,0.0999990000061444,0.499995000030884,1.81218219088683,3.64221204573445,0.943561475678124,0.178079663207028,2.56911498472012,1,1.4142135623731,0.707106781186548,2.82842712474619,0.707106781186548,2.82842712474619,0.346573590279973,0.353653019151067,1.4142135623731,1.4142135623731,"baseline_only_beta0",0.94,0.18,0.35,0.35,"production_027",TRUE,2,0.36632513999939
"Fixed mixed-signal hidden-positive design",27,"regenerated_from_competing_seeds","network",1.15162449425643e-07,0.950563909774453,0.950563794612004,0.1,0.5,0.0950564946236498,0.475282012468451,0.0950564946244216,0.475282012468452,0.173539428525361,0.259930469768465,-1.54934577968159,0.103065502007568,0.212386876195183,0.102009526007696,1.4142135623731,0.707106781186548,2.82842712474619,6.93177204973191,27.7270881989276,2.62926266810631,0.353653019151067,13.8635440994638,1.4142135623731,"baseline_only_beta0",-1.55,0.1,2.63,0.35,"production_027",TRUE,2,0.36632513999939
"Fixed mixed-signal hidden-positive design",28,"regenerated_from_competing_seeds","cov",0,0.99999000006188,0.99999000006188,0.1,0.5,0.099999000006188,0.49999500003094,0.099999000006035,0.499995000030622,1.81516317008914,3.64517546916744,0.944789934271379,0.177867844751065,2.57227297543343,1,1.4142135623731,0.707106781186548,2.82842712474619,0.707106781186548,2.82842712474619,0.346573590279973,0.353653019151067,1.4142135623731,1.4142135623731,"baseline_only_beta0",0.94,0.18,0.35,0.35,"production_028",TRUE,2,0.295840978622437
"Fixed mixed-signal hidden-positive design",28,"regenerated_from_competing_seeds","network",1.16667173304633e-07,0.960363408521322,0.960363291854148,0.1,0.5,0.0960364458525881,0.480181762594247,0.0960364458533015,0.480181760397684,0.171613817041885,0.258790606112747,-1.557122295578,0.104790844280659,0.210741651624902,0.106219149269697,1.4142135623731,0.707106781186548,2.82842712474619,6.65705558788804,26.6282223515522,2.58882446343478,0.353653019151067,13.3141111757761,1.4142135623731,"baseline_only_beta0",-1.56,0.1,2.59,0.35,"production_028",TRUE,2,0.295840978622437
"Fixed mixed-signal hidden-positive design",29,"regenerated_from_competing_seeds","cov",0,0.999990000062929,0.999990000062929,0.1,0.5,0.0999990000062929,0.499995000031464,0.0999990000062687,0.499995000031435,1.80913150442174,3.63612756341205,0.941883078728449,0.178082956202861,2.56480660656218,1,1.4142135623731,0.707106781186548,2.82842712474619,0.707106781186548,2.82842712474619,0.346573590279973,0.353653019151067,1.4142135623731,1.4142135623731,"baseline_only_beta0",0.94,0.18,0.35,0.35,"production_029",TRUE,2,0.364305019378662
"Fixed mixed-signal hidden-positive design",29,"regenerated_from_competing_seeds","network",1.14887351912998e-07,0.955451127819566,0.955451012932214,0.1,0.5,0.0955452161805734,0.477725621353459,0.095545216181334,0.477725621636288,0.167862381939221,0.255299695499831,-1.57496396892199,0.106964629516222,0.207015011520806,0.103904542073683,1.4142135623731,0.707106781186548,2.82842712474619,6.80535005568004,27.2214002227202,2.61085625629258,0.353653019151067,13.6107001113601,1.4142135623731,"baseline_only_beta0",-1.57,0.11,2.61,0.35,"production_029",TRUE,2,0.364305019378662
"Fixed mixed-signal hidden-positive design",30,"regenerated_from_competing_seeds","cov",0,0.99999000006354,0.99999000006354,0.1,0.5,0.099999000006354,0.49999500003177,0.0999990000063316,0.499995000031762,1.80888940991082,3.63299217414804,0.941384835203642,0.17789702600739,2.56352902657748,1,1.4142135623731,0.707106781186548,2.82842712474619,0.707106781186548,2.82842712474619,0.346573590279973,0.353653019151067,1.4142135623731,1.4142135623731,"baseline_only_beta0",0.94,0.18,0.35,0.35,"production_030",TRUE,2,0.384567975997925
"Fixed mixed-signal hidden-positive design",30,"regenerated_from_competing_seeds","network",1.14127570572969e-07,0.945701754385982,0.945701640258412,0.1,0.5,0.0945702781534117,0.472850934256776,0.0945702781543137,0.472850934255193,0.169619971420749,0.256695542599682,-1.56702968101696,0.105698434846557,0.208664061590854,0.105787636463891,1.4142135623731,0.707106781186548,2.82842712474619,6.684210034581,26.736840138324,2.59289521428547,0.353653019151067,13.368420069162,1.4142135623731,"baseline_only_beta0",-1.57,0.11,2.59,0.35,"production_030",TRUE,2,0.384567975997925
"Fixed mixed-signal hidden-positive design",31,"regenerated_from_competing_seeds","cov",0,0.99999000006302,0.99999000006302,0.1,0.5,0.099999000006302,0.49999500003151,0.099998999615799,0.499995000031502,1.80205306251166,3.63309368518793,0.939505572696981,0.1788701069279,2.55871600647369,1,1.4142135623731,0.707106781186548,2.82842712474619,0.707106781186548,2.82842712474619,0.346573590279973,0.353653019151067,1.4142135623731,1.4142135623731,"baseline_only_beta0",0.94,0.18,0.35,0.35,"production_031",TRUE,2,0.307423114776611
"Fixed mixed-signal hidden-positive design",31,"regenerated_from_competing_seeds","network",1.14391855403144e-07,0.950563909774452,0.950563795382596,0.1,0.5,0.0950564939301151,0.475282012083154,0.0950564939307977,0.475282014196087,0.170429307344644,0.257520981211371,-1.56304438484088,0.105303110007977,0.209497308943497,0.102389208406571,1.4142135623731,0.707106781186548,2.82842712474619,6.90606746737159,27.6242698694863,2.62554754886485,0.353653019151067,13.8121349347432,1.4142135623731,"baseline_only_beta0",-1.56,0.11,2.63,0.35,"production_031",TRUE,2,0.307423114776611
"Fixed mixed-signal hidden-positive design",32,"regenerated_from_competing_seeds","cov",0,0.999990000061743,0.999990000061743,0.1,0.5,0.0999990000061743,0.499995000030872,0.099999000005417,0.49999500003032,1.82256454083275,3.64802740029854,0.947215590427784,0.177029269690518,2.57851999871446,1,1.4142135623731,0.707106781186548,2.82842712474619,0.707106781186548,2.82842712474619,0.346573590279973,0.353653019151067,1.4142135623731,1.4142135623731,"baseline_only_beta0",0.95,0.18,0.35,0.35,"production_032",TRUE,2,0.351528167724609
"Fixed mixed-signal hidden-positive design",32,"regenerated_from_competing_seeds","network",1.16972932911058e-07,0.975125313283227,0.975125196310294,0.1,0.5,0.0975126366039623,0.48756271512808,0.0975126366047435,0.487562715128081,0.172346267661147,0.25954243101398,-1.55354236046154,0.104444409685494,0.211497445102678,0.103539693364948,1.4142135623731,0.707106781186548,2.82842712474619,6.82933045488362,27.3173218195345,2.61437381930571,0.353653019151067,13.6586609097672,1.4142135623731,"baseline_only_beta0",-1.55,0.1,2.61,0.35,"production_032",TRUE,2,0.351528167724609
"Fixed mixed-signal hidden-positive design",33,"regenerated_from_competing_seeds","cov",0,0.999990000063726,0.999990000063726,0.1,0.5,0.0999990000063726,0.499995000031863,0.099999000006354,0.49999500003186,1.80837938603848,3.63135226513421,0.941018090552417,0.177853785035932,2.56258903839708,1,1.4142135623731,0.707106781186548,2.82842712474619,0.707106781186548,2.82842712474619,0.346573590279973,0.353653019151067,1.4142135623731,1.4142135623731,"baseline_only_beta0",0.94,0.18,0.35,0.35,"production_033",TRUE,2,0.373483896255493
"Fixed mixed-signal hidden-positive design",33,"regenerated_from_competing_seeds","network",1.17423419877975e-07,0.980075187969943,0.980075070546523,0.1,0.5,0.0980076244780722,0.490037652696681,0.0980076244788113,0.490037653732742,0.174621606614788,0.260603981489692,-1.54494361512543,0.102139774231054,0.213323899125111,0.102301424095985,1.4142135623731,0.707106781186548,2.82842712474619,6.91199352731493,27.6479741092597,2.62640527561956,0.353653019151067,13.8239870546299,1.4142135623731,"baseline_only_beta0",-1.54,0.1,2.63,0.35,"production_033",TRUE,2,0.373483896255493
"Fixed mixed-signal hidden-positive design",34,"regenerated_from_competing_seeds","cov",0,0.999990000062865,0.999990000062865,0.1,0.5,0.0999990000062865,0.499995000031433,0.0999990000062735,0.499995000031398,1.80755940043178,3.63659795177741,0.941513076899307,0.178337735711565,2.56385779896745,1,1.4142135623731,0.707106781186548,2.82842712474619,0.707106781186548,2.82842712474619,0.346573590279973,0.353653019151067,1.4142135623731,1.4142135623731,"baseline_only_beta0",0.94,0.18,0.35,0.35,"production_034",TRUE,2,0.396893978118896
"Fixed mixed-signal hidden-positive design",34,"regenerated_from_competing_seeds","network",1.18044655659068e-07,0.975137844611529,0.975137726566873,0.1,0.5,0.097513890701343,0.487568981328092,0.0975138906863112,0.487568981352821,0.180111872741809,0.265400774806794,-1.52034567180798,0.0988954060590886,0.218636297484152,0.10541405532308,1.4142135623731,0.707106781186548,2.82842712474619,6.70789847728904,26.8315939091562,2.59643288983408,0.353653019151067,13.4157969545781,1.4142135623731,"baseline_only_beta0",-1.52,0.1,2.6,0.35,"production_034",TRUE,2,0.396893978118896
"Fixed mixed-signal hidden-positive design",35,"regenerated_from_competing_seeds","cov",0,0.999990000061644,0.999990000061644,0.1,0.5,0.0999990000061644,0.499995000030822,0.0999990000053485,0.499995000030212,1.82298356812443,3.6486277596568,0.947412811328607,0.177012604341057,2.57902858690186,1,1.4142135623731,0.707106781186548,2.82842712474619,0.707106781186548,2.82842712474619,0.346573590279973,0.353653019151067,1.4142135623731,1.4142135623731,"baseline_only_beta0",0.95,0.18,0.35,0.35,"production_035",TRUE,2,0.418485879898071
"Fixed mixed-signal hidden-positive design",35,"regenerated_from_competing_seeds","network",1.15756145633806e-07,0.970187969924829,0.970187854168683,0.1,0.5,0.0970189011730139,0.485094042840487,0.0970189011736734,0.485094042833357,0.164198004677274,0.250589806149523,-1.59531007447158,0.107844920118981,0.202845621501221,0.103748528762632,1.4142135623731,0.707106781186548,2.82842712474619,6.81558369665507,27.2623347866203,2.61235889085298,0.353653019151067,13.6311673933101,1.4142135623731,"baseline_only_beta0",-1.6,0.11,2.61,0.35,"production_035",TRUE,2,0.418485879898071
"Fixed mixed-signal hidden-positive design",36,"regenerated_from_competing_seeds","cov",0,0.999990000061609,0.999990000061609,0.1,0.5,0.0999990000061609,0.499995000030804,0.0999990000053209,0.499995000030136,1.82317363337006,3.64916586822801,0.947538674668846,0.177023629154893,2.57935321248318,1,1.4142135623731,0.707106781186548,2.82842712474619,0.707106781186548,2.82842712474619,0.346573590279973,0.353653019151067,1.4142135623731,1.4142135623731,"baseline_only_beta0",0.95,0.18,0.35,0.35,"production_036",TRUE,2,0.37765908241272
"Fixed mixed-signal hidden-positive design",36,"regenerated_from_competing_seeds","network",1.16112109136201e-07,0.965263157894755,0.965263041782646,0.1,0.5,0.0965264202903738,0.482631637003432,0.096526420290993,0.48263163748699,0.176147644751084,0.261918785368289,-1.53807677388494,0.101203885716563,0.21479380149038,0.101234830245253,1.4142135623731,0.707106781186548,2.82842712474619,6.98481717679085,27.9392687071634,2.63688599923855,0.353653019151067,13.9696343535817,1.4142135623731,"baseline_only_beta0",-1.54,0.1,2.64,0.35,"production_036",TRUE,2,0.37765908241272
"Fixed mixed-signal hidden-positive design",37,"regenerated_from_competing_seeds","cov",0,0.999990000062101,0.999990000062101,0.1,0.5,0.0999990000062101,0.49999500003105,0.0999990000052472,0.499995000030598,1.82378469178839,3.64677813358962,0.947378958779216,0.176771164475527,2.578941281687,1,1.4142135623731,0.707106781186548,2.82842712474619,0.707106781186548,2.82842712474619,0.346573590279973,0.353653019151067,1.4142135623731,1.4142135623731,"baseline_only_beta0",0.95,0.18,0.35,0.35,"production_037",TRUE,2,0.384407997131348
"Fixed mixed-signal hidden-positive design",37,"regenerated_from_competing_seeds","network",1.15495835917345e-07,0.950563909774453,0.950563794278617,0.1,0.5,0.0950564949236976,0.475282012635144,0.0950564949243035,0.475282015938349,0.173789961690646,0.260404044196235,-1.54771433185054,0.103161841434129,0.21273365710426,0.10148069220458,1.4142135623731,0.707106781186548,2.82842712474619,6.9678947376616,27.8715789506464,2.63446031346068,0.353653019151067,13.9357894753232,1.4142135623731,"baseline_only_beta0",-1.55,0.1,2.63,0.35,"production_037",TRUE,2,0.384407997131348
"Fixed mixed-signal hidden-positive design",38,"regenerated_from_competing_seeds","cov",0,0.999990000062142,0.999990000062142,0.1,0.5,0.0999990000062142,0.499995000031071,0.0999990000061962,0.499995000030945,1.8083894565418,3.6411180716758,0.942363721592325,0.178537502831708,2.56603965886,1,1.4142135623731,0.707106781186548,2.82842712474619,0.707106781186548,2.82842712474619,0.346573590279973,0.353653019151067,1.4142135623731,1.4142135623731,"baseline_only_beta0",0.94,0.18,0.35,0.35,"production_038",TRUE,2,0.363269090652466
"Fixed mixed-signal hidden-positive design",38,"regenerated_from_competing_seeds","network",1.17710176312045e-07,0.985037593984982,0.985037476274805,0.1,0.5,0.0985038653376569,0.492518855847579,0.0985038653384834,0.492518855847578,0.173357462003454,0.259603243709727,-1.55050018054858,0.103011781308552,0.212141838064495,0.102785339242631,1.4142135623731,0.707106781186548,2.82842712474619,6.87945174279556,27.5178069711822,2.62168614078274,0.353653019151067,13.7589034855911,1.4142135623731,"baseline_only_beta0",-1.55,0.1,2.62,0.35,"production_038",TRUE,2,0.363269090652466
"Fixed mixed-signal hidden-positive design",39,"regenerated_from_competing_seeds","cov",0,0.999990000064505,0.999990000064505,0.1,0.5,0.0999990000064505,0.499995000032253,0.0999989994599556,0.499995000032514,1.80274288071312,3.62513560269112,0.938600511463433,0.178213062350968,2.55640125946047,1,1.4142135623731,0.707106781186548,2.82842712474619,0.707106781186548,2.82842712474619,0.346573590279973,0.353653019151067,1.4142135623731,1.4142135623731,"baseline_only_beta0",0.94,0.18,0.35,0.35,"production_039",TRUE,2,0.418926000595093
"Fixed mixed-signal hidden-positive design",39,"regenerated_from_competing_seeds","network",1.1761997064299e-07,0.990012531328339,0.990012413708368,0.1,0.5,0.0990013589908075,0.495006324474155,0.0990013589917279,0.49500632447054,0.168953013407337,0.25591982704506,-1.57051284452442,0.105931428844908,0.207938514878671,0.104737936708218,1.4142135623731,0.707106781186548,2.82842712474619,6.7512002184693,27.0048008738772,2.60286747978163,0.353653019151067,13.5024004369386,1.4142135623731,"baseline_only_beta0",-1.57,0.11,2.6,0.35,"production_039",TRUE,2,0.418926000595093
"Fixed mixed-signal hidden-positive design",40,"regenerated_from_competing_seeds","cov",0,0.999990000063174,0.999990000063174,0.1,0.5,0.0999990000063174,0.499995000031587,0.0999990000063094,0.499995000031577,1.80642084752689,3.63353677919606,0.940776974272579,0.178283642840985,2.5619712309461,1,1.4142135623731,0.707106781186548,2.82842712474619,0.707106781186548,2.82842712474619,0.346573590279973,0.353653019151067,1.4142135623731,1.4142135623731,"baseline_only_beta0",0.94,0.18,0.35,0.35,"production_040",TRUE,2,0.445698976516724
"Fixed mixed-signal hidden-positive design",40,"regenerated_from_competing_seeds","network",1.14784472130756e-07,0.955451127819566,0.955451013035093,0.1,0.5,0.0955452160879815,0.477725621302019,0.0955452160890558,0.477725621302019,0.174492410072526,0.259564512374902,-1.54731201912196,0.101309011806474,0.21281925978068,0.101604984567603,1.4142135623731,0.707106781186548,2.82842712474619,6.95937098160842,27.8374839264337,2.63323627461641,0.353653019151067,13.9187419632169,1.4142135623731,"baseline_only_beta0",-1.55,0.1,2.63,0.35,"production_040",TRUE,2,0.445698976516724
"Fixed mixed-signal hidden-positive design",41,"regenerated_from_competing_seeds","cov",0,0.999990000062348,0.999990000062348,0.1,0.5,0.0999990000062348,0.499995000031174,0.0999990000061968,0.499995000031082,1.81043358811043,3.63985338047642,0.942754884390293,0.178160680049506,2.56704359445098,1,1.4142135623731,0.707106781186548,2.82842712474619,0.707106781186548,2.82842712474619,0.346573590279973,0.353653019151067,1.4142135623731,1.4142135623731,"baseline_only_beta0",0.94,0.18,0.35,0.35,"production_041",TRUE,2,0.308060884475708
"Fixed mixed-signal hidden-positive design",41,"regenerated_from_competing_seeds","network",1.15608293414984e-07,0.965263157894754,0.965263042286461,0.1,0.5,0.0965264198369395,0.482631636751524,0.0965264198375141,0.482631636751523,0.174827151353261,0.261426300370521,-1.54278018453099,0.102643373434836,0.213785910159206,0.102345620100707,1.4142135623731,0.707106781186548,2.82842712474619,6.90900871469403,27.6360348587761,2.6259733514197,0.353653019151067,13.8180174293881,1.4142135623731,"baseline_only_beta0",-1.54,0.1,2.63,0.35,"production_041",TRUE,2,0.308060884475708
"Fixed mixed-signal hidden-positive design",42,"regenerated_from_competing_seeds","cov",0,0.999990000061606,0.999990000061606,0.1,0.5,0.0999990000061606,0.499995000030803,0.0999990000060239,0.499995000030374,1.81479408125536,3.64682248300729,0.944914121634662,0.17803496235667,2.57259243906815,1,1.4142135623731,0.707106781186548,2.82842712474619,0.707106781186548,2.82842712474619,0.346573590279973,0.353653019151067,1.4142135623731,1.4142135623731,"baseline_only_beta0",0.94,0.18,0.35,0.35,"production_042",TRUE,2,0.376169204711914
"Fixed mixed-signal hidden-positive design",42,"regenerated_from_competing_seeds","network",1.17131382050982e-07,0.98503759398498,0.985037476853598,0.1,0.5,0.0985038648167419,0.492518855558181,0.0985038648173387,0.492518858009128,0.176445949716311,0.262354239335597,-1.5364001566531,0.101196005804835,0.215154230545601,0.101458862152922,1.4142135623731,0.707106781186548,2.82842712474619,6.96939396107929,27.8775758443172,2.6346754519221,0.353653019151067,13.9387879221586,1.4142135623731,"baseline_only_beta0",-1.54,0.1,2.63,0.35,"production_042",TRUE,2,0.376169204711914
"Fixed mixed-signal hidden-positive design",43,"regenerated_from_competing_seeds","cov",0,0.999990000061425,0.999990000061425,0.1,0.5,0.0999990000061425,0.499995000030713,0.0999990000052763,0.499995000029864,1.82336006421111,3.65069519052263,0.947799300359323,0.177104434058066,2.58002554580503,1,1.4142135623731,0.707106781186548,2.82842712474619,0.707106781186548,2.82842712474619,0.346573590279973,0.353653019151067,1.4142135623731,1.4142135623731,"baseline_only_beta0",0.95,0.18,0.35,0.35,"production_043",TRUE,2,0.439535856246948
"Fixed mixed-signal hidden-positive design",43,"regenerated_from_competing_seeds","network",1.15502393929045e-07,0.94082706766919,0.940826952166796,0.1,0.5,0.0940828107190735,0.470413591585792,0.0940828107199581,0.470413591585793,0.170763460129398,0.2575154597631,-1.56207573847448,0.1047979541099,0.209700336065443,0.103866242928255,1.4142135623731,0.707106781186548,2.82842712474619,6.80785942815876,27.231437712635,2.61122492358006,0.353653019151067,13.6157188563175,1.4142135623731,"baseline_only_beta0",-1.56,0.1,2.61,0.35,"production_043",TRUE,2,0.439535856246948
"Fixed mixed-signal hidden-positive design",44,"regenerated_from_competing_seeds","cov",0,0.999990000061537,0.999990000061537,0.1,0.5,0.0999990000061537,0.499995000030768,0.099999000005693,0.499995000030171,1.82008477138265,3.64860206369637,0.946613587835903,0.177416785661363,2.57696819013527,1,1.4142135623731,0.707106781186548,2.82842712474619,0.707106781186548,2.82842712474619,0.346573590279973,0.353653019151067,1.4142135623731,1.4142135623731,"baseline_only_beta0",0.95,0.18,0.35,0.35,"production_044",TRUE,2,0.307442903518677
"Fixed mixed-signal hidden-positive design",44,"regenerated_from_competing_seeds","network",1.15596917394279e-07,0.965263157894755,0.965263042297838,0.1,0.5,0.0965264198267012,0.482631636745836,0.0965264198277386,0.482631636745837,0.174380966608107,0.259862000963326,-1.54705873214132,0.101764205524401,0.212873170955622,0.101914118318415,1.4142135623731,0.707106781186548,2.82842712474619,6.93826128169311,27.7530451267724,2.63019838791024,0.353653019151067,13.8765225633862,1.4142135623731,"baseline_only_beta0",-1.55,0.1,2.63,0.35,"production_044",TRUE,2,0.307442903518677
"Fixed mixed-signal hidden-positive design",45,"regenerated_from_competing_seeds","cov",0,0.99999000006434,0.99999000006434,0.1,0.5,0.099999000006434,0.49999500003217,0.0999990000071108,0.499994999659967,1.79307102230416,3.6233916562833,0.935670156771123,0.179462660961708,2.54892106220265,1,1.4142135623731,0.707106781186548,2.82842712474619,0.707106781186548,2.82842712474619,0.346573590279973,0.353653019151067,1.4142135623731,1.4142135623731,"baseline_only_beta0",0.94,0.18,0.35,0.35,"production_045",TRUE,2,0.431401014328003
"Fixed mixed-signal hidden-positive design",45,"regenerated_from_competing_seeds","network",1.15927300178223e-07,0.965263157894753,0.965263041967453,0.1,0.5,0.0965264201240455,0.482631636911027,0.0965264201245843,0.482631636566976,0.170448687327387,0.258994421819354,-1.56013486826873,0.106729570046806,0.210107732423689,0.103112081529863,1.4142135623731,0.707106781186548,2.82842712474619,6.85765208785701,27.4306083514281,2.61851230246766,0.353653019151067,13.715304175714,1.4142135623731,"baseline_only_beta0",-1.56,0.11,2.62,0.35,"production_045",TRUE,2,0.431401014328003
"Fixed mixed-signal hidden-positive design",46,"regenerated_from_competing_seeds","cov",0,0.999990000061952,0.999990000061952,0.1,0.5,0.0999990000061952,0.499995000030976,0.0999990000059661,0.499995000030652,1.8168454545405,3.64522823567652,0.945260355053046,0.177635215387279,2.57348331075831,1,1.4142135623731,0.707106781186548,2.82842712474619,0.707106781186548,2.82842712474619,0.346573590279973,0.353653019151067,1.4142135623731,1.4142135623731,"baseline_only_beta0",0.95,0.18,0.35,0.35,"production_046",TRUE,2,0.34591007232666
"Fixed mixed-signal hidden-positive design",46,"regenerated_from_competing_seeds","network",1.1771762910682e-07,0.965275689223076,0.965275571505447,0.1,0.5,0.0965276748681738,0.482637903470353,0.096527674858177,0.482637903250047,0.178726874325114,0.267141019466036,-1.52093753869959,0.102531956233947,0.218506932185661,0.107671506493299,1.4142135623731,0.707106781186548,2.82842712474619,6.56726003207316,26.2690401282926,2.57524388376773,0.353653019151067,13.1345200641463,1.4142135623731,"baseline_only_beta0",-1.52,0.1,2.58,0.35,"production_046",TRUE,2,0.34591007232666
"Fixed mixed-signal hidden-positive design",47,"regenerated_from_competing_seeds","cov",0,0.999990000063681,0.999990000063681,0.1,0.5,0.0999990000063681,0.499995000031841,0.099998999836975,0.49999500003184,1.80047288612329,3.62969116736009,0.93859845585342,0.178854873715468,2.55639600450185,1,1.4142135623731,0.707106781186548,2.82842712474619,0.707106781186548,2.82842712474619,0.346573590279973,0.353653019151067,1.4142135623731,1.4142135623731,"baseline_only_beta0",0.94,0.18,0.35,0.35,"production_047",TRUE,2,0.301098108291626
"Fixed mixed-signal hidden-positive design",47,"regenerated_from_competing_seeds","network",1.16232025535373e-07,0.965263157894737,0.965263041662711,0.1,0.5,0.0965264203982967,0.482631637063381,0.0965264203989529,0.482631637640846,0.171792054987269,0.259197193840557,-1.55581832850247,0.104926513614328,0.211016631043155,0.103805523190042,1.4142135623731,0.707106781186548,2.82842712474619,6.81184160010458,27.2473664004183,2.61180969002259,0.353653019151067,13.6236832002092,1.4142135623731,"baseline_only_beta0",-1.56,0.1,2.61,0.35,"production_047",TRUE,2,0.301098108291626
"Fixed mixed-signal hidden-positive design",48,"regenerated_from_competing_seeds","cov",0,0.999990000061845,0.999990000061845,0.1,0.5,0.0999990000061845,0.499995000030922,0.0999990000060302,0.499995000030603,1.81521037904721,3.64521762995253,0.944808721216411,0.177864160589576,2.57232130103837,1,1.4142135623731,0.707106781186548,2.82842712474619,0.707106781186548,2.82842712474619,0.346573590279973,0.353653019151067,1.4142135623731,1.4142135623731,"baseline_only_beta0",0.94,0.18,0.35,0.35,"production_048",TRUE,2,0.31932806968689
"Fixed mixed-signal hidden-positive design",48,"regenerated_from_competing_seeds","network",1.16157230680975e-07,0.970187969924831,0.9701878537676,0.1,0.5,0.0970189015339907,0.485094043041031,0.0970189015349358,0.485094044044316,0.170720728494504,0.257556877649698,-1.56212046172098,0.104902826862954,0.209690957795338,0.104391767293021,1.4142135623731,0.707106781186548,2.82842712474619,6.77358760678653,27.0943504271461,2.60617805426952,0.353653019151067,13.5471752135731,1.4142135623731,"baseline_only_beta0",-1.56,0.1,2.61,0.35,"production_048",TRUE,2,0.31932806968689
"Fixed mixed-signal hidden-positive design",49,"regenerated_from_competing_seeds","cov",0,0.999990000062148,0.999990000062148,0.1,0.5,0.0999990000062148,0.499995000031074,0.0999990000061319,0.499995000030908,1.81297308806321,3.64218099190345,0.943775381803974,0.177966175278241,2.56966459293355,1,1.4142135623731,0.707106781186548,2.82842712474619,0.707106781186548,2.82842712474619,0.346573590279973,0.353653019151067,1.4142135623731,1.4142135623731,"baseline_only_beta0",0.94,0.18,0.35,0.35,"production_049",TRUE,2,0.239246845245361
"Fixed mixed-signal hidden-positive design",49,"regenerated_from_competing_seeds","network",1.16358088297648e-07,0.945726817042624,0.945726700684536,0.1,0.5,0.0945727864265419,0.472863466700356,0.0945727864270523,0.47286346669715,0.164556123307053,0.253184249539928,-1.58907069405015,0.109916763519123,0.20411520910186,0.114815345866641,1.4142135623731,0.707106781186548,2.82842712474619,6.15864347966046,24.6345739186418,2.5110037195138,0.353653019151067,12.3172869593209,1.41421356237309,"baseline_only_beta0",-1.59,0.11,2.51,0.35,"production_049",TRUE,2,0.239246845245361
"Fixed mixed-signal hidden-positive design",50,"regenerated_from_competing_seeds","cov",0,0.999990000062582,0.999990000062582,0.1,0.5,0.0999990000062582,0.499995000031291,0.0999990000062233,0.499995000031235,1.81020753781443,3.63808554505732,0.942449547304651,0.178068602064669,2.56625990049264,1,1.4142135623731,0.707106781186548,2.82842712474619,0.707106781186548,2.82842712474619,0.346573590279973,0.353653019151067,1.4142135623731,1.4142135623731,"baseline_only_beta0",0.94,0.18,0.35,0.35,"production_050",TRUE,2,0.509020090103149
"Fixed mixed-signal hidden-positive design",50,"regenerated_from_competing_seeds","network",1.16425701982283e-07,0.960350877192983,0.960350760767281,0.1,0.5,0.09603519250243,0.480175496809342,0.0960351925031818,0.480175496809344,0.174865692234385,0.261259146485048,-1.54298976925501,0.102423975640161,0.213741108593252,0.10295405566939,1.4142135623731,0.707106781186548,2.82842712474619,6.86817800997795,27.4727120399118,2.62004604200972,0.353653019151067,13.7363560199559,1.4142135623731,"baseline_only_beta0",-1.54,0.1,2.62,0.35,"production_050",TRUE,2,0.509020090103149
"Fixed mixed-signal hidden-positive design",51,"regenerated_from_competing_seeds","cov",0,0.999990000063253,0.999990000063253,0.1,0.5,0.0999990000063253,0.499995000031626,0.0999989993260785,0.499995000031621,1.80333303886641,3.63221484642713,0.939739626820707,0.178627254726289,2.55931495459686,1,1.4142135623731,0.707106781186548,2.82842712474619,0.707106781186548,2.82842712474619,0.346573590279973,0.353653019151067,1.4142135623731,1.4142135623731,"baseline_only_beta0",0.94,0.18,0.35,0.35,"production_051",TRUE,2,0.333186149597168
"Fixed mixed-signal hidden-positive design",51,"regenerated_from_competing_seeds","network",1.18049227236538e-07,0.975137844611546,0.975137726562318,0.1,0.5,0.0975138907054591,0.487568981330386,0.0975138907058608,0.487568982642507,0.175864652559101,0.263371777381857,-1.53611462106439,0.103025351419795,0.215215673507143,0.107344495322276,1.4142135623731,0.707106781186548,2.82842712474619,6.58726634340799,26.349065373632,2.57828562410698,0.353653019151067,13.174532686816,1.4142135623731,"baseline_only_beta0",-1.54,0.1,2.58,0.35,"production_051",TRUE,2,0.333186149597168
"Fixed mixed-signal hidden-positive design",52,"regenerated_from_competing_seeds","cov",0,0.9999900000671,0.9999900000671,0.1,0.5,0.09999900000671,0.49999500003355,0.0999990000371482,0.499995000034257,1.7888674959025,3.60951754277021,0.932578427260988,0.179082725121061,2.54105265749285,1,1.4142135623731,0.707106781186548,2.82842712474619,0.707106781186548,2.82842712474619,0.346573590279973,0.353653019151067,1.4142135623731,1.4142135623731,"baseline_only_beta0",0.93,0.18,0.35,0.35,"production_052",TRUE,2,0.259093046188354
"Fixed mixed-signal hidden-positive design",52,"regenerated_from_competing_seeds","network",1.17660679828497e-07,0.980075187969942,0.980075070309262,0.1,0.5,0.0980076246916061,0.490037652815311,0.0980076246923375,0.490037652815206,0.169014039712365,0.256261280547723,-1.56966561006866,0.106179442000667,0.208114762204016,0.104033344099667,1.4142135623731,0.707106781186548,2.82842712474619,6.79692446019153,27.1876978407661,2.60961740516422,0.353653019151067,13.5938489203831,1.4142135623731,"baseline_only_beta0",-1.57,0.11,2.61,0.35,"production_052",TRUE,2,0.259093046188354
"Fixed mixed-signal hidden-positive design",53,"regenerated_from_competing_seeds","cov",0,0.999990000061721,0.999990000061721,0.1,0.5,0.0999990000061721,0.499995000030861,0.0999990000061101,0.499995000030556,1.81197831493968,3.64507869289965,0.943898597288527,0.178309070966905,2.5699812349087,1,1.4142135623731,0.707106781186548,2.82842712474619,0.707106781186548,2.82842712474619,0.346573590279973,0.353653019151067,1.4142135623731,1.4142135623731,"baseline_only_beta0",0.94,0.18,0.35,0.35,"production_053",TRUE,2,0.459439039230347
"Fixed mixed-signal hidden-positive design",53,"regenerated_from_competing_seeds","network",1.17072721378651e-07,0.970187969924831,0.97018785285211,0.1,0.5,0.0970189023579323,0.485094043498776,0.097018902344802,0.485094043427402,0.179071709222434,0.265173249593065,-1.52367041887274,0.100154148677557,0.217910594154339,0.102832024497168,1.4142135623731,0.707106781186548,2.82842712474619,6.876328504123,27.505314016492,2.62123204240807,0.353653019151067,13.752657008246,1.4142135623731,"baseline_only_beta0",-1.52,0.1,2.62,0.35,"production_053",TRUE,2,0.459439039230347
"Fixed mixed-signal hidden-positive design",54,"regenerated_from_competing_seeds","cov",0,0.99999000006207,0.99999000006207,0.1,0.5,0.099999000006207,0.499995000031035,0.0999990000061383,0.499995000030849,1.81229763324961,3.64268990683944,0.943658922510617,0.178096880540454,2.5693653490361,1,1.4142135623731,0.707106781186548,2.82842712474619,0.707106781186548,2.82842712474619,0.346573590279973,0.353653019151067,1.4142135623731,1.4142135623731,"baseline_only_beta0",0.94,0.18,0.35,0.35,"production_054",TRUE,2,0.27762508392334
"Fixed mixed-signal hidden-positive design",54,"regenerated_from_competing_seeds","network",1.16514292502934e-07,0.980075187969943,0.980075071455651,0.1,0.5,0.0980076236598576,0.490037652242118,0.0980076236609021,0.490037649793623,0.17105918771554,0.25700547932184,-1.56220176468595,0.103850832104939,0.20967390999177,0.103008057054994,1.4142135623731,0.707106781186548,2.82842712474619,6.86457740688223,27.4583096275289,2.61952166025691,0.353653019151067,13.7291548137645,1.4142135623731,"baseline_only_beta0",-1.56,0.1,2.62,0.35,"production_054",TRUE,2,0.27762508392334
"Fixed mixed-signal hidden-positive design",55,"regenerated_from_competing_seeds","cov",0,0.999990000063334,0.999990000063334,0.1,0.5,0.0999990000063334,0.499995000031667,0.0999989999641258,0.499995000031666,1.79873301525596,3.62916456031846,0.938042504882264,0.179064498634644,2.55497516865462,1,1.4142135623731,0.707106781186548,2.82842712474619,0.707106781186548,2.82842712474619,0.346573590279973,0.353653019151067,1.4142135623731,1.4142135623731,"baseline_only_beta0",0.94,0.18,0.35,0.35,"production_055",TRUE,2,0.287073135375977
"Fixed mixed-signal hidden-positive design",55,"regenerated_from_competing_seeds","network",1.15543785717296e-07,0.936015037594,0.936014922050215,0.1,0.5,0.0936016077488072,0.468007576568893,0.0936016077497183,0.468007576568681,0.168384846118849,0.254728721201964,-1.57452965358296,0.1056006726095,0.207104940843148,0.105874842681015,1.4142135623731,0.707106781186548,2.82842712474619,6.67870443328027,26.7148177331211,2.59207120218459,0.353653019151067,13.3574088665605,1.4142135623731,"baseline_only_beta0",-1.57,0.11,2.59,0.35,"production_055",TRUE,2,0.287073135375977
"Fixed mixed-signal hidden-positive design",56,"regenerated_from_competing_seeds","cov",0,0.999990000064213,0.999990000064213,0.1,0.5,0.0999990000064213,0.499995000032107,0.0999990000065672,0.499994999286048,1.79392004587289,3.622673552469,0.935807749387442,0.17929133240903,2.54927179904923,1,1.4142135623731,0.707106781186548,2.82842712474619,0.707106781186548,2.82842712474619,0.346573590279973,0.353653019151067,1.4142135623731,1.4142135623731,"baseline_only_beta0",0.94,0.18,0.35,0.35,"production_056",TRUE,2,0.356238126754761
"Fixed mixed-signal hidden-positive design",56,"regenerated_from_competing_seeds","network",1.1548094838981e-07,0.960350877193,0.960350761712051,0.1,0.5,0.0960351916521535,0.480175496336974,0.0960351916527012,0.480175494245834,0.172338604772043,0.259907700825408,-1.55286140640434,0.104814527310969,0.211641514192657,0.102553953484471,1.4142135623731,0.707106781186548,2.82842712474619,6.89497339850108,27.5798935940043,2.62393983371236,0.353653019151067,13.7899467970022,1.4142135623731,"baseline_only_beta0",-1.55,0.1,2.62,0.35,"production_056",TRUE,2,0.356238126754761
"Fixed mixed-signal hidden-positive design",57,"regenerated_from_competing_seeds","cov",0,0.999990000062331,0.999990000062331,0.1,0.5,0.0999990000062331,0.499995000031165,0.0999990000061595,0.499995000031046,1.81250696721897,3.64078525415831,0.943455169634508,0.17793399300353,2.56884188678674,1,1.4142135623731,0.707106781186548,2.82842712474619,0.707106781186548,2.82842712474619,0.346573590279973,0.353653019151067,1.4142135623731,1.4142135623731,"baseline_only_beta0",0.94,0.18,0.35,0.35,"production_057",TRUE,2,0.46855092048645
"Fixed mixed-signal hidden-positive design",57,"regenerated_from_competing_seeds","network",1.16554174916585e-07,0.980075187969944,0.980075071415769,0.1,0.5,0.0980076236957518,0.490037652262059,0.0980076236968446,0.490037652262059,0.173753873346399,0.258984401163547,-1.55055147420433,0.101820252573195,0.212130956813153,0.101961482227068,1.4142135623731,0.707106781186548,2.82842712474619,6.9350382687829,27.7401530751316,2.62973375252102,0.353653019151067,13.8700765375658,1.41421356237309,"baseline_only_beta0",-1.55,0.1,2.63,0.35,"production_057",TRUE,2,0.46855092048645
"Fixed mixed-signal hidden-positive design",58,"regenerated_from_competing_seeds","cov",0,0.999990000061999,0.999990000061999,0.1,0.5,0.0999990000061999,0.499995000031,0.0999990000061633,0.499995000030808,1.81029831197844,3.64286480850183,0.943131026173375,0.178390717373385,2.56800934842467,1,1.4142135623731,0.707106781186548,2.82842712474619,0.707106781186548,2.82842712474619,0.346573590279973,0.353653019151067,1.4142135623731,1.4142135623731,"baseline_only_beta0",0.94,0.18,0.35,0.35,"production_058",TRUE,2,0.340811014175415
"Fixed mixed-signal hidden-positive design",58,"regenerated_from_competing_seeds","network",1.17399578408937e-07,0.985037593984982,0.985037476585404,0.1,0.5,0.0985038650581188,0.49251885569228,0.098503865058682,0.49251885833913,0.173661997680623,0.260581135855726,-1.54774270763978,0.103523179494853,0.212727620704485,0.102131623455744,1.4142135623731,0.707106781186548,2.82842712474619,6.92348517785927,27.6939407114371,2.62806646182523,0.353653019151067,13.8469703557185,1.4142135623731,"baseline_only_beta0",-1.55,0.1,2.63,0.35,"production_058",TRUE,2,0.340811014175415
"Fixed mixed-signal hidden-positive design",59,"regenerated_from_competing_seeds","cov",0,0.999990000061641,0.999990000061641,0.1,0.5,0.0999990000061641,0.499995000030821,0.0999990000049415,0.499995000030125,1.82539290035728,3.64935698259902,0.948173117327094,0.176726648208298,2.58099018341905,1,1.4142135623731,0.707106781186548,2.82842712474619,0.707106781186548,2.82842712474619,0.346573590279973,0.353653019151067,1.4142135623731,1.4142135623731,"baseline_only_beta0",0.95,0.18,0.35,0.35,"production_059",TRUE,2,0.390415906906128
"Fixed mixed-signal hidden-positive design",59,"regenerated_from_competing_seeds","network",1.16671191429867e-07,0.975125313283208,0.975125196612017,0.1,0.5,0.0975126363323931,0.4875627149772,0.0975126363332706,0.487562716500402,0.173029617656118,0.259224328436858,-1.55217697900577,0.10312205805901,0.211786417025723,0.102767608836658,1.4142135623731,0.707106781186548,2.82842712474619,6.88063864860806,27.5225545944322,2.62185865502962,0.353653019151067,13.7612772972161,1.4142135623731,"baseline_only_beta0",-1.55,0.1,2.62,0.35,"production_059",TRUE,2,0.390415906906128
"Fixed mixed-signal hidden-positive design",60,"regenerated_from_competing_seeds","cov",0,0.999990000062434,0.999990000062434,0.1,0.5,0.0999990000062434,0.499995000031217,0.0999990000061425,0.499995000031114,1.81363497995912,3.64021707666619,0.943688211962312,0.177735462030267,2.56944060544048,1,1.4142135623731,0.707106781186548,2.82842712474619,0.707106781186548,2.82842712474619,0.346573590279973,0.353653019151067,1.4142135623731,1.4142135623731,"baseline_only_beta0",0.94,0.18,0.35,0.35,"production_060",TRUE,2,0.417659997940063
"Fixed mixed-signal hidden-positive design",60,"regenerated_from_competing_seeds","network",1.14907864814495e-07,0.960350877193001,0.960350762285136,0.1,0.5,0.0960351911363785,0.480175496050433,0.0960351911373009,0.480175496050435,0.170953662013548,0.257491143851198,-1.56156634692971,0.104489876479591,0.209807182854686,0.103609624549092,1.4142135623731,0.707106781186548,2.82842712474619,6.82472100699009,27.2988840279604,2.61369864269875,0.353653019151067,13.6494420139802,1.4142135623731,"baseline_only_beta0",-1.56,0.1,2.61,0.35,"production_060",TRUE,2,0.417659997940063
"Fixed mixed-signal hidden-positive design",61,"regenerated_from_competing_seeds","cov",0,0.999990000062255,0.999990000062255,0.1,0.5,0.0999990000062255,0.499995000031128,0.0999990000062183,0.499995000031041,1.80627307755089,3.63968739565474,0.941581723470921,0.178735975221188,2.56403380505649,1,1.4142135623731,0.707106781186548,2.82842712474619,0.707106781186548,2.82842712474619,0.346573590279973,0.353653019151067,1.4142135623731,1.4142135623731,"baseline_only_beta0",0.94,0.18,0.35,0.35,"production_061",TRUE,2,0.416435956954956
"Fixed mixed-signal hidden-positive design",61,"regenerated_from_competing_seeds","network",1.14680415775577e-07,0.935977443609039,0.935977328928623,0.1,0.5,0.0935978475732781,0.467988779144727,0.0935978475738252,0.467988782037053,0.1700344119296,0.257681400992653,-1.56389288816388,0.10605376056758,0.209319625173994,0.102548790984469,1.4142135623731,0.707106781186548,2.82842712474619,6.89532050449659,27.5812820179864,2.6239901743357,0.353653019151067,13.7906410089932,1.4142135623731,"baseline_only_beta0",-1.56,0.11,2.62,0.35,"production_061",TRUE,2,0.416435956954956
"Fixed mixed-signal hidden-positive design",62,"regenerated_from_competing_seeds","cov",0,0.999990000062099,0.999990000062099,0.1,0.5,0.0999990000062099,0.499995000031049,0.0999990000061639,0.499995000030893,1.81105012058189,3.64194986332152,0.943213034559444,0.178220713828214,2.56821995536239,1,1.4142135623731,0.707106781186548,2.82842712474619,0.707106781186548,2.82842712474619,0.346573590279973,0.353653019151067,1.4142135623731,1.4142135623731,"baseline_only_beta0",0.94,0.18,0.35,0.35,"production_062",TRUE,2,0.410491943359375
"Fixed mixed-signal hidden-positive design",62,"regenerated_from_competing_seeds","network",1.1493323571306e-07,0.955451127819566,0.95545101288633,0.1,0.5,0.0955452162218688,0.477725621376401,0.0955452162224963,0.477725621376402,0.172491417691633,0.259666003167739,-1.55288343661915,0.104351080558012,0.211636851735995,0.102711068952384,1.4142135623731,0.707106781186548,2.82842712474619,6.8844262687438,27.5377050749752,2.62240897865745,0.353653019151067,13.7688525374876,1.4142135623731,"baseline_only_beta0",-1.55,0.1,2.62,0.35,"production_062",TRUE,2,0.410491943359375
"Fixed mixed-signal hidden-positive design",63,"regenerated_from_competing_seeds","cov",0,0.999990000062156,0.999990000062156,0.1,0.5,0.0999990000062156,0.499995000031078,0.0999990000061432,0.49999500003092,1.81248170980246,3.6419687489266,0.943610708537938,0.178020460956334,2.56924147271166,1,1.4142135623731,0.707106781186548,2.82842712474619,0.707106781186548,2.82842712474619,0.346573590279973,0.353653019151067,1.4142135623731,1.4142135623731,"baseline_only_beta0",0.94,0.18,0.35,0.35,"production_063",TRUE,2,0.309070110321045
"Fixed mixed-signal hidden-positive design",63,"regenerated_from_competing_seeds","network",1.16493886981005e-07,0.975125313283227,0.97512519678934,0.1,0.5,0.097512636172821,0.487562714888557,0.0975126361735151,0.487562714888559,0.17506055858765,0.261236464473966,-1.5424763017594,0.102117699951039,0.213850885886113,0.102291792987081,1.4142135623731,0.707106781186548,2.82842712474619,6.91264431424966,27.6505772569986,2.62649942447794,0.353653019151067,13.8252886284993,1.4142135623731,"baseline_only_beta0",-1.54,0.1,2.63,0.35,"production_063",TRUE,2,0.309070110321045
"Fixed mixed-signal hidden-positive design",64,"regenerated_from_competing_seeds","cov",0,0.999990000064317,0.999990000064317,0.1,0.5,0.0999990000064317,0.499995000032159,0.0999990000044313,0.499994999955578,1.79679906950501,3.62434175266648,0.936839736743142,0.178999692020296,2.55190397326374,1,1.4142135623731,0.707106781186548,2.82842712474619,0.707106781186548,2.82842712474619,0.346573590279973,0.353653019151067,1.4142135623731,1.4142135623731,"baseline_only_beta0",0.94,0.18,0.35,0.35,"production_064",TRUE,2,0.247570037841797
"Fixed mixed-signal hidden-positive design",64,"regenerated_from_competing_seeds","network",1.17107402399724e-07,0.99001253132834,0.990012414220937,0.1,0.5,0.0990013585294961,0.495006324217871,0.0990013585304449,0.495006324217875,0.169987362566518,0.257287472161337,-1.56479621651836,0.105734068409098,0.209130626198345,0.107321567096313,1.4142135623731,0.707106781186548,2.82842712474619,6.58867364983566,26.3546945993426,2.57849924172116,0.353653019151067,13.1773472996713,1.4142135623731,"baseline_only_beta0",-1.56,0.11,2.58,0.35,"production_064",TRUE,2,0.247570037841797
"Fixed mixed-signal hidden-positive design",65,"regenerated_from_competing_seeds","cov",0,0.999990000062504,0.999990000062504,0.1,0.5,0.0999990000062504,0.499995000031252,0.0999990000062068,0.499995000031179,1.81085828234084,3.63896131392987,0.942749604817929,0.178038313737502,2.56703004159434,1,1.4142135623731,0.707106781186548,2.82842712474619,0.707106781186548,2.82842712474619,0.346573590279973,0.353653019151067,1.4142135623731,1.4142135623731,"baseline_only_beta0",0.94,0.18,0.35,0.35,"production_065",TRUE,2,0.280107021331787
"Fixed mixed-signal hidden-positive design",65,"regenerated_from_competing_seeds","network",1.1537631224102e-07,0.950563909774454,0.950563794398142,0.1,0.5,0.0950564948161264,0.475282012575383,0.0950564948167129,0.475282012575299,0.168668901416072,0.256533878110207,-1.57015609681934,0.10697214529583,0.20801270970028,0.103009053992815,1.4142135623731,0.707106781186548,2.82842712474619,6.86451097042274,27.4580438816909,2.61951198205284,0.353653019151067,13.7290219408455,1.4142135623731,"baseline_only_beta0",-1.57,0.11,2.62,0.35,"production_065",TRUE,2,0.280107021331787
"Fixed mixed-signal hidden-positive design",66,"regenerated_from_competing_seeds","cov",0,0.999990000062064,0.999990000062064,0.1,0.5,0.0999990000062064,0.499995000031032,0.0999990000060482,0.499995000030806,1.81528750478559,3.64350400082877,0.94459485810659,0.177733366960668,2.57177123522696,1,1.4142135623731,0.707106781186548,2.82842712474619,0.707106781186548,2.82842712474619,0.346573590279973,0.353653019151067,1.4142135623731,1.4142135623731,"baseline_only_beta0",0.94,0.18,0.35,0.35,"production_066",TRUE,2,0.26651406288147
"Fixed mixed-signal hidden-positive design",66,"regenerated_from_competing_seeds","network",1.17269462120711e-07,0.975125313283227,0.975125196013765,0.1,0.5,0.0975126368708386,0.487562715276344,0.0975126368714383,0.487562715276347,0.174611540043261,0.261662685526021,-1.54294530405891,0.103188753018109,0.213750612844862,0.104896361220015,1.4142135623731,0.707106781186548,2.82842712474619,6.74100391054962,26.9640156421985,2.60135604254525,0.353653019151067,13.4820078210992,1.4142135623731,"baseline_only_beta0",-1.54,0.1,2.6,0.35,"production_066",TRUE,2,0.26651406288147
"Fixed mixed-signal hidden-positive design",67,"regenerated_from_competing_seeds","cov",0,0.999990000063032,0.999990000063032,0.1,0.5,0.0999990000063032,0.499995000031516,0.0999990004187821,0.499995000031501,1.80535692755666,3.63439887000229,0.940601020290281,0.178494455518048,2.56152048156222,1,1.4142135623731,0.707106781186548,2.82842712474619,0.707106781186548,2.82842712474619,0.346573590279973,0.353653019151067,1.4142135623731,1.4142135623731,"baseline_only_beta0",0.94,0.18,0.35,0.35,"production_067",TRUE,2,0.322767019271851
"Fixed mixed-signal hidden-positive design",67,"regenerated_from_competing_seeds","network",1.15726210887543e-07,0.975137844611548,0.975137728885337,0.1,0.5,0.0975138886147446,0.48756898016888,0.0975138886154415,0.487568980168881,0.172266631070527,0.259596627899973,-1.55366905282593,0.10461557998373,0.211470651688591,0.106826025207706,1.4142135623731,0.707106781186548,2.82842712474619,6.6192370240463,26.4769480961852,2.58312729070149,0.353653019151067,13.2384740480926,1.4142135623731,"baseline_only_beta0",-1.55,0.1,2.58,0.35,"production_067",TRUE,2,0.322767019271851
"Fixed mixed-signal hidden-positive design",68,"regenerated_from_competing_seeds","cov",0,0.99999000006237,0.99999000006237,0.1,0.5,0.099999000006237,0.499995000031185,0.099999000006222,0.499995000031106,1.80794217563071,3.63931017535347,0.941991715188397,0.178473910232126,2.56508525320768,1,1.4142135623731,0.707106781186548,2.82842712474619,0.707106781186548,2.82842712474619,0.346573590279973,0.353653019151067,1.4142135623731,1.4142135623731,"baseline_only_beta0",0.94,0.18,0.35,0.35,"production_068",TRUE,2,0.478422880172729
"Fixed mixed-signal hidden-positive design",68,"regenerated_from_competing_seeds","network",1.16673302259829e-07,0.940877192982473,0.940877076309171,0.1,0.5,0.0940878243042193,0.470438654827887,0.0940878243048371,0.470438654827888,0.175447037087043,0.262075242922186,-1.53977084716351,0.102372910431437,0.214430233093574,0.111026908796652,1.4142135623731,0.707106781186548,2.82842712474619,6.36878743045643,25.4751497218257,2.54455627573769,0.353653019151067,12.7375748609129,1.4142135623731,"baseline_only_beta0",-1.54,0.1,2.54,0.35,"production_068",TRUE,2,0.478422880172729
"Fixed mixed-signal hidden-positive design",69,"regenerated_from_competing_seeds","cov",0,0.999990000061739,0.999990000061739,0.1,0.5,0.0999990000061739,0.499995000030869,0.0999990000058488,0.499995000030435,1.81839552699168,3.64678620639004,0.945900411013973,0.177526668890219,2.57513101134575,1,1.4142135623731,0.707106781186548,2.82842712474619,0.707106781186548,2.82842712474619,0.346573590279973,0.353653019151067,1.4142135623731,1.4142135623731,"baseline_only_beta0",0.95,0.18,0.35,0.35,"production_069",TRUE,2,0.349443912506104
"Fixed mixed-signal hidden-positive design",69,"regenerated_from_competing_seeds","network",1.15841387643628e-07,0.960363408521322,0.960363292679934,0.1,0.5,0.096036445109381,0.480181762181355,0.0960364450983611,0.480181761952785,0.178723381883452,0.265843754458296,-1.52338127653617,0.10129509831128,0.217973610442596,0.105404847975412,1.4142135623731,0.707106781186548,2.82842712474619,6.7084844271252,26.8339377085008,2.59652023824098,0.353653019151067,13.4169688542504,1.41421356237309,"baseline_only_beta0",-1.52,0.1,2.6,0.35,"production_069",TRUE,2,0.349443912506104
"Fixed mixed-signal hidden-positive design",70,"regenerated_from_competing_seeds","cov",0,0.999990000061123,0.999990000061123,0.1,0.5,0.0999990000061123,0.499995000030561,0.0999990000051029,0.499995000029392,1.82422035446401,3.6529015242622,0.948337241338132,0.177138228739332,2.58141382064397,1,1.4142135623731,0.707106781186548,2.82842712474619,0.707106781186548,2.82842712474619,0.346573590279973,0.353653019151067,1.4142135623731,1.4142135623731,"baseline_only_beta0",0.95,0.18,0.35,0.35,"production_070",TRUE,2,0.505887985229492
"Fixed mixed-signal hidden-positive design",70,"regenerated_from_competing_seeds","network",1.14926845488451e-07,0.96036340852132,0.960363293594475,0.1,0.5,0.096036444286293,0.480181761724083,0.0960364442872959,0.480181761724082,0.173411162881786,0.259154747563531,-1.55120987749494,0.102491660212362,0.211991335061902,0.105332198338545,1.4142135623731,0.707106781186548,2.82842712474619,6.71311139746518,26.8524455898607,2.59720971966834,0.353653019151067,13.4262227949304,1.4142135623731,"baseline_only_beta0",-1.55,0.1,2.6,0.35,"production_070",TRUE,2,0.505887985229492
"Fixed mixed-signal hidden-positive design",71,"regenerated_from_competing_seeds","cov",0,0.999990000062721,0.999990000062721,0.1,0.5,0.0999990000062721,0.499995000031361,0.0999990004648775,0.499995000031334,1.80526093869807,3.63591483205202,0.940782949112467,0.178614406265499,2.56198653835973,1,1.4142135623731,0.707106781186548,2.82842712474619,0.707106781186548,2.82842712474619,0.346573590279973,0.353653019151067,1.4142135623731,1.4142135623731,"baseline_only_beta0",0.94,0.18,0.35,0.35,"production_071",TRUE,2,0.454365015029907
"Fixed mixed-signal hidden-positive design",71,"regenerated_from_competing_seeds","network",1.15317700908135e-07,0.950563909774454,0.950563794456753,0.1,0.5,0.0950564947633762,0.475282012546077,0.095056494764293,0.4752820098273,0.169268758298509,0.256103789274224,-1.56922001562395,0.105638433891497,0.208207517650038,0.102958694153034,1.4142135623731,0.707106781186548,2.82842712474619,6.86786858558568,27.4714743423427,2.62000098910601,0.353653019151067,13.7357371711714,1.4142135623731,"baseline_only_beta0",-1.57,0.11,2.62,0.35,"production_071",TRUE,2,0.454365015029907
"Fixed mixed-signal hidden-positive design",72,"regenerated_from_competing_seeds","cov",0,0.999990000061994,0.999990000061994,0.1,0.5,0.0999990000061994,0.499995000030997,0.0999990000061564,0.499995000030817,1.81087938163063,3.64259298873453,0.943254180540463,0.178289810322723,2.56832562946595,1,1.4142135623731,0.707106781186548,2.82842712474619,0.707106781186548,2.82842712474619,0.346573590279973,0.353653019151067,1.4142135623731,1.4142135623731,"baseline_only_beta0",0.94,0.18,0.35,0.35,"production_072",TRUE,2,0.429918050765991
"Fixed mixed-signal hidden-positive design",72,"regenerated_from_competing_seeds","network",1.17186361379674e-07,0.990012531328321,0.990012414141959,0.1,0.5,0.0990013586005573,0.495006324257341,0.0990013586012675,0.495006324256916,0.169838770039418,0.256790547177068,-1.56620011069674,0.105463975065471,0.208837234923044,0.102830242698019,1.4142135623731,0.707106781186548,2.82842712474619,6.87644765424802,27.5057906169921,2.6212493698369,0.353653019151067,13.752895308496,1.41421356237309,"baseline_only_beta0",-1.57,0.11,2.62,0.35,"production_072",TRUE,2,0.429918050765991
"Fixed mixed-signal hidden-positive design",73,"regenerated_from_competing_seeds","cov",0,0.999990000061501,0.999990000061501,0.1,0.5,0.0999990000061501,0.499995000030751,0.0999990000045739,0.499995000029823,1.82686333715694,3.65115575111048,0.948822117218044,0.176646942048931,2.58266578944188,1,1.4142135623731,0.707106781186548,2.82842712474619,0.707106781186548,2.82842712474619,0.346573590279973,0.353653019151067,1.4142135623731,1.4142135623731,"baseline_only_beta0",0.95,0.18,0.35,0.35,"production_073",TRUE,2,0.434178113937378
"Fixed mixed-signal hidden-positive design",73,"regenerated_from_competing_seeds","network",1.14043476464695e-07,0.931152882205531,0.931152768162055,0.1,0.5,0.0931153908596819,0.465576498124504,0.093115390848234,0.465576497312525,0.178299346866301,0.264377974378037,-1.52733344793939,0.100490606383889,0.217113841469031,0.104364575502549,1.4142135623731,0.707106781186548,2.82842712474619,6.77535243909727,27.1014097563891,2.60643856650365,0.353653019151067,13.5507048781945,1.4142135623731,"baseline_only_beta0",-1.53,0.1,2.61,0.35,"production_073",TRUE,2,0.434178113937378
"Fixed mixed-signal hidden-positive design",74,"regenerated_from_competing_seeds","cov",0,0.999990000063921,0.999990000063921,0.1,0.5,0.0999990000063921,0.49999500003196,0.0999990000065351,0.499994999896447,1.79392491292088,3.6240707708631,0.936001912287721,0.179389012685712,2.54976682111124,1,1.4142135623731,0.707106781186548,2.82842712474619,0.707106781186548,2.82842712474619,0.346573590279973,0.353653019151067,1.4142135623731,1.4142135623731,"baseline_only_beta0",0.94,0.18,0.35,0.35,"production_074",TRUE,2,0.361769914627075
"Fixed mixed-signal hidden-positive design",74,"regenerated_from_competing_seeds","network",1.16785293925464e-07,0.970200501253151,0.970200384467857,0.1,0.5,0.0970201552320797,0.485100309019223,0.0970201552325046,0.485100309016863,0.162057989154682,0.250799779428499,-1.60145069987592,0.111405286986286,0.201603839087009,0.108311886813505,1.4142135623731,0.707106781186548,2.82842712474619,6.52843193844517,26.1137277537807,2.56931396307404,0.353653019151067,13.0568638768903,1.4142135623731,"baseline_only_beta0",-1.6,0.11,2.57,0.35,"production_074",TRUE,2,0.361769914627075
"Fixed mixed-signal hidden-positive design",75,"regenerated_from_competing_seeds","cov",0,0.999990000062217,0.999990000062217,0.1,0.5,0.0999990000062217,0.499995000031109,0.099999000006212,0.499995000031002,1.80690366890258,3.64046461468414,0.941863007564576,0.178701399667575,2.56475512842509,1,1.4142135623731,0.707106781186548,2.82842712474619,0.707106781186548,2.82842712474619,0.346573590279973,0.353653019151067,1.4142135623731,1.4142135623731,"baseline_only_beta0",0.94,0.18,0.35,0.35,"production_075",TRUE,2,0.335138082504272
"Fixed mixed-signal hidden-positive design",75,"regenerated_from_competing_seeds","network",1.15732434384635e-07,0.950563909774454,0.95056379404202,0.1,0.5,0.0950564951366363,0.475282012753444,0.0950564951372867,0.475282012753444,0.173440747405672,0.260617630971388,-1.54831010635766,0.103884125772003,0.212606953561668,0.102302762670165,1.4142135623731,0.707106781186548,2.82842712474619,6.91190308776249,27.6476123510499,2.62639219109571,0.353653019151067,13.823806175525,1.4142135623731,"baseline_only_beta0",-1.55,0.1,2.63,0.35,"production_075",TRUE,2,0.335138082504272
"Fixed mixed-signal hidden-positive design",76,"regenerated_from_competing_seeds","cov",0,0.999990000063396,0.999990000063396,0.1,0.5,0.0999990000063396,0.499995000031698,0.0999990000063108,0.499995000031681,1.80957972365964,3.63461713625845,0.94179919992719,0.177913768434007,2.56459148268085,1,1.4142135623731,0.707106781186548,2.82842712474619,0.707106781186548,2.82842712474619,0.346573590279973,0.353653019151067,1.4142135623731,1.4142135623731,"baseline_only_beta0",0.94,0.18,0.35,0.35,"production_076",TRUE,2,0.362023115158081
"Fixed mixed-signal hidden-positive design",76,"regenerated_from_competing_seeds","network",1.13760001014241e-07,0.931152882205531,0.93115276844553,0.1,0.5,0.0931153906045541,0.465576497982766,0.0931153906051022,0.465576497982766,0.173904719090073,0.261170523984291,-1.54591472879341,0.103743228955924,0.213116837927216,0.104536615073239,1.4142135623731,0.707106781186548,2.82842712474619,6.76420200416039,27.0568080166416,2.60479147575123,0.353653019151067,13.5284040083208,1.4142135623731,"baseline_only_beta0",-1.55,0.1,2.6,0.35,"production_076",TRUE,2,0.362023115158081
"Fixed mixed-signal hidden-positive design",77,"regenerated_from_competing_seeds","cov",0,0.999990000060986,0.999990000060986,0.1,0.5,0.0999990000060986,0.499995000030493,0.0999990000044337,0.499995000028982,1.82728272055581,3.65469754161224,0.949421674518665,0.176835730676655,2.58421470985788,1,1.4142135623731,0.707106781186548,2.82842712474619,0.707106781186548,2.82842712474619,0.346573590279973,0.353653019151067,1.4142135623731,1.4142135623731,"baseline_only_beta0",0.95,0.18,0.35,0.35,"production_077",TRUE,2,0.311286926269531
"Fixed mixed-signal hidden-positive design",77,"regenerated_from_competing_seeds","network",1.15352730622624e-07,0.975125313283225,0.975125197930495,0.1,0.5,0.0975126351457801,0.487562714317978,0.097512635146748,0.487562714317979,0.173711559760728,0.259261001542495,-1.55013952726879,0.102154698816835,0.212218361512559,0.102612570400007,1.4142135623731,0.707106781186548,2.82842712474619,6.89103467957276,27.564138718291,2.62336842551164,0.353653019151067,13.7820693591455,1.4142135623731,"baseline_only_beta0",-1.55,0.1,2.62,0.35,"production_077",TRUE,2,0.311286926269531
"Fixed mixed-signal hidden-positive design",78,"regenerated_from_competing_seeds","cov",0,0.999990000062371,0.999990000062371,0.1,0.5,0.0999990000062371,0.499995000031186,0.099999000006223,0.499995000031105,1.80779129131165,3.63939142041717,0.941961147281335,0.17850089642242,2.56500684511845,1,1.4142135623731,0.707106781186548,2.82842712474619,0.707106781186548,2.82842712474619,0.346573590279973,0.353653019151067,1.4142135623731,1.4142135623731,"baseline_only_beta0",0.94,0.18,0.35,0.35,"production_078",TRUE,2,0.333089828491211
"Fixed mixed-signal hidden-positive design",78,"regenerated_from_competing_seeds","network",1.16249710269852e-07,0.980075187969943,0.980075071720233,0.1,0.5,0.0980076234217336,0.490037652109827,0.0980076234101001,0.490037650156179,0.177537399806609,0.264502101822261,-1.52924003522151,0.101702865703879,0.216700289342002,0.102981165667037,1.4142135623731,0.707106781186548,2.82842712474619,6.86636994839225,27.465479793569,2.61978275535454,0.353653019151067,13.7327398967845,1.4142135623731,"baseline_only_beta0",-1.53,0.1,2.62,0.35,"production_078",TRUE,2,0.333089828491211
"Fixed mixed-signal hidden-positive design",79,"regenerated_from_competing_seeds","cov",0,0.999990000061033,0.999990000061033,0.1,0.5,0.0999990000061033,0.499995000030516,0.0999990000042533,0.499995000029037,1.8280028535585,3.65451298894714,0.949593436612039,0.176722330249838,2.58465861810839,1,1.4142135623731,0.707106781186548,2.82842712474619,0.707106781186548,2.82842712474619,0.346573590279973,0.353653019151067,1.4142135623731,1.4142135623731,"baseline_only_beta0",0.95,0.18,0.35,0.35,"production_079",TRUE,2,0.269727945327759
"Fixed mixed-signal hidden-positive design",79,"regenerated_from_competing_seeds","network",1.15282667984627e-07,0.950563909774453,0.950563794491785,0.1,0.5,0.0950564947318465,0.475282012528561,0.0950564947324514,0.475282012156194,0.167147287322113,0.25567665534608,-1.57636079657343,0.108430103998762,0.206726049090791,0.105138275508592,1.4142135623731,0.707106781186548,2.82842712474619,6.72549343011397,26.9019737204559,2.59905247586387,0.353653019151067,13.4509868602279,1.4142135623731,"baseline_only_beta0",-1.58,0.11,2.6,0.35,"production_079",TRUE,2,0.269727945327759
"Fixed mixed-signal hidden-positive design",80,"regenerated_from_competing_seeds","cov",0,0.999990000062899,0.999990000062899,0.1,0.5,0.0999990000062899,0.499995000031449,0.0999990007692906,0.499995000031435,1.80448272281217,3.63436425749413,0.940354085734198,0.178615585766954,2.56088803172928,1,1.4142135623731,0.707106781186548,2.82842712474619,0.707106781186548,2.82842712474619,0.346573590279973,0.353653019151067,1.4142135623731,1.4142135623731,"baseline_only_beta0",0.94,0.18,0.35,0.35,"production_080",TRUE,2,0.296709060668945
"Fixed mixed-signal hidden-positive design",80,"regenerated_from_competing_seeds","network",1.14175149086916e-07,0.945689223057662,0.945689108882513,0.1,0.5,0.0945690250634004,0.472844668616405,0.0945690250529016,0.472844668725831,0.179507318697041,0.267260786081806,-1.5185348347853,0.101534755732217,0.219032570871112,0.101292229157481,1.4142135623731,0.707106781186548,2.82842712474619,6.98085911493955,27.9234364597582,2.63631917212978,0.353653019151067,13.9617182298791,1.41421356237309,"baseline_only_beta0",-1.52,0.1,2.64,0.35,"production_080",TRUE,2,0.296709060668945
"Fixed mixed-signal hidden-positive design",81,"regenerated_from_competing_seeds","cov",0,0.999990000061636,0.999990000061636,0.1,0.5,0.0999990000061636,0.499995000030818,0.099999000005574,0.499995000030241,1.82124539136493,3.64834092608972,0.946896535753526,0.177235903541398,2.5776974410836,1,1.4142135623731,0.707106781186548,2.82842712474619,0.707106781186548,2.82842712474619,0.346573590279973,0.353653019151067,1.4142135623731,1.4142135623731,"baseline_only_beta0",0.95,0.18,0.35,0.35,"production_081",TRUE,2,0.304089069366455
"Fixed mixed-signal hidden-positive design",81,"regenerated_from_competing_seeds","network",1.15046303106748e-07,0.965263157894755,0.965263042848452,0.1,0.5,0.0965264193311483,0.482631636470529,0.096526419331847,0.482631636349359,0.170254900132086,0.257637801791523,-1.56332955090987,0.105680003872874,0.20943757593676,0.103730162220783,1.4142135623731,0.707106781186548,2.82842712474619,6.81679046911652,27.2671618764661,2.61253593594431,0.353653019151067,13.6335809382331,1.4142135623731,"baseline_only_beta0",-1.56,0.11,2.61,0.35,"production_081",TRUE,2,0.304089069366455
"Fixed mixed-signal hidden-positive design",82,"regenerated_from_competing_seeds","cov",0,0.999990000063429,0.999990000063429,0.1,0.5,0.0999990000063429,0.499995000031715,0.0999990000044029,0.499995000031715,1.79679461886343,3.62820637505477,0.937371362380666,0.179272198366466,2.55326099152132,1,1.4142135623731,0.707106781186548,2.82842712474619,0.707106781186548,2.82842712474619,0.346573590279973,0.353653019151067,1.4142135623731,1.4142135623731,"baseline_only_beta0",0.94,0.18,0.35,0.35,"production_082",TRUE,2,0.287023067474365
"Fixed mixed-signal hidden-positive design",82,"regenerated_from_competing_seeds","network",1.15588782291129e-07,0.965263157894754,0.965263042305971,0.1,0.5,0.0965264198193795,0.482631636741768,0.0965264198200698,0.482631633103372,0.16825828632109,0.256136097313285,-1.57215070362839,0.107198070805319,0.207598219642908,0.103824182463346,1.4142135623731,0.707106781186548,2.82842712474619,6.81061737650751,27.24246950603,2.61162995395548,0.353653019151067,13.621234753015,1.4142135623731,"baseline_only_beta0",-1.57,0.11,2.61,0.35,"production_082",TRUE,2,0.287023067474365
"Fixed mixed-signal hidden-positive design",83,"regenerated_from_competing_seeds","cov",0,0.9999900000645,0.9999900000645,0.1,0.5,0.09999900000645,0.49999500003225,0.099999000006351,0.499995000032247,1.81339539299417,3.63106788837313,0.94236389241485,0.177127181653056,2.56604009719741,1,1.4142135623731,0.707106781186548,2.82842712474619,0.707106781186548,2.82842712474619,0.346573590279973,0.353653019151067,1.4142135623731,1.4142135623731,"baseline_only_beta0",0.94,0.18,0.35,0.35,"production_083",TRUE,2,0.479229927062988
"Fixed mixed-signal hidden-positive design",83,"regenerated_from_competing_seeds","network",1.14839249250026e-07,0.955451127819567,0.955451012980318,0.1,0.5,0.095545216137281,0.477725621329408,0.0955452161273038,0.477725619362077,0.1773594729768,0.265677420448607,-1.52752454818485,0.103089719288675,0.217072354924805,0.103537919126561,1.4142135623731,0.707106781186548,2.82842712474619,6.82944748312167,27.3177899324867,2.61439095528062,0.353653019151067,13.6588949662433,1.41421356237309,"baseline_only_beta0",-1.53,0.1,2.61,0.35,"production_083",TRUE,2,0.479229927062988
"Fixed mixed-signal hidden-positive design",84,"regenerated_from_competing_seeds","cov",0,0.999990000063075,0.999990000063075,0.1,0.5,0.0999990000063075,0.499995000031538,0.0999989995436338,0.499995000031531,1.80240270037873,3.63279146842016,0.93956098033022,0.178799393635232,2.55885778279945,1,1.4142135623731,0.707106781186548,2.82842712474619,0.707106781186548,2.82842712474619,0.346573590279973,0.353653019151067,1.4142135623731,1.4142135623731,"baseline_only_beta0",0.94,0.18,0.35,0.35,"production_084",TRUE,2,0.308188199996948
"Fixed mixed-signal hidden-positive design",84,"regenerated_from_competing_seeds","network",1.16750966033454e-07,0.975125313283227,0.975125196532261,0.1,0.5,0.0975126364041922,0.487562715017097,0.0975126363904969,0.487562715136168,0.180565790938299,0.267555570852323,-1.51504403380246,0.100316150008879,0.219798506070669,0.104264326443288,1.4142135623731,0.707106781186548,2.82842712474619,6.7818668695967,27.1274674783868,2.60739959410857,0.353653019151067,13.5637337391934,1.4142135623731,"baseline_only_beta0",-1.52,0.1,2.61,0.35,"production_084",TRUE,2,0.308188199996948
"Fixed mixed-signal hidden-positive design",85,"regenerated_from_competing_seeds","cov",0,0.999990000063513,0.999990000063513,0.1,0.5,0.0999990000063513,0.499995000031757,0.0999989999820277,0.499995000031756,1.79821434526497,3.62921344219584,0.937905042156477,0.179141506078713,2.55462397894192,1,1.4142135623731,0.707106781186548,2.82842712474619,0.707106781186548,2.82842712474619,0.346573590279973,0.353653019151067,1.4142135623731,1.4142135623731,"baseline_only_beta0",0.94,0.18,0.35,0.35,"production_085",TRUE,2,0.341450929641724
"Fixed mixed-signal hidden-positive design",85,"regenerated_from_competing_seeds","network",1.16653797803144e-07,0.980075187969943,0.980075071316146,0.1,0.5,0.0980076237854124,0.490037652311871,0.0980076237860588,0.4900376523117,0.169592861397016,0.257608391523488,-1.56533467841112,0.106644800908212,0.20901804763788,0.103715639942992,1.4142135623731,0.707106781186548,2.82842712474619,6.81774495703073,27.2709798281229,2.6126759462763,0.353653019151067,13.6354899140615,1.4142135623731,"baseline_only_beta0",-1.57,0.11,2.61,0.35,"production_085",TRUE,2,0.341450929641724
"Fixed mixed-signal hidden-positive design",86,"regenerated_from_competing_seeds","cov",0,0.999990000061689,0.999990000061689,0.1,0.5,0.0999990000061689,0.499995000030845,0.0999990000056318,0.499995000030356,1.82092676919529,3.64740796912633,0.94668117760187,0.177215293247586,2.57714237269856,1,1.4142135623731,0.707106781186548,2.82842712474619,0.707106781186548,2.82842712474619,0.346573590279973,0.353653019151067,1.4142135623731,1.4142135623731,"baseline_only_beta0",0.95,0.18,0.35,0.35,"production_086",TRUE,2,0.268993854522705
"Fixed mixed-signal hidden-positive design",86,"regenerated_from_competing_seeds","network",1.16200804119099e-07,0.975125313283226,0.975125197082422,0.1,0.5,0.0975126359090463,0.487562714742015,0.0975126359097982,0.487562714742017,0.174318842852702,0.260608831709858,-1.54580197569499,0.102587217072712,0.213140868865773,0.104046121747304,1.4142135623731,0.707106781186548,2.82842712474619,6.7960897466596,27.1843589866384,2.60949459008873,0.353653019151067,13.5921794933192,1.41421356237309,"baseline_only_beta0",-1.55,0.1,2.61,0.35,"production_086",TRUE,2,0.268993854522705
"Fixed mixed-signal hidden-positive design",87,"regenerated_from_competing_seeds","cov",0,0.999990000062639,0.999990000062639,0.1,0.5,0.0999990000062639,0.49999500003132,0.0999990000062448,0.499995000031271,1.80851214469757,3.63764738453534,0.941920818746214,0.178276914153541,2.56490340423563,1,1.4142135623731,0.707106781186548,2.82842712474619,0.707106781186548,2.82842712474619,0.346573590279973,0.353653019151067,1.4142135623731,1.4142135623731,"baseline_only_beta0",0.94,0.18,0.35,0.35,"production_087",TRUE,2,0.32837700843811
"Fixed mixed-signal hidden-positive design",87,"regenerated_from_competing_seeds","network",1.16436455817577e-07,0.990012531328338,0.990012414891882,0.1,0.5,0.0990013579256441,0.495006323882397,0.0990013579116646,0.495006323733202,0.178956597298816,0.264329846235364,-1.52558475694197,0.0995055114941428,0.217493838641006,0.102256099297932,1.4142135623731,0.707106781186548,2.82842712474619,6.91505725371286,27.6602290148515,2.62684842528272,0.353653019151067,13.8301145074257,1.4142135623731,"baseline_only_beta0",-1.53,0.1,2.63,0.35,"production_087",TRUE,2,0.32837700843811
"Fixed mixed-signal hidden-positive design",88,"regenerated_from_competing_seeds","cov",0,0.999990000062365,0.999990000062365,0.1,0.5,0.0999990000062365,0.499995000031183,0.0999990000062258,0.49999500003111,1.80712356771134,3.63902249976445,0.941725746815508,0.178569278572798,2.56440311237453,1,1.4142135623731,0.707106781186548,2.82842712474619,0.707106781186548,2.82842712474619,0.346573590279973,0.353653019151067,1.4142135623731,1.4142135623731,"baseline_only_beta0",0.94,0.18,0.35,0.35,"production_088",TRUE,2,0.393222093582153
"Fixed mixed-signal hidden-positive design",88,"regenerated_from_competing_seeds","network",1.17252862760375e-07,0.970200501253151,0.970200384000289,0.1,0.5,0.0970201556528916,0.485100309253007,0.097020155640814,0.485100309253012,0.179651536553917,0.266956510278598,-1.51870286455903,0.101039278997296,0.218995769969699,0.106722943931058,1.4142135623731,0.707106781186548,2.82842712474619,6.62563039530966,26.5025215812386,2.58409270191438,0.353653019151067,13.2512607906193,1.41421356237309,"baseline_only_beta0",-1.52,0.1,2.58,0.35,"production_088",TRUE,2,0.393222093582153
"Fixed mixed-signal hidden-positive design",89,"regenerated_from_competing_seeds","cov",0,0.999990000062135,0.999990000062135,0.1,0.5,0.0999990000062135,0.499995000031067,0.0999990000062032,0.49999500003094,1.8070348662327,3.64114590643872,0.941992874042243,0.178730614587134,2.56508822576832,1,1.4142135623731,0.707106781186548,2.82842712474619,0.707106781186548,2.82842712474619,0.346573590279973,0.353653019151067,1.4142135623731,1.4142135623731,"baseline_only_beta0",0.94,0.18,0.35,0.35,"production_089",TRUE,2,0.473171949386597
"Fixed mixed-signal hidden-positive design",89,"regenerated_from_competing_seeds","network",1.15832842452616e-07,0.970187969924812,0.97018785409197,0.1,0.5,0.0970189012420394,0.485094042878827,0.0970189012428281,0.485094042878827,0.175915068025318,0.261542826502084,-1.53945560243364,0.101174494830462,0.214497841750559,0.102675089935697,1.4142135623731,0.707106781186548,2.82842712474619,6.88683868335923,27.5473547334369,2.62275933349392,0.353653019151067,13.7736773667185,1.4142135623731,"baseline_only_beta0",-1.54,0.1,2.62,0.35,"production_089",TRUE,2,0.473171949386597
"Fixed mixed-signal hidden-positive design",90,"regenerated_from_competing_seeds","cov",0,0.999990000062389,0.999990000062389,0.1,0.5,0.0999990000062389,0.499995000031194,0.0999990000062116,0.499995000031113,1.80950854502928,3.63941943163284,0.942439729224593,0.178260644407154,2.56623470487117,1,1.4142135623731,0.707106781186548,2.82842712474619,0.707106781186548,2.82842712474619,0.346573590279973,0.353653019151067,1.4142135623731,1.4142135623731,"baseline_only_beta0",0.94,0.18,0.35,0.35,"production_090",TRUE,2,0.368775844573975
"Fixed mixed-signal hidden-positive design",90,"regenerated_from_competing_seeds","network",1.14998780825055e-07,0.935977443609038,0.935977328610258,0.1,0.5,0.0935978478598066,0.46798877930391,0.0935978478604114,0.467988775842856,0.170245289081577,0.257289702314954,-1.56403379375925,0.105349492540472,0.209290132945445,0.103117446366215,1.4142135623731,0.707106781186548,2.82842712474619,6.8572953084515,27.429181233806,2.6184602746479,0.353653019151067,13.714590616903,1.4142135623731,"baseline_only_beta0",-1.56,0.11,2.62,0.35,"production_090",TRUE,2,0.368775844573975
"Fixed mixed-signal hidden-positive design",91,"regenerated_from_competing_seeds","cov",0,0.999990000062251,0.999990000062251,0.1,0.5,0.0999990000062251,0.499995000031126,0.0999990000061647,0.499995000030981,1.8118653136407,3.64158342791652,0.943387734683707,0.178080241677409,2.56866866290122,1,1.4142135623731,0.707106781186548,2.82842712474619,0.707106781186548,2.82842712474619,0.346573590279973,0.353653019151067,1.4142135623731,1.4142135623731,"baseline_only_beta0",0.94,0.18,0.35,0.35,"production_091",TRUE,2,0.367992162704468
"Fixed mixed-signal hidden-positive design",91,"regenerated_from_competing_seeds","network",1.14796748411591e-07,0.940839598997509,0.940839484200761,0.1,0.5,0.0940840632168245,0.470419856897129,0.0940840632175943,0.470419856891619,0.1649611089519,0.251290798113859,-1.59159499421212,0.107374698532042,0.203600610819983,0.107304894192956,1.4142135623731,0.707106781186548,2.82842712474619,6.58969738989748,26.3587895595899,2.57865460842935,0.353653019151067,13.179394779795,1.4142135623731,"baseline_only_beta0",-1.59,0.11,2.58,0.35,"production_091",TRUE,2,0.367992162704468
"Fixed mixed-signal hidden-positive design",92,"regenerated_from_competing_seeds","cov",0,0.999990000060885,0.999990000060885,0.1,0.5,0.0999990000060885,0.499995000030442,0.0999990000022656,0.499995000028401,1.83311415157264,3.65687634741234,0.951312784377949,0.176174942175494,2.5891063676475,1,1.4142135623731,0.707106781186548,2.82842712474619,0.707106781186548,2.82842712474619,0.346573590279973,0.353653019151067,1.4142135623731,1.4142135623731,"baseline_only_beta0",0.95,0.18,0.35,0.35,"production_092",TRUE,2,0.271648168563843
"Fixed mixed-signal hidden-positive design",92,"regenerated_from_competing_seeds","network",1.1677536287053e-07,0.970187969924831,0.970187853149468,0.1,0.5,0.0970189020903097,0.485094043350097,0.0970189020910844,0.485094045895594,0.174245519526973,0.260011148351403,-1.54716035659224,0.102108807896269,0.212851538935698,0.1017039517431,1.4142135623731,0.707106781186548,2.82842712474619,6.95259888202445,27.8103955280978,2.6322627100982,0.353653019151067,13.9051977640489,1.4142135623731,"baseline_only_beta0",-1.55,0.1,2.63,0.35,"production_092",TRUE,2,0.271648168563843
"Fixed mixed-signal hidden-positive design",93,"regenerated_from_competing_seeds","cov",0,0.999990000061887,0.999990000061887,0.1,0.5,0.0999990000061887,0.499995000030944,0.0999990000060619,0.499995000030675,1.81454393851425,3.64437771457181,0.94450989522834,0.177899050891848,2.57155273942276,1,1.4142135623731,0.707106781186548,2.82842712474619,0.707106781186548,2.82842712474619,0.346573590279973,0.353653019151067,1.4142135623731,1.4142135623731,"baseline_only_beta0",0.94,0.18,0.35,0.35,"production_093",TRUE,2,0.332897901535034
"Fixed mixed-signal hidden-positive design",93,"regenerated_from_competing_seeds","network",1.14867392525005e-07,0.950563909774454,0.950563794907062,0.1,0.5,0.0950564943580987,0.475282012320924,0.095056494358673,0.475282012320924,0.176098757029978,0.262459327601255,-1.53718473662542,0.101800638569158,0.214985491048826,0.101994926719896,1.4142135623731,0.707106781186548,2.82842712474619,6.93276424550453,27.7310569820181,2.62940579525505,0.353653019151067,13.8655284910091,1.4142135623731,"baseline_only_beta0",-1.54,0.1,2.63,0.35,"production_093",TRUE,2,0.332897901535034
"Fixed mixed-signal hidden-positive design",94,"regenerated_from_competing_seeds","cov",0,0.999990000065591,0.999990000065591,0.1,0.5,0.0999990000065591,0.499995000032795,0.0999990000083409,0.49999500003293,1.7923682676538,3.61601995734983,0.934455880817853,0.179043127140828,2.5458278470385,1,1.4142135623731,0.707106781186548,2.82842712474619,0.707106781186548,2.82842712474619,0.346573590279973,0.353653019151067,1.4142135623731,1.4142135623731,"baseline_only_beta0",0.93,0.18,0.35,0.35,"production_094",TRUE,2,0.432073831558228
"Fixed mixed-signal hidden-positive design",94,"regenerated_from_competing_seeds","network",1.14360959335307e-07,0.93597744360904,0.935977329248081,0.1,0.5,0.0935978472857674,0.467988778985,0.093597847273992,0.467988779340061,0.18073938815429,0.267799687067726,-1.51410757199769,0.100303658277832,0.220004435383769,0.101198695026392,1.4142135623731,0.707106781186548,2.82842712474619,6.98731125932143,27.9492450372857,2.63724300748801,0.353653019151067,13.9746225186429,1.4142135623731,"baseline_only_beta0",-1.51,0.1,2.64,0.35,"production_094",TRUE,2,0.432073831558228
"Fixed mixed-signal hidden-positive design",95,"regenerated_from_competing_seeds","cov",0,0.999990000062994,0.999990000062994,0.1,0.5,0.0999990000062994,0.499995000031497,0.099999000006279,0.499995000031474,1.80866622275288,3.63539571138272,0.94165382332268,0.178097223185982,2.56421867817832,1,1.4142135623731,0.707106781186548,2.82842712474619,0.707106781186548,2.82842712474619,0.346573590279973,0.353653019151067,1.4142135623731,1.4142135623731,"baseline_only_beta0",0.94,0.18,0.35,0.35,"production_095",TRUE,2,0.382954120635986
"Fixed mixed-signal hidden-positive design",95,"regenerated_from_competing_seeds","network",1.16482585762465e-07,0.975125313283208,0.975125196800622,0.1,0.5,0.097512636162648,0.487562714882897,0.0975126361632709,0.487562711382025,0.177466917266405,0.263061329511646,-1.53216957548276,0.100410770353527,0.216066386095648,0.102234580803533,1.4142135623731,0.707106781186548,2.82842712474619,6.91651274577446,27.6660509830978,2.62705888469796,0.353653019151067,13.8330254915489,1.4142135623731,"baseline_only_beta0",-1.53,0.1,2.63,0.35,"production_095",TRUE,2,0.382954120635986
"Fixed mixed-signal hidden-positive design",96,"regenerated_from_competing_seeds","cov",0,0.999990000061943,0.999990000061943,0.1,0.5,0.0999990000061944,0.499995000030972,0.0999990000060007,0.499995000030663,1.81615530762152,3.64501001332576,0.945040455468656,0.177716866164792,2.57291746506474,1,1.4142135623731,0.707106781186548,2.82842712474619,0.707106781186548,2.82842712474619,0.346573590279973,0.353653019151067,1.4142135623731,1.4142135623731,"baseline_only_beta0",0.95,0.18,0.35,0.35,"production_096",TRUE,2,0.308537006378174
"Fixed mixed-signal hidden-positive design",96,"regenerated_from_competing_seeds","network",1.15237398905894e-07,0.960350877192999,0.9603507619556,0.1,0.5,0.096035191432959,0.480175496215199,0.0960351914339034,0.480175496215199,0.173931052649648,0.2597594258487,-1.54854783446975,0.102322529672557,0.212556416919209,0.102737908770033,1.4142135623731,0.707106781186548,2.82842712474619,6.88262774327367,27.5305109730947,2.62214769901421,0.353653019151067,13.7652554865473,1.41421356237309,"baseline_only_beta0",-1.55,0.1,2.62,0.35,"production_096",TRUE,2,0.308537006378174
"Fixed mixed-signal hidden-positive design",97,"regenerated_from_competing_seeds","cov",0,0.999990000062769,0.999990000062769,0.1,0.5,0.0999990000062769,0.499995000031385,0.0999990000062557,0.499995000031343,1.8087994263763,3.63710703561859,0.941925960034441,0.178198496470972,2.56491659117721,1,1.4142135623731,0.707106781186548,2.82842712474619,0.707106781186548,2.82842712474619,0.346573590279973,0.353653019151067,1.4142135623731,1.4142135623731,"baseline_only_beta0",0.94,0.18,0.35,0.35,"production_097",TRUE,2,0.271506071090698
"Fixed mixed-signal hidden-positive design",97,"regenerated_from_competing_seeds","network",1.15707857630659e-07,0.970187969924829,0.970187854216972,0.1,0.5,0.0970189011295548,0.485094042816343,0.0970189011165438,0.485094041769409,0.179583740070697,0.266152109519364,-1.52040047734023,0.100365713631189,0.218624315333847,0.102291568995591,1.4142135623731,0.707106781186548,2.82842712474619,6.91265945111296,27.6506378044518,2.62650161421114,0.353653019151067,13.8253189022259,1.41421356237309,"baseline_only_beta0",-1.52,0.1,2.63,0.35,"production_097",TRUE,2,0.271506071090698
"Fixed mixed-signal hidden-positive design",98,"regenerated_from_competing_seeds","cov",0,0.999990000062532,0.999990000062532,0.1,0.5,0.0999990000062533,0.499995000031266,0.0999990005232761,0.499995000031228,1.80513780883321,3.63695543977819,0.940891925633695,0.17870480842605,2.56226574995359,1,1.4142135623731,0.707106781186548,2.82842712474619,0.707106781186548,2.82842712474619,0.346573590279973,0.353653019151067,1.4142135623731,1.4142135623731,"baseline_only_beta0",0.94,0.18,0.35,0.35,"production_098",TRUE,2,0.328248023986816
"Fixed mixed-signal hidden-positive design",98,"regenerated_from_competing_seeds","network",1.14976274141354e-07,0.950563909774453,0.950563794798179,0.1,0.5,0.0950564944560921,0.475282012375364,0.0950564944567241,0.47528201543426,0.170314042771806,0.258301622415881,-1.5618692667295,0.106247854859592,0.209743637729885,0.104781559904976,1.4142135623731,0.707106781186548,2.82842712474619,6.74838952414725,26.993558096589,2.60245106796227,0.353653019151067,13.4967790482945,1.4142135623731,"baseline_only_beta0",-1.56,0.11,2.6,0.35,"production_098",TRUE,2,0.328248023986816
"Fixed mixed-signal hidden-positive design",99,"regenerated_from_competing_seeds","cov",0,0.99999000006059,0.99999000006059,0.1,0.5,0.099999000006059,0.499995000030295,0.0999990000008718,0.499995000027466,1.83554606940914,3.65961251882729,0.952349647690843,0.176027532988566,2.59179230928983,1,1.4142135623731,0.707106781186548,2.82842712474619,0.707106781186548,2.82842712474619,0.346573590279973,0.353653019151067,1.4142135623731,1.4142135623731,"baseline_only_beta0",0.95,0.18,0.35,0.35,"production_099",TRUE,2,0.505285024642944
"Fixed mixed-signal hidden-positive design",99,"regenerated_from_competing_seeds","network",1.15708195177627e-07,0.955463659147888,0.955463543439692,0.1,0.5,0.0955464700521644,0.477731887428041,0.0955464700529098,0.477731887428043,0.171971853342153,0.259128966459975,-1.55542693006649,0.104592497857003,0.211099238787729,0.107482985206507,1.4142135623731,0.707106781186548,2.82842712474619,6.57877876975585,26.3151150790234,2.57699631137032,0.353653019151067,13.1575575395117,1.4142135623731,"baseline_only_beta0",-1.56,0.1,2.58,0.35,"production_099",TRUE,2,0.505285024642944
"Fixed mixed-signal hidden-positive design",100,"regenerated_from_competing_seeds","cov",0,0.999990000061858,0.999990000061858,0.1,0.5,0.0999990000061858,0.499995000030929,0.0999990000058911,0.499995000030578,1.81797922657406,3.64565691044021,0.945631070364301,0.177506068450978,2.57443751728343,1,1.4142135623731,0.707106781186548,2.82842712474619,0.707106781186548,2.82842712474619,0.346573590279973,0.353653019151067,1.4142135623731,1.4142135623731,"baseline_only_beta0",0.95,0.18,0.35,0.35,"production_100",TRUE,2,0.473643064498901
"Fixed mixed-signal hidden-positive design",100,"regenerated_from_competing_seeds","network",1.14228300733008e-07,0.965263157894754,0.965263043666454,0.1,0.5,0.0965264185949461,0.482631636061528,0.0965264185957324,0.482631635342518,0.172742146985972,0.259284953753524,-1.55289144536454,0.103605899109104,0.211635156797122,0.101704511958709,1.4142135623731,0.707106781186548,2.82842712474619,6.95256058525335,27.8102423410134,2.63225720181601,0.353653019151067,13.9051211705067,1.4142135623731,"baseline_only_beta0",-1.55,0.1,2.63,0.35,"production_100",TRUE,2,0.473643064498901
