"scenario","replicate","geometry_source","expert","attainable_corr_min","attainable_corr_max","attainable_corr_span","target_corr_pct_low","target_corr_pct_high","target_corr_low","target_corr_high","achieved_corr_at_first_target","achieved_corr_at_second_target","ell_interval_low","ell_interval_high","log_ell_mean_unrounded","log_ell_sd_unrounded","ell_median","unit_kernel_mean_marginal_sd","effective_sd_target_center","effective_sd_target_low","effective_sd_target_high","sigma_raw_interval_low","sigma_raw_interval_high","log_sig_mean_unrounded","log_sig_sd_unrounded","sigma_raw_median","effective_sigma_median_check","mean_structure","log_ell_mean_active","log_ell_sd_active","log_sig_mean_active","log_sig_sd_active","calibration_label","active_prior_rounding","active_prior_digits","prior_calibration_runtime_sec"
"Linear Gaussian covariates and Bernoulli SBM, fixed mixed-signal SCAR design",1,"regenerated_from_competing_seeds","cov",0,0.99999000005937,0.99999000005937,0.1,0.5,0.099999000005937,0.499995000029685,0.0999989999476361,0.499995000016639,1.86159898609709,3.67514898760175,0.961514730526135,0.173512852707202,2.61565548745915,1,1.4142135623731,0.707106781186548,2.82842712474619,0.707106781186548,2.82842712474619,0.346573590279973,0.353653019151067,1.4142135623731,1.4142135623731,"baseline_only_beta0",0.96,0.17,0.35,0.35,"production_001",TRUE,2,0.33083701133728
"Linear Gaussian covariates and Bernoulli SBM, fixed mixed-signal SCAR design",1,"regenerated_from_competing_seeds","network",1.2466134723975e-07,1,0.999999875338653,0.1,0.5,0.100000112195213,0.500000062330674,0.100000112195148,0.500000062375595,0.278602872672322,0.353838372628735,-1.15844147559771,0.0609839935504862,0.313975137671862,0.1035467372464,1.4142135623731,0.707106781186548,2.82842712474619,6.82886588211767,27.3154635284707,2.61430579088458,0.353653019151067,13.6577317642353,1.41421356237309,"baseline_only_beta0",-1.16,0.06,2.61,0.35,"production_001",TRUE,2,0.33083701133728
"Linear Gaussian covariates and Bernoulli SBM, fixed mixed-signal SCAR design",2,"regenerated_from_competing_seeds","cov",0,0.999990000060318,0.999990000060318,0.1,0.5,0.0999990000060318,0.499995000030159,0.0999989999962187,0.499995000026013,1.84127992293903,3.66299659780384,0.954371247542454,0.175467666837775,2.59703717596229,1,1.4142135623731,0.707106781186548,2.82842712474619,0.707106781186548,2.82842712474619,0.346573590279973,0.353653019151067,1.4142135623731,1.4142135623731,"baseline_only_beta0",0.95,0.18,0.35,0.35,"production_002",TRUE,2,0.330471038818359
"Linear Gaussian covariates and Bernoulli SBM, fixed mixed-signal SCAR design",2,"regenerated_from_competing_seeds","network",1.24604532006107e-07,1,0.999999875395468,0.1,0.5,0.100000112144079,0.500000062302266,0.100000112144016,0.500000062344654,0.278792008248598,0.353975819399317,-1.15790797014405,0.0609099433064809,0.314142689811141,0.103515687219136,1.4142135623731,0.707106781186548,2.82842712474619,6.83091423321811,27.3236569328725,2.61460570070721,0.353653019151067,13.6618284664362,1.4142135623731,"baseline_only_beta0",-1.16,0.06,2.61,0.35,"production_002",TRUE,2,0.330471038818359
"Linear Gaussian covariates and Bernoulli SBM, fixed mixed-signal SCAR design",3,"regenerated_from_competing_seeds","cov",0,0.999990000059432,0.999990000059432,0.1,0.5,0.0999990000059432,0.499995000029716,0.0999989999598324,0.499995000017899,1.85835507338973,3.67402349378268,0.960489554336627,0.173879637447471,2.6129753537728,1,1.4142135623731,0.707106781186548,2.82842712474619,0.707106781186548,2.82842712474619,0.346573590279973,0.353653019151067,1.4142135623731,1.4142135623731,"baseline_only_beta0",0.96,0.17,0.35,0.35,"production_003",TRUE,2,0.292752981185913
"Linear Gaussian covariates and Bernoulli SBM, fixed mixed-signal SCAR design",3,"regenerated_from_competing_seeds","network",1.24580418686267e-07,1,0.999999875419581,0.1,0.5,0.100000112122377,0.500000062290209,0.100000112122314,0.500000062332971,0.278736629025958,0.353944546481855,-1.15805147572676,0.0609380836553718,0.314097611815935,0.103493870435826,1.4142135623731,0.707106781186548,2.82842712474619,6.83235420811715,27.3294168324686,2.61481648115269,0.353653019151067,13.6647084162343,1.4142135623731,"baseline_only_beta0",-1.16,0.06,2.61,0.35,"production_003",TRUE,2,0.292752981185913
"Linear Gaussian covariates and Bernoulli SBM, fixed mixed-signal SCAR design",4,"regenerated_from_competing_seeds","cov",0,0.999990000059973,0.999990000059973,0.1,0.5,0.0999990000059973,0.499995000029987,0.0999989999812036,0.49999500002302,1.85082254611763,3.66802174574823,0.95764132133937,0.174498697036173,2.60554357988512,1,1.4142135623731,0.707106781186548,2.82842712474619,0.707106781186548,2.82842712474619,0.346573590279973,0.353653019151067,1.4142135623731,1.4142135623731,"baseline_only_beta0",0.96,0.17,0.35,0.35,"production_004",TRUE,2,0.42194390296936
"Linear Gaussian covariates and Bernoulli SBM, fixed mixed-signal SCAR design",4,"regenerated_from_competing_seeds","network",1.24597634014133e-07,1,0.999999875402366,0.1,0.5,0.100000112137871,0.500000062298817,0.100000112137806,0.500000062343326,0.278637335901917,0.353851317725995,-1.15836133727256,0.0609617716016829,0.314000300121758,0.103509881604791,1.4142135623731,0.707106781186548,2.82842712474619,6.8312973623749,27.3251894494996,2.61466178667165,0.353653019151067,13.6625947247498,1.4142135623731,"baseline_only_beta0",-1.16,0.06,2.61,0.35,"production_004",TRUE,2,0.42194390296936
"Linear Gaussian covariates and Bernoulli SBM, fixed mixed-signal SCAR design",5,"regenerated_from_competing_seeds","cov",0,0.999990000060497,0.999990000060497,0.1,0.5,0.0999990000060497,0.499995000030249,0.099998999999638,0.499995000027071,1.83752783715523,3.66062163546591,0.953027040104585,0.175822587231426,2.59354856450797,1,1.4142135623731,0.707106781186548,2.82842712474619,0.707106781186548,2.82842712474619,0.346573590279973,0.353653019151067,1.4142135623731,1.4142135623731,"baseline_only_beta0",0.95,0.18,0.35,0.35,"production_005",TRUE,2,0.549384832382202
"Linear Gaussian covariates and Bernoulli SBM, fixed mixed-signal SCAR design",5,"regenerated_from_competing_seeds","network",1.24583179420821e-07,1,0.999999875416821,0.1,0.5,0.100000112124861,0.50000006229159,0.100000112124801,0.500000062332031,0.278914192979637,0.354079250155976,-1.15754280845771,0.0608726940863643,0.314257423632425,0.103508595334087,1.4142135623731,0.707106781186548,2.82842712474619,6.83138225288701,27.325529011548,2.61467421329871,0.353653019151067,13.662764505774,1.4142135623731,"baseline_only_beta0",-1.16,0.06,2.61,0.35,"production_005",TRUE,2,0.549384832382202
"Linear Gaussian covariates and Bernoulli SBM, fixed mixed-signal SCAR design",6,"regenerated_from_competing_seeds","cov",0,0.999990000059734,0.999990000059734,0.1,0.5,0.0999990000059734,0.499995000029867,0.0999989999715896,0.499995000020897,1.85470636388941,3.67077859567652,0.959065090053164,0.174155598580036,2.60925591344166,1,1.4142135623731,0.707106781186548,2.82842712474619,0.707106781186548,2.82842712474619,0.346573590279973,0.353653019151067,1.4142135623731,1.4142135623731,"baseline_only_beta0",0.96,0.17,0.35,0.35,"production_006",TRUE,2,0.422040939331055
"Linear Gaussian covariates and Bernoulli SBM, fixed mixed-signal SCAR design",6,"regenerated_from_competing_seeds","network",1.24584276718913e-07,1,0.999999875415723,0.1,0.5,0.100000112125849,0.500000062292138,0.100000112125785,0.500000062335806,0.278699699718458,0.353900722001315,-1.15817963671802,0.060940295921453,0.314057359334106,0.103509088090798,1.4142135623731,0.707106781186548,2.82842712474619,6.83134973197983,27.3253989279193,2.61466945277099,0.353653019151067,13.6626994639597,1.41421356237309,"baseline_only_beta0",-1.16,0.06,2.61,0.35,"production_006",TRUE,2,0.422040939331055
"Linear Gaussian covariates and Bernoulli SBM, fixed mixed-signal SCAR design",7,"regenerated_from_competing_seeds","cov",0,0.999990000059589,0.999990000059589,0.1,0.5,0.0999990000059589,0.499995000029795,0.0999989999633162,0.49999500001934,1.85736665385001,3.67251837910571,0.960018670320106,0.173910829966038,2.61174523508749,1,1.4142135623731,0.707106781186548,2.82842712474619,0.707106781186548,2.82842712474619,0.346573590279973,0.353653019151067,1.4142135623731,1.4142135623731,"baseline_only_beta0",0.96,0.17,0.35,0.35,"production_007",TRUE,2,0.300071954727173
"Linear Gaussian covariates and Bernoulli SBM, fixed mixed-signal SCAR design",7,"regenerated_from_competing_seeds","network",1.24620364054717e-07,1,0.999999875379636,0.1,0.5,0.100000112158328,0.500000062310182,0.100000112158265,0.500000062352152,0.278818140785814,0.354000028104504,-1.15782691064435,0.0609034783949106,0.314168155092498,0.10353019259634,1.4142135623731,0.707106781186548,2.82842712474619,6.82995716953344,27.3198286781338,2.61446558319084,0.353653019151067,13.6599143390669,1.4142135623731,"baseline_only_beta0",-1.16,0.06,2.61,0.35,"production_007",TRUE,2,0.300071954727173
"Linear Gaussian covariates and Bernoulli SBM, fixed mixed-signal SCAR design",8,"regenerated_from_competing_seeds","cov",0,0.999990000060245,0.999990000060245,0.1,0.5,0.0999990000060245,0.499995000030123,0.0999989999938116,0.499995000025501,1.8434213245785,3.66399763746139,0.955089031296797,0.175240858212925,2.59890195623105,1,1.4142135623731,0.707106781186548,2.82842712474619,0.707106781186548,2.82842712474619,0.346573590279973,0.353653019151067,1.4142135623731,1.4142135623731,"baseline_only_beta0",0.96,0.18,0.35,0.35,"production_008",TRUE,2,0.390025854110718
"Linear Gaussian covariates and Bernoulli SBM, fixed mixed-signal SCAR design",8,"regenerated_from_competing_seeds","network",1.24587438952139e-07,1,0.999999875412561,0.1,0.5,0.100000112128695,0.50000006229372,0.100000112128631,0.500000062338105,0.278657728225884,0.35386157141969,-1.15831025716832,0.0609504942939719,0.314016339699469,0.103508536454106,1.4142135623731,0.707106781186548,2.82842712474619,6.83138613886274,27.325544555451,2.61467478214035,0.353653019151067,13.6627722777255,1.4142135623731,"baseline_only_beta0",-1.16,0.06,2.61,0.35,"production_008",TRUE,2,0.390025854110718
"Linear Gaussian covariates and Bernoulli SBM, fixed mixed-signal SCAR design",9,"regenerated_from_competing_seeds","cov",0,0.999990000059997,0.999990000059997,0.1,0.5,0.0999990000059997,0.499995000029999,0.0999989999841679,0.499995000023417,1.84941861525791,3.66746177701194,0.95718556828744,0.17465333205648,2.60435636600538,1,1.4142135623731,0.707106781186548,2.82842712474619,0.707106781186548,2.82842712474619,0.346573590279973,0.353653019151067,1.4142135623731,1.4142135623731,"baseline_only_beta0",0.96,0.17,0.35,0.35,"production_009",TRUE,2,0.284856081008911
"Linear Gaussian covariates and Bernoulli SBM, fixed mixed-signal SCAR design",9,"regenerated_from_competing_seeds","network",1.24512253642221e-07,1,0.999999875487746,0.1,0.5,0.100000112061028,0.500000062256127,0.100000112060965,0.500000062299267,0.278732081890562,0.353922824879154,-1.15809031845939,0.0609265889422604,0.314085411643323,0.103460933440461,1.4142135623731,0.707106781186548,2.82842712474619,6.83452930176266,27.3381172070506,2.61513478249217,0.353653019151067,13.6690586035253,1.41421356237309,"baseline_only_beta0",-1.16,0.06,2.62,0.35,"production_009",TRUE,2,0.284856081008911
"Linear Gaussian covariates and Bernoulli SBM, fixed mixed-signal SCAR design",10,"regenerated_from_competing_seeds","cov",0,0.99999000006031,0.99999000006031,0.1,0.5,0.099999000006031,0.499995000030155,0.0999989999949755,0.499995000025823,1.84242743172933,3.6633761294411,0.95473456025332,0.175335161473654,2.59798088399909,1,1.4142135623731,0.707106781186548,2.82842712474619,0.707106781186548,2.82842712474619,0.346573590279973,0.353653019151067,1.4142135623731,1.4142135623731,"baseline_only_beta0",0.95,0.18,0.35,0.35,"production_010",TRUE,2,0.307407855987549
"Linear Gaussian covariates and Bernoulli SBM, fixed mixed-signal SCAR design",10,"regenerated_from_competing_seeds","network",1.24553156772059e-07,1,0.999999875446843,0.1,0.5,0.100000112097841,0.500000062276578,0.100000112097778,0.500000062319766,0.27872256831042,0.353916110003253,-1.15811687101148,0.060930456186734,0.314077071984792,0.103481031413938,1.4142135623731,0.707106781186548,2.82842712474619,6.8332019069082,27.3328076276328,2.61494054471585,0.353653019151067,13.6664038138164,1.41421356237309,"baseline_only_beta0",-1.16,0.06,2.61,0.35,"production_010",TRUE,2,0.307407855987549
"Linear Gaussian covariates and Bernoulli SBM, fixed mixed-signal SCAR design",11,"regenerated_from_competing_seeds","cov",0,0.999990000060386,0.999990000060386,0.1,0.5,0.0999990000060386,0.499995000030193,0.0999989999956935,0.499995000026209,1.84175168770385,3.66257707038132,0.954442070084246,0.175373093514127,2.59722111124953,1,1.4142135623731,0.707106781186548,2.82842712474619,0.707106781186548,2.82842712474619,0.346573590279973,0.353653019151067,1.4142135623731,1.4142135623731,"baseline_only_beta0",0.95,0.18,0.35,0.35,"production_011",TRUE,2,0.393829107284546
"Linear Gaussian covariates and Bernoulli SBM, fixed mixed-signal SCAR design",11,"regenerated_from_competing_seeds","network",1.24668163040272e-07,1,0.999999875331837,0.1,0.5,0.100000112201347,0.500000062334082,0.100000112201286,0.50000006237495,0.278888626425156,0.354069097321929,-1.15760298000927,0.0608887644008041,0.314238514844549,0.103556632353366,1.4142135623731,0.707106781186548,2.82842712474619,6.8282133661289,27.3128534645156,2.61421023370468,0.353653019151067,13.6564267322578,1.4142135623731,"baseline_only_beta0",-1.16,0.06,2.61,0.35,"production_011",TRUE,2,0.393829107284546
"Linear Gaussian covariates and Bernoulli SBM, fixed mixed-signal SCAR design",12,"regenerated_from_competing_seeds","cov",0,0.999990000060052,0.999990000060052,0.1,0.5,0.0999990000060052,0.499995000030026,0.0999989999885192,0.49999500002405,1.8469757716582,3.66651549631057,0.956395669229804,0.174924686614621,2.60229999963397,1,1.4142135623731,0.707106781186548,2.82842712474619,0.707106781186548,2.82842712474619,0.346573590279973,0.353653019151067,1.4142135623731,1.4142135623731,"baseline_only_beta0",0.96,0.17,0.35,0.35,"production_012",TRUE,2,0.436393022537231
"Linear Gaussian covariates and Bernoulli SBM, fixed mixed-signal SCAR design",12,"regenerated_from_competing_seeds","network",1.24608226624252e-07,1,0.999999875391773,0.1,0.5,0.100000112147404,0.500000062304113,0.10000011214734,0.500000062348413,0.27866554944924,0.353872439427414,-1.15828086755709,0.0609511690583266,0.314025568653228,0.103521846098115,1.4142135623731,0.707106781186548,2.82842712474619,6.83050783808831,27.3220313523532,2.6145462054178,0.353653019151067,13.6610156761766,1.41421356237309,"baseline_only_beta0",-1.16,0.06,2.61,0.35,"production_012",TRUE,2,0.436393022537231
"Linear Gaussian covariates and Bernoulli SBM, fixed mixed-signal SCAR design",13,"regenerated_from_competing_seeds","cov",0,0.999990000059835,0.999990000059835,0.1,0.5,0.0999990000059836,0.499995000029918,0.0999989999752342,0.499995000021728,1.85322075542957,3.6697511592621,0.958524465014037,0.174288606031724,2.60784566560336,1,1.4142135623731,0.707106781186548,2.82842712474619,0.707106781186548,2.82842712474619,0.346573590279973,0.353653019151067,1.4142135623731,1.4142135623731,"baseline_only_beta0",0.96,0.17,0.35,0.35,"production_013",TRUE,2,0.481581926345825
"Linear Gaussian covariates and Bernoulli SBM, fixed mixed-signal SCAR design",13,"regenerated_from_competing_seeds","network",1.24670206581837e-07,1,0.999999875329793,0.1,0.5,0.100000112203186,0.500000062335103,0.100000112203123,0.500000062378506,0.278722958150827,0.353925374894058,-1.15810308274338,0.0609367775278025,0.314081402593519,0.103553514816121,1.4142135623731,0.707106781186548,2.82842712474619,6.82841893336163,27.3136757334465,2.61424033881819,0.353653019151067,13.6568378667233,1.4142135623731,"baseline_only_beta0",-1.16,0.06,2.61,0.35,"production_013",TRUE,2,0.481581926345825
"Linear Gaussian covariates and Bernoulli SBM, fixed mixed-signal SCAR design",14,"regenerated_from_competing_seeds","cov",0,0.999990000060796,0.999990000060796,0.1,0.5,0.0999990000060796,0.499995000030398,0.0999990000006987,0.499995000028015,1.83597334687177,3.65809106089137,0.952258109212711,0.175862075422293,2.59155507142457,1,1.4142135623731,0.707106781186548,2.82842712474619,0.707106781186548,2.82842712474619,0.346573590279973,0.353653019151067,1.4142135623731,1.4142135623731,"baseline_only_beta0",0.95,0.18,0.35,0.35,"production_014",TRUE,2,0.390089988708496
"Linear Gaussian covariates and Bernoulli SBM, fixed mixed-signal SCAR design",14,"regenerated_from_competing_seeds","network",1.24636798478308e-07,1,0.999999875363202,0.1,0.5,0.100000112173119,0.500000062318399,0.100000112173055,0.50000006236191,0.278705792967627,0.353908832361205,-1.15815724687721,0.0609405647757627,0.314064391107105,0.103530001594142,1.4142135623731,0.707106781186548,2.82842712474619,6.82996977010146,27.3198790804059,2.61446742808621,0.353653019151067,13.6599395402029,1.41421356237309,"baseline_only_beta0",-1.16,0.06,2.61,0.35,"production_014",TRUE,2,0.390089988708496
"Linear Gaussian covariates and Bernoulli SBM, fixed mixed-signal SCAR design",15,"regenerated_from_competing_seeds","cov",0,0.999990000059777,0.999990000059777,0.1,0.5,0.0999990000059777,0.499995000029888,0.0999989999697152,0.499995000021108,1.85547194130549,3.67049660917466,0.959233024131407,0.174030720626817,2.60969413322338,1,1.4142135623731,0.707106781186548,2.82842712474619,0.707106781186548,2.82842712474619,0.346573590279973,0.353653019151067,1.4142135623731,1.4142135623731,"baseline_only_beta0",0.96,0.17,0.35,0.35,"production_015",TRUE,2,0.30686616897583
"Linear Gaussian covariates and Bernoulli SBM, fixed mixed-signal SCAR design",15,"regenerated_from_competing_seeds","network",1.24542833487198e-07,1,0.999999875457167,0.1,0.5,0.10000011208855,0.500000062271417,0.100000112088487,0.500000062314603,0.278724674719266,0.353917689301681,-1.15811086117081,0.060929666632352,0.314078959543624,0.103480212940388,1.4142135623731,0.707106781186548,2.82842712474619,6.83325595390774,27.333023815631,2.6149484541537,0.353653019151067,13.6665119078155,1.4142135623731,"baseline_only_beta0",-1.16,0.06,2.61,0.35,"production_015",TRUE,2,0.30686616897583
"Linear Gaussian covariates and Bernoulli SBM, fixed mixed-signal SCAR design",16,"regenerated_from_competing_seeds","cov",0,0.999990000059665,0.999990000059665,0.1,0.5,0.0999990000059665,0.499995000029832,0.0999989999722344,0.499995000020449,1.85435711928889,3.67133020445975,0.959046059748813,0.174241972236373,2.60920625897997,1,1.4142135623731,0.707106781186548,2.82842712474619,0.707106781186548,2.82842712474619,0.346573590279973,0.353653019151067,1.4142135623731,1.4142135623731,"baseline_only_beta0",0.96,0.17,0.35,0.35,"production_016",TRUE,2,0.409190893173218
"Linear Gaussian covariates and Bernoulli SBM, fixed mixed-signal SCAR design",16,"regenerated_from_competing_seeds","network",1.24613513538038e-07,1,0.999999875386486,0.1,0.5,0.100000112152162,0.500000062306757,0.1000001121521,0.500000062349196,0.278780624025946,0.353972146466252,-1.1579335757542,0.0609177135158027,0.314134646098875,0.103518657744132,1.4142135623731,0.707106781186548,2.82842712474619,6.83071821636548,27.3228728654619,2.61457700474377,0.353653019151067,13.661436432731,1.4142135623731,"baseline_only_beta0",-1.16,0.06,2.61,0.35,"production_016",TRUE,2,0.409190893173218
"Linear Gaussian covariates and Bernoulli SBM, fixed mixed-signal SCAR design",17,"regenerated_from_competing_seeds","cov",0,0.999990000060253,0.999990000060253,0.1,0.5,0.0999990000060253,0.499995000030126,0.0999989999930649,0.499995000025414,1.84397735886261,3.66416054601791,0.955262054890758,0.175175263838524,2.59935166649199,1,1.4142135623731,0.707106781186548,2.82842712474619,0.707106781186548,2.82842712474619,0.346573590279973,0.353653019151067,1.4142135623731,1.4142135623731,"baseline_only_beta0",0.96,0.18,0.35,0.35,"production_017",TRUE,2,0.318028926849365
"Linear Gaussian covariates and Bernoulli SBM, fixed mixed-signal SCAR design",17,"regenerated_from_competing_seeds","network",1.24493372133667e-07,1,0.999999875506628,0.1,0.5,0.100000112044035,0.500000062246686,0.10000011204397,0.500000062290812,0.278628619554038,0.35384213732109,-1.1583899508339,0.0609631333516257,0.31399131558345,0.103442810418052,1.4142135623731,0.707106781186548,2.82842712474619,6.83572670085872,27.3429068034349,2.61530996561952,0.353653019151067,13.6714534017175,1.4142135623731,"baseline_only_beta0",-1.16,0.06,2.62,0.35,"production_017",TRUE,2,0.318028926849365
"Linear Gaussian covariates and Bernoulli SBM, fixed mixed-signal SCAR design",18,"regenerated_from_competing_seeds","cov",0,0.999990000060074,0.999990000060074,0.1,0.5,0.0999990000060074,0.499995000030037,0.0999989999889333,0.499995000024162,1.84665877259003,3.66633466934202,0.956285186308569,0.174955892915469,2.60201250580995,1,1.4142135623731,0.707106781186548,2.82842712474619,0.707106781186548,2.82842712474619,0.346573590279973,0.353653019151067,1.4142135623731,1.4142135623731,"baseline_only_beta0",0.96,0.17,0.35,0.35,"production_018",TRUE,2,0.383507013320923
"Linear Gaussian covariates and Bernoulli SBM, fixed mixed-signal SCAR design",18,"regenerated_from_competing_seeds","network",1.24599310825538e-07,1,0.999999875400689,0.1,0.5,0.10000011213938,0.500000062299655,0.100000112139315,0.500000062344585,0.278586449885193,0.353825466435498,-1.15848918768283,0.0609897266116666,0.313960157620736,0.103510850684512,1.4142135623731,0.707106781186548,2.82842712474619,6.83123340703399,27.324933628136,2.61465242452024,0.353653019151067,13.662466814068,1.4142135623731,"baseline_only_beta0",-1.16,0.06,2.61,0.35,"production_018",TRUE,2,0.383507013320923
"Linear Gaussian covariates and Bernoulli SBM, fixed mixed-signal SCAR design",19,"regenerated_from_competing_seeds","cov",0,0.999990000060409,0.999990000060409,0.1,0.5,0.0999990000060409,0.499995000030205,0.0999989999940568,0.499995000026136,1.8432513121531,3.66272245804098,0.954868870826077,0.175175586785066,2.5983298437336,1,1.4142135623731,0.707106781186548,2.82842712474619,0.707106781186548,2.82842712474619,0.346573590279973,0.353653019151067,1.4142135623731,1.4142135623731,"baseline_only_beta0",0.95,0.18,0.35,0.35,"production_019",TRUE,2,0.311702966690063
"Linear Gaussian covariates and Bernoulli SBM, fixed mixed-signal SCAR design",19,"regenerated_from_competing_seeds","network",1.24605041280757e-07,1,0.999999875394959,0.1,0.5,0.100000112144537,0.500000062302521,0.100000112144474,0.500000062345415,0.278755138418374,0.353947287331896,-1.15801440268393,0.0609231194286004,0.314109256586002,0.103522318351275,1.4142135623731,0.707106781186548,2.82842712474619,6.83047667834456,27.3219067133783,2.61454164355863,0.353653019151067,13.6609533566891,1.4142135623731,"baseline_only_beta0",-1.16,0.06,2.61,0.35,"production_019",TRUE,2,0.311702966690063
"Linear Gaussian covariates and Bernoulli SBM, fixed mixed-signal SCAR design",20,"regenerated_from_competing_seeds","cov",0,0.999990000059943,0.999990000059943,0.1,0.5,0.0999990000059943,0.499995000029971,0.0999989999850949,0.499995000023252,1.84890182111895,3.66772703684726,0.957081993408876,0.17474307869044,2.60408663408,1,1.4142135623731,0.707106781186548,2.82842712474619,0.707106781186548,2.82842712474619,0.346573590279973,0.353653019151067,1.4142135623731,1.4142135623731,"baseline_only_beta0",0.96,0.17,0.35,0.35,"production_020",TRUE,2,0.406702041625977
"Linear Gaussian covariates and Bernoulli SBM, fixed mixed-signal SCAR design",20,"regenerated_from_competing_seeds","network",1.24549747092236e-07,1,0.999999875450253,0.1,0.5,0.100000112094772,0.500000062274874,0.100000111589284,0.500000062322626,0.27841966272091,0.353667547956957,-1.1590118312994,0.0610286184187627,0.313796111221135,0.103481461893379,1.4142135623731,0.707106781186548,2.82842712474619,6.83317348101546,27.3326939240618,2.61493638474045,0.353653019151067,13.6663469620309,1.4142135623731,"baseline_only_beta0",-1.16,0.06,2.61,0.35,"production_020",TRUE,2,0.406702041625977
"Linear Gaussian covariates and Bernoulli SBM, fixed mixed-signal SCAR design",21,"regenerated_from_competing_seeds","cov",0,0.999990000060272,0.999990000060272,0.1,0.5,0.0999990000060272,0.499995000030136,0.0999989999875513,0.499995000024945,1.8476254055961,3.66497581667494,0.956361493469144,0.17472782464239,2.60221106557172,1,1.4142135623731,0.707106781186548,2.82842712474619,0.707106781186548,2.82842712474619,0.346573590279973,0.353653019151067,1.4142135623731,1.4142135623731,"baseline_only_beta0",0.96,0.17,0.35,0.35,"production_021",TRUE,2,0.45135498046875
"Linear Gaussian covariates and Bernoulli SBM, fixed mixed-signal SCAR design",21,"regenerated_from_competing_seeds","network",1.24655862057472e-07,1,0.999999875344138,0.1,0.5,0.100000112190276,0.500000062327931,0.100000112190213,0.500000062370771,0.278756930357889,0.353953745949897,-1.15800206489509,0.0609261345071861,0.31411313202359,0.103550086547177,1.4142135623731,0.707106781186548,2.82842712474619,6.82864500421632,27.3145800168653,2.61427344562003,0.353653019151067,13.6572900084327,1.4142135623731,"baseline_only_beta0",-1.16,0.06,2.61,0.35,"production_021",TRUE,2,0.45135498046875
"Linear Gaussian covariates and Bernoulli SBM, fixed mixed-signal SCAR design",22,"regenerated_from_competing_seeds","cov",0,0.999990000059756,0.999990000059756,0.1,0.5,0.0999990000059756,0.499995000029878,0.0999989999647844,0.499995000020671,1.85707951077188,3.6709864803218,0.959732759957749,0.173843838154813,2.61099861679898,1,1.4142135623731,0.707106781186548,2.82842712474619,0.707106781186548,2.82842712474619,0.346573590279973,0.353653019151067,1.4142135623731,1.4142135623731,"baseline_only_beta0",0.96,0.17,0.35,0.35,"production_022",TRUE,2,0.390932083129883
"Linear Gaussian covariates and Bernoulli SBM, fixed mixed-signal SCAR design",22,"regenerated_from_competing_seeds","network",1.2458971146156e-07,1,0.999999875410289,0.1,0.5,0.10000011213074,0.500000062294856,0.100000111639557,0.500000062341255,0.278500451264502,0.353739368335839,-1.15876524196371,0.061006405350421,0.313873499536917,0.103500217324448,1.4142135623731,0.707106781186548,2.82842712474619,6.8319352313043,27.3277409252172,2.61475515680577,0.353653019151067,13.6638704626086,1.41421356237309,"baseline_only_beta0",-1.16,0.06,2.61,0.35,"production_022",TRUE,2,0.390932083129883
"Linear Gaussian covariates and Bernoulli SBM, fixed mixed-signal SCAR design",23,"regenerated_from_competing_seeds","cov",0,0.999990000059427,0.999990000059427,0.1,0.5,0.0999990000059427,0.499995000029713,0.0999989999574807,0.499995000017736,1.85893786736176,3.67416607735001,0.960665737377293,0.173809546755441,2.61343575627218,1,1.4142135623731,0.707106781186548,2.82842712474619,0.707106781186548,2.82842712474619,0.346573590279973,0.353653019151067,1.4142135623731,1.4142135623731,"baseline_only_beta0",0.96,0.17,0.35,0.35,"production_023",TRUE,2,0.443397998809814
"Linear Gaussian covariates and Bernoulli SBM, fixed mixed-signal SCAR design",23,"regenerated_from_competing_seeds","network",1.24455394907691e-07,1,0.999999875544605,0.1,0.5,0.100000112009855,0.500000062227697,0.10000011200979,0.500000062272161,0.278616994079834,0.353826694732635,-1.15843263499469,0.0609626438606026,0.313977913413682,0.103416350205578,1.4142135623731,0.707106781186548,2.82842712474619,6.83747569684011,27.3499027873605,2.61556579390906,0.353653019151067,13.6749513936802,1.4142135623731,"baseline_only_beta0",-1.16,0.06,2.62,0.35,"production_023",TRUE,2,0.443397998809814
"Linear Gaussian covariates and Bernoulli SBM, fixed mixed-signal SCAR design",24,"regenerated_from_competing_seeds","cov",0,0.999990000059327,0.999990000059327,0.1,0.5,0.0999990000059327,0.499995000029664,0.0999989999611336,0.499995000017163,1.85800063933425,3.67478178805878,0.960497368996301,0.173980944137932,2.61299577336572,1,1.4142135623731,0.707106781186548,2.82842712474619,0.707106781186548,2.82842712474619,0.346573590279973,0.353653019151067,1.4142135623731,1.4142135623731,"baseline_only_beta0",0.96,0.17,0.35,0.35,"production_024",TRUE,2,0.259732007980347
"Linear Gaussian covariates and Bernoulli SBM, fixed mixed-signal SCAR design",24,"regenerated_from_competing_seeds","network",1.24651570340883e-07,1,0.99999987534843,0.1,0.5,0.100000112186413,0.500000062325785,0.10000011218635,0.50000006236901,0.278725677218693,0.353931458823978,-1.15808961018286,0.0609386740719187,0.314085634102729,0.1035386217128,1.4142135623731,0.707106781186548,2.82842712474619,6.82940114026198,27.3176045610479,2.6143841695169,0.353653019151067,13.6588022805239,1.4142135623731,"baseline_only_beta0",-1.16,0.06,2.61,0.35,"production_024",TRUE,2,0.259732007980347
"Linear Gaussian covariates and Bernoulli SBM, fixed mixed-signal SCAR design",25,"regenerated_from_competing_seeds","cov",0,0.999990000059952,0.999990000059952,0.1,0.5,0.0999990000059952,0.499995000029976,0.0999989999777775,0.499995000022781,1.8524670904963,3.66833858458362,0.958128585466901,0.174294157977112,2.60681347716689,1,1.4142135623731,0.707106781186548,2.82842712474619,0.707106781186548,2.82842712474619,0.346573590279973,0.353653019151067,1.4142135623731,1.4142135623731,"baseline_only_beta0",0.96,0.17,0.35,0.35,"production_025",TRUE,2,0.327544927597046
"Linear Gaussian covariates and Bernoulli SBM, fixed mixed-signal SCAR design",25,"regenerated_from_competing_seeds","network",1.24639925036947e-07,1,0.999999875360075,0.1,0.5,0.100000112175933,0.500000062319963,0.100000112175867,0.500000062365716,0.278542260738764,0.353784252062443,-1.15862674804786,0.0610004775073172,0.313916972117223,0.103528902735289,1.4142135623731,0.707106781186548,2.82842712474619,6.83004226360375,27.320169054415,2.61447804205963,0.353653019151067,13.6600845272075,1.4142135623731,"baseline_only_beta0",-1.16,0.06,2.61,0.35,"production_025",TRUE,2,0.327544927597046
"Linear Gaussian covariates and Bernoulli SBM, fixed mixed-signal SCAR design",26,"regenerated_from_competing_seeds","cov",0,0.999990000059823,0.999990000059823,0.1,0.5,0.0999990000059823,0.499995000029912,0.0999989999860171,0.499995000022673,1.84850393728636,3.6685964689664,0.957092892389093,0.174858449293046,2.60411501612337,1,1.4142135623731,0.707106781186548,2.82842712474619,0.707106781186548,2.82842712474619,0.346573590279973,0.353653019151067,1.4142135623731,1.4142135623731,"baseline_only_beta0",0.96,0.17,0.35,0.35,"production_026",TRUE,2,0.329142093658447
"Linear Gaussian covariates and Bernoulli SBM, fixed mixed-signal SCAR design",26,"regenerated_from_competing_seeds","network",1.24589768607004e-07,1,0.999999875410231,0.1,0.5,0.100000112130792,0.500000062294884,0.100000112130727,0.500000062339381,0.278625540120471,0.35385077743293,-1.15838326807517,0.0609721819503968,0.313993413918666,0.103505455060251,1.4142135623731,0.707106781186548,2.82842712474619,6.83158951163434,27.3263580465374,2.61470455204945,0.353653019151067,13.6631790232687,1.4142135623731,"baseline_only_beta0",-1.16,0.06,2.61,0.35,"production_026",TRUE,2,0.329142093658447
"Linear Gaussian covariates and Bernoulli SBM, fixed mixed-signal SCAR design",27,"regenerated_from_competing_seeds","cov",0,0.999990000059986,0.999990000059986,0.1,0.5,0.0999990000059986,0.499995000029993,0.0999989999849227,0.499995000023437,1.84907572883619,3.66744228243969,0.957090200773067,0.174699277773901,2.6041080068551,1,1.4142135623731,0.707106781186548,2.82842712474619,0.707106781186548,2.82842712474619,0.346573590279973,0.353653019151067,1.4142135623731,1.4142135623731,"baseline_only_beta0",0.96,0.17,0.35,0.35,"production_027",TRUE,2,0.307004928588867
"Linear Gaussian covariates and Bernoulli SBM, fixed mixed-signal SCAR design",27,"regenerated_from_competing_seeds","network",1.24595910952629e-07,1,0.999999875404089,0.1,0.5,0.10000011213632,0.500000062297955,0.100000112136256,0.500000062341751,0.27867488129375,0.353890006550235,-1.15823930338176,0.0609552901143957,0.314038621138278,0.103507285494249,1.4142135623731,0.707106781186548,2.82842712474619,6.83146870106872,27.3258748042749,2.61468686778525,0.353653019151067,13.6629374021374,1.4142135623731,"baseline_only_beta0",-1.16,0.06,2.61,0.35,"production_027",TRUE,2,0.307004928588867
"Linear Gaussian covariates and Bernoulli SBM, fixed mixed-signal SCAR design",28,"regenerated_from_competing_seeds","cov",0,0.999990000059949,0.999990000059949,0.1,0.5,0.0999990000059949,0.499995000029974,0.0999989999780895,0.49999500002269,1.85220991803529,3.66846737826323,0.958076721606665,0.174338532661757,2.60667828126297,1,1.4142135623731,0.707106781186548,2.82842712474619,0.707106781186548,2.82842712474619,0.346573590279973,0.353653019151067,1.4142135623731,1.4142135623731,"baseline_only_beta0",0.96,0.17,0.35,0.35,"production_028",TRUE,2,0.479418992996216
"Linear Gaussian covariates and Bernoulli SBM, fixed mixed-signal SCAR design",28,"regenerated_from_competing_seeds","network",1.24562076945509e-07,1,0.999999875437923,0.1,0.5,0.100000112105869,0.500000062281038,0.100000112105806,0.50000006232381,0.27875677244502,0.353945701474631,-1.15801371200704,0.0609204810245696,0.31410947353408,0.103501111803075,1.4142135623731,0.707106781186548,2.82842712474619,6.83187618826663,27.3275047530665,2.61474651455569,0.353653019151067,13.6637523765332,1.41421356237309,"baseline_only_beta0",-1.16,0.06,2.61,0.35,"production_028",TRUE,2,0.479418992996216
"Linear Gaussian covariates and Bernoulli SBM, fixed mixed-signal SCAR design",29,"regenerated_from_competing_seeds","cov",0,0.999990000059908,0.999990000059908,0.1,0.5,0.0999990000059908,0.499995000029954,0.0999989999805008,0.499995000022653,1.85117505204816,3.66854861141077,0.95780835542239,0.17448675454817,2.60597883081762,1,1.4142135623731,0.707106781186548,2.82842712474619,0.707106781186548,2.82842712474619,0.346573590279973,0.353653019151067,1.4142135623731,1.4142135623731,"baseline_only_beta0",0.96,0.17,0.35,0.35,"production_029",TRUE,2,0.445578098297119
"Linear Gaussian covariates and Bernoulli SBM, fixed mixed-signal SCAR design",29,"regenerated_from_competing_seeds","network",1.24556247866246e-07,1,0.999999875443752,0.1,0.5,0.100000112100623,0.500000062278124,0.100000112100559,0.50000006232218,0.27865601235589,0.35387500026178,-1.15829436163971,0.0609617461197514,0.314021331194853,0.103483486897521,1.4142135623731,0.707106781186548,2.82842712474619,6.83303976688369,27.3321590675348,2.6149168161695,0.353653019151067,13.6660795337674,1.4142135623731,"baseline_only_beta0",-1.16,0.06,2.61,0.35,"production_029",TRUE,2,0.445578098297119
"Linear Gaussian covariates and Bernoulli SBM, fixed mixed-signal SCAR design",30,"regenerated_from_competing_seeds","cov",0,0.99999000006017,0.99999000006017,0.1,0.5,0.099999000006017,0.499995000030085,0.0999989999940145,0.499995000025123,1.84314734288155,3.66472002768562,0.955113282204038,0.175329068349416,2.59896498272554,1,1.4142135623731,0.707106781186548,2.82842712474619,0.707106781186548,2.82842712474619,0.346573590279973,0.353653019151067,1.4142135623731,1.4142135623731,"baseline_only_beta0",0.96,0.18,0.35,0.35,"production_030",TRUE,2,0.35279107093811
"Linear Gaussian covariates and Bernoulli SBM, fixed mixed-signal SCAR design",30,"regenerated_from_competing_seeds","network",1.24586725112058e-07,1,0.999999875413275,0.1,0.5,0.100000112128053,0.500000062293363,0.100000112127988,0.500000062338491,0.27858932932,0.353818699937972,-1.15849358177755,0.0609822112099943,0.313958778053097,0.103508169723265,1.4142135623731,0.707106781186548,2.82842712474619,6.83141034255591,27.3256413702237,2.61467832514755,0.353653019151067,13.6628206851118,1.4142135623731,"baseline_only_beta0",-1.16,0.06,2.61,0.35,"production_030",TRUE,2,0.35279107093811
"Linear Gaussian covariates and Bernoulli SBM, fixed mixed-signal SCAR design",31,"regenerated_from_competing_seeds","cov",0,0.999990000060219,0.999990000060219,0.1,0.5,0.0999990000060219,0.49999500003011,0.0999989999945925,0.499995000025466,1.84278988459738,3.66407525184928,0.95492832484282,0.175333660535235,2.59848432947198,1,1.4142135623731,0.707106781186548,2.82842712474619,0.707106781186548,2.82842712474619,0.346573590279973,0.353653019151067,1.4142135623731,1.4142135623731,"baseline_only_beta0",0.95,0.18,0.35,0.35,"production_031",TRUE,2,0.516808032989502
"Linear Gaussian covariates and Bernoulli SBM, fixed mixed-signal SCAR design",31,"regenerated_from_competing_seeds","network",1.24529475883898e-07,1,0.999999875470524,0.1,0.5,0.100000112076528,0.500000062264738,0.100000112076463,0.500000062310252,0.278553006902972,0.35378566824002,-1.15860545694653,0.0609916568513141,0.313923655826437,0.103470442532404,1.4142135623731,0.707106781186548,2.82842712474619,6.83390119806537,27.3356047922615,2.61504287673931,0.353653019151067,13.6678023961307,1.4142135623731,"baseline_only_beta0",-1.16,0.06,2.62,0.35,"production_031",TRUE,2,0.516808032989502
"Linear Gaussian covariates and Bernoulli SBM, fixed mixed-signal SCAR design",32,"regenerated_from_competing_seeds","cov",0,0.999990000059428,0.999990000059428,0.1,0.5,0.0999990000059428,0.499995000029714,0.0999989999646661,0.499995000018211,1.85690052317077,3.67375543203797,0.960061564863474,0.17406077621114,2.61185726710951,1,1.4142135623731,0.707106781186548,2.82842712474619,0.707106781186548,2.82842712474619,0.346573590279973,0.353653019151067,1.4142135623731,1.4142135623731,"baseline_only_beta0",0.96,0.17,0.35,0.35,"production_032",TRUE,2,0.271821975708008
"Linear Gaussian covariates and Bernoulli SBM, fixed mixed-signal SCAR design",32,"regenerated_from_competing_seeds","network",1.24626497814705e-07,1,0.999999875373502,0.1,0.5,0.100000112163848,0.500000062313249,0.10000011165414,0.500000062361633,0.278374209996234,0.353640350568039,-1.1591319162262,0.0610506499294487,0.313758431300529,0.103520032728631,1.4142135623731,0.707106781186548,2.82842712474619,6.83062748869263,27.3225099547705,2.61456372235201,0.353653019151067,13.6612549773853,1.4142135623731,"baseline_only_beta0",-1.16,0.06,2.61,0.35,"production_032",TRUE,2,0.271821975708008
"Linear Gaussian covariates and Bernoulli SBM, fixed mixed-signal SCAR design",33,"regenerated_from_competing_seeds","cov",0,0.999990000060072,0.999990000060072,0.1,0.5,0.0999990000060072,0.499995000030036,0.0999989999836944,0.499995000023765,1.84963248103626,3.66691612275671,0.957168987875407,0.174585875107336,2.60431318506173,1,1.4142135623731,0.707106781186548,2.82842712474619,0.707106781186548,2.82842712474619,0.346573590279973,0.353653019151067,1.4142135623731,1.4142135623731,"baseline_only_beta0",0.96,0.17,0.35,0.35,"production_033",TRUE,2,0.386512994766235
"Linear Gaussian covariates and Bernoulli SBM, fixed mixed-signal SCAR design",33,"regenerated_from_competing_seeds","network",1.24646071654375e-07,1,0.999999875353928,0.1,0.5,0.100000112181464,0.500000062323036,0.100000112181402,0.50000006236582,0.278758847894689,0.353955019147671,-1.15799682693083,0.0609252972995344,0.314114777341257,0.103542582162631,1.4142135623731,0.707106781186548,2.82842712474619,6.82913991922589,27.3165596769036,2.61434591930629,0.353653019151067,13.6582798384518,1.4142135623731,"baseline_only_beta0",-1.16,0.06,2.61,0.35,"production_033",TRUE,2,0.386512994766235
"Linear Gaussian covariates and Bernoulli SBM, fixed mixed-signal SCAR design",34,"regenerated_from_competing_seeds","cov",0,0.999990000060164,0.999990000060164,0.1,0.5,0.0999990000060164,0.499995000030082,0.0999989999812425,0.499995000024058,1.85091464202748,3.66642077847508,0.957447919737969,0.174374633627748,2.60503971231022,1,1.4142135623731,0.707106781186548,2.82842712474619,0.707106781186548,2.82842712474619,0.346573590279973,0.353653019151067,1.4142135623731,1.4142135623731,"baseline_only_beta0",0.96,0.17,0.35,0.35,"production_034",TRUE,2,0.487092971801758
"Linear Gaussian covariates and Bernoulli SBM, fixed mixed-signal SCAR design",34,"regenerated_from_competing_seeds","network",1.24645386628137e-07,1,0.999999875354613,0.1,0.5,0.100000112180848,0.500000062322693,0.100000112180784,0.500000062367379,0.27862695573045,0.353854255921012,-1.15837581257014,0.0609733936195995,0.31399575490687,0.103548589582574,1.4142135623731,0.707106781186548,2.82842712474619,6.8287437234736,27.3149748938944,2.61428790215476,0.353653019151067,13.6574874469472,1.4142135623731,"baseline_only_beta0",-1.16,0.06,2.61,0.35,"production_034",TRUE,2,0.487092971801758
"Linear Gaussian covariates and Bernoulli SBM, fixed mixed-signal SCAR design",35,"regenerated_from_competing_seeds","cov",0,0.999990000060639,0.999990000060639,0.1,0.5,0.0999990000060639,0.499995000030319,0.099998999999971,0.499995000027491,1.83704674406511,3.65955894229925,0.952750942181718,0.175815317587222,2.59283258998054,1,1.4142135623731,0.707106781186548,2.82842712474619,0.707106781186548,2.82842712474619,0.346573590279973,0.353653019151067,1.4142135623731,1.4142135623731,"baseline_only_beta0",0.95,0.18,0.35,0.35,"production_035",TRUE,2,0.320433855056763
"Linear Gaussian covariates and Bernoulli SBM, fixed mixed-signal SCAR design",35,"regenerated_from_competing_seeds","network",1.24492408968948e-07,1,0.999999875507591,0.1,0.5,0.100000112043168,0.500000062246205,0.100000111538169,0.500000062293661,0.278424347113825,0.353670870779069,-1.15899872126111,0.0610267231003406,0.313800225127134,0.103452526459385,1.4142135623731,0.707106781186548,2.82842712474619,6.83508470394053,27.3403388157621,2.61521604333508,0.353653019151067,13.6701694078811,1.4142135623731,"baseline_only_beta0",-1.16,0.06,2.62,0.35,"production_035",TRUE,2,0.320433855056763
"Linear Gaussian covariates and Bernoulli SBM, fixed mixed-signal SCAR design",36,"regenerated_from_competing_seeds","cov",0,0.999990000059718,0.999990000059718,0.1,0.5,0.0999990000059719,0.499995000029859,0.0999989999758124,0.499995000021138,1.85311714572348,3.67052789237565,0.958602328203219,0.174356858645984,2.60804872868925,1,1.4142135623731,0.707106781186548,2.82842712474619,0.707106781186548,2.82842712474619,0.346573590279973,0.353653019151067,1.4142135623731,1.4142135623731,"baseline_only_beta0",0.96,0.17,0.35,0.35,"production_036",TRUE,2,0.515987873077393
"Linear Gaussian covariates and Bernoulli SBM, fixed mixed-signal SCAR design",36,"regenerated_from_competing_seeds","network",1.24578755863472e-07,1,0.999999875421244,0.1,0.5,0.10000011212088,0.500000062289378,0.100000112120816,0.500000062333641,0.278631787042943,0.353857890136725,-1.15836200762607,0.06097159020771,0.314000089630626,0.103494487214082,1.4142135623731,0.707106781186548,2.82842712474619,6.8323134905135,27.329253962054,2.6148105216073,0.353653019151067,13.664626981027,1.4142135623731,"baseline_only_beta0",-1.16,0.06,2.61,0.35,"production_036",TRUE,2,0.515987873077393
"Linear Gaussian covariates and Bernoulli SBM, fixed mixed-signal SCAR design",37,"regenerated_from_competing_seeds","cov",0,0.999990000060519,0.999990000060519,0.1,0.5,0.0999990000060519,0.499995000030259,0.0999989999912831,0.499995000026158,1.84522920883846,3.66267156138846,0.955398159077536,0.17489844689617,2.59970547321345,1,1.4142135623731,0.707106781186548,2.82842712474619,0.707106781186548,2.82842712474619,0.346573590279973,0.353653019151067,1.4142135623731,1.4142135623731,"baseline_only_beta0",0.96,0.17,0.35,0.35,"production_037",TRUE,2,0.545550107955933
"Linear Gaussian covariates and Bernoulli SBM, fixed mixed-signal SCAR design",37,"regenerated_from_competing_seeds","network",1.24520147524126e-07,1,0.999999875479852,0.1,0.5,0.100000112068133,0.500000062260074,0.100000112068068,0.500000062304883,0.278590336720616,0.353820404263184,-1.15848936527536,0.0609825175580678,0.313960101863764,0.103460087489777,1.4142135623731,0.707106781186548,2.82842712474619,6.83458518490442,27.3383407396177,2.61514295904842,0.353653019151067,13.6691703698088,1.4142135623731,"baseline_only_beta0",-1.16,0.06,2.62,0.35,"production_037",TRUE,2,0.545550107955933
"Linear Gaussian covariates and Bernoulli SBM, fixed mixed-signal SCAR design",38,"regenerated_from_competing_seeds","cov",0,0.999990000060788,0.999990000060788,0.1,0.5,0.0999990000060788,0.499995000030394,0.0999989999996855,0.499995000027913,1.837500477038,3.65839112374818,0.952714839405012,0.175670895181513,2.59273898321425,1,1.4142135623731,0.707106781186548,2.82842712474619,0.707106781186548,2.82842712474619,0.346573590279973,0.353653019151067,1.4142135623731,1.4142135623731,"baseline_only_beta0",0.95,0.18,0.35,0.35,"production_038",TRUE,2,0.247628927230835
"Linear Gaussian covariates and Bernoulli SBM, fixed mixed-signal SCAR design",38,"regenerated_from_competing_seeds","network",1.24618950923406e-07,1,0.999999875381049,0.1,0.5,0.100000112157056,0.500000062309475,0.100000112156992,0.500000062353354,0.278683255069111,0.353891555785006,-1.15822209047379,0.0609487414288004,0.314044026702686,0.103525083235717,1.4142135623731,0.707106781186548,2.82842712474619,6.83029425416186,27.3211770166474,2.61451493581518,0.353653019151067,13.6605885083237,1.4142135623731,"baseline_only_beta0",-1.16,0.06,2.61,0.35,"production_038",TRUE,2,0.247628927230835
"Linear Gaussian covariates and Bernoulli SBM, fixed mixed-signal SCAR design",39,"regenerated_from_competing_seeds","cov",0,0.999990000059649,0.999990000059649,0.1,0.5,0.0999990000059649,0.499995000029825,0.099998999969457,0.499995000020208,1.8555405290542,3.67159152401318,0.959400634886291,0.174097378134816,2.61013158268665,1,1.4142135623731,0.707106781186548,2.82842712474619,0.707106781186548,2.82842712474619,0.346573590279973,0.353653019151067,1.4142135623731,1.4142135623731,"baseline_only_beta0",0.96,0.17,0.35,0.35,"production_039",TRUE,2,0.282755136489868
"Linear Gaussian covariates and Bernoulli SBM, fixed mixed-signal SCAR design",39,"regenerated_from_competing_seeds","network",1.2460198454514e-07,1,0.999999875398015,0.1,0.5,0.100000112141786,0.500000062300992,0.100000112141725,0.500000062342133,0.278864558550178,0.354041453255841,-1.15768517068386,0.0608908625434018,0.31421268843039,0.103513704604563,1.4142135623731,0.707106781186548,2.82842712474619,6.83104506681309,27.3241802672523,2.61462485368404,0.353653019151067,13.6620901336262,1.41421356237309,"baseline_only_beta0",-1.16,0.06,2.61,0.35,"production_039",TRUE,2,0.282755136489868
"Linear Gaussian covariates and Bernoulli SBM, fixed mixed-signal SCAR design",40,"regenerated_from_competing_seeds","cov",0,0.999990000059857,0.999990000059857,0.1,0.5,0.0999990000059858,0.499995000029929,0.099998999983146,0.49999500002256,1.8498233600253,3.66871447457626,0.957465737380763,0.174684630236655,2.60508612839079,1,1.4142135623731,0.707106781186548,2.82842712474619,0.707106781186548,2.82842712474619,0.346573590279973,0.353653019151067,1.4142135623731,1.4142135623731,"baseline_only_beta0",0.96,0.17,0.35,0.35,"production_040",TRUE,2,0.296741962432861
"Linear Gaussian covariates and Bernoulli SBM, fixed mixed-signal SCAR design",40,"regenerated_from_competing_seeds","network",1.24674643688649e-07,1,0.999999875325356,0.1,0.5,0.100000112207179,0.500000062337322,0.100000112207116,0.500000062380866,0.278702561408309,0.353910855769424,-1.15816018569995,0.0609449812452999,0.314063468128888,0.103556859662188,1.4142135623731,0.707106781186548,2.82842712474619,6.82819837810062,27.3127935124025,2.61420803868764,0.353653019151067,13.6563967562012,1.4142135623731,"baseline_only_beta0",-1.16,0.06,2.61,0.35,"production_040",TRUE,2,0.296741962432861
"Linear Gaussian covariates and Bernoulli SBM, fixed mixed-signal SCAR design",41,"regenerated_from_competing_seeds","cov",0,0.999990000060386,0.999990000060386,0.1,0.5,0.0999990000060386,0.499995000030193,0.0999989999995962,0.49999500002663,1.83747041941289,3.66167916968918,0.953155842715338,0.17590424708731,2.59388264184874,1,1.4142135623731,0.707106781186548,2.82842712474619,0.707106781186548,2.82842712474619,0.346573590279973,0.353653019151067,1.4142135623731,1.4142135623731,"baseline_only_beta0",0.95,0.18,0.35,0.35,"production_041",TRUE,2,0.301573038101196
"Linear Gaussian covariates and Bernoulli SBM, fixed mixed-signal SCAR design",41,"regenerated_from_competing_seeds","network",1.24532926362765e-07,1,0.999999875467074,0.1,0.5,0.100000112079634,0.500000062266463,0.100000112079568,0.50000006231234,0.278522149160026,0.353763949105526,-1.15869154564063,0.0610042571608804,0.313896631712112,0.103469878992555,1.4142135623731,0.707106781186548,2.82842712474619,6.83393841832388,27.3357536732955,2.61504832313897,0.353653019151067,13.6678768366478,1.4142135623731,"baseline_only_beta0",-1.16,0.06,2.62,0.35,"production_041",TRUE,2,0.301573038101196
"Linear Gaussian covariates and Bernoulli SBM, fixed mixed-signal SCAR design",42,"regenerated_from_competing_seeds","cov",0,0.999990000059598,0.999990000059598,0.1,0.5,0.0999990000059598,0.499995000029799,0.0999989999644365,0.499995000019521,1.85711976897311,3.6723294868666,0.959926487254584,0.173931620022619,2.61150448750195,1,1.4142135623731,0.707106781186548,2.82842712474619,0.707106781186548,2.82842712474619,0.346573590279973,0.353653019151067,1.4142135623731,1.4142135623731,"baseline_only_beta0",0.96,0.17,0.35,0.35,"production_042",TRUE,2,0.267826080322266
"Linear Gaussian covariates and Bernoulli SBM, fixed mixed-signal SCAR design",42,"regenerated_from_competing_seeds","network",1.24633865593318e-07,1,0.999999875366134,0.1,0.5,0.100000112170479,0.500000062316933,0.100000112170417,0.50000006235863,0.278835601149966,0.354019879794003,-1.15776756191891,0.0609018089339817,0.314186801125381,0.103543068245693,1.4142135623731,0.707106781186548,2.82842712474619,6.82910785982009,27.3164314392804,2.61434122479403,0.353653019151067,13.6582157196402,1.41421356237309,"baseline_only_beta0",-1.16,0.06,2.61,0.35,"production_042",TRUE,2,0.267826080322266
"Linear Gaussian covariates and Bernoulli SBM, fixed mixed-signal SCAR design",43,"regenerated_from_competing_seeds","cov",0,0.999990000059737,0.999990000059737,0.1,0.5,0.0999990000059737,0.499995000029868,0.0999989999727461,0.499995000020929,1.85414198511033,3.67074679476092,0.958908587505652,0.174231028153974,2.60884759019675,1,1.4142135623731,0.707106781186548,2.82842712474619,0.707106781186548,2.82842712474619,0.346573590279973,0.353653019151067,1.4142135623731,1.4142135623731,"baseline_only_beta0",0.96,0.17,0.35,0.35,"production_043",TRUE,2,0.361814975738525
"Linear Gaussian covariates and Bernoulli SBM, fixed mixed-signal SCAR design",43,"regenerated_from_competing_seeds","network",1.24563923080495e-07,1,0.999999875436077,0.1,0.5,0.100000112107531,0.500000062281962,0.100000112107467,0.500000062325687,0.278692977817272,0.353896487529425,-1.1581976788675,0.0609433964566509,0.314051693115399,0.103501955602433,1.4142135623731,0.707106781186548,2.82842712474619,6.8318204914181,27.3272819656724,2.61473836202569,0.353653019151067,13.6636409828362,1.41421356237309,"baseline_only_beta0",-1.16,0.06,2.61,0.35,"production_043",TRUE,2,0.361814975738525
"Linear Gaussian covariates and Bernoulli SBM, fixed mixed-signal SCAR design",44,"regenerated_from_competing_seeds","cov",0,0.999990000059602,0.999990000059602,0.1,0.5,0.0999990000059602,0.499995000029801,0.0999989999602674,0.499995000019214,1.85836410955128,3.67262491874906,0.960301616428706,0.173781268115591,2.61248432279448,1,1.4142135623731,0.707106781186548,2.82842712474619,0.707106781186548,2.82842712474619,0.346573590279973,0.353653019151067,1.4142135623731,1.4142135623731,"baseline_only_beta0",0.96,0.17,0.35,0.35,"production_044",TRUE,2,0.433507204055786
"Linear Gaussian covariates and Bernoulli SBM, fixed mixed-signal SCAR design",44,"regenerated_from_competing_seeds","network",1.24538858364945e-07,1,0.999999875461142,0.1,0.5,0.100000112084973,0.500000062269429,0.100000112084908,0.500000062314362,0.278602357639879,0.353823754352078,-1.15846305705289,0.0609739255962363,0.313968361704619,0.10347445992912,1.4142135623731,0.707106781186548,2.82842712474619,6.8336358717979,27.3345434871916,2.61500405097778,0.353653019151067,13.6672717435958,1.4142135623731,"baseline_only_beta0",-1.16,0.06,2.62,0.35,"production_044",TRUE,2,0.433507204055786
"Linear Gaussian covariates and Bernoulli SBM, fixed mixed-signal SCAR design",45,"regenerated_from_competing_seeds","cov",0,0.999990000060029,0.999990000060029,0.1,0.5,0.0999990000060029,0.499995000030014,0.0999989999856295,0.499995000023672,1.84868205462137,3.66708510371212,0.956935039558354,0.174728750097613,2.60370398163884,1,1.4142135623731,0.707106781186548,2.82842712474619,0.707106781186548,2.82842712474619,0.346573590279973,0.353653019151067,1.4142135623731,1.4142135623731,"baseline_only_beta0",0.96,0.17,0.35,0.35,"production_045",TRUE,2,0.452286958694458
"Linear Gaussian covariates and Bernoulli SBM, fixed mixed-signal SCAR design",45,"regenerated_from_competing_seeds","network",1.24669822978157e-07,1,0.999999875330177,0.1,0.5,0.100000112202841,0.500000062334911,0.100000112202779,0.500000062376841,0.278818831585864,0.354007184660255,-1.15781556381887,0.0609080035942616,0.314171719923951,0.103559340393598,1.4142135623731,0.707106781186548,2.82842712474619,6.82803481075725,27.312139243029,2.61418408371541,0.353653019151067,13.6560696215145,1.4142135623731,"baseline_only_beta0",-1.16,0.06,2.61,0.35,"production_045",TRUE,2,0.452286958694458
"Linear Gaussian covariates and Bernoulli SBM, fixed mixed-signal SCAR design",46,"regenerated_from_competing_seeds","cov",0,0.999990000059797,0.999990000059797,0.1,0.5,0.0999990000059797,0.499995000029898,0.0999989999764419,0.499995000021665,1.85288987965122,3.66985496881675,0.958449330323223,0.174341373425288,2.60764973328634,1,1.4142135623731,0.707106781186548,2.82842712474619,0.707106781186548,2.82842712474619,0.346573590279973,0.353653019151067,1.4142135623731,1.4142135623731,"baseline_only_beta0",0.96,0.17,0.35,0.35,"production_046",TRUE,2,0.43156099319458
"Linear Gaussian covariates and Bernoulli SBM, fixed mixed-signal SCAR design",46,"regenerated_from_competing_seeds","network",1.24542861559157e-07,1,0.999999875457138,0.1,0.5,0.100000112088575,0.500000062271431,0.100000112088511,0.50000006231552,0.278663073988341,0.353871507826136,-1.15828662550814,0.0609527636574842,0.314023760514583,0.103476172527564,1.4142135623731,0.707106781186548,2.82842712474619,6.8335227706474,27.3340910825896,2.6149875001857,0.353653019151067,13.6670455412948,1.4142135623731,"baseline_only_beta0",-1.16,0.06,2.61,0.35,"production_046",TRUE,2,0.43156099319458
"Linear Gaussian covariates and Bernoulli SBM, fixed mixed-signal SCAR design",47,"regenerated_from_competing_seeds","cov",0,0.999990000059418,0.999990000059418,0.1,0.5,0.0999990000059418,0.499995000029709,0.0999989999617922,0.499995000017931,1.85780602554663,3.67401236469208,0.960340293794288,0.173954246680112,2.61258536875979,1,1.4142135623731,0.707106781186548,2.82842712474619,0.707106781186548,2.82842712474619,0.346573590279973,0.353653019151067,1.4142135623731,1.4142135623731,"baseline_only_beta0",0.96,0.17,0.35,0.35,"production_047",TRUE,2,0.283370971679688
"Linear Gaussian covariates and Bernoulli SBM, fixed mixed-signal SCAR design",47,"regenerated_from_competing_seeds","network",1.24542605545445e-07,1,0.999999875457394,0.1,0.5,0.100000112088345,0.500000062271303,0.100000112088283,0.500000062313224,0.278818782573926,0.353991553045911,-1.15783773030166,0.0608967836439055,0.31416475591911,0.103482670568987,1.4142135623731,0.707106781186548,2.82842712474619,6.8330936696802,27.3323746787208,2.61492470469141,0.353653019151067,13.6661873393604,1.4142135623731,"baseline_only_beta0",-1.16,0.06,2.61,0.35,"production_047",TRUE,2,0.283370971679688
"Linear Gaussian covariates and Bernoulli SBM, fixed mixed-signal SCAR design",48,"regenerated_from_competing_seeds","cov",0,0.999990000059817,0.999990000059817,0.1,0.5,0.0999990000059817,0.499995000029909,0.0999989999793497,0.499995000022015,1.85161684442653,3.66942249344483,0.958046759155533,0.174486640821942,2.60660017996241,1,1.4142135623731,0.707106781186548,2.82842712474619,0.707106781186548,2.82842712474619,0.346573590279973,0.353653019151067,1.4142135623731,1.4142135623731,"baseline_only_beta0",0.96,0.17,0.35,0.35,"production_048",TRUE,2,0.435141086578369
"Linear Gaussian covariates and Bernoulli SBM, fixed mixed-signal SCAR design",48,"regenerated_from_competing_seeds","network",1.24605152826706e-07,1,0.999999875394847,0.1,0.5,0.100000112144638,0.500000062302576,0.100000112144573,0.500000062347498,0.278599701767313,0.353826429737741,-1.15846404283587,0.0609782864445173,0.313968052200105,0.103505392935127,1.4142135623731,0.707106781186548,2.82842712474619,6.83159361203273,27.3263744481309,2.61470515226074,0.353653019151067,13.6631872240655,1.4142135623731,"baseline_only_beta0",-1.16,0.06,2.61,0.35,"production_048",TRUE,2,0.435141086578369
"Linear Gaussian covariates and Bernoulli SBM, fixed mixed-signal SCAR design",49,"regenerated_from_competing_seeds","cov",0,0.999990000060332,0.999990000060332,0.1,0.5,0.0999990000060332,0.499995000030166,0.0999989999917996,0.499995000025574,1.84487978875165,3.6638410589523,0.955463093492862,0.175028202547161,2.59987428904929,1,1.4142135623731,0.707106781186548,2.82842712474619,0.707106781186548,2.82842712474619,0.346573590279973,0.353653019151067,1.4142135623731,1.4142135623731,"baseline_only_beta0",0.96,0.18,0.35,0.35,"production_049",TRUE,2,0.326505184173584
"Linear Gaussian covariates and Bernoulli SBM, fixed mixed-signal SCAR design",49,"regenerated_from_competing_seeds","network",1.24646020702228e-07,1,0.999999875353979,0.1,0.5,0.100000112181419,0.50000006232301,0.100000112181359,0.500000062361921,0.279034016008803,0.354174268829741,-1.15719389278253,0.0608315721982506,0.314367092104985,0.10354784293081,1.4142135623731,0.707106781186548,2.82842712474619,6.82879296345197,27.3151718538079,2.61429511282232,0.353653019151067,13.6575859269039,1.4142135623731,"baseline_only_beta0",-1.16,0.06,2.61,0.35,"production_049",TRUE,2,0.326505184173584
"Linear Gaussian covariates and Bernoulli SBM, fixed mixed-signal SCAR design",50,"regenerated_from_competing_seeds","cov",0,0.999990000061124,0.999990000061124,0.1,0.5,0.0999990000061124,0.499995000030562,0.0999990000022313,0.499995000028998,1.83348285450453,3.65477273721379,0.951125634957443,0.175976844692475,2.58862186322994,1,1.4142135623731,0.707106781186548,2.82842712474619,0.707106781186548,2.82842712474619,0.346573590279973,0.353653019151067,1.4142135623731,1.4142135623731,"baseline_only_beta0",0.95,0.18,0.35,0.35,"production_050",TRUE,2,0.497466087341309
"Linear Gaussian covariates and Bernoulli SBM, fixed mixed-signal SCAR design",50,"regenerated_from_competing_seeds","network",1.24512863247998e-07,1,0.999999875487137,0.1,0.5,0.100000112061577,0.500000062256432,0.100000112061512,0.500000062301674,0.278573693291313,0.353799582940267,-1.1585486614035,0.06098274574855,0.313941485797268,0.103463305580186,1.4142135623731,0.707106781186548,2.82842712474619,6.83437260409705,27.3374904163882,2.61511185487638,0.353653019151067,13.6687452081941,1.4142135623731,"baseline_only_beta0",-1.16,0.06,2.62,0.35,"production_050",TRUE,2,0.497466087341309
"Linear Gaussian covariates and Bernoulli SBM, fixed mixed-signal SCAR design",51,"regenerated_from_competing_seeds","cov",0,0.999990000059819,0.999990000059819,0.1,0.5,0.0999990000059819,0.49999500002991,0.0999989999773818,0.499995000021923,1.85250701118928,3.66952489949843,0.958301030703697,0.174371146868496,2.60726304849635,1,1.4142135623731,0.707106781186548,2.82842712474619,0.707106781186548,2.82842712474619,0.346573590279973,0.353653019151067,1.4142135623731,1.4142135623731,"baseline_only_beta0",0.96,0.17,0.35,0.35,"production_051",TRUE,2,0.332093954086304
"Linear Gaussian covariates and Bernoulli SBM, fixed mixed-signal SCAR design",51,"regenerated_from_competing_seeds","network",1.24588022464793e-07,1,0.999999875411978,0.1,0.5,0.10000011212922,0.500000062294011,0.100000112129159,0.500000062335218,0.278857069906412,0.354035912527961,-1.15770642292265,0.0608937208486055,0.314206010778263,0.103511268193667,1.4142135623731,0.707106781186548,2.82842712474619,6.831205853488,27.324823413952,2.61464839104635,0.353653019151067,13.662411706976,1.4142135623731,"baseline_only_beta0",-1.16,0.06,2.61,0.35,"production_051",TRUE,2,0.332093954086304
"Linear Gaussian covariates and Bernoulli SBM, fixed mixed-signal SCAR design",52,"regenerated_from_competing_seeds","cov",0,0.999990000059917,0.999990000059917,0.1,0.5,0.0999990000059917,0.499995000029958,0.0999989999866057,0.499995000023164,1.84805114863435,3.6678769380013,0.956872327168543,0.174870905385572,2.60354070225967,1,1.4142135623731,0.707106781186548,2.82842712474619,0.707106781186548,2.82842712474619,0.346573590279973,0.353653019151067,1.4142135623731,1.4142135623731,"baseline_only_beta0",0.96,0.17,0.35,0.35,"production_052",TRUE,2,0.291538000106812
"Linear Gaussian covariates and Bernoulli SBM, fixed mixed-signal SCAR design",52,"regenerated_from_competing_seeds","network",1.24717832036117e-07,1,0.999999875282168,0.1,0.5,0.100000112246049,0.500000062358916,0.100000112245987,0.50000006240135,0.278789658123789,0.35398517513076,-1.15789896995914,0.0609188362714664,0.31414551716616,0.103578773625599,1.4142135623731,0.707106781186548,2.82842712474619,6.82675374920434,27.3070149968174,2.61399644821289,0.353653019151067,13.6535074984087,1.4142135623731,"baseline_only_beta0",-1.16,0.06,2.61,0.35,"production_052",TRUE,2,0.291538000106812
"Linear Gaussian covariates and Bernoulli SBM, fixed mixed-signal SCAR design",53,"regenerated_from_competing_seeds","cov",0,0.999990000060195,0.999990000060195,0.1,0.5,0.0999990000060195,0.499995000030097,0.0999989999919984,0.499995000025138,1.84481642657807,3.66466588504357,0.955558471118327,0.175094389015658,2.60012227071125,1,1.4142135623731,0.707106781186548,2.82842712474619,0.707106781186548,2.82842712474619,0.346573590279973,0.353653019151067,1.4142135623731,1.4142135623731,"baseline_only_beta0",0.96,0.18,0.35,0.35,"production_053",TRUE,2,0.445399045944214
"Linear Gaussian covariates and Bernoulli SBM, fixed mixed-signal SCAR design",53,"regenerated_from_competing_seeds","network",1.24622193277361e-07,1,0.999999875377807,0.1,0.5,0.100000112159974,0.500000062311097,0.100000112159908,0.500000062356858,0.278555910667197,0.353789574706019,-1.15859472382496,0.060991814363158,0.313927025225283,0.103523866231481,1.4142135623731,0.707106781186548,2.82842712474619,6.83037454962747,27.3214981985099,2.61452669153033,0.353653019151067,13.6607490992549,1.4142135623731,"baseline_only_beta0",-1.16,0.06,2.61,0.35,"production_053",TRUE,2,0.445399045944214
"Linear Gaussian covariates and Bernoulli SBM, fixed mixed-signal SCAR design",54,"regenerated_from_competing_seeds","cov",0,0.99999000006002,0.99999000006002,0.1,0.5,0.099999000006002,0.49999500003001,0.0999989999899203,0.499995000024067,1.84616292225363,3.6665071258075,0.956174430567626,0.175036400759729,2.60172433394557,1,1.4142135623731,0.707106781186548,2.82842712474619,0.707106781186548,2.82842712474619,0.346573590279973,0.353653019151067,1.4142135623731,1.4142135623731,"baseline_only_beta0",0.96,0.18,0.35,0.35,"production_054",TRUE,2,0.416743040084839
"Linear Gaussian covariates and Bernoulli SBM, fixed mixed-signal SCAR design",54,"regenerated_from_competing_seeds","network",1.2462403488553e-07,1,0.999999875375965,0.1,0.5,0.100000112161631,0.500000062312017,0.100000112161568,0.500000062355564,0.278703975848937,0.353907742900424,-1.15816204599573,0.0609414427246314,0.314062883878486,0.103526513717577,1.4142135623731,0.707106781186548,2.82842712474619,6.83019987629018,27.3207995051607,2.6145011181786,0.353653019151067,13.6603997525804,1.4142135623731,"baseline_only_beta0",-1.16,0.06,2.61,0.35,"production_054",TRUE,2,0.416743040084839
"Linear Gaussian covariates and Bernoulli SBM, fixed mixed-signal SCAR design",55,"regenerated_from_competing_seeds","cov",0,0.999990000059282,0.999990000059282,0.1,0.5,0.0999990000059282,0.499995000029641,0.0999989999383695,0.499995000015229,1.86365185006564,3.67635960855241,0.962230474429779,0.173315710904102,2.61752829707441,1,1.4142135623731,0.707106781186548,2.82842712474619,0.707106781186548,2.82842712474619,0.346573590279973,0.353653019151067,1.4142135623731,1.4142135623731,"baseline_only_beta0",0.96,0.17,0.35,0.35,"production_055",TRUE,2,0.412787914276123
"Linear Gaussian covariates and Bernoulli SBM, fixed mixed-signal SCAR design",55,"regenerated_from_competing_seeds","network",1.24604420282433e-07,1,0.99999987539558,0.1,0.5,0.100000112143978,0.50000006230221,0.100000112143914,0.5000000623464,0.278650922291775,0.353866914461354,-1.15831491974919,0.0609605769840087,0.314014875576303,0.103508784542413,1.4142135623731,0.707106781186548,2.82842712474619,6.83136976549857,27.3254790619943,2.61467238535242,0.353653019151067,13.6627395309971,1.4142135623731,"baseline_only_beta0",-1.16,0.06,2.61,0.35,"production_055",TRUE,2,0.412787914276123
"Linear Gaussian covariates and Bernoulli SBM, fixed mixed-signal SCAR design",56,"regenerated_from_competing_seeds","cov",0,0.999990000059631,0.999990000059631,0.1,0.5,0.0999990000059631,0.499995000029815,0.0999989999751495,0.499995000020481,1.85332588415931,3.67133197398355,0.958768166079697,0.174384003240807,2.60848127781769,1,1.4142135623731,0.707106781186548,2.82842712474619,0.707106781186548,2.82842712474619,0.346573590279973,0.353653019151067,1.4142135623731,1.4142135623731,"baseline_only_beta0",0.96,0.17,0.35,0.35,"production_056",TRUE,2,0.265480041503906
"Linear Gaussian covariates and Bernoulli SBM, fixed mixed-signal SCAR design",56,"regenerated_from_competing_seeds","network",1.2463056020051e-07,1,0.99999987536944,0.1,0.5,0.100000112167504,0.50000006231528,0.100000112167442,0.500000062356594,0.278855913227458,0.354031491449967,-1.15771474075679,0.0608915933105961,0.314203397275649,0.103535391317992,1.4142135623731,0.707106781186548,2.82842712474619,6.82961422355363,27.3184568942145,2.61441536990522,0.353653019151067,13.6592284471073,1.4142135623731,"baseline_only_beta0",-1.16,0.06,2.61,0.35,"production_056",TRUE,2,0.265480041503906
"Linear Gaussian covariates and Bernoulli SBM, fixed mixed-signal SCAR design",57,"regenerated_from_competing_seeds","cov",0,0.999990000060377,0.999990000060377,0.1,0.5,0.0999990000060377,0.499995000030188,0.099998999992951,0.499995000025947,1.844116812187,3.66310278767978,0.95515550738433,0.17508231773137,2.59907472680747,1,1.4142135623731,0.707106781186548,2.82842712474619,0.707106781186548,2.82842712474619,0.346573590279973,0.353653019151067,1.4142135623731,1.4142135623731,"baseline_only_beta0",0.96,0.18,0.35,0.35,"production_057",TRUE,2,0.425980091094971
"Linear Gaussian covariates and Bernoulli SBM, fixed mixed-signal SCAR design",57,"regenerated_from_competing_seeds","network",1.24573667032617e-07,1,0.999999875426333,0.1,0.5,0.1000001121163,0.500000062286833,0.100000111624748,0.500000062333507,0.278477821753663,0.35373085522208,-1.15881790421266,0.0610209953617948,0.313856970687772,0.103495491761195,1.4142135623731,0.707106781186548,2.82842712474619,6.83224717476702,27.3289886990681,2.61480081536821,0.353653019151067,13.664494349534,1.4142135623731,"baseline_only_beta0",-1.16,0.06,2.61,0.35,"production_057",TRUE,2,0.425980091094971
"Linear Gaussian covariates and Bernoulli SBM, fixed mixed-signal SCAR design",58,"regenerated_from_competing_seeds","cov",0,0.999990000059779,0.999990000059779,0.1,0.5,0.0999990000059779,0.49999500002989,0.0999989999795893,0.499995000021814,1.8515341954949,3.66969603337293,0.958061712109825,0.174517044461275,2.60663915662716,1,1.4142135623731,0.707106781186548,2.82842712474619,0.707106781186548,2.82842712474619,0.346573590279973,0.353653019151067,1.4142135623731,1.4142135623731,"baseline_only_beta0",0.96,0.17,0.35,0.35,"production_058",TRUE,2,0.343928813934326
"Linear Gaussian covariates and Bernoulli SBM, fixed mixed-signal SCAR design",58,"regenerated_from_competing_seeds","network",1.2460652210453e-07,1,0.999999875393478,0.1,0.5,0.10000011214587,0.500000062303261,0.100000112145805,0.500000062347849,0.278635952451376,0.353849230733616,-1.15836676878437,0.0609615336169758,0.313998594630052,0.103521648064602,1.4142135623731,0.707106781186548,2.82842712474619,6.83052090462553,27.3220836185021,2.61454811838314,0.353653019151067,13.6610418092511,1.4142135623731,"baseline_only_beta0",-1.16,0.06,2.61,0.35,"production_058",TRUE,2,0.343928813934326
"Linear Gaussian covariates and Bernoulli SBM, fixed mixed-signal SCAR design",59,"regenerated_from_competing_seeds","cov",0,0.999990000060155,0.999990000060155,0.1,0.5,0.0999990000060155,0.499995000030078,0.0999989999860514,0.499995000024345,1.84839069808392,3.66599577446731,0.95670768218774,0.174693166457283,2.60311207763714,1,1.4142135623731,0.707106781186548,2.82842712474619,0.707106781186548,2.82842712474619,0.346573590279973,0.353653019151067,1.4142135623731,1.4142135623731,"baseline_only_beta0",0.96,0.17,0.35,0.35,"production_059",TRUE,2,0.346516847610474
"Linear Gaussian covariates and Bernoulli SBM, fixed mixed-signal SCAR design",59,"regenerated_from_competing_seeds","network",1.24581713020175e-07,1,0.999999875418287,0.1,0.5,0.100000112123542,0.500000062290856,0.100000112123476,0.500000062336969,0.278520749463133,0.353759051136357,-1.15870098106749,0.0610020071336781,0.313893669977375,0.103504732786532,1.4142135623731,0.707106781186548,2.82842712474619,6.83163718363377,27.3265487345351,2.61471153019605,0.353653019151067,13.6632743672675,1.4142135623731,"baseline_only_beta0",-1.16,0.06,2.61,0.35,"production_059",TRUE,2,0.346516847610474
"Linear Gaussian covariates and Bernoulli SBM, fixed mixed-signal SCAR design",60,"regenerated_from_competing_seeds","cov",0,0.999990000059594,0.999990000059594,0.1,0.5,0.0999990000059594,0.499995000029797,0.099998999959499,0.499995000019151,1.85861260810188,3.67269052912907,0.960377403723552,0.173751715152051,2.612682323417,1,1.4142135623731,0.707106781186548,2.82842712474619,0.707106781186548,2.82842712474619,0.346573590279973,0.353653019151067,1.4142135623731,1.4142135623731,"baseline_only_beta0",0.96,0.17,0.35,0.35,"production_060",TRUE,2,0.283507108688354
"Linear Gaussian covariates and Bernoulli SBM, fixed mixed-signal SCAR design",60,"regenerated_from_competing_seeds","network",1.24624253182422e-07,1,0.999999875375747,0.1,0.5,0.100000112161828,0.500000062312127,0.100000112161764,0.500000062356021,0.278672228614985,0.353889137408807,-1.15824529083915,0.0609570919278562,0.314036740851046,0.103526197336246,1.4142135623731,0.707106781186548,2.82842712474619,6.83022074972881,27.3208829989152,2.61450417422486,0.353653019151067,13.6604414994576,1.4142135623731,"baseline_only_beta0",-1.16,0.06,2.61,0.35,"production_060",TRUE,2,0.283507108688354
"Linear Gaussian covariates and Bernoulli SBM, fixed mixed-signal SCAR design",61,"regenerated_from_competing_seeds","cov",0,0.999990000059246,0.999990000059246,0.1,0.5,0.0999990000059247,0.499995000029623,0.0999989999508703,0.499995000015711,1.86071491820072,3.67604831038833,0.961399562507446,0.173696448859669,2.61535426494502,1,1.4142135623731,0.707106781186548,2.82842712474619,0.707106781186548,2.82842712474619,0.346573590279973,0.353653019151067,1.4142135623731,1.4142135623731,"baseline_only_beta0",0.96,0.17,0.35,0.35,"production_061",TRUE,2,0.379477024078369
"Linear Gaussian covariates and Bernoulli SBM, fixed mixed-signal SCAR design",61,"regenerated_from_competing_seeds","network",1.24586484178235e-07,1,0.999999875413516,0.1,0.5,0.100000112127836,0.500000062293242,0.100000112127773,0.500000062335508,0.278800002040078,0.353980032545559,-1.15788768272807,0.0609056650999404,0.314149063019212,0.103512293149087,1.4142135623731,0.707106781186548,2.82842712474619,6.83113821242576,27.324552849703,2.61463848922249,0.353653019151067,13.6622764248515,1.4142135623731,"baseline_only_beta0",-1.16,0.06,2.61,0.35,"production_061",TRUE,2,0.379477024078369
"Linear Gaussian covariates and Bernoulli SBM, fixed mixed-signal SCAR design",62,"regenerated_from_competing_seeds","cov",0,0.999990000058936,0.999990000058936,0.1,0.5,0.0999990000058936,0.499995000029468,0.0999989999045819,0.499995000009596,1.86955853888212,3.68053957932063,0.964380846890024,0.172798338147685,2.62316301403715,1,1.4142135623731,0.707106781186548,2.82842712474619,0.707106781186548,2.82842712474619,0.346573590279973,0.353653019151067,1.4142135623731,1.4142135623731,"baseline_only_beta0",0.96,0.17,0.35,0.35,"production_062",TRUE,2,0.421043872833252
"Linear Gaussian covariates and Bernoulli SBM, fixed mixed-signal SCAR design",62,"regenerated_from_competing_seeds","network",1.24588654820403e-07,1,0.999999875411345,0.1,0.5,0.100000112129789,0.500000062294327,0.100000112129725,0.5000000623381,0.278685960831236,0.353894163357649,-1.15821355182276,0.0609481442767209,0.314046708226488,0.103502815719993,1.4142135623731,0.707106781186548,2.82842712474619,6.83176371838511,27.3270548735404,2.61473005190265,0.353653019151067,13.6635274367702,1.41421356237309,"baseline_only_beta0",-1.16,0.06,2.61,0.35,"production_062",TRUE,2,0.421043872833252
"Linear Gaussian covariates and Bernoulli SBM, fixed mixed-signal SCAR design",63,"regenerated_from_competing_seeds","cov",0,0.999990000059486,0.999990000059486,0.1,0.5,0.0999990000059486,0.499995000029743,0.0999989999602798,0.499995000018417,1.85834173239077,3.67349220028846,0.960413655589424,0.173844575684569,2.61277703974297,1,1.4142135623731,0.707106781186548,2.82842712474619,0.707106781186548,2.82842712474619,0.346573590279973,0.353653019151067,1.4142135623731,1.4142135623731,"baseline_only_beta0",0.96,0.17,0.35,0.35,"production_063",TRUE,2,0.312043905258179
"Linear Gaussian covariates and Bernoulli SBM, fixed mixed-signal SCAR design",63,"regenerated_from_competing_seeds","network",1.24577637736327e-07,1,0.999999875422362,0.1,0.5,0.100000112119874,0.500000062288819,0.100000112119812,0.500000062330895,0.278784549155904,0.353983927125727,-1.15790989560336,0.0609226118777882,0.314142084942757,0.103498224730733,1.4142135623731,0.707106781186548,2.82842712474619,6.83206676275075,27.328267051003,2.61477440906386,0.353653019151067,13.6641335255015,1.4142135623731,"baseline_only_beta0",-1.16,0.06,2.61,0.35,"production_063",TRUE,2,0.312043905258179
"Linear Gaussian covariates and Bernoulli SBM, fixed mixed-signal SCAR design",64,"regenerated_from_competing_seeds","cov",0,0.999990000059919,0.999990000059919,0.1,0.5,0.0999990000059919,0.49999500002996,0.0999989999739,0.499995000022162,1.85385606099629,3.66915586201353,0.95861472619309,0.174159781383186,2.60808106345141,1,1.4142135623731,0.707106781186548,2.82842712474619,0.707106781186548,2.82842712474619,0.346573590279973,0.353653019151067,1.4142135623731,1.4142135623731,"baseline_only_beta0",0.96,0.17,0.35,0.35,"production_064",TRUE,2,0.32053804397583
"Linear Gaussian covariates and Bernoulli SBM, fixed mixed-signal SCAR design",64,"regenerated_from_competing_seeds","network",1.2463781765089e-07,1,0.999999875362182,0.1,0.5,0.100000112174036,0.500000062318909,0.100000112173972,0.500000062363025,0.278662315318472,0.353877634765402,-1.15827932984097,0.0609578750807451,0.314026051535779,0.103534737575476,1.4142135623731,0.707106781186548,2.82842712474619,6.82965734733301,27.3186293893321,2.61442168411885,0.353653019151067,13.659314694666,1.4142135623731,"baseline_only_beta0",-1.16,0.06,2.61,0.35,"production_064",TRUE,2,0.32053804397583
"Linear Gaussian covariates and Bernoulli SBM, fixed mixed-signal SCAR design",65,"regenerated_from_competing_seeds","cov",0,0.999990000060187,0.999990000060187,0.1,0.5,0.0999990000060187,0.499995000030094,0.0999989999904707,0.499995000024893,1.84577240067958,3.66509469828013,0.955876004396517,0.174992077335157,2.6009480271552,1,1.4142135623731,0.707106781186548,2.82842712474619,0.707106781186548,2.82842712474619,0.346573590279973,0.353653019151067,1.4142135623731,1.4142135623731,"baseline_only_beta0",0.96,0.17,0.35,0.35,"production_065",TRUE,2,0.421962022781372
"Linear Gaussian covariates and Bernoulli SBM, fixed mixed-signal SCAR design",65,"regenerated_from_competing_seeds","network",1.24620455281637e-07,1,0.999999875379545,0.1,0.5,0.10000011215841,0.500000062310228,0.100000112158346,0.500000062353396,0.278738655128078,0.353929826341392,-1.15806863615041,0.0609256195111892,0.314092221814094,0.10352168569253,1.4142135623731,0.707106781186548,2.82842712474619,6.83051842187659,27.3220736875064,2.61454775490436,0.353653019151067,13.6610368437532,1.4142135623731,"baseline_only_beta0",-1.16,0.06,2.61,0.35,"production_065",TRUE,2,0.421962022781372
"Linear Gaussian covariates and Bernoulli SBM, fixed mixed-signal SCAR design",66,"regenerated_from_competing_seeds","cov",0,0.999990000060809,0.999990000060809,0.1,0.5,0.0999990000060809,0.499995000030404,0.0999989999989321,0.499995000027903,1.83849317871116,3.65842698471862,0.95298979046921,0.175535612734483,2.59345195756891,1,1.4142135623731,0.707106781186548,2.82842712474619,0.707106781186548,2.82842712474619,0.346573590279973,0.353653019151067,1.4142135623731,1.4142135623731,"baseline_only_beta0",0.95,0.18,0.35,0.35,"production_066",TRUE,2,0.358855009078979
"Linear Gaussian covariates and Bernoulli SBM, fixed mixed-signal SCAR design",66,"regenerated_from_competing_seeds","network",1.2459045864337e-07,1,0.999999875409541,0.1,0.5,0.100000112131413,0.500000062295229,0.10000011213135,0.500000062338281,0.278746696706648,0.353936991003938,-1.1580440899314,0.060923423934439,0.314099931685186,0.103506961526154,1.4142135623731,0.707106781186548,2.82842712474619,6.83149008299194,27.3259603319678,2.61468999769636,0.353653019151067,13.6629801659839,1.4142135623731,"baseline_only_beta0",-1.16,0.06,2.61,0.35,"production_066",TRUE,2,0.358855009078979
"Linear Gaussian covariates and Bernoulli SBM, fixed mixed-signal SCAR design",67,"regenerated_from_competing_seeds","cov",0,0.999990000060302,0.999990000060302,0.1,0.5,0.0999990000060302,0.499995000030151,0.0999989999933013,0.499995000025638,1.84382585399832,3.66372923952089,0.955162113991001,0.175166194525875,2.59909189792862,1,1.4142135623731,0.707106781186548,2.82842712474619,0.707106781186548,2.82842712474619,0.346573590279973,0.353653019151067,1.4142135623731,1.4142135623731,"baseline_only_beta0",0.96,0.18,0.35,0.35,"production_067",TRUE,2,0.329093933105469
"Linear Gaussian covariates and Bernoulli SBM, fixed mixed-signal SCAR design",67,"regenerated_from_competing_seeds","network",1.24563456869365e-07,1,0.999999875436543,0.1,0.5,0.100000112107111,0.500000062281728,0.100000112107048,0.50000006232502,0.27869935444998,0.353914267756302,-1.15816111872266,0.0609503761326943,0.314063175100677,0.103489408762001,1.4142135623731,0.707106781186548,2.82842712474619,6.83264876710922,27.3305950684369,2.61485959259476,0.353653019151067,13.6652975342184,1.4142135623731,"baseline_only_beta0",-1.16,0.06,2.61,0.35,"production_067",TRUE,2,0.329093933105469
"Linear Gaussian covariates and Bernoulli SBM, fixed mixed-signal SCAR design",68,"regenerated_from_competing_seeds","cov",0,0.999990000060358,0.999990000060358,0.1,0.5,0.0999990000060358,0.499995000030179,0.0999989999924629,0.499995000025813,1.84446190645775,3.663369532574,0.955285473270021,0.175053159465305,2.59941253980793,1,1.4142135623731,0.707106781186548,2.82842712474619,0.707106781186548,2.82842712474619,0.346573590279973,0.353653019151067,1.4142135623731,1.4142135623731,"baseline_only_beta0",0.96,0.18,0.35,0.35,"production_068",TRUE,2,0.374508142471313
"Linear Gaussian covariates and Bernoulli SBM, fixed mixed-signal SCAR design",68,"regenerated_from_competing_seeds","network",1.24620730335758e-07,1,0.99999987537927,0.1,0.5,0.100000112158657,0.500000062310365,0.100000112158593,0.500000062354468,0.278665719481636,0.353881692009645,-1.158267489315,0.0609576835023845,0.314029769791411,0.103526415920682,1.4142135623731,0.707106781186548,2.82842712474619,6.83020632848247,27.3208253139299,2.6145020628346,0.353653019151067,13.6604126569649,1.4142135623731,"baseline_only_beta0",-1.16,0.06,2.61,0.35,"production_068",TRUE,2,0.374508142471313
"Linear Gaussian covariates and Bernoulli SBM, fixed mixed-signal SCAR design",69,"regenerated_from_competing_seeds","cov",0,0.999990000059634,0.999990000059634,0.1,0.5,0.0999990000059634,0.499995000029817,0.0999989999718475,0.499995000020295,1.85458750982622,3.67151592266912,0.95913346969564,0.174223183552025,2.60943433952844,1,1.4142135623731,0.707106781186548,2.82842712474619,0.707106781186548,2.82842712474619,0.346573590279973,0.353653019151067,1.4142135623731,1.4142135623731,"baseline_only_beta0",0.96,0.17,0.35,0.35,"production_069",TRUE,2,0.382820129394531
"Linear Gaussian covariates and Bernoulli SBM, fixed mixed-signal SCAR design",69,"regenerated_from_competing_seeds","network",1.24626407744242e-07,1,0.999999875373592,0.1,0.5,0.100000112163767,0.500000062313204,0.100000112163706,0.500000062353815,0.278894124884664,0.354077318610253,-1.15758151271296,0.0608896582336766,0.314245260768265,0.103529295097438,1.4142135623731,0.707106781186548,2.82842712474619,6.83001637865927,27.3200655146371,2.61447425218651,0.353653019151067,13.6600327573185,1.4142135623731,"baseline_only_beta0",-1.16,0.06,2.61,0.35,"production_069",TRUE,2,0.382820129394531
"Linear Gaussian covariates and Bernoulli SBM, fixed mixed-signal SCAR design",70,"regenerated_from_competing_seeds","cov",0,0.999990000060271,0.999990000060271,0.1,0.5,0.0999990000060271,0.499995000030135,0.0999989999937886,0.499995000025549,1.84337936496326,3.66390860619742,0.955065500641423,0.175240466072417,2.59884080308425,1,1.4142135623731,0.707106781186548,2.82842712474619,0.707106781186548,2.82842712474619,0.346573590279973,0.353653019151067,1.4142135623731,1.4142135623731,"baseline_only_beta0",0.96,0.18,0.35,0.35,"production_070",TRUE,2,0.383208990097046
"Linear Gaussian covariates and Bernoulli SBM, fixed mixed-signal SCAR design",70,"regenerated_from_competing_seeds","network",1.24568787344585e-07,1,0.999999875431213,0.1,0.5,0.100000112111909,0.500000062284394,0.100000112111845,0.500000062327888,0.278704038510812,0.35390361569085,-1.15816776452487,0.0609384103412593,0.31406108790587,0.103495521182713,1.4142135623731,0.707106781186548,2.82842712474619,6.83224523250827,27.3289809300331,2.61480053108999,0.353653019151067,13.6644904650165,1.4142135623731,"baseline_only_beta0",-1.16,0.06,2.61,0.35,"production_070",TRUE,2,0.383208990097046
"Linear Gaussian covariates and Bernoulli SBM, fixed mixed-signal SCAR design",71,"regenerated_from_competing_seeds","cov",0,0.999990000059651,0.999990000059651,0.1,0.5,0.0999990000059651,0.499995000029825,0.0999989999737368,0.499995000020481,1.85377522875543,3.67131060758894,0.958886468028247,0.174320674648985,2.60878988448964,1,1.4142135623731,0.707106781186548,2.82842712474619,0.707106781186548,2.82842712474619,0.346573590279973,0.353653019151067,1.4142135623731,1.4142135623731,"baseline_only_beta0",0.96,0.17,0.35,0.35,"production_071",TRUE,2,0.419502973556519
"Linear Gaussian covariates and Bernoulli SBM, fixed mixed-signal SCAR design",71,"regenerated_from_competing_seeds","network",1.24554713161251e-07,1,0.999999875445287,0.1,0.5,0.100000112099242,0.500000062277357,0.100000112099176,0.500000062322883,0.27855631838692,0.353787141961014,-1.15859743011612,0.0609896867827899,0.313926175648497,0.103484826367011,1.4142135623731,0.707106781186548,2.82842712474619,6.8329513225328,27.3318052901312,2.61490387245392,0.353653019151067,13.6659026450656,1.4142135623731,"baseline_only_beta0",-1.16,0.06,2.61,0.35,"production_071",TRUE,2,0.419502973556519
"Linear Gaussian covariates and Bernoulli SBM, fixed mixed-signal SCAR design",72,"regenerated_from_competing_seeds","cov",0,0.999990000059493,0.999990000059493,0.1,0.5,0.0999990000059493,0.499995000029746,0.09999899996307,0.499995000018646,1.85752818407345,3.67327871338104,0.960165658123457,0.173941455147274,2.61212915799781,1,1.4142135623731,0.707106781186548,2.82842712474619,0.707106781186548,2.82842712474619,0.346573590279973,0.353653019151067,1.4142135623731,1.4142135623731,"baseline_only_beta0",0.96,0.17,0.35,0.35,"production_072",TRUE,2,0.267201900482178
"Linear Gaussian covariates and Bernoulli SBM, fixed mixed-signal SCAR design",72,"regenerated_from_competing_seeds","network",1.24443866089312e-07,1,0.999999875556134,0.1,0.5,0.100000111999479,0.500000062221933,0.100000111498163,0.500000062269018,0.278439946008302,0.35368735081414,-1.15894741123517,0.0610243179455261,0.313816326637905,0.103417996759843,1.4142135623731,0.707106781186548,2.82842712474619,6.83736683498703,27.3494673399481,2.61554987243094,0.353653019151067,13.6747336699741,1.41421356237309,"baseline_only_beta0",-1.16,0.06,2.62,0.35,"production_072",TRUE,2,0.267201900482178
"Linear Gaussian covariates and Bernoulli SBM, fixed mixed-signal SCAR design",73,"regenerated_from_competing_seeds","cov",0,0.999990000059595,0.999990000059595,0.1,0.5,0.0999990000059595,0.499995000029798,0.0999989999691531,0.499995000019703,1.85543602287134,3.67216808749108,0.959450984185384,0.174151803644407,2.61026300429085,1,1.4142135623731,0.707106781186548,2.82842712474619,0.707106781186548,2.82842712474619,0.346573590279973,0.353653019151067,1.4142135623731,1.4142135623731,"baseline_only_beta0",0.96,0.17,0.35,0.35,"production_073",TRUE,2,0.319375038146973
"Linear Gaussian covariates and Bernoulli SBM, fixed mixed-signal SCAR design",73,"regenerated_from_competing_seeds","network",1.24629796659122e-07,1,0.999999875370203,0.1,0.5,0.100000112166817,0.500000062314898,0.10000011167303,0.500000062361797,0.278465846684702,0.353720214996737,-1.15885444584125,0.0610242919390714,0.313845502052461,0.103520724765392,1.4142135623731,0.707106781186548,2.82842712474619,6.83058182590064,27.3223273036026,2.61455703732275,0.353653019151067,13.6611636518013,1.41421356237309,"baseline_only_beta0",-1.16,0.06,2.61,0.35,"production_073",TRUE,2,0.319375038146973
"Linear Gaussian covariates and Bernoulli SBM, fixed mixed-signal SCAR design",74,"regenerated_from_competing_seeds","cov",0,0.999990000060332,0.999990000060332,0.1,0.5,0.0999990000060332,0.499995000030166,0.0999989999922064,0.499995000025593,1.84456973632818,3.66380810498994,0.955374558700919,0.175068785117346,2.59964411990917,1,1.4142135623731,0.707106781186548,2.82842712474619,0.707106781186548,2.82842712474619,0.346573590279973,0.353653019151067,1.4142135623731,1.4142135623731,"baseline_only_beta0",0.96,0.18,0.35,0.35,"production_074",TRUE,2,0.309247016906738
"Linear Gaussian covariates and Bernoulli SBM, fixed mixed-signal SCAR design",74,"regenerated_from_competing_seeds","network",1.24627438428686e-07,1,0.999999875372562,0.1,0.5,0.100000112164695,0.500000062313719,0.10000011216463,0.500000062358177,0.278641058013226,0.353860211977815,-1.15834209056161,0.0609647760116829,0.314006343652931,0.1035258951868,1.4142135623731,0.707106781186548,2.82842712474619,6.83024068432982,27.3209627373193,2.6145070928087,0.353653019151067,13.6604813686596,1.4142135623731,"baseline_only_beta0",-1.16,0.06,2.61,0.35,"production_074",TRUE,2,0.309247016906738
"Linear Gaussian covariates and Bernoulli SBM, fixed mixed-signal SCAR design",75,"regenerated_from_competing_seeds","cov",0,0.999990000059578,0.999990000059578,0.1,0.5,0.0999990000059578,0.499995000029789,0.0999989999628755,0.499995000019266,1.85759089696758,3.67259880045594,0.96008998150297,0.173885618648266,2.61193148837044,1,1.4142135623731,0.707106781186548,2.82842712474619,0.707106781186548,2.82842712474619,0.346573590279973,0.353653019151067,1.4142135623731,1.4142135623731,"baseline_only_beta0",0.96,0.17,0.35,0.35,"production_075",TRUE,2,0.261084079742432
"Linear Gaussian covariates and Bernoulli SBM, fixed mixed-signal SCAR design",75,"regenerated_from_competing_seeds","network",1.24547231809417e-07,1,0.999999875452768,0.1,0.5,0.100000112092509,0.500000062273616,0.100000112092447,0.500000062314223,0.278898692734275,0.354062541331676,-1.1575941913021,0.0608748330168007,0.314241276606973,0.103483312180482,1.4142135623731,0.707106781186548,2.82842712474619,6.8330513035117,27.3322052140468,2.61491850452763,0.353653019151067,13.6661026070234,1.4142135623731,"baseline_only_beta0",-1.16,0.06,2.61,0.35,"production_075",TRUE,2,0.261084079742432
"Linear Gaussian covariates and Bernoulli SBM, fixed mixed-signal SCAR design",76,"regenerated_from_competing_seeds","cov",0,0.99999000006017,0.99999000006017,0.1,0.5,0.099999000006017,0.499995000030085,0.0999989999856299,0.499995000024408,1.848762752604,3.66588893623576,0.95679374315605,0.174634387609448,2.6033361136234,1,1.4142135623731,0.707106781186548,2.82842712474619,0.707106781186548,2.82842712474619,0.346573590279973,0.353653019151067,1.4142135623731,1.4142135623731,"baseline_only_beta0",0.96,0.17,0.35,0.35,"production_076",TRUE,2,0.339024066925049
"Linear Gaussian covariates and Bernoulli SBM, fixed mixed-signal SCAR design",76,"regenerated_from_competing_seeds","network",1.24577069406138e-07,1,0.999999875422931,0.1,0.5,0.100000112119362,0.500000062288535,0.100000112119299,0.500000062331642,0.278735964105061,0.353927882859989,-1.15807620889932,0.0609266815637922,0.314089843281571,0.103501988437645,1.4142135623731,0.707106781186548,2.82842712474619,6.83181832407545,27.3272732963018,2.61473804478331,0.353653019151067,13.6636366481509,1.4142135623731,"baseline_only_beta0",-1.16,0.06,2.61,0.35,"production_076",TRUE,2,0.339024066925049
"Linear Gaussian covariates and Bernoulli SBM, fixed mixed-signal SCAR design",77,"regenerated_from_competing_seeds","cov",0,0.999990000060123,0.999990000060123,0.1,0.5,0.0999990000060123,0.499995000030061,0.0999989999909275,0.499995000024635,1.84546467586229,3.66555616233078,0.955855588028191,0.175066729856723,2.60089492578435,1,1.4142135623731,0.707106781186548,2.82842712474619,0.707106781186548,2.82842712474619,0.346573590279973,0.353653019151067,1.4142135623731,1.4142135623731,"baseline_only_beta0",0.96,0.18,0.35,0.35,"production_077",TRUE,2,0.425069093704224
"Linear Gaussian covariates and Bernoulli SBM, fixed mixed-signal SCAR design",77,"regenerated_from_competing_seeds","network",1.24666794346553e-07,1,0.999999875333206,0.1,0.5,0.100000112200115,0.500000062333397,0.100000112200052,0.500000062375961,0.278776840897809,0.353973705048679,-1.15793815937889,0.0609222986697817,0.314133206226855,0.103554835360856,1.4142135623731,0.707106781186548,2.82842712474619,6.8283318564749,27.3133274258996,2.61422758660677,0.353653019151067,13.6566637129498,1.4142135623731,"baseline_only_beta0",-1.16,0.06,2.61,0.35,"production_077",TRUE,2,0.425069093704224
"Linear Gaussian covariates and Bernoulli SBM, fixed mixed-signal SCAR design",78,"regenerated_from_competing_seeds","cov",0,0.999990000059501,0.999990000059501,0.1,0.5,0.0999990000059501,0.49999500002975,0.0999989999620912,0.499995000018619,1.85783539645688,3.67329569486652,0.960250656638102,0.173900446461252,2.61235119453256,1,1.4142135623731,0.707106781186548,2.82842712474619,0.707106781186548,2.82842712474619,0.346573590279973,0.353653019151067,1.4142135623731,1.4142135623731,"baseline_only_beta0",0.96,0.17,0.35,0.35,"production_078",TRUE,2,0.457437038421631
"Linear Gaussian covariates and Bernoulli SBM, fixed mixed-signal SCAR design",78,"regenerated_from_competing_seeds","network",1.24616633319987e-07,1,0.999999875383367,0.1,0.5,0.10000011215497,0.500000062308317,0.100000112154907,0.500000062351851,0.278716934885064,0.353913776223337,-1.15813027399848,0.0609339301301402,0.314072862442089,0.103526628579739,1.4142135623731,0.707106781186548,2.82842712474619,6.83019229822515,27.3207691929006,2.6145000086841,0.353653019151067,13.6603845964503,1.41421356237309,"baseline_only_beta0",-1.16,0.06,2.61,0.35,"production_078",TRUE,2,0.457437038421631
"Linear Gaussian covariates and Bernoulli SBM, fixed mixed-signal SCAR design",79,"regenerated_from_competing_seeds","cov",0,0.999990000059571,0.999990000059571,0.1,0.5,0.0999990000059571,0.499995000029786,0.0999989999548277,0.499995000018497,1.85969834950143,3.67333576531055,0.960757237002344,0.173647548016924,2.61367489560439,1,1.4142135623731,0.707106781186548,2.82842712474619,0.707106781186548,2.82842712474619,0.346573590279973,0.353653019151067,1.4142135623731,1.4142135623731,"baseline_only_beta0",0.96,0.17,0.35,0.35,"production_079",TRUE,2,0.435354948043823
"Linear Gaussian covariates and Bernoulli SBM, fixed mixed-signal SCAR design",79,"regenerated_from_competing_seeds","network",1.24534472639456e-07,1,0.999999875465527,0.1,0.5,0.100000112081025,0.500000062267236,0.10000011208096,0.500000062312937,0.278547463584907,0.353784383226782,-1.1586172233421,0.0609958070341755,0.313919962098257,0.103479035599759,1.4142135623731,0.707106781186548,2.82842712474619,6.83333369979913,27.3333347991965,2.61495983166534,0.353653019151067,13.6666673995983,1.4142135623731,"baseline_only_beta0",-1.16,0.06,2.61,0.35,"production_079",TRUE,2,0.435354948043823
"Linear Gaussian covariates and Bernoulli SBM, fixed mixed-signal SCAR design",80,"regenerated_from_competing_seeds","cov",0,0.999990000060402,0.999990000060402,0.1,0.5,0.0999990000060402,0.499995000030201,0.0999989999969544,0.499995000026327,1.84047791674629,3.66233898145032,0.954063642262353,0.175533004544465,2.59623843646889,1,1.4142135623731,0.707106781186548,2.82842712474619,0.707106781186548,2.82842712474619,0.346573590279973,0.353653019151067,1.4142135623731,1.4142135623731,"baseline_only_beta0",0.95,0.18,0.35,0.35,"production_080",TRUE,2,0.368442058563232
"Linear Gaussian covariates and Bernoulli SBM, fixed mixed-signal SCAR design",80,"regenerated_from_competing_seeds","network",1.24606682340643e-07,1,0.999999875393318,0.1,0.5,0.100000112146014,0.500000062303341,0.100000112145953,0.500000062344499,0.278864328145421,0.35404310662982,-1.15768324880123,0.060892264664865,0.314213292310879,0.103516024548496,1.4142135623731,0.707106781186548,2.82842712474619,6.83089197320633,27.3235678928253,2.61460244198557,0.353653019151067,13.6617839464126,1.41421356237309,"baseline_only_beta0",-1.16,0.06,2.61,0.35,"production_080",TRUE,2,0.368442058563232
"Linear Gaussian covariates and Bernoulli SBM, fixed mixed-signal SCAR design",81,"regenerated_from_competing_seeds","cov",0,0.999990000060131,0.999990000060131,0.1,0.5,0.0999990000060131,0.499995000030065,0.0999989999941673,0.499995000024958,1.84294885470522,3.665023967429,0.955100901027215,0.175377699052336,2.59893280467973,1,1.4142135623731,0.707106781186548,2.82842712474619,0.707106781186548,2.82842712474619,0.346573590279973,0.353653019151067,1.4142135623731,1.4142135623731,"baseline_only_beta0",0.96,0.18,0.35,0.35,"production_081",TRUE,2,0.327486991882324
"Linear Gaussian covariates and Bernoulli SBM, fixed mixed-signal SCAR design",81,"regenerated_from_competing_seeds","network",1.24609183395155e-07,1,0.999999875390817,0.1,0.5,0.100000112148265,0.500000062304592,0.100000112148201,0.500000062348714,0.278640814823154,0.353870229567627,-1.15832837242049,0.0609722204920262,0.314010651265813,0.103509092489757,1.4142135623731,0.707106781186548,2.82842712474619,6.83134944165913,27.3253977666365,2.6146694102727,0.353653019151067,13.6626988833183,1.4142135623731,"baseline_only_beta0",-1.16,0.06,2.61,0.35,"production_081",TRUE,2,0.327486991882324
"Linear Gaussian covariates and Bernoulli SBM, fixed mixed-signal SCAR design",82,"regenerated_from_competing_seeds","cov",0,0.999990000059772,0.999990000059772,0.1,0.5,0.0999990000059773,0.499995000029886,0.0999989999815661,0.499995000021996,1.85071292291108,3.66948083723441,0.957810559704142,0.17461526528613,2.60598457513553,1,1.4142135623731,0.707106781186548,2.82842712474619,0.707106781186548,2.82842712474619,0.346573590279973,0.353653019151067,1.4142135623731,1.4142135623731,"baseline_only_beta0",0.96,0.17,0.35,0.35,"production_082",TRUE,2,0.409838199615479
"Linear Gaussian covariates and Bernoulli SBM, fixed mixed-signal SCAR design",82,"regenerated_from_competing_seeds","network",1.24672927013125e-07,1,0.999999875327073,0.1,0.5,0.100000112205634,0.500000062336464,0.100000112205569,0.500000062381829,0.278572376446032,0.353809984606846,-1.15853632523257,0.0609914516639169,0.313945358656985,0.10354824064654,1.4142135623731,0.707106781186548,2.82842712474619,6.82876673491963,27.3150669396785,2.6142912719411,0.353653019151067,13.6575334698393,1.4142135623731,"baseline_only_beta0",-1.16,0.06,2.61,0.35,"production_082",TRUE,2,0.409838199615479
"Linear Gaussian covariates and Bernoulli SBM, fixed mixed-signal SCAR design",83,"regenerated_from_competing_seeds","cov",0,0.999990000059945,0.999990000059945,0.1,0.5,0.0999990000059945,0.499995000029972,0.0999989999851659,0.499995000023236,1.84885546520608,3.6677506779577,0.95707268003046,0.174751119179599,2.60406238134868,1,1.4142135623731,0.707106781186548,2.82842712474619,0.707106781186548,2.82842712474619,0.346573590279973,0.353653019151067,1.4142135623731,1.4142135623731,"baseline_only_beta0",0.96,0.17,0.35,0.35,"production_083",TRUE,2,0.466616868972778
"Linear Gaussian covariates and Bernoulli SBM, fixed mixed-signal SCAR design",83,"regenerated_from_competing_seeds","network",1.24563732161401e-07,1,0.999999875436268,0.1,0.5,0.100000112107359,0.500000062281866,0.100000112107294,0.500000062326957,0.278582339855475,0.35381081596133,-1.15851726771188,0.0609829271178865,0.313951341734165,0.103491515347107,1.4142135623731,0.707106781186548,2.82842712474619,6.83250968753269,27.3300387501308,2.61483923723965,0.353653019151067,13.6650193750654,1.4142135623731,"baseline_only_beta0",-1.16,0.06,2.61,0.35,"production_083",TRUE,2,0.466616868972778
"Linear Gaussian covariates and Bernoulli SBM, fixed mixed-signal SCAR design",84,"regenerated_from_competing_seeds","cov",0,0.999990000060198,0.999990000060198,0.1,0.5,0.0999990000060198,0.499995000030099,0.0999989999964496,0.499995000025559,1.84104734366626,3.66391784578753,0.954433821378369,0.175564043979956,2.59719968762484,1,1.4142135623731,0.707106781186548,2.82842712474619,0.707106781186548,2.82842712474619,0.346573590279973,0.353653019151067,1.4142135623731,1.4142135623731,"baseline_only_beta0",0.95,0.18,0.35,0.35,"production_084",TRUE,2,0.451330900192261
"Linear Gaussian covariates and Bernoulli SBM, fixed mixed-signal SCAR design",84,"regenerated_from_competing_seeds","network",1.24531346107885e-07,1,0.999999875468654,0.1,0.5,0.100000112078212,0.500000062265673,0.100000112078148,0.500000062308103,0.278761056444115,0.353956641415102,-1.15799057392452,0.060924445366488,0.314116741509084,0.103473391081975,1.4142135623731,0.707106781186548,2.82842712474619,6.83370646107807,27.3348258443123,2.61501438060566,0.353653019151067,13.6674129221561,1.4142135623731,"baseline_only_beta0",-1.16,0.06,2.62,0.35,"production_084",TRUE,2,0.451330900192261
"Linear Gaussian covariates and Bernoulli SBM, fixed mixed-signal SCAR design",85,"regenerated_from_competing_seeds","cov",0,0.999990000059734,0.999990000059734,0.1,0.5,0.0999990000059734,0.499995000029867,0.0999989999736456,0.499995000021061,1.85396149873407,3.67059754879325,0.958839584490563,0.174245489636904,2.60866757805788,1,1.4142135623731,0.707106781186548,2.82842712474619,0.707106781186548,2.82842712474619,0.346573590279973,0.353653019151067,1.4142135623731,1.4142135623731,"baseline_only_beta0",0.96,0.17,0.35,0.35,"production_085",TRUE,2,0.355614185333252
"Linear Gaussian covariates and Bernoulli SBM, fixed mixed-signal SCAR design",85,"regenerated_from_competing_seeds","network",1.24523998918985e-07,1,0.999999875476001,0.1,0.5,0.100000112071599,0.500000062261999,0.100000111577768,0.500000062308662,0.278468049650147,0.353720620736512,-1.15884991678542,0.0610225664010635,0.313846923479482,0.103464098563597,1.4142135623731,0.707106781186548,2.82842712474619,6.83432022318257,27.3372808927303,2.61510419051298,0.353653019151067,13.6686404463651,1.4142135623731,"baseline_only_beta0",-1.16,0.06,2.62,0.35,"production_085",TRUE,2,0.355614185333252
"Linear Gaussian covariates and Bernoulli SBM, fixed mixed-signal SCAR design",86,"regenerated_from_competing_seeds","cov",0,0.999990000060405,0.999990000060405,0.1,0.5,0.0999990000060405,0.499995000030202,0.0999989999966832,0.499995000026412,1.84084147225628,3.66214177541802,0.954135474879771,0.17546888036361,2.59642493776958,1,1.4142135623731,0.707106781186548,2.82842712474619,0.707106781186548,2.82842712474619,0.346573590279973,0.353653019151067,1.4142135623731,1.4142135623731,"baseline_only_beta0",0.95,0.18,0.35,0.35,"production_086",TRUE,2,0.290212154388428
"Linear Gaussian covariates and Bernoulli SBM, fixed mixed-signal SCAR design",86,"regenerated_from_competing_seeds","network",1.24487673794979e-07,1,0.999999875512326,0.1,0.5,0.100000112038906,0.500000062243837,0.100000112038842,0.500000062288043,0.278641945854753,0.353855386115704,-1.15834731632922,0.0609604840504032,0.31400470273304,0.10344836815265,1.4142135623731,0.707106781186548,2.82842712474619,6.83535945335674,27.341437813427,2.61525623945645,0.353653019151067,13.6707189067135,1.4142135623731,"baseline_only_beta0",-1.16,0.06,2.62,0.35,"production_086",TRUE,2,0.290212154388428
"Linear Gaussian covariates and Bernoulli SBM, fixed mixed-signal SCAR design",87,"regenerated_from_competing_seeds","cov",0,0.999990000060327,0.999990000060327,0.1,0.5,0.0999990000060327,0.499995000030164,0.0999989999955544,0.499995000025963,1.84191140446965,3.66309526192117,0.954556164600247,0.175387062262484,2.59751745684054,1,1.4142135623731,0.707106781186548,2.82842712474619,0.707106781186548,2.82842712474619,0.346573590279973,0.353653019151067,1.4142135623731,1.4142135623731,"baseline_only_beta0",0.95,0.18,0.35,0.35,"production_087",TRUE,2,0.303131103515625
"Linear Gaussian covariates and Bernoulli SBM, fixed mixed-signal SCAR design",87,"regenerated_from_competing_seeds","network",1.24537325654813e-07,1,0.999999875462674,0.1,0.5,0.100000112083593,0.500000062268663,0.100000112083531,0.500000062310292,0.278831194509518,0.354003594026573,-1.15779846557632,0.0608941048076784,0.314177091754144,0.103480932796446,1.4142135623731,0.707106781186548,2.82842712474619,6.8332084189604,27.3328336758416,2.61494149771698,0.353653019151067,13.6664168379208,1.4142135623731,"baseline_only_beta0",-1.16,0.06,2.61,0.35,"production_087",TRUE,2,0.303131103515625
"Linear Gaussian covariates and Bernoulli SBM, fixed mixed-signal SCAR design",88,"regenerated_from_competing_seeds","cov",0,0.999990000060241,0.999990000060241,0.1,0.5,0.0999990000060241,0.499995000030121,0.0999989999903494,0.499995000025054,1.84580290499716,3.66480490390414,0.955844731694502,0.174967689564508,2.60086668975442,1,1.4142135623731,0.707106781186548,2.82842712474619,0.707106781186548,2.82842712474619,0.346573590279973,0.353653019151067,1.4142135623731,1.4142135623731,"baseline_only_beta0",0.96,0.17,0.35,0.35,"production_088",TRUE,2,0.273433923721313
"Linear Gaussian covariates and Bernoulli SBM, fixed mixed-signal SCAR design",88,"regenerated_from_competing_seeds","network",1.24597111431854e-07,1,0.999999875402889,0.1,0.5,0.1000001121374,0.500000062298556,0.100000112137336,0.500000062342749,0.278655654093578,0.353869074524196,-1.15830337719224,0.0609578022349113,0.314018500131806,0.103511515069585,1.4142135623731,0.707106781186548,2.82842712474619,6.83118956099909,27.3247582439963,2.61464600603429,0.353653019151067,13.6623791219982,1.4142135623731,"baseline_only_beta0",-1.16,0.06,2.61,0.35,"production_088",TRUE,2,0.273433923721313
"Linear Gaussian covariates and Bernoulli SBM, fixed mixed-signal SCAR design",89,"regenerated_from_competing_seeds","cov",0,0.999990000060494,0.999990000060494,0.1,0.5,0.0999990000060494,0.499995000030247,0.0999990000005593,0.499995000027135,1.83615542038755,3.66046864996429,0.952632562948558,0.176002531386694,2.59252567061362,1,1.4142135623731,0.707106781186548,2.82842712474619,0.707106781186548,2.82842712474619,0.346573590279973,0.353653019151067,1.4142135623731,1.4142135623731,"baseline_only_beta0",0.95,0.18,0.35,0.35,"production_089",TRUE,2,0.37126088142395
"Linear Gaussian covariates and Bernoulli SBM, fixed mixed-signal SCAR design",89,"regenerated_from_competing_seeds","network",1.24563715203115e-07,1,0.999999875436285,0.1,0.5,0.100000112107344,0.500000062281858,0.100000112107281,0.500000062323716,0.278801136035139,0.35399340555378,-1.1578667598868,0.0609142649699221,0.314155635978955,0.103494477465918,1.4142135623731,0.707106781186548,2.82842712474619,6.83231413405037,27.3292565362015,2.61481061579749,0.353653019151067,13.6646282681008,1.4142135623731,"baseline_only_beta0",-1.16,0.06,2.61,0.35,"production_089",TRUE,2,0.37126088142395
"Linear Gaussian covariates and Bernoulli SBM, fixed mixed-signal SCAR design",90,"regenerated_from_competing_seeds","cov",0,0.999990000060008,0.999990000060008,0.1,0.5,0.0999990000060008,0.499995000030004,0.0999989999834897,0.499995000023455,1.84979049004088,3.66739732901529,0.957277309939259,0.174597558214312,2.60459530492048,1,1.4142135623731,0.707106781186548,2.82842712474619,0.707106781186548,2.82842712474619,0.346573590279973,0.353653019151067,1.4142135623731,1.4142135623731,"baseline_only_beta0",0.96,0.17,0.35,0.35,"production_090",TRUE,2,0.356116056442261
"Linear Gaussian covariates and Bernoulli SBM, fixed mixed-signal SCAR design",90,"regenerated_from_competing_seeds","network",1.24537997586407e-07,1,0.999999875462002,0.1,0.5,0.100000112084198,0.500000062268999,0.100000112084135,0.500000062311891,0.278744070496331,0.353936372700813,-1.15804967416629,0.0609253817782897,0.314098177682283,0.103478928821204,1.4142135623731,0.707106781186548,2.82842712474619,6.83334075102689,27.3333630041076,2.61496086355174,0.353653019151067,13.6666815020538,1.4142135623731,"baseline_only_beta0",-1.16,0.06,2.61,0.35,"production_090",TRUE,2,0.356116056442261
"Linear Gaussian covariates and Bernoulli SBM, fixed mixed-signal SCAR design",91,"regenerated_from_competing_seeds","cov",0,0.999990000059562,0.999990000059562,0.1,0.5,0.0999990000059562,0.499995000029781,0.0999989999662207,0.499995000019394,1.85653332959494,3.67249362004535,0.959790919616904,0.174023591715977,2.61115047600459,1,1.4142135623731,0.707106781186548,2.82842712474619,0.707106781186548,2.82842712474619,0.346573590279973,0.353653019151067,1.4142135623731,1.4142135623731,"baseline_only_beta0",0.96,0.17,0.35,0.35,"production_091",TRUE,2,0.321027994155884
"Linear Gaussian covariates and Bernoulli SBM, fixed mixed-signal SCAR design",91,"regenerated_from_competing_seeds","network",1.24568790914038e-07,1,0.999999875431209,0.1,0.5,0.100000112111912,0.500000062284395,0.100000111605756,0.500000062332201,0.278409998357601,0.353662757218728,-1.15903596033513,0.0610340180403301,0.313788539714902,0.103487741295592,1.4142135623731,0.707106781186548,2.82842712474619,6.83275885949463,27.3310354379785,2.61487570515992,0.353653019151067,13.6655177189893,1.41421356237309,"baseline_only_beta0",-1.16,0.06,2.61,0.35,"production_091",TRUE,2,0.321027994155884
"Linear Gaussian covariates and Bernoulli SBM, fixed mixed-signal SCAR design",92,"regenerated_from_competing_seeds","cov",0,0.999990000059262,0.999990000059262,0.1,0.5,0.0999990000059262,0.499995000029631,0.099998999944428,0.499995000015417,1.86225588839619,3.67624857177405,0.961840709216951,0.173499164194118,2.61650827439821,1,1.4142135623731,0.707106781186548,2.82842712474619,0.707106781186548,2.82842712474619,0.346573590279973,0.353653019151067,1.4142135623731,1.4142135623731,"baseline_only_beta0",0.96,0.17,0.35,0.35,"production_092",TRUE,2,0.313281059265137
"Linear Gaussian covariates and Bernoulli SBM, fixed mixed-signal SCAR design",92,"regenerated_from_competing_seeds","network",1.24540551784173e-07,1,0.999999875459448,0.1,0.5,0.100000112086497,0.500000062270276,0.10000011157694,0.500000062318258,0.278380890086241,0.353643235543765,-1.15911583901868,0.0610466093941214,0.31376347570049,0.103464122827765,1.4142135623731,0.707106781186548,2.82842712474619,6.83431862041353,27.3372744816541,2.61510395599526,0.353653019151067,13.6686372408271,1.41421356237309,"baseline_only_beta0",-1.16,0.06,2.62,0.35,"production_092",TRUE,2,0.313281059265137
"Linear Gaussian covariates and Bernoulli SBM, fixed mixed-signal SCAR design",93,"regenerated_from_competing_seeds","cov",0,0.999990000059902,0.999990000059902,0.1,0.5,0.0999990000059902,0.499995000029951,0.0999989999813499,0.499995000022658,1.85069469258203,3.66854968923824,0.95767874101309,0.174553035465796,2.60564108029995,1,1.4142135623731,0.707106781186548,2.82842712474619,0.707106781186548,2.82842712474619,0.346573590279973,0.353653019151067,1.4142135623731,1.4142135623731,"baseline_only_beta0",0.96,0.17,0.35,0.35,"production_093",TRUE,2,0.489843845367432
"Linear Gaussian covariates and Bernoulli SBM, fixed mixed-signal SCAR design",93,"regenerated_from_competing_seeds","network",1.24577938716175e-07,1,0.999999875422061,0.1,0.5,0.100000112120145,0.500000062288969,0.10000011212008,0.500000062333561,0.278626397783553,0.35384028222066,-1.15839655919864,0.0609638301074668,0.313989240621169,0.103501108939085,1.4142135623731,0.707106781186548,2.82842712474619,6.83187637731219,27.3275055092488,2.61474654222679,0.353653019151067,13.6637527546244,1.4142135623731,"baseline_only_beta0",-1.16,0.06,2.61,0.35,"production_093",TRUE,2,0.489843845367432
"Linear Gaussian covariates and Bernoulli SBM, fixed mixed-signal SCAR design",94,"regenerated_from_competing_seeds","cov",0,0.999990000060921,0.999990000060921,0.1,0.5,0.0999990000060921,0.49999500003046,0.0999990000020536,0.499995000028503,1.83371352595667,3.65653299287882,0.951429294314805,0.176067589594371,2.58940804184059,1,1.4142135623731,0.707106781186548,2.82842712474619,0.707106781186548,2.82842712474619,0.346573590279973,0.353653019151067,1.4142135623731,1.4142135623731,"baseline_only_beta0",0.95,0.18,0.35,0.35,"production_094",TRUE,2,0.291853904724121
"Linear Gaussian covariates and Bernoulli SBM, fixed mixed-signal SCAR design",94,"regenerated_from_competing_seeds","network",1.24617823918929e-07,1,0.999999875382176,0.1,0.5,0.100000112156042,0.500000062308912,0.100000112155982,0.500000062348288,0.278982183600342,0.354143498356824,-1.15733022132938,0.060856799856803,0.314324237817338,0.103530234509035,1.4142135623731,0.707106781186548,2.82842712474619,6.82995440452556,27.3198176181022,2.61446517835544,0.353653019151067,13.6599088090511,1.4142135623731,"baseline_only_beta0",-1.16,0.06,2.61,0.35,"production_094",TRUE,2,0.291853904724121
"Linear Gaussian covariates and Bernoulli SBM, fixed mixed-signal SCAR design",95,"regenerated_from_competing_seeds","cov",0,0.999990000059948,0.999990000059948,0.1,0.5,0.0999990000059948,0.499995000029974,0.099998999984062,0.499995000023146,1.84937395648468,3.66787142256581,0.957229339936459,0.174687985451728,2.60447036547311,1,1.4142135623731,0.707106781186548,2.82842712474619,0.707106781186548,2.82842712474619,0.346573590279973,0.353653019151067,1.4142135623731,1.4142135623731,"baseline_only_beta0",0.96,0.17,0.35,0.35,"production_095",TRUE,2,0.507599830627441
"Linear Gaussian covariates and Bernoulli SBM, fixed mixed-signal SCAR design",95,"regenerated_from_competing_seeds","network",1.24524030344919e-07,1,0.99999987547597,0.1,0.5,0.100000112071627,0.500000062262015,0.100000112071565,0.500000062303497,0.278835050731346,0.354012207172374,-1.15777938545984,0.0608967835614198,0.314183086346838,0.103476000678739,1.4142135623731,0.707106781186548,2.82842712474619,6.83353411949011,27.3341364779604,2.61498916094453,0.353653019151067,13.6670682389802,1.4142135623731,"baseline_only_beta0",-1.16,0.06,2.61,0.35,"production_095",TRUE,2,0.507599830627441
"Linear Gaussian covariates and Bernoulli SBM, fixed mixed-signal SCAR design",96,"regenerated_from_competing_seeds","cov",0,0.999990000059713,0.999990000059713,0.1,0.5,0.0999990000059713,0.499995000029856,0.0999989999757992,0.499995000021127,1.85315153777449,3.6705429861626,0.958613663704846,0.174353173194036,2.60807829239741,1,1.4142135623731,0.707106781186548,2.82842712474619,0.707106781186548,2.82842712474619,0.346573590279973,0.353653019151067,1.4142135623731,1.4142135623731,"baseline_only_beta0",0.96,0.17,0.35,0.35,"production_096",TRUE,2,0.533170938491821
"Linear Gaussian covariates and Bernoulli SBM, fixed mixed-signal SCAR design",96,"regenerated_from_competing_seeds","network",1.24519165095685e-07,1,0.999999875480835,0.1,0.5,0.100000112067249,0.500000062259583,0.100000112067184,0.500000062303589,0.27868321068991,0.353879339478063,-1.15823943035296,0.0609399756385818,0.314038581264422,0.103468397070702,1.4142135623731,0.707106781186548,2.82842712474619,6.83403629712526,27.3361451885011,2.6150626454952,0.353653019151067,13.6680725942505,1.4142135623731,"baseline_only_beta0",-1.16,0.06,2.62,0.35,"production_096",TRUE,2,0.533170938491821
"Linear Gaussian covariates and Bernoulli SBM, fixed mixed-signal SCAR design",97,"regenerated_from_competing_seeds","cov",0,0.999990000060547,0.999990000060547,0.1,0.5,0.0999990000060547,0.499995000030274,0.0999989999955259,0.499995000026809,1.84199149339755,3.66123576136907,0.954324024916397,0.175246437147336,2.59691453994249,1,1.4142135623731,0.707106781186548,2.82842712474619,0.707106781186548,2.82842712474619,0.346573590279973,0.353653019151067,1.4142135623731,1.4142135623731,"baseline_only_beta0",0.95,0.18,0.35,0.35,"production_097",TRUE,2,0.322051048278809
"Linear Gaussian covariates and Bernoulli SBM, fixed mixed-signal SCAR design",97,"regenerated_from_competing_seeds","network",1.2456313020776e-07,1,0.99999987543687,0.1,0.5,0.100000112106817,0.500000062281565,0.100000112106752,0.50000006232729,0.278537565994016,0.35377976134954,-1.15864152218935,0.0610015391060027,0.313912334297722,0.103486043657326,1.4142135623731,0.707106781186548,2.82842712474619,6.83287094758397,27.3314837903359,2.61489210953951,0.353653019151067,13.6657418951679,1.4142135623731,"baseline_only_beta0",-1.16,0.06,2.61,0.35,"production_097",TRUE,2,0.322051048278809
"Linear Gaussian covariates and Bernoulli SBM, fixed mixed-signal SCAR design",98,"regenerated_from_competing_seeds","cov",0,0.999990000059862,0.999990000059862,0.1,0.5,0.0999990000059862,0.499995000029931,0.0999989999771529,0.49999500002208,1.85254017606646,3.66930350136595,0.958279813924857,0.174351187665749,2.60720773135969,1,1.4142135623731,0.707106781186548,2.82842712474619,0.707106781186548,2.82842712474619,0.346573590279973,0.353653019151067,1.4142135623731,1.4142135623731,"baseline_only_beta0",0.96,0.17,0.35,0.35,"production_098",TRUE,2,0.35388708114624
"Linear Gaussian covariates and Bernoulli SBM, fixed mixed-signal SCAR design",98,"regenerated_from_competing_seeds","network",1.24526050149015e-07,1,0.99999987547395,0.1,0.5,0.100000112073445,0.500000062263025,0.100000112073381,0.500000062306239,0.278732440167808,0.35391506870989,-1.15810063331894,0.0609206703432577,0.314082171913124,0.103470155030982,1.4142135623731,0.707106781186548,2.82842712474619,6.83392018669361,27.3356807467744,2.61504565532819,0.353653019151067,13.6678403733872,1.4142135623731,"baseline_only_beta0",-1.16,0.06,2.62,0.35,"production_098",TRUE,2,0.35388708114624
"Linear Gaussian covariates and Bernoulli SBM, fixed mixed-signal SCAR design",99,"regenerated_from_competing_seeds","cov",0,0.999990000059603,0.999990000059603,0.1,0.5,0.0999990000059603,0.499995000029802,0.0999989999694553,0.499995000019838,1.8553910510441,3.67202060631213,0.959418783756867,0.174147741192554,2.6101789540568,1,1.4142135623731,0.707106781186548,2.82842712474619,0.707106781186548,2.82842712474619,0.346573590279973,0.353653019151067,1.4142135623731,1.4142135623731,"baseline_only_beta0",0.96,0.17,0.35,0.35,"production_099",TRUE,2,0.473770141601562
"Linear Gaussian covariates and Bernoulli SBM, fixed mixed-signal SCAR design",99,"regenerated_from_competing_seeds","network",1.24545015745226e-07,1,0.999999875454984,0.1,0.5,0.100000112090514,0.500000062272508,0.100000112090448,0.50000006231815,0.278550154574218,0.353777073986952,-1.15862272315276,0.0609880719141185,0.313918235602649,0.103474138983145,1.4142135623731,0.707106781186548,2.82842712474619,6.83365706770199,27.334628270808,2.61500715267527,0.353653019151067,13.667314135404,1.41421356237309,"baseline_only_beta0",-1.16,0.06,2.62,0.35,"production_099",TRUE,2,0.473770141601562
"Linear Gaussian covariates and Bernoulli SBM, fixed mixed-signal SCAR design",100,"regenerated_from_competing_seeds","cov",0,0.999990000059934,0.999990000059934,0.1,0.5,0.0999990000059934,0.499995000029967,0.099998999986494,0.499995000023283,1.84814730918869,3.66769637196473,0.956873728114977,0.174845072670227,2.60354434968328,1,1.4142135623731,0.707106781186548,2.82842712474619,0.707106781186548,2.82842712474619,0.346573590279973,0.353653019151067,1.4142135623731,1.4142135623731,"baseline_only_beta0",0.96,0.17,0.35,0.35,"production_100",TRUE,2,0.389673948287964
"Linear Gaussian covariates and Bernoulli SBM, fixed mixed-signal SCAR design",100,"regenerated_from_competing_seeds","network",1.24610374597792e-07,1,0.999999875389625,0.1,0.5,0.100000112149337,0.500000062305187,0.100000112149271,0.50000006235133,0.278519265404237,0.353764211255849,-1.15869635203941,0.061007087534454,0.31389512300335,0.103515305333415,1.4142135623731,0.707106781186548,2.82842712474619,6.83093943363267,27.3237577345307,2.61460938987197,0.353653019151067,13.6618788672653,1.4142135623731,"baseline_only_beta0",-1.16,0.06,2.61,0.35,"production_100",TRUE,2,0.389673948287964
